timestamp,2.,2.1,5.,5.1,6.,6.1,8.,8.1,9.,9.1,14.,14.1,18.,18.1,23.,23.1,25.,25.1,28.,28.1,33.,33.1,34.,34.1
1772827687.7421849,0.00,None,0.00,None,0.00,None,0.00,None,0.00,None,0.00,None,0.00,None,0.00,None,0.00,None,5.00,None,0.00,None,0.00,None
1772827687.7430654,0.00,None,0.00,None,0.00,None,0.00,None,0.00,None,0.00,None,0.00,None,0.00,None,0.00,None,5.00,None,0.00,None,0.00,None
1772827687.770807,0.00,None,0.00,None,0.00,None,0.00,None,0.00,None,0.00,None,0.00,None,0.00,None,0.00,None,10.00,None,0.00,None,0.00,None
1772827687.7716026,0.00,None,0.00,None,0.00,None,0.00,None,0.00,None,0.00,None,0.00,None,0.00,None,0.00,None,10.00,None,0.00,None,0.00,None
1772827687.799512,0.00,None,0.00,None,0.00,None,0.00,None,0.00,None,4.00,None,0.00,None,0.00,None,0.00,None,15.00,None,0.00,None,0.00,None
1772827687.8003106,0.00,None,0.00,None,0.00,None,0.00,None,0.00,None,4.00,None,0.00,None,0.00,None,0.00,None,15.00,None,0.00,None,0.00,None
1772827687.8284657,0.00,None,0.00,None,0.00,None,0.00,None,0.00,None,4.00,None,0.00,None,0.00,None,0.00,None,20.00,None,0.00,None,0.00,None
1772827687.82931,0.00,None,0.00,None,0.00,None,0.00,None,0.00,None,4.00,None,0.00,None,0.00,None,0.00,None,20.00,None,0.00,None,0.00,None
1772827687.8575554,0.00,None,0.00,None,0.00,None,0.00,None,0.00,None,4.00,None,0.00,None,0.00,None,0.00,None,25.00,None,0.00,None,0.00,None
1772827687.8584814,0.00,None,0.00,None,0.00,None,0.00,None,0.00,None,4.00,None,0.00,None,0.00,None,0.00,None,25.00,None,0.00,None,0.00,None
1772827687.887638,0.00,None,0.00,None,0.00,None,0.00,None,0.00,None,4.00,None,0.00,None,0.00,None,0.00,None,30.00,None,0.00,None,0.00,None
1772827687.8886647,0.00,None,0.00,None,0.00,None,0.00,None,0.00,None,4.00,None,0.00,None,0.00,None,0.00,None,30.00,None,0.00,None,0.00,None
1772827702.8526568,0.00,None,0.00,None,0.00,None,4.00,None,0.00,None,9.00,None,0.00,None,0.00,None,0.00,None,30.00,None,0.00,None,0.00,None
1772827702.853635,0.00,None,0.00,None,0.00,None,4.00,None,0.00,None,9.00,None,0.00,None,0.00,None,0.00,None,30.00,None,0.00,None,0.00,None
1772827702.8813236,0.00,None,0.00,None,0.00,None,4.00,None,0.00,None,14.00,None,0.00,None,0.00,None,0.00,None,30.00,None,0.00,None,9.00,None
1772827702.882424,0.00,None,0.00,None,0.00,None,4.00,None,0.00,None,14.00,None,0.00,None,0.00,None,0.00,None,30.00,None,0.00,None,9.00,None
1772827702.9104524,0.00,None,0.00,None,0.00,None,4.00,None,0.00,None,19.00,None,0.00,None,0.00,None,0.00,None,30.00,None,0.00,None,18.00,None
1772827702.911637,0.00,None,0.00,None,0.00,None,4.00,None,0.00,None,19.00,None,0.00,None,0.00,None,0.00,None,30.00,None,0.00,None,18.00,None
1772827702.9390748,0.00,None,0.00,None,0.00,None,4.00,None,0.00,None,24.00,None,0.00,None,0.00,None,0.00,None,30.00,None,0.00,None,27.00,None
1772827702.9401047,0.00,None,0.00,None,0.00,None,4.00,None,0.00,None,24.00,None,0.00,None,0.00,None,0.00,None,30.00,None,0.00,None,27.00,None
1772827702.9670916,0.00,None,0.00,None,0.00,None,4.00,None,0.00,None,29.00,None,0.00,None,0.00,None,0.00,None,30.00,None,9.00,None,27.00,None
1772827702.9681692,0.00,None,0.00,None,0.00,None,4.00,None,0.00,None,29.00,None,0.00,None,0.00,None,0.00,None,30.00,None,9.00,None,27.00,None
1772827702.9950392,0.00,None,0.00,None,0.00,None,12.67,None,0.00,None,36.66,None,0.00,None,0.00,None,0.00,None,30.00,None,18.00,None,27.00,None
1772827702.9963295,0.00,None,0.00,None,0.00,None,12.67,None,0.00,None,36.66,None,0.00,None,0.00,None,0.00,None,30.00,None,18.00,None,27.00,None
1772827718.782762,0.00,None,5.00,None,0.00,None,12.67,None,4.00,None,36.66,None,0.00,None,0.00,None,0.00,None,30.00,None,18.00,None,27.00,None
1772827718.7837331,0.00,None,5.00,None,0.00,None,12.67,None,4.00,None,36.66,None,0.00,None,0.00,None,0.00,None,30.00,None,18.00,None,27.00,None
1772827718.8073003,0.00,None,10.00,None,0.00,None,12.67,None,13.00,None,36.66,None,0.00,None,0.00,None,0.00,None,30.00,None,18.00,None,27.00,None
1772827718.8082848,0.00,None,10.00,None,0.00,None,12.67,None,13.00,None,36.66,None,0.00,None,0.00,None,0.00,None,30.00,None,18.00,None,27.00,None
1772827718.831229,0.00,None,15.00,None,0.00,None,12.67,None,13.00,None,36.66,None,0.00,None,0.00,None,0.00,None,30.00,None,18.00,None,27.00,None
1772827718.832266,0.00,None,15.00,None,0.00,None,12.67,None,13.00,None,36.66,None,0.00,None,0.00,None,0.00,None,30.00,None,18.00,None,27.00,None
1772827718.8553193,0.00,None,20.00,None,0.00,None,12.67,None,13.00,None,36.66,None,0.00,None,0.00,None,0.00,None,30.00,None,18.00,None,27.00,None
1772827718.8563116,0.00,None,20.00,None,0.00,None,12.67,None,13.00,None,36.66,None,0.00,None,0.00,None,0.00,None,30.00,None,18.00,None,27.00,None
1772827718.8795977,0.00,None,25.00,None,0.00,None,12.67,None,13.00,None,36.66,None,0.00,None,0.00,None,0.00,None,30.00,None,18.00,None,27.00,None
1772827718.8806713,0.00,None,25.00,None,0.00,None,12.67,None,13.00,None,36.66,None,0.00,None,0.00,None,0.00,None,30.00,None,18.00,None,27.00,None
1772827718.9035034,0.00,None,30.00,None,0.00,None,12.67,None,22.00,None,36.66,None,8.67,None,0.00,None,0.00,None,30.00,None,18.00,None,27.00,None
1772827718.9046192,0.00,None,30.00,None,0.00,None,12.67,None,22.00,None,36.66,None,8.67,None,0.00,None,0.00,None,30.00,None,18.00,None,27.00,None
1772827732.8164382,0.00,None,30.00,None,0.00,None,25.34,None,22.00,None,44.32,None,8.67,None,0.00,None,0.00,None,31.67,None,27.00,None,27.00,None
1772827732.818028,0.00,None,30.00,None,0.00,None,25.34,None,22.00,None,44.32,None,8.67,None,0.00,None,0.00,None,31.67,None,27.00,None,27.00,None
1772827732.8451056,0.00,None,30.00,None,9.00,None,34.01,None,22.00,None,47.65,None,8.67,None,0.00,None,0.00,None,33.34,None,27.00,None,27.00,None
1772827732.8467267,0.00,None,30.00,None,9.00,None,34.01,None,22.00,None,47.65,None,8.67,None,0.00,None,0.00,None,33.34,None,27.00,None,27.00,None
1772827732.8736563,0.00,None,30.00,None,18.00,None,42.68,None,22.00,None,50.98,None,8.67,None,0.00,None,0.00,None,35.01,None,27.00,None,27.00,None
1772827732.8752704,0.00,None,30.00,None,18.00,None,42.68,None,22.00,None,50.98,None,8.67,None,0.00,None,0.00,None,35.01,None,27.00,None,27.00,None
1772827732.902101,0.00,None,30.00,None,18.00,None,51.68,None,22.00,None,59.65,None,8.67,None,0.00,None,0.00,None,40.01,None,27.00,None,27.00,None
1772827732.9037669,0.00,None,30.00,None,18.00,None,51.68,None,22.00,None,59.65,None,8.67,None,0.00,None,0.00,None,40.01,None,27.00,None,27.00,None
1772827732.9303477,0.00,None,30.00,None,18.00,None,60.68,None,22.00,None,72.32,None,8.67,None,0.00,None,0.00,None,45.01,None,27.00,None,27.00,None
1772827732.9320989,0.00,None,30.00,None,18.00,None,60.68,None,22.00,None,72.32,None,8.67,None,0.00,None,0.00,None,45.01,None,27.00,None,27.00,None
1772827732.9589314,0.00,None,30.00,None,18.00,None,69.68,None,22.00,None,80.99,None,8.67,None,0.00,None,0.00,None,50.01,None,27.00,None,27.00,None
1772827732.9607368,0.00,None,30.00,None,18.00,None,69.68,None,22.00,None,80.99,None,8.67,None,0.00,None,0.00,None,50.01,None,27.00,None,27.00,None
1772827755.8465807,0.00,None,30.00,None,19.67,None,73.68,None,31.00,None,80.99,None,17.34,None,0.00,None,0.00,None,50.01,None,30.33,None,27.00,None
1772827755.8476017,0.00,None,30.00,None,19.67,None,73.68,None,31.00,None,80.99,None,17.34,None,0.00,None,0.00,None,50.01,None,30.33,None,27.00,None
1772827755.8639457,0.00,None,30.00,None,19.67,None,73.68,None,31.00,None,80.99,None,17.34,None,0.00,None,0.00,None,50.01,None,30.33,None,27.00,None
1772827755.8649514,0.00,None,30.00,None,19.67,None,73.68,None,31.00,None,80.99,None,17.34,None,0.00,None,0.00,None,50.01,None,30.33,None,27.00,None
1772827755.8812385,0.00,None,30.00,None,19.67,None,73.68,None,31.00,None,80.99,None,17.34,None,0.00,None,0.00,None,50.01,None,30.33,None,27.00,None
1772827755.8821998,0.00,None,30.00,None,19.67,None,73.68,None,31.00,None,80.99,None,17.34,None,0.00,None,0.00,None,50.01,None,30.33,None,27.00,None
1772827755.8984747,0.00,None,30.00,None,19.67,None,73.68,None,31.00,None,80.99,None,17.34,None,0.00,None,0.00,None,50.01,None,30.33,None,27.00,None
1772827755.8994715,0.00,None,30.00,None,19.67,None,73.68,None,31.00,None,80.99,None,17.34,None,0.00,None,0.00,None,50.01,None,30.33,None,27.00,None
1772827755.9725082,0.00,None,30.00,None,19.67,None,73.68,None,31.00,None,80.99,None,17.34,None,0.00,None,0.00,None,50.01,None,30.33,None,27.00,None
1772827755.9735477,0.00,None,30.00,None,19.67,None,73.68,None,31.00,None,80.99,None,17.34,None,0.00,None,0.00,None,50.01,None,30.33,None,27.00,None
1772827755.9897797,0.00,None,30.00,None,19.67,None,73.68,None,31.00,None,80.99,None,17.34,None,0.00,None,0.00,None,50.01,None,30.33,None,27.00,None
1772827755.9907002,0.00,None,30.00,None,19.67,None,73.68,None,31.00,None,80.99,None,17.34,None,0.00,None,0.00,None,50.01,None,30.33,None,27.00,None
1772827774.8895955,0.00,None,30.00,None,19.67,None,87.01,None,31.00,None,93.66,None,17.34,None,0.00,None,0.00,None,53.34,None,30.33,None,27.00,None
1772827774.8906274,0.00,None,30.00,None,19.67,None,87.01,None,31.00,None,93.66,None,17.34,None,0.00,None,0.00,None,53.34,None,30.33,None,27.00,None
1772827774.9069667,0.00,None,31.67,None,19.67,None,87.01,None,35.00,None,102.66,None,17.34,None,0.00,None,0.00,None,62.01,None,30.33,None,27.00,None
1772827774.9079273,0.00,None,31.67,None,19.67,None,87.01,None,35.00,None,102.66,None,17.34,None,0.00,None,0.00,None,62.01,None,30.33,None,27.00,None
1772827774.9240851,0.00,None,31.67,None,19.67,None,87.01,None,35.00,None,102.66,None,17.34,None,0.00,None,0.00,None,62.01,None,30.33,None,27.00,None
1772827774.9251008,0.00,None,31.67,None,19.67,None,87.01,None,35.00,None,102.66,None,17.34,None,0.00,None,0.00,None,62.01,None,30.33,None,27.00,None
1772827774.9410784,0.00,None,31.67,None,19.67,None,87.01,None,35.00,None,102.66,None,17.34,None,0.00,None,0.00,None,62.01,None,30.33,None,27.00,None
1772827774.9420931,0.00,None,31.67,None,19.67,None,87.01,None,35.00,None,102.66,None,17.34,None,0.00,None,0.00,None,62.01,None,30.33,None,27.00,None
1772827774.9582326,0.00,None,31.67,None,19.67,None,87.01,None,35.00,None,102.66,None,17.34,None,0.00,None,0.00,None,62.01,None,30.33,None,27.00,None
1772827774.9591997,0.00,None,31.67,None,19.67,None,87.01,None,35.00,None,102.66,None,17.34,None,0.00,None,0.00,None,62.01,None,30.33,None,27.00,None
1772827774.9753103,0.00,None,31.67,None,19.67,None,87.01,None,35.00,None,102.66,None,17.34,None,0.00,None,0.00,None,62.01,None,30.33,None,27.00,None
1772827774.976283,0.00,None,31.67,None,19.67,None,87.01,None,35.00,None,102.66,None,17.34,None,0.00,None,0.00,None,62.01,None,30.33,None,27.00,None
1772827790.9189248,0.00,None,31.67,None,19.67,None,87.01,None,35.00,None,102.66,None,17.34,None,5.00,None,0.00,None,62.01,None,30.33,None,27.00,None
1772827790.9201543,0.00,None,31.67,None,19.67,None,87.01,None,35.00,None,102.66,None,17.34,None,5.00,None,0.00,None,62.01,None,30.33,None,27.00,None
1772827790.9395535,0.00,None,31.67,None,19.67,None,87.01,None,35.00,None,102.66,None,17.34,None,10.00,None,4.00,None,62.01,None,30.33,None,27.00,None
1772827790.9407346,0.00,None,31.67,None,19.67,None,87.01,None,35.00,None,102.66,None,17.34,None,10.00,None,4.00,None,62.01,None,30.33,None,27.00,None
1772827790.958573,0.00,None,31.67,None,19.67,None,87.01,None,35.00,None,102.66,None,17.34,None,15.00,None,4.00,None,71.01,None,30.33,None,27.00,None
1772827790.9603593,0.00,None,31.67,None,19.67,None,87.01,None,35.00,None,102.66,None,17.34,None,15.00,None,4.00,None,71.01,None,30.33,None,27.00,None
1772827790.9786355,0.00,None,31.67,None,19.67,None,87.01,None,35.00,None,102.66,None,17.34,None,20.00,None,4.00,None,80.01,None,30.33,None,27.00,None
1772827790.980084,0.00,None,31.67,None,19.67,None,87.01,None,35.00,None,102.66,None,17.34,None,20.00,None,4.00,None,80.01,None,30.33,None,27.00,None
1772827791.0001395,0.00,None,31.67,None,19.67,None,87.01,None,35.00,None,102.66,None,17.34,None,25.00,None,4.00,None,89.01,None,30.33,None,27.00,None
1772827791.0015533,0.00,None,31.67,None,19.67,None,87.01,None,35.00,None,102.66,None,17.34,None,25.00,None,4.00,None,89.01,None,30.33,None,27.00,None
1772827791.020975,0.00,None,31.67,None,19.67,None,87.01,None,35.00,None,102.66,None,17.34,None,30.00,None,12.67,None,98.01,None,30.33,None,27.00,None
1772827791.022166,0.00,None,31.67,None,19.67,None,87.01,None,35.00,None,102.66,None,17.34,None,30.00,None,12.67,None,98.01,None,30.33,None,27.00,None
1772827811.9646642,4.00,None,31.67,None,19.67,None,87.01,None,45.34,None,98.66,None,21.67,None,30.00,None,12.67,None,68.01,None,30.33,None,27.00,None
1772827811.9667592,4.00,None,31.67,None,19.67,None,87.01,None,45.34,None,98.66,None,21.67,None,30.00,None,12.67,None,68.01,None,30.33,None,27.00,None
1772827811.997408,4.00,None,31.67,None,28.67,None,87.01,None,50.34,None,98.66,None,21.67,None,30.00,None,12.67,None,68.01,None,30.33,None,27.00,None
1772827811.9993382,4.00,None,31.67,None,28.67,None,87.01,None,50.34,None,98.66,None,21.67,None,30.00,None,12.67,None,68.01,None,30.33,None,27.00,None
1772827812.0294254,12.67,None,31.67,None,28.67,None,87.01,None,55.34,None,98.66,None,30.67,None,30.00,None,12.67,None,68.01,None,30.33,None,27.00,None
1772827812.0314522,12.67,None,31.67,None,28.67,None,87.01,None,55.34,None,98.66,None,30.67,None,30.00,None,12.67,None,68.01,None,30.33,None,27.00,None
1772827812.061147,16.00,None,40.34,None,30.34,None,91.34,None,64.34,None,98.66,None,30.67,None,30.00,None,12.67,None,68.01,None,30.33,None,27.00,None
1772827812.0632584,16.00,None,40.34,None,30.34,None,91.34,None,64.34,None,98.66,None,30.67,None,30.00,None,12.67,None,68.01,None,30.33,None,27.00,None
1772827812.0928023,25.00,None,53.34,None,30.34,None,91.34,None,69.34,None,98.66,None,30.67,None,30.00,None,12.67,None,68.01,None,30.33,None,27.00,None
1772827812.094862,25.00,None,53.34,None,30.34,None,91.34,None,69.34,None,98.66,None,30.67,None,30.00,None,12.67,None,68.01,None,30.33,None,27.00,None
1772827812.1245553,34.00,None,62.01,None,30.34,None,91.34,None,69.34,None,98.66,None,30.67,None,30.00,None,12.67,None,68.01,None,30.33,None,27.00,None
1772827812.1266682,34.00,None,62.01,None,30.34,None,91.34,None,69.34,None,98.66,None,30.67,None,30.00,None,12.67,None,68.01,None,30.33,None,27.00,None
1772827828.1172917,34.00,None,62.01,None,30.34,None,91.34,None,69.34,None,98.66,None,30.67,None,35.00,None,25.34,None,68.01,None,30.33,None,27.00,None
1772827828.1196153,34.00,None,62.01,None,30.34,None,91.34,None,69.34,None,98.66,None,30.67,None,35.00,None,25.34,None,68.01,None,30.33,None,27.00,None
1772827828.1504116,34.00,None,62.01,None,30.34,None,91.34,None,69.34,None,98.66,None,30.67,None,40.00,None,34.01,None,68.01,None,30.33,None,27.00,None
1772827828.1527796,34.00,None,62.01,None,30.34,None,91.34,None,69.34,None,98.66,None,30.67,None,40.00,None,34.01,None,68.01,None,30.33,None,27.00,None
1772827828.1840706,34.00,None,62.01,None,30.34,None,91.34,None,69.34,None,98.66,None,30.67,None,45.00,None,47.01,None,68.01,None,30.33,None,27.00,None
1772827828.1864996,34.00,None,62.01,None,30.34,None,91.34,None,69.34,None,98.66,None,30.67,None,45.00,None,47.01,None,68.01,None,30.33,None,27.00,None
1772827828.217945,34.00,None,62.01,None,30.34,None,91.34,None,69.34,None,98.66,None,30.67,None,50.00,None,55.68,None,72.01,None,30.33,None,27.00,None
1772827828.220455,34.00,None,62.01,None,30.34,None,91.34,None,69.34,None,98.66,None,30.67,None,50.00,None,55.68,None,72.01,None,30.33,None,27.00,None
1772827828.2517307,34.00,None,62.01,None,30.34,None,91.34,None,69.34,None,98.66,None,30.67,None,55.00,None,64.35,None,72.01,None,30.33,None,27.00,None
1772827828.2541583,34.00,None,62.01,None,30.34,None,91.34,None,69.34,None,98.66,None,30.67,None,55.00,None,64.35,None,72.01,None,30.33,None,27.00,None
1772827828.2852895,34.00,None,62.01,None,30.34,None,91.34,None,69.34,None,98.66,None,30.67,None,60.00,None,73.02,None,72.01,None,30.33,None,27.00,None
1772827828.2879217,34.00,None,62.01,None,30.34,None,91.34,None,69.34,None,98.66,None,30.67,None,60.00,None,73.02,None,72.01,None,30.33,None,27.00,None
1772827847.044293,34.00,None,32.01,None,30.34,None,82.67,None,47.34,None,66.00,None,22.00,None,60.00,None,73.02,None,72.01,None,17.33,None,9.00,None
1772827847.046338,34.00,None,32.01,None,30.34,None,82.67,None,47.34,None,66.00,None,22.00,None,60.00,None,73.02,None,72.01,None,17.33,None,9.00,None
1772827847.0824475,34.00,None,32.01,None,30.34,None,82.67,None,51.34,None,66.00,None,22.00,None,60.00,None,73.02,None,72.01,None,22.33,None,18.00,None
1772827847.0845408,34.00,None,32.01,None,30.34,None,82.67,None,51.34,None,66.00,None,22.00,None,60.00,None,73.02,None,72.01,None,22.33,None,18.00,None
1772827847.1210544,34.00,None,32.01,None,30.34,None,82.67,None,51.34,None,70.00,None,22.00,None,60.00,None,73.02,None,72.01,None,27.33,None,27.00,None
1772827847.1233065,34.00,None,32.01,None,30.34,None,82.67,None,51.34,None,70.00,None,22.00,None,60.00,None,73.02,None,72.01,None,27.33,None,27.00,None
1772827847.1585743,34.00,None,32.01,None,30.34,None,82.67,None,60.34,None,70.00,None,22.00,None,60.00,None,73.02,None,76.01,None,29.00,None,30.33,None
1772827847.1607966,34.00,None,32.01,None,30.34,None,82.67,None,60.34,None,70.00,None,22.00,None,60.00,None,73.02,None,76.01,None,29.00,None,30.33,None
1772827847.1949704,34.00,None,32.01,None,30.34,None,86.00,None,60.34,None,70.00,None,22.00,None,60.00,None,73.02,None,76.01,None,30.67,None,30.33,None
1772827847.1971579,34.00,None,32.01,None,30.34,None,86.00,None,60.34,None,70.00,None,22.00,None,60.00,None,73.02,None,76.01,None,30.67,None,30.33,None
1772827847.2329884,34.00,None,32.01,None,32.01,None,89.33,None,60.34,None,70.00,None,22.00,None,60.00,None,73.02,None,76.01,None,30.67,None,30.33,None
1772827847.2353637,34.00,None,32.01,None,32.01,None,89.33,None,60.34,None,70.00,None,22.00,None,60.00,None,73.02,None,76.01,None,30.67,None,30.33,None
1772827857.0876422,34.00,None,32.01,None,14.01,None,37.32,None,60.34,None,29.67,None,22.00,None,60.00,None,73.02,None,56.00,None,30.67,None,30.33,None
1772827857.089674,34.00,None,32.01,None,14.01,None,37.32,None,60.34,None,29.67,None,22.00,None,60.00,None,73.02,None,56.00,None,30.67,None,30.33,None
1772827857.1241894,34.00,None,32.01,None,23.01,None,49.99,None,60.34,None,34.67,None,22.00,None,60.00,None,73.02,None,56.00,None,30.67,None,30.33,None
1772827857.1262882,34.00,None,32.01,None,23.01,None,49.99,None,60.34,None,34.67,None,22.00,None,60.00,None,73.02,None,56.00,None,30.67,None,30.33,None
1772827857.2714462,34.00,None,32.01,None,32.01,None,60.33,None,60.34,None,38.00,None,22.00,None,60.00,None,73.02,None,60.00,None,30.67,None,30.33,None
1772827857.2736788,34.00,None,32.01,None,32.01,None,60.33,None,60.34,None,38.00,None,22.00,None,60.00,None,73.02,None,60.00,None,30.67,None,30.33,None
1772827857.3082955,34.00,None,32.01,None,32.01,None,71.00,None,60.34,None,46.67,None,22.00,None,60.00,None,77.02,None,60.00,None,30.67,None,30.33,None
1772827857.3104768,34.00,None,32.01,None,32.01,None,71.00,None,60.34,None,46.67,None,22.00,None,60.00,None,77.02,None,60.00,None,30.67,None,30.33,None
1772827857.3448298,34.00,None,32.01,None,32.01,None,80.00,None,60.34,None,57.01,None,22.00,None,64.00,None,81.35,None,60.00,None,30.67,None,30.33,None
1772827857.3470776,34.00,None,32.01,None,32.01,None,80.00,None,60.34,None,57.01,None,22.00,None,64.00,None,81.35,None,60.00,None,30.67,None,30.33,None
1772827857.381367,34.00,None,32.01,None,32.01,None,83.33,None,69.34,None,58.68,None,22.00,None,64.00,None,81.35,None,60.00,None,30.67,None,30.33,None
1772827857.38365,34.00,None,32.01,None,32.01,None,83.33,None,69.34,None,58.68,None,22.00,None,64.00,None,81.35,None,60.00,None,30.67,None,30.33,None
1772827869.1285915,39.00,None,36.01,None,30.34,None,79.33,None,60.34,None,58.68,None,22.33,None,64.00,None,81.35,None,60.00,None,27.34,None,30.33,None
1772827869.1308343,39.00,None,36.01,None,30.34,None,79.33,None,60.34,None,58.68,None,22.33,None,64.00,None,81.35,None,60.00,None,27.34,None,30.33,None
1772827869.1638362,44.00,None,36.01,None,30.34,None,79.33,None,60.34,None,58.68,None,31.33,None,64.00,None,81.35,None,60.00,None,27.34,None,30.33,None
1772827869.1660767,44.00,None,36.01,None,30.34,None,79.33,None,60.34,None,58.68,None,31.33,None,64.00,None,81.35,None,60.00,None,27.34,None,30.33,None
1772827869.1982179,49.00,None,36.01,None,30.34,None,79.33,None,69.34,None,58.68,None,31.33,None,64.00,None,81.35,None,60.00,None,27.34,None,30.33,None
1772827869.2004983,49.00,None,36.01,None,30.34,None,79.33,None,69.34,None,58.68,None,31.33,None,64.00,None,81.35,None,60.00,None,27.34,None,30.33,None
1772827869.2326517,54.00,None,36.01,None,30.34,None,79.33,None,69.34,None,58.68,None,31.33,None,64.00,None,81.35,None,60.00,None,27.34,None,30.33,None
1772827869.2349122,54.00,None,36.01,None,30.34,None,79.33,None,69.34,None,58.68,None,31.33,None,64.00,None,81.35,None,60.00,None,27.34,None,30.33,None
1772827869.266862,59.00,None,45.01,None,30.34,None,79.33,None,69.34,None,58.68,None,31.33,None,64.00,None,81.35,None,60.00,None,27.34,None,30.33,None
1772827869.2692728,59.00,None,45.01,None,30.34,None,79.33,None,69.34,None,58.68,None,31.33,None,64.00,None,81.35,None,60.00,None,27.34,None,30.33,None
1772827869.301224,69.67,None,53.68,None,30.34,None,79.33,None,69.34,None,58.68,None,31.33,None,64.00,None,81.35,None,60.00,None,27.34,None,30.33,None
1772827869.3037558,69.67,None,53.68,None,30.34,None,79.33,None,69.34,None,58.68,None,31.33,None,64.00,None,81.35,None,60.00,None,27.34,None,30.33,None
1772827894.1608782,69.67,None,55.34,None,30.34,None,66.00,None,69.34,None,46.01,None,31.33,None,64.00,None,81.35,None,56.67,None,27.34,None,30.33,None
1772827894.1633263,69.67,None,55.34,None,30.34,None,66.00,None,69.34,None,46.01,None,31.33,None,64.00,None,81.35,None,56.67,None,27.34,None,30.33,None
1772827894.19463,69.67,None,60.34,None,30.34,None,66.00,None,69.34,None,59.01,None,31.33,None,64.00,None,81.35,None,65.34,None,27.34,None,30.33,None
1772827894.1971242,69.67,None,60.34,None,30.34,None,66.00,None,69.34,None,59.01,None,31.33,None,64.00,None,81.35,None,65.34,None,27.34,None,30.33,None
1772827894.2287838,69.67,None,65.34,None,30.34,None,70.00,None,69.34,None,68.01,None,31.33,None,64.00,None,81.35,None,78.34,None,27.34,None,30.33,None
1772827894.2312856,69.67,None,65.34,None,30.34,None,70.00,None,69.34,None,68.01,None,31.33,None,64.00,None,81.35,None,78.34,None,27.34,None,30.33,None
1772827894.3811536,69.67,None,69.67,None,30.34,None,70.00,None,69.34,None,68.01,None,31.33,None,68.00,None,90.02,None,87.34,None,27.34,None,30.33,None
1772827894.3837793,69.67,None,69.67,None,30.34,None,70.00,None,69.34,None,68.01,None,31.33,None,68.00,None,90.02,None,87.34,None,27.34,None,30.33,None
1772827894.4144952,69.67,None,69.67,None,30.34,None,70.00,None,69.34,None,68.01,None,31.33,None,68.00,None,90.02,None,87.34,None,27.34,None,30.33,None
1772827894.41706,69.67,None,69.67,None,30.34,None,70.00,None,69.34,None,68.01,None,31.33,None,68.00,None,90.02,None,87.34,None,27.34,None,30.33,None
1772827894.4474485,69.67,None,69.67,None,30.34,None,70.00,None,69.34,None,68.01,None,31.33,None,68.00,None,90.02,None,87.34,None,27.34,None,30.33,None
1772827894.4499989,69.67,None,69.67,None,30.34,None,70.00,None,69.34,None,68.01,None,31.33,None,68.00,None,90.02,None,87.34,None,27.34,None,30.33,None
1772827914.2054992,69.67,None,69.67,None,30.34,None,75.00,None,69.34,None,77.01,None,31.33,None,38.00,None,77.35,None,64.34,None,27.34,None,30.33,None
1772827914.2078662,69.67,None,69.67,None,30.34,None,75.00,None,69.34,None,77.01,None,31.33,None,38.00,None,77.35,None,64.34,None,27.34,None,30.33,None
1772827914.2409945,69.67,None,69.67,None,30.34,None,80.00,None,69.34,None,86.01,None,31.33,None,38.00,None,81.35,None,73.01,None,27.34,None,30.33,None
1772827914.2434287,69.67,None,69.67,None,30.34,None,80.00,None,69.34,None,86.01,None,31.33,None,38.00,None,81.35,None,73.01,None,27.34,None,30.33,None
1772827914.2757668,69.67,None,69.67,None,30.34,None,80.00,None,69.34,None,86.01,None,31.33,None,38.00,None,81.35,None,73.01,None,27.34,None,30.33,None
1772827914.2782192,69.67,None,69.67,None,30.34,None,80.00,None,69.34,None,86.01,None,31.33,None,38.00,None,81.35,None,73.01,None,27.34,None,30.33,None
1772827914.3105204,69.67,None,69.67,None,30.34,None,80.00,None,69.34,None,86.01,None,31.33,None,38.00,None,81.35,None,73.01,None,27.34,None,30.33,None
1772827914.3130503,69.67,None,69.67,None,30.34,None,80.00,None,69.34,None,86.01,None,31.33,None,38.00,None,81.35,None,73.01,None,27.34,None,30.33,None
1772827914.3446617,69.67,None,69.67,None,30.34,None,80.00,None,69.34,None,86.01,None,31.33,None,38.00,None,81.35,None,73.01,None,27.34,None,30.33,None
1772827914.3471224,69.67,None,69.67,None,30.34,None,80.00,None,69.34,None,86.01,None,31.33,None,38.00,None,81.35,None,73.01,None,27.34,None,30.33,None
1772827914.3797548,69.67,None,69.67,None,30.34,None,80.00,None,69.34,None,86.01,None,31.33,None,38.00,None,81.35,None,73.01,None,27.34,None,30.33,None
1772827914.3823411,69.67,None,69.67,None,30.34,None,80.00,None,69.34,None,86.01,None,31.33,None,38.00,None,81.35,None,73.01,None,27.34,None,30.33,None
1772827933.2442446,69.67,None,69.67,None,30.34,None,80.00,None,69.34,None,86.01,None,31.33,None,38.00,None,81.35,None,73.01,None,27.34,None,30.33,None
1772827933.246735,69.67,None,69.67,None,30.34,None,80.00,None,69.34,None,86.01,None,31.33,None,38.00,None,81.35,None,73.01,None,27.34,None,30.33,None
1772827933.2786505,69.67,None,69.67,None,30.34,None,80.00,None,69.34,None,86.01,None,31.33,None,38.00,None,81.35,None,73.01,None,27.34,None,30.33,None
1772827933.2810628,69.67,None,69.67,None,30.34,None,80.00,None,69.34,None,86.01,None,31.33,None,38.00,None,81.35,None,73.01,None,27.34,None,30.33,None
1772827933.3132164,69.67,None,69.67,None,30.34,None,80.00,None,69.34,None,86.01,None,31.33,None,38.00,None,81.35,None,73.01,None,27.34,None,30.33,None
1772827933.3156204,69.67,None,69.67,None,30.34,None,80.00,None,69.34,None,86.01,None,31.33,None,38.00,None,81.35,None,73.01,None,27.34,None,30.33,None
1772827933.3479383,69.67,None,69.67,None,30.34,None,80.00,None,69.34,None,86.01,None,31.33,None,38.00,None,81.35,None,73.01,None,27.34,None,30.33,None
1772827933.3502421,69.67,None,69.67,None,30.34,None,80.00,None,69.34,None,86.01,None,31.33,None,38.00,None,81.35,None,73.01,None,27.34,None,30.33,None
1772827933.495496,69.67,None,69.67,None,30.34,None,80.00,None,69.34,None,86.01,None,31.33,None,38.00,None,81.35,None,73.01,None,27.34,None,30.33,None
1772827933.497996,69.67,None,69.67,None,30.34,None,80.00,None,69.34,None,86.01,None,31.33,None,38.00,None,81.35,None,73.01,None,27.34,None,30.33,None
1772827933.5302706,69.67,None,69.67,None,30.34,None,80.00,None,69.34,None,86.01,None,31.33,None,38.00,None,81.35,None,73.01,None,27.34,None,30.33,None
1772827933.53268,69.67,None,69.67,None,30.34,None,80.00,None,69.34,None,86.01,None,31.33,None,38.00,None,81.35,None,73.01,None,27.34,None,30.33,None
1772827954.2800615,35.67,None,39.33,None,19.67,None,75.67,None,35.00,None,91.01,None,18.00,None,8.00,None,21.00,None,69.01,None,27.34,None,30.33,None
1772827954.2819495,35.67,None,39.33,None,19.67,None,75.67,None,35.00,None,91.01,None,18.00,None,8.00,None,21.00,None,69.01,None,27.34,None,30.33,None
1772827954.3179119,35.67,None,39.33,None,28.67,None,88.67,None,35.00,None,96.01,None,18.00,None,8.00,None,21.00,None,69.01,None,27.34,None,30.33,None
1772827954.319867,35.67,None,39.33,None,28.67,None,88.67,None,35.00,None,96.01,None,18.00,None,8.00,None,21.00,None,69.01,None,27.34,None,30.33,None
1772827954.3558564,35.67,None,39.33,None,28.67,None,97.34,None,35.00,None,101.01,None,18.00,None,8.00,None,21.00,None,73.01,None,27.34,None,30.33,None
1772827954.3578875,35.67,None,39.33,None,28.67,None,97.34,None,35.00,None,101.01,None,18.00,None,8.00,None,21.00,None,73.01,None,27.34,None,30.33,None
1772827954.3943043,35.67,None,39.33,None,28.67,None,106.34,None,35.00,None,111.35,None,18.00,None,8.00,None,21.00,None,73.01,None,27.34,None,30.33,None
1772827954.396364,35.67,None,39.33,None,28.67,None,106.34,None,35.00,None,111.35,None,18.00,None,8.00,None,21.00,None,73.01,None,27.34,None,30.33,None
1772827954.4319203,35.67,None,39.33,None,28.67,None,106.34,None,35.00,None,116.35,None,18.00,None,8.00,None,25.00,None,82.01,None,27.34,None,30.33,None
1772827954.4339137,35.67,None,39.33,None,28.67,None,106.34,None,35.00,None,116.35,None,18.00,None,8.00,None,25.00,None,82.01,None,27.34,None,30.33,None
1772827954.4692068,35.67,None,43.33,None,28.67,None,106.34,None,35.00,None,121.35,None,18.00,None,8.00,None,25.00,None,91.01,None,27.34,None,30.33,None
1772827954.4713407,35.67,None,43.33,None,28.67,None,106.34,None,35.00,None,121.35,None,18.00,None,8.00,None,25.00,None,91.01,None,27.34,None,30.33,None
1772827972.3300974,40.67,None,43.33,None,27.00,None,95.68,None,26.00,None,117.35,None,18.00,None,8.00,None,25.00,None,87.01,None,9.00,None,9.00,None
1772827972.3322237,40.67,None,43.33,None,27.00,None,95.68,None,26.00,None,117.35,None,18.00,None,8.00,None,25.00,None,87.01,None,9.00,None,9.00,None
1772827972.3727088,48.00,None,47.66,None,27.00,None,95.68,None,26.00,None,117.35,None,26.67,None,8.00,None,25.00,None,87.01,None,9.00,None,18.00,None
1772827972.3747766,48.00,None,47.66,None,27.00,None,95.68,None,26.00,None,117.35,None,26.67,None,8.00,None,25.00,None,87.01,None,9.00,None,18.00,None
1772827972.413968,51.33,None,47.66,None,27.00,None,95.68,None,34.67,None,117.35,None,26.67,None,8.00,None,25.00,None,87.01,None,9.00,None,27.00,None
1772827972.4160116,51.33,None,47.66,None,27.00,None,95.68,None,34.67,None,117.35,None,26.67,None,8.00,None,25.00,None,87.01,None,9.00,None,27.00,None
1772827972.575336,60.00,None,52.66,None,27.00,None,95.68,None,43.67,None,117.35,None,31.00,None,8.00,None,25.00,None,87.01,None,9.00,None,27.00,None
1772827972.5774527,60.00,None,52.66,None,27.00,None,95.68,None,43.67,None,117.35,None,31.00,None,8.00,None,25.00,None,87.01,None,9.00,None,27.00,None
1772827972.6168945,68.67,None,55.99,None,27.00,None,95.68,None,54.34,None,117.35,None,31.00,None,8.00,None,25.00,None,87.01,None,9.00,None,27.00,None
1772827972.6190271,68.67,None,55.99,None,27.00,None,95.68,None,54.34,None,117.35,None,31.00,None,8.00,None,25.00,None,87.01,None,9.00,None,27.00,None
1772827972.6575727,68.67,None,57.66,None,27.00,None,95.68,None,63.01,None,117.35,None,31.00,None,8.00,None,25.00,None,91.01,None,18.00,None,27.00,None
1772827972.6598887,68.67,None,57.66,None,27.00,None,95.68,None,63.01,None,117.35,None,31.00,None,8.00,None,25.00,None,91.01,None,18.00,None,27.00,None
1772827992.3813672,38.00,None,39.99,None,9.00,None,44.67,None,45.01,None,84.34,None,13.00,None,4.00,None,16.67,None,87.01,None,9.00,None,27.00,None
1772827992.3829775,38.00,None,39.99,None,9.00,None,44.67,None,45.01,None,84.34,None,13.00,None,4.00,None,16.67,None,87.01,None,9.00,None,27.00,None
1772827992.4095232,45.33,None,39.99,None,9.00,None,44.67,None,45.01,None,84.34,None,22.00,None,4.00,None,16.67,None,87.01,None,9.00,None,27.00,None
1772827992.410498,45.33,None,39.99,None,9.00,None,44.67,None,45.01,None,84.34,None,22.00,None,4.00,None,16.67,None,87.01,None,9.00,None,27.00,None
1772827992.4350996,48.66,None,39.99,None,9.00,None,44.67,None,45.01,None,84.34,None,31.00,None,5.67,None,20.67,None,87.01,None,9.00,None,27.00,None
1772827992.436053,48.66,None,39.99,None,9.00,None,44.67,None,45.01,None,84.34,None,31.00,None,5.67,None,20.67,None,87.01,None,9.00,None,27.00,None
1772827992.4600914,57.33,None,39.99,None,9.00,None,44.67,None,54.01,None,84.34,None,31.00,None,7.34,None,20.67,None,91.01,None,9.00,None,27.00,None
1772827992.4610484,57.33,None,39.99,None,9.00,None,44.67,None,54.01,None,84.34,None,31.00,None,7.34,None,20.67,None,91.01,None,9.00,None,27.00,None
1772827992.485064,66.00,None,39.99,None,9.00,None,44.67,None,63.01,None,88.34,None,31.00,None,9.01,None,20.67,None,91.01,None,9.00,None,27.00,None
1772827992.4860327,66.00,None,39.99,None,9.00,None,44.67,None,63.01,None,88.34,None,31.00,None,9.01,None,20.67,None,91.01,None,9.00,None,27.00,None
1772827992.510521,69.33,None,48.99,None,9.00,None,44.67,None,63.01,None,88.34,None,31.00,None,10.68,None,20.67,None,91.01,None,9.00,None,27.00,None
1772827992.511551,69.33,None,48.99,None,9.00,None,44.67,None,63.01,None,88.34,None,31.00,None,10.68,None,20.67,None,91.01,None,9.00,None,27.00,None
1772828010.4064717,69.33,None,48.99,None,9.00,None,44.67,None,63.01,None,92.34,None,31.00,None,10.68,None,25.67,None,91.01,None,9.00,None,27.00,None
1772828010.4078271,69.33,None,48.99,None,9.00,None,44.67,None,63.01,None,92.34,None,31.00,None,10.68,None,25.67,None,91.01,None,9.00,None,27.00,None
1772828010.5055227,69.33,None,48.99,None,9.00,None,48.67,None,63.01,None,92.34,None,31.00,None,10.68,None,30.67,None,91.01,None,9.00,None,27.00,None
1772828010.5065184,69.33,None,48.99,None,9.00,None,48.67,None,63.01,None,92.34,None,31.00,None,10.68,None,30.67,None,91.01,None,9.00,None,27.00,None
1772828010.5294533,69.33,None,48.99,None,9.00,None,48.67,None,63.01,None,92.34,None,31.00,None,10.68,None,35.67,None,91.01,None,9.00,None,27.00,None
1772828010.5305533,69.33,None,48.99,None,9.00,None,48.67,None,63.01,None,92.34,None,31.00,None,10.68,None,35.67,None,91.01,None,9.00,None,27.00,None
1772828010.5540917,69.33,None,48.99,None,9.00,None,48.67,None,63.01,None,92.34,None,31.00,None,10.68,None,40.67,None,100.01,None,9.00,None,27.00,None
1772828010.5552633,69.33,None,48.99,None,9.00,None,48.67,None,63.01,None,92.34,None,31.00,None,10.68,None,40.67,None,100.01,None,9.00,None,27.00,None
1772828010.5787568,69.33,None,48.99,None,9.00,None,48.67,None,63.01,None,92.34,None,31.00,None,10.68,None,45.67,None,109.01,None,9.00,None,27.00,None
1772828010.5798528,69.33,None,48.99,None,9.00,None,48.67,None,63.01,None,92.34,None,31.00,None,10.68,None,45.67,None,109.01,None,9.00,None,27.00,None
1772828010.6074202,69.33,None,48.99,None,9.00,None,48.67,None,63.01,None,92.34,None,31.00,None,10.68,None,50.67,None,118.01,None,9.00,None,27.00,None
1772828010.6088593,69.33,None,48.99,None,9.00,None,48.67,None,63.01,None,92.34,None,31.00,None,10.68,None,50.67,None,118.01,None,9.00,None,27.00,None
1772828030.4533129,69.33,None,31.33,None,9.00,None,44.67,None,59.01,None,65.34,None,31.00,None,6.68,None,42.00,None,83.67,None,9.00,None,27.00,None
1772828030.4553483,69.33,None,31.33,None,9.00,None,44.67,None,59.01,None,65.34,None,31.00,None,6.68,None,42.00,None,83.67,None,9.00,None,27.00,None
1772828030.4964008,69.33,None,31.33,None,9.00,None,48.67,None,59.01,None,65.34,None,31.00,None,6.68,None,42.00,None,88.67,None,18.00,None,27.00,None
1772828030.4985542,69.33,None,31.33,None,9.00,None,48.67,None,59.01,None,65.34,None,31.00,None,6.68,None,42.00,None,88.67,None,18.00,None,27.00,None
1772828030.539494,69.33,None,31.33,None,9.00,None,48.67,None,59.01,None,65.34,None,31.00,None,6.68,None,42.00,None,93.67,None,27.00,None,27.00,None
1772828030.5416417,69.33,None,31.33,None,9.00,None,48.67,None,59.01,None,65.34,None,31.00,None,6.68,None,42.00,None,93.67,None,27.00,None,27.00,None
1772828030.5821671,69.33,None,31.33,None,9.00,None,57.67,None,59.01,None,74.01,None,31.00,None,6.68,None,42.00,None,98.67,None,27.00,None,27.00,None
1772828030.5844471,69.33,None,31.33,None,9.00,None,57.67,None,59.01,None,74.01,None,31.00,None,6.68,None,42.00,None,98.67,None,27.00,None,27.00,None
1772828030.6245263,69.33,None,31.33,None,9.00,None,66.67,None,59.01,None,82.68,None,31.00,None,6.68,None,42.00,None,103.67,None,27.00,None,27.00,None
1772828030.6268144,69.33,None,31.33,None,9.00,None,66.67,None,59.01,None,82.68,None,31.00,None,6.68,None,42.00,None,103.67,None,27.00,None,27.00,None
1772828030.6733515,69.33,None,31.33,None,9.00,None,75.67,None,59.01,None,91.35,None,31.00,None,6.68,None,42.00,None,108.67,None,27.00,None,27.00,None
1772828030.6767666,69.33,None,31.33,None,9.00,None,75.67,None,59.01,None,91.35,None,31.00,None,6.68,None,42.00,None,108.67,None,27.00,None,27.00,None
1772828042.5685656,69.33,None,31.33,None,18.00,None,88.34,None,59.01,None,96.35,None,31.00,None,6.68,None,42.00,None,108.67,None,27.00,None,27.00,None
1772828042.5701115,69.33,None,31.33,None,18.00,None,88.34,None,59.01,None,96.35,None,31.00,None,6.68,None,42.00,None,108.67,None,27.00,None,27.00,None
1772828042.5989246,69.33,None,31.33,None,27.00,None,97.01,None,63.01,None,101.35,None,31.00,None,6.68,None,42.00,None,108.67,None,27.00,None,27.00,None
1772828042.6008546,69.33,None,31.33,None,27.00,None,97.01,None,63.01,None,101.35,None,31.00,None,6.68,None,42.00,None,108.67,None,27.00,None,27.00,None
1772828042.6293168,69.33,None,31.33,None,27.00,None,106.01,None,63.01,None,111.69,None,31.00,None,10.68,None,42.00,None,108.67,None,27.00,None,27.00,None
1772828042.631027,69.33,None,31.33,None,27.00,None,106.01,None,63.01,None,111.69,None,31.00,None,10.68,None,42.00,None,108.67,None,27.00,None,27.00,None
1772828042.6595385,69.33,None,31.33,None,27.00,None,115.01,None,63.01,None,122.03,None,31.00,None,10.68,None,42.00,None,108.67,None,27.00,None,27.00,None
1772828042.6611252,69.33,None,31.33,None,27.00,None,115.01,None,63.01,None,122.03,None,31.00,None,10.68,None,42.00,None,108.67,None,27.00,None,27.00,None
1772828042.6895328,69.33,None,31.33,None,27.00,None,124.01,None,63.01,None,127.03,None,31.00,None,10.68,None,42.00,None,117.34,None,27.00,None,27.00,None
1772828042.6912158,69.33,None,31.33,None,27.00,None,124.01,None,63.01,None,127.03,None,31.00,None,10.68,None,42.00,None,117.34,None,27.00,None,27.00,None
1772828042.7194421,69.33,None,31.33,None,27.00,None,124.01,None,63.01,None,128.70,None,31.00,None,10.68,None,50.67,None,120.67,None,27.00,None,27.00,None
1772828042.7211854,69.33,None,31.33,None,27.00,None,124.01,None,63.01,None,128.70,None,31.00,None,10.68,None,50.67,None,120.67,None,27.00,None,27.00,None
1772828066.5281477,69.33,None,40.33,None,27.00,None,114.01,None,63.01,None,110.70,None,31.00,None,10.68,None,46.67,None,99.00,None,27.00,None,27.00,None
1772828066.530594,69.33,None,40.33,None,27.00,None,114.01,None,63.01,None,110.70,None,31.00,None,10.68,None,46.67,None,99.00,None,27.00,None,27.00,None
1772828066.5696146,69.33,None,45.33,None,27.00,None,114.01,None,63.01,None,110.70,None,31.00,None,10.68,None,59.67,None,99.00,None,27.00,None,27.00,None
1772828066.5721066,69.33,None,45.33,None,27.00,None,114.01,None,63.01,None,110.70,None,31.00,None,10.68,None,59.67,None,99.00,None,27.00,None,27.00,None
1772828066.6111877,69.33,None,50.33,None,27.00,None,114.01,None,63.01,None,110.70,None,31.00,None,14.68,None,68.67,None,99.00,None,27.00,None,27.00,None
1772828066.6137538,69.33,None,50.33,None,27.00,None,114.01,None,63.01,None,110.70,None,31.00,None,14.68,None,68.67,None,99.00,None,27.00,None,27.00,None
1772828066.650809,69.33,None,50.33,None,27.00,None,114.01,None,63.01,None,110.70,None,31.00,None,14.68,None,68.67,None,99.00,None,27.00,None,27.00,None
1772828066.6535165,69.33,None,50.33,None,27.00,None,114.01,None,63.01,None,110.70,None,31.00,None,14.68,None,68.67,None,99.00,None,27.00,None,27.00,None
1772828066.690555,69.33,None,50.33,None,27.00,None,114.01,None,63.01,None,110.70,None,31.00,None,14.68,None,68.67,None,99.00,None,27.00,None,27.00,None
1772828066.6932166,69.33,None,50.33,None,27.00,None,114.01,None,63.01,None,110.70,None,31.00,None,14.68,None,68.67,None,99.00,None,27.00,None,27.00,None
1772828066.8541148,69.33,None,50.33,None,27.00,None,114.01,None,63.01,None,110.70,None,31.00,None,14.68,None,68.67,None,99.00,None,27.00,None,27.00,None
1772828066.8563092,69.33,None,50.33,None,27.00,None,114.01,None,63.01,None,110.70,None,31.00,None,14.68,None,68.67,None,99.00,None,27.00,None,27.00,None
1772828068.753824,5.00,None,10.00,None,0.00,None,0.00,None,4.00,None,5.67,None,0.00,None,8.00,None,35.67,None,3.33,None,0.00,None,None,None
1772828068.7548316,5.00,None,10.00,None,0.00,None,0.00,None,4.00,None,5.67,None,0.00,None,8.00,None,35.67,None,3.33,None,0.00,None,None,None
1772828068.7963364,5.00,None,10.00,None,0.00,None,0.00,None,4.00,None,10.67,None,0.00,None,8.00,None,35.67,None,3.33,None,9.00,None,None,None
1772828068.797442,5.00,None,10.00,None,0.00,None,0.00,None,4.00,None,10.67,None,0.00,None,8.00,None,35.67,None,3.33,None,9.00,None,None,None
1772828068.8227684,10.00,None,10.00,None,0.00,None,0.00,None,13.00,None,10.67,None,0.00,None,8.00,None,35.67,None,3.33,None,9.00,None,None,None
1772828068.8234026,10.00,None,10.00,None,0.00,None,0.00,None,13.00,None,10.67,None,0.00,None,8.00,None,35.67,None,3.33,None,9.00,None,None,None
1772828068.8470798,10.00,None,10.00,None,0.00,None,4.00,None,13.00,None,15.67,None,0.00,None,8.00,None,35.67,None,3.33,None,9.00,None,None,None
1772828068.8477585,10.00,None,10.00,None,0.00,None,4.00,None,13.00,None,15.67,None,0.00,None,8.00,None,35.67,None,3.33,None,9.00,None,None,None
1772828068.871852,10.00,None,10.00,None,0.00,None,8.00,None,13.00,None,20.67,None,0.00,None,8.00,None,35.67,None,3.33,None,9.00,None,None,None
1772828068.8725443,10.00,None,10.00,None,0.00,None,8.00,None,13.00,None,20.67,None,0.00,None,8.00,None,35.67,None,3.33,None,9.00,None,None,None
1772828068.8983343,10.00,None,10.00,None,0.00,None,8.00,None,13.00,None,25.67,None,0.00,None,8.00,None,35.67,None,3.33,None,9.00,None,None,None
1772828068.8991218,10.00,None,10.00,None,0.00,None,8.00,None,13.00,None,25.67,None,0.00,None,8.00,None,35.67,None,3.33,None,9.00,None,None,None
1772828068.927201,15.00,None,10.00,None,0.00,None,8.00,None,13.00,None,25.67,None,9.00,None,8.00,None,35.67,None,3.33,None,9.00,None,None,None
1772828068.927994,15.00,None,10.00,None,0.00,None,8.00,None,13.00,None,25.67,None,9.00,None,8.00,None,35.67,None,3.33,None,9.00,None,None,None
1772828068.9672325,15.00,None,10.00,None,0.00,None,8.00,None,13.00,None,30.67,None,9.00,None,8.00,None,35.67,None,3.33,None,9.00,None,None,None
1772828068.9685938,15.00,None,10.00,None,0.00,None,8.00,None,13.00,None,30.67,None,9.00,None,8.00,None,35.67,None,3.33,None,9.00,None,None,None
1772828069.0194232,20.00,None,10.00,None,0.00,None,8.00,None,17.00,None,30.67,None,18.00,None,8.00,None,35.67,None,3.33,None,9.00,None,None,None
1772828069.0211978,20.00,None,10.00,None,0.00,None,8.00,None,17.00,None,30.67,None,18.00,None,8.00,None,35.67,None,3.33,None,9.00,None,None,None
1772828069.216983,20.00,None,10.00,None,0.00,None,8.00,None,17.00,None,30.67,None,18.00,None,8.00,None,35.67,None,8.33,None,18.00,None,None,None
1772828069.2190444,20.00,None,10.00,None,0.00,None,8.00,None,17.00,None,30.67,None,18.00,None,8.00,None,35.67,None,8.33,None,18.00,None,None,None
1772828069.2724242,20.00,None,10.00,None,0.00,None,12.00,None,17.00,None,30.67,None,18.00,None,8.00,None,35.67,None,13.33,None,27.00,None,None,None
1772828069.2745779,20.00,None,10.00,None,0.00,None,12.00,None,17.00,None,30.67,None,18.00,None,8.00,None,35.67,None,13.33,None,27.00,None,None,None
1772828069.3280845,20.00,None,10.00,None,0.00,None,12.00,None,17.00,None,30.67,None,18.00,None,8.00,None,40.67,None,26.33,None,27.00,None,None,None
1772828069.3297384,20.00,None,10.00,None,0.00,None,12.00,None,17.00,None,30.67,None,18.00,None,8.00,None,40.67,None,26.33,None,27.00,None,None,None
1772828069.3707075,20.00,None,10.00,None,0.00,None,25.00,None,17.00,None,38.00,None,18.00,None,8.00,None,40.67,None,26.33,None,27.00,None,None,None
1772828069.3723824,20.00,None,10.00,None,0.00,None,25.00,None,17.00,None,38.00,None,18.00,None,8.00,None,40.67,None,26.33,None,27.00,None,None,None
1772828069.41103,20.00,None,10.00,None,0.00,None,34.00,None,17.00,None,46.67,None,18.00,None,8.00,None,40.67,None,31.33,None,27.00,None,None,None
1772828069.4125738,20.00,None,10.00,None,0.00,None,34.00,None,17.00,None,46.67,None,18.00,None,8.00,None,40.67,None,31.33,None,27.00,None,None,None
1772828069.4521534,20.00,None,10.00,None,0.00,None,34.00,None,17.00,None,46.67,None,18.00,None,8.00,None,45.67,None,40.33,None,27.00,None,None,None
1772828069.4531083,20.00,None,10.00,None,0.00,None,34.00,None,17.00,None,46.67,None,18.00,None,8.00,None,45.67,None,40.33,None,27.00,None,None,None
1772828069.477515,20.00,None,10.00,None,0.00,None,43.00,None,17.00,None,59.34,None,18.00,None,8.00,None,45.67,None,47.99,None,27.00,None,None,None
1772828069.478508,20.00,None,10.00,None,0.00,None,43.00,None,17.00,None,59.34,None,18.00,None,8.00,None,45.67,None,47.99,None,27.00,None,None,None
1772828069.5051095,20.00,None,10.00,None,0.00,None,43.00,None,17.00,None,59.34,None,18.00,None,8.00,None,50.67,None,56.99,None,27.00,None,None,None
1772828069.5066893,20.00,None,10.00,None,0.00,None,43.00,None,17.00,None,59.34,None,18.00,None,8.00,None,50.67,None,56.99,None,27.00,None,None,None
1772828069.5464795,25.00,None,14.00,None,0.00,None,43.00,None,17.00,None,59.34,None,27.00,None,8.00,None,50.67,None,56.99,None,27.00,None,None,None
1772828069.5482643,25.00,None,14.00,None,0.00,None,43.00,None,17.00,None,59.34,None,27.00,None,8.00,None,50.67,None,56.99,None,27.00,None,None,None
1772828069.5860643,25.00,None,14.00,None,9.00,None,51.67,None,17.00,None,64.34,None,27.00,None,8.00,None,50.67,None,60.99,None,27.00,None,None,None
1772828069.5871425,25.00,None,14.00,None,9.00,None,51.67,None,17.00,None,64.34,None,27.00,None,8.00,None,50.67,None,60.99,None,27.00,None,None,None
1772828069.721958,25.00,None,14.00,None,9.00,None,60.67,None,17.00,None,73.01,None,27.00,None,8.00,None,55.00,None,65.99,None,27.00,None,None,None
1772828069.7239127,25.00,None,14.00,None,9.00,None,60.67,None,17.00,None,73.01,None,27.00,None,8.00,None,55.00,None,65.99,None,27.00,None,None,None
1772828069.7654092,25.00,None,14.00,None,9.00,None,60.67,None,17.00,None,73.01,None,27.00,None,8.00,None,60.00,None,74.99,None,27.00,None,None,None
1772828069.7674603,25.00,None,14.00,None,9.00,None,60.67,None,17.00,None,73.01,None,27.00,None,8.00,None,60.00,None,74.99,None,27.00,None,None,None
1772828069.808102,25.00,None,14.00,None,18.00,None,69.34,None,17.00,None,80.67,None,27.00,None,8.00,None,60.00,None,74.99,None,27.00,None,None,None
1772828069.8101165,25.00,None,14.00,None,18.00,None,69.34,None,17.00,None,80.67,None,27.00,None,8.00,None,60.00,None,74.99,None,27.00,None,None,None
1772828069.8511732,25.00,None,14.00,None,27.00,None,78.01,None,17.00,None,85.67,None,27.00,None,8.00,None,64.00,None,79.32,None,27.00,None,None,None
1772828069.8532193,25.00,None,14.00,None,27.00,None,78.01,None,17.00,None,85.67,None,27.00,None,8.00,None,64.00,None,79.32,None,27.00,None,None,None
1772828069.8811946,25.00,None,14.00,None,27.00,None,87.01,None,17.00,None,94.34,None,27.00,None,8.00,None,64.00,None,86.65,None,27.00,None,None,None
1772828069.8823645,25.00,None,14.00,None,27.00,None,87.01,None,17.00,None,94.34,None,27.00,None,8.00,None,64.00,None,86.65,None,27.00,None,None,None
1772828069.910667,25.00,None,14.00,None,27.00,None,87.01,None,17.00,None,103.34,None,27.00,None,8.00,None,71.33,None,99.65,None,27.00,None,None,None
1772828069.9118545,25.00,None,14.00,None,27.00,None,87.01,None,17.00,None,103.34,None,27.00,None,8.00,None,71.33,None,99.65,None,27.00,None,None,None
1772828069.9397821,35.34,None,14.00,None,27.00,None,87.01,None,26.00,None,103.34,None,27.00,None,8.00,None,71.33,None,99.65,None,27.00,None,None,None
1772828069.941177,35.34,None,14.00,None,27.00,None,87.01,None,26.00,None,103.34,None,27.00,None,8.00,None,71.33,None,99.65,None,27.00,None,None,None
1772828069.96851,35.34,None,18.00,None,27.00,None,96.01,None,26.00,None,113.68,None,27.00,None,8.00,None,71.33,None,102.98,None,27.00,None,None,None
1772828069.9697201,35.34,None,18.00,None,27.00,None,96.01,None,26.00,None,113.68,None,27.00,None,8.00,None,71.33,None,102.98,None,27.00,None,None,None
1772828069.9943113,42.67,None,19.67,None,27.00,None,96.01,None,35.00,None,113.68,None,27.00,None,8.00,None,71.33,None,102.98,None,27.00,None,None,None
1772828069.9955065,42.67,None,19.67,None,27.00,None,96.01,None,35.00,None,113.68,None,27.00,None,8.00,None,71.33,None,102.98,None,27.00,None,None,None
1772828070.090969,46.67,None,19.67,None,27.00,None,105.01,None,35.00,None,124.02,None,27.00,None,8.00,None,71.33,None,106.31,None,27.00,None,None,None
1772828070.0923607,46.67,None,19.67,None,27.00,None,105.01,None,35.00,None,124.02,None,27.00,None,8.00,None,71.33,None,106.31,None,27.00,None,None,None
1772828083.5667756,0.00,None,10.00,None,5.00,None,0.00,None,0.00,None,14.67,None,0.00,None,8.00,None,43.00,None,16.33,None,9.00,None,None,None
1772828083.5674133,0.00,None,10.00,None,5.00,None,0.00,None,0.00,None,14.67,None,0.00,None,8.00,None,43.00,None,16.33,None,9.00,None,None,None
1772828083.5947006,0.00,None,10.00,None,10.00,None,4.00,None,0.00,None,14.67,None,0.00,None,8.00,None,43.00,None,16.33,None,18.00,None,None,None
1772828083.5953197,0.00,None,10.00,None,10.00,None,4.00,None,0.00,None,14.67,None,0.00,None,8.00,None,43.00,None,16.33,None,18.00,None,None,None
1772828083.6219087,0.00,None,10.00,None,20.67,None,4.00,None,0.00,None,14.67,None,0.00,None,8.00,None,43.00,None,16.33,None,26.67,None,None,None
1772828083.6225822,0.00,None,10.00,None,20.67,None,4.00,None,0.00,None,14.67,None,0.00,None,8.00,None,43.00,None,16.33,None,26.67,None,None,None
1772828083.654046,0.00,None,10.00,None,25.67,None,13.00,None,0.00,None,14.67,None,0.00,None,8.00,None,43.00,None,16.33,None,26.67,None,None,None
1772828083.6552465,0.00,None,10.00,None,25.67,None,13.00,None,0.00,None,14.67,None,0.00,None,8.00,None,43.00,None,16.33,None,26.67,None,None,None
1772828083.6952877,0.00,None,10.00,None,30.67,None,22.00,None,0.00,None,14.67,None,0.00,None,8.00,None,43.00,None,16.33,None,26.67,None,None,None
1772828083.696531,0.00,None,10.00,None,30.67,None,22.00,None,0.00,None,14.67,None,0.00,None,8.00,None,43.00,None,16.33,None,26.67,None,None,None
1772828083.736026,0.00,None,10.00,None,30.67,None,31.00,None,0.00,None,14.67,None,0.00,None,8.00,None,43.00,None,16.33,None,31.67,None,None,None
1772828083.737336,0.00,None,10.00,None,30.67,None,31.00,None,0.00,None,14.67,None,0.00,None,8.00,None,43.00,None,16.33,None,31.67,None,None,None
1772828097.6059601,0.00,None,10.00,None,0.00,None,0.00,None,7.33,None,14.67,None,0.00,None,8.00,None,43.00,None,16.33,None,0.00,None,0.00,None
1772828097.6071162,0.00,None,10.00,None,0.00,None,0.00,None,7.33,None,14.67,None,0.00,None,8.00,None,43.00,None,16.33,None,0.00,None,0.00,None
1772828097.6428368,0.00,None,10.00,None,0.00,None,0.00,None,10.66,None,14.67,None,0.00,None,8.00,None,43.00,None,16.33,None,0.00,None,9.00,None
1772828097.6434703,0.00,None,10.00,None,0.00,None,0.00,None,10.66,None,14.67,None,0.00,None,8.00,None,43.00,None,16.33,None,0.00,None,9.00,None
1772828097.6689775,0.00,None,10.00,None,0.00,None,0.00,None,19.33,None,14.67,None,0.00,None,8.00,None,43.00,None,16.33,None,0.00,None,18.00,None
1772828097.6696634,0.00,None,10.00,None,0.00,None,0.00,None,19.33,None,14.67,None,0.00,None,8.00,None,43.00,None,16.33,None,0.00,None,18.00,None
1772828097.7688727,0.00,None,10.00,None,0.00,None,0.00,None,22.66,None,14.67,None,0.00,None,8.00,None,43.00,None,16.33,None,0.00,None,27.00,None
1772828097.7695613,0.00,None,10.00,None,0.00,None,0.00,None,22.66,None,14.67,None,0.00,None,8.00,None,43.00,None,16.33,None,0.00,None,27.00,None
1772828097.7958236,0.00,None,10.00,None,0.00,None,0.00,None,25.99,None,14.67,None,9.00,None,8.00,None,43.00,None,16.33,None,0.00,None,27.00,None
1772828097.7965333,0.00,None,10.00,None,0.00,None,0.00,None,25.99,None,14.67,None,9.00,None,8.00,None,43.00,None,16.33,None,0.00,None,27.00,None
1772828097.821411,0.00,None,10.00,None,3.33,None,0.00,None,25.99,None,14.67,None,10.67,None,8.00,None,43.00,None,16.33,None,9.00,None,27.00,None
1772828097.8222106,0.00,None,10.00,None,3.33,None,0.00,None,25.99,None,14.67,None,10.67,None,8.00,None,43.00,None,16.33,None,9.00,None,27.00,None
1772828116.653618,0.00,None,15.00,None,3.33,None,0.00,None,29.99,None,14.67,None,10.67,None,8.00,None,43.00,None,16.33,None,9.00,None,27.00,None
1772828116.6549625,0.00,None,15.00,None,3.33,None,0.00,None,29.99,None,14.67,None,10.67,None,8.00,None,43.00,None,16.33,None,9.00,None,27.00,None
1772828116.696413,4.00,None,20.00,None,3.33,None,0.00,None,29.99,None,14.67,None,10.67,None,8.00,None,43.00,None,16.33,None,9.00,None,27.00,None
1772828116.6978195,4.00,None,20.00,None,3.33,None,0.00,None,29.99,None,14.67,None,10.67,None,8.00,None,43.00,None,16.33,None,9.00,None,27.00,None
1772828116.738708,4.00,None,27.66,None,3.33,None,0.00,None,38.99,None,14.67,None,19.34,None,8.00,None,43.00,None,16.33,None,9.00,None,27.00,None
1772828116.7401676,4.00,None,27.66,None,3.33,None,0.00,None,38.99,None,14.67,None,19.34,None,8.00,None,43.00,None,16.33,None,9.00,None,27.00,None
1772828116.781306,4.00,None,30.99,None,3.33,None,0.00,None,47.99,None,14.67,None,28.01,None,8.00,None,43.00,None,16.33,None,9.00,None,27.00,None
1772828116.7828548,4.00,None,30.99,None,3.33,None,0.00,None,47.99,None,14.67,None,28.01,None,8.00,None,43.00,None,16.33,None,9.00,None,27.00,None
1772828116.823895,12.67,None,34.32,None,3.33,None,0.00,None,56.99,None,14.67,None,28.01,None,8.00,None,43.00,None,16.33,None,9.00,None,27.00,None
1772828116.8254578,12.67,None,34.32,None,3.33,None,0.00,None,56.99,None,14.67,None,28.01,None,8.00,None,43.00,None,16.33,None,9.00,None,27.00,None
1772828116.8659756,21.34,None,37.65,None,3.33,None,0.00,None,65.99,None,14.67,None,28.01,None,8.00,None,43.00,None,16.33,None,9.00,None,27.00,None
1772828116.8676019,21.34,None,37.65,None,3.33,None,0.00,None,65.99,None,14.67,None,28.01,None,8.00,None,43.00,None,16.33,None,9.00,None,27.00,None
1772828135.69301,21.34,None,37.65,None,3.33,None,0.00,None,65.99,None,6.67,None,28.01,None,8.00,None,30.67,None,3.33,None,9.00,None,27.00,None
1772828135.6946237,21.34,None,37.65,None,3.33,None,0.00,None,65.99,None,6.67,None,28.01,None,8.00,None,30.67,None,3.33,None,9.00,None,27.00,None
1772828135.858173,21.34,None,37.65,None,3.33,None,4.00,None,65.99,None,11.67,None,28.01,None,8.00,None,30.67,None,3.33,None,9.00,None,27.00,None
1772828135.859856,21.34,None,37.65,None,3.33,None,4.00,None,65.99,None,11.67,None,28.01,None,8.00,None,30.67,None,3.33,None,9.00,None,27.00,None
1772828135.9021828,21.34,None,37.65,None,3.33,None,4.00,None,65.99,None,16.67,None,28.01,None,8.00,None,30.67,None,3.33,None,9.00,None,27.00,None
1772828135.903854,21.34,None,37.65,None,3.33,None,4.00,None,65.99,None,16.67,None,28.01,None,8.00,None,30.67,None,3.33,None,9.00,None,27.00,None
1772828135.9443486,21.34,None,37.65,None,3.33,None,4.00,None,65.99,None,21.67,None,28.01,None,8.00,None,30.67,None,3.33,None,9.00,None,27.00,None
1772828135.946101,21.34,None,37.65,None,3.33,None,4.00,None,65.99,None,21.67,None,28.01,None,8.00,None,30.67,None,3.33,None,9.00,None,27.00,None
1772828135.9866009,21.34,None,37.65,None,3.33,None,4.00,None,65.99,None,26.67,None,28.01,None,8.00,None,30.67,None,3.33,None,9.00,None,27.00,None
1772828135.98837,21.34,None,37.65,None,3.33,None,4.00,None,65.99,None,26.67,None,28.01,None,8.00,None,30.67,None,3.33,None,9.00,None,27.00,None
1772828136.0283804,21.34,None,37.65,None,3.33,None,12.67,None,65.99,None,30.00,None,28.01,None,8.00,None,30.67,None,5.00,None,18.00,None,27.00,None
1772828136.0302675,21.34,None,37.65,None,3.33,None,12.67,None,65.99,None,30.00,None,28.01,None,8.00,None,30.67,None,5.00,None,18.00,None,27.00,None
1772828153.7381477,21.34,None,37.65,None,3.33,None,25.34,None,65.99,None,37.66,None,28.01,None,8.00,None,30.67,None,5.00,None,27.00,None,27.00,None
1772828153.7391908,21.34,None,37.65,None,3.33,None,25.34,None,65.99,None,37.66,None,28.01,None,8.00,None,30.67,None,5.00,None,27.00,None,27.00,None
1772828153.7645826,21.34,None,37.65,None,12.33,None,34.01,None,65.99,None,40.99,None,28.01,None,8.00,None,30.67,None,5.00,None,27.00,None,27.00,None
1772828153.7656124,21.34,None,37.65,None,12.33,None,34.01,None,65.99,None,40.99,None,28.01,None,8.00,None,30.67,None,5.00,None,27.00,None,27.00,None
1772828153.7901654,21.34,None,37.65,None,21.33,None,42.68,None,65.99,None,44.32,None,28.01,None,8.00,None,30.67,None,5.00,None,27.00,None,27.00,None
1772828153.7913177,21.34,None,37.65,None,21.33,None,42.68,None,65.99,None,44.32,None,28.01,None,8.00,None,30.67,None,5.00,None,27.00,None,27.00,None
1772828153.8175704,21.34,None,37.65,None,30.33,None,51.35,None,65.99,None,49.32,None,28.01,None,8.00,None,30.67,None,9.00,None,27.00,None,27.00,None
1772828153.8186655,21.34,None,37.65,None,30.33,None,51.35,None,65.99,None,49.32,None,28.01,None,8.00,None,30.67,None,9.00,None,27.00,None,27.00,None
1772828153.9177818,21.34,None,37.65,None,30.33,None,51.35,None,65.99,None,54.32,None,28.01,None,8.00,None,30.67,None,18.00,None,27.00,None,27.00,None
1772828153.918963,21.34,None,37.65,None,30.33,None,51.35,None,65.99,None,54.32,None,28.01,None,8.00,None,30.67,None,18.00,None,27.00,None,27.00,None
1772828153.9476066,21.34,None,37.65,None,30.33,None,51.35,None,65.99,None,59.32,None,28.01,None,8.00,None,30.67,None,27.00,None,27.00,None,27.00,None
1772828153.9489183,21.34,None,37.65,None,30.33,None,51.35,None,65.99,None,59.32,None,28.01,None,8.00,None,30.67,None,27.00,None,27.00,None,27.00,None
1772828167.7806103,30.34,None,46.32,None,32.00,None,55.35,None,69.32,None,59.32,None,28.01,None,8.00,None,30.67,None,27.00,None,27.00,None,27.00,None
1772828167.7828014,30.34,None,46.32,None,32.00,None,55.35,None,69.32,None,59.32,None,28.01,None,8.00,None,30.67,None,27.00,None,27.00,None,27.00,None
1772828167.8236067,34.34,None,50.65,None,32.00,None,64.02,None,69.32,None,68.32,None,29.68,None,8.00,None,30.67,None,27.00,None,27.00,None,30.33,None
1772828167.8248496,34.34,None,50.65,None,32.00,None,64.02,None,69.32,None,68.32,None,29.68,None,8.00,None,30.67,None,27.00,None,27.00,None,30.33,None
1772828167.8500326,38.67,None,54.65,None,32.00,None,72.69,None,69.32,None,77.32,None,31.35,None,8.00,None,30.67,None,27.00,None,27.00,None,30.33,None
1772828167.8512378,38.67,None,54.65,None,32.00,None,72.69,None,69.32,None,77.32,None,31.35,None,8.00,None,30.67,None,27.00,None,27.00,None,30.33,None
1772828167.876012,42.00,None,54.65,None,32.00,None,72.69,None,69.32,None,90.32,None,31.35,None,8.00,None,30.67,None,27.00,None,31.33,None,32.00,None
1772828167.877245,42.00,None,54.65,None,32.00,None,72.69,None,69.32,None,90.32,None,31.35,None,8.00,None,30.67,None,27.00,None,31.33,None,32.00,None
1772828167.9031038,45.33,None,54.65,None,32.00,None,77.02,None,69.32,None,99.32,None,31.35,None,8.00,None,30.67,None,27.00,None,31.33,None,32.00,None
1772828167.9043949,45.33,None,54.65,None,32.00,None,77.02,None,69.32,None,99.32,None,31.35,None,8.00,None,30.67,None,27.00,None,31.33,None,32.00,None
1772828167.9298167,50.33,None,54.65,None,32.00,None,77.02,None,69.32,None,108.32,None,31.35,None,8.00,None,30.67,None,27.00,None,31.33,None,32.00,None
1772828167.9310732,50.33,None,54.65,None,32.00,None,77.02,None,69.32,None,108.32,None,31.35,None,8.00,None,30.67,None,27.00,None,31.33,None,32.00,None
1772828188.7494204,42.00,None,34.66,None,28.67,None,59.68,None,25.33,None,88.65,None,None,None,0.00,None,0.00,None,23.67,None,22.33,None,1.67,None
1772828188.7512484,42.00,None,34.66,None,28.67,None,59.68,None,25.33,None,88.65,None,None,None,0.00,None,0.00,None,23.67,None,22.33,None,1.67,None
1772828188.9164941,42.00,None,39.66,None,28.67,None,59.68,None,25.33,None,88.65,None,None,None,0.00,None,0.00,None,23.67,None,22.33,None,10.67,None
1772828188.9183383,42.00,None,39.66,None,28.67,None,59.68,None,25.33,None,88.65,None,None,None,0.00,None,0.00,None,23.67,None,22.33,None,10.67,None
1772828188.9606085,42.00,None,39.66,None,28.67,None,59.68,None,38.00,None,88.65,None,None,None,0.00,None,0.00,None,23.67,None,22.33,None,19.67,None
1772828188.9624946,42.00,None,39.66,None,28.67,None,59.68,None,38.00,None,88.65,None,None,None,0.00,None,0.00,None,23.67,None,22.33,None,19.67,None
1772828189.0039892,46.00,None,39.66,None,28.67,None,59.68,None,45.66,None,88.65,None,None,None,0.00,None,0.00,None,23.67,None,22.33,None,28.67,None
1772828189.005936,46.00,None,39.66,None,28.67,None,59.68,None,45.66,None,88.65,None,None,None,0.00,None,0.00,None,23.67,None,22.33,None,28.67,None
1772828189.0470955,46.00,None,43.66,None,32.00,None,59.68,None,47.33,None,88.65,None,None,None,0.00,None,0.00,None,23.67,None,31.33,None,28.67,None
1772828189.0490763,46.00,None,43.66,None,32.00,None,59.68,None,47.33,None,88.65,None,None,None,0.00,None,0.00,None,23.67,None,31.33,None,28.67,None
1772828189.0972044,53.66,None,56.33,None,32.00,None,59.68,None,58.00,None,88.65,None,None,None,0.00,None,0.00,None,23.67,None,31.33,None,28.67,None
1772828189.0999758,53.66,None,56.33,None,32.00,None,59.68,None,58.00,None,88.65,None,None,None,0.00,None,0.00,None,23.67,None,31.33,None,28.67,None
1772828189.153819,56.99,None,65.00,None,32.00,None,64.01,None,68.67,None,92.65,None,None,None,0.00,None,0.00,None,23.67,None,31.33,None,28.67,None
1772828189.156545,56.99,None,65.00,None,32.00,None,64.01,None,68.67,None,92.65,None,None,None,0.00,None,0.00,None,23.67,None,31.33,None,28.67,None
1772828189.2096028,56.99,None,65.00,None,32.00,None,72.68,None,68.67,None,101.65,None,None,None,0.00,None,0.00,None,23.67,None,31.33,None,30.34,None
1772828189.2123625,56.99,None,65.00,None,32.00,None,72.68,None,68.67,None,101.65,None,None,None,0.00,None,0.00,None,23.67,None,31.33,None,30.34,None
1772828189.2667506,56.99,None,65.00,None,32.00,None,81.68,None,68.67,None,110.32,None,None,None,0.00,None,0.00,None,23.67,None,31.33,None,32.01,None
1772828189.2695913,56.99,None,65.00,None,32.00,None,81.68,None,68.67,None,110.32,None,None,None,0.00,None,0.00,None,23.67,None,31.33,None,32.01,None
1772828189.3225203,61.99,None,65.00,None,32.00,None,81.68,None,68.67,None,110.32,None,None,None,0.00,None,4.00,None,23.67,None,31.33,None,32.01,None
1772828189.3254333,61.99,None,65.00,None,32.00,None,81.68,None,68.67,None,110.32,None,None,None,0.00,None,4.00,None,23.67,None,31.33,None,32.01,None
1772828189.9526966,61.99,None,65.00,None,32.00,None,81.68,None,68.67,None,110.32,None,None,None,5.00,None,8.00,None,32.67,None,31.33,None,32.01,None
1772828189.9549944,61.99,None,65.00,None,32.00,None,81.68,None,68.67,None,110.32,None,None,None,5.00,None,8.00,None,32.67,None,31.33,None,32.01,None
1772828189.9974,61.99,None,65.00,None,32.00,None,81.68,None,68.67,None,110.32,None,None,None,10.00,None,8.00,None,41.67,None,31.33,None,32.01,None
1772828189.9998307,61.99,None,65.00,None,32.00,None,81.68,None,68.67,None,110.32,None,None,None,10.00,None,8.00,None,41.67,None,31.33,None,32.01,None
1772828190.0447314,61.99,None,65.00,None,32.00,None,81.68,None,68.67,None,110.32,None,None,None,15.00,None,8.00,None,50.67,None,31.33,None,32.01,None
1772828190.047198,61.99,None,65.00,None,32.00,None,81.68,None,68.67,None,110.32,None,None,None,15.00,None,8.00,None,50.67,None,31.33,None,32.01,None
1772828190.0914242,61.99,None,65.00,None,32.00,None,81.68,None,68.67,None,110.32,None,None,None,20.00,None,8.00,None,59.67,None,31.33,None,32.01,None
1772828190.0938993,61.99,None,65.00,None,32.00,None,81.68,None,68.67,None,110.32,None,None,None,20.00,None,8.00,None,59.67,None,31.33,None,32.01,None
1772828190.1364992,61.99,None,65.00,None,32.00,None,81.68,None,68.67,None,110.32,None,None,None,25.00,None,16.67,None,68.67,None,31.33,None,32.01,None
1772828190.1389122,61.99,None,65.00,None,32.00,None,81.68,None,68.67,None,110.32,None,None,None,25.00,None,16.67,None,68.67,None,31.33,None,32.01,None
1772828190.181076,61.99,None,65.00,None,32.00,None,81.68,None,68.67,None,110.32,None,None,None,30.00,None,25.34,None,77.67,None,31.33,None,32.01,None
1772828190.1835635,61.99,None,65.00,None,32.00,None,81.68,None,68.67,None,110.32,None,None,None,30.00,None,25.34,None,77.67,None,31.33,None,32.01,None
1772828222.877323,49.66,None,52.33,None,28.67,None,68.35,None,36.00,None,97.65,None,0.00,None,35.00,None,25.34,None,77.67,None,22.33,None,12.34,None
1772828222.8796344,49.66,None,52.33,None,28.67,None,68.35,None,36.00,None,97.65,None,0.00,None,35.00,None,25.34,None,77.67,None,22.33,None,12.34,None
1772828222.9260557,49.66,None,52.33,None,28.67,None,68.35,None,36.00,None,97.65,None,0.00,None,40.00,None,34.01,None,86.67,None,22.33,None,12.34,None
1772828222.928377,49.66,None,52.33,None,28.67,None,68.35,None,36.00,None,97.65,None,0.00,None,40.00,None,34.01,None,86.67,None,22.33,None,12.34,None
1772828223.092761,49.66,None,52.33,None,28.67,None,68.35,None,36.00,None,97.65,None,0.00,None,45.00,None,42.68,None,95.67,None,22.33,None,12.34,None
1772828223.0951276,49.66,None,52.33,None,28.67,None,68.35,None,36.00,None,97.65,None,0.00,None,45.00,None,42.68,None,95.67,None,22.33,None,12.34,None
1772828223.1418931,49.66,None,52.33,None,28.67,None,68.35,None,36.00,None,97.65,None,0.00,None,50.00,None,51.35,None,104.67,None,22.33,None,12.34,None
1772828223.144333,49.66,None,52.33,None,28.67,None,68.35,None,36.00,None,97.65,None,0.00,None,50.00,None,51.35,None,104.67,None,22.33,None,12.34,None
1772828223.1910627,49.66,None,52.33,None,28.67,None,68.35,None,36.00,None,97.65,None,0.00,None,55.00,None,60.02,None,113.67,None,22.33,None,12.34,None
1772828223.1934955,49.66,None,52.33,None,28.67,None,68.35,None,36.00,None,97.65,None,0.00,None,55.00,None,60.02,None,113.67,None,22.33,None,12.34,None
1772828223.2406197,49.66,None,52.33,None,28.67,None,68.35,None,36.00,None,97.65,None,0.00,None,60.00,None,68.69,None,122.67,None,22.33,None,12.34,None
1772828223.243101,49.66,None,52.33,None,28.67,None,68.35,None,36.00,None,97.65,None,0.00,None,60.00,None,68.69,None,122.67,None,22.33,None,12.34,None
1772828240.9013822,28.32,None,21.34,None,28.67,None,55.68,None,14.00,None,69.32,None,0.00,None,60.00,None,68.69,None,121.00,None,23.67,None,3.34,None
1772828240.90247,28.32,None,21.34,None,28.67,None,55.68,None,14.00,None,69.32,None,0.00,None,60.00,None,68.69,None,121.00,None,23.67,None,3.34,None
1772828240.9323695,28.32,None,21.34,None,28.67,None,59.68,None,14.00,None,69.32,None,0.00,None,60.00,None,68.69,None,121.00,None,28.67,None,12.34,None
1772828240.9339674,28.32,None,21.34,None,28.67,None,59.68,None,14.00,None,69.32,None,0.00,None,60.00,None,68.69,None,121.00,None,28.67,None,12.34,None
1772828240.962822,28.32,None,21.34,None,28.67,None,59.68,None,18.00,None,69.32,None,0.00,None,60.00,None,68.69,None,121.00,None,30.34,None,21.34,None
1772828240.9639318,28.32,None,21.34,None,28.67,None,59.68,None,18.00,None,69.32,None,0.00,None,60.00,None,68.69,None,121.00,None,30.34,None,21.34,None
1772828240.992696,28.32,None,21.34,None,32.00,None,59.68,None,18.00,None,69.32,None,0.00,None,60.00,None,68.69,None,121.00,None,32.01,None,30.34,None
1772828240.9937847,28.32,None,21.34,None,32.00,None,59.68,None,18.00,None,69.32,None,0.00,None,60.00,None,68.69,None,121.00,None,32.01,None,30.34,None
1772828241.0919924,28.32,None,21.34,None,32.00,None,63.01,None,18.00,None,69.32,None,0.00,None,60.00,None,68.69,None,121.00,None,32.01,None,32.01,None
1772828241.0931804,28.32,None,21.34,None,32.00,None,63.01,None,18.00,None,69.32,None,0.00,None,60.00,None,68.69,None,121.00,None,32.01,None,32.01,None
1772828241.1230726,28.32,None,21.34,None,32.00,None,68.01,None,18.00,None,73.32,None,0.00,None,60.00,None,68.69,None,121.00,None,32.01,None,32.01,None
1772828241.1242642,28.32,None,21.34,None,32.00,None,68.01,None,18.00,None,73.32,None,0.00,None,60.00,None,68.69,None,121.00,None,32.01,None,32.01,None
1772828257.977973,33.32,None,21.34,None,32.00,None,68.01,None,22.00,None,73.32,None,0.00,None,60.00,None,68.69,None,121.00,None,32.01,None,32.01,None
1772828257.9822192,33.32,None,21.34,None,32.00,None,68.01,None,22.00,None,73.32,None,0.00,None,60.00,None,68.69,None,121.00,None,32.01,None,32.01,None
1772828258.029537,40.65,None,23.01,None,32.00,None,68.01,None,31.00,None,73.32,None,0.00,None,60.00,None,68.69,None,121.00,None,32.01,None,32.01,None
1772828258.031821,40.65,None,23.01,None,32.00,None,68.01,None,31.00,None,73.32,None,0.00,None,60.00,None,68.69,None,121.00,None,32.01,None,32.01,None
1772828258.079358,43.98,None,24.68,None,32.00,None,68.01,None,31.00,None,73.32,None,9.00,None,60.00,None,68.69,None,121.00,None,32.01,None,32.01,None
1772828258.081552,43.98,None,24.68,None,32.00,None,68.01,None,31.00,None,73.32,None,9.00,None,60.00,None,68.69,None,121.00,None,32.01,None,32.01,None
1772828258.1458504,47.31,None,26.35,None,32.00,None,68.01,None,31.00,None,73.32,None,18.00,None,60.00,None,68.69,None,121.00,None,32.01,None,32.01,None
1772828258.1482792,47.31,None,26.35,None,32.00,None,68.01,None,31.00,None,73.32,None,18.00,None,60.00,None,68.69,None,121.00,None,32.01,None,32.01,None
1772828258.1943574,50.64,None,28.02,None,32.00,None,68.01,None,40.00,None,73.32,None,26.67,None,60.00,None,68.69,None,121.00,None,32.01,None,32.01,None
1772828258.1968093,50.64,None,28.02,None,32.00,None,68.01,None,40.00,None,73.32,None,26.67,None,60.00,None,68.69,None,121.00,None,32.01,None,32.01,None
1772828258.3609076,59.31,None,29.69,None,32.00,None,68.01,None,49.00,None,73.32,None,26.67,None,60.00,None,68.69,None,121.00,None,32.01,None,32.01,None
1772828258.3634887,59.31,None,29.69,None,32.00,None,68.01,None,49.00,None,73.32,None,26.67,None,60.00,None,68.69,None,121.00,None,32.01,None,32.01,None
1772828278.9769843,69.65,None,33.69,None,5.00,None,29.33,None,58.00,None,44.00,None,26.67,None,60.00,None,68.69,None,99.00,None,23.01,None,32.01,None
1772828278.9792495,69.65,None,33.69,None,5.00,None,29.33,None,58.00,None,44.00,None,26.67,None,60.00,None,68.69,None,99.00,None,23.01,None,32.01,None
1772828279.0261447,69.65,None,37.02,None,5.00,None,29.33,None,67.00,None,44.00,None,26.67,None,61.67,None,72.69,None,99.00,None,23.01,None,32.01,None
1772828279.0283475,69.65,None,37.02,None,5.00,None,29.33,None,67.00,None,44.00,None,26.67,None,61.67,None,72.69,None,99.00,None,23.01,None,32.01,None
1772828279.0748136,69.65,None,37.02,None,14.00,None,29.33,None,67.00,None,44.00,None,30.00,None,63.34,None,72.69,None,99.00,None,31.68,None,32.01,None
1772828279.0770876,69.65,None,37.02,None,14.00,None,29.33,None,67.00,None,44.00,None,30.00,None,63.34,None,72.69,None,99.00,None,31.68,None,32.01,None
1772828279.1230478,69.65,None,37.02,None,14.00,None,29.33,None,67.00,None,44.00,None,30.00,None,68.34,None,85.69,None,99.00,None,31.68,None,32.01,None
1772828279.1253638,69.65,None,37.02,None,14.00,None,29.33,None,67.00,None,44.00,None,30.00,None,68.34,None,85.69,None,99.00,None,31.68,None,32.01,None
1772828279.1712606,69.65,None,40.35,None,14.00,None,29.33,None,67.00,None,44.00,None,30.00,None,68.34,None,85.69,None,103.00,None,31.68,None,32.01,None
1772828279.173572,69.65,None,40.35,None,14.00,None,29.33,None,67.00,None,44.00,None,30.00,None,68.34,None,85.69,None,103.00,None,31.68,None,32.01,None
1772828279.222991,69.65,None,43.68,None,14.00,None,29.33,None,67.00,None,44.00,None,30.00,None,68.34,None,85.69,None,103.00,None,31.68,None,32.01,None
1772828279.2263055,69.65,None,43.68,None,14.00,None,29.33,None,67.00,None,44.00,None,30.00,None,68.34,None,85.69,None,103.00,None,31.68,None,32.01,None
1772828294.0468924,45.33,None,30.00,None,12.33,None,12.33,None,62.00,None,4.00,None,30.00,None,68.34,None,85.69,None,103.00,None,27.35,None,28.67,None
1772828294.048125,45.33,None,30.00,None,12.33,None,12.33,None,62.00,None,4.00,None,30.00,None,68.34,None,85.69,None,103.00,None,27.35,None,28.67,None
1772828294.0767493,50.33,None,34.00,None,12.33,None,12.33,None,62.00,None,4.00,None,30.00,None,68.34,None,85.69,None,103.00,None,27.35,None,28.67,None
1772828294.0781326,50.33,None,34.00,None,12.33,None,12.33,None,62.00,None,4.00,None,30.00,None,68.34,None,85.69,None,103.00,None,27.35,None,28.67,None
1772828294.1094584,55.33,None,34.00,None,12.33,None,12.33,None,62.00,None,4.00,None,30.00,None,68.34,None,85.69,None,112.00,None,27.35,None,28.67,None
1772828294.1107833,55.33,None,34.00,None,12.33,None,12.33,None,62.00,None,4.00,None,30.00,None,68.34,None,85.69,None,112.00,None,27.35,None,28.67,None
1772828294.1408994,60.33,None,34.00,None,12.33,None,12.33,None,62.00,None,4.00,None,30.00,None,68.34,None,85.69,None,125.00,None,27.35,None,28.67,None
1772828294.1424134,60.33,None,34.00,None,12.33,None,12.33,None,62.00,None,4.00,None,30.00,None,68.34,None,85.69,None,125.00,None,27.35,None,28.67,None
1772828294.1767104,65.33,None,42.67,None,21.33,None,12.33,None,62.00,None,4.00,None,30.00,None,68.34,None,90.02,None,125.00,None,27.35,None,28.67,None
1772828294.178113,65.33,None,42.67,None,21.33,None,12.33,None,62.00,None,4.00,None,30.00,None,68.34,None,90.02,None,125.00,None,27.35,None,28.67,None
1772828294.2103865,67.00,None,46.00,None,21.33,None,12.33,None,62.00,None,13.00,None,30.00,None,68.34,None,98.69,None,125.00,None,27.35,None,28.67,None
1772828294.2122805,67.00,None,46.00,None,21.33,None,12.33,None,62.00,None,13.00,None,30.00,None,68.34,None,98.69,None,125.00,None,27.35,None,28.67,None
1772828308.762947,0.00,None,0.00,None,0.00,None,0.00,None,0.00,None,0.00,None,0.00,None,35.00,None,25.34,None,54.00,None,5.00,None,None,None
1772828308.764167,0.00,None,0.00,None,0.00,None,0.00,None,0.00,None,0.00,None,0.00,None,35.00,None,25.34,None,54.00,None,5.00,None,None,None
1772828308.9387124,0.00,None,0.00,None,0.00,None,0.00,None,0.00,None,0.00,None,0.00,None,40.00,None,34.34,None,54.00,None,5.00,None,None,None
1772828308.9400432,0.00,None,0.00,None,0.00,None,0.00,None,0.00,None,0.00,None,0.00,None,40.00,None,34.34,None,54.00,None,5.00,None,None,None
1772828308.9885616,0.00,None,0.00,None,0.00,None,0.00,None,0.00,None,0.00,None,0.00,None,45.00,None,43.01,None,54.00,None,5.00,None,None,None
1772828308.989931,0.00,None,0.00,None,0.00,None,0.00,None,0.00,None,0.00,None,0.00,None,45.00,None,43.01,None,54.00,None,5.00,None,None,None
1772828309.0383492,5.00,None,0.00,None,0.00,None,0.00,None,4.00,None,0.00,None,0.00,None,45.00,None,43.01,None,54.00,None,5.00,None,None,None
1772828309.0397055,5.00,None,0.00,None,0.00,None,0.00,None,4.00,None,0.00,None,0.00,None,45.00,None,43.01,None,54.00,None,5.00,None,None,None
1772828309.088168,5.00,None,0.00,None,0.00,None,0.00,None,4.00,None,0.00,None,0.00,None,50.00,None,56.01,None,54.00,None,5.00,None,None,None
1772828309.0896192,5.00,None,0.00,None,0.00,None,0.00,None,4.00,None,0.00,None,0.00,None,50.00,None,56.01,None,54.00,None,5.00,None,None,None
1772828309.1384895,10.00,None,0.00,None,0.00,None,0.00,None,17.00,None,0.00,None,0.00,None,50.00,None,56.01,None,54.00,None,5.00,None,None,None
1772828309.1400528,10.00,None,0.00,None,0.00,None,0.00,None,17.00,None,0.00,None,0.00,None,50.00,None,56.01,None,54.00,None,5.00,None,None,None
1772828309.1873808,10.00,None,0.00,None,0.00,None,0.00,None,17.00,None,0.00,None,0.00,None,55.00,None,64.68,None,58.00,None,5.00,None,None,None
1772828309.1889849,10.00,None,0.00,None,0.00,None,0.00,None,17.00,None,0.00,None,0.00,None,55.00,None,64.68,None,58.00,None,5.00,None,None,None
1772828309.3784404,15.00,None,4.00,None,0.00,None,0.00,None,17.00,None,0.00,None,9.00,None,55.00,None,64.68,None,58.00,None,5.00,None,None,None
1772828309.3806279,15.00,None,4.00,None,0.00,None,0.00,None,17.00,None,0.00,None,9.00,None,55.00,None,64.68,None,58.00,None,5.00,None,None,None
1772828309.4441564,15.00,None,4.00,None,0.00,None,0.00,None,17.00,None,0.00,None,9.00,None,60.00,None,73.35,None,58.00,None,5.00,None,None,None
1772828309.446348,15.00,None,4.00,None,0.00,None,0.00,None,17.00,None,0.00,None,9.00,None,60.00,None,73.35,None,58.00,None,5.00,None,None,None
1772828309.510512,22.33,None,5.67,None,0.00,None,0.00,None,17.00,None,0.00,None,18.00,None,60.00,None,73.35,None,58.00,None,5.00,None,None,None
1772828309.5128667,22.33,None,5.67,None,0.00,None,0.00,None,17.00,None,0.00,None,18.00,None,60.00,None,73.35,None,58.00,None,5.00,None,None,None
1772828309.5719287,27.33,None,5.67,None,0.00,None,0.00,None,26.00,None,0.00,None,26.67,None,60.00,None,73.35,None,58.00,None,5.00,None,None,None
1772828309.5736887,27.33,None,5.67,None,0.00,None,0.00,None,26.00,None,0.00,None,26.67,None,60.00,None,73.35,None,58.00,None,5.00,None,None,None
1772828309.6212063,40.00,None,7.34,None,0.00,None,0.00,None,35.00,None,0.00,None,26.67,None,60.00,None,73.35,None,58.00,None,5.00,None,None,None
1772828309.6230085,40.00,None,7.34,None,0.00,None,0.00,None,35.00,None,0.00,None,26.67,None,60.00,None,73.35,None,58.00,None,5.00,None,None,None
1772828309.671322,41.67,None,14.67,None,0.00,None,0.00,None,44.00,None,0.00,None,26.67,None,60.00,None,73.35,None,58.00,None,5.00,None,None,None
1772828309.6730986,41.67,None,14.67,None,0.00,None,0.00,None,44.00,None,0.00,None,26.67,None,60.00,None,73.35,None,58.00,None,5.00,None,None,None
1772828309.7212667,45.00,None,14.67,None,0.00,None,0.00,None,53.00,None,0.00,None,26.67,None,61.67,None,77.68,None,62.00,None,5.00,None,None,None
1772828309.7232416,45.00,None,14.67,None,0.00,None,0.00,None,53.00,None,0.00,None,26.67,None,61.67,None,77.68,None,62.00,None,5.00,None,None,None
1772828309.9070647,55.34,None,18.00,None,0.00,None,0.00,None,62.00,None,0.00,None,26.67,None,31.67,None,60.34,None,8.00,None,5.00,None,None,None
1772828309.9086218,55.34,None,18.00,None,0.00,None,0.00,None,62.00,None,0.00,None,26.67,None,31.67,None,60.34,None,8.00,None,5.00,None,None,None
1772828309.9560711,55.34,None,18.00,None,0.00,None,12.67,None,62.00,None,0.00,None,26.67,None,31.67,None,60.34,None,8.00,None,10.00,None,None,None
1772828309.9576328,55.34,None,18.00,None,0.00,None,12.67,None,62.00,None,0.00,None,26.67,None,31.67,None,60.34,None,8.00,None,10.00,None,None,None
1772828310.005041,66.01,None,26.67,None,0.00,None,12.67,None,62.00,None,0.00,None,26.67,None,31.67,None,60.34,None,12.00,None,10.00,None,None,None
1772828310.0067148,66.01,None,26.67,None,0.00,None,12.67,None,62.00,None,0.00,None,26.67,None,31.67,None,60.34,None,12.00,None,10.00,None,None,None
1772828310.053566,67.68,None,26.67,None,9.00,None,12.67,None,62.00,None,4.00,None,30.00,None,31.67,None,60.34,None,12.00,None,18.67,None,None,None
1772828310.0552633,67.68,None,26.67,None,9.00,None,12.67,None,62.00,None,4.00,None,30.00,None,31.67,None,60.34,None,12.00,None,18.67,None,None,None
1772828310.1022427,67.68,None,26.67,None,9.00,None,21.34,None,62.00,None,4.00,None,30.00,None,31.67,None,60.34,None,12.00,None,23.67,None,None,None
1772828310.1040015,67.68,None,26.67,None,9.00,None,21.34,None,62.00,None,4.00,None,30.00,None,31.67,None,60.34,None,12.00,None,23.67,None,None,None
1772828310.1516047,67.68,None,26.67,None,9.00,None,21.34,None,62.00,None,4.00,None,30.00,None,36.67,None,64.34,None,12.00,None,23.67,None,None,None
1772828310.1533535,67.68,None,26.67,None,9.00,None,21.34,None,62.00,None,4.00,None,30.00,None,36.67,None,64.34,None,12.00,None,23.67,None,None,None
1772828310.3156242,69.35,None,30.00,None,9.00,None,21.34,None,62.00,None,4.00,None,30.00,None,36.67,None,64.34,None,12.00,None,23.67,None,None,None
1772828310.316656,69.35,None,30.00,None,9.00,None,21.34,None,62.00,None,4.00,None,30.00,None,36.67,None,64.34,None,12.00,None,23.67,None,None,None
1772828310.3469849,69.35,None,30.00,None,9.00,None,30.34,None,62.00,None,4.00,None,30.00,None,36.67,None,64.34,None,12.00,None,28.67,None,None,None
1772828310.348079,69.35,None,30.00,None,9.00,None,30.34,None,62.00,None,4.00,None,30.00,None,36.67,None,64.34,None,12.00,None,28.67,None,None,None
1772828310.3786278,69.35,None,35.00,None,9.00,None,30.34,None,62.00,None,8.00,None,30.00,None,36.67,None,64.34,None,12.00,None,28.67,None,None,None
1772828310.379751,69.35,None,35.00,None,9.00,None,30.34,None,62.00,None,8.00,None,30.00,None,36.67,None,64.34,None,12.00,None,28.67,None,None,None
1772828310.410173,69.35,None,40.00,None,9.00,None,30.34,None,62.00,None,17.00,None,30.00,None,36.67,None,64.34,None,12.00,None,28.67,None,None,None
1772828310.411289,69.35,None,40.00,None,9.00,None,30.34,None,62.00,None,17.00,None,30.00,None,36.67,None,64.34,None,12.00,None,28.67,None,None,None
1772828310.4411423,69.35,None,40.00,None,13.33,None,33.67,None,62.00,None,26.00,None,30.00,None,36.67,None,64.34,None,12.00,None,30.34,None,None,None
1772828310.4422328,69.35,None,40.00,None,13.33,None,33.67,None,62.00,None,26.00,None,30.00,None,36.67,None,64.34,None,12.00,None,30.34,None,None,None
1772828310.4721084,69.35,None,45.00,None,13.33,None,33.67,None,62.00,None,26.00,None,30.00,None,36.67,None,64.34,None,21.00,None,30.34,None,None,None
1772828310.4731896,69.35,None,45.00,None,13.33,None,33.67,None,62.00,None,26.00,None,30.00,None,36.67,None,64.34,None,21.00,None,30.34,None,None,None
1772828310.5721784,69.35,None,45.00,None,13.33,None,33.67,None,62.00,None,30.00,None,30.00,None,41.67,None,64.34,None,30.00,None,30.34,None,None,None
1772828310.573333,69.35,None,45.00,None,13.33,None,33.67,None,62.00,None,30.00,None,30.00,None,41.67,None,64.34,None,30.00,None,30.34,None,None,None
1772828310.6033514,69.35,None,50.00,None,13.33,None,37.67,None,62.00,None,39.00,None,30.00,None,41.67,None,64.34,None,38.67,None,30.34,None,None,None
1772828310.6044593,69.35,None,50.00,None,13.33,None,37.67,None,62.00,None,39.00,None,30.00,None,41.67,None,64.34,None,38.67,None,30.34,None,None,None
1772828310.6351354,69.35,None,50.00,None,16.66,None,46.67,None,62.00,None,47.67,None,30.00,None,41.67,None,64.34,None,38.67,None,32.01,None,None,None
1772828310.63634,69.35,None,50.00,None,16.66,None,46.67,None,62.00,None,47.67,None,30.00,None,41.67,None,64.34,None,38.67,None,32.01,None,None,None
1772828311.0036395,0.00,None,10.00,None,0.00,None,0.00,None,4.00,None,13.00,None,0.00,None,15.00,None,17.00,None,0.00,None,0.00,None,None,None
1772828311.004292,0.00,None,10.00,None,0.00,None,0.00,None,4.00,None,13.00,None,0.00,None,15.00,None,17.00,None,0.00,None,0.00,None,None,None
1772828311.0364814,0.00,None,15.00,None,0.00,None,0.00,None,13.00,None,13.00,None,0.00,None,15.00,None,17.00,None,0.00,None,0.00,None,None,None
1772828311.0371792,0.00,None,15.00,None,0.00,None,0.00,None,13.00,None,13.00,None,0.00,None,15.00,None,17.00,None,0.00,None,0.00,None,None,None
1772828311.0688787,0.00,None,20.00,None,0.00,None,0.00,None,13.00,None,13.00,None,0.00,None,15.00,None,17.00,None,0.00,None,0.00,None,None,None
1772828311.069556,0.00,None,20.00,None,0.00,None,0.00,None,13.00,None,13.00,None,0.00,None,15.00,None,17.00,None,0.00,None,0.00,None,None,None
1772828311.2319043,0.00,None,25.00,None,0.00,None,0.00,None,13.00,None,13.00,None,0.00,None,15.00,None,17.00,None,0.00,None,0.00,None,None,None
1772828311.2330794,0.00,None,25.00,None,0.00,None,0.00,None,13.00,None,13.00,None,0.00,None,15.00,None,17.00,None,0.00,None,0.00,None,None,None
1772828311.2844133,0.00,None,30.00,None,0.00,None,0.00,None,13.00,None,13.00,None,0.00,None,15.00,None,17.00,None,0.00,None,0.00,None,None,None
1772828311.2857072,0.00,None,30.00,None,0.00,None,0.00,None,13.00,None,13.00,None,0.00,None,15.00,None,17.00,None,0.00,None,0.00,None,None,None
1772828311.3362134,0.00,None,35.00,None,0.00,None,0.00,None,22.00,None,13.00,None,8.67,None,15.00,None,17.00,None,0.00,None,0.00,None,None,None
1772828311.3375487,0.00,None,35.00,None,0.00,None,0.00,None,22.00,None,13.00,None,8.67,None,15.00,None,17.00,None,0.00,None,0.00,None,None,None
1772828331.0484602,0.00,None,5.00,None,0.00,None,0.00,None,0.00,None,13.00,None,0.00,None,15.00,None,17.00,None,0.00,None,5.00,None,0.00,None
1772828331.0490837,0.00,None,5.00,None,0.00,None,0.00,None,0.00,None,13.00,None,0.00,None,15.00,None,17.00,None,0.00,None,5.00,None,0.00,None
1772828331.0823894,0.00,None,5.00,None,0.00,None,4.00,None,0.00,None,13.00,None,0.00,None,15.00,None,17.00,None,0.00,None,10.00,None,9.00,None
1772828331.0830483,0.00,None,5.00,None,0.00,None,4.00,None,0.00,None,13.00,None,0.00,None,15.00,None,17.00,None,0.00,None,10.00,None,9.00,None
1772828331.116268,0.00,None,5.00,None,8.67,None,4.00,None,0.00,None,13.00,None,0.00,None,15.00,None,17.00,None,0.00,None,15.00,None,18.00,None
1772828331.1169329,0.00,None,5.00,None,8.67,None,4.00,None,0.00,None,13.00,None,0.00,None,15.00,None,17.00,None,0.00,None,15.00,None,18.00,None
1772828331.219061,0.00,None,5.00,None,17.34,None,4.00,None,0.00,None,13.00,None,0.00,None,15.00,None,17.00,None,0.00,None,20.00,None,27.00,None
1772828331.2197921,0.00,None,5.00,None,17.34,None,4.00,None,0.00,None,13.00,None,0.00,None,15.00,None,17.00,None,0.00,None,20.00,None,27.00,None
1772828331.2535315,0.00,None,5.00,None,26.34,None,4.00,None,0.00,None,13.00,None,0.00,None,15.00,None,17.00,None,0.00,None,30.34,None,30.33,None
1772828331.254311,0.00,None,5.00,None,26.34,None,4.00,None,0.00,None,13.00,None,0.00,None,15.00,None,17.00,None,0.00,None,30.34,None,30.33,None
1772828331.2935596,0.00,None,5.00,None,29.67,None,13.00,None,0.00,None,13.00,None,0.00,None,15.00,None,17.00,None,0.00,None,32.01,None,30.33,None
1772828331.2948816,0.00,None,5.00,None,29.67,None,13.00,None,0.00,None,13.00,None,0.00,None,15.00,None,17.00,None,0.00,None,32.01,None,30.33,None
1772828363.1104639,0.00,None,5.00,None,29.67,None,13.00,None,0.00,None,13.00,None,0.00,None,10.00,None,4.00,None,0.00,None,32.01,None,30.33,None
1772828363.1117198,0.00,None,5.00,None,29.67,None,13.00,None,0.00,None,13.00,None,0.00,None,10.00,None,4.00,None,0.00,None,32.01,None,30.33,None
1772828363.1681705,0.00,None,5.00,None,29.67,None,13.00,None,0.00,None,13.00,None,0.00,None,15.00,None,8.00,None,0.00,None,32.01,None,30.33,None
1772828363.1695127,0.00,None,5.00,None,29.67,None,13.00,None,0.00,None,13.00,None,0.00,None,15.00,None,8.00,None,0.00,None,32.01,None,30.33,None
1772828363.220142,0.00,None,5.00,None,29.67,None,13.00,None,0.00,None,13.00,None,0.00,None,20.00,None,8.00,None,0.00,None,32.01,None,30.33,None
1772828363.221502,0.00,None,5.00,None,29.67,None,13.00,None,0.00,None,13.00,None,0.00,None,20.00,None,8.00,None,0.00,None,32.01,None,30.33,None
1772828363.2746115,0.00,None,5.00,None,29.67,None,13.00,None,0.00,None,13.00,None,0.00,None,25.00,None,8.00,None,0.00,None,32.01,None,30.33,None
1772828363.2760332,0.00,None,5.00,None,29.67,None,13.00,None,0.00,None,13.00,None,0.00,None,25.00,None,8.00,None,0.00,None,32.01,None,30.33,None
1772828363.4517508,0.00,None,5.00,None,29.67,None,13.00,None,0.00,None,13.00,None,0.00,None,30.00,None,16.67,None,0.00,None,32.01,None,30.33,None
1772828363.4532578,0.00,None,5.00,None,29.67,None,13.00,None,0.00,None,13.00,None,0.00,None,30.00,None,16.67,None,0.00,None,32.01,None,30.33,None
1772828363.5053449,0.00,None,5.00,None,29.67,None,13.00,None,0.00,None,13.00,None,0.00,None,35.00,None,25.34,None,0.00,None,32.01,None,30.33,None
1772828363.5068471,0.00,None,5.00,None,29.67,None,13.00,None,0.00,None,13.00,None,0.00,None,35.00,None,25.34,None,0.00,None,32.01,None,30.33,None
1772828378.1373165,0.00,None,0.00,None,29.67,None,18.00,None,0.00,None,4.00,None,0.00,None,35.00,None,25.34,None,0.00,None,32.01,None,30.33,None
1772828378.1388848,0.00,None,0.00,None,29.67,None,18.00,None,0.00,None,4.00,None,0.00,None,35.00,None,25.34,None,0.00,None,32.01,None,30.33,None
1772828378.1905,0.00,None,0.00,None,29.67,None,23.00,None,0.00,None,4.00,None,0.00,None,35.00,None,25.34,None,0.00,None,32.01,None,30.33,None
1772828378.192073,0.00,None,0.00,None,29.67,None,23.00,None,0.00,None,4.00,None,0.00,None,35.00,None,25.34,None,0.00,None,32.01,None,30.33,None
1772828378.2443109,0.00,None,0.00,None,29.67,None,28.00,None,0.00,None,4.00,None,0.00,None,35.00,None,25.34,None,0.00,None,32.01,None,30.33,None
1772828378.2459583,0.00,None,0.00,None,29.67,None,28.00,None,0.00,None,4.00,None,0.00,None,35.00,None,25.34,None,0.00,None,32.01,None,30.33,None
1772828378.2995546,0.00,None,0.00,None,29.67,None,33.00,None,0.00,None,4.00,None,0.00,None,35.00,None,25.34,None,0.00,None,32.01,None,30.33,None
1772828378.301298,0.00,None,0.00,None,29.67,None,33.00,None,0.00,None,4.00,None,0.00,None,35.00,None,25.34,None,0.00,None,32.01,None,30.33,None
1772828378.4753418,0.00,None,0.00,None,29.67,None,43.67,None,0.00,None,12.67,None,0.00,None,35.00,None,25.34,None,0.00,None,32.01,None,30.33,None
1772828378.477051,0.00,None,0.00,None,29.67,None,43.67,None,0.00,None,12.67,None,0.00,None,35.00,None,25.34,None,0.00,None,32.01,None,30.33,None
1772828378.528094,0.00,None,0.00,None,29.67,None,48.67,None,0.00,None,26.00,None,0.00,None,35.00,None,25.34,None,0.00,None,32.01,None,30.33,None
1772828378.5298615,0.00,None,0.00,None,29.67,None,48.67,None,0.00,None,26.00,None,0.00,None,35.00,None,25.34,None,0.00,None,32.01,None,30.33,None
1772828401.1727314,0.00,None,0.00,None,29.67,None,48.67,None,0.00,None,39.00,None,0.00,None,35.00,None,30.34,None,8.67,None,32.01,None,30.33,None
1772828401.1745794,0.00,None,0.00,None,29.67,None,48.67,None,0.00,None,39.00,None,0.00,None,35.00,None,30.34,None,8.67,None,32.01,None,30.33,None
1772828401.2265973,0.00,None,0.00,None,29.67,None,48.67,None,0.00,None,48.00,None,0.00,None,35.00,None,35.34,None,17.34,None,32.01,None,30.33,None
1772828401.2285361,0.00,None,0.00,None,29.67,None,48.67,None,0.00,None,48.00,None,0.00,None,35.00,None,35.34,None,17.34,None,32.01,None,30.33,None
1772828401.281131,0.00,None,0.00,None,29.67,None,48.67,None,0.00,None,57.00,None,0.00,None,35.00,None,40.34,None,26.01,None,32.01,None,30.33,None
1772828401.283092,0.00,None,0.00,None,29.67,None,48.67,None,0.00,None,57.00,None,0.00,None,35.00,None,40.34,None,26.01,None,32.01,None,30.33,None
1772828401.335697,0.00,None,0.00,None,29.67,None,48.67,None,0.00,None,66.00,None,0.00,None,35.00,None,45.34,None,34.68,None,32.01,None,30.33,None
1772828401.337733,0.00,None,0.00,None,29.67,None,48.67,None,0.00,None,66.00,None,0.00,None,35.00,None,45.34,None,34.68,None,32.01,None,30.33,None
1772828401.5159967,0.00,None,0.00,None,29.67,None,48.67,None,0.00,None,75.00,None,0.00,None,35.00,None,50.34,None,43.35,None,32.01,None,30.33,None
1772828401.5179937,0.00,None,0.00,None,29.67,None,48.67,None,0.00,None,75.00,None,0.00,None,35.00,None,50.34,None,43.35,None,32.01,None,30.33,None
1772828401.5694785,0.00,None,0.00,None,29.67,None,48.67,None,0.00,None,84.00,None,0.00,None,35.00,None,55.34,None,52.02,None,32.01,None,30.33,None
1772828401.5714998,0.00,None,0.00,None,29.67,None,48.67,None,0.00,None,84.00,None,0.00,None,35.00,None,55.34,None,52.02,None,32.01,None,30.33,None
1772828421.2151139,0.00,None,0.00,None,29.67,None,52.00,None,4.00,None,92.67,None,0.00,None,30.00,None,51.34,None,52.02,None,32.01,None,32.00,None
1772828421.217203,0.00,None,0.00,None,29.67,None,52.00,None,4.00,None,92.67,None,0.00,None,30.00,None,51.34,None,52.02,None,32.01,None,32.00,None
1772828421.2699842,0.00,None,0.00,None,31.34,None,59.66,None,4.00,None,105.67,None,0.00,None,30.00,None,51.34,None,60.69,None,32.01,None,32.00,None
1772828421.2721257,0.00,None,0.00,None,31.34,None,59.66,None,4.00,None,105.67,None,0.00,None,30.00,None,51.34,None,60.69,None,32.01,None,32.00,None
1772828421.3254797,0.00,None,0.00,None,31.34,None,66.99,None,4.00,None,119.00,None,0.00,None,30.00,None,51.34,None,69.36,None,32.01,None,32.00,None
1772828421.3276453,0.00,None,0.00,None,31.34,None,66.99,None,4.00,None,119.00,None,0.00,None,30.00,None,51.34,None,69.36,None,32.01,None,32.00,None
1772828421.3810666,0.00,None,0.00,None,31.34,None,71.99,None,4.00,None,128.00,None,0.00,None,30.00,None,51.34,None,82.36,None,32.01,None,32.00,None
1772828421.3832583,0.00,None,0.00,None,31.34,None,71.99,None,4.00,None,128.00,None,0.00,None,30.00,None,51.34,None,82.36,None,32.01,None,32.00,None
1772828421.5595143,0.00,None,0.00,None,31.34,None,75.32,None,4.00,None,128.00,None,0.00,None,30.00,None,51.34,None,91.36,None,32.01,None,32.00,None
1772828421.5618231,0.00,None,0.00,None,31.34,None,75.32,None,4.00,None,128.00,None,0.00,None,30.00,None,51.34,None,91.36,None,32.01,None,32.00,None
1772828421.6150706,0.00,None,0.00,None,31.34,None,80.32,None,4.00,None,128.00,None,0.00,None,30.00,None,60.01,None,104.36,None,32.01,None,32.00,None
1772828421.6174161,0.00,None,0.00,None,31.34,None,80.32,None,4.00,None,128.00,None,0.00,None,30.00,None,60.01,None,104.36,None,32.01,None,32.00,None
1772828444.2460046,0.00,None,0.00,None,31.34,None,80.32,None,4.00,None,128.00,None,0.00,None,35.00,None,72.68,None,113.36,None,32.01,None,32.00,None
1772828444.2483664,0.00,None,0.00,None,31.34,None,80.32,None,4.00,None,128.00,None,0.00,None,35.00,None,72.68,None,113.36,None,32.01,None,32.00,None
1772828444.3017945,0.00,None,0.00,None,31.34,None,80.32,None,4.00,None,128.00,None,0.00,None,40.00,None,85.68,None,126.36,None,32.01,None,32.00,None
1772828444.304181,0.00,None,0.00,None,31.34,None,80.32,None,4.00,None,128.00,None,0.00,None,40.00,None,85.68,None,126.36,None,32.01,None,32.00,None
1772828444.3572593,0.00,None,0.00,None,31.34,None,89.32,None,4.00,None,128.00,None,0.00,None,47.66,None,94.35,None,126.36,None,32.01,None,32.00,None
1772828444.3596494,0.00,None,0.00,None,31.34,None,89.32,None,4.00,None,128.00,None,0.00,None,47.66,None,94.35,None,126.36,None,32.01,None,32.00,None
1772828444.5612428,0.00,None,3.33,None,31.34,None,89.32,None,4.00,None,128.00,None,0.00,None,47.66,None,94.35,None,126.36,None,32.01,None,32.00,None
1772828444.5643685,0.00,None,3.33,None,31.34,None,89.32,None,4.00,None,128.00,None,0.00,None,47.66,None,94.35,None,126.36,None,32.01,None,32.00,None
1772828444.633103,0.00,None,8.33,None,31.34,None,89.32,None,17.00,None,128.00,None,0.00,None,47.66,None,94.35,None,126.36,None,32.01,None,32.00,None
1772828444.6362953,0.00,None,8.33,None,31.34,None,89.32,None,17.00,None,128.00,None,0.00,None,47.66,None,94.35,None,126.36,None,32.01,None,32.00,None
1772828444.7018716,4.00,None,13.33,None,31.34,None,89.32,None,17.00,None,128.00,None,0.00,None,47.66,None,94.35,None,126.36,None,32.01,None,32.00,None
1772828444.7043278,4.00,None,13.33,None,31.34,None,89.32,None,17.00,None,128.00,None,0.00,None,47.66,None,94.35,None,126.36,None,32.01,None,32.00,None
1772828460.276012,8.00,None,13.33,None,1.67,None,76.32,None,27.34,None,128.00,None,0.00,None,47.66,None,94.35,None,126.36,None,0.00,None,1.67,None
1772828460.2783387,8.00,None,13.33,None,1.67,None,76.32,None,27.34,None,128.00,None,0.00,None,47.66,None,94.35,None,126.36,None,0.00,None,1.67,None
1772828460.3358426,8.00,None,13.33,None,3.34,None,76.32,None,30.67,None,128.00,None,0.00,None,47.66,None,94.35,None,126.36,None,0.00,None,10.67,None
1772828460.3382118,8.00,None,13.33,None,3.34,None,76.32,None,30.67,None,128.00,None,0.00,None,47.66,None,94.35,None,126.36,None,0.00,None,10.67,None
1772828460.3946807,8.00,None,13.33,None,5.01,None,80.32,None,34.00,None,128.00,None,0.00,None,47.66,None,94.35,None,126.36,None,9.00,None,19.34,None
1772828460.3970969,8.00,None,13.33,None,5.01,None,80.32,None,34.00,None,128.00,None,0.00,None,47.66,None,94.35,None,126.36,None,9.00,None,19.34,None
1772828460.5994532,8.00,None,13.33,None,6.68,None,80.32,None,37.33,None,128.00,None,0.00,None,47.66,None,94.35,None,126.36,None,18.00,None,28.01,None
1772828460.6026332,8.00,None,13.33,None,6.68,None,80.32,None,37.33,None,128.00,None,0.00,None,47.66,None,94.35,None,126.36,None,18.00,None,28.01,None
1772828460.6827164,8.00,None,13.33,None,11.68,None,80.32,None,37.33,None,128.00,None,0.00,None,47.66,None,94.35,None,126.36,None,27.00,None,28.01,None
1772828460.687516,8.00,None,13.33,None,11.68,None,80.32,None,37.33,None,128.00,None,0.00,None,47.66,None,94.35,None,126.36,None,27.00,None,28.01,None
1772828460.7422128,8.00,None,13.33,None,13.35,None,80.32,None,40.66,None,128.00,None,9.00,None,47.66,None,94.35,None,126.36,None,27.00,None,28.01,None
1772828460.7446673,8.00,None,13.33,None,13.35,None,80.32,None,40.66,None,128.00,None,9.00,None,47.66,None,94.35,None,126.36,None,27.00,None,28.01,None
1772828481.326359,8.00,None,13.33,None,13.35,None,93.32,None,40.66,None,128.00,None,9.00,None,47.66,None,94.35,None,126.36,None,32.00,None,28.01,None
1772828481.3290925,8.00,None,13.33,None,13.35,None,93.32,None,40.66,None,128.00,None,9.00,None,47.66,None,94.35,None,126.36,None,32.00,None,28.01,None
1772828481.3850462,8.00,None,17.33,None,16.68,None,93.32,None,49.66,None,128.00,None,17.67,None,47.66,None,94.35,None,126.36,None,32.00,None,29.68,None
1772828481.387743,8.00,None,17.33,None,16.68,None,93.32,None,49.66,None,128.00,None,17.67,None,47.66,None,94.35,None,126.36,None,32.00,None,29.68,None
1772828481.5702772,8.00,None,17.33,None,20.01,None,93.32,None,58.66,None,128.00,None,26.34,None,47.66,None,94.35,None,126.36,None,32.00,None,31.35,None
1772828481.5729165,8.00,None,17.33,None,20.01,None,93.32,None,58.66,None,128.00,None,26.34,None,47.66,None,94.35,None,126.36,None,32.00,None,31.35,None
1772828481.6300108,16.67,None,17.33,None,20.01,None,93.32,None,69.33,None,128.00,None,29.67,None,47.66,None,94.35,None,126.36,None,32.00,None,31.35,None
1772828481.6328359,16.67,None,17.33,None,20.01,None,93.32,None,69.33,None,128.00,None,29.67,None,47.66,None,94.35,None,126.36,None,32.00,None,31.35,None
1772828481.689045,20.00,None,26.33,None,20.01,None,93.32,None,69.33,None,128.00,None,31.34,None,47.66,None,94.35,None,126.36,None,32.00,None,31.35,None
1772828481.691835,20.00,None,26.33,None,20.01,None,93.32,None,69.33,None,128.00,None,31.34,None,47.66,None,94.35,None,126.36,None,32.00,None,31.35,None
1772828481.7487414,30.67,None,35.00,None,20.01,None,93.32,None,69.33,None,128.00,None,31.34,None,47.66,None,94.35,None,126.36,None,32.00,None,31.35,None
1772828481.7516344,30.67,None,35.00,None,20.01,None,93.32,None,69.33,None,128.00,None,31.34,None,47.66,None,94.35,None,126.36,None,32.00,None,31.35,None
1772828507.3664243,41.34,None,47.67,None,20.01,None,57.65,None,69.33,None,102.00,None,31.34,None,17.66,None,73.01,None,126.36,None,32.00,None,31.35,None
1772828507.3688433,41.34,None,47.67,None,20.01,None,57.65,None,69.33,None,102.00,None,31.34,None,17.66,None,73.01,None,126.36,None,32.00,None,31.35,None
1772828507.4300761,52.01,None,56.34,None,20.01,None,57.65,None,69.33,None,102.00,None,31.34,None,17.66,None,73.01,None,126.36,None,32.00,None,31.35,None
1772828507.4324946,52.01,None,56.34,None,20.01,None,57.65,None,69.33,None,102.00,None,31.34,None,17.66,None,73.01,None,126.36,None,32.00,None,31.35,None
1772828507.6190102,57.01,None,56.34,None,20.01,None,57.65,None,69.33,None,102.00,None,31.34,None,17.66,None,77.01,None,126.36,None,32.00,None,31.35,None
1772828507.621456,57.01,None,56.34,None,20.01,None,57.65,None,69.33,None,102.00,None,31.34,None,17.66,None,77.01,None,126.36,None,32.00,None,31.35,None
1772828507.6810665,62.01,None,56.34,None,20.01,None,57.65,None,69.33,None,102.00,None,31.34,None,17.66,None,77.01,None,126.36,None,32.00,None,31.35,None
1772828507.6835973,62.01,None,56.34,None,20.01,None,57.65,None,69.33,None,102.00,None,31.34,None,17.66,None,77.01,None,126.36,None,32.00,None,31.35,None
1772828507.7430954,67.01,None,56.34,None,20.01,None,57.65,None,69.33,None,102.00,None,31.34,None,17.66,None,77.01,None,126.36,None,32.00,None,31.35,None
1772828507.7457268,67.01,None,56.34,None,20.01,None,57.65,None,69.33,None,102.00,None,31.34,None,17.66,None,77.01,None,126.36,None,32.00,None,31.35,None
1772828507.8057652,68.68,None,59.67,None,20.01,None,57.65,None,69.33,None,106.00,None,31.34,None,17.66,None,77.01,None,126.36,None,32.00,None,31.35,None
1772828507.8084435,68.68,None,59.67,None,20.01,None,57.65,None,69.33,None,106.00,None,31.34,None,17.66,None,77.01,None,126.36,None,32.00,None,31.35,None
1772828529.401244,68.68,None,59.67,None,18.34,None,30.00,None,65.33,None,67.00,None,31.34,None,17.66,None,68.34,None,74.02,None,32.00,None,29.68,None
1772828529.403771,68.68,None,59.67,None,18.34,None,30.00,None,65.33,None,67.00,None,31.34,None,17.66,None,68.34,None,74.02,None,32.00,None,29.68,None
1772828529.5877717,68.68,None,59.67,None,18.34,None,30.00,None,65.33,None,74.33,None,31.34,None,17.66,None,68.34,None,74.02,None,32.00,None,29.68,None
1772828529.5901434,68.68,None,59.67,None,18.34,None,30.00,None,65.33,None,74.33,None,31.34,None,17.66,None,68.34,None,74.02,None,32.00,None,29.68,None
1772828529.6472611,68.68,None,59.67,None,18.34,None,30.00,None,65.33,None,79.33,None,31.34,None,17.66,None,68.34,None,78.02,None,32.00,None,29.68,None
1772828529.649657,68.68,None,59.67,None,18.34,None,30.00,None,65.33,None,79.33,None,31.34,None,17.66,None,68.34,None,78.02,None,32.00,None,29.68,None
1772828529.706129,68.68,None,59.67,None,27.34,None,38.67,None,65.33,None,84.33,None,31.34,None,17.66,None,68.34,None,78.02,None,32.00,None,29.68,None
1772828529.708476,68.68,None,59.67,None,27.34,None,38.67,None,65.33,None,84.33,None,31.34,None,17.66,None,68.34,None,78.02,None,32.00,None,29.68,None
1772828529.764913,68.68,None,59.67,None,27.34,None,47.67,None,65.33,None,94.67,None,31.34,None,17.66,None,68.34,None,78.02,None,32.00,None,29.68,None
1772828529.76742,68.68,None,59.67,None,27.34,None,47.67,None,65.33,None,94.67,None,31.34,None,17.66,None,68.34,None,78.02,None,32.00,None,29.68,None
1772828529.8256252,68.68,None,59.67,None,27.34,None,56.67,None,65.33,None,105.01,None,31.34,None,17.66,None,68.34,None,78.02,None,32.00,None,29.68,None
1772828529.828213,68.68,None,59.67,None,27.34,None,56.67,None,65.33,None,105.01,None,31.34,None,17.66,None,68.34,None,78.02,None,32.00,None,29.68,None
1772828553.5638542,68.68,None,64.67,None,27.34,None,56.67,None,69.33,None,47.01,None,31.34,None,17.66,None,38.34,None,35.00,None,32.00,None,29.68,None
1772828553.5663002,68.68,None,64.67,None,27.34,None,56.67,None,69.33,None,47.01,None,31.34,None,17.66,None,38.34,None,35.00,None,32.00,None,29.68,None
1772828553.623944,68.68,None,69.67,None,27.34,None,56.67,None,69.33,None,47.01,None,31.34,None,17.66,None,38.34,None,48.00,None,32.00,None,29.68,None
1772828553.626477,68.68,None,69.67,None,27.34,None,56.67,None,69.33,None,47.01,None,31.34,None,17.66,None,38.34,None,48.00,None,32.00,None,29.68,None
1772828553.6835616,68.68,None,69.67,None,27.34,None,56.67,None,69.33,None,47.01,None,31.34,None,22.66,None,38.34,None,57.00,None,32.00,None,29.68,None
1772828553.6860847,68.68,None,69.67,None,27.34,None,56.67,None,69.33,None,47.01,None,31.34,None,22.66,None,38.34,None,57.00,None,32.00,None,29.68,None
1772828553.7427847,68.68,None,69.67,None,27.34,None,56.67,None,69.33,None,47.01,None,31.34,None,27.66,None,42.34,None,66.00,None,32.00,None,29.68,None
1772828553.7452116,68.68,None,69.67,None,27.34,None,56.67,None,69.33,None,47.01,None,31.34,None,27.66,None,42.34,None,66.00,None,32.00,None,29.68,None
1772828553.8022618,68.68,None,69.67,None,27.34,None,56.67,None,69.33,None,51.01,None,31.34,None,32.66,None,42.34,None,75.00,None,32.00,None,29.68,None
1772828553.8049023,68.68,None,69.67,None,27.34,None,56.67,None,69.33,None,51.01,None,31.34,None,32.66,None,42.34,None,75.00,None,32.00,None,29.68,None
1772828553.9936635,68.68,None,69.67,None,27.34,None,56.67,None,69.33,None,51.01,None,31.34,None,39.99,None,55.34,None,84.00,None,32.00,None,29.68,None
1772828553.99615,68.68,None,69.67,None,27.34,None,56.67,None,69.33,None,51.01,None,31.34,None,39.99,None,55.34,None,84.00,None,32.00,None,29.68,None
1772828576.4562728,64.68,None,56.34,None,27.34,None,58.34,None,60.33,None,59.68,None,31.34,None,22.33,None,21.00,None,62.00,None,32.00,None,29.68,None
1772828576.4586513,64.68,None,56.34,None,27.34,None,58.34,None,60.33,None,59.68,None,31.34,None,22.33,None,21.00,None,62.00,None,32.00,None,29.68,None
1772828576.4994545,64.68,None,56.34,None,27.34,None,63.34,None,69.33,None,64.01,None,31.34,None,22.33,None,21.00,None,66.00,None,32.00,None,29.68,None
1772828576.500708,64.68,None,56.34,None,27.34,None,63.34,None,69.33,None,64.01,None,31.34,None,22.33,None,21.00,None,66.00,None,32.00,None,29.68,None
1772828576.536291,64.68,None,56.34,None,27.34,None,68.34,None,69.33,None,73.01,None,31.34,None,22.33,None,25.00,None,79.00,None,32.00,None,29.68,None
1772828576.5377607,64.68,None,56.34,None,27.34,None,68.34,None,69.33,None,73.01,None,31.34,None,22.33,None,25.00,None,79.00,None,32.00,None,29.68,None
1772828576.5866628,64.68,None,56.34,None,27.34,None,71.67,None,69.33,None,83.68,None,31.34,None,26.33,None,29.33,None,87.67,None,32.00,None,29.68,None
1772828576.5893202,64.68,None,56.34,None,27.34,None,71.67,None,69.33,None,83.68,None,31.34,None,26.33,None,29.33,None,87.67,None,32.00,None,29.68,None
1772828576.650748,68.68,None,56.34,None,27.34,None,82.34,None,69.33,None,92.35,None,31.34,None,26.33,None,29.33,None,91.00,None,32.00,None,29.68,None
1772828576.65344,68.68,None,56.34,None,27.34,None,82.34,None,69.33,None,92.35,None,31.34,None,26.33,None,29.33,None,91.00,None,32.00,None,29.68,None
1772828576.850325,68.68,None,56.34,None,27.34,None,82.34,None,69.33,None,92.35,None,31.34,None,26.33,None,29.33,None,91.00,None,32.00,None,29.68,None
1772828576.8530507,68.68,None,56.34,None,27.34,None,82.34,None,69.33,None,92.35,None,31.34,None,26.33,None,29.33,None,91.00,None,32.00,None,29.68,None
1772828592.5105717,64.68,None,56.34,None,17.33,None,78.34,None,45.67,None,92.35,None,22.34,None,26.33,None,29.33,None,91.00,None,8.33,None,3.34,None
1772828592.5129607,64.68,None,56.34,None,17.33,None,78.34,None,45.67,None,92.35,None,22.34,None,26.33,None,29.33,None,91.00,None,8.33,None,3.34,None
1772828592.5778663,64.68,None,56.34,None,22.33,None,82.34,None,45.67,None,92.35,None,22.34,None,26.33,None,29.33,None,91.00,None,8.33,None,12.34,None
1772828592.5803738,64.68,None,56.34,None,22.33,None,82.34,None,45.67,None,92.35,None,22.34,None,26.33,None,29.33,None,91.00,None,8.33,None,12.34,None
1772828592.6443453,68.68,None,56.34,None,25.66,None,82.34,None,45.67,None,92.35,None,22.34,None,26.33,None,29.33,None,91.00,None,18.67,None,21.34,None
1772828592.6467934,68.68,None,56.34,None,25.66,None,82.34,None,45.67,None,92.35,None,22.34,None,26.33,None,29.33,None,91.00,None,18.67,None,21.34,None
1772828592.8399677,68.68,None,56.34,None,25.66,None,82.34,None,45.67,None,92.35,None,22.34,None,26.33,None,29.33,None,91.00,None,18.67,None,21.34,None
1772828592.8424542,68.68,None,56.34,None,25.66,None,82.34,None,45.67,None,92.35,None,22.34,None,26.33,None,29.33,None,91.00,None,18.67,None,21.34,None
1772828592.9045043,68.68,None,56.34,None,25.66,None,82.34,None,45.67,None,92.35,None,22.34,None,26.33,None,29.33,None,91.00,None,18.67,None,21.34,None
1772828592.9070063,68.68,None,56.34,None,25.66,None,82.34,None,45.67,None,92.35,None,22.34,None,26.33,None,29.33,None,91.00,None,18.67,None,21.34,None
1772828592.9687145,68.68,None,56.34,None,25.66,None,82.34,None,45.67,None,92.35,None,22.34,None,26.33,None,29.33,None,91.00,None,18.67,None,21.34,None
1772828592.9711354,68.68,None,56.34,None,25.66,None,82.34,None,45.67,None,92.35,None,22.34,None,26.33,None,29.33,None,91.00,None,18.67,None,21.34,None
1772828606.5365021,46.01,None,38.67,None,19.00,None,69.34,None,17.00,None,101.35,None,0.00,None,26.33,None,34.33,None,99.67,None,13.67,None,18.00,None
1772828606.5386763,46.01,None,38.67,None,19.00,None,69.34,None,17.00,None,101.35,None,0.00,None,26.33,None,34.33,None,99.67,None,13.67,None,18.00,None
1772828606.5777113,46.01,None,38.67,None,23.33,None,73.34,None,17.00,None,110.35,None,0.00,None,26.33,None,37.66,None,108.34,None,13.67,None,18.00,None
1772828606.5788813,46.01,None,38.67,None,23.33,None,73.34,None,17.00,None,110.35,None,0.00,None,26.33,None,37.66,None,108.34,None,13.67,None,18.00,None
1772828606.6938193,46.01,None,38.67,None,23.33,None,73.34,None,17.00,None,110.35,None,0.00,None,26.33,None,37.66,None,108.34,None,13.67,None,18.00,None
1772828606.6950722,46.01,None,38.67,None,23.33,None,73.34,None,17.00,None,110.35,None,0.00,None,26.33,None,37.66,None,108.34,None,13.67,None,18.00,None
1772828606.732211,46.01,None,38.67,None,23.33,None,73.34,None,17.00,None,110.35,None,0.00,None,26.33,None,37.66,None,108.34,None,13.67,None,18.00,None
1772828606.7334826,46.01,None,38.67,None,23.33,None,73.34,None,17.00,None,110.35,None,0.00,None,26.33,None,37.66,None,108.34,None,13.67,None,18.00,None
1772828606.7701643,46.01,None,38.67,None,23.33,None,73.34,None,17.00,None,110.35,None,0.00,None,26.33,None,37.66,None,108.34,None,13.67,None,18.00,None
1772828606.7713497,46.01,None,38.67,None,23.33,None,73.34,None,17.00,None,110.35,None,0.00,None,26.33,None,37.66,None,108.34,None,13.67,None,18.00,None
1772828606.808307,46.01,None,38.67,None,23.33,None,73.34,None,17.00,None,110.35,None,0.00,None,26.33,None,37.66,None,108.34,None,13.67,None,18.00,None
1772828606.8096027,46.01,None,38.67,None,23.33,None,73.34,None,17.00,None,110.35,None,0.00,None,26.33,None,37.66,None,108.34,None,13.67,None,18.00,None
