timestamp,2.,2.1,5.,5.1,6.,6.1,8.,8.1,9.,9.1,14.,14.1,18.,18.1,23.,23.1,25.,25.1,28.,28.1,33.,33.1,34.,34.1
1772827682.5206602,5.00,None,0.00,None,0.00,None,0.00,None,4.00,None,0.00,None,0.00,None,0.00,None,0.00,None,0.00,None,0.00,None,0.00,None
1772827682.521282,5.00,None,0.00,None,0.00,None,0.00,None,4.00,None,0.00,None,0.00,None,0.00,None,0.00,None,0.00,None,0.00,None,0.00,None
1772827682.5399606,10.00,None,0.00,None,0.00,None,0.00,None,4.00,None,0.00,None,0.00,None,0.00,None,0.00,None,0.00,None,0.00,None,9.00,None
1772827682.5404055,10.00,None,0.00,None,0.00,None,0.00,None,4.00,None,0.00,None,0.00,None,0.00,None,0.00,None,0.00,None,0.00,None,9.00,None
1772827682.5605485,15.00,None,0.00,None,0.00,None,0.00,None,4.00,None,0.00,None,0.00,None,0.00,None,0.00,None,0.00,None,0.00,None,18.00,None
1772827682.5610192,15.00,None,0.00,None,0.00,None,0.00,None,4.00,None,0.00,None,0.00,None,0.00,None,0.00,None,0.00,None,0.00,None,18.00,None
1772827682.5800693,25.34,None,0.00,None,0.00,None,0.00,None,4.00,None,0.00,None,0.00,None,0.00,None,0.00,None,0.00,None,0.00,None,27.00,None
1772827682.5805204,25.34,None,0.00,None,0.00,None,0.00,None,4.00,None,0.00,None,0.00,None,0.00,None,0.00,None,0.00,None,0.00,None,27.00,None
1772827682.6006851,30.34,None,0.00,None,0.00,None,0.00,None,4.00,None,0.00,None,0.00,None,0.00,None,0.00,None,0.00,None,0.00,None,27.00,None
1772827682.6011353,30.34,None,0.00,None,0.00,None,0.00,None,4.00,None,0.00,None,0.00,None,0.00,None,0.00,None,0.00,None,0.00,None,27.00,None
1772827682.620724,35.34,None,0.00,None,0.00,None,0.00,None,13.00,None,0.00,None,0.00,None,0.00,None,0.00,None,0.00,None,0.00,None,27.00,None
1772827682.6213324,35.34,None,0.00,None,0.00,None,0.00,None,13.00,None,0.00,None,0.00,None,0.00,None,0.00,None,0.00,None,0.00,None,27.00,None
1772827704.659525,48.34,None,0.00,None,0.00,None,0.00,None,13.00,None,0.00,None,0.00,None,5.00,None,0.00,None,0.00,None,0.00,None,27.00,None
1772827704.6605093,48.34,None,0.00,None,0.00,None,0.00,None,13.00,None,0.00,None,0.00,None,5.00,None,0.00,None,0.00,None,0.00,None,27.00,None
1772827704.6872678,57.34,None,0.00,None,0.00,None,0.00,None,13.00,None,0.00,None,0.00,None,10.00,None,0.00,None,0.00,None,0.00,None,27.00,None
1772827704.6882217,57.34,None,0.00,None,0.00,None,0.00,None,13.00,None,0.00,None,0.00,None,10.00,None,0.00,None,0.00,None,0.00,None,27.00,None
1772827704.714602,66.34,None,0.00,None,0.00,None,0.00,None,13.00,None,0.00,None,0.00,None,20.34,None,0.00,None,0.00,None,0.00,None,27.00,None
1772827704.7155807,66.34,None,0.00,None,0.00,None,0.00,None,13.00,None,0.00,None,0.00,None,20.34,None,0.00,None,0.00,None,0.00,None,27.00,None
1772827704.7427645,66.34,None,0.00,None,0.00,None,0.00,None,17.00,None,0.00,None,9.00,None,25.34,None,0.00,None,0.00,None,0.00,None,27.00,None
1772827704.7439299,66.34,None,0.00,None,0.00,None,0.00,None,17.00,None,0.00,None,9.00,None,25.34,None,0.00,None,0.00,None,0.00,None,27.00,None
1772827704.771142,66.34,None,4.00,None,0.00,None,0.00,None,17.00,None,0.00,None,18.00,None,30.34,None,0.00,None,0.00,None,0.00,None,27.00,None
1772827704.7723317,66.34,None,4.00,None,0.00,None,0.00,None,17.00,None,0.00,None,18.00,None,30.34,None,0.00,None,0.00,None,0.00,None,27.00,None
1772827704.7985854,66.34,None,4.00,None,0.00,None,0.00,None,26.00,None,0.00,None,26.67,None,35.34,None,0.00,None,0.00,None,0.00,None,27.00,None
1772827704.799809,66.34,None,4.00,None,0.00,None,0.00,None,26.00,None,0.00,None,26.67,None,35.34,None,0.00,None,0.00,None,0.00,None,27.00,None
1772827735.5880759,68.01,None,16.67,None,0.00,None,0.00,None,35.00,None,0.00,None,26.67,None,35.34,None,0.00,None,0.00,None,0.00,None,27.00,None
1772827735.5893257,68.01,None,16.67,None,0.00,None,0.00,None,35.00,None,0.00,None,26.67,None,35.34,None,0.00,None,0.00,None,0.00,None,27.00,None
1772827735.6153011,69.68,None,25.34,None,0.00,None,0.00,None,44.00,None,0.00,None,30.00,None,39.34,None,0.00,None,0.00,None,0.00,None,27.00,None
1772827735.6165373,69.68,None,25.34,None,0.00,None,0.00,None,44.00,None,0.00,None,30.00,None,39.34,None,0.00,None,0.00,None,0.00,None,27.00,None
1772827735.642548,69.68,None,29.67,None,0.00,None,0.00,None,47.33,None,0.00,None,31.67,None,39.34,None,0.00,None,0.00,None,9.00,None,27.00,None
1772827735.6438646,69.68,None,29.67,None,0.00,None,0.00,None,47.33,None,0.00,None,31.67,None,39.34,None,0.00,None,0.00,None,9.00,None,27.00,None
1772827735.6698248,69.68,None,33.00,None,0.00,None,0.00,None,56.33,None,0.00,None,31.67,None,49.68,None,4.00,None,0.00,None,9.00,None,27.00,None
1772827735.6711233,69.68,None,33.00,None,0.00,None,0.00,None,56.33,None,0.00,None,31.67,None,49.68,None,4.00,None,0.00,None,9.00,None,27.00,None
1772827735.6969025,69.68,None,33.00,None,0.00,None,0.00,None,56.33,None,0.00,None,31.67,None,54.68,None,13.00,None,0.00,None,9.00,None,27.00,None
1772827735.6982734,69.68,None,33.00,None,0.00,None,0.00,None,56.33,None,0.00,None,31.67,None,54.68,None,13.00,None,0.00,None,9.00,None,27.00,None
1772827735.7237437,69.68,None,38.00,None,0.00,None,0.00,None,56.33,None,0.00,None,31.67,None,63.68,None,13.00,None,0.00,None,9.00,None,27.00,None
1772827735.7251287,69.68,None,38.00,None,0.00,None,0.00,None,56.33,None,0.00,None,31.67,None,63.68,None,13.00,None,0.00,None,9.00,None,27.00,None
1772827753.650024,69.68,None,38.00,None,0.00,None,0.00,None,56.33,None,0.00,None,31.67,None,67.68,None,13.00,None,5.00,None,9.00,None,27.00,None
1772827753.6516638,69.68,None,38.00,None,0.00,None,0.00,None,56.33,None,0.00,None,31.67,None,67.68,None,13.00,None,5.00,None,9.00,None,27.00,None
1772827753.6826406,69.68,None,38.00,None,0.00,None,0.00,None,56.33,None,0.00,None,31.67,None,67.68,None,13.00,None,10.00,None,9.00,None,27.00,None
1772827753.6848462,69.68,None,38.00,None,0.00,None,0.00,None,56.33,None,0.00,None,31.67,None,67.68,None,13.00,None,10.00,None,9.00,None,27.00,None
1772827753.7203531,69.68,None,47.00,None,0.00,None,0.00,None,56.33,None,0.00,None,31.67,None,67.68,None,25.67,None,15.00,None,9.00,None,27.00,None
1772827753.7227008,69.68,None,47.00,None,0.00,None,0.00,None,56.33,None,0.00,None,31.67,None,67.68,None,25.67,None,15.00,None,9.00,None,27.00,None
1772827753.7589934,69.68,None,56.00,None,0.00,None,0.00,None,56.33,None,0.00,None,31.67,None,67.68,None,34.34,None,20.00,None,9.00,None,27.00,None
1772827753.7613125,69.68,None,56.00,None,0.00,None,0.00,None,56.33,None,0.00,None,31.67,None,67.68,None,34.34,None,20.00,None,9.00,None,27.00,None
1772827753.7971237,69.68,None,65.00,None,0.00,None,0.00,None,56.33,None,0.00,None,31.67,None,67.68,None,43.01,None,25.00,None,9.00,None,27.00,None
1772827753.799593,69.68,None,65.00,None,0.00,None,0.00,None,56.33,None,0.00,None,31.67,None,67.68,None,43.01,None,25.00,None,9.00,None,27.00,None
1772827753.8350651,69.68,None,65.00,None,0.00,None,0.00,None,56.33,None,0.00,None,31.67,None,67.68,None,51.68,None,30.00,None,9.00,None,27.00,None
1772827753.8374782,69.68,None,65.00,None,0.00,None,0.00,None,56.33,None,0.00,None,31.67,None,67.68,None,51.68,None,30.00,None,9.00,None,27.00,None
1772827765.664031,69.68,None,70.00,None,0.00,None,0.00,None,56.33,None,0.00,None,31.67,None,67.68,None,55.68,None,39.00,None,9.00,None,27.00,None
1772827765.6658995,69.68,None,70.00,None,0.00,None,0.00,None,56.33,None,0.00,None,31.67,None,67.68,None,55.68,None,39.00,None,9.00,None,27.00,None
1772827765.6933014,69.68,None,70.00,None,0.00,None,0.00,None,56.33,None,0.00,None,31.67,None,69.35,None,59.01,None,52.00,None,9.00,None,27.00,None
1772827765.6953008,69.68,None,70.00,None,0.00,None,0.00,None,56.33,None,0.00,None,31.67,None,69.35,None,59.01,None,52.00,None,9.00,None,27.00,None
1772827765.8269854,69.68,None,70.00,None,0.00,None,0.00,None,56.33,None,8.67,None,31.67,None,69.35,None,63.34,None,55.33,None,9.00,None,27.00,None
1772827765.8289628,69.68,None,70.00,None,0.00,None,0.00,None,56.33,None,8.67,None,31.67,None,69.35,None,63.34,None,55.33,None,9.00,None,27.00,None
1772827765.856325,69.68,None,70.00,None,0.00,None,0.00,None,56.33,None,17.34,None,31.67,None,69.35,None,63.34,None,58.66,None,9.00,None,27.00,None
1772827765.8583782,69.68,None,70.00,None,0.00,None,0.00,None,56.33,None,17.34,None,31.67,None,69.35,None,63.34,None,58.66,None,9.00,None,27.00,None
1772827765.886116,69.68,None,70.00,None,0.00,None,0.00,None,56.33,None,26.01,None,31.67,None,69.35,None,65.01,None,66.32,None,9.00,None,27.00,None
1772827765.888183,69.68,None,70.00,None,0.00,None,0.00,None,56.33,None,26.01,None,31.67,None,69.35,None,65.01,None,66.32,None,9.00,None,27.00,None
1772827765.915577,69.68,None,70.00,None,0.00,None,0.00,None,56.33,None,26.01,None,31.67,None,69.35,None,65.01,None,66.32,None,9.00,None,27.00,None
1772827765.9176428,69.68,None,70.00,None,0.00,None,0.00,None,56.33,None,26.01,None,31.67,None,69.35,None,65.01,None,66.32,None,9.00,None,27.00,None
1772827790.6925201,69.68,None,70.00,None,0.00,None,0.00,None,56.33,None,26.01,None,31.67,None,69.35,None,65.01,None,66.32,None,9.00,None,27.00,None
1772827790.693984,69.68,None,70.00,None,0.00,None,0.00,None,56.33,None,26.01,None,31.67,None,69.35,None,65.01,None,66.32,None,9.00,None,27.00,None
1772827790.711731,69.68,None,70.00,None,0.00,None,0.00,None,56.33,None,26.01,None,31.67,None,69.35,None,65.01,None,66.32,None,9.00,None,27.00,None
1772827790.7128603,69.68,None,70.00,None,0.00,None,0.00,None,56.33,None,26.01,None,31.67,None,69.35,None,65.01,None,66.32,None,9.00,None,27.00,None
1772827790.7295089,69.68,None,70.00,None,0.00,None,0.00,None,56.33,None,26.01,None,31.67,None,69.35,None,65.01,None,66.32,None,9.00,None,27.00,None
1772827790.730576,69.68,None,70.00,None,0.00,None,0.00,None,56.33,None,26.01,None,31.67,None,69.35,None,65.01,None,66.32,None,9.00,None,27.00,None
1772827790.7487545,69.68,None,70.00,None,0.00,None,0.00,None,56.33,None,26.01,None,31.67,None,69.35,None,65.01,None,66.32,None,9.00,None,27.00,None
1772827790.7499287,69.68,None,70.00,None,0.00,None,0.00,None,56.33,None,26.01,None,31.67,None,69.35,None,65.01,None,66.32,None,9.00,None,27.00,None
1772827790.7705762,69.68,None,70.00,None,0.00,None,0.00,None,56.33,None,26.01,None,31.67,None,69.35,None,65.01,None,66.32,None,9.00,None,27.00,None
1772827790.772473,69.68,None,70.00,None,0.00,None,0.00,None,56.33,None,26.01,None,31.67,None,69.35,None,65.01,None,66.32,None,9.00,None,27.00,None
1772827790.7931042,69.68,None,70.00,None,0.00,None,0.00,None,56.33,None,26.01,None,31.67,None,69.35,None,65.01,None,66.32,None,9.00,None,27.00,None
1772827790.7944,69.68,None,70.00,None,0.00,None,0.00,None,56.33,None,26.01,None,31.67,None,69.35,None,65.01,None,66.32,None,9.00,None,27.00,None
1772827813.733023,34.34,None,70.00,None,5.00,None,0.00,None,47.33,None,26.01,None,31.67,None,69.35,None,65.01,None,66.32,None,9.00,None,0.00,None
1772827813.7349153,34.34,None,70.00,None,5.00,None,0.00,None,47.33,None,26.01,None,31.67,None,69.35,None,65.01,None,66.32,None,9.00,None,0.00,None
1772827813.7747004,38.34,None,70.00,None,10.00,None,0.00,None,47.33,None,26.01,None,31.67,None,69.35,None,65.01,None,66.32,None,17.67,None,9.00,None
1772827813.777069,38.34,None,70.00,None,10.00,None,0.00,None,47.33,None,26.01,None,31.67,None,69.35,None,65.01,None,66.32,None,17.67,None,9.00,None
1772827813.816161,38.34,None,70.00,None,15.00,None,4.00,None,47.33,None,26.01,None,31.67,None,69.35,None,65.01,None,66.32,None,26.34,None,18.00,None
1772827813.81856,38.34,None,70.00,None,15.00,None,4.00,None,47.33,None,26.01,None,31.67,None,69.35,None,65.01,None,66.32,None,26.34,None,18.00,None
1772827813.8569825,38.34,None,70.00,None,20.00,None,4.00,None,47.33,None,26.01,None,31.67,None,69.35,None,65.01,None,66.32,None,26.34,None,27.00,None
1772827813.8594737,38.34,None,70.00,None,20.00,None,4.00,None,47.33,None,26.01,None,31.67,None,69.35,None,65.01,None,66.32,None,26.34,None,27.00,None
1772827813.897987,38.34,None,70.00,None,25.00,None,4.00,None,56.33,None,26.01,None,31.67,None,69.35,None,65.01,None,66.32,None,26.34,None,27.00,None
1772827813.9005415,38.34,None,70.00,None,25.00,None,4.00,None,56.33,None,26.01,None,31.67,None,69.35,None,65.01,None,66.32,None,26.34,None,27.00,None
1772827813.9383054,38.34,None,70.00,None,30.00,None,4.00,None,65.33,None,26.01,None,31.67,None,69.35,None,65.01,None,66.32,None,26.34,None,27.00,None
1772827813.9409034,38.34,None,70.00,None,30.00,None,4.00,None,65.33,None,26.01,None,31.67,None,69.35,None,65.01,None,66.32,None,26.34,None,27.00,None
1772827828.7785358,7.34,None,66.00,None,30.00,None,4.00,None,65.33,None,26.01,None,10.00,None,34.01,None,65.01,None,66.32,None,26.34,None,27.00,None
1772827828.7811167,7.34,None,66.00,None,30.00,None,4.00,None,65.33,None,26.01,None,10.00,None,34.01,None,65.01,None,66.32,None,26.34,None,27.00,None
1772827828.9497242,20.34,None,66.00,None,30.00,None,4.00,None,65.33,None,26.01,None,15.00,None,34.01,None,65.01,None,66.32,None,26.34,None,27.00,None
1772827828.952177,20.34,None,66.00,None,30.00,None,4.00,None,65.33,None,26.01,None,15.00,None,34.01,None,65.01,None,66.32,None,26.34,None,27.00,None
1772827828.9922976,29.34,None,70.00,None,30.00,None,4.00,None,65.33,None,26.01,None,20.00,None,34.01,None,65.01,None,66.32,None,26.34,None,27.00,None
1772827828.9948115,29.34,None,70.00,None,30.00,None,4.00,None,65.33,None,26.01,None,20.00,None,34.01,None,65.01,None,66.32,None,26.34,None,27.00,None
1772827829.0346873,38.01,None,70.00,None,30.00,None,4.00,None,65.33,None,26.01,None,30.67,None,34.01,None,65.01,None,70.32,None,26.34,None,27.00,None
1772827829.0372345,38.01,None,70.00,None,30.00,None,4.00,None,65.33,None,26.01,None,30.67,None,34.01,None,65.01,None,70.32,None,26.34,None,27.00,None
1772827829.0777357,47.01,None,70.00,None,30.00,None,4.00,None,65.33,None,30.01,None,30.67,None,34.01,None,66.68,None,74.65,None,26.34,None,27.00,None
1772827829.0797117,47.01,None,70.00,None,30.00,None,4.00,None,65.33,None,30.01,None,30.67,None,34.01,None,66.68,None,74.65,None,26.34,None,27.00,None
1772827829.1086555,56.01,None,70.00,None,30.00,None,8.00,None,67.00,None,30.01,None,30.67,None,34.01,None,66.68,None,74.65,None,26.34,None,27.00,None
1772827829.1106098,56.01,None,70.00,None,30.00,None,8.00,None,67.00,None,30.01,None,30.67,None,34.01,None,66.68,None,74.65,None,26.34,None,27.00,None
1772827849.8037932,56.01,None,70.00,None,30.00,None,8.00,None,67.00,None,35.01,None,30.67,None,34.01,None,66.68,None,87.65,None,26.34,None,27.00,None
1772827849.8049493,56.01,None,70.00,None,30.00,None,8.00,None,67.00,None,35.01,None,30.67,None,34.01,None,66.68,None,87.65,None,26.34,None,27.00,None
1772827849.8250961,56.01,None,70.00,None,30.00,None,12.00,None,67.00,None,40.01,None,30.67,None,34.01,None,66.68,None,96.65,None,26.34,None,27.00,None
1772827849.8263428,56.01,None,70.00,None,30.00,None,12.00,None,67.00,None,40.01,None,30.67,None,34.01,None,66.68,None,96.65,None,26.34,None,27.00,None
1772827849.8487253,56.01,None,70.00,None,30.00,None,16.33,None,67.00,None,45.01,None,30.67,None,34.01,None,75.68,None,105.32,None,26.34,None,27.00,None
1772827849.8500652,56.01,None,70.00,None,30.00,None,16.33,None,67.00,None,45.01,None,30.67,None,34.01,None,75.68,None,105.32,None,26.34,None,27.00,None
1772827849.870182,56.01,None,70.00,None,30.00,None,16.33,None,67.00,None,52.34,None,30.67,None,34.01,None,84.68,None,118.32,None,26.34,None,27.00,None
1772827849.871378,56.01,None,70.00,None,30.00,None,16.33,None,67.00,None,52.34,None,30.67,None,34.01,None,84.68,None,118.32,None,26.34,None,27.00,None
1772827849.8915439,56.01,None,70.00,None,30.00,None,18.00,None,67.00,None,55.67,None,30.67,None,34.01,None,93.68,None,126.99,None,26.34,None,27.00,None
1772827849.8938773,56.01,None,70.00,None,30.00,None,18.00,None,67.00,None,55.67,None,30.67,None,34.01,None,93.68,None,126.99,None,26.34,None,27.00,None
1772827849.9250896,56.01,None,70.00,None,30.00,None,28.67,None,67.00,None,59.00,None,30.67,None,34.01,None,93.68,None,126.99,None,26.34,None,27.00,None
1772827849.9275277,56.01,None,70.00,None,30.00,None,28.67,None,67.00,None,59.00,None,30.67,None,34.01,None,93.68,None,126.99,None,26.34,None,27.00,None
1772827875.848673,61.67,None,4.00,None,30.00,None,28.67,None,36.67,None,32.99,None,25.67,None,4.00,None,28.67,None,65.67,None,17.34,None,27.00,None
1772827875.8495798,61.67,None,4.00,None,30.00,None,28.67,None,36.67,None,32.99,None,25.67,None,4.00,None,28.67,None,65.67,None,17.34,None,27.00,None
1772827875.8709993,61.67,None,17.00,None,30.00,None,28.67,None,36.67,None,32.99,None,25.67,None,4.00,None,28.67,None,70.67,None,17.34,None,27.00,None
1772827875.8721073,61.67,None,17.00,None,30.00,None,28.67,None,36.67,None,32.99,None,25.67,None,4.00,None,28.67,None,70.67,None,17.34,None,27.00,None
1772827875.8944519,61.67,None,17.00,None,30.00,None,28.67,None,36.67,None,32.99,None,25.67,None,4.00,None,28.67,None,75.67,None,17.34,None,27.00,None
1772827875.895442,61.67,None,17.00,None,30.00,None,28.67,None,36.67,None,32.99,None,25.67,None,4.00,None,28.67,None,75.67,None,17.34,None,27.00,None
1772827875.9854736,61.67,None,17.00,None,30.00,None,28.67,None,36.67,None,32.99,None,25.67,None,4.00,None,32.67,None,80.67,None,17.34,None,27.00,None
1772827875.9864554,61.67,None,17.00,None,30.00,None,28.67,None,36.67,None,32.99,None,25.67,None,4.00,None,32.67,None,80.67,None,17.34,None,27.00,None
1772827876.007179,61.67,None,17.00,None,30.00,None,28.67,None,36.67,None,32.99,None,25.67,None,4.00,None,32.67,None,85.67,None,17.34,None,27.00,None
1772827876.0082061,61.67,None,17.00,None,30.00,None,28.67,None,36.67,None,32.99,None,25.67,None,4.00,None,32.67,None,85.67,None,17.34,None,27.00,None
1772827876.0292404,61.67,None,17.00,None,30.00,None,28.67,None,36.67,None,32.99,None,25.67,None,4.00,None,32.67,None,90.67,None,17.34,None,27.00,None
1772827876.030313,61.67,None,17.00,None,30.00,None,28.67,None,36.67,None,32.99,None,25.67,None,4.00,None,32.67,None,90.67,None,17.34,None,27.00,None
1772827898.8832707,69.33,None,25.67,None,30.00,None,28.67,None,45.67,None,32.99,None,25.67,None,8.00,None,32.67,None,90.67,None,17.34,None,27.00,None
1772827898.8846707,69.33,None,25.67,None,30.00,None,28.67,None,45.67,None,32.99,None,25.67,None,8.00,None,32.67,None,90.67,None,17.34,None,27.00,None
1772827898.9134014,69.33,None,36.01,None,30.00,None,28.67,None,54.67,None,32.99,None,29.00,None,8.00,None,36.67,None,90.67,None,17.34,None,27.00,None
1772827898.9147415,69.33,None,36.01,None,30.00,None,28.67,None,54.67,None,32.99,None,29.00,None,8.00,None,36.67,None,90.67,None,17.34,None,27.00,None
1772827898.944091,69.33,None,37.68,None,30.00,None,28.67,None,58.00,None,32.99,None,29.00,None,8.00,None,36.67,None,90.67,None,26.34,None,27.00,None
1772827898.9457576,69.33,None,37.68,None,30.00,None,28.67,None,58.00,None,32.99,None,29.00,None,8.00,None,36.67,None,90.67,None,26.34,None,27.00,None
1772827898.9816868,69.33,None,42.68,None,30.00,None,28.67,None,67.00,None,32.99,None,29.00,None,16.67,None,36.67,None,90.67,None,26.34,None,27.00,None
1772827898.9844146,69.33,None,42.68,None,30.00,None,28.67,None,67.00,None,32.99,None,29.00,None,16.67,None,36.67,None,90.67,None,26.34,None,27.00,None
1772827899.0285568,69.33,None,53.35,None,30.00,None,28.67,None,67.00,None,32.99,None,29.00,None,25.34,None,36.67,None,90.67,None,26.34,None,27.00,None
1772827899.0323236,69.33,None,53.35,None,30.00,None,28.67,None,67.00,None,32.99,None,29.00,None,25.34,None,36.67,None,90.67,None,26.34,None,27.00,None
1772827899.0762382,69.33,None,58.35,None,30.00,None,28.67,None,67.00,None,32.99,None,29.00,None,34.34,None,45.34,None,90.67,None,26.34,None,27.00,None
1772827899.0790412,69.33,None,58.35,None,30.00,None,28.67,None,67.00,None,32.99,None,29.00,None,34.34,None,45.34,None,90.67,None,26.34,None,27.00,None
1772827916.9046502,69.33,None,63.35,None,30.00,None,28.67,None,67.00,None,32.99,None,29.00,None,43.34,None,58.01,None,90.67,None,26.34,None,27.00,None
1772827916.9061055,69.33,None,63.35,None,30.00,None,28.67,None,67.00,None,32.99,None,29.00,None,43.34,None,58.01,None,90.67,None,26.34,None,27.00,None
1772827916.9274166,69.33,None,65.02,None,30.00,None,37.67,None,67.00,None,32.99,None,29.00,None,43.34,None,58.01,None,94.67,None,26.34,None,27.00,None
1772827916.9286363,69.33,None,65.02,None,30.00,None,37.67,None,67.00,None,32.99,None,29.00,None,43.34,None,58.01,None,94.67,None,26.34,None,27.00,None
1772827916.9489632,69.33,None,65.02,None,30.00,None,46.67,None,67.00,None,32.99,None,30.67,None,43.34,None,58.01,None,94.67,None,26.34,None,30.33,None
1772827916.9503934,69.33,None,65.02,None,30.00,None,46.67,None,67.00,None,32.99,None,30.67,None,43.34,None,58.01,None,94.67,None,26.34,None,30.33,None
1772827916.9723308,69.33,None,65.02,None,30.00,None,55.34,None,68.67,None,32.99,None,30.67,None,43.34,None,58.01,None,94.67,None,26.34,None,30.33,None
1772827916.9737644,69.33,None,65.02,None,30.00,None,55.34,None,68.67,None,32.99,None,30.67,None,43.34,None,58.01,None,94.67,None,26.34,None,30.33,None
1772827917.062259,69.33,None,65.02,None,30.00,None,55.34,None,68.67,None,36.99,None,30.67,None,43.34,None,58.01,None,103.67,None,29.67,None,32.00,None
1772827917.0636232,69.33,None,65.02,None,30.00,None,55.34,None,68.67,None,36.99,None,30.67,None,43.34,None,58.01,None,103.67,None,29.67,None,32.00,None
1772827917.0834699,69.33,None,65.02,None,30.00,None,55.34,None,68.67,None,36.99,None,30.67,None,43.34,None,58.01,None,103.67,None,29.67,None,32.00,None
1772827917.0847747,69.33,None,65.02,None,30.00,None,55.34,None,68.67,None,36.99,None,30.67,None,43.34,None,58.01,None,103.67,None,29.67,None,32.00,None
1772827937.9430556,69.33,None,65.02,None,30.00,None,55.34,None,68.67,None,36.99,None,30.67,None,43.34,None,58.01,None,103.67,None,29.67,None,32.00,None
1772827937.9455087,69.33,None,65.02,None,30.00,None,55.34,None,68.67,None,36.99,None,30.67,None,43.34,None,58.01,None,103.67,None,29.67,None,32.00,None
1772827937.9722068,69.33,None,65.02,None,30.00,None,55.34,None,68.67,None,36.99,None,30.67,None,43.34,None,58.01,None,103.67,None,29.67,None,32.00,None
1772827937.9736643,69.33,None,65.02,None,30.00,None,55.34,None,68.67,None,36.99,None,30.67,None,43.34,None,58.01,None,103.67,None,29.67,None,32.00,None
1772827937.9945292,69.33,None,65.02,None,30.00,None,55.34,None,68.67,None,36.99,None,30.67,None,43.34,None,58.01,None,103.67,None,29.67,None,32.00,None
1772827937.9958,69.33,None,65.02,None,30.00,None,55.34,None,68.67,None,36.99,None,30.67,None,43.34,None,58.01,None,103.67,None,29.67,None,32.00,None
1772827938.0158527,69.33,None,65.02,None,30.00,None,55.34,None,68.67,None,36.99,None,30.67,None,43.34,None,58.01,None,103.67,None,29.67,None,32.00,None
1772827938.017169,69.33,None,65.02,None,30.00,None,55.34,None,68.67,None,36.99,None,30.67,None,43.34,None,58.01,None,103.67,None,29.67,None,32.00,None
1772827938.0371923,69.33,None,65.02,None,30.00,None,55.34,None,68.67,None,36.99,None,30.67,None,43.34,None,58.01,None,103.67,None,29.67,None,32.00,None
1772827938.0386627,69.33,None,65.02,None,30.00,None,55.34,None,68.67,None,36.99,None,30.67,None,43.34,None,58.01,None,103.67,None,29.67,None,32.00,None
1772827938.0587084,69.33,None,65.02,None,30.00,None,55.34,None,68.67,None,36.99,None,30.67,None,43.34,None,58.01,None,103.67,None,29.67,None,32.00,None
1772827938.059971,69.33,None,65.02,None,30.00,None,55.34,None,68.67,None,36.99,None,30.67,None,43.34,None,58.01,None,103.67,None,29.67,None,32.00,None
1772827956.9779725,20.66,None,61.02,None,0.00,None,47.34,None,32.00,None,32.99,None,5.00,None,43.34,None,56.34,None,100.34,None,12.33,None,5.00,None
1772827956.9799023,20.66,None,61.02,None,0.00,None,47.34,None,32.00,None,32.99,None,5.00,None,43.34,None,56.34,None,100.34,None,12.33,None,5.00,None
1772827957.018014,20.66,None,61.02,None,0.00,None,47.34,None,32.00,None,36.32,None,5.00,None,47.67,None,56.34,None,111.01,None,12.33,None,5.00,None
1772827957.0198896,20.66,None,61.02,None,0.00,None,47.34,None,32.00,None,36.32,None,5.00,None,47.67,None,56.34,None,111.01,None,12.33,None,5.00,None
1772827957.056709,20.66,None,62.69,None,0.00,None,47.34,None,36.00,None,39.65,None,5.00,None,47.67,None,65.34,None,119.68,None,12.33,None,5.00,None
1772827957.058651,20.66,None,62.69,None,0.00,None,47.34,None,36.00,None,39.65,None,5.00,None,47.67,None,65.34,None,119.68,None,12.33,None,5.00,None
1772827957.2106826,20.66,None,62.69,None,0.00,None,47.34,None,36.00,None,44.65,None,5.00,None,47.67,None,65.34,None,123.68,None,12.33,None,5.00,None
1772827957.2126513,20.66,None,62.69,None,0.00,None,47.34,None,36.00,None,44.65,None,5.00,None,47.67,None,65.34,None,123.68,None,12.33,None,5.00,None
1772827957.2500093,20.66,None,62.69,None,0.00,None,60.01,None,36.00,None,49.65,None,5.00,None,47.67,None,65.34,None,123.68,None,12.33,None,14.00,None
1772827957.2520742,20.66,None,62.69,None,0.00,None,60.01,None,36.00,None,49.65,None,5.00,None,47.67,None,65.34,None,123.68,None,12.33,None,14.00,None
1772827957.2898915,20.66,None,62.69,None,0.00,None,68.68,None,36.00,None,57.31,None,5.00,None,47.67,None,65.34,None,123.68,None,12.33,None,23.00,None
1772827957.2919962,20.66,None,62.69,None,0.00,None,68.68,None,36.00,None,57.31,None,5.00,None,47.67,None,65.34,None,123.68,None,12.33,None,23.00,None
1772827971.0029566,20.66,None,67.69,None,0.00,None,68.68,None,40.00,None,57.31,None,5.00,None,47.67,None,65.34,None,123.68,None,12.33,None,23.00,None
1772827971.004169,20.66,None,67.69,None,0.00,None,68.68,None,40.00,None,57.31,None,5.00,None,47.67,None,65.34,None,123.68,None,12.33,None,23.00,None
1772827971.026963,20.66,None,67.69,None,0.00,None,68.68,None,40.00,None,57.31,None,5.00,None,47.67,None,65.34,None,123.68,None,12.33,None,23.00,None
1772827971.0281866,20.66,None,67.69,None,0.00,None,68.68,None,40.00,None,57.31,None,5.00,None,47.67,None,65.34,None,123.68,None,12.33,None,23.00,None
1772827971.051043,20.66,None,67.69,None,0.00,None,68.68,None,40.00,None,57.31,None,5.00,None,47.67,None,65.34,None,123.68,None,12.33,None,23.00,None
1772827971.052252,20.66,None,67.69,None,0.00,None,68.68,None,40.00,None,57.31,None,5.00,None,47.67,None,65.34,None,123.68,None,12.33,None,23.00,None
1772827971.0747125,20.66,None,67.69,None,0.00,None,68.68,None,40.00,None,57.31,None,5.00,None,47.67,None,65.34,None,123.68,None,12.33,None,23.00,None
1772827971.075896,20.66,None,67.69,None,0.00,None,68.68,None,40.00,None,57.31,None,5.00,None,47.67,None,65.34,None,123.68,None,12.33,None,23.00,None
1772827971.0985513,20.66,None,67.69,None,0.00,None,68.68,None,40.00,None,57.31,None,5.00,None,47.67,None,65.34,None,123.68,None,12.33,None,23.00,None
1772827971.0997474,20.66,None,67.69,None,0.00,None,68.68,None,40.00,None,57.31,None,5.00,None,47.67,None,65.34,None,123.68,None,12.33,None,23.00,None
1772827971.122457,20.66,None,67.69,None,0.00,None,68.68,None,40.00,None,57.31,None,5.00,None,47.67,None,65.34,None,123.68,None,12.33,None,23.00,None
1772827971.123553,20.66,None,67.69,None,0.00,None,68.68,None,40.00,None,57.31,None,5.00,None,47.67,None,65.34,None,123.68,None,12.33,None,23.00,None
1772827994.0642443,15.66,None,54.69,None,0.00,None,48.01,None,40.00,None,28.32,None,5.00,None,43.67,None,34.34,None,46.34,None,12.33,None,23.00,None
1772827994.0663474,15.66,None,54.69,None,0.00,None,48.01,None,40.00,None,28.32,None,5.00,None,43.67,None,34.34,None,46.34,None,12.33,None,23.00,None
1772827994.181204,24.66,None,58.69,None,0.00,None,48.01,None,40.00,None,28.32,None,5.00,None,52.34,None,34.34,None,51.34,None,12.33,None,23.00,None
1772827994.1824257,24.66,None,58.69,None,0.00,None,48.01,None,40.00,None,28.32,None,5.00,None,52.34,None,34.34,None,51.34,None,12.33,None,23.00,None
1772827994.2221308,33.66,None,58.69,None,0.00,None,48.01,None,40.00,None,28.32,None,5.00,None,61.01,None,34.34,None,56.34,None,12.33,None,23.00,None
1772827994.222989,33.66,None,58.69,None,0.00,None,48.01,None,40.00,None,28.32,None,5.00,None,61.01,None,34.34,None,56.34,None,12.33,None,23.00,None
1772827994.2461143,42.66,None,58.69,None,0.00,None,48.01,None,40.00,None,28.32,None,5.00,None,69.68,None,34.34,None,61.34,None,12.33,None,23.00,None
1772827994.2470114,42.66,None,58.69,None,0.00,None,48.01,None,40.00,None,28.32,None,5.00,None,69.68,None,34.34,None,61.34,None,12.33,None,23.00,None
1772827994.2701166,42.66,None,58.69,None,0.00,None,48.01,None,40.00,None,28.32,None,5.00,None,69.68,None,34.34,None,66.34,None,12.33,None,32.00,None
1772827994.2710004,42.66,None,58.69,None,0.00,None,48.01,None,40.00,None,28.32,None,5.00,None,69.68,None,34.34,None,66.34,None,12.33,None,32.00,None
1772827994.2937083,42.66,None,58.69,None,0.00,None,48.01,None,40.00,None,28.32,None,5.00,None,69.68,None,34.34,None,71.34,None,12.33,None,32.00,None
1772827994.294649,42.66,None,58.69,None,0.00,None,48.01,None,40.00,None,28.32,None,5.00,None,69.68,None,34.34,None,71.34,None,12.33,None,32.00,None
1772828015.0815375,42.66,None,62.69,None,0.00,None,48.01,None,40.00,None,28.32,None,5.00,None,69.68,None,34.34,None,76.34,None,12.33,None,32.00,None
1772828015.0826142,42.66,None,62.69,None,0.00,None,48.01,None,40.00,None,28.32,None,5.00,None,69.68,None,34.34,None,76.34,None,12.33,None,32.00,None
1772828015.1061597,42.66,None,62.69,None,0.00,None,48.01,None,40.00,None,28.32,None,5.00,None,69.68,None,34.34,None,81.34,None,12.33,None,32.00,None
1772828015.107208,42.66,None,62.69,None,0.00,None,48.01,None,40.00,None,28.32,None,5.00,None,69.68,None,34.34,None,81.34,None,12.33,None,32.00,None
1772828015.1311,42.66,None,62.69,None,0.00,None,48.01,None,40.00,None,28.32,None,5.00,None,69.68,None,38.34,None,86.34,None,12.33,None,32.00,None
1772828015.132155,42.66,None,62.69,None,0.00,None,48.01,None,40.00,None,28.32,None,5.00,None,69.68,None,38.34,None,86.34,None,12.33,None,32.00,None
1772828015.1552591,42.66,None,62.69,None,0.00,None,48.01,None,40.00,None,28.32,None,14.00,None,69.68,None,51.34,None,93.67,None,12.33,None,32.00,None
1772828015.1562853,42.66,None,62.69,None,0.00,None,48.01,None,40.00,None,28.32,None,14.00,None,69.68,None,51.34,None,93.67,None,12.33,None,32.00,None
1772828015.1796403,42.66,None,62.69,None,0.00,None,48.01,None,40.00,None,32.32,None,23.00,None,69.68,None,60.01,None,98.67,None,12.33,None,32.00,None
1772828015.1807632,42.66,None,62.69,None,0.00,None,48.01,None,40.00,None,32.32,None,23.00,None,69.68,None,60.01,None,98.67,None,12.33,None,32.00,None
1772828015.2040854,42.66,None,62.69,None,0.00,None,48.01,None,40.00,None,32.32,None,32.00,None,69.68,None,68.68,None,103.67,None,12.33,None,32.00,None
1772828015.2052047,42.66,None,62.69,None,0.00,None,48.01,None,40.00,None,32.32,None,32.00,None,69.68,None,68.68,None,103.67,None,12.33,None,32.00,None
1772828042.236616,35.00,None,19.00,None,0.00,None,21.34,None,17.00,None,28.32,None,27.00,None,37.67,None,43.34,None,90.67,None,0.00,None,27.00,None
1772828042.2375698,35.00,None,19.00,None,0.00,None,21.34,None,17.00,None,28.32,None,27.00,None,37.67,None,43.34,None,90.67,None,0.00,None,27.00,None
1772828042.290412,35.00,None,19.00,None,0.00,None,21.34,None,26.00,None,28.32,None,27.00,None,41.00,None,43.34,None,90.67,None,0.00,None,27.00,None
1772828042.2920785,35.00,None,19.00,None,0.00,None,21.34,None,26.00,None,28.32,None,27.00,None,41.00,None,43.34,None,90.67,None,0.00,None,27.00,None
1772828042.332076,35.00,None,19.00,None,0.00,None,21.34,None,35.00,None,28.32,None,27.00,None,44.33,None,43.34,None,90.67,None,0.00,None,27.00,None
1772828042.3337557,35.00,None,19.00,None,0.00,None,21.34,None,35.00,None,28.32,None,27.00,None,44.33,None,43.34,None,90.67,None,0.00,None,27.00,None
1772828042.3732746,44.00,None,27.67,None,0.00,None,21.34,None,35.00,None,28.32,None,27.00,None,47.66,None,43.34,None,90.67,None,0.00,None,27.00,None
1772828042.3751614,44.00,None,27.67,None,0.00,None,21.34,None,35.00,None,28.32,None,27.00,None,47.66,None,43.34,None,90.67,None,0.00,None,27.00,None
1772828042.4156308,57.33,None,38.01,None,0.00,None,21.34,None,35.00,None,28.32,None,27.00,None,50.99,None,43.34,None,90.67,None,0.00,None,27.00,None
1772828042.4175205,57.33,None,38.01,None,0.00,None,21.34,None,35.00,None,28.32,None,27.00,None,50.99,None,43.34,None,90.67,None,0.00,None,27.00,None
1772828042.443387,66.33,None,48.35,None,0.00,None,21.34,None,35.00,None,28.32,None,27.00,None,54.32,None,43.34,None,90.67,None,0.00,None,27.00,None
1772828042.4444737,66.33,None,48.35,None,0.00,None,21.34,None,35.00,None,28.32,None,27.00,None,54.32,None,43.34,None,90.67,None,0.00,None,27.00,None
1772828060.5070634,8.00,None,None,None,0.00,None,0.00,None,0.00,None,4.00,None,27.00,None,5.00,None,34.34,None,32.33,None,0.00,None,0.00,None
1772828060.5076873,8.00,None,None,None,0.00,None,0.00,None,0.00,None,4.00,None,27.00,None,5.00,None,34.34,None,32.33,None,0.00,None,0.00,None
1772828060.530749,8.00,None,None,None,0.00,None,0.00,None,0.00,None,4.00,None,27.00,None,13.67,None,38.34,None,37.33,None,0.00,None,0.00,None
1772828060.5313313,8.00,None,None,None,0.00,None,0.00,None,0.00,None,4.00,None,27.00,None,13.67,None,38.34,None,37.33,None,0.00,None,0.00,None
1772828060.554478,16.67,None,None,None,0.00,None,0.00,None,4.00,None,4.00,None,27.00,None,18.67,None,38.34,None,37.33,None,0.00,None,0.00,None
1772828060.5552177,16.67,None,None,None,0.00,None,0.00,None,4.00,None,4.00,None,27.00,None,18.67,None,38.34,None,37.33,None,0.00,None,0.00,None
1772828060.5816345,25.67,None,None,None,0.00,None,0.00,None,4.00,None,4.00,None,27.00,None,27.34,None,38.34,None,42.33,None,0.00,None,0.00,None
1772828060.5824971,25.67,None,None,None,0.00,None,0.00,None,4.00,None,4.00,None,27.00,None,27.34,None,38.34,None,42.33,None,0.00,None,0.00,None
1772828060.6787076,34.34,None,None,None,0.00,None,0.00,None,4.00,None,4.00,None,27.00,None,32.34,None,38.34,None,42.33,None,0.00,None,9.00,None
1772828060.6794505,34.34,None,None,None,0.00,None,0.00,None,4.00,None,4.00,None,27.00,None,32.34,None,38.34,None,42.33,None,0.00,None,9.00,None
1772828060.7031007,43.34,None,None,None,0.00,None,0.00,None,4.00,None,4.00,None,27.00,None,41.01,None,38.34,None,47.33,None,0.00,None,9.00,None
1772828060.7037623,43.34,None,None,None,0.00,None,0.00,None,4.00,None,4.00,None,27.00,None,41.01,None,38.34,None,47.33,None,0.00,None,9.00,None
1772828060.7288318,52.01,None,None,None,0.00,None,0.00,None,4.00,None,4.00,None,27.00,None,46.01,None,38.34,None,47.33,None,0.00,None,18.00,None
1772828060.729686,52.01,None,None,None,0.00,None,0.00,None,4.00,None,4.00,None,27.00,None,46.01,None,38.34,None,47.33,None,0.00,None,18.00,None
1772828060.7548149,61.01,None,None,None,0.00,None,0.00,None,4.00,None,4.00,None,27.00,None,54.68,None,38.34,None,52.33,None,0.00,None,18.00,None
1772828060.755613,61.01,None,None,None,0.00,None,0.00,None,4.00,None,4.00,None,27.00,None,54.68,None,38.34,None,52.33,None,0.00,None,18.00,None
1772828060.7794409,69.68,None,None,None,0.00,None,0.00,None,4.00,None,4.00,None,27.00,None,59.68,None,38.34,None,52.33,None,0.00,None,27.00,None
1772828060.7803552,69.68,None,None,None,0.00,None,0.00,None,4.00,None,4.00,None,27.00,None,59.68,None,38.34,None,52.33,None,0.00,None,27.00,None
1772828060.8057601,69.68,None,None,None,0.00,None,0.00,None,4.00,None,4.00,None,27.00,None,59.68,None,38.34,None,57.33,None,0.00,None,27.00,None
1772828060.8066902,69.68,None,None,None,0.00,None,0.00,None,4.00,None,4.00,None,27.00,None,59.68,None,38.34,None,57.33,None,0.00,None,27.00,None
1772828060.8333712,69.68,None,None,None,0.00,None,0.00,None,4.00,None,4.00,None,27.00,None,64.68,None,38.34,None,57.33,None,0.00,None,27.00,None
1772828060.8346684,69.68,None,None,None,0.00,None,0.00,None,4.00,None,4.00,None,27.00,None,64.68,None,38.34,None,57.33,None,0.00,None,27.00,None
1772828060.8591387,69.68,None,None,None,0.00,None,0.00,None,4.00,None,4.00,None,27.00,None,64.68,None,38.34,None,62.33,None,0.00,None,27.00,None
1772828060.8600945,69.68,None,None,None,0.00,None,0.00,None,4.00,None,4.00,None,27.00,None,64.68,None,38.34,None,62.33,None,0.00,None,27.00,None
1772828060.8857174,69.68,None,None,None,0.00,None,0.00,None,17.00,None,4.00,None,30.33,None,64.68,None,38.34,None,62.33,None,0.00,None,27.00,None
1772828060.886709,69.68,None,None,None,0.00,None,0.00,None,17.00,None,4.00,None,30.33,None,64.68,None,38.34,None,62.33,None,0.00,None,27.00,None
1772828066.2743754,69.68,None,None,None,0.00,None,0.00,None,26.00,None,4.00,None,30.33,None,68.68,None,51.34,None,62.33,None,0.00,None,27.00,None
1772828066.2753067,69.68,None,None,None,0.00,None,0.00,None,26.00,None,4.00,None,30.33,None,68.68,None,51.34,None,62.33,None,0.00,None,27.00,None
1772828066.363514,69.68,None,None,None,0.00,None,0.00,None,26.00,None,4.00,None,30.33,None,68.68,None,56.34,None,75.33,None,0.00,None,27.00,None
1772828066.364454,69.68,None,None,None,0.00,None,0.00,None,26.00,None,4.00,None,30.33,None,68.68,None,56.34,None,75.33,None,0.00,None,27.00,None
1772828066.3870454,69.68,None,None,None,0.00,None,0.00,None,35.00,None,4.00,None,30.33,None,68.68,None,69.01,None,82.99,None,0.00,None,27.00,None
1772828066.3879619,69.68,None,None,None,0.00,None,0.00,None,35.00,None,4.00,None,30.33,None,68.68,None,69.01,None,82.99,None,0.00,None,27.00,None
1772828066.4107661,69.68,None,None,None,0.00,None,0.00,None,44.00,None,4.00,None,30.33,None,68.68,None,77.68,None,86.32,None,0.00,None,27.00,None
1772828066.4117322,69.68,None,None,None,0.00,None,0.00,None,44.00,None,4.00,None,30.33,None,68.68,None,77.68,None,86.32,None,0.00,None,27.00,None
1772828066.4343464,69.68,None,None,None,0.00,None,0.00,None,44.00,None,12.67,None,30.33,None,68.68,None,77.68,None,89.65,None,0.00,None,27.00,None
1772828066.4353616,69.68,None,None,None,0.00,None,0.00,None,44.00,None,12.67,None,30.33,None,68.68,None,77.68,None,89.65,None,0.00,None,27.00,None
1772828066.4581053,69.68,None,None,None,0.00,None,0.00,None,44.00,None,21.34,None,30.33,None,68.68,None,79.35,None,92.98,None,0.00,None,27.00,None
1772828066.4591131,69.68,None,None,None,0.00,None,0.00,None,44.00,None,21.34,None,30.33,None,68.68,None,79.35,None,92.98,None,0.00,None,27.00,None
1772828087.3218248,69.68,None,0.00,None,0.00,None,0.00,None,44.00,None,21.34,None,30.33,None,68.68,None,79.35,None,92.98,None,0.00,None,27.00,None
1772828087.323865,69.68,None,0.00,None,0.00,None,0.00,None,44.00,None,21.34,None,30.33,None,68.68,None,79.35,None,92.98,None,0.00,None,27.00,None
1772828087.3640554,69.68,None,0.00,None,0.00,None,0.00,None,44.00,None,21.34,None,30.33,None,68.68,None,79.35,None,92.98,None,0.00,None,27.00,None
1772828087.3660235,69.68,None,0.00,None,0.00,None,0.00,None,44.00,None,21.34,None,30.33,None,68.68,None,79.35,None,92.98,None,0.00,None,27.00,None
1772828087.405172,69.68,None,0.00,None,0.00,None,0.00,None,44.00,None,21.34,None,30.33,None,68.68,None,79.35,None,92.98,None,0.00,None,27.00,None
1772828087.4071605,69.68,None,0.00,None,0.00,None,0.00,None,44.00,None,21.34,None,30.33,None,68.68,None,79.35,None,92.98,None,0.00,None,27.00,None
1772828087.4454923,69.68,None,0.00,None,0.00,None,0.00,None,44.00,None,21.34,None,30.33,None,68.68,None,79.35,None,92.98,None,0.00,None,27.00,None
1772828087.4474504,69.68,None,0.00,None,0.00,None,0.00,None,44.00,None,21.34,None,30.33,None,68.68,None,79.35,None,92.98,None,0.00,None,27.00,None
1772828087.622329,69.68,None,0.00,None,0.00,None,0.00,None,44.00,None,21.34,None,30.33,None,68.68,None,79.35,None,92.98,None,0.00,None,27.00,None
1772828087.6244533,69.68,None,0.00,None,0.00,None,0.00,None,44.00,None,21.34,None,30.33,None,68.68,None,79.35,None,92.98,None,0.00,None,27.00,None
1772828087.664366,69.68,None,0.00,None,0.00,None,0.00,None,44.00,None,21.34,None,30.33,None,68.68,None,79.35,None,92.98,None,0.00,None,27.00,None
1772828087.6664057,69.68,None,0.00,None,0.00,None,0.00,None,44.00,None,21.34,None,30.33,None,68.68,None,79.35,None,92.98,None,0.00,None,27.00,None
1772828112.3829281,69.68,None,0.00,None,0.00,None,0.00,None,31.00,None,26.34,None,27.00,None,68.68,None,79.35,None,105.98,None,0.00,None,27.00,None
1772828112.3848095,69.68,None,0.00,None,0.00,None,0.00,None,31.00,None,26.34,None,27.00,None,68.68,None,79.35,None,105.98,None,0.00,None,27.00,None
1772828112.4248567,69.68,None,0.00,None,0.00,None,4.00,None,31.00,None,31.34,None,27.00,None,68.68,None,79.35,None,114.98,None,0.00,None,27.00,None
1772828112.426928,69.68,None,0.00,None,0.00,None,4.00,None,31.00,None,31.34,None,27.00,None,68.68,None,79.35,None,114.98,None,0.00,None,27.00,None
1772828112.4666595,69.68,None,0.00,None,0.00,None,4.00,None,31.00,None,36.34,None,27.00,None,68.68,None,88.35,None,123.65,None,0.00,None,27.00,None
1772828112.4678524,69.68,None,0.00,None,0.00,None,4.00,None,31.00,None,36.34,None,27.00,None,68.68,None,88.35,None,123.65,None,0.00,None,27.00,None
1772828112.5079973,69.68,None,0.00,None,0.00,None,4.00,None,31.00,None,46.68,None,27.00,None,68.68,None,97.35,None,123.65,None,0.00,None,27.00,None
1772828112.5094373,69.68,None,0.00,None,0.00,None,4.00,None,31.00,None,46.68,None,27.00,None,68.68,None,97.35,None,123.65,None,0.00,None,27.00,None
1772828112.5508697,69.68,None,0.00,None,0.00,None,4.00,None,31.00,None,57.02,None,27.00,None,68.68,None,106.35,None,123.65,None,0.00,None,27.00,None
1772828112.5523286,69.68,None,0.00,None,0.00,None,4.00,None,31.00,None,57.02,None,27.00,None,68.68,None,106.35,None,123.65,None,0.00,None,27.00,None
1772828112.5764053,69.68,None,0.00,None,0.00,None,13.00,None,31.00,None,62.02,None,27.00,None,68.68,None,106.35,None,123.65,None,0.00,None,27.00,None
1772828112.5779245,69.68,None,0.00,None,0.00,None,13.00,None,31.00,None,62.02,None,27.00,None,68.68,None,106.35,None,123.65,None,0.00,None,27.00,None
1772828135.3883169,38.68,None,0.00,None,0.00,None,13.00,None,38.33,None,58.02,None,0.00,None,34.00,None,68.01,None,61.32,None,9.00,None,31.33,None
1772828135.389974,38.68,None,0.00,None,0.00,None,13.00,None,38.33,None,58.02,None,0.00,None,34.00,None,68.01,None,61.32,None,9.00,None,31.33,None
1772828135.5568953,42.68,None,0.00,None,0.00,None,13.00,None,43.33,None,58.02,None,8.67,None,34.00,None,68.01,None,61.32,None,9.00,None,31.33,None
1772828135.5586176,42.68,None,0.00,None,0.00,None,13.00,None,43.33,None,58.02,None,8.67,None,34.00,None,68.01,None,61.32,None,9.00,None,31.33,None
1772828135.6036448,42.68,None,4.00,None,0.00,None,13.00,None,53.67,None,58.02,None,13.00,None,34.00,None,68.01,None,61.32,None,18.00,None,31.33,None
1772828135.6053755,42.68,None,4.00,None,0.00,None,13.00,None,53.67,None,58.02,None,13.00,None,34.00,None,68.01,None,61.32,None,18.00,None,31.33,None
1772828135.6501858,51.68,None,4.00,None,0.00,None,13.00,None,58.67,None,58.02,None,13.00,None,34.00,None,68.01,None,61.32,None,18.00,None,31.33,None
1772828135.651917,51.68,None,4.00,None,0.00,None,13.00,None,58.67,None,58.02,None,13.00,None,34.00,None,68.01,None,61.32,None,18.00,None,31.33,None
1772828135.6967082,60.68,None,4.00,None,0.00,None,13.00,None,63.67,None,58.02,None,13.00,None,34.00,None,68.01,None,61.32,None,18.00,None,31.33,None
1772828135.6985335,60.68,None,4.00,None,0.00,None,13.00,None,63.67,None,58.02,None,13.00,None,34.00,None,68.01,None,61.32,None,18.00,None,31.33,None
1772828135.742437,69.68,None,4.00,None,0.00,None,13.00,None,68.67,None,58.02,None,21.67,None,34.00,None,68.01,None,61.32,None,18.00,None,31.33,None
1772828135.7443826,69.68,None,4.00,None,0.00,None,13.00,None,68.67,None,58.02,None,21.67,None,34.00,None,68.01,None,61.32,None,18.00,None,31.33,None
1772828151.4154425,69.68,None,4.00,None,5.00,None,13.00,None,68.67,None,58.02,None,21.67,None,34.00,None,68.01,None,61.32,None,27.00,None,31.33,None
1772828151.41646,69.68,None,4.00,None,5.00,None,13.00,None,68.67,None,58.02,None,21.67,None,34.00,None,68.01,None,61.32,None,27.00,None,31.33,None
1772828151.4430256,69.68,None,4.00,None,10.00,None,26.00,None,68.67,None,58.02,None,21.67,None,34.00,None,68.01,None,61.32,None,27.00,None,31.33,None
1772828151.4442093,69.68,None,4.00,None,10.00,None,26.00,None,68.67,None,58.02,None,21.67,None,34.00,None,68.01,None,61.32,None,27.00,None,31.33,None
1772828151.4706707,69.68,None,4.00,None,15.00,None,35.00,None,68.67,None,58.02,None,21.67,None,34.00,None,68.01,None,61.32,None,27.00,None,31.33,None
1772828151.4717524,69.68,None,4.00,None,15.00,None,35.00,None,68.67,None,58.02,None,21.67,None,34.00,None,68.01,None,61.32,None,27.00,None,31.33,None
1772828151.4973934,69.68,None,4.00,None,20.00,None,44.00,None,68.67,None,58.02,None,21.67,None,34.00,None,68.01,None,61.32,None,27.00,None,31.33,None
1772828151.4984183,69.68,None,4.00,None,20.00,None,44.00,None,68.67,None,58.02,None,21.67,None,34.00,None,68.01,None,61.32,None,27.00,None,31.33,None
1772828151.601238,69.68,None,4.00,None,30.67,None,52.67,None,68.67,None,58.02,None,21.67,None,34.00,None,68.01,None,61.32,None,27.00,None,31.33,None
1772828151.602525,69.68,None,4.00,None,30.67,None,52.67,None,68.67,None,58.02,None,21.67,None,34.00,None,68.01,None,61.32,None,27.00,None,31.33,None
1772828151.6283224,69.68,None,17.00,None,30.67,None,52.67,None,68.67,None,58.02,None,29.33,None,34.00,None,68.01,None,61.32,None,28.67,None,31.33,None
1772828151.6294835,69.68,None,17.00,None,30.67,None,52.67,None,68.67,None,58.02,None,29.33,None,34.00,None,68.01,None,61.32,None,28.67,None,31.33,None
1772828178.4563365,35.00,None,17.00,None,30.67,None,52.67,None,37.67,None,40.68,None,29.33,None,0.00,None,27.00,None,35.67,None,28.67,None,4.33,None
1772828178.4572036,35.00,None,17.00,None,30.67,None,52.67,None,37.67,None,40.68,None,29.33,None,0.00,None,27.00,None,35.67,None,28.67,None,4.33,None
1772828178.483157,44.00,None,17.00,None,30.67,None,52.67,None,37.67,None,42.35,None,29.33,None,0.00,None,27.00,None,39.00,None,28.67,None,4.33,None
1772828178.484042,44.00,None,17.00,None,30.67,None,52.67,None,37.67,None,42.35,None,29.33,None,0.00,None,27.00,None,39.00,None,28.67,None,4.33,None
1772828178.5099704,53.00,None,17.00,None,30.67,None,52.67,None,37.67,None,44.02,None,29.33,None,8.67,None,27.00,None,46.33,None,28.67,None,4.33,None
1772828178.5108433,53.00,None,17.00,None,30.67,None,52.67,None,37.67,None,44.02,None,29.33,None,8.67,None,27.00,None,46.33,None,28.67,None,4.33,None
1772828178.5370102,62.00,None,17.00,None,30.67,None,52.67,None,37.67,None,45.69,None,29.33,None,17.34,None,27.00,None,49.66,None,28.67,None,4.33,None
1772828178.5378902,62.00,None,17.00,None,30.67,None,52.67,None,37.67,None,45.69,None,29.33,None,17.34,None,27.00,None,49.66,None,28.67,None,4.33,None
1772828178.5637333,62.00,None,17.00,None,30.67,None,52.67,None,37.67,None,50.69,None,29.33,None,17.34,None,27.00,None,49.66,None,28.67,None,4.33,None
1772828178.564637,62.00,None,17.00,None,30.67,None,52.67,None,37.67,None,50.69,None,29.33,None,17.34,None,27.00,None,49.66,None,28.67,None,4.33,None
1772828178.5905442,62.00,None,17.00,None,30.67,None,52.67,None,37.67,None,55.69,None,29.33,None,17.34,None,27.00,None,49.66,None,28.67,None,4.33,None
1772828178.5914762,62.00,None,17.00,None,30.67,None,52.67,None,37.67,None,55.69,None,29.33,None,17.34,None,27.00,None,49.66,None,28.67,None,4.33,None
1772828180.509672,4.00,None,0.00,None,0.00,None,0.00,None,0.00,None,0.00,None,0.00,None,0.00,None,0.00,None,5.00,None,0.00,None,None,None
1772828180.5101912,4.00,None,0.00,None,0.00,None,0.00,None,0.00,None,0.00,None,0.00,None,0.00,None,0.00,None,5.00,None,0.00,None,None,None
1772828180.6047719,4.00,None,0.00,None,5.00,None,0.00,None,4.00,None,0.00,None,0.00,None,0.00,None,0.00,None,5.00,None,9.00,None,None,None
1772828180.6052866,4.00,None,0.00,None,5.00,None,0.00,None,4.00,None,0.00,None,0.00,None,0.00,None,0.00,None,5.00,None,9.00,None,None,None
1772828180.6329184,4.00,None,0.00,None,5.00,None,0.00,None,11.33,None,0.00,None,0.00,None,0.00,None,0.00,None,5.00,None,9.00,None,None,None
1772828180.6334693,4.00,None,0.00,None,5.00,None,0.00,None,11.33,None,0.00,None,0.00,None,0.00,None,0.00,None,5.00,None,9.00,None,None,None
1772828180.6602468,8.00,None,0.00,None,5.00,None,0.00,None,11.33,None,0.00,None,0.00,None,0.00,None,0.00,None,10.00,None,9.00,None,None,None
1772828180.6608248,8.00,None,0.00,None,5.00,None,0.00,None,11.33,None,0.00,None,0.00,None,0.00,None,0.00,None,10.00,None,9.00,None,None,None
1772828180.7004333,8.00,None,0.00,None,5.00,None,0.00,None,11.33,None,1.67,None,0.00,None,8.67,None,0.00,None,13.33,None,9.00,None,None,None
1772828180.7014174,8.00,None,0.00,None,5.00,None,0.00,None,11.33,None,1.67,None,0.00,None,8.67,None,0.00,None,13.33,None,9.00,None,None,None
1772828180.746416,8.00,None,0.00,None,10.00,None,0.00,None,11.33,None,1.67,None,0.00,None,8.67,None,0.00,None,13.33,None,18.00,None,None,None
1772828180.747434,8.00,None,0.00,None,10.00,None,0.00,None,11.33,None,1.67,None,0.00,None,8.67,None,0.00,None,13.33,None,18.00,None,None,None
1772828180.7925296,8.00,None,4.00,None,10.00,None,0.00,None,16.33,None,1.67,None,13.00,None,8.67,None,0.00,None,13.33,None,18.00,None,None,None
1772828180.793688,8.00,None,4.00,None,10.00,None,0.00,None,16.33,None,1.67,None,13.00,None,8.67,None,0.00,None,13.33,None,18.00,None,None,None
1772828180.8428688,17.00,None,4.00,None,10.00,None,0.00,None,16.33,None,3.34,None,13.00,None,17.34,None,0.00,None,20.66,None,18.00,None,None,None
1772828180.8440402,17.00,None,4.00,None,10.00,None,0.00,None,16.33,None,3.34,None,13.00,None,17.34,None,0.00,None,20.66,None,18.00,None,None,None
1772828180.8900917,26.00,None,4.00,None,10.00,None,0.00,None,16.33,None,5.01,None,13.00,None,26.01,None,0.00,None,27.99,None,18.00,None,None,None
1772828180.891319,26.00,None,4.00,None,10.00,None,0.00,None,16.33,None,5.01,None,13.00,None,26.01,None,0.00,None,27.99,None,18.00,None,None,None
1772828181.062222,26.00,None,4.00,None,15.00,None,4.00,None,25.33,None,5.01,None,13.00,None,26.01,None,0.00,None,27.99,None,18.00,None,None,None
1772828181.063545,26.00,None,4.00,None,15.00,None,4.00,None,25.33,None,5.01,None,13.00,None,26.01,None,0.00,None,27.99,None,18.00,None,None,None
1772828181.1090422,34.67,None,4.00,None,15.00,None,4.00,None,30.33,None,5.01,None,22.00,None,26.01,None,0.00,None,27.99,None,18.00,None,None,None
1772828181.1103895,34.67,None,4.00,None,15.00,None,4.00,None,30.33,None,5.01,None,22.00,None,26.01,None,0.00,None,27.99,None,18.00,None,None,None
1772828181.154628,43.67,None,4.00,None,15.00,None,4.00,None,30.33,None,6.68,None,22.00,None,34.68,None,0.00,None,31.32,None,18.00,None,None,None
1772828181.1559515,43.67,None,4.00,None,15.00,None,4.00,None,30.33,None,6.68,None,22.00,None,34.68,None,0.00,None,31.32,None,18.00,None,None,None
1772828181.2010014,52.67,None,4.00,None,15.00,None,4.00,None,30.33,None,8.35,None,22.00,None,43.35,None,0.00,None,34.65,None,18.00,None,None,None
1772828181.2024,52.67,None,4.00,None,15.00,None,4.00,None,30.33,None,8.35,None,22.00,None,43.35,None,0.00,None,34.65,None,18.00,None,None,None
1772828181.2480295,52.67,None,4.00,None,20.00,None,4.00,None,39.33,None,8.35,None,22.00,None,43.35,None,0.00,None,34.65,None,26.67,None,None,None
1772828181.2494702,52.67,None,4.00,None,20.00,None,4.00,None,39.33,None,8.35,None,22.00,None,43.35,None,0.00,None,34.65,None,26.67,None,None,None
1772828181.2944388,61.34,None,4.00,None,20.00,None,4.00,None,44.33,None,8.35,None,31.00,None,43.35,None,0.00,None,34.65,None,26.67,None,None,None
1772828181.2959642,61.34,None,4.00,None,20.00,None,4.00,None,44.33,None,8.35,None,31.00,None,43.35,None,0.00,None,34.65,None,26.67,None,None,None
1772828181.3400822,61.34,None,4.00,None,20.00,None,4.00,None,44.33,None,13.35,None,31.00,None,43.35,None,0.00,None,34.65,None,26.67,None,None,None
1772828181.3415847,61.34,None,4.00,None,20.00,None,4.00,None,44.33,None,13.35,None,31.00,None,43.35,None,0.00,None,34.65,None,26.67,None,None,None
1772828181.5082972,61.34,None,4.00,None,20.00,None,4.00,None,44.33,None,18.35,None,31.00,None,43.35,None,0.00,None,34.65,None,26.67,None,None,None
1772828181.509909,61.34,None,4.00,None,20.00,None,4.00,None,44.33,None,18.35,None,31.00,None,43.35,None,0.00,None,34.65,None,26.67,None,None,None
1772828181.5538518,61.34,None,4.00,None,25.00,None,13.00,None,44.33,None,18.35,None,31.00,None,43.35,None,0.00,None,34.65,None,26.67,None,None,None
1772828181.5554345,61.34,None,4.00,None,25.00,None,13.00,None,44.33,None,18.35,None,31.00,None,43.35,None,0.00,None,34.65,None,26.67,None,None,None
1772828181.5996423,64.67,None,12.67,None,25.00,None,13.00,None,55.00,None,18.35,None,31.00,None,43.35,None,0.00,None,34.65,None,26.67,None,None,None
1772828181.6014175,64.67,None,12.67,None,25.00,None,13.00,None,55.00,None,18.35,None,31.00,None,43.35,None,0.00,None,34.65,None,26.67,None,None,None
1772828181.6485748,64.67,None,12.67,None,25.00,None,13.00,None,55.00,None,23.35,None,31.00,None,43.35,None,0.00,None,34.65,None,26.67,None,None,None
1772828181.65041,64.67,None,12.67,None,25.00,None,13.00,None,55.00,None,23.35,None,31.00,None,43.35,None,0.00,None,34.65,None,26.67,None,None,None
1772828181.6969643,64.67,None,12.67,None,25.00,None,13.00,None,55.00,None,28.35,None,31.00,None,43.35,None,0.00,None,34.65,None,26.67,None,None,None
1772828181.6987395,64.67,None,12.67,None,25.00,None,13.00,None,55.00,None,28.35,None,31.00,None,43.35,None,0.00,None,34.65,None,26.67,None,None,None
1772828181.744587,64.67,None,12.67,None,30.00,None,22.00,None,55.00,None,28.35,None,31.00,None,43.35,None,0.00,None,34.65,None,26.67,None,None,None
1772828181.7463846,64.67,None,12.67,None,30.00,None,22.00,None,55.00,None,28.35,None,31.00,None,43.35,None,0.00,None,34.65,None,26.67,None,None,None
1772828181.7913294,68.00,None,21.34,None,30.00,None,22.00,None,65.67,None,28.35,None,31.00,None,43.35,None,0.00,None,34.65,None,26.67,None,None,None
1772828181.7932081,68.00,None,21.34,None,30.00,None,22.00,None,65.67,None,28.35,None,31.00,None,43.35,None,0.00,None,34.65,None,26.67,None,None,None
1772828181.8375347,68.00,None,21.34,None,30.00,None,22.00,None,65.67,None,33.35,None,31.00,None,43.35,None,0.00,None,34.65,None,26.67,None,None,None
1772828181.839453,68.00,None,21.34,None,30.00,None,22.00,None,65.67,None,33.35,None,31.00,None,43.35,None,0.00,None,34.65,None,26.67,None,None,None
1772828200.6361032,4.00,None,0.00,None,0.00,None,0.00,None,0.00,None,0.00,None,0.00,None,5.00,None,0.00,None,0.00,None,0.00,None,None,None
1772828200.6369364,4.00,None,0.00,None,0.00,None,0.00,None,0.00,None,0.00,None,0.00,None,5.00,None,0.00,None,0.00,None,0.00,None,None,None
1772828200.6821682,4.00,None,0.00,None,0.00,None,0.00,None,0.00,None,0.00,None,0.00,None,10.00,None,0.00,None,0.00,None,0.00,None,None,None
1772828200.6829352,4.00,None,0.00,None,0.00,None,0.00,None,0.00,None,0.00,None,0.00,None,10.00,None,0.00,None,0.00,None,0.00,None,None,None
1772828200.7284174,13.00,None,0.00,None,0.00,None,0.00,None,0.00,None,0.00,None,0.00,None,15.00,None,0.00,None,0.00,None,0.00,None,None,None
1772828200.7292533,13.00,None,0.00,None,0.00,None,0.00,None,0.00,None,0.00,None,0.00,None,15.00,None,0.00,None,0.00,None,0.00,None,None,None
1772828200.7739875,22.00,None,0.00,None,0.00,None,0.00,None,0.00,None,0.00,None,0.00,None,25.34,None,0.00,None,0.00,None,0.00,None,None,None
1772828200.7748473,22.00,None,0.00,None,0.00,None,0.00,None,0.00,None,0.00,None,0.00,None,25.34,None,0.00,None,0.00,None,0.00,None,None,None
1772828200.820169,31.00,None,0.00,None,0.00,None,0.00,None,0.00,None,0.00,None,0.00,None,35.68,None,0.00,None,0.00,None,0.00,None,None,None
1772828200.8211713,31.00,None,0.00,None,0.00,None,0.00,None,0.00,None,0.00,None,0.00,None,35.68,None,0.00,None,0.00,None,0.00,None,None,None
1772828200.8668554,31.00,None,0.00,None,0.00,None,0.00,None,0.00,None,0.00,None,0.00,None,43.34,None,0.00,None,0.00,None,0.00,None,None,None
1772828200.867904,31.00,None,0.00,None,0.00,None,0.00,None,0.00,None,0.00,None,0.00,None,43.34,None,0.00,None,0.00,None,0.00,None,None,None
1772828220.553896,5.00,None,0.00,None,0.00,None,0.00,None,4.00,None,0.00,None,0.00,None,0.00,None,0.00,None,0.00,None,0.00,None,0.00,None
1772828220.5546875,5.00,None,0.00,None,0.00,None,0.00,None,4.00,None,0.00,None,0.00,None,0.00,None,0.00,None,0.00,None,0.00,None,0.00,None
1772828220.6010225,10.00,None,0.00,None,0.00,None,0.00,None,4.00,None,0.00,None,0.00,None,0.00,None,0.00,None,0.00,None,0.00,None,9.00,None
1772828220.601821,10.00,None,0.00,None,0.00,None,0.00,None,4.00,None,0.00,None,0.00,None,0.00,None,0.00,None,0.00,None,0.00,None,9.00,None
1772828220.7667482,15.00,None,0.00,None,0.00,None,0.00,None,4.00,None,0.00,None,0.00,None,0.00,None,0.00,None,0.00,None,0.00,None,18.00,None
1772828220.7676144,15.00,None,0.00,None,0.00,None,0.00,None,4.00,None,0.00,None,0.00,None,0.00,None,0.00,None,0.00,None,0.00,None,18.00,None
1772828220.814244,25.34,None,0.00,None,0.00,None,0.00,None,4.00,None,0.00,None,0.00,None,0.00,None,0.00,None,0.00,None,0.00,None,27.00,None
1772828220.81517,25.34,None,0.00,None,0.00,None,0.00,None,4.00,None,0.00,None,0.00,None,0.00,None,0.00,None,0.00,None,0.00,None,27.00,None
1772828220.86163,30.34,None,0.00,None,0.00,None,0.00,None,4.00,None,0.00,None,0.00,None,0.00,None,0.00,None,0.00,None,0.00,None,27.00,None
1772828220.8625984,30.34,None,0.00,None,0.00,None,0.00,None,4.00,None,0.00,None,0.00,None,0.00,None,0.00,None,0.00,None,0.00,None,27.00,None
1772828220.9084764,35.34,None,0.00,None,0.00,None,0.00,None,13.00,None,0.00,None,0.00,None,0.00,None,0.00,None,0.00,None,0.00,None,27.00,None
1772828220.9094834,35.34,None,0.00,None,0.00,None,0.00,None,13.00,None,0.00,None,0.00,None,0.00,None,0.00,None,0.00,None,0.00,None,27.00,None
1772828238.5947099,48.34,None,0.00,None,0.00,None,0.00,None,13.00,None,0.00,None,0.00,None,0.00,None,0.00,None,5.00,None,0.00,None,27.00,None
1772828238.5958135,48.34,None,0.00,None,0.00,None,0.00,None,13.00,None,0.00,None,0.00,None,0.00,None,0.00,None,5.00,None,0.00,None,27.00,None
1772828238.6418607,57.34,None,0.00,None,0.00,None,0.00,None,13.00,None,0.00,None,0.00,None,0.00,None,0.00,None,10.00,None,0.00,None,27.00,None
1772828238.643056,57.34,None,0.00,None,0.00,None,0.00,None,13.00,None,0.00,None,0.00,None,0.00,None,0.00,None,10.00,None,0.00,None,27.00,None
1772828238.6885223,66.34,None,0.00,None,0.00,None,0.00,None,13.00,None,0.00,None,0.00,None,8.67,None,0.00,None,15.00,None,0.00,None,27.00,None
1772828238.6896563,66.34,None,0.00,None,0.00,None,0.00,None,13.00,None,0.00,None,0.00,None,8.67,None,0.00,None,15.00,None,0.00,None,27.00,None
1772828238.7341464,66.34,None,0.00,None,0.00,None,0.00,None,13.00,None,5.00,None,0.00,None,8.67,None,0.00,None,15.00,None,0.00,None,27.00,None
1772828238.7354026,66.34,None,0.00,None,0.00,None,0.00,None,13.00,None,5.00,None,0.00,None,8.67,None,0.00,None,15.00,None,0.00,None,27.00,None
1772828238.908076,66.34,None,0.00,None,0.00,None,0.00,None,13.00,None,10.00,None,0.00,None,8.67,None,0.00,None,19.00,None,0.00,None,27.00,None
1772828238.9093478,66.34,None,0.00,None,0.00,None,0.00,None,13.00,None,10.00,None,0.00,None,8.67,None,0.00,None,19.00,None,0.00,None,27.00,None
1772828238.9554489,66.34,None,0.00,None,0.00,None,0.00,None,13.00,None,15.00,None,0.00,None,8.67,None,0.00,None,19.00,None,0.00,None,27.00,None
1772828238.9567192,66.34,None,0.00,None,0.00,None,0.00,None,13.00,None,15.00,None,0.00,None,8.67,None,0.00,None,19.00,None,0.00,None,27.00,None
1772828250.644917,66.34,None,0.00,None,0.00,None,0.00,None,13.00,None,15.00,None,0.00,None,12.67,None,0.00,None,24.00,None,0.00,None,27.00,None
1772828250.6463587,66.34,None,0.00,None,0.00,None,0.00,None,13.00,None,15.00,None,0.00,None,12.67,None,0.00,None,24.00,None,0.00,None,27.00,None
1772828250.6918452,66.34,None,0.00,None,0.00,None,0.00,None,13.00,None,15.00,None,0.00,None,12.67,None,4.00,None,29.00,None,0.00,None,27.00,None
1772828250.6932557,66.34,None,0.00,None,0.00,None,0.00,None,13.00,None,15.00,None,0.00,None,12.67,None,4.00,None,29.00,None,0.00,None,27.00,None
1772828250.738982,66.34,None,0.00,None,0.00,None,0.00,None,13.00,None,15.00,None,0.00,None,12.67,None,13.00,None,34.00,None,0.00,None,27.00,None
1772828250.7404366,66.34,None,0.00,None,0.00,None,0.00,None,13.00,None,15.00,None,0.00,None,12.67,None,13.00,None,34.00,None,0.00,None,27.00,None
1772828250.7855759,66.34,None,0.00,None,0.00,None,0.00,None,13.00,None,15.00,None,0.00,None,12.67,None,22.00,None,39.00,None,0.00,None,27.00,None
1772828250.7870455,66.34,None,0.00,None,0.00,None,0.00,None,13.00,None,15.00,None,0.00,None,12.67,None,22.00,None,39.00,None,0.00,None,27.00,None
1772828250.8240182,66.34,None,0.00,None,0.00,None,0.00,None,13.00,None,15.00,None,0.00,None,12.67,None,31.00,None,44.00,None,0.00,None,27.00,None
1772828250.8249016,66.34,None,0.00,None,0.00,None,0.00,None,13.00,None,15.00,None,0.00,None,12.67,None,31.00,None,44.00,None,0.00,None,27.00,None
1772828250.9217577,66.34,None,0.00,None,0.00,None,0.00,None,13.00,None,15.00,None,0.00,None,21.67,None,39.67,None,49.00,None,0.00,None,27.00,None
1772828250.9226303,66.34,None,0.00,None,0.00,None,0.00,None,13.00,None,15.00,None,0.00,None,21.67,None,39.67,None,49.00,None,0.00,None,27.00,None
1772828268.6633458,66.34,None,0.00,None,0.00,None,0.00,None,13.00,None,20.00,None,0.00,None,34.67,None,39.67,None,62.00,None,0.00,None,27.00,None
1772828268.6642988,66.34,None,0.00,None,0.00,None,0.00,None,13.00,None,20.00,None,0.00,None,34.67,None,39.67,None,62.00,None,0.00,None,27.00,None
1772828268.691493,66.34,None,0.00,None,0.00,None,0.00,None,13.00,None,25.00,None,0.00,None,43.67,None,39.67,None,74.67,None,0.00,None,27.00,None
1772828268.6924262,66.34,None,0.00,None,0.00,None,0.00,None,13.00,None,25.00,None,0.00,None,43.67,None,39.67,None,74.67,None,0.00,None,27.00,None
1772828268.720637,66.34,None,0.00,None,0.00,None,0.00,None,13.00,None,30.00,None,0.00,None,52.67,None,39.67,None,83.34,None,0.00,None,27.00,None
1772828268.7216306,66.34,None,0.00,None,0.00,None,0.00,None,13.00,None,30.00,None,0.00,None,52.67,None,39.67,None,83.34,None,0.00,None,27.00,None
1772828268.7500026,66.34,None,0.00,None,0.00,None,0.00,None,13.00,None,35.00,None,0.00,None,61.67,None,39.67,None,92.01,None,0.00,None,27.00,None
1772828268.7510002,66.34,None,0.00,None,0.00,None,0.00,None,13.00,None,35.00,None,0.00,None,61.67,None,39.67,None,92.01,None,0.00,None,27.00,None
1772828268.7787473,66.34,None,0.00,None,0.00,None,0.00,None,13.00,None,40.00,None,0.00,None,61.67,None,39.67,None,101.01,None,0.00,None,27.00,None
1772828268.779774,66.34,None,0.00,None,0.00,None,0.00,None,13.00,None,40.00,None,0.00,None,61.67,None,39.67,None,101.01,None,0.00,None,27.00,None
1772828268.8075614,66.34,None,0.00,None,0.00,None,0.00,None,13.00,None,45.00,None,0.00,None,61.67,None,39.67,None,110.01,None,0.00,None,27.00,None
1772828268.8086798,66.34,None,0.00,None,0.00,None,0.00,None,13.00,None,45.00,None,0.00,None,61.67,None,39.67,None,110.01,None,0.00,None,27.00,None
1772828288.8280385,66.34,None,0.00,None,3.33,None,1.67,None,13.00,None,45.00,None,0.00,None,61.67,None,39.67,None,114.01,None,9.00,None,27.00,None
1772828288.8300567,66.34,None,0.00,None,3.33,None,1.67,None,13.00,None,45.00,None,0.00,None,61.67,None,39.67,None,114.01,None,9.00,None,27.00,None
1772828288.8772767,66.34,None,0.00,None,6.66,None,3.34,None,13.00,None,45.00,None,0.00,None,61.67,None,43.67,None,114.01,None,18.00,None,27.00,None
1772828288.879353,66.34,None,0.00,None,6.66,None,3.34,None,13.00,None,45.00,None,0.00,None,61.67,None,43.67,None,114.01,None,18.00,None,27.00,None
1772828288.9264872,66.34,None,0.00,None,15.33,None,5.01,None,13.00,None,45.00,None,0.00,None,61.67,None,43.67,None,114.01,None,27.00,None,27.00,None
1772828288.928528,66.34,None,0.00,None,15.33,None,5.01,None,13.00,None,45.00,None,0.00,None,61.67,None,43.67,None,114.01,None,27.00,None,27.00,None
1772828288.9746025,66.34,None,0.00,None,15.33,None,10.01,None,13.00,None,45.00,None,0.00,None,61.67,None,43.67,None,123.01,None,27.00,None,27.00,None
1772828288.9767134,66.34,None,0.00,None,15.33,None,10.01,None,13.00,None,45.00,None,0.00,None,61.67,None,43.67,None,123.01,None,27.00,None,27.00,None
1772828289.0225062,66.34,None,0.00,None,15.33,None,15.01,None,13.00,None,54.00,None,0.00,None,61.67,None,43.67,None,123.01,None,27.00,None,27.00,None
1772828289.0245883,66.34,None,0.00,None,15.33,None,15.01,None,13.00,None,54.00,None,0.00,None,61.67,None,43.67,None,123.01,None,27.00,None,27.00,None
1772828289.0705943,66.34,None,0.00,None,15.33,None,20.01,None,13.00,None,67.00,None,0.00,None,61.67,None,43.67,None,123.01,None,27.00,None,27.00,None
1772828289.0727537,66.34,None,0.00,None,15.33,None,20.01,None,13.00,None,67.00,None,0.00,None,61.67,None,43.67,None,123.01,None,27.00,None,27.00,None
1772828300.5094984,35.34,None,0.00,None,15.33,None,20.01,None,13.00,None,42.00,None,0.00,None,None,None,35.00,None,55.00,None,27.00,None,27.00,None
1772828300.5104992,35.34,None,0.00,None,15.33,None,20.01,None,13.00,None,42.00,None,0.00,None,None,None,35.00,None,55.00,None,27.00,None,27.00,None
1772828300.6074343,39.34,None,0.00,None,15.33,None,20.01,None,13.00,None,47.00,None,0.00,None,None,None,35.00,None,64.00,None,27.00,None,27.00,None
1772828300.6084495,39.34,None,0.00,None,15.33,None,20.01,None,13.00,None,47.00,None,0.00,None,None,None,35.00,None,64.00,None,27.00,None,27.00,None
1772828300.6363246,39.34,None,0.00,None,15.33,None,20.01,None,13.00,None,52.00,None,0.00,None,None,None,48.00,None,77.00,None,27.00,None,27.00,None
1772828300.6373937,39.34,None,0.00,None,15.33,None,20.01,None,13.00,None,52.00,None,0.00,None,None,None,48.00,None,77.00,None,27.00,None,27.00,None
1772828300.6653452,39.34,None,4.00,None,15.33,None,20.01,None,13.00,None,57.00,None,0.00,None,None,None,57.00,None,85.67,None,27.00,None,27.00,None
1772828300.6664221,39.34,None,4.00,None,15.33,None,20.01,None,13.00,None,57.00,None,0.00,None,None,None,57.00,None,85.67,None,27.00,None,27.00,None
1772828300.6947892,39.34,None,8.00,None,15.33,None,20.01,None,13.00,None,62.00,None,0.00,None,None,None,66.00,None,98.67,None,27.00,None,27.00,None
1772828300.695869,39.34,None,8.00,None,15.33,None,20.01,None,13.00,None,62.00,None,0.00,None,None,None,66.00,None,98.67,None,27.00,None,27.00,None
1772828300.7244854,39.34,None,8.00,None,15.33,None,20.01,None,13.00,None,67.00,None,0.00,None,None,None,75.00,None,107.34,None,27.00,None,27.00,None
1772828300.7256272,39.34,None,8.00,None,15.33,None,20.01,None,13.00,None,67.00,None,0.00,None,None,None,75.00,None,107.34,None,27.00,None,27.00,None
1772828300.7543879,43.34,None,8.00,None,15.33,None,20.01,None,13.00,None,72.00,None,0.00,None,None,None,84.00,None,116.01,None,27.00,None,27.00,None
1772828300.7555299,43.34,None,8.00,None,15.33,None,20.01,None,13.00,None,72.00,None,0.00,None,None,None,84.00,None,116.01,None,27.00,None,27.00,None
1772828300.7840354,43.34,None,8.00,None,15.33,None,20.01,None,17.00,None,77.00,None,0.00,None,None,None,93.00,None,124.68,None,27.00,None,27.00,None
1772828300.7851973,43.34,None,8.00,None,15.33,None,20.01,None,17.00,None,77.00,None,0.00,None,None,None,93.00,None,124.68,None,27.00,None,27.00,None
1772828300.888521,43.34,None,8.00,None,15.33,None,20.01,None,26.00,None,81.00,None,8.67,None,None,None,96.33,None,129.01,None,27.00,None,27.00,None
1772828300.8897066,43.34,None,8.00,None,15.33,None,20.01,None,26.00,None,81.00,None,8.67,None,None,None,96.33,None,129.01,None,27.00,None,27.00,None
1772828300.9184809,52.34,None,8.00,None,15.33,None,24.01,None,26.00,None,91.34,None,8.67,None,None,None,96.33,None,129.01,None,27.00,None,27.00,None
1772828300.9196928,52.34,None,8.00,None,15.33,None,24.01,None,26.00,None,91.34,None,8.67,None,None,None,96.33,None,129.01,None,27.00,None,27.00,None
1772828303.7533677,52.34,None,8.00,None,15.33,None,28.01,None,35.00,None,93.01,None,17.34,None,None,None,99.66,None,129.01,None,27.00,None,27.00,None
1772828303.7557275,52.34,None,8.00,None,15.33,None,28.01,None,35.00,None,93.01,None,17.34,None,None,None,99.66,None,129.01,None,27.00,None,27.00,None
1772828303.8046064,52.34,None,8.00,None,15.33,None,28.01,None,44.00,None,94.68,None,26.01,None,None,None,102.99,None,129.01,None,27.00,None,27.00,None
1772828303.8069067,52.34,None,8.00,None,15.33,None,28.01,None,44.00,None,94.68,None,26.01,None,None,None,102.99,None,129.01,None,27.00,None,27.00,None
1772828303.8553655,61.34,None,16.67,None,15.33,None,28.01,None,44.00,None,96.35,None,26.01,None,None,None,106.32,None,129.01,None,27.00,None,27.00,None
1772828303.8577192,61.34,None,16.67,None,15.33,None,28.01,None,44.00,None,96.35,None,26.01,None,None,None,106.32,None,129.01,None,27.00,None,27.00,None
1772828303.9062893,61.34,None,25.67,None,15.33,None,28.01,None,44.00,None,101.35,None,26.01,None,None,None,114.99,None,129.01,None,27.00,None,27.00,None
1772828303.9086614,61.34,None,25.67,None,15.33,None,28.01,None,44.00,None,101.35,None,26.01,None,None,None,114.99,None,129.01,None,27.00,None,27.00,None
1772828304.0826607,61.34,None,34.67,None,15.33,None,28.01,None,44.00,None,106.35,None,26.01,None,None,None,123.66,None,129.01,None,27.00,None,27.00,None
1772828304.0851748,61.34,None,34.67,None,15.33,None,28.01,None,44.00,None,106.35,None,26.01,None,None,None,123.66,None,129.01,None,27.00,None,27.00,None
1772828304.1340656,61.34,None,43.34,None,15.33,None,28.01,None,53.00,None,108.02,None,26.01,None,None,None,126.99,None,129.01,None,27.00,None,27.00,None
1772828304.136644,61.34,None,43.34,None,15.33,None,28.01,None,53.00,None,108.02,None,26.01,None,None,None,126.99,None,129.01,None,27.00,None,27.00,None
1772828330.7899888,61.34,None,43.34,None,15.33,None,28.01,None,53.00,None,111.35,None,26.01,None,13.00,None,126.99,None,129.01,None,27.00,None,27.00,None
1772828330.7927222,61.34,None,43.34,None,15.33,None,28.01,None,53.00,None,111.35,None,26.01,None,13.00,None,126.99,None,129.01,None,27.00,None,27.00,None
1772828330.8449712,61.34,None,43.34,None,15.33,None,28.01,None,53.00,None,114.68,None,26.01,None,22.00,None,128.66,None,129.01,None,27.00,None,27.00,None
1772828330.8477292,61.34,None,43.34,None,15.33,None,28.01,None,53.00,None,114.68,None,26.01,None,22.00,None,128.66,None,129.01,None,27.00,None,27.00,None
1772828330.8953903,61.34,None,43.34,None,15.33,None,28.01,None,62.00,None,118.01,None,26.01,None,30.67,None,128.66,None,129.01,None,27.00,None,27.00,None
1772828330.897061,61.34,None,43.34,None,15.33,None,28.01,None,62.00,None,118.01,None,26.01,None,30.67,None,128.66,None,129.01,None,27.00,None,27.00,None
1772828330.9300609,61.34,None,52.34,None,15.33,None,28.01,None,62.00,None,123.01,None,26.01,None,39.34,None,128.66,None,129.01,None,27.00,None,27.00,None
1772828330.9315488,61.34,None,52.34,None,15.33,None,28.01,None,62.00,None,123.01,None,26.01,None,39.34,None,128.66,None,129.01,None,27.00,None,27.00,None
1772828331.0381103,61.34,None,52.34,None,15.33,None,37.01,None,62.00,None,128.01,None,26.01,None,39.34,None,128.66,None,129.01,None,27.00,None,27.00,None
1772828331.0398543,61.34,None,52.34,None,15.33,None,37.01,None,62.00,None,128.01,None,26.01,None,39.34,None,128.66,None,129.01,None,27.00,None,27.00,None
1772828331.072993,61.34,None,56.67,None,18.66,None,46.01,None,62.00,None,128.01,None,26.01,None,39.34,None,128.66,None,129.01,None,27.00,None,27.00,None
1772828331.0745509,61.34,None,56.67,None,18.66,None,46.01,None,62.00,None,128.01,None,26.01,None,39.34,None,128.66,None,129.01,None,27.00,None,27.00,None
1772828351.8355873,26.00,None,56.67,None,18.66,None,46.01,None,53.00,None,128.01,None,26.01,None,44.34,None,128.66,None,129.01,None,27.00,None,0.00,None
1772828351.8381531,26.00,None,56.67,None,18.66,None,46.01,None,53.00,None,128.01,None,26.01,None,44.34,None,128.66,None,129.01,None,27.00,None,0.00,None
1772828351.8895876,26.00,None,56.67,None,18.66,None,49.34,None,53.00,None,128.01,None,26.01,None,46.01,None,128.66,None,129.01,None,27.00,None,9.00,None
1772828351.8922007,26.00,None,56.67,None,18.66,None,49.34,None,53.00,None,128.01,None,26.01,None,46.01,None,128.66,None,129.01,None,27.00,None,9.00,None
1772828351.9450982,26.00,None,56.67,None,18.66,None,62.01,None,53.00,None,128.01,None,26.01,None,47.68,None,128.66,None,129.01,None,27.00,None,18.00,None
1772828351.9478695,26.00,None,56.67,None,18.66,None,62.01,None,53.00,None,128.01,None,26.01,None,47.68,None,128.66,None,129.01,None,27.00,None,18.00,None
1772828352.0001345,26.00,None,56.67,None,18.66,None,62.01,None,53.00,None,128.01,None,26.01,None,47.68,None,128.66,None,129.01,None,27.00,None,18.00,None
1772828352.002899,26.00,None,56.67,None,18.66,None,62.01,None,53.00,None,128.01,None,26.01,None,47.68,None,128.66,None,129.01,None,27.00,None,18.00,None
1772828352.193482,26.00,None,56.67,None,18.66,None,62.01,None,53.00,None,128.01,None,26.01,None,47.68,None,128.66,None,129.01,None,27.00,None,18.00,None
1772828352.1963384,26.00,None,56.67,None,18.66,None,62.01,None,53.00,None,128.01,None,26.01,None,47.68,None,128.66,None,129.01,None,27.00,None,18.00,None
1772828352.2488189,26.00,None,56.67,None,18.66,None,62.01,None,53.00,None,128.01,None,26.01,None,47.68,None,128.66,None,129.01,None,27.00,None,18.00,None
1772828352.2516716,26.00,None,56.67,None,18.66,None,62.01,None,53.00,None,128.01,None,26.01,None,47.68,None,128.66,None,129.01,None,27.00,None,18.00,None
1772828376.8758695,17.00,None,52.67,None,23.66,None,58.01,None,44.00,None,88.67,None,17.34,None,47.68,None,76.33,None,74.01,None,27.00,None,27.00,None
1772828376.8782039,17.00,None,52.67,None,23.66,None,58.01,None,44.00,None,88.67,None,17.34,None,47.68,None,76.33,None,74.01,None,27.00,None,27.00,None
1772828376.936771,17.00,None,52.67,None,28.66,None,62.01,None,53.00,None,88.67,None,17.34,None,47.68,None,76.33,None,74.01,None,27.00,None,27.00,None
1772828376.9390213,17.00,None,52.67,None,28.66,None,62.01,None,53.00,None,88.67,None,17.34,None,47.68,None,76.33,None,74.01,None,27.00,None,27.00,None
1772828376.9973338,17.00,None,56.67,None,30.33,None,62.01,None,62.00,None,88.67,None,26.01,None,47.68,None,76.33,None,74.01,None,30.33,None,27.00,None
1772828376.9998312,17.00,None,56.67,None,30.33,None,62.01,None,62.00,None,88.67,None,26.01,None,47.68,None,76.33,None,74.01,None,30.33,None,27.00,None
1772828377.0561488,26.00,None,56.67,None,32.00,None,62.01,None,62.00,None,88.67,None,26.01,None,51.68,None,76.33,None,74.01,None,30.33,None,30.33,None
1772828377.058743,26.00,None,56.67,None,32.00,None,62.01,None,62.00,None,88.67,None,26.01,None,51.68,None,76.33,None,74.01,None,30.33,None,30.33,None
1772828377.2495537,35.00,None,56.67,None,32.00,None,62.01,None,65.33,None,88.67,None,26.01,None,51.68,None,76.33,None,74.01,None,30.33,None,30.33,None
1772828377.251925,35.00,None,56.67,None,32.00,None,62.01,None,65.33,None,88.67,None,26.01,None,51.68,None,76.33,None,74.01,None,30.33,None,30.33,None
1772828377.3060045,44.00,None,56.67,None,32.00,None,62.01,None,68.66,None,88.67,None,26.01,None,51.68,None,80.33,None,74.01,None,32.00,None,30.33,None
1772828377.308398,44.00,None,56.67,None,32.00,None,62.01,None,68.66,None,88.67,None,26.01,None,51.68,None,80.33,None,74.01,None,32.00,None,30.33,None
1772828395.8953001,49.00,None,65.67,None,32.00,None,62.01,None,68.66,None,88.67,None,26.01,None,56.01,None,80.33,None,74.01,None,32.00,None,30.33,None
1772828395.8977704,49.00,None,65.67,None,32.00,None,62.01,None,68.66,None,88.67,None,26.01,None,56.01,None,80.33,None,74.01,None,32.00,None,30.33,None
1772828395.953039,59.67,None,65.67,None,32.00,None,62.01,None,68.66,None,88.67,None,26.01,None,56.01,None,80.33,None,78.01,None,32.00,None,30.33,None
1772828395.9557178,59.67,None,65.67,None,32.00,None,62.01,None,68.66,None,88.67,None,26.01,None,56.01,None,80.33,None,78.01,None,32.00,None,30.33,None
1772828396.0103524,64.67,None,65.67,None,32.00,None,62.01,None,68.66,None,92.67,None,26.01,None,64.68,None,80.33,None,78.01,None,32.00,None,30.33,None
1772828396.0129986,64.67,None,65.67,None,32.00,None,62.01,None,68.66,None,92.67,None,26.01,None,64.68,None,80.33,None,78.01,None,32.00,None,30.33,None
1772828396.0661469,69.67,None,65.67,None,32.00,None,62.01,None,68.66,None,92.67,None,26.01,None,64.68,None,89.33,None,78.01,None,32.00,None,30.33,None
1772828396.0688052,69.67,None,65.67,None,32.00,None,62.01,None,68.66,None,92.67,None,26.01,None,64.68,None,89.33,None,78.01,None,32.00,None,30.33,None
1772828396.2585068,69.67,None,67.34,None,32.00,None,62.01,None,68.66,None,92.67,None,26.01,None,68.01,None,98.33,None,78.01,None,32.00,None,30.33,None
1772828396.2613118,69.67,None,67.34,None,32.00,None,62.01,None,68.66,None,92.67,None,26.01,None,68.01,None,98.33,None,78.01,None,32.00,None,30.33,None
1772828396.3132234,69.67,None,69.01,None,32.00,None,62.01,None,68.66,None,92.67,None,26.01,None,68.01,None,107.33,None,78.01,None,32.00,None,30.33,None
1772828396.3159418,69.67,None,69.01,None,32.00,None,62.01,None,68.66,None,92.67,None,26.01,None,68.01,None,107.33,None,78.01,None,32.00,None,30.33,None
1772828416.9197474,65.67,None,65.01,None,16.67,None,42.00,None,68.66,None,40.67,None,26.01,None,68.01,None,68.33,None,4.00,None,5.00,None,30.33,None
1772828416.9218633,65.67,None,65.01,None,16.67,None,42.00,None,68.66,None,40.67,None,26.01,None,68.01,None,68.33,None,4.00,None,5.00,None,30.33,None
1772828416.975394,69.67,None,69.34,None,16.67,None,42.00,None,68.66,None,40.67,None,26.01,None,68.01,None,73.33,None,4.00,None,5.00,None,30.33,None
1772828416.9775863,69.67,None,69.34,None,16.67,None,42.00,None,68.66,None,40.67,None,26.01,None,68.01,None,73.33,None,4.00,None,5.00,None,30.33,None
1772828417.0306845,69.67,None,69.34,None,16.67,None,42.00,None,68.66,None,40.67,None,26.01,None,68.01,None,83.67,None,8.00,None,5.00,None,30.33,None
1772828417.0329616,69.67,None,69.34,None,16.67,None,42.00,None,68.66,None,40.67,None,26.01,None,68.01,None,83.67,None,8.00,None,5.00,None,30.33,None
1772828417.085332,69.67,None,69.34,None,16.67,None,42.00,None,68.66,None,40.67,None,26.01,None,68.01,None,88.67,None,17.00,None,5.00,None,30.33,None
1772828417.087696,69.67,None,69.34,None,16.67,None,42.00,None,68.66,None,40.67,None,26.01,None,68.01,None,88.67,None,17.00,None,5.00,None,30.33,None
1772828417.2730162,69.67,None,69.34,None,16.67,None,42.00,None,68.66,None,40.67,None,26.01,None,68.01,None,93.67,None,26.00,None,5.00,None,30.33,None
1772828417.2754426,69.67,None,69.34,None,16.67,None,42.00,None,68.66,None,40.67,None,26.01,None,68.01,None,93.67,None,26.00,None,5.00,None,30.33,None
1772828417.3286324,69.67,None,69.34,None,16.67,None,42.00,None,68.66,None,40.67,None,26.01,None,68.01,None,104.34,None,34.67,None,5.00,None,30.33,None
1772828417.3310444,69.67,None,69.34,None,16.67,None,42.00,None,68.66,None,40.67,None,26.01,None,68.01,None,104.34,None,34.67,None,5.00,None,30.33,None
1772828428.9659069,65.00,None,41.33,None,16.67,None,38.00,None,50.66,None,23.99,None,17.34,None,68.01,None,73.68,None,34.67,None,5.00,None,30.33,None
1772828428.9681518,65.00,None,41.33,None,16.67,None,38.00,None,50.66,None,23.99,None,17.34,None,68.01,None,73.68,None,34.67,None,5.00,None,30.33,None
1772828429.0218422,65.00,None,46.33,None,16.67,None,38.00,None,59.66,None,23.99,None,26.01,None,68.01,None,77.68,None,34.67,None,5.00,None,30.33,None
1772828429.024044,65.00,None,46.33,None,16.67,None,38.00,None,59.66,None,23.99,None,26.01,None,68.01,None,77.68,None,34.67,None,5.00,None,30.33,None
1772828429.0780776,68.33,None,56.67,None,16.67,None,38.00,None,68.66,None,23.99,None,26.01,None,68.01,None,77.68,None,34.67,None,5.00,None,30.33,None
1772828429.0803792,68.33,None,56.67,None,16.67,None,38.00,None,68.66,None,23.99,None,26.01,None,68.01,None,77.68,None,34.67,None,5.00,None,30.33,None
1772828429.1338437,70.00,None,64.33,None,16.67,None,38.00,None,68.66,None,23.99,None,26.01,None,68.01,None,77.68,None,34.67,None,14.00,None,30.33,None
1772828429.1362338,70.00,None,64.33,None,16.67,None,38.00,None,68.66,None,23.99,None,26.01,None,68.01,None,77.68,None,34.67,None,14.00,None,30.33,None
1772828429.319159,70.00,None,69.33,None,16.67,None,38.00,None,68.66,None,23.99,None,30.34,None,68.01,None,86.68,None,43.34,None,14.00,None,30.33,None
1772828429.3215368,70.00,None,69.33,None,16.67,None,38.00,None,68.66,None,23.99,None,30.34,None,68.01,None,86.68,None,43.34,None,14.00,None,30.33,None
1772828429.3841257,70.00,None,69.33,None,16.67,None,38.00,None,68.66,None,23.99,None,30.34,None,69.68,None,86.68,None,47.67,None,23.00,None,30.33,None
1772828429.3874614,70.00,None,69.33,None,16.67,None,38.00,None,68.66,None,23.99,None,30.34,None,69.68,None,86.68,None,47.67,None,23.00,None,30.33,None
1772828447.0173395,70.00,None,69.33,None,25.34,None,38.00,None,68.66,None,23.99,None,30.34,None,69.68,None,90.68,None,52.00,None,32.00,None,30.33,None
1772828447.0198464,70.00,None,69.33,None,25.34,None,38.00,None,68.66,None,23.99,None,30.34,None,69.68,None,90.68,None,52.00,None,32.00,None,30.33,None
1772828447.0743344,70.00,None,69.33,None,25.34,None,38.00,None,68.66,None,23.99,None,32.01,None,69.68,None,98.34,None,65.00,None,32.00,None,30.33,None
1772828447.0768156,70.00,None,69.33,None,25.34,None,38.00,None,68.66,None,23.99,None,32.01,None,69.68,None,98.34,None,65.00,None,32.00,None,30.33,None
1772828447.1312056,70.00,None,69.33,None,25.34,None,38.00,None,68.66,None,23.99,None,32.01,None,69.68,None,103.34,None,74.00,None,32.00,None,30.33,None
1772828447.1337483,70.00,None,69.33,None,25.34,None,38.00,None,68.66,None,23.99,None,32.01,None,69.68,None,103.34,None,74.00,None,32.00,None,30.33,None
1772828447.1861112,70.00,None,69.33,None,25.34,None,38.00,None,68.66,None,27.99,None,32.01,None,69.68,None,108.34,None,83.00,None,32.00,None,30.33,None
1772828447.1886709,70.00,None,69.33,None,25.34,None,38.00,None,68.66,None,27.99,None,32.01,None,69.68,None,108.34,None,83.00,None,32.00,None,30.33,None
1772828447.375707,70.00,None,69.33,None,25.34,None,38.00,None,68.66,None,27.99,None,32.01,None,69.68,None,113.34,None,92.00,None,32.00,None,30.33,None
1772828447.3783429,70.00,None,69.33,None,25.34,None,38.00,None,68.66,None,27.99,None,32.01,None,69.68,None,113.34,None,92.00,None,32.00,None,30.33,None
1772828447.432459,70.00,None,69.33,None,25.34,None,50.67,None,68.66,None,27.99,None,32.01,None,69.68,None,113.34,None,92.00,None,32.00,None,32.00,None
1772828447.435192,70.00,None,69.33,None,25.34,None,50.67,None,68.66,None,27.99,None,32.01,None,69.68,None,113.34,None,92.00,None,32.00,None,32.00,None
1772828468.0460496,70.00,None,56.00,None,22.01,None,16.67,None,55.66,None,13.00,None,32.01,None,26.00,None,111.67,None,100.67,None,32.00,None,14.00,None
1772828468.0484538,70.00,None,56.00,None,22.01,None,16.67,None,55.66,None,13.00,None,32.01,None,26.00,None,111.67,None,100.67,None,32.00,None,14.00,None
1772828468.1051662,70.00,None,56.00,None,22.01,None,16.67,None,59.66,None,16.33,None,32.01,None,26.00,None,111.67,None,111.01,None,32.00,None,14.00,None
1772828468.1075099,70.00,None,56.00,None,22.01,None,16.67,None,59.66,None,16.33,None,32.01,None,26.00,None,111.67,None,111.01,None,32.00,None,14.00,None
1772828468.1630526,70.00,None,56.00,None,22.01,None,20.67,None,59.66,None,21.33,None,32.01,None,26.00,None,111.67,None,119.68,None,32.00,None,14.00,None
1772828468.1654892,70.00,None,56.00,None,22.01,None,20.67,None,59.66,None,21.33,None,32.01,None,26.00,None,111.67,None,119.68,None,32.00,None,14.00,None
1772828468.3451633,70.00,None,56.00,None,22.01,None,25.00,None,59.66,None,26.33,None,32.01,None,26.00,None,111.67,None,128.35,None,32.00,None,23.00,None
1772828468.3475697,70.00,None,56.00,None,22.01,None,25.00,None,59.66,None,26.33,None,32.01,None,26.00,None,111.67,None,128.35,None,32.00,None,23.00,None
1772828468.40218,70.00,None,56.00,None,22.01,None,25.00,None,59.66,None,30.33,None,32.01,None,34.67,None,115.00,None,128.35,None,32.00,None,32.00,None
1772828468.4046464,70.00,None,56.00,None,22.01,None,25.00,None,59.66,None,30.33,None,32.01,None,34.67,None,115.00,None,128.35,None,32.00,None,32.00,None
1772828468.4576738,70.00,None,56.00,None,22.01,None,25.00,None,59.66,None,30.33,None,32.01,None,34.67,None,115.00,None,128.35,None,32.00,None,32.00,None
1772828468.460147,70.00,None,56.00,None,22.01,None,25.00,None,59.66,None,30.33,None,32.01,None,34.67,None,115.00,None,128.35,None,32.00,None,32.00,None
1772828492.0539012,43.00,None,52.00,None,8.67,None,21.00,None,35.00,None,35.33,None,23.34,None,30.67,None,111.00,None,128.35,None,27.00,None,28.67,None
1772828492.0561655,43.00,None,52.00,None,8.67,None,21.00,None,35.00,None,35.33,None,23.34,None,30.67,None,111.00,None,128.35,None,27.00,None,28.67,None
1772828492.1125712,52.00,None,52.00,None,8.67,None,21.00,None,35.00,None,40.33,None,23.34,None,30.67,None,111.00,None,128.35,None,27.00,None,28.67,None
1772828492.1148422,52.00,None,52.00,None,8.67,None,21.00,None,35.00,None,40.33,None,23.34,None,30.67,None,111.00,None,128.35,None,27.00,None,28.67,None
1772828492.1712072,61.00,None,52.00,None,8.67,None,21.00,None,35.00,None,45.33,None,23.34,None,34.67,None,115.33,None,128.35,None,27.00,None,28.67,None
1772828492.1735427,61.00,None,52.00,None,8.67,None,21.00,None,35.00,None,45.33,None,23.34,None,34.67,None,115.33,None,128.35,None,27.00,None,28.67,None
1772828492.3560007,70.00,None,56.00,None,8.67,None,21.00,None,35.00,None,47.00,None,23.34,None,43.34,None,118.66,None,128.35,None,27.00,None,28.67,None
1772828492.3584232,70.00,None,56.00,None,8.67,None,21.00,None,35.00,None,47.00,None,23.34,None,43.34,None,118.66,None,128.35,None,27.00,None,28.67,None
1772828492.414137,70.00,None,56.00,None,8.67,None,30.00,None,35.00,None,54.66,None,23.34,None,43.34,None,122.66,None,128.35,None,27.00,None,28.67,None
1772828492.4165807,70.00,None,56.00,None,8.67,None,30.00,None,35.00,None,54.66,None,23.34,None,43.34,None,122.66,None,128.35,None,27.00,None,28.67,None
1772828492.4721878,70.00,None,56.00,None,8.67,None,43.00,None,35.00,None,59.66,None,23.34,None,43.34,None,122.66,None,128.35,None,27.00,None,28.67,None
1772828492.4746346,70.00,None,56.00,None,8.67,None,43.00,None,35.00,None,59.66,None,23.34,None,43.34,None,122.66,None,128.35,None,27.00,None,28.67,None
1772828513.0804992,49.33,None,47.00,None,8.67,None,43.00,None,35.00,None,59.66,None,23.34,None,35.34,None,122.66,None,128.35,None,27.00,None,28.67,None
1772828513.0829544,49.33,None,47.00,None,8.67,None,43.00,None,35.00,None,59.66,None,23.34,None,35.34,None,122.66,None,128.35,None,27.00,None,28.67,None
1772828513.1408265,49.33,None,47.00,None,8.67,None,43.00,None,35.00,None,59.66,None,23.34,None,35.34,None,122.66,None,128.35,None,27.00,None,28.67,None
1772828513.1431818,49.33,None,47.00,None,8.67,None,43.00,None,35.00,None,59.66,None,23.34,None,35.34,None,122.66,None,128.35,None,27.00,None,28.67,None
1772828513.3266723,49.33,None,47.00,None,8.67,None,43.00,None,35.00,None,59.66,None,23.34,None,35.34,None,122.66,None,128.35,None,27.00,None,28.67,None
1772828513.329075,49.33,None,47.00,None,8.67,None,43.00,None,35.00,None,59.66,None,23.34,None,35.34,None,122.66,None,128.35,None,27.00,None,28.67,None
1772828513.3834727,49.33,None,47.00,None,8.67,None,43.00,None,35.00,None,59.66,None,23.34,None,35.34,None,122.66,None,128.35,None,27.00,None,28.67,None
1772828513.3859026,49.33,None,47.00,None,8.67,None,43.00,None,35.00,None,59.66,None,23.34,None,35.34,None,122.66,None,128.35,None,27.00,None,28.67,None
1772828513.4413292,49.33,None,47.00,None,8.67,None,43.00,None,35.00,None,59.66,None,23.34,None,35.34,None,122.66,None,128.35,None,27.00,None,28.67,None
1772828513.4436562,49.33,None,47.00,None,8.67,None,43.00,None,35.00,None,59.66,None,23.34,None,35.34,None,122.66,None,128.35,None,27.00,None,28.67,None
1772828513.498104,49.33,None,47.00,None,8.67,None,43.00,None,35.00,None,59.66,None,23.34,None,35.34,None,122.66,None,128.35,None,27.00,None,28.67,None
1772828513.500431,49.33,None,47.00,None,8.67,None,43.00,None,35.00,None,59.66,None,23.34,None,35.34,None,122.66,None,128.35,None,27.00,None,28.67,None
1772828533.1144164,53.33,None,43.66,None,8.67,None,43.00,None,35.00,None,55.66,None,23.34,None,40.68,None,100.66,None,128.35,None,27.00,None,28.67,None
1772828533.1178877,53.33,None,43.66,None,8.67,None,43.00,None,35.00,None,55.66,None,23.34,None,40.68,None,100.66,None,128.35,None,27.00,None,28.67,None
1772828533.3015025,62.33,None,43.66,None,8.67,None,43.00,None,35.00,None,59.66,None,23.34,None,49.35,None,105.66,None,128.35,None,27.00,None,28.67,None
1772828533.3030105,62.33,None,43.66,None,8.67,None,43.00,None,35.00,None,59.66,None,23.34,None,49.35,None,105.66,None,128.35,None,27.00,None,28.67,None
1772828533.3392158,62.33,None,43.66,None,8.67,None,43.00,None,35.00,None,59.66,None,23.34,None,49.35,None,105.66,None,128.35,None,27.00,None,28.67,None
1772828533.3416576,62.33,None,43.66,None,8.67,None,43.00,None,35.00,None,59.66,None,23.34,None,49.35,None,105.66,None,128.35,None,27.00,None,28.67,None
1772828533.3841987,62.33,None,43.66,None,8.67,None,43.00,None,35.00,None,59.66,None,23.34,None,49.35,None,105.66,None,128.35,None,27.00,None,28.67,None
1772828533.3855696,62.33,None,43.66,None,8.67,None,43.00,None,35.00,None,59.66,None,23.34,None,49.35,None,105.66,None,128.35,None,27.00,None,28.67,None
1772828533.430887,62.33,None,43.66,None,8.67,None,43.00,None,35.00,None,59.66,None,23.34,None,49.35,None,105.66,None,128.35,None,27.00,None,28.67,None
1772828533.4323454,62.33,None,43.66,None,8.67,None,43.00,None,35.00,None,59.66,None,23.34,None,49.35,None,105.66,None,128.35,None,27.00,None,28.67,None
1772828533.4725592,62.33,None,43.66,None,8.67,None,43.00,None,35.00,None,59.66,None,23.34,None,49.35,None,105.66,None,128.35,None,27.00,None,28.67,None
1772828533.473909,62.33,None,43.66,None,8.67,None,43.00,None,35.00,None,59.66,None,23.34,None,49.35,None,105.66,None,128.35,None,27.00,None,28.67,None
1772828563.3012183,54.00,None,4.00,None,8.67,None,43.00,None,17.00,None,59.66,None,1.67,None,47.68,None,51.65,None,84.68,None,9.00,None,28.67,None
1772828563.3030512,54.00,None,4.00,None,8.67,None,43.00,None,17.00,None,59.66,None,1.67,None,47.68,None,51.65,None,84.68,None,9.00,None,28.67,None
1772828563.3660645,61.33,None,4.00,None,8.67,None,43.00,None,26.00,None,59.66,None,6.00,None,47.68,None,51.65,None,84.68,None,9.00,None,28.67,None
1772828563.3679957,61.33,None,4.00,None,8.67,None,43.00,None,26.00,None,59.66,None,6.00,None,47.68,None,51.65,None,84.68,None,9.00,None,28.67,None
1772828563.4279044,66.33,None,8.00,None,8.67,None,43.00,None,35.00,None,59.66,None,14.67,None,47.68,None,51.65,None,84.68,None,9.00,None,28.67,None
1772828563.429827,66.33,None,8.00,None,8.67,None,43.00,None,35.00,None,59.66,None,14.67,None,47.68,None,51.65,None,84.68,None,9.00,None,28.67,None
1772828563.4914842,68.00,None,11.33,None,8.67,None,43.00,None,35.00,None,59.66,None,23.67,None,52.01,None,55.65,None,84.68,None,9.00,None,28.67,None
1772828563.4936821,68.00,None,11.33,None,8.67,None,43.00,None,35.00,None,59.66,None,23.67,None,52.01,None,55.65,None,84.68,None,9.00,None,28.67,None
1772828563.555134,69.67,None,20.33,None,8.67,None,43.00,None,35.00,None,59.66,None,27.00,None,52.01,None,55.65,None,88.68,None,9.00,None,28.67,None
1772828563.5572608,69.67,None,20.33,None,8.67,None,43.00,None,35.00,None,59.66,None,27.00,None,52.01,None,55.65,None,88.68,None,9.00,None,28.67,None
1772828563.7579987,69.67,None,20.33,None,8.67,None,43.00,None,35.00,None,59.66,None,27.00,None,52.01,None,55.65,None,88.68,None,9.00,None,28.67,None
1772828563.7600825,69.67,None,20.33,None,8.67,None,43.00,None,35.00,None,59.66,None,27.00,None,52.01,None,55.65,None,88.68,None,9.00,None,28.67,None
1772828580.2081447,69.67,None,29.00,None,0.00,None,30.33,None,44.00,None,55.66,None,25.33,None,56.34,None,32.99,None,44.35,None,0.00,None,27.00,None
1772828580.209844,69.67,None,29.00,None,0.00,None,30.33,None,44.00,None,55.66,None,25.33,None,56.34,None,32.99,None,44.35,None,0.00,None,27.00,None
1772828580.2678423,69.67,None,39.34,None,0.00,None,30.33,None,53.00,None,55.66,None,28.66,None,56.34,None,32.99,None,48.35,None,0.00,None,27.00,None
1772828580.2696023,69.67,None,39.34,None,0.00,None,30.33,None,53.00,None,55.66,None,28.66,None,56.34,None,32.99,None,48.35,None,0.00,None,27.00,None
1772828580.326854,69.67,None,49.68,None,0.00,None,30.33,None,62.00,None,55.66,None,31.99,None,56.34,None,32.99,None,48.35,None,0.00,None,27.00,None
1772828580.3287108,69.67,None,49.68,None,0.00,None,30.33,None,62.00,None,55.66,None,31.99,None,56.34,None,32.99,None,48.35,None,0.00,None,27.00,None
1772828580.3861847,69.67,None,51.35,None,0.00,None,30.33,None,65.33,None,59.66,None,31.99,None,56.34,None,32.99,None,48.35,None,9.00,None,27.00,None
1772828580.3880112,69.67,None,51.35,None,0.00,None,30.33,None,65.33,None,59.66,None,31.99,None,56.34,None,32.99,None,48.35,None,9.00,None,27.00,None
1772828580.4445221,69.67,None,62.02,None,0.00,None,34.33,None,65.33,None,59.66,None,31.99,None,65.01,None,32.99,None,48.35,None,9.00,None,27.00,None
1772828580.4463887,69.67,None,62.02,None,0.00,None,34.33,None,65.33,None,59.66,None,31.99,None,65.01,None,32.99,None,48.35,None,9.00,None,27.00,None
1772828580.6500602,69.67,None,62.02,None,0.00,None,34.33,None,65.33,None,59.66,None,31.99,None,65.01,None,32.99,None,48.35,None,9.00,None,27.00,None
1772828580.6525686,69.67,None,62.02,None,0.00,None,34.33,None,65.33,None,59.66,None,31.99,None,65.01,None,32.99,None,48.35,None,9.00,None,27.00,None
1772828600.2471201,69.67,None,62.02,None,0.00,None,26.00,None,68.66,None,37.33,None,31.99,None,52.34,None,29.66,None,12.00,None,17.67,None,13.33,None
1772828600.248907,69.67,None,62.02,None,0.00,None,26.00,None,68.66,None,37.33,None,31.99,None,52.34,None,29.66,None,12.00,None,17.67,None,13.33,None
1772828600.310571,69.67,None,63.69,None,0.00,None,26.00,None,68.66,None,37.33,None,31.99,None,56.34,None,29.66,None,12.00,None,26.34,None,22.33,None
1772828600.3123164,69.67,None,63.69,None,0.00,None,26.00,None,68.66,None,37.33,None,31.99,None,56.34,None,29.66,None,12.00,None,26.34,None,22.33,None
1772828600.360358,69.67,None,68.69,None,0.00,None,26.00,None,68.66,None,41.33,None,31.99,None,56.34,None,29.66,None,12.00,None,26.34,None,31.33,None
1772828600.3615875,69.67,None,68.69,None,0.00,None,26.00,None,68.66,None,41.33,None,31.99,None,56.34,None,29.66,None,12.00,None,26.34,None,31.33,None
1772828600.3984594,69.67,None,68.69,None,0.00,None,26.00,None,68.66,None,41.33,None,31.99,None,61.34,None,29.66,None,12.00,None,26.34,None,31.33,None
1772828600.3995273,69.67,None,68.69,None,0.00,None,26.00,None,68.66,None,41.33,None,31.99,None,61.34,None,29.66,None,12.00,None,26.34,None,31.33,None
1772828600.5078535,69.67,None,68.69,None,0.00,None,30.00,None,68.66,None,41.33,None,31.99,None,66.34,None,38.66,None,12.00,None,26.34,None,31.33,None
1772828600.5090213,69.67,None,68.69,None,0.00,None,30.00,None,68.66,None,41.33,None,31.99,None,66.34,None,38.66,None,12.00,None,26.34,None,31.33,None
1772828600.5536668,69.67,None,68.69,None,0.00,None,30.00,None,68.66,None,41.33,None,31.99,None,66.34,None,38.66,None,12.00,None,26.34,None,31.33,None
1772828600.5550559,69.67,None,68.69,None,0.00,None,30.00,None,68.66,None,41.33,None,31.99,None,66.34,None,38.66,None,12.00,None,26.34,None,31.33,None
1772828619.2893634,42.67,None,64.69,None,0.00,None,8.00,None,68.66,None,12.00,None,31.99,None,53.67,None,27.00,None,12.00,None,31.34,None,31.33,None
1772828619.2911155,42.67,None,64.69,None,0.00,None,8.00,None,68.66,None,12.00,None,31.99,None,53.67,None,27.00,None,12.00,None,31.34,None,31.33,None
1772828619.3506372,46.00,None,68.69,None,0.00,None,8.00,None,68.66,None,12.00,None,31.99,None,62.34,None,27.00,None,12.00,None,31.34,None,31.33,None
1772828619.352447,46.00,None,68.69,None,0.00,None,8.00,None,68.66,None,12.00,None,31.99,None,62.34,None,27.00,None,12.00,None,31.34,None,31.33,None
1772828619.4792607,55.00,None,68.69,None,0.00,None,8.00,None,68.66,None,12.00,None,31.99,None,69.67,None,27.00,None,12.00,None,31.34,None,31.33,None
1772828619.4803588,55.00,None,68.69,None,0.00,None,8.00,None,68.66,None,12.00,None,31.99,None,69.67,None,27.00,None,12.00,None,31.34,None,31.33,None
1772828619.5171242,60.00,None,68.69,None,0.00,None,8.00,None,68.66,None,12.00,None,31.99,None,69.67,None,36.00,None,12.00,None,31.34,None,31.33,None
1772828619.5182822,60.00,None,68.69,None,0.00,None,8.00,None,68.66,None,12.00,None,31.99,None,69.67,None,36.00,None,12.00,None,31.34,None,31.33,None
1772828619.5527601,65.00,None,68.69,None,0.00,None,8.00,None,68.66,None,12.00,None,31.99,None,69.67,None,49.00,None,12.00,None,31.34,None,31.33,None
1772828619.5538213,65.00,None,68.69,None,0.00,None,8.00,None,68.66,None,12.00,None,31.99,None,69.67,None,49.00,None,12.00,None,31.34,None,31.33,None
1772828619.5897944,68.33,None,68.69,None,1.67,None,12.00,None,68.66,None,12.00,None,31.99,None,69.67,None,58.00,None,12.00,None,31.34,None,31.33,None
1772828619.5909579,68.33,None,68.69,None,1.67,None,12.00,None,68.66,None,12.00,None,31.99,None,69.67,None,58.00,None,12.00,None,31.34,None,31.33,None
1772828647.3308005,68.33,None,68.69,None,1.67,None,12.00,None,68.66,None,12.00,None,31.99,None,69.67,None,58.00,None,12.00,None,31.34,None,31.33,None
1772828647.3327768,68.33,None,68.69,None,1.67,None,12.00,None,68.66,None,12.00,None,31.99,None,69.67,None,58.00,None,12.00,None,31.34,None,31.33,None
1772828647.3883193,68.33,None,68.69,None,1.67,None,12.00,None,68.66,None,12.00,None,31.99,None,69.67,None,58.00,None,12.00,None,31.34,None,31.33,None
1772828647.3903568,68.33,None,68.69,None,1.67,None,12.00,None,68.66,None,12.00,None,31.99,None,69.67,None,58.00,None,12.00,None,31.34,None,31.33,None
1772828647.5017047,68.33,None,68.69,None,1.67,None,12.00,None,68.66,None,12.00,None,31.99,None,69.67,None,58.00,None,12.00,None,31.34,None,31.33,None
1772828647.5027993,68.33,None,68.69,None,1.67,None,12.00,None,68.66,None,12.00,None,31.99,None,69.67,None,58.00,None,12.00,None,31.34,None,31.33,None
1772828647.5367508,68.33,None,68.69,None,1.67,None,12.00,None,68.66,None,12.00,None,31.99,None,69.67,None,58.00,None,12.00,None,31.34,None,31.33,None
1772828647.5387523,68.33,None,68.69,None,1.67,None,12.00,None,68.66,None,12.00,None,31.99,None,69.67,None,58.00,None,12.00,None,31.34,None,31.33,None
1772828647.5957298,68.33,None,68.69,None,1.67,None,12.00,None,68.66,None,12.00,None,31.99,None,69.67,None,58.00,None,12.00,None,31.34,None,31.33,None
1772828647.5977795,68.33,None,68.69,None,1.67,None,12.00,None,68.66,None,12.00,None,31.99,None,69.67,None,58.00,None,12.00,None,31.34,None,31.33,None
1772828647.6544664,68.33,None,68.69,None,1.67,None,12.00,None,68.66,None,12.00,None,31.99,None,69.67,None,58.00,None,12.00,None,31.34,None,31.33,None
1772828647.65644,68.33,None,68.69,None,1.67,None,12.00,None,68.66,None,12.00,None,31.99,None,69.67,None,58.00,None,12.00,None,31.34,None,31.33,None
1772828666.3371835,59.33,None,68.69,None,1.67,None,12.00,None,68.66,None,8.00,None,31.99,None,56.00,None,53.00,None,12.00,None,31.34,None,31.33,None
1772828666.3381698,59.33,None,68.69,None,1.67,None,12.00,None,68.66,None,8.00,None,31.99,None,56.00,None,53.00,None,12.00,None,31.34,None,31.33,None
1772828666.4424942,68.33,None,68.69,None,1.67,None,12.00,None,68.66,None,8.00,None,31.99,None,64.67,None,58.00,None,12.00,None,31.34,None,31.33,None
1772828666.443533,68.33,None,68.69,None,1.67,None,12.00,None,68.66,None,8.00,None,31.99,None,64.67,None,58.00,None,12.00,None,31.34,None,31.33,None
1772828666.4783762,68.33,None,68.69,None,1.67,None,12.00,None,68.66,None,12.00,None,31.99,None,64.67,None,63.00,None,12.00,None,31.34,None,31.33,None
1772828666.479467,68.33,None,68.69,None,1.67,None,12.00,None,68.66,None,12.00,None,31.99,None,64.67,None,63.00,None,12.00,None,31.34,None,31.33,None
1772828666.5130122,68.33,None,68.69,None,1.67,None,12.00,None,68.66,None,12.00,None,31.99,None,64.67,None,63.00,None,12.00,None,31.34,None,31.33,None
1772828666.5141578,68.33,None,68.69,None,1.67,None,12.00,None,68.66,None,12.00,None,31.99,None,64.67,None,63.00,None,12.00,None,31.34,None,31.33,None
1772828666.5489402,68.33,None,68.69,None,1.67,None,12.00,None,68.66,None,12.00,None,31.99,None,64.67,None,63.00,None,12.00,None,31.34,None,31.33,None
1772828666.5500612,68.33,None,68.69,None,1.67,None,12.00,None,68.66,None,12.00,None,31.99,None,64.67,None,63.00,None,12.00,None,31.34,None,31.33,None
1772828666.670387,68.33,None,68.69,None,1.67,None,12.00,None,68.66,None,12.00,None,31.99,None,64.67,None,63.00,None,12.00,None,31.34,None,31.33,None
1772828666.6723042,68.33,None,68.69,None,1.67,None,12.00,None,68.66,None,12.00,None,31.99,None,64.67,None,63.00,None,12.00,None,31.34,None,31.33,None
1772828680.3892536,51.66,None,52.36,None,1.67,None,12.00,None,37.66,None,12.00,None,15.66,None,64.67,None,59.00,None,13.00,None,31.34,None,31.33,None
1772828680.3910933,51.66,None,52.36,None,1.67,None,12.00,None,37.66,None,12.00,None,15.66,None,64.67,None,59.00,None,13.00,None,31.34,None,31.33,None
1772828680.4563525,51.66,None,56.36,None,1.67,None,12.00,None,37.66,None,12.00,None,24.66,None,64.67,None,59.00,None,18.00,None,31.34,None,31.33,None
1772828680.4582078,51.66,None,56.36,None,1.67,None,12.00,None,37.66,None,12.00,None,24.66,None,64.67,None,59.00,None,18.00,None,31.34,None,31.33,None
1772828680.520921,51.66,None,65.36,None,1.67,None,12.00,None,41.66,None,12.00,None,24.66,None,64.67,None,67.67,None,23.00,None,31.34,None,31.33,None
1772828680.5228717,51.66,None,65.36,None,1.67,None,12.00,None,41.66,None,12.00,None,24.66,None,64.67,None,67.67,None,23.00,None,31.34,None,31.33,None
1772828680.5837204,60.66,None,65.36,None,1.67,None,12.00,None,41.66,None,12.00,None,24.66,None,64.67,None,80.34,None,30.66,None,31.34,None,31.33,None
1772828680.5864801,60.66,None,65.36,None,1.67,None,12.00,None,41.66,None,12.00,None,24.66,None,64.67,None,80.34,None,30.66,None,31.34,None,31.33,None
1772828680.8325026,69.66,None,65.36,None,1.67,None,12.00,None,41.66,None,12.00,None,24.66,None,64.67,None,93.34,None,37.99,None,31.34,None,31.33,None
1772828680.8351169,69.66,None,65.36,None,1.67,None,12.00,None,41.66,None,12.00,None,24.66,None,64.67,None,93.34,None,37.99,None,31.34,None,31.33,None
1772828680.9133732,69.66,None,65.36,None,1.67,None,12.00,None,41.66,None,12.00,None,24.66,None,64.67,None,93.34,None,37.99,None,31.34,None,31.33,None
1772828680.9153917,69.66,None,65.36,None,1.67,None,12.00,None,41.66,None,12.00,None,24.66,None,64.67,None,93.34,None,37.99,None,31.34,None,31.33,None
