timestamp,2.,2.1,5.,5.1,6.,6.1,8.,8.1,9.,9.1,14.,14.1,18.,18.1,23.,23.1,25.,25.1,28.,28.1,33.,33.1,34.,34.1
1772827694.3182943,0.00,None,0.00,None,0.00,None,0.00,None,4.00,None,0.00,None,5.00,None,0.00,None,0.00,None,0.00,None,0.00,None,0.00,None
1772827694.3192887,0.00,None,0.00,None,0.00,None,0.00,None,4.00,None,0.00,None,5.00,None,0.00,None,0.00,None,0.00,None,0.00,None,0.00,None
1772827694.347019,0.00,None,0.00,None,0.00,None,0.00,None,4.00,None,0.00,None,10.00,None,0.00,None,0.00,None,0.00,None,0.00,None,9.00,None
1772827694.3476956,0.00,None,0.00,None,0.00,None,0.00,None,4.00,None,0.00,None,10.00,None,0.00,None,0.00,None,0.00,None,0.00,None,9.00,None
1772827694.3751974,0.00,None,0.00,None,0.00,None,0.00,None,4.00,None,0.00,None,15.00,None,0.00,None,0.00,None,0.00,None,0.00,None,18.00,None
1772827694.3758955,0.00,None,0.00,None,0.00,None,0.00,None,4.00,None,0.00,None,15.00,None,0.00,None,0.00,None,0.00,None,0.00,None,18.00,None
1772827694.4030535,0.00,None,0.00,None,0.00,None,0.00,None,12.67,None,0.00,None,20.00,None,0.00,None,0.00,None,0.00,None,0.00,None,27.00,None
1772827694.4037993,0.00,None,0.00,None,0.00,None,0.00,None,12.67,None,0.00,None,20.00,None,0.00,None,0.00,None,0.00,None,0.00,None,27.00,None
1772827694.430816,0.00,None,0.00,None,0.00,None,0.00,None,12.67,None,0.00,None,21.67,None,0.00,None,0.00,None,0.00,None,9.00,None,30.33,None
1772827694.4315884,0.00,None,0.00,None,0.00,None,0.00,None,12.67,None,0.00,None,21.67,None,0.00,None,0.00,None,0.00,None,9.00,None,30.33,None
1772827694.4578416,0.00,None,0.00,None,0.00,None,0.00,None,21.34,None,0.00,None,26.67,None,0.00,None,0.00,None,0.00,None,18.00,None,30.33,None
1772827694.4586873,0.00,None,0.00,None,0.00,None,0.00,None,21.34,None,0.00,None,26.67,None,0.00,None,0.00,None,0.00,None,18.00,None,30.33,None
1772827712.3189342,0.00,None,0.00,None,0.00,None,0.00,None,34.01,None,0.00,None,31.67,None,0.00,None,0.00,None,0.00,None,27.00,None,30.33,None
1772827712.3199575,0.00,None,0.00,None,0.00,None,0.00,None,34.01,None,0.00,None,31.67,None,0.00,None,0.00,None,0.00,None,27.00,None,30.33,None
1772827712.4448347,5.00,None,4.00,None,0.00,None,0.00,None,43.01,None,0.00,None,31.67,None,0.00,None,0.00,None,0.00,None,27.00,None,30.33,None
1772827712.4459732,5.00,None,4.00,None,0.00,None,0.00,None,43.01,None,0.00,None,31.67,None,0.00,None,0.00,None,0.00,None,27.00,None,30.33,None
1772827712.4733434,10.00,None,4.00,None,0.00,None,0.00,None,52.01,None,0.00,None,31.67,None,0.00,None,0.00,None,0.00,None,27.00,None,30.33,None
1772827712.4744713,10.00,None,4.00,None,0.00,None,0.00,None,52.01,None,0.00,None,31.67,None,0.00,None,0.00,None,0.00,None,27.00,None,30.33,None
1772827712.5011582,15.00,None,4.00,None,0.00,None,0.00,None,61.01,None,0.00,None,31.67,None,0.00,None,0.00,None,0.00,None,27.00,None,30.33,None
1772827712.5022538,15.00,None,4.00,None,0.00,None,0.00,None,61.01,None,0.00,None,31.67,None,0.00,None,0.00,None,0.00,None,27.00,None,30.33,None
1772827712.5281246,20.00,None,13.00,None,0.00,None,0.00,None,61.01,None,0.00,None,31.67,None,0.00,None,0.00,None,0.00,None,27.00,None,30.33,None
1772827712.529227,20.00,None,13.00,None,0.00,None,0.00,None,61.01,None,0.00,None,31.67,None,0.00,None,0.00,None,0.00,None,27.00,None,30.33,None
1772827712.5550022,25.00,None,22.00,None,0.00,None,0.00,None,61.01,None,0.00,None,31.67,None,0.00,None,0.00,None,0.00,None,27.00,None,30.33,None
1772827712.5561478,25.00,None,22.00,None,0.00,None,0.00,None,61.01,None,0.00,None,31.67,None,0.00,None,0.00,None,0.00,None,27.00,None,30.33,None
1772827730.3261294,25.00,None,22.00,None,0.00,None,0.00,None,61.01,None,0.00,None,31.67,None,13.00,None,5.00,None,0.00,None,27.00,None,30.33,None
1772827730.3269677,25.00,None,22.00,None,0.00,None,0.00,None,61.01,None,0.00,None,31.67,None,13.00,None,5.00,None,0.00,None,27.00,None,30.33,None
1772827730.3451269,25.00,None,22.00,None,0.00,None,0.00,None,61.01,None,0.00,None,31.67,None,22.00,None,10.00,None,0.00,None,27.00,None,30.33,None
1772827730.3459527,25.00,None,22.00,None,0.00,None,0.00,None,61.01,None,0.00,None,31.67,None,22.00,None,10.00,None,0.00,None,27.00,None,30.33,None
1772827730.3621233,25.00,None,31.00,None,0.00,None,0.00,None,61.01,None,0.00,None,31.67,None,30.67,None,15.00,None,0.00,None,27.00,None,30.33,None
1772827730.3628068,25.00,None,31.00,None,0.00,None,0.00,None,61.01,None,0.00,None,31.67,None,30.67,None,15.00,None,0.00,None,27.00,None,30.33,None
1772827730.378892,25.00,None,40.00,None,0.00,None,0.00,None,61.01,None,0.00,None,31.67,None,39.34,None,20.00,None,0.00,None,27.00,None,30.33,None
1772827730.379579,25.00,None,40.00,None,0.00,None,0.00,None,61.01,None,0.00,None,31.67,None,39.34,None,20.00,None,0.00,None,27.00,None,30.33,None
1772827730.3971257,25.00,None,49.00,None,0.00,None,0.00,None,61.01,None,0.00,None,31.67,None,48.01,None,25.00,None,0.00,None,27.00,None,30.33,None
1772827730.3980212,25.00,None,49.00,None,0.00,None,0.00,None,61.01,None,0.00,None,31.67,None,48.01,None,25.00,None,0.00,None,27.00,None,30.33,None
1772827730.423777,25.00,None,58.00,None,0.00,None,0.00,None,61.01,None,0.00,None,31.67,None,56.68,None,30.00,None,0.00,None,27.00,None,30.33,None
1772827730.4252899,25.00,None,58.00,None,0.00,None,0.00,None,61.01,None,0.00,None,31.67,None,56.68,None,30.00,None,0.00,None,27.00,None,30.33,None
1772827757.354142,25.00,None,58.00,None,9.00,None,0.00,None,61.01,None,0.00,None,31.67,None,56.68,None,30.00,None,5.00,None,27.00,None,30.33,None
1772827757.3549893,25.00,None,58.00,None,9.00,None,0.00,None,61.01,None,0.00,None,31.67,None,56.68,None,30.00,None,5.00,None,27.00,None,30.33,None
1772827757.370993,25.00,None,58.00,None,9.00,None,0.00,None,61.01,None,0.00,None,31.67,None,56.68,None,30.00,None,10.00,None,27.00,None,30.33,None
1772827757.371792,25.00,None,58.00,None,9.00,None,0.00,None,61.01,None,0.00,None,31.67,None,56.68,None,30.00,None,10.00,None,27.00,None,30.33,None
1772827757.3880205,25.00,None,58.00,None,9.00,None,0.00,None,61.01,None,4.00,None,31.67,None,56.68,None,30.00,None,15.00,None,27.00,None,30.33,None
1772827757.3888724,25.00,None,58.00,None,9.00,None,0.00,None,61.01,None,4.00,None,31.67,None,56.68,None,30.00,None,15.00,None,27.00,None,30.33,None
1772827757.405256,25.00,None,58.00,None,9.00,None,0.00,None,61.01,None,4.00,None,31.67,None,56.68,None,30.00,None,20.00,None,27.00,None,30.33,None
1772827757.406131,25.00,None,58.00,None,9.00,None,0.00,None,61.01,None,4.00,None,31.67,None,56.68,None,30.00,None,20.00,None,27.00,None,30.33,None
1772827757.4224293,25.00,None,58.00,None,9.00,None,0.00,None,61.01,None,4.00,None,31.67,None,56.68,None,30.00,None,25.00,None,27.00,None,30.33,None
1772827757.4233193,25.00,None,58.00,None,9.00,None,0.00,None,61.01,None,4.00,None,31.67,None,56.68,None,30.00,None,25.00,None,27.00,None,30.33,None
1772827757.439876,25.00,None,58.00,None,9.00,None,0.00,None,61.01,None,4.00,None,31.67,None,56.68,None,30.00,None,30.00,None,27.00,None,30.33,None
1772827757.4407895,25.00,None,58.00,None,9.00,None,0.00,None,61.01,None,4.00,None,31.67,None,56.68,None,30.00,None,30.00,None,27.00,None,30.33,None
1772827770.3857582,38.00,None,66.67,None,9.00,None,0.00,None,65.34,None,4.00,None,31.67,None,56.68,None,30.00,None,30.00,None,27.00,None,30.33,None
1772827770.3868525,38.00,None,66.67,None,9.00,None,0.00,None,65.34,None,4.00,None,31.67,None,56.68,None,30.00,None,30.00,None,27.00,None,30.33,None
1772827770.4037633,38.00,None,66.67,None,9.00,None,9.00,None,65.34,None,4.00,None,31.67,None,56.68,None,30.00,None,30.00,None,30.33,None,30.33,None
1772827770.4048195,38.00,None,66.67,None,9.00,None,9.00,None,65.34,None,4.00,None,31.67,None,56.68,None,30.00,None,30.00,None,30.33,None,30.33,None
1772827770.4213426,47.00,None,70.00,None,9.00,None,9.00,None,67.01,None,4.00,None,31.67,None,65.35,None,30.00,None,30.00,None,30.33,None,30.33,None
1772827770.4223645,47.00,None,70.00,None,9.00,None,9.00,None,67.01,None,4.00,None,31.67,None,65.35,None,30.00,None,30.00,None,30.33,None,30.33,None
1772827770.437947,47.00,None,70.00,None,9.00,None,9.00,None,67.01,None,4.00,None,31.67,None,65.35,None,30.00,None,30.00,None,30.33,None,30.33,None
1772827770.4389362,47.00,None,70.00,None,9.00,None,9.00,None,67.01,None,4.00,None,31.67,None,65.35,None,30.00,None,30.00,None,30.33,None,30.33,None
1772827770.4548974,47.00,None,70.00,None,9.00,None,9.00,None,67.01,None,4.00,None,31.67,None,65.35,None,30.00,None,30.00,None,30.33,None,30.33,None
1772827770.456013,47.00,None,70.00,None,9.00,None,9.00,None,67.01,None,4.00,None,31.67,None,65.35,None,30.00,None,30.00,None,30.33,None,30.33,None
1772827770.4725146,47.00,None,70.00,None,9.00,None,9.00,None,67.01,None,4.00,None,31.67,None,65.35,None,30.00,None,30.00,None,30.33,None,30.33,None
1772827770.4735954,47.00,None,70.00,None,9.00,None,9.00,None,67.01,None,4.00,None,31.67,None,65.35,None,30.00,None,30.00,None,30.33,None,30.33,None
1772827794.4287653,47.00,None,70.00,None,9.00,None,22.00,None,67.01,None,9.00,None,31.67,None,65.35,None,30.00,None,30.00,None,30.33,None,30.33,None
1772827794.430749,47.00,None,70.00,None,9.00,None,22.00,None,67.01,None,9.00,None,31.67,None,65.35,None,30.00,None,30.00,None,30.33,None,30.33,None
1772827794.4566944,47.00,None,70.00,None,9.00,None,31.00,None,67.01,None,14.00,None,31.67,None,65.35,None,30.00,None,30.00,None,30.33,None,30.33,None
1772827794.458768,47.00,None,70.00,None,9.00,None,31.00,None,67.01,None,14.00,None,31.67,None,65.35,None,30.00,None,30.00,None,30.33,None,30.33,None
1772827794.5891747,47.00,None,70.00,None,9.00,None,40.00,None,67.01,None,19.00,None,31.67,None,65.35,None,30.00,None,30.00,None,30.33,None,30.33,None
1772827794.591227,47.00,None,70.00,None,9.00,None,40.00,None,67.01,None,19.00,None,31.67,None,65.35,None,30.00,None,30.00,None,30.33,None,30.33,None
1772827794.6171343,47.00,None,70.00,None,9.00,None,49.00,None,67.01,None,24.00,None,31.67,None,65.35,None,30.00,None,30.00,None,30.33,None,30.33,None
1772827794.6191785,47.00,None,70.00,None,9.00,None,49.00,None,67.01,None,24.00,None,31.67,None,65.35,None,30.00,None,30.00,None,30.33,None,30.33,None
1772827794.6447997,47.00,None,70.00,None,18.00,None,57.67,None,67.01,None,28.33,None,31.67,None,65.35,None,30.00,None,30.00,None,30.33,None,30.33,None
1772827794.646921,47.00,None,70.00,None,18.00,None,57.67,None,67.01,None,28.33,None,31.67,None,65.35,None,30.00,None,30.00,None,30.33,None,30.33,None
1772827794.6727428,47.00,None,70.00,None,27.00,None,66.34,None,67.01,None,33.33,None,31.67,None,65.35,None,30.00,None,34.00,None,30.33,None,30.33,None
1772827794.6748536,47.00,None,70.00,None,27.00,None,66.34,None,67.01,None,33.33,None,31.67,None,65.35,None,30.00,None,34.00,None,30.33,None,30.33,None
1772827807.461895,54.33,None,70.00,None,27.00,None,66.34,None,67.01,None,33.33,None,31.67,None,65.35,None,39.00,None,34.00,None,30.33,None,30.33,None
1772827807.4641154,54.33,None,70.00,None,27.00,None,66.34,None,67.01,None,33.33,None,31.67,None,65.35,None,39.00,None,34.00,None,30.33,None,30.33,None
1772827807.4926639,58.66,None,70.00,None,27.00,None,66.34,None,67.01,None,42.33,None,31.67,None,69.35,None,39.00,None,42.67,None,30.33,None,30.33,None
1772827807.4951253,58.66,None,70.00,None,27.00,None,66.34,None,67.01,None,42.33,None,31.67,None,69.35,None,39.00,None,42.67,None,30.33,None,30.33,None
1772827807.5237672,58.66,None,70.00,None,27.00,None,66.34,None,67.01,None,42.33,None,31.67,None,69.35,None,39.00,None,42.67,None,30.33,None,30.33,None
1772827807.5261884,58.66,None,70.00,None,27.00,None,66.34,None,67.01,None,42.33,None,31.67,None,69.35,None,39.00,None,42.67,None,30.33,None,30.33,None
1772827807.5543096,58.66,None,70.00,None,27.00,None,66.34,None,67.01,None,42.33,None,31.67,None,69.35,None,39.00,None,42.67,None,30.33,None,30.33,None
1772827807.5568757,58.66,None,70.00,None,27.00,None,66.34,None,67.01,None,42.33,None,31.67,None,69.35,None,39.00,None,42.67,None,30.33,None,30.33,None
1772827807.5846488,58.66,None,70.00,None,27.00,None,66.34,None,67.01,None,42.33,None,31.67,None,69.35,None,39.00,None,42.67,None,30.33,None,30.33,None
1772827807.5870636,58.66,None,70.00,None,27.00,None,66.34,None,67.01,None,42.33,None,31.67,None,69.35,None,39.00,None,42.67,None,30.33,None,30.33,None
1772827807.6147585,58.66,None,70.00,None,27.00,None,66.34,None,67.01,None,42.33,None,31.67,None,69.35,None,39.00,None,42.67,None,30.33,None,30.33,None
1772827807.617097,58.66,None,70.00,None,27.00,None,66.34,None,67.01,None,42.33,None,31.67,None,69.35,None,39.00,None,42.67,None,30.33,None,30.33,None
1772827822.5006728,58.66,None,70.00,None,27.00,None,79.34,None,67.01,None,55.33,None,31.67,None,69.35,None,39.00,None,47.67,None,30.33,None,30.33,None
1772827822.5030723,58.66,None,70.00,None,27.00,None,79.34,None,67.01,None,55.33,None,31.67,None,69.35,None,39.00,None,47.67,None,30.33,None,30.33,None
1772827822.5307438,58.66,None,70.00,None,27.00,None,88.34,None,67.01,None,64.00,None,31.67,None,69.35,None,39.00,None,52.67,None,30.33,None,30.33,None
1772827822.5331333,58.66,None,70.00,None,27.00,None,88.34,None,67.01,None,64.00,None,31.67,None,69.35,None,39.00,None,52.67,None,30.33,None,30.33,None
1772827822.5569508,58.66,None,70.00,None,27.00,None,97.34,None,67.01,None,72.67,None,31.67,None,69.35,None,39.00,None,57.67,None,30.33,None,30.33,None
1772827822.558233,58.66,None,70.00,None,27.00,None,97.34,None,67.01,None,72.67,None,31.67,None,69.35,None,39.00,None,57.67,None,30.33,None,30.33,None
1772827822.5751772,58.66,None,70.00,None,27.00,None,106.34,None,67.01,None,81.34,None,31.67,None,69.35,None,39.00,None,62.67,None,30.33,None,30.33,None
1772827822.5764189,58.66,None,70.00,None,27.00,None,106.34,None,67.01,None,81.34,None,31.67,None,69.35,None,39.00,None,62.67,None,30.33,None,30.33,None
1772827822.593648,58.66,None,70.00,None,27.00,None,115.34,None,67.01,None,90.01,None,31.67,None,69.35,None,39.00,None,67.67,None,30.33,None,30.33,None
1772827822.5949817,58.66,None,70.00,None,27.00,None,115.34,None,67.01,None,90.01,None,31.67,None,69.35,None,39.00,None,67.67,None,30.33,None,30.33,None
1772827822.612068,58.66,None,70.00,None,27.00,None,124.34,None,67.01,None,98.68,None,31.67,None,69.35,None,39.00,None,72.67,None,30.33,None,30.33,None
1772827822.6133468,58.66,None,70.00,None,27.00,None,124.34,None,67.01,None,98.68,None,31.67,None,69.35,None,39.00,None,72.67,None,30.33,None,30.33,None
1772827841.5350018,33.66,None,53.00,None,27.00,None,124.34,None,10.00,None,98.68,None,0.00,None,69.35,None,39.00,None,72.67,None,3.33,None,0.00,None
1772827841.5371103,33.66,None,53.00,None,27.00,None,124.34,None,10.00,None,98.68,None,0.00,None,69.35,None,39.00,None,72.67,None,3.33,None,0.00,None
1772827841.5687923,33.66,None,58.00,None,27.00,None,124.34,None,10.00,None,98.68,None,0.00,None,69.35,None,39.00,None,72.67,None,3.33,None,9.00,None
1772827841.5708623,33.66,None,58.00,None,27.00,None,124.34,None,10.00,None,98.68,None,0.00,None,69.35,None,39.00,None,72.67,None,3.33,None,9.00,None
1772827841.7093701,33.66,None,63.00,None,27.00,None,124.34,None,10.00,None,98.68,None,0.00,None,69.35,None,39.00,None,72.67,None,3.33,None,18.00,None
1772827841.7115889,33.66,None,63.00,None,27.00,None,124.34,None,10.00,None,98.68,None,0.00,None,69.35,None,39.00,None,72.67,None,3.33,None,18.00,None
1772827841.742657,33.66,None,68.00,None,27.00,None,124.34,None,10.00,None,98.68,None,0.00,None,69.35,None,39.00,None,72.67,None,3.33,None,18.00,None
1772827841.7448547,33.66,None,68.00,None,27.00,None,124.34,None,10.00,None,98.68,None,0.00,None,69.35,None,39.00,None,72.67,None,3.33,None,18.00,None
1772827841.775862,33.66,None,69.67,None,27.00,None,124.34,None,10.00,None,98.68,None,0.00,None,69.35,None,39.00,None,72.67,None,3.33,None,27.00,None
1772827841.778029,33.66,None,69.67,None,27.00,None,124.34,None,10.00,None,98.68,None,0.00,None,69.35,None,39.00,None,72.67,None,3.33,None,27.00,None
1772827841.8084054,33.66,None,69.67,None,27.00,None,124.34,None,10.00,None,98.68,None,9.00,None,69.35,None,39.00,None,72.67,None,3.33,None,27.00,None
1772827841.8106105,33.66,None,69.67,None,27.00,None,124.34,None,10.00,None,98.68,None,9.00,None,69.35,None,39.00,None,72.67,None,3.33,None,27.00,None
1772827859.566653,33.66,None,38.67,None,27.00,None,124.34,None,23.00,None,98.68,None,17.67,None,12.67,None,9.00,None,72.67,None,3.33,None,27.00,None
1772827859.5678039,33.66,None,38.67,None,27.00,None,124.34,None,23.00,None,98.68,None,17.67,None,12.67,None,9.00,None,72.67,None,3.33,None,27.00,None
1772827859.58738,37.99,None,46.00,None,27.00,None,124.34,None,32.00,None,98.68,None,26.34,None,12.67,None,9.00,None,72.67,None,3.33,None,27.00,None
1772827859.5885813,37.99,None,46.00,None,27.00,None,124.34,None,32.00,None,98.68,None,26.34,None,12.67,None,9.00,None,72.67,None,3.33,None,27.00,None
1772827859.6094344,46.66,None,49.33,None,27.00,None,124.34,None,41.00,None,98.68,None,26.34,None,12.67,None,9.00,None,72.67,None,3.33,None,27.00,None
1772827859.6108642,46.66,None,49.33,None,27.00,None,124.34,None,41.00,None,98.68,None,26.34,None,12.67,None,9.00,None,72.67,None,3.33,None,27.00,None
1772827859.6338801,55.33,None,52.66,None,27.00,None,124.34,None,50.00,None,98.68,None,26.34,None,12.67,None,9.00,None,72.67,None,3.33,None,27.00,None
1772827859.6356869,55.33,None,52.66,None,27.00,None,124.34,None,50.00,None,98.68,None,26.34,None,12.67,None,9.00,None,72.67,None,3.33,None,27.00,None
1772827859.6566143,64.00,None,57.66,None,27.00,None,124.34,None,59.00,None,98.68,None,26.34,None,16.67,None,9.00,None,72.67,None,3.33,None,27.00,None
1772827859.657877,64.00,None,57.66,None,27.00,None,124.34,None,59.00,None,98.68,None,26.34,None,16.67,None,9.00,None,72.67,None,3.33,None,27.00,None
1772827859.6783304,67.33,None,66.33,None,27.00,None,124.34,None,68.00,None,98.68,None,26.34,None,18.34,None,9.00,None,72.67,None,3.33,None,27.00,None
1772827859.6795945,67.33,None,66.33,None,27.00,None,124.34,None,68.00,None,98.68,None,26.34,None,18.34,None,9.00,None,72.67,None,3.33,None,27.00,None
1772827877.599015,67.33,None,66.33,None,27.00,None,124.34,None,68.00,None,98.68,None,26.34,None,18.34,None,9.00,None,72.67,None,14.00,None,30.33,None
1772827877.6004553,67.33,None,66.33,None,27.00,None,124.34,None,68.00,None,98.68,None,26.34,None,18.34,None,9.00,None,72.67,None,14.00,None,30.33,None
1772827877.620114,67.33,None,66.33,None,27.00,None,124.34,None,68.00,None,98.68,None,26.34,None,27.34,None,13.00,None,72.67,None,19.00,None,30.33,None
1772827877.6213346,67.33,None,66.33,None,27.00,None,124.34,None,68.00,None,98.68,None,26.34,None,27.34,None,13.00,None,72.67,None,19.00,None,30.33,None
1772827877.6403394,67.33,None,66.33,None,27.00,None,124.34,None,68.00,None,98.68,None,29.67,None,36.01,None,13.00,None,72.67,None,29.67,None,30.33,None
1772827877.641609,67.33,None,66.33,None,27.00,None,124.34,None,68.00,None,98.68,None,29.67,None,36.01,None,13.00,None,72.67,None,29.67,None,30.33,None
1772827877.6613805,67.33,None,69.66,None,27.00,None,124.34,None,68.00,None,98.68,None,29.67,None,36.01,None,22.00,None,72.67,None,31.34,None,30.33,None
1772827877.6629753,67.33,None,69.66,None,27.00,None,124.34,None,68.00,None,98.68,None,29.67,None,36.01,None,22.00,None,72.67,None,31.34,None,30.33,None
1772827877.7488525,67.33,None,69.66,None,27.00,None,124.34,None,69.67,None,98.68,None,29.67,None,39.34,None,31.00,None,72.67,None,31.34,None,30.33,None
1772827877.750342,67.33,None,69.66,None,27.00,None,124.34,None,69.67,None,98.68,None,29.67,None,39.34,None,31.00,None,72.67,None,31.34,None,30.33,None
1772827877.7700121,67.33,None,69.66,None,27.00,None,124.34,None,69.67,None,98.68,None,31.34,None,42.67,None,40.00,None,72.67,None,31.34,None,30.33,None
1772827877.7713492,67.33,None,69.66,None,27.00,None,124.34,None,69.67,None,98.68,None,31.34,None,42.67,None,40.00,None,72.67,None,31.34,None,30.33,None
1772827901.6392186,54.33,None,61.66,None,18.00,None,115.34,None,63.67,None,94.68,None,31.34,None,42.67,None,45.00,None,42.67,None,28.01,None,30.33,None
1772827901.6415806,54.33,None,61.66,None,18.00,None,115.34,None,63.67,None,94.68,None,31.34,None,42.67,None,45.00,None,42.67,None,28.01,None,30.33,None
1772827901.6773932,67.33,None,61.66,None,18.00,None,115.34,None,63.67,None,94.68,None,31.34,None,51.34,None,50.00,None,42.67,None,28.01,None,30.33,None
1772827901.6797292,67.33,None,61.66,None,18.00,None,115.34,None,63.67,None,94.68,None,31.34,None,51.34,None,50.00,None,42.67,None,28.01,None,30.33,None
1772827901.7138789,67.33,None,61.66,None,18.00,None,115.34,None,63.67,None,94.68,None,31.34,None,64.34,None,57.33,None,42.67,None,28.01,None,30.33,None
1772827901.7161872,67.33,None,61.66,None,18.00,None,115.34,None,63.67,None,94.68,None,31.34,None,64.34,None,57.33,None,42.67,None,28.01,None,30.33,None
1772827901.7506487,67.33,None,61.66,None,27.00,None,115.34,None,63.67,None,94.68,None,31.34,None,64.34,None,60.66,None,42.67,None,28.01,None,30.33,None
1772827901.753124,67.33,None,61.66,None,27.00,None,115.34,None,63.67,None,94.68,None,31.34,None,64.34,None,60.66,None,42.67,None,28.01,None,30.33,None
1772827901.7870998,67.33,None,61.66,None,27.00,None,115.34,None,63.67,None,94.68,None,31.34,None,64.34,None,63.99,None,42.67,None,28.01,None,30.33,None
1772827901.7896411,67.33,None,61.66,None,27.00,None,115.34,None,63.67,None,94.68,None,31.34,None,64.34,None,63.99,None,42.67,None,28.01,None,30.33,None
1772827901.8232656,67.33,None,61.66,None,27.00,None,115.34,None,63.67,None,94.68,None,31.34,None,64.34,None,67.32,None,42.67,None,28.01,None,30.33,None
1772827901.8257442,67.33,None,61.66,None,27.00,None,115.34,None,63.67,None,94.68,None,31.34,None,64.34,None,67.32,None,42.67,None,28.01,None,30.33,None
1772827919.6618934,67.33,None,61.66,None,27.00,None,120.34,None,63.67,None,94.68,None,31.34,None,64.34,None,67.32,None,42.67,None,28.01,None,30.33,None
1772827919.663266,67.33,None,61.66,None,27.00,None,120.34,None,63.67,None,94.68,None,31.34,None,64.34,None,67.32,None,42.67,None,28.01,None,30.33,None
1772827919.6834795,67.33,None,61.66,None,27.00,None,125.34,None,63.67,None,107.68,None,31.34,None,64.34,None,67.32,None,42.67,None,28.01,None,30.33,None
1772827919.6847959,67.33,None,61.66,None,27.00,None,125.34,None,63.67,None,107.68,None,31.34,None,64.34,None,67.32,None,42.67,None,28.01,None,30.33,None
1772827919.7048228,67.33,None,61.66,None,27.00,None,127.01,None,63.67,None,111.01,None,31.34,None,64.34,None,67.32,None,42.67,None,28.01,None,30.33,None
1772827919.7061322,67.33,None,61.66,None,27.00,None,127.01,None,63.67,None,111.01,None,31.34,None,64.34,None,67.32,None,42.67,None,28.01,None,30.33,None
1772827919.7261753,67.33,None,61.66,None,27.00,None,128.68,None,63.67,None,114.34,None,31.34,None,64.34,None,67.32,None,51.67,None,28.01,None,30.33,None
1772827919.7275033,67.33,None,61.66,None,27.00,None,128.68,None,63.67,None,114.34,None,31.34,None,64.34,None,67.32,None,51.67,None,28.01,None,30.33,None
1772827919.7476397,67.33,None,61.66,None,27.00,None,128.68,None,63.67,None,119.34,None,31.34,None,64.34,None,67.32,None,60.67,None,28.01,None,30.33,None
1772827919.7489917,67.33,None,61.66,None,27.00,None,128.68,None,63.67,None,119.34,None,31.34,None,64.34,None,67.32,None,60.67,None,28.01,None,30.33,None
1772827919.769324,67.33,None,61.66,None,27.00,None,128.68,None,63.67,None,122.67,None,31.34,None,64.34,None,75.99,None,74.00,None,28.01,None,30.33,None
1772827919.7707853,67.33,None,61.66,None,27.00,None,128.68,None,63.67,None,122.67,None,31.34,None,64.34,None,75.99,None,74.00,None,28.01,None,30.33,None
1772827937.7942324,67.33,None,61.66,None,9.00,None,78.67,None,63.67,None,106.34,None,31.34,None,64.34,None,75.99,None,70.00,None,28.01,None,30.33,None
1772827937.7955928,67.33,None,61.66,None,9.00,None,78.67,None,63.67,None,106.34,None,31.34,None,64.34,None,75.99,None,70.00,None,28.01,None,30.33,None
1772827937.8159847,67.33,None,61.66,None,9.00,None,82.00,None,63.67,None,115.01,None,31.34,None,64.34,None,75.99,None,70.00,None,28.01,None,30.33,None
1772827937.817289,67.33,None,61.66,None,9.00,None,82.00,None,63.67,None,115.01,None,31.34,None,64.34,None,75.99,None,70.00,None,28.01,None,30.33,None
1772827937.8389666,67.33,None,61.66,None,9.00,None,85.33,None,63.67,None,123.68,None,31.34,None,64.34,None,75.99,None,70.00,None,28.01,None,30.33,None
1772827937.840409,67.33,None,61.66,None,9.00,None,85.33,None,63.67,None,123.68,None,31.34,None,64.34,None,75.99,None,70.00,None,28.01,None,30.33,None
1772827937.861206,67.33,None,61.66,None,18.00,None,94.00,None,63.67,None,123.68,None,31.34,None,64.34,None,75.99,None,70.00,None,28.01,None,30.33,None
1772827937.8626485,67.33,None,61.66,None,18.00,None,94.00,None,63.67,None,123.68,None,31.34,None,64.34,None,75.99,None,70.00,None,28.01,None,30.33,None
1772827937.8856287,67.33,None,61.66,None,27.00,None,102.67,None,63.67,None,123.68,None,31.34,None,64.34,None,75.99,None,70.00,None,28.01,None,30.33,None
1772827937.887093,67.33,None,61.66,None,27.00,None,102.67,None,63.67,None,123.68,None,31.34,None,64.34,None,75.99,None,70.00,None,28.01,None,30.33,None
1772827937.907269,67.33,None,61.66,None,27.00,None,111.67,None,63.67,None,127.01,None,31.34,None,64.34,None,75.99,None,78.67,None,28.01,None,30.33,None
1772827937.9087057,67.33,None,61.66,None,27.00,None,111.67,None,63.67,None,127.01,None,31.34,None,64.34,None,75.99,None,78.67,None,28.01,None,30.33,None
1772827954.8496518,55.67,None,44.99,None,27.00,None,53.67,None,63.67,None,61.66,None,22.34,None,60.34,None,66.99,None,40.00,None,28.01,None,3.33,None
1772827954.851845,55.67,None,44.99,None,27.00,None,53.67,None,63.67,None,61.66,None,22.34,None,60.34,None,66.99,None,40.00,None,28.01,None,3.33,None
1772827954.8797758,59.67,None,49.99,None,27.00,None,53.67,None,63.67,None,61.66,None,22.34,None,60.34,None,66.99,None,40.00,None,28.01,None,12.33,None
1772827954.8810313,59.67,None,49.99,None,27.00,None,53.67,None,63.67,None,61.66,None,22.34,None,60.34,None,66.99,None,40.00,None,28.01,None,12.33,None
1772827954.9031665,59.67,None,54.99,None,27.00,None,53.67,None,63.67,None,61.66,None,22.34,None,64.34,None,66.99,None,40.00,None,28.01,None,21.33,None
1772827954.9044137,59.67,None,54.99,None,27.00,None,53.67,None,63.67,None,61.66,None,22.34,None,64.34,None,66.99,None,40.00,None,28.01,None,21.33,None
1772827954.9282672,59.67,None,59.99,None,27.00,None,53.67,None,63.67,None,61.66,None,22.34,None,64.34,None,70.99,None,40.00,None,28.01,None,21.33,None
1772827954.9297342,59.67,None,59.99,None,27.00,None,53.67,None,63.67,None,61.66,None,22.34,None,64.34,None,70.99,None,40.00,None,28.01,None,21.33,None
1772827954.9525995,59.67,None,64.99,None,27.00,None,53.67,None,63.67,None,61.66,None,22.34,None,64.34,None,70.99,None,40.00,None,28.01,None,30.33,None
1772827954.953984,59.67,None,64.99,None,27.00,None,53.67,None,63.67,None,61.66,None,22.34,None,64.34,None,70.99,None,40.00,None,28.01,None,30.33,None
1772827954.9783585,59.67,None,69.99,None,27.00,None,53.67,None,63.67,None,61.66,None,31.34,None,64.34,None,70.99,None,44.00,None,28.01,None,30.33,None
1772827954.9797873,59.67,None,69.99,None,27.00,None,53.67,None,63.67,None,61.66,None,31.34,None,64.34,None,70.99,None,44.00,None,28.01,None,30.33,None
1772827974.0174372,59.67,None,69.99,None,27.00,None,66.67,None,63.67,None,74.66,None,31.34,None,64.34,None,70.99,None,49.00,None,28.01,None,30.33,None
1772827974.0206027,59.67,None,69.99,None,27.00,None,66.67,None,63.67,None,74.66,None,31.34,None,64.34,None,70.99,None,49.00,None,28.01,None,30.33,None
1772827974.0647652,59.67,None,69.99,None,27.00,None,75.67,None,63.67,None,83.33,None,31.34,None,64.34,None,70.99,None,54.00,None,28.01,None,30.33,None
1772827974.068019,59.67,None,69.99,None,27.00,None,75.67,None,63.67,None,83.33,None,31.34,None,64.34,None,70.99,None,54.00,None,28.01,None,30.33,None
1772827974.1134315,59.67,None,69.99,None,27.00,None,84.67,None,63.67,None,92.00,None,31.34,None,64.34,None,70.99,None,59.00,None,28.01,None,30.33,None
1772827974.116777,59.67,None,69.99,None,27.00,None,84.67,None,63.67,None,92.00,None,31.34,None,64.34,None,70.99,None,59.00,None,28.01,None,30.33,None
1772827974.1616526,59.67,None,69.99,None,27.00,None,93.67,None,63.67,None,100.67,None,31.34,None,64.34,None,70.99,None,64.00,None,28.01,None,30.33,None
1772827974.1649125,59.67,None,69.99,None,27.00,None,93.67,None,63.67,None,100.67,None,31.34,None,64.34,None,70.99,None,64.00,None,28.01,None,30.33,None
1772827974.214843,59.67,None,69.99,None,27.00,None,102.67,None,63.67,None,109.34,None,31.34,None,64.34,None,70.99,None,69.00,None,28.01,None,30.33,None
1772827974.2174542,59.67,None,69.99,None,27.00,None,102.67,None,63.67,None,109.34,None,31.34,None,64.34,None,70.99,None,69.00,None,28.01,None,30.33,None
1772827974.2420819,59.67,None,69.99,None,27.00,None,111.67,None,63.67,None,118.01,None,31.34,None,64.34,None,70.99,None,74.00,None,28.01,None,30.33,None
1772827974.2433755,59.67,None,69.99,None,27.00,None,111.67,None,63.67,None,118.01,None,31.34,None,64.34,None,70.99,None,74.00,None,28.01,None,30.33,None
1772828003.0460653,26.00,None,34.00,None,27.00,None,111.67,None,17.00,None,118.01,None,9.00,None,34.34,None,39.99,None,74.00,None,5.00,None,27.00,None
1772828003.0482783,26.00,None,34.00,None,27.00,None,111.67,None,17.00,None,118.01,None,9.00,None,34.34,None,39.99,None,74.00,None,5.00,None,27.00,None
1772828003.0883405,26.00,None,34.00,None,27.00,None,115.67,None,17.00,None,118.01,None,9.00,None,34.34,None,39.99,None,74.00,None,15.67,None,30.33,None
1772828003.0905323,26.00,None,34.00,None,27.00,None,115.67,None,17.00,None,118.01,None,9.00,None,34.34,None,39.99,None,74.00,None,15.67,None,30.33,None
1772828003.1279457,26.00,None,38.00,None,27.00,None,115.67,None,25.67,None,118.01,None,9.00,None,34.34,None,39.99,None,74.00,None,26.34,None,30.33,None
1772828003.130239,26.00,None,38.00,None,27.00,None,115.67,None,25.67,None,118.01,None,9.00,None,34.34,None,39.99,None,74.00,None,26.34,None,30.33,None
1772828003.1661336,26.00,None,38.00,None,27.00,None,120.00,None,34.67,None,122.01,None,17.67,None,34.34,None,39.99,None,74.00,None,31.34,None,30.33,None
1772828003.1683831,26.00,None,38.00,None,27.00,None,120.00,None,34.67,None,122.01,None,17.67,None,34.34,None,39.99,None,74.00,None,31.34,None,30.33,None
1772828003.2044914,34.67,None,38.00,None,28.67,None,120.00,None,38.00,None,122.01,None,26.67,None,34.34,None,39.99,None,74.00,None,31.34,None,30.33,None
1772828003.2069147,34.67,None,38.00,None,28.67,None,120.00,None,38.00,None,122.01,None,26.67,None,34.34,None,39.99,None,74.00,None,31.34,None,30.33,None
1772828003.300307,43.34,None,38.00,None,30.34,None,120.00,None,47.00,None,122.01,None,30.00,None,34.34,None,39.99,None,74.00,None,31.34,None,30.33,None
1772828003.3025634,43.34,None,38.00,None,30.34,None,120.00,None,47.00,None,122.01,None,30.00,None,34.34,None,39.99,None,74.00,None,31.34,None,30.33,None
1772828027.084356,43.34,None,38.00,None,30.34,None,120.00,None,47.00,None,122.01,None,30.00,None,47.34,None,44.99,None,74.00,None,31.34,None,30.33,None
1772828027.086821,43.34,None,38.00,None,30.34,None,120.00,None,47.00,None,122.01,None,30.00,None,47.34,None,44.99,None,74.00,None,31.34,None,30.33,None
1772828027.122444,43.34,None,38.00,None,30.34,None,120.00,None,56.00,None,122.01,None,30.00,None,56.01,None,49.99,None,74.00,None,31.34,None,30.33,None
1772828027.1249328,43.34,None,38.00,None,30.34,None,120.00,None,56.00,None,122.01,None,30.00,None,56.01,None,49.99,None,74.00,None,31.34,None,30.33,None
1772828027.1607516,43.34,None,38.00,None,30.34,None,120.00,None,65.00,None,122.01,None,30.00,None,64.68,None,57.32,None,74.00,None,31.34,None,30.33,None
1772828027.1632009,43.34,None,38.00,None,30.34,None,120.00,None,65.00,None,122.01,None,30.00,None,64.68,None,57.32,None,74.00,None,31.34,None,30.33,None
1772828027.1987474,52.34,None,46.67,None,30.34,None,120.00,None,65.00,None,122.01,None,30.00,None,64.68,None,62.32,None,78.00,None,31.34,None,30.33,None
1772828027.201302,52.34,None,46.67,None,30.34,None,120.00,None,65.00,None,122.01,None,30.00,None,64.68,None,62.32,None,78.00,None,31.34,None,30.33,None
1772828027.2371337,61.34,None,55.34,None,30.34,None,120.00,None,65.00,None,122.01,None,30.00,None,64.68,None,67.32,None,78.00,None,31.34,None,30.33,None
1772828027.2396944,61.34,None,55.34,None,30.34,None,120.00,None,65.00,None,122.01,None,30.00,None,64.68,None,67.32,None,78.00,None,31.34,None,30.33,None
1772828027.275233,61.34,None,55.34,None,30.34,None,120.00,None,65.00,None,122.01,None,30.00,None,68.01,None,77.99,None,78.00,None,31.34,None,30.33,None
1772828027.2778687,61.34,None,55.34,None,30.34,None,120.00,None,65.00,None,122.01,None,30.00,None,68.01,None,77.99,None,78.00,None,31.34,None,30.33,None
1772828048.141532,50.01,None,64.01,None,3.34,None,66.33,None,65.00,None,60.35,None,30.00,None,37.67,None,42.00,None,38.00,None,31.34,None,30.33,None
1772828048.1450012,50.01,None,64.01,None,3.34,None,66.33,None,65.00,None,60.35,None,30.00,None,37.67,None,42.00,None,38.00,None,31.34,None,30.33,None
1772828048.1877816,57.34,None,65.68,None,3.34,None,66.33,None,65.00,None,60.35,None,30.00,None,46.67,None,42.00,None,38.00,None,31.34,None,30.33,None
1772828048.189859,57.34,None,65.68,None,3.34,None,66.33,None,65.00,None,60.35,None,30.00,None,46.67,None,42.00,None,38.00,None,31.34,None,30.33,None
1772828048.2288263,68.01,None,69.01,None,3.34,None,66.33,None,65.00,None,60.35,None,30.00,None,55.34,None,46.00,None,38.00,None,31.34,None,30.33,None
1772828048.2308426,68.01,None,69.01,None,3.34,None,66.33,None,65.00,None,60.35,None,30.00,None,55.34,None,46.00,None,38.00,None,31.34,None,30.33,None
1772828048.268833,69.68,None,69.01,None,12.34,None,66.33,None,68.33,None,60.35,None,30.00,None,55.34,None,46.00,None,38.00,None,31.34,None,30.33,None
1772828048.2709088,69.68,None,69.01,None,12.34,None,66.33,None,68.33,None,60.35,None,30.00,None,55.34,None,46.00,None,38.00,None,31.34,None,30.33,None
1772828048.429098,69.68,None,69.01,None,12.34,None,66.33,None,68.33,None,60.35,None,30.00,None,55.34,None,55.00,None,38.00,None,31.34,None,30.33,None
1772828048.4312294,69.68,None,69.01,None,12.34,None,66.33,None,68.33,None,60.35,None,30.00,None,55.34,None,55.00,None,38.00,None,31.34,None,30.33,None
1772828048.468439,69.68,None,69.01,None,12.34,None,66.33,None,68.33,None,60.35,None,30.00,None,58.67,None,64.00,None,42.00,None,31.34,None,30.33,None
1772828048.4705303,69.68,None,69.01,None,12.34,None,66.33,None,68.33,None,60.35,None,30.00,None,58.67,None,64.00,None,42.00,None,31.34,None,30.33,None
1772828070.3139226,None,None,14.00,None,1.67,None,66.33,None,61.34,None,60.35,None,8.67,None,41.00,None,46.00,None,38.00,None,31.34,None,15.66,None
1772828070.3156214,None,None,14.00,None,1.67,None,66.33,None,61.34,None,60.35,None,8.67,None,41.00,None,46.00,None,38.00,None,31.34,None,15.66,None
1772828070.3595665,None,None,21.33,None,1.67,None,66.33,None,61.34,None,60.35,None,8.67,None,41.00,None,46.00,None,38.00,None,31.34,None,24.66,None
1772828070.361428,None,None,21.33,None,1.67,None,66.33,None,61.34,None,60.35,None,8.67,None,41.00,None,46.00,None,38.00,None,31.34,None,24.66,None
1772828070.4002295,None,None,21.33,None,1.67,None,66.33,None,61.34,None,60.35,None,8.67,None,50.00,None,49.33,None,38.00,None,31.34,None,24.66,None
1772828070.4019306,None,None,21.33,None,1.67,None,66.33,None,61.34,None,60.35,None,8.67,None,50.00,None,49.33,None,38.00,None,31.34,None,24.66,None
1772828070.4399567,None,None,21.33,None,12.34,None,66.33,None,61.34,None,60.35,None,8.67,None,50.00,None,49.33,None,38.00,None,31.34,None,27.99,None
1772828070.441773,None,None,21.33,None,12.34,None,66.33,None,61.34,None,60.35,None,8.67,None,50.00,None,49.33,None,38.00,None,31.34,None,27.99,None
1772828070.4786477,None,None,31.67,None,12.34,None,66.33,None,61.34,None,60.35,None,17.67,None,50.00,None,53.33,None,38.00,None,31.34,None,27.99,None
1772828070.4804616,None,None,31.67,None,12.34,None,66.33,None,61.34,None,60.35,None,17.67,None,50.00,None,53.33,None,38.00,None,31.34,None,27.99,None
1772828070.517548,None,None,31.67,None,12.34,None,66.33,None,61.34,None,60.35,None,26.67,None,63.00,None,56.66,None,38.00,None,31.34,None,27.99,None
1772828070.5193958,None,None,31.67,None,12.34,None,66.33,None,61.34,None,60.35,None,26.67,None,63.00,None,56.66,None,38.00,None,31.34,None,27.99,None
1772828070.5563993,None,None,36.67,None,12.34,None,66.33,None,61.34,None,60.35,None,26.67,None,63.00,None,65.66,None,38.00,None,31.34,None,27.99,None
1772828070.5583508,None,None,36.67,None,12.34,None,66.33,None,61.34,None,60.35,None,26.67,None,63.00,None,65.66,None,38.00,None,31.34,None,27.99,None
1772828070.5952468,None,None,47.34,None,12.34,None,66.33,None,61.34,None,60.35,None,26.67,None,67.33,None,78.33,None,38.00,None,31.34,None,27.99,None
1772828070.5972638,None,None,47.34,None,12.34,None,66.33,None,61.34,None,60.35,None,26.67,None,67.33,None,78.33,None,38.00,None,31.34,None,27.99,None
1772828070.7551773,None,None,58.01,None,12.34,None,66.33,None,61.34,None,60.35,None,30.00,None,67.33,None,87.00,None,38.00,None,31.34,None,27.99,None
1772828070.7571797,None,None,58.01,None,12.34,None,66.33,None,61.34,None,60.35,None,30.00,None,67.33,None,87.00,None,38.00,None,31.34,None,27.99,None
1772828070.7937667,None,None,63.01,None,12.34,None,66.33,None,61.34,None,60.35,None,30.00,None,67.33,None,87.00,None,38.00,None,31.34,None,27.99,None
1772828070.7958364,None,None,63.01,None,12.34,None,66.33,None,61.34,None,60.35,None,30.00,None,67.33,None,87.00,None,38.00,None,31.34,None,27.99,None
1772828070.8325512,None,None,68.01,None,12.34,None,66.33,None,61.34,None,60.35,None,30.00,None,67.33,None,87.00,None,42.00,None,31.34,None,27.99,None
1772828070.8346946,None,None,68.01,None,12.34,None,66.33,None,61.34,None,60.35,None,30.00,None,67.33,None,87.00,None,42.00,None,31.34,None,27.99,None
1772828070.8717048,None,None,69.68,None,12.34,None,66.33,None,61.34,None,64.35,None,30.00,None,67.33,None,90.33,None,42.00,None,31.34,None,27.99,None
1772828070.8739197,None,None,69.68,None,12.34,None,66.33,None,61.34,None,64.35,None,30.00,None,67.33,None,90.33,None,42.00,None,31.34,None,27.99,None
1772828071.1714191,None,None,69.68,None,12.34,None,66.33,None,61.34,None,68.35,None,30.00,None,69.00,None,93.66,None,42.00,None,31.34,None,27.99,None
1772828071.1725821,None,None,69.68,None,12.34,None,66.33,None,61.34,None,68.35,None,30.00,None,69.00,None,93.66,None,42.00,None,31.34,None,27.99,None
1772828071.1954045,None,None,69.68,None,12.34,None,70.33,None,61.34,None,68.35,None,30.00,None,69.00,None,98.66,None,42.00,None,31.34,None,27.99,None
1772828071.1965296,None,None,69.68,None,12.34,None,70.33,None,61.34,None,68.35,None,30.00,None,69.00,None,98.66,None,42.00,None,31.34,None,27.99,None
1772828071.2423959,None,None,69.68,None,12.34,None,79.33,None,61.34,None,68.35,None,30.00,None,69.00,None,103.66,None,46.33,None,31.34,None,27.99,None
1772828071.2445884,None,None,69.68,None,12.34,None,79.33,None,61.34,None,68.35,None,30.00,None,69.00,None,103.66,None,46.33,None,31.34,None,27.99,None
1772828071.2822769,None,None,69.68,None,12.34,None,79.33,None,61.34,None,68.35,None,30.00,None,69.00,None,103.66,None,46.33,None,31.34,None,27.99,None
1772828071.284653,None,None,69.68,None,12.34,None,79.33,None,61.34,None,68.35,None,30.00,None,69.00,None,103.66,None,46.33,None,31.34,None,27.99,None
1772828071.322669,None,None,69.68,None,12.34,None,79.33,None,61.34,None,68.35,None,30.00,None,69.00,None,103.66,None,46.33,None,31.34,None,27.99,None
1772828071.3250232,None,None,69.68,None,12.34,None,79.33,None,61.34,None,68.35,None,30.00,None,69.00,None,103.66,None,46.33,None,31.34,None,27.99,None
1772828071.4927225,None,None,69.68,None,12.34,None,79.33,None,61.34,None,68.35,None,30.00,None,69.00,None,103.66,None,46.33,None,31.34,None,27.99,None
1772828071.4949284,None,None,69.68,None,12.34,None,79.33,None,61.34,None,68.35,None,30.00,None,69.00,None,103.66,None,46.33,None,31.34,None,27.99,None
1772828090.217251,None,None,69.68,None,12.34,None,79.33,None,61.34,None,68.35,None,30.00,None,69.00,None,103.66,None,46.33,None,31.34,None,27.99,None
1772828090.2195852,None,None,69.68,None,12.34,None,79.33,None,61.34,None,68.35,None,30.00,None,69.00,None,103.66,None,46.33,None,31.34,None,27.99,None
1772828090.2559388,None,None,69.68,None,12.34,None,79.33,None,61.34,None,68.35,None,30.00,None,69.00,None,103.66,None,46.33,None,31.34,None,27.99,None
1772828090.258225,None,None,69.68,None,12.34,None,79.33,None,61.34,None,68.35,None,30.00,None,69.00,None,103.66,None,46.33,None,31.34,None,27.99,None
1772828090.2947667,None,None,69.68,None,12.34,None,79.33,None,61.34,None,68.35,None,30.00,None,69.00,None,103.66,None,46.33,None,31.34,None,27.99,None
1772828090.2971098,None,None,69.68,None,12.34,None,79.33,None,61.34,None,68.35,None,30.00,None,69.00,None,103.66,None,46.33,None,31.34,None,27.99,None
1772828090.333553,None,None,69.68,None,12.34,None,79.33,None,61.34,None,68.35,None,30.00,None,69.00,None,103.66,None,46.33,None,31.34,None,27.99,None
1772828090.33582,None,None,69.68,None,12.34,None,79.33,None,61.34,None,68.35,None,30.00,None,69.00,None,103.66,None,46.33,None,31.34,None,27.99,None
1772828090.3739913,None,None,69.68,None,12.34,None,79.33,None,61.34,None,68.35,None,30.00,None,69.00,None,103.66,None,46.33,None,31.34,None,27.99,None
1772828090.3764164,None,None,69.68,None,12.34,None,79.33,None,61.34,None,68.35,None,30.00,None,69.00,None,103.66,None,46.33,None,31.34,None,27.99,None
1772828090.4156666,None,None,69.68,None,12.34,None,79.33,None,61.34,None,68.35,None,30.00,None,69.00,None,103.66,None,46.33,None,31.34,None,27.99,None
1772828090.4180694,None,None,69.68,None,12.34,None,79.33,None,61.34,None,68.35,None,30.00,None,69.00,None,103.66,None,46.33,None,31.34,None,27.99,None
1772828105.2635696,0.00,None,32.01,None,12.34,None,21.33,None,61.34,None,12.00,None,26.00,None,65.00,None,90.66,None,12.33,None,31.34,None,9.99,None
1772828105.2653005,0.00,None,32.01,None,12.34,None,21.33,None,61.34,None,12.00,None,26.00,None,65.00,None,90.66,None,12.33,None,31.34,None,9.99,None
1772828105.3063605,1.67,None,36.01,None,12.34,None,21.33,None,61.34,None,12.00,None,29.33,None,65.00,None,90.66,None,12.33,None,31.34,None,18.99,None
1772828105.308143,1.67,None,36.01,None,12.34,None,21.33,None,61.34,None,12.00,None,29.33,None,65.00,None,90.66,None,12.33,None,31.34,None,18.99,None
1772828105.4731984,9.00,None,36.01,None,12.34,None,21.33,None,61.34,None,12.00,None,29.33,None,65.00,None,90.66,None,12.33,None,31.34,None,27.99,None
1772828105.4751387,9.00,None,36.01,None,12.34,None,21.33,None,61.34,None,12.00,None,29.33,None,65.00,None,90.66,None,12.33,None,31.34,None,27.99,None
1772828105.5170937,12.33,None,36.01,None,12.34,None,21.33,None,61.34,None,12.00,None,29.33,None,65.00,None,90.66,None,12.33,None,31.34,None,27.99,None
1772828105.519063,12.33,None,36.01,None,12.34,None,21.33,None,61.34,None,12.00,None,29.33,None,65.00,None,90.66,None,12.33,None,31.34,None,27.99,None
1772828105.558879,21.33,None,44.68,None,12.34,None,21.33,None,61.34,None,12.00,None,29.33,None,65.00,None,90.66,None,12.33,None,31.34,None,27.99,None
1772828105.5607579,21.33,None,44.68,None,12.34,None,21.33,None,61.34,None,12.00,None,29.33,None,65.00,None,90.66,None,12.33,None,31.34,None,27.99,None
1772828105.6003969,30.33,None,53.35,None,12.34,None,21.33,None,61.34,None,12.00,None,29.33,None,65.00,None,90.66,None,12.33,None,31.34,None,27.99,None
1772828105.6024039,30.33,None,53.35,None,12.34,None,21.33,None,61.34,None,12.00,None,29.33,None,65.00,None,90.66,None,12.33,None,31.34,None,27.99,None
1772828124.2963216,43.33,None,66.35,None,12.34,None,21.33,None,61.34,None,12.00,None,29.33,None,70.00,None,90.66,None,12.33,None,31.34,None,27.99,None
1772828124.2978246,43.33,None,66.35,None,12.34,None,21.33,None,61.34,None,12.00,None,29.33,None,70.00,None,90.66,None,12.33,None,31.34,None,27.99,None
1772828124.3789403,43.33,None,66.35,None,12.34,None,21.33,None,61.34,None,12.00,None,29.33,None,70.00,None,103.66,None,12.33,None,31.34,None,27.99,None
1772828124.3810174,43.33,None,66.35,None,12.34,None,21.33,None,61.34,None,12.00,None,29.33,None,70.00,None,103.66,None,12.33,None,31.34,None,27.99,None
1772828124.4219236,52.33,None,69.68,None,12.34,None,21.33,None,61.34,None,12.00,None,29.33,None,70.00,None,114.00,None,16.33,None,31.34,None,27.99,None
1772828124.423991,52.33,None,69.68,None,12.34,None,21.33,None,61.34,None,12.00,None,29.33,None,70.00,None,114.00,None,16.33,None,31.34,None,27.99,None
1772828124.4623086,52.33,None,69.68,None,12.34,None,25.33,None,61.34,None,12.00,None,29.33,None,70.00,None,119.00,None,16.33,None,31.34,None,27.99,None
1772828124.464582,52.33,None,69.68,None,12.34,None,25.33,None,61.34,None,12.00,None,29.33,None,70.00,None,119.00,None,16.33,None,31.34,None,27.99,None
1772828124.493343,52.33,None,69.68,None,12.34,None,25.33,None,61.34,None,12.00,None,29.33,None,70.00,None,119.00,None,16.33,None,31.34,None,27.99,None
1772828124.4944565,52.33,None,69.68,None,12.34,None,25.33,None,61.34,None,12.00,None,29.33,None,70.00,None,119.00,None,16.33,None,31.34,None,27.99,None
1772828124.613162,52.33,None,69.68,None,12.34,None,25.33,None,61.34,None,12.00,None,29.33,None,70.00,None,119.00,None,16.33,None,31.34,None,27.99,None
1772828124.61432,52.33,None,69.68,None,12.34,None,25.33,None,61.34,None,12.00,None,29.33,None,70.00,None,119.00,None,16.33,None,31.34,None,27.99,None
1772828142.3164392,57.33,None,65.68,None,0.00,None,17.00,None,26.00,None,8.00,None,20.66,None,70.00,None,119.00,None,16.33,None,0.00,None,27.00,None
1772828142.3184195,57.33,None,65.68,None,0.00,None,17.00,None,26.00,None,8.00,None,20.66,None,70.00,None,119.00,None,16.33,None,0.00,None,27.00,None
1772828142.3560996,62.33,None,69.68,None,0.00,None,17.00,None,35.00,None,8.00,None,29.33,None,70.00,None,119.00,None,16.33,None,0.00,None,27.00,None
1772828142.357298,62.33,None,69.68,None,0.00,None,17.00,None,35.00,None,8.00,None,29.33,None,70.00,None,119.00,None,16.33,None,0.00,None,27.00,None
1772828142.384846,67.33,None,69.68,None,0.00,None,17.00,None,35.00,None,12.00,None,29.33,None,70.00,None,119.00,None,16.33,None,9.00,None,27.00,None
1772828142.3859599,67.33,None,69.68,None,0.00,None,17.00,None,35.00,None,12.00,None,29.33,None,70.00,None,119.00,None,16.33,None,9.00,None,27.00,None
1772828142.412648,69.00,None,69.68,None,0.00,None,21.00,None,43.67,None,12.00,None,29.33,None,70.00,None,119.00,None,16.33,None,18.00,None,27.00,None
1772828142.4139438,69.00,None,69.68,None,0.00,None,21.00,None,43.67,None,12.00,None,29.33,None,70.00,None,119.00,None,16.33,None,18.00,None,27.00,None
1772828142.4387083,69.00,None,69.68,None,0.00,None,21.00,None,43.67,None,12.00,None,29.33,None,70.00,None,119.00,None,16.33,None,18.00,None,27.00,None
1772828142.439901,69.00,None,69.68,None,0.00,None,21.00,None,43.67,None,12.00,None,29.33,None,70.00,None,119.00,None,16.33,None,18.00,None,27.00,None
1772828142.4654467,69.00,None,69.68,None,0.00,None,21.00,None,43.67,None,12.00,None,29.33,None,70.00,None,119.00,None,16.33,None,18.00,None,27.00,None
1772828142.4667928,69.00,None,69.68,None,0.00,None,21.00,None,43.67,None,12.00,None,29.33,None,70.00,None,119.00,None,16.33,None,18.00,None,27.00,None
1772828170.3594792,69.00,None,41.67,None,0.00,None,26.00,None,25.67,None,8.00,None,17.00,None,6.67,None,41.67,None,8.33,None,27.00,None,27.00,None
1772828170.3610475,69.00,None,41.67,None,0.00,None,26.00,None,25.67,None,8.00,None,17.00,None,6.67,None,41.67,None,8.33,None,27.00,None,27.00,None
1772828170.4035814,69.00,None,41.67,None,8.67,None,31.00,None,34.67,None,12.00,None,17.00,None,6.67,None,41.67,None,8.33,None,27.00,None,27.00,None
1772828170.4051769,69.00,None,41.67,None,8.67,None,31.00,None,34.67,None,12.00,None,17.00,None,6.67,None,41.67,None,8.33,None,27.00,None,27.00,None
1772828170.5665252,69.00,None,41.67,None,17.34,None,36.00,None,43.67,None,12.00,None,17.00,None,6.67,None,41.67,None,8.33,None,27.00,None,27.00,None
1772828170.568207,69.00,None,41.67,None,17.34,None,36.00,None,43.67,None,12.00,None,17.00,None,6.67,None,41.67,None,8.33,None,27.00,None,27.00,None
1772828170.6109524,69.00,None,41.67,None,26.01,None,41.00,None,52.67,None,12.00,None,17.00,None,6.67,None,41.67,None,12.33,None,27.00,None,27.00,None
1772828170.6126297,69.00,None,41.67,None,26.01,None,41.00,None,52.67,None,12.00,None,17.00,None,6.67,None,41.67,None,12.33,None,27.00,None,27.00,None
1772828170.6555314,69.00,None,41.67,None,26.01,None,46.00,None,52.67,None,12.00,None,17.00,None,6.67,None,41.67,None,12.33,None,27.00,None,27.00,None
1772828170.6572478,69.00,None,41.67,None,26.01,None,46.00,None,52.67,None,12.00,None,17.00,None,6.67,None,41.67,None,12.33,None,27.00,None,27.00,None
1772828170.6997185,69.00,None,41.67,None,26.01,None,51.00,None,52.67,None,20.67,None,17.00,None,6.67,None,41.67,None,12.33,None,27.00,None,27.00,None
1772828170.7015018,69.00,None,41.67,None,26.01,None,51.00,None,52.67,None,20.67,None,17.00,None,6.67,None,41.67,None,12.33,None,27.00,None,27.00,None
1772828190.319412,0.00,None,0.00,None,0.00,None,19.00,None,4.00,None,8.67,None,0.00,None,0.00,None,5.00,None,4.00,None,9.00,None,None,None
1772828190.3203425,0.00,None,0.00,None,0.00,None,19.00,None,4.00,None,8.67,None,0.00,None,0.00,None,5.00,None,4.00,None,9.00,None,None,None
1772828190.3641872,5.00,None,0.00,None,0.00,None,19.00,None,8.00,None,8.67,None,0.00,None,0.00,None,5.00,None,4.00,None,9.00,None,None,None
1772828190.3651145,5.00,None,0.00,None,0.00,None,19.00,None,8.00,None,8.67,None,0.00,None,0.00,None,5.00,None,4.00,None,9.00,None,None,None
1772828190.4079216,5.00,None,0.00,None,0.00,None,24.00,None,8.00,None,8.67,None,0.00,None,0.00,None,5.00,None,4.00,None,18.00,None,None,None
1772828190.4089074,5.00,None,0.00,None,0.00,None,24.00,None,8.00,None,8.67,None,0.00,None,0.00,None,5.00,None,4.00,None,18.00,None,None,None
1772828190.450976,10.00,None,4.00,None,0.00,None,24.00,None,17.00,None,8.67,None,0.00,None,0.00,None,5.00,None,4.00,None,18.00,None,None,None
1772828190.4519653,10.00,None,4.00,None,0.00,None,24.00,None,17.00,None,8.67,None,0.00,None,0.00,None,5.00,None,4.00,None,18.00,None,None,None
1772828190.494271,10.00,None,8.00,None,0.00,None,24.00,None,17.00,None,8.67,None,0.00,None,5.00,None,5.00,None,4.00,None,18.00,None,None,None
1772828190.4954007,10.00,None,8.00,None,0.00,None,24.00,None,17.00,None,8.67,None,0.00,None,5.00,None,5.00,None,4.00,None,18.00,None,None,None
1772828190.6565008,10.00,None,8.00,None,0.00,None,29.00,None,17.00,None,12.67,None,0.00,None,5.00,None,5.00,None,4.00,None,27.00,None,None,None
1772828190.657641,10.00,None,8.00,None,0.00,None,29.00,None,17.00,None,12.67,None,0.00,None,5.00,None,5.00,None,4.00,None,27.00,None,None,None
1772828190.6990576,10.00,None,8.00,None,8.67,None,34.00,None,26.00,None,12.67,None,0.00,None,5.00,None,5.00,None,4.00,None,27.00,None,None,None
1772828190.7002904,10.00,None,8.00,None,8.67,None,34.00,None,26.00,None,12.67,None,0.00,None,5.00,None,5.00,None,4.00,None,27.00,None,None,None
1772828190.7427487,17.33,None,8.00,None,8.67,None,34.00,None,26.00,None,12.67,None,9.00,None,5.00,None,5.00,None,4.00,None,27.00,None,None,None
1772828190.7439897,17.33,None,8.00,None,8.67,None,34.00,None,26.00,None,12.67,None,9.00,None,5.00,None,5.00,None,4.00,None,27.00,None,None,None
1772828190.786746,20.66,None,8.00,None,8.67,None,34.00,None,26.00,None,12.67,None,18.00,None,5.00,None,5.00,None,4.00,None,27.00,None,None,None
1772828190.788109,20.66,None,8.00,None,8.67,None,34.00,None,26.00,None,12.67,None,18.00,None,5.00,None,5.00,None,4.00,None,27.00,None,None,None
1772828190.8306499,23.99,None,8.00,None,8.67,None,34.00,None,35.00,None,12.67,None,26.67,None,5.00,None,5.00,None,4.00,None,27.00,None,None,None
1772828190.8320339,23.99,None,8.00,None,8.67,None,34.00,None,35.00,None,12.67,None,26.67,None,5.00,None,5.00,None,4.00,None,27.00,None,None,None
1772828190.8740652,32.66,None,8.00,None,8.67,None,34.00,None,44.00,None,12.67,None,26.67,None,5.00,None,5.00,None,4.00,None,27.00,None,None,None
1772828190.875441,32.66,None,8.00,None,8.67,None,34.00,None,44.00,None,12.67,None,26.67,None,5.00,None,5.00,None,4.00,None,27.00,None,None,None
1772828190.917566,39.99,None,8.00,None,8.67,None,34.00,None,53.00,None,12.67,None,26.67,None,5.00,None,5.00,None,4.00,None,27.00,None,None,None
1772828190.9190128,39.99,None,8.00,None,8.67,None,34.00,None,53.00,None,12.67,None,26.67,None,5.00,None,5.00,None,4.00,None,27.00,None,None,None
1772828190.960979,39.99,None,16.67,None,8.67,None,34.00,None,62.00,None,12.67,None,26.67,None,10.00,None,9.00,None,4.00,None,27.00,None,None,None
1772828190.962428,39.99,None,16.67,None,8.67,None,34.00,None,62.00,None,12.67,None,26.67,None,10.00,None,9.00,None,4.00,None,27.00,None,None,None
1772828191.1200705,50.66,None,25.34,None,8.67,None,34.00,None,62.00,None,12.67,None,26.67,None,14.00,None,9.00,None,4.00,None,27.00,None,None,None
1772828191.1216254,50.66,None,25.34,None,8.67,None,34.00,None,62.00,None,12.67,None,26.67,None,14.00,None,9.00,None,4.00,None,27.00,None,None,None
1772828191.1635056,61.33,None,34.01,None,8.67,None,34.00,None,62.00,None,12.67,None,26.67,None,18.00,None,9.00,None,4.00,None,27.00,None,None,None
1772828191.165033,61.33,None,34.01,None,8.67,None,34.00,None,62.00,None,12.67,None,26.67,None,18.00,None,9.00,None,4.00,None,27.00,None,None,None
1772828191.2068827,61.33,None,43.01,None,8.67,None,34.00,None,62.00,None,12.67,None,26.67,None,28.34,None,9.00,None,4.00,None,27.00,None,None,None
1772828191.2084634,61.33,None,43.01,None,8.67,None,34.00,None,62.00,None,12.67,None,26.67,None,28.34,None,9.00,None,4.00,None,27.00,None,None,None
1772828191.250696,66.33,None,52.01,None,8.67,None,34.00,None,62.00,None,12.67,None,26.67,None,37.01,None,13.00,None,4.00,None,27.00,None,None,None
1772828191.2523577,66.33,None,52.01,None,8.67,None,34.00,None,62.00,None,12.67,None,26.67,None,37.01,None,13.00,None,4.00,None,27.00,None,None,None
1772828191.2945752,68.00,None,55.34,None,8.67,None,34.00,None,62.00,None,12.67,None,26.67,None,37.01,None,26.00,None,4.00,None,27.00,None,None,None
1772828191.2962265,68.00,None,55.34,None,8.67,None,34.00,None,62.00,None,12.67,None,26.67,None,37.01,None,26.00,None,4.00,None,27.00,None,None,None
1772828191.3387384,69.67,None,58.67,None,8.67,None,34.00,None,62.00,None,12.67,None,26.67,None,37.01,None,35.00,None,4.00,None,27.00,None,None,None
1772828191.3405135,69.67,None,58.67,None,8.67,None,34.00,None,62.00,None,12.67,None,26.67,None,37.01,None,35.00,None,4.00,None,27.00,None,None,None
1772828191.3836038,69.67,None,63.67,None,8.67,None,34.00,None,62.00,None,12.67,None,26.67,None,37.01,None,44.00,None,8.00,None,27.00,None,None,None
1772828191.38539,69.67,None,63.67,None,8.67,None,34.00,None,62.00,None,12.67,None,26.67,None,37.01,None,44.00,None,8.00,None,27.00,None,None,None
1772828191.4275737,69.67,None,68.67,None,8.67,None,34.00,None,62.00,None,12.67,None,26.67,None,37.01,None,53.00,None,8.00,None,27.00,None,None,None
1772828191.4293683,69.67,None,68.67,None,8.67,None,34.00,None,62.00,None,12.67,None,26.67,None,37.01,None,53.00,None,8.00,None,27.00,None,None,None
1772828191.590639,69.67,None,68.67,None,8.67,None,34.00,None,62.00,None,12.67,None,26.67,None,40.34,None,62.00,None,8.00,None,27.00,None,None,None
1772828191.5925205,69.67,None,68.67,None,8.67,None,34.00,None,62.00,None,12.67,None,26.67,None,40.34,None,62.00,None,8.00,None,27.00,None,None,None
1772828191.6352901,69.67,None,68.67,None,8.67,None,34.00,None,62.00,None,12.67,None,26.67,None,51.01,None,70.67,None,8.00,None,27.00,None,None,None
1772828191.6371987,69.67,None,68.67,None,8.67,None,34.00,None,62.00,None,12.67,None,26.67,None,51.01,None,70.67,None,8.00,None,27.00,None,None,None
1772828226.4269254,0.00,None,0.00,None,0.00,None,17.33,None,0.00,None,10.34,None,0.00,None,0.00,None,5.00,None,4.00,None,0.00,None,0.00,None
1772828226.427887,0.00,None,0.00,None,0.00,None,17.33,None,0.00,None,10.34,None,0.00,None,0.00,None,5.00,None,4.00,None,0.00,None,0.00,None
1772828226.4756176,0.00,None,0.00,None,0.00,None,24.66,None,0.00,None,12.01,None,0.00,None,0.00,None,5.00,None,4.00,None,9.00,None,0.00,None
1772828226.476618,0.00,None,0.00,None,0.00,None,24.66,None,0.00,None,12.01,None,0.00,None,0.00,None,5.00,None,4.00,None,9.00,None,0.00,None
1772828226.5238597,0.00,None,0.00,None,0.00,None,27.99,None,0.00,None,13.68,None,0.00,None,0.00,None,5.00,None,4.00,None,18.00,None,0.00,None
1772828226.5249555,0.00,None,0.00,None,0.00,None,27.99,None,0.00,None,13.68,None,0.00,None,0.00,None,5.00,None,4.00,None,18.00,None,0.00,None
1772828226.5724735,0.00,None,0.00,None,0.00,None,31.32,None,0.00,None,15.35,None,0.00,None,0.00,None,5.00,None,4.00,None,27.00,None,0.00,None
1772828226.5736275,0.00,None,0.00,None,0.00,None,31.32,None,0.00,None,15.35,None,0.00,None,0.00,None,5.00,None,4.00,None,27.00,None,0.00,None
1772828226.6136565,0.00,None,0.00,None,0.00,None,31.32,None,0.00,None,20.35,None,0.00,None,0.00,None,5.00,None,4.00,None,27.00,None,0.00,None
1772828226.6143095,0.00,None,0.00,None,0.00,None,31.32,None,0.00,None,20.35,None,0.00,None,0.00,None,5.00,None,4.00,None,27.00,None,0.00,None
1772828226.6423504,0.00,None,0.00,None,9.00,None,41.66,None,4.00,None,23.68,None,0.00,None,0.00,None,5.00,None,4.00,None,27.00,None,0.00,None
1772828226.6430457,0.00,None,0.00,None,9.00,None,41.66,None,4.00,None,23.68,None,0.00,None,0.00,None,5.00,None,4.00,None,27.00,None,0.00,None
1772828241.5162008,0.00,None,0.00,None,9.00,None,37.66,None,8.00,None,23.68,None,0.00,None,5.00,None,0.00,None,4.00,None,27.00,None,0.00,None
1772828241.516862,0.00,None,0.00,None,9.00,None,37.66,None,8.00,None,23.68,None,0.00,None,5.00,None,0.00,None,4.00,None,27.00,None,0.00,None
1772828241.5435228,0.00,None,4.00,None,9.00,None,37.66,None,8.00,None,23.68,None,0.00,None,10.00,None,0.00,None,4.00,None,27.00,None,0.00,None
1772828241.5442429,0.00,None,4.00,None,9.00,None,37.66,None,8.00,None,23.68,None,0.00,None,10.00,None,0.00,None,4.00,None,27.00,None,0.00,None
1772828241.5717921,0.00,None,4.00,None,9.00,None,37.66,None,8.00,None,23.68,None,0.00,None,15.00,None,0.00,None,4.00,None,27.00,None,0.00,None
1772828241.572515,0.00,None,4.00,None,9.00,None,37.66,None,8.00,None,23.68,None,0.00,None,15.00,None,0.00,None,4.00,None,27.00,None,0.00,None
1772828241.599382,0.00,None,4.00,None,9.00,None,37.66,None,8.00,None,23.68,None,0.00,None,20.00,None,0.00,None,4.00,None,27.00,None,0.00,None
1772828241.6001542,0.00,None,4.00,None,9.00,None,37.66,None,8.00,None,23.68,None,0.00,None,20.00,None,0.00,None,4.00,None,27.00,None,0.00,None
1772828241.6267197,0.00,None,4.00,None,9.00,None,37.66,None,8.00,None,23.68,None,0.00,None,25.00,None,0.00,None,4.00,None,27.00,None,0.00,None
1772828241.6274767,0.00,None,4.00,None,9.00,None,37.66,None,8.00,None,23.68,None,0.00,None,25.00,None,0.00,None,4.00,None,27.00,None,0.00,None
1772828241.65388,0.00,None,4.00,None,9.00,None,37.66,None,8.00,None,23.68,None,0.00,None,30.00,None,0.00,None,4.00,None,27.00,None,9.00,None
1772828241.6546755,0.00,None,4.00,None,9.00,None,37.66,None,8.00,None,23.68,None,0.00,None,30.00,None,0.00,None,4.00,None,27.00,None,9.00,None
1772828251.495223,5.00,None,8.00,None,9.00,None,37.66,None,8.00,None,23.68,None,0.00,None,30.00,None,0.00,None,4.00,None,27.00,None,18.00,None
1772828251.4966698,5.00,None,8.00,None,9.00,None,37.66,None,8.00,None,23.68,None,0.00,None,30.00,None,0.00,None,4.00,None,27.00,None,18.00,None
1772828251.5388055,12.33,None,12.33,None,9.00,None,37.66,None,8.00,None,23.68,None,8.67,None,30.00,None,0.00,None,4.00,None,27.00,None,27.00,None
1772828251.5402641,12.33,None,12.33,None,9.00,None,37.66,None,8.00,None,23.68,None,8.67,None,30.00,None,0.00,None,4.00,None,27.00,None,27.00,None
1772828251.5820363,15.66,None,12.33,None,9.00,None,37.66,None,17.00,None,23.68,None,17.34,None,30.00,None,0.00,None,4.00,None,27.00,None,27.00,None
1772828251.583522,15.66,None,12.33,None,9.00,None,37.66,None,17.00,None,23.68,None,17.34,None,30.00,None,0.00,None,4.00,None,27.00,None,27.00,None
1772828251.7423918,18.99,None,12.33,None,9.00,None,37.66,None,26.00,None,23.68,None,26.01,None,30.00,None,0.00,None,4.00,None,27.00,None,27.00,None
1772828251.743977,18.99,None,12.33,None,9.00,None,37.66,None,26.00,None,23.68,None,26.01,None,30.00,None,0.00,None,4.00,None,27.00,None,27.00,None
1772828251.7858071,22.32,None,21.00,None,9.00,None,37.66,None,35.00,None,23.68,None,26.01,None,30.00,None,0.00,None,4.00,None,27.00,None,27.00,None
1772828251.7874298,22.32,None,21.00,None,9.00,None,37.66,None,35.00,None,23.68,None,26.01,None,30.00,None,0.00,None,4.00,None,27.00,None,27.00,None
1772828251.8296704,25.65,None,31.34,None,9.00,None,37.66,None,44.00,None,23.68,None,30.34,None,30.00,None,0.00,None,4.00,None,27.00,None,27.00,None
1772828251.8313684,25.65,None,31.34,None,9.00,None,37.66,None,44.00,None,23.68,None,30.34,None,30.00,None,0.00,None,4.00,None,27.00,None,27.00,None
1772828271.5211487,25.65,None,31.34,None,17.67,None,42.66,None,53.00,None,27.68,None,30.34,None,30.00,None,0.00,None,4.00,None,27.00,None,27.00,None
1772828271.5228927,25.65,None,31.34,None,17.67,None,42.66,None,53.00,None,27.68,None,30.34,None,30.00,None,0.00,None,4.00,None,27.00,None,27.00,None
1772828271.566513,25.65,None,31.34,None,26.34,None,47.66,None,62.00,None,27.68,None,30.34,None,30.00,None,0.00,None,4.00,None,27.00,None,27.00,None
1772828271.5682468,25.65,None,31.34,None,26.34,None,47.66,None,62.00,None,27.68,None,30.34,None,30.00,None,0.00,None,4.00,None,27.00,None,27.00,None
1772828271.6111157,25.65,None,31.34,None,26.34,None,52.66,None,62.00,None,36.68,None,30.34,None,30.00,None,0.00,None,4.00,None,27.00,None,27.00,None
1772828271.6129029,25.65,None,31.34,None,26.34,None,52.66,None,62.00,None,36.68,None,30.34,None,30.00,None,0.00,None,4.00,None,27.00,None,27.00,None
1772828271.6560953,25.65,None,31.34,None,26.34,None,57.66,None,62.00,None,45.68,None,30.34,None,30.00,None,0.00,None,4.00,None,27.00,None,27.00,None
1772828271.6580217,25.65,None,31.34,None,26.34,None,57.66,None,62.00,None,45.68,None,30.34,None,30.00,None,0.00,None,4.00,None,27.00,None,27.00,None
1772828271.8183703,25.65,None,31.34,None,26.34,None,62.66,None,62.00,None,54.68,None,30.34,None,30.00,None,0.00,None,4.00,None,27.00,None,27.00,None
1772828271.8202648,25.65,None,31.34,None,26.34,None,62.66,None,62.00,None,54.68,None,30.34,None,30.00,None,0.00,None,4.00,None,27.00,None,27.00,None
1772828271.8627834,25.65,None,31.34,None,26.34,None,75.66,None,62.00,None,67.68,None,30.34,None,30.00,None,0.00,None,4.00,None,27.00,None,27.00,None
1772828271.8648138,25.65,None,31.34,None,26.34,None,75.66,None,62.00,None,67.68,None,30.34,None,30.00,None,0.00,None,4.00,None,27.00,None,27.00,None
1772828294.5628254,25.65,None,31.34,None,26.34,None,75.66,None,62.00,None,72.68,None,30.34,None,30.00,None,0.00,None,17.00,None,27.00,None,27.00,None
1772828294.5649254,25.65,None,31.34,None,26.34,None,75.66,None,62.00,None,72.68,None,30.34,None,30.00,None,0.00,None,17.00,None,27.00,None,27.00,None
1772828294.6074646,25.65,None,31.34,None,26.34,None,75.66,None,62.00,None,77.68,None,30.34,None,30.00,None,0.00,None,26.00,None,27.00,None,27.00,None
1772828294.6095457,25.65,None,31.34,None,26.34,None,75.66,None,62.00,None,77.68,None,30.34,None,30.00,None,0.00,None,26.00,None,27.00,None,27.00,None
1772828294.6531546,25.65,None,31.34,None,26.34,None,75.66,None,62.00,None,82.68,None,30.34,None,30.00,None,0.00,None,35.00,None,27.00,None,27.00,None
1772828294.6553159,25.65,None,31.34,None,26.34,None,75.66,None,62.00,None,82.68,None,30.34,None,30.00,None,0.00,None,35.00,None,27.00,None,27.00,None
1772828294.6990995,25.65,None,31.34,None,26.34,None,75.66,None,62.00,None,87.68,None,30.34,None,30.00,None,0.00,None,44.00,None,27.00,None,27.00,None
1772828294.7013087,25.65,None,31.34,None,26.34,None,75.66,None,62.00,None,87.68,None,30.34,None,30.00,None,0.00,None,44.00,None,27.00,None,27.00,None
1772828294.7455916,25.65,None,31.34,None,26.34,None,75.66,None,62.00,None,92.68,None,30.34,None,30.00,None,0.00,None,53.00,None,27.00,None,27.00,None
1772828294.7478092,25.65,None,31.34,None,26.34,None,75.66,None,62.00,None,92.68,None,30.34,None,30.00,None,0.00,None,53.00,None,27.00,None,27.00,None
1772828294.7909496,25.65,None,31.34,None,26.34,None,88.66,None,62.00,None,105.68,None,30.34,None,30.00,None,0.00,None,58.00,None,27.00,None,27.00,None
1772828294.793174,25.65,None,31.34,None,26.34,None,88.66,None,62.00,None,105.68,None,30.34,None,30.00,None,0.00,None,58.00,None,27.00,None,27.00,None
1772828310.4376864,25.65,None,31.34,None,9.00,None,0.00,None,40.00,None,5.00,None,30.34,None,30.00,None,0.00,None,0.00,None,None,None,27.00,None
1772828310.4390876,25.65,None,31.34,None,9.00,None,0.00,None,40.00,None,5.00,None,30.34,None,30.00,None,0.00,None,0.00,None,None,None,27.00,None
1772828310.4815748,25.65,None,31.34,None,17.67,None,5.00,None,44.00,None,5.00,None,30.34,None,30.00,None,0.00,None,0.00,None,None,None,27.00,None
1772828310.4829931,25.65,None,31.34,None,17.67,None,5.00,None,44.00,None,5.00,None,30.34,None,30.00,None,0.00,None,0.00,None,None,None,27.00,None
1772828310.5265543,25.65,None,31.34,None,17.67,None,9.00,None,44.00,None,10.00,None,30.34,None,30.00,None,0.00,None,0.00,None,None,None,27.00,None
1772828310.5281396,25.65,None,31.34,None,17.67,None,9.00,None,44.00,None,10.00,None,30.34,None,30.00,None,0.00,None,0.00,None,None,None,27.00,None
1772828310.5717978,25.65,None,31.34,None,17.67,None,13.00,None,44.00,None,15.00,None,30.34,None,30.00,None,0.00,None,0.00,None,None,None,27.00,None
1772828310.5733628,25.65,None,31.34,None,17.67,None,13.00,None,44.00,None,15.00,None,30.34,None,30.00,None,0.00,None,0.00,None,None,None,27.00,None
1772828310.6171687,25.65,None,31.34,None,26.34,None,18.00,None,53.00,None,19.00,None,30.34,None,30.00,None,0.00,None,0.00,None,None,None,27.00,None
1772828310.6187549,25.65,None,31.34,None,26.34,None,18.00,None,53.00,None,19.00,None,30.34,None,30.00,None,0.00,None,0.00,None,None,None,27.00,None
1772828310.6627507,25.65,None,31.34,None,26.34,None,18.00,None,53.00,None,24.00,None,30.34,None,30.00,None,0.00,None,0.00,None,None,None,27.00,None
1772828310.6643832,25.65,None,31.34,None,26.34,None,18.00,None,53.00,None,24.00,None,30.34,None,30.00,None,0.00,None,0.00,None,None,None,27.00,None
1772828310.7077782,25.65,None,31.34,None,26.34,None,18.00,None,53.00,None,29.00,None,30.34,None,30.00,None,0.00,None,0.00,None,None,None,27.00,None
1772828310.7094166,25.65,None,31.34,None,26.34,None,18.00,None,53.00,None,29.00,None,30.34,None,30.00,None,0.00,None,0.00,None,None,None,27.00,None
1772828310.753782,25.65,None,31.34,None,26.34,None,28.34,None,62.00,None,29.00,None,30.34,None,30.00,None,0.00,None,0.00,None,None,None,27.00,None
1772828310.7554522,25.65,None,31.34,None,26.34,None,28.34,None,62.00,None,29.00,None,30.34,None,30.00,None,0.00,None,0.00,None,None,None,27.00,None
1772828310.9229922,25.65,None,31.34,None,26.34,None,41.67,None,62.00,None,39.34,None,30.34,None,30.00,None,0.00,None,0.00,None,None,None,27.00,None
1772828310.92476,25.65,None,31.34,None,26.34,None,41.67,None,62.00,None,39.34,None,30.34,None,30.00,None,0.00,None,0.00,None,None,None,27.00,None
1772828310.9682941,25.65,None,31.34,None,26.34,None,50.67,None,62.00,None,52.34,None,30.34,None,30.00,None,0.00,None,0.00,None,None,None,27.00,None
1772828310.9700754,25.65,None,31.34,None,26.34,None,50.67,None,62.00,None,52.34,None,30.34,None,30.00,None,0.00,None,0.00,None,None,None,27.00,None
1772828311.0156438,25.65,None,31.34,None,26.34,None,58.00,None,62.00,None,56.67,None,30.34,None,30.00,None,0.00,None,9.00,None,None,None,27.00,None
1772828311.0176196,25.65,None,31.34,None,26.34,None,58.00,None,62.00,None,56.67,None,30.34,None,30.00,None,0.00,None,9.00,None,None,None,27.00,None
1772828311.065081,25.65,None,31.34,None,26.34,None,58.00,None,62.00,None,61.67,None,30.34,None,30.00,None,0.00,None,22.00,None,None,None,27.00,None
1772828311.0670977,25.65,None,31.34,None,26.34,None,58.00,None,62.00,None,61.67,None,30.34,None,30.00,None,0.00,None,22.00,None,None,None,27.00,None
1772828311.114839,25.65,None,31.34,None,26.34,None,58.00,None,62.00,None,66.67,None,30.34,None,30.00,None,0.00,None,35.00,None,None,None,27.00,None
1772828311.1169293,25.65,None,31.34,None,26.34,None,58.00,None,62.00,None,66.67,None,30.34,None,30.00,None,0.00,None,35.00,None,None,None,27.00,None
1772828311.1631625,25.65,None,31.34,None,26.34,None,63.00,None,62.00,None,66.67,None,30.34,None,30.00,None,0.00,None,48.00,None,None,None,27.00,None
1772828311.1652055,25.65,None,31.34,None,26.34,None,63.00,None,62.00,None,66.67,None,30.34,None,30.00,None,0.00,None,48.00,None,None,None,27.00,None
1772828311.2100585,25.65,None,31.34,None,26.34,None,72.00,None,62.00,None,77.01,None,30.34,None,30.00,None,0.00,None,55.66,None,None,None,27.00,None
1772828311.2121677,25.65,None,31.34,None,26.34,None,72.00,None,62.00,None,77.01,None,30.34,None,30.00,None,0.00,None,55.66,None,None,None,27.00,None
1772828311.3771973,25.65,None,31.34,None,26.34,None,81.00,None,62.00,None,89.68,None,30.34,None,30.00,None,0.00,None,63.32,None,None,None,27.00,None
1772828311.3792868,25.65,None,31.34,None,26.34,None,81.00,None,62.00,None,89.68,None,30.34,None,30.00,None,0.00,None,63.32,None,None,None,27.00,None
1772828311.4233568,25.65,None,31.34,None,26.34,None,86.00,None,62.00,None,98.68,None,30.34,None,30.00,None,0.00,None,76.32,None,None,None,27.00,None
1772828311.4254262,25.65,None,31.34,None,26.34,None,86.00,None,62.00,None,98.68,None,30.34,None,30.00,None,0.00,None,76.32,None,None,None,27.00,None
1772828311.4710083,25.65,None,31.34,None,26.34,None,95.00,None,62.00,None,111.35,None,30.34,None,30.00,None,0.00,None,79.65,None,None,None,27.00,None
1772828311.473238,25.65,None,31.34,None,26.34,None,95.00,None,62.00,None,111.35,None,30.34,None,30.00,None,0.00,None,79.65,None,None,None,27.00,None
1772828320.5982823,29.65,None,31.34,None,17.67,None,5.00,None,51.66,None,0.00,None,30.34,None,30.00,None,0.00,None,0.00,None,None,None,27.00,None
1772828320.5997765,29.65,None,31.34,None,17.67,None,5.00,None,51.66,None,0.00,None,30.34,None,30.00,None,0.00,None,0.00,None,None,None,27.00,None
1772828320.6452353,29.65,None,31.34,None,26.67,None,9.00,None,62.00,None,0.00,None,30.34,None,30.00,None,0.00,None,0.00,None,None,None,30.33,None
1772828320.646083,29.65,None,31.34,None,26.67,None,9.00,None,62.00,None,0.00,None,30.34,None,30.00,None,0.00,None,0.00,None,None,None,30.33,None
1772828320.676898,38.65,None,40.01,None,26.67,None,9.00,None,67.00,None,0.00,None,30.34,None,30.00,None,0.00,None,0.00,None,None,None,30.33,None
1772828320.6777782,38.65,None,40.01,None,26.67,None,9.00,None,67.00,None,0.00,None,30.34,None,30.00,None,0.00,None,0.00,None,None,None,30.33,None
1772828320.7104046,38.65,None,40.01,None,26.67,None,18.00,None,68.67,None,0.00,None,30.34,None,30.00,None,0.00,None,0.00,None,None,None,30.33,None
1772828320.712019,38.65,None,40.01,None,26.67,None,18.00,None,68.67,None,0.00,None,30.34,None,30.00,None,0.00,None,0.00,None,None,None,30.33,None
1772828320.904393,38.65,None,40.01,None,30.00,None,27.00,None,68.67,None,0.00,None,30.34,None,30.00,None,0.00,None,0.00,None,None,None,32.00,None
1772828320.906091,38.65,None,40.01,None,30.00,None,27.00,None,68.67,None,0.00,None,30.34,None,30.00,None,0.00,None,0.00,None,None,None,32.00,None
1772828320.9500175,41.98,None,49.01,None,31.67,None,27.00,None,68.67,None,0.00,None,30.34,None,38.67,None,0.00,None,0.00,None,None,None,32.00,None
1772828320.9518294,41.98,None,49.01,None,31.67,None,27.00,None,68.67,None,0.00,None,30.34,None,38.67,None,0.00,None,0.00,None,None,None,32.00,None
1772828344.6113658,29.65,None,44.34,None,8.67,None,5.00,None,53.00,None,0.00,None,30.34,None,35.00,None,0.00,None,0.00,None,0.00,None,27.00,None
1772828344.6127663,29.65,None,44.34,None,8.67,None,5.00,None,53.00,None,0.00,None,30.34,None,35.00,None,0.00,None,0.00,None,0.00,None,27.00,None
1772828344.6570544,29.65,None,53.01,None,8.67,None,5.00,None,62.00,None,0.00,None,30.34,None,40.00,None,4.00,None,0.00,None,0.00,None,27.00,None
1772828344.658469,29.65,None,53.01,None,8.67,None,5.00,None,62.00,None,0.00,None,30.34,None,40.00,None,4.00,None,0.00,None,0.00,None,27.00,None
1772828344.70303,38.65,None,61.68,None,8.67,None,5.00,None,62.00,None,0.00,None,30.34,None,45.00,None,4.00,None,0.00,None,0.00,None,27.00,None
1772828344.704508,38.65,None,61.68,None,8.67,None,5.00,None,62.00,None,0.00,None,30.34,None,45.00,None,4.00,None,0.00,None,0.00,None,27.00,None
1772828344.7491872,47.65,None,61.68,None,8.67,None,5.00,None,62.00,None,0.00,None,30.34,None,55.34,None,4.00,None,0.00,None,0.00,None,27.00,None
1772828344.7507167,47.65,None,61.68,None,8.67,None,5.00,None,62.00,None,0.00,None,30.34,None,55.34,None,4.00,None,0.00,None,0.00,None,27.00,None
1772828344.7957835,47.65,None,61.68,None,8.67,None,5.00,None,62.00,None,0.00,None,30.34,None,60.34,None,13.00,None,0.00,None,0.00,None,27.00,None
1772828344.7973764,47.65,None,61.68,None,8.67,None,5.00,None,62.00,None,0.00,None,30.34,None,60.34,None,13.00,None,0.00,None,0.00,None,27.00,None
1772828344.9598923,47.65,None,61.68,None,8.67,None,5.00,None,65.33,None,0.00,None,30.34,None,62.01,None,13.00,None,0.00,None,9.00,None,27.00,None
1772828344.9615378,47.65,None,61.68,None,8.67,None,5.00,None,65.33,None,0.00,None,30.34,None,62.01,None,13.00,None,0.00,None,9.00,None,27.00,None
1772828366.6523187,47.65,None,57.68,None,8.67,None,5.00,None,65.33,None,0.00,None,30.34,None,32.01,None,13.00,None,0.00,None,14.00,None,27.00,None
1772828366.6537974,47.65,None,57.68,None,8.67,None,5.00,None,65.33,None,0.00,None,30.34,None,32.01,None,13.00,None,0.00,None,14.00,None,27.00,None
1772828366.7025514,47.65,None,57.68,None,17.34,None,5.00,None,65.33,None,0.00,None,30.34,None,32.01,None,13.00,None,0.00,None,24.67,None,27.00,None
1772828366.7040997,47.65,None,57.68,None,17.34,None,5.00,None,65.33,None,0.00,None,30.34,None,32.01,None,13.00,None,0.00,None,24.67,None,27.00,None
1772828366.7531137,47.65,None,57.68,None,26.01,None,9.00,None,65.33,None,0.00,None,30.34,None,32.01,None,13.00,None,0.00,None,29.67,None,27.00,None
1772828366.7546227,47.65,None,57.68,None,26.01,None,9.00,None,65.33,None,0.00,None,30.34,None,32.01,None,13.00,None,0.00,None,29.67,None,27.00,None
1772828366.8022048,47.65,None,57.68,None,26.01,None,9.00,None,65.33,None,0.00,None,30.34,None,32.01,None,13.00,None,0.00,None,31.34,None,30.33,None
1772828366.8037348,47.65,None,57.68,None,26.01,None,9.00,None,65.33,None,0.00,None,30.34,None,32.01,None,13.00,None,0.00,None,31.34,None,30.33,None
1772828366.8510933,47.65,None,57.68,None,31.01,None,18.00,None,65.33,None,0.00,None,30.34,None,32.01,None,13.00,None,0.00,None,31.34,None,30.33,None
1772828366.8526795,47.65,None,57.68,None,31.01,None,18.00,None,65.33,None,0.00,None,30.34,None,32.01,None,13.00,None,0.00,None,31.34,None,30.33,None
1772828366.899246,56.65,None,57.68,None,31.01,None,18.00,None,68.66,None,0.00,None,30.34,None,32.01,None,13.00,None,0.00,None,31.34,None,30.33,None
1772828366.900959,56.65,None,57.68,None,31.01,None,18.00,None,68.66,None,0.00,None,30.34,None,32.01,None,13.00,None,0.00,None,31.34,None,30.33,None
1772828389.7343261,31.00,None,30.34,None,22.34,None,13.00,None,41.33,None,0.00,None,5.00,None,32.01,None,13.00,None,0.00,None,31.34,None,12.33,None
1772828389.735111,31.00,None,30.34,None,22.34,None,13.00,None,41.33,None,0.00,None,5.00,None,32.01,None,13.00,None,0.00,None,31.34,None,12.33,None
1772828389.7652426,32.67,None,34.34,None,22.34,None,13.00,None,50.00,None,0.00,None,8.33,None,32.01,None,13.00,None,0.00,None,31.34,None,21.33,None
1772828389.7660823,32.67,None,34.34,None,22.34,None,13.00,None,50.00,None,0.00,None,8.33,None,32.01,None,13.00,None,0.00,None,31.34,None,21.33,None
1772828389.7966259,34.34,None,34.34,None,22.34,None,13.00,None,58.67,None,0.00,None,11.66,None,32.01,None,13.00,None,0.00,None,31.34,None,30.33,None
1772828389.797441,34.34,None,34.34,None,22.34,None,13.00,None,58.67,None,0.00,None,11.66,None,32.01,None,13.00,None,0.00,None,31.34,None,30.33,None
1772828389.828169,39.34,None,34.34,None,22.34,None,13.00,None,58.67,None,0.00,None,20.66,None,32.01,None,13.00,None,0.00,None,31.34,None,30.33,None
1772828389.8291242,39.34,None,34.34,None,22.34,None,13.00,None,58.67,None,0.00,None,20.66,None,32.01,None,13.00,None,0.00,None,31.34,None,30.33,None
1772828389.8602521,44.34,None,34.34,None,22.34,None,13.00,None,58.67,None,0.00,None,29.66,None,32.01,None,13.00,None,0.00,None,31.34,None,30.33,None
1772828389.8612692,44.34,None,34.34,None,22.34,None,13.00,None,58.67,None,0.00,None,29.66,None,32.01,None,13.00,None,0.00,None,31.34,None,30.33,None
1772828389.8911207,54.68,None,34.34,None,22.34,None,13.00,None,67.67,None,0.00,None,29.66,None,32.01,None,13.00,None,0.00,None,31.34,None,30.33,None
1772828389.8920293,54.68,None,34.34,None,22.34,None,13.00,None,67.67,None,0.00,None,29.66,None,32.01,None,13.00,None,0.00,None,31.34,None,30.33,None
1772828408.6913416,54.68,None,34.34,None,27.34,None,26.00,None,67.67,None,0.00,None,29.66,None,32.01,None,13.00,None,0.00,None,31.34,None,30.33,None
1772828408.6930926,54.68,None,34.34,None,27.34,None,26.00,None,67.67,None,0.00,None,29.66,None,32.01,None,13.00,None,0.00,None,31.34,None,30.33,None
1772828408.8586287,54.68,None,34.34,None,29.01,None,29.33,None,67.67,None,0.00,None,29.66,None,32.01,None,13.00,None,0.00,None,31.34,None,30.33,None
1772828408.8598654,54.68,None,34.34,None,29.01,None,29.33,None,67.67,None,0.00,None,29.66,None,32.01,None,13.00,None,0.00,None,31.34,None,30.33,None
1772828408.8960984,54.68,None,34.34,None,30.68,None,32.66,None,67.67,None,0.00,None,29.66,None,32.01,None,13.00,None,0.00,None,31.34,None,30.33,None
1772828408.8973753,54.68,None,34.34,None,30.68,None,32.66,None,67.67,None,0.00,None,29.66,None,32.01,None,13.00,None,0.00,None,31.34,None,30.33,None
1772828408.9315429,54.68,None,34.34,None,30.68,None,37.66,None,67.67,None,13.00,None,29.66,None,32.01,None,13.00,None,0.00,None,31.34,None,30.33,None
1772828408.9325502,54.68,None,34.34,None,30.68,None,37.66,None,67.67,None,13.00,None,29.66,None,32.01,None,13.00,None,0.00,None,31.34,None,30.33,None
1772828408.9637952,54.68,None,34.34,None,30.68,None,42.66,None,67.67,None,22.00,None,29.66,None,32.01,None,13.00,None,0.00,None,31.34,None,30.33,None
1772828408.9647982,54.68,None,34.34,None,30.68,None,42.66,None,67.67,None,22.00,None,29.66,None,32.01,None,13.00,None,0.00,None,31.34,None,30.33,None
1772828408.993151,54.68,None,34.34,None,30.68,None,47.66,None,67.67,None,31.00,None,29.66,None,32.01,None,13.00,None,0.00,None,31.34,None,30.33,None
1772828408.9941843,54.68,None,34.34,None,30.68,None,47.66,None,67.67,None,31.00,None,29.66,None,32.01,None,13.00,None,0.00,None,31.34,None,30.33,None
1772828424.7138813,54.68,None,38.34,None,30.68,None,47.66,None,67.67,None,31.00,None,29.66,None,37.01,None,13.00,None,0.00,None,31.34,None,30.33,None
1772828424.7158544,54.68,None,38.34,None,30.68,None,47.66,None,67.67,None,31.00,None,29.66,None,37.01,None,13.00,None,0.00,None,31.34,None,30.33,None
1772828424.7630074,58.68,None,38.34,None,30.68,None,47.66,None,67.67,None,31.00,None,29.66,None,42.01,None,13.00,None,0.00,None,31.34,None,30.33,None
1772828424.7650287,58.68,None,38.34,None,30.68,None,47.66,None,67.67,None,31.00,None,29.66,None,42.01,None,13.00,None,0.00,None,31.34,None,30.33,None
1772828424.933734,67.68,None,47.01,None,30.68,None,47.66,None,67.67,None,31.00,None,29.66,None,49.34,None,14.67,None,0.00,None,31.34,None,30.33,None
1772828424.935851,67.68,None,47.01,None,30.68,None,47.66,None,67.67,None,31.00,None,29.66,None,49.34,None,14.67,None,0.00,None,31.34,None,30.33,None
1772828424.9817126,67.68,None,56.01,None,30.68,None,47.66,None,67.67,None,31.00,None,29.66,None,58.01,None,16.34,None,0.00,None,31.34,None,30.33,None
1772828424.983776,67.68,None,56.01,None,30.68,None,47.66,None,67.67,None,31.00,None,29.66,None,58.01,None,16.34,None,0.00,None,31.34,None,30.33,None
1772828425.0302517,67.68,None,65.01,None,30.68,None,47.66,None,67.67,None,31.00,None,29.66,None,68.35,None,23.67,None,0.00,None,31.34,None,30.33,None
1772828425.032458,67.68,None,65.01,None,30.68,None,47.66,None,67.67,None,31.00,None,29.66,None,68.35,None,23.67,None,0.00,None,31.34,None,30.33,None
1772828425.0800352,67.68,None,65.01,None,30.68,None,56.66,None,67.67,None,39.67,None,29.66,None,68.35,None,23.67,None,3.33,None,31.34,None,30.33,None
1772828425.0823958,67.68,None,65.01,None,30.68,None,56.66,None,67.67,None,39.67,None,29.66,None,68.35,None,23.67,None,3.33,None,31.34,None,30.33,None
1772828437.76449,67.68,None,65.01,None,30.68,None,69.66,None,67.67,None,48.34,None,29.66,None,68.35,None,23.67,None,3.33,None,31.34,None,32.00,None
1772828437.7659001,67.68,None,65.01,None,30.68,None,69.66,None,67.67,None,48.34,None,29.66,None,68.35,None,23.67,None,3.33,None,31.34,None,32.00,None
1772828437.7968693,67.68,None,65.01,None,30.68,None,80.33,None,67.67,None,61.01,None,29.66,None,68.35,None,23.67,None,3.33,None,31.34,None,32.00,None
1772828437.7981858,67.68,None,65.01,None,30.68,None,80.33,None,67.67,None,61.01,None,29.66,None,68.35,None,23.67,None,3.33,None,31.34,None,32.00,None
1772828437.9174426,67.68,None,65.01,None,30.68,None,80.33,None,67.67,None,61.01,None,29.66,None,68.35,None,23.67,None,3.33,None,31.34,None,32.00,None
1772828437.9187498,67.68,None,65.01,None,30.68,None,80.33,None,67.67,None,61.01,None,29.66,None,68.35,None,23.67,None,3.33,None,31.34,None,32.00,None
1772828437.9504201,67.68,None,65.01,None,30.68,None,80.33,None,67.67,None,61.01,None,29.66,None,68.35,None,23.67,None,3.33,None,31.34,None,32.00,None
1772828437.9516485,67.68,None,65.01,None,30.68,None,80.33,None,67.67,None,61.01,None,29.66,None,68.35,None,23.67,None,3.33,None,31.34,None,32.00,None
1772828437.9832892,67.68,None,65.01,None,30.68,None,80.33,None,67.67,None,61.01,None,29.66,None,68.35,None,23.67,None,3.33,None,31.34,None,32.00,None
1772828437.984748,67.68,None,65.01,None,30.68,None,80.33,None,67.67,None,61.01,None,29.66,None,68.35,None,23.67,None,3.33,None,31.34,None,32.00,None
1772828438.0162158,67.68,None,65.01,None,30.68,None,80.33,None,67.67,None,61.01,None,29.66,None,68.35,None,23.67,None,3.33,None,31.34,None,32.00,None
1772828438.018568,67.68,None,65.01,None,30.68,None,80.33,None,67.67,None,61.01,None,29.66,None,68.35,None,23.67,None,3.33,None,31.34,None,32.00,None
1772828451.8155508,67.68,None,65.01,None,30.68,None,80.33,None,67.67,None,61.01,None,29.66,None,68.35,None,23.67,None,3.33,None,31.34,None,32.00,None
1772828451.8179195,67.68,None,65.01,None,30.68,None,80.33,None,67.67,None,61.01,None,29.66,None,68.35,None,23.67,None,3.33,None,31.34,None,32.00,None
1772828451.8647325,67.68,None,65.01,None,30.68,None,80.33,None,67.67,None,61.01,None,29.66,None,68.35,None,23.67,None,3.33,None,31.34,None,32.00,None
1772828451.8670528,67.68,None,65.01,None,30.68,None,80.33,None,67.67,None,61.01,None,29.66,None,68.35,None,23.67,None,3.33,None,31.34,None,32.00,None
1772828451.9137907,67.68,None,65.01,None,30.68,None,80.33,None,67.67,None,61.01,None,29.66,None,68.35,None,23.67,None,3.33,None,31.34,None,32.00,None
1772828451.9161608,67.68,None,65.01,None,30.68,None,80.33,None,67.67,None,61.01,None,29.66,None,68.35,None,23.67,None,3.33,None,31.34,None,32.00,None
1772828452.0894735,67.68,None,65.01,None,30.68,None,80.33,None,67.67,None,61.01,None,29.66,None,68.35,None,23.67,None,3.33,None,31.34,None,32.00,None
1772828452.0917835,67.68,None,65.01,None,30.68,None,80.33,None,67.67,None,61.01,None,29.66,None,68.35,None,23.67,None,3.33,None,31.34,None,32.00,None
1772828452.138529,67.68,None,65.01,None,30.68,None,80.33,None,67.67,None,61.01,None,29.66,None,68.35,None,23.67,None,3.33,None,31.34,None,32.00,None
1772828452.1408994,67.68,None,65.01,None,30.68,None,80.33,None,67.67,None,61.01,None,29.66,None,68.35,None,23.67,None,3.33,None,31.34,None,32.00,None
1772828452.1873307,67.68,None,65.01,None,30.68,None,80.33,None,67.67,None,61.01,None,29.66,None,68.35,None,23.67,None,3.33,None,31.34,None,32.00,None
1772828452.189665,67.68,None,65.01,None,30.68,None,80.33,None,67.67,None,61.01,None,29.66,None,68.35,None,23.67,None,3.33,None,31.34,None,32.00,None
1772828466.84762,67.68,None,65.01,None,30.68,None,84.66,None,67.67,None,68.34,None,29.66,None,68.35,None,23.67,None,12.00,None,31.34,None,32.00,None
1772828466.8499644,67.68,None,65.01,None,30.68,None,84.66,None,67.67,None,68.34,None,29.66,None,68.35,None,23.67,None,12.00,None,31.34,None,32.00,None
1772828466.8980622,67.68,None,65.01,None,30.68,None,84.66,None,67.67,None,73.34,None,29.66,None,68.35,None,23.67,None,25.00,None,31.34,None,32.00,None
1772828466.9005048,67.68,None,65.01,None,30.68,None,84.66,None,67.67,None,73.34,None,29.66,None,68.35,None,23.67,None,25.00,None,31.34,None,32.00,None
1772828466.9491563,67.68,None,65.01,None,30.68,None,84.66,None,67.67,None,78.34,None,29.66,None,68.35,None,23.67,None,33.67,None,31.34,None,32.00,None
1772828466.951756,67.68,None,65.01,None,30.68,None,84.66,None,67.67,None,78.34,None,29.66,None,68.35,None,23.67,None,33.67,None,31.34,None,32.00,None
1772828467.1264248,67.68,None,65.01,None,30.68,None,84.66,None,67.67,None,83.34,None,29.66,None,68.35,None,27.67,None,42.34,None,31.34,None,32.00,None
1772828467.1289723,67.68,None,65.01,None,30.68,None,84.66,None,67.67,None,83.34,None,29.66,None,68.35,None,27.67,None,42.34,None,31.34,None,32.00,None
1772828467.1770895,67.68,None,65.01,None,30.68,None,84.66,None,67.67,None,88.34,None,29.66,None,68.35,None,27.67,None,55.01,None,31.34,None,32.00,None
1772828467.179731,67.68,None,65.01,None,30.68,None,84.66,None,67.67,None,88.34,None,29.66,None,68.35,None,27.67,None,55.01,None,31.34,None,32.00,None
1772828467.2282057,67.68,None,65.01,None,30.68,None,93.66,None,67.67,None,98.68,None,29.66,None,68.35,None,27.67,None,58.34,None,31.34,None,32.00,None
1772828467.2308674,67.68,None,65.01,None,30.68,None,93.66,None,67.67,None,98.68,None,29.66,None,68.35,None,27.67,None,58.34,None,31.34,None,32.00,None
1772828483.8913095,67.68,None,66.68,None,13.34,None,93.66,None,67.67,None,98.68,None,29.66,None,68.35,None,27.67,None,58.34,None,9.00,None,28.67,None
1772828483.8938477,67.68,None,66.68,None,13.34,None,93.66,None,67.67,None,98.68,None,29.66,None,68.35,None,27.67,None,58.34,None,9.00,None,28.67,None
1772828483.9452693,67.68,None,66.68,None,13.34,None,93.66,None,67.67,None,98.68,None,29.66,None,68.35,None,29.34,None,58.34,None,18.00,None,28.67,None
1772828483.947879,67.68,None,66.68,None,13.34,None,93.66,None,67.67,None,98.68,None,29.66,None,68.35,None,29.34,None,58.34,None,18.00,None,28.67,None
1772828483.9992864,67.68,None,66.68,None,13.34,None,93.66,None,67.67,None,98.68,None,29.66,None,68.35,None,34.34,None,62.34,None,18.00,None,28.67,None
1772828484.0019484,67.68,None,66.68,None,13.34,None,93.66,None,67.67,None,98.68,None,29.66,None,68.35,None,34.34,None,62.34,None,18.00,None,28.67,None
1772828484.191811,67.68,None,66.68,None,22.34,None,93.66,None,67.67,None,98.68,None,29.66,None,68.35,None,36.01,None,62.34,None,26.67,None,28.67,None
1772828484.1945145,67.68,None,66.68,None,22.34,None,93.66,None,67.67,None,98.68,None,29.66,None,68.35,None,36.01,None,62.34,None,26.67,None,28.67,None
1772828484.2463055,67.68,None,66.68,None,22.34,None,93.66,None,67.67,None,107.68,None,29.66,None,68.35,None,41.01,None,71.01,None,26.67,None,28.67,None
1772828484.2490547,67.68,None,66.68,None,22.34,None,93.66,None,67.67,None,107.68,None,29.66,None,68.35,None,41.01,None,71.01,None,26.67,None,28.67,None
1772828484.3002384,67.68,None,66.68,None,22.34,None,93.66,None,67.67,None,116.68,None,29.66,None,68.35,None,46.01,None,79.68,None,26.67,None,28.67,None
1772828484.303131,67.68,None,66.68,None,22.34,None,93.66,None,67.67,None,116.68,None,29.66,None,68.35,None,46.01,None,79.68,None,26.67,None,28.67,None
1772828502.9201293,36.68,None,36.34,None,17.34,None,84.66,None,43.01,None,116.68,None,29.66,None,36.34,None,33.01,None,79.68,None,28.34,None,32.00,None
1772828502.922553,36.68,None,36.34,None,17.34,None,84.66,None,43.01,None,116.68,None,29.66,None,36.34,None,33.01,None,79.68,None,28.34,None,32.00,None
1772828502.9753444,40.68,None,36.34,None,26.01,None,84.66,None,52.01,None,116.68,None,29.66,None,36.34,None,33.01,None,79.68,None,30.01,None,32.00,None
1772828502.9777434,40.68,None,36.34,None,26.01,None,84.66,None,52.01,None,116.68,None,29.66,None,36.34,None,33.01,None,79.68,None,30.01,None,32.00,None
1772828503.0299416,40.68,None,36.34,None,29.34,None,93.66,None,52.01,None,116.68,None,29.66,None,40.34,None,33.01,None,79.68,None,31.68,None,32.00,None
1772828503.0323572,40.68,None,36.34,None,29.34,None,93.66,None,52.01,None,116.68,None,29.66,None,40.34,None,33.01,None,79.68,None,31.68,None,32.00,None
1772828503.2073045,49.35,None,36.34,None,29.34,None,93.66,None,62.68,None,116.68,None,29.66,None,40.34,None,37.01,None,79.68,None,31.68,None,32.00,None
1772828503.2097807,49.35,None,36.34,None,29.34,None,93.66,None,62.68,None,116.68,None,29.66,None,40.34,None,37.01,None,79.68,None,31.68,None,32.00,None
1772828503.26084,58.35,None,45.01,None,31.01,None,93.66,None,66.01,None,116.68,None,29.66,None,40.34,None,37.01,None,83.68,None,31.68,None,32.00,None
1772828503.2633288,58.35,None,45.01,None,31.01,None,93.66,None,66.01,None,116.68,None,29.66,None,40.34,None,37.01,None,83.68,None,31.68,None,32.00,None
1772828503.3137088,58.35,None,45.01,None,31.01,None,93.66,None,66.01,None,116.68,None,29.66,None,40.34,None,37.01,None,83.68,None,31.68,None,32.00,None
1772828503.316281,58.35,None,45.01,None,31.01,None,93.66,None,66.01,None,116.68,None,29.66,None,40.34,None,37.01,None,83.68,None,31.68,None,32.00,None
1772828521.93646,34.67,None,46.01,None,31.01,None,93.66,None,31.00,None,116.68,None,0.00,None,40.34,None,37.01,None,83.68,None,31.68,None,14.00,None
1772828521.9377768,34.67,None,46.01,None,31.01,None,93.66,None,31.00,None,116.68,None,0.00,None,40.34,None,37.01,None,83.68,None,31.68,None,14.00,None
1772828521.9721534,34.67,None,53.34,None,31.01,None,93.66,None,31.00,None,116.68,None,0.00,None,40.34,None,37.01,None,83.68,None,31.68,None,23.00,None
1772828521.9734943,34.67,None,53.34,None,31.01,None,93.66,None,31.00,None,116.68,None,0.00,None,40.34,None,37.01,None,83.68,None,31.68,None,23.00,None
1772828522.0055337,34.67,None,53.34,None,31.01,None,93.66,None,31.00,None,116.68,None,0.00,None,40.34,None,37.01,None,83.68,None,31.68,None,23.00,None
1772828522.006824,34.67,None,53.34,None,31.01,None,93.66,None,31.00,None,116.68,None,0.00,None,40.34,None,37.01,None,83.68,None,31.68,None,23.00,None
1772828522.1113365,34.67,None,53.34,None,31.01,None,93.66,None,31.00,None,116.68,None,0.00,None,40.34,None,37.01,None,83.68,None,31.68,None,23.00,None
1772828522.112662,34.67,None,53.34,None,31.01,None,93.66,None,31.00,None,116.68,None,0.00,None,40.34,None,37.01,None,83.68,None,31.68,None,23.00,None
1772828522.1444569,34.67,None,53.34,None,31.01,None,93.66,None,31.00,None,116.68,None,0.00,None,40.34,None,37.01,None,83.68,None,31.68,None,23.00,None
1772828522.1457675,34.67,None,53.34,None,31.01,None,93.66,None,31.00,None,116.68,None,0.00,None,40.34,None,37.01,None,83.68,None,31.68,None,23.00,None
1772828522.1777465,34.67,None,53.34,None,31.01,None,93.66,None,31.00,None,116.68,None,0.00,None,40.34,None,37.01,None,83.68,None,31.68,None,23.00,None
1772828522.1790392,34.67,None,53.34,None,31.01,None,93.66,None,31.00,None,116.68,None,0.00,None,40.34,None,37.01,None,83.68,None,31.68,None,23.00,None
1772828540.9830616,34.67,None,53.34,None,22.67,None,59.00,None,31.00,None,89.68,None,0.00,None,40.34,None,37.01,None,88.68,None,31.68,None,23.00,None
1772828540.9842575,34.67,None,53.34,None,22.67,None,59.00,None,31.00,None,89.68,None,0.00,None,40.34,None,37.01,None,88.68,None,31.68,None,23.00,None
1772828541.0179477,34.67,None,53.34,None,22.67,None,63.00,None,31.00,None,89.68,None,0.00,None,40.34,None,37.01,None,93.68,None,31.68,None,23.00,None
1772828541.0191588,34.67,None,53.34,None,22.67,None,63.00,None,31.00,None,89.68,None,0.00,None,40.34,None,37.01,None,93.68,None,31.68,None,23.00,None
1772828541.1212876,34.67,None,53.34,None,22.67,None,63.00,None,31.00,None,94.01,None,0.00,None,40.34,None,37.01,None,98.68,None,31.68,None,23.00,None
1772828541.1224656,34.67,None,53.34,None,22.67,None,63.00,None,31.00,None,94.01,None,0.00,None,40.34,None,37.01,None,98.68,None,31.68,None,23.00,None
1772828541.1543016,34.67,None,53.34,None,22.67,None,63.00,None,31.00,None,94.01,None,0.00,None,40.34,None,37.01,None,98.68,None,31.68,None,23.00,None
1772828541.1554496,34.67,None,53.34,None,22.67,None,63.00,None,31.00,None,94.01,None,0.00,None,40.34,None,37.01,None,98.68,None,31.68,None,23.00,None
1772828541.1876383,34.67,None,53.34,None,22.67,None,63.00,None,31.00,None,94.01,None,0.00,None,40.34,None,37.01,None,98.68,None,31.68,None,23.00,None
1772828541.188813,34.67,None,53.34,None,22.67,None,63.00,None,31.00,None,94.01,None,0.00,None,40.34,None,37.01,None,98.68,None,31.68,None,23.00,None
1772828541.2211719,34.67,None,53.34,None,22.67,None,63.00,None,31.00,None,94.01,None,0.00,None,40.34,None,37.01,None,98.68,None,31.68,None,23.00,None
1772828541.2223446,34.67,None,53.34,None,22.67,None,63.00,None,31.00,None,94.01,None,0.00,None,40.34,None,37.01,None,98.68,None,31.68,None,23.00,None
1772828561.0289412,21.67,None,22.67,None,22.67,None,30.33,None,31.00,None,68.00,None,0.00,None,4.00,None,26.34,None,100.35,None,31.68,None,21.33,None
1772828561.0300417,21.67,None,22.67,None,22.67,None,30.33,None,31.00,None,68.00,None,0.00,None,4.00,None,26.34,None,100.35,None,31.68,None,21.33,None
1772828561.0652537,21.67,None,22.67,None,22.67,None,43.33,None,31.00,None,76.67,None,0.00,None,4.00,None,26.34,None,105.35,None,31.68,None,21.33,None
1772828561.0663753,21.67,None,22.67,None,22.67,None,43.33,None,31.00,None,76.67,None,0.00,None,4.00,None,26.34,None,105.35,None,31.68,None,21.33,None
1772828561.175157,21.67,None,22.67,None,31.67,None,52.00,None,31.00,None,80.00,None,0.00,None,8.00,None,26.34,None,107.02,None,31.68,None,21.33,None
1772828561.1762345,21.67,None,22.67,None,31.67,None,52.00,None,31.00,None,80.00,None,0.00,None,8.00,None,26.34,None,107.02,None,31.68,None,21.33,None
1772828561.2097106,21.67,None,26.67,None,31.67,None,61.00,None,31.00,None,88.67,None,0.00,None,8.00,None,26.34,None,108.69,None,31.68,None,21.33,None
1772828561.2108111,21.67,None,26.67,None,31.67,None,61.00,None,31.00,None,88.67,None,0.00,None,8.00,None,26.34,None,108.69,None,31.68,None,21.33,None
1772828561.2446141,25.67,None,26.67,None,31.67,None,70.00,None,31.00,None,97.34,None,0.00,None,8.00,None,26.34,None,110.36,None,31.68,None,21.33,None
1772828561.2457345,25.67,None,26.67,None,31.67,None,70.00,None,31.00,None,97.34,None,0.00,None,8.00,None,26.34,None,110.36,None,31.68,None,21.33,None
1772828561.2791753,25.67,None,26.67,None,31.67,None,70.00,None,31.00,None,97.34,None,0.00,None,8.00,None,30.34,None,115.36,None,31.68,None,21.33,None
1772828561.2803087,25.67,None,26.67,None,31.67,None,70.00,None,31.00,None,97.34,None,0.00,None,8.00,None,30.34,None,115.36,None,31.68,None,21.33,None
1772828591.0549989,25.67,None,25.00,None,22.67,None,56.67,None,27.00,None,41.67,None,0.00,None,8.00,None,8.00,None,44.01,None,23.01,None,12.33,None
1772828591.055951,25.67,None,25.00,None,22.67,None,56.67,None,27.00,None,41.67,None,0.00,None,8.00,None,8.00,None,44.01,None,23.01,None,12.33,None
1772828591.166433,25.67,None,25.00,None,22.67,None,56.67,None,31.00,None,41.67,None,0.00,None,8.00,None,8.00,None,49.01,None,32.01,None,12.33,None
1772828591.1676605,25.67,None,25.00,None,22.67,None,56.67,None,31.00,None,41.67,None,0.00,None,8.00,None,8.00,None,49.01,None,32.01,None,12.33,None
1772828591.210128,25.67,None,25.00,None,22.67,None,65.67,None,31.00,None,50.34,None,0.00,None,8.00,None,12.00,None,54.01,None,32.01,None,12.33,None
1772828591.2112803,25.67,None,25.00,None,22.67,None,65.67,None,31.00,None,50.34,None,0.00,None,8.00,None,12.00,None,54.01,None,32.01,None,12.33,None
1772828591.2547705,25.67,None,25.00,None,22.67,None,74.67,None,31.00,None,59.01,None,0.00,None,8.00,None,16.33,None,59.01,None,32.01,None,12.33,None
1772828591.256029,25.67,None,25.00,None,22.67,None,74.67,None,31.00,None,59.01,None,0.00,None,8.00,None,16.33,None,59.01,None,32.01,None,12.33,None
1772828591.2979956,25.67,None,25.00,None,22.67,None,88.00,None,31.00,None,71.68,None,0.00,None,8.00,None,16.33,None,64.01,None,32.01,None,12.33,None
1772828591.2989743,25.67,None,25.00,None,22.67,None,88.00,None,31.00,None,71.68,None,0.00,None,8.00,None,16.33,None,64.01,None,32.01,None,12.33,None
1772828591.334258,25.67,None,25.00,None,22.67,None,97.00,None,31.00,None,80.35,None,0.00,None,8.00,None,16.33,None,69.01,None,32.01,None,12.33,None
1772828591.3352468,25.67,None,25.00,None,22.67,None,97.00,None,31.00,None,80.35,None,0.00,None,8.00,None,16.33,None,69.01,None,32.01,None,12.33,None
1772828611.1003761,25.67,None,25.00,None,27.67,None,97.00,None,31.00,None,80.35,None,0.00,None,8.00,None,16.33,None,73.01,None,32.01,None,21.33,None
1772828611.102328,25.67,None,25.00,None,27.67,None,97.00,None,31.00,None,80.35,None,0.00,None,8.00,None,16.33,None,73.01,None,32.01,None,21.33,None
1772828611.2916462,25.67,None,25.00,None,29.34,None,97.00,None,34.33,None,80.35,None,0.00,None,8.00,None,16.33,None,73.01,None,32.01,None,30.33,None
1772828611.2927964,25.67,None,25.00,None,29.34,None,97.00,None,34.33,None,80.35,None,0.00,None,8.00,None,16.33,None,73.01,None,32.01,None,30.33,None
1772828611.3360143,25.67,None,25.00,None,31.01,None,100.33,None,43.33,None,80.35,None,0.00,None,8.00,None,16.33,None,73.01,None,32.01,None,30.33,None
1772828611.3372235,25.67,None,25.00,None,31.01,None,100.33,None,43.33,None,80.35,None,0.00,None,8.00,None,16.33,None,73.01,None,32.01,None,30.33,None
1772828611.3774452,25.67,None,25.00,None,31.01,None,100.33,None,52.33,None,80.35,None,8.67,None,8.00,None,16.33,None,73.01,None,32.01,None,30.33,None
1772828611.379009,25.67,None,25.00,None,31.01,None,100.33,None,52.33,None,80.35,None,8.67,None,8.00,None,16.33,None,73.01,None,32.01,None,30.33,None
1772828611.4193645,25.67,None,25.00,None,31.01,None,102.00,None,61.33,None,80.35,None,17.34,None,8.00,None,16.33,None,73.01,None,32.01,None,30.33,None
1772828611.4205272,25.67,None,25.00,None,31.01,None,102.00,None,61.33,None,80.35,None,17.34,None,8.00,None,16.33,None,73.01,None,32.01,None,30.33,None
1772828611.4581218,34.67,None,25.00,None,31.01,None,103.67,None,64.66,None,80.35,None,26.01,None,8.00,None,16.33,None,73.01,None,32.01,None,30.33,None
1772828611.4595785,34.67,None,25.00,None,31.01,None,103.67,None,64.66,None,80.35,None,26.01,None,8.00,None,16.33,None,73.01,None,32.01,None,30.33,None
1772828631.2749665,17.00,None,16.33,None,17.34,None,90.67,None,41.66,None,80.35,None,26.01,None,9.00,None,12.33,None,69.01,None,18.00,None,27.00,None
1772828631.2768378,17.00,None,16.33,None,17.34,None,90.67,None,41.66,None,80.35,None,26.01,None,9.00,None,12.33,None,69.01,None,18.00,None,27.00,None
1772828631.3409326,17.00,None,25.00,None,17.34,None,90.67,None,50.66,None,80.35,None,26.01,None,16.33,None,14.00,None,69.01,None,18.00,None,27.00,None
1772828631.3423412,17.00,None,25.00,None,17.34,None,90.67,None,50.66,None,80.35,None,26.01,None,16.33,None,14.00,None,69.01,None,18.00,None,27.00,None
1772828631.386099,17.00,None,33.67,None,17.34,None,90.67,None,59.66,None,80.35,None,26.01,None,21.33,None,18.00,None,69.01,None,18.00,None,27.00,None
1772828631.3875666,17.00,None,33.67,None,17.34,None,90.67,None,59.66,None,80.35,None,26.01,None,21.33,None,18.00,None,69.01,None,18.00,None,27.00,None
1772828631.430745,17.00,None,42.34,None,17.34,None,94.67,None,68.66,None,80.35,None,26.01,None,24.66,None,18.00,None,70.68,None,18.00,None,27.00,None
1772828631.432256,17.00,None,42.34,None,17.34,None,94.67,None,68.66,None,80.35,None,26.01,None,24.66,None,18.00,None,70.68,None,18.00,None,27.00,None
1772828631.4743223,26.00,None,51.01,None,17.34,None,94.67,None,68.66,None,80.35,None,26.01,None,27.99,None,19.67,None,74.68,None,18.00,None,27.00,None
1772828631.4755561,26.00,None,51.01,None,17.34,None,94.67,None,68.66,None,80.35,None,26.01,None,27.99,None,19.67,None,74.68,None,18.00,None,27.00,None
1772828631.5895908,35.00,None,59.68,None,17.34,None,94.67,None,68.66,None,80.35,None,26.01,None,31.32,None,21.34,None,74.68,None,18.00,None,27.00,None
1772828631.5910983,35.00,None,59.68,None,17.34,None,94.67,None,68.66,None,80.35,None,26.01,None,31.32,None,21.34,None,74.68,None,18.00,None,27.00,None
1772828662.3296204,38.33,None,47.35,None,17.34,None,90.67,None,68.66,None,72.02,None,27.68,None,31.32,None,21.34,None,59.68,None,18.00,None,18.00,None
1772828662.3318117,38.33,None,47.35,None,17.34,None,90.67,None,68.66,None,72.02,None,27.68,None,31.32,None,21.34,None,59.68,None,18.00,None,18.00,None
1772828662.3959005,43.33,None,51.35,None,17.34,None,90.67,None,68.66,None,72.02,None,27.68,None,31.32,None,21.34,None,59.68,None,18.00,None,27.00,None
1772828662.398018,43.33,None,51.35,None,17.34,None,90.67,None,68.66,None,72.02,None,27.68,None,31.32,None,21.34,None,59.68,None,18.00,None,27.00,None
1772828662.4630756,54.00,None,60.02,None,17.34,None,90.67,None,68.66,None,72.02,None,27.68,None,31.32,None,21.34,None,59.68,None,18.00,None,27.00,None
1772828662.4652576,54.00,None,60.02,None,17.34,None,90.67,None,68.66,None,72.02,None,27.68,None,31.32,None,21.34,None,59.68,None,18.00,None,27.00,None
1772828662.5252683,64.67,None,68.69,None,17.34,None,90.67,None,68.66,None,72.02,None,27.68,None,31.32,None,21.34,None,63.68,None,18.00,None,27.00,None
1772828662.5266771,64.67,None,68.69,None,17.34,None,90.67,None,68.66,None,72.02,None,27.68,None,31.32,None,21.34,None,63.68,None,18.00,None,27.00,None
1772828662.6628203,66.34,None,68.69,None,17.34,None,90.67,None,68.66,None,76.02,None,31.01,None,31.32,None,21.34,None,63.68,None,27.00,None,27.00,None
1772828662.6647978,66.34,None,68.69,None,17.34,None,90.67,None,68.66,None,76.02,None,31.01,None,31.32,None,21.34,None,63.68,None,27.00,None,27.00,None
1772828662.7369611,68.01,None,68.69,None,17.34,None,94.67,None,68.66,None,76.02,None,31.01,None,31.32,None,30.34,None,63.68,None,27.00,None,27.00,None
1772828662.7392836,68.01,None,68.69,None,17.34,None,94.67,None,68.66,None,76.02,None,31.01,None,31.32,None,30.34,None,63.68,None,27.00,None,27.00,None
