timestamp,(0,34);(14,17);(25,24);(8,13);(8,22);(14,10);(14,11);(28,27);(28,29);(28,30);(2,3);(2,32);(5,4);(9,12);(23,15);(23,19);(23,20);(18,21);(6,7);(2,16);(25,26);(33,1);(33,31);(34,9);(9,18);(18,2);(2,5);(5,23);(23,25);(25,28);(28,14);(14,8);(8,6);(6,33);(33,34);(25,25.1);(8,8.1);(14,14.1);(28,28.1);(2,2.1);(5,5.1);(9,9.1);(23,23.1);(18,18.1);(6,6.1);(33,33.1);(34,34.1)
1772828656.061887;0.00;0.00;0.00;0.00;97.00;0.00;0.00;0.00;0.00;0.00;0.00;0.00;0.00;0.00;0.00;0.00;0.00;0.00;0.00;0.00;0.00;0.00;0.00;0.00;0.00;0.00;0.00;0.00;0.00;0.00;0.00;0.00;422.33;150.00;0.00;0.00;160.00;0.00;0.00;0.00;0.00;0.00;0.00;0.00;470.00;150.00;0.00
1772828656.06243;0.00;0.00;0.00;0.00;97.00;0.00;0.00;0.00;0.00;0.00;0.00;0.00;0.00;0.00;0.00;0.00;0.00;0.00;0.00;0.00;0.00;0.00;0.00;0.00;0.00;0.00;0.00;0.00;0.00;0.00;0.00;0.00;422.33;150.00;0.00;0.00;160.00;0.00;0.00;0.00;0.00;0.00;0.00;0.00;470.00;150.00;0.00
1772828656.096913;0.00;0.00;0.00;0.00;194.00;0.00;0.00;0.00;0.00;0.00;0.00;0.00;0.00;0.00;0.00;0.00;0.00;0.00;0.00;0.00;0.00;0.00;0.00;0.00;0.00;0.00;0.00;0.00;0.00;0.00;0.00;0.00;749.33;460.00;0.00;0.00;320.00;0.00;0.00;0.00;0.00;0.00;0.00;0.00;770.00;460.00;0.00
1772828656.0973477;0.00;0.00;0.00;0.00;194.00;0.00;0.00;0.00;0.00;0.00;0.00;0.00;0.00;0.00;0.00;0.00;0.00;0.00;0.00;0.00;0.00;0.00;0.00;0.00;0.00;0.00;0.00;0.00;0.00;0.00;0.00;0.00;749.33;460.00;0.00;0.00;320.00;0.00;0.00;0.00;0.00;0.00;0.00;0.00;770.00;460.00;0.00
1772828656.1314337;0.00;0.00;0.00;0.00;291.00;0.00;0.00;0.00;0.00;0.00;0.00;0.00;0.00;0.00;0.00;0.00;0.00;0.00;0.00;0.00;0.00;0.00;0.00;0.00;0.00;0.00;0.00;0.00;0.00;0.00;0.00;0.00;1171.66;930.00;0.00;0.00;480.00;0.00;0.00;0.00;0.00;0.00;0.00;0.00;920.00;610.00;0.00
1772828656.131899;0.00;0.00;0.00;0.00;291.00;0.00;0.00;0.00;0.00;0.00;0.00;0.00;0.00;0.00;0.00;0.00;0.00;0.00;0.00;0.00;0.00;0.00;0.00;0.00;0.00;0.00;0.00;0.00;0.00;0.00;0.00;0.00;1171.66;930.00;0.00;0.00;480.00;0.00;0.00;0.00;0.00;0.00;0.00;0.00;920.00;610.00;0.00
1772828656.1658652;0.00;0.00;0.00;0.00;388.00;0.00;0.00;0.00;0.00;0.00;0.00;0.00;0.00;0.00;0.00;0.00;0.00;0.00;0.00;0.00;0.00;0.00;0.00;0.00;0.00;0.00;0.00;0.00;0.00;0.00;0.00;0.00;1808.66;930.00;0.00;0.00;960.00;0.00;0.00;0.00;0.00;0.00;0.00;0.00;1220.00;610.00;0.00
1772828656.1663535;0.00;0.00;0.00;0.00;388.00;0.00;0.00;0.00;0.00;0.00;0.00;0.00;0.00;0.00;0.00;0.00;0.00;0.00;0.00;0.00;0.00;0.00;0.00;0.00;0.00;0.00;0.00;0.00;0.00;0.00;0.00;0.00;1808.66;930.00;0.00;0.00;960.00;0.00;0.00;0.00;0.00;0.00;0.00;0.00;1220.00;610.00;0.00
1772828656.1999288;0.00;0.00;0.00;0.00;485.00;0.00;0.00;0.00;0.00;0.00;0.00;0.00;0.00;0.00;0.00;0.00;0.00;0.00;0.00;0.00;0.00;0.00;0.00;0.00;0.00;0.00;0.00;0.00;0.00;0.00;0.00;540.00;1808.66;930.00;0.00;0.00;1260.00;540.00;0.00;0.00;0.00;0.00;0.00;0.00;1220.00;610.00;0.00
1772828656.2004197;0.00;0.00;0.00;0.00;485.00;0.00;0.00;0.00;0.00;0.00;0.00;0.00;0.00;0.00;0.00;0.00;0.00;0.00;0.00;0.00;0.00;0.00;0.00;0.00;0.00;0.00;0.00;0.00;0.00;0.00;0.00;540.00;1808.66;930.00;0.00;0.00;1260.00;540.00;0.00;0.00;0.00;0.00;0.00;0.00;1220.00;610.00;0.00
1772828656.2339666;0.00;0.00;0.00;0.00;582.00;0.00;0.00;0.00;0.00;0.00;0.00;0.00;0.00;0.00;0.00;0.00;0.00;0.00;0.00;0.00;0.00;0.00;0.00;0.00;0.00;0.00;0.00;0.00;0.00;0.00;150.00;930.00;1808.66;930.00;0.00;0.00;1410.00;1010.00;150.00;0.00;0.00;0.00;0.00;0.00;1220.00;610.00;0.00
1772828656.2349186;0.00;0.00;0.00;0.00;582.00;0.00;0.00;0.00;0.00;0.00;0.00;0.00;0.00;0.00;0.00;0.00;0.00;0.00;0.00;0.00;0.00;0.00;0.00;0.00;0.00;0.00;0.00;0.00;0.00;0.00;150.00;930.00;1808.66;930.00;0.00;0.00;1410.00;1010.00;150.00;0.00;0.00;0.00;0.00;0.00;1220.00;610.00;0.00
1772828686.1074858;0.00;0.00;0.00;0.00;582.00;0.00;0.00;0.00;0.00;0.00;0.00;0.00;0.00;0.00;0.00;0.00;0.00;0.00;0.00;0.00;0.00;0.00;97.00;0.00;0.00;0.00;0.00;0.00;0.00;0.00;150.00;930.00;2348.66;1170.00;0.00;0.00;1960.00;1010.00;150.00;0.00;0.00;0.00;0.00;0.00;1520.00;770.00;0.00
1772828686.1085339;0.00;0.00;0.00;0.00;582.00;0.00;0.00;0.00;0.00;0.00;0.00;0.00;0.00;0.00;0.00;0.00;0.00;0.00;0.00;0.00;0.00;0.00;97.00;0.00;0.00;0.00;0.00;0.00;0.00;0.00;150.00;930.00;2348.66;1170.00;0.00;0.00;1960.00;1010.00;150.00;0.00;0.00;0.00;0.00;0.00;1520.00;770.00;0.00
1772828686.1648395;0.00;0.00;0.00;0.00;582.00;0.00;0.00;0.00;0.00;0.00;0.00;0.00;0.00;0.00;0.00;0.00;0.00;0.00;0.00;0.00;0.00;0.00;194.00;0.00;0.00;0.00;0.00;0.00;0.00;0.00;150.00;930.00;2888.66;1410.00;0.00;0.00;2440.00;1010.00;150.00;0.00;0.00;0.00;0.00;0.00;1820.00;770.00;0.00
1772828686.1659768;0.00;0.00;0.00;0.00;582.00;0.00;0.00;0.00;0.00;0.00;0.00;0.00;0.00;0.00;0.00;0.00;0.00;0.00;0.00;0.00;0.00;0.00;194.00;0.00;0.00;0.00;0.00;0.00;0.00;0.00;150.00;930.00;2888.66;1410.00;0.00;0.00;2440.00;1010.00;150.00;0.00;0.00;0.00;0.00;0.00;1820.00;770.00;0.00
1772828686.221754;0.00;0.00;0.00;0.00;582.00;0.00;0.00;0.00;0.00;0.00;0.00;0.00;0.00;0.00;0.00;0.00;0.00;0.00;0.00;0.00;0.00;0.00;291.00;0.00;0.00;0.00;0.00;0.00;0.00;0.00;150.00;930.00;3118.66;1714.67;310.00;0.00;2600.00;1010.00;150.00;0.00;0.00;0.00;0.00;0.00;2194.67;920.00;310.00
1772828686.2229505;0.00;0.00;0.00;0.00;582.00;0.00;0.00;0.00;0.00;0.00;0.00;0.00;0.00;0.00;0.00;0.00;0.00;0.00;0.00;0.00;0.00;0.00;291.00;0.00;0.00;0.00;0.00;0.00;0.00;0.00;150.00;930.00;3118.66;1714.67;310.00;0.00;2600.00;1010.00;150.00;0.00;0.00;0.00;0.00;0.00;2194.67;920.00;310.00
1772828686.2781029;0.00;0.00;0.00;0.00;582.00;0.00;0.00;0.00;0.00;0.00;0.00;0.00;0.00;0.00;0.00;0.00;0.00;0.00;0.00;0.00;0.00;0.00;388.00;0.00;0.00;0.00;0.00;0.00;0.00;0.00;150.00;1240.00;3413.33;1859.34;310.00;0.00;2910.00;1320.00;150.00;0.00;0.00;0.00;0.00;0.00;2344.67;920.00;310.00
1772828686.279294;0.00;0.00;0.00;0.00;582.00;0.00;0.00;0.00;0.00;0.00;0.00;0.00;0.00;0.00;0.00;0.00;0.00;0.00;0.00;0.00;0.00;0.00;388.00;0.00;0.00;0.00;0.00;0.00;0.00;0.00;150.00;1240.00;3413.33;1859.34;310.00;0.00;2910.00;1320.00;150.00;0.00;0.00;0.00;0.00;0.00;2344.67;920.00;310.00
1772828686.4373126;0.00;0.00;0.00;0.00;582.00;0.00;0.00;0.00;0.00;0.00;0.00;0.00;0.00;0.00;0.00;0.00;0.00;0.00;0.00;0.00;0.00;0.00;485.00;0.00;0.00;0.00;0.00;0.00;0.00;0.00;300.00;1630.00;3510.33;1956.34;310.00;0.00;3060.00;1790.00;300.00;0.00;0.00;0.00;0.00;0.00;2344.67;920.00;310.00
1772828686.4385364;0.00;0.00;0.00;0.00;582.00;0.00;0.00;0.00;0.00;0.00;0.00;0.00;0.00;0.00;0.00;0.00;0.00;0.00;0.00;0.00;0.00;0.00;485.00;0.00;0.00;0.00;0.00;0.00;0.00;0.00;300.00;1630.00;3510.33;1956.34;310.00;0.00;3060.00;1790.00;300.00;0.00;0.00;0.00;0.00;0.00;2344.67;920.00;310.00
1772828686.4933794;0.00;0.00;0.00;0.00;582.00;0.00;0.00;0.00;0.00;0.00;0.00;0.00;0.00;0.00;0.00;0.00;0.00;0.00;0.00;0.00;0.00;0.00;582.00;0.00;0.00;0.00;0.00;0.00;0.00;0.00;450.00;1710.00;3852.66;2148.67;534.67;0.00;3380.00;1950.00;450.00;0.00;0.00;0.00;0.00;0.00;2494.67;920.00;310.00
1772828686.494626;0.00;0.00;0.00;0.00;582.00;0.00;0.00;0.00;0.00;0.00;0.00;0.00;0.00;0.00;0.00;0.00;0.00;0.00;0.00;0.00;0.00;0.00;582.00;0.00;0.00;0.00;0.00;0.00;0.00;0.00;450.00;1710.00;3852.66;2148.67;534.67;0.00;3380.00;1950.00;450.00;0.00;0.00;0.00;0.00;0.00;2494.67;920.00;310.00
1772828703.1234548;0.00;0.00;0.00;0.00;582.00;0.00;0.00;0.00;0.00;0.00;0.00;0.00;0.00;0.00;0.00;0.00;0.00;0.00;0.00;97.00;0.00;0.00;582.00;0.00;0.00;572.33;0.00;0.00;0.00;0.00;450.00;1710.00;3852.66;2148.67;534.67;0.00;3380.00;1950.00;450.00;310.00;0.00;0.00;0.00;460.00;2494.67;920.00;310.00
1772828703.1242342;0.00;0.00;0.00;0.00;582.00;0.00;0.00;0.00;0.00;0.00;0.00;0.00;0.00;0.00;0.00;0.00;0.00;0.00;0.00;97.00;0.00;0.00;582.00;0.00;0.00;572.33;0.00;0.00;0.00;0.00;450.00;1710.00;3852.66;2148.67;534.67;0.00;3380.00;1950.00;450.00;310.00;0.00;0.00;0.00;460.00;2494.67;920.00;310.00
1772828703.1581984;0.00;0.00;0.00;0.00;582.00;0.00;0.00;0.00;0.00;0.00;0.00;0.00;0.00;0.00;0.00;0.00;0.00;0.00;0.00;194.00;0.00;0.00;582.00;0.00;0.00;1304.66;0.00;0.00;0.00;0.00;450.00;1710.00;3852.66;2148.67;534.67;0.00;3380.00;1950.00;450.00;780.00;0.00;0.00;0.00;760.00;2494.67;920.00;310.00
1772828703.1592035;0.00;0.00;0.00;0.00;582.00;0.00;0.00;0.00;0.00;0.00;0.00;0.00;0.00;0.00;0.00;0.00;0.00;0.00;0.00;194.00;0.00;0.00;582.00;0.00;0.00;1304.66;0.00;0.00;0.00;0.00;450.00;1710.00;3852.66;2148.67;534.67;0.00;3380.00;1950.00;450.00;780.00;0.00;0.00;0.00;760.00;2494.67;920.00;310.00
1772828703.2079873;0.00;0.00;0.00;0.00;582.00;0.00;0.00;0.00;0.00;0.00;0.00;0.00;0.00;0.00;0.00;0.00;0.00;0.00;0.00;291.00;0.00;0.00;582.00;0.00;0.00;2036.99;0.00;0.00;0.00;0.00;450.00;1710.00;3852.66;2148.67;534.67;0.00;3380.00;1950.00;450.00;1250.00;0.00;0.00;0.00;1060.00;2494.67;920.00;310.00
1772828703.2094252;0.00;0.00;0.00;0.00;582.00;0.00;0.00;0.00;0.00;0.00;0.00;0.00;0.00;0.00;0.00;0.00;0.00;0.00;0.00;291.00;0.00;0.00;582.00;0.00;0.00;2036.99;0.00;0.00;0.00;0.00;450.00;1710.00;3852.66;2148.67;534.67;0.00;3380.00;1950.00;450.00;1250.00;0.00;0.00;0.00;1060.00;2494.67;920.00;310.00
1772828703.2623944;0.00;0.00;0.00;0.00;582.00;0.00;0.00;0.00;0.00;0.00;0.00;0.00;0.00;0.00;0.00;0.00;0.00;0.00;0.00;388.00;0.00;0.00;582.00;0.00;0.00;2036.99;390.00;150.00;0.00;0.00;450.00;1710.00;3852.66;2148.67;534.67;0.00;3380.00;1950.00;450.00;1400.00;470.00;0.00;150.00;1060.00;2494.67;920.00;310.00
1772828703.2638443;0.00;0.00;0.00;0.00;582.00;0.00;0.00;0.00;0.00;0.00;0.00;0.00;0.00;0.00;0.00;0.00;0.00;0.00;0.00;388.00;0.00;0.00;582.00;0.00;0.00;2036.99;390.00;150.00;0.00;0.00;450.00;1710.00;3852.66;2148.67;534.67;0.00;3380.00;1950.00;450.00;1400.00;470.00;0.00;150.00;1060.00;2494.67;920.00;310.00
1772828703.3169537;0.00;0.00;0.00;0.00;582.00;0.00;0.00;0.00;0.00;0.00;0.00;0.00;0.00;0.00;0.00;0.00;0.00;0.00;0.00;485.00;0.00;0.00;582.00;0.00;0.00;2036.99;780.00;300.00;0.00;0.00;450.00;1710.00;3852.66;2148.67;534.67;0.00;3380.00;1950.00;450.00;1550.00;940.00;0.00;300.00;1060.00;2494.67;920.00;310.00
1772828703.318431;0.00;0.00;0.00;0.00;582.00;0.00;0.00;0.00;0.00;0.00;0.00;0.00;0.00;0.00;0.00;0.00;0.00;0.00;0.00;485.00;0.00;0.00;582.00;0.00;0.00;2036.99;780.00;300.00;0.00;0.00;450.00;1710.00;3852.66;2148.67;534.67;0.00;3380.00;1950.00;450.00;1550.00;940.00;0.00;300.00;1060.00;2494.67;920.00;310.00
1772828703.3707893;0.00;0.00;0.00;0.00;582.00;0.00;0.00;0.00;0.00;0.00;0.00;0.00;0.00;0.00;0.00;0.00;0.00;0.00;0.00;582.00;0.00;0.00;582.00;0.00;0.00;2036.99;1020.00;600.00;0.00;0.00;450.00;1710.00;3852.66;2148.67;534.67;0.00;3380.00;1950.00;450.00;1774.67;1100.00;0.00;600.00;1060.00;2494.67;920.00;310.00
1772828703.3723392;0.00;0.00;0.00;0.00;582.00;0.00;0.00;0.00;0.00;0.00;0.00;0.00;0.00;0.00;0.00;0.00;0.00;0.00;0.00;582.00;0.00;0.00;582.00;0.00;0.00;2036.99;1020.00;600.00;0.00;0.00;450.00;1710.00;3852.66;2148.67;534.67;0.00;3380.00;1950.00;450.00;1774.67;1100.00;0.00;600.00;1060.00;2494.67;920.00;310.00
1772828727.168997;0.00;0.00;0.00;0.00;582.00;0.00;0.00;0.00;0.00;97.00;0.00;0.00;0.00;0.00;0.00;0.00;0.00;0.00;0.00;582.00;0.00;0.00;582.00;0.00;0.00;2036.99;1020.00;600.00;300.00;240.00;450.00;1710.00;3852.66;2148.67;534.67;540.00;3380.00;1950.00;930.00;1774.67;1100.00;0.00;900.00;1060.00;2494.67;920.00;310.00
1772828727.1706629;0.00;0.00;0.00;0.00;582.00;0.00;0.00;0.00;0.00;97.00;0.00;0.00;0.00;0.00;0.00;0.00;0.00;0.00;0.00;582.00;0.00;0.00;582.00;0.00;0.00;2036.99;1020.00;600.00;300.00;240.00;450.00;1710.00;3852.66;2148.67;534.67;540.00;3380.00;1950.00;930.00;1774.67;1100.00;0.00;900.00;1060.00;2494.67;920.00;310.00
1772828727.224156;0.00;0.00;0.00;0.00;582.00;0.00;0.00;0.00;0.00;194.00;0.00;0.00;0.00;0.00;0.00;0.00;0.00;0.00;0.00;582.00;0.00;0.00;582.00;0.00;0.00;2036.99;1020.00;600.00;600.00;480.00;450.00;1710.00;3852.66;2148.67;534.67;1010.00;3380.00;1950.00;1250.00;1774.67;1100.00;0.00;1200.00;1060.00;2494.67;920.00;310.00
1772828727.225847;0.00;0.00;0.00;0.00;582.00;0.00;0.00;0.00;0.00;194.00;0.00;0.00;0.00;0.00;0.00;0.00;0.00;0.00;0.00;582.00;0.00;0.00;582.00;0.00;0.00;2036.99;1020.00;600.00;600.00;480.00;450.00;1710.00;3852.66;2148.67;534.67;1010.00;3380.00;1950.00;1250.00;1774.67;1100.00;0.00;1200.00;1060.00;2494.67;920.00;310.00
1772828727.2791061;0.00;0.00;0.00;0.00;582.00;0.00;0.00;0.00;0.00;291.00;0.00;0.00;0.00;0.00;0.00;0.00;0.00;0.00;0.00;582.00;0.00;0.00;582.00;0.00;0.00;2036.99;1020.00;600.00;900.00;720.00;450.00;1710.00;3852.66;2148.67;534.67;1480.00;3380.00;1950.00;1570.00;1774.67;1100.00;0.00;1500.00;1060.00;2494.67;920.00;310.00
1772828727.2808063;0.00;0.00;0.00;0.00;582.00;0.00;0.00;0.00;0.00;291.00;0.00;0.00;0.00;0.00;0.00;0.00;0.00;0.00;0.00;582.00;0.00;0.00;582.00;0.00;0.00;2036.99;1020.00;600.00;900.00;720.00;450.00;1710.00;3852.66;2148.67;534.67;1480.00;3380.00;1950.00;1570.00;1774.67;1100.00;0.00;1500.00;1060.00;2494.67;920.00;310.00
1772828727.3334732;0.00;0.00;0.00;0.00;582.00;0.00;0.00;0.00;0.00;388.00;0.00;0.00;0.00;0.00;0.00;0.00;0.00;0.00;0.00;582.00;0.00;0.00;582.00;0.00;0.00;2036.99;1020.00;600.00;1200.00;960.00;450.00;1710.00;3852.66;2148.67;534.67;1950.00;3380.00;1950.00;1890.00;1774.67;1100.00;0.00;1800.00;1060.00;2494.67;920.00;310.00
1772828727.33524;0.00;0.00;0.00;0.00;582.00;0.00;0.00;0.00;0.00;388.00;0.00;0.00;0.00;0.00;0.00;0.00;0.00;0.00;0.00;582.00;0.00;0.00;582.00;0.00;0.00;2036.99;1020.00;600.00;1200.00;960.00;450.00;1710.00;3852.66;2148.67;534.67;1950.00;3380.00;1950.00;1890.00;1774.67;1100.00;0.00;1800.00;1060.00;2494.67;920.00;310.00
1772828727.3883088;0.00;0.00;0.00;0.00;582.00;0.00;0.00;0.00;0.00;485.00;0.00;0.00;0.00;0.00;0.00;0.00;0.00;0.00;0.00;582.00;0.00;0.00;582.00;0.00;0.00;2036.99;1020.00;600.00;1500.00;1200.00;450.00;1710.00;3852.66;2148.67;534.67;2420.00;3380.00;1950.00;2210.00;1774.67;1100.00;0.00;2100.00;1060.00;2494.67;920.00;310.00
1772828727.390098;0.00;0.00;0.00;0.00;582.00;0.00;0.00;0.00;0.00;485.00;0.00;0.00;0.00;0.00;0.00;0.00;0.00;0.00;0.00;582.00;0.00;0.00;582.00;0.00;0.00;2036.99;1020.00;600.00;1500.00;1200.00;450.00;1710.00;3852.66;2148.67;534.67;2420.00;3380.00;1950.00;2210.00;1774.67;1100.00;0.00;2100.00;1060.00;2494.67;920.00;310.00
1772828727.4415863;0.00;0.00;0.00;0.00;582.00;0.00;0.00;0.00;0.00;582.00;0.00;0.00;0.00;0.00;0.00;0.00;0.00;0.00;0.00;582.00;0.00;0.00;582.00;0.00;0.00;2036.99;1020.00;600.00;1960.00;1440.00;450.00;1710.00;3852.66;2148.67;534.67;2420.00;3380.00;1950.00;2434.67;1774.67;1100.00;0.00;2400.00;1060.00;2494.67;920.00;310.00
1772828727.4434066;0.00;0.00;0.00;0.00;582.00;0.00;0.00;0.00;0.00;582.00;0.00;0.00;0.00;0.00;0.00;0.00;0.00;0.00;0.00;582.00;0.00;0.00;582.00;0.00;0.00;2036.99;1020.00;600.00;1960.00;1440.00;450.00;1710.00;3852.66;2148.67;534.67;2420.00;3380.00;1950.00;2434.67;1774.67;1100.00;0.00;2400.00;1060.00;2494.67;920.00;310.00
1772828757.2151055;0.00;0.00;0.00;0.00;582.00;0.00;0.00;0.00;0.00;582.00;0.00;0.00;97.00;0.00;0.00;0.00;0.00;0.00;0.00;582.00;0.00;0.00;582.00;0.00;0.00;2336.99;1260.00;600.00;1960.00;1440.00;450.00;1710.00;3852.66;2148.67;534.67;2420.00;3380.00;1950.00;2434.67;1934.67;1324.67;0.00;2400.00;1360.00;2494.67;920.00;310.00
1772828757.2169876;0.00;0.00;0.00;0.00;582.00;0.00;0.00;0.00;0.00;582.00;0.00;0.00;97.00;0.00;0.00;0.00;0.00;0.00;0.00;582.00;0.00;0.00;582.00;0.00;0.00;2336.99;1260.00;600.00;1960.00;1440.00;450.00;1710.00;3852.66;2148.67;534.67;2420.00;3380.00;1950.00;2434.67;1934.67;1324.67;0.00;2400.00;1360.00;2494.67;920.00;310.00
1772828757.263077;0.00;0.00;0.00;0.00;582.00;0.00;0.00;0.00;0.00;582.00;0.00;0.00;194.00;0.00;0.00;0.00;0.00;0.00;0.00;582.00;0.00;0.00;582.00;0.00;0.00;2336.99;1260.00;840.00;2340.00;1440.00;450.00;1710.00;3852.66;2148.67;534.67;2570.00;3380.00;1950.00;2434.67;1934.67;1437.00;0.00;2860.00;1360.00;2494.67;920.00;310.00
1772828757.264099;0.00;0.00;0.00;0.00;582.00;0.00;0.00;0.00;0.00;582.00;0.00;0.00;194.00;0.00;0.00;0.00;0.00;0.00;0.00;582.00;0.00;0.00;582.00;0.00;0.00;2336.99;1260.00;840.00;2340.00;1440.00;450.00;1710.00;3852.66;2148.67;534.67;2570.00;3380.00;1950.00;2434.67;1934.67;1437.00;0.00;2860.00;1360.00;2494.67;920.00;310.00
1772828757.2944522;0.00;0.00;0.00;0.00;582.00;0.00;0.00;0.00;0.00;582.00;0.00;0.00;291.00;0.00;0.00;0.00;0.00;0.00;0.00;582.00;0.00;0.00;582.00;0.00;0.00;2336.99;1260.00;1080.00;2720.00;1440.00;450.00;1710.00;3852.66;2148.67;534.67;2720.00;3380.00;1950.00;2434.67;1934.67;1549.33;0.00;3320.00;1360.00;2494.67;920.00;310.00
1772828757.2954998;0.00;0.00;0.00;0.00;582.00;0.00;0.00;0.00;0.00;582.00;0.00;0.00;291.00;0.00;0.00;0.00;0.00;0.00;0.00;582.00;0.00;0.00;582.00;0.00;0.00;2336.99;1260.00;1080.00;2720.00;1440.00;450.00;1710.00;3852.66;2148.67;534.67;2720.00;3380.00;1950.00;2434.67;1934.67;1549.33;0.00;3320.00;1360.00;2494.67;920.00;310.00
1772828757.3255458;0.00;0.00;0.00;0.00;582.00;0.00;0.00;0.00;0.00;582.00;0.00;0.00;388.00;0.00;0.00;0.00;0.00;0.00;0.00;582.00;0.00;0.00;582.00;0.00;0.00;2336.99;1260.00;1320.00;3100.00;1440.00;450.00;1710.00;3852.66;2148.67;534.67;2870.00;3380.00;1950.00;2434.67;1934.67;1549.33;0.00;3780.00;1360.00;2494.67;920.00;310.00
1772828757.3265824;0.00;0.00;0.00;0.00;582.00;0.00;0.00;0.00;0.00;582.00;0.00;0.00;388.00;0.00;0.00;0.00;0.00;0.00;0.00;582.00;0.00;0.00;582.00;0.00;0.00;2336.99;1260.00;1320.00;3100.00;1440.00;450.00;1710.00;3852.66;2148.67;534.67;2870.00;3380.00;1950.00;2434.67;1934.67;1549.33;0.00;3780.00;1360.00;2494.67;920.00;310.00
1772828757.3563871;0.00;0.00;0.00;0.00;582.00;0.00;0.00;0.00;0.00;582.00;0.00;0.00;485.00;0.00;0.00;0.00;0.00;0.00;0.00;582.00;0.00;0.00;582.00;0.00;0.00;2336.99;1260.00;1560.00;3640.00;1440.00;450.00;1710.00;3852.66;2148.67;534.67;2870.00;3380.00;1950.00;2434.67;1934.67;1549.33;0.00;4080.00;1360.00;2494.67;920.00;310.00
1772828757.3574889;0.00;0.00;0.00;0.00;582.00;0.00;0.00;0.00;0.00;582.00;0.00;0.00;485.00;0.00;0.00;0.00;0.00;0.00;0.00;582.00;0.00;0.00;582.00;0.00;0.00;2336.99;1260.00;1560.00;3640.00;1440.00;450.00;1710.00;3852.66;2148.67;534.67;2870.00;3380.00;1950.00;2434.67;1934.67;1549.33;0.00;4080.00;1360.00;2494.67;920.00;310.00
1772828757.3873672;0.00;0.00;0.00;0.00;582.00;0.00;0.00;0.00;0.00;582.00;0.00;0.00;582.00;0.00;0.00;0.00;0.00;0.00;0.00;582.00;0.00;0.00;582.00;0.00;0.00;2336.99;1260.00;1800.00;4180.00;1440.00;450.00;1710.00;3852.66;2148.67;534.67;2870.00;3380.00;1950.00;2434.67;1934.67;1549.33;0.00;4380.00;1360.00;2494.67;920.00;310.00
1772828757.3885243;0.00;0.00;0.00;0.00;582.00;0.00;0.00;0.00;0.00;582.00;0.00;0.00;582.00;0.00;0.00;0.00;0.00;0.00;0.00;582.00;0.00;0.00;582.00;0.00;0.00;2336.99;1260.00;1800.00;4180.00;1440.00;450.00;1710.00;3852.66;2148.67;534.67;2870.00;3380.00;1950.00;2434.67;1934.67;1549.33;0.00;4380.00;1360.00;2494.67;920.00;310.00
1772828776.3031678;0.00;0.00;0.00;0.00;0.00;0.00;0.00;0.00;0.00;582.00;0.00;0.00;582.00;0.00;0.00;0.00;0.00;0.00;0.00;582.00;97.00;0.00;582.00;0.00;0.00;2336.99;1260.00;1800.00;4640.00;1664.67;300.00;0.00;0.00;318.67;534.67;2982.33;0.00;0.00;2509.34;1934.67;1549.33;0.00;4680.00;1360.00;0.00;0.00;310.00
1772828776.304699;0.00;0.00;0.00;0.00;0.00;0.00;0.00;0.00;0.00;582.00;0.00;0.00;582.00;0.00;0.00;0.00;0.00;0.00;0.00;582.00;97.00;0.00;582.00;0.00;0.00;2336.99;1260.00;1800.00;4640.00;1664.67;300.00;0.00;0.00;318.67;534.67;2982.33;0.00;0.00;2509.34;1934.67;1549.33;0.00;4680.00;1360.00;0.00;0.00;310.00
1772828776.3476436;0.00;0.00;0.00;0.00;0.00;0.00;0.00;0.00;0.00;582.00;0.00;0.00;582.00;0.00;0.00;0.00;0.00;0.00;0.00;582.00;194.00;0.00;582.00;0.00;0.00;2336.99;1260.00;1800.00;4902.33;2054.67;460.00;150.00;0.00;318.67;534.67;2982.33;150.00;310.00;2509.34;1934.67;1549.33;0.00;4830.00;1360.00;0.00;0.00;310.00
1772828776.3492286;0.00;0.00;0.00;0.00;0.00;0.00;0.00;0.00;0.00;582.00;0.00;0.00;582.00;0.00;0.00;0.00;0.00;0.00;0.00;582.00;194.00;0.00;582.00;0.00;0.00;2336.99;1260.00;1800.00;4902.33;2054.67;460.00;150.00;0.00;318.67;534.67;2982.33;150.00;310.00;2509.34;1934.67;1549.33;0.00;4830.00;1360.00;0.00;0.00;310.00
1772828776.4496994;0.00;0.00;0.00;0.00;0.00;0.00;0.00;0.00;0.00;582.00;0.00;0.00;582.00;0.00;0.00;0.00;0.00;0.00;0.00;582.00;291.00;0.00;582.00;0.00;0.00;2336.99;1260.00;1800.00;4902.33;2294.67;700.00;450.00;0.00;318.67;534.67;2982.33;450.00;850.00;2509.34;1934.67;1549.33;0.00;4830.00;1360.00;0.00;0.00;310.00
1772828776.4512587;0.00;0.00;0.00;0.00;0.00;0.00;0.00;0.00;0.00;582.00;0.00;0.00;582.00;0.00;0.00;0.00;0.00;0.00;0.00;582.00;291.00;0.00;582.00;0.00;0.00;2336.99;1260.00;1800.00;4902.33;2294.67;700.00;450.00;0.00;318.67;534.67;2982.33;450.00;850.00;2509.34;1934.67;1549.33;0.00;4830.00;1360.00;0.00;0.00;310.00
1772828776.4892852;0.00;0.00;0.00;0.00;0.00;0.00;0.00;0.00;0.00;582.00;0.00;0.00;582.00;0.00;0.00;0.00;0.00;0.00;0.00;582.00;388.00;0.00;582.00;0.00;0.00;2336.99;1260.00;1800.00;4902.33;2439.34;994.67;610.00;150.00;318.67;534.67;2982.33;770.00;1010.00;2659.34;1934.67;1549.33;0.00;4830.00;1360.00;150.00;0.00;310.00
1772828776.4908419;0.00;0.00;0.00;0.00;0.00;0.00;0.00;0.00;0.00;582.00;0.00;0.00;582.00;0.00;0.00;0.00;0.00;0.00;0.00;582.00;388.00;0.00;582.00;0.00;0.00;2336.99;1260.00;1800.00;4902.33;2439.34;994.67;610.00;150.00;318.67;534.67;2982.33;770.00;1010.00;2659.34;1934.67;1549.33;0.00;4830.00;1360.00;150.00;0.00;310.00
1772828776.5290916;0.00;0.00;0.00;0.00;0.00;0.00;0.00;0.00;0.00;582.00;0.00;0.00;582.00;0.00;0.00;0.00;0.00;0.00;0.00;582.00;485.00;0.00;582.00;0.00;0.00;2336.99;1260.00;1800.00;4902.33;2584.01;1289.34;770.00;300.00;318.67;534.67;2982.33;1090.00;1170.00;2809.34;1934.67;1549.33;0.00;4830.00;1360.00;300.00;0.00;310.00
1772828776.530488;0.00;0.00;0.00;0.00;0.00;0.00;0.00;0.00;0.00;582.00;0.00;0.00;582.00;0.00;0.00;0.00;0.00;0.00;0.00;582.00;485.00;0.00;582.00;0.00;0.00;2336.99;1260.00;1800.00;4902.33;2584.01;1289.34;770.00;300.00;318.67;534.67;2982.33;1090.00;1170.00;2809.34;1934.67;1549.33;0.00;4830.00;1360.00;300.00;0.00;310.00
1772828776.5681558;0.00;0.00;0.00;0.00;0.00;0.00;0.00;0.00;0.00;582.00;0.00;0.00;582.00;0.00;0.00;0.00;0.00;0.00;0.00;582.00;582.00;0.00;582.00;0.00;0.00;2336.99;1260.00;1800.00;4902.33;2824.01;1679.34;930.00;450.00;318.67;534.67;2982.33;1090.00;1330.00;2959.34;1934.67;1549.33;0.00;4830.00;1360.00;450.00;0.00;310.00
1772828776.5696702;0.00;0.00;0.00;0.00;0.00;0.00;0.00;0.00;0.00;582.00;0.00;0.00;582.00;0.00;0.00;0.00;0.00;0.00;0.00;582.00;582.00;0.00;582.00;0.00;0.00;2336.99;1260.00;1800.00;4902.33;2824.01;1679.34;930.00;450.00;318.67;534.67;2982.33;1090.00;1330.00;2959.34;1934.67;1549.33;0.00;4830.00;1360.00;450.00;0.00;310.00
1772828794.3156571;0.00;0.00;0.00;0.00;0.00;0.00;0.00;0.00;0.00;582.00;0.00;0.00;582.00;0.00;0.00;0.00;0.00;0.00;0.00;582.00;679.00;0.00;582.00;0.00;0.00;2336.99;1260.00;1800.00;4902.33;3064.01;2069.34;1090.00;600.00;318.67;534.67;2982.33;1090.00;1490.00;3109.34;1934.67;1549.33;0.00;4830.00;1360.00;600.00;0.00;310.00
1772828794.3179379;0.00;0.00;0.00;0.00;0.00;0.00;0.00;0.00;0.00;582.00;0.00;0.00;582.00;0.00;0.00;0.00;0.00;0.00;0.00;582.00;679.00;0.00;582.00;0.00;0.00;2336.99;1260.00;1800.00;4902.33;3064.01;2069.34;1090.00;600.00;318.67;534.67;2982.33;1090.00;1490.00;3109.34;1934.67;1549.33;0.00;4830.00;1360.00;600.00;0.00;310.00
1772828794.3705862;0.00;0.00;0.00;0.00;0.00;0.00;0.00;0.00;0.00;582.00;0.00;0.00;582.00;0.00;0.00;0.00;0.00;0.00;0.00;582.00;776.00;0.00;582.00;0.00;0.00;2336.99;1260.00;1800.00;4902.33;3304.01;2309.34;1330.00;900.00;318.67;534.67;2982.33;1090.00;1490.00;3109.34;1934.67;1549.33;0.00;4830.00;1360.00;900.00;0.00;310.00
1772828794.372888;0.00;0.00;0.00;0.00;0.00;0.00;0.00;0.00;0.00;582.00;0.00;0.00;582.00;0.00;0.00;0.00;0.00;0.00;0.00;582.00;776.00;0.00;582.00;0.00;0.00;2336.99;1260.00;1800.00;4902.33;3304.01;2309.34;1330.00;900.00;318.67;534.67;2982.33;1090.00;1490.00;3109.34;1934.67;1549.33;0.00;4830.00;1360.00;900.00;0.00;310.00
1772828794.4258053;0.00;0.00;0.00;0.00;0.00;0.00;0.00;0.00;0.00;582.00;0.00;0.00;582.00;0.00;0.00;0.00;0.00;0.00;0.00;582.00;873.00;0.00;582.00;0.00;0.00;2336.99;1260.00;1800.00;4902.33;3544.01;2549.34;1570.00;1200.00;318.67;534.67;2982.33;1090.00;1490.00;3109.34;1934.67;1549.33;0.00;4830.00;1360.00;1200.00;0.00;310.00
1772828794.4281285;0.00;0.00;0.00;0.00;0.00;0.00;0.00;0.00;0.00;582.00;0.00;0.00;582.00;0.00;0.00;0.00;0.00;0.00;0.00;582.00;873.00;0.00;582.00;0.00;0.00;2336.99;1260.00;1800.00;4902.33;3544.01;2549.34;1570.00;1200.00;318.67;534.67;2982.33;1090.00;1490.00;3109.34;1934.67;1549.33;0.00;4830.00;1360.00;1200.00;0.00;310.00
1772828794.4814835;0.00;0.00;0.00;0.00;0.00;0.00;0.00;0.00;0.00;582.00;0.00;0.00;582.00;0.00;0.00;0.00;0.00;0.00;0.00;582.00;970.00;0.00;582.00;0.00;0.00;2336.99;1260.00;1800.00;4902.33;3784.01;2789.34;1810.00;1500.00;318.67;534.67;2982.33;1090.00;1490.00;3109.34;1934.67;1549.33;0.00;4830.00;1360.00;1500.00;0.00;310.00
1772828794.4837954;0.00;0.00;0.00;0.00;0.00;0.00;0.00;0.00;0.00;582.00;0.00;0.00;582.00;0.00;0.00;0.00;0.00;0.00;0.00;582.00;970.00;0.00;582.00;0.00;0.00;2336.99;1260.00;1800.00;4902.33;3784.01;2789.34;1810.00;1500.00;318.67;534.67;2982.33;1090.00;1490.00;3109.34;1934.67;1549.33;0.00;4830.00;1360.00;1500.00;0.00;310.00
1772828794.5366712;0.00;0.00;0.00;0.00;0.00;0.00;0.00;0.00;0.00;582.00;0.00;0.00;582.00;0.00;0.00;0.00;0.00;0.00;0.00;582.00;1067.00;0.00;582.00;0.00;0.00;2336.99;1260.00;1800.00;4902.33;4024.01;3029.34;2050.00;1800.00;318.67;534.67;2982.33;1090.00;1490.00;3109.34;1934.67;1549.33;0.00;4830.00;1360.00;1800.00;0.00;310.00
1772828794.5390527;0.00;0.00;0.00;0.00;0.00;0.00;0.00;0.00;0.00;582.00;0.00;0.00;582.00;0.00;0.00;0.00;0.00;0.00;0.00;582.00;1067.00;0.00;582.00;0.00;0.00;2336.99;1260.00;1800.00;4902.33;4024.01;3029.34;2050.00;1800.00;318.67;534.67;2982.33;1090.00;1490.00;3109.34;1934.67;1549.33;0.00;4830.00;1360.00;1800.00;0.00;310.00
1772828794.591992;0.00;0.00;0.00;0.00;0.00;0.00;0.00;0.00;0.00;582.00;0.00;0.00;582.00;0.00;0.00;0.00;0.00;0.00;0.00;582.00;1164.00;0.00;582.00;0.00;0.00;2336.99;1260.00;1800.00;4902.33;4264.01;3269.34;2290.00;2100.00;318.67;534.67;2982.33;1090.00;1490.00;3109.34;1934.67;1549.33;0.00;4830.00;1360.00;2100.00;0.00;310.00
1772828794.594502;0.00;0.00;0.00;0.00;0.00;0.00;0.00;0.00;0.00;582.00;0.00;0.00;582.00;0.00;0.00;0.00;0.00;0.00;0.00;582.00;1164.00;0.00;582.00;0.00;0.00;2336.99;1260.00;1800.00;4902.33;4264.01;3269.34;2290.00;2100.00;318.67;534.67;2982.33;1090.00;1490.00;3109.34;1934.67;1549.33;0.00;4830.00;1360.00;2100.00;0.00;310.00
1772828813.351042;0.00;0.00;0.00;0.00;97.00;0.00;0.00;0.00;0.00;582.00;0.00;0.00;582.00;0.00;0.00;0.00;0.00;0.00;0.00;582.00;1164.00;0.00;582.00;230.00;0.00;2336.99;1260.00;1800.00;4902.33;4264.01;3269.34;2290.00;2197.00;708.67;614.67;2982.33;1090.00;1490.00;3109.34;1934.67;1549.33;0.00;4830.00;1360.00;2410.00;310.00;460.00
1772828813.3534894;0.00;0.00;0.00;0.00;97.00;0.00;0.00;0.00;0.00;582.00;0.00;0.00;582.00;0.00;0.00;0.00;0.00;0.00;0.00;582.00;1164.00;0.00;582.00;230.00;0.00;2336.99;1260.00;1800.00;4902.33;4264.01;3269.34;2290.00;2197.00;708.67;614.67;2982.33;1090.00;1490.00;3109.34;1934.67;1549.33;0.00;4830.00;1360.00;2410.00;310.00;460.00
1772828813.4054742;0.00;0.00;0.00;0.00;194.00;0.00;0.00;0.00;0.00;582.00;0.00;0.00;582.00;0.00;0.00;0.00;0.00;0.00;0.00;582.00;1164.00;0.00;582.00;460.00;0.00;2336.99;1260.00;1800.00;4902.33;4264.01;3269.34;2290.00;2389.33;1258.67;694.67;2982.33;1314.67;1490.00;3109.34;1934.67;1549.33;0.00;4830.00;1360.00;2570.00;460.00;610.00
1772828813.4080296;0.00;0.00;0.00;0.00;194.00;0.00;0.00;0.00;0.00;582.00;0.00;0.00;582.00;0.00;0.00;0.00;0.00;0.00;0.00;582.00;1164.00;0.00;582.00;460.00;0.00;2336.99;1260.00;1800.00;4902.33;4264.01;3269.34;2290.00;2389.33;1258.67;694.67;2982.33;1314.67;1490.00;3109.34;1934.67;1549.33;0.00;4830.00;1360.00;2570.00;460.00;610.00
1772828813.445379;0.00;0.00;0.00;0.00;291.00;0.00;0.00;0.00;0.00;582.00;0.00;0.00;582.00;0.00;0.00;0.00;0.00;0.00;0.00;582.00;1164.00;0.00;582.00;690.00;0.00;2336.99;1260.00;1800.00;4902.33;4264.01;3269.34;2290.00;2486.33;1808.67;1094.67;2982.33;1314.67;1490.00;3109.34;1934.67;1549.33;0.00;4830.00;1360.00;2954.67;610.00;760.00
1772828813.4467928;0.00;0.00;0.00;0.00;291.00;0.00;0.00;0.00;0.00;582.00;0.00;0.00;582.00;0.00;0.00;0.00;0.00;0.00;0.00;582.00;1164.00;0.00;582.00;690.00;0.00;2336.99;1260.00;1800.00;4902.33;4264.01;3269.34;2290.00;2486.33;1808.67;1094.67;2982.33;1314.67;1490.00;3109.34;1934.67;1549.33;0.00;4830.00;1360.00;2954.67;610.00;760.00
1772828813.4846003;0.00;0.00;0.00;0.00;388.00;0.00;0.00;0.00;0.00;582.00;0.00;0.00;582.00;0.00;0.00;0.00;0.00;0.00;0.00;582.00;1164.00;0.00;582.00;920.00;0.00;2336.99;1260.00;1800.00;4902.33;4574.01;3429.34;2354.67;2518.66;1888.67;1174.67;2982.33;1314.67;1490.00;3259.34;1934.67;1549.33;160.00;4830.00;1360.00;2954.67;610.00;910.00
1772828813.4874146;0.00;0.00;0.00;0.00;388.00;0.00;0.00;0.00;0.00;582.00;0.00;0.00;582.00;0.00;0.00;0.00;0.00;0.00;0.00;582.00;1164.00;0.00;582.00;920.00;0.00;2336.99;1260.00;1800.00;4902.33;4574.01;3429.34;2354.67;2518.66;1888.67;1174.67;2982.33;1314.67;1490.00;3259.34;1934.67;1549.33;160.00;4830.00;1360.00;2954.67;610.00;910.00
1772828813.5341375;0.00;0.00;0.00;0.00;485.00;0.00;0.00;0.00;0.00;582.00;0.00;0.00;582.00;0.00;0.00;0.00;0.00;0.00;0.00;582.00;1164.00;0.00;582.00;1150.00;0.00;2336.99;1260.00;1800.00;4902.33;4884.01;3589.34;2419.34;2550.99;1968.67;1254.67;2982.33;1314.67;1490.00;3409.34;1934.67;1549.33;320.00;4830.00;1360.00;2954.67;610.00;1060.00
1772828813.536667;0.00;0.00;0.00;0.00;485.00;0.00;0.00;0.00;0.00;582.00;0.00;0.00;582.00;0.00;0.00;0.00;0.00;0.00;0.00;582.00;1164.00;0.00;582.00;1150.00;0.00;2336.99;1260.00;1800.00;4902.33;4884.01;3589.34;2419.34;2550.99;1968.67;1254.67;2982.33;1314.67;1490.00;3409.34;1934.67;1549.33;320.00;4830.00;1360.00;2954.67;610.00;1060.00
1772828813.5824206;0.00;0.00;0.00;0.00;582.00;0.00;0.00;0.00;0.00;582.00;0.00;0.00;582.00;0.00;0.00;0.00;0.00;0.00;0.00;582.00;1164.00;0.00;582.00;1690.00;0.00;2336.99;1260.00;1800.00;4902.33;4884.01;3589.34;2419.34;2647.99;2113.34;1399.34;2982.33;1314.67;1490.00;3409.34;1934.67;1549.33;800.00;4830.00;1360.00;2954.67;610.00;1360.00
1772828813.5849533;0.00;0.00;0.00;0.00;582.00;0.00;0.00;0.00;0.00;582.00;0.00;0.00;582.00;0.00;0.00;0.00;0.00;0.00;0.00;582.00;1164.00;0.00;582.00;1690.00;0.00;2336.99;1260.00;1800.00;4902.33;4884.01;3589.34;2419.34;2647.99;2113.34;1399.34;2982.33;1314.67;1490.00;3409.34;1934.67;1549.33;800.00;4830.00;1360.00;2954.67;610.00;1360.00
1772828831.53769;0.00;0.00;97.00;0.00;582.00;0.00;0.00;0.00;0.00;582.00;0.00;0.00;582.00;0.00;0.00;0.00;0.00;0.00;0.00;0.00;1164.00;0.00;0.00;1690.00;0.00;0.00;150.00;160.00;4967.00;4916.34;3219.34;1179.34;0.00;414.67;864.67;2982.33;0.00;160.00;2959.34;150.00;310.00;800.00;2430.00;0.00;0.00;300.00;1050.00
1772828831.539921;0.00;0.00;97.00;0.00;582.00;0.00;0.00;0.00;0.00;582.00;0.00;0.00;582.00;0.00;0.00;0.00;0.00;0.00;0.00;0.00;1164.00;0.00;0.00;1690.00;0.00;0.00;150.00;160.00;4967.00;4916.34;3219.34;1179.34;0.00;414.67;864.67;2982.33;0.00;160.00;2959.34;150.00;310.00;800.00;2430.00;0.00;0.00;300.00;1050.00
1772828831.5964618;0.00;0.00;194.00;0.00;582.00;0.00;0.00;0.00;0.00;582.00;0.00;0.00;582.00;0.00;0.00;0.00;0.00;0.00;0.00;0.00;1164.00;0.00;0.00;1690.00;0.00;0.00;150.00;390.00;4999.33;4981.01;3379.34;1329.34;0.00;414.67;864.67;2982.33;150.00;470.00;2959.34;150.00;470.00;800.00;2580.00;0.00;0.00;300.00;1050.00
1772828831.598771;0.00;0.00;194.00;0.00;582.00;0.00;0.00;0.00;0.00;582.00;0.00;0.00;582.00;0.00;0.00;0.00;0.00;0.00;0.00;0.00;1164.00;0.00;0.00;1690.00;0.00;0.00;150.00;390.00;4999.33;4981.01;3379.34;1329.34;0.00;414.67;864.67;2982.33;150.00;470.00;2959.34;150.00;470.00;800.00;2580.00;0.00;0.00;300.00;1050.00
1772828831.6438484;0.00;0.00;194.00;0.00;582.00;0.00;0.00;0.00;0.00;582.00;0.00;0.00;582.00;0.00;0.00;0.00;0.00;0.00;0.00;0.00;1164.00;0.00;0.00;1690.00;0.00;0.00;150.00;390.00;4999.33;4981.01;3379.34;1329.34;0.00;414.67;864.67;2982.33;150.00;470.00;2959.34;150.00;470.00;800.00;2580.00;0.00;0.00;300.00;1050.00
1772828831.6452463;0.00;0.00;194.00;0.00;582.00;0.00;0.00;0.00;0.00;582.00;0.00;0.00;582.00;0.00;0.00;0.00;0.00;0.00;0.00;0.00;1164.00;0.00;0.00;1690.00;0.00;0.00;150.00;390.00;4999.33;4981.01;3379.34;1329.34;0.00;414.67;864.67;2982.33;150.00;470.00;2959.34;150.00;470.00;800.00;2580.00;0.00;0.00;300.00;1050.00
1772828831.6822207;0.00;0.00;194.00;0.00;582.00;0.00;0.00;0.00;0.00;582.00;0.00;0.00;582.00;0.00;0.00;0.00;0.00;0.00;0.00;0.00;1164.00;0.00;0.00;1690.00;0.00;0.00;150.00;390.00;4999.33;4981.01;3379.34;1329.34;0.00;414.67;864.67;2982.33;150.00;470.00;2959.34;150.00;470.00;800.00;2580.00;0.00;0.00;300.00;1050.00
1772828831.6835647;0.00;0.00;194.00;0.00;582.00;0.00;0.00;0.00;0.00;582.00;0.00;0.00;582.00;0.00;0.00;0.00;0.00;0.00;0.00;0.00;1164.00;0.00;0.00;1690.00;0.00;0.00;150.00;390.00;4999.33;4981.01;3379.34;1329.34;0.00;414.67;864.67;2982.33;150.00;470.00;2959.34;150.00;470.00;800.00;2580.00;0.00;0.00;300.00;1050.00
1772828831.7198725;0.00;0.00;194.00;0.00;582.00;0.00;0.00;0.00;0.00;582.00;0.00;0.00;582.00;0.00;0.00;0.00;0.00;0.00;0.00;0.00;1164.00;0.00;0.00;1690.00;0.00;0.00;150.00;390.00;4999.33;4981.01;3379.34;1329.34;0.00;414.67;864.67;2982.33;150.00;470.00;2959.34;150.00;470.00;800.00;2580.00;0.00;0.00;300.00;1050.00
1772828831.7211568;0.00;0.00;194.00;0.00;582.00;0.00;0.00;0.00;0.00;582.00;0.00;0.00;582.00;0.00;0.00;0.00;0.00;0.00;0.00;0.00;1164.00;0.00;0.00;1690.00;0.00;0.00;150.00;390.00;4999.33;4981.01;3379.34;1329.34;0.00;414.67;864.67;2982.33;150.00;470.00;2959.34;150.00;470.00;800.00;2580.00;0.00;0.00;300.00;1050.00
1772828831.757001;0.00;0.00;194.00;0.00;582.00;0.00;0.00;0.00;0.00;582.00;0.00;0.00;582.00;0.00;0.00;0.00;0.00;0.00;0.00;0.00;1164.00;0.00;0.00;1690.00;0.00;0.00;150.00;390.00;4999.33;4981.01;3379.34;1329.34;0.00;414.67;864.67;2982.33;150.00;470.00;2959.34;150.00;470.00;800.00;2580.00;0.00;0.00;300.00;1050.00
1772828831.7582123;0.00;0.00;194.00;0.00;582.00;0.00;0.00;0.00;0.00;582.00;0.00;0.00;582.00;0.00;0.00;0.00;0.00;0.00;0.00;0.00;1164.00;0.00;0.00;1690.00;0.00;0.00;150.00;390.00;4999.33;4981.01;3379.34;1329.34;0.00;414.67;864.67;2982.33;150.00;470.00;2959.34;150.00;470.00;800.00;2580.00;0.00;0.00;300.00;1050.00
1772828850.455105;0.00;0.00;194.00;0.00;582.00;0.00;0.00;0.00;0.00;0.00;0.00;0.00;679.00;0.00;0.00;0.00;0.00;0.00;0.00;0.00;1164.00;0.00;0.00;1690.00;0.00;300.00;390.00;390.00;0.00;1941.01;3379.34;1329.34;0.00;414.67;864.67;0.00;150.00;470.00;974.67;630.00;470.00;800.00;0.00;300.00;0.00;300.00;1050.00
1772828850.4572015;0.00;0.00;194.00;0.00;582.00;0.00;0.00;0.00;0.00;0.00;0.00;0.00;679.00;0.00;0.00;0.00;0.00;0.00;0.00;0.00;1164.00;0.00;0.00;1690.00;0.00;300.00;390.00;390.00;0.00;1941.01;3379.34;1329.34;0.00;414.67;864.67;0.00;150.00;470.00;974.67;630.00;470.00;800.00;0.00;300.00;0.00;300.00;1050.00
1772828850.525805;0.00;0.00;194.00;0.00;582.00;0.00;0.00;0.00;0.00;0.00;0.00;0.00;776.00;0.00;0.00;0.00;0.00;0.00;0.00;0.00;1164.00;0.00;0.00;1690.00;0.00;450.00;550.00;470.00;230.00;1941.01;3379.34;1329.34;0.00;414.67;864.67;160.00;150.00;470.00;974.67;950.00;470.00;800.00;150.00;450.00;0.00;300.00;1050.00
1772828850.5279713;0.00;0.00;194.00;0.00;582.00;0.00;0.00;0.00;0.00;0.00;0.00;0.00;776.00;0.00;0.00;0.00;0.00;0.00;0.00;0.00;1164.00;0.00;0.00;1690.00;0.00;450.00;550.00;470.00;230.00;1941.01;3379.34;1329.34;0.00;414.67;864.67;160.00;150.00;470.00;974.67;950.00;470.00;800.00;150.00;450.00;0.00;300.00;1050.00
1772828850.595579;0.00;0.00;194.00;0.00;582.00;0.00;0.00;0.00;0.00;0.00;0.00;0.00;873.00;0.00;0.00;0.00;0.00;0.00;0.00;0.00;1164.00;0.00;0.00;1690.00;0.00;760.00;614.67;550.00;460.00;1941.01;3379.34;1329.34;0.00;414.67;864.67;390.00;150.00;470.00;974.67;1100.00;470.00;800.00;300.00;760.00;0.00;300.00;1050.00
1772828850.597794;0.00;0.00;194.00;0.00;582.00;0.00;0.00;0.00;0.00;0.00;0.00;0.00;873.00;0.00;0.00;0.00;0.00;0.00;0.00;0.00;1164.00;0.00;0.00;1690.00;0.00;760.00;614.67;550.00;460.00;1941.01;3379.34;1329.34;0.00;414.67;864.67;390.00;150.00;470.00;974.67;1100.00;470.00;800.00;300.00;760.00;0.00;300.00;1050.00
1772828850.663729;0.00;0.00;194.00;0.00;582.00;0.00;0.00;0.00;0.00;0.00;0.00;0.00;970.00;0.00;0.00;0.00;0.00;0.00;0.00;0.00;1164.00;0.00;0.00;1690.00;0.00;760.00;727.00;860.00;770.00;1941.01;3379.34;1329.34;0.00;414.67;864.67;710.00;150.00;470.00;974.67;1100.00;630.00;800.00;600.00;760.00;0.00;300.00;1050.00
1772828850.6659687;0.00;0.00;194.00;0.00;582.00;0.00;0.00;0.00;0.00;0.00;0.00;0.00;970.00;0.00;0.00;0.00;0.00;0.00;0.00;0.00;1164.00;0.00;0.00;1690.00;0.00;760.00;727.00;860.00;770.00;1941.01;3379.34;1329.34;0.00;414.67;864.67;710.00;150.00;470.00;974.67;1100.00;630.00;800.00;600.00;760.00;0.00;300.00;1050.00
1772828850.7309349;0.00;0.00;194.00;0.00;582.00;0.00;0.00;0.00;0.00;0.00;0.00;0.00;1067.00;0.00;0.00;0.00;0.00;0.00;0.00;0.00;1164.00;0.00;0.00;1690.00;0.00;760.00;727.00;1100.00;1160.00;2171.01;3379.34;1329.34;0.00;414.67;864.67;1170.00;150.00;470.00;1204.67;1100.00;1014.67;800.00;750.00;760.00;0.00;300.00;1050.00
1772828850.7332158;0.00;0.00;194.00;0.00;582.00;0.00;0.00;0.00;0.00;0.00;0.00;0.00;1067.00;0.00;0.00;0.00;0.00;0.00;0.00;0.00;1164.00;0.00;0.00;1690.00;0.00;760.00;727.00;1100.00;1160.00;2171.01;3379.34;1329.34;0.00;414.67;864.67;1170.00;150.00;470.00;1204.67;1100.00;1014.67;800.00;750.00;760.00;0.00;300.00;1050.00
1772828850.813546;0.00;0.00;194.00;0.00;582.00;0.00;0.00;0.00;0.00;0.00;0.00;0.00;1164.00;0.00;0.00;0.00;0.00;0.00;0.00;0.00;1164.00;0.00;0.00;1690.00;0.00;1230.00;791.67;1132.33;1390.00;2401.01;3379.34;1329.34;0.00;414.67;864.67;1170.00;150.00;470.00;1364.67;1324.67;1014.67;800.00;900.00;910.00;0.00;300.00;1050.00
1772828850.8166401;0.00;0.00;194.00;0.00;582.00;0.00;0.00;0.00;0.00;0.00;0.00;0.00;1164.00;0.00;0.00;0.00;0.00;0.00;0.00;0.00;1164.00;0.00;0.00;1690.00;0.00;1230.00;791.67;1132.33;1390.00;2401.01;3379.34;1329.34;0.00;414.67;864.67;1170.00;150.00;470.00;1364.67;1324.67;1014.67;800.00;900.00;910.00;0.00;300.00;1050.00
1772828871.4841874;0.00;0.00;194.00;0.00;582.00;0.00;0.00;0.00;0.00;0.00;0.00;0.00;582.00;0.00;0.00;0.00;0.00;0.00;0.00;0.00;1164.00;97.00;0.00;1690.00;0.00;630.00;391.67;0.00;0.00;2401.01;3379.34;1329.34;540.00;654.67;864.67;0.00;700.00;470.00;1364.67;1004.67;85.34;800.00;0.00;310.00;300.00;460.00;1050.00
1772828871.4865122;0.00;0.00;194.00;0.00;582.00;0.00;0.00;0.00;0.00;0.00;0.00;0.00;582.00;0.00;0.00;0.00;0.00;0.00;0.00;0.00;1164.00;97.00;0.00;1690.00;0.00;630.00;391.67;0.00;0.00;2401.01;3379.34;1329.34;540.00;654.67;864.67;0.00;700.00;470.00;1364.67;1004.67;85.34;800.00;0.00;310.00;300.00;460.00;1050.00
1772828871.5550966;0.00;0.00;194.00;0.00;582.00;0.00;0.00;0.00;0.00;0.00;0.00;0.00;582.00;0.00;0.00;0.00;0.00;0.00;0.00;0.00;1164.00;194.00;0.00;1690.00;0.00;630.00;391.67;0.00;0.00;2401.01;3379.34;1329.34;1080.00;894.67;864.67;0.00;1180.00;470.00;1364.67;1004.67;85.34;800.00;0.00;310.00;600.00;460.00;1050.00
1772828871.5572128;0.00;0.00;194.00;0.00;582.00;0.00;0.00;0.00;0.00;0.00;0.00;0.00;582.00;0.00;0.00;0.00;0.00;0.00;0.00;0.00;1164.00;194.00;0.00;1690.00;0.00;630.00;391.67;0.00;0.00;2401.01;3379.34;1329.34;1080.00;894.67;864.67;0.00;1180.00;470.00;1364.67;1004.67;85.34;800.00;0.00;310.00;600.00;460.00;1050.00
1772828871.745439;0.00;0.00;194.00;0.00;582.00;0.00;0.00;0.00;0.00;0.00;0.00;0.00;582.00;0.00;0.00;0.00;0.00;0.00;0.00;0.00;1164.00;291.00;0.00;1690.00;0.00;630.00;391.67;0.00;0.00;2401.01;3379.34;1329.34;1310.00;1199.34;1174.67;0.00;1340.00;470.00;1364.67;1004.67;85.34;800.00;0.00;310.00;974.67;610.00;1360.00
1772828871.7476904;0.00;0.00;194.00;0.00;582.00;0.00;0.00;0.00;0.00;0.00;0.00;0.00;582.00;0.00;0.00;0.00;0.00;0.00;0.00;0.00;1164.00;291.00;0.00;1690.00;0.00;630.00;391.67;0.00;0.00;2401.01;3379.34;1329.34;1310.00;1199.34;1174.67;0.00;1340.00;470.00;1364.67;1004.67;85.34;800.00;0.00;310.00;974.67;610.00;1360.00
1772828871.8143916;0.00;0.00;194.00;0.00;582.00;0.00;0.00;0.00;0.00;0.00;0.00;0.00;582.00;0.00;0.00;0.00;0.00;0.00;0.00;0.00;1164.00;388.00;0.00;1690.00;0.00;630.00;391.67;0.00;0.00;2401.01;3379.34;1639.34;1604.67;1344.01;1174.67;0.00;1650.00;780.00;1364.67;1004.67;85.34;800.00;0.00;310.00;1124.67;610.00;1360.00
1772828871.8166132;0.00;0.00;194.00;0.00;582.00;0.00;0.00;0.00;0.00;0.00;0.00;0.00;582.00;0.00;0.00;0.00;0.00;0.00;0.00;0.00;1164.00;388.00;0.00;1690.00;0.00;630.00;391.67;0.00;0.00;2401.01;3379.34;1639.34;1604.67;1344.01;1174.67;0.00;1650.00;780.00;1364.67;1004.67;85.34;800.00;0.00;310.00;1124.67;610.00;1360.00
1772828871.8822694;0.00;0.00;194.00;0.00;582.00;0.00;0.00;0.00;0.00;0.00;0.00;0.00;582.00;0.00;0.00;0.00;0.00;0.00;0.00;0.00;1164.00;485.00;0.00;1690.00;0.00;630.00;391.67;0.00;0.00;2401.01;3379.34;1639.34;2144.67;1584.01;1511.67;0.00;1970.00;780.00;1364.67;1004.67;85.34;800.00;0.00;310.00;1424.67;610.00;1520.00
1772828871.8845162;0.00;0.00;194.00;0.00;582.00;0.00;0.00;0.00;0.00;0.00;0.00;0.00;582.00;0.00;0.00;0.00;0.00;0.00;0.00;0.00;1164.00;485.00;0.00;1690.00;0.00;630.00;391.67;0.00;0.00;2401.01;3379.34;1639.34;2144.67;1584.01;1511.67;0.00;1970.00;780.00;1364.67;1004.67;85.34;800.00;0.00;310.00;1424.67;610.00;1520.00
1772828871.9474;0.00;0.00;194.00;0.00;582.00;0.00;0.00;0.00;0.00;0.00;0.00;0.00;582.00;0.00;0.00;0.00;0.00;0.00;0.00;0.00;1164.00;582.00;0.00;2230.00;0.00;630.00;391.67;0.00;0.00;2401.01;3379.34;1639.34;2144.67;1584.01;1608.67;0.00;1970.00;780.00;1364.67;1004.67;85.34;1280.00;0.00;310.00;1424.67;610.00;1820.00
1772828871.949719;0.00;0.00;194.00;0.00;582.00;0.00;0.00;0.00;0.00;0.00;0.00;0.00;582.00;0.00;0.00;0.00;0.00;0.00;0.00;0.00;1164.00;582.00;0.00;2230.00;0.00;630.00;391.67;0.00;0.00;2401.01;3379.34;1639.34;2144.67;1584.01;1608.67;0.00;1970.00;780.00;1364.67;1004.67;85.34;1280.00;0.00;310.00;1424.67;610.00;1820.00
1772828890.4988089;0.00;0.00;194.00;0.00;582.00;0.00;0.00;0.00;0.00;0.00;0.00;0.00;679.00;0.00;0.00;0.00;0.00;0.00;0.00;0.00;1164.00;582.00;0.00;2230.00;0.00;930.00;631.67;0.00;0.00;2401.01;3379.34;1639.34;2144.67;1584.01;1608.67;0.00;1970.00;780.00;1364.67;1004.67;470.01;1280.00;0.00;610.00;1424.67;610.00;1820.00
1772828890.5012658;0.00;0.00;194.00;0.00;582.00;0.00;0.00;0.00;0.00;0.00;0.00;0.00;679.00;0.00;0.00;0.00;0.00;0.00;0.00;0.00;1164.00;582.00;0.00;2230.00;0.00;930.00;631.67;0.00;0.00;2401.01;3379.34;1639.34;2144.67;1584.01;1608.67;0.00;1970.00;780.00;1364.67;1004.67;470.01;1280.00;0.00;610.00;1424.67;610.00;1820.00
1772828890.5613465;0.00;0.00;194.00;0.00;582.00;0.00;0.00;0.00;0.00;0.00;0.00;0.00;776.00;0.00;0.00;0.00;0.00;0.00;0.00;0.00;1164.00;582.00;0.00;2230.00;0.00;930.00;631.67;240.00;380.00;2401.01;3379.34;1639.34;2144.67;1584.01;1608.67;310.00;1970.00;780.00;1364.67;1004.67;470.01;1280.00;460.00;610.00;1424.67;610.00;1820.00
1772828890.5637019;0.00;0.00;194.00;0.00;582.00;0.00;0.00;0.00;0.00;0.00;0.00;0.00;776.00;0.00;0.00;0.00;0.00;0.00;0.00;0.00;1164.00;582.00;0.00;2230.00;0.00;930.00;631.67;240.00;380.00;2401.01;3379.34;1639.34;2144.67;1584.01;1608.67;310.00;1970.00;780.00;1364.67;1004.67;470.01;1280.00;460.00;610.00;1424.67;610.00;1820.00
1772828890.6231492;0.00;0.00;194.00;0.00;582.00;0.00;0.00;0.00;0.00;0.00;0.00;0.00;873.00;0.00;0.00;0.00;0.00;0.00;0.00;0.00;1164.00;582.00;0.00;2230.00;0.00;1080.00;781.67;630.00;530.00;2401.01;3379.34;1639.34;2144.67;1584.01;1608.67;460.00;1970.00;780.00;1364.67;1004.67;470.01;1280.00;930.00;760.00;1424.67;610.00;1820.00
1772828890.6256495;0.00;0.00;194.00;0.00;582.00;0.00;0.00;0.00;0.00;0.00;0.00;0.00;873.00;0.00;0.00;0.00;0.00;0.00;0.00;0.00;1164.00;582.00;0.00;2230.00;0.00;1080.00;781.67;630.00;530.00;2401.01;3379.34;1639.34;2144.67;1584.01;1608.67;460.00;1970.00;780.00;1364.67;1004.67;470.01;1280.00;930.00;760.00;1424.67;610.00;1820.00
1772828890.6847255;0.00;0.00;194.00;0.00;582.00;0.00;0.00;0.00;0.00;0.00;0.00;0.00;970.00;0.00;0.00;0.00;0.00;0.00;0.00;0.00;1164.00;582.00;0.00;2230.00;0.00;1230.00;931.67;1020.00;840.00;2401.01;3379.34;1639.34;2144.67;1584.01;1608.67;780.00;1970.00;780.00;1364.67;1004.67;470.01;1280.00;1240.00;910.00;1424.67;610.00;1820.00
1772828890.6873355;0.00;0.00;194.00;0.00;582.00;0.00;0.00;0.00;0.00;0.00;0.00;0.00;970.00;0.00;0.00;0.00;0.00;0.00;0.00;0.00;1164.00;582.00;0.00;2230.00;0.00;1230.00;931.67;1020.00;840.00;2401.01;3379.34;1639.34;2144.67;1584.01;1608.67;780.00;1970.00;780.00;1364.67;1004.67;470.01;1280.00;1240.00;910.00;1424.67;610.00;1820.00
1772828890.7464888;0.00;0.00;194.00;0.00;582.00;0.00;0.00;0.00;0.00;0.00;0.00;0.00;1067.00;0.00;0.00;0.00;0.00;0.00;0.00;0.00;1164.00;582.00;0.00;2230.00;0.00;1380.00;1081.67;1410.00;1150.00;2401.01;3379.34;1639.34;2144.67;1584.01;1608.67;1100.00;1970.00;780.00;1364.67;1004.67;470.01;1280.00;1550.00;1060.00;1424.67;610.00;1820.00
1772828890.7491398;0.00;0.00;194.00;0.00;582.00;0.00;0.00;0.00;0.00;0.00;0.00;0.00;1067.00;0.00;0.00;0.00;0.00;0.00;0.00;0.00;1164.00;582.00;0.00;2230.00;0.00;1380.00;1081.67;1410.00;1150.00;2401.01;3379.34;1639.34;2144.67;1584.01;1608.67;1100.00;1970.00;780.00;1364.67;1004.67;470.01;1280.00;1550.00;1060.00;1424.67;610.00;1820.00
1772828890.8154624;0.00;0.00;194.00;0.00;582.00;0.00;0.00;0.00;0.00;0.00;0.00;0.00;1164.00;0.00;0.00;0.00;0.00;0.00;0.00;0.00;1164.00;582.00;0.00;2230.00;0.00;2000.00;1391.67;1640.00;1150.00;2401.01;3379.34;1639.34;2144.67;1584.01;1608.67;1100.00;1970.00;780.00;1364.67;1004.67;470.01;1280.00;1710.00;1360.00;1424.67;610.00;1820.00
1772828890.8189209;0.00;0.00;194.00;0.00;582.00;0.00;0.00;0.00;0.00;0.00;0.00;0.00;1164.00;0.00;0.00;0.00;0.00;0.00;0.00;0.00;1164.00;582.00;0.00;2230.00;0.00;2000.00;1391.67;1640.00;1150.00;2401.01;3379.34;1639.34;2144.67;1584.01;1608.67;1100.00;1970.00;780.00;1364.67;1004.67;470.01;1280.00;1710.00;1360.00;1424.67;610.00;1820.00
1772828910.6368353;0.00;0.00;194.00;0.00;582.00;0.00;0.00;0.00;0.00;0.00;0.00;0.00;1164.00;0.00;0.00;0.00;0.00;0.00;0.00;97.00;582.00;582.00;0.00;2230.00;0.00;2000.00;1631.67;1880.00;540.00;0.00;0.00;0.00;794.67;1584.01;1608.67;987.67;0.00;0.00;0.00;1004.67;470.01;1280.00;660.00;1360.00;74.67;610.00;1820.00
1772828910.6380694;0.00;0.00;194.00;0.00;582.00;0.00;0.00;0.00;0.00;0.00;0.00;0.00;1164.00;0.00;0.00;0.00;0.00;0.00;0.00;97.00;582.00;582.00;0.00;2230.00;0.00;2000.00;1631.67;1880.00;540.00;0.00;0.00;0.00;794.67;1584.01;1608.67;987.67;0.00;0.00;0.00;1004.67;470.01;1280.00;660.00;1360.00;74.67;610.00;1820.00
1772828910.6734254;0.00;0.00;194.00;0.00;582.00;0.00;0.00;0.00;0.00;0.00;0.00;0.00;1164.00;0.00;0.00;0.00;0.00;0.00;0.00;194.00;582.00;582.00;0.00;2230.00;0.00;2150.00;2021.67;2270.00;850.00;0.00;0.00;0.00;794.67;1584.01;1608.67;987.67;0.00;0.00;0.00;1004.67;470.01;1280.00;970.00;1510.00;74.67;610.00;1820.00
1772828910.6746557;0.00;0.00;194.00;0.00;582.00;0.00;0.00;0.00;0.00;0.00;0.00;0.00;1164.00;0.00;0.00;0.00;0.00;0.00;0.00;194.00;582.00;582.00;0.00;2230.00;0.00;2150.00;2021.67;2270.00;850.00;0.00;0.00;0.00;794.67;1584.01;1608.67;987.67;0.00;0.00;0.00;1004.67;470.01;1280.00;970.00;1510.00;74.67;610.00;1820.00
1772828910.7092178;0.00;0.00;194.00;0.00;582.00;0.00;0.00;0.00;0.00;0.00;0.00;0.00;1164.00;0.00;0.00;0.00;0.00;0.00;0.00;291.00;582.00;582.00;0.00;2230.00;0.00;2150.00;2166.34;2414.67;1240.00;540.00;0.00;0.00;794.67;1584.01;1608.67;1137.67;0.00;0.00;310.00;1164.67;470.01;1280.00;1120.00;1510.00;74.67;610.00;1820.00
1772828910.710513;0.00;0.00;194.00;0.00;582.00;0.00;0.00;0.00;0.00;0.00;0.00;0.00;1164.00;0.00;0.00;0.00;0.00;0.00;0.00;291.00;582.00;582.00;0.00;2230.00;0.00;2150.00;2166.34;2414.67;1240.00;540.00;0.00;0.00;794.67;1584.01;1608.67;1137.67;0.00;0.00;310.00;1164.67;470.01;1280.00;1120.00;1510.00;74.67;610.00;1820.00
1772828910.744891;0.00;0.00;194.00;0.00;582.00;0.00;0.00;0.00;0.00;0.00;0.00;0.00;1164.00;0.00;0.00;0.00;0.00;0.00;0.00;388.00;582.00;582.00;0.00;2230.00;0.00;2150.00;2263.34;2511.67;1534.67;1080.00;0.00;0.00;794.67;1584.01;1608.67;1287.67;0.00;0.00;780.00;1164.67;470.01;1280.00;1270.00;1510.00;74.67;610.00;1820.00
1772828910.7462053;0.00;0.00;194.00;0.00;582.00;0.00;0.00;0.00;0.00;0.00;0.00;0.00;1164.00;0.00;0.00;0.00;0.00;0.00;0.00;388.00;582.00;582.00;0.00;2230.00;0.00;2150.00;2263.34;2511.67;1534.67;1080.00;0.00;0.00;794.67;1584.01;1608.67;1287.67;0.00;0.00;780.00;1164.67;470.01;1280.00;1270.00;1510.00;74.67;610.00;1820.00
1772828910.7806478;0.00;0.00;194.00;0.00;582.00;0.00;0.00;0.00;0.00;0.00;0.00;0.00;1164.00;0.00;0.00;0.00;0.00;0.00;0.00;485.00;582.00;582.00;0.00;2230.00;0.00;2150.00;2360.34;2608.67;1829.34;1620.00;0.00;0.00;794.67;1584.01;1608.67;1437.67;0.00;0.00;1250.00;1164.67;470.01;1280.00;1420.00;1510.00;74.67;610.00;1820.00
1772828910.7819812;0.00;0.00;194.00;0.00;582.00;0.00;0.00;0.00;0.00;0.00;0.00;0.00;1164.00;0.00;0.00;0.00;0.00;0.00;0.00;485.00;582.00;582.00;0.00;2230.00;0.00;2150.00;2360.34;2608.67;1829.34;1620.00;0.00;0.00;794.67;1584.01;1608.67;1437.67;0.00;0.00;1250.00;1164.67;470.01;1280.00;1420.00;1510.00;74.67;610.00;1820.00
1772828910.817381;0.00;0.00;194.00;0.00;582.00;0.00;0.00;0.00;0.00;0.00;0.00;0.00;1164.00;0.00;0.00;0.00;0.00;0.00;0.00;582.00;582.00;582.00;0.00;2230.00;0.00;2150.00;2457.34;2705.67;2076.34;2160.00;0.00;0.00;794.67;1584.01;1608.67;1587.67;0.00;0.00;1720.00;1164.67;470.01;1280.00;1570.00;1510.00;74.67;610.00;1820.00
1772828910.8187602;0.00;0.00;194.00;0.00;582.00;0.00;0.00;0.00;0.00;0.00;0.00;0.00;1164.00;0.00;0.00;0.00;0.00;0.00;0.00;582.00;582.00;582.00;0.00;2230.00;0.00;2150.00;2457.34;2705.67;2076.34;2160.00;0.00;0.00;794.67;1584.01;1608.67;1587.67;0.00;0.00;1720.00;1164.67;470.01;1280.00;1570.00;1510.00;74.67;610.00;1820.00
1772828930.554302;0.00;0.00;0.00;0.00;0.00;0.00;0.00;0.00;0.00;0.00;0.00;0.00;1164.00;0.00;0.00;0.00;97.00;0.00;0.00;582.00;0.00;582.00;0.00;0.00;0.00;2150.00;2457.34;2705.67;1979.34;0.00;0.00;0.00;0.00;0.00;0.00;1587.67;0.00;0.00;820.00;1164.67;470.01;0.00;1570.00;1510.00;0.00;0.00;0.00
1772828930.5562792;0.00;0.00;0.00;0.00;0.00;0.00;0.00;0.00;0.00;0.00;0.00;0.00;1164.00;0.00;0.00;0.00;97.00;0.00;0.00;582.00;0.00;582.00;0.00;0.00;0.00;2150.00;2457.34;2705.67;1979.34;0.00;0.00;0.00;0.00;0.00;0.00;1587.67;0.00;0.00;820.00;1164.67;470.01;0.00;1570.00;1510.00;0.00;0.00;0.00
1772828930.619151;0.00;0.00;0.00;0.00;0.00;0.00;0.00;0.00;0.00;0.00;0.00;0.00;1164.00;0.00;0.00;0.00;194.00;0.00;0.00;582.00;0.00;582.00;0.00;0.00;0.00;2150.00;2457.34;2705.67;2376.34;550.00;0.00;0.00;0.00;0.00;0.00;1812.34;0.00;0.00;980.00;1164.67;470.01;0.00;1870.00;1510.00;0.00;0.00;0.00
1772828930.6211925;0.00;0.00;0.00;0.00;0.00;0.00;0.00;0.00;0.00;0.00;0.00;0.00;1164.00;0.00;0.00;0.00;194.00;0.00;0.00;582.00;0.00;582.00;0.00;0.00;0.00;2150.00;2457.34;2705.67;2376.34;550.00;0.00;0.00;0.00;0.00;0.00;1812.34;0.00;0.00;980.00;1164.67;470.01;0.00;1870.00;1510.00;0.00;0.00;0.00
1772828930.6843297;0.00;0.00;0.00;0.00;0.00;0.00;0.00;0.00;0.00;0.00;0.00;0.00;1164.00;0.00;0.00;0.00;291.00;0.00;0.00;582.00;0.00;582.00;0.00;0.00;0.00;2150.00;2457.34;2705.67;2473.34;790.00;240.00;300.00;0.00;0.00;0.00;1972.34;300.00;540.00;980.00;1164.67;470.01;0.00;1870.00;1510.00;0.00;0.00;0.00
1772828930.6864245;0.00;0.00;0.00;0.00;0.00;0.00;0.00;0.00;0.00;0.00;0.00;0.00;1164.00;0.00;0.00;0.00;291.00;0.00;0.00;582.00;0.00;582.00;0.00;0.00;0.00;2150.00;2457.34;2705.67;2473.34;790.00;240.00;300.00;0.00;0.00;0.00;1972.34;300.00;540.00;980.00;1164.67;470.01;0.00;1870.00;1510.00;0.00;0.00;0.00
1772828930.7396271;0.00;0.00;0.00;0.00;0.00;0.00;0.00;0.00;0.00;0.00;0.00;0.00;1164.00;0.00;0.00;0.00;388.00;0.00;0.00;582.00;0.00;582.00;0.00;0.00;0.00;2150.00;2457.34;2705.67;2570.34;982.33;630.00;450.00;0.00;0.00;0.00;1972.34;450.00;1010.00;1130.00;1164.67;470.01;0.00;1870.00;1510.00;0.00;0.00;0.00
1772828930.7407632;0.00;0.00;0.00;0.00;0.00;0.00;0.00;0.00;0.00;0.00;0.00;0.00;1164.00;0.00;0.00;0.00;388.00;0.00;0.00;582.00;0.00;582.00;0.00;0.00;0.00;2150.00;2457.34;2705.67;2570.34;982.33;630.00;450.00;0.00;0.00;0.00;1972.34;450.00;1010.00;1130.00;1164.67;470.01;0.00;1870.00;1510.00;0.00;0.00;0.00
1772828930.8452575;0.00;0.00;0.00;0.00;0.00;0.00;0.00;0.00;0.00;0.00;0.00;0.00;1164.00;0.00;0.00;0.00;485.00;0.00;0.00;582.00;0.00;582.00;0.00;0.00;0.00;2150.00;2457.34;2705.67;2667.34;1174.66;1020.00;600.00;0.00;0.00;0.00;1972.34;600.00;1480.00;1280.00;1164.67;470.01;0.00;1870.00;1510.00;0.00;0.00;0.00
1772828930.8464305;0.00;0.00;0.00;0.00;0.00;0.00;0.00;0.00;0.00;0.00;0.00;0.00;1164.00;0.00;0.00;0.00;485.00;0.00;0.00;582.00;0.00;582.00;0.00;0.00;0.00;2150.00;2457.34;2705.67;2667.34;1174.66;1020.00;600.00;0.00;0.00;0.00;1972.34;600.00;1480.00;1280.00;1164.67;470.01;0.00;1870.00;1510.00;0.00;0.00;0.00
1772828930.8956137;0.00;0.00;0.00;0.00;0.00;0.00;0.00;0.00;0.00;0.00;0.00;0.00;1164.00;0.00;0.00;0.00;582.00;0.00;0.00;582.00;0.00;582.00;0.00;0.00;0.00;2150.00;2457.34;2705.67;2764.34;1366.99;1410.00;750.00;0.00;0.00;0.00;1972.34;750.00;1950.00;1430.00;1164.67;470.01;0.00;1870.00;1510.00;0.00;0.00;0.00
1772828930.8972452;0.00;0.00;0.00;0.00;0.00;0.00;0.00;0.00;0.00;0.00;0.00;0.00;1164.00;0.00;0.00;0.00;582.00;0.00;0.00;582.00;0.00;582.00;0.00;0.00;0.00;2150.00;2457.34;2705.67;2764.34;1366.99;1410.00;750.00;0.00;0.00;0.00;1972.34;750.00;1950.00;1430.00;1164.67;470.01;0.00;1870.00;1510.00;0.00;0.00;0.00
1772828959.6084208;0.00;0.00;0.00;0.00;97.00;0.00;0.00;0.00;0.00;0.00;0.00;0.00;970.00;0.00;0.00;0.00;582.00;0.00;0.00;582.00;0.00;582.00;0.00;0.00;0.00;0.00;1897.34;1905.67;1694.34;1366.99;1410.00;750.00;422.33;150.00;0.00;1572.34;910.00;1950.00;1430.00;204.67;470.01;0.00;970.00;0.00;470.00;150.00;0.00
1772828959.61059;0.00;0.00;0.00;0.00;97.00;0.00;0.00;0.00;0.00;0.00;0.00;0.00;970.00;0.00;0.00;0.00;582.00;0.00;0.00;582.00;0.00;582.00;0.00;0.00;0.00;0.00;1897.34;1905.67;1694.34;1366.99;1410.00;750.00;422.33;150.00;0.00;1572.34;910.00;1950.00;1430.00;204.67;470.01;0.00;970.00;0.00;470.00;150.00;0.00
1772828959.676806;0.00;0.00;0.00;0.00;194.00;0.00;0.00;0.00;0.00;0.00;0.00;0.00;970.00;0.00;0.00;0.00;582.00;0.00;0.00;582.00;0.00;582.00;0.00;0.00;0.00;0.00;1897.34;1905.67;1694.34;1366.99;1410.00;750.00;749.33;460.00;0.00;1572.34;1070.00;1950.00;1430.00;204.67;470.01;0.00;970.00;0.00;770.00;460.00;0.00
1772828959.679014;0.00;0.00;0.00;0.00;194.00;0.00;0.00;0.00;0.00;0.00;0.00;0.00;970.00;0.00;0.00;0.00;582.00;0.00;0.00;582.00;0.00;582.00;0.00;0.00;0.00;0.00;1897.34;1905.67;1694.34;1366.99;1410.00;750.00;749.33;460.00;0.00;1572.34;1070.00;1950.00;1430.00;204.67;470.01;0.00;970.00;0.00;770.00;460.00;0.00
1772828959.7432935;0.00;0.00;0.00;0.00;291.00;0.00;0.00;0.00;0.00;0.00;0.00;0.00;970.00;0.00;0.00;0.00;582.00;0.00;0.00;582.00;0.00;582.00;0.00;0.00;0.00;0.00;1897.34;1905.67;1694.34;1366.99;1410.00;750.00;1171.66;930.00;0.00;1572.34;1230.00;1950.00;1430.00;204.67;470.01;0.00;970.00;0.00;920.00;610.00;0.00
1772828959.745563;0.00;0.00;0.00;0.00;291.00;0.00;0.00;0.00;0.00;0.00;0.00;0.00;970.00;0.00;0.00;0.00;582.00;0.00;0.00;582.00;0.00;582.00;0.00;0.00;0.00;0.00;1897.34;1905.67;1694.34;1366.99;1410.00;750.00;1171.66;930.00;0.00;1572.34;1230.00;1950.00;1430.00;204.67;470.01;0.00;970.00;0.00;920.00;610.00;0.00
1772828959.8079114;0.00;0.00;0.00;0.00;388.00;0.00;0.00;0.00;0.00;0.00;0.00;0.00;970.00;0.00;0.00;0.00;582.00;0.00;0.00;582.00;0.00;582.00;0.00;0.00;0.00;0.00;1897.34;1905.67;1694.34;1366.99;1410.00;750.00;1808.66;930.00;0.00;1572.34;1710.00;1950.00;1430.00;204.67;470.01;0.00;970.00;0.00;1220.00;610.00;0.00
1772828959.8103206;0.00;0.00;0.00;0.00;388.00;0.00;0.00;0.00;0.00;0.00;0.00;0.00;970.00;0.00;0.00;0.00;582.00;0.00;0.00;582.00;0.00;582.00;0.00;0.00;0.00;0.00;1897.34;1905.67;1694.34;1366.99;1410.00;750.00;1808.66;930.00;0.00;1572.34;1710.00;1950.00;1430.00;204.67;470.01;0.00;970.00;0.00;1220.00;610.00;0.00
1772828959.874675;0.00;0.00;0.00;0.00;485.00;0.00;0.00;0.00;0.00;0.00;0.00;0.00;970.00;0.00;0.00;0.00;582.00;0.00;0.00;582.00;0.00;582.00;0.00;0.00;0.00;0.00;1897.34;1905.67;1694.34;1366.99;1710.00;990.00;1808.66;930.00;0.00;1572.34;2047.00;1950.00;1730.00;204.67;470.01;0.00;970.00;0.00;1220.00;610.00;0.00
1772828959.8770323;0.00;0.00;0.00;0.00;485.00;0.00;0.00;0.00;0.00;0.00;0.00;0.00;970.00;0.00;0.00;0.00;582.00;0.00;0.00;582.00;0.00;582.00;0.00;0.00;0.00;0.00;1897.34;1905.67;1694.34;1366.99;1710.00;990.00;1808.66;930.00;0.00;1572.34;2047.00;1950.00;1730.00;204.67;470.01;0.00;970.00;0.00;1220.00;610.00;0.00
1772828959.9403765;0.00;0.00;0.00;0.00;582.00;0.00;0.00;0.00;0.00;0.00;0.00;0.00;970.00;0.00;0.00;0.00;582.00;0.00;0.00;582.00;0.00;582.00;0.00;0.00;0.00;0.00;1897.34;1905.67;1844.34;1526.99;2020.00;1230.00;1808.66;930.00;0.00;1572.34;2159.33;1950.00;1880.00;204.67;470.01;0.00;1120.00;0.00;1220.00;610.00;0.00
1772828959.942865;0.00;0.00;0.00;0.00;582.00;0.00;0.00;0.00;0.00;0.00;0.00;0.00;970.00;0.00;0.00;0.00;582.00;0.00;0.00;582.00;0.00;582.00;0.00;0.00;0.00;0.00;1897.34;1905.67;1844.34;1526.99;2020.00;1230.00;1808.66;930.00;0.00;1572.34;2159.33;1950.00;1880.00;204.67;470.01;0.00;1120.00;0.00;1220.00;610.00;0.00
1772828971.658431;0.00;0.00;0.00;0.00;582.00;0.00;0.00;0.00;97.00;0.00;0.00;0.00;582.00;0.00;0.00;0.00;582.00;0.00;0.00;582.00;0.00;582.00;0.00;0.00;0.00;0.00;1495.67;363.34;300.00;1006.99;2020.00;1230.00;1808.66;930.00;0.00;550.00;2159.33;1950.00;1490.00;0.00;0.00;0.00;300.00;0.00;1220.00;610.00;0.00
1772828971.6607957;0.00;0.00;0.00;0.00;582.00;0.00;0.00;0.00;97.00;0.00;0.00;0.00;582.00;0.00;0.00;0.00;582.00;0.00;0.00;582.00;0.00;582.00;0.00;0.00;0.00;0.00;1495.67;363.34;300.00;1006.99;2020.00;1230.00;1808.66;930.00;0.00;550.00;2159.33;1950.00;1490.00;0.00;0.00;0.00;300.00;0.00;1220.00;610.00;0.00
1772828971.846018;0.00;0.00;0.00;0.00;582.00;0.00;0.00;0.00;194.00;0.00;0.00;0.00;582.00;0.00;0.00;0.00;582.00;0.00;0.00;582.00;0.00;582.00;0.00;0.00;0.00;0.00;1495.67;363.34;600.00;1246.99;2020.00;1230.00;1808.66;930.00;0.00;1030.00;2159.33;1950.00;1490.00;0.00;0.00;0.00;600.00;0.00;1220.00;610.00;0.00
1772828971.8483675;0.00;0.00;0.00;0.00;582.00;0.00;0.00;0.00;194.00;0.00;0.00;0.00;582.00;0.00;0.00;0.00;582.00;0.00;0.00;582.00;0.00;582.00;0.00;0.00;0.00;0.00;1495.67;363.34;600.00;1246.99;2020.00;1230.00;1808.66;930.00;0.00;1030.00;2159.33;1950.00;1490.00;0.00;0.00;0.00;600.00;0.00;1220.00;610.00;0.00
1772828971.9113166;0.00;0.00;0.00;0.00;582.00;0.00;0.00;0.00;291.00;0.00;0.00;0.00;582.00;0.00;0.00;0.00;582.00;0.00;0.00;582.00;0.00;582.00;0.00;0.00;0.00;0.00;1495.67;363.34;1070.00;1669.32;2020.00;1230.00;1808.66;930.00;0.00;1180.00;2159.33;1950.00;1720.00;0.00;0.00;0.00;750.00;0.00;1220.00;610.00;0.00
1772828971.9136574;0.00;0.00;0.00;0.00;582.00;0.00;0.00;0.00;291.00;0.00;0.00;0.00;582.00;0.00;0.00;0.00;582.00;0.00;0.00;582.00;0.00;582.00;0.00;0.00;0.00;0.00;1495.67;363.34;1070.00;1669.32;2020.00;1230.00;1808.66;930.00;0.00;1180.00;2159.33;1950.00;1720.00;0.00;0.00;0.00;750.00;0.00;1220.00;610.00;0.00
1772828971.9757636;0.00;0.00;0.00;0.00;582.00;0.00;0.00;0.00;388.00;0.00;0.00;0.00;582.00;0.00;0.00;0.00;582.00;0.00;0.00;582.00;0.00;582.00;0.00;0.00;0.00;0.00;1645.67;523.34;1380.00;2139.32;2020.00;1230.00;1808.66;930.00;0.00;1180.00;2159.33;1950.00;1832.33;150.00;310.00;0.00;900.00;0.00;1220.00;610.00;0.00
1772828971.9782023;0.00;0.00;0.00;0.00;582.00;0.00;0.00;0.00;388.00;0.00;0.00;0.00;582.00;0.00;0.00;0.00;582.00;0.00;0.00;582.00;0.00;582.00;0.00;0.00;0.00;0.00;1645.67;523.34;1380.00;2139.32;2020.00;1230.00;1808.66;930.00;0.00;1180.00;2159.33;1950.00;1832.33;150.00;310.00;0.00;900.00;0.00;1220.00;610.00;0.00
1772828972.0383353;0.00;0.00;0.00;0.00;582.00;0.00;0.00;0.00;485.00;0.00;0.00;0.00;582.00;0.00;0.00;0.00;582.00;0.00;0.00;582.00;0.00;582.00;0.00;0.00;0.00;0.00;1645.67;523.34;1380.00;2139.32;2260.00;1470.00;2108.66;930.00;0.00;1180.00;2159.33;1950.00;1832.33;150.00;310.00;0.00;900.00;0.00;1520.00;610.00;0.00
1772828972.0407934;0.00;0.00;0.00;0.00;582.00;0.00;0.00;0.00;485.00;0.00;0.00;0.00;582.00;0.00;0.00;0.00;582.00;0.00;0.00;582.00;0.00;582.00;0.00;0.00;0.00;0.00;1645.67;523.34;1380.00;2139.32;2260.00;1470.00;2108.66;930.00;0.00;1180.00;2159.33;1950.00;1832.33;150.00;310.00;0.00;900.00;0.00;1520.00;610.00;0.00
1772828972.101067;0.00;0.00;0.00;0.00;582.00;0.00;0.00;0.00;582.00;0.00;0.00;0.00;582.00;0.00;0.00;0.00;582.00;0.00;0.00;582.00;0.00;582.00;0.00;0.00;0.00;150.00;1725.67;603.34;1412.33;2171.65;2420.00;1630.00;2258.66;930.00;0.00;1180.00;2159.33;1950.00;1832.33;310.00;310.00;0.00;900.00;150.00;1670.00;610.00;0.00
1772828972.1035898;0.00;0.00;0.00;0.00;582.00;0.00;0.00;0.00;582.00;0.00;0.00;0.00;582.00;0.00;0.00;0.00;582.00;0.00;0.00;582.00;0.00;582.00;0.00;0.00;0.00;150.00;1725.67;603.34;1412.33;2171.65;2420.00;1630.00;2258.66;930.00;0.00;1180.00;2159.33;1950.00;1832.33;310.00;310.00;0.00;900.00;150.00;1670.00;610.00;0.00
1772828990.687565;0.00;97.00;0.00;0.00;582.00;0.00;0.00;0.00;582.00;0.00;0.00;0.00;582.00;0.00;0.00;0.00;582.00;0.00;0.00;582.00;0.00;0.00;0.00;0.00;0.00;150.00;1725.67;603.34;1412.33;2171.65;2420.00;1560.00;300.00;0.00;0.00;1180.00;480.00;1640.00;1832.33;310.00;310.00;0.00;900.00;150.00;300.00;300.00;0.00
1772828990.6898854;0.00;97.00;0.00;0.00;582.00;0.00;0.00;0.00;582.00;0.00;0.00;0.00;582.00;0.00;0.00;0.00;582.00;0.00;0.00;582.00;0.00;0.00;0.00;0.00;0.00;150.00;1725.67;603.34;1412.33;2171.65;2420.00;1560.00;300.00;0.00;0.00;1180.00;480.00;1640.00;1832.33;310.00;310.00;0.00;900.00;150.00;300.00;300.00;0.00
1772828990.7587252;0.00;194.00;0.00;0.00;582.00;0.00;0.00;0.00;582.00;0.00;0.00;0.00;582.00;0.00;0.00;0.00;582.00;0.00;0.00;582.00;0.00;0.00;0.00;0.00;0.00;150.00;1725.67;603.34;1412.33;2171.65;2420.00;1800.00;600.00;0.00;0.00;1180.00;1030.00;1640.00;1832.33;310.00;310.00;0.00;900.00;150.00;600.00;300.00;0.00
1772828990.7611036;0.00;194.00;0.00;0.00;582.00;0.00;0.00;0.00;582.00;0.00;0.00;0.00;582.00;0.00;0.00;0.00;582.00;0.00;0.00;582.00;0.00;0.00;0.00;0.00;0.00;150.00;1725.67;603.34;1412.33;2171.65;2420.00;1800.00;600.00;0.00;0.00;1180.00;1030.00;1640.00;1832.33;310.00;310.00;0.00;900.00;150.00;600.00;300.00;0.00
1772828990.822202;0.00;291.00;0.00;0.00;582.00;0.00;0.00;0.00;582.00;0.00;0.00;0.00;582.00;0.00;0.00;0.00;582.00;0.00;0.00;582.00;0.00;0.00;0.00;0.00;0.00;150.00;1725.67;603.34;1412.33;2171.65;2570.00;2072.33;750.00;0.00;0.00;1180.00;1350.00;1800.00;1982.33;310.00;310.00;0.00;900.00;150.00;750.00;300.00;0.00
1772828990.8240392;0.00;291.00;0.00;0.00;582.00;0.00;0.00;0.00;582.00;0.00;0.00;0.00;582.00;0.00;0.00;0.00;582.00;0.00;0.00;582.00;0.00;0.00;0.00;0.00;0.00;150.00;1725.67;603.34;1412.33;2171.65;2570.00;2072.33;750.00;0.00;0.00;1180.00;1350.00;1800.00;1982.33;310.00;310.00;0.00;900.00;150.00;750.00;300.00;0.00
1772828990.8695743;0.00;388.00;0.00;0.00;582.00;0.00;0.00;0.00;582.00;0.00;0.00;0.00;582.00;0.00;0.00;0.00;582.00;0.00;0.00;582.00;0.00;0.00;0.00;0.00;0.00;150.00;1725.67;833.34;1492.33;2251.65;2650.00;2232.33;900.00;0.00;0.00;1180.00;1350.00;2184.67;1982.33;310.00;310.00;0.00;1050.00;150.00;900.00;300.00;0.00
1772828990.8708932;0.00;388.00;0.00;0.00;582.00;0.00;0.00;0.00;582.00;0.00;0.00;0.00;582.00;0.00;0.00;0.00;582.00;0.00;0.00;582.00;0.00;0.00;0.00;0.00;0.00;150.00;1725.67;833.34;1492.33;2251.65;2650.00;2232.33;900.00;0.00;0.00;1180.00;1350.00;2184.67;1982.33;310.00;310.00;0.00;1050.00;150.00;900.00;300.00;0.00
1772828990.9263668;0.00;485.00;0.00;0.00;582.00;0.00;0.00;0.00;582.00;0.00;0.00;0.00;582.00;0.00;0.00;0.00;582.00;0.00;0.00;582.00;0.00;0.00;0.00;230.00;0.00;150.00;1725.67;833.34;1492.33;2251.65;2650.00;2424.66;1130.00;80.00;80.00;1180.00;1350.00;2409.34;1982.33;310.00;310.00;0.00;1050.00;150.00;1050.00;460.00;150.00
1772828990.9282064;0.00;485.00;0.00;0.00;582.00;0.00;0.00;0.00;582.00;0.00;0.00;0.00;582.00;0.00;0.00;0.00;582.00;0.00;0.00;582.00;0.00;0.00;0.00;230.00;0.00;150.00;1725.67;833.34;1492.33;2251.65;2650.00;2424.66;1130.00;80.00;80.00;1180.00;1350.00;2409.34;1982.33;310.00;310.00;0.00;1050.00;150.00;1050.00;460.00;150.00
1772828991.0829241;0.00;582.00;0.00;0.00;582.00;0.00;0.00;0.00;582.00;0.00;0.00;0.00;582.00;0.00;0.00;0.00;582.00;0.00;0.00;582.00;0.00;0.00;0.00;460.00;0.00;150.00;1725.67;833.34;1492.33;2251.65;2650.00;2616.99;1370.00;320.00;310.00;1180.00;1350.00;2409.34;1982.33;310.00;310.00;0.00;1050.00;150.00;1210.00;460.00;450.00
1772828991.085827;0.00;582.00;0.00;0.00;582.00;0.00;0.00;0.00;582.00;0.00;0.00;0.00;582.00;0.00;0.00;0.00;582.00;0.00;0.00;582.00;0.00;0.00;0.00;460.00;0.00;150.00;1725.67;833.34;1492.33;2251.65;2650.00;2616.99;1370.00;320.00;310.00;1180.00;1350.00;2409.34;1982.33;310.00;310.00;0.00;1050.00;150.00;1210.00;460.00;450.00
1772829009.7000515;0.00;679.00;0.00;0.00;582.00;0.00;0.00;0.00;582.00;0.00;0.00;0.00;582.00;0.00;0.00;0.00;582.00;0.00;0.00;582.00;0.00;0.00;0.00;690.00;0.00;150.00;1725.67;833.34;1492.33;2251.65;2650.00;2809.32;1610.00;560.00;700.00;1180.00;1350.00;2409.34;1982.33;310.00;310.00;160.00;1050.00;150.00;1210.00;610.00;910.00
1772829009.7014053;0.00;679.00;0.00;0.00;582.00;0.00;0.00;0.00;582.00;0.00;0.00;0.00;582.00;0.00;0.00;0.00;582.00;0.00;0.00;582.00;0.00;0.00;0.00;690.00;0.00;150.00;1725.67;833.34;1492.33;2251.65;2650.00;2809.32;1610.00;560.00;700.00;1180.00;1350.00;2409.34;1982.33;310.00;310.00;160.00;1050.00;150.00;1210.00;610.00;910.00
1772829009.7391624;0.00;679.00;0.00;0.00;582.00;0.00;0.00;0.00;582.00;0.00;0.00;0.00;582.00;0.00;0.00;0.00;582.00;0.00;0.00;582.00;0.00;0.00;0.00;690.00;0.00;150.00;1725.67;833.34;1492.33;2251.65;2650.00;2809.32;1610.00;560.00;700.00;1180.00;1350.00;2409.34;1982.33;310.00;310.00;160.00;1050.00;150.00;1210.00;610.00;910.00
1772829009.7406237;0.00;679.00;0.00;0.00;582.00;0.00;0.00;0.00;582.00;0.00;0.00;0.00;582.00;0.00;0.00;0.00;582.00;0.00;0.00;582.00;0.00;0.00;0.00;690.00;0.00;150.00;1725.67;833.34;1492.33;2251.65;2650.00;2809.32;1610.00;560.00;700.00;1180.00;1350.00;2409.34;1982.33;310.00;310.00;160.00;1050.00;150.00;1210.00;610.00;910.00
1772829009.7784169;0.00;679.00;0.00;0.00;582.00;0.00;0.00;0.00;582.00;0.00;0.00;0.00;582.00;0.00;0.00;0.00;582.00;0.00;0.00;582.00;0.00;0.00;0.00;690.00;0.00;150.00;1725.67;833.34;1492.33;2251.65;2650.00;2809.32;1610.00;560.00;700.00;1180.00;1350.00;2409.34;1982.33;310.00;310.00;160.00;1050.00;150.00;1210.00;610.00;910.00
1772829009.7798786;0.00;679.00;0.00;0.00;582.00;0.00;0.00;0.00;582.00;0.00;0.00;0.00;582.00;0.00;0.00;0.00;582.00;0.00;0.00;582.00;0.00;0.00;0.00;690.00;0.00;150.00;1725.67;833.34;1492.33;2251.65;2650.00;2809.32;1610.00;560.00;700.00;1180.00;1350.00;2409.34;1982.33;310.00;310.00;160.00;1050.00;150.00;1210.00;610.00;910.00
1772829009.8174505;0.00;679.00;0.00;0.00;582.00;0.00;0.00;0.00;582.00;0.00;0.00;0.00;582.00;0.00;0.00;0.00;582.00;0.00;0.00;582.00;0.00;0.00;0.00;690.00;0.00;150.00;1725.67;833.34;1492.33;2251.65;2650.00;2809.32;1610.00;560.00;700.00;1180.00;1350.00;2409.34;1982.33;310.00;310.00;160.00;1050.00;150.00;1210.00;610.00;910.00
1772829009.8189044;0.00;679.00;0.00;0.00;582.00;0.00;0.00;0.00;582.00;0.00;0.00;0.00;582.00;0.00;0.00;0.00;582.00;0.00;0.00;582.00;0.00;0.00;0.00;690.00;0.00;150.00;1725.67;833.34;1492.33;2251.65;2650.00;2809.32;1610.00;560.00;700.00;1180.00;1350.00;2409.34;1982.33;310.00;310.00;160.00;1050.00;150.00;1210.00;610.00;910.00
1772829009.8625333;0.00;679.00;0.00;0.00;582.00;0.00;0.00;0.00;582.00;0.00;0.00;0.00;582.00;0.00;0.00;0.00;582.00;0.00;0.00;582.00;0.00;0.00;0.00;690.00;0.00;150.00;1725.67;833.34;1492.33;2251.65;2650.00;2809.32;1610.00;560.00;700.00;1180.00;1350.00;2409.34;1982.33;310.00;310.00;160.00;1050.00;150.00;1210.00;610.00;910.00
1772829009.8640363;0.00;679.00;0.00;0.00;582.00;0.00;0.00;0.00;582.00;0.00;0.00;0.00;582.00;0.00;0.00;0.00;582.00;0.00;0.00;582.00;0.00;0.00;0.00;690.00;0.00;150.00;1725.67;833.34;1492.33;2251.65;2650.00;2809.32;1610.00;560.00;700.00;1180.00;1350.00;2409.34;1982.33;310.00;310.00;160.00;1050.00;150.00;1210.00;610.00;910.00
1772829009.9039073;0.00;679.00;0.00;0.00;582.00;0.00;0.00;0.00;582.00;0.00;0.00;0.00;582.00;0.00;0.00;0.00;582.00;0.00;0.00;582.00;0.00;0.00;0.00;690.00;0.00;150.00;1725.67;833.34;1492.33;2251.65;2650.00;2809.32;1610.00;560.00;700.00;1180.00;1350.00;2409.34;1982.33;310.00;310.00;160.00;1050.00;150.00;1210.00;610.00;910.00
1772829009.905424;0.00;679.00;0.00;0.00;582.00;0.00;0.00;0.00;582.00;0.00;0.00;0.00;582.00;0.00;0.00;0.00;582.00;0.00;0.00;582.00;0.00;0.00;0.00;690.00;0.00;150.00;1725.67;833.34;1492.33;2251.65;2650.00;2809.32;1610.00;560.00;700.00;1180.00;1350.00;2409.34;1982.33;310.00;310.00;160.00;1050.00;150.00;1210.00;610.00;910.00
1772829034.7337012;0.00;776.00;0.00;0.00;582.00;0.00;0.00;0.00;582.00;0.00;0.00;0.00;0.00;0.00;0.00;0.00;582.00;0.00;0.00;0.00;0.00;0.00;0.00;690.00;0.00;0.00;0.00;0.00;150.00;230.00;2890.00;2809.32;1610.00;560.00;700.00;310.00;1350.00;2409.34;310.00;150.00;0.00;160.00;150.00;0.00;1210.00;610.00;910.00
1772829034.7348309;0.00;776.00;0.00;0.00;582.00;0.00;0.00;0.00;582.00;0.00;0.00;0.00;0.00;0.00;0.00;0.00;582.00;0.00;0.00;0.00;0.00;0.00;0.00;690.00;0.00;0.00;0.00;0.00;150.00;230.00;2890.00;2809.32;1610.00;560.00;700.00;310.00;1350.00;2409.34;310.00;150.00;0.00;160.00;150.00;0.00;1210.00;610.00;910.00
1772829034.8622901;0.00;873.00;0.00;0.00;582.00;0.00;0.00;0.00;582.00;0.00;0.00;0.00;0.00;0.00;0.00;0.00;582.00;0.00;0.00;0.00;0.00;0.00;0.00;690.00;0.00;0.00;0.00;0.00;300.00;460.00;3130.00;2809.32;1610.00;560.00;700.00;620.00;1350.00;2409.34;620.00;150.00;0.00;160.00;300.00;0.00;1210.00;610.00;910.00
1772829034.8638122;0.00;873.00;0.00;0.00;582.00;0.00;0.00;0.00;582.00;0.00;0.00;0.00;0.00;0.00;0.00;0.00;582.00;0.00;0.00;0.00;0.00;0.00;0.00;690.00;0.00;0.00;0.00;0.00;300.00;460.00;3130.00;2809.32;1610.00;560.00;700.00;620.00;1350.00;2409.34;620.00;150.00;0.00;160.00;300.00;0.00;1210.00;610.00;910.00
1772829034.913191;0.00;970.00;0.00;0.00;582.00;0.00;0.00;0.00;582.00;0.00;0.00;0.00;0.00;0.00;0.00;0.00;582.00;0.00;0.00;0.00;0.00;0.00;0.00;690.00;0.00;0.00;0.00;0.00;600.00;700.00;3274.67;2809.32;1610.00;560.00;700.00;1090.00;1350.00;2409.34;940.00;150.00;0.00;160.00;600.00;0.00;1210.00;610.00;910.00
1772829034.914834;0.00;970.00;0.00;0.00;582.00;0.00;0.00;0.00;582.00;0.00;0.00;0.00;0.00;0.00;0.00;0.00;582.00;0.00;0.00;0.00;0.00;0.00;0.00;690.00;0.00;0.00;0.00;0.00;600.00;700.00;3274.67;2809.32;1610.00;560.00;700.00;1090.00;1350.00;2409.34;940.00;150.00;0.00;160.00;600.00;0.00;1210.00;610.00;910.00
1772829034.9645557;0.00;1067.00;0.00;0.00;582.00;0.00;0.00;0.00;582.00;0.00;0.00;0.00;0.00;0.00;0.00;0.00;582.00;0.00;0.00;0.00;0.00;0.00;0.00;690.00;0.00;0.00;0.00;0.00;900.00;940.00;3371.67;2809.32;1610.00;560.00;700.00;1570.00;1350.00;2409.34;940.00;150.00;0.00;160.00;900.00;0.00;1210.00;610.00;910.00
1772829034.9661899;0.00;1067.00;0.00;0.00;582.00;0.00;0.00;0.00;582.00;0.00;0.00;0.00;0.00;0.00;0.00;0.00;582.00;0.00;0.00;0.00;0.00;0.00;0.00;690.00;0.00;0.00;0.00;0.00;900.00;940.00;3371.67;2809.32;1610.00;560.00;700.00;1570.00;1350.00;2409.34;940.00;150.00;0.00;160.00;900.00;0.00;1210.00;610.00;910.00
1772829035.0148053;0.00;1164.00;0.00;0.00;582.00;0.00;0.00;0.00;582.00;0.00;0.00;0.00;0.00;0.00;0.00;0.00;582.00;0.00;0.00;0.00;0.00;0.00;0.00;690.00;0.00;0.00;0.00;0.00;1360.00;1084.67;3468.67;2809.32;1610.00;560.00;700.00;1720.00;1350.00;2409.34;1052.33;150.00;0.00;160.00;1360.00;0.00;1210.00;610.00;910.00
1772829035.0164652;0.00;1164.00;0.00;0.00;582.00;0.00;0.00;0.00;582.00;0.00;0.00;0.00;0.00;0.00;0.00;0.00;582.00;0.00;0.00;0.00;0.00;0.00;0.00;690.00;0.00;0.00;0.00;0.00;1360.00;1084.67;3468.67;2809.32;1610.00;560.00;700.00;1720.00;1350.00;2409.34;1052.33;150.00;0.00;160.00;1360.00;0.00;1210.00;610.00;910.00
1772829035.0665698;0.00;1261.00;0.00;0.00;582.00;0.00;0.00;0.00;582.00;0.00;0.00;0.00;0.00;0.00;0.00;0.00;582.00;0.00;0.00;0.00;0.00;0.00;0.00;690.00;0.00;0.00;0.00;0.00;1820.00;1229.34;3565.67;2809.32;1610.00;560.00;700.00;1870.00;1350.00;2409.34;1164.66;150.00;0.00;160.00;1820.00;0.00;1210.00;610.00;910.00
1772829035.0682864;0.00;1261.00;0.00;0.00;582.00;0.00;0.00;0.00;582.00;0.00;0.00;0.00;0.00;0.00;0.00;0.00;582.00;0.00;0.00;0.00;0.00;0.00;0.00;690.00;0.00;0.00;0.00;0.00;1820.00;1229.34;3565.67;2809.32;1610.00;560.00;700.00;1870.00;1350.00;2409.34;1164.66;150.00;0.00;160.00;1820.00;0.00;1210.00;610.00;910.00
1772829037.0351853;0.00;1164.00;0.00;0.00;582.00;0.00;0.00;0.00;582.00;0.00;0.00;0.00;0.00;0.00;0.00;0.00;485.00;0.00;0.00;0.00;0.00;0.00;0.00;690.00;0.00;0.00;0.00;0.00;1140.00;274.01;3485.67;2649.32;560.00;560.00;700.00;2020.00;1350.00;1864.67;1084.66;0.00;0.00;160.00;780.00;0.00;160.00;610.00;910.00
1772829037.0364296;0.00;1164.00;0.00;0.00;582.00;0.00;0.00;0.00;582.00;0.00;0.00;0.00;0.00;0.00;0.00;0.00;485.00;0.00;0.00;0.00;0.00;0.00;0.00;690.00;0.00;0.00;0.00;0.00;1140.00;274.01;3485.67;2649.32;560.00;560.00;700.00;2020.00;1350.00;1864.67;1084.66;0.00;0.00;160.00;780.00;0.00;160.00;610.00;910.00
1772829037.0735314;0.00;1261.00;0.00;0.00;582.00;0.00;0.00;0.00;582.00;0.00;0.00;0.00;0.00;0.00;0.00;0.00;485.00;0.00;0.00;0.00;0.00;0.00;0.00;690.00;0.00;0.00;0.00;0.00;1290.00;424.01;3565.67;2809.32;710.00;560.00;700.00;2020.00;1350.00;2089.34;1244.66;0.00;0.00;160.00;930.00;0.00;310.00;610.00;910.00
1772829037.0746677;0.00;1261.00;0.00;0.00;582.00;0.00;0.00;0.00;582.00;0.00;0.00;0.00;0.00;0.00;0.00;0.00;485.00;0.00;0.00;0.00;0.00;0.00;0.00;690.00;0.00;0.00;0.00;0.00;1290.00;424.01;3565.67;2809.32;710.00;560.00;700.00;2020.00;1350.00;2089.34;1244.66;0.00;0.00;160.00;930.00;0.00;310.00;610.00;910.00
1772829037.1775346;0.00;1261.00;0.00;0.00;582.00;0.00;0.00;0.00;582.00;0.00;0.00;0.00;0.00;0.00;0.00;0.00;582.00;0.00;0.00;0.00;0.00;0.00;0.00;690.00;0.00;300.00;240.00;240.00;1290.00;424.01;3565.67;2809.32;710.00;560.00;700.00;2020.00;1350.00;2089.34;1244.66;480.00;0.00;160.00;930.00;300.00;310.00;610.00;910.00
1772829037.1787388;0.00;1261.00;0.00;0.00;582.00;0.00;0.00;0.00;582.00;0.00;0.00;0.00;0.00;0.00;0.00;0.00;582.00;0.00;0.00;0.00;0.00;0.00;0.00;690.00;0.00;300.00;240.00;240.00;1290.00;424.01;3565.67;2809.32;710.00;560.00;700.00;2020.00;1350.00;2089.34;1244.66;480.00;0.00;160.00;930.00;300.00;310.00;610.00;910.00
1772829051.7939222;0.00;1358.00;0.00;0.00;582.00;0.00;0.00;0.00;582.00;0.00;0.00;0.00;0.00;0.00;0.00;0.00;0.00;0.00;0.00;0.00;0.00;0.00;0.00;690.00;0.00;0.00;0.00;0.00;355.00;230.00;1015.67;0.00;710.00;560.00;700.00;1945.33;0.00;0.00;310.00;0.00;0.00;160.00;180.00;0.00;310.00;610.00;910.00
1772829051.7959924;0.00;1358.00;0.00;0.00;582.00;0.00;0.00;0.00;582.00;0.00;0.00;0.00;0.00;0.00;0.00;0.00;0.00;0.00;0.00;0.00;0.00;0.00;0.00;690.00;0.00;0.00;0.00;0.00;355.00;230.00;1015.67;0.00;710.00;560.00;700.00;1945.33;0.00;0.00;310.00;0.00;0.00;160.00;180.00;0.00;310.00;610.00;910.00
1772829051.8610766;0.00;1455.00;0.00;0.00;582.00;0.00;0.00;0.00;582.00;0.00;0.00;0.00;0.00;0.00;0.00;0.00;0.00;0.00;0.00;0.00;0.00;0.00;0.00;690.00;0.00;0.00;0.00;0.00;505.00;390.00;1175.67;262.33;710.00;560.00;700.00;1945.33;150.00;230.00;310.00;0.00;0.00;160.00;330.00;0.00;310.00;610.00;910.00
1772829051.8630695;0.00;1455.00;0.00;0.00;582.00;0.00;0.00;0.00;582.00;0.00;0.00;0.00;0.00;0.00;0.00;0.00;0.00;0.00;0.00;0.00;0.00;0.00;0.00;690.00;0.00;0.00;0.00;0.00;505.00;390.00;1175.67;262.33;710.00;560.00;700.00;1945.33;150.00;230.00;310.00;0.00;0.00;160.00;330.00;0.00;310.00;610.00;910.00
1772829051.9292536;0.00;1552.00;0.00;0.00;582.00;0.00;0.00;0.00;582.00;0.00;0.00;0.00;0.00;0.00;0.00;0.00;0.00;0.00;0.00;0.00;0.00;0.00;0.00;690.00;0.00;0.00;0.00;0.00;805.00;700.00;1415.67;262.33;710.00;560.00;700.00;1945.33;150.00;342.33;310.00;0.00;0.00;160.00;630.00;0.00;310.00;610.00;910.00
1772829051.9314137;0.00;1552.00;0.00;0.00;582.00;0.00;0.00;0.00;582.00;0.00;0.00;0.00;0.00;0.00;0.00;0.00;0.00;0.00;0.00;0.00;0.00;0.00;0.00;690.00;0.00;0.00;0.00;0.00;805.00;700.00;1415.67;262.33;710.00;560.00;700.00;1945.33;150.00;342.33;310.00;0.00;0.00;160.00;630.00;0.00;310.00;610.00;910.00
1772829051.9970663;0.00;1649.00;0.00;0.00;582.00;0.00;0.00;0.00;582.00;0.00;0.00;0.00;0.00;0.00;0.00;0.00;0.00;0.00;0.00;0.00;0.00;0.00;0.00;690.00;0.00;0.00;0.00;0.00;1105.00;1010.00;1655.67;262.33;710.00;560.00;700.00;1945.33;150.00;454.66;310.00;0.00;0.00;160.00;930.00;0.00;310.00;610.00;910.00
1772829051.9992537;0.00;1649.00;0.00;0.00;582.00;0.00;0.00;0.00;582.00;0.00;0.00;0.00;0.00;0.00;0.00;0.00;0.00;0.00;0.00;0.00;0.00;0.00;0.00;690.00;0.00;0.00;0.00;0.00;1105.00;1010.00;1655.67;262.33;710.00;560.00;700.00;1945.33;150.00;454.66;310.00;0.00;0.00;160.00;930.00;0.00;310.00;610.00;910.00
1772829052.065821;0.00;1746.00;0.00;0.00;582.00;0.00;0.00;0.00;582.00;0.00;0.00;0.00;0.00;0.00;0.00;0.00;0.00;0.00;0.00;0.00;0.00;0.00;0.00;690.00;0.00;0.00;0.00;0.00;1405.00;1320.00;1895.67;262.33;710.00;560.00;700.00;1945.33;150.00;566.99;310.00;0.00;0.00;160.00;1230.00;0.00;310.00;610.00;910.00
1772829052.0680525;0.00;1746.00;0.00;0.00;582.00;0.00;0.00;0.00;582.00;0.00;0.00;0.00;0.00;0.00;0.00;0.00;0.00;0.00;0.00;0.00;0.00;0.00;0.00;690.00;0.00;0.00;0.00;0.00;1405.00;1320.00;1895.67;262.33;710.00;560.00;700.00;1945.33;150.00;566.99;310.00;0.00;0.00;160.00;1230.00;0.00;310.00;610.00;910.00
1772829052.1327913;0.00;1746.00;0.00;0.00;582.00;0.00;0.00;0.00;582.00;0.00;0.00;0.00;0.00;0.00;0.00;0.00;0.00;0.00;0.00;0.00;0.00;0.00;0.00;690.00;0.00;0.00;0.00;0.00;1405.00;1320.00;1895.67;262.33;710.00;560.00;700.00;1945.33;150.00;566.99;310.00;0.00;0.00;160.00;1230.00;0.00;310.00;610.00;910.00
1772829052.1350896;0.00;1746.00;0.00;0.00;582.00;0.00;0.00;0.00;582.00;0.00;0.00;0.00;0.00;0.00;0.00;0.00;0.00;0.00;0.00;0.00;0.00;0.00;0.00;690.00;0.00;0.00;0.00;0.00;1405.00;1320.00;1895.67;262.33;710.00;560.00;700.00;1945.33;150.00;566.99;310.00;0.00;0.00;160.00;1230.00;0.00;310.00;610.00;910.00
1772829070.8548813;0.00;1746.00;0.00;0.00;0.00;0.00;0.00;0.00;0.00;0.00;0.00;0.00;0.00;0.00;0.00;0.00;0.00;0.00;0.00;0.00;0.00;0.00;97.00;690.00;0.00;0.00;0.00;0.00;0.00;0.00;0.00;0.00;230.00;342.33;700.00;0.00;160.00;566.99;0.00;0.00;0.00;160.00;0.00;0.00;470.00;150.00;910.00
1772829070.8566668;0.00;1746.00;0.00;0.00;0.00;0.00;0.00;0.00;0.00;0.00;0.00;0.00;0.00;0.00;0.00;0.00;0.00;0.00;0.00;0.00;0.00;0.00;97.00;690.00;0.00;0.00;0.00;0.00;0.00;0.00;0.00;0.00;230.00;342.33;700.00;0.00;160.00;566.99;0.00;0.00;0.00;160.00;0.00;0.00;470.00;150.00;910.00
1772829071.0876734;0.00;1746.00;0.00;0.00;0.00;0.00;0.00;0.00;0.00;0.00;0.00;0.00;0.00;0.00;0.00;0.00;0.00;0.00;0.00;0.00;0.00;0.00;194.00;690.00;0.00;0.00;0.00;0.00;0.00;0.00;0.00;0.00;460.00;749.33;700.00;0.00;320.00;566.99;0.00;0.00;0.00;160.00;0.00;0.00;770.00;460.00;910.00
1772829071.0899127;0.00;1746.00;0.00;0.00;0.00;0.00;0.00;0.00;0.00;0.00;0.00;0.00;0.00;0.00;0.00;0.00;0.00;0.00;0.00;0.00;0.00;0.00;194.00;690.00;0.00;0.00;0.00;0.00;0.00;0.00;0.00;0.00;460.00;749.33;700.00;0.00;320.00;566.99;0.00;0.00;0.00;160.00;0.00;0.00;770.00;460.00;910.00
1772829071.189068;0.00;1746.00;0.00;0.00;0.00;0.00;0.00;0.00;0.00;0.00;0.00;0.00;0.00;0.00;0.00;0.00;0.00;0.00;0.00;0.00;0.00;0.00;291.00;690.00;0.00;0.00;0.00;0.00;0.00;0.00;0.00;0.00;1000.00;846.33;700.00;0.00;800.00;566.99;0.00;0.00;0.00;160.00;0.00;0.00;1070.00;460.00;910.00
1772829071.1913426;0.00;1746.00;0.00;0.00;0.00;0.00;0.00;0.00;0.00;0.00;0.00;0.00;0.00;0.00;0.00;0.00;0.00;0.00;0.00;0.00;0.00;0.00;291.00;690.00;0.00;0.00;0.00;0.00;0.00;0.00;0.00;0.00;1000.00;846.33;700.00;0.00;800.00;566.99;0.00;0.00;0.00;160.00;0.00;0.00;1070.00;460.00;910.00
1772829071.2920003;0.00;1746.00;0.00;0.00;0.00;0.00;0.00;0.00;0.00;0.00;0.00;0.00;0.00;0.00;0.00;0.00;0.00;0.00;0.00;0.00;0.00;0.00;388.00;690.00;0.00;0.00;0.00;0.00;0.00;0.00;0.00;0.00;1550.00;1188.66;700.00;0.00;960.00;566.99;0.00;0.00;0.00;160.00;0.00;0.00;1220.00;610.00;910.00
1772829071.293765;0.00;1746.00;0.00;0.00;0.00;0.00;0.00;0.00;0.00;0.00;0.00;0.00;0.00;0.00;0.00;0.00;0.00;0.00;0.00;0.00;0.00;0.00;388.00;690.00;0.00;0.00;0.00;0.00;0.00;0.00;0.00;0.00;1550.00;1188.66;700.00;0.00;960.00;566.99;0.00;0.00;0.00;160.00;0.00;0.00;1220.00;610.00;910.00
1772829071.3646677;0.00;1746.00;0.00;0.00;0.00;0.00;0.00;0.00;0.00;0.00;0.00;0.00;0.00;0.00;0.00;0.00;0.00;0.00;0.00;0.00;0.00;0.00;485.00;690.00;0.00;0.00;0.00;0.00;0.00;0.00;0.00;310.00;1844.67;1333.33;700.00;0.00;1270.00;876.99;0.00;0.00;0.00;160.00;0.00;0.00;1370.00;610.00;910.00
1772829071.3665075;0.00;1746.00;0.00;0.00;0.00;0.00;0.00;0.00;0.00;0.00;0.00;0.00;0.00;0.00;0.00;0.00;0.00;0.00;0.00;0.00;0.00;0.00;485.00;690.00;0.00;0.00;0.00;0.00;0.00;0.00;0.00;310.00;1844.67;1333.33;700.00;0.00;1270.00;876.99;0.00;0.00;0.00;160.00;0.00;0.00;1370.00;610.00;910.00
1772829071.439288;0.00;1746.00;0.00;0.00;0.00;0.00;0.00;0.00;0.00;0.00;0.00;0.00;0.00;0.00;0.00;0.00;0.00;0.00;0.00;0.00;0.00;0.00;582.00;690.00;0.00;0.00;0.00;0.00;0.00;0.00;0.00;620.00;2139.34;1478.00;700.00;0.00;1580.00;1186.99;0.00;0.00;0.00;160.00;0.00;0.00;1520.00;610.00;910.00
1772829071.4411993;0.00;1746.00;0.00;0.00;0.00;0.00;0.00;0.00;0.00;0.00;0.00;0.00;0.00;0.00;0.00;0.00;0.00;0.00;0.00;0.00;0.00;0.00;582.00;690.00;0.00;0.00;0.00;0.00;0.00;0.00;0.00;620.00;2139.34;1478.00;700.00;0.00;1580.00;1186.99;0.00;0.00;0.00;160.00;0.00;0.00;1520.00;610.00;910.00
1772829083.87834;0.00;1746.00;0.00;0.00;0.00;0.00;0.00;97.00;0.00;0.00;0.00;0.00;0.00;0.00;0.00;0.00;0.00;0.00;0.00;0.00;0.00;0.00;582.00;690.00;0.00;0.00;0.00;0.00;300.00;240.00;0.00;620.00;2139.34;1478.00;700.00;550.00;1580.00;1186.99;160.00;0.00;0.00;160.00;300.00;0.00;1520.00;610.00;910.00
1772829083.8793695;0.00;1746.00;0.00;0.00;0.00;0.00;0.00;97.00;0.00;0.00;0.00;0.00;0.00;0.00;0.00;0.00;0.00;0.00;0.00;0.00;0.00;0.00;582.00;690.00;0.00;0.00;0.00;0.00;300.00;240.00;0.00;620.00;2139.34;1478.00;700.00;550.00;1580.00;1186.99;160.00;0.00;0.00;160.00;300.00;0.00;1520.00;610.00;910.00
1772829083.9294207;0.00;1746.00;0.00;0.00;0.00;0.00;0.00;194.00;0.00;0.00;0.00;0.00;0.00;0.00;0.00;0.00;0.00;0.00;0.00;0.00;0.00;0.00;582.00;690.00;0.00;0.00;0.00;0.00;600.00;480.00;0.00;620.00;2139.34;1478.00;700.00;1030.00;1580.00;1186.99;160.00;0.00;0.00;160.00;600.00;0.00;1520.00;610.00;910.00
1772829083.9305427;0.00;1746.00;0.00;0.00;0.00;0.00;0.00;194.00;0.00;0.00;0.00;0.00;0.00;0.00;0.00;0.00;0.00;0.00;0.00;0.00;0.00;0.00;582.00;690.00;0.00;0.00;0.00;0.00;600.00;480.00;0.00;620.00;2139.34;1478.00;700.00;1030.00;1580.00;1186.99;160.00;0.00;0.00;160.00;600.00;0.00;1520.00;610.00;910.00
1772829083.9757206;0.00;1746.00;0.00;0.00;0.00;0.00;0.00;291.00;0.00;0.00;0.00;0.00;0.00;0.00;0.00;0.00;0.00;0.00;0.00;0.00;0.00;0.00;582.00;690.00;0.00;0.00;0.00;0.00;750.00;902.33;0.00;620.00;2139.34;1478.00;700.00;1180.00;1580.00;1186.99;614.67;0.00;0.00;160.00;750.00;0.00;1520.00;610.00;910.00
1772829083.9769838;0.00;1746.00;0.00;0.00;0.00;0.00;0.00;291.00;0.00;0.00;0.00;0.00;0.00;0.00;0.00;0.00;0.00;0.00;0.00;0.00;0.00;0.00;582.00;690.00;0.00;0.00;0.00;0.00;750.00;902.33;0.00;620.00;2139.34;1478.00;700.00;1180.00;1580.00;1186.99;614.67;0.00;0.00;160.00;750.00;0.00;1520.00;610.00;910.00
1772829084.0928655;0.00;1746.00;0.00;0.00;0.00;0.00;0.00;388.00;0.00;0.00;0.00;0.00;0.00;0.00;0.00;0.00;0.00;0.00;0.00;0.00;0.00;0.00;582.00;690.00;0.00;0.00;0.00;0.00;1060.00;967.00;230.00;620.00;2139.34;1478.00;700.00;1330.00;1580.00;1346.99;764.67;0.00;0.00;160.00;1060.00;0.00;1520.00;610.00;910.00
1772829084.0940533;0.00;1746.00;0.00;0.00;0.00;0.00;0.00;388.00;0.00;0.00;0.00;0.00;0.00;0.00;0.00;0.00;0.00;0.00;0.00;0.00;0.00;0.00;582.00;690.00;0.00;0.00;0.00;0.00;1060.00;967.00;230.00;620.00;2139.34;1478.00;700.00;1330.00;1580.00;1346.99;764.67;0.00;0.00;160.00;1060.00;0.00;1520.00;610.00;910.00
1772829084.141329;0.00;1746.00;0.00;0.00;0.00;0.00;0.00;485.00;0.00;0.00;0.00;0.00;0.00;0.00;0.00;0.00;0.00;0.00;0.00;0.00;0.00;0.00;582.00;690.00;0.00;0.00;0.00;0.00;1530.00;1127.00;460.00;620.00;2139.34;1478.00;700.00;1330.00;1580.00;1506.99;914.67;0.00;0.00;160.00;1210.00;0.00;1520.00;610.00;910.00
1772829084.1425564;0.00;1746.00;0.00;0.00;0.00;0.00;0.00;485.00;0.00;0.00;0.00;0.00;0.00;0.00;0.00;0.00;0.00;0.00;0.00;0.00;0.00;0.00;582.00;690.00;0.00;0.00;0.00;0.00;1530.00;1127.00;460.00;620.00;2139.34;1478.00;700.00;1330.00;1580.00;1506.99;914.67;0.00;0.00;160.00;1210.00;0.00;1520.00;610.00;910.00
1772829084.1874754;0.00;1746.00;0.00;0.00;0.00;0.00;0.00;582.00;0.00;0.00;0.00;0.00;0.00;0.00;0.00;0.00;0.00;0.00;0.00;0.00;0.00;0.00;582.00;690.00;0.00;0.00;0.00;0.00;2000.00;1287.00;690.00;620.00;2139.34;1478.00;700.00;1330.00;1580.00;1666.99;1064.67;0.00;0.00;160.00;1360.00;0.00;1520.00;610.00;910.00
1772829084.18891;0.00;1746.00;0.00;0.00;0.00;0.00;0.00;582.00;0.00;0.00;0.00;0.00;0.00;0.00;0.00;0.00;0.00;0.00;0.00;0.00;0.00;0.00;582.00;690.00;0.00;0.00;0.00;0.00;2000.00;1287.00;690.00;620.00;2139.34;1478.00;700.00;1330.00;1580.00;1666.99;1064.67;0.00;0.00;160.00;1360.00;0.00;1520.00;610.00;910.00
1772829103.9472866;0.00;1746.00;0.00;0.00;0.00;0.00;0.00;582.00;0.00;0.00;0.00;0.00;0.00;0.00;0.00;0.00;0.00;97.00;0.00;0.00;0.00;0.00;582.00;690.00;0.00;540.00;0.00;0.00;2000.00;1287.00;690.00;620.00;2139.34;1478.00;700.00;1330.00;1580.00;1666.99;1064.67;480.00;0.00;160.00;1360.00;300.00;1520.00;610.00;910.00
1772829103.9486864;0.00;1746.00;0.00;0.00;0.00;0.00;0.00;582.00;0.00;0.00;0.00;0.00;0.00;0.00;0.00;0.00;0.00;97.00;0.00;0.00;0.00;0.00;582.00;690.00;0.00;540.00;0.00;0.00;2000.00;1287.00;690.00;620.00;2139.34;1478.00;700.00;1330.00;1580.00;1666.99;1064.67;480.00;0.00;160.00;1360.00;300.00;1520.00;610.00;910.00
1772829104.0001986;0.00;1746.00;0.00;0.00;0.00;0.00;0.00;582.00;0.00;0.00;0.00;0.00;0.00;0.00;0.00;0.00;0.00;194.00;0.00;0.00;0.00;0.00;582.00;690.00;0.00;1080.00;0.00;0.00;2000.00;1287.00;690.00;620.00;2139.34;1478.00;700.00;1330.00;1580.00;1666.99;1064.67;960.00;0.00;160.00;1360.00;600.00;1520.00;610.00;910.00
1772829104.0020044;0.00;1746.00;0.00;0.00;0.00;0.00;0.00;582.00;0.00;0.00;0.00;0.00;0.00;0.00;0.00;0.00;0.00;194.00;0.00;0.00;0.00;0.00;582.00;690.00;0.00;1080.00;0.00;0.00;2000.00;1287.00;690.00;620.00;2139.34;1478.00;700.00;1330.00;1580.00;1666.99;1064.67;960.00;0.00;160.00;1360.00;600.00;1520.00;610.00;910.00
1772829104.0534213;0.00;1746.00;0.00;0.00;0.00;0.00;0.00;582.00;0.00;0.00;0.00;0.00;0.00;0.00;0.00;0.00;0.00;291.00;0.00;0.00;0.00;0.00;582.00;690.00;0.00;1684.67;0.00;0.00;2000.00;1287.00;690.00;620.00;2139.34;1478.00;700.00;1330.00;1580.00;1666.99;1064.67;1270.00;0.00;160.00;1360.00;1060.00;1520.00;610.00;910.00
1772829104.055164;0.00;1746.00;0.00;0.00;0.00;0.00;0.00;582.00;0.00;0.00;0.00;0.00;0.00;0.00;0.00;0.00;0.00;291.00;0.00;0.00;0.00;0.00;582.00;690.00;0.00;1684.67;0.00;0.00;2000.00;1287.00;690.00;620.00;2139.34;1478.00;700.00;1330.00;1580.00;1666.99;1064.67;1270.00;0.00;160.00;1360.00;1060.00;1520.00;610.00;910.00
1772829104.1058626;0.00;1746.00;0.00;0.00;0.00;0.00;0.00;582.00;0.00;0.00;0.00;0.00;0.00;0.00;0.00;0.00;0.00;388.00;0.00;0.00;0.00;0.00;582.00;690.00;0.00;2449.34;0.00;0.00;2000.00;1287.00;690.00;620.00;2139.34;1478.00;700.00;1330.00;1580.00;1666.99;1064.67;1654.67;0.00;160.00;1360.00;1360.00;1520.00;610.00;910.00
1772829104.1075795;0.00;1746.00;0.00;0.00;0.00;0.00;0.00;582.00;0.00;0.00;0.00;0.00;0.00;0.00;0.00;0.00;0.00;388.00;0.00;0.00;0.00;0.00;582.00;690.00;0.00;2449.34;0.00;0.00;2000.00;1287.00;690.00;620.00;2139.34;1478.00;700.00;1330.00;1580.00;1666.99;1064.67;1654.67;0.00;160.00;1360.00;1360.00;1520.00;610.00;910.00
1772829104.2279503;0.00;1746.00;0.00;0.00;0.00;0.00;0.00;582.00;0.00;0.00;0.00;0.00;0.00;0.00;0.00;0.00;0.00;485.00;0.00;0.00;0.00;0.00;582.00;690.00;0.00;2641.67;390.00;150.00;2000.00;1287.00;690.00;620.00;2139.34;1478.00;700.00;1330.00;1580.00;1666.99;1064.67;1804.67;470.00;160.00;1510.00;1584.67;1520.00;610.00;910.00
1772829104.2296362;0.00;1746.00;0.00;0.00;0.00;0.00;0.00;582.00;0.00;0.00;0.00;0.00;0.00;0.00;0.00;0.00;0.00;485.00;0.00;0.00;0.00;0.00;582.00;690.00;0.00;2641.67;390.00;150.00;2000.00;1287.00;690.00;620.00;2139.34;1478.00;700.00;1330.00;1580.00;1666.99;1064.67;1804.67;470.00;160.00;1510.00;1584.67;1520.00;610.00;910.00
1772829104.2759247;0.00;1746.00;0.00;0.00;0.00;0.00;0.00;582.00;0.00;0.00;0.00;0.00;0.00;0.00;0.00;0.00;0.00;582.00;0.00;0.00;0.00;0.00;582.00;690.00;0.00;2738.67;780.00;300.00;2000.00;1287.00;690.00;620.00;2139.34;1478.00;700.00;1330.00;1580.00;1666.99;1064.67;1954.67;940.00;160.00;1660.00;1584.67;1520.00;610.00;910.00
1772829104.2776504;0.00;1746.00;0.00;0.00;0.00;0.00;0.00;582.00;0.00;0.00;0.00;0.00;0.00;0.00;0.00;0.00;0.00;582.00;0.00;0.00;0.00;0.00;582.00;690.00;0.00;2738.67;780.00;300.00;2000.00;1287.00;690.00;620.00;2139.34;1478.00;700.00;1330.00;1580.00;1666.99;1064.67;1954.67;940.00;160.00;1660.00;1584.67;1520.00;610.00;910.00
1772829121.966169;0.00;1164.00;0.00;0.00;0.00;0.00;0.00;582.00;0.00;0.00;0.00;0.00;0.00;0.00;0.00;0.00;0.00;582.00;0.00;0.00;0.00;97.00;582.00;0.00;0.00;2738.67;780.00;300.00;1850.00;1137.00;140.00;0.00;540.00;1318.00;230.00;1330.00;620.00;577.65;594.67;1954.67;940.00;160.00;1510.00;1584.67;300.00;610.00;0.00
1772829121.9673939;0.00;1164.00;0.00;0.00;0.00;0.00;0.00;582.00;0.00;0.00;0.00;0.00;0.00;0.00;0.00;0.00;0.00;582.00;0.00;0.00;0.00;97.00;582.00;0.00;0.00;2738.67;780.00;300.00;1850.00;1137.00;140.00;0.00;540.00;1318.00;230.00;1330.00;620.00;577.65;594.67;1954.67;940.00;160.00;1510.00;1584.67;300.00;610.00;0.00
1772829122.0142474;0.00;1164.00;0.00;0.00;0.00;0.00;0.00;582.00;0.00;0.00;0.00;0.00;0.00;0.00;0.00;0.00;0.00;582.00;0.00;0.00;0.00;194.00;582.00;0.00;0.00;2738.67;780.00;300.00;1850.00;1137.00;140.00;0.00;1080.00;1558.00;230.00;1330.00;1100.00;577.65;594.67;1954.67;940.00;160.00;1510.00;1584.67;600.00;610.00;0.00
1772829122.015496;0.00;1164.00;0.00;0.00;0.00;0.00;0.00;582.00;0.00;0.00;0.00;0.00;0.00;0.00;0.00;0.00;0.00;582.00;0.00;0.00;0.00;194.00;582.00;0.00;0.00;2738.67;780.00;300.00;1850.00;1137.00;140.00;0.00;1080.00;1558.00;230.00;1330.00;1100.00;577.65;594.67;1954.67;940.00;160.00;1510.00;1584.67;600.00;610.00;0.00
1772829122.0611145;0.00;1164.00;0.00;0.00;0.00;0.00;0.00;582.00;0.00;0.00;0.00;0.00;0.00;0.00;0.00;0.00;0.00;582.00;0.00;0.00;0.00;291.00;582.00;0.00;0.00;2738.67;780.00;300.00;1850.00;1137.00;140.00;310.00;1374.67;1702.67;230.00;1330.00;1410.00;887.65;594.67;1954.67;940.00;160.00;1510.00;1584.67;750.00;610.00;0.00
1772829122.0625613;0.00;1164.00;0.00;0.00;0.00;0.00;0.00;582.00;0.00;0.00;0.00;0.00;0.00;0.00;0.00;0.00;0.00;582.00;0.00;0.00;0.00;291.00;582.00;0.00;0.00;2738.67;780.00;300.00;1850.00;1137.00;140.00;310.00;1374.67;1702.67;230.00;1330.00;1410.00;887.65;594.67;1954.67;940.00;160.00;1510.00;1584.67;750.00;610.00;0.00
1772829122.1080515;0.00;1164.00;0.00;0.00;0.00;0.00;0.00;582.00;0.00;0.00;0.00;0.00;0.00;0.00;0.00;0.00;0.00;582.00;0.00;0.00;0.00;388.00;582.00;0.00;0.00;2738.67;780.00;300.00;1850.00;1137.00;140.00;620.00;1669.34;1847.34;230.00;1330.00;1720.00;1197.65;594.67;1954.67;940.00;160.00;1510.00;1584.67;900.00;610.00;0.00
1772829122.1094332;0.00;1164.00;0.00;0.00;0.00;0.00;0.00;582.00;0.00;0.00;0.00;0.00;0.00;0.00;0.00;0.00;0.00;582.00;0.00;0.00;0.00;388.00;582.00;0.00;0.00;2738.67;780.00;300.00;1850.00;1137.00;140.00;620.00;1669.34;1847.34;230.00;1330.00;1720.00;1197.65;594.67;1954.67;940.00;160.00;1510.00;1584.67;900.00;610.00;0.00
1772829122.154574;0.00;1164.00;0.00;0.00;0.00;0.00;0.00;582.00;0.00;0.00;0.00;0.00;0.00;0.00;0.00;0.00;0.00;582.00;0.00;0.00;0.00;485.00;582.00;0.00;0.00;2738.67;780.00;300.00;1850.00;1137.00;290.00;700.00;2011.67;2039.67;454.67;1330.00;2040.00;1357.65;744.67;1954.67;940.00;160.00;1510.00;1584.67;1050.00;610.00;0.00
1772829122.155942;0.00;1164.00;0.00;0.00;0.00;0.00;0.00;582.00;0.00;0.00;0.00;0.00;0.00;0.00;0.00;0.00;0.00;582.00;0.00;0.00;0.00;485.00;582.00;0.00;0.00;2738.67;780.00;300.00;1850.00;1137.00;290.00;700.00;2011.67;2039.67;454.67;1330.00;2040.00;1357.65;744.67;1954.67;940.00;160.00;1510.00;1584.67;1050.00;610.00;0.00
1772829122.2009792;0.00;1164.00;0.00;0.00;0.00;0.00;0.00;582.00;0.00;0.00;0.00;0.00;0.00;0.00;0.00;0.00;0.00;582.00;0.00;0.00;0.00;582.00;582.00;0.00;0.00;2738.67;780.00;300.00;1850.00;1137.00;590.00;940.00;2204.00;2136.67;454.67;1330.00;2152.33;1357.65;1044.67;1954.67;940.00;160.00;1510.00;1584.67;1274.67;610.00;0.00
1772829122.2026803;0.00;1164.00;0.00;0.00;0.00;0.00;0.00;582.00;0.00;0.00;0.00;0.00;0.00;0.00;0.00;0.00;0.00;582.00;0.00;0.00;0.00;582.00;582.00;0.00;0.00;2738.67;780.00;300.00;1850.00;1137.00;590.00;940.00;2204.00;2136.67;454.67;1330.00;2152.33;1357.65;1044.67;1954.67;940.00;160.00;1510.00;1584.67;1274.67;610.00;0.00
1772829145.1142008;0.00;1067.00;0.00;0.00;0.00;0.00;0.00;582.00;0.00;0.00;0.00;0.00;0.00;0.00;0.00;0.00;0.00;582.00;0.00;0.00;0.00;679.00;582.00;0.00;0.00;2738.67;780.00;300.00;1850.00;1137.00;890.00;987.67;1901.00;1913.67;64.67;1330.00;2489.33;1357.65;1344.67;1954.67;940.00;0.00;1510.00;1584.67;1274.67;460.00;0.00
1772829145.1167314;0.00;1067.00;0.00;0.00;0.00;0.00;0.00;582.00;0.00;0.00;0.00;0.00;0.00;0.00;0.00;0.00;0.00;582.00;0.00;0.00;0.00;679.00;582.00;0.00;0.00;2738.67;780.00;300.00;1850.00;1137.00;890.00;987.67;1901.00;1913.67;64.67;1330.00;2489.33;1357.65;1344.67;1954.67;940.00;0.00;1510.00;1584.67;1274.67;460.00;0.00
1772829145.183937;0.00;1067.00;0.00;0.00;0.00;0.00;0.00;582.00;0.00;0.00;0.00;0.00;0.00;0.00;0.00;0.00;0.00;582.00;0.00;0.00;0.00;776.00;582.00;0.00;0.00;2738.67;780.00;300.00;1850.00;1137.00;890.00;987.67;2441.00;2153.67;401.67;1330.00;2489.33;1357.65;1344.67;1954.67;940.00;0.00;1510.00;1584.67;1574.67;460.00;480.00
1772829145.1864169;0.00;1067.00;0.00;0.00;0.00;0.00;0.00;582.00;0.00;0.00;0.00;0.00;0.00;0.00;0.00;0.00;0.00;582.00;0.00;0.00;0.00;776.00;582.00;0.00;0.00;2738.67;780.00;300.00;1850.00;1137.00;890.00;987.67;2441.00;2153.67;401.67;1330.00;2489.33;1357.65;1344.67;1954.67;940.00;0.00;1510.00;1584.67;1574.67;460.00;480.00
1772829145.2525816;0.00;1067.00;0.00;0.00;0.00;0.00;0.00;582.00;0.00;0.00;0.00;0.00;0.00;0.00;0.00;0.00;0.00;582.00;0.00;0.00;0.00;873.00;582.00;540.00;0.00;2738.67;780.00;300.00;1850.00;1137.00;890.00;987.67;2441.00;2153.67;498.67;1330.00;2489.33;1357.65;1344.67;1954.67;940.00;480.00;1510.00;1584.67;1574.67;460.00;780.00
1772829145.2551217;0.00;1067.00;0.00;0.00;0.00;0.00;0.00;582.00;0.00;0.00;0.00;0.00;0.00;0.00;0.00;0.00;0.00;582.00;0.00;0.00;0.00;873.00;582.00;540.00;0.00;2738.67;780.00;300.00;1850.00;1137.00;890.00;987.67;2441.00;2153.67;498.67;1330.00;2489.33;1357.65;1344.67;1954.67;940.00;480.00;1510.00;1584.67;1574.67;460.00;780.00
1772829145.3212671;0.00;1067.00;0.00;0.00;0.00;0.00;0.00;582.00;0.00;0.00;0.00;0.00;0.00;0.00;0.00;0.00;0.00;582.00;0.00;0.00;0.00;970.00;582.00;1080.00;0.00;2738.67;780.00;300.00;1850.00;1137.00;890.00;987.67;2441.00;2153.67;595.67;1330.00;2489.33;1357.65;1344.67;1954.67;940.00;960.00;1510.00;1584.67;1574.67;460.00;1080.00
1772829145.3238587;0.00;1067.00;0.00;0.00;0.00;0.00;0.00;582.00;0.00;0.00;0.00;0.00;0.00;0.00;0.00;0.00;0.00;582.00;0.00;0.00;0.00;970.00;582.00;1080.00;0.00;2738.67;780.00;300.00;1850.00;1137.00;890.00;987.67;2441.00;2153.67;595.67;1330.00;2489.33;1357.65;1344.67;1954.67;940.00;960.00;1510.00;1584.67;1574.67;460.00;1080.00
1772829145.3894508;0.00;1067.00;0.00;0.00;0.00;0.00;0.00;582.00;0.00;0.00;0.00;0.00;0.00;0.00;0.00;0.00;0.00;582.00;0.00;0.00;0.00;1067.00;582.00;1470.00;160.00;3048.67;780.00;300.00;1850.00;1137.00;890.00;987.67;2441.00;2153.67;692.67;1330.00;2489.33;1357.65;1344.67;1954.67;940.00;1120.00;1510.00;1734.67;1574.67;460.00;1230.00
1772829145.3921247;0.00;1067.00;0.00;0.00;0.00;0.00;0.00;582.00;0.00;0.00;0.00;0.00;0.00;0.00;0.00;0.00;0.00;582.00;0.00;0.00;0.00;1067.00;582.00;1470.00;160.00;3048.67;780.00;300.00;1850.00;1137.00;890.00;987.67;2441.00;2153.67;692.67;1330.00;2489.33;1357.65;1344.67;1954.67;940.00;1120.00;1510.00;1734.67;1574.67;460.00;1230.00
1772829145.4572937;0.00;1067.00;0.00;0.00;0.00;0.00;0.00;582.00;0.00;0.00;0.00;0.00;0.00;0.00;0.00;0.00;0.00;582.00;0.00;0.00;0.00;1164.00;582.00;1860.00;320.00;3358.67;780.00;300.00;1850.00;1137.00;890.00;987.67;2441.00;2153.67;789.67;1330.00;2489.33;1357.65;1344.67;1954.67;940.00;1280.00;1510.00;1884.67;1574.67;460.00;1380.00
1772829145.4599752;0.00;1067.00;0.00;0.00;0.00;0.00;0.00;582.00;0.00;0.00;0.00;0.00;0.00;0.00;0.00;0.00;0.00;582.00;0.00;0.00;0.00;1164.00;582.00;1860.00;320.00;3358.67;780.00;300.00;1850.00;1137.00;890.00;987.67;2441.00;2153.67;789.67;1330.00;2489.33;1357.65;1344.67;1954.67;940.00;1280.00;1510.00;1884.67;1574.67;460.00;1380.00
1772829154.0426085;0.00;1067.00;0.00;0.00;0.00;0.00;0.00;582.00;0.00;0.00;0.00;97.00;0.00;0.00;0.00;0.00;0.00;582.00;0.00;0.00;0.00;1164.00;582.00;1860.00;320.00;3358.67;1020.00;610.00;2160.00;1137.00;890.00;987.67;2441.00;2153.67;789.67;1330.00;2489.33;1357.65;1344.67;2179.34;1100.00;1280.00;1810.00;1884.67;1574.67;460.00;1380.00
1772829154.045483;0.00;1067.00;0.00;0.00;0.00;0.00;0.00;582.00;0.00;0.00;0.00;97.00;0.00;0.00;0.00;0.00;0.00;582.00;0.00;0.00;0.00;1164.00;582.00;1860.00;320.00;3358.67;1020.00;610.00;2160.00;1137.00;890.00;987.67;2441.00;2153.67;789.67;1330.00;2489.33;1357.65;1344.67;2179.34;1100.00;1280.00;1810.00;1884.67;1574.67;460.00;1380.00
1772829154.2362947;0.00;1067.00;0.00;0.00;0.00;0.00;0.00;582.00;0.00;0.00;0.00;194.00;0.00;0.00;0.00;0.00;0.00;582.00;0.00;0.00;0.00;1164.00;582.00;2010.00;400.00;3438.67;1084.67;1080.00;2160.00;1137.00;890.00;987.67;2441.00;2153.67;789.67;1330.00;2489.33;1357.65;1344.67;2291.67;1324.67;1440.00;1960.00;1884.67;1574.67;460.00;1530.00
1772829154.239157;0.00;1067.00;0.00;0.00;0.00;0.00;0.00;582.00;0.00;0.00;0.00;194.00;0.00;0.00;0.00;0.00;0.00;582.00;0.00;0.00;0.00;1164.00;582.00;2010.00;400.00;3438.67;1084.67;1080.00;2160.00;1137.00;890.00;987.67;2441.00;2153.67;789.67;1330.00;2489.33;1357.65;1344.67;2291.67;1324.67;1440.00;1960.00;1884.67;1574.67;460.00;1530.00
1772829154.3011346;0.00;1067.00;0.00;0.00;0.00;0.00;0.00;582.00;0.00;0.00;0.00;291.00;0.00;0.00;0.00;0.00;0.00;582.00;0.00;0.00;0.00;1164.00;582.00;2010.00;400.00;3438.67;1181.67;1534.67;2614.67;1367.00;890.00;987.67;2441.00;2153.67;789.67;1330.00;2489.33;1357.65;1504.67;2291.67;1324.67;1440.00;2260.00;1884.67;1574.67;460.00;1530.00
1772829154.3040009;0.00;1067.00;0.00;0.00;0.00;0.00;0.00;582.00;0.00;0.00;0.00;291.00;0.00;0.00;0.00;0.00;0.00;582.00;0.00;0.00;0.00;1164.00;582.00;2010.00;400.00;3438.67;1181.67;1534.67;2614.67;1367.00;890.00;987.67;2441.00;2153.67;789.67;1330.00;2489.33;1357.65;1504.67;2291.67;1324.67;1440.00;2260.00;1884.67;1574.67;460.00;1530.00
1772829154.3648956;0.00;1067.00;0.00;0.00;0.00;0.00;0.00;582.00;0.00;0.00;0.00;388.00;0.00;0.00;0.00;0.00;0.00;582.00;0.00;0.00;0.00;1164.00;582.00;2010.00;624.67;3663.34;1374.00;1877.00;2957.00;1597.00;890.00;987.67;2441.00;2153.67;789.67;1330.00;2489.33;1357.65;1504.67;2291.67;1324.67;1664.67;2560.00;1884.67;1574.67;460.00;1530.00
1772829154.3678432;0.00;1067.00;0.00;0.00;0.00;0.00;0.00;582.00;0.00;0.00;0.00;388.00;0.00;0.00;0.00;0.00;0.00;582.00;0.00;0.00;0.00;1164.00;582.00;2010.00;624.67;3663.34;1374.00;1877.00;2957.00;1597.00;890.00;987.67;2441.00;2153.67;789.67;1330.00;2489.33;1357.65;1504.67;2291.67;1324.67;1664.67;2560.00;1884.67;1574.67;460.00;1530.00
1772829154.4278677;0.00;1067.00;0.00;0.00;0.00;0.00;0.00;582.00;0.00;0.00;0.00;485.00;0.00;0.00;0.00;0.00;0.00;582.00;0.00;0.00;0.00;1164.00;582.00;2010.00;624.67;3663.34;1471.00;2229.33;3459.33;1987.00;1200.00;987.67;2441.00;2153.67;789.67;1442.33;2489.33;1357.65;1654.67;2291.67;1324.67;1664.67;2710.00;1884.67;1574.67;460.00;1530.00
1772829154.4308934;0.00;1067.00;0.00;0.00;0.00;0.00;0.00;582.00;0.00;0.00;0.00;485.00;0.00;0.00;0.00;0.00;0.00;582.00;0.00;0.00;0.00;1164.00;582.00;2010.00;624.67;3663.34;1471.00;2229.33;3459.33;1987.00;1200.00;987.67;2441.00;2153.67;789.67;1442.33;2489.33;1357.65;1654.67;2291.67;1324.67;1664.67;2710.00;1884.67;1574.67;460.00;1530.00
1772829154.4894369;0.00;1067.00;0.00;0.00;0.00;0.00;0.00;582.00;0.00;0.00;0.00;582.00;0.00;0.00;0.00;0.00;0.00;582.00;0.00;0.00;0.00;1164.00;582.00;2010.00;624.67;3663.34;1568.00;2581.66;3961.66;2377.00;1360.00;1147.67;2591.00;2153.67;789.67;1554.66;2489.33;1357.65;1654.67;2291.67;1324.67;1664.67;2860.00;1884.67;1724.67;460.00;1530.00
1772829154.4925146;0.00;1067.00;0.00;0.00;0.00;0.00;0.00;582.00;0.00;0.00;0.00;582.00;0.00;0.00;0.00;0.00;0.00;582.00;0.00;0.00;0.00;1164.00;582.00;2010.00;624.67;3663.34;1568.00;2581.66;3961.66;2377.00;1360.00;1147.67;2591.00;2153.67;789.67;1554.66;2489.33;1357.65;1654.67;2291.67;1324.67;1664.67;2860.00;1884.67;1724.67;460.00;1530.00
1772829157.0393577;0.00;97.00;0.00;0.00;0.00;0.00;0.00;0.00;0.00;0.00;0.00;194.00;0.00;0.00;0.00;0.00;0.00;582.00;0.00;0.00;0.00;873.00;582.00;2010.00;400.00;3438.67;1084.67;0.00;150.00;80.00;80.00;160.00;1059.34;1767.34;565.00;160.00;1240.00;320.00;0.00;2291.67;1324.67;1440.00;150.00;1884.67;450.00;460.00;1530.00
1772829157.040647;0.00;97.00;0.00;0.00;0.00;0.00;0.00;0.00;0.00;0.00;0.00;194.00;0.00;0.00;0.00;0.00;0.00;582.00;0.00;0.00;0.00;873.00;582.00;2010.00;400.00;3438.67;1084.67;0.00;150.00;80.00;80.00;160.00;1059.34;1767.34;565.00;160.00;1240.00;320.00;0.00;2291.67;1324.67;1440.00;150.00;1884.67;450.00;460.00;1530.00
1772829157.0867336;0.00;194.00;0.00;0.00;0.00;0.00;0.00;0.00;0.00;0.00;0.00;194.00;0.00;0.00;0.00;0.00;0.00;582.00;0.00;0.00;0.00;873.00;582.00;2010.00;400.00;3438.67;1084.67;0.00;450.00;320.00;320.00;160.00;1059.34;1767.34;565.00;640.00;1240.00;320.00;0.00;2291.67;1324.67;1440.00;450.00;1884.67;450.00;460.00;1530.00
1772829157.0883908;0.00;194.00;0.00;0.00;0.00;0.00;0.00;0.00;0.00;0.00;0.00;194.00;0.00;0.00;0.00;0.00;0.00;582.00;0.00;0.00;0.00;873.00;582.00;2010.00;400.00;3438.67;1084.67;0.00;450.00;320.00;320.00;160.00;1059.34;1767.34;565.00;640.00;1240.00;320.00;0.00;2291.67;1324.67;1440.00;450.00;1884.67;450.00;460.00;1530.00
1772829157.2197347;0.00;291.00;0.00;0.00;0.00;0.00;0.00;0.00;0.00;0.00;0.00;194.00;0.00;0.00;0.00;0.00;0.00;582.00;0.00;0.00;0.00;873.00;582.00;2010.00;400.00;3438.67;1084.67;0.00;750.00;560.00;560.00;160.00;1059.34;1767.34;565.00;1120.00;1240.00;320.00;0.00;2291.67;1324.67;1440.00;750.00;1884.67;450.00;460.00;1530.00
1772829157.2209227;0.00;291.00;0.00;0.00;0.00;0.00;0.00;0.00;0.00;0.00;0.00;194.00;0.00;0.00;0.00;0.00;0.00;582.00;0.00;0.00;0.00;873.00;582.00;2010.00;400.00;3438.67;1084.67;0.00;750.00;560.00;560.00;160.00;1059.34;1767.34;565.00;1120.00;1240.00;320.00;0.00;2291.67;1324.67;1440.00;750.00;1884.67;450.00;460.00;1530.00
1772829157.2645023;0.00;388.00;0.00;0.00;0.00;0.00;0.00;0.00;0.00;0.00;0.00;194.00;0.00;0.00;0.00;0.00;0.00;582.00;0.00;0.00;0.00;873.00;582.00;2010.00;400.00;3438.67;1084.67;0.00;1050.00;800.00;800.00;160.00;1059.34;1767.34;565.00;1600.00;1240.00;320.00;0.00;2291.67;1324.67;1440.00;1050.00;1884.67;450.00;460.00;1530.00
1772829157.2656894;0.00;388.00;0.00;0.00;0.00;0.00;0.00;0.00;0.00;0.00;0.00;194.00;0.00;0.00;0.00;0.00;0.00;582.00;0.00;0.00;0.00;873.00;582.00;2010.00;400.00;3438.67;1084.67;0.00;1050.00;800.00;800.00;160.00;1059.34;1767.34;565.00;1600.00;1240.00;320.00;0.00;2291.67;1324.67;1440.00;1050.00;1884.67;450.00;460.00;1530.00
1772829157.3052282;0.00;485.00;0.00;0.00;0.00;0.00;0.00;0.00;0.00;0.00;0.00;194.00;0.00;0.00;0.00;0.00;0.00;582.00;0.00;0.00;0.00;873.00;582.00;2010.00;400.00;3438.67;1084.67;0.00;1350.00;1040.00;1040.00;160.00;1059.34;1767.34;565.00;2080.00;1240.00;320.00;0.00;2291.67;1324.67;1440.00;1350.00;1884.67;450.00;460.00;1530.00
1772829157.306422;0.00;485.00;0.00;0.00;0.00;0.00;0.00;0.00;0.00;0.00;0.00;194.00;0.00;0.00;0.00;0.00;0.00;582.00;0.00;0.00;0.00;873.00;582.00;2010.00;400.00;3438.67;1084.67;0.00;1350.00;1040.00;1040.00;160.00;1059.34;1767.34;565.00;2080.00;1240.00;320.00;0.00;2291.67;1324.67;1440.00;1350.00;1884.67;450.00;460.00;1530.00
1772829157.3464167;0.00;485.00;0.00;0.00;0.00;0.00;0.00;0.00;0.00;0.00;0.00;291.00;0.00;0.00;0.00;0.00;0.00;582.00;0.00;0.00;0.00;873.00;582.00;2010.00;400.00;3438.67;1181.67;240.00;1730.00;1040.00;1040.00;160.00;1059.34;1767.34;565.00;2390.00;1240.00;320.00;0.00;2291.67;1324.67;1440.00;1810.00;1884.67;450.00;460.00;1530.00
1772829157.347649;0.00;485.00;0.00;0.00;0.00;0.00;0.00;0.00;0.00;0.00;0.00;291.00;0.00;0.00;0.00;0.00;0.00;582.00;0.00;0.00;0.00;873.00;582.00;2010.00;400.00;3438.67;1181.67;240.00;1730.00;1040.00;1040.00;160.00;1059.34;1767.34;565.00;2390.00;1240.00;320.00;0.00;2291.67;1324.67;1440.00;1810.00;1884.67;450.00;460.00;1530.00
1772829157.3862908;0.00;485.00;0.00;0.00;0.00;0.00;0.00;0.00;0.00;0.00;0.00;291.00;0.00;0.00;0.00;0.00;0.00;582.00;0.00;0.00;0.00;970.00;582.00;2010.00;400.00;3438.67;1181.67;240.00;1730.00;1040.00;1040.00;710.00;1306.34;1864.34;565.00;2390.00;1614.67;550.00;0.00;2291.67;1324.67;1440.00;1810.00;1884.67;600.00;460.00;1530.00
1772829157.387633;0.00;485.00;0.00;0.00;0.00;0.00;0.00;0.00;0.00;0.00;0.00;291.00;0.00;0.00;0.00;0.00;0.00;582.00;0.00;0.00;0.00;970.00;582.00;2010.00;400.00;3438.67;1181.67;240.00;1730.00;1040.00;1040.00;710.00;1306.34;1864.34;565.00;2390.00;1614.67;550.00;0.00;2291.67;1324.67;1440.00;1810.00;1884.67;600.00;460.00;1530.00
1772829157.4282155;0.00;485.00;0.00;0.00;0.00;0.00;0.00;97.00;0.00;0.00;0.00;291.00;0.00;0.00;0.00;0.00;0.00;582.00;0.00;0.00;0.00;970.00;582.00;2010.00;400.00;3438.67;1181.67;240.00;2302.33;1137.00;1040.00;710.00;1306.34;1864.34;565.00;2770.00;1614.67;550.00;0.00;2291.67;1324.67;1440.00;2270.00;1884.67;600.00;460.00;1530.00
1772829157.4294755;0.00;485.00;0.00;0.00;0.00;0.00;0.00;97.00;0.00;0.00;0.00;291.00;0.00;0.00;0.00;0.00;0.00;582.00;0.00;0.00;0.00;970.00;582.00;2010.00;400.00;3438.67;1181.67;240.00;2302.33;1137.00;1040.00;710.00;1306.34;1864.34;565.00;2770.00;1614.67;550.00;0.00;2291.67;1324.67;1440.00;2270.00;1884.67;600.00;460.00;1530.00
1772829157.4696946;0.00;582.00;0.00;0.00;0.00;0.00;0.00;97.00;0.00;0.00;0.00;291.00;0.00;0.00;0.00;0.00;0.00;582.00;0.00;0.00;0.00;970.00;582.00;2010.00;400.00;3438.67;1181.67;240.00;2612.33;1297.00;1200.00;972.33;1456.34;1864.34;565.00;2920.00;1614.67;710.00;0.00;2291.67;1324.67;1440.00;2580.00;1884.67;750.00;460.00;1530.00
1772829157.47114;0.00;582.00;0.00;0.00;0.00;0.00;0.00;97.00;0.00;0.00;0.00;291.00;0.00;0.00;0.00;0.00;0.00;582.00;0.00;0.00;0.00;970.00;582.00;2010.00;400.00;3438.67;1181.67;240.00;2612.33;1297.00;1200.00;972.33;1456.34;1864.34;565.00;2920.00;1614.67;710.00;0.00;2291.67;1324.67;1440.00;2580.00;1884.67;750.00;460.00;1530.00
1772829157.5818725;0.00;582.00;0.00;0.00;0.00;0.00;0.00;97.00;0.00;0.00;0.00;388.00;0.00;0.00;0.00;0.00;0.00;582.00;0.00;0.00;0.00;970.00;582.00;2010.00;400.00;3588.67;1428.67;630.00;3082.33;1297.00;1200.00;972.33;1456.34;1864.34;565.00;2920.00;1614.67;710.00;0.00;2291.67;1324.67;1440.00;2730.00;2034.67;750.00;460.00;1530.00
1772829157.5833282;0.00;582.00;0.00;0.00;0.00;0.00;0.00;97.00;0.00;0.00;0.00;388.00;0.00;0.00;0.00;0.00;0.00;582.00;0.00;0.00;0.00;970.00;582.00;2010.00;400.00;3588.67;1428.67;630.00;3082.33;1297.00;1200.00;972.33;1456.34;1864.34;565.00;2920.00;1614.67;710.00;0.00;2291.67;1324.67;1440.00;2730.00;2034.67;750.00;460.00;1530.00
1772829157.6231296;0.00;582.00;0.00;0.00;0.00;0.00;0.00;97.00;0.00;0.00;0.00;388.00;0.00;0.00;0.00;0.00;0.00;582.00;0.00;0.00;0.00;1067.00;582.00;2010.00;400.00;3588.67;1428.67;630.00;3082.33;1297.00;1200.00;1522.33;1853.34;1961.34;565.00;2920.00;1999.34;710.00;0.00;2291.67;1324.67;1440.00;2730.00;2034.67;1050.00;460.00;1530.00
1772829157.6244266;0.00;582.00;0.00;0.00;0.00;0.00;0.00;97.00;0.00;0.00;0.00;388.00;0.00;0.00;0.00;0.00;0.00;582.00;0.00;0.00;0.00;1067.00;582.00;2010.00;400.00;3588.67;1428.67;630.00;3082.33;1297.00;1200.00;1522.33;1853.34;1961.34;565.00;2920.00;1999.34;710.00;0.00;2291.67;1324.67;1440.00;2730.00;2034.67;1050.00;460.00;1530.00
1772829157.6704478;0.00;582.00;0.00;0.00;0.00;0.00;0.00;194.00;0.00;0.00;0.00;388.00;0.00;0.00;0.00;0.00;0.00;582.00;0.00;0.00;0.00;1067.00;582.00;2010.00;400.00;3738.67;1578.67;1004.67;3537.00;1394.00;1200.00;1522.33;1853.34;1961.34;565.00;3032.33;1999.34;710.00;0.00;2291.67;1324.67;1440.00;2880.00;2184.67;1050.00;460.00;1530.00
1772829157.672346;0.00;582.00;0.00;0.00;0.00;0.00;0.00;194.00;0.00;0.00;0.00;388.00;0.00;0.00;0.00;0.00;0.00;582.00;0.00;0.00;0.00;1067.00;582.00;2010.00;400.00;3738.67;1578.67;1004.67;3537.00;1394.00;1200.00;1522.33;1853.34;1961.34;565.00;3032.33;1999.34;710.00;0.00;2291.67;1324.67;1440.00;2880.00;2184.67;1050.00;460.00;1530.00
1772829157.7226539;0.00;679.00;0.00;0.00;0.00;0.00;0.00;194.00;0.00;0.00;0.00;388.00;0.00;0.00;0.00;0.00;0.00;582.00;0.00;0.00;0.00;1067.00;582.00;2010.00;400.00;3738.67;1578.67;1314.67;3697.00;1554.00;1360.00;1832.33;2003.34;1961.34;565.00;3032.33;1999.34;822.33;0.00;2291.67;1324.67;1440.00;3030.00;2184.67;1200.00;460.00;1530.00
1772829157.7244294;0.00;679.00;0.00;0.00;0.00;0.00;0.00;194.00;0.00;0.00;0.00;388.00;0.00;0.00;0.00;0.00;0.00;582.00;0.00;0.00;0.00;1067.00;582.00;2010.00;400.00;3738.67;1578.67;1314.67;3697.00;1554.00;1360.00;1832.33;2003.34;1961.34;565.00;3032.33;1999.34;822.33;0.00;2291.67;1324.67;1440.00;3030.00;2184.67;1200.00;460.00;1530.00
1772829157.786623;0.00;679.00;0.00;0.00;0.00;0.00;0.00;194.00;0.00;0.00;0.00;388.00;0.00;0.00;0.00;0.00;0.00;582.00;0.00;0.00;0.00;1067.00;582.00;2010.00;400.00;3738.67;1578.67;1314.67;3697.00;1554.00;1360.00;1832.33;2003.34;1961.34;565.00;3032.33;1999.34;822.33;0.00;2291.67;1324.67;1440.00;3030.00;2184.67;1200.00;460.00;1530.00
1772829157.7891817;0.00;679.00;0.00;0.00;0.00;0.00;0.00;194.00;0.00;0.00;0.00;388.00;0.00;0.00;0.00;0.00;0.00;582.00;0.00;0.00;0.00;1067.00;582.00;2010.00;400.00;3738.67;1578.67;1314.67;3697.00;1554.00;1360.00;1832.33;2003.34;1961.34;565.00;3032.33;1999.34;822.33;0.00;2291.67;1324.67;1440.00;3030.00;2184.67;1200.00;460.00;1530.00
1772829157.8520927;0.00;679.00;0.00;0.00;0.00;0.00;0.00;194.00;0.00;0.00;0.00;388.00;0.00;0.00;0.00;0.00;0.00;582.00;0.00;0.00;0.00;1067.00;582.00;2010.00;400.00;3738.67;1578.67;1314.67;3697.00;1554.00;1360.00;1832.33;2003.34;1961.34;565.00;3032.33;1999.34;822.33;0.00;2291.67;1324.67;1440.00;3030.00;2184.67;1200.00;460.00;1530.00
1772829157.8547401;0.00;679.00;0.00;0.00;0.00;0.00;0.00;194.00;0.00;0.00;0.00;388.00;0.00;0.00;0.00;0.00;0.00;582.00;0.00;0.00;0.00;1067.00;582.00;2010.00;400.00;3738.67;1578.67;1314.67;3697.00;1554.00;1360.00;1832.33;2003.34;1961.34;565.00;3032.33;1999.34;822.33;0.00;2291.67;1324.67;1440.00;3030.00;2184.67;1200.00;460.00;1530.00
1772829157.895107;0.00;679.00;0.00;0.00;0.00;0.00;0.00;194.00;0.00;0.00;0.00;388.00;0.00;0.00;0.00;0.00;0.00;582.00;0.00;0.00;0.00;1067.00;582.00;2010.00;400.00;3738.67;1578.67;1314.67;3697.00;1554.00;1360.00;1832.33;2003.34;1961.34;565.00;3032.33;1999.34;822.33;0.00;2291.67;1324.67;1440.00;3030.00;2184.67;1200.00;460.00;1530.00
1772829157.8965945;0.00;679.00;0.00;0.00;0.00;0.00;0.00;194.00;0.00;0.00;0.00;388.00;0.00;0.00;0.00;0.00;0.00;582.00;0.00;0.00;0.00;1067.00;582.00;2010.00;400.00;3738.67;1578.67;1314.67;3697.00;1554.00;1360.00;1832.33;2003.34;1961.34;565.00;3032.33;1999.34;822.33;0.00;2291.67;1324.67;1440.00;3030.00;2184.67;1200.00;460.00;1530.00
1772829158.030605;0.00;679.00;0.00;0.00;0.00;0.00;0.00;194.00;0.00;0.00;0.00;388.00;0.00;0.00;0.00;0.00;0.00;582.00;0.00;0.00;0.00;1067.00;582.00;2010.00;400.00;3738.67;1578.67;1314.67;3697.00;1554.00;1360.00;1832.33;2003.34;1961.34;565.00;3032.33;1999.34;822.33;0.00;2291.67;1324.67;1440.00;3030.00;2184.67;1200.00;460.00;1530.00
1772829158.0333147;0.00;679.00;0.00;0.00;0.00;0.00;0.00;194.00;0.00;0.00;0.00;388.00;0.00;0.00;0.00;0.00;0.00;582.00;0.00;0.00;0.00;1067.00;582.00;2010.00;400.00;3738.67;1578.67;1314.67;3697.00;1554.00;1360.00;1832.33;2003.34;1961.34;565.00;3032.33;1999.34;822.33;0.00;2291.67;1324.67;1440.00;3030.00;2184.67;1200.00;460.00;1530.00
1772829158.0971227;0.00;679.00;0.00;0.00;0.00;0.00;0.00;194.00;0.00;0.00;0.00;388.00;0.00;0.00;0.00;0.00;0.00;582.00;0.00;0.00;0.00;1067.00;582.00;2010.00;400.00;3738.67;1578.67;1314.67;3697.00;1554.00;1360.00;1832.33;2003.34;1961.34;565.00;3032.33;1999.34;822.33;0.00;2291.67;1324.67;1440.00;3030.00;2184.67;1200.00;460.00;1530.00
1772829158.0997198;0.00;679.00;0.00;0.00;0.00;0.00;0.00;194.00;0.00;0.00;0.00;388.00;0.00;0.00;0.00;0.00;0.00;582.00;0.00;0.00;0.00;1067.00;582.00;2010.00;400.00;3738.67;1578.67;1314.67;3697.00;1554.00;1360.00;1832.33;2003.34;1961.34;565.00;3032.33;1999.34;822.33;0.00;2291.67;1324.67;1440.00;3030.00;2184.67;1200.00;460.00;1530.00
1772829158.1592653;0.00;679.00;0.00;0.00;0.00;0.00;0.00;194.00;0.00;0.00;0.00;388.00;0.00;0.00;0.00;0.00;0.00;582.00;0.00;0.00;0.00;1067.00;582.00;2010.00;400.00;3738.67;1578.67;1314.67;3697.00;1554.00;1360.00;1832.33;2003.34;1961.34;565.00;3032.33;1999.34;822.33;0.00;2291.67;1324.67;1440.00;3030.00;2184.67;1200.00;460.00;1530.00
1772829158.1607156;0.00;679.00;0.00;0.00;0.00;0.00;0.00;194.00;0.00;0.00;0.00;388.00;0.00;0.00;0.00;0.00;0.00;582.00;0.00;0.00;0.00;1067.00;582.00;2010.00;400.00;3738.67;1578.67;1314.67;3697.00;1554.00;1360.00;1832.33;2003.34;1961.34;565.00;3032.33;1999.34;822.33;0.00;2291.67;1324.67;1440.00;3030.00;2184.67;1200.00;460.00;1530.00
1772829158.2249324;0.00;679.00;0.00;0.00;0.00;0.00;0.00;194.00;0.00;0.00;0.00;388.00;0.00;0.00;0.00;0.00;0.00;582.00;0.00;0.00;0.00;1067.00;582.00;2010.00;400.00;3738.67;1578.67;1314.67;3697.00;1554.00;1360.00;1832.33;2003.34;1961.34;565.00;3032.33;1999.34;822.33;0.00;2291.67;1324.67;1440.00;3030.00;2184.67;1200.00;460.00;1530.00
1772829158.227626;0.00;679.00;0.00;0.00;0.00;0.00;0.00;194.00;0.00;0.00;0.00;388.00;0.00;0.00;0.00;0.00;0.00;582.00;0.00;0.00;0.00;1067.00;582.00;2010.00;400.00;3738.67;1578.67;1314.67;3697.00;1554.00;1360.00;1832.33;2003.34;1961.34;565.00;3032.33;1999.34;822.33;0.00;2291.67;1324.67;1440.00;3030.00;2184.67;1200.00;460.00;1530.00
1772829158.2805007;0.00;679.00;0.00;0.00;0.00;0.00;0.00;194.00;0.00;0.00;0.00;388.00;0.00;0.00;0.00;0.00;0.00;582.00;0.00;0.00;0.00;1067.00;582.00;2010.00;400.00;3738.67;1578.67;1314.67;3697.00;1554.00;1360.00;1832.33;2003.34;1961.34;565.00;3032.33;1999.34;822.33;0.00;2291.67;1324.67;1440.00;3030.00;2184.67;1200.00;460.00;1530.00
1772829158.281964;0.00;679.00;0.00;0.00;0.00;0.00;0.00;194.00;0.00;0.00;0.00;388.00;0.00;0.00;0.00;0.00;0.00;582.00;0.00;0.00;0.00;1067.00;582.00;2010.00;400.00;3738.67;1578.67;1314.67;3697.00;1554.00;1360.00;1832.33;2003.34;1961.34;565.00;3032.33;1999.34;822.33;0.00;2291.67;1324.67;1440.00;3030.00;2184.67;1200.00;460.00;1530.00
1772829158.3219442;0.00;679.00;0.00;0.00;0.00;0.00;0.00;194.00;0.00;0.00;0.00;388.00;0.00;0.00;0.00;0.00;0.00;582.00;0.00;0.00;0.00;1067.00;582.00;2010.00;400.00;3738.67;1578.67;1314.67;3697.00;1554.00;1360.00;1832.33;2003.34;1961.34;565.00;3032.33;1999.34;822.33;0.00;2291.67;1324.67;1440.00;3030.00;2184.67;1200.00;460.00;1530.00
1772829158.3234696;0.00;679.00;0.00;0.00;0.00;0.00;0.00;194.00;0.00;0.00;0.00;388.00;0.00;0.00;0.00;0.00;0.00;582.00;0.00;0.00;0.00;1067.00;582.00;2010.00;400.00;3738.67;1578.67;1314.67;3697.00;1554.00;1360.00;1832.33;2003.34;1961.34;565.00;3032.33;1999.34;822.33;0.00;2291.67;1324.67;1440.00;3030.00;2184.67;1200.00;460.00;1530.00
1772829158.432102;0.00;679.00;0.00;0.00;0.00;0.00;0.00;194.00;0.00;0.00;0.00;388.00;0.00;0.00;0.00;0.00;0.00;582.00;0.00;0.00;0.00;1067.00;582.00;2010.00;400.00;3738.67;1578.67;1314.67;3697.00;1554.00;1360.00;1832.33;2003.34;1961.34;565.00;3032.33;1999.34;822.33;0.00;2291.67;1324.67;1440.00;3030.00;2184.67;1200.00;460.00;1530.00
1772829158.433418;0.00;679.00;0.00;0.00;0.00;0.00;0.00;194.00;0.00;0.00;0.00;388.00;0.00;0.00;0.00;0.00;0.00;582.00;0.00;0.00;0.00;1067.00;582.00;2010.00;400.00;3738.67;1578.67;1314.67;3697.00;1554.00;1360.00;1832.33;2003.34;1961.34;565.00;3032.33;1999.34;822.33;0.00;2291.67;1324.67;1440.00;3030.00;2184.67;1200.00;460.00;1530.00
1772829158.4728718;0.00;679.00;0.00;0.00;0.00;0.00;0.00;194.00;0.00;0.00;0.00;388.00;0.00;0.00;0.00;0.00;0.00;582.00;0.00;0.00;0.00;1067.00;582.00;2010.00;400.00;3738.67;1578.67;1314.67;3697.00;1554.00;1360.00;1832.33;2003.34;1961.34;565.00;3032.33;1999.34;822.33;0.00;2291.67;1324.67;1440.00;3030.00;2184.67;1200.00;460.00;1530.00
1772829158.474237;0.00;679.00;0.00;0.00;0.00;0.00;0.00;194.00;0.00;0.00;0.00;388.00;0.00;0.00;0.00;0.00;0.00;582.00;0.00;0.00;0.00;1067.00;582.00;2010.00;400.00;3738.67;1578.67;1314.67;3697.00;1554.00;1360.00;1832.33;2003.34;1961.34;565.00;3032.33;1999.34;822.33;0.00;2291.67;1324.67;1440.00;3030.00;2184.67;1200.00;460.00;1530.00
1772829164.0677154;0.00;679.00;0.00;0.00;0.00;0.00;0.00;194.00;0.00;0.00;0.00;388.00;0.00;0.00;0.00;0.00;0.00;582.00;0.00;0.00;0.00;1067.00;582.00;2010.00;400.00;3738.67;1578.67;1314.67;3697.00;1554.00;1360.00;1832.33;2003.34;1961.34;565.00;3032.33;1999.34;822.33;0.00;2291.67;1324.67;1440.00;3030.00;2184.67;1200.00;460.00;1530.00
1772829164.0701332;0.00;679.00;0.00;0.00;0.00;0.00;0.00;194.00;0.00;0.00;0.00;388.00;0.00;0.00;0.00;0.00;0.00;582.00;0.00;0.00;0.00;1067.00;582.00;2010.00;400.00;3738.67;1578.67;1314.67;3697.00;1554.00;1360.00;1832.33;2003.34;1961.34;565.00;3032.33;1999.34;822.33;0.00;2291.67;1324.67;1440.00;3030.00;2184.67;1200.00;460.00;1530.00
1772829164.107396;0.00;679.00;0.00;0.00;0.00;0.00;0.00;194.00;0.00;0.00;0.00;388.00;0.00;0.00;0.00;0.00;0.00;582.00;0.00;0.00;0.00;1067.00;582.00;2010.00;400.00;3738.67;1578.67;1314.67;3697.00;1554.00;1360.00;1832.33;2003.34;1961.34;565.00;3032.33;1999.34;822.33;0.00;2291.67;1324.67;1440.00;3030.00;2184.67;1200.00;460.00;1530.00
1772829164.1086822;0.00;679.00;0.00;0.00;0.00;0.00;0.00;194.00;0.00;0.00;0.00;388.00;0.00;0.00;0.00;0.00;0.00;582.00;0.00;0.00;0.00;1067.00;582.00;2010.00;400.00;3738.67;1578.67;1314.67;3697.00;1554.00;1360.00;1832.33;2003.34;1961.34;565.00;3032.33;1999.34;822.33;0.00;2291.67;1324.67;1440.00;3030.00;2184.67;1200.00;460.00;1530.00
1772829164.1449227;0.00;679.00;0.00;0.00;0.00;0.00;0.00;194.00;0.00;0.00;0.00;388.00;0.00;0.00;0.00;0.00;0.00;582.00;0.00;0.00;0.00;1067.00;582.00;2010.00;400.00;3738.67;1578.67;1314.67;3697.00;1554.00;1360.00;1832.33;2003.34;1961.34;565.00;3032.33;1999.34;822.33;0.00;2291.67;1324.67;1440.00;3030.00;2184.67;1200.00;460.00;1530.00
1772829164.1462455;0.00;679.00;0.00;0.00;0.00;0.00;0.00;194.00;0.00;0.00;0.00;388.00;0.00;0.00;0.00;0.00;0.00;582.00;0.00;0.00;0.00;1067.00;582.00;2010.00;400.00;3738.67;1578.67;1314.67;3697.00;1554.00;1360.00;1832.33;2003.34;1961.34;565.00;3032.33;1999.34;822.33;0.00;2291.67;1324.67;1440.00;3030.00;2184.67;1200.00;460.00;1530.00
1772829164.182513;0.00;679.00;0.00;0.00;0.00;0.00;0.00;194.00;0.00;0.00;0.00;388.00;0.00;0.00;0.00;0.00;0.00;582.00;0.00;0.00;0.00;1067.00;582.00;2010.00;400.00;3738.67;1578.67;1314.67;3697.00;1554.00;1360.00;1832.33;2003.34;1961.34;565.00;3032.33;1999.34;822.33;0.00;2291.67;1324.67;1440.00;3030.00;2184.67;1200.00;460.00;1530.00
1772829164.183815;0.00;679.00;0.00;0.00;0.00;0.00;0.00;194.00;0.00;0.00;0.00;388.00;0.00;0.00;0.00;0.00;0.00;582.00;0.00;0.00;0.00;1067.00;582.00;2010.00;400.00;3738.67;1578.67;1314.67;3697.00;1554.00;1360.00;1832.33;2003.34;1961.34;565.00;3032.33;1999.34;822.33;0.00;2291.67;1324.67;1440.00;3030.00;2184.67;1200.00;460.00;1530.00
1772829164.2890122;0.00;679.00;0.00;0.00;0.00;0.00;0.00;194.00;0.00;0.00;0.00;388.00;0.00;0.00;0.00;0.00;0.00;582.00;0.00;0.00;0.00;1067.00;582.00;2010.00;400.00;3738.67;1578.67;1314.67;3697.00;1554.00;1360.00;1832.33;2003.34;1961.34;565.00;3032.33;1999.34;822.33;0.00;2291.67;1324.67;1440.00;3030.00;2184.67;1200.00;460.00;1530.00
1772829164.2903543;0.00;679.00;0.00;0.00;0.00;0.00;0.00;194.00;0.00;0.00;0.00;388.00;0.00;0.00;0.00;0.00;0.00;582.00;0.00;0.00;0.00;1067.00;582.00;2010.00;400.00;3738.67;1578.67;1314.67;3697.00;1554.00;1360.00;1832.33;2003.34;1961.34;565.00;3032.33;1999.34;822.33;0.00;2291.67;1324.67;1440.00;3030.00;2184.67;1200.00;460.00;1530.00
1772829164.3264768;0.00;679.00;0.00;0.00;0.00;0.00;0.00;194.00;0.00;0.00;0.00;388.00;0.00;0.00;0.00;0.00;0.00;582.00;0.00;0.00;0.00;1067.00;582.00;2010.00;400.00;3738.67;1578.67;1314.67;3697.00;1554.00;1360.00;1832.33;2003.34;1961.34;565.00;3032.33;1999.34;822.33;0.00;2291.67;1324.67;1440.00;3030.00;2184.67;1200.00;460.00;1530.00
1772829164.327736;0.00;679.00;0.00;0.00;0.00;0.00;0.00;194.00;0.00;0.00;0.00;388.00;0.00;0.00;0.00;0.00;0.00;582.00;0.00;0.00;0.00;1067.00;582.00;2010.00;400.00;3738.67;1578.67;1314.67;3697.00;1554.00;1360.00;1832.33;2003.34;1961.34;565.00;3032.33;1999.34;822.33;0.00;2291.67;1324.67;1440.00;3030.00;2184.67;1200.00;460.00;1530.00
1772829186.1603665;0.00;0.00;0.00;0.00;0.00;0.00;0.00;194.00;0.00;0.00;0.00;388.00;0.00;97.00;0.00;0.00;0.00;582.00;0.00;0.00;0.00;1067.00;582.00;2010.00;640.00;3978.67;1818.67;1234.67;230.00;0.00;0.00;940.00;1253.34;1961.34;565.00;0.00;1689.34;70.00;0.00;2291.67;1324.67;1664.67;300.00;2184.67;450.00;460.00;1530.00
1772829186.1632864;0.00;0.00;0.00;0.00;0.00;0.00;0.00;194.00;0.00;0.00;0.00;388.00;0.00;97.00;0.00;0.00;0.00;582.00;0.00;0.00;0.00;1067.00;582.00;2010.00;640.00;3978.67;1818.67;1234.67;230.00;0.00;0.00;940.00;1253.34;1961.34;565.00;0.00;1689.34;70.00;0.00;2291.67;1324.67;1664.67;300.00;2184.67;450.00;460.00;1530.00
1772829186.255373;0.00;0.00;0.00;0.00;0.00;0.00;0.00;194.00;0.00;0.00;0.00;388.00;0.00;194.00;0.00;0.00;0.00;582.00;0.00;0.00;0.00;1067.00;582.00;2010.00;832.33;4171.00;2011.00;1474.67;610.00;0.00;0.00;940.00;1253.34;1961.34;565.00;310.00;1689.34;70.00;0.00;2291.67;1324.67;1664.67;760.00;2184.67;450.00;460.00;1530.00
1772829186.2582521;0.00;0.00;0.00;0.00;0.00;0.00;0.00;194.00;0.00;0.00;0.00;388.00;0.00;194.00;0.00;0.00;0.00;582.00;0.00;0.00;0.00;1067.00;582.00;2010.00;832.33;4171.00;2011.00;1474.67;610.00;0.00;0.00;940.00;1253.34;1961.34;565.00;310.00;1689.34;70.00;0.00;2291.67;1324.67;1664.67;760.00;2184.67;450.00;460.00;1530.00
1772829186.349383;0.00;0.00;0.00;0.00;0.00;0.00;0.00;194.00;0.00;0.00;0.00;388.00;0.00;291.00;0.00;0.00;0.00;582.00;0.00;0.00;0.00;1067.00;582.00;2170.00;864.66;4203.33;2043.33;1554.67;840.00;0.00;0.00;940.00;1563.34;2121.34;725.00;470.00;2009.34;70.00;0.00;2291.67;1324.67;1664.67;910.00;2184.67;600.00;460.00;1530.00
1772829186.3523827;0.00;0.00;0.00;0.00;0.00;0.00;0.00;194.00;0.00;0.00;0.00;388.00;0.00;291.00;0.00;0.00;0.00;582.00;0.00;0.00;0.00;1067.00;582.00;2170.00;864.66;4203.33;2043.33;1554.67;840.00;0.00;0.00;940.00;1563.34;2121.34;725.00;470.00;2009.34;70.00;0.00;2291.67;1324.67;1664.67;910.00;2184.67;600.00;460.00;1530.00
1772829186.430822;0.00;0.00;0.00;0.00;0.00;0.00;0.00;194.00;0.00;0.00;0.00;388.00;0.00;388.00;0.00;0.00;0.00;582.00;0.00;0.00;0.00;1067.00;582.00;2170.00;961.66;4300.33;2140.33;1794.67;1380.00;0.00;0.00;940.00;1563.34;2121.34;725.00;950.00;2009.34;70.00;0.00;2291.67;1324.67;1664.67;1210.00;2184.67;600.00;460.00;1530.00
1772829186.4331248;0.00;0.00;0.00;0.00;0.00;0.00;0.00;194.00;0.00;0.00;0.00;388.00;0.00;388.00;0.00;0.00;0.00;582.00;0.00;0.00;0.00;1067.00;582.00;2170.00;961.66;4300.33;2140.33;1794.67;1380.00;0.00;0.00;940.00;1563.34;2121.34;725.00;950.00;2009.34;70.00;0.00;2291.67;1324.67;1664.67;1210.00;2184.67;600.00;460.00;1530.00
1772829186.626474;0.00;0.00;0.00;0.00;0.00;0.00;0.00;194.00;0.00;0.00;0.00;388.00;0.00;485.00;0.00;0.00;0.00;582.00;0.00;0.00;0.00;1067.00;582.00;2170.00;1153.99;4492.66;2332.66;2034.67;1920.00;0.00;0.00;940.00;1563.34;2121.34;725.00;1430.00;2009.34;70.00;0.00;2291.67;1324.67;1664.67;1510.00;2184.67;600.00;460.00;1530.00
1772829186.628853;0.00;0.00;0.00;0.00;0.00;0.00;0.00;194.00;0.00;0.00;0.00;388.00;0.00;485.00;0.00;0.00;0.00;582.00;0.00;0.00;0.00;1067.00;582.00;2170.00;1153.99;4492.66;2332.66;2034.67;1920.00;0.00;0.00;940.00;1563.34;2121.34;725.00;1430.00;2009.34;70.00;0.00;2291.67;1324.67;1664.67;1510.00;2184.67;600.00;460.00;1530.00
1772829186.6945796;0.00;0.00;0.00;0.00;0.00;0.00;0.00;194.00;0.00;0.00;0.00;388.00;0.00;582.00;0.00;0.00;0.00;582.00;0.00;0.00;0.00;1067.00;582.00;2170.00;1346.32;4684.99;2524.99;2274.67;2460.00;0.00;0.00;940.00;1563.34;2121.34;725.00;1910.00;2009.34;70.00;0.00;2291.67;1324.67;1664.67;1810.00;2184.67;600.00;460.00;1530.00
1772829186.697029;0.00;0.00;0.00;0.00;0.00;0.00;0.00;194.00;0.00;0.00;0.00;388.00;0.00;582.00;0.00;0.00;0.00;582.00;0.00;0.00;0.00;1067.00;582.00;2170.00;1346.32;4684.99;2524.99;2274.67;2460.00;0.00;0.00;940.00;1563.34;2121.34;725.00;1910.00;2009.34;70.00;0.00;2291.67;1324.67;1664.67;1810.00;2184.67;600.00;460.00;1530.00
1772829208.226148;0.00;0.00;0.00;0.00;0.00;0.00;0.00;194.00;97.00;0.00;0.00;388.00;0.00;582.00;0.00;0.00;0.00;291.00;0.00;0.00;0.00;1067.00;0.00;2170.00;1346.32;0.00;2524.99;2274.67;2760.00;240.00;0.00;20.00;0.00;0.00;725.00;2380.00;0.00;0.00;320.00;0.00;1324.67;1664.67;2110.00;0.00;0.00;0.00;1530.00
1772829208.2282593;0.00;0.00;0.00;0.00;0.00;0.00;0.00;194.00;97.00;0.00;0.00;388.00;0.00;582.00;0.00;0.00;0.00;291.00;0.00;0.00;0.00;1067.00;0.00;2170.00;1346.32;0.00;2524.99;2274.67;2760.00;240.00;0.00;20.00;0.00;0.00;725.00;2380.00;0.00;0.00;320.00;0.00;1324.67;1664.67;2110.00;0.00;0.00;0.00;1530.00
1772829208.3046536;0.00;0.00;0.00;0.00;0.00;0.00;0.00;194.00;194.00;0.00;0.00;388.00;0.00;582.00;0.00;0.00;0.00;291.00;0.00;0.00;0.00;1067.00;0.00;2170.00;1346.32;0.00;2524.99;2274.67;2760.00;502.33;160.00;170.00;0.00;0.00;725.00;2530.00;150.00;310.00;550.00;0.00;1324.67;1664.67;2110.00;0.00;0.00;0.00;1530.00
1772829208.307033;0.00;0.00;0.00;0.00;0.00;0.00;0.00;194.00;194.00;0.00;0.00;388.00;0.00;582.00;0.00;0.00;0.00;291.00;0.00;0.00;0.00;1067.00;0.00;2170.00;1346.32;0.00;2524.99;2274.67;2760.00;502.33;160.00;170.00;0.00;0.00;725.00;2530.00;150.00;310.00;550.00;0.00;1324.67;1664.67;2110.00;0.00;0.00;0.00;1530.00
1772829208.3838334;0.00;0.00;0.00;0.00;0.00;0.00;0.00;194.00;291.00;0.00;0.00;388.00;0.00;582.00;0.00;0.00;0.00;291.00;0.00;0.00;0.00;1067.00;0.00;2170.00;1346.32;0.00;2524.99;2274.67;2760.00;502.33;550.00;320.00;0.00;0.00;725.00;2530.00;300.00;780.00;700.00;0.00;1324.67;1664.67;2110.00;0.00;0.00;0.00;1530.00
1772829208.3859775;0.00;0.00;0.00;0.00;0.00;0.00;0.00;194.00;291.00;0.00;0.00;388.00;0.00;582.00;0.00;0.00;0.00;291.00;0.00;0.00;0.00;1067.00;0.00;2170.00;1346.32;0.00;2524.99;2274.67;2760.00;502.33;550.00;320.00;0.00;0.00;725.00;2530.00;300.00;780.00;700.00;0.00;1324.67;1664.67;2110.00;0.00;0.00;0.00;1530.00
1772829208.4629972;0.00;0.00;0.00;0.00;0.00;0.00;0.00;194.00;388.00;0.00;0.00;388.00;0.00;582.00;0.00;0.00;0.00;291.00;0.00;0.00;0.00;1067.00;0.00;2170.00;1346.32;0.00;2524.99;2274.67;2760.00;502.33;940.00;470.00;0.00;0.00;725.00;2530.00;450.00;1250.00;850.00;0.00;1324.67;1664.67;2110.00;0.00;0.00;0.00;1530.00
1772829208.4652135;0.00;0.00;0.00;0.00;0.00;0.00;0.00;194.00;388.00;0.00;0.00;388.00;0.00;582.00;0.00;0.00;0.00;291.00;0.00;0.00;0.00;1067.00;0.00;2170.00;1346.32;0.00;2524.99;2274.67;2760.00;502.33;940.00;470.00;0.00;0.00;725.00;2530.00;450.00;1250.00;850.00;0.00;1324.67;1664.67;2110.00;0.00;0.00;0.00;1530.00
1772829208.6710625;0.00;0.00;0.00;0.00;0.00;0.00;0.00;194.00;485.00;0.00;0.00;388.00;0.00;582.00;0.00;0.00;0.00;291.00;0.00;0.00;0.00;1067.00;0.00;2170.00;1346.32;0.00;2524.99;2274.67;2910.00;1139.33;940.00;470.00;0.00;0.00;725.00;2680.00;450.00;1250.00;1320.00;0.00;1324.67;1664.67;2260.00;0.00;0.00;0.00;1530.00
1772829208.6733177;0.00;0.00;0.00;0.00;0.00;0.00;0.00;194.00;485.00;0.00;0.00;388.00;0.00;582.00;0.00;0.00;0.00;291.00;0.00;0.00;0.00;1067.00;0.00;2170.00;1346.32;0.00;2524.99;2274.67;2910.00;1139.33;940.00;470.00;0.00;0.00;725.00;2680.00;450.00;1250.00;1320.00;0.00;1324.67;1664.67;2260.00;0.00;0.00;0.00;1530.00
1772829208.7498052;0.00;0.00;0.00;0.00;0.00;0.00;0.00;194.00;582.00;0.00;0.00;388.00;0.00;582.00;0.00;0.00;0.00;291.00;0.00;0.00;0.00;1067.00;0.00;2170.00;1346.32;0.00;2524.99;2274.67;3060.00;1776.33;940.00;470.00;0.00;0.00;725.00;2830.00;450.00;1250.00;1790.00;0.00;1324.67;1664.67;2410.00;0.00;0.00;0.00;1530.00
1772829208.752143;0.00;0.00;0.00;0.00;0.00;0.00;0.00;194.00;582.00;0.00;0.00;388.00;0.00;582.00;0.00;0.00;0.00;291.00;0.00;0.00;0.00;1067.00;0.00;2170.00;1346.32;0.00;2524.99;2274.67;3060.00;1776.33;940.00;470.00;0.00;0.00;725.00;2830.00;450.00;1250.00;1790.00;0.00;1324.67;1664.67;2410.00;0.00;0.00;0.00;1530.00
1772829219.2045138;0.00;0.00;0.00;0.00;0.00;0.00;0.00;194.00;582.00;0.00;0.00;388.00;97.00;582.00;0.00;0.00;0.00;0.00;0.00;0.00;0.00;1067.00;0.00;2170.00;1346.32;300.00;1524.99;1674.67;3060.00;1776.33;940.00;470.00;0.00;0.00;725.00;2830.00;450.00;1250.00;1790.00;480.00;0.00;1664.67;1810.00;300.00;0.00;0.00;1530.00
1772829219.2067702;0.00;0.00;0.00;0.00;0.00;0.00;0.00;194.00;582.00;0.00;0.00;388.00;97.00;582.00;0.00;0.00;0.00;0.00;0.00;0.00;0.00;1067.00;0.00;2170.00;1346.32;300.00;1524.99;1674.67;3060.00;1776.33;940.00;470.00;0.00;0.00;725.00;2830.00;450.00;1250.00;1790.00;480.00;0.00;1664.67;1810.00;300.00;0.00;0.00;1530.00
1772829219.2864852;0.00;0.00;0.00;0.00;0.00;0.00;0.00;194.00;582.00;0.00;0.00;388.00;194.00;582.00;0.00;0.00;0.00;0.00;0.00;0.00;0.00;1067.00;0.00;2170.00;1346.32;600.00;1764.99;1674.67;3060.00;1776.33;940.00;470.00;0.00;0.00;725.00;2830.00;450.00;1250.00;1790.00;950.00;320.00;1664.67;1810.00;600.00;0.00;0.00;1530.00
1772829219.288788;0.00;0.00;0.00;0.00;0.00;0.00;0.00;194.00;582.00;0.00;0.00;388.00;194.00;582.00;0.00;0.00;0.00;0.00;0.00;0.00;0.00;1067.00;0.00;2170.00;1346.32;600.00;1764.99;1674.67;3060.00;1776.33;940.00;470.00;0.00;0.00;725.00;2830.00;450.00;1250.00;1790.00;950.00;320.00;1664.67;1810.00;600.00;0.00;0.00;1530.00
1772829219.368014;0.00;0.00;0.00;0.00;0.00;0.00;0.00;194.00;582.00;0.00;0.00;388.00;291.00;582.00;0.00;0.00;0.00;0.00;0.00;0.00;0.00;1067.00;0.00;2170.00;1346.32;1220.00;1909.66;1674.67;3060.00;1776.33;940.00;470.00;0.00;0.00;725.00;2830.00;450.00;1250.00;1790.00;1100.00;320.00;1664.67;1810.00;1060.00;0.00;0.00;1530.00
1772829219.3703694;0.00;0.00;0.00;0.00;0.00;0.00;0.00;194.00;582.00;0.00;0.00;388.00;291.00;582.00;0.00;0.00;0.00;0.00;0.00;0.00;0.00;1067.00;0.00;2170.00;1346.32;1220.00;1909.66;1674.67;3060.00;1776.33;940.00;470.00;0.00;0.00;725.00;2830.00;450.00;1250.00;1790.00;1100.00;320.00;1664.67;1810.00;1060.00;0.00;0.00;1530.00
1772829219.4501073;0.00;0.00;0.00;0.00;0.00;0.00;0.00;194.00;582.00;0.00;0.00;388.00;388.00;582.00;0.00;0.00;0.00;0.00;0.00;0.00;0.00;1067.00;0.00;2170.00;1346.32;1840.00;2149.66;1674.67;3060.00;1776.33;940.00;470.00;0.00;0.00;725.00;2830.00;450.00;1250.00;1790.00;1100.00;704.67;1664.67;1810.00;1360.00;0.00;0.00;1530.00
1772829219.4525764;0.00;0.00;0.00;0.00;0.00;0.00;0.00;194.00;582.00;0.00;0.00;388.00;388.00;582.00;0.00;0.00;0.00;0.00;0.00;0.00;0.00;1067.00;0.00;2170.00;1346.32;1840.00;2149.66;1674.67;3060.00;1776.33;940.00;470.00;0.00;0.00;725.00;2830.00;450.00;1250.00;1790.00;1100.00;704.67;1664.67;1810.00;1360.00;0.00;0.00;1530.00
1772829219.65983;0.00;0.00;0.00;0.00;0.00;0.00;0.00;194.00;582.00;0.00;0.00;388.00;485.00;582.00;0.00;0.00;0.00;0.00;0.00;0.00;0.00;1067.00;0.00;2170.00;1346.32;2620.00;2341.99;1674.67;3060.00;1776.33;940.00;470.00;0.00;0.00;725.00;2830.00;450.00;1250.00;1790.00;1212.33;929.34;1664.67;1810.00;1660.00;0.00;0.00;1530.00
1772829219.6622753;0.00;0.00;0.00;0.00;0.00;0.00;0.00;194.00;582.00;0.00;0.00;388.00;485.00;582.00;0.00;0.00;0.00;0.00;0.00;0.00;0.00;1067.00;0.00;2170.00;1346.32;2620.00;2341.99;1674.67;3060.00;1776.33;940.00;470.00;0.00;0.00;725.00;2830.00;450.00;1250.00;1790.00;1212.33;929.34;1664.67;1810.00;1660.00;0.00;0.00;1530.00
1772829219.7377238;0.00;0.00;0.00;0.00;0.00;0.00;0.00;194.00;582.00;0.00;0.00;388.00;582.00;582.00;0.00;0.00;0.00;0.00;0.00;0.00;0.00;1067.00;0.00;2170.00;1346.32;2620.00;2341.99;1771.67;3354.67;2316.33;940.00;470.00;0.00;0.00;725.00;2980.00;450.00;1250.00;2260.00;1212.33;929.34;1664.67;1960.00;1660.00;0.00;0.00;1530.00
1772829219.7401605;0.00;0.00;0.00;0.00;0.00;0.00;0.00;194.00;582.00;0.00;0.00;388.00;582.00;582.00;0.00;0.00;0.00;0.00;0.00;0.00;0.00;1067.00;0.00;2170.00;1346.32;2620.00;2341.99;1771.67;3354.67;2316.33;940.00;470.00;0.00;0.00;725.00;2980.00;450.00;1250.00;2260.00;1212.33;929.34;1664.67;1960.00;1660.00;0.00;0.00;1530.00
1772829229.2445178;0.00;0.00;0.00;0.00;0.00;97.00;0.00;0.00;582.00;0.00;0.00;388.00;582.00;582.00;0.00;0.00;0.00;0.00;0.00;0.00;0.00;485.00;0.00;2170.00;1346.32;2470.00;2191.99;1397.00;1427.67;2122.33;940.00;240.00;300.00;0.00;725.00;2187.67;480.00;0.00;2260.00;1212.33;929.34;1664.67;450.00;1510.00;300.00;0.00;1530.00
1772829229.2466655;0.00;0.00;0.00;0.00;0.00;97.00;0.00;0.00;582.00;0.00;0.00;388.00;582.00;582.00;0.00;0.00;0.00;0.00;0.00;0.00;0.00;485.00;0.00;2170.00;1346.32;2470.00;2191.99;1397.00;1427.67;2122.33;940.00;240.00;300.00;0.00;725.00;2187.67;480.00;0.00;2260.00;1212.33;929.34;1664.67;450.00;1510.00;300.00;0.00;1530.00
1772829229.3256786;0.00;0.00;0.00;0.00;0.00;194.00;0.00;0.00;582.00;0.00;0.00;388.00;582.00;582.00;0.00;0.00;0.00;0.00;0.00;0.00;0.00;485.00;0.00;2170.00;1346.32;2470.00;2191.99;1397.00;1427.67;2122.33;940.00;480.00;600.00;0.00;725.00;2187.67;960.00;0.00;2260.00;1212.33;929.34;1664.67;450.00;1510.00;600.00;0.00;1530.00
1772829229.3278987;0.00;0.00;0.00;0.00;0.00;194.00;0.00;0.00;582.00;0.00;0.00;388.00;582.00;582.00;0.00;0.00;0.00;0.00;0.00;0.00;0.00;485.00;0.00;2170.00;1346.32;2470.00;2191.99;1397.00;1427.67;2122.33;940.00;480.00;600.00;0.00;725.00;2187.67;960.00;0.00;2260.00;1212.33;929.34;1664.67;450.00;1510.00;600.00;0.00;1530.00
1772829229.406998;0.00;0.00;0.00;0.00;0.00;291.00;0.00;0.00;582.00;0.00;0.00;388.00;582.00;582.00;0.00;0.00;0.00;0.00;0.00;0.00;0.00;485.00;0.00;2170.00;1346.32;2470.00;2191.99;1397.00;1427.67;2122.33;940.00;720.00;900.00;0.00;725.00;2187.67;1440.00;0.00;2260.00;1212.33;929.34;1664.67;450.00;1510.00;900.00;0.00;1530.00
1772829229.409235;0.00;0.00;0.00;0.00;0.00;291.00;0.00;0.00;582.00;0.00;0.00;388.00;582.00;582.00;0.00;0.00;0.00;0.00;0.00;0.00;0.00;485.00;0.00;2170.00;1346.32;2470.00;2191.99;1397.00;1427.67;2122.33;940.00;720.00;900.00;0.00;725.00;2187.67;1440.00;0.00;2260.00;1212.33;929.34;1664.67;450.00;1510.00;900.00;0.00;1530.00
1772829229.488612;0.00;0.00;0.00;0.00;0.00;388.00;0.00;0.00;582.00;0.00;0.00;388.00;582.00;582.00;0.00;0.00;0.00;0.00;0.00;0.00;0.00;485.00;0.00;2170.00;1346.32;2470.00;2191.99;1397.00;1427.67;2122.33;940.00;960.00;1200.00;0.00;725.00;2187.67;1920.00;0.00;2260.00;1212.33;929.34;1664.67;450.00;1510.00;1200.00;0.00;1530.00
1772829229.4908364;0.00;0.00;0.00;0.00;0.00;388.00;0.00;0.00;582.00;0.00;0.00;388.00;582.00;582.00;0.00;0.00;0.00;0.00;0.00;0.00;0.00;485.00;0.00;2170.00;1346.32;2470.00;2191.99;1397.00;1427.67;2122.33;940.00;960.00;1200.00;0.00;725.00;2187.67;1920.00;0.00;2260.00;1212.33;929.34;1664.67;450.00;1510.00;1200.00;0.00;1530.00
1772829229.6964495;0.00;0.00;0.00;0.00;0.00;485.00;0.00;0.00;582.00;0.00;0.00;388.00;582.00;582.00;0.00;0.00;0.00;0.00;0.00;0.00;0.00;485.00;0.00;2170.00;1346.32;2470.00;2191.99;1397.00;1427.67;2122.33;940.00;1104.67;1510.00;150.00;725.00;2187.67;2080.00;0.00;2260.00;1212.33;929.34;1664.67;450.00;1510.00;1670.00;150.00;1530.00
1772829229.6987696;0.00;0.00;0.00;0.00;0.00;485.00;0.00;0.00;582.00;0.00;0.00;388.00;582.00;582.00;0.00;0.00;0.00;0.00;0.00;0.00;0.00;485.00;0.00;2170.00;1346.32;2470.00;2191.99;1397.00;1427.67;2122.33;940.00;1104.67;1510.00;150.00;725.00;2187.67;2080.00;0.00;2260.00;1212.33;929.34;1664.67;450.00;1510.00;1670.00;150.00;1530.00
1772829229.7782505;0.00;0.00;0.00;0.00;0.00;582.00;0.00;0.00;582.00;0.00;0.00;388.00;582.00;582.00;0.00;0.00;0.00;0.00;0.00;0.00;0.00;485.00;0.00;2170.00;1346.32;2470.00;2191.99;1397.00;1427.67;2122.33;940.00;1344.67;1820.00;300.00;725.00;2187.67;2240.00;0.00;2260.00;1212.33;929.34;1664.67;450.00;1510.00;1820.00;300.00;1530.00
1772829229.780704;0.00;0.00;0.00;0.00;0.00;582.00;0.00;0.00;582.00;0.00;0.00;388.00;582.00;582.00;0.00;0.00;0.00;0.00;0.00;0.00;0.00;485.00;0.00;2170.00;1346.32;2470.00;2191.99;1397.00;1427.67;2122.33;940.00;1344.67;1820.00;300.00;725.00;2187.67;2240.00;0.00;2260.00;1212.33;929.34;1664.67;450.00;1510.00;1820.00;300.00;1530.00
1772829253.2780128;0.00;0.00;0.00;0.00;0.00;582.00;0.00;0.00;582.00;0.00;0.00;388.00;582.00;582.00;0.00;0.00;0.00;97.00;0.00;0.00;0.00;485.00;0.00;2170.00;1346.32;2710.00;2431.99;1707.00;1577.67;2122.33;940.00;1344.67;1820.00;300.00;725.00;2337.67;2240.00;0.00;2260.00;1212.33;929.34;1664.67;910.00;1734.67;1820.00;300.00;1530.00
1772829253.280501;0.00;0.00;0.00;0.00;0.00;582.00;0.00;0.00;582.00;0.00;0.00;388.00;582.00;582.00;0.00;0.00;0.00;97.00;0.00;0.00;0.00;485.00;0.00;2170.00;1346.32;2710.00;2431.99;1707.00;1577.67;2122.33;940.00;1344.67;1820.00;300.00;725.00;2337.67;2240.00;0.00;2260.00;1212.33;929.34;1664.67;910.00;1734.67;1820.00;300.00;1530.00
1772829253.359913;0.00;0.00;0.00;0.00;0.00;582.00;0.00;0.00;582.00;0.00;0.00;388.00;582.00;582.00;0.00;0.00;0.00;194.00;0.00;0.00;0.00;485.00;0.00;2170.00;1346.32;2807.00;2671.99;1947.00;2117.67;2122.33;940.00;1344.67;1820.00;300.00;725.00;2567.67;2240.00;0.00;2260.00;1212.33;929.34;1664.67;1210.00;1734.67;1820.00;300.00;1530.00
1772829253.3625133;0.00;0.00;0.00;0.00;0.00;582.00;0.00;0.00;582.00;0.00;0.00;388.00;582.00;582.00;0.00;0.00;0.00;194.00;0.00;0.00;0.00;485.00;0.00;2170.00;1346.32;2807.00;2671.99;1947.00;2117.67;2122.33;940.00;1344.67;1820.00;300.00;725.00;2567.67;2240.00;0.00;2260.00;1212.33;929.34;1664.67;1210.00;1734.67;1820.00;300.00;1530.00
1772829253.4400418;0.00;0.00;0.00;0.00;0.00;582.00;0.00;0.00;582.00;0.00;0.00;388.00;582.00;582.00;0.00;0.00;0.00;291.00;0.00;0.00;0.00;485.00;0.00;2170.00;1346.32;2904.00;2816.66;2091.67;2657.67;2672.33;940.00;1344.67;1820.00;300.00;725.00;2567.67;2240.00;0.00;2420.00;1212.33;929.34;1664.67;1510.00;1734.67;1820.00;300.00;1530.00
1772829253.4425628;0.00;0.00;0.00;0.00;0.00;582.00;0.00;0.00;582.00;0.00;0.00;388.00;582.00;582.00;0.00;0.00;0.00;291.00;0.00;0.00;0.00;485.00;0.00;2170.00;1346.32;2904.00;2816.66;2091.67;2657.67;2672.33;940.00;1344.67;1820.00;300.00;725.00;2567.67;2240.00;0.00;2420.00;1212.33;929.34;1664.67;1510.00;1734.67;1820.00;300.00;1530.00
1772829253.519763;0.00;0.00;0.00;0.00;0.00;582.00;0.00;0.00;582.00;0.00;0.00;388.00;582.00;582.00;0.00;0.00;0.00;388.00;0.00;0.00;0.00;485.00;0.00;2234.67;1410.99;3086.33;2928.99;2204.00;2770.00;2672.33;940.00;1344.67;1820.00;450.00;885.00;2680.00;2240.00;0.00;2420.00;1212.33;929.34;1664.67;1510.00;1884.67;1970.00;610.00;1530.00
1772829253.522392;0.00;0.00;0.00;0.00;0.00;582.00;0.00;0.00;582.00;0.00;0.00;388.00;582.00;582.00;0.00;0.00;0.00;388.00;0.00;0.00;0.00;485.00;0.00;2234.67;1410.99;3086.33;2928.99;2204.00;2770.00;2672.33;940.00;1344.67;1820.00;450.00;885.00;2680.00;2240.00;0.00;2420.00;1212.33;929.34;1664.67;1510.00;1884.67;1970.00;610.00;1530.00
1772829253.7226617;0.00;0.00;0.00;0.00;0.00;582.00;0.00;0.00;582.00;0.00;0.00;388.00;582.00;582.00;0.00;0.00;0.00;485.00;0.00;0.00;0.00;485.00;0.00;2299.34;1475.66;3118.66;2961.32;2236.33;2802.33;2752.33;1020.00;1494.67;1820.00;760.00;1045.00;2680.00;2390.00;230.00;2420.00;1212.33;929.34;1664.67;1510.00;1884.67;1970.00;760.00;1530.00
1772829253.7254472;0.00;0.00;0.00;0.00;0.00;582.00;0.00;0.00;582.00;0.00;0.00;388.00;582.00;582.00;0.00;0.00;0.00;485.00;0.00;0.00;0.00;485.00;0.00;2299.34;1475.66;3118.66;2961.32;2236.33;2802.33;2752.33;1020.00;1494.67;1820.00;760.00;1045.00;2680.00;2390.00;230.00;2420.00;1212.33;929.34;1664.67;1510.00;1884.67;1970.00;760.00;1530.00
1772829253.7967703;0.00;0.00;0.00;0.00;0.00;582.00;0.00;0.00;582.00;0.00;0.00;388.00;582.00;582.00;0.00;0.00;0.00;582.00;0.00;0.00;0.00;485.00;0.00;2379.34;1507.99;3183.33;3025.99;2301.00;2867.00;2912.33;1180.00;1644.67;2050.00;840.00;1125.00;2680.00;2770.00;540.00;2420.00;1212.33;929.34;1664.67;1510.00;1884.67;2120.00;920.00;1530.00
1772829253.7997122;0.00;0.00;0.00;0.00;0.00;582.00;0.00;0.00;582.00;0.00;0.00;388.00;582.00;582.00;0.00;0.00;0.00;582.00;0.00;0.00;0.00;485.00;0.00;2379.34;1507.99;3183.33;3025.99;2301.00;2867.00;2912.33;1180.00;1644.67;2050.00;840.00;1125.00;2680.00;2770.00;540.00;2420.00;1212.33;929.34;1664.67;1510.00;1884.67;2120.00;920.00;1530.00
1772829272.3155932;0.00;0.00;0.00;0.00;0.00;582.00;0.00;97.00;582.00;0.00;0.00;0.00;582.00;582.00;0.00;0.00;0.00;582.00;0.00;0.00;0.00;0.00;0.00;0.00;1107.99;2033.33;2377.32;0.00;460.00;3057.00;1180.00;1644.67;1130.00;520.00;400.00;2680.00;2770.00;540.00;2420.00;875.33;544.67;0.00;460.00;1134.67;1520.00;920.00;0.00
1772829272.3179646;0.00;0.00;0.00;0.00;0.00;582.00;0.00;97.00;582.00;0.00;0.00;0.00;582.00;582.00;0.00;0.00;0.00;582.00;0.00;0.00;0.00;0.00;0.00;0.00;1107.99;2033.33;2377.32;0.00;460.00;3057.00;1180.00;1644.67;1130.00;520.00;400.00;2680.00;2770.00;540.00;2420.00;875.33;544.67;0.00;460.00;1134.67;1520.00;920.00;0.00
1772829272.3987124;0.00;0.00;0.00;0.00;0.00;582.00;0.00;194.00;582.00;0.00;0.00;0.00;582.00;582.00;0.00;0.00;0.00;582.00;0.00;0.00;0.00;0.00;0.00;0.00;1107.99;2033.33;2377.32;0.00;930.00;3217.00;1410.00;1644.67;1130.00;520.00;400.00;2680.00;2770.00;700.00;2570.00;875.33;544.67;0.00;610.00;1134.67;1520.00;920.00;0.00
1772829272.4010541;0.00;0.00;0.00;0.00;0.00;582.00;0.00;194.00;582.00;0.00;0.00;0.00;582.00;582.00;0.00;0.00;0.00;582.00;0.00;0.00;0.00;0.00;0.00;0.00;1107.99;2033.33;2377.32;0.00;930.00;3217.00;1410.00;1644.67;1130.00;520.00;400.00;2680.00;2770.00;700.00;2570.00;875.33;544.67;0.00;610.00;1134.67;1520.00;920.00;0.00
1772829272.4845397;0.00;0.00;0.00;0.00;0.00;582.00;0.00;291.00;582.00;0.00;0.00;0.00;582.00;582.00;0.00;0.00;0.00;582.00;0.00;0.00;0.00;0.00;0.00;0.00;1107.99;2033.33;2377.32;0.00;1400.00;3377.00;1640.00;1644.67;1130.00;520.00;400.00;2680.00;2770.00;860.00;2720.00;875.33;544.67;0.00;760.00;1134.67;1520.00;920.00;0.00
1772829272.4869354;0.00;0.00;0.00;0.00;0.00;582.00;0.00;291.00;582.00;0.00;0.00;0.00;582.00;582.00;0.00;0.00;0.00;582.00;0.00;0.00;0.00;0.00;0.00;0.00;1107.99;2033.33;2377.32;0.00;1400.00;3377.00;1640.00;1644.67;1130.00;520.00;400.00;2680.00;2770.00;860.00;2720.00;875.33;544.67;0.00;760.00;1134.67;1520.00;920.00;0.00
1772829272.7034643;0.00;0.00;0.00;0.00;0.00;582.00;0.00;388.00;582.00;0.00;0.00;0.00;582.00;582.00;0.00;0.00;0.00;582.00;0.00;0.00;0.00;0.00;0.00;0.00;1107.99;2033.33;2377.32;0.00;1870.00;3537.00;1870.00;1644.67;1130.00;520.00;400.00;2680.00;2770.00;1020.00;2870.00;875.33;544.67;0.00;910.00;1134.67;1520.00;920.00;0.00
1772829272.7062693;0.00;0.00;0.00;0.00;0.00;582.00;0.00;388.00;582.00;0.00;0.00;0.00;582.00;582.00;0.00;0.00;0.00;582.00;0.00;0.00;0.00;0.00;0.00;0.00;1107.99;2033.33;2377.32;0.00;1870.00;3537.00;1870.00;1644.67;1130.00;520.00;400.00;2680.00;2770.00;1020.00;2870.00;875.33;544.67;0.00;910.00;1134.67;1520.00;920.00;0.00
1772829272.7914152;0.00;0.00;0.00;0.00;0.00;582.00;0.00;485.00;582.00;0.00;0.00;0.00;582.00;582.00;0.00;0.00;0.00;582.00;0.00;0.00;0.00;0.00;0.00;0.00;1107.99;2033.33;2527.32;160.00;2030.00;3697.00;2100.00;1644.67;1130.00;520.00;400.00;2680.00;2770.00;1180.00;3020.00;1025.33;854.67;0.00;910.00;1134.67;1520.00;920.00;0.00
1772829272.7942877;0.00;0.00;0.00;0.00;0.00;582.00;0.00;485.00;582.00;0.00;0.00;0.00;582.00;582.00;0.00;0.00;0.00;582.00;0.00;0.00;0.00;0.00;0.00;0.00;1107.99;2033.33;2527.32;160.00;2030.00;3697.00;2100.00;1644.67;1130.00;520.00;400.00;2680.00;2770.00;1180.00;3020.00;1025.33;854.67;0.00;910.00;1134.67;1520.00;920.00;0.00
1772829272.8867893;0.00;0.00;0.00;0.00;0.00;582.00;0.00;582.00;582.00;0.00;0.00;0.00;582.00;582.00;0.00;0.00;0.00;582.00;0.00;0.00;0.00;0.00;0.00;0.00;1107.99;2033.33;2527.32;160.00;2030.00;3697.00;2490.00;1804.67;1280.00;520.00;400.00;2680.00;2770.00;1340.00;3170.00;1025.33;854.67;0.00;910.00;1134.67;1670.00;920.00;0.00
1772829272.889271;0.00;0.00;0.00;0.00;0.00;582.00;0.00;582.00;582.00;0.00;0.00;0.00;582.00;582.00;0.00;0.00;0.00;582.00;0.00;0.00;0.00;0.00;0.00;0.00;1107.99;2033.33;2527.32;160.00;2030.00;3697.00;2490.00;1804.67;1280.00;520.00;400.00;2680.00;2770.00;1340.00;3170.00;1025.33;854.67;0.00;910.00;1134.67;1670.00;920.00;0.00
1772829277.0777931;0.00;0.00;0.00;0.00;0.00;0.00;0.00;97.00;291.00;0.00;0.00;0.00;582.00;582.00;0.00;0.00;0.00;485.00;0.00;0.00;0.00;0.00;0.00;0.00;1010.99;2033.33;2520.32;300.00;0.00;1634.67;0.00;0.00;0.00;0.00;160.00;2080.00;0.00;0.00;0.00;1100.00;704.67;0.00;300.00;1134.67;0.00;0.00;0.00
1772829277.0795827;0.00;0.00;0.00;0.00;0.00;0.00;0.00;97.00;291.00;0.00;0.00;0.00;582.00;582.00;0.00;0.00;0.00;485.00;0.00;0.00;0.00;0.00;0.00;0.00;1010.99;2033.33;2520.32;300.00;0.00;1634.67;0.00;0.00;0.00;0.00;160.00;2080.00;0.00;0.00;0.00;1100.00;704.67;0.00;300.00;1134.67;0.00;0.00;0.00
1772829277.1585112;0.00;0.00;0.00;0.00;0.00;0.00;0.00;97.00;388.00;0.00;0.00;0.00;582.00;582.00;0.00;0.00;0.00;485.00;0.00;0.00;0.00;0.00;0.00;0.00;1010.99;2033.33;2520.32;300.00;470.00;2057.00;0.00;0.00;0.00;0.00;160.00;2230.00;0.00;0.00;230.00;1100.00;704.67;0.00;450.00;1134.67;0.00;0.00;0.00
1772829277.160339;0.00;0.00;0.00;0.00;0.00;0.00;0.00;97.00;388.00;0.00;0.00;0.00;582.00;582.00;0.00;0.00;0.00;485.00;0.00;0.00;0.00;0.00;0.00;0.00;1010.99;2033.33;2520.32;300.00;470.00;2057.00;0.00;0.00;0.00;0.00;160.00;2230.00;0.00;0.00;230.00;1100.00;704.67;0.00;450.00;1134.67;0.00;0.00;0.00
1772829277.2385108;0.00;0.00;0.00;0.00;0.00;0.00;0.00;194.00;388.00;0.00;0.00;0.00;582.00;582.00;0.00;0.00;0.00;485.00;0.00;0.00;0.00;0.00;0.00;0.00;1010.99;2033.33;2520.32;530.00;1020.00;2249.33;0.00;0.00;0.00;0.00;160.00;2230.00;0.00;0.00;230.00;1100.00;864.67;0.00;750.00;1134.67;0.00;0.00;0.00
1772829277.2404137;0.00;0.00;0.00;0.00;0.00;0.00;0.00;194.00;388.00;0.00;0.00;0.00;582.00;582.00;0.00;0.00;0.00;485.00;0.00;0.00;0.00;0.00;0.00;0.00;1010.99;2033.33;2520.32;530.00;1020.00;2249.33;0.00;0.00;0.00;0.00;160.00;2230.00;0.00;0.00;230.00;1100.00;864.67;0.00;750.00;1134.67;0.00;0.00;0.00
1772829277.4403157;0.00;0.00;0.00;0.00;0.00;97.00;0.00;194.00;388.00;0.00;0.00;0.00;582.00;582.00;0.00;0.00;0.00;485.00;0.00;0.00;0.00;0.00;0.00;0.00;1010.99;2033.33;2520.32;530.00;1020.00;2249.33;0.00;97.00;422.33;150.00;160.00;2230.00;160.00;0.00;230.00;1100.00;864.67;0.00;750.00;1134.67;470.00;150.00;0.00
1772829277.4422686;0.00;0.00;0.00;0.00;0.00;97.00;0.00;194.00;388.00;0.00;0.00;0.00;582.00;582.00;0.00;0.00;0.00;485.00;0.00;0.00;0.00;0.00;0.00;0.00;1010.99;2033.33;2520.32;530.00;1020.00;2249.33;0.00;97.00;422.33;150.00;160.00;2230.00;160.00;0.00;230.00;1100.00;864.67;0.00;750.00;1134.67;470.00;150.00;0.00
1772829277.5208538;0.00;0.00;0.00;0.00;0.00;97.00;0.00;291.00;388.00;0.00;0.00;0.00;582.00;582.00;0.00;0.00;0.00;485.00;0.00;0.00;0.00;0.00;0.00;0.00;1010.99;2033.33;2520.32;530.00;1490.00;2409.33;80.00;177.00;572.33;150.00;160.00;2230.00;320.00;0.00;230.00;1100.00;864.67;0.00;900.00;1134.67;620.00;150.00;0.00
1772829277.5228715;0.00;0.00;0.00;0.00;0.00;97.00;0.00;291.00;388.00;0.00;0.00;0.00;582.00;582.00;0.00;0.00;0.00;485.00;0.00;0.00;0.00;0.00;0.00;0.00;1010.99;2033.33;2520.32;530.00;1490.00;2409.33;80.00;177.00;572.33;150.00;160.00;2230.00;320.00;0.00;230.00;1100.00;864.67;0.00;900.00;1134.67;620.00;150.00;0.00
1772829277.6001935;0.00;0.00;0.00;0.00;0.00;97.00;0.00;291.00;388.00;0.00;0.00;0.00;582.00;582.00;0.00;0.00;0.00;582.00;0.00;0.00;0.00;0.00;0.00;150.00;1090.99;2210.33;2680.32;690.00;1800.00;2409.33;80.00;177.00;572.33;150.00;160.00;2230.00;320.00;0.00;230.00;1100.00;864.67;160.00;1050.00;1134.67;620.00;150.00;150.00
1772829277.602217;0.00;0.00;0.00;0.00;0.00;97.00;0.00;291.00;388.00;0.00;0.00;0.00;582.00;582.00;0.00;0.00;0.00;582.00;0.00;0.00;0.00;0.00;0.00;150.00;1090.99;2210.33;2680.32;690.00;1800.00;2409.33;80.00;177.00;572.33;150.00;160.00;2230.00;320.00;0.00;230.00;1100.00;864.67;160.00;1050.00;1134.67;620.00;150.00;150.00
1772829277.678836;0.00;0.00;0.00;0.00;0.00;194.00;0.00;291.00;388.00;0.00;0.00;0.00;582.00;582.00;0.00;0.00;0.00;582.00;0.00;0.00;0.00;0.00;0.00;150.00;1090.99;2210.33;2680.32;690.00;1800.00;2409.33;80.00;274.00;994.66;620.00;160.00;2230.00;480.00;0.00;230.00;1100.00;864.67;160.00;1050.00;1134.67;770.00;300.00;150.00
1772829277.6809332;0.00;0.00;0.00;0.00;0.00;194.00;0.00;291.00;388.00;0.00;0.00;0.00;582.00;582.00;0.00;0.00;0.00;582.00;0.00;0.00;0.00;0.00;0.00;150.00;1090.99;2210.33;2680.32;690.00;1800.00;2409.33;80.00;274.00;994.66;620.00;160.00;2230.00;480.00;0.00;230.00;1100.00;864.67;160.00;1050.00;1134.67;770.00;300.00;150.00
1772829277.7577116;0.00;0.00;0.00;0.00;0.00;194.00;0.00;388.00;388.00;0.00;0.00;0.00;582.00;582.00;0.00;0.00;0.00;582.00;0.00;0.00;0.00;0.00;0.00;150.00;1090.99;2210.33;2680.32;690.00;1800.00;2409.33;320.00;514.00;1294.66;620.00;160.00;2230.00;960.00;0.00;230.00;1100.00;864.67;160.00;1050.00;1134.67;1070.00;300.00;150.00
1772829277.7598674;0.00;0.00;0.00;0.00;0.00;194.00;0.00;388.00;388.00;0.00;0.00;0.00;582.00;582.00;0.00;0.00;0.00;582.00;0.00;0.00;0.00;0.00;0.00;150.00;1090.99;2210.33;2680.32;690.00;1800.00;2409.33;320.00;514.00;1294.66;620.00;160.00;2230.00;960.00;0.00;230.00;1100.00;864.67;160.00;1050.00;1134.67;1070.00;300.00;150.00
1772829277.9594035;0.00;0.00;0.00;0.00;0.00;291.00;0.00;388.00;388.00;0.00;0.00;0.00;582.00;582.00;0.00;0.00;0.00;582.00;0.00;0.00;0.00;0.00;0.00;150.00;1090.99;2210.33;2680.32;690.00;1800.00;2409.33;320.00;611.00;1716.99;1090.00;160.00;2230.00;1120.00;0.00;230.00;1100.00;864.67;160.00;1050.00;1134.67;1220.00;450.00;150.00
1772829277.9616363;0.00;0.00;0.00;0.00;0.00;291.00;0.00;388.00;388.00;0.00;0.00;0.00;582.00;582.00;0.00;0.00;0.00;582.00;0.00;0.00;0.00;0.00;0.00;150.00;1090.99;2210.33;2680.32;690.00;1800.00;2409.33;320.00;611.00;1716.99;1090.00;160.00;2230.00;1120.00;0.00;230.00;1100.00;864.67;160.00;1050.00;1134.67;1220.00;450.00;150.00
1772829278.0384438;0.00;0.00;0.00;0.00;0.00;291.00;0.00;388.00;485.00;0.00;0.00;0.00;582.00;582.00;0.00;0.00;0.00;582.00;0.00;0.00;0.00;0.00;0.00;150.00;1090.99;2210.33;2680.32;690.00;1800.00;2409.33;560.00;851.00;2016.99;1090.00;160.00;2230.00;1600.00;0.00;230.00;1100.00;864.67;160.00;1050.00;1134.67;1520.00;450.00;150.00
1772829278.040805;0.00;0.00;0.00;0.00;0.00;291.00;0.00;388.00;485.00;0.00;0.00;0.00;582.00;582.00;0.00;0.00;0.00;582.00;0.00;0.00;0.00;0.00;0.00;150.00;1090.99;2210.33;2680.32;690.00;1800.00;2409.33;560.00;851.00;2016.99;1090.00;160.00;2230.00;1600.00;0.00;230.00;1100.00;864.67;160.00;1050.00;1134.67;1520.00;450.00;150.00
1772829278.1174254;0.00;0.00;0.00;0.00;0.00;291.00;0.00;485.00;485.00;0.00;0.00;0.00;582.00;582.00;0.00;0.00;0.00;582.00;0.00;0.00;0.00;0.00;0.00;150.00;1090.99;2210.33;2680.32;690.00;1800.00;2409.33;800.00;1091.00;2316.99;1090.00;160.00;2230.00;2150.00;0.00;230.00;1100.00;864.67;160.00;1050.00;1134.67;1820.00;450.00;150.00
1772829278.119807;0.00;0.00;0.00;0.00;0.00;291.00;0.00;485.00;485.00;0.00;0.00;0.00;582.00;582.00;0.00;0.00;0.00;582.00;0.00;0.00;0.00;0.00;0.00;150.00;1090.99;2210.33;2680.32;690.00;1800.00;2409.33;800.00;1091.00;2316.99;1090.00;160.00;2230.00;2150.00;0.00;230.00;1100.00;864.67;160.00;1050.00;1134.67;1820.00;450.00;150.00
1772829278.1950514;0.00;0.00;0.00;0.00;0.00;388.00;0.00;485.00;485.00;0.00;0.00;0.00;582.00;582.00;0.00;0.00;0.00;582.00;0.00;0.00;0.00;0.00;0.00;150.00;1090.99;2360.33;2830.32;840.00;1880.00;2489.33;832.33;1155.67;2476.99;1250.00;470.00;2230.00;2150.00;0.00;230.00;1100.00;864.67;160.00;1050.00;1284.67;1820.00;600.00;460.00
1772829278.1973655;0.00;0.00;0.00;0.00;0.00;388.00;0.00;485.00;485.00;0.00;0.00;0.00;582.00;582.00;0.00;0.00;0.00;582.00;0.00;0.00;0.00;0.00;0.00;150.00;1090.99;2360.33;2830.32;840.00;1880.00;2489.33;832.33;1155.67;2476.99;1250.00;470.00;2230.00;2150.00;0.00;230.00;1100.00;864.67;160.00;1050.00;1284.67;1820.00;600.00;460.00
1772829278.270978;0.00;0.00;0.00;0.00;0.00;388.00;0.00;485.00;582.00;0.00;0.00;0.00;582.00;582.00;0.00;0.00;0.00;582.00;0.00;0.00;0.00;0.00;0.00;300.00;1170.99;2440.33;2910.32;920.00;1960.00;2746.33;992.33;1315.67;2626.99;1250.00;470.00;2230.00;2150.00;0.00;230.00;1100.00;864.67;160.00;1050.00;1284.67;1970.00;600.00;610.00
1772829278.2734036;0.00;0.00;0.00;0.00;0.00;388.00;0.00;485.00;582.00;0.00;0.00;0.00;582.00;582.00;0.00;0.00;0.00;582.00;0.00;0.00;0.00;0.00;0.00;300.00;1170.99;2440.33;2910.32;920.00;1960.00;2746.33;992.33;1315.67;2626.99;1250.00;470.00;2230.00;2150.00;0.00;230.00;1100.00;864.67;160.00;1050.00;1284.67;1970.00;600.00;610.00
1772829278.3463876;0.00;0.00;0.00;0.00;0.00;388.00;0.00;485.00;582.00;0.00;0.00;0.00;582.00;582.00;0.00;0.00;0.00;582.00;0.00;0.00;0.00;0.00;0.00;300.00;1170.99;2440.33;2910.32;920.00;1960.00;2746.33;992.33;1315.67;2626.99;1250.00;470.00;2230.00;2150.00;0.00;230.00;1100.00;864.67;160.00;1050.00;1284.67;1970.00;600.00;610.00
1772829278.3488839;0.00;0.00;0.00;0.00;0.00;388.00;0.00;485.00;582.00;0.00;0.00;0.00;582.00;582.00;0.00;0.00;0.00;582.00;0.00;0.00;0.00;0.00;0.00;300.00;1170.99;2440.33;2910.32;920.00;1960.00;2746.33;992.33;1315.67;2626.99;1250.00;470.00;2230.00;2150.00;0.00;230.00;1100.00;864.67;160.00;1050.00;1284.67;1970.00;600.00;610.00
1772829278.5602372;0.00;0.00;0.00;0.00;0.00;388.00;0.00;485.00;582.00;0.00;0.00;0.00;582.00;582.00;0.00;0.00;0.00;582.00;0.00;0.00;0.00;0.00;0.00;300.00;1170.99;2440.33;2910.32;920.00;1960.00;2746.33;992.33;1315.67;2626.99;1250.00;470.00;2230.00;2150.00;0.00;230.00;1100.00;864.67;160.00;1050.00;1284.67;1970.00;600.00;610.00
1772829278.562706;0.00;0.00;0.00;0.00;0.00;388.00;0.00;485.00;582.00;0.00;0.00;0.00;582.00;582.00;0.00;0.00;0.00;582.00;0.00;0.00;0.00;0.00;0.00;300.00;1170.99;2440.33;2910.32;920.00;1960.00;2746.33;992.33;1315.67;2626.99;1250.00;470.00;2230.00;2150.00;0.00;230.00;1100.00;864.67;160.00;1050.00;1284.67;1970.00;600.00;610.00
1772829278.6372166;0.00;0.00;0.00;0.00;0.00;388.00;0.00;485.00;582.00;0.00;0.00;0.00;582.00;582.00;0.00;0.00;0.00;582.00;0.00;0.00;0.00;0.00;0.00;300.00;1170.99;2440.33;2910.32;920.00;1960.00;2746.33;992.33;1315.67;2626.99;1250.00;470.00;2230.00;2150.00;0.00;230.00;1100.00;864.67;160.00;1050.00;1284.67;1970.00;600.00;610.00
1772829278.6397035;0.00;0.00;0.00;0.00;0.00;388.00;0.00;485.00;582.00;0.00;0.00;0.00;582.00;582.00;0.00;0.00;0.00;582.00;0.00;0.00;0.00;0.00;0.00;300.00;1170.99;2440.33;2910.32;920.00;1960.00;2746.33;992.33;1315.67;2626.99;1250.00;470.00;2230.00;2150.00;0.00;230.00;1100.00;864.67;160.00;1050.00;1284.67;1970.00;600.00;610.00
1772829286.3763978;0.00;0.00;0.00;0.00;0.00;388.00;0.00;485.00;582.00;0.00;0.00;0.00;582.00;582.00;0.00;0.00;0.00;582.00;0.00;0.00;0.00;0.00;0.00;300.00;1170.99;2440.33;2910.32;920.00;1960.00;2746.33;992.33;1315.67;2626.99;1250.00;470.00;2230.00;2150.00;0.00;230.00;1100.00;864.67;160.00;1050.00;1284.67;1970.00;600.00;610.00
1772829286.3794522;0.00;0.00;0.00;0.00;0.00;388.00;0.00;485.00;582.00;0.00;0.00;0.00;582.00;582.00;0.00;0.00;0.00;582.00;0.00;0.00;0.00;0.00;0.00;300.00;1170.99;2440.33;2910.32;920.00;1960.00;2746.33;992.33;1315.67;2626.99;1250.00;470.00;2230.00;2150.00;0.00;230.00;1100.00;864.67;160.00;1050.00;1284.67;1970.00;600.00;610.00
1772829286.4824636;0.00;0.00;0.00;0.00;0.00;388.00;0.00;485.00;582.00;0.00;0.00;0.00;582.00;582.00;0.00;0.00;0.00;582.00;0.00;0.00;0.00;0.00;0.00;300.00;1170.99;2440.33;2910.32;920.00;1960.00;2746.33;992.33;1315.67;2626.99;1250.00;470.00;2230.00;2150.00;0.00;230.00;1100.00;864.67;160.00;1050.00;1284.67;1970.00;600.00;610.00
1772829286.4848058;0.00;0.00;0.00;0.00;0.00;388.00;0.00;485.00;582.00;0.00;0.00;0.00;582.00;582.00;0.00;0.00;0.00;582.00;0.00;0.00;0.00;0.00;0.00;300.00;1170.99;2440.33;2910.32;920.00;1960.00;2746.33;992.33;1315.67;2626.99;1250.00;470.00;2230.00;2150.00;0.00;230.00;1100.00;864.67;160.00;1050.00;1284.67;1970.00;600.00;610.00
1772829286.5573115;0.00;0.00;0.00;0.00;0.00;388.00;0.00;485.00;582.00;0.00;0.00;0.00;582.00;582.00;0.00;0.00;0.00;582.00;0.00;0.00;0.00;0.00;0.00;300.00;1170.99;2440.33;2910.32;920.00;1960.00;2746.33;992.33;1315.67;2626.99;1250.00;470.00;2230.00;2150.00;0.00;230.00;1100.00;864.67;160.00;1050.00;1284.67;1970.00;600.00;610.00
1772829286.5596895;0.00;0.00;0.00;0.00;0.00;388.00;0.00;485.00;582.00;0.00;0.00;0.00;582.00;582.00;0.00;0.00;0.00;582.00;0.00;0.00;0.00;0.00;0.00;300.00;1170.99;2440.33;2910.32;920.00;1960.00;2746.33;992.33;1315.67;2626.99;1250.00;470.00;2230.00;2150.00;0.00;230.00;1100.00;864.67;160.00;1050.00;1284.67;1970.00;600.00;610.00
1772829286.752219;0.00;0.00;0.00;0.00;0.00;388.00;0.00;485.00;582.00;0.00;0.00;0.00;582.00;582.00;0.00;0.00;0.00;582.00;0.00;0.00;0.00;0.00;0.00;300.00;1170.99;2440.33;2910.32;920.00;1960.00;2746.33;992.33;1315.67;2626.99;1250.00;470.00;2230.00;2150.00;0.00;230.00;1100.00;864.67;160.00;1050.00;1284.67;1970.00;600.00;610.00
1772829286.7546008;0.00;0.00;0.00;0.00;0.00;388.00;0.00;485.00;582.00;0.00;0.00;0.00;582.00;582.00;0.00;0.00;0.00;582.00;0.00;0.00;0.00;0.00;0.00;300.00;1170.99;2440.33;2910.32;920.00;1960.00;2746.33;992.33;1315.67;2626.99;1250.00;470.00;2230.00;2150.00;0.00;230.00;1100.00;864.67;160.00;1050.00;1284.67;1970.00;600.00;610.00
1772829286.826733;0.00;0.00;0.00;0.00;0.00;388.00;0.00;485.00;582.00;0.00;0.00;0.00;582.00;582.00;0.00;0.00;0.00;582.00;0.00;0.00;0.00;0.00;0.00;300.00;1170.99;2440.33;2910.32;920.00;1960.00;2746.33;992.33;1315.67;2626.99;1250.00;470.00;2230.00;2150.00;0.00;230.00;1100.00;864.67;160.00;1050.00;1284.67;1970.00;600.00;610.00
1772829286.82916;0.00;0.00;0.00;0.00;0.00;388.00;0.00;485.00;582.00;0.00;0.00;0.00;582.00;582.00;0.00;0.00;0.00;582.00;0.00;0.00;0.00;0.00;0.00;300.00;1170.99;2440.33;2910.32;920.00;1960.00;2746.33;992.33;1315.67;2626.99;1250.00;470.00;2230.00;2150.00;0.00;230.00;1100.00;864.67;160.00;1050.00;1284.67;1970.00;600.00;610.00
1772829286.9016647;0.00;0.00;0.00;0.00;0.00;388.00;0.00;485.00;582.00;0.00;0.00;0.00;582.00;582.00;0.00;0.00;0.00;582.00;0.00;0.00;0.00;0.00;0.00;300.00;1170.99;2440.33;2910.32;920.00;1960.00;2746.33;992.33;1315.67;2626.99;1250.00;470.00;2230.00;2150.00;0.00;230.00;1100.00;864.67;160.00;1050.00;1284.67;1970.00;600.00;610.00
1772829286.904068;0.00;0.00;0.00;0.00;0.00;388.00;0.00;485.00;582.00;0.00;0.00;0.00;582.00;582.00;0.00;0.00;0.00;582.00;0.00;0.00;0.00;0.00;0.00;300.00;1170.99;2440.33;2910.32;920.00;1960.00;2746.33;992.33;1315.67;2626.99;1250.00;470.00;2230.00;2150.00;0.00;230.00;1100.00;864.67;160.00;1050.00;1284.67;1970.00;600.00;610.00
1772829303.3544095;0.00;0.00;0.00;0.00;0.00;388.00;0.00;485.00;582.00;0.00;0.00;0.00;679.00;0.00;0.00;0.00;0.00;582.00;0.00;0.00;0.00;0.00;0.00;140.00;224.67;1494.01;1964.00;240.00;540.00;2746.33;992.33;1315.67;2316.99;1090.00;310.00;480.00;1830.00;0.00;230.00;1100.00;864.67;0.00;300.00;1284.67;1820.00;600.00;610.00
1772829303.355698;0.00;0.00;0.00;0.00;0.00;388.00;0.00;485.00;582.00;0.00;0.00;0.00;679.00;0.00;0.00;0.00;0.00;582.00;0.00;0.00;0.00;0.00;0.00;140.00;224.67;1494.01;1964.00;240.00;540.00;2746.33;992.33;1315.67;2316.99;1090.00;310.00;480.00;1830.00;0.00;230.00;1100.00;864.67;0.00;300.00;1284.67;1820.00;600.00;610.00
1772829303.407738;0.00;0.00;0.00;0.00;0.00;388.00;0.00;485.00;582.00;0.00;0.00;0.00;776.00;0.00;0.00;0.00;0.00;582.00;0.00;0.00;0.00;0.00;0.00;140.00;224.67;1644.01;2114.00;630.00;850.00;2746.33;992.33;1315.67;2316.99;1090.00;310.00;800.00;1830.00;0.00;230.00;1100.00;864.67;0.00;610.00;1434.67;1820.00;600.00;610.00
1772829303.4089162;0.00;0.00;0.00;0.00;0.00;388.00;0.00;485.00;582.00;0.00;0.00;0.00;776.00;0.00;0.00;0.00;0.00;582.00;0.00;0.00;0.00;0.00;0.00;140.00;224.67;1644.01;2114.00;630.00;850.00;2746.33;992.33;1315.67;2316.99;1090.00;310.00;800.00;1830.00;0.00;230.00;1100.00;864.67;0.00;610.00;1434.67;1820.00;600.00;610.00
1772829303.5369372;0.00;0.00;0.00;0.00;0.00;388.00;0.00;485.00;582.00;0.00;0.00;0.00;873.00;0.00;0.00;0.00;0.00;582.00;0.00;0.00;0.00;0.00;0.00;140.00;224.67;1644.01;2114.00;870.00;1240.00;2826.33;1072.33;1465.67;2316.99;1090.00;310.00;1120.00;1980.00;230.00;230.00;1100.00;864.67;0.00;920.00;1434.67;1820.00;600.00;610.00
1772829303.53816;0.00;0.00;0.00;0.00;0.00;388.00;0.00;485.00;582.00;0.00;0.00;0.00;873.00;0.00;0.00;0.00;0.00;582.00;0.00;0.00;0.00;0.00;0.00;140.00;224.67;1644.01;2114.00;870.00;1240.00;2826.33;1072.33;1465.67;2316.99;1090.00;310.00;1120.00;1980.00;230.00;230.00;1100.00;864.67;0.00;920.00;1434.67;1820.00;600.00;610.00
1772829303.5886676;0.00;0.00;0.00;0.00;0.00;388.00;0.00;485.00;582.00;0.00;0.00;0.00;970.00;0.00;0.00;0.00;0.00;582.00;0.00;0.00;0.00;0.00;0.00;290.00;384.67;1804.01;2274.00;950.00;1320.00;2906.33;1302.33;1465.67;2316.99;1090.00;310.00;1120.00;1980.00;230.00;380.00;1100.00;864.67;320.00;1080.00;1434.67;1820.00;600.00;760.00
1772829303.5899017;0.00;0.00;0.00;0.00;0.00;388.00;0.00;485.00;582.00;0.00;0.00;0.00;970.00;0.00;0.00;0.00;0.00;582.00;0.00;0.00;0.00;0.00;0.00;290.00;384.67;1804.01;2274.00;950.00;1320.00;2906.33;1302.33;1465.67;2316.99;1090.00;310.00;1120.00;1980.00;230.00;380.00;1100.00;864.67;320.00;1080.00;1434.67;1820.00;600.00;760.00
1772829303.645549;0.00;0.00;0.00;0.00;0.00;388.00;0.00;485.00;582.00;0.00;0.00;0.00;1067.00;0.00;0.00;0.00;0.00;582.00;0.00;0.00;0.00;0.00;0.00;440.00;544.67;1964.01;2434.00;1030.00;1400.00;2986.33;1532.33;1465.67;2316.99;1090.00;310.00;1120.00;1980.00;230.00;530.00;1100.00;864.67;640.00;1240.00;1434.67;1820.00;600.00;910.00
1772829303.6468253;0.00;0.00;0.00;0.00;0.00;388.00;0.00;485.00;582.00;0.00;0.00;0.00;1067.00;0.00;0.00;0.00;0.00;582.00;0.00;0.00;0.00;0.00;0.00;440.00;544.67;1964.01;2434.00;1030.00;1400.00;2986.33;1532.33;1465.67;2316.99;1090.00;310.00;1120.00;1980.00;230.00;530.00;1100.00;864.67;640.00;1240.00;1434.67;1820.00;600.00;910.00
1772829303.69706;0.00;0.00;0.00;0.00;0.00;388.00;0.00;485.00;582.00;0.00;0.00;0.00;1164.00;0.00;0.00;0.00;0.00;582.00;0.00;0.00;0.00;0.00;0.00;440.00;544.67;1964.01;2434.00;1270.00;1640.00;3226.33;1922.33;1615.67;2316.99;1090.00;310.00;1120.00;2130.00;540.00;680.00;1100.00;864.67;640.00;1400.00;1434.67;1820.00;600.00;910.00
1772829303.6983166;0.00;0.00;0.00;0.00;0.00;388.00;0.00;485.00;582.00;0.00;0.00;0.00;1164.00;0.00;0.00;0.00;0.00;582.00;0.00;0.00;0.00;0.00;0.00;440.00;544.67;1964.01;2434.00;1270.00;1640.00;3226.33;1922.33;1615.67;2316.99;1090.00;310.00;1120.00;2130.00;540.00;680.00;1100.00;864.67;640.00;1400.00;1434.67;1820.00;600.00;910.00
1772829332.4177341;0.00;0.00;0.00;0.00;0.00;388.00;0.00;485.00;0.00;0.00;0.00;0.00;1164.00;0.00;0.00;0.00;97.00;582.00;0.00;0.00;0.00;0.00;0.00;290.00;464.67;1884.01;2354.00;1190.00;540.00;0.00;1522.33;1215.67;966.99;1090.00;310.00;480.00;1650.00;540.00;0.00;1100.00;864.67;640.00;300.00;1434.67;470.00;600.00;760.00
1772829332.4198601;0.00;0.00;0.00;0.00;0.00;388.00;0.00;485.00;0.00;0.00;0.00;0.00;1164.00;0.00;0.00;0.00;97.00;582.00;0.00;0.00;0.00;0.00;0.00;290.00;464.67;1884.01;2354.00;1190.00;540.00;0.00;1522.33;1215.67;966.99;1090.00;310.00;480.00;1650.00;540.00;0.00;1100.00;864.67;640.00;300.00;1434.67;470.00;600.00;760.00
1772829332.5029285;0.00;0.00;0.00;0.00;0.00;388.00;0.00;485.00;0.00;0.00;0.00;0.00;1164.00;0.00;0.00;0.00;194.00;582.00;0.00;0.00;0.00;0.00;0.00;290.00;464.67;1884.01;2354.00;1190.00;684.67;540.00;1522.33;1215.67;966.99;1090.00;310.00;780.00;1650.00;540.00;540.00;1100.00;864.67;640.00;460.00;1434.67;470.00;600.00;760.00
1772829332.505175;0.00;0.00;0.00;0.00;0.00;388.00;0.00;485.00;0.00;0.00;0.00;0.00;1164.00;0.00;0.00;0.00;194.00;582.00;0.00;0.00;0.00;0.00;0.00;290.00;464.67;1884.01;2354.00;1190.00;684.67;540.00;1522.33;1215.67;966.99;1090.00;310.00;780.00;1650.00;540.00;540.00;1100.00;864.67;640.00;460.00;1434.67;470.00;600.00;760.00
1772829332.7205105;0.00;0.00;0.00;0.00;0.00;388.00;0.00;485.00;0.00;0.00;0.00;0.00;1164.00;0.00;0.00;0.00;291.00;582.00;0.00;0.00;0.00;0.00;0.00;290.00;464.67;1884.01;2354.00;1190.00;979.34;1080.00;1522.33;1215.67;966.99;1090.00;310.00;930.00;1650.00;540.00;1010.00;1100.00;864.67;640.00;610.00;1434.67;470.00;600.00;760.00
1772829332.7229068;0.00;0.00;0.00;0.00;0.00;388.00;0.00;485.00;0.00;0.00;0.00;0.00;1164.00;0.00;0.00;0.00;291.00;582.00;0.00;0.00;0.00;0.00;0.00;290.00;464.67;1884.01;2354.00;1190.00;979.34;1080.00;1522.33;1215.67;966.99;1090.00;310.00;930.00;1650.00;540.00;1010.00;1100.00;864.67;640.00;610.00;1434.67;470.00;600.00;760.00
1772829332.8087208;0.00;0.00;0.00;0.00;0.00;388.00;0.00;485.00;0.00;0.00;0.00;0.00;1164.00;0.00;0.00;0.00;388.00;582.00;0.00;0.00;0.00;0.00;0.00;290.00;464.67;1884.01;2354.00;1190.00;1076.34;1422.33;1752.33;1215.67;966.99;1090.00;310.00;1080.00;1650.00;700.00;1470.00;1100.00;864.67;640.00;610.00;1434.67;470.00;600.00;760.00
1772829332.811055;0.00;0.00;0.00;0.00;0.00;388.00;0.00;485.00;0.00;0.00;0.00;0.00;1164.00;0.00;0.00;0.00;388.00;582.00;0.00;0.00;0.00;0.00;0.00;290.00;464.67;1884.01;2354.00;1190.00;1076.34;1422.33;1752.33;1215.67;966.99;1090.00;310.00;1080.00;1650.00;700.00;1470.00;1100.00;864.67;640.00;610.00;1434.67;470.00;600.00;760.00
1772829332.8950717;0.00;0.00;0.00;0.00;0.00;388.00;0.00;485.00;0.00;0.00;0.00;0.00;1164.00;0.00;0.00;0.00;485.00;582.00;0.00;0.00;0.00;0.00;0.00;290.00;464.67;1884.01;2354.00;1190.00;1173.34;1614.66;2142.33;1365.67;966.99;1090.00;310.00;1080.00;1800.00;1170.00;1620.00;1100.00;864.67;640.00;610.00;1434.67;470.00;600.00;760.00
1772829332.8975053;0.00;0.00;0.00;0.00;0.00;388.00;0.00;485.00;0.00;0.00;0.00;0.00;1164.00;0.00;0.00;0.00;485.00;582.00;0.00;0.00;0.00;0.00;0.00;290.00;464.67;1884.01;2354.00;1190.00;1173.34;1614.66;2142.33;1365.67;966.99;1090.00;310.00;1080.00;1800.00;1170.00;1620.00;1100.00;864.67;640.00;610.00;1434.67;470.00;600.00;760.00
1772829332.9614832;0.00;0.00;0.00;0.00;0.00;388.00;0.00;485.00;0.00;0.00;0.00;0.00;1164.00;0.00;0.00;0.00;582.00;582.00;0.00;0.00;0.00;0.00;0.00;290.00;464.67;1884.01;2354.00;1190.00;1270.34;1806.99;2532.33;1515.67;966.99;1090.00;310.00;1080.00;1950.00;1640.00;1770.00;1100.00;864.67;640.00;610.00;1434.67;470.00;600.00;760.00
1772829332.962852;0.00;0.00;0.00;0.00;0.00;388.00;0.00;485.00;0.00;0.00;0.00;0.00;1164.00;0.00;0.00;0.00;582.00;582.00;0.00;0.00;0.00;0.00;0.00;290.00;464.67;1884.01;2354.00;1190.00;1270.34;1806.99;2532.33;1515.67;966.99;1090.00;310.00;1080.00;1950.00;1640.00;1770.00;1100.00;864.67;640.00;610.00;1434.67;470.00;600.00;760.00
1772829344.5802188;0.00;0.00;0.00;0.00;0.00;0.00;0.00;485.00;0.00;0.00;0.00;0.00;1164.00;0.00;0.00;0.00;679.00;582.00;0.00;0.00;0.00;0.00;0.00;290.00;464.67;1884.01;2354.00;1190.00;1462.67;1886.99;2660.00;1310.00;0.00;0.00;0.00;1192.33;660.00;1950.00;1770.00;1100.00;864.67;640.00;834.67;1434.67;0.00;0.00;450.00
1772829344.582416;0.00;0.00;0.00;0.00;0.00;0.00;0.00;485.00;0.00;0.00;0.00;0.00;1164.00;0.00;0.00;0.00;679.00;582.00;0.00;0.00;0.00;0.00;0.00;290.00;464.67;1884.01;2354.00;1190.00;1462.67;1886.99;2660.00;1310.00;0.00;0.00;0.00;1192.33;660.00;1950.00;1770.00;1100.00;864.67;640.00;834.67;1434.67;0.00;0.00;450.00
1772829344.6619754;0.00;0.00;0.00;0.00;0.00;0.00;0.00;485.00;0.00;0.00;0.00;0.00;1164.00;0.00;0.00;0.00;776.00;582.00;0.00;0.00;0.00;0.00;0.00;290.00;464.67;1884.01;2354.00;1190.00;1559.67;1983.99;2954.67;1470.00;150.00;0.00;0.00;1192.33;980.00;2110.00;1920.00;1100.00;864.67;640.00;834.67;1434.67;150.00;0.00;450.00
1772829344.6642673;0.00;0.00;0.00;0.00;0.00;0.00;0.00;485.00;0.00;0.00;0.00;0.00;1164.00;0.00;0.00;0.00;776.00;582.00;0.00;0.00;0.00;0.00;0.00;290.00;464.67;1884.01;2354.00;1190.00;1559.67;1983.99;2954.67;1470.00;150.00;0.00;0.00;1192.33;980.00;2110.00;1920.00;1100.00;864.67;640.00;834.67;1434.67;150.00;0.00;450.00
1772829344.7428029;0.00;0.00;0.00;0.00;0.00;0.00;0.00;485.00;0.00;0.00;0.00;0.00;1164.00;0.00;0.00;0.00;873.00;582.00;0.00;0.00;0.00;0.00;0.00;290.00;464.67;1884.01;2354.00;1190.00;1656.67;2080.99;3051.67;1710.00;450.00;0.00;0.00;1192.33;1300.00;2270.00;1920.00;1100.00;864.67;640.00;834.67;1434.67;450.00;0.00;450.00
1772829344.7440295;0.00;0.00;0.00;0.00;0.00;0.00;0.00;485.00;0.00;0.00;0.00;0.00;1164.00;0.00;0.00;0.00;873.00;582.00;0.00;0.00;0.00;0.00;0.00;290.00;464.67;1884.01;2354.00;1190.00;1656.67;2080.99;3051.67;1710.00;450.00;0.00;0.00;1192.33;1300.00;2270.00;1920.00;1100.00;864.67;640.00;834.67;1434.67;450.00;0.00;450.00
1772829344.7942638;0.00;0.00;0.00;0.00;0.00;0.00;0.00;485.00;0.00;0.00;0.00;0.00;1164.00;0.00;0.00;0.00;970.00;582.00;0.00;0.00;0.00;0.00;0.00;290.00;464.67;1884.01;2354.00;1190.00;1753.67;2177.99;3148.67;1950.00;750.00;0.00;0.00;1192.33;1620.00;2430.00;1920.00;1100.00;864.67;640.00;834.67;1434.67;750.00;0.00;450.00
1772829344.795534;0.00;0.00;0.00;0.00;0.00;0.00;0.00;485.00;0.00;0.00;0.00;0.00;1164.00;0.00;0.00;0.00;970.00;582.00;0.00;0.00;0.00;0.00;0.00;290.00;464.67;1884.01;2354.00;1190.00;1753.67;2177.99;3148.67;1950.00;750.00;0.00;0.00;1192.33;1620.00;2430.00;1920.00;1100.00;864.67;640.00;834.67;1434.67;750.00;0.00;450.00
1772829344.8639028;0.00;0.00;0.00;0.00;0.00;0.00;0.00;485.00;0.00;0.00;0.00;0.00;1164.00;0.00;0.00;0.00;1067.00;582.00;0.00;0.00;0.00;0.00;0.00;290.00;464.67;1884.01;2354.00;1190.00;1850.67;2274.99;3341.00;2190.00;1050.00;0.00;0.00;1192.33;1620.00;2590.00;1920.00;1100.00;864.67;640.00;834.67;1434.67;1050.00;0.00;450.00
1772829344.8663335;0.00;0.00;0.00;0.00;0.00;0.00;0.00;485.00;0.00;0.00;0.00;0.00;1164.00;0.00;0.00;0.00;1067.00;582.00;0.00;0.00;0.00;0.00;0.00;290.00;464.67;1884.01;2354.00;1190.00;1850.67;2274.99;3341.00;2190.00;1050.00;0.00;0.00;1192.33;1620.00;2590.00;1920.00;1100.00;864.67;640.00;834.67;1434.67;1050.00;0.00;450.00
1772829345.0804543;0.00;0.00;0.00;0.00;0.00;0.00;0.00;485.00;0.00;0.00;0.00;0.00;1164.00;0.00;0.00;0.00;1164.00;582.00;0.00;0.00;0.00;0.00;0.00;290.00;464.67;1884.01;2354.00;1190.00;1947.67;2371.99;3533.33;2430.00;1350.00;0.00;0.00;1192.33;1620.00;2750.00;1920.00;1100.00;864.67;640.00;834.67;1434.67;1350.00;0.00;450.00
1772829345.0829883;0.00;0.00;0.00;0.00;0.00;0.00;0.00;485.00;0.00;0.00;0.00;0.00;1164.00;0.00;0.00;0.00;1164.00;582.00;0.00;0.00;0.00;0.00;0.00;290.00;464.67;1884.01;2354.00;1190.00;1947.67;2371.99;3533.33;2430.00;1350.00;0.00;0.00;1192.33;1620.00;2750.00;1920.00;1100.00;864.67;640.00;834.67;1434.67;1350.00;0.00;450.00
1772829363.5040312;0.00;0.00;0.00;0.00;0.00;0.00;0.00;485.00;0.00;0.00;0.00;0.00;582.00;0.00;0.00;0.00;1261.00;0.00;0.00;0.00;0.00;0.00;0.00;75.33;320.00;0.00;0.00;0.00;700.00;901.99;3533.33;2430.00;1350.00;0.00;0.00;630.00;1620.00;2750.00;1290.00;0.00;0.00;480.00;460.00;0.00;1050.00;0.00;300.00
1772829363.5059514;0.00;0.00;0.00;0.00;0.00;0.00;0.00;485.00;0.00;0.00;0.00;0.00;582.00;0.00;0.00;0.00;1261.00;0.00;0.00;0.00;0.00;0.00;0.00;75.33;320.00;0.00;0.00;0.00;700.00;901.99;3533.33;2430.00;1350.00;0.00;0.00;630.00;1620.00;2750.00;1290.00;0.00;0.00;480.00;460.00;0.00;1050.00;0.00;300.00
1772829363.596243;0.00;0.00;0.00;0.00;0.00;0.00;0.00;485.00;0.00;0.00;0.00;0.00;582.00;0.00;0.00;0.00;1358.00;0.00;0.00;0.00;0.00;0.00;0.00;75.33;320.00;0.00;150.00;390.00;700.00;901.99;3533.33;2430.00;1350.00;0.00;0.00;630.00;1620.00;2750.00;1290.00;150.00;470.00;480.00;610.00;0.00;1050.00;0.00;300.00
1772829363.5985065;0.00;0.00;0.00;0.00;0.00;0.00;0.00;485.00;0.00;0.00;0.00;0.00;582.00;0.00;0.00;0.00;1358.00;0.00;0.00;0.00;0.00;0.00;0.00;75.33;320.00;0.00;150.00;390.00;700.00;901.99;3533.33;2430.00;1350.00;0.00;0.00;630.00;1620.00;2750.00;1290.00;150.00;470.00;480.00;610.00;0.00;1050.00;0.00;300.00
1772829363.690245;0.00;0.00;0.00;0.00;0.00;0.00;0.00;485.00;0.00;0.00;0.00;0.00;582.00;0.00;0.00;0.00;1455.00;0.00;0.00;0.00;0.00;0.00;0.00;75.33;320.00;150.00;380.00;582.33;700.00;901.99;3533.33;2430.00;1350.00;0.00;0.00;630.00;1620.00;2750.00;1290.00;300.00;940.00;480.00;610.00;150.00;1050.00;0.00;300.00
1772829363.692738;0.00;0.00;0.00;0.00;0.00;0.00;0.00;485.00;0.00;0.00;0.00;0.00;582.00;0.00;0.00;0.00;1455.00;0.00;0.00;0.00;0.00;0.00;0.00;75.33;320.00;150.00;380.00;582.33;700.00;901.99;3533.33;2430.00;1350.00;0.00;0.00;630.00;1620.00;2750.00;1290.00;300.00;940.00;480.00;610.00;150.00;1050.00;0.00;300.00
1772829363.784741;0.00;0.00;0.00;0.00;0.00;0.00;0.00;485.00;0.00;0.00;0.00;0.00;582.00;0.00;0.00;0.00;1552.00;0.00;0.00;0.00;0.00;0.00;0.00;75.33;320.00;300.00;460.00;614.66;860.00;1211.99;3533.33;2430.00;1350.00;0.00;0.00;780.00;1620.00;2750.00;1600.00;460.00;940.00;480.00;610.00;300.00;1050.00;0.00;300.00
1772829363.7870631;0.00;0.00;0.00;0.00;0.00;0.00;0.00;485.00;0.00;0.00;0.00;0.00;582.00;0.00;0.00;0.00;1552.00;0.00;0.00;0.00;0.00;0.00;0.00;75.33;320.00;300.00;460.00;614.66;860.00;1211.99;3533.33;2430.00;1350.00;0.00;0.00;780.00;1620.00;2750.00;1600.00;460.00;940.00;480.00;610.00;300.00;1050.00;0.00;300.00
1772829363.8778014;0.00;0.00;0.00;0.00;0.00;0.00;0.00;485.00;0.00;0.00;0.00;0.00;582.00;0.00;0.00;0.00;1649.00;0.00;0.00;0.00;0.00;0.00;0.00;75.33;320.00;450.00;540.00;646.99;1020.00;1521.99;3533.33;2430.00;1350.00;0.00;0.00;930.00;1620.00;2750.00;1910.00;620.00;940.00;480.00;610.00;450.00;1050.00;0.00;300.00
1772829363.880231;0.00;0.00;0.00;0.00;0.00;0.00;0.00;485.00;0.00;0.00;0.00;0.00;582.00;0.00;0.00;0.00;1649.00;0.00;0.00;0.00;0.00;0.00;0.00;75.33;320.00;450.00;540.00;646.99;1020.00;1521.99;3533.33;2430.00;1350.00;0.00;0.00;930.00;1620.00;2750.00;1910.00;620.00;940.00;480.00;610.00;450.00;1050.00;0.00;300.00
1772829364.1170447;0.00;0.00;0.00;0.00;0.00;0.00;0.00;485.00;0.00;0.00;0.00;0.00;582.00;0.00;0.00;0.00;1746.00;0.00;0.00;0.00;0.00;0.00;0.00;75.33;320.00;750.00;780.00;743.99;1020.00;1521.99;3533.33;2430.00;1350.00;0.00;0.00;930.00;1620.00;2750.00;1910.00;1100.00;940.00;480.00;610.00;750.00;1050.00;0.00;300.00
1772829364.1195154;0.00;0.00;0.00;0.00;0.00;0.00;0.00;485.00;0.00;0.00;0.00;0.00;582.00;0.00;0.00;0.00;1746.00;0.00;0.00;0.00;0.00;0.00;0.00;75.33;320.00;750.00;780.00;743.99;1020.00;1521.99;3533.33;2430.00;1350.00;0.00;0.00;930.00;1620.00;2750.00;1910.00;1100.00;940.00;480.00;610.00;750.00;1050.00;0.00;300.00
1772829388.5434325;0.00;0.00;0.00;0.00;0.00;0.00;0.00;485.00;0.00;0.00;0.00;0.00;582.00;0.00;0.00;0.00;1746.00;0.00;97.00;0.00;0.00;0.00;0.00;75.33;320.00;750.00;780.00;743.99;1020.00;1521.99;3533.33;2430.00;1580.00;470.00;0.00;930.00;1620.00;2750.00;1910.00;1100.00;940.00;480.00;610.00;750.00;1350.00;470.00;300.00
1772829388.5456588;0.00;0.00;0.00;0.00;0.00;0.00;0.00;485.00;0.00;0.00;0.00;0.00;582.00;0.00;0.00;0.00;1746.00;0.00;97.00;0.00;0.00;0.00;0.00;75.33;320.00;750.00;780.00;743.99;1020.00;1521.99;3533.33;2430.00;1580.00;470.00;0.00;930.00;1620.00;2750.00;1910.00;1100.00;940.00;480.00;610.00;750.00;1350.00;470.00;300.00
1772829388.632534;0.00;0.00;0.00;0.00;0.00;0.00;0.00;485.00;0.00;0.00;0.00;0.00;582.00;0.00;0.00;0.00;1746.00;0.00;194.00;0.00;0.00;0.00;0.00;305.33;320.00;750.00;780.00;743.99;1020.00;1521.99;3533.33;2430.00;1580.00;1020.00;80.00;930.00;1620.00;2750.00;1910.00;1100.00;940.00;480.00;610.00;750.00;1820.00;620.00;450.00
1772829388.6348753;0.00;0.00;0.00;0.00;0.00;0.00;0.00;485.00;0.00;0.00;0.00;0.00;582.00;0.00;0.00;0.00;1746.00;0.00;194.00;0.00;0.00;0.00;0.00;305.33;320.00;750.00;780.00;743.99;1020.00;1521.99;3533.33;2430.00;1580.00;1020.00;80.00;930.00;1620.00;2750.00;1910.00;1100.00;940.00;480.00;610.00;750.00;1820.00;620.00;450.00
1772829388.7200031;0.00;0.00;0.00;0.00;0.00;0.00;0.00;485.00;0.00;0.00;0.00;0.00;582.00;0.00;0.00;0.00;1746.00;0.00;291.00;0.00;0.00;0.00;0.00;535.33;320.00;750.00;780.00;743.99;1020.00;1521.99;3533.33;2430.00;1804.67;1250.00;160.00;930.00;1844.67;2750.00;1910.00;1100.00;940.00;640.00;610.00;750.00;1820.00;770.00;600.00
1772829388.722375;0.00;0.00;0.00;0.00;0.00;0.00;0.00;485.00;0.00;0.00;0.00;0.00;582.00;0.00;0.00;0.00;1746.00;0.00;291.00;0.00;0.00;0.00;0.00;535.33;320.00;750.00;780.00;743.99;1020.00;1521.99;3533.33;2430.00;1804.67;1250.00;160.00;930.00;1844.67;2750.00;1910.00;1100.00;940.00;640.00;610.00;750.00;1820.00;770.00;600.00
1772829388.8086178;0.00;0.00;0.00;0.00;0.00;0.00;0.00;485.00;0.00;0.00;0.00;0.00;582.00;0.00;0.00;0.00;1746.00;0.00;388.00;0.00;0.00;0.00;0.00;765.33;320.00;750.00;780.00;743.99;1020.00;1521.99;3533.33;2430.00;2029.34;1800.00;240.00;930.00;1844.67;2750.00;1910.00;1100.00;940.00;800.00;610.00;750.00;1820.00;920.00;750.00
1772829388.810994;0.00;0.00;0.00;0.00;0.00;0.00;0.00;485.00;0.00;0.00;0.00;0.00;582.00;0.00;0.00;0.00;1746.00;0.00;388.00;0.00;0.00;0.00;0.00;765.33;320.00;750.00;780.00;743.99;1020.00;1521.99;3533.33;2430.00;2029.34;1800.00;240.00;930.00;1844.67;2750.00;1910.00;1100.00;940.00;800.00;610.00;750.00;1820.00;920.00;750.00
1772829389.0174572;0.00;0.00;0.00;0.00;0.00;0.00;0.00;485.00;0.00;0.00;0.00;0.00;582.00;0.00;0.00;0.00;1746.00;0.00;485.00;0.00;0.00;0.00;0.00;995.33;320.00;750.00;780.00;743.99;1020.00;1521.99;3533.33;2430.00;2029.34;1897.00;630.00;930.00;1844.67;2750.00;1910.00;1100.00;940.00;960.00;610.00;750.00;1820.00;1070.00;1210.00
1772829389.0199685;0.00;0.00;0.00;0.00;0.00;0.00;0.00;485.00;0.00;0.00;0.00;0.00;582.00;0.00;0.00;0.00;1746.00;0.00;485.00;0.00;0.00;0.00;0.00;995.33;320.00;750.00;780.00;743.99;1020.00;1521.99;3533.33;2430.00;2029.34;1897.00;630.00;930.00;1844.67;2750.00;1910.00;1100.00;940.00;960.00;610.00;750.00;1820.00;1070.00;1210.00
1772829389.103189;0.00;0.00;0.00;0.00;0.00;0.00;0.00;485.00;0.00;0.00;0.00;0.00;582.00;0.00;0.00;0.00;1746.00;0.00;582.00;0.00;0.00;0.00;0.00;1225.33;320.00;750.00;780.00;743.99;1020.00;1521.99;3533.33;2654.67;2244.01;1929.33;662.33;930.00;1844.67;2974.67;1910.00;1100.00;940.00;1120.00;610.00;750.00;1970.00;1070.00;1360.00
1772829389.1057165;0.00;0.00;0.00;0.00;0.00;0.00;0.00;485.00;0.00;0.00;0.00;0.00;582.00;0.00;0.00;0.00;1746.00;0.00;582.00;0.00;0.00;0.00;0.00;1225.33;320.00;750.00;780.00;743.99;1020.00;1521.99;3533.33;2654.67;2244.01;1929.33;662.33;930.00;1844.67;2974.67;1910.00;1100.00;940.00;1120.00;610.00;750.00;1970.00;1070.00;1360.00
1772829410.5990698;0.00;0.00;0.00;97.00;0.00;0.00;0.00;0.00;0.00;0.00;0.00;0.00;582.00;0.00;0.00;0.00;1746.00;0.00;582.00;0.00;0.00;0.00;0.00;1225.33;320.00;750.00;780.00;513.99;0.00;1024.99;2493.33;2094.67;300.00;1929.33;662.33;620.00;554.67;2974.67;1910.00;1100.00;780.00;1120.00;0.00;750.00;300.00;1070.00;1360.00
1772829410.6014585;0.00;0.00;0.00;97.00;0.00;0.00;0.00;0.00;0.00;0.00;0.00;0.00;582.00;0.00;0.00;0.00;1746.00;0.00;582.00;0.00;0.00;0.00;0.00;1225.33;320.00;750.00;780.00;513.99;0.00;1024.99;2493.33;2094.67;300.00;1929.33;662.33;620.00;554.67;2974.67;1910.00;1100.00;780.00;1120.00;0.00;750.00;300.00;1070.00;1360.00
1772829410.6906445;0.00;0.00;0.00;194.00;0.00;0.00;0.00;0.00;0.00;0.00;0.00;0.00;582.00;0.00;0.00;0.00;1746.00;0.00;582.00;0.00;0.00;0.00;0.00;1225.33;320.00;750.00;780.00;513.99;0.00;1024.99;2643.33;2367.00;450.00;1929.33;662.33;620.00;939.34;2974.67;2060.00;1100.00;780.00;1120.00;0.00;750.00;450.00;1070.00;1360.00
1772829410.693011;0.00;0.00;0.00;194.00;0.00;0.00;0.00;0.00;0.00;0.00;0.00;0.00;582.00;0.00;0.00;0.00;1746.00;0.00;582.00;0.00;0.00;0.00;0.00;1225.33;320.00;750.00;780.00;513.99;0.00;1024.99;2643.33;2367.00;450.00;1929.33;662.33;620.00;939.34;2974.67;2060.00;1100.00;780.00;1120.00;0.00;750.00;450.00;1070.00;1360.00
1772829410.9183674;0.00;0.00;0.00;291.00;0.00;0.00;0.00;0.00;0.00;0.00;0.00;0.00;582.00;0.00;0.00;0.00;1746.00;0.00;582.00;0.00;0.00;0.00;0.00;1225.33;320.00;750.00;780.00;513.99;150.00;1104.99;2873.33;2559.33;450.00;1929.33;662.33;780.00;1164.01;2974.67;2210.00;1100.00;780.00;1120.00;150.00;750.00;450.00;1070.00;1360.00
1772829410.920786;0.00;0.00;0.00;291.00;0.00;0.00;0.00;0.00;0.00;0.00;0.00;0.00;582.00;0.00;0.00;0.00;1746.00;0.00;582.00;0.00;0.00;0.00;0.00;1225.33;320.00;750.00;780.00;513.99;150.00;1104.99;2873.33;2559.33;450.00;1929.33;662.33;780.00;1164.01;2974.67;2210.00;1100.00;780.00;1120.00;150.00;750.00;450.00;1070.00;1360.00
1772829411.007163;0.00;0.00;0.00;388.00;0.00;0.00;0.00;0.00;0.00;0.00;0.00;0.00;582.00;0.00;0.00;0.00;1746.00;0.00;582.00;0.00;0.00;0.00;0.00;1225.33;320.00;750.00;780.00;513.99;300.00;1254.99;2953.33;2864.00;600.00;1929.33;662.33;780.00;1164.01;3199.34;2210.00;1100.00;780.00;1120.00;300.00;750.00;600.00;1070.00;1360.00
1772829411.00954;0.00;0.00;0.00;388.00;0.00;0.00;0.00;0.00;0.00;0.00;0.00;0.00;582.00;0.00;0.00;0.00;1746.00;0.00;582.00;0.00;0.00;0.00;0.00;1225.33;320.00;750.00;780.00;513.99;300.00;1254.99;2953.33;2864.00;600.00;1929.33;662.33;780.00;1164.01;3199.34;2210.00;1100.00;780.00;1120.00;300.00;750.00;600.00;1070.00;1360.00
1772829411.0934725;0.00;0.00;0.00;485.00;0.00;0.00;0.00;0.00;0.00;0.00;0.00;0.00;582.00;0.00;0.00;0.00;1746.00;0.00;582.00;0.00;0.00;0.00;0.00;1225.33;320.00;750.00;780.00;513.99;600.00;1564.99;3193.33;3104.00;600.00;1929.33;662.33;780.00;1164.01;3199.34;2210.00;1100.00;780.00;1120.00;600.00;750.00;600.00;1070.00;1360.00
1772829411.0959315;0.00;0.00;0.00;485.00;0.00;0.00;0.00;0.00;0.00;0.00;0.00;0.00;582.00;0.00;0.00;0.00;1746.00;0.00;582.00;0.00;0.00;0.00;0.00;1225.33;320.00;750.00;780.00;513.99;600.00;1564.99;3193.33;3104.00;600.00;1929.33;662.33;780.00;1164.01;3199.34;2210.00;1100.00;780.00;1120.00;600.00;750.00;600.00;1070.00;1360.00
1772829411.1813674;0.00;0.00;0.00;582.00;0.00;0.00;0.00;0.00;0.00;0.00;0.00;0.00;582.00;0.00;0.00;0.00;1746.00;0.00;582.00;0.00;0.00;0.00;0.00;1225.33;320.00;750.00;780.00;513.99;900.00;1874.99;3433.33;3344.00;600.00;1929.33;662.33;780.00;1164.01;3199.34;2210.00;1100.00;780.00;1120.00;900.00;750.00;600.00;1070.00;1360.00
1772829411.184041;0.00;0.00;0.00;582.00;0.00;0.00;0.00;0.00;0.00;0.00;0.00;0.00;582.00;0.00;0.00;0.00;1746.00;0.00;582.00;0.00;0.00;0.00;0.00;1225.33;320.00;750.00;780.00;513.99;900.00;1874.99;3433.33;3344.00;600.00;1929.33;662.33;780.00;1164.01;3199.34;2210.00;1100.00;780.00;1120.00;900.00;750.00;600.00;1070.00;1360.00
1772829427.6220806;0.00;97.00;0.00;582.00;0.00;0.00;0.00;0.00;0.00;0.00;0.00;0.00;582.00;0.00;0.00;0.00;1746.00;0.00;582.00;0.00;0.00;0.00;0.00;1225.33;320.00;750.00;780.00;513.99;1200.00;2344.99;3673.33;3344.00;600.00;1929.33;662.33;780.00;1164.01;3199.34;2210.00;1100.00;780.00;1120.00;1200.00;750.00;600.00;1070.00;1360.00
1772829427.6247327;0.00;97.00;0.00;582.00;0.00;0.00;0.00;0.00;0.00;0.00;0.00;0.00;582.00;0.00;0.00;0.00;1746.00;0.00;582.00;0.00;0.00;0.00;0.00;1225.33;320.00;750.00;780.00;513.99;1200.00;2344.99;3673.33;3344.00;600.00;1929.33;662.33;780.00;1164.01;3199.34;2210.00;1100.00;780.00;1120.00;1200.00;750.00;600.00;1070.00;1360.00
1772829427.7588148;0.00;194.00;0.00;582.00;0.00;0.00;0.00;0.00;0.00;0.00;0.00;0.00;582.00;0.00;0.00;0.00;1746.00;0.00;582.00;0.00;0.00;0.00;0.00;1225.33;320.00;750.00;780.00;743.99;1590.00;2441.99;3770.33;3344.00;600.00;1929.33;662.33;930.00;1164.01;3199.34;2210.00;1100.00;940.00;1120.00;1660.00;750.00;600.00;1070.00;1360.00
1772829427.760448;0.00;194.00;0.00;582.00;0.00;0.00;0.00;0.00;0.00;0.00;0.00;0.00;582.00;0.00;0.00;0.00;1746.00;0.00;582.00;0.00;0.00;0.00;0.00;1225.33;320.00;750.00;780.00;743.99;1590.00;2441.99;3770.33;3344.00;600.00;1929.33;662.33;930.00;1164.01;3199.34;2210.00;1100.00;940.00;1120.00;1660.00;750.00;600.00;1070.00;1360.00
1772829427.809862;0.00;291.00;0.00;582.00;0.00;0.00;0.00;0.00;0.00;0.00;0.00;0.00;582.00;0.00;0.00;0.00;1746.00;0.00;582.00;0.00;0.00;0.00;0.00;1225.33;320.00;900.00;860.00;776.32;2092.33;2634.32;3867.33;3344.00;600.00;1929.33;662.33;930.00;1164.01;3199.34;2210.00;1260.00;940.00;1120.00;1810.00;900.00;600.00;1070.00;1360.00
1772829427.811396;0.00;291.00;0.00;582.00;0.00;0.00;0.00;0.00;0.00;0.00;0.00;0.00;582.00;0.00;0.00;0.00;1746.00;0.00;582.00;0.00;0.00;0.00;0.00;1225.33;320.00;900.00;860.00;776.32;2092.33;2634.32;3867.33;3344.00;600.00;1929.33;662.33;930.00;1164.01;3199.34;2210.00;1260.00;940.00;1120.00;1810.00;900.00;600.00;1070.00;1360.00
1772829427.8619835;0.00;388.00;0.00;582.00;0.00;0.00;0.00;0.00;0.00;0.00;0.00;0.00;582.00;0.00;0.00;0.00;1746.00;0.00;582.00;0.00;0.00;0.00;0.00;1455.33;320.00;1050.00;1020.00;936.32;2157.00;2698.99;3932.00;3376.33;680.00;2009.33;742.33;930.00;1164.01;3199.34;2210.00;1580.00;940.00;1280.00;1810.00;1050.00;600.00;1070.00;1510.00
1772829427.863523;0.00;388.00;0.00;582.00;0.00;0.00;0.00;0.00;0.00;0.00;0.00;0.00;582.00;0.00;0.00;0.00;1746.00;0.00;582.00;0.00;0.00;0.00;0.00;1455.33;320.00;1050.00;1020.00;936.32;2157.00;2698.99;3932.00;3376.33;680.00;2009.33;742.33;930.00;1164.01;3199.34;2210.00;1580.00;940.00;1280.00;1810.00;1050.00;600.00;1070.00;1510.00
1772829427.9123695;0.00;388.00;0.00;582.00;0.00;0.00;0.00;0.00;0.00;0.00;0.00;0.00;582.00;0.00;0.00;0.00;1746.00;0.00;582.00;0.00;0.00;0.00;0.00;1455.33;320.00;1050.00;1020.00;936.32;2157.00;2698.99;3932.00;3376.33;680.00;2009.33;742.33;930.00;1164.01;3199.34;2210.00;1580.00;940.00;1280.00;1810.00;1050.00;600.00;1070.00;1510.00
1772829427.913842;0.00;388.00;0.00;582.00;0.00;0.00;0.00;0.00;0.00;0.00;0.00;0.00;582.00;0.00;0.00;0.00;1746.00;0.00;582.00;0.00;0.00;0.00;0.00;1455.33;320.00;1050.00;1020.00;936.32;2157.00;2698.99;3932.00;3376.33;680.00;2009.33;742.33;930.00;1164.01;3199.34;2210.00;1580.00;940.00;1280.00;1810.00;1050.00;600.00;1070.00;1510.00
1772829427.9627419;0.00;388.00;0.00;582.00;0.00;0.00;0.00;0.00;0.00;0.00;0.00;0.00;582.00;0.00;0.00;0.00;1746.00;0.00;582.00;0.00;0.00;0.00;0.00;1455.33;320.00;1050.00;1020.00;936.32;2157.00;2698.99;3932.00;3376.33;680.00;2009.33;742.33;930.00;1164.01;3199.34;2210.00;1580.00;940.00;1280.00;1810.00;1050.00;600.00;1070.00;1510.00
1772829427.9647996;0.00;388.00;0.00;582.00;0.00;0.00;0.00;0.00;0.00;0.00;0.00;0.00;582.00;0.00;0.00;0.00;1746.00;0.00;582.00;0.00;0.00;0.00;0.00;1455.33;320.00;1050.00;1020.00;936.32;2157.00;2698.99;3932.00;3376.33;680.00;2009.33;742.33;930.00;1164.01;3199.34;2210.00;1580.00;940.00;1280.00;1810.00;1050.00;600.00;1070.00;1510.00
1772829449.8098848;0.00;485.00;0.00;582.00;0.00;0.00;0.00;0.00;0.00;0.00;0.00;0.00;0.00;0.00;0.00;0.00;582.00;0.00;582.00;0.00;0.00;0.00;0.00;855.33;0.00;430.00;400.00;0.00;0.00;0.00;0.00;240.00;300.00;2009.33;742.33;0.00;480.00;0.00;0.00;1580.00;940.00;640.00;0.00;750.00;300.00;1070.00;910.00
1772829449.8117933;0.00;485.00;0.00;582.00;0.00;0.00;0.00;0.00;0.00;0.00;0.00;0.00;0.00;0.00;0.00;0.00;582.00;0.00;582.00;0.00;0.00;0.00;0.00;855.33;0.00;430.00;400.00;0.00;0.00;0.00;0.00;240.00;300.00;2009.33;742.33;0.00;480.00;0.00;0.00;1580.00;940.00;640.00;0.00;750.00;300.00;1070.00;910.00
1772829449.900905;0.00;582.00;0.00;582.00;0.00;0.00;0.00;0.00;0.00;0.00;0.00;0.00;0.00;0.00;0.00;0.00;582.00;0.00;582.00;0.00;0.00;0.00;0.00;855.33;0.00;430.00;400.00;0.00;0.00;150.00;80.00;400.00;450.00;2009.33;742.33;150.00;800.00;0.00;230.00;1580.00;940.00;640.00;0.00;750.00;450.00;1070.00;910.00
1772829449.902806;0.00;582.00;0.00;582.00;0.00;0.00;0.00;0.00;0.00;0.00;0.00;0.00;0.00;0.00;0.00;0.00;582.00;0.00;582.00;0.00;0.00;0.00;0.00;855.33;0.00;430.00;400.00;0.00;0.00;150.00;80.00;400.00;450.00;2009.33;742.33;150.00;800.00;0.00;230.00;1580.00;940.00;640.00;0.00;750.00;450.00;1070.00;910.00
1772829449.991174;0.00;679.00;0.00;582.00;0.00;0.00;0.00;0.00;0.00;0.00;0.00;0.00;0.00;0.00;0.00;0.00;582.00;0.00;582.00;0.00;0.00;0.00;0.00;855.33;0.00;430.00;400.00;0.00;150.00;380.00;320.00;400.00;450.00;2009.33;742.33;460.00;800.00;0.00;540.00;1580.00;940.00;640.00;150.00;750.00;450.00;1070.00;910.00
1772829449.9931216;0.00;679.00;0.00;582.00;0.00;0.00;0.00;0.00;0.00;0.00;0.00;0.00;0.00;0.00;0.00;0.00;582.00;0.00;582.00;0.00;0.00;0.00;0.00;855.33;0.00;430.00;400.00;0.00;150.00;380.00;320.00;400.00;450.00;2009.33;742.33;460.00;800.00;0.00;540.00;1580.00;940.00;640.00;150.00;750.00;450.00;1070.00;910.00
1772829450.081843;0.00;776.00;0.00;582.00;0.00;0.00;0.00;0.00;0.00;0.00;0.00;0.00;0.00;0.00;0.00;0.00;582.00;0.00;582.00;0.00;0.00;0.00;0.00;855.33;0.00;430.00;400.00;0.00;300.00;610.00;560.00;400.00;450.00;2009.33;742.33;770.00;800.00;0.00;850.00;1580.00;940.00;640.00;300.00;750.00;450.00;1070.00;910.00
1772829450.0838342;0.00;776.00;0.00;582.00;0.00;0.00;0.00;0.00;0.00;0.00;0.00;0.00;0.00;0.00;0.00;0.00;582.00;0.00;582.00;0.00;0.00;0.00;0.00;855.33;0.00;430.00;400.00;0.00;300.00;610.00;560.00;400.00;450.00;2009.33;742.33;770.00;800.00;0.00;850.00;1580.00;940.00;640.00;300.00;750.00;450.00;1070.00;910.00
1772829450.1726542;0.00;873.00;0.00;582.00;0.00;0.00;0.00;0.00;0.00;0.00;0.00;0.00;0.00;0.00;0.00;0.00;582.00;0.00;582.00;0.00;0.00;0.00;0.00;855.33;0.00;430.00;400.00;0.00;450.00;840.00;800.00;400.00;450.00;2009.33;742.33;1080.00;800.00;0.00;1160.00;1580.00;940.00;640.00;450.00;750.00;450.00;1070.00;910.00
1772829450.1747115;0.00;873.00;0.00;582.00;0.00;0.00;0.00;0.00;0.00;0.00;0.00;0.00;0.00;0.00;0.00;0.00;582.00;0.00;582.00;0.00;0.00;0.00;0.00;855.33;0.00;430.00;400.00;0.00;450.00;840.00;800.00;400.00;450.00;2009.33;742.33;1080.00;800.00;0.00;1160.00;1580.00;940.00;640.00;450.00;750.00;450.00;1070.00;910.00
1772829450.3906522;0.00;970.00;0.00;582.00;0.00;0.00;0.00;0.00;0.00;0.00;0.00;0.00;0.00;0.00;0.00;0.00;582.00;0.00;582.00;0.00;0.00;0.00;0.00;855.33;0.00;430.00;400.00;0.00;750.00;1080.00;1040.00;400.00;450.00;2009.33;742.33;1560.00;800.00;0.00;1160.00;1580.00;940.00;640.00;750.00;750.00;450.00;1070.00;910.00
1772829450.3927274;0.00;970.00;0.00;582.00;0.00;0.00;0.00;0.00;0.00;0.00;0.00;0.00;0.00;0.00;0.00;0.00;582.00;0.00;582.00;0.00;0.00;0.00;0.00;855.33;0.00;430.00;400.00;0.00;750.00;1080.00;1040.00;400.00;450.00;2009.33;742.33;1560.00;800.00;0.00;1160.00;1580.00;940.00;640.00;750.00;750.00;450.00;1070.00;910.00
1772829463.6938584;0.00;970.00;0.00;582.00;0.00;0.00;0.00;0.00;0.00;0.00;0.00;0.00;0.00;0.00;97.00;0.00;582.00;0.00;582.00;0.00;0.00;0.00;0.00;855.33;0.00;430.00;400.00;0.00;1290.00;1080.00;1040.00;400.00;450.00;2009.33;742.33;2040.00;800.00;0.00;1160.00;1580.00;940.00;640.00;1050.00;750.00;450.00;1070.00;910.00
1772829463.6960635;0.00;970.00;0.00;582.00;0.00;0.00;0.00;0.00;0.00;0.00;0.00;0.00;0.00;0.00;97.00;0.00;582.00;0.00;582.00;0.00;0.00;0.00;0.00;855.33;0.00;430.00;400.00;0.00;1290.00;1080.00;1040.00;400.00;450.00;2009.33;742.33;2040.00;800.00;0.00;1160.00;1580.00;940.00;640.00;1050.00;750.00;450.00;1070.00;910.00
1772829463.7861705;0.00;970.00;0.00;582.00;0.00;0.00;0.00;0.00;0.00;0.00;0.00;0.00;0.00;0.00;194.00;0.00;582.00;0.00;582.00;0.00;0.00;0.00;0.00;855.33;0.00;430.00;400.00;0.00;1830.00;1310.00;1040.00;400.00;450.00;2009.33;742.33;2360.00;800.00;0.00;1320.00;1580.00;940.00;640.00;1350.00;750.00;450.00;1070.00;910.00
1772829463.7884402;0.00;970.00;0.00;582.00;0.00;0.00;0.00;0.00;0.00;0.00;0.00;0.00;0.00;0.00;194.00;0.00;582.00;0.00;582.00;0.00;0.00;0.00;0.00;855.33;0.00;430.00;400.00;0.00;1830.00;1310.00;1040.00;400.00;450.00;2009.33;742.33;2360.00;800.00;0.00;1320.00;1580.00;940.00;640.00;1350.00;750.00;450.00;1070.00;910.00
1772829463.8783536;0.00;970.00;0.00;582.00;0.00;0.00;0.00;0.00;0.00;0.00;0.00;0.00;0.00;0.00;291.00;0.00;582.00;0.00;582.00;0.00;0.00;0.00;0.00;855.33;0.00;580.00;550.00;150.00;2252.33;1310.00;1040.00;400.00;450.00;2009.33;742.33;2680.00;800.00;0.00;1320.00;1580.00;940.00;640.00;1660.00;900.00;450.00;1070.00;910.00
1772829463.8806727;0.00;970.00;0.00;582.00;0.00;0.00;0.00;0.00;0.00;0.00;0.00;0.00;0.00;0.00;291.00;0.00;582.00;0.00;582.00;0.00;0.00;0.00;0.00;855.33;0.00;580.00;550.00;150.00;2252.33;1310.00;1040.00;400.00;450.00;2009.33;742.33;2680.00;800.00;0.00;1320.00;1580.00;940.00;640.00;1660.00;900.00;450.00;1070.00;910.00
1772829463.9696722;0.00;970.00;0.00;582.00;0.00;0.00;0.00;0.00;0.00;0.00;0.00;0.00;0.00;0.00;388.00;0.00;582.00;0.00;582.00;0.00;0.00;0.00;0.00;855.33;0.00;730.00;700.00;300.00;2899.33;1310.00;1040.00;400.00;450.00;2009.33;742.33;2904.67;800.00;0.00;1320.00;1580.00;940.00;640.00;1970.00;1050.00;450.00;1070.00;910.00
1772829463.9720778;0.00;970.00;0.00;582.00;0.00;0.00;0.00;0.00;0.00;0.00;0.00;0.00;0.00;0.00;388.00;0.00;582.00;0.00;582.00;0.00;0.00;0.00;0.00;855.33;0.00;730.00;700.00;300.00;2899.33;1310.00;1040.00;400.00;450.00;2009.33;742.33;2904.67;800.00;0.00;1320.00;1580.00;940.00;640.00;1970.00;1050.00;450.00;1070.00;910.00
1772829464.188856;0.00;970.00;0.00;582.00;0.00;0.00;0.00;0.00;0.00;0.00;0.00;0.00;0.00;0.00;485.00;0.00;582.00;0.00;582.00;0.00;0.00;0.00;0.00;855.33;0.00;880.00;860.00;364.67;2979.33;1390.00;1120.00;550.00;450.00;2009.33;742.33;2904.67;950.00;230.00;1320.00;1580.00;1164.67;640.00;2130.00;1200.00;450.00;1070.00;910.00
1772829464.1912758;0.00;970.00;0.00;582.00;0.00;0.00;0.00;0.00;0.00;0.00;0.00;0.00;0.00;0.00;485.00;0.00;582.00;0.00;582.00;0.00;0.00;0.00;0.00;855.33;0.00;880.00;860.00;364.67;2979.33;1390.00;1120.00;550.00;450.00;2009.33;742.33;2904.67;950.00;230.00;1320.00;1580.00;1164.67;640.00;2130.00;1200.00;450.00;1070.00;910.00
1772829464.2783678;0.00;970.00;0.00;582.00;0.00;0.00;0.00;0.00;0.00;0.00;0.00;0.00;0.00;0.00;582.00;0.00;582.00;0.00;582.00;0.00;0.00;0.00;0.00;855.33;0.00;1030.00;1020.00;524.67;3059.33;1470.00;1350.00;550.00;450.00;2009.33;742.33;2904.67;950.00;230.00;1470.00;1580.00;1164.67;640.00;2514.67;1350.00;450.00;1070.00;910.00
1772829464.2808838;0.00;970.00;0.00;582.00;0.00;0.00;0.00;0.00;0.00;0.00;0.00;0.00;0.00;0.00;582.00;0.00;582.00;0.00;582.00;0.00;0.00;0.00;0.00;855.33;0.00;1030.00;1020.00;524.67;3059.33;1470.00;1350.00;550.00;450.00;2009.33;742.33;2904.67;950.00;230.00;1470.00;1580.00;1164.67;640.00;2514.67;1350.00;450.00;1070.00;910.00
1772829476.7561543;0.00;970.00;0.00;582.00;0.00;0.00;0.00;0.00;0.00;0.00;0.00;0.00;0.00;0.00;582.00;0.00;0.00;0.00;582.00;97.00;0.00;0.00;0.00;855.33;0.00;572.33;0.00;0.00;1579.33;550.00;1350.00;550.00;450.00;2009.33;742.33;344.67;950.00;230.00;550.00;310.00;0.00;640.00;1004.67;460.00;450.00;1070.00;910.00
1772829476.758352;0.00;970.00;0.00;582.00;0.00;0.00;0.00;0.00;0.00;0.00;0.00;0.00;0.00;0.00;582.00;0.00;0.00;0.00;582.00;97.00;0.00;0.00;0.00;855.33;0.00;572.33;0.00;0.00;1579.33;550.00;1350.00;550.00;450.00;2009.33;742.33;344.67;950.00;230.00;550.00;310.00;0.00;640.00;1004.67;460.00;450.00;1070.00;910.00
1772829476.8515928;0.00;970.00;0.00;582.00;0.00;0.00;0.00;0.00;0.00;0.00;0.00;0.00;0.00;0.00;582.00;0.00;0.00;0.00;582.00;194.00;0.00;0.00;0.00;855.33;0.00;1042.33;80.00;150.00;1579.33;550.00;1350.00;550.00;450.00;2009.33;742.33;344.67;950.00;230.00;550.00;620.00;160.00;640.00;1154.67;610.00;450.00;1070.00;910.00
1772829476.8538506;0.00;970.00;0.00;582.00;0.00;0.00;0.00;0.00;0.00;0.00;0.00;0.00;0.00;0.00;582.00;0.00;0.00;0.00;582.00;194.00;0.00;0.00;0.00;855.33;0.00;1042.33;80.00;150.00;1579.33;550.00;1350.00;550.00;450.00;2009.33;742.33;344.67;950.00;230.00;550.00;620.00;160.00;640.00;1154.67;610.00;450.00;1070.00;910.00
1772829477.0764983;0.00;970.00;0.00;582.00;0.00;0.00;0.00;0.00;0.00;0.00;0.00;0.00;0.00;0.00;582.00;0.00;0.00;0.00;582.00;291.00;0.00;0.00;0.00;855.33;0.00;1512.33;160.00;230.00;1809.33;550.00;1350.00;550.00;450.00;2009.33;742.33;574.67;950.00;230.00;550.00;844.67;320.00;640.00;1304.67;760.00;450.00;1070.00;910.00
1772829477.078832;0.00;970.00;0.00;582.00;0.00;0.00;0.00;0.00;0.00;0.00;0.00;0.00;0.00;0.00;582.00;0.00;0.00;0.00;582.00;291.00;0.00;0.00;0.00;855.33;0.00;1512.33;160.00;230.00;1809.33;550.00;1350.00;550.00;450.00;2009.33;742.33;574.67;950.00;230.00;550.00;844.67;320.00;640.00;1304.67;760.00;450.00;1070.00;910.00
1772829477.1681676;0.00;970.00;0.00;582.00;0.00;0.00;0.00;0.00;0.00;0.00;0.00;0.00;0.00;0.00;582.00;0.00;0.00;0.00;582.00;388.00;0.00;0.00;0.00;855.33;0.00;1662.33;700.00;460.00;1809.33;550.00;1350.00;550.00;450.00;2009.33;742.33;574.67;950.00;230.00;550.00;994.67;630.00;640.00;1464.67;910.00;450.00;1070.00;910.00
1772829477.1704683;0.00;970.00;0.00;582.00;0.00;0.00;0.00;0.00;0.00;0.00;0.00;0.00;0.00;0.00;582.00;0.00;0.00;0.00;582.00;388.00;0.00;0.00;0.00;855.33;0.00;1662.33;700.00;460.00;1809.33;550.00;1350.00;550.00;450.00;2009.33;742.33;574.67;950.00;230.00;550.00;994.67;630.00;640.00;1464.67;910.00;450.00;1070.00;910.00
1772829477.2610097;0.00;970.00;0.00;582.00;0.00;0.00;0.00;0.00;0.00;0.00;0.00;0.00;0.00;0.00;582.00;0.00;0.00;0.00;582.00;485.00;0.00;0.00;0.00;855.33;0.00;1662.33;1090.00;540.00;1889.33;630.00;1580.00;550.00;450.00;2009.33;742.33;574.67;950.00;230.00;700.00;1144.67;940.00;640.00;1624.67;910.00;450.00;1070.00;910.00
1772829477.2633324;0.00;970.00;0.00;582.00;0.00;0.00;0.00;0.00;0.00;0.00;0.00;0.00;0.00;0.00;582.00;0.00;0.00;0.00;582.00;485.00;0.00;0.00;0.00;855.33;0.00;1662.33;1090.00;540.00;1889.33;630.00;1580.00;550.00;450.00;2009.33;742.33;574.67;950.00;230.00;700.00;1144.67;940.00;640.00;1624.67;910.00;450.00;1070.00;910.00
1772829477.3532274;0.00;970.00;0.00;582.00;0.00;0.00;0.00;0.00;0.00;0.00;0.00;0.00;0.00;0.00;582.00;0.00;0.00;0.00;582.00;582.00;0.00;0.00;0.00;855.33;0.00;1662.33;1330.00;780.00;2119.33;710.00;1810.00;550.00;450.00;2009.33;742.33;724.67;950.00;230.00;850.00;1144.67;940.00;640.00;2094.67;910.00;450.00;1070.00;910.00
1772829477.355715;0.00;970.00;0.00;582.00;0.00;0.00;0.00;0.00;0.00;0.00;0.00;0.00;0.00;0.00;582.00;0.00;0.00;0.00;582.00;582.00;0.00;0.00;0.00;855.33;0.00;1662.33;1330.00;780.00;2119.33;710.00;1810.00;550.00;450.00;2009.33;742.33;724.67;950.00;230.00;850.00;1144.67;940.00;640.00;2094.67;910.00;450.00;1070.00;910.00
1772829500.787632;0.00;970.00;0.00;582.00;0.00;0.00;0.00;0.00;0.00;0.00;0.00;0.00;97.00;0.00;582.00;0.00;0.00;0.00;0.00;582.00;0.00;0.00;0.00;150.00;80.00;1742.33;1410.00;940.00;2279.33;1020.00;1810.00;325.33;0.00;0.00;0.00;874.67;725.33;5.33;1160.00;1144.67;940.00;0.00;2094.67;1070.00;0.00;0.00;150.00
1772829500.7898593;0.00;970.00;0.00;582.00;0.00;0.00;0.00;0.00;0.00;0.00;0.00;0.00;97.00;0.00;582.00;0.00;0.00;0.00;0.00;582.00;0.00;0.00;0.00;150.00;80.00;1742.33;1410.00;940.00;2279.33;1020.00;1810.00;325.33;0.00;0.00;0.00;874.67;725.33;5.33;1160.00;1144.67;940.00;0.00;2094.67;1070.00;0.00;0.00;150.00
1772829501.0336545;0.00;970.00;0.00;582.00;0.00;0.00;0.00;0.00;0.00;0.00;0.00;0.00;194.00;0.00;582.00;0.00;0.00;0.00;0.00;582.00;0.00;0.00;0.00;150.00;80.00;1742.33;1410.00;1180.00;2519.33;1410.00;2040.00;325.33;0.00;0.00;0.00;1024.67;725.33;5.33;1620.00;1144.67;940.00;0.00;2094.67;1070.00;0.00;0.00;150.00
1772829501.0359702;0.00;970.00;0.00;582.00;0.00;0.00;0.00;0.00;0.00;0.00;0.00;0.00;194.00;0.00;582.00;0.00;0.00;0.00;0.00;582.00;0.00;0.00;0.00;150.00;80.00;1742.33;1410.00;1180.00;2519.33;1410.00;2040.00;325.33;0.00;0.00;0.00;1024.67;725.33;5.33;1620.00;1144.67;940.00;0.00;2094.67;1070.00;0.00;0.00;150.00
1772829501.129391;0.00;970.00;0.00;582.00;0.00;0.00;0.00;0.00;0.00;0.00;0.00;0.00;291.00;0.00;582.00;0.00;0.00;0.00;0.00;582.00;0.00;0.00;0.00;150.00;80.00;1742.33;1410.00;1420.00;2909.33;1810.00;2120.00;405.33;150.00;0.00;0.00;1024.67;725.33;165.33;1620.00;1144.67;940.00;0.00;2244.67;1070.00;150.00;0.00;150.00
1772829501.131699;0.00;970.00;0.00;582.00;0.00;0.00;0.00;0.00;0.00;0.00;0.00;0.00;291.00;0.00;582.00;0.00;0.00;0.00;0.00;582.00;0.00;0.00;0.00;150.00;80.00;1742.33;1410.00;1420.00;2909.33;1810.00;2120.00;405.33;150.00;0.00;0.00;1024.67;725.33;165.33;1620.00;1144.67;940.00;0.00;2244.67;1070.00;150.00;0.00;150.00
1772829501.2266693;0.00;970.00;0.00;582.00;0.00;0.00;0.00;0.00;0.00;0.00;0.00;0.00;291.00;0.00;582.00;0.00;0.00;0.00;0.00;582.00;0.00;0.00;0.00;150.00;80.00;1742.33;1410.00;1420.00;2909.33;1810.00;2120.00;405.33;150.00;0.00;0.00;1024.67;725.33;165.33;1620.00;1144.67;940.00;0.00;2244.67;1070.00;150.00;0.00;150.00
1772829501.2289984;0.00;970.00;0.00;582.00;0.00;0.00;0.00;0.00;0.00;0.00;0.00;0.00;291.00;0.00;582.00;0.00;0.00;0.00;0.00;582.00;0.00;0.00;0.00;150.00;80.00;1742.33;1410.00;1420.00;2909.33;1810.00;2120.00;405.33;150.00;0.00;0.00;1024.67;725.33;165.33;1620.00;1144.67;940.00;0.00;2244.67;1070.00;150.00;0.00;150.00
1772829501.324798;0.00;970.00;0.00;582.00;0.00;0.00;0.00;0.00;0.00;0.00;0.00;0.00;291.00;0.00;582.00;0.00;0.00;0.00;0.00;582.00;0.00;0.00;0.00;150.00;80.00;1742.33;1410.00;1420.00;2909.33;1810.00;2120.00;405.33;150.00;0.00;0.00;1024.67;725.33;165.33;1620.00;1144.67;940.00;0.00;2244.67;1070.00;150.00;0.00;150.00
1772829501.3271165;0.00;970.00;0.00;582.00;0.00;0.00;0.00;0.00;0.00;0.00;0.00;0.00;291.00;0.00;582.00;0.00;0.00;0.00;0.00;582.00;0.00;0.00;0.00;150.00;80.00;1742.33;1410.00;1420.00;2909.33;1810.00;2120.00;405.33;150.00;0.00;0.00;1024.67;725.33;165.33;1620.00;1144.67;940.00;0.00;2244.67;1070.00;150.00;0.00;150.00
1772829501.5942698;0.00;970.00;0.00;582.00;0.00;0.00;0.00;0.00;0.00;0.00;0.00;0.00;291.00;0.00;582.00;0.00;0.00;0.00;0.00;582.00;0.00;0.00;0.00;150.00;80.00;1742.33;1410.00;1420.00;2909.33;1810.00;2120.00;405.33;150.00;0.00;0.00;1024.67;725.33;165.33;1620.00;1144.67;940.00;0.00;2244.67;1070.00;150.00;0.00;150.00
1772829501.5974388;0.00;970.00;0.00;582.00;0.00;0.00;0.00;0.00;0.00;0.00;0.00;0.00;291.00;0.00;582.00;0.00;0.00;0.00;0.00;582.00;0.00;0.00;0.00;150.00;80.00;1742.33;1410.00;1420.00;2909.33;1810.00;2120.00;405.33;150.00;0.00;0.00;1024.67;725.33;165.33;1620.00;1144.67;940.00;0.00;2244.67;1070.00;150.00;0.00;150.00
1772829522.8354793;0.00;970.00;0.00;582.00;0.00;0.00;0.00;0.00;0.00;0.00;0.00;0.00;291.00;0.00;582.00;0.00;0.00;0.00;0.00;582.00;0.00;0.00;0.00;150.00;80.00;1742.33;1410.00;1420.00;2909.33;1810.00;2120.00;405.33;150.00;0.00;0.00;1024.67;725.33;165.33;1620.00;1144.67;940.00;0.00;2244.67;1070.00;150.00;0.00;150.00
1772829522.8378818;0.00;970.00;0.00;582.00;0.00;0.00;0.00;0.00;0.00;0.00;0.00;0.00;291.00;0.00;582.00;0.00;0.00;0.00;0.00;582.00;0.00;0.00;0.00;150.00;80.00;1742.33;1410.00;1420.00;2909.33;1810.00;2120.00;405.33;150.00;0.00;0.00;1024.67;725.33;165.33;1620.00;1144.67;940.00;0.00;2244.67;1070.00;150.00;0.00;150.00
1772829522.9340408;0.00;970.00;0.00;582.00;0.00;0.00;0.00;0.00;0.00;0.00;0.00;0.00;291.00;0.00;582.00;0.00;0.00;0.00;0.00;582.00;0.00;0.00;0.00;150.00;80.00;1742.33;1410.00;1420.00;2909.33;1810.00;2120.00;405.33;150.00;0.00;0.00;1024.67;725.33;165.33;1620.00;1144.67;940.00;0.00;2244.67;1070.00;150.00;0.00;150.00
1772829522.9356954;0.00;970.00;0.00;582.00;0.00;0.00;0.00;0.00;0.00;0.00;0.00;0.00;291.00;0.00;582.00;0.00;0.00;0.00;0.00;582.00;0.00;0.00;0.00;150.00;80.00;1742.33;1410.00;1420.00;2909.33;1810.00;2120.00;405.33;150.00;0.00;0.00;1024.67;725.33;165.33;1620.00;1144.67;940.00;0.00;2244.67;1070.00;150.00;0.00;150.00
1772829523.0011387;0.00;970.00;0.00;582.00;0.00;0.00;0.00;0.00;0.00;0.00;0.00;0.00;291.00;0.00;582.00;0.00;0.00;0.00;0.00;582.00;0.00;0.00;0.00;150.00;80.00;1742.33;1410.00;1420.00;2909.33;1810.00;2120.00;405.33;150.00;0.00;0.00;1024.67;725.33;165.33;1620.00;1144.67;940.00;0.00;2244.67;1070.00;150.00;0.00;150.00
1772829523.0023942;0.00;970.00;0.00;582.00;0.00;0.00;0.00;0.00;0.00;0.00;0.00;0.00;291.00;0.00;582.00;0.00;0.00;0.00;0.00;582.00;0.00;0.00;0.00;150.00;80.00;1742.33;1410.00;1420.00;2909.33;1810.00;2120.00;405.33;150.00;0.00;0.00;1024.67;725.33;165.33;1620.00;1144.67;940.00;0.00;2244.67;1070.00;150.00;0.00;150.00
1772829523.0619535;0.00;970.00;0.00;582.00;0.00;0.00;0.00;0.00;0.00;0.00;0.00;0.00;291.00;0.00;582.00;0.00;0.00;0.00;0.00;582.00;0.00;0.00;0.00;150.00;80.00;1742.33;1410.00;1420.00;2909.33;1810.00;2120.00;405.33;150.00;0.00;0.00;1024.67;725.33;165.33;1620.00;1144.67;940.00;0.00;2244.67;1070.00;150.00;0.00;150.00
1772829523.063403;0.00;970.00;0.00;582.00;0.00;0.00;0.00;0.00;0.00;0.00;0.00;0.00;291.00;0.00;582.00;0.00;0.00;0.00;0.00;582.00;0.00;0.00;0.00;150.00;80.00;1742.33;1410.00;1420.00;2909.33;1810.00;2120.00;405.33;150.00;0.00;0.00;1024.67;725.33;165.33;1620.00;1144.67;940.00;0.00;2244.67;1070.00;150.00;0.00;150.00
1772829523.2027361;0.00;970.00;0.00;582.00;0.00;0.00;0.00;0.00;0.00;0.00;0.00;0.00;291.00;0.00;582.00;0.00;0.00;0.00;0.00;582.00;0.00;0.00;0.00;150.00;80.00;1742.33;1410.00;1420.00;2909.33;1810.00;2120.00;405.33;150.00;0.00;0.00;1024.67;725.33;165.33;1620.00;1144.67;940.00;0.00;2244.67;1070.00;150.00;0.00;150.00
1772829523.204005;0.00;970.00;0.00;582.00;0.00;0.00;0.00;0.00;0.00;0.00;0.00;0.00;291.00;0.00;582.00;0.00;0.00;0.00;0.00;582.00;0.00;0.00;0.00;150.00;80.00;1742.33;1410.00;1420.00;2909.33;1810.00;2120.00;405.33;150.00;0.00;0.00;1024.67;725.33;165.33;1620.00;1144.67;940.00;0.00;2244.67;1070.00;150.00;0.00;150.00
1772829523.2642965;0.00;970.00;0.00;582.00;0.00;0.00;0.00;0.00;0.00;0.00;0.00;0.00;291.00;0.00;582.00;0.00;0.00;0.00;0.00;582.00;0.00;0.00;0.00;150.00;80.00;1742.33;1410.00;1420.00;2909.33;1810.00;2120.00;405.33;150.00;0.00;0.00;1024.67;725.33;165.33;1620.00;1144.67;940.00;0.00;2244.67;1070.00;150.00;0.00;150.00
1772829523.2655635;0.00;970.00;0.00;582.00;0.00;0.00;0.00;0.00;0.00;0.00;0.00;0.00;291.00;0.00;582.00;0.00;0.00;0.00;0.00;582.00;0.00;0.00;0.00;150.00;80.00;1742.33;1410.00;1420.00;2909.33;1810.00;2120.00;405.33;150.00;0.00;0.00;1024.67;725.33;165.33;1620.00;1144.67;940.00;0.00;2244.67;1070.00;150.00;0.00;150.00
1772829534.8487988;0.00;582.00;0.00;582.00;0.00;0.00;0.00;0.00;0.00;0.00;0.00;0.00;291.00;0.00;582.00;0.00;0.00;0.00;0.00;582.00;97.00;0.00;0.00;0.00;80.00;1142.33;1170.00;1227.67;342.33;666.00;1221.33;373.00;70.00;0.00;0.00;1024.67;725.33;165.33;1620.00;664.67;940.00;0.00;460.00;470.00;150.00;0.00;0.00
1772829534.8508015;0.00;582.00;0.00;582.00;0.00;0.00;0.00;0.00;0.00;0.00;0.00;0.00;291.00;0.00;582.00;0.00;0.00;0.00;0.00;582.00;97.00;0.00;0.00;0.00;80.00;1142.33;1170.00;1227.67;342.33;666.00;1221.33;373.00;70.00;0.00;0.00;1024.67;725.33;165.33;1620.00;664.67;940.00;0.00;460.00;470.00;150.00;0.00;0.00
1772829534.9461255;0.00;582.00;0.00;582.00;0.00;0.00;0.00;0.00;0.00;0.00;0.00;0.00;291.00;0.00;582.00;0.00;0.00;0.00;0.00;582.00;194.00;0.00;0.00;0.00;80.00;1442.33;1410.00;1372.34;439.33;666.00;1221.33;373.00;70.00;0.00;0.00;1024.67;725.33;165.33;1620.00;1144.67;940.00;0.00;460.00;770.00;150.00;0.00;0.00
1772829534.947627;0.00;582.00;0.00;582.00;0.00;0.00;0.00;0.00;0.00;0.00;0.00;0.00;291.00;0.00;582.00;0.00;0.00;0.00;0.00;582.00;194.00;0.00;0.00;0.00;80.00;1442.33;1410.00;1372.34;439.33;666.00;1221.33;373.00;70.00;0.00;0.00;1024.67;725.33;165.33;1620.00;1144.67;940.00;0.00;460.00;770.00;150.00;0.00;0.00
1772829535.092477;0.00;582.00;0.00;582.00;0.00;0.00;0.00;0.00;0.00;0.00;0.00;0.00;291.00;0.00;582.00;0.00;0.00;0.00;0.00;582.00;291.00;0.00;0.00;0.00;80.00;1442.33;1410.00;1372.34;1076.33;1216.00;1221.33;373.00;70.00;0.00;0.00;1024.67;725.33;165.33;1620.00;1144.67;940.00;0.00;760.00;770.00;150.00;0.00;0.00
1772829535.0940993;0.00;582.00;0.00;582.00;0.00;0.00;0.00;0.00;0.00;0.00;0.00;0.00;291.00;0.00;582.00;0.00;0.00;0.00;0.00;582.00;291.00;0.00;0.00;0.00;80.00;1442.33;1410.00;1372.34;1076.33;1216.00;1221.33;373.00;70.00;0.00;0.00;1024.67;725.33;165.33;1620.00;1144.67;940.00;0.00;760.00;770.00;150.00;0.00;0.00
1772829535.1885872;0.00;582.00;0.00;582.00;0.00;0.00;0.00;0.00;0.00;0.00;0.00;0.00;291.00;0.00;582.00;0.00;0.00;0.00;0.00;582.00;388.00;0.00;0.00;150.00;160.00;1522.33;1490.00;1452.34;1483.33;1536.00;1221.33;373.00;70.00;0.00;0.00;1024.67;725.33;165.33;1620.00;1144.67;940.00;0.00;910.00;770.00;150.00;0.00;150.00
1772829535.190921;0.00;582.00;0.00;582.00;0.00;0.00;0.00;0.00;0.00;0.00;0.00;0.00;291.00;0.00;582.00;0.00;0.00;0.00;0.00;582.00;388.00;0.00;0.00;150.00;160.00;1522.33;1490.00;1452.34;1483.33;1536.00;1221.33;373.00;70.00;0.00;0.00;1024.67;725.33;165.33;1620.00;1144.67;940.00;0.00;910.00;770.00;150.00;0.00;150.00
1772829535.2847369;0.00;582.00;0.00;582.00;0.00;0.00;0.00;0.00;0.00;0.00;0.00;0.00;291.00;0.00;582.00;0.00;0.00;0.00;0.00;582.00;388.00;0.00;0.00;150.00;160.00;1522.33;1490.00;1452.34;1483.33;1536.00;1221.33;373.00;70.00;0.00;0.00;1024.67;725.33;165.33;1620.00;1144.67;940.00;0.00;910.00;770.00;150.00;0.00;150.00
1772829535.2870457;0.00;582.00;0.00;582.00;0.00;0.00;0.00;0.00;0.00;0.00;0.00;0.00;291.00;0.00;582.00;0.00;0.00;0.00;0.00;582.00;388.00;0.00;0.00;150.00;160.00;1522.33;1490.00;1452.34;1483.33;1536.00;1221.33;373.00;70.00;0.00;0.00;1024.67;725.33;165.33;1620.00;1144.67;940.00;0.00;910.00;770.00;150.00;0.00;150.00
1772829535.3859532;0.00;582.00;0.00;582.00;0.00;0.00;0.00;0.00;0.00;0.00;0.00;0.00;291.00;0.00;582.00;0.00;0.00;0.00;0.00;582.00;388.00;0.00;0.00;150.00;160.00;1522.33;1490.00;1452.34;1483.33;1536.00;1221.33;373.00;70.00;0.00;0.00;1024.67;725.33;165.33;1620.00;1144.67;940.00;0.00;910.00;770.00;150.00;0.00;150.00
1772829535.3883488;0.00;582.00;0.00;582.00;0.00;0.00;0.00;0.00;0.00;0.00;0.00;0.00;291.00;0.00;582.00;0.00;0.00;0.00;0.00;582.00;388.00;0.00;0.00;150.00;160.00;1522.33;1490.00;1452.34;1483.33;1536.00;1221.33;373.00;70.00;0.00;0.00;1024.67;725.33;165.33;1620.00;1144.67;940.00;0.00;910.00;770.00;150.00;0.00;150.00
1772829550.005322;0.00;582.00;0.00;0.00;0.00;0.00;0.00;0.00;0.00;0.00;0.00;0.00;291.00;0.00;582.00;0.00;0.00;0.00;97.00;582.00;388.00;0.00;0.00;150.00;160.00;1522.33;1490.00;1452.34;0.00;0.00;0.00;0.00;230.00;310.00;0.00;864.67;160.00;0.00;1020.00;1144.67;940.00;0.00;0.00;770.00;300.00;310.00;150.00
1772829550.0074134;0.00;582.00;0.00;0.00;0.00;0.00;0.00;0.00;0.00;0.00;0.00;0.00;291.00;0.00;582.00;0.00;0.00;0.00;97.00;582.00;388.00;0.00;0.00;150.00;160.00;1522.33;1490.00;1452.34;0.00;0.00;0.00;0.00;230.00;310.00;0.00;864.67;160.00;0.00;1020.00;1144.67;940.00;0.00;0.00;770.00;300.00;310.00;150.00
1772829550.1059847;0.00;582.00;0.00;0.00;0.00;0.00;0.00;0.00;0.00;0.00;0.00;0.00;291.00;0.00;582.00;0.00;0.00;0.00;194.00;582.00;388.00;0.00;0.00;150.00;160.00;1522.33;1490.00;1452.34;0.00;0.00;0.00;0.00;460.00;780.00;0.00;864.67;390.00;0.00;1020.00;1144.67;940.00;0.00;0.00;770.00;760.00;460.00;150.00
1772829550.1081264;0.00;582.00;0.00;0.00;0.00;0.00;0.00;0.00;0.00;0.00;0.00;0.00;291.00;0.00;582.00;0.00;0.00;0.00;194.00;582.00;388.00;0.00;0.00;150.00;160.00;1522.33;1490.00;1452.34;0.00;0.00;0.00;0.00;460.00;780.00;0.00;864.67;390.00;0.00;1020.00;1144.67;940.00;0.00;0.00;770.00;760.00;460.00;150.00
1772829550.2025847;0.00;582.00;0.00;0.00;0.00;0.00;0.00;0.00;0.00;0.00;0.00;0.00;291.00;0.00;582.00;0.00;0.00;0.00;291.00;582.00;388.00;0.00;0.00;150.00;160.00;1522.33;1490.00;1452.34;150.00;80.00;80.00;80.00;540.00;1250.00;0.00;864.67;390.00;160.00;1020.00;1144.67;940.00;0.00;150.00;770.00;984.67;610.00;150.00
1772829550.204855;0.00;582.00;0.00;0.00;0.00;0.00;0.00;0.00;0.00;0.00;0.00;0.00;291.00;0.00;582.00;0.00;0.00;0.00;291.00;582.00;388.00;0.00;0.00;150.00;160.00;1522.33;1490.00;1452.34;150.00;80.00;80.00;80.00;540.00;1250.00;0.00;864.67;390.00;160.00;1020.00;1144.67;940.00;0.00;150.00;770.00;984.67;610.00;150.00
1772829550.298517;0.00;582.00;0.00;0.00;0.00;0.00;0.00;0.00;0.00;0.00;0.00;0.00;291.00;0.00;582.00;0.00;0.00;0.00;388.00;582.00;388.00;0.00;0.00;150.00;160.00;1522.33;1490.00;1452.34;300.00;230.00;160.00;160.00;930.00;1250.00;0.00;864.67;710.00;320.00;1020.00;1144.67;940.00;0.00;300.00;770.00;1134.67;610.00;150.00
1772829550.3008504;0.00;582.00;0.00;0.00;0.00;0.00;0.00;0.00;0.00;0.00;0.00;0.00;291.00;0.00;582.00;0.00;0.00;0.00;388.00;582.00;388.00;0.00;0.00;150.00;160.00;1522.33;1490.00;1452.34;300.00;230.00;160.00;160.00;930.00;1250.00;0.00;864.67;710.00;320.00;1020.00;1144.67;940.00;0.00;300.00;770.00;1134.67;610.00;150.00
1772829550.3607702;0.00;582.00;0.00;0.00;0.00;0.00;0.00;0.00;0.00;0.00;0.00;0.00;291.00;0.00;582.00;0.00;0.00;0.00;388.00;582.00;388.00;0.00;0.00;150.00;160.00;1522.33;1490.00;1452.34;300.00;230.00;160.00;160.00;930.00;1250.00;0.00;864.67;710.00;320.00;1020.00;1144.67;940.00;0.00;300.00;770.00;1134.67;610.00;150.00
1772829550.3620229;0.00;582.00;0.00;0.00;0.00;0.00;0.00;0.00;0.00;0.00;0.00;0.00;291.00;0.00;582.00;0.00;0.00;0.00;388.00;582.00;388.00;0.00;0.00;150.00;160.00;1522.33;1490.00;1452.34;300.00;230.00;160.00;160.00;930.00;1250.00;0.00;864.67;710.00;320.00;1020.00;1144.67;940.00;0.00;300.00;770.00;1134.67;610.00;150.00
1772829550.4994676;0.00;582.00;0.00;0.00;0.00;0.00;0.00;0.00;0.00;0.00;0.00;0.00;291.00;0.00;582.00;0.00;0.00;0.00;388.00;582.00;388.00;0.00;0.00;150.00;160.00;1522.33;1490.00;1452.34;300.00;230.00;160.00;160.00;930.00;1250.00;0.00;864.67;710.00;320.00;1020.00;1144.67;940.00;0.00;300.00;770.00;1134.67;610.00;150.00
1772829550.5006795;0.00;582.00;0.00;0.00;0.00;0.00;0.00;0.00;0.00;0.00;0.00;0.00;291.00;0.00;582.00;0.00;0.00;0.00;388.00;582.00;388.00;0.00;0.00;150.00;160.00;1522.33;1490.00;1452.34;300.00;230.00;160.00;160.00;930.00;1250.00;0.00;864.67;710.00;320.00;1020.00;1144.67;940.00;0.00;300.00;770.00;1134.67;610.00;150.00
1772829573.911316;0.00;582.00;0.00;0.00;0.00;0.00;0.00;0.00;0.00;0.00;0.00;0.00;291.00;0.00;97.00;0.00;0.00;0.00;388.00;582.00;388.00;0.00;0.00;150.00;160.00;0.00;570.00;627.67;540.00;0.00;0.00;10.00;930.00;1250.00;0.00;480.00;560.00;90.00;710.00;1144.67;715.33;0.00;300.00;0.00;1134.67;610.00;150.00
1772829573.9133961;0.00;582.00;0.00;0.00;0.00;0.00;0.00;0.00;0.00;0.00;0.00;0.00;291.00;0.00;97.00;0.00;0.00;0.00;388.00;582.00;388.00;0.00;0.00;150.00;160.00;0.00;570.00;627.67;540.00;0.00;0.00;10.00;930.00;1250.00;0.00;480.00;560.00;90.00;710.00;1144.67;715.33;0.00;300.00;0.00;1134.67;610.00;150.00
1772829574.0099967;0.00;582.00;0.00;0.00;0.00;0.00;0.00;0.00;0.00;0.00;0.00;0.00;291.00;0.00;194.00;0.00;0.00;0.00;388.00;582.00;388.00;0.00;0.00;150.00;160.00;0.00;570.00;627.67;1080.00;230.00;0.00;10.00;930.00;1250.00;0.00;800.00;560.00;90.00;870.00;1144.67;715.33;0.00;600.00;0.00;1134.67;610.00;150.00
1772829574.0122683;0.00;582.00;0.00;0.00;0.00;0.00;0.00;0.00;0.00;0.00;0.00;0.00;291.00;0.00;194.00;0.00;0.00;0.00;388.00;582.00;388.00;0.00;0.00;150.00;160.00;0.00;570.00;627.67;1080.00;230.00;0.00;10.00;930.00;1250.00;0.00;800.00;560.00;90.00;870.00;1144.67;715.33;0.00;600.00;0.00;1134.67;610.00;150.00
1772829574.108925;0.00;582.00;0.00;0.00;0.00;0.00;0.00;0.00;0.00;0.00;0.00;0.00;291.00;0.00;291.00;0.00;0.00;0.00;388.00;582.00;388.00;0.00;0.00;150.00;160.00;150.00;720.00;777.67;1502.33;230.00;0.00;10.00;930.00;1250.00;0.00;1120.00;560.00;90.00;870.00;1144.67;715.33;0.00;910.00;150.00;1134.67;610.00;150.00
1772829574.1110077;0.00;582.00;0.00;0.00;0.00;0.00;0.00;0.00;0.00;0.00;0.00;0.00;291.00;0.00;291.00;0.00;0.00;0.00;388.00;582.00;388.00;0.00;0.00;150.00;160.00;150.00;720.00;777.67;1502.33;230.00;0.00;10.00;930.00;1250.00;0.00;1120.00;560.00;90.00;870.00;1144.67;715.33;0.00;910.00;150.00;1134.67;610.00;150.00
1772829574.3416512;0.00;582.00;0.00;0.00;0.00;0.00;0.00;0.00;0.00;0.00;0.00;0.00;291.00;0.00;388.00;0.00;0.00;0.00;388.00;582.00;388.00;0.00;0.00;150.00;160.00;150.00;720.00;777.67;2117.00;310.00;80.00;160.00;930.00;1250.00;0.00;1504.67;710.00;320.00;870.00;1144.67;715.33;0.00;1060.00;150.00;1134.67;610.00;150.00
1772829574.3437471;0.00;582.00;0.00;0.00;0.00;0.00;0.00;0.00;0.00;0.00;0.00;0.00;291.00;0.00;388.00;0.00;0.00;0.00;388.00;582.00;388.00;0.00;0.00;150.00;160.00;150.00;720.00;777.67;2117.00;310.00;80.00;160.00;930.00;1250.00;0.00;1504.67;710.00;320.00;870.00;1144.67;715.33;0.00;1060.00;150.00;1134.67;610.00;150.00
1772829574.4370105;0.00;582.00;0.00;0.00;0.00;0.00;0.00;0.00;0.00;0.00;0.00;0.00;291.00;0.00;485.00;0.00;0.00;0.00;388.00;582.00;388.00;0.00;0.00;150.00;160.00;300.00;880.00;842.34;2197.00;390.00;310.00;160.00;930.00;1250.00;0.00;1504.67;710.00;480.00;1020.00;1144.67;940.00;0.00;1060.00;300.00;1134.67;610.00;150.00
1772829574.4391232;0.00;582.00;0.00;0.00;0.00;0.00;0.00;0.00;0.00;0.00;0.00;0.00;291.00;0.00;485.00;0.00;0.00;0.00;388.00;582.00;388.00;0.00;0.00;150.00;160.00;300.00;880.00;842.34;2197.00;390.00;310.00;160.00;930.00;1250.00;0.00;1504.67;710.00;480.00;1020.00;1144.67;940.00;0.00;1060.00;300.00;1134.67;610.00;150.00
1772829574.5323522;0.00;582.00;0.00;0.00;0.00;0.00;0.00;0.00;0.00;0.00;0.00;0.00;291.00;0.00;485.00;0.00;0.00;0.00;388.00;582.00;388.00;0.00;0.00;150.00;160.00;300.00;880.00;842.34;2197.00;390.00;310.00;160.00;930.00;1250.00;0.00;1504.67;710.00;480.00;1020.00;1144.67;940.00;0.00;1060.00;300.00;1134.67;610.00;150.00
1772829574.53443;0.00;582.00;0.00;0.00;0.00;0.00;0.00;0.00;0.00;0.00;0.00;0.00;291.00;0.00;485.00;0.00;0.00;0.00;388.00;582.00;388.00;0.00;0.00;150.00;160.00;300.00;880.00;842.34;2197.00;390.00;310.00;160.00;930.00;1250.00;0.00;1504.67;710.00;480.00;1020.00;1144.67;940.00;0.00;1060.00;300.00;1134.67;610.00;150.00
