timestamp,(0,34);(14,17);(25,24);(8,13);(8,22);(14,10);(14,11);(28,27);(28,29);(28,30);(2,3);(2,32);(5,4);(9,12);(23,15);(23,19);(23,20);(18,21);(6,7);(2,16);(25,26);(33,1);(33,31);(34,9);(9,18);(18,2);(2,5);(5,23);(23,25);(25,28);(28,14);(14,8);(8,6);(6,33);(33,34);(25,25.1);(8,8.1);(14,14.1);(28,28.1);(2,2.1);(5,5.1);(9,9.1);(23,23.1);(18,18.1);(6,6.1);(33,33.1);(34,34.1)
1772829644.2478487;0.00;0.00;0.00;0.00;0.00;0.00;0.00;0.00;0.00;0.00;0.00;97.00;0.00;0.00;0.00;0.00;0.00;0.00;0.00;0.00;0.00;0.00;0.00;0.00;0.00;0.00;0.00;0.00;0.00;0.00;0.00;0.00;0.00;0.00;0.00;0.00;0.00;0.00;0.00;0.00;0.00;0.00;0.00;0.00;0.00;0.00;0.00
1772829644.2487202;0.00;0.00;0.00;0.00;0.00;0.00;0.00;0.00;0.00;0.00;0.00;97.00;0.00;0.00;0.00;0.00;0.00;0.00;0.00;0.00;0.00;0.00;0.00;0.00;0.00;0.00;0.00;0.00;0.00;0.00;0.00;0.00;0.00;0.00;0.00;0.00;0.00;0.00;0.00;0.00;0.00;0.00;0.00;0.00;0.00;0.00;0.00
1772829644.2598379;0.00;0.00;0.00;0.00;0.00;0.00;0.00;0.00;0.00;0.00;0.00;241.67;0.00;0.00;0.00;0.00;0.00;0.00;0.00;0.00;0.00;0.00;0.00;0.00;0.00;0.00;64.67;0.00;0.00;0.00;0.00;0.00;0.00;0.00;0.00;0.00;0.00;0.00;0.00;0.00;0.00;0.00;0.00;0.00;0.00;0.00;0.00
1772829644.2604601;0.00;0.00;0.00;0.00;0.00;0.00;0.00;0.00;0.00;0.00;0.00;241.67;0.00;0.00;0.00;0.00;0.00;0.00;0.00;0.00;0.00;0.00;0.00;0.00;0.00;0.00;64.67;0.00;0.00;0.00;0.00;0.00;0.00;0.00;0.00;0.00;0.00;0.00;0.00;0.00;0.00;0.00;0.00;0.00;0.00;0.00;0.00
1772829644.2712855;0.00;0.00;0.00;0.00;0.00;0.00;0.00;0.00;0.00;0.00;0.00;481.67;0.00;0.00;0.00;0.00;0.00;0.00;0.00;0.00;0.00;0.00;0.00;0.00;0.00;0.00;224.67;0.00;0.00;0.00;0.00;0.00;0.00;0.00;0.00;0.00;0.00;0.00;0.00;0.00;0.00;0.00;0.00;0.00;0.00;0.00;0.00
1772829644.2719266;0.00;0.00;0.00;0.00;0.00;0.00;0.00;0.00;0.00;0.00;0.00;481.67;0.00;0.00;0.00;0.00;0.00;0.00;0.00;0.00;0.00;0.00;0.00;0.00;0.00;0.00;224.67;0.00;0.00;0.00;0.00;0.00;0.00;0.00;0.00;0.00;0.00;0.00;0.00;0.00;0.00;0.00;0.00;0.00;0.00;0.00;0.00
1772829644.2827737;0.00;0.00;0.00;0.00;0.00;0.00;0.00;0.00;0.00;0.00;0.00;721.67;0.00;0.00;0.00;0.00;0.00;0.00;0.00;0.00;0.00;0.00;0.00;0.00;160.00;160.00;224.67;0.00;0.00;0.00;0.00;0.00;0.00;0.00;0.00;0.00;0.00;0.00;0.00;0.00;0.00;0.00;0.00;0.00;0.00;0.00;0.00
1772829644.2834482;0.00;0.00;0.00;0.00;0.00;0.00;0.00;0.00;0.00;0.00;0.00;721.67;0.00;0.00;0.00;0.00;0.00;0.00;0.00;0.00;0.00;0.00;0.00;0.00;160.00;160.00;224.67;0.00;0.00;0.00;0.00;0.00;0.00;0.00;0.00;0.00;0.00;0.00;0.00;0.00;0.00;0.00;0.00;0.00;0.00;0.00;0.00
1772829644.2947388;0.00;0.00;0.00;0.00;0.00;0.00;0.00;0.00;0.00;0.00;0.00;961.67;0.00;0.00;0.00;0.00;0.00;0.00;0.00;0.00;0.00;0.00;0.00;0.00;160.00;160.00;384.67;160.00;0.00;0.00;0.00;0.00;0.00;0.00;0.00;0.00;0.00;0.00;0.00;0.00;0.00;0.00;0.00;0.00;0.00;0.00;0.00
1772829644.2954407;0.00;0.00;0.00;0.00;0.00;0.00;0.00;0.00;0.00;0.00;0.00;961.67;0.00;0.00;0.00;0.00;0.00;0.00;0.00;0.00;0.00;0.00;0.00;0.00;160.00;160.00;384.67;160.00;0.00;0.00;0.00;0.00;0.00;0.00;0.00;0.00;0.00;0.00;0.00;0.00;0.00;0.00;0.00;0.00;0.00;0.00;0.00
1772829644.3077147;0.00;0.00;0.00;0.00;0.00;0.00;0.00;0.00;0.00;0.00;0.00;1201.67;0.00;0.00;0.00;0.00;0.00;0.00;0.00;0.00;0.00;0.00;0.00;0.00;160.00;160.00;384.67;160.00;0.00;0.00;0.00;0.00;0.00;0.00;0.00;0.00;0.00;0.00;0.00;160.00;0.00;0.00;0.00;0.00;0.00;0.00;0.00
1772829644.308458;0.00;0.00;0.00;0.00;0.00;0.00;0.00;0.00;0.00;0.00;0.00;1201.67;0.00;0.00;0.00;0.00;0.00;0.00;0.00;0.00;0.00;0.00;0.00;0.00;160.00;160.00;384.67;160.00;0.00;0.00;0.00;0.00;0.00;0.00;0.00;0.00;0.00;0.00;0.00;160.00;0.00;0.00;0.00;0.00;0.00;0.00;0.00
1772829667.2657733;0.00;0.00;0.00;0.00;0.00;0.00;0.00;0.00;0.00;0.00;0.00;1201.67;0.00;0.00;0.00;0.00;144.67;0.00;0.00;0.00;0.00;0.00;0.00;0.00;160.00;160.00;384.67;160.00;64.67;0.00;0.00;0.00;0.00;0.00;0.00;0.00;0.00;0.00;0.00;160.00;0.00;0.00;0.00;0.00;0.00;0.00;0.00
1772829667.2666748;0.00;0.00;0.00;0.00;0.00;0.00;0.00;0.00;0.00;0.00;0.00;1201.67;0.00;0.00;0.00;0.00;144.67;0.00;0.00;0.00;0.00;0.00;0.00;0.00;160.00;160.00;384.67;160.00;64.67;0.00;0.00;0.00;0.00;0.00;0.00;0.00;0.00;0.00;0.00;160.00;0.00;0.00;0.00;0.00;0.00;0.00;0.00
1772829667.2796712;0.00;0.00;0.00;0.00;0.00;0.00;0.00;0.00;0.00;0.00;0.00;1201.67;0.00;0.00;0.00;0.00;241.67;0.00;0.00;0.00;0.00;0.00;0.00;0.00;160.00;160.00;384.67;160.00;304.67;0.00;0.00;0.00;0.00;0.00;0.00;0.00;0.00;0.00;0.00;160.00;0.00;0.00;0.00;0.00;0.00;0.00;0.00
1772829667.2805426;0.00;0.00;0.00;0.00;0.00;0.00;0.00;0.00;0.00;0.00;0.00;1201.67;0.00;0.00;0.00;0.00;241.67;0.00;0.00;0.00;0.00;0.00;0.00;0.00;160.00;160.00;384.67;160.00;304.67;0.00;0.00;0.00;0.00;0.00;0.00;0.00;0.00;0.00;0.00;160.00;0.00;0.00;0.00;0.00;0.00;0.00;0.00
1772829667.2942905;0.00;0.00;0.00;0.00;0.00;0.00;0.00;0.00;0.00;0.00;0.00;1201.67;0.00;0.00;0.00;0.00;386.34;0.00;0.00;0.00;0.00;0.00;0.00;0.00;160.00;160.00;384.67;160.00;544.67;0.00;0.00;0.00;0.00;0.00;0.00;0.00;0.00;0.00;0.00;160.00;0.00;0.00;0.00;0.00;0.00;0.00;0.00
1772829667.2951689;0.00;0.00;0.00;0.00;0.00;0.00;0.00;0.00;0.00;0.00;0.00;1201.67;0.00;0.00;0.00;0.00;386.34;0.00;0.00;0.00;0.00;0.00;0.00;0.00;160.00;160.00;384.67;160.00;544.67;0.00;0.00;0.00;0.00;0.00;0.00;0.00;0.00;0.00;0.00;160.00;0.00;0.00;0.00;0.00;0.00;0.00;0.00
1772829667.308509;0.00;0.00;0.00;0.00;0.00;0.00;0.00;0.00;0.00;0.00;0.00;1201.67;0.00;0.00;0.00;0.00;626.34;0.00;0.00;0.00;0.00;0.00;0.00;0.00;160.00;160.00;384.67;160.00;704.67;0.00;0.00;0.00;0.00;0.00;0.00;0.00;0.00;0.00;0.00;160.00;0.00;0.00;0.00;0.00;0.00;0.00;0.00
1772829667.3093724;0.00;0.00;0.00;0.00;0.00;0.00;0.00;0.00;0.00;0.00;0.00;1201.67;0.00;0.00;0.00;0.00;626.34;0.00;0.00;0.00;0.00;0.00;0.00;0.00;160.00;160.00;384.67;160.00;704.67;0.00;0.00;0.00;0.00;0.00;0.00;0.00;0.00;0.00;0.00;160.00;0.00;0.00;0.00;0.00;0.00;0.00;0.00
1772829667.3225505;0.00;0.00;0.00;0.00;0.00;0.00;0.00;0.00;0.00;0.00;0.00;1201.67;0.00;0.00;0.00;0.00;866.34;0.00;0.00;0.00;0.00;0.00;0.00;0.00;160.00;160.00;384.67;160.00;704.67;0.00;0.00;0.00;0.00;0.00;0.00;0.00;0.00;0.00;0.00;160.00;0.00;0.00;0.00;0.00;0.00;0.00;0.00
1772829667.3234456;0.00;0.00;0.00;0.00;0.00;0.00;0.00;0.00;0.00;0.00;0.00;1201.67;0.00;0.00;0.00;0.00;866.34;0.00;0.00;0.00;0.00;0.00;0.00;0.00;160.00;160.00;384.67;160.00;704.67;0.00;0.00;0.00;0.00;0.00;0.00;0.00;0.00;0.00;0.00;160.00;0.00;0.00;0.00;0.00;0.00;0.00;0.00
1772829667.337066;0.00;0.00;0.00;0.00;0.00;0.00;0.00;0.00;0.00;0.00;0.00;1201.67;0.00;0.00;0.00;0.00;1106.34;0.00;0.00;0.00;0.00;0.00;0.00;0.00;160.00;160.00;384.67;160.00;864.67;160.00;0.00;0.00;0.00;0.00;0.00;0.00;0.00;0.00;0.00;160.00;0.00;0.00;0.00;0.00;0.00;0.00;0.00
1772829667.338006;0.00;0.00;0.00;0.00;0.00;0.00;0.00;0.00;0.00;0.00;0.00;1201.67;0.00;0.00;0.00;0.00;1106.34;0.00;0.00;0.00;0.00;0.00;0.00;0.00;160.00;160.00;384.67;160.00;864.67;160.00;0.00;0.00;0.00;0.00;0.00;0.00;0.00;0.00;0.00;160.00;0.00;0.00;0.00;0.00;0.00;0.00;0.00
1772829684.2901473;0.00;0.00;0.00;0.00;0.00;0.00;0.00;0.00;0.00;0.00;0.00;1201.67;0.00;0.00;0.00;240.00;1106.34;0.00;0.00;0.00;0.00;0.00;0.00;0.00;160.00;160.00;384.67;160.00;1104.67;400.00;0.00;0.00;0.00;0.00;0.00;0.00;0.00;0.00;0.00;160.00;0.00;0.00;0.00;0.00;0.00;0.00;0.00
1772829684.2911181;0.00;0.00;0.00;0.00;0.00;0.00;0.00;0.00;0.00;0.00;0.00;1201.67;0.00;0.00;0.00;240.00;1106.34;0.00;0.00;0.00;0.00;0.00;0.00;0.00;160.00;160.00;384.67;160.00;1104.67;400.00;0.00;0.00;0.00;0.00;0.00;0.00;0.00;0.00;0.00;160.00;0.00;0.00;0.00;0.00;0.00;0.00;0.00
1772829684.3052013;0.00;0.00;0.00;0.00;0.00;0.00;0.00;0.00;0.00;0.00;0.00;1201.67;0.00;0.00;0.00;480.00;1106.34;0.00;0.00;0.00;0.00;0.00;0.00;0.00;160.00;160.00;384.67;160.00;1344.67;480.00;0.00;0.00;0.00;0.00;0.00;0.00;0.00;0.00;0.00;160.00;0.00;0.00;0.00;0.00;0.00;0.00;0.00
1772829684.3061025;0.00;0.00;0.00;0.00;0.00;0.00;0.00;0.00;0.00;0.00;0.00;1201.67;0.00;0.00;0.00;480.00;1106.34;0.00;0.00;0.00;0.00;0.00;0.00;0.00;160.00;160.00;384.67;160.00;1344.67;480.00;0.00;0.00;0.00;0.00;0.00;0.00;0.00;0.00;0.00;160.00;0.00;0.00;0.00;0.00;0.00;0.00;0.00
1772829684.321082;0.00;0.00;0.00;0.00;0.00;0.00;0.00;0.00;0.00;0.00;0.00;1201.67;0.00;0.00;0.00;720.00;1106.34;0.00;0.00;0.00;0.00;0.00;0.00;0.00;160.00;160.00;384.67;160.00;1584.67;560.00;0.00;0.00;0.00;0.00;0.00;160.00;0.00;0.00;0.00;160.00;0.00;0.00;0.00;0.00;0.00;0.00;0.00
1772829684.3220985;0.00;0.00;0.00;0.00;0.00;0.00;0.00;0.00;0.00;0.00;0.00;1201.67;0.00;0.00;0.00;720.00;1106.34;0.00;0.00;0.00;0.00;0.00;0.00;0.00;160.00;160.00;384.67;160.00;1584.67;560.00;0.00;0.00;0.00;0.00;0.00;160.00;0.00;0.00;0.00;160.00;0.00;0.00;0.00;0.00;0.00;0.00;0.00
1772829684.3368263;0.00;0.00;0.00;0.00;0.00;0.00;0.00;0.00;0.00;0.00;0.00;1201.67;0.00;0.00;0.00;800.00;1106.34;0.00;0.00;0.00;0.00;0.00;0.00;0.00;160.00;160.00;384.67;160.00;1664.67;640.00;0.00;0.00;0.00;0.00;0.00;160.00;0.00;0.00;0.00;160.00;0.00;0.00;0.00;0.00;0.00;0.00;0.00
1772829684.3377964;0.00;0.00;0.00;0.00;0.00;0.00;0.00;0.00;0.00;0.00;0.00;1201.67;0.00;0.00;0.00;800.00;1106.34;0.00;0.00;0.00;0.00;0.00;0.00;0.00;160.00;160.00;384.67;160.00;1664.67;640.00;0.00;0.00;0.00;0.00;0.00;160.00;0.00;0.00;0.00;160.00;0.00;0.00;0.00;0.00;0.00;0.00;0.00
1772829684.3527317;0.00;0.00;0.00;0.00;0.00;0.00;0.00;0.00;0.00;0.00;0.00;1201.67;0.00;0.00;0.00;1040.00;1106.34;0.00;0.00;0.00;0.00;0.00;0.00;0.00;160.00;160.00;384.67;160.00;1904.67;880.00;0.00;0.00;0.00;0.00;0.00;160.00;0.00;0.00;0.00;160.00;0.00;0.00;0.00;0.00;0.00;0.00;0.00
1772829684.3537014;0.00;0.00;0.00;0.00;0.00;0.00;0.00;0.00;0.00;0.00;0.00;1201.67;0.00;0.00;0.00;1040.00;1106.34;0.00;0.00;0.00;0.00;0.00;0.00;0.00;160.00;160.00;384.67;160.00;1904.67;880.00;0.00;0.00;0.00;0.00;0.00;160.00;0.00;0.00;0.00;160.00;0.00;0.00;0.00;0.00;0.00;0.00;0.00
1772829684.369231;0.00;0.00;0.00;0.00;0.00;0.00;0.00;0.00;0.00;0.00;0.00;1201.67;0.00;0.00;0.00;1280.00;1106.34;0.00;0.00;0.00;0.00;0.00;0.00;0.00;160.00;160.00;384.67;160.00;1984.67;960.00;0.00;0.00;0.00;0.00;0.00;160.00;0.00;0.00;0.00;160.00;0.00;0.00;160.00;0.00;0.00;0.00;0.00
1772829684.3702912;0.00;0.00;0.00;0.00;0.00;0.00;0.00;0.00;0.00;0.00;0.00;1201.67;0.00;0.00;0.00;1280.00;1106.34;0.00;0.00;0.00;0.00;0.00;0.00;0.00;160.00;160.00;384.67;160.00;1984.67;960.00;0.00;0.00;0.00;0.00;0.00;160.00;0.00;0.00;0.00;160.00;0.00;0.00;160.00;0.00;0.00;0.00;0.00
1772829708.3221445;0.00;0.00;0.00;192.33;0.00;0.00;0.00;0.00;0.00;0.00;0.00;1201.67;0.00;0.00;0.00;1280.00;1106.34;0.00;0.00;0.00;0.00;0.00;0.00;0.00;160.00;160.00;384.67;160.00;1984.67;960.00;0.00;0.00;0.00;0.00;0.00;160.00;0.00;0.00;0.00;160.00;0.00;0.00;160.00;0.00;0.00;0.00;0.00
1772829708.323219;0.00;0.00;0.00;192.33;0.00;0.00;0.00;0.00;0.00;0.00;0.00;1201.67;0.00;0.00;0.00;1280.00;1106.34;0.00;0.00;0.00;0.00;0.00;0.00;0.00;160.00;160.00;384.67;160.00;1984.67;960.00;0.00;0.00;0.00;0.00;0.00;160.00;0.00;0.00;0.00;160.00;0.00;0.00;160.00;0.00;0.00;0.00;0.00
1772829708.340216;0.00;0.00;0.00;432.33;0.00;0.00;0.00;0.00;0.00;0.00;0.00;1201.67;0.00;0.00;0.00;1280.00;1106.34;0.00;0.00;0.00;0.00;0.00;0.00;0.00;160.00;160.00;384.67;160.00;1984.67;960.00;0.00;0.00;0.00;0.00;0.00;160.00;0.00;0.00;0.00;160.00;0.00;0.00;160.00;0.00;0.00;0.00;0.00
1772829708.3413765;0.00;0.00;0.00;432.33;0.00;0.00;0.00;0.00;0.00;0.00;0.00;1201.67;0.00;0.00;0.00;1280.00;1106.34;0.00;0.00;0.00;0.00;0.00;0.00;0.00;160.00;160.00;384.67;160.00;1984.67;960.00;0.00;0.00;0.00;0.00;0.00;160.00;0.00;0.00;0.00;160.00;0.00;0.00;160.00;0.00;0.00;0.00;0.00
1772829708.3571932;0.00;0.00;0.00;672.33;0.00;0.00;0.00;0.00;0.00;0.00;0.00;1201.67;0.00;0.00;0.00;1280.00;1106.34;0.00;0.00;0.00;0.00;0.00;0.00;0.00;160.00;160.00;384.67;160.00;1984.67;960.00;0.00;0.00;0.00;0.00;0.00;160.00;0.00;0.00;0.00;160.00;0.00;0.00;160.00;0.00;0.00;0.00;0.00
1772829708.3583236;0.00;0.00;0.00;672.33;0.00;0.00;0.00;0.00;0.00;0.00;0.00;1201.67;0.00;0.00;0.00;1280.00;1106.34;0.00;0.00;0.00;0.00;0.00;0.00;0.00;160.00;160.00;384.67;160.00;1984.67;960.00;0.00;0.00;0.00;0.00;0.00;160.00;0.00;0.00;0.00;160.00;0.00;0.00;160.00;0.00;0.00;0.00;0.00
1772829708.3750756;0.00;0.00;0.00;912.33;0.00;0.00;0.00;0.00;0.00;0.00;0.00;1201.67;0.00;0.00;0.00;1280.00;1106.34;0.00;0.00;0.00;0.00;0.00;0.00;0.00;160.00;160.00;384.67;160.00;1984.67;960.00;0.00;0.00;0.00;0.00;0.00;160.00;0.00;0.00;0.00;160.00;0.00;0.00;160.00;0.00;0.00;0.00;0.00
1772829708.376224;0.00;0.00;0.00;912.33;0.00;0.00;0.00;0.00;0.00;0.00;0.00;1201.67;0.00;0.00;0.00;1280.00;1106.34;0.00;0.00;0.00;0.00;0.00;0.00;0.00;160.00;160.00;384.67;160.00;1984.67;960.00;0.00;0.00;0.00;0.00;0.00;160.00;0.00;0.00;0.00;160.00;0.00;0.00;160.00;0.00;0.00;0.00;0.00
1772829708.3921537;0.00;0.00;0.00;1152.33;0.00;0.00;0.00;0.00;0.00;0.00;0.00;1201.67;0.00;0.00;0.00;1280.00;1106.34;0.00;0.00;0.00;0.00;0.00;0.00;0.00;160.00;160.00;384.67;160.00;1984.67;960.00;0.00;160.00;0.00;0.00;0.00;160.00;0.00;0.00;0.00;160.00;0.00;0.00;160.00;0.00;0.00;0.00;0.00
1772829708.393339;0.00;0.00;0.00;1152.33;0.00;0.00;0.00;0.00;0.00;0.00;0.00;1201.67;0.00;0.00;0.00;1280.00;1106.34;0.00;0.00;0.00;0.00;0.00;0.00;0.00;160.00;160.00;384.67;160.00;1984.67;960.00;0.00;160.00;0.00;0.00;0.00;160.00;0.00;0.00;0.00;160.00;0.00;0.00;160.00;0.00;0.00;0.00;0.00
1772829708.4097004;0.00;0.00;0.00;1392.33;0.00;0.00;0.00;0.00;0.00;0.00;0.00;1201.67;0.00;0.00;0.00;1280.00;1106.34;0.00;0.00;0.00;0.00;0.00;0.00;0.00;160.00;160.00;384.67;160.00;1984.67;960.00;0.00;320.00;0.00;0.00;0.00;160.00;0.00;0.00;0.00;160.00;0.00;0.00;160.00;0.00;0.00;0.00;0.00
1772829708.4108894;0.00;0.00;0.00;1392.33;0.00;0.00;0.00;0.00;0.00;0.00;0.00;1201.67;0.00;0.00;0.00;1280.00;1106.34;0.00;0.00;0.00;0.00;0.00;0.00;0.00;160.00;160.00;384.67;160.00;1984.67;960.00;0.00;320.00;0.00;0.00;0.00;160.00;0.00;0.00;0.00;160.00;0.00;0.00;160.00;0.00;0.00;0.00;0.00
1772829723.3566034;0.00;0.00;0.00;1392.33;0.00;0.00;0.00;0.00;0.00;0.00;0.00;1201.67;0.00;0.00;0.00;1280.00;1346.34;0.00;0.00;0.00;0.00;0.00;0.00;0.00;160.00;160.00;384.67;240.00;2144.67;960.00;0.00;320.00;0.00;0.00;0.00;320.00;0.00;0.00;0.00;160.00;0.00;0.00;160.00;0.00;0.00;0.00;0.00
1772829723.3573387;0.00;0.00;0.00;1392.33;0.00;0.00;0.00;0.00;0.00;0.00;0.00;1201.67;0.00;0.00;0.00;1280.00;1346.34;0.00;0.00;0.00;0.00;0.00;0.00;0.00;160.00;160.00;384.67;240.00;2144.67;960.00;0.00;320.00;0.00;0.00;0.00;320.00;0.00;0.00;0.00;160.00;0.00;0.00;160.00;0.00;0.00;0.00;0.00
1772829723.367661;0.00;0.00;0.00;1392.33;0.00;0.00;0.00;0.00;0.00;0.00;0.00;1201.67;0.00;0.00;0.00;1280.00;1586.34;0.00;0.00;0.00;0.00;0.00;0.00;0.00;160.00;160.00;384.67;320.00;2304.67;1120.00;0.00;320.00;0.00;0.00;0.00;320.00;0.00;0.00;0.00;160.00;0.00;0.00;160.00;0.00;0.00;0.00;0.00
1772829723.368326;0.00;0.00;0.00;1392.33;0.00;0.00;0.00;0.00;0.00;0.00;0.00;1201.67;0.00;0.00;0.00;1280.00;1586.34;0.00;0.00;0.00;0.00;0.00;0.00;0.00;160.00;160.00;384.67;320.00;2304.67;1120.00;0.00;320.00;0.00;0.00;0.00;320.00;0.00;0.00;0.00;160.00;0.00;0.00;160.00;0.00;0.00;0.00;0.00
1772829723.3790195;0.00;0.00;0.00;1392.33;0.00;0.00;0.00;0.00;0.00;0.00;0.00;1201.67;0.00;0.00;0.00;1280.00;1826.34;0.00;0.00;0.00;0.00;0.00;0.00;0.00;160.00;160.00;384.67;560.00;2304.67;1120.00;0.00;320.00;0.00;0.00;0.00;320.00;0.00;0.00;0.00;160.00;0.00;0.00;160.00;0.00;0.00;0.00;0.00
1772829723.3797219;0.00;0.00;0.00;1392.33;0.00;0.00;0.00;0.00;0.00;0.00;0.00;1201.67;0.00;0.00;0.00;1280.00;1826.34;0.00;0.00;0.00;0.00;0.00;0.00;0.00;160.00;160.00;384.67;560.00;2304.67;1120.00;0.00;320.00;0.00;0.00;0.00;320.00;0.00;0.00;0.00;160.00;0.00;0.00;160.00;0.00;0.00;0.00;0.00
1772829723.3895187;0.00;0.00;0.00;1392.33;0.00;0.00;0.00;0.00;0.00;0.00;0.00;1201.67;0.00;0.00;0.00;1280.00;1826.34;0.00;0.00;0.00;0.00;0.00;0.00;0.00;160.00;160.00;384.67;560.00;2304.67;1120.00;0.00;320.00;0.00;0.00;0.00;320.00;0.00;0.00;0.00;160.00;0.00;0.00;160.00;0.00;0.00;0.00;0.00
1772829723.390241;0.00;0.00;0.00;1392.33;0.00;0.00;0.00;0.00;0.00;0.00;0.00;1201.67;0.00;0.00;0.00;1280.00;1826.34;0.00;0.00;0.00;0.00;0.00;0.00;0.00;160.00;160.00;384.67;560.00;2304.67;1120.00;0.00;320.00;0.00;0.00;0.00;320.00;0.00;0.00;0.00;160.00;0.00;0.00;160.00;0.00;0.00;0.00;0.00
1772829723.4009228;0.00;0.00;0.00;1392.33;0.00;0.00;0.00;0.00;0.00;0.00;0.00;1201.67;0.00;0.00;0.00;1280.00;1826.34;0.00;0.00;0.00;0.00;0.00;0.00;0.00;160.00;160.00;384.67;560.00;2304.67;1120.00;0.00;320.00;0.00;0.00;0.00;320.00;0.00;0.00;0.00;160.00;0.00;0.00;160.00;0.00;0.00;0.00;0.00
1772829723.4017482;0.00;0.00;0.00;1392.33;0.00;0.00;0.00;0.00;0.00;0.00;0.00;1201.67;0.00;0.00;0.00;1280.00;1826.34;0.00;0.00;0.00;0.00;0.00;0.00;0.00;160.00;160.00;384.67;560.00;2304.67;1120.00;0.00;320.00;0.00;0.00;0.00;320.00;0.00;0.00;0.00;160.00;0.00;0.00;160.00;0.00;0.00;0.00;0.00
1772829723.412582;0.00;0.00;0.00;1392.33;0.00;0.00;0.00;0.00;0.00;0.00;0.00;1201.67;0.00;0.00;0.00;1280.00;1906.34;0.00;0.00;0.00;0.00;0.00;0.00;0.00;160.00;160.00;384.67;640.00;2304.67;1120.00;0.00;320.00;0.00;0.00;0.00;320.00;0.00;0.00;0.00;160.00;0.00;0.00;160.00;0.00;0.00;0.00;0.00
1772829723.4133658;0.00;0.00;0.00;1392.33;0.00;0.00;0.00;0.00;0.00;0.00;0.00;1201.67;0.00;0.00;0.00;1280.00;1906.34;0.00;0.00;0.00;0.00;0.00;0.00;0.00;160.00;160.00;384.67;640.00;2304.67;1120.00;0.00;320.00;0.00;0.00;0.00;320.00;0.00;0.00;0.00;160.00;0.00;0.00;160.00;0.00;0.00;0.00;0.00
1772829746.3937364;0.00;0.00;0.00;1392.33;0.00;0.00;0.00;0.00;0.00;0.00;0.00;1201.67;0.00;0.00;0.00;1280.00;1906.34;240.00;0.00;0.00;0.00;0.00;0.00;0.00;400.00;160.00;384.67;640.00;2304.67;1120.00;0.00;320.00;0.00;0.00;0.00;320.00;0.00;0.00;0.00;160.00;0.00;0.00;160.00;0.00;0.00;0.00;0.00
1772829746.3945467;0.00;0.00;0.00;1392.33;0.00;0.00;0.00;0.00;0.00;0.00;0.00;1201.67;0.00;0.00;0.00;1280.00;1906.34;240.00;0.00;0.00;0.00;0.00;0.00;0.00;400.00;160.00;384.67;640.00;2304.67;1120.00;0.00;320.00;0.00;0.00;0.00;320.00;0.00;0.00;0.00;160.00;0.00;0.00;160.00;0.00;0.00;0.00;0.00
1772829746.4059494;0.00;0.00;0.00;1392.33;0.00;0.00;0.00;0.00;0.00;0.00;0.00;1201.67;0.00;0.00;0.00;1280.00;1906.34;384.67;0.00;0.00;0.00;0.00;0.00;0.00;544.67;160.00;384.67;640.00;2304.67;1120.00;0.00;320.00;0.00;0.00;0.00;320.00;0.00;0.00;0.00;160.00;0.00;0.00;160.00;0.00;0.00;0.00;0.00
1772829746.4068465;0.00;0.00;0.00;1392.33;0.00;0.00;0.00;0.00;0.00;0.00;0.00;1201.67;0.00;0.00;0.00;1280.00;1906.34;384.67;0.00;0.00;0.00;0.00;0.00;0.00;544.67;160.00;384.67;640.00;2304.67;1120.00;0.00;320.00;0.00;0.00;0.00;320.00;0.00;0.00;0.00;160.00;0.00;0.00;160.00;0.00;0.00;0.00;0.00
1772829746.4193997;0.00;0.00;0.00;1392.33;0.00;0.00;0.00;0.00;0.00;0.00;0.00;1201.67;0.00;0.00;0.00;1280.00;1906.34;624.67;0.00;0.00;0.00;0.00;0.00;0.00;624.67;160.00;384.67;640.00;2304.67;1120.00;0.00;320.00;0.00;0.00;0.00;320.00;0.00;0.00;0.00;160.00;0.00;0.00;160.00;0.00;0.00;0.00;0.00
1772829746.4203715;0.00;0.00;0.00;1392.33;0.00;0.00;0.00;0.00;0.00;0.00;0.00;1201.67;0.00;0.00;0.00;1280.00;1906.34;624.67;0.00;0.00;0.00;0.00;0.00;0.00;624.67;160.00;384.67;640.00;2304.67;1120.00;0.00;320.00;0.00;0.00;0.00;320.00;0.00;0.00;0.00;160.00;0.00;0.00;160.00;0.00;0.00;0.00;0.00
1772829746.433161;0.00;0.00;0.00;1392.33;0.00;0.00;0.00;0.00;0.00;0.00;0.00;1201.67;0.00;0.00;0.00;1280.00;1906.34;864.67;0.00;0.00;0.00;0.00;0.00;0.00;864.67;160.00;384.67;640.00;2304.67;1120.00;0.00;320.00;0.00;0.00;0.00;320.00;0.00;0.00;0.00;160.00;0.00;160.00;160.00;0.00;0.00;0.00;0.00
1772829746.434083;0.00;0.00;0.00;1392.33;0.00;0.00;0.00;0.00;0.00;0.00;0.00;1201.67;0.00;0.00;0.00;1280.00;1906.34;864.67;0.00;0.00;0.00;0.00;0.00;0.00;864.67;160.00;384.67;640.00;2304.67;1120.00;0.00;320.00;0.00;0.00;0.00;320.00;0.00;0.00;0.00;160.00;0.00;160.00;160.00;0.00;0.00;0.00;0.00
1772829746.4473724;0.00;0.00;0.00;1392.33;0.00;0.00;0.00;0.00;0.00;0.00;0.00;1201.67;0.00;0.00;0.00;1280.00;1906.34;1104.67;0.00;0.00;0.00;0.00;0.00;160.00;1104.67;160.00;384.67;640.00;2304.67;1120.00;0.00;320.00;0.00;0.00;0.00;320.00;0.00;0.00;0.00;160.00;0.00;160.00;160.00;0.00;0.00;0.00;0.00
1772829746.4482012;0.00;0.00;0.00;1392.33;0.00;0.00;0.00;0.00;0.00;0.00;0.00;1201.67;0.00;0.00;0.00;1280.00;1906.34;1104.67;0.00;0.00;0.00;0.00;0.00;160.00;1104.67;160.00;384.67;640.00;2304.67;1120.00;0.00;320.00;0.00;0.00;0.00;320.00;0.00;0.00;0.00;160.00;0.00;160.00;160.00;0.00;0.00;0.00;0.00
1772829746.4598417;0.00;0.00;0.00;1392.33;0.00;0.00;0.00;0.00;0.00;0.00;0.00;1201.67;0.00;0.00;0.00;1280.00;1906.34;1344.67;0.00;0.00;0.00;0.00;0.00;160.00;1184.67;320.00;544.67;640.00;2304.67;1120.00;0.00;320.00;0.00;0.00;0.00;320.00;0.00;0.00;0.00;160.00;160.00;160.00;160.00;0.00;0.00;0.00;0.00
1772829746.4605894;0.00;0.00;0.00;1392.33;0.00;0.00;0.00;0.00;0.00;0.00;0.00;1201.67;0.00;0.00;0.00;1280.00;1906.34;1344.67;0.00;0.00;0.00;0.00;0.00;160.00;1184.67;320.00;544.67;640.00;2304.67;1120.00;0.00;320.00;0.00;0.00;0.00;320.00;0.00;0.00;0.00;160.00;160.00;160.00;160.00;0.00;0.00;0.00;0.00
1772829775.4246542;0.00;0.00;0.00;1392.33;0.00;0.00;0.00;0.00;0.00;0.00;0.00;0.00;0.00;0.00;0.00;1280.00;1906.34;1344.67;0.00;0.00;0.00;0.00;240.00;160.00;1024.67;160.00;160.00;480.00;2304.67;1120.00;0.00;320.00;240.00;240.00;0.00;320.00;160.00;0.00;0.00;0.00;160.00;160.00;160.00;0.00;0.00;0.00;0.00
1772829775.4261343;0.00;0.00;0.00;1392.33;0.00;0.00;0.00;0.00;0.00;0.00;0.00;0.00;0.00;0.00;0.00;1280.00;1906.34;1344.67;0.00;0.00;0.00;0.00;240.00;160.00;1024.67;160.00;160.00;480.00;2304.67;1120.00;0.00;320.00;240.00;240.00;0.00;320.00;160.00;0.00;0.00;0.00;160.00;160.00;160.00;0.00;0.00;0.00;0.00
1772829775.5435896;0.00;0.00;0.00;1392.33;0.00;0.00;0.00;0.00;0.00;0.00;0.00;0.00;0.00;0.00;0.00;1280.00;1906.34;1344.67;0.00;0.00;0.00;0.00;480.00;160.00;1024.67;160.00;160.00;480.00;2304.67;1120.00;0.00;480.00;480.00;480.00;0.00;320.00;160.00;0.00;0.00;0.00;160.00;160.00;160.00;0.00;0.00;0.00;0.00
1772829775.5450501;0.00;0.00;0.00;1392.33;0.00;0.00;0.00;0.00;0.00;0.00;0.00;0.00;0.00;0.00;0.00;1280.00;1906.34;1344.67;0.00;0.00;0.00;0.00;480.00;160.00;1024.67;160.00;160.00;480.00;2304.67;1120.00;0.00;480.00;480.00;480.00;0.00;320.00;160.00;0.00;0.00;0.00;160.00;160.00;160.00;0.00;0.00;0.00;0.00
1772829775.563738;0.00;0.00;0.00;1392.33;0.00;0.00;0.00;0.00;0.00;0.00;0.00;0.00;0.00;0.00;0.00;1280.00;1906.34;1344.67;0.00;0.00;0.00;0.00;720.00;160.00;1024.67;160.00;160.00;480.00;2304.67;1120.00;0.00;480.00;720.00;720.00;0.00;320.00;160.00;0.00;0.00;0.00;160.00;160.00;160.00;0.00;0.00;0.00;0.00
1772829775.5651467;0.00;0.00;0.00;1392.33;0.00;0.00;0.00;0.00;0.00;0.00;0.00;0.00;0.00;0.00;0.00;1280.00;1906.34;1344.67;0.00;0.00;0.00;0.00;720.00;160.00;1024.67;160.00;160.00;480.00;2304.67;1120.00;0.00;480.00;720.00;720.00;0.00;320.00;160.00;0.00;0.00;0.00;160.00;160.00;160.00;0.00;0.00;0.00;0.00
1772829775.5844185;0.00;0.00;0.00;1392.33;0.00;0.00;0.00;0.00;0.00;0.00;0.00;0.00;0.00;0.00;0.00;1280.00;1906.34;1344.67;0.00;0.00;0.00;0.00;960.00;160.00;1024.67;160.00;160.00;480.00;2304.67;1120.00;0.00;640.00;960.00;960.00;0.00;320.00;160.00;0.00;0.00;0.00;160.00;160.00;160.00;0.00;0.00;0.00;0.00
1772829775.5858583;0.00;0.00;0.00;1392.33;0.00;0.00;0.00;0.00;0.00;0.00;0.00;0.00;0.00;0.00;0.00;1280.00;1906.34;1344.67;0.00;0.00;0.00;0.00;960.00;160.00;1024.67;160.00;160.00;480.00;2304.67;1120.00;0.00;640.00;960.00;960.00;0.00;320.00;160.00;0.00;0.00;0.00;160.00;160.00;160.00;0.00;0.00;0.00;0.00
1772829775.6049998;0.00;0.00;0.00;1392.33;0.00;0.00;0.00;0.00;0.00;0.00;0.00;0.00;0.00;0.00;0.00;1280.00;1906.34;1344.67;0.00;0.00;0.00;0.00;1040.00;160.00;1024.67;160.00;160.00;480.00;2304.67;1120.00;0.00;640.00;1040.00;1040.00;0.00;320.00;160.00;0.00;0.00;0.00;160.00;160.00;160.00;0.00;0.00;0.00;0.00
1772829775.606445;0.00;0.00;0.00;1392.33;0.00;0.00;0.00;0.00;0.00;0.00;0.00;0.00;0.00;0.00;0.00;1280.00;1906.34;1344.67;0.00;0.00;0.00;0.00;1040.00;160.00;1024.67;160.00;160.00;480.00;2304.67;1120.00;0.00;640.00;1040.00;1040.00;0.00;320.00;160.00;0.00;0.00;0.00;160.00;160.00;160.00;0.00;0.00;0.00;0.00
1772829775.6254585;0.00;0.00;0.00;1392.33;0.00;0.00;0.00;0.00;0.00;0.00;0.00;0.00;0.00;0.00;0.00;1280.00;1906.34;1344.67;0.00;0.00;0.00;0.00;1280.00;160.00;1024.67;160.00;160.00;480.00;2304.67;1120.00;0.00;800.00;1280.00;1280.00;0.00;320.00;160.00;0.00;0.00;0.00;160.00;160.00;160.00;0.00;0.00;0.00;0.00
1772829775.6269581;0.00;0.00;0.00;1392.33;0.00;0.00;0.00;0.00;0.00;0.00;0.00;0.00;0.00;0.00;0.00;1280.00;1906.34;1344.67;0.00;0.00;0.00;0.00;1280.00;160.00;1024.67;160.00;160.00;480.00;2304.67;1120.00;0.00;800.00;1280.00;1280.00;0.00;320.00;160.00;0.00;0.00;0.00;160.00;160.00;160.00;0.00;0.00;0.00;0.00
1772829801.4587326;0.00;0.00;0.00;1392.33;0.00;0.00;0.00;0.00;0.00;0.00;0.00;0.00;0.00;0.00;0.00;0.00;0.00;1344.67;0.00;0.00;0.00;0.00;1520.00;160.00;1024.67;160.00;160.00;480.00;0.00;0.00;0.00;800.00;1360.00;1360.00;0.00;160.00;240.00;0.00;0.00;0.00;160.00;160.00;0.00;0.00;0.00;0.00;0.00
1772829801.4601338;0.00;0.00;0.00;1392.33;0.00;0.00;0.00;0.00;0.00;0.00;0.00;0.00;0.00;0.00;0.00;0.00;0.00;1344.67;0.00;0.00;0.00;0.00;1520.00;160.00;1024.67;160.00;160.00;480.00;0.00;0.00;0.00;800.00;1360.00;1360.00;0.00;160.00;240.00;0.00;0.00;0.00;160.00;160.00;0.00;0.00;0.00;0.00;0.00
1772829801.4779756;0.00;0.00;0.00;1392.33;0.00;0.00;0.00;0.00;0.00;0.00;0.00;0.00;0.00;0.00;0.00;0.00;0.00;1344.67;0.00;0.00;0.00;0.00;1760.00;160.00;1024.67;160.00;160.00;480.00;0.00;0.00;0.00;800.00;1600.00;1600.00;0.00;160.00;320.00;0.00;0.00;0.00;160.00;160.00;0.00;0.00;0.00;0.00;0.00
1772829801.4791818;0.00;0.00;0.00;1392.33;0.00;0.00;0.00;0.00;0.00;0.00;0.00;0.00;0.00;0.00;0.00;0.00;0.00;1344.67;0.00;0.00;0.00;0.00;1760.00;160.00;1024.67;160.00;160.00;480.00;0.00;0.00;0.00;800.00;1600.00;1600.00;0.00;160.00;320.00;0.00;0.00;0.00;160.00;160.00;0.00;0.00;0.00;0.00;0.00
1772829801.4974914;0.00;0.00;0.00;1392.33;0.00;0.00;0.00;0.00;0.00;0.00;0.00;0.00;0.00;0.00;0.00;0.00;0.00;1344.67;0.00;0.00;0.00;0.00;1840.00;160.00;1024.67;160.00;160.00;480.00;0.00;0.00;0.00;800.00;1680.00;1680.00;0.00;160.00;400.00;0.00;0.00;0.00;160.00;160.00;0.00;0.00;0.00;0.00;0.00
1772829801.4988377;0.00;0.00;0.00;1392.33;0.00;0.00;0.00;0.00;0.00;0.00;0.00;0.00;0.00;0.00;0.00;0.00;0.00;1344.67;0.00;0.00;0.00;0.00;1840.00;160.00;1024.67;160.00;160.00;480.00;0.00;0.00;0.00;800.00;1680.00;1680.00;0.00;160.00;400.00;0.00;0.00;0.00;160.00;160.00;0.00;0.00;0.00;0.00;0.00
1772829801.5163767;0.00;0.00;0.00;1392.33;0.00;0.00;0.00;0.00;0.00;0.00;0.00;0.00;0.00;0.00;0.00;0.00;0.00;1344.67;0.00;0.00;0.00;0.00;1920.00;160.00;1024.67;160.00;160.00;480.00;0.00;0.00;0.00;800.00;1760.00;1760.00;0.00;160.00;480.00;0.00;0.00;0.00;160.00;160.00;0.00;0.00;0.00;0.00;0.00
1772829801.5176573;0.00;0.00;0.00;1392.33;0.00;0.00;0.00;0.00;0.00;0.00;0.00;0.00;0.00;0.00;0.00;0.00;0.00;1344.67;0.00;0.00;0.00;0.00;1920.00;160.00;1024.67;160.00;160.00;480.00;0.00;0.00;0.00;800.00;1760.00;1760.00;0.00;160.00;480.00;0.00;0.00;0.00;160.00;160.00;0.00;0.00;0.00;0.00;0.00
1772829801.5337152;0.00;0.00;0.00;1392.33;0.00;0.00;0.00;0.00;0.00;0.00;0.00;0.00;0.00;0.00;0.00;0.00;0.00;1344.67;0.00;0.00;0.00;0.00;1920.00;160.00;1024.67;160.00;160.00;480.00;0.00;0.00;0.00;800.00;1760.00;1760.00;0.00;160.00;480.00;0.00;0.00;0.00;160.00;160.00;0.00;0.00;0.00;0.00;0.00
1772829801.534942;0.00;0.00;0.00;1392.33;0.00;0.00;0.00;0.00;0.00;0.00;0.00;0.00;0.00;0.00;0.00;0.00;0.00;1344.67;0.00;0.00;0.00;0.00;1920.00;160.00;1024.67;160.00;160.00;480.00;0.00;0.00;0.00;800.00;1760.00;1760.00;0.00;160.00;480.00;0.00;0.00;0.00;160.00;160.00;0.00;0.00;0.00;0.00;0.00
1772829801.5508814;0.00;0.00;0.00;1392.33;0.00;0.00;0.00;0.00;0.00;0.00;0.00;0.00;0.00;0.00;0.00;0.00;0.00;1344.67;0.00;0.00;0.00;0.00;1920.00;160.00;1024.67;160.00;160.00;480.00;0.00;0.00;0.00;800.00;1760.00;1760.00;0.00;160.00;480.00;0.00;0.00;0.00;160.00;160.00;0.00;0.00;0.00;0.00;0.00
1772829801.5521245;0.00;0.00;0.00;1392.33;0.00;0.00;0.00;0.00;0.00;0.00;0.00;0.00;0.00;0.00;0.00;0.00;0.00;1344.67;0.00;0.00;0.00;0.00;1920.00;160.00;1024.67;160.00;160.00;480.00;0.00;0.00;0.00;800.00;1760.00;1760.00;0.00;160.00;480.00;0.00;0.00;0.00;160.00;160.00;0.00;0.00;0.00;0.00;0.00
1772829823.4945192;0.00;0.00;0.00;0.00;0.00;0.00;0.00;0.00;0.00;0.00;0.00;0.00;144.67;0.00;0.00;0.00;0.00;1344.67;0.00;0.00;0.00;0.00;1920.00;160.00;1024.67;160.00;320.00;480.00;0.00;0.00;0.00;480.00;1760.00;1760.00;0.00;160.00;480.00;0.00;0.00;0.00;160.00;160.00;0.00;0.00;0.00;0.00;0.00
1772829823.4957952;0.00;0.00;0.00;0.00;0.00;0.00;0.00;0.00;0.00;0.00;0.00;0.00;144.67;0.00;0.00;0.00;0.00;1344.67;0.00;0.00;0.00;0.00;1920.00;160.00;1024.67;160.00;320.00;480.00;0.00;0.00;0.00;480.00;1760.00;1760.00;0.00;160.00;480.00;0.00;0.00;0.00;160.00;160.00;0.00;0.00;0.00;0.00;0.00
1772829823.5144286;0.00;0.00;0.00;0.00;0.00;0.00;0.00;0.00;0.00;0.00;0.00;0.00;384.67;0.00;0.00;0.00;0.00;1344.67;0.00;0.00;0.00;0.00;1920.00;160.00;1024.67;160.00;480.00;560.00;0.00;0.00;0.00;480.00;1760.00;1760.00;0.00;160.00;480.00;0.00;0.00;0.00;160.00;160.00;0.00;0.00;0.00;0.00;0.00
1772829823.5156114;0.00;0.00;0.00;0.00;0.00;0.00;0.00;0.00;0.00;0.00;0.00;0.00;384.67;0.00;0.00;0.00;0.00;1344.67;0.00;0.00;0.00;0.00;1920.00;160.00;1024.67;160.00;480.00;560.00;0.00;0.00;0.00;480.00;1760.00;1760.00;0.00;160.00;480.00;0.00;0.00;0.00;160.00;160.00;0.00;0.00;0.00;0.00;0.00
1772829823.5352945;0.00;0.00;0.00;0.00;0.00;0.00;0.00;0.00;0.00;0.00;0.00;0.00;624.67;0.00;0.00;0.00;0.00;1344.67;0.00;0.00;0.00;0.00;1920.00;160.00;1024.67;160.00;480.00;720.00;160.00;0.00;0.00;480.00;1760.00;1760.00;0.00;160.00;480.00;0.00;0.00;0.00;160.00;160.00;0.00;0.00;0.00;0.00;0.00
1772829823.5364993;0.00;0.00;0.00;0.00;0.00;0.00;0.00;0.00;0.00;0.00;0.00;0.00;624.67;0.00;0.00;0.00;0.00;1344.67;0.00;0.00;0.00;0.00;1920.00;160.00;1024.67;160.00;480.00;720.00;160.00;0.00;0.00;480.00;1760.00;1760.00;0.00;160.00;480.00;0.00;0.00;0.00;160.00;160.00;0.00;0.00;0.00;0.00;0.00
1772829823.5559936;0.00;0.00;0.00;0.00;0.00;0.00;0.00;0.00;0.00;0.00;0.00;0.00;864.67;0.00;0.00;0.00;0.00;1344.67;0.00;0.00;0.00;0.00;1920.00;160.00;1024.67;160.00;480.00;960.00;320.00;0.00;0.00;480.00;1760.00;1760.00;0.00;160.00;480.00;0.00;0.00;0.00;160.00;160.00;0.00;0.00;0.00;0.00;0.00
1772829823.5572;0.00;0.00;0.00;0.00;0.00;0.00;0.00;0.00;0.00;0.00;0.00;0.00;864.67;0.00;0.00;0.00;0.00;1344.67;0.00;0.00;0.00;0.00;1920.00;160.00;1024.67;160.00;480.00;960.00;320.00;0.00;0.00;480.00;1760.00;1760.00;0.00;160.00;480.00;0.00;0.00;0.00;160.00;160.00;0.00;0.00;0.00;0.00;0.00
1772829823.5762737;0.00;0.00;0.00;0.00;0.00;0.00;0.00;0.00;0.00;0.00;0.00;0.00;944.67;0.00;0.00;0.00;0.00;1344.67;0.00;0.00;0.00;0.00;1920.00;160.00;1024.67;160.00;480.00;960.00;320.00;0.00;0.00;480.00;1760.00;1760.00;0.00;160.00;480.00;0.00;0.00;0.00;160.00;160.00;0.00;0.00;0.00;0.00;0.00
1772829823.577499;0.00;0.00;0.00;0.00;0.00;0.00;0.00;0.00;0.00;0.00;0.00;0.00;944.67;0.00;0.00;0.00;0.00;1344.67;0.00;0.00;0.00;0.00;1920.00;160.00;1024.67;160.00;480.00;960.00;320.00;0.00;0.00;480.00;1760.00;1760.00;0.00;160.00;480.00;0.00;0.00;0.00;160.00;160.00;0.00;0.00;0.00;0.00;0.00
1772829823.5972364;0.00;0.00;0.00;0.00;0.00;0.00;0.00;0.00;0.00;0.00;0.00;0.00;1184.67;0.00;0.00;0.00;0.00;1344.67;0.00;0.00;0.00;0.00;1920.00;160.00;1024.67;160.00;640.00;960.00;320.00;0.00;0.00;480.00;1760.00;1760.00;0.00;160.00;480.00;0.00;0.00;0.00;160.00;160.00;0.00;0.00;0.00;0.00;0.00
1772829823.5985248;0.00;0.00;0.00;0.00;0.00;0.00;0.00;0.00;0.00;0.00;0.00;0.00;1184.67;0.00;0.00;0.00;0.00;1344.67;0.00;0.00;0.00;0.00;1920.00;160.00;1024.67;160.00;640.00;960.00;320.00;0.00;0.00;480.00;1760.00;1760.00;0.00;160.00;480.00;0.00;0.00;0.00;160.00;160.00;0.00;0.00;0.00;0.00;0.00
1772829847.5338838;0.00;0.00;0.00;97.00;0.00;0.00;0.00;0.00;0.00;0.00;0.00;0.00;1184.67;0.00;0.00;0.00;0.00;1344.67;0.00;0.00;0.00;0.00;1920.00;160.00;1024.67;160.00;640.00;960.00;320.00;0.00;0.00;480.00;1760.00;1760.00;0.00;160.00;480.00;0.00;0.00;0.00;160.00;160.00;0.00;0.00;0.00;0.00;0.00
1772829847.5353239;0.00;0.00;0.00;97.00;0.00;0.00;0.00;0.00;0.00;0.00;0.00;0.00;1184.67;0.00;0.00;0.00;0.00;1344.67;0.00;0.00;0.00;0.00;1920.00;160.00;1024.67;160.00;640.00;960.00;320.00;0.00;0.00;480.00;1760.00;1760.00;0.00;160.00;480.00;0.00;0.00;0.00;160.00;160.00;0.00;0.00;0.00;0.00;0.00
1772829847.5551498;0.00;0.00;0.00;194.00;0.00;0.00;0.00;0.00;0.00;0.00;0.00;0.00;1184.67;0.00;0.00;0.00;0.00;1344.67;0.00;0.00;0.00;0.00;1920.00;160.00;1024.67;160.00;640.00;960.00;320.00;0.00;0.00;480.00;1760.00;1760.00;0.00;160.00;480.00;0.00;0.00;0.00;160.00;160.00;0.00;0.00;0.00;0.00;0.00
1772829847.5564907;0.00;0.00;0.00;194.00;0.00;0.00;0.00;0.00;0.00;0.00;0.00;0.00;1184.67;0.00;0.00;0.00;0.00;1344.67;0.00;0.00;0.00;0.00;1920.00;160.00;1024.67;160.00;640.00;960.00;320.00;0.00;0.00;480.00;1760.00;1760.00;0.00;160.00;480.00;0.00;0.00;0.00;160.00;160.00;0.00;0.00;0.00;0.00;0.00
1772829847.5767279;0.00;0.00;0.00;434.00;0.00;0.00;0.00;0.00;0.00;0.00;0.00;0.00;1184.67;0.00;0.00;0.00;0.00;1344.67;0.00;0.00;0.00;0.00;1920.00;160.00;1024.67;160.00;640.00;960.00;320.00;0.00;0.00;480.00;1760.00;1760.00;0.00;160.00;480.00;0.00;0.00;0.00;160.00;160.00;0.00;0.00;0.00;0.00;0.00
1772829847.5782042;0.00;0.00;0.00;434.00;0.00;0.00;0.00;0.00;0.00;0.00;0.00;0.00;1184.67;0.00;0.00;0.00;0.00;1344.67;0.00;0.00;0.00;0.00;1920.00;160.00;1024.67;160.00;640.00;960.00;320.00;0.00;0.00;480.00;1760.00;1760.00;0.00;160.00;480.00;0.00;0.00;0.00;160.00;160.00;0.00;0.00;0.00;0.00;0.00
1772829847.5984082;0.00;0.00;0.00;674.00;0.00;0.00;0.00;0.00;0.00;0.00;0.00;0.00;1184.67;0.00;0.00;0.00;0.00;1344.67;0.00;0.00;0.00;0.00;1920.00;160.00;1024.67;160.00;640.00;960.00;320.00;0.00;0.00;640.00;1760.00;1760.00;0.00;160.00;480.00;0.00;0.00;0.00;160.00;160.00;0.00;0.00;0.00;0.00;0.00
1772829847.5997627;0.00;0.00;0.00;674.00;0.00;0.00;0.00;0.00;0.00;0.00;0.00;0.00;1184.67;0.00;0.00;0.00;0.00;1344.67;0.00;0.00;0.00;0.00;1920.00;160.00;1024.67;160.00;640.00;960.00;320.00;0.00;0.00;640.00;1760.00;1760.00;0.00;160.00;480.00;0.00;0.00;0.00;160.00;160.00;0.00;0.00;0.00;0.00;0.00
1772829847.620258;0.00;0.00;0.00;914.00;0.00;0.00;0.00;0.00;0.00;0.00;0.00;0.00;1184.67;0.00;0.00;0.00;0.00;1344.67;0.00;0.00;0.00;0.00;1920.00;160.00;1024.67;160.00;640.00;960.00;320.00;0.00;0.00;800.00;1760.00;1760.00;0.00;160.00;480.00;0.00;0.00;0.00;160.00;160.00;0.00;0.00;0.00;0.00;0.00
1772829847.6216743;0.00;0.00;0.00;914.00;0.00;0.00;0.00;0.00;0.00;0.00;0.00;0.00;1184.67;0.00;0.00;0.00;0.00;1344.67;0.00;0.00;0.00;0.00;1920.00;160.00;1024.67;160.00;640.00;960.00;320.00;0.00;0.00;800.00;1760.00;1760.00;0.00;160.00;480.00;0.00;0.00;0.00;160.00;160.00;0.00;0.00;0.00;0.00;0.00
1772829847.6418068;0.00;0.00;0.00;1154.00;0.00;0.00;0.00;0.00;0.00;0.00;0.00;0.00;1184.67;0.00;0.00;0.00;0.00;1344.67;0.00;0.00;0.00;0.00;1920.00;160.00;1024.67;160.00;640.00;960.00;320.00;0.00;0.00;800.00;1760.00;1760.00;0.00;160.00;480.00;0.00;0.00;0.00;160.00;160.00;0.00;0.00;0.00;0.00;0.00
1772829847.6432219;0.00;0.00;0.00;1154.00;0.00;0.00;0.00;0.00;0.00;0.00;0.00;0.00;1184.67;0.00;0.00;0.00;0.00;1344.67;0.00;0.00;0.00;0.00;1920.00;160.00;1024.67;160.00;640.00;960.00;320.00;0.00;0.00;800.00;1760.00;1760.00;0.00;160.00;480.00;0.00;0.00;0.00;160.00;160.00;0.00;0.00;0.00;0.00;0.00
1772829874.5596514;0.00;0.00;240.00;1154.00;0.00;0.00;0.00;0.00;0.00;0.00;0.00;0.00;1184.67;0.00;0.00;0.00;0.00;0.00;0.00;0.00;0.00;0.00;1920.00;0.00;0.00;0.00;480.00;0.00;0.00;0.00;0.00;800.00;1760.00;1760.00;0.00;0.00;480.00;0.00;0.00;0.00;0.00;0.00;0.00;0.00;0.00;0.00;0.00
1772829874.5609632;0.00;0.00;240.00;1154.00;0.00;0.00;0.00;0.00;0.00;0.00;0.00;0.00;1184.67;0.00;0.00;0.00;0.00;0.00;0.00;0.00;0.00;0.00;1920.00;0.00;0.00;0.00;480.00;0.00;0.00;0.00;0.00;800.00;1760.00;1760.00;0.00;0.00;480.00;0.00;0.00;0.00;0.00;0.00;0.00;0.00;0.00;0.00;0.00
1772829874.5793777;0.00;0.00;480.00;1154.00;0.00;0.00;0.00;0.00;0.00;0.00;0.00;0.00;1184.67;0.00;0.00;0.00;0.00;0.00;0.00;0.00;0.00;0.00;1920.00;0.00;0.00;0.00;480.00;0.00;0.00;0.00;0.00;800.00;1760.00;1760.00;0.00;0.00;480.00;0.00;0.00;0.00;0.00;0.00;0.00;0.00;0.00;0.00;0.00
1772829874.5805101;0.00;0.00;480.00;1154.00;0.00;0.00;0.00;0.00;0.00;0.00;0.00;0.00;1184.67;0.00;0.00;0.00;0.00;0.00;0.00;0.00;0.00;0.00;1920.00;0.00;0.00;0.00;480.00;0.00;0.00;0.00;0.00;800.00;1760.00;1760.00;0.00;0.00;480.00;0.00;0.00;0.00;0.00;0.00;0.00;0.00;0.00;0.00;0.00
1772829874.5995224;0.00;0.00;720.00;1154.00;0.00;0.00;0.00;0.00;0.00;0.00;0.00;0.00;1184.67;0.00;0.00;0.00;0.00;0.00;0.00;0.00;0.00;0.00;1920.00;0.00;0.00;0.00;480.00;0.00;0.00;0.00;0.00;800.00;1760.00;1760.00;0.00;0.00;480.00;0.00;0.00;0.00;0.00;0.00;0.00;0.00;0.00;0.00;0.00
1772829874.6009388;0.00;0.00;720.00;1154.00;0.00;0.00;0.00;0.00;0.00;0.00;0.00;0.00;1184.67;0.00;0.00;0.00;0.00;0.00;0.00;0.00;0.00;0.00;1920.00;0.00;0.00;0.00;480.00;0.00;0.00;0.00;0.00;800.00;1760.00;1760.00;0.00;0.00;480.00;0.00;0.00;0.00;0.00;0.00;0.00;0.00;0.00;0.00;0.00
1772829874.6206262;0.00;0.00;960.00;1154.00;0.00;0.00;0.00;0.00;0.00;0.00;0.00;0.00;1184.67;0.00;0.00;0.00;0.00;0.00;0.00;0.00;0.00;0.00;1920.00;0.00;0.00;0.00;480.00;0.00;0.00;160.00;0.00;800.00;1760.00;1760.00;0.00;0.00;480.00;0.00;0.00;0.00;0.00;0.00;0.00;0.00;0.00;0.00;0.00
1772829874.621937;0.00;0.00;960.00;1154.00;0.00;0.00;0.00;0.00;0.00;0.00;0.00;0.00;1184.67;0.00;0.00;0.00;0.00;0.00;0.00;0.00;0.00;0.00;1920.00;0.00;0.00;0.00;480.00;0.00;0.00;160.00;0.00;800.00;1760.00;1760.00;0.00;0.00;480.00;0.00;0.00;0.00;0.00;0.00;0.00;0.00;0.00;0.00;0.00
1772829874.6407974;0.00;0.00;1200.00;1154.00;0.00;0.00;0.00;0.00;0.00;0.00;0.00;0.00;1184.67;0.00;0.00;0.00;0.00;0.00;0.00;0.00;0.00;0.00;1920.00;0.00;0.00;0.00;480.00;0.00;0.00;320.00;0.00;800.00;1760.00;1760.00;0.00;0.00;480.00;0.00;0.00;0.00;0.00;0.00;0.00;0.00;0.00;0.00;0.00
1772829874.6421237;0.00;0.00;1200.00;1154.00;0.00;0.00;0.00;0.00;0.00;0.00;0.00;0.00;1184.67;0.00;0.00;0.00;0.00;0.00;0.00;0.00;0.00;0.00;1920.00;0.00;0.00;0.00;480.00;0.00;0.00;320.00;0.00;800.00;1760.00;1760.00;0.00;0.00;480.00;0.00;0.00;0.00;0.00;0.00;0.00;0.00;0.00;0.00;0.00
1772829874.661778;0.00;0.00;1440.00;1154.00;0.00;0.00;0.00;0.00;0.00;0.00;0.00;0.00;1184.67;0.00;0.00;0.00;0.00;0.00;0.00;0.00;0.00;0.00;1920.00;0.00;0.00;0.00;480.00;0.00;0.00;320.00;0.00;800.00;1760.00;1760.00;0.00;320.00;480.00;0.00;0.00;0.00;0.00;0.00;0.00;0.00;0.00;0.00;0.00
1772829874.6630583;0.00;0.00;1440.00;1154.00;0.00;0.00;0.00;0.00;0.00;0.00;0.00;0.00;1184.67;0.00;0.00;0.00;0.00;0.00;0.00;0.00;0.00;0.00;1920.00;0.00;0.00;0.00;480.00;0.00;0.00;320.00;0.00;800.00;1760.00;1760.00;0.00;320.00;480.00;0.00;0.00;0.00;0.00;0.00;0.00;0.00;0.00;0.00;0.00
1772829896.5973547;0.00;0.00;1440.00;1154.00;0.00;0.00;0.00;0.00;0.00;240.00;0.00;0.00;1184.67;0.00;0.00;0.00;0.00;0.00;0.00;0.00;0.00;0.00;1920.00;0.00;0.00;0.00;480.00;0.00;0.00;320.00;0.00;800.00;1760.00;1760.00;0.00;320.00;480.00;0.00;0.00;0.00;0.00;0.00;0.00;0.00;0.00;0.00;0.00
1772829896.5988152;0.00;0.00;1440.00;1154.00;0.00;0.00;0.00;0.00;0.00;240.00;0.00;0.00;1184.67;0.00;0.00;0.00;0.00;0.00;0.00;0.00;0.00;0.00;1920.00;0.00;0.00;0.00;480.00;0.00;0.00;320.00;0.00;800.00;1760.00;1760.00;0.00;320.00;480.00;0.00;0.00;0.00;0.00;0.00;0.00;0.00;0.00;0.00;0.00
1772829896.6190453;0.00;0.00;1440.00;1154.00;0.00;0.00;0.00;0.00;0.00;480.00;0.00;0.00;1184.67;0.00;0.00;0.00;0.00;0.00;0.00;0.00;0.00;0.00;1920.00;0.00;0.00;0.00;480.00;0.00;0.00;320.00;0.00;800.00;1760.00;1760.00;0.00;320.00;480.00;0.00;0.00;0.00;0.00;0.00;0.00;0.00;0.00;0.00;0.00
1772829896.6204724;0.00;0.00;1440.00;1154.00;0.00;0.00;0.00;0.00;0.00;480.00;0.00;0.00;1184.67;0.00;0.00;0.00;0.00;0.00;0.00;0.00;0.00;0.00;1920.00;0.00;0.00;0.00;480.00;0.00;0.00;320.00;0.00;800.00;1760.00;1760.00;0.00;320.00;480.00;0.00;0.00;0.00;0.00;0.00;0.00;0.00;0.00;0.00;0.00
1772829896.6406474;0.00;0.00;1440.00;1154.00;0.00;0.00;0.00;0.00;0.00;624.67;0.00;0.00;1184.67;0.00;0.00;0.00;0.00;0.00;0.00;0.00;0.00;0.00;1920.00;0.00;0.00;0.00;480.00;0.00;0.00;320.00;0.00;800.00;1760.00;1760.00;0.00;320.00;480.00;0.00;0.00;0.00;0.00;0.00;0.00;0.00;0.00;0.00;0.00
1772829896.6420007;0.00;0.00;1440.00;1154.00;0.00;0.00;0.00;0.00;0.00;624.67;0.00;0.00;1184.67;0.00;0.00;0.00;0.00;0.00;0.00;0.00;0.00;0.00;1920.00;0.00;0.00;0.00;480.00;0.00;0.00;320.00;0.00;800.00;1760.00;1760.00;0.00;320.00;480.00;0.00;0.00;0.00;0.00;0.00;0.00;0.00;0.00;0.00;0.00
1772829896.6619623;0.00;0.00;1440.00;1154.00;0.00;0.00;0.00;0.00;0.00;864.67;0.00;0.00;1184.67;0.00;0.00;0.00;0.00;0.00;0.00;0.00;0.00;0.00;1920.00;0.00;0.00;0.00;480.00;0.00;0.00;320.00;0.00;800.00;1760.00;1760.00;0.00;320.00;480.00;0.00;160.00;0.00;0.00;0.00;0.00;0.00;0.00;0.00;0.00
1772829896.6633937;0.00;0.00;1440.00;1154.00;0.00;0.00;0.00;0.00;0.00;864.67;0.00;0.00;1184.67;0.00;0.00;0.00;0.00;0.00;0.00;0.00;0.00;0.00;1920.00;0.00;0.00;0.00;480.00;0.00;0.00;320.00;0.00;800.00;1760.00;1760.00;0.00;320.00;480.00;0.00;160.00;0.00;0.00;0.00;0.00;0.00;0.00;0.00;0.00
1772829896.6842182;0.00;0.00;1440.00;1154.00;0.00;0.00;0.00;0.00;0.00;1104.67;0.00;0.00;1184.67;0.00;0.00;0.00;0.00;0.00;0.00;0.00;0.00;0.00;1920.00;0.00;0.00;0.00;480.00;0.00;0.00;320.00;0.00;800.00;1760.00;1760.00;0.00;320.00;480.00;0.00;160.00;0.00;0.00;0.00;0.00;0.00;0.00;0.00;0.00
1772829896.685666;0.00;0.00;1440.00;1154.00;0.00;0.00;0.00;0.00;0.00;1104.67;0.00;0.00;1184.67;0.00;0.00;0.00;0.00;0.00;0.00;0.00;0.00;0.00;1920.00;0.00;0.00;0.00;480.00;0.00;0.00;320.00;0.00;800.00;1760.00;1760.00;0.00;320.00;480.00;0.00;160.00;0.00;0.00;0.00;0.00;0.00;0.00;0.00;0.00
1772829896.70654;0.00;0.00;1440.00;1154.00;0.00;0.00;0.00;0.00;0.00;1344.67;0.00;0.00;1184.67;0.00;0.00;0.00;0.00;0.00;0.00;0.00;0.00;0.00;1920.00;0.00;0.00;0.00;480.00;0.00;0.00;320.00;160.00;800.00;1760.00;1760.00;0.00;320.00;480.00;0.00;160.00;0.00;0.00;0.00;0.00;0.00;0.00;0.00;0.00
1772829896.708134;0.00;0.00;1440.00;1154.00;0.00;0.00;0.00;0.00;0.00;1344.67;0.00;0.00;1184.67;0.00;0.00;0.00;0.00;0.00;0.00;0.00;0.00;0.00;1920.00;0.00;0.00;0.00;480.00;0.00;0.00;320.00;160.00;800.00;1760.00;1760.00;0.00;320.00;480.00;0.00;160.00;0.00;0.00;0.00;0.00;0.00;0.00;0.00;0.00
1772829914.6337898;0.00;0.00;1440.00;1154.00;0.00;0.00;0.00;0.00;0.00;1344.67;0.00;0.00;1184.67;240.00;0.00;0.00;0.00;0.00;0.00;0.00;0.00;0.00;0.00;0.00;0.00;0.00;480.00;0.00;0.00;320.00;160.00;320.00;0.00;0.00;0.00;320.00;0.00;0.00;160.00;0.00;0.00;0.00;0.00;0.00;0.00;0.00;0.00
1772829914.6351237;0.00;0.00;1440.00;1154.00;0.00;0.00;0.00;0.00;0.00;1344.67;0.00;0.00;1184.67;240.00;0.00;0.00;0.00;0.00;0.00;0.00;0.00;0.00;0.00;0.00;0.00;0.00;480.00;0.00;0.00;320.00;160.00;320.00;0.00;0.00;0.00;320.00;0.00;0.00;160.00;0.00;0.00;0.00;0.00;0.00;0.00;0.00;0.00
1772829914.654898;0.00;0.00;1440.00;1154.00;0.00;0.00;0.00;0.00;0.00;1344.67;0.00;0.00;1184.67;432.33;0.00;0.00;0.00;0.00;0.00;0.00;0.00;0.00;0.00;0.00;0.00;0.00;480.00;0.00;0.00;320.00;160.00;320.00;0.00;0.00;0.00;320.00;0.00;0.00;160.00;0.00;0.00;0.00;0.00;0.00;0.00;0.00;0.00
1772829914.6561742;0.00;0.00;1440.00;1154.00;0.00;0.00;0.00;0.00;0.00;1344.67;0.00;0.00;1184.67;432.33;0.00;0.00;0.00;0.00;0.00;0.00;0.00;0.00;0.00;0.00;0.00;0.00;480.00;0.00;0.00;320.00;160.00;320.00;0.00;0.00;0.00;320.00;0.00;0.00;160.00;0.00;0.00;0.00;0.00;0.00;0.00;0.00;0.00
1772829914.6760716;0.00;0.00;1440.00;1154.00;0.00;0.00;0.00;0.00;0.00;1344.67;0.00;0.00;1184.67;672.33;0.00;0.00;0.00;0.00;0.00;0.00;0.00;0.00;0.00;0.00;0.00;0.00;480.00;0.00;0.00;320.00;160.00;320.00;0.00;0.00;0.00;320.00;0.00;0.00;160.00;0.00;0.00;160.00;0.00;0.00;0.00;0.00;0.00
1772829914.6773446;0.00;0.00;1440.00;1154.00;0.00;0.00;0.00;0.00;0.00;1344.67;0.00;0.00;1184.67;672.33;0.00;0.00;0.00;0.00;0.00;0.00;0.00;0.00;0.00;0.00;0.00;0.00;480.00;0.00;0.00;320.00;160.00;320.00;0.00;0.00;0.00;320.00;0.00;0.00;160.00;0.00;0.00;160.00;0.00;0.00;0.00;0.00;0.00
1772829914.6973722;0.00;0.00;1440.00;1154.00;0.00;0.00;0.00;0.00;0.00;1344.67;0.00;0.00;1184.67;912.33;0.00;0.00;0.00;0.00;0.00;0.00;0.00;0.00;0.00;160.00;0.00;0.00;480.00;0.00;0.00;320.00;160.00;320.00;0.00;0.00;0.00;320.00;0.00;0.00;160.00;0.00;0.00;160.00;0.00;0.00;0.00;0.00;0.00
1772829914.698727;0.00;0.00;1440.00;1154.00;0.00;0.00;0.00;0.00;0.00;1344.67;0.00;0.00;1184.67;912.33;0.00;0.00;0.00;0.00;0.00;0.00;0.00;0.00;0.00;160.00;0.00;0.00;480.00;0.00;0.00;320.00;160.00;320.00;0.00;0.00;0.00;320.00;0.00;0.00;160.00;0.00;0.00;160.00;0.00;0.00;0.00;0.00;0.00
1772829914.7195268;0.00;0.00;1440.00;1154.00;0.00;0.00;0.00;0.00;0.00;1344.67;0.00;0.00;1184.67;1152.33;0.00;0.00;0.00;0.00;0.00;0.00;0.00;0.00;0.00;160.00;160.00;160.00;480.00;0.00;0.00;320.00;160.00;320.00;0.00;0.00;0.00;320.00;0.00;0.00;160.00;0.00;0.00;160.00;0.00;0.00;0.00;0.00;0.00
1772829914.720953;0.00;0.00;1440.00;1154.00;0.00;0.00;0.00;0.00;0.00;1344.67;0.00;0.00;1184.67;1152.33;0.00;0.00;0.00;0.00;0.00;0.00;0.00;0.00;0.00;160.00;160.00;160.00;480.00;0.00;0.00;320.00;160.00;320.00;0.00;0.00;0.00;320.00;0.00;0.00;160.00;0.00;0.00;160.00;0.00;0.00;0.00;0.00;0.00
1772829914.7420347;0.00;0.00;1440.00;1154.00;0.00;0.00;0.00;0.00;0.00;1344.67;0.00;0.00;1184.67;1232.33;0.00;0.00;0.00;0.00;0.00;0.00;0.00;0.00;0.00;160.00;160.00;160.00;480.00;0.00;0.00;320.00;160.00;320.00;0.00;0.00;0.00;320.00;0.00;0.00;160.00;0.00;0.00;160.00;0.00;0.00;0.00;0.00;0.00
1772829914.74352;0.00;0.00;1440.00;1154.00;0.00;0.00;0.00;0.00;0.00;1344.67;0.00;0.00;1184.67;1232.33;0.00;0.00;0.00;0.00;0.00;0.00;0.00;0.00;0.00;160.00;160.00;160.00;480.00;0.00;0.00;320.00;160.00;320.00;0.00;0.00;0.00;320.00;0.00;0.00;160.00;0.00;0.00;160.00;0.00;0.00;0.00;0.00;0.00
1772829928.6736176;0.00;0.00;1440.00;1154.00;0.00;0.00;0.00;0.00;0.00;1344.67;240.00;0.00;1184.67;1232.33;0.00;0.00;0.00;0.00;0.00;0.00;0.00;0.00;0.00;160.00;160.00;160.00;560.00;0.00;0.00;320.00;160.00;320.00;0.00;0.00;0.00;320.00;0.00;0.00;160.00;160.00;0.00;160.00;0.00;0.00;0.00;0.00;0.00
1772829928.6752;0.00;0.00;1440.00;1154.00;0.00;0.00;0.00;0.00;0.00;1344.67;240.00;0.00;1184.67;1232.33;0.00;0.00;0.00;0.00;0.00;0.00;0.00;0.00;0.00;160.00;160.00;160.00;560.00;0.00;0.00;320.00;160.00;320.00;0.00;0.00;0.00;320.00;0.00;0.00;160.00;160.00;0.00;160.00;0.00;0.00;0.00;0.00;0.00
1772829928.6976345;0.00;0.00;1440.00;1154.00;0.00;0.00;0.00;0.00;0.00;1344.67;384.67;0.00;1184.67;1232.33;0.00;0.00;0.00;0.00;0.00;0.00;0.00;0.00;0.00;160.00;160.00;160.00;704.67;160.00;0.00;320.00;160.00;320.00;0.00;0.00;0.00;320.00;0.00;0.00;160.00;160.00;0.00;160.00;0.00;0.00;0.00;0.00;0.00
1772829928.6991758;0.00;0.00;1440.00;1154.00;0.00;0.00;0.00;0.00;0.00;1344.67;384.67;0.00;1184.67;1232.33;0.00;0.00;0.00;0.00;0.00;0.00;0.00;0.00;0.00;160.00;160.00;160.00;704.67;160.00;0.00;320.00;160.00;320.00;0.00;0.00;0.00;320.00;0.00;0.00;160.00;160.00;0.00;160.00;0.00;0.00;0.00;0.00;0.00
1772829928.7218978;0.00;0.00;1440.00;1154.00;0.00;0.00;0.00;0.00;0.00;1344.67;624.67;0.00;1184.67;1232.33;0.00;0.00;0.00;0.00;0.00;0.00;0.00;0.00;0.00;160.00;160.00;160.00;784.67;160.00;0.00;320.00;160.00;320.00;0.00;0.00;0.00;320.00;0.00;0.00;160.00;160.00;0.00;160.00;0.00;0.00;0.00;0.00;0.00
1772829928.7234848;0.00;0.00;1440.00;1154.00;0.00;0.00;0.00;0.00;0.00;1344.67;624.67;0.00;1184.67;1232.33;0.00;0.00;0.00;0.00;0.00;0.00;0.00;0.00;0.00;160.00;160.00;160.00;784.67;160.00;0.00;320.00;160.00;320.00;0.00;0.00;0.00;320.00;0.00;0.00;160.00;160.00;0.00;160.00;0.00;0.00;0.00;0.00;0.00
1772829928.7511833;0.00;0.00;1440.00;1154.00;0.00;0.00;0.00;0.00;0.00;1344.67;864.67;0.00;1184.67;1232.33;0.00;0.00;0.00;0.00;0.00;0.00;0.00;0.00;0.00;160.00;160.00;160.00;1024.67;320.00;0.00;320.00;160.00;320.00;0.00;0.00;0.00;320.00;0.00;0.00;160.00;160.00;0.00;160.00;0.00;0.00;0.00;0.00;0.00
1772829928.752859;0.00;0.00;1440.00;1154.00;0.00;0.00;0.00;0.00;0.00;1344.67;864.67;0.00;1184.67;1232.33;0.00;0.00;0.00;0.00;0.00;0.00;0.00;0.00;0.00;160.00;160.00;160.00;1024.67;320.00;0.00;320.00;160.00;320.00;0.00;0.00;0.00;320.00;0.00;0.00;160.00;160.00;0.00;160.00;0.00;0.00;0.00;0.00;0.00
1772829928.7762475;0.00;0.00;1440.00;1154.00;0.00;0.00;0.00;0.00;0.00;1344.67;1104.67;0.00;1184.67;1232.33;0.00;0.00;0.00;0.00;0.00;0.00;0.00;0.00;0.00;160.00;160.00;160.00;1264.67;320.00;0.00;320.00;160.00;320.00;0.00;0.00;0.00;320.00;0.00;0.00;160.00;160.00;160.00;160.00;0.00;0.00;0.00;0.00;0.00
1772829928.7779167;0.00;0.00;1440.00;1154.00;0.00;0.00;0.00;0.00;0.00;1344.67;1104.67;0.00;1184.67;1232.33;0.00;0.00;0.00;0.00;0.00;0.00;0.00;0.00;0.00;160.00;160.00;160.00;1264.67;320.00;0.00;320.00;160.00;320.00;0.00;0.00;0.00;320.00;0.00;0.00;160.00;160.00;160.00;160.00;0.00;0.00;0.00;0.00;0.00
1772829928.8012192;0.00;0.00;1440.00;1154.00;0.00;0.00;0.00;0.00;0.00;1344.67;1184.67;0.00;1184.67;1232.33;0.00;0.00;0.00;0.00;0.00;0.00;0.00;0.00;0.00;160.00;160.00;160.00;1344.67;320.00;0.00;320.00;160.00;320.00;0.00;0.00;0.00;320.00;0.00;0.00;160.00;160.00;160.00;160.00;0.00;0.00;0.00;0.00;0.00
1772829928.802899;0.00;0.00;1440.00;1154.00;0.00;0.00;0.00;0.00;0.00;1344.67;1184.67;0.00;1184.67;1232.33;0.00;0.00;0.00;0.00;0.00;0.00;0.00;0.00;0.00;160.00;160.00;160.00;1344.67;320.00;0.00;320.00;160.00;320.00;0.00;0.00;0.00;320.00;0.00;0.00;160.00;160.00;160.00;160.00;0.00;0.00;0.00;0.00;0.00
1772829956.7126572;0.00;0.00;1440.00;1154.00;0.00;0.00;0.00;0.00;0.00;1344.67;1184.67;240.00;0.00;1232.33;0.00;0.00;0.00;0.00;0.00;0.00;0.00;0.00;0.00;160.00;160.00;160.00;864.67;0.00;0.00;320.00;160.00;320.00;0.00;0.00;0.00;320.00;0.00;0.00;160.00;160.00;160.00;160.00;0.00;0.00;0.00;0.00;0.00
1772829956.7142105;0.00;0.00;1440.00;1154.00;0.00;0.00;0.00;0.00;0.00;1344.67;1184.67;240.00;0.00;1232.33;0.00;0.00;0.00;0.00;0.00;0.00;0.00;0.00;0.00;160.00;160.00;160.00;864.67;0.00;0.00;320.00;160.00;320.00;0.00;0.00;0.00;320.00;0.00;0.00;160.00;160.00;160.00;160.00;0.00;0.00;0.00;0.00;0.00
1772829956.7372105;0.00;0.00;1440.00;1154.00;0.00;0.00;0.00;0.00;0.00;1344.67;1184.67;480.00;0.00;1232.33;0.00;0.00;0.00;0.00;0.00;0.00;0.00;0.00;0.00;160.00;160.00;160.00;1024.67;0.00;0.00;320.00;160.00;320.00;0.00;0.00;0.00;320.00;0.00;0.00;160.00;160.00;160.00;160.00;0.00;0.00;0.00;0.00;0.00
1772829956.7386148;0.00;0.00;1440.00;1154.00;0.00;0.00;0.00;0.00;0.00;1344.67;1184.67;480.00;0.00;1232.33;0.00;0.00;0.00;0.00;0.00;0.00;0.00;0.00;0.00;160.00;160.00;160.00;1024.67;0.00;0.00;320.00;160.00;320.00;0.00;0.00;0.00;320.00;0.00;0.00;160.00;160.00;160.00;160.00;0.00;0.00;0.00;0.00;0.00
1772829956.7620585;0.00;0.00;1440.00;1154.00;0.00;0.00;0.00;0.00;0.00;1344.67;1184.67;720.00;0.00;1232.33;0.00;0.00;0.00;0.00;0.00;0.00;0.00;0.00;0.00;160.00;160.00;160.00;1184.67;0.00;0.00;320.00;160.00;320.00;0.00;0.00;0.00;320.00;0.00;0.00;160.00;160.00;160.00;160.00;0.00;0.00;0.00;0.00;0.00
1772829956.7635596;0.00;0.00;1440.00;1154.00;0.00;0.00;0.00;0.00;0.00;1344.67;1184.67;720.00;0.00;1232.33;0.00;0.00;0.00;0.00;0.00;0.00;0.00;0.00;0.00;160.00;160.00;160.00;1184.67;0.00;0.00;320.00;160.00;320.00;0.00;0.00;0.00;320.00;0.00;0.00;160.00;160.00;160.00;160.00;0.00;0.00;0.00;0.00;0.00
1772829956.7866898;0.00;0.00;1440.00;1154.00;0.00;0.00;0.00;0.00;0.00;1344.67;1184.67;800.00;0.00;1232.33;0.00;0.00;0.00;0.00;0.00;0.00;0.00;0.00;0.00;160.00;160.00;160.00;1184.67;0.00;0.00;320.00;160.00;320.00;0.00;0.00;0.00;320.00;0.00;0.00;160.00;160.00;160.00;160.00;0.00;0.00;0.00;0.00;0.00
1772829956.7882907;0.00;0.00;1440.00;1154.00;0.00;0.00;0.00;0.00;0.00;1344.67;1184.67;800.00;0.00;1232.33;0.00;0.00;0.00;0.00;0.00;0.00;0.00;0.00;0.00;160.00;160.00;160.00;1184.67;0.00;0.00;320.00;160.00;320.00;0.00;0.00;0.00;320.00;0.00;0.00;160.00;160.00;160.00;160.00;0.00;0.00;0.00;0.00;0.00
1772829956.8116388;0.00;0.00;1440.00;1154.00;0.00;0.00;0.00;0.00;0.00;1344.67;1184.67;1040.00;0.00;1232.33;0.00;0.00;0.00;0.00;0.00;0.00;0.00;0.00;0.00;160.00;160.00;160.00;1184.67;0.00;0.00;320.00;160.00;320.00;0.00;0.00;0.00;320.00;0.00;0.00;160.00;160.00;160.00;160.00;0.00;0.00;0.00;0.00;0.00
1772829956.8131747;0.00;0.00;1440.00;1154.00;0.00;0.00;0.00;0.00;0.00;1344.67;1184.67;1040.00;0.00;1232.33;0.00;0.00;0.00;0.00;0.00;0.00;0.00;0.00;0.00;160.00;160.00;160.00;1184.67;0.00;0.00;320.00;160.00;320.00;0.00;0.00;0.00;320.00;0.00;0.00;160.00;160.00;160.00;160.00;0.00;0.00;0.00;0.00;0.00
1772829956.9825993;0.00;0.00;1440.00;1154.00;0.00;0.00;0.00;0.00;0.00;1344.67;1184.67;1280.00;0.00;1232.33;0.00;0.00;0.00;0.00;0.00;0.00;0.00;0.00;0.00;160.00;160.00;160.00;1344.67;0.00;0.00;320.00;160.00;320.00;0.00;0.00;0.00;320.00;0.00;0.00;160.00;160.00;160.00;160.00;0.00;0.00;0.00;0.00;0.00
1772829956.9850614;0.00;0.00;1440.00;1154.00;0.00;0.00;0.00;0.00;0.00;1344.67;1184.67;1280.00;0.00;1232.33;0.00;0.00;0.00;0.00;0.00;0.00;0.00;0.00;0.00;160.00;160.00;160.00;1344.67;0.00;0.00;320.00;160.00;320.00;0.00;0.00;0.00;320.00;0.00;0.00;160.00;160.00;160.00;160.00;0.00;0.00;0.00;0.00;0.00
1772829976.752265;0.00;0.00;1440.00;0.00;0.00;0.00;192.33;0.00;0.00;1344.67;1184.67;1280.00;0.00;1232.33;0.00;0.00;0.00;0.00;0.00;0.00;0.00;0.00;0.00;160.00;160.00;160.00;1344.67;0.00;0.00;320.00;160.00;0.00;0.00;0.00;0.00;320.00;0.00;0.00;160.00;160.00;160.00;160.00;0.00;0.00;0.00;0.00;0.00
1772829976.7537117;0.00;0.00;1440.00;0.00;0.00;0.00;192.33;0.00;0.00;1344.67;1184.67;1280.00;0.00;1232.33;0.00;0.00;0.00;0.00;0.00;0.00;0.00;0.00;0.00;160.00;160.00;160.00;1344.67;0.00;0.00;320.00;160.00;0.00;0.00;0.00;0.00;320.00;0.00;0.00;160.00;160.00;160.00;160.00;0.00;0.00;0.00;0.00;0.00
1772829976.776769;0.00;0.00;1440.00;0.00;0.00;0.00;289.33;0.00;0.00;1344.67;1184.67;1280.00;0.00;1232.33;0.00;0.00;0.00;0.00;0.00;0.00;0.00;0.00;0.00;160.00;160.00;160.00;1344.67;0.00;0.00;320.00;160.00;0.00;0.00;0.00;0.00;320.00;0.00;0.00;160.00;160.00;160.00;160.00;0.00;0.00;0.00;0.00;0.00
1772829976.778143;0.00;0.00;1440.00;0.00;0.00;0.00;289.33;0.00;0.00;1344.67;1184.67;1280.00;0.00;1232.33;0.00;0.00;0.00;0.00;0.00;0.00;0.00;0.00;0.00;160.00;160.00;160.00;1344.67;0.00;0.00;320.00;160.00;0.00;0.00;0.00;0.00;320.00;0.00;0.00;160.00;160.00;160.00;160.00;0.00;0.00;0.00;0.00;0.00
1772829976.8014052;0.00;0.00;1440.00;0.00;0.00;0.00;529.33;0.00;0.00;1344.67;1184.67;1280.00;0.00;1232.33;0.00;0.00;0.00;0.00;0.00;0.00;0.00;0.00;0.00;160.00;160.00;160.00;1344.67;0.00;0.00;320.00;160.00;0.00;0.00;0.00;0.00;320.00;0.00;0.00;160.00;160.00;160.00;160.00;0.00;0.00;0.00;0.00;0.00
1772829976.8028183;0.00;0.00;1440.00;0.00;0.00;0.00;529.33;0.00;0.00;1344.67;1184.67;1280.00;0.00;1232.33;0.00;0.00;0.00;0.00;0.00;0.00;0.00;0.00;0.00;160.00;160.00;160.00;1344.67;0.00;0.00;320.00;160.00;0.00;0.00;0.00;0.00;320.00;0.00;0.00;160.00;160.00;160.00;160.00;0.00;0.00;0.00;0.00;0.00
1772829976.826059;0.00;0.00;1440.00;0.00;0.00;0.00;769.33;0.00;0.00;1344.67;1184.67;1280.00;0.00;1232.33;0.00;0.00;0.00;0.00;0.00;0.00;0.00;0.00;0.00;160.00;160.00;160.00;1344.67;0.00;0.00;320.00;160.00;160.00;0.00;0.00;0.00;320.00;0.00;0.00;160.00;160.00;160.00;160.00;0.00;0.00;0.00;0.00;0.00
1772829976.8274634;0.00;0.00;1440.00;0.00;0.00;0.00;769.33;0.00;0.00;1344.67;1184.67;1280.00;0.00;1232.33;0.00;0.00;0.00;0.00;0.00;0.00;0.00;0.00;0.00;160.00;160.00;160.00;1344.67;0.00;0.00;320.00;160.00;160.00;0.00;0.00;0.00;320.00;0.00;0.00;160.00;160.00;160.00;160.00;0.00;0.00;0.00;0.00;0.00
1772829976.8508759;0.00;0.00;1440.00;0.00;0.00;0.00;1009.33;0.00;0.00;1344.67;1184.67;1280.00;0.00;1232.33;0.00;0.00;0.00;0.00;0.00;0.00;0.00;0.00;0.00;160.00;160.00;160.00;1344.67;0.00;0.00;320.00;160.00;160.00;0.00;0.00;0.00;320.00;0.00;0.00;160.00;160.00;160.00;160.00;0.00;0.00;0.00;0.00;0.00
1772829976.8522582;0.00;0.00;1440.00;0.00;0.00;0.00;1009.33;0.00;0.00;1344.67;1184.67;1280.00;0.00;1232.33;0.00;0.00;0.00;0.00;0.00;0.00;0.00;0.00;0.00;160.00;160.00;160.00;1344.67;0.00;0.00;320.00;160.00;160.00;0.00;0.00;0.00;320.00;0.00;0.00;160.00;160.00;160.00;160.00;0.00;0.00;0.00;0.00;0.00
1772829976.8780484;0.00;0.00;1440.00;0.00;0.00;0.00;1249.33;0.00;0.00;1344.67;1184.67;1280.00;0.00;1232.33;0.00;0.00;0.00;0.00;0.00;0.00;0.00;0.00;0.00;160.00;160.00;160.00;1344.67;0.00;0.00;320.00;160.00;320.00;0.00;0.00;0.00;320.00;0.00;0.00;160.00;160.00;160.00;160.00;0.00;0.00;0.00;0.00;0.00
1772829976.8799567;0.00;0.00;1440.00;0.00;0.00;0.00;1249.33;0.00;0.00;1344.67;1184.67;1280.00;0.00;1232.33;0.00;0.00;0.00;0.00;0.00;0.00;0.00;0.00;0.00;160.00;160.00;160.00;1344.67;0.00;0.00;320.00;160.00;320.00;0.00;0.00;0.00;320.00;0.00;0.00;160.00;160.00;160.00;160.00;0.00;0.00;0.00;0.00;0.00
1772829992.7925408;0.00;0.00;97.00;0.00;0.00;0.00;1249.33;0.00;0.00;1344.67;1184.67;1280.00;0.00;1232.33;0.00;0.00;0.00;0.00;0.00;0.00;0.00;0.00;0.00;160.00;160.00;160.00;1344.67;0.00;0.00;0.00;160.00;320.00;0.00;0.00;0.00;0.00;0.00;0.00;160.00;160.00;160.00;160.00;0.00;0.00;0.00;0.00;0.00
1772829992.794065;0.00;0.00;97.00;0.00;0.00;0.00;1249.33;0.00;0.00;1344.67;1184.67;1280.00;0.00;1232.33;0.00;0.00;0.00;0.00;0.00;0.00;0.00;0.00;0.00;160.00;160.00;160.00;1344.67;0.00;0.00;0.00;160.00;320.00;0.00;0.00;0.00;0.00;0.00;0.00;160.00;160.00;160.00;160.00;0.00;0.00;0.00;0.00;0.00
1772829992.8180978;0.00;0.00;337.00;0.00;0.00;0.00;1249.33;0.00;0.00;1344.67;1184.67;1280.00;0.00;1232.33;0.00;0.00;0.00;0.00;0.00;0.00;0.00;0.00;0.00;160.00;160.00;160.00;1344.67;0.00;0.00;0.00;160.00;320.00;0.00;0.00;0.00;0.00;0.00;0.00;160.00;160.00;160.00;160.00;0.00;0.00;0.00;0.00;0.00
1772829992.819454;0.00;0.00;337.00;0.00;0.00;0.00;1249.33;0.00;0.00;1344.67;1184.67;1280.00;0.00;1232.33;0.00;0.00;0.00;0.00;0.00;0.00;0.00;0.00;0.00;160.00;160.00;160.00;1344.67;0.00;0.00;0.00;160.00;320.00;0.00;0.00;0.00;0.00;0.00;0.00;160.00;160.00;160.00;160.00;0.00;0.00;0.00;0.00;0.00
1772829992.843213;0.00;0.00;434.00;0.00;0.00;0.00;1249.33;0.00;0.00;1344.67;1184.67;1280.00;0.00;1232.33;0.00;0.00;0.00;0.00;0.00;0.00;0.00;0.00;0.00;160.00;160.00;160.00;1344.67;0.00;0.00;0.00;160.00;320.00;0.00;0.00;0.00;0.00;0.00;0.00;160.00;160.00;160.00;160.00;0.00;0.00;0.00;0.00;0.00
1772829992.8446743;0.00;0.00;434.00;0.00;0.00;0.00;1249.33;0.00;0.00;1344.67;1184.67;1280.00;0.00;1232.33;0.00;0.00;0.00;0.00;0.00;0.00;0.00;0.00;0.00;160.00;160.00;160.00;1344.67;0.00;0.00;0.00;160.00;320.00;0.00;0.00;0.00;0.00;0.00;0.00;160.00;160.00;160.00;160.00;0.00;0.00;0.00;0.00;0.00
1772829992.8678203;0.00;0.00;674.00;0.00;0.00;0.00;1249.33;0.00;0.00;1344.67;1184.67;1280.00;0.00;1232.33;0.00;0.00;0.00;0.00;0.00;0.00;0.00;0.00;0.00;160.00;160.00;160.00;1344.67;0.00;0.00;0.00;160.00;320.00;0.00;0.00;0.00;0.00;0.00;0.00;160.00;160.00;160.00;160.00;0.00;0.00;0.00;0.00;0.00
1772829992.8692622;0.00;0.00;674.00;0.00;0.00;0.00;1249.33;0.00;0.00;1344.67;1184.67;1280.00;0.00;1232.33;0.00;0.00;0.00;0.00;0.00;0.00;0.00;0.00;0.00;160.00;160.00;160.00;1344.67;0.00;0.00;0.00;160.00;320.00;0.00;0.00;0.00;0.00;0.00;0.00;160.00;160.00;160.00;160.00;0.00;0.00;0.00;0.00;0.00
1772829992.8924825;0.00;0.00;914.00;0.00;0.00;0.00;1249.33;0.00;0.00;1344.67;1184.67;1280.00;0.00;1232.33;0.00;0.00;0.00;0.00;0.00;0.00;0.00;0.00;0.00;160.00;160.00;160.00;1344.67;0.00;0.00;0.00;160.00;320.00;0.00;0.00;0.00;320.00;0.00;0.00;160.00;160.00;160.00;160.00;0.00;0.00;0.00;0.00;0.00
1772829992.8938942;0.00;0.00;914.00;0.00;0.00;0.00;1249.33;0.00;0.00;1344.67;1184.67;1280.00;0.00;1232.33;0.00;0.00;0.00;0.00;0.00;0.00;0.00;0.00;0.00;160.00;160.00;160.00;1344.67;0.00;0.00;0.00;160.00;320.00;0.00;0.00;0.00;320.00;0.00;0.00;160.00;160.00;160.00;160.00;0.00;0.00;0.00;0.00;0.00
1772829992.9176738;0.00;0.00;1154.00;0.00;0.00;0.00;1249.33;0.00;0.00;1344.67;1184.67;1280.00;0.00;1232.33;0.00;0.00;0.00;0.00;0.00;0.00;0.00;0.00;0.00;160.00;160.00;160.00;1344.67;0.00;0.00;0.00;160.00;320.00;0.00;0.00;0.00;480.00;0.00;0.00;160.00;160.00;160.00;160.00;0.00;0.00;0.00;0.00;0.00
1772829992.919316;0.00;0.00;1154.00;0.00;0.00;0.00;1249.33;0.00;0.00;1344.67;1184.67;1280.00;0.00;1232.33;0.00;0.00;0.00;0.00;0.00;0.00;0.00;0.00;0.00;160.00;160.00;160.00;1344.67;0.00;0.00;0.00;160.00;320.00;0.00;0.00;0.00;480.00;0.00;0.00;160.00;160.00;160.00;160.00;0.00;0.00;0.00;0.00;0.00
1772830004.824028;0.00;97.00;1154.00;0.00;0.00;0.00;1249.33;0.00;0.00;1344.67;1184.67;1280.00;0.00;1232.33;0.00;0.00;0.00;0.00;0.00;0.00;0.00;0.00;0.00;160.00;160.00;160.00;1344.67;0.00;0.00;0.00;160.00;384.67;0.00;0.00;0.00;480.00;0.00;112.33;160.00;160.00;160.00;160.00;0.00;0.00;0.00;0.00;0.00
1772830004.8257067;0.00;97.00;1154.00;0.00;0.00;0.00;1249.33;0.00;0.00;1344.67;1184.67;1280.00;0.00;1232.33;0.00;0.00;0.00;0.00;0.00;0.00;0.00;0.00;0.00;160.00;160.00;160.00;1344.67;0.00;0.00;0.00;160.00;384.67;0.00;0.00;0.00;480.00;0.00;112.33;160.00;160.00;160.00;160.00;0.00;0.00;0.00;0.00;0.00
1772830004.8505237;0.00;337.00;1154.00;0.00;0.00;0.00;1249.33;0.00;0.00;1344.67;1184.67;1280.00;0.00;1232.33;0.00;0.00;0.00;0.00;0.00;0.00;0.00;0.00;0.00;160.00;160.00;160.00;1344.67;0.00;0.00;0.00;160.00;384.67;0.00;0.00;0.00;480.00;0.00;432.33;160.00;160.00;160.00;160.00;0.00;0.00;0.00;0.00;0.00
1772830004.8520374;0.00;337.00;1154.00;0.00;0.00;0.00;1249.33;0.00;0.00;1344.67;1184.67;1280.00;0.00;1232.33;0.00;0.00;0.00;0.00;0.00;0.00;0.00;0.00;0.00;160.00;160.00;160.00;1344.67;0.00;0.00;0.00;160.00;384.67;0.00;0.00;0.00;480.00;0.00;432.33;160.00;160.00;160.00;160.00;0.00;0.00;0.00;0.00;0.00
1772830004.8770583;0.00;577.00;1154.00;0.00;0.00;0.00;1249.33;0.00;0.00;1344.67;1184.67;1280.00;0.00;1232.33;0.00;0.00;0.00;0.00;0.00;0.00;0.00;0.00;0.00;160.00;160.00;160.00;1344.67;0.00;0.00;0.00;160.00;384.67;0.00;0.00;0.00;480.00;0.00;592.33;160.00;160.00;160.00;160.00;0.00;0.00;0.00;0.00;0.00
1772830004.878564;0.00;577.00;1154.00;0.00;0.00;0.00;1249.33;0.00;0.00;1344.67;1184.67;1280.00;0.00;1232.33;0.00;0.00;0.00;0.00;0.00;0.00;0.00;0.00;0.00;160.00;160.00;160.00;1344.67;0.00;0.00;0.00;160.00;384.67;0.00;0.00;0.00;480.00;0.00;592.33;160.00;160.00;160.00;160.00;0.00;0.00;0.00;0.00;0.00
1772830004.9036577;0.00;817.00;1154.00;0.00;0.00;0.00;1249.33;0.00;0.00;1344.67;1184.67;1280.00;0.00;1232.33;0.00;0.00;0.00;0.00;0.00;0.00;0.00;0.00;0.00;160.00;160.00;160.00;1344.67;0.00;0.00;0.00;160.00;544.67;0.00;0.00;0.00;480.00;0.00;592.33;160.00;160.00;160.00;160.00;0.00;0.00;0.00;0.00;0.00
1772830004.9053411;0.00;817.00;1154.00;0.00;0.00;0.00;1249.33;0.00;0.00;1344.67;1184.67;1280.00;0.00;1232.33;0.00;0.00;0.00;0.00;0.00;0.00;0.00;0.00;0.00;160.00;160.00;160.00;1344.67;0.00;0.00;0.00;160.00;544.67;0.00;0.00;0.00;480.00;0.00;592.33;160.00;160.00;160.00;160.00;0.00;0.00;0.00;0.00;0.00
1772830004.9309156;0.00;1057.00;1154.00;0.00;0.00;0.00;1249.33;0.00;0.00;1344.67;1184.67;1280.00;0.00;1232.33;0.00;0.00;0.00;0.00;0.00;0.00;0.00;0.00;0.00;160.00;160.00;160.00;1344.67;0.00;0.00;0.00;160.00;704.67;0.00;0.00;0.00;480.00;0.00;752.33;160.00;160.00;160.00;160.00;0.00;0.00;0.00;0.00;0.00
1772830004.9326723;0.00;1057.00;1154.00;0.00;0.00;0.00;1249.33;0.00;0.00;1344.67;1184.67;1280.00;0.00;1232.33;0.00;0.00;0.00;0.00;0.00;0.00;0.00;0.00;0.00;160.00;160.00;160.00;1344.67;0.00;0.00;0.00;160.00;704.67;0.00;0.00;0.00;480.00;0.00;752.33;160.00;160.00;160.00;160.00;0.00;0.00;0.00;0.00;0.00
1772830004.9580693;0.00;1137.00;1154.00;0.00;0.00;0.00;1249.33;0.00;0.00;1344.67;1184.67;1280.00;0.00;1232.33;0.00;0.00;0.00;0.00;0.00;0.00;0.00;0.00;0.00;160.00;160.00;160.00;1344.67;0.00;0.00;0.00;160.00;704.67;0.00;0.00;0.00;480.00;0.00;752.33;160.00;160.00;160.00;160.00;0.00;0.00;0.00;0.00;0.00
1772830004.9597833;0.00;1137.00;1154.00;0.00;0.00;0.00;1249.33;0.00;0.00;1344.67;1184.67;1280.00;0.00;1232.33;0.00;0.00;0.00;0.00;0.00;0.00;0.00;0.00;0.00;160.00;160.00;160.00;1344.67;0.00;0.00;0.00;160.00;704.67;0.00;0.00;0.00;480.00;0.00;752.33;160.00;160.00;160.00;160.00;0.00;0.00;0.00;0.00;0.00
1772830022.86861;0.00;1137.00;1154.00;0.00;0.00;0.00;1249.33;0.00;0.00;0.00;1184.67;1280.00;0.00;1472.33;0.00;0.00;0.00;0.00;0.00;0.00;0.00;0.00;0.00;160.00;160.00;160.00;1344.67;0.00;0.00;0.00;0.00;704.67;0.00;0.00;0.00;480.00;0.00;752.33;0.00;160.00;160.00;320.00;0.00;0.00;0.00;0.00;0.00
1772830022.87026;0.00;1137.00;1154.00;0.00;0.00;0.00;1249.33;0.00;0.00;0.00;1184.67;1280.00;0.00;1472.33;0.00;0.00;0.00;0.00;0.00;0.00;0.00;0.00;0.00;160.00;160.00;160.00;1344.67;0.00;0.00;0.00;0.00;704.67;0.00;0.00;0.00;480.00;0.00;752.33;0.00;160.00;160.00;320.00;0.00;0.00;0.00;0.00;0.00
1772830023.0226727;0.00;1137.00;1154.00;0.00;0.00;0.00;1249.33;0.00;0.00;0.00;1184.67;1280.00;0.00;1552.33;0.00;0.00;0.00;0.00;0.00;0.00;0.00;0.00;0.00;160.00;160.00;160.00;1344.67;0.00;0.00;0.00;0.00;704.67;0.00;0.00;0.00;480.00;0.00;752.33;0.00;160.00;160.00;320.00;0.00;0.00;0.00;0.00;0.00
1772830023.0243764;0.00;1137.00;1154.00;0.00;0.00;0.00;1249.33;0.00;0.00;0.00;1184.67;1280.00;0.00;1552.33;0.00;0.00;0.00;0.00;0.00;0.00;0.00;0.00;0.00;160.00;160.00;160.00;1344.67;0.00;0.00;0.00;0.00;704.67;0.00;0.00;0.00;480.00;0.00;752.33;0.00;160.00;160.00;320.00;0.00;0.00;0.00;0.00;0.00
1772830023.0494351;0.00;1137.00;1154.00;0.00;0.00;0.00;1249.33;0.00;0.00;0.00;1184.67;1280.00;0.00;1792.33;0.00;0.00;0.00;0.00;0.00;0.00;0.00;0.00;0.00;320.00;160.00;160.00;1344.67;0.00;0.00;0.00;0.00;704.67;0.00;0.00;160.00;480.00;0.00;752.33;0.00;160.00;160.00;320.00;0.00;0.00;0.00;0.00;0.00
1772830023.050938;0.00;1137.00;1154.00;0.00;0.00;0.00;1249.33;0.00;0.00;0.00;1184.67;1280.00;0.00;1792.33;0.00;0.00;0.00;0.00;0.00;0.00;0.00;0.00;0.00;320.00;160.00;160.00;1344.67;0.00;0.00;0.00;0.00;704.67;0.00;0.00;160.00;480.00;0.00;752.33;0.00;160.00;160.00;320.00;0.00;0.00;0.00;0.00;0.00
1772830023.0744927;0.00;1137.00;1154.00;0.00;0.00;0.00;1249.33;0.00;0.00;0.00;1184.67;1280.00;0.00;1792.33;0.00;0.00;0.00;0.00;0.00;0.00;0.00;0.00;0.00;320.00;160.00;160.00;1344.67;0.00;0.00;0.00;0.00;704.67;0.00;0.00;160.00;480.00;0.00;752.33;0.00;160.00;160.00;320.00;0.00;0.00;0.00;0.00;0.00
1772830023.0759854;0.00;1137.00;1154.00;0.00;0.00;0.00;1249.33;0.00;0.00;0.00;1184.67;1280.00;0.00;1792.33;0.00;0.00;0.00;0.00;0.00;0.00;0.00;0.00;0.00;320.00;160.00;160.00;1344.67;0.00;0.00;0.00;0.00;704.67;0.00;0.00;160.00;480.00;0.00;752.33;0.00;160.00;160.00;320.00;0.00;0.00;0.00;0.00;0.00
1772830023.100244;0.00;1137.00;1154.00;0.00;0.00;0.00;1249.33;0.00;0.00;0.00;1184.67;1280.00;0.00;1792.33;0.00;0.00;0.00;0.00;0.00;0.00;0.00;0.00;0.00;320.00;160.00;160.00;1344.67;0.00;0.00;0.00;0.00;704.67;0.00;0.00;160.00;480.00;0.00;752.33;0.00;160.00;160.00;320.00;0.00;0.00;0.00;0.00;0.00
1772830023.1018355;0.00;1137.00;1154.00;0.00;0.00;0.00;1249.33;0.00;0.00;0.00;1184.67;1280.00;0.00;1792.33;0.00;0.00;0.00;0.00;0.00;0.00;0.00;0.00;0.00;320.00;160.00;160.00;1344.67;0.00;0.00;0.00;0.00;704.67;0.00;0.00;160.00;480.00;0.00;752.33;0.00;160.00;160.00;320.00;0.00;0.00;0.00;0.00;0.00
1772830023.1260636;0.00;1137.00;1154.00;0.00;0.00;0.00;1249.33;0.00;0.00;0.00;1184.67;1280.00;0.00;1792.33;0.00;0.00;0.00;0.00;0.00;0.00;0.00;0.00;0.00;320.00;160.00;160.00;1344.67;0.00;0.00;0.00;0.00;704.67;0.00;0.00;160.00;480.00;0.00;752.33;0.00;160.00;160.00;320.00;0.00;0.00;0.00;0.00;0.00
1772830023.127632;0.00;1137.00;1154.00;0.00;0.00;0.00;1249.33;0.00;0.00;0.00;1184.67;1280.00;0.00;1792.33;0.00;0.00;0.00;0.00;0.00;0.00;0.00;0.00;0.00;320.00;160.00;160.00;1344.67;0.00;0.00;0.00;0.00;704.67;0.00;0.00;160.00;480.00;0.00;752.33;0.00;160.00;160.00;320.00;0.00;0.00;0.00;0.00;0.00
1772830023.2488253;0.00;1137.00;1154.00;0.00;0.00;0.00;1249.33;0.00;0.00;0.00;1184.67;1280.00;0.00;1312.33;0.00;0.00;0.00;0.00;0.00;0.00;0.00;0.00;0.00;160.00;160.00;160.00;1344.67;0.00;0.00;0.00;0.00;704.67;0.00;0.00;160.00;480.00;0.00;752.33;0.00;160.00;160.00;320.00;0.00;0.00;0.00;0.00;0.00
1772830023.250532;0.00;1137.00;1154.00;0.00;0.00;0.00;1249.33;0.00;0.00;0.00;1184.67;1280.00;0.00;1312.33;0.00;0.00;0.00;0.00;0.00;0.00;0.00;0.00;0.00;160.00;160.00;160.00;1344.67;0.00;0.00;0.00;0.00;704.67;0.00;0.00;160.00;480.00;0.00;752.33;0.00;160.00;160.00;320.00;0.00;0.00;0.00;0.00;0.00
1772830043.9035347;0.00;1137.00;1154.00;0.00;0.00;0.00;1249.33;0.00;0.00;0.00;0.00;1280.00;0.00;1312.33;144.67;0.00;0.00;0.00;0.00;0.00;0.00;0.00;0.00;160.00;160.00;160.00;0.00;0.00;0.00;0.00;0.00;704.67;0.00;0.00;160.00;480.00;0.00;752.33;0.00;0.00;0.00;320.00;0.00;0.00;0.00;0.00;0.00
1772830043.905072;0.00;1137.00;1154.00;0.00;0.00;0.00;1249.33;0.00;0.00;0.00;0.00;1280.00;0.00;1312.33;144.67;0.00;0.00;0.00;0.00;0.00;0.00;0.00;0.00;160.00;160.00;160.00;0.00;0.00;0.00;0.00;0.00;704.67;0.00;0.00;160.00;480.00;0.00;752.33;0.00;0.00;0.00;320.00;0.00;0.00;0.00;0.00;0.00
1772830043.9293246;0.00;1137.00;1154.00;0.00;0.00;0.00;1249.33;0.00;0.00;0.00;0.00;1280.00;0.00;1312.33;384.67;0.00;0.00;0.00;0.00;0.00;0.00;0.00;0.00;160.00;160.00;160.00;0.00;0.00;160.00;160.00;0.00;704.67;0.00;0.00;160.00;480.00;0.00;752.33;0.00;0.00;0.00;320.00;0.00;0.00;0.00;0.00;0.00
1772830043.930742;0.00;1137.00;1154.00;0.00;0.00;0.00;1249.33;0.00;0.00;0.00;0.00;1280.00;0.00;1312.33;384.67;0.00;0.00;0.00;0.00;0.00;0.00;0.00;0.00;160.00;160.00;160.00;0.00;0.00;160.00;160.00;0.00;704.67;0.00;0.00;160.00;480.00;0.00;752.33;0.00;0.00;0.00;320.00;0.00;0.00;0.00;0.00;0.00
1772830043.9552824;0.00;1137.00;1154.00;0.00;0.00;0.00;1249.33;0.00;0.00;0.00;0.00;1280.00;0.00;1312.33;624.67;0.00;0.00;0.00;0.00;0.00;0.00;0.00;0.00;160.00;160.00;160.00;0.00;0.00;320.00;320.00;0.00;704.67;0.00;0.00;160.00;480.00;0.00;752.33;0.00;0.00;0.00;320.00;0.00;0.00;0.00;0.00;0.00
1772830043.956719;0.00;1137.00;1154.00;0.00;0.00;0.00;1249.33;0.00;0.00;0.00;0.00;1280.00;0.00;1312.33;624.67;0.00;0.00;0.00;0.00;0.00;0.00;0.00;0.00;160.00;160.00;160.00;0.00;0.00;320.00;320.00;0.00;704.67;0.00;0.00;160.00;480.00;0.00;752.33;0.00;0.00;0.00;320.00;0.00;0.00;0.00;0.00;0.00
1772830043.9814363;0.00;1137.00;1154.00;0.00;0.00;0.00;1249.33;0.00;0.00;0.00;0.00;1280.00;0.00;1312.33;864.67;0.00;0.00;0.00;0.00;0.00;0.00;0.00;0.00;160.00;160.00;160.00;0.00;0.00;480.00;480.00;0.00;704.67;0.00;0.00;160.00;480.00;0.00;752.33;0.00;0.00;0.00;320.00;0.00;0.00;0.00;0.00;0.00
1772830043.9828758;0.00;1137.00;1154.00;0.00;0.00;0.00;1249.33;0.00;0.00;0.00;0.00;1280.00;0.00;1312.33;864.67;0.00;0.00;0.00;0.00;0.00;0.00;0.00;0.00;160.00;160.00;160.00;0.00;0.00;480.00;480.00;0.00;704.67;0.00;0.00;160.00;480.00;0.00;752.33;0.00;0.00;0.00;320.00;0.00;0.00;0.00;0.00;0.00
1772830044.0075178;0.00;1137.00;1154.00;0.00;0.00;0.00;1249.33;0.00;0.00;0.00;0.00;1280.00;0.00;1312.33;1104.67;0.00;0.00;0.00;0.00;0.00;0.00;0.00;0.00;160.00;160.00;160.00;0.00;0.00;640.00;640.00;0.00;704.67;0.00;0.00;160.00;480.00;0.00;752.33;0.00;0.00;0.00;320.00;0.00;0.00;0.00;0.00;0.00
1772830044.009043;0.00;1137.00;1154.00;0.00;0.00;0.00;1249.33;0.00;0.00;0.00;0.00;1280.00;0.00;1312.33;1104.67;0.00;0.00;0.00;0.00;0.00;0.00;0.00;0.00;160.00;160.00;160.00;0.00;0.00;640.00;640.00;0.00;704.67;0.00;0.00;160.00;480.00;0.00;752.33;0.00;0.00;0.00;320.00;0.00;0.00;0.00;0.00;0.00
1772830044.0335536;0.00;1137.00;1154.00;0.00;0.00;0.00;1249.33;0.00;0.00;0.00;0.00;1280.00;0.00;1312.33;1184.67;0.00;0.00;0.00;0.00;0.00;0.00;0.00;0.00;160.00;160.00;160.00;0.00;0.00;640.00;640.00;0.00;704.67;0.00;0.00;160.00;480.00;0.00;752.33;0.00;0.00;0.00;320.00;0.00;0.00;0.00;0.00;0.00
1772830044.0350888;0.00;1137.00;1154.00;0.00;0.00;0.00;1249.33;0.00;0.00;0.00;0.00;1280.00;0.00;1312.33;1184.67;0.00;0.00;0.00;0.00;0.00;0.00;0.00;0.00;160.00;160.00;160.00;0.00;0.00;640.00;640.00;0.00;704.67;0.00;0.00;160.00;480.00;0.00;752.33;0.00;0.00;0.00;320.00;0.00;0.00;0.00;0.00;0.00
1772830055.9402542;0.00;1137.00;1154.00;0.00;0.00;0.00;1249.33;0.00;0.00;0.00;0.00;1280.00;0.00;0.00;1184.67;0.00;0.00;0.00;240.00;0.00;0.00;0.00;0.00;160.00;0.00;0.00;0.00;0.00;640.00;640.00;0.00;704.67;240.00;0.00;160.00;480.00;320.00;752.33;0.00;0.00;0.00;160.00;0.00;0.00;0.00;0.00;0.00
1772830055.941871;0.00;1137.00;1154.00;0.00;0.00;0.00;1249.33;0.00;0.00;0.00;0.00;1280.00;0.00;0.00;1184.67;0.00;0.00;0.00;240.00;0.00;0.00;0.00;0.00;160.00;0.00;0.00;0.00;0.00;640.00;640.00;0.00;704.67;240.00;0.00;160.00;480.00;320.00;752.33;0.00;0.00;0.00;160.00;0.00;0.00;0.00;0.00;0.00
1772830055.966279;0.00;1137.00;1154.00;0.00;0.00;0.00;1249.33;0.00;0.00;0.00;0.00;1280.00;0.00;0.00;1184.67;0.00;0.00;0.00;480.00;0.00;0.00;0.00;0.00;160.00;0.00;0.00;0.00;0.00;640.00;640.00;0.00;704.67;480.00;0.00;160.00;480.00;640.00;752.33;0.00;0.00;0.00;160.00;0.00;0.00;0.00;0.00;0.00
1772830055.967708;0.00;1137.00;1154.00;0.00;0.00;0.00;1249.33;0.00;0.00;0.00;0.00;1280.00;0.00;0.00;1184.67;0.00;0.00;0.00;480.00;0.00;0.00;0.00;0.00;160.00;0.00;0.00;0.00;0.00;640.00;640.00;0.00;704.67;480.00;0.00;160.00;480.00;640.00;752.33;0.00;0.00;0.00;160.00;0.00;0.00;0.00;0.00;0.00
1772830055.9917896;0.00;1137.00;1154.00;0.00;0.00;0.00;1249.33;0.00;0.00;0.00;0.00;1280.00;0.00;0.00;1184.67;0.00;0.00;0.00;720.00;0.00;0.00;0.00;0.00;160.00;0.00;0.00;0.00;0.00;640.00;640.00;0.00;704.67;560.00;0.00;160.00;480.00;640.00;752.33;0.00;0.00;0.00;160.00;0.00;0.00;0.00;0.00;0.00
1772830055.9932482;0.00;1137.00;1154.00;0.00;0.00;0.00;1249.33;0.00;0.00;0.00;0.00;1280.00;0.00;0.00;1184.67;0.00;0.00;0.00;720.00;0.00;0.00;0.00;0.00;160.00;0.00;0.00;0.00;0.00;640.00;640.00;0.00;704.67;560.00;0.00;160.00;480.00;640.00;752.33;0.00;0.00;0.00;160.00;0.00;0.00;0.00;0.00;0.00
1772830056.017644;0.00;1137.00;1154.00;0.00;0.00;0.00;1249.33;0.00;0.00;0.00;0.00;1280.00;0.00;0.00;1184.67;0.00;0.00;0.00;960.00;0.00;0.00;0.00;0.00;160.00;0.00;0.00;0.00;0.00;640.00;640.00;0.00;704.67;800.00;0.00;160.00;480.00;960.00;752.33;0.00;0.00;0.00;160.00;0.00;0.00;0.00;0.00;0.00
1772830056.0191388;0.00;1137.00;1154.00;0.00;0.00;0.00;1249.33;0.00;0.00;0.00;0.00;1280.00;0.00;0.00;1184.67;0.00;0.00;0.00;960.00;0.00;0.00;0.00;0.00;160.00;0.00;0.00;0.00;0.00;640.00;640.00;0.00;704.67;800.00;0.00;160.00;480.00;960.00;752.33;0.00;0.00;0.00;160.00;0.00;0.00;0.00;0.00;0.00
1772830056.0435307;0.00;1137.00;1154.00;0.00;0.00;0.00;1249.33;0.00;0.00;0.00;0.00;1280.00;0.00;0.00;1184.67;0.00;0.00;0.00;1040.00;0.00;0.00;0.00;0.00;160.00;0.00;0.00;0.00;0.00;640.00;640.00;0.00;704.67;880.00;0.00;160.00;480.00;960.00;752.33;0.00;0.00;0.00;160.00;0.00;0.00;0.00;0.00;0.00
1772830056.0450249;0.00;1137.00;1154.00;0.00;0.00;0.00;1249.33;0.00;0.00;0.00;0.00;1280.00;0.00;0.00;1184.67;0.00;0.00;0.00;1040.00;0.00;0.00;0.00;0.00;160.00;0.00;0.00;0.00;0.00;640.00;640.00;0.00;704.67;880.00;0.00;160.00;480.00;960.00;752.33;0.00;0.00;0.00;160.00;0.00;0.00;0.00;0.00;0.00
1772830056.1889734;0.00;1137.00;1154.00;0.00;0.00;0.00;1249.33;0.00;0.00;0.00;0.00;1280.00;0.00;0.00;1184.67;0.00;0.00;0.00;1280.00;0.00;0.00;0.00;0.00;160.00;0.00;0.00;0.00;0.00;640.00;640.00;160.00;864.67;1120.00;0.00;160.00;480.00;960.00;752.33;0.00;0.00;0.00;160.00;0.00;0.00;0.00;0.00;0.00
1772830056.190676;0.00;1137.00;1154.00;0.00;0.00;0.00;1249.33;0.00;0.00;0.00;0.00;1280.00;0.00;0.00;1184.67;0.00;0.00;0.00;1280.00;0.00;0.00;0.00;0.00;160.00;0.00;0.00;0.00;0.00;640.00;640.00;160.00;864.67;1120.00;0.00;160.00;480.00;960.00;752.33;0.00;0.00;0.00;160.00;0.00;0.00;0.00;0.00;0.00
1772830073.9715533;0.00;1137.00;1154.00;0.00;0.00;0.00;1249.33;240.00;0.00;0.00;0.00;1280.00;0.00;0.00;1184.67;0.00;0.00;0.00;1280.00;0.00;0.00;0.00;0.00;160.00;0.00;0.00;0.00;0.00;640.00;640.00;160.00;864.67;1120.00;0.00;160.00;480.00;960.00;752.33;0.00;0.00;0.00;160.00;0.00;0.00;0.00;0.00;0.00
1772830073.9732451;0.00;1137.00;1154.00;0.00;0.00;0.00;1249.33;240.00;0.00;0.00;0.00;1280.00;0.00;0.00;1184.67;0.00;0.00;0.00;1280.00;0.00;0.00;0.00;0.00;160.00;0.00;0.00;0.00;0.00;640.00;640.00;160.00;864.67;1120.00;0.00;160.00;480.00;960.00;752.33;0.00;0.00;0.00;160.00;0.00;0.00;0.00;0.00;0.00
1772830073.999214;0.00;1137.00;1154.00;0.00;0.00;0.00;1249.33;480.00;0.00;0.00;0.00;1280.00;0.00;0.00;1184.67;0.00;0.00;0.00;1280.00;0.00;0.00;0.00;0.00;160.00;0.00;0.00;0.00;0.00;640.00;640.00;160.00;864.67;1120.00;0.00;160.00;480.00;960.00;752.33;0.00;0.00;0.00;160.00;0.00;0.00;0.00;0.00;0.00
1772830074.0008097;0.00;1137.00;1154.00;0.00;0.00;0.00;1249.33;480.00;0.00;0.00;0.00;1280.00;0.00;0.00;1184.67;0.00;0.00;0.00;1280.00;0.00;0.00;0.00;0.00;160.00;0.00;0.00;0.00;0.00;640.00;640.00;160.00;864.67;1120.00;0.00;160.00;480.00;960.00;752.33;0.00;0.00;0.00;160.00;0.00;0.00;0.00;0.00;0.00
1772830074.0266235;0.00;1137.00;1154.00;0.00;0.00;0.00;1249.33;720.00;0.00;0.00;0.00;1280.00;0.00;0.00;1184.67;0.00;0.00;0.00;1280.00;0.00;0.00;0.00;0.00;160.00;0.00;0.00;0.00;0.00;640.00;640.00;160.00;864.67;1120.00;0.00;160.00;480.00;960.00;752.33;320.00;0.00;0.00;160.00;0.00;0.00;0.00;0.00;0.00
1772830074.028226;0.00;1137.00;1154.00;0.00;0.00;0.00;1249.33;720.00;0.00;0.00;0.00;1280.00;0.00;0.00;1184.67;0.00;0.00;0.00;1280.00;0.00;0.00;0.00;0.00;160.00;0.00;0.00;0.00;0.00;640.00;640.00;160.00;864.67;1120.00;0.00;160.00;480.00;960.00;752.33;320.00;0.00;0.00;160.00;0.00;0.00;0.00;0.00;0.00
1772830074.0545473;0.00;1137.00;1154.00;0.00;0.00;0.00;1249.33;960.00;0.00;0.00;0.00;1280.00;0.00;0.00;1184.67;0.00;0.00;0.00;1280.00;0.00;0.00;0.00;0.00;160.00;0.00;0.00;0.00;0.00;640.00;640.00;160.00;864.67;1120.00;0.00;160.00;480.00;960.00;752.33;320.00;0.00;0.00;160.00;0.00;0.00;0.00;0.00;0.00
1772830074.0561936;0.00;1137.00;1154.00;0.00;0.00;0.00;1249.33;960.00;0.00;0.00;0.00;1280.00;0.00;0.00;1184.67;0.00;0.00;0.00;1280.00;0.00;0.00;0.00;0.00;160.00;0.00;0.00;0.00;0.00;640.00;640.00;160.00;864.67;1120.00;0.00;160.00;480.00;960.00;752.33;320.00;0.00;0.00;160.00;0.00;0.00;0.00;0.00;0.00
1772830074.0827932;0.00;1137.00;1154.00;0.00;0.00;0.00;1249.33;1200.00;0.00;0.00;0.00;1280.00;0.00;0.00;1184.67;0.00;0.00;0.00;1280.00;0.00;0.00;0.00;0.00;160.00;0.00;0.00;0.00;0.00;640.00;640.00;160.00;864.67;1120.00;0.00;160.00;480.00;960.00;752.33;480.00;0.00;0.00;160.00;0.00;0.00;0.00;0.00;0.00
1772830074.084468;0.00;1137.00;1154.00;0.00;0.00;0.00;1249.33;1200.00;0.00;0.00;0.00;1280.00;0.00;0.00;1184.67;0.00;0.00;0.00;1280.00;0.00;0.00;0.00;0.00;160.00;0.00;0.00;0.00;0.00;640.00;640.00;160.00;864.67;1120.00;0.00;160.00;480.00;960.00;752.33;480.00;0.00;0.00;160.00;0.00;0.00;0.00;0.00;0.00
1772830074.1109734;0.00;1137.00;1154.00;0.00;0.00;0.00;1249.33;1280.00;0.00;0.00;0.00;1280.00;0.00;0.00;1184.67;0.00;0.00;0.00;1280.00;0.00;0.00;0.00;0.00;160.00;0.00;0.00;0.00;0.00;640.00;640.00;160.00;864.67;1120.00;0.00;160.00;480.00;960.00;752.33;480.00;0.00;0.00;160.00;0.00;0.00;0.00;0.00;0.00
1772830074.1126003;0.00;1137.00;1154.00;0.00;0.00;0.00;1249.33;1280.00;0.00;0.00;0.00;1280.00;0.00;0.00;1184.67;0.00;0.00;0.00;1280.00;0.00;0.00;0.00;0.00;160.00;0.00;0.00;0.00;0.00;640.00;640.00;160.00;864.67;1120.00;0.00;160.00;480.00;960.00;752.33;480.00;0.00;0.00;160.00;0.00;0.00;0.00;0.00;0.00
1772830093.022556;0.00;1137.00;1154.00;0.00;0.00;0.00;0.00;1280.00;0.00;0.00;0.00;0.00;0.00;0.00;1184.67;0.00;240.00;0.00;1280.00;0.00;0.00;0.00;0.00;160.00;0.00;0.00;0.00;240.00;640.00;640.00;160.00;544.67;1120.00;0.00;160.00;480.00;960.00;752.33;480.00;0.00;0.00;160.00;0.00;0.00;0.00;0.00;0.00
1772830093.0241146;0.00;1137.00;1154.00;0.00;0.00;0.00;0.00;1280.00;0.00;0.00;0.00;0.00;0.00;0.00;1184.67;0.00;240.00;0.00;1280.00;0.00;0.00;0.00;0.00;160.00;0.00;0.00;0.00;240.00;640.00;640.00;160.00;544.67;1120.00;0.00;160.00;480.00;960.00;752.33;480.00;0.00;0.00;160.00;0.00;0.00;0.00;0.00;0.00
1772830093.0503142;0.00;1137.00;1154.00;0.00;0.00;0.00;0.00;1280.00;0.00;0.00;0.00;0.00;0.00;0.00;1184.67;0.00;480.00;0.00;1280.00;0.00;0.00;0.00;0.00;160.00;0.00;0.00;0.00;480.00;640.00;640.00;160.00;544.67;1120.00;0.00;160.00;480.00;960.00;752.33;480.00;0.00;0.00;160.00;0.00;0.00;0.00;0.00;0.00
1772830093.0517743;0.00;1137.00;1154.00;0.00;0.00;0.00;0.00;1280.00;0.00;0.00;0.00;0.00;0.00;0.00;1184.67;0.00;480.00;0.00;1280.00;0.00;0.00;0.00;0.00;160.00;0.00;0.00;0.00;480.00;640.00;640.00;160.00;544.67;1120.00;0.00;160.00;480.00;960.00;752.33;480.00;0.00;0.00;160.00;0.00;0.00;0.00;0.00;0.00
1772830093.0779157;0.00;1137.00;1154.00;0.00;0.00;0.00;0.00;1280.00;0.00;0.00;0.00;0.00;0.00;0.00;1184.67;0.00;720.00;0.00;1280.00;0.00;0.00;0.00;0.00;160.00;0.00;0.00;0.00;720.00;640.00;640.00;160.00;544.67;1120.00;0.00;160.00;480.00;960.00;752.33;480.00;0.00;0.00;160.00;0.00;0.00;0.00;0.00;0.00
1772830093.0793884;0.00;1137.00;1154.00;0.00;0.00;0.00;0.00;1280.00;0.00;0.00;0.00;0.00;0.00;0.00;1184.67;0.00;720.00;0.00;1280.00;0.00;0.00;0.00;0.00;160.00;0.00;0.00;0.00;720.00;640.00;640.00;160.00;544.67;1120.00;0.00;160.00;480.00;960.00;752.33;480.00;0.00;0.00;160.00;0.00;0.00;0.00;0.00;0.00
1772830093.105465;0.00;1137.00;1154.00;0.00;0.00;0.00;0.00;1280.00;0.00;0.00;0.00;0.00;0.00;0.00;1184.67;0.00;800.00;0.00;1280.00;0.00;0.00;0.00;0.00;160.00;0.00;0.00;0.00;800.00;640.00;640.00;160.00;544.67;1120.00;0.00;160.00;480.00;960.00;752.33;480.00;0.00;0.00;160.00;0.00;0.00;0.00;0.00;0.00
1772830093.106979;0.00;1137.00;1154.00;0.00;0.00;0.00;0.00;1280.00;0.00;0.00;0.00;0.00;0.00;0.00;1184.67;0.00;800.00;0.00;1280.00;0.00;0.00;0.00;0.00;160.00;0.00;0.00;0.00;800.00;640.00;640.00;160.00;544.67;1120.00;0.00;160.00;480.00;960.00;752.33;480.00;0.00;0.00;160.00;0.00;0.00;0.00;0.00;0.00
1772830093.1331682;0.00;1137.00;1154.00;0.00;0.00;0.00;0.00;1280.00;0.00;0.00;0.00;0.00;0.00;0.00;1184.67;0.00;1040.00;0.00;1280.00;0.00;0.00;0.00;0.00;160.00;0.00;0.00;160.00;1040.00;640.00;640.00;160.00;544.67;1120.00;0.00;160.00;480.00;960.00;752.33;480.00;0.00;0.00;160.00;320.00;0.00;0.00;0.00;0.00
1772830093.13469;0.00;1137.00;1154.00;0.00;0.00;0.00;0.00;1280.00;0.00;0.00;0.00;0.00;0.00;0.00;1184.67;0.00;1040.00;0.00;1280.00;0.00;0.00;0.00;0.00;160.00;0.00;0.00;160.00;1040.00;640.00;640.00;160.00;544.67;1120.00;0.00;160.00;480.00;960.00;752.33;480.00;0.00;0.00;160.00;320.00;0.00;0.00;0.00;0.00
1772830093.1613228;0.00;1137.00;1154.00;0.00;0.00;0.00;0.00;1280.00;0.00;0.00;0.00;0.00;0.00;0.00;1184.67;0.00;1280.00;0.00;1280.00;0.00;0.00;0.00;0.00;160.00;0.00;0.00;160.00;1120.00;800.00;640.00;160.00;544.67;1120.00;0.00;160.00;640.00;960.00;752.33;480.00;0.00;0.00;160.00;320.00;0.00;0.00;0.00;0.00
1772830093.1628685;0.00;1137.00;1154.00;0.00;0.00;0.00;0.00;1280.00;0.00;0.00;0.00;0.00;0.00;0.00;1184.67;0.00;1280.00;0.00;1280.00;0.00;0.00;0.00;0.00;160.00;0.00;0.00;160.00;1120.00;800.00;640.00;160.00;544.67;1120.00;0.00;160.00;640.00;960.00;752.33;480.00;0.00;0.00;160.00;320.00;0.00;0.00;0.00;0.00
1772830105.0545301;0.00;1137.00;1154.00;0.00;0.00;0.00;0.00;1280.00;0.00;0.00;0.00;0.00;0.00;0.00;1184.67;0.00;1280.00;0.00;1520.00;0.00;0.00;0.00;0.00;160.00;0.00;0.00;160.00;1120.00;800.00;640.00;160.00;704.67;1360.00;0.00;160.00;640.00;960.00;752.33;480.00;0.00;0.00;160.00;320.00;0.00;0.00;0.00;0.00
1772830105.0563033;0.00;1137.00;1154.00;0.00;0.00;0.00;0.00;1280.00;0.00;0.00;0.00;0.00;0.00;0.00;1184.67;0.00;1280.00;0.00;1520.00;0.00;0.00;0.00;0.00;160.00;0.00;0.00;160.00;1120.00;800.00;640.00;160.00;704.67;1360.00;0.00;160.00;640.00;960.00;752.33;480.00;0.00;0.00;160.00;320.00;0.00;0.00;0.00;0.00
1772830105.0844846;0.00;1137.00;1154.00;0.00;0.00;0.00;0.00;1280.00;0.00;0.00;0.00;0.00;0.00;0.00;1184.67;0.00;1280.00;0.00;1600.00;0.00;0.00;0.00;0.00;160.00;0.00;0.00;160.00;1120.00;800.00;640.00;160.00;704.67;1440.00;0.00;160.00;640.00;960.00;752.33;480.00;0.00;0.00;160.00;320.00;0.00;0.00;0.00;0.00
1772830105.086153;0.00;1137.00;1154.00;0.00;0.00;0.00;0.00;1280.00;0.00;0.00;0.00;0.00;0.00;0.00;1184.67;0.00;1280.00;0.00;1600.00;0.00;0.00;0.00;0.00;160.00;0.00;0.00;160.00;1120.00;800.00;640.00;160.00;704.67;1440.00;0.00;160.00;640.00;960.00;752.33;480.00;0.00;0.00;160.00;320.00;0.00;0.00;0.00;0.00
1772830105.1138468;0.00;1137.00;1154.00;0.00;0.00;0.00;0.00;1280.00;0.00;0.00;0.00;0.00;0.00;0.00;1184.67;0.00;1280.00;0.00;1840.00;0.00;0.00;0.00;0.00;160.00;0.00;0.00;160.00;1120.00;800.00;640.00;160.00;864.67;1680.00;0.00;160.00;640.00;960.00;752.33;480.00;0.00;0.00;160.00;320.00;0.00;0.00;0.00;0.00
1772830105.115663;0.00;1137.00;1154.00;0.00;0.00;0.00;0.00;1280.00;0.00;0.00;0.00;0.00;0.00;0.00;1184.67;0.00;1280.00;0.00;1840.00;0.00;0.00;0.00;0.00;160.00;0.00;0.00;160.00;1120.00;800.00;640.00;160.00;864.67;1680.00;0.00;160.00;640.00;960.00;752.33;480.00;0.00;0.00;160.00;320.00;0.00;0.00;0.00;0.00
1772830105.1421928;0.00;1137.00;1154.00;0.00;0.00;0.00;0.00;1280.00;0.00;0.00;0.00;0.00;0.00;0.00;1184.67;0.00;1280.00;0.00;1840.00;0.00;0.00;0.00;0.00;160.00;0.00;0.00;160.00;1120.00;800.00;640.00;160.00;864.67;1680.00;0.00;160.00;640.00;960.00;752.33;480.00;0.00;0.00;160.00;320.00;0.00;0.00;0.00;0.00
1772830105.144017;0.00;1137.00;1154.00;0.00;0.00;0.00;0.00;1280.00;0.00;0.00;0.00;0.00;0.00;0.00;1184.67;0.00;1280.00;0.00;1840.00;0.00;0.00;0.00;0.00;160.00;0.00;0.00;160.00;1120.00;800.00;640.00;160.00;864.67;1680.00;0.00;160.00;640.00;960.00;752.33;480.00;0.00;0.00;160.00;320.00;0.00;0.00;0.00;0.00
1772830105.1712434;0.00;1137.00;1154.00;0.00;0.00;0.00;0.00;1280.00;0.00;0.00;0.00;0.00;0.00;0.00;1184.67;0.00;1280.00;0.00;1920.00;0.00;0.00;0.00;0.00;160.00;0.00;0.00;160.00;1120.00;800.00;640.00;160.00;864.67;1760.00;0.00;160.00;640.00;960.00;752.33;480.00;0.00;0.00;160.00;320.00;0.00;0.00;0.00;0.00
1772830105.172919;0.00;1137.00;1154.00;0.00;0.00;0.00;0.00;1280.00;0.00;0.00;0.00;0.00;0.00;0.00;1184.67;0.00;1280.00;0.00;1920.00;0.00;0.00;0.00;0.00;160.00;0.00;0.00;160.00;1120.00;800.00;640.00;160.00;864.67;1760.00;0.00;160.00;640.00;960.00;752.33;480.00;0.00;0.00;160.00;320.00;0.00;0.00;0.00;0.00
1772830105.1987777;0.00;1137.00;1154.00;0.00;0.00;0.00;0.00;1280.00;0.00;0.00;0.00;0.00;0.00;0.00;1184.67;0.00;1280.00;0.00;1920.00;0.00;0.00;0.00;0.00;160.00;0.00;0.00;160.00;1120.00;800.00;640.00;160.00;864.67;1760.00;0.00;160.00;640.00;960.00;752.33;480.00;0.00;0.00;160.00;320.00;0.00;0.00;0.00;0.00
1772830105.200455;0.00;1137.00;1154.00;0.00;0.00;0.00;0.00;1280.00;0.00;0.00;0.00;0.00;0.00;0.00;1184.67;0.00;1280.00;0.00;1920.00;0.00;0.00;0.00;0.00;160.00;0.00;0.00;160.00;1120.00;800.00;640.00;160.00;864.67;1760.00;0.00;160.00;640.00;960.00;752.33;480.00;0.00;0.00;160.00;320.00;0.00;0.00;0.00;0.00
1772830124.0952556;0.00;0.00;0.00;0.00;0.00;0.00;0.00;1280.00;0.00;0.00;0.00;0.00;144.67;0.00;1184.67;0.00;1280.00;0.00;1920.00;0.00;0.00;0.00;0.00;0.00;0.00;0.00;400.00;1120.00;800.00;640.00;160.00;480.00;1760.00;0.00;0.00;160.00;960.00;0.00;480.00;0.00;0.00;0.00;320.00;0.00;0.00;0.00;0.00
1772830124.0967772;0.00;0.00;0.00;0.00;0.00;0.00;0.00;1280.00;0.00;0.00;0.00;0.00;144.67;0.00;1184.67;0.00;1280.00;0.00;1920.00;0.00;0.00;0.00;0.00;0.00;0.00;0.00;400.00;1120.00;800.00;640.00;160.00;480.00;1760.00;0.00;0.00;160.00;960.00;0.00;480.00;0.00;0.00;0.00;320.00;0.00;0.00;0.00;0.00
1772830124.1227016;0.00;0.00;0.00;0.00;0.00;0.00;0.00;1280.00;0.00;0.00;0.00;0.00;384.67;0.00;1184.67;0.00;1280.00;0.00;1920.00;0.00;0.00;0.00;0.00;0.00;0.00;0.00;480.00;1280.00;960.00;640.00;160.00;480.00;1760.00;0.00;0.00;160.00;960.00;0.00;480.00;0.00;0.00;0.00;320.00;0.00;0.00;0.00;0.00
1772830124.1240215;0.00;0.00;0.00;0.00;0.00;0.00;0.00;1280.00;0.00;0.00;0.00;0.00;384.67;0.00;1184.67;0.00;1280.00;0.00;1920.00;0.00;0.00;0.00;0.00;0.00;0.00;0.00;480.00;1280.00;960.00;640.00;160.00;480.00;1760.00;0.00;0.00;160.00;960.00;0.00;480.00;0.00;0.00;0.00;320.00;0.00;0.00;0.00;0.00
1772830124.274283;0.00;0.00;0.00;0.00;0.00;0.00;0.00;1280.00;0.00;0.00;0.00;0.00;624.67;0.00;1184.67;0.00;1280.00;0.00;1920.00;0.00;0.00;0.00;0.00;0.00;0.00;0.00;560.00;1440.00;1120.00;640.00;160.00;480.00;1760.00;0.00;0.00;160.00;960.00;0.00;480.00;0.00;0.00;0.00;320.00;0.00;0.00;0.00;0.00
1772830124.2757907;0.00;0.00;0.00;0.00;0.00;0.00;0.00;1280.00;0.00;0.00;0.00;0.00;624.67;0.00;1184.67;0.00;1280.00;0.00;1920.00;0.00;0.00;0.00;0.00;0.00;0.00;0.00;560.00;1440.00;1120.00;640.00;160.00;480.00;1760.00;0.00;0.00;160.00;960.00;0.00;480.00;0.00;0.00;0.00;320.00;0.00;0.00;0.00;0.00
1772830124.302002;0.00;0.00;0.00;0.00;0.00;0.00;0.00;1280.00;0.00;0.00;0.00;0.00;864.67;0.00;1184.67;0.00;1280.00;0.00;1920.00;0.00;0.00;0.00;0.00;0.00;0.00;0.00;640.00;1600.00;1280.00;640.00;160.00;480.00;1760.00;0.00;0.00;160.00;960.00;0.00;480.00;0.00;0.00;0.00;320.00;0.00;0.00;0.00;0.00
1772830124.3033948;0.00;0.00;0.00;0.00;0.00;0.00;0.00;1280.00;0.00;0.00;0.00;0.00;864.67;0.00;1184.67;0.00;1280.00;0.00;1920.00;0.00;0.00;0.00;0.00;0.00;0.00;0.00;640.00;1600.00;1280.00;640.00;160.00;480.00;1760.00;0.00;0.00;160.00;960.00;0.00;480.00;0.00;0.00;0.00;320.00;0.00;0.00;0.00;0.00
1772830124.3298106;0.00;0.00;0.00;0.00;0.00;0.00;0.00;1280.00;0.00;0.00;0.00;0.00;1104.67;0.00;1184.67;0.00;1280.00;0.00;1920.00;0.00;0.00;0.00;0.00;0.00;0.00;0.00;720.00;1600.00;1280.00;640.00;160.00;480.00;1760.00;0.00;0.00;160.00;960.00;0.00;480.00;0.00;160.00;0.00;320.00;0.00;0.00;0.00;0.00
1772830124.331219;0.00;0.00;0.00;0.00;0.00;0.00;0.00;1280.00;0.00;0.00;0.00;0.00;1104.67;0.00;1184.67;0.00;1280.00;0.00;1920.00;0.00;0.00;0.00;0.00;0.00;0.00;0.00;720.00;1600.00;1280.00;640.00;160.00;480.00;1760.00;0.00;0.00;160.00;960.00;0.00;480.00;0.00;160.00;0.00;320.00;0.00;0.00;0.00;0.00
1772830124.3580744;0.00;0.00;0.00;0.00;0.00;0.00;0.00;1280.00;0.00;0.00;0.00;0.00;1184.67;0.00;1184.67;0.00;1280.00;0.00;1920.00;0.00;0.00;0.00;0.00;0.00;0.00;0.00;800.00;1600.00;1280.00;640.00;160.00;480.00;1760.00;0.00;0.00;160.00;960.00;0.00;480.00;0.00;160.00;0.00;320.00;0.00;0.00;0.00;0.00
1772830124.3594985;0.00;0.00;0.00;0.00;0.00;0.00;0.00;1280.00;0.00;0.00;0.00;0.00;1184.67;0.00;1184.67;0.00;1280.00;0.00;1920.00;0.00;0.00;0.00;0.00;0.00;0.00;0.00;800.00;1600.00;1280.00;640.00;160.00;480.00;1760.00;0.00;0.00;160.00;960.00;0.00;480.00;0.00;160.00;0.00;320.00;0.00;0.00;0.00;0.00
1772830143.2507873;0.00;0.00;0.00;0.00;0.00;0.00;0.00;1280.00;0.00;0.00;0.00;0.00;1184.67;0.00;1184.67;0.00;1280.00;0.00;1360.00;0.00;0.00;0.00;0.00;0.00;0.00;0.00;800.00;1600.00;1280.00;640.00;160.00;480.00;1360.00;0.00;0.00;160.00;960.00;0.00;480.00;0.00;160.00;0.00;320.00;0.00;0.00;0.00;0.00
1772830143.252288;0.00;0.00;0.00;0.00;0.00;0.00;0.00;1280.00;0.00;0.00;0.00;0.00;1184.67;0.00;1184.67;0.00;1280.00;0.00;1360.00;0.00;0.00;0.00;0.00;0.00;0.00;0.00;800.00;1600.00;1280.00;640.00;160.00;480.00;1360.00;0.00;0.00;160.00;960.00;0.00;480.00;0.00;160.00;0.00;320.00;0.00;0.00;0.00;0.00
1772830146.1275089;0.00;0.00;0.00;0.00;0.00;0.00;0.00;1280.00;0.00;0.00;0.00;0.00;1184.67;0.00;1184.67;0.00;1520.00;0.00;1360.00;0.00;0.00;0.00;0.00;0.00;0.00;0.00;800.00;1600.00;1520.00;640.00;160.00;480.00;1360.00;0.00;0.00;160.00;960.00;0.00;480.00;0.00;160.00;0.00;320.00;0.00;0.00;0.00;0.00
1772830146.1291335;0.00;0.00;0.00;0.00;0.00;0.00;0.00;1280.00;0.00;0.00;0.00;0.00;1184.67;0.00;1184.67;0.00;1520.00;0.00;1360.00;0.00;0.00;0.00;0.00;0.00;0.00;0.00;800.00;1600.00;1520.00;640.00;160.00;480.00;1360.00;0.00;0.00;160.00;960.00;0.00;480.00;0.00;160.00;0.00;320.00;0.00;0.00;0.00;0.00
1772830146.1559663;0.00;0.00;0.00;0.00;0.00;0.00;0.00;1280.00;0.00;0.00;0.00;0.00;1184.67;0.00;1184.67;0.00;1600.00;0.00;1360.00;0.00;0.00;0.00;0.00;0.00;0.00;0.00;800.00;1600.00;1600.00;640.00;160.00;480.00;1360.00;0.00;0.00;160.00;960.00;0.00;480.00;0.00;160.00;0.00;320.00;0.00;0.00;0.00;0.00
1772830146.157412;0.00;0.00;0.00;0.00;0.00;0.00;0.00;1280.00;0.00;0.00;0.00;0.00;1184.67;0.00;1184.67;0.00;1600.00;0.00;1360.00;0.00;0.00;0.00;0.00;0.00;0.00;0.00;800.00;1600.00;1600.00;640.00;160.00;480.00;1360.00;0.00;0.00;160.00;960.00;0.00;480.00;0.00;160.00;0.00;320.00;0.00;0.00;0.00;0.00
1772830146.1841357;0.00;0.00;0.00;0.00;0.00;0.00;0.00;1280.00;0.00;0.00;0.00;0.00;1184.67;0.00;1184.67;0.00;1840.00;0.00;1360.00;0.00;0.00;0.00;0.00;0.00;0.00;0.00;800.00;1600.00;1840.00;640.00;160.00;480.00;1360.00;0.00;0.00;160.00;960.00;0.00;480.00;0.00;160.00;0.00;320.00;0.00;0.00;0.00;0.00
1772830146.1856647;0.00;0.00;0.00;0.00;0.00;0.00;0.00;1280.00;0.00;0.00;0.00;0.00;1184.67;0.00;1184.67;0.00;1840.00;0.00;1360.00;0.00;0.00;0.00;0.00;0.00;0.00;0.00;800.00;1600.00;1840.00;640.00;160.00;480.00;1360.00;0.00;0.00;160.00;960.00;0.00;480.00;0.00;160.00;0.00;320.00;0.00;0.00;0.00;0.00
1772830146.2122865;0.00;0.00;0.00;0.00;0.00;0.00;0.00;1280.00;0.00;0.00;0.00;0.00;1184.67;0.00;1184.67;0.00;1920.00;0.00;1360.00;0.00;0.00;0.00;0.00;0.00;0.00;0.00;800.00;1600.00;1920.00;640.00;160.00;480.00;1360.00;0.00;0.00;160.00;960.00;0.00;480.00;0.00;160.00;0.00;320.00;0.00;0.00;0.00;0.00
1772830146.2137883;0.00;0.00;0.00;0.00;0.00;0.00;0.00;1280.00;0.00;0.00;0.00;0.00;1184.67;0.00;1184.67;0.00;1920.00;0.00;1360.00;0.00;0.00;0.00;0.00;0.00;0.00;0.00;800.00;1600.00;1920.00;640.00;160.00;480.00;1360.00;0.00;0.00;160.00;960.00;0.00;480.00;0.00;160.00;0.00;320.00;0.00;0.00;0.00;0.00
1772830146.238037;0.00;0.00;0.00;0.00;0.00;0.00;0.00;1280.00;0.00;0.00;0.00;0.00;1184.67;0.00;1184.67;0.00;1920.00;0.00;1360.00;0.00;0.00;0.00;0.00;0.00;0.00;0.00;800.00;1600.00;1920.00;640.00;160.00;480.00;1360.00;0.00;0.00;160.00;960.00;0.00;480.00;0.00;160.00;0.00;320.00;0.00;0.00;0.00;0.00
1772830146.2395108;0.00;0.00;0.00;0.00;0.00;0.00;0.00;1280.00;0.00;0.00;0.00;0.00;1184.67;0.00;1184.67;0.00;1920.00;0.00;1360.00;0.00;0.00;0.00;0.00;0.00;0.00;0.00;800.00;1600.00;1920.00;640.00;160.00;480.00;1360.00;0.00;0.00;160.00;960.00;0.00;480.00;0.00;160.00;0.00;320.00;0.00;0.00;0.00;0.00
1772830146.2639587;0.00;0.00;0.00;0.00;0.00;0.00;0.00;1280.00;0.00;0.00;0.00;0.00;1184.67;0.00;1184.67;0.00;1920.00;0.00;1360.00;0.00;0.00;0.00;0.00;0.00;0.00;0.00;800.00;1600.00;1920.00;640.00;160.00;480.00;1360.00;0.00;0.00;160.00;960.00;0.00;480.00;0.00;160.00;0.00;320.00;0.00;0.00;0.00;0.00
1772830146.2654424;0.00;0.00;0.00;0.00;0.00;0.00;0.00;1280.00;0.00;0.00;0.00;0.00;1184.67;0.00;1184.67;0.00;1920.00;0.00;1360.00;0.00;0.00;0.00;0.00;0.00;0.00;0.00;800.00;1600.00;1920.00;640.00;160.00;480.00;1360.00;0.00;0.00;160.00;960.00;0.00;480.00;0.00;160.00;0.00;320.00;0.00;0.00;0.00;0.00
1772830162.1678143;0.00;0.00;0.00;0.00;0.00;0.00;0.00;1280.00;0.00;0.00;0.00;0.00;1184.67;0.00;240.00;0.00;1920.00;0.00;1360.00;0.00;0.00;0.00;0.00;0.00;0.00;0.00;800.00;1600.00;1280.00;0.00;160.00;480.00;1360.00;0.00;0.00;160.00;960.00;0.00;480.00;0.00;160.00;0.00;320.00;0.00;0.00;0.00;0.00
1772830162.1697712;0.00;0.00;0.00;0.00;0.00;0.00;0.00;1280.00;0.00;0.00;0.00;0.00;1184.67;0.00;240.00;0.00;1920.00;0.00;1360.00;0.00;0.00;0.00;0.00;0.00;0.00;0.00;800.00;1600.00;1280.00;0.00;160.00;480.00;1360.00;0.00;0.00;160.00;960.00;0.00;480.00;0.00;160.00;0.00;320.00;0.00;0.00;0.00;0.00
1772830162.204322;0.00;0.00;0.00;0.00;0.00;0.00;0.00;1280.00;0.00;0.00;0.00;0.00;1184.67;0.00;432.33;0.00;1920.00;0.00;1360.00;0.00;0.00;0.00;0.00;0.00;0.00;0.00;800.00;1600.00;1280.00;0.00;160.00;480.00;1360.00;0.00;0.00;160.00;960.00;0.00;480.00;0.00;160.00;0.00;320.00;0.00;0.00;0.00;0.00
1772830162.2061396;0.00;0.00;0.00;0.00;0.00;0.00;0.00;1280.00;0.00;0.00;0.00;0.00;1184.67;0.00;432.33;0.00;1920.00;0.00;1360.00;0.00;0.00;0.00;0.00;0.00;0.00;0.00;800.00;1600.00;1280.00;0.00;160.00;480.00;1360.00;0.00;0.00;160.00;960.00;0.00;480.00;0.00;160.00;0.00;320.00;0.00;0.00;0.00;0.00
1772830162.2408633;0.00;0.00;0.00;0.00;0.00;0.00;0.00;1280.00;0.00;0.00;0.00;0.00;1184.67;0.00;672.33;0.00;1920.00;0.00;1360.00;0.00;0.00;0.00;0.00;0.00;0.00;0.00;800.00;1600.00;1440.00;0.00;160.00;480.00;1360.00;0.00;0.00;160.00;960.00;0.00;480.00;0.00;160.00;0.00;320.00;0.00;0.00;0.00;0.00
1772830162.2427406;0.00;0.00;0.00;0.00;0.00;0.00;0.00;1280.00;0.00;0.00;0.00;0.00;1184.67;0.00;672.33;0.00;1920.00;0.00;1360.00;0.00;0.00;0.00;0.00;0.00;0.00;0.00;800.00;1600.00;1440.00;0.00;160.00;480.00;1360.00;0.00;0.00;160.00;960.00;0.00;480.00;0.00;160.00;0.00;320.00;0.00;0.00;0.00;0.00
1772830162.2787023;0.00;0.00;0.00;0.00;0.00;0.00;0.00;1280.00;0.00;0.00;0.00;0.00;1184.67;0.00;912.33;0.00;1920.00;0.00;1360.00;0.00;0.00;0.00;0.00;0.00;0.00;0.00;800.00;1600.00;1440.00;0.00;160.00;480.00;1360.00;0.00;0.00;160.00;960.00;0.00;480.00;0.00;160.00;0.00;320.00;0.00;0.00;0.00;0.00
1772830162.2805905;0.00;0.00;0.00;0.00;0.00;0.00;0.00;1280.00;0.00;0.00;0.00;0.00;1184.67;0.00;912.33;0.00;1920.00;0.00;1360.00;0.00;0.00;0.00;0.00;0.00;0.00;0.00;800.00;1600.00;1440.00;0.00;160.00;480.00;1360.00;0.00;0.00;160.00;960.00;0.00;480.00;0.00;160.00;0.00;320.00;0.00;0.00;0.00;0.00
1772830162.3158872;0.00;0.00;0.00;0.00;0.00;0.00;0.00;1280.00;0.00;0.00;0.00;0.00;1184.67;0.00;992.33;0.00;1920.00;0.00;1360.00;0.00;0.00;0.00;0.00;0.00;0.00;0.00;800.00;1600.00;1440.00;0.00;160.00;480.00;1360.00;0.00;0.00;160.00;960.00;0.00;480.00;0.00;160.00;0.00;320.00;0.00;0.00;0.00;0.00
1772830162.3177931;0.00;0.00;0.00;0.00;0.00;0.00;0.00;1280.00;0.00;0.00;0.00;0.00;1184.67;0.00;992.33;0.00;1920.00;0.00;1360.00;0.00;0.00;0.00;0.00;0.00;0.00;0.00;800.00;1600.00;1440.00;0.00;160.00;480.00;1360.00;0.00;0.00;160.00;960.00;0.00;480.00;0.00;160.00;0.00;320.00;0.00;0.00;0.00;0.00
1772830162.3532104;0.00;0.00;0.00;0.00;0.00;0.00;0.00;1280.00;0.00;0.00;0.00;0.00;1184.67;0.00;1232.33;0.00;1920.00;0.00;1360.00;0.00;0.00;0.00;0.00;0.00;0.00;0.00;800.00;1600.00;1600.00;0.00;160.00;480.00;1360.00;0.00;0.00;320.00;960.00;0.00;480.00;0.00;160.00;0.00;320.00;0.00;0.00;0.00;0.00
1772830162.3546278;0.00;0.00;0.00;0.00;0.00;0.00;0.00;1280.00;0.00;0.00;0.00;0.00;1184.67;0.00;1232.33;0.00;1920.00;0.00;1360.00;0.00;0.00;0.00;0.00;0.00;0.00;0.00;800.00;1600.00;1600.00;0.00;160.00;480.00;1360.00;0.00;0.00;320.00;960.00;0.00;480.00;0.00;160.00;0.00;320.00;0.00;0.00;0.00;0.00
1772830179.1915216;0.00;0.00;0.00;0.00;0.00;0.00;0.00;1280.00;0.00;0.00;0.00;0.00;1424.67;0.00;1232.33;0.00;1920.00;0.00;1360.00;0.00;0.00;0.00;0.00;0.00;0.00;0.00;960.00;1600.00;1600.00;0.00;160.00;480.00;1360.00;0.00;0.00;320.00;960.00;0.00;480.00;0.00;160.00;0.00;320.00;0.00;0.00;0.00;0.00
1772830179.192432;0.00;0.00;0.00;0.00;0.00;0.00;0.00;1280.00;0.00;0.00;0.00;0.00;1424.67;0.00;1232.33;0.00;1920.00;0.00;1360.00;0.00;0.00;0.00;0.00;0.00;0.00;0.00;960.00;1600.00;1600.00;0.00;160.00;480.00;1360.00;0.00;0.00;320.00;960.00;0.00;480.00;0.00;160.00;0.00;320.00;0.00;0.00;0.00;0.00
1772830179.2098215;0.00;0.00;0.00;0.00;0.00;0.00;0.00;1280.00;0.00;0.00;0.00;0.00;1664.67;0.00;1232.33;0.00;1920.00;0.00;1360.00;0.00;0.00;0.00;0.00;0.00;160.00;160.00;1120.00;1600.00;1600.00;0.00;160.00;480.00;1360.00;0.00;0.00;320.00;960.00;0.00;480.00;0.00;160.00;0.00;320.00;0.00;0.00;0.00;0.00
1772830179.210683;0.00;0.00;0.00;0.00;0.00;0.00;0.00;1280.00;0.00;0.00;0.00;0.00;1664.67;0.00;1232.33;0.00;1920.00;0.00;1360.00;0.00;0.00;0.00;0.00;0.00;160.00;160.00;1120.00;1600.00;1600.00;0.00;160.00;480.00;1360.00;0.00;0.00;320.00;960.00;0.00;480.00;0.00;160.00;0.00;320.00;0.00;0.00;0.00;0.00
1772830179.2278006;0.00;0.00;0.00;0.00;0.00;0.00;0.00;1280.00;0.00;0.00;0.00;0.00;1904.67;0.00;1232.33;0.00;1920.00;0.00;1360.00;0.00;0.00;0.00;0.00;0.00;160.00;160.00;1120.00;1600.00;1600.00;0.00;160.00;480.00;1360.00;0.00;0.00;320.00;960.00;0.00;480.00;0.00;160.00;0.00;320.00;0.00;0.00;0.00;0.00
1772830179.2286215;0.00;0.00;0.00;0.00;0.00;0.00;0.00;1280.00;0.00;0.00;0.00;0.00;1904.67;0.00;1232.33;0.00;1920.00;0.00;1360.00;0.00;0.00;0.00;0.00;0.00;160.00;160.00;1120.00;1600.00;1600.00;0.00;160.00;480.00;1360.00;0.00;0.00;320.00;960.00;0.00;480.00;0.00;160.00;0.00;320.00;0.00;0.00;0.00;0.00
1772830179.3218744;0.00;0.00;0.00;0.00;0.00;0.00;0.00;1280.00;0.00;0.00;0.00;0.00;1984.67;0.00;1232.33;0.00;1920.00;0.00;1360.00;0.00;0.00;0.00;0.00;0.00;160.00;160.00;1120.00;1600.00;1600.00;0.00;160.00;480.00;1360.00;0.00;0.00;320.00;960.00;0.00;480.00;0.00;160.00;0.00;320.00;0.00;0.00;0.00;0.00
1772830179.322804;0.00;0.00;0.00;0.00;0.00;0.00;0.00;1280.00;0.00;0.00;0.00;0.00;1984.67;0.00;1232.33;0.00;1920.00;0.00;1360.00;0.00;0.00;0.00;0.00;0.00;160.00;160.00;1120.00;1600.00;1600.00;0.00;160.00;480.00;1360.00;0.00;0.00;320.00;960.00;0.00;480.00;0.00;160.00;0.00;320.00;0.00;0.00;0.00;0.00
1772830179.3387246;0.00;0.00;0.00;0.00;0.00;0.00;0.00;1280.00;0.00;0.00;0.00;0.00;1984.67;0.00;1232.33;0.00;1920.00;0.00;1360.00;0.00;0.00;0.00;0.00;0.00;160.00;160.00;1120.00;1600.00;1600.00;0.00;160.00;480.00;1360.00;0.00;0.00;320.00;960.00;0.00;480.00;0.00;160.00;0.00;320.00;0.00;0.00;0.00;0.00
1772830179.3395681;0.00;0.00;0.00;0.00;0.00;0.00;0.00;1280.00;0.00;0.00;0.00;0.00;1984.67;0.00;1232.33;0.00;1920.00;0.00;1360.00;0.00;0.00;0.00;0.00;0.00;160.00;160.00;1120.00;1600.00;1600.00;0.00;160.00;480.00;1360.00;0.00;0.00;320.00;960.00;0.00;480.00;0.00;160.00;0.00;320.00;0.00;0.00;0.00;0.00
1772830179.3548627;0.00;0.00;0.00;0.00;0.00;0.00;0.00;1280.00;0.00;0.00;0.00;0.00;1984.67;0.00;1232.33;0.00;1920.00;0.00;1360.00;0.00;0.00;0.00;0.00;0.00;160.00;160.00;1120.00;1600.00;1600.00;0.00;160.00;480.00;1360.00;0.00;0.00;320.00;960.00;0.00;480.00;0.00;160.00;0.00;320.00;0.00;0.00;0.00;0.00
1772830179.3557043;0.00;0.00;0.00;0.00;0.00;0.00;0.00;1280.00;0.00;0.00;0.00;0.00;1984.67;0.00;1232.33;0.00;1920.00;0.00;1360.00;0.00;0.00;0.00;0.00;0.00;160.00;160.00;1120.00;1600.00;1600.00;0.00;160.00;480.00;1360.00;0.00;0.00;320.00;960.00;0.00;480.00;0.00;160.00;0.00;320.00;0.00;0.00;0.00;0.00
1772830203.229567;0.00;0.00;0.00;0.00;0.00;0.00;0.00;1280.00;0.00;240.00;0.00;0.00;1984.67;0.00;1232.33;0.00;0.00;0.00;0.00;0.00;0.00;0.00;0.00;0.00;160.00;160.00;960.00;0.00;1440.00;0.00;0.00;320.00;0.00;0.00;0.00;160.00;0.00;0.00;480.00;0.00;160.00;0.00;0.00;0.00;0.00;0.00;0.00
1772830203.2310169;0.00;0.00;0.00;0.00;0.00;0.00;0.00;1280.00;0.00;240.00;0.00;0.00;1984.67;0.00;1232.33;0.00;0.00;0.00;0.00;0.00;0.00;0.00;0.00;0.00;160.00;160.00;960.00;0.00;1440.00;0.00;0.00;320.00;0.00;0.00;0.00;160.00;0.00;0.00;480.00;0.00;160.00;0.00;0.00;0.00;0.00;0.00;0.00
1772830203.2584686;0.00;0.00;0.00;0.00;0.00;0.00;0.00;1280.00;0.00;480.00;0.00;0.00;1984.67;0.00;1232.33;0.00;0.00;0.00;0.00;0.00;0.00;0.00;0.00;0.00;160.00;160.00;960.00;0.00;1440.00;0.00;160.00;320.00;0.00;0.00;0.00;160.00;0.00;0.00;480.00;0.00;160.00;0.00;0.00;0.00;0.00;0.00;0.00
1772830203.259824;0.00;0.00;0.00;0.00;0.00;0.00;0.00;1280.00;0.00;480.00;0.00;0.00;1984.67;0.00;1232.33;0.00;0.00;0.00;0.00;0.00;0.00;0.00;0.00;0.00;160.00;160.00;960.00;0.00;1440.00;0.00;160.00;320.00;0.00;0.00;0.00;160.00;0.00;0.00;480.00;0.00;160.00;0.00;0.00;0.00;0.00;0.00;0.00
1772830203.2883382;0.00;0.00;0.00;0.00;0.00;0.00;0.00;1280.00;0.00;720.00;0.00;0.00;1984.67;0.00;1232.33;0.00;0.00;0.00;0.00;0.00;0.00;0.00;0.00;0.00;160.00;160.00;960.00;0.00;1440.00;0.00;160.00;320.00;0.00;0.00;0.00;160.00;0.00;0.00;480.00;0.00;160.00;0.00;0.00;0.00;0.00;0.00;0.00
1772830203.2896984;0.00;0.00;0.00;0.00;0.00;0.00;0.00;1280.00;0.00;720.00;0.00;0.00;1984.67;0.00;1232.33;0.00;0.00;0.00;0.00;0.00;0.00;0.00;0.00;0.00;160.00;160.00;960.00;0.00;1440.00;0.00;160.00;320.00;0.00;0.00;0.00;160.00;0.00;0.00;480.00;0.00;160.00;0.00;0.00;0.00;0.00;0.00;0.00
1772830203.3180296;0.00;0.00;0.00;0.00;0.00;0.00;0.00;1280.00;0.00;960.00;0.00;0.00;1984.67;0.00;1232.33;0.00;0.00;0.00;0.00;0.00;0.00;0.00;0.00;0.00;160.00;160.00;960.00;0.00;1440.00;0.00;320.00;320.00;0.00;0.00;0.00;160.00;0.00;0.00;480.00;0.00;160.00;0.00;0.00;0.00;0.00;0.00;0.00
1772830203.3194077;0.00;0.00;0.00;0.00;0.00;0.00;0.00;1280.00;0.00;960.00;0.00;0.00;1984.67;0.00;1232.33;0.00;0.00;0.00;0.00;0.00;0.00;0.00;0.00;0.00;160.00;160.00;960.00;0.00;1440.00;0.00;320.00;320.00;0.00;0.00;0.00;160.00;0.00;0.00;480.00;0.00;160.00;0.00;0.00;0.00;0.00;0.00;0.00
1772830203.3476515;0.00;0.00;0.00;0.00;0.00;0.00;0.00;1280.00;0.00;1200.00;0.00;0.00;1984.67;0.00;1232.33;0.00;0.00;0.00;0.00;0.00;0.00;0.00;0.00;0.00;160.00;160.00;960.00;0.00;1440.00;0.00;480.00;320.00;0.00;0.00;0.00;160.00;0.00;0.00;480.00;0.00;160.00;0.00;0.00;0.00;0.00;0.00;0.00
1772830203.349025;0.00;0.00;0.00;0.00;0.00;0.00;0.00;1280.00;0.00;1200.00;0.00;0.00;1984.67;0.00;1232.33;0.00;0.00;0.00;0.00;0.00;0.00;0.00;0.00;0.00;160.00;160.00;960.00;0.00;1440.00;0.00;480.00;320.00;0.00;0.00;0.00;160.00;0.00;0.00;480.00;0.00;160.00;0.00;0.00;0.00;0.00;0.00;0.00
1772830203.377362;0.00;0.00;0.00;0.00;0.00;0.00;0.00;1280.00;0.00;1440.00;0.00;0.00;1984.67;0.00;1232.33;0.00;0.00;0.00;0.00;0.00;0.00;0.00;0.00;0.00;160.00;160.00;960.00;0.00;1440.00;0.00;480.00;320.00;0.00;0.00;0.00;160.00;0.00;0.00;480.00;0.00;160.00;0.00;0.00;0.00;0.00;0.00;0.00
1772830203.3787408;0.00;0.00;0.00;0.00;0.00;0.00;0.00;1280.00;0.00;1440.00;0.00;0.00;1984.67;0.00;1232.33;0.00;0.00;0.00;0.00;0.00;0.00;0.00;0.00;0.00;160.00;160.00;960.00;0.00;1440.00;0.00;480.00;320.00;0.00;0.00;0.00;160.00;0.00;0.00;480.00;0.00;160.00;0.00;0.00;0.00;0.00;0.00;0.00
1772830226.2581818;0.00;0.00;0.00;0.00;0.00;0.00;0.00;0.00;0.00;1440.00;0.00;0.00;1984.67;0.00;1232.33;0.00;0.00;0.00;0.00;0.00;0.00;240.00;0.00;0.00;160.00;160.00;960.00;0.00;1440.00;0.00;480.00;0.00;240.00;240.00;0.00;160.00;0.00;0.00;0.00;0.00;160.00;0.00;0.00;0.00;0.00;0.00;0.00
1772830226.2595313;0.00;0.00;0.00;0.00;0.00;0.00;0.00;0.00;0.00;1440.00;0.00;0.00;1984.67;0.00;1232.33;0.00;0.00;0.00;0.00;0.00;0.00;240.00;0.00;0.00;160.00;160.00;960.00;0.00;1440.00;0.00;480.00;0.00;240.00;240.00;0.00;160.00;0.00;0.00;0.00;0.00;160.00;0.00;0.00;0.00;0.00;0.00;0.00
1772830226.2872074;0.00;0.00;0.00;0.00;0.00;0.00;0.00;0.00;0.00;1440.00;0.00;0.00;1984.67;0.00;1232.33;0.00;0.00;0.00;0.00;0.00;0.00;480.00;0.00;0.00;160.00;160.00;960.00;0.00;1440.00;0.00;480.00;0.00;480.00;480.00;0.00;160.00;0.00;0.00;0.00;0.00;160.00;0.00;0.00;0.00;0.00;0.00;0.00
1772830226.28845;0.00;0.00;0.00;0.00;0.00;0.00;0.00;0.00;0.00;1440.00;0.00;0.00;1984.67;0.00;1232.33;0.00;0.00;0.00;0.00;0.00;0.00;480.00;0.00;0.00;160.00;160.00;960.00;0.00;1440.00;0.00;480.00;0.00;480.00;480.00;0.00;160.00;0.00;0.00;0.00;0.00;160.00;0.00;0.00;0.00;0.00;0.00;0.00
1772830226.3160412;0.00;0.00;0.00;0.00;0.00;0.00;0.00;0.00;0.00;1440.00;0.00;0.00;1984.67;0.00;1232.33;0.00;0.00;0.00;0.00;0.00;0.00;720.00;0.00;0.00;160.00;160.00;960.00;0.00;1440.00;0.00;480.00;0.00;720.00;720.00;0.00;160.00;0.00;0.00;0.00;0.00;160.00;0.00;0.00;0.00;0.00;0.00;0.00
1772830226.3173025;0.00;0.00;0.00;0.00;0.00;0.00;0.00;0.00;0.00;1440.00;0.00;0.00;1984.67;0.00;1232.33;0.00;0.00;0.00;0.00;0.00;0.00;720.00;0.00;0.00;160.00;160.00;960.00;0.00;1440.00;0.00;480.00;0.00;720.00;720.00;0.00;160.00;0.00;0.00;0.00;0.00;160.00;0.00;0.00;0.00;0.00;0.00;0.00
1772830226.345098;0.00;0.00;0.00;0.00;0.00;0.00;0.00;0.00;0.00;1440.00;0.00;0.00;1984.67;0.00;1232.33;0.00;0.00;0.00;0.00;0.00;0.00;960.00;0.00;0.00;160.00;160.00;960.00;0.00;1440.00;0.00;480.00;0.00;800.00;800.00;0.00;160.00;0.00;0.00;0.00;0.00;160.00;0.00;0.00;0.00;0.00;0.00;0.00
1772830226.3464005;0.00;0.00;0.00;0.00;0.00;0.00;0.00;0.00;0.00;1440.00;0.00;0.00;1984.67;0.00;1232.33;0.00;0.00;0.00;0.00;0.00;0.00;960.00;0.00;0.00;160.00;160.00;960.00;0.00;1440.00;0.00;480.00;0.00;800.00;800.00;0.00;160.00;0.00;0.00;0.00;0.00;160.00;0.00;0.00;0.00;0.00;0.00;0.00
1772830226.3749232;0.00;0.00;0.00;0.00;0.00;0.00;0.00;0.00;0.00;1440.00;0.00;0.00;1984.67;0.00;1232.33;0.00;0.00;0.00;0.00;0.00;0.00;1200.00;0.00;160.00;160.00;160.00;960.00;0.00;1440.00;0.00;480.00;0.00;880.00;880.00;160.00;160.00;0.00;0.00;0.00;0.00;160.00;0.00;0.00;0.00;0.00;0.00;0.00
1772830226.376249;0.00;0.00;0.00;0.00;0.00;0.00;0.00;0.00;0.00;1440.00;0.00;0.00;1984.67;0.00;1232.33;0.00;0.00;0.00;0.00;0.00;0.00;1200.00;0.00;160.00;160.00;160.00;960.00;0.00;1440.00;0.00;480.00;0.00;880.00;880.00;160.00;160.00;0.00;0.00;0.00;0.00;160.00;0.00;0.00;0.00;0.00;0.00;0.00
1772830226.4047108;0.00;0.00;0.00;0.00;0.00;0.00;0.00;0.00;0.00;1440.00;0.00;0.00;1984.67;0.00;1232.33;0.00;0.00;0.00;0.00;0.00;0.00;1440.00;0.00;160.00;160.00;160.00;960.00;0.00;1440.00;0.00;480.00;0.00;1120.00;1120.00;160.00;160.00;0.00;0.00;0.00;0.00;160.00;0.00;0.00;0.00;0.00;0.00;0.00
1772830226.4060485;0.00;0.00;0.00;0.00;0.00;0.00;0.00;0.00;0.00;1440.00;0.00;0.00;1984.67;0.00;1232.33;0.00;0.00;0.00;0.00;0.00;0.00;1440.00;0.00;160.00;160.00;160.00;960.00;0.00;1440.00;0.00;480.00;0.00;1120.00;1120.00;160.00;160.00;0.00;0.00;0.00;0.00;160.00;0.00;0.00;0.00;0.00;0.00;0.00
1772830241.2910955;0.00;0.00;0.00;0.00;0.00;0.00;0.00;0.00;240.00;1440.00;0.00;0.00;0.00;0.00;1232.33;0.00;0.00;0.00;0.00;0.00;0.00;1440.00;0.00;160.00;160.00;160.00;0.00;0.00;960.00;0.00;480.00;0.00;1120.00;1120.00;160.00;160.00;0.00;0.00;0.00;0.00;0.00;0.00;0.00;0.00;0.00;0.00;0.00
1772830241.2924979;0.00;0.00;0.00;0.00;0.00;0.00;0.00;0.00;240.00;1440.00;0.00;0.00;0.00;0.00;1232.33;0.00;0.00;0.00;0.00;0.00;0.00;1440.00;0.00;160.00;160.00;160.00;0.00;0.00;960.00;0.00;480.00;0.00;1120.00;1120.00;160.00;160.00;0.00;0.00;0.00;0.00;0.00;0.00;0.00;0.00;0.00;0.00;0.00
1772830241.321052;0.00;0.00;0.00;0.00;0.00;0.00;0.00;0.00;337.00;1440.00;0.00;0.00;0.00;0.00;1232.33;0.00;0.00;0.00;0.00;0.00;0.00;1440.00;0.00;160.00;160.00;160.00;0.00;0.00;960.00;0.00;480.00;0.00;1120.00;1120.00;160.00;160.00;0.00;0.00;320.00;0.00;0.00;0.00;0.00;0.00;0.00;0.00;0.00
1772830241.3217313;0.00;0.00;0.00;0.00;0.00;0.00;0.00;0.00;337.00;1440.00;0.00;0.00;0.00;0.00;1232.33;0.00;0.00;0.00;0.00;0.00;0.00;1440.00;0.00;160.00;160.00;160.00;0.00;0.00;960.00;0.00;480.00;0.00;1120.00;1120.00;160.00;160.00;0.00;0.00;320.00;0.00;0.00;0.00;0.00;0.00;0.00;0.00;0.00
1772830241.339082;0.00;0.00;0.00;0.00;0.00;0.00;0.00;0.00;577.00;1440.00;0.00;0.00;0.00;0.00;1232.33;0.00;0.00;0.00;0.00;0.00;0.00;1440.00;0.00;160.00;160.00;160.00;0.00;0.00;960.00;160.00;480.00;0.00;1120.00;1120.00;160.00;160.00;0.00;0.00;320.00;0.00;0.00;0.00;0.00;0.00;0.00;0.00;0.00
1772830241.3397593;0.00;0.00;0.00;0.00;0.00;0.00;0.00;0.00;577.00;1440.00;0.00;0.00;0.00;0.00;1232.33;0.00;0.00;0.00;0.00;0.00;0.00;1440.00;0.00;160.00;160.00;160.00;0.00;0.00;960.00;160.00;480.00;0.00;1120.00;1120.00;160.00;160.00;0.00;0.00;320.00;0.00;0.00;0.00;0.00;0.00;0.00;0.00;0.00
1772830241.426368;0.00;0.00;0.00;0.00;0.00;0.00;0.00;0.00;817.00;1440.00;0.00;0.00;0.00;0.00;1232.33;0.00;0.00;0.00;0.00;0.00;0.00;1440.00;0.00;160.00;160.00;160.00;0.00;0.00;960.00;160.00;640.00;0.00;1120.00;1120.00;160.00;160.00;0.00;0.00;320.00;0.00;0.00;0.00;0.00;0.00;0.00;0.00;0.00
1772830241.4271274;0.00;0.00;0.00;0.00;0.00;0.00;0.00;0.00;817.00;1440.00;0.00;0.00;0.00;0.00;1232.33;0.00;0.00;0.00;0.00;0.00;0.00;1440.00;0.00;160.00;160.00;160.00;0.00;0.00;960.00;160.00;640.00;0.00;1120.00;1120.00;160.00;160.00;0.00;0.00;320.00;0.00;0.00;0.00;0.00;0.00;0.00;0.00;0.00
1772830241.4447367;0.00;0.00;0.00;0.00;0.00;0.00;0.00;0.00;1057.00;1440.00;0.00;0.00;0.00;0.00;1232.33;0.00;0.00;0.00;0.00;0.00;0.00;1440.00;0.00;160.00;160.00;160.00;0.00;0.00;960.00;320.00;640.00;0.00;1120.00;1120.00;160.00;160.00;0.00;0.00;320.00;0.00;0.00;0.00;0.00;0.00;0.00;0.00;0.00
1772830241.4454384;0.00;0.00;0.00;0.00;0.00;0.00;0.00;0.00;1057.00;1440.00;0.00;0.00;0.00;0.00;1232.33;0.00;0.00;0.00;0.00;0.00;0.00;1440.00;0.00;160.00;160.00;160.00;0.00;0.00;960.00;320.00;640.00;0.00;1120.00;1120.00;160.00;160.00;0.00;0.00;320.00;0.00;0.00;0.00;0.00;0.00;0.00;0.00;0.00
1772830241.4628556;0.00;0.00;0.00;0.00;0.00;0.00;0.00;0.00;1297.00;1440.00;0.00;0.00;0.00;0.00;1232.33;0.00;0.00;0.00;0.00;0.00;0.00;1440.00;0.00;160.00;160.00;160.00;0.00;0.00;960.00;320.00;800.00;0.00;1120.00;1120.00;160.00;160.00;0.00;0.00;640.00;0.00;0.00;0.00;0.00;0.00;0.00;0.00;0.00
1772830241.4635441;0.00;0.00;0.00;0.00;0.00;0.00;0.00;0.00;1297.00;1440.00;0.00;0.00;0.00;0.00;1232.33;0.00;0.00;0.00;0.00;0.00;0.00;1440.00;0.00;160.00;160.00;160.00;0.00;0.00;960.00;320.00;800.00;0.00;1120.00;1120.00;160.00;160.00;0.00;0.00;640.00;0.00;0.00;0.00;0.00;0.00;0.00;0.00;0.00
1772830256.3189414;0.00;0.00;0.00;0.00;0.00;0.00;0.00;240.00;1297.00;1440.00;0.00;0.00;0.00;0.00;1232.33;0.00;0.00;0.00;0.00;0.00;0.00;1440.00;0.00;160.00;160.00;160.00;0.00;0.00;960.00;480.00;800.00;0.00;1120.00;1120.00;160.00;160.00;0.00;0.00;640.00;0.00;0.00;0.00;0.00;0.00;0.00;0.00;0.00
1772830256.3198183;0.00;0.00;0.00;0.00;0.00;0.00;0.00;240.00;1297.00;1440.00;0.00;0.00;0.00;0.00;1232.33;0.00;0.00;0.00;0.00;0.00;0.00;1440.00;0.00;160.00;160.00;160.00;0.00;0.00;960.00;480.00;800.00;0.00;1120.00;1120.00;160.00;160.00;0.00;0.00;640.00;0.00;0.00;0.00;0.00;0.00;0.00;0.00;0.00
1772830256.3379478;0.00;0.00;0.00;0.00;0.00;0.00;0.00;480.00;1297.00;1440.00;0.00;0.00;0.00;0.00;1232.33;0.00;0.00;0.00;0.00;0.00;0.00;1440.00;0.00;160.00;160.00;160.00;0.00;0.00;960.00;480.00;1040.00;0.00;1120.00;1120.00;160.00;160.00;0.00;0.00;640.00;0.00;0.00;0.00;0.00;0.00;0.00;0.00;0.00
1772830256.3387048;0.00;0.00;0.00;0.00;0.00;0.00;0.00;480.00;1297.00;1440.00;0.00;0.00;0.00;0.00;1232.33;0.00;0.00;0.00;0.00;0.00;0.00;1440.00;0.00;160.00;160.00;160.00;0.00;0.00;960.00;480.00;1040.00;0.00;1120.00;1120.00;160.00;160.00;0.00;0.00;640.00;0.00;0.00;0.00;0.00;0.00;0.00;0.00;0.00
1772830256.3575957;0.00;0.00;0.00;0.00;0.00;0.00;0.00;720.00;1297.00;1440.00;0.00;0.00;0.00;0.00;1232.33;0.00;0.00;0.00;0.00;0.00;0.00;1440.00;0.00;160.00;160.00;160.00;0.00;0.00;960.00;640.00;1040.00;0.00;1120.00;1120.00;160.00;160.00;0.00;0.00;640.00;0.00;0.00;0.00;0.00;0.00;0.00;0.00;0.00
1772830256.358332;0.00;0.00;0.00;0.00;0.00;0.00;0.00;720.00;1297.00;1440.00;0.00;0.00;0.00;0.00;1232.33;0.00;0.00;0.00;0.00;0.00;0.00;1440.00;0.00;160.00;160.00;160.00;0.00;0.00;960.00;640.00;1040.00;0.00;1120.00;1120.00;160.00;160.00;0.00;0.00;640.00;0.00;0.00;0.00;0.00;0.00;0.00;0.00;0.00
1772830256.3766391;0.00;0.00;0.00;0.00;0.00;0.00;0.00;864.67;1297.00;1440.00;0.00;0.00;0.00;0.00;1232.33;0.00;0.00;0.00;0.00;0.00;0.00;1440.00;0.00;160.00;160.00;160.00;0.00;0.00;960.00;640.00;1200.00;0.00;1120.00;1120.00;160.00;160.00;0.00;160.00;864.67;0.00;0.00;0.00;0.00;0.00;0.00;0.00;0.00
1772830256.3774056;0.00;0.00;0.00;0.00;0.00;0.00;0.00;864.67;1297.00;1440.00;0.00;0.00;0.00;0.00;1232.33;0.00;0.00;0.00;0.00;0.00;0.00;1440.00;0.00;160.00;160.00;160.00;0.00;0.00;960.00;640.00;1200.00;0.00;1120.00;1120.00;160.00;160.00;0.00;160.00;864.67;0.00;0.00;0.00;0.00;0.00;0.00;0.00;0.00
1772830256.3957179;0.00;0.00;0.00;0.00;0.00;0.00;0.00;1104.67;1297.00;1440.00;0.00;0.00;0.00;0.00;1232.33;0.00;0.00;0.00;0.00;0.00;0.00;1440.00;0.00;160.00;160.00;160.00;0.00;0.00;960.00;800.00;1200.00;0.00;1120.00;1120.00;160.00;160.00;0.00;160.00;864.67;0.00;0.00;0.00;0.00;0.00;0.00;0.00;0.00
1772830256.3964815;0.00;0.00;0.00;0.00;0.00;0.00;0.00;1104.67;1297.00;1440.00;0.00;0.00;0.00;0.00;1232.33;0.00;0.00;0.00;0.00;0.00;0.00;1440.00;0.00;160.00;160.00;160.00;0.00;0.00;960.00;800.00;1200.00;0.00;1120.00;1120.00;160.00;160.00;0.00;160.00;864.67;0.00;0.00;0.00;0.00;0.00;0.00;0.00;0.00
1772830256.4151037;0.00;0.00;0.00;0.00;0.00;0.00;0.00;1344.67;1297.00;1440.00;0.00;0.00;0.00;0.00;1232.33;0.00;0.00;0.00;0.00;0.00;0.00;1440.00;0.00;160.00;160.00;160.00;0.00;0.00;960.00;800.00;1200.00;0.00;1120.00;1120.00;160.00;160.00;0.00;160.00;1024.67;0.00;0.00;0.00;0.00;0.00;0.00;0.00;0.00
1772830256.4158611;0.00;0.00;0.00;0.00;0.00;0.00;0.00;1344.67;1297.00;1440.00;0.00;0.00;0.00;0.00;1232.33;0.00;0.00;0.00;0.00;0.00;0.00;1440.00;0.00;160.00;160.00;160.00;0.00;0.00;960.00;800.00;1200.00;0.00;1120.00;1120.00;160.00;160.00;0.00;160.00;1024.67;0.00;0.00;0.00;0.00;0.00;0.00;0.00;0.00
1772830263.2422001;0.00;0.00;0.00;0.00;0.00;0.00;0.00;1344.67;1297.00;1440.00;0.00;0.00;0.00;0.00;1232.33;0.00;0.00;0.00;0.00;0.00;0.00;960.00;0.00;160.00;160.00;160.00;0.00;0.00;0.00;800.00;1200.00;0.00;800.00;800.00;160.00;160.00;0.00;160.00;1024.67;0.00;0.00;0.00;0.00;0.00;0.00;0.00;0.00
1772830263.2430155;0.00;0.00;0.00;0.00;0.00;0.00;0.00;1344.67;1297.00;1440.00;0.00;0.00;0.00;0.00;1232.33;0.00;0.00;0.00;0.00;0.00;0.00;960.00;0.00;160.00;160.00;160.00;0.00;0.00;0.00;800.00;1200.00;0.00;800.00;800.00;160.00;160.00;0.00;160.00;1024.67;0.00;0.00;0.00;0.00;0.00;0.00;0.00;0.00
1772830277.3676212;0.00;0.00;0.00;0.00;0.00;240.00;0.00;1344.67;1297.00;1440.00;0.00;0.00;0.00;0.00;0.00;0.00;0.00;0.00;0.00;0.00;0.00;960.00;0.00;160.00;0.00;0.00;0.00;0.00;0.00;800.00;1200.00;0.00;800.00;800.00;160.00;0.00;0.00;320.00;1024.67;0.00;0.00;0.00;0.00;0.00;0.00;0.00;0.00
1772830277.3693285;0.00;0.00;0.00;0.00;0.00;240.00;0.00;1344.67;1297.00;1440.00;0.00;0.00;0.00;0.00;0.00;0.00;0.00;0.00;0.00;0.00;0.00;960.00;0.00;160.00;0.00;0.00;0.00;0.00;0.00;800.00;1200.00;0.00;800.00;800.00;160.00;0.00;0.00;320.00;1024.67;0.00;0.00;0.00;0.00;0.00;0.00;0.00;0.00
1772830277.4074476;0.00;0.00;0.00;0.00;0.00;480.00;0.00;1344.67;1297.00;1440.00;0.00;0.00;0.00;0.00;0.00;0.00;0.00;0.00;0.00;0.00;0.00;960.00;0.00;160.00;0.00;0.00;0.00;0.00;0.00;800.00;1200.00;160.00;800.00;800.00;160.00;0.00;0.00;320.00;1024.67;0.00;0.00;0.00;0.00;0.00;0.00;0.00;0.00
1772830277.4091122;0.00;0.00;0.00;0.00;0.00;480.00;0.00;1344.67;1297.00;1440.00;0.00;0.00;0.00;0.00;0.00;0.00;0.00;0.00;0.00;0.00;0.00;960.00;0.00;160.00;0.00;0.00;0.00;0.00;0.00;800.00;1200.00;160.00;800.00;800.00;160.00;0.00;0.00;320.00;1024.67;0.00;0.00;0.00;0.00;0.00;0.00;0.00;0.00
1772830277.45188;0.00;0.00;0.00;0.00;0.00;720.00;0.00;1344.67;1297.00;1440.00;0.00;0.00;0.00;0.00;0.00;0.00;0.00;0.00;0.00;0.00;0.00;960.00;0.00;160.00;0.00;0.00;0.00;0.00;0.00;800.00;1200.00;320.00;800.00;800.00;160.00;0.00;160.00;320.00;1024.67;0.00;0.00;0.00;0.00;0.00;0.00;0.00;0.00
1772830277.4531145;0.00;0.00;0.00;0.00;0.00;720.00;0.00;1344.67;1297.00;1440.00;0.00;0.00;0.00;0.00;0.00;0.00;0.00;0.00;0.00;0.00;0.00;960.00;0.00;160.00;0.00;0.00;0.00;0.00;0.00;800.00;1200.00;320.00;800.00;800.00;160.00;0.00;160.00;320.00;1024.67;0.00;0.00;0.00;0.00;0.00;0.00;0.00;0.00
1772830277.48215;0.00;0.00;0.00;0.00;0.00;960.00;0.00;1344.67;1297.00;1440.00;0.00;0.00;0.00;0.00;0.00;0.00;0.00;0.00;0.00;0.00;0.00;960.00;0.00;160.00;0.00;0.00;0.00;0.00;0.00;800.00;1200.00;320.00;800.00;800.00;160.00;0.00;160.00;480.00;1024.67;0.00;0.00;0.00;0.00;0.00;0.00;0.00;0.00
1772830277.4833832;0.00;0.00;0.00;0.00;0.00;960.00;0.00;1344.67;1297.00;1440.00;0.00;0.00;0.00;0.00;0.00;0.00;0.00;0.00;0.00;0.00;0.00;960.00;0.00;160.00;0.00;0.00;0.00;0.00;0.00;800.00;1200.00;320.00;800.00;800.00;160.00;0.00;160.00;480.00;1024.67;0.00;0.00;0.00;0.00;0.00;0.00;0.00;0.00
1772830277.6351576;0.00;0.00;0.00;0.00;0.00;1200.00;0.00;1344.67;1297.00;1440.00;0.00;0.00;0.00;0.00;0.00;0.00;0.00;0.00;0.00;0.00;0.00;960.00;0.00;160.00;0.00;0.00;0.00;0.00;0.00;800.00;1200.00;480.00;800.00;800.00;160.00;0.00;320.00;480.00;1024.67;0.00;0.00;0.00;0.00;0.00;0.00;0.00;0.00
1772830277.636591;0.00;0.00;0.00;0.00;0.00;1200.00;0.00;1344.67;1297.00;1440.00;0.00;0.00;0.00;0.00;0.00;0.00;0.00;0.00;0.00;0.00;0.00;960.00;0.00;160.00;0.00;0.00;0.00;0.00;0.00;800.00;1200.00;480.00;800.00;800.00;160.00;0.00;320.00;480.00;1024.67;0.00;0.00;0.00;0.00;0.00;0.00;0.00;0.00
1772830277.666933;0.00;0.00;0.00;0.00;0.00;1280.00;0.00;1344.67;1297.00;1440.00;0.00;0.00;0.00;0.00;0.00;0.00;0.00;0.00;0.00;0.00;0.00;960.00;0.00;160.00;0.00;0.00;0.00;0.00;0.00;800.00;1200.00;480.00;800.00;800.00;160.00;0.00;320.00;480.00;1024.67;0.00;0.00;0.00;0.00;0.00;0.00;0.00;0.00
1772830277.6683054;0.00;0.00;0.00;0.00;0.00;1280.00;0.00;1344.67;1297.00;1440.00;0.00;0.00;0.00;0.00;0.00;0.00;0.00;0.00;0.00;0.00;0.00;960.00;0.00;160.00;0.00;0.00;0.00;0.00;0.00;800.00;1200.00;480.00;800.00;800.00;160.00;0.00;320.00;480.00;1024.67;0.00;0.00;0.00;0.00;0.00;0.00;0.00;0.00
1772830298.4031656;0.00;0.00;0.00;0.00;0.00;1280.00;0.00;1344.67;1297.00;1440.00;144.67;0.00;0.00;0.00;0.00;0.00;0.00;0.00;0.00;0.00;0.00;960.00;0.00;160.00;0.00;0.00;0.00;0.00;0.00;800.00;1200.00;480.00;800.00;800.00;160.00;0.00;320.00;480.00;1024.67;0.00;0.00;0.00;0.00;0.00;0.00;0.00;0.00
1772830298.4046526;0.00;0.00;0.00;0.00;0.00;1280.00;0.00;1344.67;1297.00;1440.00;144.67;0.00;0.00;0.00;0.00;0.00;0.00;0.00;0.00;0.00;0.00;960.00;0.00;160.00;0.00;0.00;0.00;0.00;0.00;800.00;1200.00;480.00;800.00;800.00;160.00;0.00;320.00;480.00;1024.67;0.00;0.00;0.00;0.00;0.00;0.00;0.00;0.00
1772830298.4248033;0.00;0.00;0.00;0.00;0.00;1280.00;0.00;1344.67;1297.00;1440.00;384.67;0.00;0.00;0.00;0.00;0.00;0.00;0.00;0.00;0.00;0.00;960.00;0.00;160.00;0.00;0.00;160.00;0.00;0.00;800.00;1200.00;480.00;800.00;800.00;160.00;0.00;320.00;480.00;1024.67;0.00;0.00;0.00;0.00;0.00;0.00;0.00;0.00
1772830298.425524;0.00;0.00;0.00;0.00;0.00;1280.00;0.00;1344.67;1297.00;1440.00;384.67;0.00;0.00;0.00;0.00;0.00;0.00;0.00;0.00;0.00;0.00;960.00;0.00;160.00;0.00;0.00;160.00;0.00;0.00;800.00;1200.00;480.00;800.00;800.00;160.00;0.00;320.00;480.00;1024.67;0.00;0.00;0.00;0.00;0.00;0.00;0.00;0.00
1772830298.4444048;0.00;0.00;0.00;0.00;0.00;1280.00;0.00;1344.67;1297.00;1440.00;529.34;0.00;0.00;0.00;0.00;0.00;0.00;0.00;0.00;0.00;0.00;960.00;0.00;160.00;0.00;0.00;224.67;0.00;0.00;800.00;1200.00;480.00;800.00;800.00;160.00;0.00;320.00;480.00;1024.67;0.00;0.00;0.00;0.00;0.00;0.00;0.00;0.00
1772830298.4451413;0.00;0.00;0.00;0.00;0.00;1280.00;0.00;1344.67;1297.00;1440.00;529.34;0.00;0.00;0.00;0.00;0.00;0.00;0.00;0.00;0.00;0.00;960.00;0.00;160.00;0.00;0.00;224.67;0.00;0.00;800.00;1200.00;480.00;800.00;800.00;160.00;0.00;320.00;480.00;1024.67;0.00;0.00;0.00;0.00;0.00;0.00;0.00;0.00
1772830298.4635239;0.00;0.00;0.00;0.00;0.00;1280.00;0.00;1344.67;1297.00;1440.00;769.34;0.00;0.00;0.00;0.00;0.00;0.00;0.00;0.00;0.00;0.00;960.00;0.00;160.00;0.00;0.00;224.67;0.00;0.00;800.00;1200.00;480.00;800.00;800.00;160.00;0.00;320.00;480.00;1024.67;0.00;0.00;0.00;0.00;0.00;0.00;0.00;0.00
1772830298.4643126;0.00;0.00;0.00;0.00;0.00;1280.00;0.00;1344.67;1297.00;1440.00;769.34;0.00;0.00;0.00;0.00;0.00;0.00;0.00;0.00;0.00;0.00;960.00;0.00;160.00;0.00;0.00;224.67;0.00;0.00;800.00;1200.00;480.00;800.00;800.00;160.00;0.00;320.00;480.00;1024.67;0.00;0.00;0.00;0.00;0.00;0.00;0.00;0.00
1772830298.4830937;0.00;0.00;0.00;0.00;0.00;1280.00;0.00;1344.67;1297.00;1440.00;1009.34;0.00;0.00;0.00;0.00;0.00;0.00;0.00;0.00;0.00;0.00;960.00;0.00;160.00;0.00;0.00;384.67;160.00;0.00;800.00;1200.00;480.00;800.00;800.00;160.00;0.00;320.00;480.00;1024.67;0.00;0.00;0.00;0.00;0.00;0.00;0.00;0.00
1772830298.4838462;0.00;0.00;0.00;0.00;0.00;1280.00;0.00;1344.67;1297.00;1440.00;1009.34;0.00;0.00;0.00;0.00;0.00;0.00;0.00;0.00;0.00;0.00;960.00;0.00;160.00;0.00;0.00;384.67;160.00;0.00;800.00;1200.00;480.00;800.00;800.00;160.00;0.00;320.00;480.00;1024.67;0.00;0.00;0.00;0.00;0.00;0.00;0.00;0.00
1772830298.5026958;0.00;0.00;0.00;0.00;0.00;1280.00;0.00;1344.67;1297.00;1440.00;1249.34;0.00;0.00;0.00;0.00;0.00;0.00;0.00;0.00;0.00;0.00;960.00;0.00;160.00;160.00;160.00;384.67;160.00;0.00;800.00;1200.00;480.00;800.00;800.00;160.00;0.00;320.00;480.00;1024.67;320.00;0.00;0.00;0.00;0.00;0.00;0.00;0.00
1772830298.5034602;0.00;0.00;0.00;0.00;0.00;1280.00;0.00;1344.67;1297.00;1440.00;1249.34;0.00;0.00;0.00;0.00;0.00;0.00;0.00;0.00;0.00;0.00;960.00;0.00;160.00;160.00;160.00;384.67;160.00;0.00;800.00;1200.00;480.00;800.00;800.00;160.00;0.00;320.00;480.00;1024.67;320.00;0.00;0.00;0.00;0.00;0.00;0.00;0.00
1772830318.4346423;0.00;0.00;0.00;0.00;0.00;1280.00;0.00;1344.67;1297.00;1440.00;1249.34;0.00;0.00;0.00;0.00;0.00;0.00;0.00;0.00;0.00;240.00;960.00;0.00;160.00;160.00;160.00;384.67;160.00;0.00;800.00;1200.00;480.00;800.00;800.00;160.00;0.00;320.00;480.00;1024.67;320.00;0.00;0.00;0.00;0.00;0.00;0.00;0.00
1772830318.435536;0.00;0.00;0.00;0.00;0.00;1280.00;0.00;1344.67;1297.00;1440.00;1249.34;0.00;0.00;0.00;0.00;0.00;0.00;0.00;0.00;0.00;240.00;960.00;0.00;160.00;160.00;160.00;384.67;160.00;0.00;800.00;1200.00;480.00;800.00;800.00;160.00;0.00;320.00;480.00;1024.67;320.00;0.00;0.00;0.00;0.00;0.00;0.00;0.00
1772830318.4551609;0.00;0.00;0.00;0.00;0.00;1280.00;0.00;1344.67;1297.00;1440.00;1249.34;0.00;0.00;0.00;0.00;0.00;0.00;0.00;0.00;0.00;480.00;960.00;0.00;160.00;160.00;160.00;384.67;160.00;0.00;800.00;1200.00;480.00;800.00;800.00;160.00;0.00;320.00;480.00;1024.67;320.00;0.00;0.00;0.00;0.00;0.00;0.00;0.00
1772830318.4559853;0.00;0.00;0.00;0.00;0.00;1280.00;0.00;1344.67;1297.00;1440.00;1249.34;0.00;0.00;0.00;0.00;0.00;0.00;0.00;0.00;0.00;480.00;960.00;0.00;160.00;160.00;160.00;384.67;160.00;0.00;800.00;1200.00;480.00;800.00;800.00;160.00;0.00;320.00;480.00;1024.67;320.00;0.00;0.00;0.00;0.00;0.00;0.00;0.00
1772830318.4756808;0.00;0.00;0.00;0.00;0.00;1280.00;0.00;1344.67;1297.00;1440.00;1249.34;0.00;0.00;0.00;0.00;0.00;0.00;0.00;0.00;0.00;720.00;960.00;0.00;160.00;160.00;160.00;384.67;160.00;0.00;800.00;1200.00;480.00;800.00;800.00;160.00;320.00;320.00;480.00;1024.67;320.00;0.00;0.00;0.00;0.00;0.00;0.00;0.00
1772830318.4766712;0.00;0.00;0.00;0.00;0.00;1280.00;0.00;1344.67;1297.00;1440.00;1249.34;0.00;0.00;0.00;0.00;0.00;0.00;0.00;0.00;0.00;720.00;960.00;0.00;160.00;160.00;160.00;384.67;160.00;0.00;800.00;1200.00;480.00;800.00;800.00;160.00;320.00;320.00;480.00;1024.67;320.00;0.00;0.00;0.00;0.00;0.00;0.00;0.00
1772830318.4971166;0.00;0.00;0.00;0.00;0.00;1280.00;0.00;1344.67;1297.00;1440.00;1249.34;0.00;0.00;0.00;0.00;0.00;0.00;0.00;0.00;0.00;960.00;960.00;0.00;160.00;160.00;160.00;384.67;160.00;0.00;800.00;1200.00;480.00;800.00;800.00;160.00;480.00;320.00;480.00;1024.67;320.00;0.00;0.00;0.00;0.00;0.00;0.00;0.00
1772830318.4980752;0.00;0.00;0.00;0.00;0.00;1280.00;0.00;1344.67;1297.00;1440.00;1249.34;0.00;0.00;0.00;0.00;0.00;0.00;0.00;0.00;0.00;960.00;960.00;0.00;160.00;160.00;160.00;384.67;160.00;0.00;800.00;1200.00;480.00;800.00;800.00;160.00;480.00;320.00;480.00;1024.67;320.00;0.00;0.00;0.00;0.00;0.00;0.00;0.00
1772830318.5178394;0.00;0.00;0.00;0.00;0.00;1280.00;0.00;1344.67;1297.00;1440.00;1249.34;0.00;0.00;0.00;0.00;0.00;0.00;0.00;0.00;0.00;1200.00;960.00;0.00;160.00;160.00;160.00;384.67;160.00;160.00;800.00;1200.00;480.00;800.00;800.00;160.00;480.00;320.00;480.00;1024.67;320.00;0.00;0.00;0.00;0.00;0.00;0.00;0.00
1772830318.518757;0.00;0.00;0.00;0.00;0.00;1280.00;0.00;1344.67;1297.00;1440.00;1249.34;0.00;0.00;0.00;0.00;0.00;0.00;0.00;0.00;0.00;1200.00;960.00;0.00;160.00;160.00;160.00;384.67;160.00;160.00;800.00;1200.00;480.00;800.00;800.00;160.00;480.00;320.00;480.00;1024.67;320.00;0.00;0.00;0.00;0.00;0.00;0.00;0.00
1772830318.5388322;0.00;0.00;0.00;0.00;0.00;1280.00;0.00;1344.67;1297.00;1440.00;1249.34;0.00;0.00;0.00;0.00;0.00;0.00;0.00;0.00;0.00;1440.00;960.00;0.00;160.00;160.00;160.00;384.67;160.00;160.00;800.00;1200.00;480.00;800.00;800.00;160.00;480.00;320.00;480.00;1024.67;320.00;0.00;0.00;0.00;0.00;0.00;0.00;0.00
1772830318.5396738;0.00;0.00;0.00;0.00;0.00;1280.00;0.00;1344.67;1297.00;1440.00;1249.34;0.00;0.00;0.00;0.00;0.00;0.00;0.00;0.00;0.00;1440.00;960.00;0.00;160.00;160.00;160.00;384.67;160.00;160.00;800.00;1200.00;480.00;800.00;800.00;160.00;480.00;320.00;480.00;1024.67;320.00;0.00;0.00;0.00;0.00;0.00;0.00;0.00
1772830334.605626;0.00;0.00;0.00;0.00;0.00;1280.00;0.00;1344.67;1297.00;0.00;1249.34;0.00;0.00;0.00;0.00;0.00;0.00;0.00;0.00;0.00;1440.00;1200.00;0.00;240.00;160.00;160.00;384.67;160.00;160.00;800.00;720.00;480.00;800.00;800.00;240.00;480.00;320.00;480.00;1024.67;320.00;0.00;0.00;0.00;0.00;0.00;0.00;0.00
1772830334.607404;0.00;0.00;0.00;0.00;0.00;1280.00;0.00;1344.67;1297.00;0.00;1249.34;0.00;0.00;0.00;0.00;0.00;0.00;0.00;0.00;0.00;1440.00;1200.00;0.00;240.00;160.00;160.00;384.67;160.00;160.00;800.00;720.00;480.00;800.00;800.00;240.00;480.00;320.00;480.00;1024.67;320.00;0.00;0.00;0.00;0.00;0.00;0.00;0.00
1772830334.6440468;0.00;0.00;0.00;0.00;0.00;1280.00;0.00;1344.67;1297.00;0.00;1249.34;0.00;0.00;0.00;0.00;0.00;0.00;0.00;0.00;0.00;1440.00;1280.00;0.00;320.00;160.00;160.00;384.67;160.00;160.00;800.00;720.00;480.00;800.00;800.00;320.00;480.00;320.00;480.00;1024.67;320.00;0.00;0.00;0.00;0.00;0.00;0.00;0.00
1772830334.6457672;0.00;0.00;0.00;0.00;0.00;1280.00;0.00;1344.67;1297.00;0.00;1249.34;0.00;0.00;0.00;0.00;0.00;0.00;0.00;0.00;0.00;1440.00;1280.00;0.00;320.00;160.00;160.00;384.67;160.00;160.00;800.00;720.00;480.00;800.00;800.00;320.00;480.00;320.00;480.00;1024.67;320.00;0.00;0.00;0.00;0.00;0.00;0.00;0.00
1772830334.680647;0.00;0.00;0.00;0.00;0.00;1280.00;0.00;1344.67;1297.00;0.00;1249.34;0.00;0.00;0.00;0.00;0.00;0.00;0.00;0.00;0.00;1440.00;1360.00;0.00;400.00;160.00;160.00;384.67;160.00;160.00;800.00;720.00;480.00;800.00;800.00;400.00;480.00;320.00;480.00;1024.67;320.00;0.00;0.00;0.00;0.00;0.00;0.00;0.00
1772830334.6823976;0.00;0.00;0.00;0.00;0.00;1280.00;0.00;1344.67;1297.00;0.00;1249.34;0.00;0.00;0.00;0.00;0.00;0.00;0.00;0.00;0.00;1440.00;1360.00;0.00;400.00;160.00;160.00;384.67;160.00;160.00;800.00;720.00;480.00;800.00;800.00;400.00;480.00;320.00;480.00;1024.67;320.00;0.00;0.00;0.00;0.00;0.00;0.00;0.00
1772830334.7166276;0.00;0.00;0.00;0.00;0.00;1280.00;0.00;1344.67;1297.00;0.00;1249.34;0.00;0.00;0.00;0.00;0.00;0.00;0.00;0.00;0.00;1440.00;1600.00;0.00;640.00;160.00;160.00;384.67;160.00;160.00;800.00;720.00;480.00;800.00;800.00;640.00;480.00;320.00;480.00;1024.67;320.00;0.00;0.00;0.00;0.00;0.00;0.00;0.00
1772830334.7183096;0.00;0.00;0.00;0.00;0.00;1280.00;0.00;1344.67;1297.00;0.00;1249.34;0.00;0.00;0.00;0.00;0.00;0.00;0.00;0.00;0.00;1440.00;1600.00;0.00;640.00;160.00;160.00;384.67;160.00;160.00;800.00;720.00;480.00;800.00;800.00;640.00;480.00;320.00;480.00;1024.67;320.00;0.00;0.00;0.00;0.00;0.00;0.00;0.00
1772830334.7501945;0.00;0.00;0.00;0.00;0.00;1280.00;0.00;1344.67;1297.00;0.00;1249.34;0.00;0.00;0.00;0.00;0.00;0.00;0.00;0.00;0.00;1440.00;1600.00;0.00;640.00;160.00;160.00;384.67;160.00;160.00;800.00;720.00;480.00;800.00;800.00;640.00;480.00;320.00;480.00;1024.67;320.00;0.00;0.00;0.00;0.00;0.00;0.00;0.00
1772830334.7518222;0.00;0.00;0.00;0.00;0.00;1280.00;0.00;1344.67;1297.00;0.00;1249.34;0.00;0.00;0.00;0.00;0.00;0.00;0.00;0.00;0.00;1440.00;1600.00;0.00;640.00;160.00;160.00;384.67;160.00;160.00;800.00;720.00;480.00;800.00;800.00;640.00;480.00;320.00;480.00;1024.67;320.00;0.00;0.00;0.00;0.00;0.00;0.00;0.00
1772830334.783645;0.00;0.00;0.00;0.00;0.00;1280.00;0.00;1344.67;1297.00;0.00;1249.34;0.00;0.00;0.00;0.00;0.00;0.00;0.00;0.00;0.00;1440.00;1600.00;0.00;640.00;160.00;160.00;384.67;160.00;160.00;800.00;720.00;480.00;800.00;800.00;640.00;480.00;320.00;480.00;1024.67;320.00;0.00;0.00;0.00;0.00;0.00;0.00;0.00
1772830334.7853315;0.00;0.00;0.00;0.00;0.00;1280.00;0.00;1344.67;1297.00;0.00;1249.34;0.00;0.00;0.00;0.00;0.00;0.00;0.00;0.00;0.00;1440.00;1600.00;0.00;640.00;160.00;160.00;384.67;160.00;160.00;800.00;720.00;480.00;800.00;800.00;640.00;480.00;320.00;480.00;1024.67;320.00;0.00;0.00;0.00;0.00;0.00;0.00;0.00
1772830352.518678;0.00;144.67;0.00;0.00;0.00;1280.00;0.00;1344.67;1297.00;0.00;1249.34;0.00;0.00;0.00;0.00;0.00;0.00;0.00;0.00;0.00;1440.00;0.00;0.00;480.00;160.00;160.00;384.67;160.00;160.00;800.00;720.00;640.00;0.00;0.00;480.00;480.00;320.00;480.00;1024.67;320.00;0.00;0.00;0.00;0.00;0.00;0.00;0.00
1772830352.5202553;0.00;144.67;0.00;0.00;0.00;1280.00;0.00;1344.67;1297.00;0.00;1249.34;0.00;0.00;0.00;0.00;0.00;0.00;0.00;0.00;0.00;1440.00;0.00;0.00;480.00;160.00;160.00;384.67;160.00;160.00;800.00;720.00;640.00;0.00;0.00;480.00;480.00;320.00;480.00;1024.67;320.00;0.00;0.00;0.00;0.00;0.00;0.00;0.00
1772830352.5530212;0.00;384.67;0.00;0.00;0.00;1280.00;0.00;1344.67;1297.00;0.00;1249.34;0.00;0.00;0.00;0.00;0.00;0.00;0.00;0.00;0.00;1440.00;0.00;0.00;480.00;160.00;160.00;384.67;160.00;160.00;800.00;720.00;640.00;0.00;0.00;480.00;480.00;320.00;480.00;1024.67;320.00;0.00;0.00;0.00;0.00;0.00;0.00;0.00
1772830352.5545049;0.00;384.67;0.00;0.00;0.00;1280.00;0.00;1344.67;1297.00;0.00;1249.34;0.00;0.00;0.00;0.00;0.00;0.00;0.00;0.00;0.00;1440.00;0.00;0.00;480.00;160.00;160.00;384.67;160.00;160.00;800.00;720.00;640.00;0.00;0.00;480.00;480.00;320.00;480.00;1024.67;320.00;0.00;0.00;0.00;0.00;0.00;0.00;0.00
1772830352.5951223;0.00;624.67;0.00;0.00;0.00;1280.00;0.00;1344.67;1297.00;0.00;1249.34;0.00;0.00;0.00;0.00;0.00;0.00;0.00;0.00;0.00;1440.00;0.00;0.00;480.00;160.00;160.00;384.67;160.00;160.00;800.00;720.00;800.00;0.00;0.00;480.00;480.00;320.00;480.00;1024.67;320.00;0.00;0.00;0.00;0.00;0.00;0.00;0.00
1772830352.5966165;0.00;624.67;0.00;0.00;0.00;1280.00;0.00;1344.67;1297.00;0.00;1249.34;0.00;0.00;0.00;0.00;0.00;0.00;0.00;0.00;0.00;1440.00;0.00;0.00;480.00;160.00;160.00;384.67;160.00;160.00;800.00;720.00;800.00;0.00;0.00;480.00;480.00;320.00;480.00;1024.67;320.00;0.00;0.00;0.00;0.00;0.00;0.00;0.00
1772830352.63007;0.00;864.67;0.00;0.00;0.00;1280.00;0.00;1344.67;1297.00;0.00;1249.34;0.00;0.00;0.00;0.00;0.00;0.00;0.00;0.00;0.00;1440.00;0.00;0.00;480.00;160.00;160.00;384.67;160.00;160.00;800.00;720.00;960.00;0.00;0.00;480.00;480.00;320.00;480.00;1024.67;320.00;0.00;0.00;0.00;0.00;0.00;0.00;0.00
1772830352.6316295;0.00;864.67;0.00;0.00;0.00;1280.00;0.00;1344.67;1297.00;0.00;1249.34;0.00;0.00;0.00;0.00;0.00;0.00;0.00;0.00;0.00;1440.00;0.00;0.00;480.00;160.00;160.00;384.67;160.00;160.00;800.00;720.00;960.00;0.00;0.00;480.00;480.00;320.00;480.00;1024.67;320.00;0.00;0.00;0.00;0.00;0.00;0.00;0.00
1772830352.6650994;0.00;1104.67;0.00;0.00;0.00;1280.00;0.00;1344.67;1297.00;0.00;1249.34;0.00;0.00;0.00;0.00;0.00;0.00;0.00;0.00;0.00;1440.00;0.00;0.00;480.00;160.00;160.00;384.67;160.00;160.00;800.00;880.00;960.00;0.00;0.00;480.00;480.00;320.00;480.00;1024.67;320.00;0.00;0.00;0.00;0.00;0.00;0.00;0.00
1772830352.666617;0.00;1104.67;0.00;0.00;0.00;1280.00;0.00;1344.67;1297.00;0.00;1249.34;0.00;0.00;0.00;0.00;0.00;0.00;0.00;0.00;0.00;1440.00;0.00;0.00;480.00;160.00;160.00;384.67;160.00;160.00;800.00;880.00;960.00;0.00;0.00;480.00;480.00;320.00;480.00;1024.67;320.00;0.00;0.00;0.00;0.00;0.00;0.00;0.00
1772830352.700784;0.00;1344.67;0.00;0.00;0.00;1280.00;0.00;1344.67;1297.00;0.00;1249.34;0.00;0.00;0.00;0.00;0.00;0.00;0.00;0.00;0.00;1440.00;0.00;0.00;480.00;160.00;160.00;384.67;160.00;160.00;800.00;880.00;960.00;0.00;0.00;480.00;480.00;320.00;480.00;1024.67;320.00;0.00;0.00;0.00;0.00;0.00;0.00;0.00
1772830352.7024019;0.00;1344.67;0.00;0.00;0.00;1280.00;0.00;1344.67;1297.00;0.00;1249.34;0.00;0.00;0.00;0.00;0.00;0.00;0.00;0.00;0.00;1440.00;0.00;0.00;480.00;160.00;160.00;384.67;160.00;160.00;800.00;880.00;960.00;0.00;0.00;480.00;480.00;320.00;480.00;1024.67;320.00;0.00;0.00;0.00;0.00;0.00;0.00;0.00
1772830380.5339255;0.00;1344.67;0.00;0.00;144.67;1280.00;0.00;0.00;0.00;0.00;1249.34;0.00;0.00;0.00;0.00;0.00;0.00;0.00;0.00;0.00;1440.00;0.00;0.00;480.00;160.00;160.00;384.67;160.00;160.00;0.00;160.00;960.00;0.00;0.00;480.00;480.00;320.00;320.00;0.00;320.00;0.00;0.00;0.00;0.00;0.00;0.00;0.00
1772830380.5347283;0.00;1344.67;0.00;0.00;144.67;1280.00;0.00;0.00;0.00;0.00;1249.34;0.00;0.00;0.00;0.00;0.00;0.00;0.00;0.00;0.00;1440.00;0.00;0.00;480.00;160.00;160.00;384.67;160.00;160.00;0.00;160.00;960.00;0.00;0.00;480.00;480.00;320.00;320.00;0.00;320.00;0.00;0.00;0.00;0.00;0.00;0.00;0.00
1772830380.6256828;0.00;1344.67;0.00;0.00;384.67;1280.00;0.00;0.00;0.00;0.00;1249.34;0.00;0.00;0.00;0.00;0.00;0.00;0.00;0.00;0.00;1440.00;0.00;0.00;480.00;160.00;160.00;384.67;160.00;160.00;0.00;160.00;960.00;0.00;0.00;480.00;480.00;320.00;320.00;0.00;320.00;0.00;0.00;0.00;0.00;0.00;0.00;0.00
1772830380.6264887;0.00;1344.67;0.00;0.00;384.67;1280.00;0.00;0.00;0.00;0.00;1249.34;0.00;0.00;0.00;0.00;0.00;0.00;0.00;0.00;0.00;1440.00;0.00;0.00;480.00;160.00;160.00;384.67;160.00;160.00;0.00;160.00;960.00;0.00;0.00;480.00;480.00;320.00;320.00;0.00;320.00;0.00;0.00;0.00;0.00;0.00;0.00;0.00
1772830380.6461906;0.00;1344.67;0.00;0.00;624.67;1280.00;0.00;0.00;0.00;0.00;1249.34;0.00;0.00;0.00;0.00;0.00;0.00;0.00;0.00;0.00;1440.00;0.00;0.00;480.00;160.00;160.00;384.67;160.00;160.00;0.00;160.00;1120.00;0.00;0.00;480.00;480.00;320.00;320.00;0.00;320.00;0.00;0.00;0.00;0.00;0.00;0.00;0.00
1772830380.6469407;0.00;1344.67;0.00;0.00;624.67;1280.00;0.00;0.00;0.00;0.00;1249.34;0.00;0.00;0.00;0.00;0.00;0.00;0.00;0.00;0.00;1440.00;0.00;0.00;480.00;160.00;160.00;384.67;160.00;160.00;0.00;160.00;1120.00;0.00;0.00;480.00;480.00;320.00;320.00;0.00;320.00;0.00;0.00;0.00;0.00;0.00;0.00;0.00
1772830380.6669166;0.00;1344.67;0.00;0.00;864.67;1280.00;0.00;0.00;0.00;0.00;1249.34;0.00;0.00;0.00;0.00;0.00;0.00;0.00;0.00;0.00;1440.00;0.00;0.00;480.00;160.00;160.00;384.67;160.00;160.00;0.00;160.00;1120.00;0.00;0.00;480.00;480.00;320.00;320.00;0.00;320.00;0.00;0.00;0.00;0.00;0.00;0.00;0.00
1772830380.667624;0.00;1344.67;0.00;0.00;864.67;1280.00;0.00;0.00;0.00;0.00;1249.34;0.00;0.00;0.00;0.00;0.00;0.00;0.00;0.00;0.00;1440.00;0.00;0.00;480.00;160.00;160.00;384.67;160.00;160.00;0.00;160.00;1120.00;0.00;0.00;480.00;480.00;320.00;320.00;0.00;320.00;0.00;0.00;0.00;0.00;0.00;0.00;0.00
1772830380.6875782;0.00;1344.67;0.00;0.00;944.67;1280.00;0.00;0.00;0.00;0.00;1249.34;0.00;0.00;0.00;0.00;0.00;0.00;0.00;0.00;0.00;1440.00;0.00;0.00;480.00;160.00;160.00;384.67;160.00;160.00;0.00;160.00;1120.00;0.00;0.00;480.00;480.00;320.00;320.00;0.00;320.00;0.00;0.00;0.00;0.00;0.00;0.00;0.00
1772830380.6882954;0.00;1344.67;0.00;0.00;944.67;1280.00;0.00;0.00;0.00;0.00;1249.34;0.00;0.00;0.00;0.00;0.00;0.00;0.00;0.00;0.00;1440.00;0.00;0.00;480.00;160.00;160.00;384.67;160.00;160.00;0.00;160.00;1120.00;0.00;0.00;480.00;480.00;320.00;320.00;0.00;320.00;0.00;0.00;0.00;0.00;0.00;0.00;0.00
1772830380.7083333;0.00;1344.67;0.00;0.00;1184.67;1280.00;0.00;0.00;0.00;0.00;1249.34;0.00;0.00;0.00;0.00;0.00;0.00;0.00;0.00;0.00;1440.00;0.00;0.00;480.00;160.00;160.00;384.67;160.00;160.00;0.00;160.00;1280.00;0.00;0.00;480.00;480.00;640.00;320.00;0.00;320.00;0.00;0.00;0.00;0.00;0.00;0.00;0.00
1772830380.7090685;0.00;1344.67;0.00;0.00;1184.67;1280.00;0.00;0.00;0.00;0.00;1249.34;0.00;0.00;0.00;0.00;0.00;0.00;0.00;0.00;0.00;1440.00;0.00;0.00;480.00;160.00;160.00;384.67;160.00;160.00;0.00;160.00;1280.00;0.00;0.00;480.00;480.00;640.00;320.00;0.00;320.00;0.00;0.00;0.00;0.00;0.00;0.00;0.00
1772830403.572843;0.00;1344.67;0.00;0.00;1184.67;0.00;0.00;0.00;0.00;240.00;1249.34;0.00;0.00;0.00;0.00;0.00;0.00;0.00;0.00;0.00;1440.00;0.00;0.00;480.00;160.00;160.00;384.67;160.00;160.00;0.00;160.00;800.00;0.00;0.00;480.00;480.00;320.00;0.00;0.00;320.00;0.00;0.00;0.00;0.00;0.00;0.00;0.00
1772830403.574407;0.00;1344.67;0.00;0.00;1184.67;0.00;0.00;0.00;0.00;240.00;1249.34;0.00;0.00;0.00;0.00;0.00;0.00;0.00;0.00;0.00;1440.00;0.00;0.00;480.00;160.00;160.00;384.67;160.00;160.00;0.00;160.00;800.00;0.00;0.00;480.00;480.00;320.00;0.00;0.00;320.00;0.00;0.00;0.00;0.00;0.00;0.00;0.00
1772830403.6093445;0.00;1344.67;0.00;0.00;1184.67;0.00;0.00;0.00;0.00;337.00;1249.34;0.00;0.00;0.00;0.00;0.00;0.00;0.00;0.00;0.00;1440.00;0.00;0.00;480.00;160.00;160.00;384.67;160.00;160.00;0.00;160.00;800.00;0.00;0.00;480.00;480.00;320.00;0.00;0.00;320.00;0.00;0.00;0.00;0.00;0.00;0.00;0.00
1772830403.6108296;0.00;1344.67;0.00;0.00;1184.67;0.00;0.00;0.00;0.00;337.00;1249.34;0.00;0.00;0.00;0.00;0.00;0.00;0.00;0.00;0.00;1440.00;0.00;0.00;480.00;160.00;160.00;384.67;160.00;160.00;0.00;160.00;800.00;0.00;0.00;480.00;480.00;320.00;0.00;0.00;320.00;0.00;0.00;0.00;0.00;0.00;0.00;0.00
1772830403.6451495;0.00;1344.67;0.00;0.00;1184.67;0.00;0.00;0.00;0.00;434.00;1249.34;0.00;0.00;0.00;0.00;0.00;0.00;0.00;0.00;0.00;1440.00;0.00;0.00;480.00;160.00;160.00;384.67;160.00;160.00;0.00;160.00;800.00;0.00;0.00;480.00;480.00;320.00;0.00;0.00;320.00;0.00;0.00;0.00;0.00;0.00;0.00;0.00
1772830403.6464705;0.00;1344.67;0.00;0.00;1184.67;0.00;0.00;0.00;0.00;434.00;1249.34;0.00;0.00;0.00;0.00;0.00;0.00;0.00;0.00;0.00;1440.00;0.00;0.00;480.00;160.00;160.00;384.67;160.00;160.00;0.00;160.00;800.00;0.00;0.00;480.00;480.00;320.00;0.00;0.00;320.00;0.00;0.00;0.00;0.00;0.00;0.00;0.00
1772830403.6801932;0.00;1344.67;0.00;0.00;1184.67;0.00;0.00;0.00;0.00;674.00;1249.34;0.00;0.00;0.00;0.00;0.00;0.00;0.00;0.00;0.00;1440.00;0.00;0.00;480.00;160.00;160.00;384.67;160.00;160.00;0.00;160.00;800.00;0.00;0.00;480.00;480.00;320.00;0.00;320.00;320.00;0.00;0.00;0.00;0.00;0.00;0.00;0.00
1772830403.6815643;0.00;1344.67;0.00;0.00;1184.67;0.00;0.00;0.00;0.00;674.00;1249.34;0.00;0.00;0.00;0.00;0.00;0.00;0.00;0.00;0.00;1440.00;0.00;0.00;480.00;160.00;160.00;384.67;160.00;160.00;0.00;160.00;800.00;0.00;0.00;480.00;480.00;320.00;0.00;320.00;320.00;0.00;0.00;0.00;0.00;0.00;0.00;0.00
1772830403.7152545;0.00;1344.67;0.00;0.00;1184.67;0.00;0.00;0.00;0.00;914.00;1249.34;0.00;0.00;0.00;0.00;0.00;0.00;0.00;0.00;0.00;1440.00;0.00;0.00;480.00;160.00;160.00;384.67;160.00;160.00;0.00;160.00;800.00;0.00;0.00;480.00;480.00;320.00;0.00;480.00;320.00;0.00;0.00;0.00;0.00;0.00;0.00;0.00
1772830403.71667;0.00;1344.67;0.00;0.00;1184.67;0.00;0.00;0.00;0.00;914.00;1249.34;0.00;0.00;0.00;0.00;0.00;0.00;0.00;0.00;0.00;1440.00;0.00;0.00;480.00;160.00;160.00;384.67;160.00;160.00;0.00;160.00;800.00;0.00;0.00;480.00;480.00;320.00;0.00;480.00;320.00;0.00;0.00;0.00;0.00;0.00;0.00;0.00
1772830403.750933;0.00;1344.67;0.00;0.00;1184.67;0.00;0.00;0.00;0.00;1154.00;1249.34;0.00;0.00;0.00;0.00;0.00;0.00;0.00;0.00;0.00;1440.00;0.00;0.00;480.00;160.00;160.00;384.67;160.00;160.00;160.00;160.00;800.00;0.00;0.00;480.00;480.00;320.00;0.00;480.00;320.00;0.00;0.00;0.00;0.00;0.00;0.00;0.00
1772830403.752344;0.00;1344.67;0.00;0.00;1184.67;0.00;0.00;0.00;0.00;1154.00;1249.34;0.00;0.00;0.00;0.00;0.00;0.00;0.00;0.00;0.00;1440.00;0.00;0.00;480.00;160.00;160.00;384.67;160.00;160.00;160.00;160.00;800.00;0.00;0.00;480.00;480.00;320.00;0.00;480.00;320.00;0.00;0.00;0.00;0.00;0.00;0.00;0.00
1772830424.6131725;0.00;1344.67;0.00;0.00;1184.67;0.00;0.00;0.00;0.00;1154.00;1249.34;0.00;0.00;0.00;0.00;0.00;0.00;0.00;0.00;0.00;0.00;0.00;240.00;480.00;160.00;160.00;384.67;160.00;0.00;160.00;160.00;800.00;240.00;240.00;480.00;0.00;480.00;0.00;480.00;320.00;0.00;0.00;0.00;0.00;0.00;0.00;0.00
1772830424.61463;0.00;1344.67;0.00;0.00;1184.67;0.00;0.00;0.00;0.00;1154.00;1249.34;0.00;0.00;0.00;0.00;0.00;0.00;0.00;0.00;0.00;0.00;0.00;240.00;480.00;160.00;160.00;384.67;160.00;0.00;160.00;160.00;800.00;240.00;240.00;480.00;0.00;480.00;0.00;480.00;320.00;0.00;0.00;0.00;0.00;0.00;0.00;0.00
1772830424.7745562;0.00;1344.67;0.00;0.00;1184.67;0.00;0.00;0.00;0.00;1154.00;1249.34;0.00;0.00;0.00;0.00;0.00;0.00;0.00;0.00;0.00;0.00;0.00;480.00;640.00;160.00;160.00;384.67;160.00;0.00;160.00;160.00;800.00;320.00;320.00;640.00;0.00;480.00;0.00;480.00;320.00;0.00;0.00;0.00;0.00;0.00;0.00;0.00
1772830424.7761102;0.00;1344.67;0.00;0.00;1184.67;0.00;0.00;0.00;0.00;1154.00;1249.34;0.00;0.00;0.00;0.00;0.00;0.00;0.00;0.00;0.00;0.00;0.00;480.00;640.00;160.00;160.00;384.67;160.00;0.00;160.00;160.00;800.00;320.00;320.00;640.00;0.00;480.00;0.00;480.00;320.00;0.00;0.00;0.00;0.00;0.00;0.00;0.00
1772830424.8110487;0.00;1344.67;0.00;0.00;1184.67;0.00;0.00;0.00;0.00;1154.00;1249.34;0.00;0.00;0.00;0.00;0.00;0.00;0.00;0.00;0.00;0.00;0.00;560.00;640.00;160.00;160.00;384.67;160.00;0.00;160.00;160.00;800.00;400.00;400.00;640.00;0.00;480.00;0.00;480.00;320.00;0.00;0.00;0.00;0.00;0.00;0.00;0.00
1772830424.8123918;0.00;1344.67;0.00;0.00;1184.67;0.00;0.00;0.00;0.00;1154.00;1249.34;0.00;0.00;0.00;0.00;0.00;0.00;0.00;0.00;0.00;0.00;0.00;560.00;640.00;160.00;160.00;384.67;160.00;0.00;160.00;160.00;800.00;400.00;400.00;640.00;0.00;480.00;0.00;480.00;320.00;0.00;0.00;0.00;0.00;0.00;0.00;0.00
1772830424.8465273;0.00;1344.67;0.00;0.00;1184.67;0.00;0.00;0.00;0.00;1154.00;1249.34;0.00;0.00;0.00;0.00;0.00;0.00;0.00;0.00;0.00;0.00;0.00;800.00;640.00;160.00;160.00;384.67;160.00;0.00;160.00;160.00;800.00;640.00;640.00;640.00;0.00;480.00;0.00;480.00;320.00;0.00;0.00;0.00;0.00;0.00;0.00;0.00
1772830424.8480918;0.00;1344.67;0.00;0.00;1184.67;0.00;0.00;0.00;0.00;1154.00;1249.34;0.00;0.00;0.00;0.00;0.00;0.00;0.00;0.00;0.00;0.00;0.00;800.00;640.00;160.00;160.00;384.67;160.00;0.00;160.00;160.00;800.00;640.00;640.00;640.00;0.00;480.00;0.00;480.00;320.00;0.00;0.00;0.00;0.00;0.00;0.00;0.00
1772830424.8833764;0.00;1344.67;0.00;0.00;1184.67;0.00;0.00;0.00;0.00;1154.00;1249.34;0.00;0.00;0.00;0.00;0.00;0.00;0.00;0.00;0.00;0.00;0.00;1040.00;800.00;160.00;160.00;384.67;160.00;0.00;160.00;160.00;800.00;720.00;720.00;800.00;0.00;480.00;0.00;480.00;320.00;0.00;0.00;0.00;0.00;0.00;0.00;0.00
1772830424.8849359;0.00;1344.67;0.00;0.00;1184.67;0.00;0.00;0.00;0.00;1154.00;1249.34;0.00;0.00;0.00;0.00;0.00;0.00;0.00;0.00;0.00;0.00;0.00;1040.00;800.00;160.00;160.00;384.67;160.00;0.00;160.00;160.00;800.00;720.00;720.00;800.00;0.00;480.00;0.00;480.00;320.00;0.00;0.00;0.00;0.00;0.00;0.00;0.00
1772830424.9195433;0.00;1344.67;0.00;0.00;1184.67;0.00;0.00;0.00;0.00;1154.00;1249.34;0.00;0.00;0.00;0.00;0.00;0.00;0.00;0.00;0.00;0.00;0.00;1280.00;800.00;160.00;160.00;384.67;160.00;0.00;160.00;160.00;800.00;800.00;960.00;800.00;0.00;480.00;0.00;480.00;320.00;0.00;0.00;0.00;0.00;0.00;0.00;0.00
1772830424.9209611;0.00;1344.67;0.00;0.00;1184.67;0.00;0.00;0.00;0.00;1154.00;1249.34;0.00;0.00;0.00;0.00;0.00;0.00;0.00;0.00;0.00;0.00;0.00;1280.00;800.00;160.00;160.00;384.67;160.00;0.00;160.00;160.00;800.00;800.00;960.00;800.00;0.00;480.00;0.00;480.00;320.00;0.00;0.00;0.00;0.00;0.00;0.00;0.00
1772830439.6550765;0.00;1344.67;0.00;0.00;1184.67;0.00;0.00;0.00;0.00;1154.00;0.00;240.00;0.00;0.00;0.00;0.00;0.00;0.00;0.00;0.00;0.00;0.00;1280.00;800.00;0.00;0.00;0.00;0.00;0.00;160.00;160.00;800.00;800.00;960.00;800.00;0.00;480.00;0.00;480.00;0.00;0.00;0.00;0.00;0.00;0.00;0.00;0.00
1772830439.656516;0.00;1344.67;0.00;0.00;1184.67;0.00;0.00;0.00;0.00;1154.00;0.00;240.00;0.00;0.00;0.00;0.00;0.00;0.00;0.00;0.00;0.00;0.00;1280.00;800.00;0.00;0.00;0.00;0.00;0.00;160.00;160.00;800.00;800.00;960.00;800.00;0.00;480.00;0.00;480.00;0.00;0.00;0.00;0.00;0.00;0.00;0.00;0.00
1772830439.6908393;0.00;1344.67;0.00;0.00;1184.67;0.00;0.00;0.00;0.00;1154.00;0.00;432.33;0.00;0.00;0.00;0.00;0.00;0.00;0.00;0.00;0.00;0.00;1280.00;800.00;0.00;0.00;160.00;0.00;0.00;160.00;160.00;800.00;800.00;960.00;800.00;0.00;480.00;0.00;480.00;0.00;0.00;0.00;0.00;0.00;0.00;0.00;0.00
1772830439.6921265;0.00;1344.67;0.00;0.00;1184.67;0.00;0.00;0.00;0.00;1154.00;0.00;432.33;0.00;0.00;0.00;0.00;0.00;0.00;0.00;0.00;0.00;0.00;1280.00;800.00;0.00;0.00;160.00;0.00;0.00;160.00;160.00;800.00;800.00;960.00;800.00;0.00;480.00;0.00;480.00;0.00;0.00;0.00;0.00;0.00;0.00;0.00;0.00
1772830439.726927;0.00;1344.67;0.00;0.00;1184.67;0.00;0.00;0.00;0.00;1154.00;0.00;672.33;0.00;0.00;0.00;0.00;0.00;0.00;0.00;0.00;0.00;0.00;1280.00;800.00;0.00;0.00;160.00;0.00;0.00;160.00;160.00;800.00;800.00;960.00;800.00;0.00;480.00;0.00;480.00;0.00;0.00;0.00;0.00;0.00;0.00;0.00;0.00
1772830439.7282567;0.00;1344.67;0.00;0.00;1184.67;0.00;0.00;0.00;0.00;1154.00;0.00;672.33;0.00;0.00;0.00;0.00;0.00;0.00;0.00;0.00;0.00;0.00;1280.00;800.00;0.00;0.00;160.00;0.00;0.00;160.00;160.00;800.00;800.00;960.00;800.00;0.00;480.00;0.00;480.00;0.00;0.00;0.00;0.00;0.00;0.00;0.00;0.00
1772830439.763359;0.00;1344.67;0.00;0.00;1184.67;0.00;0.00;0.00;0.00;1154.00;0.00;912.33;0.00;0.00;0.00;0.00;0.00;0.00;0.00;0.00;0.00;0.00;1280.00;800.00;0.00;0.00;320.00;0.00;0.00;160.00;160.00;800.00;800.00;960.00;800.00;0.00;480.00;0.00;480.00;0.00;0.00;0.00;0.00;0.00;0.00;0.00;0.00
1772830439.764759;0.00;1344.67;0.00;0.00;1184.67;0.00;0.00;0.00;0.00;1154.00;0.00;912.33;0.00;0.00;0.00;0.00;0.00;0.00;0.00;0.00;0.00;0.00;1280.00;800.00;0.00;0.00;320.00;0.00;0.00;160.00;160.00;800.00;800.00;960.00;800.00;0.00;480.00;0.00;480.00;0.00;0.00;0.00;0.00;0.00;0.00;0.00;0.00
1772830439.7999797;0.00;1344.67;0.00;0.00;1184.67;0.00;0.00;0.00;0.00;1154.00;0.00;1152.33;0.00;0.00;0.00;0.00;0.00;0.00;0.00;0.00;0.00;0.00;1280.00;800.00;0.00;0.00;480.00;160.00;0.00;160.00;160.00;800.00;800.00;960.00;800.00;0.00;480.00;0.00;480.00;0.00;0.00;0.00;0.00;0.00;0.00;0.00;0.00
1772830439.8014357;0.00;1344.67;0.00;0.00;1184.67;0.00;0.00;0.00;0.00;1154.00;0.00;1152.33;0.00;0.00;0.00;0.00;0.00;0.00;0.00;0.00;0.00;0.00;1280.00;800.00;0.00;0.00;480.00;160.00;0.00;160.00;160.00;800.00;800.00;960.00;800.00;0.00;480.00;0.00;480.00;0.00;0.00;0.00;0.00;0.00;0.00;0.00;0.00
1772830439.836787;0.00;1344.67;0.00;0.00;1184.67;0.00;0.00;0.00;0.00;1154.00;0.00;1392.33;0.00;0.00;0.00;0.00;0.00;0.00;0.00;0.00;0.00;0.00;1280.00;800.00;0.00;0.00;640.00;320.00;0.00;160.00;160.00;800.00;800.00;960.00;800.00;0.00;480.00;0.00;480.00;0.00;0.00;0.00;0.00;0.00;0.00;0.00;0.00
1772830439.8381834;0.00;1344.67;0.00;0.00;1184.67;0.00;0.00;0.00;0.00;1154.00;0.00;1392.33;0.00;0.00;0.00;0.00;0.00;0.00;0.00;0.00;0.00;0.00;1280.00;800.00;0.00;0.00;640.00;320.00;0.00;160.00;160.00;800.00;800.00;960.00;800.00;0.00;480.00;0.00;480.00;0.00;0.00;0.00;0.00;0.00;0.00;0.00;0.00
1772830459.7590508;0.00;1344.67;0.00;0.00;1424.67;0.00;0.00;0.00;0.00;1154.00;0.00;1392.33;0.00;0.00;0.00;0.00;0.00;0.00;0.00;0.00;0.00;0.00;1280.00;0.00;0.00;0.00;640.00;320.00;0.00;160.00;160.00;1040.00;800.00;960.00;0.00;0.00;480.00;0.00;480.00;0.00;0.00;0.00;0.00;0.00;0.00;0.00;0.00
1772830459.7602181;0.00;1344.67;0.00;0.00;1424.67;0.00;0.00;0.00;0.00;1154.00;0.00;1392.33;0.00;0.00;0.00;0.00;0.00;0.00;0.00;0.00;0.00;0.00;1280.00;0.00;0.00;0.00;640.00;320.00;0.00;160.00;160.00;1040.00;800.00;960.00;0.00;0.00;480.00;0.00;480.00;0.00;0.00;0.00;0.00;0.00;0.00;0.00;0.00
1772830459.7825937;0.00;1344.67;0.00;0.00;1664.67;0.00;0.00;0.00;0.00;1154.00;0.00;1392.33;0.00;0.00;0.00;0.00;0.00;0.00;0.00;0.00;0.00;0.00;1280.00;0.00;0.00;0.00;640.00;320.00;0.00;160.00;160.00;1120.00;800.00;960.00;0.00;0.00;640.00;0.00;480.00;0.00;0.00;0.00;0.00;0.00;0.00;0.00;0.00
1772830459.7833543;0.00;1344.67;0.00;0.00;1664.67;0.00;0.00;0.00;0.00;1154.00;0.00;1392.33;0.00;0.00;0.00;0.00;0.00;0.00;0.00;0.00;0.00;0.00;1280.00;0.00;0.00;0.00;640.00;320.00;0.00;160.00;160.00;1120.00;800.00;960.00;0.00;0.00;640.00;0.00;480.00;0.00;0.00;0.00;0.00;0.00;0.00;0.00;0.00
1772830459.8045578;0.00;1344.67;0.00;0.00;1904.67;0.00;0.00;0.00;0.00;1154.00;0.00;1392.33;0.00;0.00;0.00;0.00;0.00;0.00;0.00;0.00;0.00;0.00;1280.00;0.00;0.00;0.00;640.00;320.00;0.00;160.00;160.00;1200.00;800.00;960.00;0.00;0.00;640.00;0.00;480.00;0.00;0.00;0.00;0.00;0.00;0.00;0.00;0.00
1772830459.8052838;0.00;1344.67;0.00;0.00;1904.67;0.00;0.00;0.00;0.00;1154.00;0.00;1392.33;0.00;0.00;0.00;0.00;0.00;0.00;0.00;0.00;0.00;0.00;1280.00;0.00;0.00;0.00;640.00;320.00;0.00;160.00;160.00;1200.00;800.00;960.00;0.00;0.00;640.00;0.00;480.00;0.00;0.00;0.00;0.00;0.00;0.00;0.00;0.00
1772830459.8258784;0.00;1344.67;0.00;0.00;1904.67;0.00;0.00;0.00;0.00;1154.00;0.00;1392.33;0.00;0.00;0.00;0.00;0.00;0.00;0.00;0.00;0.00;0.00;1280.00;0.00;0.00;0.00;640.00;320.00;0.00;160.00;160.00;1200.00;800.00;960.00;0.00;0.00;640.00;0.00;480.00;0.00;0.00;0.00;0.00;0.00;0.00;0.00;0.00
1772830459.8266308;0.00;1344.67;0.00;0.00;1904.67;0.00;0.00;0.00;0.00;1154.00;0.00;1392.33;0.00;0.00;0.00;0.00;0.00;0.00;0.00;0.00;0.00;0.00;1280.00;0.00;0.00;0.00;640.00;320.00;0.00;160.00;160.00;1200.00;800.00;960.00;0.00;0.00;640.00;0.00;480.00;0.00;0.00;0.00;0.00;0.00;0.00;0.00;0.00
1772830459.8472416;0.00;1344.67;0.00;0.00;1904.67;0.00;0.00;0.00;0.00;1154.00;0.00;1392.33;0.00;0.00;0.00;0.00;0.00;0.00;0.00;0.00;0.00;0.00;1280.00;0.00;0.00;0.00;640.00;320.00;0.00;160.00;160.00;1200.00;800.00;960.00;0.00;0.00;640.00;0.00;480.00;0.00;0.00;0.00;0.00;0.00;0.00;0.00;0.00
1772830459.8479686;0.00;1344.67;0.00;0.00;1904.67;0.00;0.00;0.00;0.00;1154.00;0.00;1392.33;0.00;0.00;0.00;0.00;0.00;0.00;0.00;0.00;0.00;0.00;1280.00;0.00;0.00;0.00;640.00;320.00;0.00;160.00;160.00;1200.00;800.00;960.00;0.00;0.00;640.00;0.00;480.00;0.00;0.00;0.00;0.00;0.00;0.00;0.00;0.00
1772830459.8693225;0.00;1344.67;0.00;0.00;1904.67;0.00;0.00;0.00;0.00;1154.00;0.00;1392.33;0.00;0.00;0.00;0.00;0.00;0.00;0.00;0.00;0.00;0.00;1280.00;0.00;0.00;0.00;640.00;320.00;0.00;160.00;160.00;1200.00;800.00;960.00;0.00;0.00;640.00;0.00;480.00;0.00;0.00;0.00;0.00;0.00;0.00;0.00;0.00
1772830459.870793;0.00;1344.67;0.00;0.00;1904.67;0.00;0.00;0.00;0.00;1154.00;0.00;1392.33;0.00;0.00;0.00;0.00;0.00;0.00;0.00;0.00;0.00;0.00;1280.00;0.00;0.00;0.00;640.00;320.00;0.00;160.00;160.00;1200.00;800.00;960.00;0.00;0.00;640.00;0.00;480.00;0.00;0.00;0.00;0.00;0.00;0.00;0.00;0.00
1772830480.8035896;0.00;0.00;0.00;0.00;1904.67;0.00;0.00;0.00;0.00;1154.00;0.00;1392.33;0.00;0.00;144.67;0.00;0.00;0.00;0.00;0.00;0.00;0.00;1280.00;0.00;0.00;0.00;640.00;320.00;144.67;160.00;0.00;720.00;800.00;960.00;0.00;0.00;640.00;0.00;480.00;0.00;0.00;0.00;0.00;0.00;0.00;0.00;0.00
1772830480.8050146;0.00;0.00;0.00;0.00;1904.67;0.00;0.00;0.00;0.00;1154.00;0.00;1392.33;0.00;0.00;144.67;0.00;0.00;0.00;0.00;0.00;0.00;0.00;1280.00;0.00;0.00;0.00;640.00;320.00;144.67;160.00;0.00;720.00;800.00;960.00;0.00;0.00;640.00;0.00;480.00;0.00;0.00;0.00;0.00;0.00;0.00;0.00;0.00
1772830480.8414094;0.00;0.00;0.00;0.00;1904.67;0.00;0.00;0.00;0.00;1154.00;0.00;1392.33;0.00;0.00;337.00;0.00;0.00;0.00;0.00;0.00;0.00;0.00;1280.00;0.00;0.00;0.00;640.00;320.00;384.67;160.00;0.00;720.00;800.00;960.00;0.00;0.00;640.00;0.00;480.00;0.00;0.00;0.00;0.00;0.00;0.00;0.00;0.00
1772830480.8428323;0.00;0.00;0.00;0.00;1904.67;0.00;0.00;0.00;0.00;1154.00;0.00;1392.33;0.00;0.00;337.00;0.00;0.00;0.00;0.00;0.00;0.00;0.00;1280.00;0.00;0.00;0.00;640.00;320.00;384.67;160.00;0.00;720.00;800.00;960.00;0.00;0.00;640.00;0.00;480.00;0.00;0.00;0.00;0.00;0.00;0.00;0.00;0.00
1772830480.87952;0.00;0.00;0.00;0.00;1904.67;0.00;0.00;0.00;0.00;1154.00;0.00;1392.33;0.00;0.00;577.00;0.00;0.00;0.00;0.00;0.00;0.00;0.00;1280.00;0.00;0.00;0.00;640.00;320.00;624.67;160.00;0.00;720.00;800.00;960.00;0.00;0.00;640.00;0.00;480.00;0.00;0.00;0.00;0.00;0.00;0.00;0.00;0.00
1772830480.8810394;0.00;0.00;0.00;0.00;1904.67;0.00;0.00;0.00;0.00;1154.00;0.00;1392.33;0.00;0.00;577.00;0.00;0.00;0.00;0.00;0.00;0.00;0.00;1280.00;0.00;0.00;0.00;640.00;320.00;624.67;160.00;0.00;720.00;800.00;960.00;0.00;0.00;640.00;0.00;480.00;0.00;0.00;0.00;0.00;0.00;0.00;0.00;0.00
1772830480.917815;0.00;0.00;0.00;0.00;1904.67;0.00;0.00;0.00;0.00;1154.00;0.00;1392.33;0.00;0.00;817.00;0.00;0.00;0.00;0.00;0.00;0.00;0.00;1280.00;0.00;0.00;0.00;640.00;320.00;864.67;160.00;0.00;720.00;800.00;960.00;0.00;0.00;640.00;0.00;480.00;0.00;0.00;0.00;0.00;0.00;0.00;0.00;0.00
1772830480.9193861;0.00;0.00;0.00;0.00;1904.67;0.00;0.00;0.00;0.00;1154.00;0.00;1392.33;0.00;0.00;817.00;0.00;0.00;0.00;0.00;0.00;0.00;0.00;1280.00;0.00;0.00;0.00;640.00;320.00;864.67;160.00;0.00;720.00;800.00;960.00;0.00;0.00;640.00;0.00;480.00;0.00;0.00;0.00;0.00;0.00;0.00;0.00;0.00
1772830481.0890408;0.00;0.00;0.00;0.00;1904.67;0.00;0.00;0.00;0.00;1154.00;0.00;1392.33;0.00;0.00;1057.00;0.00;0.00;0.00;0.00;0.00;0.00;0.00;1280.00;0.00;0.00;0.00;640.00;320.00;944.67;160.00;0.00;720.00;800.00;960.00;0.00;0.00;640.00;0.00;480.00;0.00;0.00;0.00;0.00;0.00;0.00;0.00;0.00
1772830481.0906298;0.00;0.00;0.00;0.00;1904.67;0.00;0.00;0.00;0.00;1154.00;0.00;1392.33;0.00;0.00;1057.00;0.00;0.00;0.00;0.00;0.00;0.00;0.00;1280.00;0.00;0.00;0.00;640.00;320.00;944.67;160.00;0.00;720.00;800.00;960.00;0.00;0.00;640.00;0.00;480.00;0.00;0.00;0.00;0.00;0.00;0.00;0.00;0.00
1772830481.127867;0.00;0.00;0.00;0.00;1904.67;0.00;0.00;0.00;0.00;1154.00;0.00;1392.33;0.00;0.00;1297.00;0.00;0.00;0.00;0.00;0.00;0.00;0.00;1280.00;0.00;0.00;0.00;640.00;320.00;1184.67;160.00;0.00;720.00;800.00;960.00;0.00;160.00;640.00;0.00;480.00;0.00;0.00;0.00;0.00;0.00;0.00;0.00;0.00
1772830481.1293714;0.00;0.00;0.00;0.00;1904.67;0.00;0.00;0.00;0.00;1154.00;0.00;1392.33;0.00;0.00;1297.00;0.00;0.00;0.00;0.00;0.00;0.00;0.00;1280.00;0.00;0.00;0.00;640.00;320.00;1184.67;160.00;0.00;720.00;800.00;960.00;0.00;160.00;640.00;0.00;480.00;0.00;0.00;0.00;0.00;0.00;0.00;0.00;0.00
1772830503.8511252;0.00;0.00;0.00;0.00;1904.67;0.00;0.00;0.00;0.00;1154.00;0.00;1392.33;0.00;0.00;1297.00;0.00;0.00;0.00;0.00;0.00;0.00;0.00;1280.00;0.00;0.00;0.00;640.00;320.00;1184.67;160.00;0.00;720.00;800.00;960.00;0.00;160.00;640.00;0.00;480.00;0.00;0.00;0.00;0.00;0.00;0.00;0.00;0.00
1772830503.8527048;0.00;0.00;0.00;0.00;1904.67;0.00;0.00;0.00;0.00;1154.00;0.00;1392.33;0.00;0.00;1297.00;0.00;0.00;0.00;0.00;0.00;0.00;0.00;1280.00;0.00;0.00;0.00;640.00;320.00;1184.67;160.00;0.00;720.00;800.00;960.00;0.00;160.00;640.00;0.00;480.00;0.00;0.00;0.00;0.00;0.00;0.00;0.00;0.00
1772830503.8896668;0.00;0.00;0.00;0.00;1984.67;0.00;0.00;0.00;0.00;1154.00;0.00;1392.33;0.00;0.00;1297.00;0.00;0.00;0.00;0.00;0.00;0.00;0.00;1280.00;0.00;0.00;0.00;640.00;320.00;1184.67;160.00;0.00;720.00;800.00;960.00;0.00;160.00;640.00;0.00;480.00;0.00;0.00;0.00;0.00;0.00;0.00;0.00;0.00
1772830503.8911188;0.00;0.00;0.00;0.00;1984.67;0.00;0.00;0.00;0.00;1154.00;0.00;1392.33;0.00;0.00;1297.00;0.00;0.00;0.00;0.00;0.00;0.00;0.00;1280.00;0.00;0.00;0.00;640.00;320.00;1184.67;160.00;0.00;720.00;800.00;960.00;0.00;160.00;640.00;0.00;480.00;0.00;0.00;0.00;0.00;0.00;0.00;0.00;0.00
1772830503.9264235;0.00;0.00;0.00;0.00;1984.67;0.00;0.00;0.00;0.00;1154.00;0.00;1392.33;0.00;0.00;1297.00;0.00;0.00;0.00;0.00;0.00;0.00;0.00;1280.00;0.00;0.00;0.00;640.00;320.00;1184.67;160.00;0.00;720.00;800.00;960.00;0.00;160.00;640.00;0.00;480.00;0.00;0.00;0.00;0.00;0.00;0.00;0.00;0.00
1772830503.9279137;0.00;0.00;0.00;0.00;1984.67;0.00;0.00;0.00;0.00;1154.00;0.00;1392.33;0.00;0.00;1297.00;0.00;0.00;0.00;0.00;0.00;0.00;0.00;1280.00;0.00;0.00;0.00;640.00;320.00;1184.67;160.00;0.00;720.00;800.00;960.00;0.00;160.00;640.00;0.00;480.00;0.00;0.00;0.00;0.00;0.00;0.00;0.00;0.00
1772830503.9634721;0.00;0.00;0.00;0.00;1984.67;0.00;0.00;0.00;0.00;1154.00;0.00;1392.33;0.00;0.00;1297.00;0.00;0.00;0.00;0.00;0.00;0.00;0.00;1280.00;0.00;0.00;0.00;640.00;320.00;1184.67;160.00;0.00;720.00;800.00;960.00;0.00;160.00;640.00;0.00;480.00;0.00;0.00;0.00;0.00;0.00;0.00;0.00;0.00
1772830503.96491;0.00;0.00;0.00;0.00;1984.67;0.00;0.00;0.00;0.00;1154.00;0.00;1392.33;0.00;0.00;1297.00;0.00;0.00;0.00;0.00;0.00;0.00;0.00;1280.00;0.00;0.00;0.00;640.00;320.00;1184.67;160.00;0.00;720.00;800.00;960.00;0.00;160.00;640.00;0.00;480.00;0.00;0.00;0.00;0.00;0.00;0.00;0.00;0.00
1772830503.9997354;0.00;0.00;0.00;0.00;1984.67;0.00;0.00;0.00;0.00;1154.00;0.00;1392.33;0.00;0.00;1297.00;0.00;0.00;0.00;0.00;0.00;0.00;0.00;1280.00;0.00;0.00;0.00;640.00;320.00;1184.67;160.00;0.00;720.00;800.00;960.00;0.00;160.00;640.00;0.00;480.00;0.00;0.00;0.00;0.00;0.00;0.00;0.00;0.00
1772830504.0011816;0.00;0.00;0.00;0.00;1984.67;0.00;0.00;0.00;0.00;1154.00;0.00;1392.33;0.00;0.00;1297.00;0.00;0.00;0.00;0.00;0.00;0.00;0.00;1280.00;0.00;0.00;0.00;640.00;320.00;1184.67;160.00;0.00;720.00;800.00;960.00;0.00;160.00;640.00;0.00;480.00;0.00;0.00;0.00;0.00;0.00;0.00;0.00;0.00
1772830504.036664;0.00;0.00;0.00;0.00;1984.67;0.00;0.00;0.00;0.00;1154.00;0.00;1392.33;0.00;0.00;1297.00;0.00;0.00;0.00;0.00;0.00;0.00;0.00;1280.00;0.00;0.00;0.00;640.00;320.00;1184.67;160.00;0.00;720.00;800.00;960.00;0.00;160.00;640.00;0.00;480.00;0.00;0.00;0.00;0.00;0.00;0.00;0.00;0.00
1772830504.0381339;0.00;0.00;0.00;0.00;1984.67;0.00;0.00;0.00;0.00;1154.00;0.00;1392.33;0.00;0.00;1297.00;0.00;0.00;0.00;0.00;0.00;0.00;0.00;1280.00;0.00;0.00;0.00;640.00;320.00;1184.67;160.00;0.00;720.00;800.00;960.00;0.00;160.00;640.00;0.00;480.00;0.00;0.00;0.00;0.00;0.00;0.00;0.00;0.00
1772830530.8839962;0.00;0.00;0.00;0.00;0.00;0.00;0.00;0.00;0.00;0.00;0.00;1392.33;144.67;0.00;1297.00;0.00;0.00;0.00;0.00;0.00;0.00;0.00;1280.00;0.00;0.00;0.00;640.00;480.00;1344.67;0.00;0.00;400.00;800.00;960.00;0.00;160.00;320.00;0.00;0.00;0.00;320.00;0.00;0.00;0.00;0.00;0.00;0.00
1772830530.884729;0.00;0.00;0.00;0.00;0.00;0.00;0.00;0.00;0.00;0.00;0.00;1392.33;144.67;0.00;1297.00;0.00;0.00;0.00;0.00;0.00;0.00;0.00;1280.00;0.00;0.00;0.00;640.00;480.00;1344.67;0.00;0.00;400.00;800.00;960.00;0.00;160.00;320.00;0.00;0.00;0.00;320.00;0.00;0.00;0.00;0.00;0.00;0.00
1772830530.9774306;0.00;0.00;0.00;0.00;0.00;0.00;0.00;0.00;0.00;0.00;0.00;1392.33;384.67;0.00;1297.00;0.00;0.00;0.00;0.00;0.00;0.00;0.00;1280.00;0.00;0.00;0.00;640.00;640.00;1504.67;160.00;0.00;400.00;800.00;960.00;0.00;160.00;320.00;0.00;0.00;0.00;320.00;0.00;0.00;0.00;0.00;0.00;0.00
1772830530.9781082;0.00;0.00;0.00;0.00;0.00;0.00;0.00;0.00;0.00;0.00;0.00;1392.33;384.67;0.00;1297.00;0.00;0.00;0.00;0.00;0.00;0.00;0.00;1280.00;0.00;0.00;0.00;640.00;640.00;1504.67;160.00;0.00;400.00;800.00;960.00;0.00;160.00;320.00;0.00;0.00;0.00;320.00;0.00;0.00;0.00;0.00;0.00;0.00
1772830530.9998422;0.00;0.00;0.00;0.00;0.00;0.00;0.00;0.00;0.00;0.00;0.00;1392.33;624.67;0.00;1297.00;0.00;0.00;0.00;0.00;0.00;0.00;0.00;1280.00;0.00;0.00;0.00;640.00;640.00;1504.67;160.00;0.00;400.00;800.00;960.00;0.00;160.00;320.00;0.00;0.00;0.00;320.00;0.00;0.00;0.00;0.00;0.00;0.00
1772830531.0005069;0.00;0.00;0.00;0.00;0.00;0.00;0.00;0.00;0.00;0.00;0.00;1392.33;624.67;0.00;1297.00;0.00;0.00;0.00;0.00;0.00;0.00;0.00;1280.00;0.00;0.00;0.00;640.00;640.00;1504.67;160.00;0.00;400.00;800.00;960.00;0.00;160.00;320.00;0.00;0.00;0.00;320.00;0.00;0.00;0.00;0.00;0.00;0.00
1772830531.0223;0.00;0.00;0.00;0.00;0.00;0.00;0.00;0.00;0.00;0.00;0.00;1392.33;864.67;0.00;1297.00;0.00;0.00;0.00;0.00;0.00;0.00;0.00;1280.00;0.00;0.00;0.00;640.00;800.00;1664.67;320.00;0.00;400.00;800.00;960.00;0.00;160.00;320.00;0.00;0.00;0.00;320.00;0.00;0.00;0.00;0.00;0.00;0.00
1772830531.022945;0.00;0.00;0.00;0.00;0.00;0.00;0.00;0.00;0.00;0.00;0.00;1392.33;864.67;0.00;1297.00;0.00;0.00;0.00;0.00;0.00;0.00;0.00;1280.00;0.00;0.00;0.00;640.00;800.00;1664.67;320.00;0.00;400.00;800.00;960.00;0.00;160.00;320.00;0.00;0.00;0.00;320.00;0.00;0.00;0.00;0.00;0.00;0.00
1772830531.0449047;0.00;0.00;0.00;0.00;0.00;0.00;0.00;0.00;0.00;0.00;0.00;1392.33;1104.67;0.00;1297.00;0.00;0.00;0.00;0.00;0.00;0.00;0.00;1280.00;0.00;0.00;0.00;640.00;960.00;1824.67;480.00;0.00;400.00;800.00;960.00;0.00;160.00;320.00;0.00;0.00;0.00;320.00;0.00;0.00;0.00;0.00;0.00;0.00
1772830531.0455616;0.00;0.00;0.00;0.00;0.00;0.00;0.00;0.00;0.00;0.00;0.00;1392.33;1104.67;0.00;1297.00;0.00;0.00;0.00;0.00;0.00;0.00;0.00;1280.00;0.00;0.00;0.00;640.00;960.00;1824.67;480.00;0.00;400.00;800.00;960.00;0.00;160.00;320.00;0.00;0.00;0.00;320.00;0.00;0.00;0.00;0.00;0.00;0.00
1772830531.0674016;0.00;0.00;0.00;0.00;0.00;0.00;0.00;0.00;0.00;0.00;0.00;1392.33;1344.67;0.00;1297.00;0.00;0.00;0.00;0.00;0.00;0.00;0.00;1280.00;0.00;0.00;0.00;640.00;1120.00;1984.67;480.00;0.00;400.00;800.00;960.00;0.00;160.00;320.00;0.00;0.00;0.00;320.00;0.00;0.00;0.00;0.00;0.00;0.00
1772830531.0680761;0.00;0.00;0.00;0.00;0.00;0.00;0.00;0.00;0.00;0.00;0.00;1392.33;1344.67;0.00;1297.00;0.00;0.00;0.00;0.00;0.00;0.00;0.00;1280.00;0.00;0.00;0.00;640.00;1120.00;1984.67;480.00;0.00;400.00;800.00;960.00;0.00;160.00;320.00;0.00;0.00;0.00;320.00;0.00;0.00;0.00;0.00;0.00;0.00
1772830538.9421184;0.00;0.00;0.00;0.00;0.00;0.00;0.00;0.00;0.00;97.00;0.00;1392.33;1344.67;0.00;1297.00;0.00;0.00;0.00;0.00;0.00;0.00;0.00;1280.00;0.00;0.00;0.00;640.00;1120.00;1984.67;480.00;0.00;400.00;800.00;960.00;0.00;160.00;320.00;0.00;0.00;0.00;320.00;0.00;0.00;0.00;0.00;0.00;0.00
1772830538.9435754;0.00;0.00;0.00;0.00;0.00;0.00;0.00;0.00;0.00;97.00;0.00;1392.33;1344.67;0.00;1297.00;0.00;0.00;0.00;0.00;0.00;0.00;0.00;1280.00;0.00;0.00;0.00;640.00;1120.00;1984.67;480.00;0.00;400.00;800.00;960.00;0.00;160.00;320.00;0.00;0.00;0.00;320.00;0.00;0.00;0.00;0.00;0.00;0.00
1772830538.9812894;0.00;0.00;0.00;0.00;0.00;0.00;0.00;0.00;0.00;337.00;0.00;1392.33;1344.67;0.00;1297.00;0.00;0.00;0.00;0.00;0.00;0.00;0.00;1280.00;0.00;0.00;0.00;640.00;1120.00;1984.67;480.00;0.00;400.00;800.00;960.00;0.00;160.00;320.00;0.00;0.00;0.00;320.00;0.00;0.00;0.00;0.00;0.00;0.00
1772830538.9827056;0.00;0.00;0.00;0.00;0.00;0.00;0.00;0.00;0.00;337.00;0.00;1392.33;1344.67;0.00;1297.00;0.00;0.00;0.00;0.00;0.00;0.00;0.00;1280.00;0.00;0.00;0.00;640.00;1120.00;1984.67;480.00;0.00;400.00;800.00;960.00;0.00;160.00;320.00;0.00;0.00;0.00;320.00;0.00;0.00;0.00;0.00;0.00;0.00
1772830539.0205162;0.00;0.00;0.00;0.00;0.00;0.00;0.00;0.00;0.00;577.00;0.00;1392.33;1344.67;0.00;1297.00;0.00;0.00;0.00;0.00;0.00;0.00;0.00;1280.00;0.00;0.00;0.00;640.00;1120.00;1984.67;480.00;0.00;400.00;800.00;960.00;0.00;160.00;320.00;0.00;0.00;0.00;320.00;0.00;0.00;0.00;0.00;0.00;0.00
1772830539.021921;0.00;0.00;0.00;0.00;0.00;0.00;0.00;0.00;0.00;577.00;0.00;1392.33;1344.67;0.00;1297.00;0.00;0.00;0.00;0.00;0.00;0.00;0.00;1280.00;0.00;0.00;0.00;640.00;1120.00;1984.67;480.00;0.00;400.00;800.00;960.00;0.00;160.00;320.00;0.00;0.00;0.00;320.00;0.00;0.00;0.00;0.00;0.00;0.00
1772830539.0596719;0.00;0.00;0.00;0.00;0.00;0.00;0.00;0.00;0.00;817.00;0.00;1392.33;1344.67;0.00;1297.00;0.00;0.00;0.00;0.00;0.00;0.00;0.00;1280.00;0.00;0.00;0.00;640.00;1120.00;1984.67;480.00;160.00;400.00;800.00;960.00;0.00;160.00;320.00;0.00;0.00;0.00;320.00;0.00;0.00;0.00;0.00;0.00;0.00
1772830539.0610871;0.00;0.00;0.00;0.00;0.00;0.00;0.00;0.00;0.00;817.00;0.00;1392.33;1344.67;0.00;1297.00;0.00;0.00;0.00;0.00;0.00;0.00;0.00;1280.00;0.00;0.00;0.00;640.00;1120.00;1984.67;480.00;160.00;400.00;800.00;960.00;0.00;160.00;320.00;0.00;0.00;0.00;320.00;0.00;0.00;0.00;0.00;0.00;0.00
1772830539.2200875;0.00;0.00;0.00;0.00;0.00;0.00;0.00;0.00;0.00;1057.00;0.00;1392.33;1344.67;0.00;1297.00;0.00;0.00;0.00;0.00;0.00;0.00;0.00;1280.00;0.00;0.00;0.00;640.00;1120.00;1984.67;480.00;320.00;400.00;800.00;960.00;0.00;160.00;320.00;0.00;0.00;0.00;320.00;0.00;0.00;0.00;0.00;0.00;0.00
1772830539.221603;0.00;0.00;0.00;0.00;0.00;0.00;0.00;0.00;0.00;1057.00;0.00;1392.33;1344.67;0.00;1297.00;0.00;0.00;0.00;0.00;0.00;0.00;0.00;1280.00;0.00;0.00;0.00;640.00;1120.00;1984.67;480.00;320.00;400.00;800.00;960.00;0.00;160.00;320.00;0.00;0.00;0.00;320.00;0.00;0.00;0.00;0.00;0.00;0.00
1772830539.259505;0.00;0.00;0.00;0.00;0.00;0.00;0.00;0.00;0.00;1297.00;0.00;1392.33;1344.67;0.00;1297.00;0.00;0.00;0.00;0.00;0.00;0.00;0.00;1280.00;0.00;0.00;0.00;640.00;1120.00;1984.67;480.00;320.00;400.00;800.00;960.00;0.00;160.00;320.00;0.00;320.00;0.00;320.00;0.00;0.00;0.00;0.00;0.00;0.00
1772830539.2609448;0.00;0.00;0.00;0.00;0.00;0.00;0.00;0.00;0.00;1297.00;0.00;1392.33;1344.67;0.00;1297.00;0.00;0.00;0.00;0.00;0.00;0.00;0.00;1280.00;0.00;0.00;0.00;640.00;1120.00;1984.67;480.00;320.00;400.00;800.00;960.00;0.00;160.00;320.00;0.00;320.00;0.00;320.00;0.00;0.00;0.00;0.00;0.00;0.00
1772830560.9741635;0.00;0.00;0.00;0.00;0.00;0.00;0.00;0.00;0.00;1297.00;0.00;0.00;1344.67;0.00;1297.00;0.00;0.00;0.00;0.00;0.00;0.00;0.00;1520.00;0.00;0.00;0.00;0.00;800.00;1984.67;480.00;320.00;400.00;1040.00;1200.00;0.00;160.00;320.00;0.00;320.00;0.00;320.00;0.00;0.00;0.00;0.00;0.00;0.00
1772830560.975617;0.00;0.00;0.00;0.00;0.00;0.00;0.00;0.00;0.00;1297.00;0.00;0.00;1344.67;0.00;1297.00;0.00;0.00;0.00;0.00;0.00;0.00;0.00;1520.00;0.00;0.00;0.00;0.00;800.00;1984.67;480.00;320.00;400.00;1040.00;1200.00;0.00;160.00;320.00;0.00;320.00;0.00;320.00;0.00;0.00;0.00;0.00;0.00;0.00
1772830561.0138514;0.00;0.00;0.00;0.00;0.00;0.00;0.00;0.00;0.00;1297.00;0.00;0.00;1344.67;0.00;1297.00;0.00;0.00;0.00;0.00;0.00;0.00;0.00;1600.00;0.00;0.00;0.00;0.00;800.00;1984.67;480.00;320.00;400.00;1120.00;1280.00;0.00;160.00;320.00;0.00;320.00;0.00;320.00;0.00;0.00;0.00;0.00;0.00;0.00
1772830561.0152433;0.00;0.00;0.00;0.00;0.00;0.00;0.00;0.00;0.00;1297.00;0.00;0.00;1344.67;0.00;1297.00;0.00;0.00;0.00;0.00;0.00;0.00;0.00;1600.00;0.00;0.00;0.00;0.00;800.00;1984.67;480.00;320.00;400.00;1120.00;1280.00;0.00;160.00;320.00;0.00;320.00;0.00;320.00;0.00;0.00;0.00;0.00;0.00;0.00
1772830561.053739;0.00;0.00;0.00;0.00;0.00;0.00;0.00;0.00;0.00;1297.00;0.00;0.00;1344.67;0.00;1297.00;0.00;0.00;0.00;0.00;0.00;0.00;0.00;1680.00;0.00;0.00;0.00;0.00;800.00;1984.67;480.00;320.00;400.00;1200.00;1360.00;0.00;160.00;320.00;0.00;320.00;0.00;320.00;0.00;0.00;0.00;0.00;0.00;0.00
1772830561.0551815;0.00;0.00;0.00;0.00;0.00;0.00;0.00;0.00;0.00;1297.00;0.00;0.00;1344.67;0.00;1297.00;0.00;0.00;0.00;0.00;0.00;0.00;0.00;1680.00;0.00;0.00;0.00;0.00;800.00;1984.67;480.00;320.00;400.00;1200.00;1360.00;0.00;160.00;320.00;0.00;320.00;0.00;320.00;0.00;0.00;0.00;0.00;0.00;0.00
1772830561.0938144;0.00;0.00;0.00;0.00;0.00;0.00;0.00;0.00;0.00;1297.00;0.00;0.00;1344.67;0.00;1297.00;0.00;0.00;0.00;0.00;0.00;0.00;0.00;1760.00;0.00;0.00;0.00;0.00;800.00;1984.67;480.00;320.00;400.00;1280.00;1440.00;0.00;160.00;320.00;0.00;320.00;0.00;320.00;0.00;0.00;0.00;0.00;0.00;0.00
1772830561.095317;0.00;0.00;0.00;0.00;0.00;0.00;0.00;0.00;0.00;1297.00;0.00;0.00;1344.67;0.00;1297.00;0.00;0.00;0.00;0.00;0.00;0.00;0.00;1760.00;0.00;0.00;0.00;0.00;800.00;1984.67;480.00;320.00;400.00;1280.00;1440.00;0.00;160.00;320.00;0.00;320.00;0.00;320.00;0.00;0.00;0.00;0.00;0.00;0.00
1772830561.133186;0.00;0.00;0.00;0.00;0.00;0.00;0.00;0.00;0.00;1297.00;0.00;0.00;1344.67;0.00;1297.00;0.00;0.00;0.00;0.00;0.00;0.00;0.00;1840.00;0.00;0.00;0.00;0.00;800.00;1984.67;480.00;320.00;400.00;1360.00;1520.00;0.00;160.00;320.00;0.00;320.00;0.00;320.00;0.00;0.00;0.00;0.00;0.00;0.00
1772830561.134702;0.00;0.00;0.00;0.00;0.00;0.00;0.00;0.00;0.00;1297.00;0.00;0.00;1344.67;0.00;1297.00;0.00;0.00;0.00;0.00;0.00;0.00;0.00;1840.00;0.00;0.00;0.00;0.00;800.00;1984.67;480.00;320.00;400.00;1360.00;1520.00;0.00;160.00;320.00;0.00;320.00;0.00;320.00;0.00;0.00;0.00;0.00;0.00;0.00
1772830561.1713567;0.00;0.00;0.00;0.00;0.00;0.00;0.00;0.00;0.00;1297.00;0.00;0.00;1344.67;0.00;1297.00;0.00;0.00;0.00;0.00;0.00;0.00;0.00;1840.00;0.00;0.00;0.00;0.00;800.00;1984.67;480.00;320.00;400.00;1360.00;1520.00;0.00;160.00;320.00;0.00;320.00;0.00;320.00;0.00;0.00;0.00;0.00;0.00;0.00
1772830561.1728432;0.00;0.00;0.00;0.00;0.00;0.00;0.00;0.00;0.00;1297.00;0.00;0.00;1344.67;0.00;1297.00;0.00;0.00;0.00;0.00;0.00;0.00;0.00;1840.00;0.00;0.00;0.00;0.00;800.00;1984.67;480.00;320.00;400.00;1360.00;1520.00;0.00;160.00;320.00;0.00;320.00;0.00;320.00;0.00;0.00;0.00;0.00;0.00;0.00
1772830577.018918;0.00;0.00;0.00;0.00;0.00;0.00;0.00;0.00;0.00;1297.00;0.00;0.00;1344.67;0.00;1297.00;0.00;0.00;0.00;0.00;0.00;0.00;0.00;144.67;0.00;0.00;0.00;0.00;800.00;1984.67;480.00;320.00;0.00;144.67;144.67;0.00;160.00;0.00;0.00;320.00;0.00;320.00;0.00;0.00;0.00;0.00;0.00;0.00
1772830577.020281;0.00;0.00;0.00;0.00;0.00;0.00;0.00;0.00;0.00;1297.00;0.00;0.00;1344.67;0.00;1297.00;0.00;0.00;0.00;0.00;0.00;0.00;0.00;144.67;0.00;0.00;0.00;0.00;800.00;1984.67;480.00;320.00;0.00;144.67;144.67;0.00;160.00;0.00;0.00;320.00;0.00;320.00;0.00;0.00;0.00;0.00;0.00;0.00
1772830577.0582042;0.00;0.00;0.00;0.00;0.00;0.00;0.00;0.00;0.00;1297.00;0.00;0.00;1344.67;0.00;1297.00;0.00;0.00;0.00;0.00;0.00;0.00;0.00;289.34;0.00;0.00;0.00;0.00;800.00;1984.67;480.00;320.00;0.00;289.34;289.34;0.00;160.00;0.00;0.00;320.00;0.00;320.00;0.00;0.00;0.00;0.00;0.00;0.00
1772830577.0596147;0.00;0.00;0.00;0.00;0.00;0.00;0.00;0.00;0.00;1297.00;0.00;0.00;1344.67;0.00;1297.00;0.00;0.00;0.00;0.00;0.00;0.00;0.00;289.34;0.00;0.00;0.00;0.00;800.00;1984.67;480.00;320.00;0.00;289.34;289.34;0.00;160.00;0.00;0.00;320.00;0.00;320.00;0.00;0.00;0.00;0.00;0.00;0.00
1772830577.0973306;0.00;0.00;0.00;0.00;0.00;0.00;0.00;0.00;0.00;1297.00;0.00;0.00;1344.67;0.00;1297.00;0.00;0.00;0.00;0.00;0.00;0.00;0.00;529.34;160.00;0.00;0.00;0.00;800.00;1984.67;480.00;320.00;0.00;369.34;369.34;160.00;160.00;0.00;0.00;320.00;0.00;320.00;0.00;0.00;0.00;0.00;0.00;0.00
1772830577.098681;0.00;0.00;0.00;0.00;0.00;0.00;0.00;0.00;0.00;1297.00;0.00;0.00;1344.67;0.00;1297.00;0.00;0.00;0.00;0.00;0.00;0.00;0.00;529.34;160.00;0.00;0.00;0.00;800.00;1984.67;480.00;320.00;0.00;369.34;369.34;160.00;160.00;0.00;0.00;320.00;0.00;320.00;0.00;0.00;0.00;0.00;0.00;0.00
1772830577.1360302;0.00;0.00;0.00;0.00;0.00;0.00;0.00;0.00;0.00;1297.00;0.00;0.00;1344.67;0.00;1297.00;0.00;0.00;0.00;0.00;0.00;0.00;0.00;769.34;160.00;0.00;0.00;0.00;800.00;1984.67;480.00;320.00;160.00;609.34;609.34;160.00;160.00;0.00;0.00;320.00;0.00;320.00;0.00;0.00;0.00;0.00;0.00;0.00
1772830577.1375127;0.00;0.00;0.00;0.00;0.00;0.00;0.00;0.00;0.00;1297.00;0.00;0.00;1344.67;0.00;1297.00;0.00;0.00;0.00;0.00;0.00;0.00;0.00;769.34;160.00;0.00;0.00;0.00;800.00;1984.67;480.00;320.00;160.00;609.34;609.34;160.00;160.00;0.00;0.00;320.00;0.00;320.00;0.00;0.00;0.00;0.00;0.00;0.00
1772830577.304107;0.00;0.00;0.00;0.00;0.00;0.00;0.00;0.00;0.00;1297.00;0.00;0.00;1344.67;0.00;1297.00;0.00;0.00;0.00;0.00;0.00;0.00;0.00;849.34;160.00;0.00;0.00;0.00;800.00;1984.67;480.00;320.00;160.00;689.34;689.34;160.00;160.00;0.00;0.00;320.00;0.00;320.00;0.00;0.00;0.00;0.00;0.00;0.00
1772830577.3054888;0.00;0.00;0.00;0.00;0.00;0.00;0.00;0.00;0.00;1297.00;0.00;0.00;1344.67;0.00;1297.00;0.00;0.00;0.00;0.00;0.00;0.00;0.00;849.34;160.00;0.00;0.00;0.00;800.00;1984.67;480.00;320.00;160.00;689.34;689.34;160.00;160.00;0.00;0.00;320.00;0.00;320.00;0.00;0.00;0.00;0.00;0.00;0.00
1772830577.342805;0.00;0.00;0.00;0.00;0.00;0.00;0.00;0.00;0.00;1297.00;0.00;0.00;1344.67;0.00;1297.00;0.00;0.00;0.00;0.00;0.00;0.00;0.00;1089.34;320.00;0.00;0.00;0.00;800.00;1984.67;480.00;320.00;160.00;769.34;769.34;320.00;160.00;0.00;0.00;320.00;0.00;320.00;0.00;0.00;0.00;0.00;0.00;0.00
1772830577.3442907;0.00;0.00;0.00;0.00;0.00;0.00;0.00;0.00;0.00;1297.00;0.00;0.00;1344.67;0.00;1297.00;0.00;0.00;0.00;0.00;0.00;0.00;0.00;1089.34;320.00;0.00;0.00;0.00;800.00;1984.67;480.00;320.00;160.00;769.34;769.34;320.00;160.00;0.00;0.00;320.00;0.00;320.00;0.00;0.00;0.00;0.00;0.00;0.00
1772830597.0599427;0.00;0.00;0.00;0.00;0.00;0.00;0.00;0.00;0.00;1297.00;0.00;0.00;1344.67;0.00;0.00;0.00;0.00;0.00;0.00;0.00;0.00;0.00;1169.34;400.00;0.00;0.00;0.00;800.00;0.00;480.00;320.00;160.00;769.34;769.34;400.00;0.00;0.00;0.00;320.00;0.00;320.00;0.00;0.00;0.00;0.00;0.00;0.00
1772830597.0612748;0.00;0.00;0.00;0.00;0.00;0.00;0.00;0.00;0.00;1297.00;0.00;0.00;1344.67;0.00;0.00;0.00;0.00;0.00;0.00;0.00;0.00;0.00;1169.34;400.00;0.00;0.00;0.00;800.00;0.00;480.00;320.00;160.00;769.34;769.34;400.00;0.00;0.00;0.00;320.00;0.00;320.00;0.00;0.00;0.00;0.00;0.00;0.00
1772830597.0982637;0.00;0.00;0.00;0.00;0.00;0.00;0.00;0.00;0.00;1297.00;0.00;0.00;1344.67;0.00;0.00;0.00;0.00;0.00;0.00;0.00;0.00;0.00;1409.34;480.00;0.00;0.00;0.00;800.00;0.00;480.00;320.00;160.00;929.34;929.34;480.00;0.00;0.00;0.00;320.00;0.00;320.00;0.00;0.00;0.00;0.00;0.00;0.00
1772830597.0994835;0.00;0.00;0.00;0.00;0.00;0.00;0.00;0.00;0.00;1297.00;0.00;0.00;1344.67;0.00;0.00;0.00;0.00;0.00;0.00;0.00;0.00;0.00;1409.34;480.00;0.00;0.00;0.00;800.00;0.00;480.00;320.00;160.00;929.34;929.34;480.00;0.00;0.00;0.00;320.00;0.00;320.00;0.00;0.00;0.00;0.00;0.00;0.00
1772830597.1337922;0.00;0.00;0.00;0.00;0.00;0.00;0.00;0.00;0.00;1297.00;0.00;0.00;1344.67;0.00;0.00;0.00;0.00;0.00;0.00;0.00;0.00;0.00;1409.34;480.00;0.00;0.00;0.00;800.00;0.00;480.00;320.00;160.00;929.34;929.34;480.00;0.00;0.00;0.00;320.00;0.00;320.00;0.00;0.00;0.00;0.00;0.00;0.00
1772830597.1350114;0.00;0.00;0.00;0.00;0.00;0.00;0.00;0.00;0.00;1297.00;0.00;0.00;1344.67;0.00;0.00;0.00;0.00;0.00;0.00;0.00;0.00;0.00;1409.34;480.00;0.00;0.00;0.00;800.00;0.00;480.00;320.00;160.00;929.34;929.34;480.00;0.00;0.00;0.00;320.00;0.00;320.00;0.00;0.00;0.00;0.00;0.00;0.00
1772830597.1698425;0.00;0.00;0.00;0.00;0.00;0.00;0.00;0.00;0.00;1297.00;0.00;0.00;1344.67;0.00;0.00;0.00;0.00;0.00;0.00;0.00;0.00;0.00;1409.34;480.00;0.00;0.00;0.00;800.00;0.00;480.00;320.00;160.00;929.34;929.34;480.00;0.00;0.00;0.00;320.00;0.00;320.00;0.00;0.00;0.00;0.00;0.00;0.00
1772830597.1710432;0.00;0.00;0.00;0.00;0.00;0.00;0.00;0.00;0.00;1297.00;0.00;0.00;1344.67;0.00;0.00;0.00;0.00;0.00;0.00;0.00;0.00;0.00;1409.34;480.00;0.00;0.00;0.00;800.00;0.00;480.00;320.00;160.00;929.34;929.34;480.00;0.00;0.00;0.00;320.00;0.00;320.00;0.00;0.00;0.00;0.00;0.00;0.00
1772830597.205057;0.00;0.00;0.00;0.00;0.00;0.00;0.00;0.00;0.00;1297.00;0.00;0.00;1344.67;0.00;0.00;0.00;0.00;0.00;0.00;0.00;0.00;0.00;1409.34;480.00;0.00;0.00;0.00;800.00;0.00;480.00;320.00;160.00;929.34;929.34;480.00;0.00;0.00;0.00;320.00;0.00;320.00;0.00;0.00;0.00;0.00;0.00;0.00
1772830597.2062824;0.00;0.00;0.00;0.00;0.00;0.00;0.00;0.00;0.00;1297.00;0.00;0.00;1344.67;0.00;0.00;0.00;0.00;0.00;0.00;0.00;0.00;0.00;1409.34;480.00;0.00;0.00;0.00;800.00;0.00;480.00;320.00;160.00;929.34;929.34;480.00;0.00;0.00;0.00;320.00;0.00;320.00;0.00;0.00;0.00;0.00;0.00;0.00
1772830597.2409785;0.00;0.00;0.00;0.00;0.00;0.00;0.00;0.00;0.00;1297.00;0.00;0.00;1344.67;0.00;0.00;0.00;0.00;0.00;0.00;0.00;0.00;0.00;1409.34;480.00;0.00;0.00;0.00;800.00;0.00;480.00;320.00;160.00;929.34;929.34;480.00;0.00;0.00;0.00;320.00;0.00;320.00;0.00;0.00;0.00;0.00;0.00;0.00
1772830597.242186;0.00;0.00;0.00;0.00;0.00;0.00;0.00;0.00;0.00;1297.00;0.00;0.00;1344.67;0.00;0.00;0.00;0.00;0.00;0.00;0.00;0.00;0.00;1409.34;480.00;0.00;0.00;0.00;800.00;0.00;480.00;320.00;160.00;929.34;929.34;480.00;0.00;0.00;0.00;320.00;0.00;320.00;0.00;0.00;0.00;0.00;0.00;0.00
