No.,timestamp,time_seconds,users,cpu_utilization,gpu_utilization,bandwidth_utilization,cache_utilization,network_cpu_utilization,network_gpu_utilization,network_cache_utilization,mobile_cpu_utilization,mobile_gpu_utilization,mobile_cache_utilization,latency,comp_latency,comm_latency,latency_diff,queue_time,decision_time_ms,success,fail_reason,sfc_id,recovery_time,sfc_recovered,cpu_saved,gpu_saved,cache_saved,shared_vnfs,running_sfcs,running_players,running_sessions,trascode_bw,crashing,acceptance_rate,cpu_per_flow,gpu_per_flow,cache_per_flow,jain_cpu,jain_gpu,jain_cache,jain_bw,server_energy_consumption,mobile_energy_consumption,total_energy_consumption,avg_sfc_reliability,high_risk_sfcs,medium_risk_sfcs,low_risk_sfcs
0,1772830702.126939,0,1,0.0,0.0781,0.0137,0.0249,0.0,7.8117,2.4947,0.0,0.0,0.0,1.8,0.33,1.47,None,0.0002956390380859375,13.263,True,None,sfc_cache_p1_1,0,None,0.0,0.0,0.0,0,2,1,1,0,False,100.0,0.0,15.5,16.5,1.0,0.2475,0.04,0.0736,2116.7240595248445,2106.7240595248445,10.0,0.8714912515027975,1,1,0
0,1772830702.1277761,0.0,1,0.0,0.0781,0.0137,0.0249,0.0,7.8117,2.4947,0.0,0.0,0.0,2.62,0.73,1.89,None,0.0002956390380859375,13.882,True,None,sfc_unique_p1_1,0,None,0.0,0.0,0.0,0,2,1,1,0,False,100.0,0.0,15.5,16.5,1.0,0.2475,0.04,0.0736,2116.7240595248445,2106.7240595248445,10.0,0.8714912515027975,1,1,0
0,1772830702.1572468,0.0,2,0.0,0.1562,0.0272,0.0499,0.0,15.6234,4.9894,0.0,0.0,0.0,2.71,0.36,2.35,None,0.03123331069946289,12.24,True,None,sfc_cache_p2_1,0,None,0.0,0.0,0.0,1,4,2,1,0,False,100.0,0.0,15.5,16.5,1.0,0.3549,0.0769,0.0823,2165.5227518959914,2145.5227518959914,20.0,0.8641652386348819,2,2,0
0,1772830702.1579018,0.0,2,0.0,0.1562,0.0272,0.0499,0.0,15.6234,4.9894,0.0,0.0,0.0,2.38,0.48,1.9,None,0.03123331069946289,13.249,True,None,sfc_unique_p2_1,0,None,0.0,0.0,0.0,1,4,2,1,0,False,100.0,0.0,15.5,16.5,1.0,0.3549,0.0769,0.0823,2165.5227518959914,2145.5227518959914,20.0,0.8641652386348819,2,2,0
0,1772830702.1860423,0.1,3,0.0,0.2344,0.0364,0.0748,0.0,23.4351,7.4841,0.0,0.0,0.0,2.51,0.24,2.27,None,0.06129193305969238,11.7,True,None,sfc_cache_p3_1,0,None,0.0,0.0,0.0,2,6,3,1,0,False,100.0,0.0,15.5,16.5,1.0,0.4065,0.1111,0.0852,2233.334236186349,2203.334236186349,30.0,0.8890276619930213,2,3,1
0,1772830702.1867094,0.1,3,0.0,0.2344,0.0364,0.0748,0.0,23.4351,7.4841,0.0,0.0,0.0,2.14,0.24,1.9,None,0.06129193305969238,12.594,True,None,sfc_unique_p3_1,0,None,0.0,0.0,0.0,2,6,3,1,0,False,100.0,0.0,15.5,16.5,1.0,0.4065,0.1111,0.0852,2233.334236186349,2203.334236186349,30.0,0.8890276619930213,2,3,1
0,1772830702.214995,0.1,4,0.0,0.3016,0.0501,0.0998,0.0,30.1557,9.9788,0.0,0.0,0.0,2.55,0.21,2.33,None,0.09009099006652832,11.434,True,None,sfc_cache_p4_1,0,None,0.0,4.33,0.0,4,8,4,1,0,False,100.0,0.0,14.95875,16.5,1.0,0.4448,0.1429,0.0915,2260.939869989166,2220.939869989166,40.0,0.901582392639416,2,4,2
0,1772830702.2156885,0.1,4,0.0,0.3016,0.0501,0.0998,0.0,30.1557,9.9788,0.0,0.0,0.0,2.61,0.26,2.35,None,0.09009099006652832,12.445,True,None,sfc_unique_p4_1,0,None,0.0,4.33,0.0,4,8,4,1,0,False,100.0,0.0,14.95875,16.5,1.0,0.4448,0.1429,0.0915,2260.939869989166,2220.939869989166,40.0,0.901582392639416,2,4,2
0,1772830702.243936,0.1,5,0.0038,0.3696,0.0626,0.1247,0.432,36.9595,12.4735,0.0,0.0,0.0,2.75,0.83,1.92,None,0.11909151077270508,10.741,True,None,sfc_cache_p5_1,0,None,0.0,4.33,0.0,6,10,5,1,0,False,100.0,0.4,14.666999999999998,16.5,0.0588,0.4805,0.1616,0.0878,2320.975468193778,2270.975468193778,50.0,0.9174963472988115,2,4,4
0,1772830702.2446485,0.1,5,0.0038,0.3696,0.0626,0.1247,0.432,36.9595,12.4735,0.0,0.0,0.0,2.62,0.27,2.35,None,0.11909151077270508,12.678,True,None,sfc_unique_p5_1,0,None,0.0,4.33,0.0,6,10,5,1,0,False,100.0,0.4,14.666999999999998,16.5,0.0588,0.4805,0.1616,0.0878,2320.975468193778,2270.975468193778,50.0,0.9174963472988115,2,4,4
0,1772830702.2732954,0.1,6,0.0075,0.4376,0.0743,0.1497,0.864,43.7632,14.9682,0.0,0.0,0.0,3.82,1.71,2.11,None,0.14802193641662598,10.684,True,None,sfc_cache_p6_1,0,None,0.0,4.33,0.0,6,12,6,1,0,False,100.0,0.6666666666666666,14.472499999999998,16.5,0.1021,0.5941,0.1888,0.0968,2377.2839590521603,2317.2839590521603,60.0,0.9133287607426954,2,6,4
0,1772830702.2740967,0.1,6,0.0075,0.4376,0.0743,0.1497,0.864,43.7632,14.9682,0.0,0.0,0.0,3.21,0.89,2.32,None,0.14802193641662598,12.288,True,None,sfc_unique_p6_1,0,None,0.0,4.33,0.0,6,12,6,1,0,False,100.0,0.6666666666666666,14.472499999999998,16.5,0.1021,0.5941,0.1888,0.0968,2377.2839590521603,2317.2839590521603,60.0,0.9133287607426954,2,6,4
0,1772830718.1551113,16.0,6,0.011,0.5057,0.0796,0.1746,1.296,50.567,17.463,0.0,0.0,0.0,1.43,0.84,0.59,None,0.00020956993103027344,6.629,True,None,sfc_cache_p1_2,0,None,0.0,4.33,0.0,6,14,6,2,0,False,100.0,0.8571428571428571,14.333571428571428,16.5,0.144,0.654,0.2061,0.1107,2439.7572603987014,2369.7572603987014,70.0,0.9246060496089538,2,6,6
0,1772830718.1558495,16.0,6,0.011,0.5057,0.0796,0.1746,1.296,50.567,17.463,0.0,0.0,0.0,1.16,0.2,0.96,None,0.00020956993103027344,7.257,True,None,sfc_unique_p1_2,0,None,0.0,4.33,0.0,6,14,6,2,0,False,100.0,0.8571428571428571,14.333571428571428,16.5,0.144,0.654,0.2061,0.1107,2439.7572603987014,2369.7572603987014,70.0,0.9246060496089538,2,6,6
0,1772830718.1738453,16.0,7,0.0108,0.5628,0.0848,0.1746,1.296,56.2796,17.463,0.0,0.0,0.0,1.43,0.84,0.59,None,0.01868414878845215,6.665,True,None,sfc_cache_p2_2,0,None,4.0,8.66,33.0,10,16,6,2,0,False,100.0,0.75,13.95875,14.4375,0.1368,0.6633,0.1997,0.121,2464.188462998918,2384.188462998918,80.0,0.9325019451243772,2,6,8
0,1772830718.1742878,16.0,7,0.0108,0.5628,0.0848,0.1746,1.296,56.2796,17.463,0.0,0.0,0.0,1.16,0.2,0.96,None,0.01868414878845215,7.231,True,None,sfc_unique_p2_2,0,None,4.0,8.66,33.0,10,16,6,2,0,False,100.0,0.75,13.95875,14.4375,0.1368,0.6633,0.1997,0.121,2464.188462998918,2384.188462998918,80.0,0.9325019451243772,2,6,8
0,1772830718.192217,16.1,8,0.0105,0.6308,0.092,0.1746,1.296,63.0834,17.463,0.0,0.0,0.0,1.43,0.84,0.59,None,0.037064313888549805,6.558,True,None,sfc_cache_p3_2,0,None,8.0,8.66,66.0,13,18,6,2,0,False,100.0,0.6666666666666666,13.907777777777778,12.833333333333334,0.1303,0.7196,0.1936,0.1284,2520.2691780585064,2430.2691780585064,90.0,0.9380594154775785,2,6,10
0,1772830718.192669,16.1,8,0.0105,0.6308,0.092,0.1746,1.296,63.0834,17.463,0.0,0.0,0.0,1.2,0.18,1.02,None,0.037064313888549805,7.001,True,None,sfc_unique_p3_2,0,None,8.0,8.66,66.0,13,18,6,2,0,False,100.0,0.6666666666666666,13.907777777777778,12.833333333333334,0.1303,0.7196,0.1936,0.1284,2520.2691780585064,2430.2691780585064,90.0,0.9380594154775785,2,6,10
0,1772830718.2104492,16.1,9,0.0103,0.688,0.0974,0.1746,1.296,68.796,17.463,0.0,0.0,0.0,1.43,0.84,0.59,None,0.0554354190826416,6.442,True,None,sfc_cache_p4_2,0,None,12.0,12.99,99.0,17,20,6,2,0,False,100.0,0.6,13.6505,11.55,0.1243,0.7331,0.1879,0.1309,2548.7713449057437,2448.7713449057437,100.0,0.9422352542961224,2,6,12
0,1772830718.2109118,16.1,9,0.0103,0.688,0.0974,0.1746,1.296,68.796,17.463,0.0,0.0,0.0,1.2,0.18,1.02,None,0.0554354190826416,7.027,True,None,sfc_unique_p4_2,0,None,12.0,12.99,99.0,17,20,6,2,0,False,100.0,0.6,13.6505,11.55,0.1243,0.7331,0.1879,0.1309,2548.7713449057437,2448.7713449057437,100.0,0.9422352542961224,2,6,12
0,1772830718.2286327,16.1,10,0.0211,0.7224,0.1054,0.1746,2.7355,72.2407,17.463,0.0,0.0,0.0,1.8,1.21,0.59,None,0.07366585731506348,6.272,True,None,sfc_cache_p5_2,0,None,16.0,12.99,132.0,19,22,6,2,0,False,100.0,1.1513636363636364,13.030909090909091,10.5,0.1224,0.7404,0.1825,0.1313,2571.1885403863193,2461.1885403863193,110.0,0.9452945765403231,2,6,14
0,1772830718.2291124,16.1,10,0.0211,0.7224,0.1054,0.1746,2.7355,72.2407,17.463,0.0,0.0,0.0,2.22,0.91,1.32,None,0.07366585731506348,6.645,True,None,sfc_unique_p5_2,0,None,16.0,12.99,132.0,19,22,6,2,0,False,100.0,1.1513636363636364,13.030909090909091,10.5,0.1224,0.7404,0.1825,0.1313,2571.1885403863193,2461.1885403863193,110.0,0.9452945765403231,2,6,14
0,1772830718.2467883,16.1,11,0.0349,0.735,0.1135,0.1746,4.6438,73.5007,17.463,0.0,0.0,0.0,1.8,1.21,0.59,None,0.09183907508850098,6.35,True,None,sfc_cache_p6_2,0,None,24.33,12.99,165.0,23,24,6,2,0,False,100.0,1.7916666666666667,12.153333333333334,9.625,0.0842,0.7406,0.1775,0.1297,2591.4443057477183,2471.4443057477183,120.0,0.9476496960149734,2,6,16
0,1772830718.2473016,16.1,11,0.0349,0.735,0.1135,0.1746,4.6438,73.5007,17.463,0.0,0.0,0.0,2.9,1.58,1.32,None,0.09183907508850098,6.655,True,None,sfc_unique_p6_2,0,None,24.33,12.99,165.0,23,24,6,2,0,False,100.0,1.7916666666666667,12.153333333333334,9.625,0.0842,0.7406,0.1775,0.1297,2591.4443057477183,2471.4443057477183,120.0,0.9476496960149734,2,6,16
0,1772830737.2086127,35.1,11,0.0549,0.7476,0.1224,0.1996,7.4517,74.7606,19.9577,0.0,0.0,0.0,2.43,1.17,1.26,None,0.000209808349609375,9.805,True,None,sfc_cache_p1_3,0,None,24.33,12.99,165.0,24,26,6,3,0,False,100.0,2.6538461538461537,11.410769230769231,10.153846153846153,0.0628,0.7404,0.18,0.1408,2622.848113207864,2492.848113207864,130.0,0.9485417387426556,2,6,18
0,1772830737.2096698,35.1,11,0.0549,0.7476,0.1224,0.1996,7.4517,74.7606,19.9577,0.0,0.0,0.0,3.27,1.58,1.69,None,0.000209808349609375,10.269,True,None,sfc_unique_p1_3,0,None,24.33,12.99,165.0,24,26,6,3,0,False,100.0,2.6538461538461537,11.410769230769231,10.153846153846153,0.0628,0.7404,0.18,0.1408,2622.848113207864,2492.848113207864,130.0,0.9485417387426556,2,6,18
0,1772830737.2387016,35.1,12,0.078,0.7476,0.1275,0.2245,10.7996,74.7606,22.4524,0.0,0.0,0.0,2.99,2.19,0.81,None,0.029726505279541016,9.672,True,None,sfc_cache_p2_3,0,None,24.33,12.99,165.0,25,28,6,3,0,False,100.0,3.5714285714285716,10.595714285714285,10.607142857142858,0.0957,0.7404,0.1944,0.1483,2650.840684017336,2510.840684017336,140.0,0.9498388058302136,2,6,20
0,1772830737.2397165,35.1,12,0.078,0.7476,0.1275,0.2245,10.7996,74.7606,22.4524,0.0,0.0,0.0,4.52,3.28,1.24,None,0.029726505279541016,10.42,True,None,sfc_unique_p2_3,0,None,24.33,12.99,165.0,25,28,6,3,0,False,100.0,3.5714285714285716,10.595714285714285,10.607142857142858,0.0957,0.7404,0.1944,0.1483,2650.840684017336,2510.840684017336,140.0,0.9498388058302136,2,6,20
0,1772830737.2613587,35.1,13,0.0934,0.7476,0.1327,0.2245,13.2479,74.7606,22.4524,0.0,0.0,0.0,2.99,2.19,0.81,None,0.059839725494384766,7.323,True,None,sfc_cache_p3_3,0,None,32.66,12.99,198.0,29,30,6,3,0,False,100.0,4.089,9.889333333333333,9.9,0.0947,0.7404,0.1894,0.1527,2678.9187679052793,2528.9187679052793,150.0,0.9505430599234136,2,6,22
0,1772830737.2619367,35.1,13,0.0934,0.7476,0.1327,0.2245,13.2479,74.7606,22.4524,0.0,0.0,0.0,4.52,3.28,1.24,None,0.059839725494384766,6.577,True,None,sfc_unique_p3_3,0,None,32.66,12.99,198.0,29,30,6,3,0,False,100.0,4.089,9.889333333333333,9.9,0.0947,0.7404,0.1894,0.1527,2678.9187679052793,2528.9187679052793,150.0,0.9505430599234136,2,6,22
0,1772830737.2805955,35.2,14,0.1091,0.7476,0.1378,0.2245,15.6961,74.7606,22.4524,0.0,0.0,0.0,2.99,2.19,0.81,None,0.08152508735656738,6.198,True,None,sfc_cache_p4_3,0,None,40.99,12.99,231.0,33,32,6,3,0,False,100.0,4.541875,9.27125,9.28125,0.0862,0.7404,0.1847,0.1545,2712.6027951456444,2552.6027951456444,160.0,0.9505546253616076,2,6,24
0,1772830737.28115,35.2,14,0.1091,0.7476,0.1378,0.2245,15.6961,74.7606,22.4524,0.0,0.0,0.0,4.52,3.28,1.24,None,0.08152508735656738,6.714,True,None,sfc_unique_p4_3,0,None,40.99,12.99,231.0,33,32,6,3,0,False,100.0,4.541875,9.27125,9.28125,0.0862,0.7404,0.1847,0.1545,2712.6027951456444,2552.6027951456444,160.0,0.9505546253616076,2,6,24
0,1772830737.299273,35.2,15,0.1244,0.7476,0.143,0.2245,18.1444,74.7606,22.4524,0.0,0.0,0.0,2.99,2.19,0.81,None,0.10071873664855957,6.149,True,None,sfc_cache_p5_3,0,None,49.32,12.99,264.0,37,34,6,3,0,False,100.0,4.941470588235294,8.725882352941177,8.735294117647058,0.0771,0.7404,0.1802,0.1541,2732.848113207864,2562.848113207864,170.0,0.9499978704481689,2,6,26
0,1772830737.2998405,35.2,15,0.1244,0.7476,0.143,0.2245,18.1444,74.7606,22.4524,0.0,0.0,0.0,4.52,3.28,1.24,None,0.10071873664855957,6.594,True,None,sfc_unique_p5_3,0,None,49.32,12.99,264.0,37,34,6,3,0,False,100.0,4.941470588235294,8.725882352941177,8.735294117647058,0.0771,0.7404,0.1802,0.1541,2732.848113207864,2562.848113207864,170.0,0.9499978704481689,2,6,26
0,1772830737.3185127,35.2,16,0.1386,0.7476,0.1481,0.2245,20.5927,74.7606,22.4524,0.0,0.0,0.0,2.99,2.19,0.81,None,0.11939549446105957,6.183,True,None,sfc_cache_p6_3,0,None,57.65,12.99,297.0,41,36,6,3,0,False,100.0,5.296666666666667,8.241111111111111,8.25,0.0692,0.7404,0.1759,0.152,2742.848113207864,2562.848113207864,180.0,0.9489695260857199,2,6,28
0,1772830737.3191156,35.2,16,0.1386,0.7476,0.1481,0.2245,20.5927,74.7606,22.4524,0.0,0.0,0.0,4.52,3.28,1.24,None,0.11939549446105957,6.606,True,None,sfc_unique_p6_3,0,None,57.65,12.99,297.0,41,36,6,3,0,False,100.0,5.296666666666667,8.241111111111111,8.25,0.0692,0.7404,0.1759,0.152,2742.848113207864,2562.848113207864,180.0,0.9489695260857199,2,6,28
0,1772830758.2268395,56.1,16,0.1383,0.8156,0.1526,0.2495,21.0247,81.5644,24.9471,0.0,0.0,0.0,2.56,1.66,0.91,None,0.00016069412231445312,6.071,True,None,sfc_cache_p1_4,0,None,57.65,12.99,297.0,42,38,6,4,0,False,100.0,5.123157894736842,8.517894736842106,8.68421052631579,0.0715,0.8235,0.1628,0.1609,2802.1338274935783,2612.1338274935783,190.0,0.9467200685123661,2,7,29
0,1772830758.2274985,56.1,16,0.1383,0.8156,0.1526,0.2495,21.0247,81.5644,24.9471,0.0,0.0,0.0,1.7,0.37,1.34,None,0.00016069412231445312,6.208,True,None,sfc_unique_p1_4,0,None,57.65,12.99,297.0,42,38,6,4,0,False,100.0,5.123157894736842,8.517894736842106,8.68421052631579,0.0715,0.8235,0.1628,0.1609,2802.1338274935783,2612.1338274935783,190.0,0.9467200685123661,2,7,29
0,1772830758.2455583,56.1,17,0.1381,0.8837,0.1651,0.2744,21.4567,88.3681,27.4418,0.0,0.0,0.0,2.57,0.9,1.67,None,0.021374225616455078,5.85,True,None,sfc_cache_p2_4,0,None,57.65,12.99,297.0,43,40,6,4,0,False,100.0,4.9670000000000005,8.767,9.075,0.0717,0.9062,0.1663,0.1801,2859.45544953351,2659.45544953351,200.0,0.9443072527785723,3,8,29
0,1772830758.2461905,56.1,17,0.1381,0.8837,0.1651,0.2744,21.4567,88.3681,27.4418,0.0,0.0,0.0,1.8,0.44,1.36,None,0.021374225616455078,5.954,True,None,sfc_unique_p2_4,0,None,57.65,12.99,297.0,43,40,6,4,0,False,100.0,4.9670000000000005,8.767,9.075,0.0717,0.9062,0.1663,0.1801,2859.45544953351,2659.45544953351,200.0,0.9443072527785723,3,8,29
0,1772830758.2638807,56.1,18,0.1358,0.9517,0.1738,0.2744,21.4567,95.1719,27.4418,0.0,0.0,0.0,2.59,0.91,1.67,None,0.04009079933166504,5.759,True,None,sfc_cache_p3_4,0,None,61.65,12.99,330.0,45,42,6,4,0,False,100.0,4.730476190476191,8.992380952380952,8.642857142857142,0.0696,0.9894,0.1626,0.1928,2914.45544953351,2704.45544953351,210.0,0.9436679757515368,3,9,30
0,1772830758.2645376,56.1,18,0.1358,0.9517,0.1738,0.2744,21.4567,95.1719,27.4418,0.0,0.0,0.0,2.11,0.48,1.63,None,0.04009079933166504,5.827,True,None,sfc_unique_p3_4,0,None,61.65,12.99,330.0,45,42,6,4,0,False,100.0,4.730476190476191,8.992380952380952,8.642857142857142,0.0696,0.9894,0.1626,0.1928,2914.45544953351,2704.45544953351,210.0,0.9436679757515368,3,9,30
0,1772830758.2826216,56.2,19,0.1447,0.9643,0.1866,0.2744,23.3649,96.4318,27.4418,0.0,0.0,0.0,2.59,0.91,1.67,None,0.05840635299682617,5.693,True,None,sfc_cache_p4_4,0,None,65.65,17.32,363.0,49,44,6,4,0,False,100.0,4.9170454545454545,8.697272727272727,8.25,0.0765,0.9904,0.1591,0.2053,2934.7112148949095,2714.7112148949095,220.0,0.9414735451429919,3,10,31
0,1772830758.2832859,56.2,19,0.1447,0.9643,0.1866,0.2744,23.3649,96.4318,27.4418,0.0,0.0,0.0,3.82,1.71,2.11,None,0.05840635299682617,5.626,True,None,sfc_unique_p4_4,0,None,65.65,17.32,363.0,49,44,6,4,0,False,100.0,4.9170454545454545,8.697272727272727,8.25,0.0765,0.9904,0.1591,0.2053,2934.7112148949095,2714.7112148949095,220.0,0.9414735451429919,3,10,31
0,1772830758.3006182,56.2,20,0.159,0.9685,0.1967,0.2744,26.1005,96.8526,27.4418,0.0,0.0,0.0,3.86,1.74,2.12,None,0.07715749740600586,5.409,True,None,sfc_cache_p5_4,0,None,69.65,17.32,396.0,52,46,6,4,0,False,100.0,5.253913043478261,8.355434782608697,7.891304347826087,0.0859,0.9957,0.1557,0.215,2965.6967845534746,2735.6967845534746,230.0,0.9384158801226177,4,11,31
0,1772830758.3013005,56.2,20,0.159,0.9685,0.1967,0.2744,26.1005,96.8526,27.4418,0.0,0.0,0.0,4.49,2.38,2.11,None,0.07715749740600586,5.333,True,None,sfc_unique_p5_4,0,None,69.65,17.32,396.0,52,46,6,4,0,False,100.0,5.253913043478261,8.355434782608697,7.891304347826087,0.0859,0.9957,0.1557,0.215,2965.6967845534746,2735.6967845534746,230.0,0.9384158801226177,4,11,31
0,1772830758.3190498,56.2,21,0.1707,0.9727,0.2067,0.2744,28.3684,97.2735,27.4418,0.0,0.0,0.0,3.86,1.74,2.12,None,0.09515857696533203,5.304,True,None,sfc_cache_p6_4,0,None,77.98,17.32,429.0,56,48,6,4,0,False,100.0,5.4725,8.042083333333332,7.5625,0.0874,0.9984,0.1524,0.2204,2997.6361128308313,2757.6361128308313,240.0,0.9355349349874507,5,11,32
0,1772830758.319765,56.2,21,0.1707,0.9727,0.2067,0.2744,28.3684,97.2735,27.4418,0.0,0.0,0.0,4.49,2.38,2.11,None,0.09515857696533203,5.372,True,None,sfc_unique_p6_4,0,None,77.98,17.32,429.0,56,48,6,4,0,False,100.0,5.4725,8.042083333333332,7.5625,0.0874,0.9984,0.1524,0.2204,2997.6361128308313,2757.6361128308313,240.0,0.9355349349874507,5,11,32
0,1772830774.260978,72.1,21,0.186,0.9769,0.215,0.2994,31.5359,97.6943,29.9365,0.0,0.0,0.0,4.85,3.5,1.36,None,0.00028395652770996094,8.594,True,None,sfc_cache_p1_5,0,None,77.98,17.32,429.0,56,50,6,5,0,False,100.0,5.840199999999999,7.7538,7.92,0.0956,0.9988,0.1685,0.2315,3035.0214904813497,2785.0214904813497,250.0,0.9340832899697062,6,11,33
0,1772830774.26247,72.1,21,0.186,0.9769,0.215,0.2994,31.5359,97.6943,29.9365,0.0,0.0,0.0,4.85,2.61,2.25,None,0.00028395652770996094,8.644,True,None,sfc_unique_p1_5,0,None,77.98,17.32,429.0,56,50,6,5,0,False,100.0,5.840199999999999,7.7538,7.92,0.0956,0.9988,0.1685,0.2315,3035.0214904813497,2785.0214904813497,250.0,0.9340832899697062,6,11,33
0,1772830774.290876,72.2,22,0.2026,0.9769,0.2223,0.3243,34.8838,97.6943,32.4312,0.0,0.0,0.0,3.5,1.68,1.81,None,0.031337738037109375,7.811,True,None,sfc_cache_p2_5,0,None,77.98,17.32,429.0,58,52,6,5,0,False,100.0,6.211730769230769,7.455576923076923,8.25,0.0932,0.9988,0.165,0.2382,3057.356268379508,2797.356268379508,260.0,0.933861213725258,6,11,35
0,1772830774.2922912,72.2,22,0.2026,0.9769,0.2223,0.3243,34.8838,97.6943,32.4312,0.0,0.0,0.0,4.5,2.25,2.25,None,0.031337738037109375,8.171,True,None,sfc_unique_p2_5,0,None,77.98,17.32,429.0,58,52,6,5,0,False,100.0,6.211730769230769,7.455576923076923,8.25,0.0932,0.9988,0.165,0.2382,3057.356268379508,2797.356268379508,260.0,0.933861213725258,6,11,35
0,1772830774.321527,72.2,23,0.2167,0.9769,0.2309,0.3493,37.7641,97.6943,34.9259,0.0,0.0,0.0,3.94,1.71,2.23,None,0.06113266944885254,7.856,True,None,sfc_cache_p3_5,0,None,82.31,17.32,429.0,60,54,6,5,0,False,100.0,6.475555555555555,7.179444444444444,8.555555555555555,0.0897,0.9988,0.1622,0.2444,3071.5351880513854,2801.5351880513854,270.0,0.9331581923158256,6,12,36
0,1772830774.3229768,72.2,23,0.2167,0.9769,0.2309,0.3493,37.7641,97.6943,34.9259,0.0,0.0,0.0,4.5,2.25,2.25,None,0.06113266944885254,8.374,True,None,sfc_unique_p3_5,0,None,82.31,17.32,429.0,60,54,6,5,0,False,100.0,6.475555555555555,7.179444444444444,8.555555555555555,0.0897,0.9988,0.1622,0.2444,3071.5351880513854,2801.5351880513854,270.0,0.9331581923158256,6,12,36
0,1772830774.351858,72.2,24,0.2315,0.9769,0.2409,0.3742,41.1119,97.6943,37.4206,0.0,0.0,0.0,4.0,1.71,2.29,None,0.09184050559997559,7.278,True,None,sfc_cache_p4_5,0,None,82.31,17.32,429.0,61,56,6,5,0,False,100.0,6.797857142857143,6.923035714285715,8.839285714285714,0.0912,0.9988,0.171,0.25,3094.4573363256463,2814.4573363256463,280.0,0.9323327436619822,6,12,38
0,1772830774.3533568,72.2,24,0.2315,0.9769,0.2409,0.3742,41.1119,97.6943,37.4206,0.0,0.0,0.0,5.05,2.38,2.66,None,0.09184050559997559,8.005,True,None,sfc_unique_p4_5,0,None,82.31,17.32,429.0,61,56,6,5,0,False,100.0,6.797857142857143,6.923035714285715,8.839285714285714,0.0912,0.9988,0.171,0.25,3094.4573363256463,2814.4573363256463,280.0,0.9323327436619822,6,12,38
0,1772830774.3825762,72.3,25,0.2407,0.9769,0.251,0.3742,43.5602,97.6943,37.4206,0.0,0.0,0.0,4.0,1.71,2.29,None,0.12221646308898926,7.245,True,None,sfc_cache_p5_5,0,None,90.64,17.32,462.0,65,58,6,5,0,False,100.0,6.9543103448275865,6.684310344827586,8.53448275862069,0.0889,0.9988,0.1678,0.252,3104.4573363256463,2814.4573363256463,290.0,0.9316265115844129,6,12,40
0,1772830774.3841305,72.3,25,0.2407,0.9769,0.251,0.3742,43.5602,97.6943,37.4206,0.0,0.0,0.0,5.05,2.38,2.66,None,0.12221646308898926,7.936,True,None,sfc_unique_p5_5,0,None,90.64,17.32,462.0,65,58,6,5,0,False,100.0,6.9543103448275865,6.684310344827586,8.53448275862069,0.0889,0.9988,0.1678,0.252,3104.4573363256463,2814.4573363256463,290.0,0.9316265115844129,6,12,40
0,1772830774.412646,72.3,26,0.2495,0.9769,0.26,0.3742,46.0085,97.6943,37.4206,0.0,0.0,0.0,5.92,4.57,1.36,None,0.15298032760620117,6.924,True,None,sfc_cache_p6_5,0,None,98.97,17.32,495.0,69,60,6,5,0,False,100.0,7.100333333333333,6.4615,8.25,0.0943,0.9988,0.1647,0.2523,3126.502387401331,2826.502387401331,300.0,0.9309759862008138,6,13,41
0,1772830774.4142206,72.3,26,0.2495,0.9769,0.26,0.3742,46.0085,97.6943,37.4206,0.0,0.0,0.0,5.42,2.69,2.72,None,0.15298032760620117,7.728,True,None,sfc_unique_p6_5,0,None,98.97,17.32,495.0,69,60,6,5,0,False,100.0,7.100333333333333,6.4615,8.25,0.0943,0.9988,0.1647,0.2523,3126.502387401331,2826.502387401331,300.0,0.9309759862008138,6,13,41
0,1772830793.4008632,91.3,26,0.2648,0.9769,0.267,0.3992,49.3563,97.6943,39.9153,0.0,0.0,0.0,3.6,1.82,1.78,None,0.00022268295288085938,7.205,True,None,sfc_cache_p1_6,0,None,98.97,17.32,495.0,70,62,6,6,0,False,100.0,7.371290322580645,6.253064516129032,8.516129032258064,0.1003,0.9988,0.1676,0.2597,3157.206225816437,2847.206225816437,310.0,0.9313732403638496,6,13,43
0,1772830793.4026146,91.3,26,0.2648,0.9769,0.267,0.3992,49.3563,97.6943,39.9153,0.0,0.0,0.0,4.94,2.85,2.09,None,0.00022268295288085938,7.509,True,None,sfc_unique_p1_6,0,None,98.97,17.32,495.0,70,62,6,6,0,False,100.0,7.371290322580645,6.253064516129032,8.516129032258064,0.1003,0.9988,0.1676,0.2597,3157.206225816437,2847.206225816437,310.0,0.9313732403638496,6,13,43
0,1772830793.4316518,91.3,27,0.273,0.9769,0.274,0.3992,51.8046,97.6943,39.9153,0.0,0.0,0.0,3.6,1.82,1.78,None,0.1304798126220703,7.0,True,None,sfc_cache_p2_6,0,None,107.3,17.32,528.0,74,64,6,6,0,False,100.0,7.49515625,6.05765625,8.25,0.1017,0.9988,0.1646,0.2649,3189.145554093793,2869.145554093793,320.0,0.931625456524109,6,15,43
0,1772830793.4333456,91.3,27,0.273,0.9769,0.274,0.3992,51.8046,97.6943,39.9153,0.0,0.0,0.0,4.94,2.85,2.09,None,0.1304798126220703,7.674,True,None,sfc_unique_p2_6,0,None,107.3,17.32,528.0,74,64,6,6,0,False,100.0,7.49515625,6.05765625,8.25,0.1017,0.9988,0.1646,0.2649,3189.145554093793,2869.145554093793,320.0,0.931625456524109,6,15,43
0,1772830793.4623861,91.3,28,0.2829,0.9769,0.2799,0.3992,54.2529,97.6943,39.9153,0.0,0.0,0.0,3.56,1.9,1.66,None,0.16124629974365234,6.896,True,None,sfc_cache_p3_6,0,None,115.63,17.32,561.0,78,66,6,6,0,False,100.0,7.611515151515151,5.874090909090909,8.0,0.1018,0.9988,0.1617,0.2691,3213.925,2883.925,330.0,0.9319443055770998,6,15,45
0,1772830793.464085,91.3,28,0.2829,0.9769,0.2799,0.3992,54.2529,97.6943,39.9153,0.0,0.0,0.0,4.94,2.85,2.09,None,0.16124629974365234,7.565,True,None,sfc_unique_p3_6,0,None,115.63,17.32,561.0,78,66,6,6,0,False,100.0,7.611515151515151,5.874090909090909,8.0,0.1018,0.9988,0.1617,0.2691,3213.925,2883.925,330.0,0.9319443055770998,6,15,45
0,1772830793.4934316,91.4,29,0.2925,0.9769,0.2859,0.3992,56.7012,97.6943,39.9153,0.0,0.0,0.0,3.56,1.9,1.66,None,0.19197988510131836,6.957,True,None,sfc_cache_p4_6,0,None,123.96,17.32,594.0,82,68,6,6,0,False,100.0,7.721029411764706,5.701323529411765,7.764705882352941,0.1003,0.9988,0.1589,0.2715,3223.925,2883.925,340.0,0.9319619995307983,6,15,47
0,1772830793.4951792,91.4,29,0.2925,0.9769,0.2859,0.3992,56.7012,97.6943,39.9153,0.0,0.0,0.0,4.94,2.85,2.09,None,0.19197988510131836,7.57,True,None,sfc_unique_p4_6,0,None,123.96,17.32,594.0,82,68,6,6,0,False,100.0,7.721029411764706,5.701323529411765,7.764705882352941,0.1003,0.9988,0.1589,0.2715,3223.925,2883.925,340.0,0.9319619995307983,6,15,47
0,1772830793.5236683,91.4,30,0.302,0.9769,0.2975,0.3992,59.1494,97.6943,39.9153,0.0,0.0,0.0,3.56,1.9,1.66,None,0.22306251525878906,6.911,True,None,sfc_cache_p5_6,0,None,132.29,17.32,627.0,85,70,6,6,0,False,100.0,7.824285714285715,5.538428571428572,7.542857142857143,0.106,0.9988,0.1562,0.2752,3251.4285714285716,2901.4285714285716,350.0,0.9293508960448429,8,15,47
0,1772830793.525394,91.4,30,0.302,0.9769,0.2975,0.3992,59.1494,97.6943,39.9153,0.0,0.0,0.0,7.01,4.09,2.92,None,0.22306251525878906,7.232,True,None,sfc_unique_p5_6,0,None,132.29,17.32,627.0,85,70,6,6,0,False,100.0,7.824285714285715,5.538428571428572,7.542857142857143,0.106,0.9988,0.1562,0.2752,3251.4285714285716,2901.4285714285716,350.0,0.9293508960448429,8,15,47
0,1772830793.5550585,91.4,31,0.3135,0.9769,0.3124,0.4241,62.0297,97.6943,42.41,0.0,0.0,0.0,5.23,2.74,2.49,None,0.2532539367675781,6.788,True,None,sfc_cache_p6_6,0,None,136.62,17.32,627.0,88,72,6,6,0,False,100.0,7.977361111111112,5.3845833333333335,7.791666666666667,0.1107,0.9988,0.169,0.2766,3280.0,2920.0,360.0,0.9245831574669467,11,14,47
0,1772830793.5568721,91.4,31,0.3135,0.9769,0.3124,0.4241,62.0297,97.6943,42.41,0.0,0.0,0.0,7.01,4.09,2.92,None,0.2532539367675781,7.23,True,None,sfc_unique_p6_6,0,None,136.62,17.32,627.0,88,72,6,6,0,False,100.0,7.977361111111112,5.3845833333333335,7.791666666666667,0.1107,0.9988,0.169,0.2766,3280.0,2920.0,360.0,0.9245831574669467,11,14,47
0,1772830810.3307846,108.2,31,0.326,0.9769,0.3224,0.449,65.3776,97.6943,44.9047,0.0,0.0,0.0,4.96,3.32,1.65,None,0.0001914501190185547,6.888,True,None,sfc_cache_p1_7,0,None,136.62,17.32,627.0,89,74,6,7,0,False,100.0,8.180675675675676,5.239054054054054,8.027027027027026,0.1147,0.9988,0.1651,0.2826,3298.925,2928.925,370.0,0.9180897195878897,14,13,47
0,1772830810.332747,108.2,31,0.326,0.9769,0.3224,0.449,65.3776,97.6943,44.9047,0.0,0.0,0.0,6.79,4.71,2.08,None,0.0001914501190185547,7.046,True,None,sfc_unique_p1_7,0,None,136.62,17.32,627.0,89,74,6,7,0,False,100.0,8.180675675675676,5.239054054054054,8.027027027027026,0.1147,0.9988,0.1651,0.2826,3298.925,2928.925,370.0,0.9180897195878897,14,13,47
0,1772830810.35613,108.2,32,0.3369,0.9769,0.3302,0.474,68.2578,97.6943,47.3995,0.0,0.0,0.0,5.57,4.21,1.35,None,0.029937028884887695,4.606,True,None,sfc_cache_p2_7,0,None,140.95,17.32,627.0,91,76,6,7,0,False,100.0,8.316315789473684,5.101184210526315,8.25,0.1248,0.9988,0.1769,0.2869,3336.285714285714,2956.285714285714,380.0,0.9154173035916474,17,12,47
0,1772830810.3570886,108.2,32,0.3369,0.9769,0.3302,0.474,68.2578,97.6943,47.3995,0.0,0.0,0.0,7.48,5.4,2.08,None,0.029937028884887695,4.253,True,None,sfc_unique_p2_7,0,None,140.95,17.32,627.0,91,76,6,7,0,False,100.0,8.316315789473684,5.101184210526315,8.25,0.1248,0.9988,0.1769,0.2869,3336.285714285714,2956.285714285714,380.0,0.9154173035916474,17,12,47
0,1772830810.3752105,108.2,33,0.3433,0.9769,0.338,0.474,70.7061,97.6943,47.3995,0.0,0.0,0.0,5.57,4.21,1.35,None,0.053386688232421875,3.813,True,None,sfc_cache_p3_7,0,None,149.28,17.32,660.0,95,78,6,7,0,False,100.0,8.39371794871795,4.970384615384615,8.038461538461538,0.1281,0.9988,0.1741,0.2895,3363.217857142857,2973.217857142857,390.0,0.9126195201314252,18,13,47
0,1772830810.3761733,108.2,33,0.3433,0.9769,0.338,0.474,70.7061,97.6943,47.3995,0.0,0.0,0.0,7.48,5.4,2.08,None,0.053386688232421875,4.175,True,None,sfc_unique_p3_7,0,None,149.28,17.32,660.0,95,78,6,7,0,False,100.0,8.39371794871795,4.970384615384615,8.038461538461538,0.1281,0.9988,0.1741,0.2895,3363.217857142857,2973.217857142857,390.0,0.9126195201314252,18,13,47
0,1772830810.3941343,108.3,34,0.3494,0.9769,0.346,0.474,73.1543,97.6943,47.3995,0.0,0.0,0.0,5.57,4.21,1.35,None,0.07244038581848145,3.817,True,None,sfc_cache_p4_7,0,None,157.61,17.32,693.0,99,80,6,7,0,False,100.0,8.46725,4.846125,7.8375,0.1313,0.9988,0.1714,0.2914,3384.65,2984.65,400.0,0.9091003745426167,19,14,47
0,1772830810.3951092,108.3,34,0.3494,0.9769,0.346,0.474,73.1543,97.6943,47.3995,0.0,0.0,0.0,8.07,5.72,2.35,None,0.07244038581848145,4.092,True,None,sfc_unique_p4_7,0,None,157.61,17.32,693.0,99,80,6,7,0,False,100.0,8.46725,4.846125,7.8375,0.1313,0.9988,0.1714,0.2914,3384.65,2984.65,400.0,0.9091003745426167,19,14,47
0,1772830810.413012,108.3,35,0.3554,0.9769,0.3539,0.474,75.6026,97.6943,47.3995,0.0,0.0,0.0,5.57,4.21,1.35,None,0.09137892723083496,3.815,True,None,sfc_cache_p5_7,0,None,165.94,17.32,726.0,103,82,6,7,0,False,100.0,8.53719512195122,4.727926829268292,7.646341463414634,0.1346,0.9988,0.1687,0.2916,3411.44,3001.44,410.0,0.9042691699108035,24,12,46
0,1772830810.413992,108.3,35,0.3554,0.9769,0.3539,0.474,75.6026,97.6943,47.3995,0.0,0.0,0.0,8.38,6.02,2.35,None,0.09137892723083496,4.0,True,None,sfc_unique_p5_7,0,None,165.94,17.32,726.0,103,82,6,7,0,False,100.0,8.53719512195122,4.727926829268292,7.646341463414634,0.1346,0.9988,0.1687,0.2916,3411.44,3001.44,410.0,0.9042691699108035,24,12,46
0,1772830810.4322808,108.3,36,0.3635,0.9769,0.3619,0.474,78.0509,97.6943,47.3995,0.0,0.0,0.0,5.57,4.21,1.35,None,0.11024785041809082,3.864,True,None,sfc_cache_p6_7,0,None,174.27,17.32,759.0,107,84,6,7,0,False,100.0,8.603809523809524,4.6153571428571425,7.464285714285714,0.1345,0.9988,0.1662,0.2903,3425.714285714286,3005.714285714286,420.0,0.8983570268051553,26,12,46
0,1772830810.433328,108.3,36,0.3635,0.9769,0.3619,0.474,78.0509,97.6943,47.3995,0.0,0.0,0.0,8.38,6.02,2.35,None,0.11024785041809082,4.084,True,None,sfc_unique_p6_7,0,None,174.27,17.32,759.0,107,84,6,7,0,False,100.0,8.603809523809524,4.6153571428571425,7.464285714285714,0.1345,0.9988,0.1662,0.2903,3425.714285714286,3005.714285714286,420.0,0.8983570268051553,26,12,46
0,1772830827.3651063,125.2,36,0.3981,0.3201,0.1911,0.3243,73.4071,32.0053,32.4312,0.0,0.0,0.0,1.8,0.33,1.47,None,0.00018596649169921875,10.714,True,None,sfc_cache_p1_8,0,None,149.94,4.33,594.0,84,62,6,6,0,False,100.0,10.963225806451613,2.0485483870967744,6.919354838709677,0.1682,0.5346,0.1481,0.2372,2995.2948621614555,2685.2948621614555,310.0,0.9003002953104442,23,6,33
0,1772830827.3669157,125.2,36,0.3981,0.3201,0.1911,0.3243,73.4071,32.0053,32.4312,0.0,0.0,0.0,2.62,0.73,1.89,None,0.00018596649169921875,10.448,True,None,sfc_unique_p1_8,0,None,149.94,4.33,594.0,84,62,6,6,0,False,100.0,10.963225806451613,2.0485483870967744,6.919354838709677,0.1682,0.5346,0.1481,0.2372,2995.2948621614555,2685.2948621614555,310.0,0.9003002953104442,23,6,33
0,1772830827.4018168,125.3,37,0.391,0.3982,0.2046,0.3493,73.4071,39.8171,34.9259,0.0,0.0,0.0,2.71,0.36,2.35,None,0.03801560401916504,10.141,True,None,sfc_cache_p2_8,0,None,149.94,4.33,594.0,85,64,6,6,0,False,100.0,10.620625,2.46890625,7.21875,0.1644,0.6602,0.1633,0.2495,3044.093554532602,2724.093554532602,320.0,0.8981607223056332,24,7,33
0,1772830827.4034805,125.3,37,0.391,0.3982,0.2046,0.3493,73.4071,39.8171,34.9259,0.0,0.0,0.0,2.38,0.48,1.9,None,0.03801560401916504,9.916,True,None,sfc_unique_p2_8,0,None,149.94,4.33,594.0,85,64,6,6,0,False,100.0,10.620625,2.46890625,7.21875,0.1644,0.6602,0.1633,0.2495,3044.093554532602,2724.093554532602,320.0,0.8981607223056332,24,7,33
0,1772830827.4377131,125.3,38,0.3868,0.4763,0.2138,0.3742,73.4071,47.6288,37.4206,0.0,0.0,0.0,2.51,0.24,2.27,None,0.0746316909790039,9.689,True,None,sfc_cache_p3_8,0,None,149.94,4.33,594.0,86,66,6,6,0,False,100.0,10.298787878787879,2.8637878787878788,7.5,0.1607,0.7136,0.178,0.257,3111.90503882296,2781.90503882296,330.0,0.8976898998418819,24,8,34
0,1772830827.4394255,125.3,38,0.3868,0.4763,0.2138,0.3742,73.4071,47.6288,37.4206,0.0,0.0,0.0,2.14,0.24,1.9,None,0.0746316909790039,9.511,True,None,sfc_unique_p3_8,0,None,149.94,4.33,594.0,86,66,6,6,0,False,100.0,10.298787878787879,2.8637878787878788,7.5,0.1607,0.7136,0.178,0.257,3111.90503882296,2781.90503882296,330.0,0.8976898998418819,24,8,34
0,1772830827.4738035,125.3,39,0.3827,0.5435,0.2275,0.3992,73.4071,54.3494,39.9153,0.0,0.0,0.0,2.55,0.21,2.33,None,0.11056780815124512,9.336,True,None,sfc_cache_p4_8,0,None,149.94,8.66,594.0,88,68,6,6,0,False,100.0,9.995882352941177,3.171764705882353,7.764705882352941,0.1572,0.7499,0.1922,0.2617,3139.510672625777,2799.510672625777,340.0,0.8973973251802244,24,9,35
0,1772830827.4756153,125.3,39,0.3827,0.5435,0.2275,0.3992,73.4071,54.3494,39.9153,0.0,0.0,0.0,2.61,0.26,2.35,None,0.11056780815124512,9.467,True,None,sfc_unique_p4_8,0,None,149.94,8.66,594.0,88,68,6,6,0,False,100.0,9.995882352941177,3.171764705882353,7.764705882352941,0.1572,0.7499,0.1922,0.2617,3139.510672625777,2799.510672625777,340.0,0.8973973251802244,24,9,35
0,1772830827.510084,125.4,40,0.3783,0.6115,0.24,0.4241,73.839,61.1531,42.41,0.0,0.0,0.0,2.75,0.83,1.92,None,0.14677047729492188,8.921,True,None,sfc_cache_p5_8,0,None,149.94,8.66,594.0,90,70,6,6,0,False,100.0,9.767428571428573,3.466857142857143,8.014285714285714,0.1541,0.7783,0.1879,0.2645,3195.1336412064916,2845.1336412064916,350.0,0.8981734402693183,24,9,37
0,1772830827.511876,125.4,40,0.3783,0.6115,0.24,0.4241,73.839,61.1531,42.41,0.0,0.0,0.0,2.62,0.27,2.35,None,0.14677047729492188,9.377,True,None,sfc_unique_p5_8,0,None,149.94,8.66,594.0,90,70,6,6,0,False,100.0,9.767428571428573,3.466857142857143,8.014285714285714,0.1541,0.7783,0.1879,0.2645,3195.1336412064916,2845.1336412064916,350.0,0.8981734402693183,24,9,37
0,1772830827.5456429,125.4,41,0.3766,0.6796,0.2518,0.449,74.271,67.9569,44.9047,0.0,0.0,0.0,3.82,1.71,2.11,None,0.18300294876098633,8.362,True,None,sfc_cache_p6_8,0,None,149.94,8.66,594.0,90,72,6,6,0,False,100.0,9.551666666666668,3.7455555555555557,8.25,0.1508,0.8529,0.1821,0.275,3236.5485219006346,2876.5485219006346,360.0,0.8936231974572763,26,9,37
0,1772830827.5474753,125.4,41,0.3766,0.6796,0.2518,0.449,74.271,67.9569,44.9047,0.0,0.0,0.0,3.21,0.89,2.32,None,0.18300294876098633,8.742,True,None,sfc_unique_p6_8,0,None,149.94,8.66,594.0,90,72,6,6,0,False,100.0,9.551666666666668,3.7455555555555557,8.25,0.1508,0.8529,0.1821,0.275,3236.5485219006346,2876.5485219006346,360.0,0.8936231974572763,26,9,37
0,1772830848.4084163,146.3,41,0.3725,0.7476,0.257,0.474,74.703,74.7606,47.3995,0.0,0.0,0.0,1.72,0.84,0.88,None,0.0001990795135498047,7.655,True,None,sfc_cache_p1_9,0,None,149.94,8.66,594.0,90,74,6,7,0,False,100.0,9.347567567567568,4.009189189189189,8.472972972972974,0.1477,0.9111,0.1798,0.2746,3296.7002012072435,2926.7002012072435,370.0,0.8943755321917619,26,9,39
0,1772830848.410436,146.3,41,0.3725,0.7476,0.257,0.474,74.703,74.7606,47.3995,0.0,0.0,0.0,1.45,0.2,1.25,None,0.0001990795135498047,8.156,True,None,sfc_unique_p1_9,0,None,149.94,8.66,594.0,90,74,6,7,0,False,100.0,9.347567567567568,4.009189189189189,8.472972972972974,0.1477,0.9111,0.1798,0.2746,3296.7002012072435,2926.7002012072435,370.0,0.8943755321917619,26,9,39
0,1772830848.4437132,146.3,42,0.3684,0.8047,0.2629,0.4989,75.135,80.4732,49.8942,0.0,0.0,0.0,3.5,2.15,1.35,None,0.03635144233703613,7.206,True,None,sfc_cache_p2_9,0,None,149.94,12.99,594.0,92,76,6,7,0,False,100.0,9.15421052631579,4.201973684210526,8.68421052631579,0.1448,0.9236,0.1769,0.273,3321.13140380746,2941.13140380746,380.0,0.8925500203276266,27,11,38
0,1772830848.4455812,146.3,42,0.3684,0.8047,0.2629,0.4989,75.135,80.4732,49.8942,0.0,0.0,0.0,1.45,0.2,1.25,None,0.03635144233703613,7.962,True,None,sfc_unique_p2_9,0,None,149.94,12.99,594.0,92,76,6,7,0,False,100.0,9.15421052631579,4.201973684210526,8.68421052631579,0.1448,0.9236,0.1769,0.273,3321.13140380746,2941.13140380746,380.0,0.8925500203276266,27,11,38
0,1772830848.4784632,146.4,43,0.3645,0.8728,0.2736,0.5239,75.567,87.277,52.3889,0.0,0.0,0.0,4.63,2.33,2.3,None,0.07145285606384277,7.031,True,None,sfc_cache_p3_9,0,None,149.94,12.99,594.0,93,78,6,7,0,False,100.0,8.970769230769232,4.440384615384616,8.884615384615385,0.144,0.9788,0.1751,0.2715,3381.4978331527627,2991.4978331527627,390.0,0.8920007923404335,28,12,38
0,1772830848.4803412,146.4,43,0.3645,0.8728,0.2736,0.5239,75.567,87.277,52.3889,0.0,0.0,0.0,1.49,0.18,1.31,None,0.07145285606384277,7.555,True,None,sfc_unique_p3_9,0,None,149.94,12.99,594.0,93,78,6,7,0,False,100.0,8.970769230769232,4.440384615384616,8.884615384615385,0.144,0.9788,0.1751,0.2715,3381.4978331527627,2991.4978331527627,390.0,0.8920007923404335,28,12,38
0,1772830848.5099437,146.4,44,0.3645,0.8728,0.2736,0.5239,75.567,87.277,52.3889,0.0,0.0,0.0,None,None,None,None,0.1062161922454834,3.417,False,None,sfc_cache_p4_9,0,None,149.94,12.99,594.0,93,78,6,7,0,False,99.02912621359224,8.970769230769232,4.440384615384616,8.884615384615385,0.144,0.9788,0.1751,0.2715,3381.4978331527627,2991.4978331527627,390.0,0.8920007923404335,28,12,38
0,1772830848.5118804,146.4,44,0.3645,0.8728,0.2736,0.5239,75.567,87.277,52.3889,0.0,0.0,0.0,1.49,0.18,1.31,None,0.1062161922454834,7.508,False,None,sfc_unique_p4_9,0,None,149.94,12.99,594.0,93,78,6,7,0,False,98.07692307692307,8.970769230769232,4.440384615384616,8.884615384615385,0.144,0.9788,0.1751,0.2715,3381.4978331527627,2991.4978331527627,390.0,0.8920007923404335,28,12,38
0,1772830848.5418427,146.4,45,0.3645,0.8728,0.2736,0.5239,75.567,87.277,52.3889,0.0,0.0,0.0,None,None,None,None,0.1377716064453125,3.428,False,None,sfc_cache_p5_9,0,None,149.94,12.99,594.0,93,78,6,7,0,False,97.14285714285714,8.970769230769232,4.440384615384616,8.884615384615385,0.144,0.9788,0.1751,0.2715,3381.4978331527627,2991.4978331527627,390.0,0.8920007923404335,28,12,38
0,1772830848.5438046,146.4,45,0.3645,0.8728,0.2736,0.5239,75.567,87.277,52.3889,0.0,0.0,0.0,1.49,0.18,1.31,None,0.1377716064453125,7.555,False,None,sfc_unique_p5_9,0,None,149.94,12.99,594.0,93,78,6,7,0,False,96.22641509433963,8.970769230769232,4.440384615384616,8.884615384615385,0.144,0.9788,0.1751,0.2715,3381.4978331527627,2991.4978331527627,390.0,0.8920007923404335,28,12,38
0,1772830848.5732253,146.4,46,0.3645,0.8728,0.2736,0.5239,75.567,87.277,52.3889,0.0,0.0,0.0,None,None,None,None,0.1696486473083496,3.327,False,None,sfc_cache_p6_9,0,None,149.94,12.99,594.0,93,78,6,7,0,False,95.32710280373831,8.970769230769232,4.440384615384616,8.884615384615385,0.144,0.9788,0.1751,0.2715,3381.4978331527627,2991.4978331527627,390.0,0.8920007923404335,28,12,38
0,1772830848.5751173,146.4,46,0.3645,0.8728,0.2736,0.5239,75.567,87.277,52.3889,0.0,0.0,0.0,1.49,0.18,1.31,None,0.1696486473083496,7.474,False,None,sfc_unique_p6_9,0,None,149.94,12.99,594.0,93,78,6,7,0,False,94.44444444444444,8.970769230769232,4.440384615384616,8.884615384615385,0.144,0.9788,0.1751,0.2715,3381.4978331527627,2991.4978331527627,390.0,0.8920007923404335,28,12,38
0,1772830865.4503891,163.3,46,0.3532,0.7157,0.1132,0.4989,68.2232,71.5679,49.8942,0.0,0.0,0.0,2.34,1.66,0.68,None,0.00020956993103027344,8.444,True,None,sfc_cache_p1_10,0,None,129.60999999999999,8.66,462.0,79,68,6,7,0,False,94.4954128440367,9.290000000000001,4.176617647058824,9.705882352941176,0.1549,0.8064,0.1884,0.2343,3214.7491347215614,2874.7491347215614,340.0,0.9090043505088289,21,10,37
0,1772830865.4522185,163.3,46,0.3532,0.7157,0.1132,0.4989,68.2232,71.5679,49.8942,0.0,0.0,0.0,1.48,0.37,1.11,None,0.00020956993103027344,9.295,True,None,sfc_unique_p1_10,0,None,129.60999999999999,8.66,462.0,79,68,6,7,0,False,94.54545454545455,9.290000000000001,4.176617647058824,9.705882352941176,0.1549,0.8064,0.1884,0.2343,3214.7491347215614,2874.7491347215614,340.0,0.9090043505088289,21,10,37
0,1772830865.4876375,163.4,47,0.3494,0.7837,0.1257,0.5239,68.6552,78.3716,52.3889,0.0,0.0,0.0,2.35,0.9,1.45,None,0.038552045822143555,8.15,True,None,sfc_cache_p2_10,0,None,129.60999999999999,8.66,462.0,80,70,6,7,0,False,94.5945945945946,9.081714285714286,4.443,9.9,0.1522,0.889,0.187,0.2437,3273.9280543934387,2923.9280543934387,350.0,0.9040634159578662,23,10,37
0,1772830865.4894226,163.4,47,0.3494,0.7837,0.1257,0.5239,68.6552,78.3716,52.3889,0.0,0.0,0.0,1.58,0.44,1.13,None,0.038552045822143555,8.824,True,None,sfc_unique_p2_10,0,None,129.60999999999999,8.66,462.0,80,70,6,7,0,False,94.64285714285714,9.081714285714286,4.443,9.9,0.1522,0.889,0.187,0.2437,3273.9280543934387,2923.9280543934387,350.0,0.9040634159578662,23,10,37
0,1772830865.521415,163.4,48,0.3494,0.7837,0.1257,0.5239,68.6552,78.3716,52.3889,0.0,0.0,0.0,None,None,None,None,0.07571172714233398,4.487,False,None,sfc_cache_p3_10,0,None,129.60999999999999,8.66,462.0,80,70,6,7,0,False,93.80530973451327,9.081714285714286,4.443,9.9,0.1522,0.889,0.187,0.2437,3273.9280543934387,2923.9280543934387,350.0,0.9040634159578662,23,10,37
0,1772830865.5233626,163.4,48,0.3494,0.7837,0.1257,0.5239,68.6552,78.3716,52.3889,0.0,0.0,0.0,1.89,0.48,1.41,None,0.07571172714233398,8.673,False,None,sfc_unique_p3_10,0,None,129.60999999999999,8.66,462.0,80,70,6,7,0,False,92.98245614035088,9.081714285714286,4.443,9.9,0.1522,0.889,0.187,0.2437,3273.9280543934387,2923.9280543934387,350.0,0.9040634159578662,23,10,37
0,1772830865.5553737,163.4,49,0.3494,0.7837,0.1257,0.5239,68.6552,78.3716,52.3889,0.0,0.0,0.0,None,None,None,None,0.10966348648071289,4.467,False,None,sfc_cache_p4_10,0,None,129.60999999999999,8.66,462.0,80,70,6,7,0,False,92.17391304347827,9.081714285714286,4.443,9.9,0.1522,0.889,0.187,0.2437,3273.9280543934387,2923.9280543934387,350.0,0.9040634159578662,23,10,37
0,1772830865.5572486,163.4,49,0.3494,0.7837,0.1257,0.5239,68.6552,78.3716,52.3889,0.0,0.0,0.0,1.89,0.48,1.41,None,0.10966348648071289,8.64,False,None,sfc_unique_p4_10,0,None,129.60999999999999,8.66,462.0,80,70,6,7,0,False,91.37931034482759,9.081714285714286,4.443,9.9,0.1522,0.889,0.187,0.2437,3273.9280543934387,2923.9280543934387,350.0,0.9040634159578662,23,10,37
0,1772830865.5894167,163.5,50,0.3494,0.7837,0.1257,0.5239,68.6552,78.3716,52.3889,0.0,0.0,0.0,None,None,None,None,0.14351177215576172,4.528,False,None,sfc_cache_p5_10,0,None,129.60999999999999,8.66,462.0,80,70,6,7,0,False,90.5982905982906,9.081714285714286,4.443,9.9,0.1522,0.889,0.187,0.2437,3273.9280543934387,2923.9280543934387,350.0,0.9040634159578662,23,10,37
0,1772830865.5914502,163.5,50,0.3494,0.7837,0.1257,0.5239,68.6552,78.3716,52.3889,0.0,0.0,0.0,1.89,0.48,1.41,None,0.14351177215576172,8.824,False,None,sfc_unique_p5_10,0,None,129.60999999999999,8.66,462.0,80,70,6,7,0,False,89.83050847457628,9.081714285714286,4.443,9.9,0.1522,0.889,0.187,0.2437,3273.9280543934387,2923.9280543934387,350.0,0.9040634159578662,23,10,37
0,1772830865.6238954,163.5,51,0.3494,0.7837,0.1257,0.5239,68.6552,78.3716,52.3889,0.0,0.0,0.0,None,None,None,None,0.17771172523498535,4.572,False,None,sfc_cache_p6_10,0,None,129.60999999999999,8.66,462.0,80,70,6,7,0,False,89.07563025210085,9.081714285714286,4.443,9.9,0.1522,0.889,0.187,0.2437,3273.9280543934387,2923.9280543934387,350.0,0.9040634159578662,23,10,37
0,1772830865.6258788,163.5,51,0.3494,0.7837,0.1257,0.5239,68.6552,78.3716,52.3889,0.0,0.0,0.0,1.89,0.48,1.41,None,0.17771172523498535,8.657,False,None,sfc_unique_p6_10,0,None,129.60999999999999,8.66,462.0,80,70,6,7,0,False,88.33333333333333,9.081714285714286,4.443,9.9,0.1522,0.889,0.187,0.2437,3273.9280543934387,2923.9280543934387,350.0,0.9040634159578662,23,10,37
0,1772830877.486985,175.4,51,0.2893,0.8392,0.0126,0.4989,53.1384,83.9154,49.8942,0.0,0.0,0.0,2.75,0.84,1.92,None,0.00019621849060058594,8.99,True,None,sfc_cache_p1_11,0,None,96.28999999999999,8.66,330.0,62,60,6,7,0,False,88.42975206611571,8.200666666666667,5.550166666666667,11.0,0.1481,0.9018,0.1941,0.2177,3169.1903976839512,2869.1903976839512,300.0,0.8973510184674437,23,10,27
0,1772830877.4887557,175.4,51,0.2893,0.8392,0.0126,0.4989,53.1384,83.9154,49.8942,0.0,0.0,0.0,3.0,0.23,2.77,None,0.00019621849060058594,9.068,True,None,sfc_unique_p1_11,0,None,96.28999999999999,8.66,330.0,62,60,6,7,0,False,88.52459016393442,8.200666666666667,5.550166666666667,11.0,0.1481,0.9018,0.1941,0.2177,3169.1903976839512,2869.1903976839512,300.0,0.8973510184674437,23,10,27
0,1772830877.524974,175.4,52,0.2889,0.8963,0.0273,0.5239,54.038,89.6281,52.3889,0.0,0.0,0.0,3.86,1.5,2.37,None,0.03896760940551758,8.474,True,None,sfc_cache_p2_11,0,None,96.28999999999999,8.66,330.0,62,62,6,7,0,False,88.6178861788618,8.070483870967742,5.736774193548388,11.17741935483871,0.1467,0.9811,0.2006,0.2244,3226.8529236960226,2916.8529236960226,310.0,0.892914237642939,25,9,28
0,1772830877.5266464,175.4,52,0.2889,0.8963,0.0273,0.5239,54.038,89.6281,52.3889,0.0,0.0,0.0,3.51,0.67,2.84,None,0.03896760940551758,8.892,True,None,sfc_unique_p2_11,0,None,96.28999999999999,8.66,330.0,62,62,6,7,0,False,88.70967741935483,8.070483870967742,5.736774193548388,11.17741935483871,0.1467,0.9811,0.2006,0.2244,3226.8529236960226,2916.8529236960226,310.0,0.892914237642939,25,9,28
0,1772830877.5629213,175.4,53,0.2882,0.9492,0.0426,0.5239,54.6859,94.9199,52.3889,0.0,0.0,0.0,3.65,2.19,1.47,None,0.07689189910888672,7.93,True,None,sfc_cache_p3_11,0,None,100.29,8.66,363.0,65,64,6,7,0,False,88.8,7.91203125,5.885625,10.828125,0.1456,0.9976,0.197,0.2307,3244.9953567559205,2924.9953567559205,320.0,0.8903545951347922,26,9,29
0,1772830877.5646193,175.4,53,0.2882,0.9492,0.0426,0.5239,54.6859,94.9199,52.3889,0.0,0.0,0.0,3.65,0.33,3.31,None,0.07689189910888672,8.547,True,None,sfc_unique_p3_11,0,None,100.29,8.66,363.0,65,64,6,7,0,False,88.88888888888889,7.91203125,5.885625,10.828125,0.1456,0.9976,0.197,0.2307,3244.9953567559205,2924.9953567559205,320.0,0.8903545951347922,26,9,29
0,1772830877.714277,175.6,54,0.2939,0.9576,0.0522,0.5239,56.7746,95.759,52.3889,0.0,0.0,0.0,3.65,2.19,1.47,None,0.11483907699584961,7.419,True,None,sfc_cache_p4_11,0,None,108.62,8.66,396.0,69,66,6,7,0,False,88.9763779527559,7.965303030303031,5.757727272727273,10.5,0.1452,0.9983,0.1936,0.2288,3274.4250116081103,2944.4250116081103,330.0,0.8922564039349883,26,9,31
0,1772830877.7162063,175.6,54,0.2939,0.9576,0.0522,0.5239,56.7746,95.759,52.3889,0.0,0.0,0.0,4.4,1.64,2.77,None,0.11483907699584961,7.807,True,None,sfc_unique_p4_11,0,None,108.62,8.66,396.0,69,66,6,7,0,False,89.0625,7.965303030303031,5.757727272727273,10.5,0.1452,0.9983,0.1936,0.2288,3274.4250116081103,2944.4250116081103,330.0,0.8922564039349883,26,9,31
0,1772830877.7620702,175.6,55,0.3016,0.966,0.0619,0.5239,58.8632,96.5981,52.3889,0.0,0.0,0.0,3.65,2.19,1.47,None,0.2669398784637451,9.379,True,None,sfc_cache_p5_11,0,None,116.95,8.66,429.0,73,68,6,7,0,False,89.14728682170544,8.015441176470588,5.63735294117647,10.191176470588236,0.1438,0.9983,0.1902,0.2263,3289.026466491255,2949.026466491255,340.0,0.8939049425503219,26,9,33
0,1772830877.7643323,175.6,55,0.3016,0.966,0.0619,0.5239,58.8632,96.5981,52.3889,0.0,0.0,0.0,4.4,1.64,2.77,None,0.2669398784637451,10.152,True,None,sfc_unique_p5_11,0,None,116.95,8.66,429.0,73,68,6,7,0,False,89.23076923076924,8.015441176470588,5.63735294117647,10.191176470588236,0.1438,0.9983,0.1902,0.2263,3289.026466491255,2949.026466491255,340.0,0.8939049425503219,26,9,33
0,1772830877.808936,175.7,56,0.308,0.9744,0.0734,0.5239,60.9519,97.4373,52.3889,0.0,0.0,0.0,3.65,2.19,1.47,None,0.3150758743286133,8.998,True,None,sfc_cache_p6_11,0,None,125.28,8.66,462.0,77,70,6,7,0,False,89.31297709923665,8.062714285714286,5.5238571428571435,9.9,0.1413,0.9989,0.187,0.2296,3299.9957436929267,2949.9957436929267,350.0,0.8934369132014718,26,10,34
0,1772830877.8112411,175.7,56,0.308,0.9744,0.0734,0.5239,60.9519,97.4373,52.3889,0.0,0.0,0.0,5.02,1.71,3.31,None,0.3150758743286133,10.062,True,None,sfc_unique_p6_11,0,None,125.28,8.66,462.0,77,70,6,7,0,False,89.39393939393939,8.062714285714286,5.5238571428571435,9.9,0.1413,0.9989,0.187,0.2296,3299.9957436929267,2949.9957436929267,350.0,0.8934369132014718,26,10,34
0,1772830897.5258203,195.4,56,0.3217,0.9744,0.0834,0.5488,64.2998,97.4373,54.8836,0.0,0.0,0.0,3.87,1.89,1.99,None,0.00018167495727539062,6.877,True,None,sfc_cache_p1_12,0,None,125.28,8.66,462.0,77,72,6,8,0,False,89.47368421052632,8.269305555555555,5.370416666666667,10.083333333333334,0.1405,0.9989,0.1895,0.2341,3314.9048134963627,2954.9048134963627,360.0,0.8940728832157114,26,11,35
0,1772830897.5278108,195.4,56,0.3217,0.9744,0.0834,0.5488,64.2998,97.4373,54.8836,0.0,0.0,0.0,4.27,2.3,1.97,None,0.00018167495727539062,7.056,True,None,sfc_unique_p1_12,0,None,125.28,8.66,462.0,77,72,6,8,0,False,89.55223880597015,8.269305555555555,5.370416666666667,10.083333333333334,0.1405,0.9989,0.1895,0.2341,3314.9048134963627,2954.9048134963627,360.0,0.8940728832157114,26,11,35
0,1772830897.5633695,195.4,57,0.3329,0.9744,0.0918,0.5488,67.2156,97.4373,54.8836,0.0,0.0,0.0,3.85,1.86,1.99,None,0.037212371826171875,6.873,True,None,sfc_cache_p2_12,0,None,129.28,8.66,495.0,80,74,6,8,0,False,89.62962962962962,8.410675675675675,5.22527027027027,9.81081081081081,0.1377,0.9989,0.1864,0.2381,3324.9048134963627,2954.9048134963627,370.0,0.8946903809766782,26,11,37
0,1772830897.565391,195.4,57,0.3329,0.9744,0.0918,0.5488,67.2156,97.4373,54.8836,0.0,0.0,0.0,4.22,2.25,1.97,None,0.037212371826171875,7.002,True,None,sfc_unique_p2_12,0,None,129.28,8.66,495.0,80,74,6,8,0,False,89.70588235294117,8.410675675675675,5.22527027027027,9.81081081081081,0.1377,0.9989,0.1864,0.2381,3324.9048134963627,2954.9048134963627,370.0,0.8946903809766782,26,11,37
0,1772830897.5997918,195.5,58,0.3427,0.9744,0.1039,0.5488,70.1315,97.4373,54.8836,0.0,0.0,0.0,5.51,2.93,2.58,None,0.07482266426086426,6.398,True,None,sfc_cache_p3_12,0,None,133.28,8.66,528.0,83,76,6,8,0,False,89.78102189781022,8.544605263157894,5.087763157894737,9.552631578947368,0.1398,0.9989,0.1833,0.2418,3348.7679925708094,2968.7679925708094,380.0,0.8927032775951922,28,10,38
0,1772830897.6017494,195.5,58,0.3427,0.9744,0.1039,0.5488,70.1315,97.4373,54.8836,0.0,0.0,0.0,5.7,3.28,2.42,None,0.07482266426086426,6.109,True,None,sfc_unique_p3_12,0,None,133.28,8.66,528.0,83,76,6,8,0,False,89.85507246376811,8.544605263157894,5.087763157894737,9.552631578947368,0.1398,0.9989,0.1833,0.2418,3348.7679925708094,2968.7679925708094,380.0,0.8927032775951922,28,10,38
0,1772830897.63706,195.5,59,0.3523,0.9744,0.1132,0.5488,73.0474,97.4373,54.8836,0.0,0.0,0.0,4.68,2.69,1.99,None,0.11111998558044434,6.089,True,None,sfc_cache_p4_12,0,None,137.28,8.66,561.0,86,78,6,8,0,False,89.92805755395683,8.671666666666667,4.957307692307692,9.307692307692308,0.1412,0.9989,0.1804,0.2436,3385.231001392973,2995.231001392973,390.0,0.8921627955447443,28,13,37
0,1772830897.639189,195.5,59,0.3523,0.9744,0.1132,0.5488,73.0474,97.4373,54.8836,0.0,0.0,0.0,5.7,3.28,2.42,None,0.11111998558044434,6.317,True,None,sfc_unique_p4_12,0,None,137.28,8.66,561.0,86,78,6,8,0,False,90.0,8.671666666666667,4.957307692307692,9.307692307692308,0.1412,0.9989,0.1804,0.2436,3385.231001392973,2995.231001392973,390.0,0.8921627955447443,28,13,37
0,1772830897.6736455,195.5,60,0.3583,0.9744,0.1213,0.5488,75.4957,97.4373,54.8836,0.0,0.0,0.0,4.0,2.01,1.99,None,0.14862394332885742,5.881,True,None,sfc_cache_p5_12,0,None,145.61,8.66,594.0,90,80,6,8,0,False,90.0709219858156,8.738249999999999,4.833375,9.075,0.1406,0.9989,0.1776,0.2447,3410.0,3010.0,400.0,0.8928156631792172,28,13,39
0,1772830897.6756403,195.5,60,0.3583,0.9744,0.1213,0.5488,75.4957,97.4373,54.8836,0.0,0.0,0.0,5.7,3.28,2.42,None,0.14862394332885742,6.092,True,None,sfc_unique_p5_12,0,None,145.61,8.66,594.0,90,80,6,8,0,False,90.14084507042254,8.738249999999999,4.833375,9.075,0.1406,0.9989,0.1776,0.2447,3410.0,3010.0,400.0,0.8928156631792172,28,13,39
0,1772830897.7101195,195.6,61,0.3653,0.9744,0.129,0.5488,77.944,97.4373,54.8836,0.0,0.0,0.0,4.17,2.19,1.99,None,0.1850590705871582,5.703,True,None,sfc_cache_p6_12,0,None,153.94,8.66,627.0,94,82,6,8,0,False,90.20979020979021,8.80158536585366,4.715487804878049,8.853658536585366,0.1389,0.9989,0.1749,0.2453,3420.0,3010.0,410.0,0.8934357588922537,28,13,41
0,1772830897.7122,195.6,61,0.3653,0.9744,0.129,0.5488,77.944,97.4373,54.8836,0.0,0.0,0.0,5.7,3.28,2.42,None,0.1850590705871582,6.174,True,None,sfc_unique_p6_12,0,None,153.94,8.66,627.0,94,82,6,8,0,False,90.27777777777779,8.80158536585366,4.715487804878049,8.853658536585366,0.1389,0.9989,0.1749,0.2453,3420.0,3010.0,410.0,0.8934357588922537,28,13,41
0,1772830918.550382,216.4,61,0.1876,0.9744,0.0075,0.3742,31.429,97.4373,37.4206,0.0,0.0,0.0,5.05,3.5,1.56,None,0.00016117095947265625,8.636,True,None,sfc_cache_p1_13,0,None,57.64999999999996,8.66,297.0,43,48,6,6,0,False,90.3448275862069,6.062916666666666,8.055625000000001,10.3125,0.1124,0.9989,0.195,0.1695,3033.8353196099674,2793.8353196099674,240.0,0.9294265938789971,5,14,29
0,1772830918.5519006,216.4,61,0.1876,0.9744,0.0075,0.3742,31.429,97.4373,37.4206,0.0,0.0,0.0,4.49,2.38,2.11,None,0.00016117095947265625,8.754,True,None,sfc_unique_p1_13,0,None,57.64999999999996,8.66,297.0,43,48,6,6,0,False,90.41095890410958,6.062916666666666,8.055625000000001,10.3125,0.1124,0.9989,0.195,0.1695,3033.8353196099674,2793.8353196099674,240.0,0.9294265938789971,5,14,29
0,1772830918.5790315,216.5,62,0.2035,0.9744,0.0156,0.3992,34.7769,97.4373,39.9153,0.0,0.0,0.0,4.04,2.36,1.67,None,0.04009413719177246,5.202,True,None,sfc_cache_p2_13,0,None,57.64999999999996,8.66,297.0,45,50,6,6,0,False,90.47619047619048,6.4403999999999995,7.7334000000000005,10.56,0.1097,0.9989,0.192,0.1847,3050.263891038539,2800.263891038539,250.0,0.927837813509171,6,15,29
0,1772830918.5799043,216.5,62,0.2035,0.9744,0.0156,0.3992,34.7769,97.4373,39.9153,0.0,0.0,0.0,4.49,2.38,2.11,None,0.04009413719177246,5.98,True,None,sfc_unique_p2_13,0,None,57.64999999999996,8.66,297.0,45,50,6,6,0,False,90.54054054054053,6.4403999999999995,7.7334000000000005,10.56,0.1097,0.9989,0.192,0.1847,3050.263891038539,2800.263891038539,250.0,0.927837813509171,6,15,29
0,1772830918.603298,216.5,63,0.217,0.9744,0.025,0.4241,37.6571,97.4373,42.41,0.0,0.0,0.0,4.28,3.36,0.92,None,0.06748628616333008,5.079,True,None,sfc_cache_p3_13,0,None,61.98,8.66,297.0,46,52,6,6,0,False,90.60402684563759,6.705576923076923,7.435961538461539,10.788461538461538,0.1212,0.9989,0.2062,0.1989,3076.594656399938,2816.594656399938,260.0,0.9261558474173909,8,14,30
0,1772830918.6042118,216.5,63,0.217,0.9744,0.025,0.4241,37.6571,97.4373,42.41,0.0,0.0,0.0,4.86,2.69,2.17,None,0.06748628616333008,5.445,True,None,sfc_unique_p3_13,0,None,61.98,8.66,297.0,46,52,6,6,0,False,90.66666666666666,6.705576923076923,7.435961538461539,10.788461538461538,0.1212,0.9989,0.2062,0.1989,3076.594656399938,2816.594656399938,260.0,0.9261558474173909,8,14,30
0,1772830918.628793,216.5,64,0.2275,0.9744,0.0343,0.4241,40.1054,97.4373,42.41,0.0,0.0,0.0,4.28,3.36,0.92,None,0.09176468849182129,5.01,True,None,sfc_cache_p4_13,0,None,70.31,8.66,330.0,50,54,6,6,0,False,90.72847682119205,6.877037037037037,7.160555555555556,10.38888888888889,0.1256,0.9989,0.2022,0.2093,3098.6397074756233,2828.6397074756233,270.0,0.9245240658188407,9,14,31
0,1772830918.6297681,216.5,64,0.2275,0.9744,0.0343,0.4241,40.1054,97.4373,42.41,0.0,0.0,0.0,4.86,2.69,2.17,None,0.09176468849182129,5.68,True,None,sfc_unique_p4_13,0,None,70.31,8.66,330.0,50,54,6,6,0,False,90.78947368421053,6.877037037037037,7.160555555555556,10.38888888888889,0.1256,0.9989,0.2022,0.2093,3098.6397074756233,2828.6397074756233,270.0,0.9245240658188407,9,14,31
0,1772830918.6543753,216.5,65,0.2378,0.9744,0.0437,0.4241,42.5537,97.4373,42.41,0.0,0.0,0.0,4.28,3.36,0.92,None,0.11731648445129395,5.046,True,None,sfc_cache_p5_13,0,None,78.64,8.66,363.0,54,56,6,6,0,False,90.84967320261438,7.03625,6.904821428571429,10.017857142857142,0.1274,0.9989,0.1983,0.2158,3125.2971668472373,2845.2971668472373,280.0,0.9227789545743209,10,14,32
0,1772830918.655353,216.5,65,0.2378,0.9744,0.0437,0.4241,42.5537,97.4373,42.41,0.0,0.0,0.0,4.86,2.69,2.17,None,0.11731648445129395,5.926,True,None,sfc_unique_p5_13,0,None,78.64,8.66,363.0,54,56,6,6,0,False,90.9090909090909,7.03625,6.904821428571429,10.017857142857142,0.1274,0.9989,0.1983,0.2158,3125.2971668472373,2845.2971668472373,280.0,0.9227789545743209,10,14,32
0,1772830918.6797998,216.6,66,0.2477,0.9744,0.05,0.4241,45.0019,97.4373,42.41,0.0,0.0,0.0,4.28,3.36,0.92,None,0.1429147720336914,4.788,True,None,sfc_cache_p6_13,0,None,86.97,8.66,396.0,58,58,6,6,0,False,90.96774193548387,7.18448275862069,6.666724137931035,9.672413793103448,0.1305,0.9989,0.1946,0.2167,3154.7285954186655,2864.7285954186655,290.0,0.9152101647638231,13,14,31
0,1772830918.6808107,216.6,66,0.2477,0.9744,0.05,0.4241,45.0019,97.4373,42.41,0.0,0.0,0.0,6.05,4.71,1.34,None,0.1429147720336914,5.711,True,None,sfc_unique_p6_13,0,None,86.97,8.66,396.0,58,58,6,6,0,False,91.02564102564102,7.18448275862069,6.666724137931035,9.672413793103448,0.1305,0.9989,0.1946,0.2167,3154.7285954186655,2864.7285954186655,290.0,0.9152101647638231,13,14,31
0,1772830939.5869548,237.5,66,0.2604,0.6149,0.008,0.2994,44.138,61.4857,29.9365,0.0,0.0,0.0,1.49,0.18,1.31,None,0.00018906593322753906,11.221,True,None,sfc_cache_p1_14,0,None,86.97,4.33,396.0,53,48,6,6,0,False,91.0828025477707,8.514583333333333,5.083333333333333,8.25,0.1473,0.5453,0.1484,0.2028,2913.519531650104,2673.519531650104,240.0,0.9315311430956831,8,9,31
0,1772830939.5885289,237.5,66,0.2604,0.6149,0.008,0.2994,44.138,61.4857,29.9365,0.0,0.0,0.0,1.9,0.28,1.62,None,0.00018906593322753906,11.84,True,None,sfc_unique_p1_14,0,None,86.97,4.33,396.0,53,48,6,6,0,False,91.13924050632912,8.514583333333333,5.083333333333333,8.25,0.1473,0.5453,0.1484,0.2028,2913.519531650104,2673.519531650104,240.0,0.9315311430956831,8,9,31
0,1772830939.6303692,237.5,67,0.2573,0.693,0.0194,0.3243,44.138,69.2974,32.4312,0.0,0.0,0.0,1.82,0.18,1.64,None,0.04585742950439453,10.493,True,None,sfc_cache_p2_14,0,None,86.97,4.33,396.0,54,50,6,6,0,False,91.19496855345912,8.174,5.5,8.58,0.1433,0.6022,0.1657,0.2166,2956.3445587356946,2706.3445587356946,250.0,0.931311186167873,8,9,33
0,1772830939.631919,237.5,67,0.2573,0.693,0.0194,0.3243,44.138,69.2974,32.4312,0.0,0.0,0.0,2.32,0.25,2.07,None,0.04585742950439453,11.433,True,None,sfc_unique_p2_14,0,None,86.97,4.33,396.0,54,50,6,6,0,False,91.25,8.174,5.5,8.58,0.1433,0.6022,0.1657,0.2166,2956.3445587356946,2706.3445587356946,250.0,0.931311186167873,8,9,33
0,1772830939.6736329,237.5,68,0.2595,0.7501,0.0253,0.3493,45.0376,75.0101,34.9259,0.0,0.0,0.0,2.36,1.17,1.19,None,0.08927512168884277,9.764,True,None,sfc_cache_p3_14,0,None,86.97,4.33,396.0,56,52,6,6,0,False,91.30434782608695,8.019807692307692,5.7244230769230775,8.884615384615385,0.1413,0.627,0.1688,0.2227,3012.222131866789,2752.222131866789,260.0,0.9314436611097866,8,10,34
0,1772830939.67515,237.5,68,0.2595,0.7501,0.0253,0.3493,45.0376,75.0101,34.9259,0.0,0.0,0.0,2.32,0.24,2.07,None,0.08927512168884277,11.223,True,None,sfc_unique_p3_14,0,None,86.97,4.33,396.0,56,52,6,6,0,False,91.35802469135803,8.019807692307692,5.7244230769230775,8.884615384615385,0.1413,0.627,0.1688,0.2227,3012.222131866789,2752.222131866789,260.0,0.9314436611097866,8,10,34
0,1772830939.7168207,237.6,69,0.2616,0.803,0.0342,0.3742,46.1175,80.3019,37.4206,0.0,0.0,0.0,2.73,1.9,0.83,None,0.1324622631072998,9.521,True,None,sfc_cache_p4_14,0,None,86.97,4.33,396.0,56,54,6,6,0,False,91.41104294478528,7.907962962962962,5.901296296296296,9.166666666666666,0.1396,0.7049,0.1782,0.2308,3052.192207619151,2782.192207619151,270.0,0.9306704281100159,8,11,35
0,1772830939.7184837,237.6,69,0.2616,0.803,0.0342,0.3742,46.1175,80.3019,37.4206,0.0,0.0,0.0,2.79,0.47,2.32,None,0.1324622631072998,11.07,True,None,sfc_unique_p4_14,0,None,86.97,4.33,396.0,56,54,6,6,0,False,91.46341463414635,7.907962962962962,5.901296296296296,9.166666666666666,0.1396,0.7049,0.1782,0.2308,3052.192207619151,2782.192207619151,270.0,0.9306704281100159,8,11,35
0,1772830939.7593236,237.6,70,0.2703,0.803,0.0385,0.3742,48.5658,80.3019,37.4206,0.0,0.0,0.0,2.73,1.9,0.83,None,0.17581725120544434,9.259,True,None,sfc_cache_p5_14,0,None,95.3,4.33,429.0,60,56,6,6,0,False,91.51515151515152,8.030357142857143,5.690535714285715,8.839285714285714,0.1383,0.7049,0.1748,0.2313,3085.876234859516,2805.876234859516,280.0,0.9313634583383475,8,11,37
0,1772830939.7608955,237.6,70,0.2703,0.803,0.0385,0.3742,48.5658,80.3019,37.4206,0.0,0.0,0.0,4.11,2.85,1.26,None,0.17581725120544434,10.162,True,None,sfc_unique_p5_14,0,None,95.3,4.33,429.0,60,56,6,6,0,False,91.56626506024097,8.030357142857143,5.690535714285715,8.839285714285714,0.1383,0.7049,0.1748,0.2313,3085.876234859516,2805.876234859516,280.0,0.9313634583383475,8,11,37
0,1772830939.8015542,237.7,71,0.2798,0.803,0.0428,0.3742,51.0141,80.3019,37.4206,0.0,0.0,0.0,2.73,1.9,0.83,None,0.21817278861999512,9.307,True,None,sfc_cache_p6_14,0,None,103.63,4.33,462.0,64,58,6,6,0,False,91.61676646706587,8.144310344827586,5.4943103448275865,8.53448275862069,0.1345,0.7049,0.1715,0.23,3096.363775487902,2806.363775487902,290.0,0.9316766436897137,8,11,39
0,1772830939.803301,237.7,71,0.2798,0.803,0.0428,0.3742,51.0141,80.3019,37.4206,0.0,0.0,0.0,4.11,2.85,1.26,None,0.21817278861999512,10.375,True,None,sfc_unique_p6_14,0,None,103.63,4.33,462.0,64,58,6,6,0,False,91.66666666666666,8.144310344827586,5.4943103448275865,8.53448275862069,0.1345,0.7049,0.1715,0.23,3096.363775487902,2806.363775487902,290.0,0.9316766436897137,8,11,39
0,1772830962.7519014,260.6,71,0.2853,0.6879,0.023,0.3243,49.7181,68.7935,32.4312,0.0,0.0,0.0,1.18,0.14,1.04,None,0.0001895427703857422,11.046,True,None,sfc_cache_p1_15,0,None,103.63,0.0,462.0,61,54,6,6,0,False,91.71597633136095,8.52537037037037,5.055555555555555,7.944444444444445,0.1354,0.6592,0.1892,0.2065,3014.504156233916,2744.504156233916,270.0,0.9339140566342763,8,9,37
0,1772830962.7536287,260.6,71,0.2853,0.6879,0.023,0.3243,49.7181,68.7935,32.4312,0.0,0.0,0.0,1.73,0.19,1.53,None,0.0001895427703857422,11.589,True,None,sfc_unique_p1_15,0,None,103.63,0.0,462.0,61,54,6,6,0,False,91.76470588235294,8.52537037037037,5.055555555555555,7.944444444444445,0.1354,0.6592,0.1892,0.2065,3014.504156233916,2744.504156233916,270.0,0.9339140566342763,8,9,37
0,1772830962.7972615,260.7,72,0.281,0.7661,0.029,0.3493,49.7181,76.6052,34.9259,0.0,0.0,0.0,1.25,0.15,1.1,None,0.17503619194030762,10.612,True,None,sfc_cache_p2_15,0,None,103.63,0.0,462.0,63,56,6,6,0,False,91.81286549707602,8.220892857142857,5.428571428571429,8.25,0.132,0.7037,0.2044,0.2165,3077.792346916473,2797.792346916473,280.0,0.9341750940219015,8,9,39
0,1772830962.7989228,260.7,72,0.281,0.7661,0.029,0.3493,49.7181,76.6052,34.9259,0.0,0.0,0.0,1.73,0.2,1.53,None,0.17503619194030762,11.281,True,None,sfc_unique_p2_15,0,None,103.63,0.0,462.0,63,56,6,6,0,False,91.86046511627907,8.220892857142857,5.428571428571429,8.25,0.132,0.7037,0.2044,0.2165,3077.792346916473,2797.792346916473,280.0,0.9341750940219015,8,9,39
0,1772830962.8499444,260.7,73,0.2856,0.8005,0.0404,0.3742,51.1221,80.0499,37.4206,0.0,0.0,0.0,2.0,0.84,1.16,None,0.22026944160461426,12.934,True,None,sfc_cache_p3_15,0,None,103.63,4.33,462.0,66,58,6,6,0,False,91.90751445086705,8.161551724137931,5.477068965517241,8.53448275862069,0.1275,0.7052,0.1974,0.2236,3087.792346916473,2797.792346916473,290.0,0.9336805279589172,8,9,41
0,1772830962.8521297,260.7,73,0.2856,0.8005,0.0404,0.3742,51.1221,80.0499,37.4206,0.0,0.0,0.0,2.58,1.05,1.53,None,0.22026944160461426,14.024,True,None,sfc_unique_p3_15,0,None,103.63,4.33,462.0,66,58,6,6,0,False,91.95402298850574,8.161551724137931,5.477068965517241,8.53448275862069,0.1275,0.7052,0.1974,0.2236,3087.792346916473,2797.792346916473,290.0,0.9336805279589172,8,9,41
0,1772830962.9065075,260.8,74,0.2874,0.8576,0.0514,0.3992,52.0217,85.7625,39.9153,0.0,0.0,0.0,2.55,1.45,1.1,None,0.273967981338501,12.62,True,None,sfc_cache_p4_15,0,None,103.63,4.33,462.0,67,60,6,6,0,False,92.0,8.028333333333332,5.672333333333333,8.8,0.1237,0.7977,0.1991,0.2325,3144.52077424836,2844.52077424836,300.0,0.9323159055668505,8,11,41
0,1772830962.9086308,260.8,74,0.2874,0.8576,0.0514,0.3992,52.0217,85.7625,39.9153,0.0,0.0,0.0,2.69,0.74,1.95,None,0.273967981338501,12.68,True,None,sfc_unique_p4_15,0,None,103.63,4.33,462.0,67,60,6,6,0,False,92.04545454545455,8.028333333333332,5.672333333333333,8.8,0.1237,0.7977,0.1991,0.2325,3144.52077424836,2844.52077424836,300.0,0.9323159055668505,8,11,41
0,1772830962.9624696,260.8,75,0.2845,0.9257,0.068,0.4241,52.4537,92.5663,42.41,0.0,0.0,0.0,3.19,1.88,1.31,None,0.33044934272766113,11.697,True,None,sfc_cache_p5_15,0,None,103.63,4.33,462.0,67,62,6,6,0,False,92.09039548022598,7.833870967741936,5.924838709677419,9.048387096774194,0.1215,0.9729,0.1902,0.2456,3203.1522090174954,2893.1522090174954,310.0,0.9262088653853066,10,11,41
0,1772830962.9645824,260.8,75,0.2845,0.9257,0.068,0.4241,52.4537,92.5663,42.41,0.0,0.0,0.0,3.37,0.78,2.58,None,0.33044934272766113,12.056,True,None,sfc_unique_p5_15,0,None,103.63,4.33,462.0,67,62,6,6,0,False,92.13483146067416,7.833870967741936,5.924838709677419,9.048387096774194,0.1215,0.9729,0.1902,0.2456,3203.1522090174954,2893.1522090174954,310.0,0.9262088653853066,10,11,41
0,1772830963.017427,260.9,76,0.2953,0.9341,0.0806,0.449,55.4419,93.4054,44.9047,0.0,0.0,0.0,3.07,1.61,1.46,None,0.3864462375640869,11.374,True,None,sfc_cache_p6_15,0,None,103.63,4.33,462.0,68,64,6,6,0,False,92.17877094972067,8.02140625,5.79171875,9.28125,0.1206,0.9749,0.1868,0.2514,3222.417666377037,2902.417666377037,320.0,0.9201295403082366,13,9,42
0,1772830963.019575,260.9,76,0.2953,0.9341,0.0806,0.449,55.4419,93.4054,44.9047,0.0,0.0,0.0,5.88,3.28,2.6,None,0.3864462375640869,10.987,True,None,sfc_unique_p6_15,0,None,103.63,4.33,462.0,68,64,6,6,0,False,92.22222222222223,8.02140625,5.79171875,9.28125,0.1206,0.9749,0.1868,0.2514,3222.417666377037,2902.417666377037,320.0,0.9201295403082366,13,9,42
0,1772830982.7808971,280.7,76,0.3165,0.798,0.0666,0.4241,57.9258,79.7979,42.41,0.0,0.0,0.0,2.54,1.53,1.01,None,0.0001704692840576172,9.794,True,None,sfc_cache_p1_16,0,None,103.63,4.33,462.0,66,62,6,6,0,False,92.26519337016575,8.651129032258064,5.10758064516129,9.048387096774194,0.1263,0.8286,0.1939,0.2437,3147.966780291292,2837.966780291292,310.0,0.9319553821157373,9,10,43
0,1772830982.782706,280.7,76,0.3165,0.798,0.0666,0.4241,57.9258,79.7979,42.41,0.0,0.0,0.0,3.27,2.25,1.02,None,0.0001704692840576172,9.679,True,None,sfc_unique_p1_16,0,None,103.63,4.33,462.0,66,62,6,6,0,False,92.3076923076923,8.651129032258064,5.10758064516129,9.048387096774194,0.1263,0.8286,0.1939,0.2437,3147.966780291292,2837.966780291292,310.0,0.9319553821157373,9,10,43
0,1772830982.8312829,280.7,77,0.3262,0.798,0.0716,0.449,60.8061,79.7979,44.9047,0.0,0.0,0.0,2.87,1.83,1.04,None,0.04619455337524414,9.233,True,None,sfc_cache_p2_16,0,None,107.96,4.33,462.0,68,64,6,6,0,False,92.34972677595628,8.7975,4.94796875,9.28125,0.1239,0.8286,0.1897,0.2517,3157.966780291292,2837.966780291292,320.0,0.9315388953706154,9,10,45
0,1772830982.8334756,280.7,77,0.3262,0.798,0.0716,0.449,60.8061,79.7979,44.9047,0.0,0.0,0.0,3.27,2.25,1.02,None,0.04619455337524414,12.394,True,None,sfc_unique_p2_16,0,None,107.96,4.33,462.0,68,64,6,6,0,False,92.3913043478261,8.7975,4.94796875,9.28125,0.1239,0.8286,0.1897,0.2517,3157.966780291292,2837.966780291292,320.0,0.9315388953706154,9,10,45
0,1772830982.8893452,280.8,78,0.3267,0.8425,0.0864,0.474,61.778,84.2506,47.3995,0.0,0.0,0.0,4.08,2.31,1.78,None,0.09740638732910156,11.843,True,None,sfc_cache_p3_16,0,None,112.29,4.33,462.0,70,66,6,6,0,False,92.43243243243244,8.667272727272726,5.0657575757575755,9.5,0.1211,0.9032,0.1841,0.2583,3208.306780291292,2878.306780291292,330.0,0.9253458859014245,11,10,45
0,1772830982.8915803,280.8,78,0.3267,0.8425,0.0864,0.474,61.778,84.2506,47.3995,0.0,0.0,0.0,3.23,1.02,2.21,None,0.09740638732910156,11.853,True,None,sfc_unique_p3_16,0,None,112.29,4.33,462.0,70,66,6,6,0,False,92.47311827956989,8.667272727272726,5.0657575757575755,9.5,0.1211,0.9032,0.1841,0.2583,3208.306780291292,2878.306780291292,330.0,0.9253458859014245,11,10,45
0,1772830982.9466076,280.8,79,0.3253,0.9063,0.1058,0.4989,62.3904,90.6335,49.8942,0.0,0.0,0.0,5.07,2.74,2.32,None,0.15554475784301758,11.607,True,None,sfc_cache_p4_16,0,None,112.29,4.33,462.0,71,68,6,6,0,False,92.51336898395722,8.495735294117647,5.289264705882353,9.705882352941176,0.1207,0.9561,0.1806,0.265,3249.064718004338,2909.064718004338,340.0,0.9194522112528024,12,11,45
0,1772830982.9488955,280.8,79,0.3253,0.9063,0.1058,0.4989,62.3904,90.6335,49.8942,0.0,0.0,0.0,2.62,0.39,2.23,None,0.15554475784301758,11.15,True,None,sfc_unique_p4_16,0,None,112.29,4.33,462.0,71,68,6,6,0,False,92.5531914893617,8.495735294117647,5.289264705882353,9.705882352941176,0.1207,0.9561,0.1806,0.265,3249.064718004338,2909.064718004338,340.0,0.9194522112528024,12,11,45
0,1772830983.0031207,280.9,80,0.3313,0.9366,0.121,0.5239,64.4423,93.6574,52.3889,0.0,0.0,0.0,5.38,2.7,2.68,None,0.21287870407104492,10.564,True,None,sfc_cache_p5_16,0,None,112.29,4.33,462.0,73,70,6,6,0,False,92.5925925925926,8.524428571428572,5.309571428571429,9.9,0.1254,0.9801,0.1785,0.264,3288.3332894329096,2938.3332894329096,350.0,0.9147741090116213,15,10,45
0,1772830983.005438,280.9,80,0.3313,0.9366,0.121,0.5239,64.4423,93.6574,52.3889,0.0,0.0,0.0,4.23,2.03,2.21,None,0.21287870407104492,10.424,True,None,sfc_unique_p5_16,0,None,112.29,4.33,462.0,73,70,6,6,0,False,92.63157894736842,8.524428571428572,5.309571428571429,9.9,0.1254,0.9801,0.1785,0.264,3288.3332894329096,2938.3332894329096,350.0,0.9147741090116213,15,10,45
0,1772830983.0582035,280.9,81,0.3384,0.9559,0.1445,0.5488,66.9629,95.5876,54.8836,0.0,0.0,0.0,4.69,2.64,2.05,None,0.2694253921508789,10.063,True,None,sfc_cache_p6_16,0,None,112.29,4.33,462.0,74,72,6,6,0,False,92.67015706806284,8.611805555555556,5.268472222222222,10.083333333333334,0.1289,0.9886,0.1899,0.271,3312.1676557173846,2952.1676557173846,360.0,0.90935062370276,18,9,45
0,1772830983.0605874,280.9,81,0.3384,0.9559,0.1445,0.5488,66.9629,95.5876,54.8836,0.0,0.0,0.0,7.5,3.1,4.4,None,0.2694253921508789,9.816,True,None,sfc_unique_p6_16,0,None,112.29,4.33,462.0,74,72,6,6,0,False,92.70833333333334,8.611805555555556,5.268472222222222,10.083333333333334,0.1289,0.9886,0.1899,0.271,3312.1676557173846,2952.1676557173846,360.0,0.90935062370276,18,9,45
0,1772831001.8231237,299.7,81,0.3208,0.8207,0.0461,0.5239,59.1494,82.0658,52.3889,0.0,0.0,0.0,4.47,1.04,3.43,None,0.00020956993103027344,9.583,True,None,sfc_cache_p1_17,0,None,83.30000000000001,4.33,330.0,60,62,6,6,0,False,92.74611398963731,8.833870967741936,5.252741935483871,11.17741935483871,0.1431,0.8955,0.2054,0.2317,3189.0316630552547,2879.0316630552547,310.0,0.9083800170907746,17,6,39
0,1772831001.8250089,299.7,81,0.3208,0.8207,0.0461,0.5239,59.1494,82.0658,52.3889,0.0,0.0,0.0,1.97,0.28,1.69,None,0.00020956993103027344,9.768,True,None,sfc_unique_p1_17,0,None,83.30000000000001,4.33,330.0,60,62,6,6,0,False,92.78350515463917,8.833870967741936,5.252741935483871,11.17741935483871,0.1431,0.8955,0.2054,0.2317,3189.0316630552547,2879.0316630552547,310.0,0.9083800170907746,17,6,39
0,1772831001.8672252,299.7,82,0.3173,0.8887,0.0583,0.5488,59.5814,88.8696,54.8836,0.0,0.0,0.0,4.82,2.28,2.54,None,0.04740548133850098,8.522,True,None,sfc_cache_p2_17,0,None,83.30000000000001,4.33,330.0,60,64,6,6,0,False,92.82051282051282,8.6203125,5.51046875,11.34375,0.1425,0.914,0.203,0.2428,3220.99072511995,2900.99072511995,320.0,0.9064698064028595,19,5,40
0,1772831001.868935,299.7,82,0.3173,0.8887,0.0583,0.5488,59.5814,88.8696,54.8836,0.0,0.0,0.0,2.29,0.18,2.11,None,0.04740548133850098,8.912,True,None,sfc_unique_p2_17,0,None,83.30000000000001,4.33,330.0,60,64,6,6,0,False,92.85714285714286,8.6203125,5.51046875,11.34375,0.1425,0.914,0.203,0.2428,3220.99072511995,2900.99072511995,320.0,0.9064698064028595,19,5,40
0,1772831001.9115536,299.8,83,0.3165,0.9458,0.0719,0.5738,60.481,94.5822,57.3783,0.0,0.0,0.0,3.79,1.75,2.04,None,0.09133100509643555,7.928,True,None,sfc_cache_p3_17,0,None,83.30000000000001,4.33,330.0,61,66,6,6,0,False,92.89340101522842,8.48530303030303,5.686969696969697,11.5,0.139,0.9858,0.2015,0.2549,3271.3307251199503,2941.3307251199503,330.0,0.9046521570217303,19,7,40
0,1772831001.913373,299.8,83,0.3165,0.9458,0.0719,0.5738,60.481,94.5822,57.3783,0.0,0.0,0.0,2.99,0.4,2.58,None,0.09133100509643555,8.571,True,None,sfc_unique_p3_17,0,None,83.30000000000001,4.33,330.0,61,66,6,6,0,False,92.92929292929293,8.48530303030303,5.686969696969697,11.5,0.139,0.9858,0.2015,0.2549,3271.3307251199503,2941.3307251199503,330.0,0.9046521570217303,19,7,40
0,1772831002.0796092,300.0,84,0.3165,0.9458,0.0719,0.5738,60.481,94.5822,57.3783,0.0,0.0,0.0,None,None,None,None,0.13579869270324707,4.214,False,None,sfc_cache_p4_17,0,None,83.30000000000001,4.33,330.0,61,66,6,6,0,False,92.46231155778895,8.48530303030303,5.686969696969697,11.5,0.139,0.9858,0.2015,0.2549,3271.3307251199503,2941.3307251199503,330.0,0.9046521570217303,19,7,40
0,1772831002.0815794,300.0,84,0.3165,0.9458,0.0719,0.5738,60.481,94.5822,57.3783,0.0,0.0,0.0,4.51,1.06,3.45,None,0.13579869270324707,8.512,False,None,sfc_unique_p4_17,0,None,83.30000000000001,4.33,330.0,61,66,6,6,0,False,92.0,8.48530303030303,5.686969696969697,11.5,0.139,0.9858,0.2015,0.2549,3271.3307251199503,2941.3307251199503,330.0,0.9046521570217303,19,7,40
0,1772831002.1206336,300.0,85,0.3165,0.9458,0.0719,0.5738,60.481,94.5822,57.3783,0.0,0.0,0.0,None,None,None,None,0.30393004417419434,4.074,False,None,sfc_cache_p5_17,0,None,83.30000000000001,4.33,330.0,61,66,6,6,0,False,91.54228855721394,8.48530303030303,5.686969696969697,11.5,0.139,0.9858,0.2015,0.2549,3271.3307251199503,2941.3307251199503,330.0,0.9046521570217303,19,7,40
0,1772831002.1225739,300.0,85,0.3165,0.9458,0.0719,0.5738,60.481,94.5822,57.3783,0.0,0.0,0.0,4.51,1.06,3.45,None,0.30393004417419434,8.427,False,None,sfc_unique_p5_17,0,None,83.30000000000001,4.33,330.0,61,66,6,6,0,False,91.0891089108911,8.48530303030303,5.686969696969697,11.5,0.139,0.9858,0.2015,0.2549,3271.3307251199503,2941.3307251199503,330.0,0.9046521570217303,19,7,40
0,1772831002.1620562,300.0,86,0.3165,0.9458,0.0719,0.5738,60.481,94.5822,57.3783,0.0,0.0,0.0,None,None,None,None,0.3449058532714844,4.135,False,None,sfc_cache_p6_17,0,None,83.30000000000001,4.33,330.0,61,66,6,6,0,False,90.64039408866995,8.48530303030303,5.686969696969697,11.5,0.139,0.9858,0.2015,0.2549,3271.3307251199503,2941.3307251199503,330.0,0.9046521570217303,19,7,40
0,1772831002.1639588,300.0,86,0.3165,0.9458,0.0719,0.5738,60.481,94.5822,57.3783,0.0,0.0,0.0,4.51,1.06,3.45,None,0.3449058532714844,8.441,False,None,sfc_unique_p6_17,0,None,83.30000000000001,4.33,330.0,61,66,6,6,0,False,90.19607843137256,8.48530303030303,5.686969696969697,11.5,0.139,0.9858,0.2015,0.2549,3271.3307251199503,2941.3307251199503,330.0,0.9046521570217303,19,7,40
0,1772831017.8702023,315.7,86,0.258,0.9693,0.0131,0.5738,45.8292,96.9333,57.3783,0.0,0.0,0.0,3.52,1.21,2.31,None,0.00018477439880371094,7.627,True,None,sfc_cache_p1_18,0,None,54.640000000000015,4.33,165.0,44,56,6,6,0,False,90.2439024390244,7.577857142857143,6.8691071428571435,13.553571428571429,0.1453,0.9978,0.2208,0.2331,3168.5926984986845,2888.5926984986845,280.0,0.9018780810638446,18,7,31
0,1772831017.8724344,315.7,86,0.258,0.9693,0.0131,0.5738,45.8292,96.9333,57.3783,0.0,0.0,0.0,3.59,1.71,1.88,None,0.00018477439880371094,11.823,True,None,sfc_unique_p1_18,0,None,54.640000000000015,4.33,165.0,44,56,6,6,0,False,90.29126213592234,7.577857142857143,6.8691071428571435,13.553571428571429,0.1453,0.9978,0.2208,0.2331,3168.5926984986845,2888.5926984986845,280.0,0.9018780810638446,18,7,31
0,1772831017.9222343,315.8,87,0.258,0.9693,0.0131,0.5738,45.8292,96.9333,57.3783,0.0,0.0,0.0,None,None,None,None,0.04896903038024902,5.189,False,None,sfc_cache_p2_18,0,None,54.640000000000015,4.33,165.0,44,56,6,6,0,False,89.85507246376811,7.577857142857143,6.8691071428571435,13.553571428571429,0.1453,0.9978,0.2208,0.2331,3168.5926984986845,2888.5926984986845,280.0,0.9018780810638446,18,7,31
0,1772831017.9243248,315.8,87,0.258,0.9693,0.0131,0.5738,45.8292,96.9333,57.3783,0.0,0.0,0.0,4.92,1.74,3.18,None,0.04896903038024902,11.208,False,None,sfc_unique_p2_18,0,None,54.640000000000015,4.33,165.0,44,56,6,6,0,False,89.42307692307693,7.577857142857143,6.8691071428571435,13.553571428571429,0.1453,0.9978,0.2208,0.2331,3168.5926984986845,2888.5926984986845,280.0,0.9018780810638446,18,7,31
0,1772831017.9736757,315.8,88,0.258,0.9693,0.0131,0.5738,45.8292,96.9333,57.3783,0.0,0.0,0.0,None,None,None,None,0.10086560249328613,5.148,False,None,sfc_cache_p3_18,0,None,54.640000000000015,4.33,165.0,44,56,6,6,0,False,88.99521531100478,7.577857142857143,6.8691071428571435,13.553571428571429,0.1453,0.9978,0.2208,0.2331,3168.5926984986845,2888.5926984986845,280.0,0.9018780810638446,18,7,31
0,1772831017.975771,315.8,88,0.258,0.9693,0.0131,0.5738,45.8292,96.9333,57.3783,0.0,0.0,0.0,4.92,1.74,3.18,None,0.10086560249328613,11.145,False,None,sfc_unique_p3_18,0,None,54.640000000000015,4.33,165.0,44,56,6,6,0,False,88.57142857142857,7.577857142857143,6.8691071428571435,13.553571428571429,0.1453,0.9978,0.2208,0.2331,3168.5926984986845,2888.5926984986845,280.0,0.9018780810638446,18,7,31
0,1772831018.0254164,315.9,89,0.258,0.9693,0.0131,0.5738,45.8292,96.9333,57.3783,0.0,0.0,0.0,None,None,None,None,0.15224528312683105,5.138,False,None,sfc_cache_p4_18,0,None,54.640000000000015,4.33,165.0,44,56,6,6,0,False,88.15165876777252,7.577857142857143,6.8691071428571435,13.553571428571429,0.1453,0.9978,0.2208,0.2331,3168.5926984986845,2888.5926984986845,280.0,0.9018780810638446,18,7,31
0,1772831018.0274868,315.9,89,0.258,0.9693,0.0131,0.5738,45.8292,96.9333,57.3783,0.0,0.0,0.0,4.92,1.74,3.18,None,0.15224528312683105,11.189,False,None,sfc_unique_p4_18,0,None,54.640000000000015,4.33,165.0,44,56,6,6,0,False,87.73584905660378,7.577857142857143,6.8691071428571435,13.553571428571429,0.1453,0.9978,0.2208,0.2331,3168.5926984986845,2888.5926984986845,280.0,0.9018780810638446,18,7,31
0,1772831018.0767403,315.9,90,0.258,0.9693,0.0131,0.5738,45.8292,96.9333,57.3783,0.0,0.0,0.0,None,None,None,None,0.2039322853088379,5.17,False,None,sfc_cache_p5_18,0,None,54.640000000000015,4.33,165.0,44,56,6,6,0,False,87.32394366197182,7.577857142857143,6.8691071428571435,13.553571428571429,0.1453,0.9978,0.2208,0.2331,3168.5926984986845,2888.5926984986845,280.0,0.9018780810638446,18,7,31
0,1772831018.0788338,316.0,90,0.258,0.9693,0.0131,0.5738,45.8292,96.9333,57.3783,0.0,0.0,0.0,4.92,1.74,3.18,None,0.2039322853088379,11.123,False,None,sfc_unique_p5_18,0,None,54.640000000000015,4.33,165.0,44,56,6,6,0,False,86.91588785046729,7.577857142857143,6.8691071428571435,13.553571428571429,0.1453,0.9978,0.2208,0.2331,3168.5926984986845,2888.5926984986845,280.0,0.9018780810638446,18,7,31
0,1772831018.1347675,316.0,91,0.258,0.9693,0.0131,0.5738,45.8292,96.9333,57.3783,0.0,0.0,0.0,None,None,None,None,0.2552831172943115,5.154,False,None,sfc_cache_p6_18,0,None,54.640000000000015,4.33,165.0,44,56,6,6,0,False,86.51162790697674,7.577857142857143,6.8691071428571435,13.553571428571429,0.1453,0.9978,0.2208,0.2331,3168.5926984986845,2888.5926984986845,280.0,0.9018780810638446,18,7,31
0,1772831018.1362987,316.0,91,0.258,0.9693,0.0131,0.5738,45.8292,96.9333,57.3783,0.0,0.0,0.0,4.92,1.74,3.18,None,0.2552831172943115,17.594,False,None,sfc_unique_p6_18,0,None,54.640000000000015,4.33,165.0,44,56,6,6,0,False,86.11111111111111,7.577857142857143,6.8691071428571435,13.553571428571429,0.1453,0.9978,0.2208,0.2331,3168.5926984986845,2888.5926984986845,280.0,0.9018780810638446,18,7,31
0,1772831031.899528,329.8,91,0.258,0.9693,0.0131,0.5738,45.8292,96.9333,57.3783,0.0,0.0,0.0,None,None,None,None,0.00019741058349609375,4.193,False,None,sfc_cache_p1_19,0,None,54.640000000000015,4.33,165.0,44,56,6,6,0,False,85.71428571428571,7.577857142857143,6.8691071428571435,13.553571428571429,0.1453,0.9978,0.2208,0.2331,3168.5926984986845,2888.5926984986845,280.0,0.9018780810638446,18,7,31
0,1772831031.9012706,329.8,91,0.258,0.9693,0.0131,0.5738,45.8292,96.9333,57.3783,0.0,0.0,0.0,3.61,2.25,1.35,None,0.00019741058349609375,8.63,False,None,sfc_unique_p1_19,0,None,54.640000000000015,4.33,165.0,44,56,6,6,0,False,85.3211009174312,7.577857142857143,6.8691071428571435,13.553571428571429,0.1453,0.9978,0.2208,0.2331,3168.5926984986845,2888.5926984986845,280.0,0.9018780810638446,18,7,31
0,1772831031.939158,329.8,92,0.258,0.9693,0.0131,0.5738,45.8292,96.9333,57.3783,0.0,0.0,0.0,None,None,None,None,0.04133892059326172,4.038,False,None,sfc_cache_p2_19,0,None,54.640000000000015,4.33,165.0,44,56,6,6,0,False,84.93150684931507,7.577857142857143,6.8691071428571435,13.553571428571429,0.1453,0.9978,0.2208,0.2331,3168.5926984986845,2888.5926984986845,280.0,0.9018780810638446,18,7,31
0,1772831031.9408603,329.8,92,0.258,0.9693,0.0131,0.5738,45.8292,96.9333,57.3783,0.0,0.0,0.0,3.61,2.25,1.35,None,0.04133892059326172,8.514,False,None,sfc_unique_p2_19,0,None,54.640000000000015,4.33,165.0,44,56,6,6,0,False,84.54545454545455,7.577857142857143,6.8691071428571435,13.553571428571429,0.1453,0.9978,0.2208,0.2331,3168.5926984986845,2888.5926984986845,280.0,0.9018780810638446,18,7,31
0,1772831031.9795012,329.9,93,0.258,0.9693,0.0131,0.5738,45.8292,96.9333,57.3783,0.0,0.0,0.0,None,None,None,None,0.08094239234924316,4.001,False,None,sfc_cache_p3_19,0,None,54.640000000000015,4.33,165.0,44,56,6,6,0,False,84.16289592760181,7.577857142857143,6.8691071428571435,13.553571428571429,0.1453,0.9978,0.2208,0.2331,3168.5926984986845,2888.5926984986845,280.0,0.9018780810638446,18,7,31
0,1772831031.9812214,329.9,93,0.258,0.9693,0.0131,0.5738,45.8292,96.9333,57.3783,0.0,0.0,0.0,3.61,2.25,1.35,None,0.08094239234924316,8.43,False,None,sfc_unique_p3_19,0,None,54.640000000000015,4.33,165.0,44,56,6,6,0,False,83.78378378378379,7.577857142857143,6.8691071428571435,13.553571428571429,0.1453,0.9978,0.2208,0.2331,3168.5926984986845,2888.5926984986845,280.0,0.9018780810638446,18,7,31
0,1772831032.0192876,329.9,94,0.258,0.9693,0.0131,0.5738,45.8292,96.9333,57.3783,0.0,0.0,0.0,None,None,None,None,0.12124204635620117,3.933,False,None,sfc_cache_p4_19,0,None,54.640000000000015,4.33,165.0,44,56,6,6,0,False,83.40807174887892,7.577857142857143,6.8691071428571435,13.553571428571429,0.1453,0.9978,0.2208,0.2331,3168.5926984986845,2888.5926984986845,280.0,0.9018780810638446,18,7,31
0,1772831032.0209377,329.9,94,0.258,0.9693,0.0131,0.5738,45.8292,96.9333,57.3783,0.0,0.0,0.0,3.61,2.25,1.35,None,0.12124204635620117,8.572,False,None,sfc_unique_p4_19,0,None,54.640000000000015,4.33,165.0,44,56,6,6,0,False,83.03571428571429,7.577857142857143,6.8691071428571435,13.553571428571429,0.1453,0.9978,0.2208,0.2331,3168.5926984986845,2888.5926984986845,280.0,0.9018780810638446,18,7,31
0,1772831032.0591304,329.9,95,0.258,0.9693,0.0131,0.5738,45.8292,96.9333,57.3783,0.0,0.0,0.0,None,None,None,None,0.1609046459197998,4.01,False,None,sfc_cache_p5_19,0,None,54.640000000000015,4.33,165.0,44,56,6,6,0,False,82.66666666666667,7.577857142857143,6.8691071428571435,13.553571428571429,0.1453,0.9978,0.2208,0.2331,3168.5926984986845,2888.5926984986845,280.0,0.9018780810638446,18,7,31
0,1772831032.0607615,329.9,95,0.258,0.9693,0.0131,0.5738,45.8292,96.9333,57.3783,0.0,0.0,0.0,3.61,2.25,1.35,None,0.1609046459197998,8.57,False,None,sfc_unique_p5_19,0,None,54.640000000000015,4.33,165.0,44,56,6,6,0,False,82.30088495575221,7.577857142857143,6.8691071428571435,13.553571428571429,0.1453,0.9978,0.2208,0.2331,3168.5926984986845,2888.5926984986845,280.0,0.9018780810638446,18,7,31
0,1772831032.220022,330.1,96,0.258,0.9693,0.0131,0.5738,45.8292,96.9333,57.3783,0.0,0.0,0.0,None,None,None,None,0.20071911811828613,4.138,False,None,sfc_cache_p6_19,0,None,54.640000000000015,4.33,165.0,44,56,6,6,0,False,81.93832599118943,7.577857142857143,6.8691071428571435,13.553571428571429,0.1453,0.9978,0.2208,0.2331,3168.5926984986845,2888.5926984986845,280.0,0.9018780810638446,18,7,31
0,1772831032.2216873,330.1,96,0.258,0.9693,0.0131,0.5738,45.8292,96.9333,57.3783,0.0,0.0,0.0,3.61,2.25,1.35,None,0.20071911811828613,8.614,False,None,sfc_unique_p6_19,0,None,54.640000000000015,4.33,165.0,44,56,6,6,0,False,81.57894736842105,7.577857142857143,6.8691071428571435,13.553571428571429,0.1453,0.9978,0.2208,0.2331,3168.5926984986845,2888.5926984986845,280.0,0.9018780810638446,18,7,31
0,1772831056.9423892,354.8,96,0.1515,0.777,0.0025,0.4241,22.2126,77.6963,42.41,0.0,0.0,0.0,1.03,0.18,0.85,None,0.00017571449279785156,10.306,True,None,sfc_cache_p1_20,0,None,8.660000000000023,4.33,0.0,18,34,6,5,0,False,81.6593886462882,6.049411764705881,9.068529411764706,16.5,0.2046,0.9214,0.2424,0.1687,2846.9902040509364,2676.9902040509364,170.0,0.9155415623247756,11,4,19
0,1772831056.9437685,354.8,96,0.1515,0.777,0.0025,0.4241,22.2126,77.6963,42.41,0.0,0.0,0.0,1.53,0.24,1.28,None,0.00017571449279785156,10.775,True,None,sfc_unique_p1_20,0,None,8.660000000000023,4.33,0.0,18,34,6,5,0,False,81.73913043478261,6.049411764705881,9.068529411764706,16.5,0.2046,0.9214,0.2424,0.1687,2846.9902040509364,2676.9902040509364,170.0,0.9155415623247756,11,4,19
0,1772831056.9884126,354.9,97,0.1488,0.8442,0.0071,0.449,22.2126,84.4169,44.9047,0.0,0.0,0.0,1.5,0.2,1.3,None,0.0474247932434082,9.993,True,None,sfc_cache_p2_20,0,None,8.660000000000023,8.66,0.0,20,36,6,5,0,False,81.81818181818183,5.713333333333332,9.305555555555555,16.5,0.1977,0.9392,0.2602,0.1793,2881.1722192188677,2701.1722192188677,180.0,0.9185627486000022,11,5,20
0,1772831056.9897127,354.9,97,0.1488,0.8442,0.0071,0.449,22.2126,84.4169,44.9047,0.0,0.0,0.0,1.53,0.24,1.28,None,0.0474247932434082,10.775,True,None,sfc_unique_p2_20,0,None,8.660000000000023,8.66,0.0,20,36,6,5,0,False,81.89655172413794,5.713333333333332,9.305555555555555,16.5,0.1977,0.9392,0.2602,0.1793,2881.1722192188677,2701.1722192188677,180.0,0.9185627486000022,11,5,20
0,1772831057.034034,354.9,98,0.149,0.9122,0.0213,0.474,22.6446,91.2206,47.3995,0.0,0.0,0.0,2.68,0.89,1.8,None,0.09335494041442871,9.625,True,None,sfc_cache_p3_20,0,None,8.660000000000023,8.66,0.0,22,38,6,5,0,False,81.97424892703863,5.517894736842106,9.526315789473685,16.5,0.1876,0.9937,0.2551,0.1977,2935.015935613682,2745.015935613682,190.0,0.915373134209894,11,7,20
0,1772831057.0354195,354.9,98,0.149,0.9122,0.0213,0.474,22.6446,91.2206,47.3995,0.0,0.0,0.0,2.62,0.39,2.23,None,0.09335494041442871,10.115,True,None,sfc_unique_p3_20,0,None,8.660000000000023,8.66,0.0,22,38,6,5,0,False,82.05128205128204,5.517894736842106,9.526315789473685,16.5,0.1876,0.9937,0.2551,0.1977,2935.015935613682,2745.015935613682,190.0,0.915373134209894,11,7,20
0,1772831057.078925,355.0,99,0.1622,0.9357,0.0335,0.4989,24.9849,93.5717,49.8942,0.0,0.0,0.0,3.13,0.92,2.21,None,0.13907194137573242,9.358,True,None,sfc_cache_p4_20,0,None,8.660000000000023,8.66,0.0,23,40,6,5,0,False,82.12765957446808,5.7837499999999995,9.283249999999999,16.5,0.1677,0.9964,0.2506,0.2067,2959.672335551772,2759.672335551772,200.0,0.9139177477364859,11,8,21
0,1772831057.080275,355.0,99,0.1622,0.9357,0.0335,0.4989,24.9849,93.5717,49.8942,0.0,0.0,0.0,3.31,1.58,1.73,None,0.13907194137573242,9.639,True,None,sfc_unique_p4_20,0,None,8.660000000000023,8.66,0.0,23,40,6,5,0,False,82.20338983050848,5.7837499999999995,9.283249999999999,16.5,0.1677,0.9964,0.2506,0.2067,2959.672335551772,2759.672335551772,200.0,0.9139177477364859,11,8,21
0,1772831057.1239011,355.0,100,0.1781,0.9483,0.0423,0.5239,27.7928,94.8317,52.3889,0.0,0.0,0.0,3.01,1.35,1.66,None,0.18395328521728516,8.833,True,None,sfc_cache_p5_20,0,None,8.660000000000023,8.66,0.0,24,42,6,5,0,False,82.27848101265823,6.127380952380953,8.960238095238095,16.5,0.1471,0.9963,0.2524,0.2077,2971.993957591704,2761.993957591704,210.0,0.9142420930335772,12,7,23
0,1772831057.1253564,355.0,100,0.1781,0.9483,0.0423,0.5239,27.7928,94.8317,52.3889,0.0,0.0,0.0,3.31,1.58,1.73,None,0.18395328521728516,9.506,True,None,sfc_unique_p5_20,0,None,8.660000000000023,8.66,0.0,24,42,6,5,0,False,82.35294117647058,6.127380952380953,8.960238095238095,16.5,0.1471,0.9963,0.2524,0.2077,2971.993957591704,2761.993957591704,210.0,0.9142420930335772,12,7,23
0,1772831057.1693454,355.0,101,0.1912,0.9567,0.0524,0.5239,30.349,95.6708,52.3889,0.0,0.0,0.0,3.7,2.04,1.66,None,0.22903990745544434,8.769,True,None,sfc_cache_p6_20,0,None,12.66,8.66,33.0,27,44,6,5,0,False,82.42677824267783,6.386818181818182,8.628636363636364,15.75,0.152,0.9961,0.2469,0.2111,2997.7132734870765,2777.7132734870765,220.0,0.915909365703632,12,8,24
0,1772831057.1707535,355.0,101,0.1912,0.9567,0.0524,0.5239,30.349,95.6708,52.3889,0.0,0.0,0.0,3.79,1.64,2.15,None,0.22903990745544434,9.516,True,None,sfc_unique_p6_20,0,None,12.66,8.66,33.0,27,44,6,5,0,False,82.5,6.386818181818182,8.628636363636364,15.75,0.152,0.9961,0.2469,0.2111,2997.7132734870765,2777.7132734870765,220.0,0.915909365703632,12,8,24
0,1772831074.9865232,372.9,101,0.2054,0.9693,0.0683,0.5488,33.1569,96.9308,54.8836,0.0,0.0,0.0,4.85,3.5,1.36,None,0.00019025802612304688,8.481,True,None,sfc_cache_p1_21,0,None,12.66,8.66,33.0,27,46,6,6,0,False,82.57261410788381,6.674347826086956,8.36217391304348,15.782608695652174,0.1601,0.9982,0.2424,0.2381,3035.098651137595,2805.098651137595,230.0,0.914004708856777,14,8,24
0,1772831074.988061,372.9,101,0.2054,0.9693,0.0683,0.5488,33.1569,96.9308,54.8836,0.0,0.0,0.0,4.94,1.74,3.21,None,0.00019025802612304688,9.142,True,None,sfc_unique_p1_21,0,None,12.66,8.66,33.0,27,46,6,6,0,False,82.64462809917356,6.674347826086956,8.36217391304348,15.782608695652174,0.1601,0.9982,0.2424,0.2381,3035.098651137595,2805.098651137595,230.0,0.914004708856777,14,8,24
0,1772831075.03163,372.9,102,0.2211,0.9777,0.0793,0.5738,36.1452,97.7699,57.3783,0.0,0.0,0.0,4.21,2.04,2.17,None,0.0457918643951416,7.936,True,None,sfc_cache_p2_21,0,None,12.66,8.66,33.0,28,48,6,6,0,False,82.71604938271605,6.972708333333333,8.083125,15.8125,0.1583,0.9986,0.2395,0.2512,3069.363083887943,2829.363083887943,240.0,0.9152062980490284,14,8,26
0,1772831075.0330565,372.9,102,0.2211,0.9777,0.0793,0.5738,36.1452,97.7699,57.3783,0.0,0.0,0.0,4.3,1.64,2.66,None,0.0457918643951416,8.955,True,None,sfc_unique_p2_21,0,None,12.66,8.66,33.0,28,48,6,6,0,False,82.78688524590164,6.972708333333333,8.083125,15.8125,0.1583,0.9986,0.2395,0.2512,3069.363083887943,2829.363083887943,240.0,0.9152062980490284,14,8,26
0,1772831075.0766761,372.9,103,0.2358,0.9777,0.0901,0.5987,39.0254,97.7699,59.873,0.0,0.0,0.0,5.88,2.88,3.0,None,0.09079289436340332,7.681,True,None,sfc_cache_p3_21,0,None,16.99,8.66,33.0,29,50,6,6,0,False,82.85714285714286,7.2272,7.7598,15.84,0.1604,0.9986,0.2368,0.2655,3105.951924624671,2855.951924624671,250.0,0.9142226752848691,15,8,27
0,1772831075.078161,373.0,103,0.2358,0.9777,0.0901,0.5987,39.0254,97.7699,59.873,0.0,0.0,0.0,5.08,3.28,1.79,None,0.09079289436340332,8.806,True,None,sfc_unique_p3_21,0,None,16.99,8.66,33.0,29,50,6,6,0,False,82.92682926829268,7.2272,7.7598,15.84,0.1604,0.9986,0.2368,0.2655,3105.951924624671,2855.951924624671,250.0,0.9142226752848691,15,8,27
0,1772831075.1181629,373.0,104,0.2358,0.9777,0.0901,0.5987,39.0254,97.7699,59.873,0.0,0.0,0.0,None,None,None,None,0.1358959674835205,4.267,False,None,sfc_cache_p4_21,0,None,16.99,8.66,33.0,29,50,6,6,0,False,82.5910931174089,7.2272,7.7598,15.84,0.1604,0.9986,0.2368,0.2655,3105.951924624671,2855.951924624671,250.0,0.9142226752848691,15,8,27
0,1772831075.1197019,373.0,104,0.2358,0.9777,0.0901,0.5987,39.0254,97.7699,59.873,0.0,0.0,0.0,5.08,3.28,1.79,None,0.1358959674835205,8.628,False,None,sfc_unique_p4_21,0,None,16.99,8.66,33.0,29,50,6,6,0,False,82.25806451612904,7.2272,7.7598,15.84,0.1604,0.9986,0.2368,0.2655,3105.951924624671,2855.951924624671,250.0,0.9142226752848691,15,8,27
0,1772831075.1589766,373.0,105,0.2358,0.9777,0.0901,0.5987,39.0254,97.7699,59.873,0.0,0.0,0.0,None,None,None,None,0.17741918563842773,4.073,False,None,sfc_cache_p5_21,0,None,16.99,8.66,33.0,29,50,6,6,0,False,81.92771084337349,7.2272,7.7598,15.84,0.1604,0.9986,0.2368,0.2655,3105.951924624671,2855.951924624671,250.0,0.9142226752848691,15,8,27
0,1772831075.1604395,373.0,105,0.2358,0.9777,0.0901,0.5987,39.0254,97.7699,59.873,0.0,0.0,0.0,5.08,3.28,1.79,None,0.17741918563842773,8.546,False,None,sfc_unique_p5_21,0,None,16.99,8.66,33.0,29,50,6,6,0,False,81.6,7.2272,7.7598,15.84,0.1604,0.9986,0.2368,0.2655,3105.951924624671,2855.951924624671,250.0,0.9142226752848691,15,8,27
0,1772831075.200129,373.1,106,0.2358,0.9777,0.0901,0.5987,39.0254,97.7699,59.873,0.0,0.0,0.0,None,None,None,None,0.2181379795074463,4.121,False,None,sfc_cache_p6_21,0,None,16.99,8.66,33.0,29,50,6,6,0,False,81.27490039840637,7.2272,7.7598,15.84,0.1604,0.9986,0.2368,0.2655,3105.951924624671,2855.951924624671,250.0,0.9142226752848691,15,8,27
0,1772831075.2016814,373.1,106,0.2358,0.9777,0.0901,0.5987,39.0254,97.7699,59.873,0.0,0.0,0.0,5.08,3.28,1.79,None,0.2181379795074463,8.767,False,None,sfc_unique_p6_21,0,None,16.99,8.66,33.0,29,50,6,6,0,False,80.95238095238095,7.2272,7.7598,15.84,0.1604,0.9986,0.2368,0.2655,3105.951924624671,2855.951924624671,250.0,0.9142226752848691,15,8,27
0,1772831092.1454291,390.0,106,0.2358,0.9777,0.0901,0.5987,39.0254,97.7699,59.873,0.0,0.0,0.0,None,None,None,None,0.00021457672119140625,4.369,False,None,sfc_cache_p1_22,0,None,16.99,8.66,33.0,29,50,6,6,0,False,80.63241106719367,7.2272,7.7598,15.84,0.1604,0.9986,0.2368,0.2655,3105.951924624671,2855.951924624671,250.0,0.9142226752848691,15,8,27
0,1772831092.147124,390.0,106,0.2358,0.9777,0.0901,0.5987,39.0254,97.7699,59.873,0.0,0.0,0.0,3.72,2.28,1.44,None,0.00021457672119140625,8.762,False,None,sfc_unique_p1_22,0,None,16.99,8.66,33.0,29,50,6,6,0,False,80.31496062992126,7.2272,7.7598,15.84,0.1604,0.9986,0.2368,0.2655,3105.951924624671,2855.951924624671,250.0,0.9142226752848691,15,8,27
0,1772831092.1883433,390.1,107,0.2358,0.9777,0.0901,0.5987,39.0254,97.7699,59.873,0.0,0.0,0.0,None,None,None,None,0.16894912719726562,4.303,False,None,sfc_cache_p2_22,0,None,16.99,8.66,33.0,29,50,6,6,0,False,80.0,7.2272,7.7598,15.84,0.1604,0.9986,0.2368,0.2655,3105.951924624671,2855.951924624671,250.0,0.9142226752848691,15,8,27
0,1772831092.1899004,390.1,107,0.2358,0.9777,0.0901,0.5987,39.0254,97.7699,59.873,0.0,0.0,0.0,3.72,2.28,1.44,None,0.16894912719726562,8.725,False,None,sfc_unique_p2_22,0,None,16.99,8.66,33.0,29,50,6,6,0,False,79.6875,7.2272,7.7598,15.84,0.1604,0.9986,0.2368,0.2655,3105.951924624671,2855.951924624671,250.0,0.9142226752848691,15,8,27
0,1772831092.2303445,390.1,108,0.2358,0.9777,0.0901,0.5987,39.0254,97.7699,59.873,0.0,0.0,0.0,None,None,None,None,0.2116241455078125,4.165,False,None,sfc_cache_p3_22,0,None,16.99,8.66,33.0,29,50,6,6,0,False,79.37743190661479,7.2272,7.7598,15.84,0.1604,0.9986,0.2368,0.2655,3105.951924624671,2855.951924624671,250.0,0.9142226752848691,15,8,27
0,1772831092.2318091,390.1,108,0.2358,0.9777,0.0901,0.5987,39.0254,97.7699,59.873,0.0,0.0,0.0,3.72,2.28,1.44,None,0.2116241455078125,8.548,False,None,sfc_unique_p3_22,0,None,16.99,8.66,33.0,29,50,6,6,0,False,79.06976744186046,7.2272,7.7598,15.84,0.1604,0.9986,0.2368,0.2655,3105.951924624671,2855.951924624671,250.0,0.9142226752848691,15,8,27
0,1772831092.2719395,390.1,109,0.2358,0.9777,0.0901,0.5987,39.0254,97.7699,59.873,0.0,0.0,0.0,None,None,None,None,0.2534961700439453,4.182,False,None,sfc_cache_p4_22,0,None,16.99,8.66,33.0,29,50,6,6,0,False,78.76447876447877,7.2272,7.7598,15.84,0.1604,0.9986,0.2368,0.2655,3105.951924624671,2855.951924624671,250.0,0.9142226752848691,15,8,27
0,1772831092.2734592,390.1,109,0.2358,0.9777,0.0901,0.5987,39.0254,97.7699,59.873,0.0,0.0,0.0,3.72,2.28,1.44,None,0.2534961700439453,8.752,False,None,sfc_unique_p4_22,0,None,16.99,8.66,33.0,29,50,6,6,0,False,78.46153846153847,7.2272,7.7598,15.84,0.1604,0.9986,0.2368,0.2655,3105.951924624671,2855.951924624671,250.0,0.9142226752848691,15,8,27
0,1772831092.3136568,390.2,110,0.2358,0.9777,0.0901,0.5987,39.0254,97.7699,59.873,0.0,0.0,0.0,None,None,None,None,0.2951476573944092,4.22,False,None,sfc_cache_p5_22,0,None,16.99,8.66,33.0,29,50,6,6,0,False,78.16091954022988,7.2272,7.7598,15.84,0.1604,0.9986,0.2368,0.2655,3105.951924624671,2855.951924624671,250.0,0.9142226752848691,15,8,27
0,1772831092.3151715,390.2,110,0.2358,0.9777,0.0901,0.5987,39.0254,97.7699,59.873,0.0,0.0,0.0,3.72,2.28,1.44,None,0.2951476573944092,8.587,False,None,sfc_unique_p5_22,0,None,16.99,8.66,33.0,29,50,6,6,0,False,77.86259541984732,7.2272,7.7598,15.84,0.1604,0.9986,0.2368,0.2655,3105.951924624671,2855.951924624671,250.0,0.9142226752848691,15,8,27
0,1772831092.355761,390.2,111,0.2358,0.9777,0.0901,0.5987,39.0254,97.7699,59.873,0.0,0.0,0.0,None,None,None,None,0.3368208408355713,4.278,False,None,sfc_cache_p6_22,0,None,16.99,8.66,33.0,29,50,6,6,0,False,77.56653992395437,7.2272,7.7598,15.84,0.1604,0.9986,0.2368,0.2655,3105.951924624671,2855.951924624671,250.0,0.9142226752848691,15,8,27
0,1772831092.3572214,390.2,111,0.2358,0.9777,0.0901,0.5987,39.0254,97.7699,59.873,0.0,0.0,0.0,3.72,2.28,1.44,None,0.3368208408355713,8.614,False,None,sfc_unique_p6_22,0,None,16.99,8.66,33.0,29,50,6,6,0,False,77.27272727272727,7.2272,7.7598,15.84,0.1604,0.9986,0.2368,0.2655,3105.951924624671,2855.951924624671,250.0,0.9142226752848691,15,8,27
0,1772831092.4035108,390.3,111,0.2336,0.872,0.0494,0.5488,38.1615,84.1624,56.8654,0.0,0.0,0.0,2.51,1.4,1.1,None,9.632110595703125e-05,8.797,True,None,sfc_cache_p4_15,0,None,16.99,8.66,33.0,28,46,6,6,0,True,77.35849056603774,7.681739130434783,7.260652173913043,15.782608695652174,0.1617,0.8533,0.2424,0.2358,2973.5690457864825,2723.5690457864825,250.0,0.9269521020869477,11,9,26
0,1772831092.4049,390.3,111,0.2336,0.872,0.0494,0.5488,38.1615,84.1624,56.8654,0.0,0.0,0.0,2.17,0.28,1.89,None,9.632110595703125e-05,10.027,True,None,sfc_unique_p4_15,0,None,16.99,8.66,33.0,28,46,6,6,0,True,77.44360902255639,7.681739130434783,7.260652173913043,15.782608695652174,0.1617,0.8533,0.2424,0.2358,2973.5690457864825,2723.5690457864825,250.0,0.9269521020869477,11,9,26
0,1772831092.449064,390.3,111,0.2356,0.9312,0.0579,0.5488,38.1615,89.875,56.8654,0.0,0.0,0.0,2.65,1.19,1.46,None,0.04695606231689453,8.15,True,None,sfc_cache_p5_15,0,None,25.32,8.66,66.0,31,48,6,6,0,True,77.52808988764045,7.361666666666667,7.430416666666667,15.125,0.1617,0.8976,0.2424,0.2389,2997.7440457864827,2747.7440457864827,250.0,0.9254718134494033,11,10,27
0,1772831092.4505496,390.3,111,0.2356,0.9312,0.0579,0.5488,38.1615,89.875,56.8654,0.0,0.0,0.0,2.52,0.57,1.95,None,0.04695606231689453,9.41,True,None,sfc_unique_p5_15,0,None,25.32,8.66,66.0,31,48,6,6,0,True,77.61194029850746,7.361666666666667,7.430416666666667,15.125,0.1617,0.8976,0.2424,0.2389,2997.7440457864827,2747.7440457864827,250.0,0.9254718134494033,11,10,27
0,1772831092.4941185,390.4,111,0.2442,0.9782,0.0764,0.5738,39.5654,94.4108,59.4501,0.0,0.0,0.0,3.03,0.98,2.05,None,0.09281039237976074,7.682,True,None,sfc_cache_p1_17,0,None,25.32,8.66,66.0,32,50,6,6,0,True,77.69516728624535,7.3272,7.493200000000001,15.18,0.1603,0.9984,0.2446,0.2523,3032.678068410463,2782.678068410463,250.0,0.9199052455997101,12,11,27
0,1772831092.4956818,390.4,111,0.2442,0.9782,0.0764,0.5738,39.5654,94.4108,59.4501,0.0,0.0,0.0,4.01,1.54,2.47,None,0.09281039237976074,8.535,True,None,sfc_unique_p1_17,0,None,25.32,8.66,66.0,32,50,6,6,0,True,77.77777777777779,7.3272,7.493200000000001,15.18,0.1603,0.9984,0.2446,0.2523,3032.678068410463,2782.678068410463,250.0,0.9199052455997101,12,11,27
0,1772831108.1942284,406.1,111,0.1663,0.5709,0.006,0.3243,21.8886,55.1003,33.6023,0.0,0.0,0.0,1.63,0.18,1.45,None,0.00026106834411621094,14.474,True,None,sfc_cache_p1_23,0,None,8.330000000000002,4.33,33.0,14,28,6,5,0,True,77.85977859778598,7.238571428571428,7.809285714285714,15.321428571428571,0.1645,0.7799,0.2681,0.1488,2637.1660346695553,2497.1660346695553,140.0,0.9416662220058222,2,8,18
0,1772831108.1958423,406.1,111,0.1663,0.5709,0.006,0.3243,21.8886,55.1003,33.6023,0.0,0.0,0.0,1.48,0.37,1.11,None,0.00026106834411621094,14.559,True,None,sfc_unique_p1_23,0,None,8.330000000000002,4.33,33.0,14,28,6,5,0,True,77.94117647058823,7.238571428571428,7.809285714285714,15.321428571428571,0.1645,0.7799,0.2681,0.1488,2637.1660346695553,2497.1660346695553,140.0,0.9416662220058222,2,8,18
0,1772831108.250054,406.1,112,0.1638,0.6518,0.0186,0.3493,21.8886,62.912,36.187,0.0,0.0,0.0,1.71,0.2,1.51,None,0.06457328796386719,10.175,True,None,sfc_cache_p2_23,0,None,8.330000000000002,4.33,33.0,15,30,6,5,0,True,78.02197802197803,6.756,8.322,15.4,0.1582,0.8471,0.2873,0.1741,2686.75815276273,2536.75815276273,150.0,0.9381876906285346,2,10,18
0,1772831108.2512732,406.1,112,0.1638,0.6518,0.0186,0.3493,21.8886,62.912,36.187,0.0,0.0,0.0,1.58,0.44,1.13,None,0.06457328796386719,10.292,True,None,sfc_unique_p2_23,0,None,8.330000000000002,4.33,33.0,15,30,6,5,0,True,78.1021897810219,6.756,8.322,15.4,0.1582,0.8471,0.2873,0.1741,2686.75815276273,2536.75815276273,150.0,0.9381876906285346,2,10,18
0,1772831108.2957532,406.2,113,0.1629,0.7223,0.0269,0.3742,22.3206,69.7158,38.7718,0.0,0.0,0.0,2.33,0.88,1.45,None,0.11968278884887695,9.695,True,None,sfc_cache_p3_23,0,None,8.330000000000002,4.33,33.0,16,32,6,5,0,True,78.18181818181819,6.45875,8.645625,15.46875,0.15,0.9078,0.2868,0.1861,2743.992327039158,2583.992327039158,160.0,0.9362682155188891,2,13,17
0,1772831108.2969348,406.2,113,0.1629,0.7223,0.0269,0.3742,22.3206,69.7158,38.7718,0.0,0.0,0.0,2.34,0.57,1.77,None,0.11968278884887695,10.04,True,None,sfc_unique_p3_23,0,None,8.330000000000002,4.33,33.0,16,32,6,5,0,True,78.26086956521739,6.45875,8.645625,15.46875,0.15,0.9078,0.2868,0.1861,2743.992327039158,2583.992327039158,160.0,0.9362682155188891,2,13,17
0,1772831108.4635825,406.3,114,0.1621,0.7928,0.042,0.3992,22.7526,76.5195,41.3566,0.0,0.0,0.0,3.89,1.27,2.62,None,0.16529297828674316,9.469,True,None,sfc_cache_p4_23,0,None,8.330000000000002,4.33,33.0,17,34,6,5,0,True,78.33935018050542,6.196470588235294,8.931176470588236,15.529411764705882,0.1443,0.9409,0.2757,0.2012,2772.626826342671,2602.626826342671,170.0,0.9328345437089451,3,13,18
0,1772831108.46495,406.3,114,0.1621,0.7928,0.042,0.3992,22.7526,76.5195,41.3566,0.0,0.0,0.0,2.13,0.19,1.94,None,0.16529297828674316,9.612,True,None,sfc_unique_p4_23,0,None,8.330000000000002,4.33,33.0,17,34,6,5,0,True,78.41726618705036,6.196470588235294,8.931176470588236,15.529411764705882,0.1443,0.9409,0.2757,0.2012,2772.626826342671,2602.626826342671,170.0,0.9328345437089451,3,13,18
0,1772831108.510189,406.4,115,0.162,0.8633,0.0578,0.4241,23.1846,83.3233,43.9414,0.0,0.0,0.0,4.0,0.93,3.07,None,0.33332252502441406,9.279,True,None,sfc_cache_p5_23,0,None,8.330000000000002,4.33,33.0,18,36,6,5,0,True,78.49462365591397,5.963333333333334,9.185,15.583333333333334,0.1399,0.9772,0.2666,0.2121,2827.5722682247333,2647.5722682247333,180.0,0.9295361248877896,4,13,19
0,1772831108.511422,406.4,115,0.162,0.8633,0.0578,0.4241,23.1846,83.3233,43.9414,0.0,0.0,0.0,2.14,0.2,1.94,None,0.33332252502441406,9.194,True,None,sfc_unique_p5_23,0,None,8.330000000000002,4.33,33.0,18,36,6,5,0,True,78.57142857142857,5.963333333333334,9.185,15.583333333333334,0.1399,0.9772,0.2666,0.2121,2827.5722682247333,2647.5722682247333,180.0,0.9295361248877896,4,13,19
0,1772831108.5562491,406.4,116,0.1657,0.9181,0.0672,0.449,24.2645,88.6151,46.5262,0.0,0.0,0.0,3.82,3.14,0.68,None,0.37981677055358887,8.397,True,None,sfc_cache_p6_23,0,None,8.330000000000002,4.33,33.0,20,38,6,5,0,True,78.64768683274022,5.9126315789473685,9.25421052631579,15.631578947368421,0.1539,0.9875,0.2835,0.2117,2855.4046471134498,2665.4046471134498,190.0,0.9283732396163282,4,14,20
0,1772831108.5577366,406.4,116,0.1657,0.9181,0.0672,0.449,24.2645,88.6151,46.5262,0.0,0.0,0.0,2.14,0.2,1.94,None,0.37981677055358887,9.141,True,None,sfc_unique_p6_23,0,None,8.330000000000002,4.33,33.0,20,38,6,5,0,True,78.72340425531915,5.9126315789473685,9.25421052631579,15.631578947368421,0.1539,0.9875,0.2835,0.2117,2855.4046471134498,2665.4046471134498,190.0,0.9283732396163282,4,14,20
0,1772831127.2278268,425.1,116,0.1534,0.7837,0.0311,0.3992,21.961,78.3666,39.9153,0.0,0.0,0.0,2.77,1.3,1.47,None,0.00028252601623535156,10.891,True,None,sfc_cache_p1_24,0,None,8.330000000000002,4.33,33.0,18,34,6,5,0,False,78.79858657243817,5.980882352941176,9.146764705882353,15.529411764705882,0.1502,0.9352,0.2622,0.1698,2857.2546406169367,2687.2546406169367,170.0,0.9342931492112232,3,10,21
0,1772831127.229138,425.1,116,0.1534,0.7837,0.0311,0.3992,21.961,78.3666,39.9153,0.0,0.0,0.0,3.36,1.04,2.32,None,0.00028252601623535156,11.702,True,None,sfc_unique_p1_24,0,None,8.330000000000002,4.33,33.0,18,34,6,5,0,False,78.87323943661971,5.980882352941176,9.146764705882353,15.529411764705882,0.1502,0.9352,0.2622,0.1698,2857.2546406169367,2687.2546406169367,170.0,0.9342931492112232,3,10,21
0,1772831127.2771392,425.2,117,0.1528,0.8517,0.0483,0.4241,22.393,85.1703,42.41,0.0,0.0,0.0,3.95,1.84,2.11,None,0.05134272575378418,10.081,True,None,sfc_cache_p2_24,0,None,8.330000000000002,4.33,33.0,18,36,6,5,0,False,78.94736842105263,5.759722222222222,9.38861111111111,15.583333333333334,0.1507,0.953,0.2491,0.1973,2879.5242880359074,2699.5242880359074,180.0,0.9257045078185292,4,11,21
0,1772831127.2783735,425.2,117,0.1528,0.8517,0.0483,0.4241,22.393,85.1703,42.41,0.0,0.0,0.0,3.22,0.44,2.79,None,0.05134272575378418,10.851,True,None,sfc_unique_p2_24,0,None,8.330000000000002,4.33,33.0,18,36,6,5,0,False,79.02097902097903,5.759722222222222,9.38861111111111,15.583333333333334,0.1507,0.953,0.2491,0.1973,2879.5242880359074,2699.5242880359074,180.0,0.9257045078185292,4,11,21
0,1772831127.3256347,425.2,118,0.1567,0.9088,0.0607,0.449,23.2926,90.883,44.9047,0.0,0.0,0.0,3.09,1.17,1.92,None,0.10059261322021484,9.349,True,None,sfc_cache_p3_24,0,None,8.330000000000002,4.33,33.0,19,38,6,5,0,False,79.09407665505228,5.675789473684211,9.491052631578947,15.631578947368421,0.1458,0.9843,0.2433,0.212,2916.2268882525923,2726.2268882525923,190.0,0.9249918037363031,4,14,20
0,1772831127.3268838,425.2,118,0.1567,0.9088,0.0607,0.449,23.2926,90.883,44.9047,0.0,0.0,0.0,3.31,0.48,2.84,None,0.10059261322021484,10.167,True,None,sfc_unique_p3_24,0,None,8.330000000000002,4.33,33.0,19,38,6,5,0,False,79.16666666666666,5.675789473684211,9.491052631578947,15.631578947368421,0.1458,0.9843,0.2433,0.212,2916.2268882525923,2726.2268882525923,190.0,0.9249918037363031,4,14,20
0,1772831127.3733637,425.2,119,0.1575,0.966,0.0739,0.474,23.7246,96.5956,47.3995,0.0,0.0,0.0,3.53,1.2,2.33,None,0.1491241455078125,8.512,True,None,sfc_cache_p4_24,0,None,12.66,4.33,33.0,21,40,6,5,0,False,79.23875432525952,5.492,9.58325,15.675,0.1389,0.9987,0.2384,0.2251,2946.494648661198,2746.494648661198,200.0,0.9257290358413325,4,15,21
0,1772831127.3746321,425.2,119,0.1575,0.966,0.0739,0.474,23.7246,96.5956,47.3995,0.0,0.0,0.0,2.95,0.19,2.77,None,0.1491241455078125,9.55,True,None,sfc_unique_p4_24,0,None,12.66,4.33,33.0,21,40,6,5,0,False,79.3103448275862,5.492,9.58325,15.675,0.1389,0.9987,0.2384,0.2251,2946.494648661198,2746.494648661198,200.0,0.9257290358413325,4,15,21
0,1772831127.4205043,425.3,120,0.175,0.9743,0.0849,0.4989,26.7128,97.4347,49.8942,0.0,0.0,0.0,4.31,2.04,2.27,None,0.19684171676635742,8.05,True,None,sfc_cache_p5_24,0,None,12.66,4.33,33.0,22,42,6,5,0,False,79.38144329896907,5.889285714285714,9.206190476190477,15.714285714285714,0.129,0.9995,0.2343,0.2317,2968.70638059124,2758.70638059124,210.0,0.9264171230073905,5,15,22
0,1772831127.421848,425.3,120,0.175,0.9743,0.0849,0.4989,26.7128,97.4347,49.8942,0.0,0.0,0.0,4.4,1.64,2.77,None,0.19684171676635742,9.05,True,None,sfc_unique_p5_24,0,None,12.66,4.33,33.0,22,42,6,5,0,False,79.45205479452055,5.889285714285714,9.206190476190477,15.714285714285714,0.129,0.9995,0.2343,0.2317,2968.70638059124,2758.70638059124,210.0,0.9264171230073905,5,15,22
0,1772831127.4675727,425.3,121,0.1874,0.9827,0.0993,0.5239,29.2334,98.2739,52.3889,0.0,0.0,0.0,5.98,2.88,3.1,None,0.24409055709838867,7.759,True,None,sfc_cache_p6_24,0,None,16.99,4.33,33.0,25,44,6,5,0,False,79.5221843003413,6.152045454545455,8.86340909090909,15.75,0.1214,0.9997,0.2296,0.2381,2984.736793839963,2764.736793839963,220.0,0.9249422235859015,5,16,23
0,1772831127.4689116,425.3,121,0.1874,0.9827,0.0993,0.5239,29.2334,98.2739,52.3889,0.0,0.0,0.0,4.4,1.64,2.77,None,0.24409055709838867,8.993,True,None,sfc_unique_p6_24,0,None,16.99,4.33,33.0,25,44,6,5,0,False,79.59183673469387,6.152045454545455,8.86340909090909,15.75,0.1214,0.9997,0.2296,0.2381,2984.736793839963,2764.736793839963,220.0,0.9249422235859015,5,16,23
0,1772831139.2455509,437.1,121,0.2044,0.9827,0.1064,0.5488,32.5813,98.2739,54.8836,0.0,0.0,0.0,5.39,3.2,2.19,None,0.00013780593872070312,7.716,True,None,sfc_cache_p1_25,0,None,16.99,4.33,33.0,25,46,6,6,0,False,79.66101694915254,6.558478260869565,8.47804347826087,15.782608695652174,0.125,0.9997,0.2433,0.2366,3027.2302159108494,2797.2302159108494,230.0,0.9239058664598191,5,17,24
0,1772831139.2470405,437.1,121,0.2044,0.9827,0.1064,0.5488,32.5813,98.2739,54.8836,0.0,0.0,0.0,4.57,3.28,1.28,None,0.00013780593872070312,8.848,True,None,sfc_unique_p1_25,0,None,16.99,4.33,33.0,25,46,6,6,0,False,79.72972972972973,6.558478260869565,8.47804347826087,15.782608695652174,0.125,0.9997,0.2433,0.2366,3027.2302159108494,2797.2302159108494,230.0,0.9239058664598191,5,17,24
0,1772831139.412641,437.3,122,0.2152,0.9827,0.1134,0.5488,35.0296,98.2739,54.8836,0.0,0.0,0.0,5.39,3.2,2.19,None,0.04859662055969238,7.466,True,None,sfc_cache_p2_25,0,None,25.32,4.33,66.0,29,48,6,6,0,False,79.7979797979798,6.7575,8.124791666666667,15.125,0.1188,0.9997,0.2382,0.2333,3042.2518843832227,2802.2518843832227,240.0,0.9230847249307099,6,17,25
0,1772831139.4142072,437.3,122,0.2152,0.9827,0.1134,0.5488,35.0296,98.2739,54.8836,0.0,0.0,0.0,4.57,3.28,1.28,None,0.04859662055969238,8.825,True,None,sfc_unique_p2_25,0,None,25.32,4.33,66.0,29,48,6,6,0,False,79.86577181208054,6.7575,8.124791666666667,15.125,0.1188,0.9997,0.2382,0.2333,3042.2518843832227,2802.2518843832227,240.0,0.9230847249307099,6,17,25
0,1772831139.460292,437.3,123,0.2256,0.9827,0.1205,0.5488,37.4779,98.2739,54.8836,0.0,0.0,0.0,5.39,3.2,2.19,None,0.21579980850219727,7.55,True,None,sfc_cache_p3_25,0,None,33.65,4.33,99.0,33,50,6,6,0,False,79.93311036789298,6.9406,7.7998,14.52,0.111,0.9997,0.2334,0.2287,3052.2518843832227,2802.2518843832227,250.0,0.9220483651919842,6,18,26
0,1772831139.4617462,437.3,123,0.2256,0.9827,0.1205,0.5488,37.4779,98.2739,54.8836,0.0,0.0,0.0,4.57,3.28,1.28,None,0.21579980850219727,8.684,True,None,sfc_unique_p3_25,0,None,33.65,4.33,99.0,33,50,6,6,0,False,80.0,6.9406,7.7998,14.52,0.111,0.9997,0.2334,0.2287,3052.2518843832227,2802.2518843832227,250.0,0.9220483651919842,6,18,26
0,1772831139.5074117,437.4,124,0.2383,0.9827,0.1282,0.5488,40.3938,98.2739,54.8836,0.0,0.0,0.0,5.21,3.02,2.19,None,0.2582435607910156,7.36,True,None,sfc_cache_p4_25,0,None,37.65,4.33,132.0,35,52,6,6,0,False,80.06644518272425,7.192884615384615,7.499807692307693,13.961538461538462,0.1115,0.9997,0.2287,0.2237,3088.714893205386,2828.714893205386,260.0,0.9210952935214145,6,20,26
0,1772831139.5089304,437.4,124,0.2383,0.9827,0.1282,0.5488,40.3938,98.2739,54.8836,0.0,0.0,0.0,3.98,2.25,1.73,None,0.2582435607910156,8.262,True,None,sfc_unique_p4_25,0,None,37.65,4.33,132.0,35,52,6,6,0,False,80.13245033112582,7.192884615384615,7.499807692307693,13.961538461538462,0.1115,0.9997,0.2287,0.2237,3088.714893205386,2828.714893205386,260.0,0.9210952935214145,6,20,26
0,1772831139.5551903,437.4,125,0.2497,0.9827,0.1354,0.5488,42.842,98.2739,54.8836,0.0,0.0,0.0,5.04,2.84,2.19,None,0.30546998977661133,7.24,True,None,sfc_cache_p5_25,0,None,45.98,4.33,165.0,39,54,6,6,0,False,80.19801980198021,7.346296296296296,7.222037037037037,13.444444444444445,0.1093,0.9997,0.2242,0.2179,3103.7470089769386,2833.7470089769386,270.0,0.9204756584427841,6,21,27
0,1772831139.5567718,437.4,125,0.2497,0.9827,0.1354,0.5488,42.842,98.2739,54.8836,0.0,0.0,0.0,3.98,2.25,1.73,None,0.30546998977661133,8.313,True,None,sfc_unique_p5_25,0,None,45.98,4.33,165.0,39,54,6,6,0,False,80.26315789473685,7.346296296296296,7.222037037037037,13.444444444444445,0.1093,0.9997,0.2242,0.2179,3103.7470089769386,2833.7470089769386,270.0,0.9204756584427841,6,21,27
0,1772831139.603296,437.5,126,0.2599,0.9827,0.1426,0.5488,45.2903,98.2739,54.8836,0.0,0.0,0.0,5.04,2.84,2.19,None,0.3533189296722412,7.14,True,None,sfc_cache_p6_25,0,None,54.31,4.33,198.0,43,56,6,6,0,False,80.32786885245902,7.4887500000000005,6.964107142857143,12.964285714285714,0.1052,0.9997,0.2199,0.212,3113.7470089769386,2833.7470089769386,280.0,0.9196501109930005,6,22,28
0,1772831139.6048543,437.5,126,0.2599,0.9827,0.1426,0.5488,45.2903,98.2739,54.8836,0.0,0.0,0.0,3.98,2.25,1.73,None,0.3533189296722412,8.348,True,None,sfc_unique_p6_25,0,None,54.31,4.33,198.0,43,56,6,6,0,False,80.3921568627451,7.4887500000000005,6.964107142857143,12.964285714285714,0.1052,0.9997,0.2199,0.212,3113.7470089769386,2833.7470089769386,280.0,0.9196501109930005,6,22,28
0,1772831162.2771652,460.2,126,0.2579,0.9827,0.1381,0.5488,45.2903,98.2739,54.8836,0.0,0.0,0.0,2.87,2.22,0.64,None,0.00019073486328125,5.179,True,None,sfc_cache_p1_26,0,None,54.31,4.33,198.0,43,56,6,6,0,False,80.45602605863192,7.4887500000000005,6.964107142857143,12.964285714285714,0.1088,0.9997,0.2191,0.2082,3118.032723262653,2838.032723262653,280.0,0.9188482074220542,6,22,28
0,1772831162.2788947,460.2,126,0.2579,0.9827,0.1381,0.5488,45.2903,98.2739,54.8836,0.0,0.0,0.0,3.26,1.71,1.55,None,0.00019073486328125,8.329,True,None,sfc_unique_p1_26,0,None,54.31,4.33,198.0,43,56,6,6,0,False,80.51948051948052,7.4887500000000005,6.964107142857143,12.964285714285714,0.1088,0.9997,0.2191,0.2082,3118.032723262653,2838.032723262653,280.0,0.9188482074220542,6,22,28
0,1772831162.3258667,460.2,127,0.2738,0.9827,0.1468,0.5738,48.6382,98.2739,57.3783,0.0,0.0,0.0,3.87,1.89,1.99,None,0.03957104682922363,7.391,True,None,sfc_cache_p2_26,0,None,54.31,4.33,198.0,43,58,6,6,0,False,80.58252427184466,7.765,6.723965517241379,13.086206896551724,0.1116,0.9997,0.2169,0.2151,3138.2884886240518,2848.2884886240518,290.0,0.9188811222084186,7,21,30
0,1772831162.3274639,460.2,127,0.2738,0.9827,0.1468,0.5738,48.6382,98.2739,57.3783,0.0,0.0,0.0,4.31,2.69,1.61,None,0.03957104682922363,7.727,True,None,sfc_unique_p2_26,0,None,54.31,4.33,198.0,43,58,6,6,0,False,80.64516129032258,7.765,6.723965517241379,13.086206896551724,0.1116,0.9997,0.2169,0.2151,3138.2884886240518,2848.2884886240518,290.0,0.9188811222084186,7,21,30
0,1772831162.3627176,460.2,128,0.2883,0.9827,0.1573,0.5987,51.986,98.2739,59.873,0.0,0.0,0.0,5.82,3.16,2.66,None,0.08816337585449219,4.267,True,None,sfc_cache_p3_26,0,None,54.31,4.33,198.0,44,60,6,6,0,False,80.70739549839229,8.022833333333333,6.499833333333333,13.2,0.1183,0.9997,0.2149,0.224,3172.813716916886,2872.813716916886,300.0,0.9178506558705138,8,21,31
0,1772831162.3637362,460.2,128,0.2883,0.9827,0.1573,0.5987,51.986,98.2739,59.873,0.0,0.0,0.0,4.46,2.85,1.61,None,0.08816337585449219,4.901,True,None,sfc_unique_p3_26,0,None,54.31,4.33,198.0,44,60,6,6,0,False,80.76923076923077,8.022833333333333,6.499833333333333,13.2,0.1183,0.9997,0.2149,0.224,3172.813716916886,2872.813716916886,300.0,0.9178506558705138,8,21,31
0,1772831162.3912857,460.3,129,0.2883,0.9827,0.1573,0.5987,51.986,98.2739,59.873,0.0,0.0,0.0,None,None,None,None,0.12366032600402832,2.088,False,None,sfc_cache_p4_26,0,None,54.31,4.33,198.0,44,60,6,6,0,False,80.5111821086262,8.022833333333333,6.499833333333333,13.2,0.1183,0.9997,0.2149,0.224,3172.813716916886,2872.813716916886,300.0,0.9178506558705138,8,21,31
0,1772831162.3923113,460.3,129,0.2883,0.9827,0.1573,0.5987,51.986,98.2739,59.873,0.0,0.0,0.0,4.46,2.85,1.61,None,0.12366032600402832,4.86,False,None,sfc_unique_p4_26,0,None,54.31,4.33,198.0,44,60,6,6,0,False,80.2547770700637,8.022833333333333,6.499833333333333,13.2,0.1183,0.9997,0.2149,0.224,3172.813716916886,2872.813716916886,300.0,0.9178506558705138,8,21,31
0,1772831162.419153,460.3,130,0.2883,0.9827,0.1573,0.5987,51.986,98.2739,59.873,0.0,0.0,0.0,None,None,None,None,0.15222859382629395,2.097,False,None,sfc_cache_p5_26,0,None,54.31,4.33,198.0,44,60,6,6,0,False,80.0,8.022833333333333,6.499833333333333,13.2,0.1183,0.9997,0.2149,0.224,3172.813716916886,2872.813716916886,300.0,0.9178506558705138,8,21,31
0,1772831162.4201045,460.3,130,0.2883,0.9827,0.1573,0.5987,51.986,98.2739,59.873,0.0,0.0,0.0,4.46,2.85,1.61,None,0.15222859382629395,4.803,False,None,sfc_unique_p5_26,0,None,54.31,4.33,198.0,44,60,6,6,0,False,79.74683544303798,8.022833333333333,6.499833333333333,13.2,0.1183,0.9997,0.2149,0.224,3172.813716916886,2872.813716916886,300.0,0.9178506558705138,8,21,31
0,1772831162.5237644,460.4,131,0.2883,0.9827,0.1573,0.5987,51.986,98.2739,59.873,0.0,0.0,0.0,None,None,None,None,0.1799485683441162,2.143,False,None,sfc_cache_p6_26,0,None,54.31,4.33,198.0,44,60,6,6,0,False,79.49526813880126,8.022833333333333,6.499833333333333,13.2,0.1183,0.9997,0.2149,0.224,3172.813716916886,2872.813716916886,300.0,0.9178506558705138,8,21,31
0,1772831162.5247216,460.4,131,0.2883,0.9827,0.1573,0.5987,51.986,98.2739,59.873,0.0,0.0,0.0,4.46,2.85,1.61,None,0.1799485683441162,4.804,False,None,sfc_unique_p6_26,0,None,54.31,4.33,198.0,44,60,6,6,0,False,79.24528301886792,8.022833333333333,6.499833333333333,13.2,0.1183,0.9997,0.2149,0.224,3172.813716916886,2872.813716916886,300.0,0.9178506558705138,8,21,31
0,1772831184.3348327,482.2,131,0.2161,0.782,0.0138,0.4241,35.1732,78.2003,42.41,0.0,0.0,0.0,0.98,0.2,0.78,None,0.0001876354217529297,9.974,True,None,sfc_cache_p1_27,0,None,45.980000000000004,0.0,165.0,33,44,6,5,0,False,79.3103448275862,7.402045454545453,7.052954545454545,12.75,0.1507,0.8777,0.2161,0.1931,2972.581372600697,2752.581372600697,220.0,0.9251238224483664,3,19,22
0,1772831184.3364155,482.2,131,0.2161,0.782,0.0138,0.4241,35.1732,78.2003,42.41,0.0,0.0,0.0,1.49,0.28,1.21,None,0.0001876354217529297,10.638,True,None,sfc_unique_p1_27,0,None,45.980000000000004,0.0,165.0,33,44,6,5,0,False,79.375,7.402045454545453,7.052954545454545,12.75,0.1507,0.8777,0.2161,0.1931,2972.581372600697,2752.581372600697,220.0,0.9251238224483664,3,19,22
0,1772831184.3868115,482.3,132,0.2269,0.8047,0.023,0.449,37.5491,80.4682,44.9047,0.0,0.0,0.0,1.75,0.53,1.23,None,0.053540706634521484,9.488,True,None,sfc_cache_p2_27,0,None,45.980000000000004,0.0,165.0,33,46,6,5,0,False,79.43925233644859,7.558478260869565,6.94195652173913,12.91304347826087,0.1438,0.8896,0.2325,0.2045,3006.0549061094416,2776.0549061094416,230.0,0.9252639225791124,3,19,24
0,1772831184.388347,482.3,132,0.2269,0.8047,0.023,0.449,37.5491,80.4682,44.9047,0.0,0.0,0.0,3.27,1.64,1.63,None,0.053540706634521484,10.185,True,None,sfc_unique_p2_27,0,None,45.980000000000004,0.0,165.0,33,46,6,5,0,False,79.5031055900621,7.558478260869565,6.94195652173913,12.91304347826087,0.1438,0.8896,0.2325,0.2045,3006.0549061094416,2776.0549061094416,230.0,0.9252639225791124,3,19,24
0,1772831184.43932,482.3,133,0.2372,0.8173,0.0314,0.474,39.8894,81.7282,47.3995,0.0,0.0,0.0,1.95,1.17,0.78,None,0.10549116134643555,9.229,True,None,sfc_cache_p3_27,0,None,50.31,0.0,165.0,36,48,6,5,0,False,79.56656346749226,7.695,6.756875,13.0625,0.1359,0.889,0.2285,0.2107,3016.0549061094416,2776.0549061094416,240.0,0.9257569207321398,4,19,25
0,1772831184.4408786,482.3,133,0.2372,0.8173,0.0314,0.474,39.8894,81.7282,47.3995,0.0,0.0,0.0,3.26,1.64,1.63,None,0.10549116134643555,10.007,True,None,sfc_unique_p3_27,0,None,50.31,0.0,165.0,36,48,6,5,0,False,79.62962962962963,7.695,6.756875,13.0625,0.1359,0.889,0.2285,0.2107,3016.0549061094416,2776.0549061094416,240.0,0.9257569207321398,4,19,25
0,1772831184.4914017,482.4,134,0.2361,0.8702,0.0369,0.4989,40.5017,87.02,49.8942,0.0,0.0,0.0,2.73,1.53,1.19,None,0.15797162055969238,8.696,True,None,sfc_cache_p4_27,0,None,54.64,0.0,165.0,39,50,6,5,0,False,79.6923076923077,7.5005999999999995,6.9066,13.2,0.1312,0.9379,0.2251,0.2163,3061.5803665644794,2811.5803665644794,250.0,0.9262985593063822,4,19,27
0,1772831184.492925,482.4,134,0.2361,0.8702,0.0369,0.4989,40.5017,87.02,49.8942,0.0,0.0,0.0,1.91,0.24,1.66,None,0.15797162055969238,9.924,True,None,sfc_unique_p4_27,0,None,54.64,0.0,165.0,39,50,6,5,0,False,79.75460122699386,7.5005999999999995,6.9066,13.2,0.1312,0.9379,0.2251,0.2163,3061.5803665644794,2811.5803665644794,250.0,0.9262985593063822,4,19,27
0,1772831184.5438387,482.4,135,0.2369,0.9231,0.0417,0.5239,41.1141,92.3118,52.3889,0.0,0.0,0.0,2.82,1.69,1.13,None,0.21003985404968262,8.537,True,None,sfc_cache_p5_27,0,None,58.97,0.0,165.0,41,52,6,5,0,False,79.81651376146789,7.321153846153846,7.044807692307692,13.326923076923077,0.1286,0.9589,0.2272,0.22,3104.8167076881446,2844.8167076881446,260.0,0.9270195895471514,4,19,29
0,1772831184.5455358,482.4,135,0.2369,0.9231,0.0417,0.5239,41.1141,92.3118,52.3889,0.0,0.0,0.0,1.91,0.24,1.66,None,0.21003985404968262,9.829,True,None,sfc_unique_p5_27,0,None,58.97,0.0,165.0,41,52,6,5,0,False,79.8780487804878,7.321153846153846,7.044807692307692,13.326923076923077,0.1286,0.9589,0.2272,0.22,3104.8167076881446,2844.8167076881446,260.0,0.9270195895471514,4,19,29
0,1772831184.5959985,482.5,136,0.2398,0.9534,0.0548,0.5239,42.2664,95.3357,52.3889,0.0,0.0,0.0,2.82,1.69,1.13,None,0.26267361640930176,8.563,True,None,sfc_cache_p6_27,0,None,67.3,0.0,198.0,45,54,6,5,0,False,79.93920972644378,7.247592592592593,7.006111111111111,12.833333333333334,0.1243,0.9971,0.2227,0.2275,3125.424082959294,2855.424082959294,270.0,0.9256083585733614,4,20,30
0,1772831184.5977948,482.5,136,0.2398,0.9534,0.0548,0.5239,42.2664,95.3357,52.3889,0.0,0.0,0.0,3.49,1.33,2.16,None,0.26267361640930176,9.531,True,None,sfc_unique_p6_27,0,None,67.3,0.0,198.0,45,54,6,5,0,False,80.0,7.247592592592593,7.006111111111111,12.833333333333334,0.1243,0.9971,0.2227,0.2275,3125.424082959294,2855.424082959294,270.0,0.9256083585733614,4,20,30
0,1772831203.373531,501.2,136,0.2528,0.966,0.0698,0.5488,45.0743,96.5956,54.8836,0.0,0.0,0.0,4.43,3.5,0.93,None,0.0001761913299560547,8.018,True,None,sfc_cache_p1_28,0,None,67.3,0.0,198.0,45,56,6,6,0,False,80.06042296072508,7.453035714285714,6.845178571428571,12.964285714285714,0.1248,0.9991,0.2191,0.2504,3144.3490829592943,2864.3490829592943,280.0,0.923095381849279,5,21,30
0,1772831203.3751867,501.2,136,0.2528,0.966,0.0698,0.5488,45.0743,96.5956,54.8836,0.0,0.0,0.0,4.52,1.74,2.79,None,0.0001761913299560547,8.855,True,None,sfc_unique_p1_28,0,None,67.3,0.0,198.0,45,56,6,6,0,False,80.12048192771084,7.453035714285714,6.845178571428571,12.964285714285714,0.1248,0.9991,0.2191,0.2504,3144.3490829592943,2864.3490829592943,280.0,0.923095381849279,5,21,30
0,1772831203.423395,501.3,137,0.2655,0.9743,0.0811,0.5738,48.0626,97.4347,57.3783,0.0,0.0,0.0,4.11,3.36,0.75,None,0.051242828369140625,7.383,True,None,sfc_cache_p2_28,0,None,67.3,0.0,198.0,45,58,6,6,0,False,80.18018018018019,7.673103448275862,6.666551724137931,13.086206896551724,0.127,0.9996,0.2167,0.2644,3165.06336867358,2875.06336867358,290.0,0.9206154522748597,6,21,31
0,1772831203.4250472,501.3,137,0.2655,0.9743,0.0811,0.5738,48.0626,97.4347,57.3783,0.0,0.0,0.0,4.9,2.25,2.65,None,0.051242828369140625,8.598,True,None,sfc_unique_p2_28,0,None,67.3,0.0,198.0,45,58,6,6,0,False,80.23952095808383,7.673103448275862,6.666551724137931,13.086206896551724,0.127,0.9996,0.2167,0.2644,3165.06336867358,2875.06336867358,290.0,0.9206154522748597,6,21,31
0,1772831203.4730046,501.3,138,0.2773,0.9743,0.0891,0.5987,50.9428,97.4347,59.873,0.0,0.0,0.0,4.07,2.52,1.56,None,0.10115599632263184,7.089,True,None,sfc_cache_p3_28,0,None,71.63,0.0,198.0,47,60,6,6,0,False,80.29850746268656,7.861833333333333,6.444333333333334,13.2,0.1331,0.9996,0.2149,0.2717,3199.3880026311717,2899.3880026311717,300.0,0.9159814194711076,10,20,30
0,1772831203.474657,501.3,138,0.2773,0.9743,0.0891,0.5987,50.9428,97.4347,59.873,0.0,0.0,0.0,5.87,4.71,1.16,None,0.10115599632263184,7.984,True,None,sfc_unique_p3_28,0,None,71.63,0.0,198.0,47,60,6,6,0,False,80.35714285714286,7.861833333333333,6.444333333333334,13.2,0.1331,0.9996,0.2149,0.2717,3199.3880026311717,2899.3880026311717,300.0,0.9159814194711076,10,20,30
0,1772831203.6450517,501.5,139,0.2773,0.9743,0.0891,0.5987,50.9428,97.4347,59.873,0.0,0.0,0.0,None,None,None,None,0.15080499649047852,3.734,False,None,sfc_cache_p4_28,0,None,71.63,0.0,198.0,47,60,6,6,0,False,80.1186943620178,7.861833333333333,6.444333333333334,13.2,0.1331,0.9996,0.2149,0.2717,3199.3880026311717,2899.3880026311717,300.0,0.9159814194711076,10,20,30
0,1772831203.646831,501.5,139,0.2773,0.9743,0.0891,0.5987,50.9428,97.4347,59.873,0.0,0.0,0.0,5.87,4.71,1.16,None,0.15080499649047852,8.113,False,None,sfc_unique_p4_28,0,None,71.63,0.0,198.0,47,60,6,6,0,False,79.88165680473372,7.861833333333333,6.444333333333334,13.2,0.1331,0.9996,0.2149,0.2717,3199.3880026311717,2899.3880026311717,300.0,0.9159814194711076,10,20,30
0,1772831203.692214,501.6,140,0.2773,0.9743,0.0891,0.5987,50.9428,97.4347,59.873,0.0,0.0,0.0,None,None,None,None,0.32293224334716797,3.716,False,None,sfc_cache_p5_28,0,None,71.63,0.0,198.0,47,60,6,6,0,False,79.64601769911505,7.861833333333333,6.444333333333334,13.2,0.1331,0.9996,0.2149,0.2717,3199.3880026311717,2899.3880026311717,300.0,0.9159814194711076,10,20,30
0,1772831203.6939867,501.6,140,0.2773,0.9743,0.0891,0.5987,50.9428,97.4347,59.873,0.0,0.0,0.0,5.87,4.71,1.16,None,0.32293224334716797,8.079,False,None,sfc_unique_p5_28,0,None,71.63,0.0,198.0,47,60,6,6,0,False,79.41176470588235,7.861833333333333,6.444333333333334,13.2,0.1331,0.9996,0.2149,0.2717,3199.3880026311717,2899.3880026311717,300.0,0.9159814194711076,10,20,30
0,1772831203.740108,501.6,141,0.2773,0.9743,0.0891,0.5987,50.9428,97.4347,59.873,0.0,0.0,0.0,None,None,None,None,0.3701784610748291,3.723,False,None,sfc_cache_p6_28,0,None,71.63,0.0,198.0,47,60,6,6,0,False,79.17888563049853,7.861833333333333,6.444333333333334,13.2,0.1331,0.9996,0.2149,0.2717,3199.3880026311717,2899.3880026311717,300.0,0.9159814194711076,10,20,30
0,1772831203.741833,501.6,141,0.2773,0.9743,0.0891,0.5987,50.9428,97.4347,59.873,0.0,0.0,0.0,5.87,4.71,1.16,None,0.3701784610748291,8.161,False,None,sfc_unique_p6_28,0,None,71.63,0.0,198.0,47,60,6,6,0,False,78.94736842105263,7.861833333333333,6.444333333333334,13.2,0.1331,0.9996,0.2149,0.2717,3199.3880026311717,2899.3880026311717,300.0,0.9159814194711076,10,20,30
0,1772831212.1348338,510.0,141,0.2792,0.939,0.0615,0.5738,50.5108,90.631,59.4501,0.0,0.0,0.0,2.28,1.51,0.78,None,0.0001533031463623047,7.528,True,None,sfc_cache_p6_27,0,None,71.63,0.0,198.0,46,58,6,6,0,True,79.00874635568513,8.063965517241378,6.2010344827586215,13.086206896551724,0.1391,0.9986,0.2208,0.2495,3128.790571892896,2828.790571892896,300.0,0.9193649629953843,8,20,30
0,1772831212.136481,510.0,141,0.2792,0.939,0.0615,0.5738,50.5108,90.631,59.4501,0.0,0.0,0.0,2.61,1.05,1.57,None,0.0001533031463623047,8.449,True,None,sfc_unique_p6_27,0,None,71.63,0.0,198.0,46,58,6,6,0,True,79.06976744186046,8.063965517241378,6.2010344827586215,13.086206896551724,0.1391,0.9986,0.2208,0.2495,3128.790571892896,2828.790571892896,300.0,0.9193649629953843,8,20,30
0,1772831212.186277,510.1,141,0.2948,0.9521,0.0758,0.5987,53.3187,91.8909,62.0349,0.0,0.0,0.0,5.05,1.98,3.07,None,0.05307412147521973,7.533,True,None,sfc_cache_p5_23,0,None,71.63,0.0,198.0,47,60,6,6,0,True,79.13043478260869,8.2285,6.077666666666667,13.2,0.1441,0.9986,0.2232,0.2565,3151.8902352576997,2851.8902352576997,300.0,0.91747634992557,10,19,31
0,1772831212.1881154,510.1,141,0.2948,0.9521,0.0758,0.5987,53.3187,91.8909,62.0349,0.0,0.0,0.0,3.89,1.94,1.94,None,0.05307412147521973,8.326,True,None,sfc_unique_p5_23,0,None,71.63,0.0,198.0,47,60,6,6,0,True,79.1907514450867,8.2285,6.077666666666667,13.2,0.1441,0.9986,0.2232,0.2565,3151.8902352576997,2851.8902352576997,300.0,0.91747634992557,10,19,31
0,1772831215.4075644,513.3,141,0.2948,0.9521,0.0758,0.5987,53.3187,91.8909,62.0349,0.0,0.0,0.0,None,None,None,None,0.0001971721649169922,4.066,False,None,sfc_cache_p1_29,0,None,71.63,0.0,198.0,47,60,6,6,0,True,78.96253602305475,8.2285,6.077666666666667,13.2,0.1441,0.9986,0.2232,0.2565,3151.8902352576997,2851.8902352576997,300.0,0.91747634992557,10,19,31
0,1772831215.4093096,513.3,141,0.2948,0.9521,0.0758,0.5987,53.3187,91.8909,62.0349,0.0,0.0,0.0,4.15,2.25,1.9,None,0.0001971721649169922,8.045,False,None,sfc_unique_p1_29,0,None,71.63,0.0,198.0,47,60,6,6,0,True,78.73563218390804,8.2285,6.077666666666667,13.2,0.1441,0.9986,0.2232,0.2565,3151.8902352576997,2851.8902352576997,300.0,0.91747634992557,10,19,31
0,1772831215.454952,513.3,142,0.2948,0.9521,0.0758,0.5987,53.3187,91.8909,62.0349,0.0,0.0,0.0,None,None,None,None,0.04949045181274414,3.953,False,None,sfc_cache_p2_29,0,None,71.63,0.0,198.0,47,60,6,6,0,True,78.51002865329512,8.2285,6.077666666666667,13.2,0.1441,0.9986,0.2232,0.2565,3151.8902352576997,2851.8902352576997,300.0,0.91747634992557,10,19,31
0,1772831215.4567037,513.3,142,0.2948,0.9521,0.0758,0.5987,53.3187,91.8909,62.0349,0.0,0.0,0.0,4.15,2.25,1.9,None,0.04949045181274414,7.946,False,None,sfc_unique_p2_29,0,None,71.63,0.0,198.0,47,60,6,6,0,True,78.28571428571428,8.2285,6.077666666666667,13.2,0.1441,0.9986,0.2232,0.2565,3151.8902352576997,2851.8902352576997,300.0,0.91747634992557,10,19,31
0,1772831215.5039182,513.4,143,0.2948,0.9521,0.0758,0.5987,53.3187,91.8909,62.0349,0.0,0.0,0.0,None,None,None,None,0.09685373306274414,4.045,False,None,sfc_cache_p3_29,0,None,71.63,0.0,198.0,47,60,6,6,0,True,78.06267806267806,8.2285,6.077666666666667,13.2,0.1441,0.9986,0.2232,0.2565,3151.8902352576997,2851.8902352576997,300.0,0.91747634992557,10,19,31
0,1772831215.5060556,513.4,143,0.2948,0.9521,0.0758,0.5987,53.3187,91.8909,62.0349,0.0,0.0,0.0,4.15,2.25,1.9,None,0.09685373306274414,8.267,False,None,sfc_unique_p3_29,0,None,71.63,0.0,198.0,47,60,6,6,0,True,77.8409090909091,8.2285,6.077666666666667,13.2,0.1441,0.9986,0.2232,0.2565,3151.8902352576997,2851.8902352576997,300.0,0.91747634992557,10,19,31
0,1772831215.5529714,513.4,144,0.2948,0.9521,0.0758,0.5987,53.3187,91.8909,62.0349,0.0,0.0,0.0,None,None,None,None,0.14652705192565918,4.092,False,None,sfc_cache_p4_29,0,None,71.63,0.0,198.0,47,60,6,6,0,True,77.62039660056658,8.2285,6.077666666666667,13.2,0.1441,0.9986,0.2232,0.2565,3151.8902352576997,2851.8902352576997,300.0,0.91747634992557,10,19,31
0,1772831215.5547776,513.4,144,0.2948,0.9521,0.0758,0.5987,53.3187,91.8909,62.0349,0.0,0.0,0.0,4.15,2.25,1.9,None,0.14652705192565918,8.106,False,None,sfc_unique_p4_29,0,None,71.63,0.0,198.0,47,60,6,6,0,True,77.40112994350282,8.2285,6.077666666666667,13.2,0.1441,0.9986,0.2232,0.2565,3151.8902352576997,2851.8902352576997,300.0,0.91747634992557,10,19,31
0,1772831215.7244709,513.6,145,0.2948,0.9521,0.0758,0.5987,53.3187,91.8909,62.0349,0.0,0.0,0.0,None,None,None,None,0.19490909576416016,4.015,False,None,sfc_cache_p5_29,0,None,71.63,0.0,198.0,47,60,6,6,0,True,77.1830985915493,8.2285,6.077666666666667,13.2,0.1441,0.9986,0.2232,0.2565,3151.8902352576997,2851.8902352576997,300.0,0.91747634992557,10,19,31
0,1772831215.7262444,513.6,145,0.2948,0.9521,0.0758,0.5987,53.3187,91.8909,62.0349,0.0,0.0,0.0,4.15,2.25,1.9,None,0.19490909576416016,8.2,False,None,sfc_unique_p5_29,0,None,71.63,0.0,198.0,47,60,6,6,0,True,76.96629213483146,8.2285,6.077666666666667,13.2,0.1441,0.9986,0.2232,0.2565,3151.8902352576997,2851.8902352576997,300.0,0.91747634992557,10,19,31
0,1772831215.7721362,513.6,146,0.2948,0.9521,0.0758,0.5987,53.3187,91.8909,62.0349,0.0,0.0,0.0,None,None,None,None,0.3663365840911865,3.964,False,None,sfc_cache_p6_29,0,None,71.63,0.0,198.0,47,60,6,6,0,True,76.75070028011206,8.2285,6.077666666666667,13.2,0.1441,0.9986,0.2232,0.2565,3151.8902352576997,2851.8902352576997,300.0,0.91747634992557,10,19,31
0,1772831215.7738442,513.6,146,0.2948,0.9521,0.0758,0.5987,53.3187,91.8909,62.0349,0.0,0.0,0.0,4.15,2.25,1.9,None,0.3663365840911865,8.158,False,None,sfc_unique_p6_29,0,None,71.63,0.0,198.0,47,60,6,6,0,True,76.53631284916202,8.2285,6.077666666666667,13.2,0.1441,0.9986,0.2232,0.2565,3151.8902352576997,2851.8902352576997,300.0,0.91747634992557,10,19,31
0,1772831230.460529,528.3,146,0.2901,0.6623,0.006,0.474,48.5669,63.92,49.111,0.0,0.0,0.0,1.63,0.18,1.44,None,0.00018072128295898438,9.87,True,None,sfc_cache_p1_30,0,None,71.63,0.0,198.0,41,50,6,6,0,True,76.6016713091922,8.9942,5.0732,12.54,0.1573,0.8184,0.218,0.2032,2943.7093654233095,2693.7093654233095,250.0,0.9297453268817358,3,19,28
0,1772831230.4621034,528.3,146,0.2901,0.6623,0.006,0.474,48.5669,63.92,49.111,0.0,0.0,0.0,1.47,0.37,1.11,None,0.00018072128295898438,10.245,True,None,sfc_unique_p1_30,0,None,71.63,0.0,198.0,41,50,6,6,0,True,76.66666666666667,8.9942,5.0732,12.54,0.1573,0.8184,0.218,0.2032,2943.7093654233095,2693.7093654233095,250.0,0.9297453268817358,3,19,28
0,1772831230.5162058,528.4,147,0.2844,0.7432,0.0186,0.4989,48.5669,71.7317,51.6958,0.0,0.0,0.0,1.71,0.2,1.5,None,0.054986000061035156,9.438,True,None,sfc_cache_p2_30,0,None,71.63,0.0,198.0,42,52,6,6,0,True,76.73130193905817,8.64826923076923,5.47423076923077,12.692307692307692,0.1531,0.8932,0.2337,0.2183,3000.1351779910233,2740.1351779910233,260.0,0.926427766803095,3,21,28
0,1772831230.5179822,528.4,147,0.2844,0.7432,0.0186,0.4989,48.5669,71.7317,51.6958,0.0,0.0,0.0,1.57,0.44,1.13,None,0.054986000061035156,10.111,True,None,sfc_unique_p2_30,0,None,71.63,0.0,198.0,42,52,6,6,0,True,76.79558011049724,8.64826923076923,5.47423076923077,12.692307692307692,0.1531,0.8932,0.2337,0.2183,3000.1351779910233,2740.1351779910233,260.0,0.926427766803095,3,21,28
0,1772831230.5728903,528.4,148,0.2814,0.8137,0.0269,0.5239,48.9989,78.5354,54.2806,0.0,0.0,0.0,2.32,0.88,1.44,None,0.11091279983520508,8.867,True,None,sfc_cache_p3_30,0,None,71.63,0.0,198.0,43,54,6,6,0,True,76.85950413223141,8.402037037037037,5.771481481481482,12.833333333333334,0.1481,0.9569,0.2306,0.2268,3053.190432595574,2783.190432595574,270.0,0.924459524386632,3,23,28
0,1772831230.5745773,528.4,148,0.2814,0.8137,0.0269,0.5239,48.9989,78.5354,54.2806,0.0,0.0,0.0,2.33,0.57,1.76,None,0.11091279983520508,9.536,True,None,sfc_unique_p3_30,0,None,71.63,0.0,198.0,43,54,6,6,0,True,76.92307692307693,8.402037037037037,5.771481481481482,12.833333333333334,0.1481,0.9569,0.2306,0.2268,3053.190432595574,2783.190432595574,270.0,0.924459524386632,3,23,28
0,1772831230.6277013,528.5,149,0.2806,0.8842,0.042,0.5488,49.4309,85.3392,56.8654,0.0,0.0,0.0,3.88,1.27,2.61,None,0.16747307777404785,8.456,True,None,sfc_cache_p4_30,0,None,71.63,0.0,198.0,44,56,6,6,0,True,76.98630136986301,8.173392857142856,6.0475,12.964285714285714,0.1438,0.9844,0.2278,0.2406,3087.3968247949238,2807.3968247949238,280.0,0.921994397159474,4,23,29
0,1772831230.6293814,528.5,149,0.2806,0.8842,0.042,0.5488,49.4309,85.3392,56.8654,0.0,0.0,0.0,2.13,0.19,1.94,None,0.16747307777404785,8.747,True,None,sfc_unique_p4_30,0,None,71.63,0.0,198.0,44,56,6,6,0,True,77.04918032786885,8.173392857142856,6.0475,12.964285714285714,0.1438,0.9844,0.2278,0.2406,3087.3968247949238,2807.3968247949238,280.0,0.921994397159474,4,23,29
0,1772831230.6806087,528.6,150,0.2814,0.9434,0.0544,0.5738,50.3305,91.0518,59.4501,0.0,0.0,0.0,4.76,2.78,1.98,None,0.222275972366333,7.746,True,None,sfc_cache_p5_30,0,None,71.63,0.0,198.0,46,58,6,6,0,True,77.11171662125341,8.035172413793104,6.229827586206897,13.086206896551724,0.1445,0.9986,0.2252,0.2441,3118.2870004643246,2828.2870004643246,290.0,0.9182405414611158,8,20,30
0,1772831230.682244,528.6,150,0.2814,0.9434,0.0544,0.5738,50.3305,91.0518,59.4501,0.0,0.0,0.0,2.13,0.2,1.94,None,0.222275972366333,8.651,True,None,sfc_unique_p5_30,0,None,71.63,0.0,198.0,46,58,6,6,0,True,77.17391304347827,8.035172413793104,6.229827586206897,13.086206896551724,0.1445,0.9986,0.2252,0.2441,3118.2870004643246,2828.2870004643246,290.0,0.9182405414611158,8,20,30
0,1772831230.7327192,528.6,151,0.2926,0.9521,0.0672,0.5987,53.3187,91.8909,62.0349,0.0,0.0,0.0,4.2,2.34,1.86,None,0.27515554428100586,7.207,True,None,sfc_cache_p6_30,0,None,71.63,0.0,198.0,47,60,6,6,0,True,77.23577235772358,8.2285,6.077666666666667,13.2,0.1441,0.9986,0.2232,0.2453,3151.8902352576997,2851.8902352576997,300.0,0.9164452624075589,9,20,31
0,1772831230.7345424,528.6,151,0.2926,0.9521,0.0672,0.5987,53.3187,91.8909,62.0349,0.0,0.0,0.0,3.88,1.94,1.94,None,0.27515554428100586,8.246,True,None,sfc_unique_p6_30,0,None,71.63,0.0,198.0,47,60,6,6,0,True,77.29729729729729,8.2285,6.077666666666667,13.2,0.1441,0.9986,0.2232,0.2453,3151.8902352576997,2851.8902352576997,300.0,0.9164452624075589,9,20,31
0,1772831250.5004718,548.4,151,0.1947,0.7198,0.0157,0.449,29.9894,71.9837,44.9047,0.0,0.0,0.0,2.77,1.3,1.47,None,0.00019073486328125,11.472,True,None,sfc_cache_p1_31,0,None,25.650000000000006,0.0,33.0,22,38,6,5,0,False,77.35849056603774,7.307631578947368,7.517368421052632,15.631578947368421,0.1654,0.8596,0.2652,0.1571,2930.947781771557,2740.947781771557,190.0,0.9292512019281922,6,9,23
0,1772831250.5019164,548.4,151,0.1947,0.7198,0.0157,0.449,29.9894,71.9837,44.9047,0.0,0.0,0.0,2.88,0.79,2.09,None,0.00019073486328125,12.528,True,None,sfc_unique_p1_31,0,None,25.650000000000006,0.0,33.0,22,38,6,5,0,False,77.41935483870968,7.307631578947368,7.517368421052632,15.631578947368421,0.1654,0.8596,0.2652,0.1571,2930.947781771557,2740.947781771557,190.0,0.9292512019281922,6,9,23
0,1772831250.6983519,548.6,152,0.1933,0.7879,0.0377,0.474,30.4214,78.7874,47.3995,0.0,0.0,0.0,3.32,0.97,2.35,None,0.058626413345336914,11.024,True,None,sfc_cache_p2_31,0,None,25.650000000000006,0.0,33.0,22,40,6,5,0,False,77.4798927613941,7.04225,7.8165000000000004,15.675,0.1629,0.9645,0.2589,0.1876,2981.7466272388206,2781.7466272388206,200.0,0.9216225791342583,8,10,22
0,1772831250.6999452,548.6,152,0.1933,0.7879,0.0377,0.474,30.4214,78.7874,47.3995,0.0,0.0,0.0,3.62,0.78,2.84,None,0.058626413345336914,11.877,True,None,sfc_unique_p2_31,0,None,25.650000000000006,0.0,33.0,22,40,6,5,0,False,77.54010695187165,7.04225,7.8165000000000004,15.675,0.1629,0.9645,0.2589,0.1876,2981.7466272388206,2781.7466272388206,200.0,0.9216225791342583,8,10,22
0,1772831250.7565107,548.6,153,0.1936,0.8559,0.0466,0.4989,30.8534,85.5912,49.8942,0.0,0.0,0.0,3.19,0.85,2.33,None,0.25673961639404297,10.309,True,None,sfc_cache_p3_31,0,None,25.650000000000006,0.0,33.0,23,42,6,5,0,False,77.60000000000001,6.802142857142857,8.087142857142858,15.714285714285714,0.1564,0.9682,0.2534,0.2065,2998.0359013449965,2788.0359013449965,210.0,0.9231431403659661,8,12,22
0,1772831250.758058,548.6,153,0.1936,0.8559,0.0466,0.4989,30.8534,85.5912,49.8942,0.0,0.0,0.0,2.63,0.28,2.35,None,0.25673961639404297,10.951,True,None,sfc_unique_p3_31,0,None,25.650000000000006,0.0,33.0,23,42,6,5,0,False,77.6595744680851,6.802142857142857,8.087142857142858,15.714285714285714,0.1564,0.9682,0.2534,0.2065,2998.0359013449965,2788.0359013449965,210.0,0.9231431403659661,8,12,22
0,1772831250.8163753,548.7,154,0.1978,0.9088,0.0649,0.5239,31.9333,90.883,52.3889,0.0,0.0,0.0,4.31,2.04,2.27,None,0.3148195743560791,9.636,True,None,sfc_cache_p4_31,0,None,25.650000000000006,0.0,33.0,24,44,6,5,0,False,77.71883289124668,6.720227272727272,8.196818181818182,15.75,0.1538,0.9913,0.2488,0.2242,3032.9791533818297,2812.9791533818297,220.0,0.9207179028484309,9,12,23
0,1772831250.8178995,548.7,154,0.1978,0.9088,0.0649,0.5239,31.9333,90.883,52.3889,0.0,0.0,0.0,3.84,0.53,3.31,None,0.3148195743560791,10.59,True,None,sfc_unique_p4_31,0,None,25.650000000000006,0.0,33.0,24,44,6,5,0,False,77.77777777777779,6.720227272727272,8.196818181818182,15.75,0.1538,0.9913,0.2488,0.2242,3032.9791533818297,2812.9791533818297,220.0,0.9207179028484309,9,12,23
0,1772831250.8722599,548.7,155,0.1975,0.9617,0.0858,0.5488,32.5457,96.1748,54.8836,0.0,0.0,0.0,5.76,2.66,3.1,None,0.3745992183685303,8.75,True,None,sfc_cache_p5_31,0,None,29.98,0.0,33.0,26,46,6,5,0,False,77.83641160949868,6.551304347826087,8.296956521739132,15.782608695652174,0.1494,0.9979,0.2433,0.2428,3047.377002012073,2817.377002012073,230.0,0.9172840191354902,11,12,23
0,1772831250.8738565,548.7,155,0.1975,0.9617,0.0858,0.5488,32.5457,96.1748,54.8836,0.0,0.0,0.0,3.64,0.26,3.37,None,0.3745992183685303,9.848,True,None,sfc_unique_p5_31,0,None,29.98,0.0,33.0,26,46,6,5,0,False,77.89473684210526,6.551304347826087,8.296956521739132,15.782608695652174,0.1494,0.9979,0.2433,0.2428,3047.377002012073,2817.377002012073,230.0,0.9172840191354902,11,12,23
0,1772831250.928133,548.8,156,0.2094,0.9701,0.1002,0.5738,35.0663,97.0139,57.3783,0.0,0.0,0.0,5.98,2.88,3.1,None,0.4305899143218994,8.024,True,None,sfc_cache_p6_31,0,None,34.31,0.0,33.0,29,48,6,5,0,False,77.95275590551181,6.764583333333333,8.020625,15.8125,0.1447,0.9986,0.2395,0.2504,3062.631993499458,2822.631993499458,240.0,0.9158724598638052,11,13,24
0,1772831250.92973,548.8,156,0.2094,0.9701,0.1002,0.5738,35.0663,97.0139,57.3783,0.0,0.0,0.0,4.4,1.64,2.77,None,0.4305899143218994,8.981,True,None,sfc_unique_p6_31,0,None,34.31,0.0,33.0,29,48,6,5,0,False,78.01047120418848,6.764583333333333,8.020625,15.8125,0.1447,0.9986,0.2395,0.2504,3062.631993499458,2822.631993499458,240.0,0.9158724598638052,11,13,24
0,1772831265.5383773,563.4,156,0.2217,0.9827,0.1114,0.5987,37.8742,98.2739,59.873,0.0,0.0,0.0,4.69,3.04,1.65,None,0.00018334388732910156,8.013,True,None,sfc_cache_p1_32,0,None,34.31,0.0,33.0,29,50,6,6,0,False,78.06788511749347,7.013999999999999,7.7998,15.84,0.1381,0.9997,0.2368,0.2584,3080.343422070887,2830.343422070887,250.0,0.9108704099337088,13,12,25
0,1772831265.5400295,563.4,156,0.2217,0.9827,0.1114,0.5987,37.8742,98.2739,59.873,0.0,0.0,0.0,3.74,1.64,2.11,None,0.00018334388732910156,9.092,True,None,sfc_unique_p1_32,0,None,34.31,0.0,33.0,29,50,6,6,0,False,78.125,7.013999999999999,7.7998,15.84,0.1381,0.9997,0.2368,0.2584,3080.343422070887,2830.343422070887,250.0,0.9108704099337088,13,12,25
0,1772831265.5885463,563.5,157,0.2217,0.9827,0.1114,0.5987,37.8742,98.2739,59.873,0.0,0.0,0.0,None,None,None,None,0.05591464042663574,3.635,False,None,sfc_cache_p2_32,0,None,34.31,0.0,33.0,29,50,6,6,0,False,77.92207792207793,7.013999999999999,7.7998,15.84,0.1381,0.9997,0.2368,0.2584,3080.343422070887,2830.343422070887,250.0,0.9108704099337088,13,12,25
0,1772831265.5900419,563.5,157,0.2217,0.9827,0.1114,0.5987,37.8742,98.2739,59.873,0.0,0.0,0.0,6.05,4.71,1.34,None,0.05591464042663574,8.372,False,None,sfc_unique_p2_32,0,None,34.31,0.0,33.0,29,50,6,6,0,False,77.720207253886,7.013999999999999,7.7998,15.84,0.1381,0.9997,0.2368,0.2584,3080.343422070887,2830.343422070887,250.0,0.9108704099337088,13,12,25
0,1772831265.637699,563.5,158,0.2217,0.9827,0.1114,0.5987,37.8742,98.2739,59.873,0.0,0.0,0.0,None,None,None,None,0.1059112548828125,3.629,False,None,sfc_cache_p3_32,0,None,34.31,0.0,33.0,29,50,6,6,0,False,77.51937984496125,7.013999999999999,7.7998,15.84,0.1381,0.9997,0.2368,0.2584,3080.343422070887,2830.343422070887,250.0,0.9108704099337088,13,12,25
0,1772831265.6392426,563.5,158,0.2217,0.9827,0.1114,0.5987,37.8742,98.2739,59.873,0.0,0.0,0.0,6.05,4.71,1.34,None,0.1059112548828125,8.418,False,None,sfc_unique_p3_32,0,None,34.31,0.0,33.0,29,50,6,6,0,False,77.31958762886599,7.013999999999999,7.7998,15.84,0.1381,0.9997,0.2368,0.2584,3080.343422070887,2830.343422070887,250.0,0.9108704099337088,13,12,25
0,1772831265.8064666,563.7,159,0.2217,0.9827,0.1114,0.5987,37.8742,98.2739,59.873,0.0,0.0,0.0,None,None,None,None,0.15506243705749512,3.619,False,None,sfc_cache_p4_32,0,None,34.31,0.0,33.0,29,50,6,6,0,False,77.12082262210797,7.013999999999999,7.7998,15.84,0.1381,0.9997,0.2368,0.2584,3080.343422070887,2830.343422070887,250.0,0.9108704099337088,13,12,25
0,1772831265.8080876,563.7,159,0.2217,0.9827,0.1114,0.5987,37.8742,98.2739,59.873,0.0,0.0,0.0,6.05,4.71,1.34,None,0.15506243705749512,8.419,False,None,sfc_unique_p4_32,0,None,34.31,0.0,33.0,29,50,6,6,0,False,76.92307692307693,7.013999999999999,7.7998,15.84,0.1381,0.9997,0.2368,0.2584,3080.343422070887,2830.343422070887,250.0,0.9108704099337088,13,12,25
0,1772831265.856021,563.7,160,0.2217,0.9827,0.1114,0.5987,37.8742,98.2739,59.873,0.0,0.0,0.0,None,None,None,None,0.3239130973815918,3.665,False,None,sfc_cache_p5_32,0,None,34.31,0.0,33.0,29,50,6,6,0,False,76.72634271099744,7.013999999999999,7.7998,15.84,0.1381,0.9997,0.2368,0.2584,3080.343422070887,2830.343422070887,250.0,0.9108704099337088,13,12,25
0,1772831265.8576398,563.7,160,0.2217,0.9827,0.1114,0.5987,37.8742,98.2739,59.873,0.0,0.0,0.0,6.05,4.71,1.34,None,0.3239130973815918,8.348,False,None,sfc_unique_p5_32,0,None,34.31,0.0,33.0,29,50,6,6,0,False,76.53061224489795,7.013999999999999,7.7998,15.84,0.1381,0.9997,0.2368,0.2584,3080.343422070887,2830.343422070887,250.0,0.9108704099337088,13,12,25
0,1772831265.9060662,563.8,161,0.2217,0.9827,0.1114,0.5987,37.8742,98.2739,59.873,0.0,0.0,0.0,None,None,None,None,0.37349939346313477,3.699,False,None,sfc_cache_p6_32,0,None,34.31,0.0,33.0,29,50,6,6,0,False,76.33587786259542,7.013999999999999,7.7998,15.84,0.1381,0.9997,0.2368,0.2584,3080.343422070887,2830.343422070887,250.0,0.9108704099337088,13,12,25
0,1772831265.9076762,563.8,161,0.2217,0.9827,0.1114,0.5987,37.8742,98.2739,59.873,0.0,0.0,0.0,6.05,4.71,1.34,None,0.37349939346313477,8.328,False,None,sfc_unique_p6_32,0,None,34.31,0.0,33.0,29,50,6,6,0,False,76.14213197969542,7.013999999999999,7.7998,15.84,0.1381,0.9997,0.2368,0.2584,3080.343422070887,2830.343422070887,250.0,0.9108704099337088,13,12,25
0,1772831283.5664506,581.4,161,0.1892,0.9827,0.0899,0.5488,31.1785,98.2739,54.8836,0.0,0.0,0.0,3.2,2.22,0.98,None,0.0001857280731201172,5.209,True,None,sfc_cache_p1_33,0,None,34.31,0.0,33.0,28,46,6,6,0,False,76.20253164556962,6.2760869565217385,8.47804347826087,15.782608695652174,0.1388,0.9997,0.2424,0.2269,3010.857274415725,2780.857274415725,230.0,0.9115580124016155,12,12,22
0,1772831283.5679631,581.4,161,0.1892,0.9827,0.0899,0.5488,31.1785,98.2739,54.8836,0.0,0.0,0.0,3.6,1.71,1.88,None,0.0001857280731201172,8.999,True,None,sfc_unique_p1_33,0,None,34.31,0.0,33.0,28,46,6,6,0,False,76.26262626262627,6.2760869565217385,8.47804347826087,15.782608695652174,0.1388,0.9997,0.2424,0.2269,3010.857274415725,2780.857274415725,230.0,0.9115580124016155,12,12,22
0,1772831283.6188688,581.5,162,0.207,0.9827,0.1015,0.5738,34.5263,98.2739,57.3783,0.0,0.0,0.0,4.98,2.66,2.32,None,0.04270577430725098,7.45,True,None,sfc_cache_p2_33,0,None,34.31,0.0,33.0,28,48,6,6,0,False,76.32241813602015,6.660416666666666,8.124791666666667,15.8125,0.138,0.9997,0.2395,0.2422,3039.594698963009,2799.594698963009,240.0,0.9097755833567058,12,13,23
0,1772831283.6203458,581.5,162,0.207,0.9827,0.1015,0.5738,34.5263,98.2739,57.3783,0.0,0.0,0.0,4.64,2.69,1.94,None,0.04270577430725098,8.426,True,None,sfc_unique_p2_33,0,None,34.31,0.0,33.0,28,48,6,6,0,False,76.38190954773869,6.660416666666666,8.124791666666667,15.8125,0.138,0.9997,0.2395,0.2422,3039.594698963009,2799.594698963009,240.0,0.9097755833567058,12,13,23
0,1772831283.6719837,581.5,163,0.2198,0.9827,0.1103,0.5987,37.4066,98.2739,59.873,0.0,0.0,0.0,5.19,3.85,1.33,None,0.09510612487792969,7.21,True,None,sfc_cache_p3_33,0,None,38.64,0.0,33.0,30,50,6,6,0,False,76.44110275689223,6.9274000000000004,7.7998,15.84,0.1381,0.9997,0.2368,0.2503,3072.3407908992413,2822.3407908992413,250.0,0.9070290043677768,13,13,24
0,1772831283.6735618,581.5,163,0.2198,0.9827,0.1103,0.5987,37.4066,98.2739,59.873,0.0,0.0,0.0,4.64,2.69,1.94,None,0.09510612487792969,8.606,True,None,sfc_unique_p3_33,0,None,38.64,0.0,33.0,30,50,6,6,0,False,76.5,6.9274000000000004,7.7998,15.84,0.1381,0.9997,0.2368,0.2503,3072.3407908992413,2822.3407908992413,250.0,0.9070290043677768,13,13,24
0,1772831283.722143,581.6,164,0.2198,0.9827,0.1103,0.5987,37.4066,98.2739,59.873,0.0,0.0,0.0,None,None,None,None,0.148329496383667,3.9,False,None,sfc_cache_p4_33,0,None,38.64,0.0,33.0,30,50,6,6,0,False,76.30922693266832,6.9274000000000004,7.7998,15.84,0.1381,0.9997,0.2368,0.2503,3072.3407908992413,2822.3407908992413,250.0,0.9070290043677768,13,13,24
0,1772831283.7238724,581.6,164,0.2198,0.9827,0.1103,0.5987,37.4066,98.2739,59.873,0.0,0.0,0.0,4.64,2.69,1.94,None,0.148329496383667,8.533,False,None,sfc_unique_p4_33,0,None,38.64,0.0,33.0,30,50,6,6,0,False,76.11940298507463,6.9274000000000004,7.7998,15.84,0.1381,0.9997,0.2368,0.2503,3072.3407908992413,2822.3407908992413,250.0,0.9070290043677768,13,13,24
0,1772831283.7726998,581.6,165,0.2198,0.9827,0.1103,0.5987,37.4066,98.2739,59.873,0.0,0.0,0.0,None,None,None,None,0.19866251945495605,3.876,False,None,sfc_cache_p5_33,0,None,38.64,0.0,33.0,30,50,6,6,0,False,75.93052109181141,6.9274000000000004,7.7998,15.84,0.1381,0.9997,0.2368,0.2503,3072.3407908992413,2822.3407908992413,250.0,0.9070290043677768,13,13,24
0,1772831283.7743685,581.6,165,0.2198,0.9827,0.1103,0.5987,37.4066,98.2739,59.873,0.0,0.0,0.0,4.64,2.69,1.94,None,0.19866251945495605,8.517,False,None,sfc_unique_p5_33,0,None,38.64,0.0,33.0,30,50,6,6,0,False,75.74257425742574,6.9274000000000004,7.7998,15.84,0.1381,0.9997,0.2368,0.2503,3072.3407908992413,2822.3407908992413,250.0,0.9070290043677768,13,13,24
0,1772831283.9047327,581.8,166,0.2198,0.9827,0.1103,0.5987,37.4066,98.2739,59.873,0.0,0.0,0.0,None,None,None,None,0.24910259246826172,2.524,False,None,sfc_cache_p6_33,0,None,38.64,0.0,33.0,30,50,6,6,0,False,75.55555555555556,6.9274000000000004,7.7998,15.84,0.1381,0.9997,0.2368,0.2503,3072.3407908992413,2822.3407908992413,250.0,0.9070290043677768,13,13,24
0,1772831283.9056795,581.8,166,0.2198,0.9827,0.1103,0.5987,37.4066,98.2739,59.873,0.0,0.0,0.0,4.64,2.69,1.94,None,0.24910259246826172,5.39,False,None,sfc_unique_p6_33,0,None,38.64,0.0,33.0,30,50,6,6,0,False,75.36945812807882,6.9274000000000004,7.7998,15.84,0.1381,0.9997,0.2368,0.2503,3072.3407908992413,2822.3407908992413,250.0,0.9070290043677768,13,13,24
0,1772831298.6199398,596.5,166,0.2198,0.9827,0.1103,0.5987,37.4066,98.2739,59.873,0.0,0.0,0.0,None,None,None,None,0.00018525123596191406,3.863,False,None,sfc_cache_p1_34,0,None,38.64,0.0,33.0,30,50,6,6,0,False,75.18427518427518,6.9274000000000004,7.7998,15.84,0.1381,0.9997,0.2368,0.2503,3072.3407908992413,2822.3407908992413,250.0,0.9070290043677768,13,13,24
0,1772831298.6215286,596.5,166,0.2198,0.9827,0.1103,0.5987,37.4066,98.2739,59.873,0.0,0.0,0.0,4.43,2.69,1.73,None,0.00018525123596191406,8.384,False,None,sfc_unique_p1_34,0,None,38.64,0.0,33.0,30,50,6,6,0,False,75.0,6.9274000000000004,7.7998,15.84,0.1381,0.9997,0.2368,0.2503,3072.3407908992413,2822.3407908992413,250.0,0.9070290043677768,13,13,24
0,1772831298.6697612,596.5,167,0.2198,0.9827,0.1103,0.5987,37.4066,98.2739,59.873,0.0,0.0,0.0,None,None,None,None,0.051572322845458984,3.752,False,None,sfc_cache_p2_34,0,None,38.64,0.0,33.0,30,50,6,6,0,False,74.81662591687042,6.9274000000000004,7.7998,15.84,0.1381,0.9997,0.2368,0.2503,3072.3407908992413,2822.3407908992413,250.0,0.9070290043677768,13,13,24
0,1772831298.6712415,596.5,167,0.2198,0.9827,0.1103,0.5987,37.4066,98.2739,59.873,0.0,0.0,0.0,4.43,2.69,1.73,None,0.051572322845458984,8.534,False,None,sfc_unique_p2_34,0,None,38.64,0.0,33.0,30,50,6,6,0,False,74.63414634146342,6.9274000000000004,7.7998,15.84,0.1381,0.9997,0.2368,0.2503,3072.3407908992413,2822.3407908992413,250.0,0.9070290043677768,13,13,24
0,1772831298.719734,596.6,168,0.2198,0.9827,0.1103,0.5987,37.4066,98.2739,59.873,0.0,0.0,0.0,None,None,None,None,0.1013031005859375,3.732,False,None,sfc_cache_p3_34,0,None,38.64,0.0,33.0,30,50,6,6,0,False,74.45255474452554,6.9274000000000004,7.7998,15.84,0.1381,0.9997,0.2368,0.2503,3072.3407908992413,2822.3407908992413,250.0,0.9070290043677768,13,13,24
0,1772831298.721216,596.6,168,0.2198,0.9827,0.1103,0.5987,37.4066,98.2739,59.873,0.0,0.0,0.0,4.43,2.69,1.73,None,0.1013031005859375,8.512,False,None,sfc_unique_p3_34,0,None,38.64,0.0,33.0,30,50,6,6,0,False,74.27184466019418,6.9274000000000004,7.7998,15.84,0.1381,0.9997,0.2368,0.2503,3072.3407908992413,2822.3407908992413,250.0,0.9070290043677768,13,13,24
0,1772831298.7691262,596.6,169,0.2198,0.9827,0.1103,0.5987,37.4066,98.2739,59.873,0.0,0.0,0.0,None,None,None,None,0.15122151374816895,3.747,False,None,sfc_cache_p4_34,0,None,38.64,0.0,33.0,30,50,6,6,0,False,74.09200968523002,6.9274000000000004,7.7998,15.84,0.1381,0.9997,0.2368,0.2503,3072.3407908992413,2822.3407908992413,250.0,0.9070290043677768,13,13,24
0,1772831298.7705972,596.6,169,0.2198,0.9827,0.1103,0.5987,37.4066,98.2739,59.873,0.0,0.0,0.0,4.43,2.69,1.73,None,0.15122151374816895,8.494,False,None,sfc_unique_p4_34,0,None,38.64,0.0,33.0,30,50,6,6,0,False,73.91304347826086,6.9274000000000004,7.7998,15.84,0.1381,0.9997,0.2368,0.2503,3072.3407908992413,2822.3407908992413,250.0,0.9070290043677768,13,13,24
0,1772831298.8189626,596.7,170,0.2198,0.9827,0.1103,0.5987,37.4066,98.2739,59.873,0.0,0.0,0.0,None,None,None,None,0.2005760669708252,3.723,False,None,sfc_cache_p5_34,0,None,38.64,0.0,33.0,30,50,6,6,0,False,73.73493975903614,6.9274000000000004,7.7998,15.84,0.1381,0.9997,0.2368,0.2503,3072.3407908992413,2822.3407908992413,250.0,0.9070290043677768,13,13,24
0,1772831298.8204203,596.7,170,0.2198,0.9827,0.1103,0.5987,37.4066,98.2739,59.873,0.0,0.0,0.0,4.43,2.69,1.73,None,0.2005760669708252,8.484,False,None,sfc_unique_p5_34,0,None,38.64,0.0,33.0,30,50,6,6,0,False,73.5576923076923,6.9274000000000004,7.7998,15.84,0.1381,0.9997,0.2368,0.2503,3072.3407908992413,2822.3407908992413,250.0,0.9070290043677768,13,13,24
0,1772831298.868286,596.7,171,0.2198,0.9827,0.1103,0.5987,37.4066,98.2739,59.873,0.0,0.0,0.0,None,None,None,None,0.25035977363586426,3.73,False,None,sfc_cache_p6_34,0,None,38.64,0.0,33.0,30,50,6,6,0,False,73.38129496402878,6.9274000000000004,7.7998,15.84,0.1381,0.9997,0.2368,0.2503,3072.3407908992413,2822.3407908992413,250.0,0.9070290043677768,13,13,24
0,1772831298.8697672,596.7,171,0.2198,0.9827,0.1103,0.5987,37.4066,98.2739,59.873,0.0,0.0,0.0,4.43,2.69,1.73,None,0.25035977363586426,8.477,False,None,sfc_unique_p6_34,0,None,38.64,0.0,33.0,30,50,6,6,0,False,73.20574162679426,6.9274000000000004,7.7998,15.84,0.1381,0.9997,0.2368,0.2503,3072.3407908992413,2822.3407908992413,250.0,0.9070290043677768,13,13,24
0,1772831313.7742474,611.6,171,0.2198,0.9827,0.1103,0.5987,37.4066,98.2739,59.873,0.0,0.0,0.0,None,None,None,None,0.00020122528076171875,3.854,False,None,sfc_cache_p1_35,0,None,38.64,0.0,33.0,30,50,6,6,0,False,73.0310262529833,6.9274000000000004,7.7998,15.84,0.1381,0.9997,0.2368,0.2503,3072.3407908992413,2822.3407908992413,250.0,0.9070290043677768,13,13,24
0,1772831313.7758293,611.6,171,0.2198,0.9827,0.1103,0.5987,37.4066,98.2739,59.873,0.0,0.0,0.0,4.43,2.69,1.73,None,0.00020122528076171875,8.68,False,None,sfc_unique_p1_35,0,None,38.64,0.0,33.0,30,50,6,6,0,False,72.85714285714285,6.9274000000000004,7.7998,15.84,0.1381,0.9997,0.2368,0.2503,3072.3407908992413,2822.3407908992413,250.0,0.9070290043677768,13,13,24
0,1772831313.8241434,611.7,172,0.2198,0.9827,0.1103,0.5987,37.4066,98.2739,59.873,0.0,0.0,0.0,None,None,None,None,0.1699230670928955,3.786,False,None,sfc_cache_p2_35,0,None,38.64,0.0,33.0,30,50,6,6,0,False,72.68408551068883,6.9274000000000004,7.7998,15.84,0.1381,0.9997,0.2368,0.2503,3072.3407908992413,2822.3407908992413,250.0,0.9070290043677768,13,13,24
0,1772831313.8256645,611.7,172,0.2198,0.9827,0.1103,0.5987,37.4066,98.2739,59.873,0.0,0.0,0.0,4.43,2.69,1.73,None,0.1699230670928955,8.604,False,None,sfc_unique_p2_35,0,None,38.64,0.0,33.0,30,50,6,6,0,False,72.51184834123224,6.9274000000000004,7.7998,15.84,0.1381,0.9997,0.2368,0.2503,3072.3407908992413,2822.3407908992413,250.0,0.9070290043677768,13,13,24
0,1772831313.8740394,611.7,173,0.2198,0.9827,0.1103,0.5987,37.4066,98.2739,59.873,0.0,0.0,0.0,None,None,None,None,0.21974444389343262,3.82,False,None,sfc_cache_p3_35,0,None,38.64,0.0,33.0,30,50,6,6,0,False,72.3404255319149,6.9274000000000004,7.7998,15.84,0.1381,0.9997,0.2368,0.2503,3072.3407908992413,2822.3407908992413,250.0,0.9070290043677768,13,13,24
0,1772831313.8755186,611.7,173,0.2198,0.9827,0.1103,0.5987,37.4066,98.2739,59.873,0.0,0.0,0.0,4.43,2.69,1.73,None,0.21974444389343262,8.515,False,None,sfc_unique_p3_35,0,None,38.64,0.0,33.0,30,50,6,6,0,False,72.16981132075472,6.9274000000000004,7.7998,15.84,0.1381,0.9997,0.2368,0.2503,3072.3407908992413,2822.3407908992413,250.0,0.9070290043677768,13,13,24
0,1772831313.9235892,611.8,174,0.2198,0.9827,0.1103,0.5987,37.4066,98.2739,59.873,0.0,0.0,0.0,None,None,None,None,0.26950740814208984,3.785,False,None,sfc_cache_p4_35,0,None,38.64,0.0,33.0,30,50,6,6,0,False,72.0,6.9274000000000004,7.7998,15.84,0.1381,0.9997,0.2368,0.2503,3072.3407908992413,2822.3407908992413,250.0,0.9070290043677768,13,13,24
0,1772831313.925069,611.8,174,0.2198,0.9827,0.1103,0.5987,37.4066,98.2739,59.873,0.0,0.0,0.0,4.43,2.69,1.73,None,0.26950740814208984,8.622,False,None,sfc_unique_p4_35,0,None,38.64,0.0,33.0,30,50,6,6,0,False,71.83098591549296,6.9274000000000004,7.7998,15.84,0.1381,0.9997,0.2368,0.2503,3072.3407908992413,2822.3407908992413,250.0,0.9070290043677768,13,13,24
0,1772831313.973424,611.8,175,0.2198,0.9827,0.1103,0.5987,37.4066,98.2739,59.873,0.0,0.0,0.0,None,None,None,None,0.319019079208374,3.788,False,None,sfc_cache_p5_35,0,None,38.64,0.0,33.0,30,50,6,6,0,False,71.66276346604215,6.9274000000000004,7.7998,15.84,0.1381,0.9997,0.2368,0.2503,3072.3407908992413,2822.3407908992413,250.0,0.9070290043677768,13,13,24
0,1772831313.9749293,611.8,175,0.2198,0.9827,0.1103,0.5987,37.4066,98.2739,59.873,0.0,0.0,0.0,4.43,2.69,1.73,None,0.319019079208374,8.553,False,None,sfc_unique_p5_35,0,None,38.64,0.0,33.0,30,50,6,6,0,False,71.49532710280374,6.9274000000000004,7.7998,15.84,0.1381,0.9997,0.2368,0.2503,3072.3407908992413,2822.3407908992413,250.0,0.9070290043677768,13,13,24
0,1772831314.0226846,611.9,176,0.2198,0.9827,0.1103,0.5987,37.4066,98.2739,59.873,0.0,0.0,0.0,None,None,None,None,0.36893725395202637,3.715,False,None,sfc_cache_p6_35,0,None,38.64,0.0,33.0,30,50,6,6,0,False,71.32867132867133,6.9274000000000004,7.7998,15.84,0.1381,0.9997,0.2368,0.2503,3072.3407908992413,2822.3407908992413,250.0,0.9070290043677768,13,13,24
0,1772831314.0241911,611.9,176,0.2198,0.9827,0.1103,0.5987,37.4066,98.2739,59.873,0.0,0.0,0.0,4.43,2.69,1.73,None,0.36893725395202637,8.526,False,None,sfc_unique_p6_35,0,None,38.64,0.0,33.0,30,50,6,6,0,False,71.16279069767441,6.9274000000000004,7.7998,15.84,0.1381,0.9997,0.2368,0.2503,3072.3407908992413,2822.3407908992413,250.0,0.9070290043677768,13,13,24
0,1772831332.1419978,630.0,176,0.1957,0.6997,0.0355,0.449,29.4494,67.531,46.5262,0.0,0.0,0.0,2.92,0.31,2.61,None,0.00020456314086914062,9.856,True,None,sfc_cache_p4_30,0,None,17.320000000000007,0.0,0.0,17,36,6,5,0,True,71.22969837587007,7.574722222222221,7.444166666666667,16.5,0.1697,0.8737,0.2407,0.1992,2804.16763633696,2614.16763633696,190.0,0.8976286177202683,12,12,12
0,1772831332.1435037,630.0,176,0.1957,0.6997,0.0355,0.449,29.4494,67.531,46.5262,0.0,0.0,0.0,2.13,0.19,1.94,None,0.00020456314086914062,10.485,True,None,sfc_unique_p4_30,0,None,17.320000000000007,0.0,0.0,17,36,6,5,0,True,71.29629629629629,7.574722222222221,7.444166666666667,16.5,0.1697,0.8737,0.2407,0.1992,2804.16763633696,2614.16763633696,190.0,0.8976286177202683,12,12,12
0,1772831332.1999686,630.1,176,0.1948,0.7693,0.0486,0.474,29.4494,74.2516,49.111,0.0,0.0,0.0,2.69,0.34,2.35,None,0.05971384048461914,9.434,True,None,sfc_cache_p1_31,0,None,17.320000000000007,4.33,0.0,19,38,6,5,0,True,71.36258660508084,7.176052631578946,7.7542105263157906,16.5,0.1697,0.9463,0.2642,0.208,2858.6581275908416,2668.6581275908416,190.0,0.8955765105030352,13,13,12
0,1772831332.2014832,630.1,176,0.1948,0.7693,0.0486,0.474,29.4494,74.2516,49.111,0.0,0.0,0.0,2.26,0.36,1.9,None,0.05971384048461914,10.135,True,None,sfc_unique_p1_31,0,None,17.320000000000007,4.33,0.0,19,38,6,5,0,True,71.42857142857143,7.176052631578946,7.7542105263157906,16.5,0.1697,0.9463,0.2642,0.208,2858.6581275908416,2668.6581275908416,190.0,0.8955765105030352,13,13,12
0,1772831338.6877553,636.6,176,0.1499,0.5961,0.0145,0.3493,20.3411,57.537,36.187,0.0,0.0,0.0,3.06,0.28,2.78,None,0.00018024444580078125,10.741,True,None,sfc_cache_p1_36,0,None,12.990000000000007,4.33,0.0,13,28,6,5,0,True,71.49425287356321,6.726785714285714,8.154642857142857,16.5,0.1999,0.7701,0.2576,0.2032,2647.9271668472375,2507.9271668472375,140.0,0.9155620488078583,6,9,13
0,1772831338.6889896,636.6,176,0.1499,0.5961,0.0145,0.3493,20.3411,57.537,36.187,0.0,0.0,0.0,2.16,0.36,1.79,None,0.00018024444580078125,11.153,True,None,sfc_unique_p1_36,0,None,12.990000000000007,4.33,0.0,13,28,6,5,0,True,71.55963302752293,6.726785714285714,8.154642857142857,16.5,0.1999,0.7701,0.2576,0.2032,2647.9271668472375,2507.9271668472375,140.0,0.9155620488078583,6,9,13
0,1772831338.8667078,636.7,177,0.147,0.6771,0.0275,0.3742,20.3411,65.3488,38.7718,0.0,0.0,0.0,2.39,0.22,2.17,None,0.056822776794433594,10.135,True,None,sfc_cache_p2_36,0,None,12.990000000000007,4.33,0.0,13,30,6,5,0,True,71.62471395881008,6.278333333333333,8.644333333333332,16.5,0.1922,0.7876,0.2776,0.2178,2690.031717226436,2540.031717226436,150.0,0.9156537146792929,6,10,14
0,1772831338.867983,636.7,177,0.147,0.6771,0.0275,0.3742,20.3411,65.3488,38.7718,0.0,0.0,0.0,2.51,0.27,2.25,None,0.056822776794433594,10.783,True,None,sfc_unique_p2_36,0,None,12.990000000000007,4.33,0.0,13,30,6,5,0,True,71.68949771689498,6.278333333333333,8.644333333333332,16.5,0.1922,0.7876,0.2776,0.2178,2690.031717226436,2540.031717226436,150.0,0.9156537146792929,6,10,14
0,1772831338.9224334,636.8,178,0.148,0.7476,0.0358,0.3992,20.773,72.1525,41.3566,0.0,0.0,0.0,2.64,0.83,1.81,None,0.23584556579589844,9.629,True,None,sfc_cache_p3_36,0,None,12.990000000000007,4.33,0.0,14,32,6,5,0,True,71.75398633257403,6.0109375,8.9478125,16.5,0.1902,0.8327,0.2705,0.2243,2728.1783392663674,2568.1783392663674,160.0,0.9155837661858006,9,7,16
0,1772831338.9236994,636.8,178,0.148,0.7476,0.0358,0.3992,20.773,72.1525,41.3566,0.0,0.0,0.0,2.36,0.57,1.79,None,0.23584556579589844,10.314,True,None,sfc_unique_p3_36,0,None,12.990000000000007,4.33,0.0,14,32,6,5,0,True,71.81818181818181,6.0109375,8.9478125,16.5,0.1902,0.8327,0.2705,0.2243,2728.1783392663674,2568.1783392663674,160.0,0.9155837661858006,9,7,16
0,1772831338.9765975,636.8,179,0.155,0.7833,0.0525,0.4241,22.177,75.5972,43.9414,0.0,0.0,0.0,3.09,0.86,2.23,None,0.2915956974029541,8.936,True,None,sfc_cache_p4_36,0,None,12.990000000000007,8.66,0.0,17,34,6,5,0,True,71.88208616780045,6.039705882352941,8.823529411764707,16.5,0.1742,0.8368,0.2719,0.239,2751.759828199969,2581.759828199969,170.0,0.9169714477794461,9,7,18
0,1772831338.9778717,636.9,179,0.155,0.7833,0.0525,0.4241,22.177,75.5972,43.9414,0.0,0.0,0.0,3.58,0.91,2.66,None,0.2915956974029541,9.589,True,None,sfc_unique_p4_36,0,None,12.990000000000007,8.66,0.0,17,34,6,5,0,True,71.94570135746606,6.039705882352941,8.823529411764707,16.5,0.1742,0.8368,0.2719,0.239,2751.759828199969,2581.759828199969,170.0,0.9169714477794461,9,7,18
0,1772831339.031433,636.9,180,0.1553,0.8425,0.0615,0.4241,22.6446,81.3098,43.9414,0.0,0.0,0.0,3.43,1.2,2.23,None,0.34578490257263184,8.905,True,None,sfc_cache_p5_36,0,None,16.99,8.66,33.0,19,36,6,5,0,True,72.00902934537245,5.8244444444444445,8.963055555555556,15.583333333333334,0.1724,0.9226,0.2651,0.2426,2809.272984058195,2629.272984058195,180.0,0.9146891518157436,9,9,18
0,1772831339.0327284,636.9,180,0.1553,0.8425,0.0615,0.4241,22.6446,81.3098,43.9414,0.0,0.0,0.0,2.81,0.37,2.44,None,0.34578490257263184,9.311,True,None,sfc_unique_p5_36,0,None,16.99,8.66,33.0,19,36,6,5,0,True,72.07207207207207,5.8244444444444445,8.963055555555556,15.583333333333334,0.1724,0.9226,0.2651,0.2426,2809.272984058195,2629.272984058195,180.0,0.9146891518157436,9,9,18
0,1772831339.0863574,637.0,181,0.1532,0.9016,0.0786,0.4241,22.6446,87.0225,43.9414,0.0,0.0,0.0,3.43,1.2,2.23,None,0.40065670013427734,8.854,True,None,sfc_cache_p6_36,0,None,25.32,8.66,66.0,23,38,6,5,0,True,72.13483146067415,5.517894736842106,9.087894736842104,14.763157894736842,0.1667,0.9911,0.2586,0.2427,2855.9479840581953,2665.9479840581953,190.0,0.9139925234664762,9,10,19
0,1772831339.087695,637.0,181,0.1532,0.9016,0.0786,0.4241,22.6446,87.0225,43.9414,0.0,0.0,0.0,2.88,0.42,2.46,None,0.40065670013427734,8.944,True,None,sfc_unique_p6_36,0,None,25.32,8.66,66.0,23,38,6,5,0,True,72.19730941704036,5.517894736842106,9.087894736842104,14.763157894736842,0.1667,0.9911,0.2586,0.2427,2855.9479840581953,2665.9479840581953,190.0,0.9139925234664762,9,10,19
0,1772831361.7167716,659.6,181,0.1321,0.7946,0.045,0.3742,19.1887,79.4628,37.4206,0.0,0.0,0.0,2.37,1.67,0.7,None,0.0001804828643798828,10.505,True,None,sfc_cache_p1_37,0,None,25.32,8.66,66.0,21,34,6,5,0,False,72.25950782997764,5.225882352941177,9.27470588235294,14.558823529411764,0.1581,0.8781,0.234,0.2029,2827.3191669623952,2657.3191669623952,170.0,0.9159571317327554,7,11,16
0,1772831361.7181094,659.6,181,0.1321,0.7946,0.045,0.3742,19.1887,79.4628,37.4206,0.0,0.0,0.0,2.11,0.23,1.88,None,0.0001804828643798828,11.076,True,None,sfc_unique_p1_37,0,None,25.32,8.66,66.0,21,34,6,5,0,False,72.32142857142857,5.225882352941177,9.27470588235294,14.558823529411764,0.1581,0.8781,0.234,0.2029,2827.3191669623952,2657.3191669623952,170.0,0.9159571317327554,7,11,16
0,1772831361.7738605,659.6,182,0.1291,0.8727,0.0613,0.3992,19.1887,87.2745,39.9153,0.0,0.0,0.0,2.89,0.25,2.63,None,0.05010795593261719,10.359,True,None,sfc_cache_p2_37,0,None,25.32,8.66,66.0,21,36,6,5,0,False,72.38307349665925,4.935555555555556,9.620555555555555,14.666666666666666,0.1529,0.9,0.2522,0.2137,2874.4941398768046,2694.4941398768046,180.0,0.915964629742875,7,13,16
0,1772831361.7751834,659.6,182,0.1291,0.8727,0.0613,0.3992,19.1887,87.2745,39.9153,0.0,0.0,0.0,2.14,0.2,1.94,None,0.05010795593261719,10.016,True,None,sfc_unique_p2_37,0,None,25.32,8.66,66.0,21,36,6,5,0,False,72.44444444444444,4.935555555555556,9.620555555555555,14.666666666666666,0.1529,0.9,0.2522,0.2137,2874.4941398768046,2694.4941398768046,180.0,0.915964629742875,7,13,16
0,1772831361.83099,659.7,183,0.1355,0.9181,0.0752,0.4241,20.5927,91.8103,42.41,0.0,0.0,0.0,2.33,0.88,1.45,None,0.10720205307006836,9.483,True,None,sfc_cache_p3_37,0,None,25.32,8.66,66.0,23,38,6,5,0,False,72.50554323725056,5.017894736842106,9.587894736842104,14.763157894736842,0.1359,0.9045,0.2466,0.2211,2894.3946970660945,2704.3946970660945,190.0,0.9156258911221684,8,13,17
0,1772831361.832468,659.7,183,0.1355,0.9181,0.0752,0.4241,20.5927,91.8103,42.41,0.0,0.0,0.0,2.9,0.89,2.0,None,0.10720205307006836,9.718,True,None,sfc_unique_p3_37,0,None,25.32,8.66,66.0,23,38,6,5,0,False,72.56637168141593,5.017894736842106,9.587894736842104,14.763157894736842,0.1359,0.9045,0.2466,0.2211,2894.3946970660945,2704.3946970660945,190.0,0.9156258911221684,8,13,17
0,1772831361.9466336,659.8,184,0.1506,0.9307,0.088,0.449,23.4006,93.0703,44.9047,0.0,0.0,0.0,2.91,1.4,1.51,None,0.16414666175842285,5.719,True,None,sfc_cache_p4_37,0,None,25.32,8.66,66.0,25,40,6,5,0,False,72.62693156732892,5.417,9.2335,14.85,0.1166,0.9046,0.2484,0.224,2906.840138948156,2706.840138948156,200.0,0.9144475073151537,8,14,18
0,1772831361.9474945,659.8,184,0.1506,0.9307,0.088,0.449,23.4006,93.0703,44.9047,0.0,0.0,0.0,3.64,1.64,2.0,None,0.16414666175842285,6.184,True,None,sfc_unique_p4_37,0,None,25.32,8.66,66.0,25,40,6,5,0,False,72.68722466960352,5.417,9.2335,14.85,0.1166,0.9046,0.2484,0.224,2906.840138948156,2706.840138948156,200.0,0.9144475073151537,8,14,18
0,1772831361.9824116,659.9,185,0.1604,0.9609,0.1049,0.474,25.4525,96.0941,47.3995,0.0,0.0,0.0,4.06,3.36,0.7,None,0.2788887023925781,5.499,True,None,sfc_cache_p5_37,0,None,25.32,8.66,66.0,27,42,6,5,0,False,72.74725274725274,5.611428571428571,9.07952380952381,14.928571428571429,0.1284,0.9884,0.2419,0.2216,2952.9224808218573,2742.9224808218573,210.0,0.9075821051590586,10,14,18
0,1772831361.9833016,659.9,185,0.1604,0.9609,0.1049,0.474,25.4525,96.0941,47.3995,0.0,0.0,0.0,4.58,1.54,3.05,None,0.2788887023925781,6.011,True,None,sfc_unique_p5_37,0,None,25.32,8.66,66.0,27,42,6,5,0,False,72.80701754385966,5.611428571428571,9.07952380952381,14.928571428571429,0.1284,0.9884,0.2419,0.2216,2952.9224808218573,2742.9224808218573,210.0,0.9075821051590586,10,14,18
0,1772831362.018262,659.9,186,0.1699,0.9693,0.119,0.474,27.5411,96.9333,47.3995,0.0,0.0,0.0,4.03,2.52,1.51,None,0.3146998882293701,5.362,True,None,sfc_cache_p6_37,0,None,33.65,8.66,99.0,31,44,6,5,0,False,72.86652078774617,5.795909090909091,8.7425,14.25,0.1336,0.9974,0.2367,0.2214,2975.802733323015,2755.802733323015,220.0,0.9061730676368664,11,15,18
0,1772831362.0191305,659.9,186,0.1699,0.9693,0.119,0.474,27.5411,96.9333,47.3995,0.0,0.0,0.0,5.45,2.4,3.05,None,0.3146998882293701,5.956,True,None,sfc_unique_p6_37,0,None,33.65,8.66,99.0,31,44,6,5,0,False,72.92576419213974,5.795909090909091,8.7425,14.25,0.1336,0.9974,0.2367,0.2214,2975.802733323015,2755.802733323015,220.0,0.9061730676368664,11,15,18
0,1772831384.7605336,682.6,186,0.1526,0.7299,0.0102,0.3493,22.4643,72.9942,34.9259,0.0,0.0,0.0,1.79,0.26,1.54,None,0.0001659393310546875,11.469,True,None,sfc_cache_p1_38,0,None,24.990000000000002,4.33,99.0,22,34,6,5,0,False,72.98474945533769,6.117941176470589,8.519705882352941,13.588235294117647,0.1561,0.8646,0.2573,0.1262,2852.4944531396623,2682.4944531396623,170.0,0.9233271316335867,5,13,16
0,1772831384.7619402,682.6,186,0.1526,0.7299,0.0102,0.3493,22.4643,72.9942,34.9259,0.0,0.0,0.0,1.89,0.34,1.55,None,0.0001659393310546875,12.17,True,None,sfc_unique_p1_38,0,None,24.990000000000002,4.33,99.0,22,34,6,5,0,False,73.04347826086956,6.117941176470589,8.519705882352941,13.588235294117647,0.1561,0.8646,0.2573,0.1262,2852.4944531396623,2682.4944531396623,170.0,0.9233271316335867,5,13,16
0,1772831384.8211792,682.7,187,0.152,0.798,0.0232,0.3742,22.8962,79.7979,37.4206,0.0,0.0,0.0,3.17,1.78,1.39,None,0.0630028247833252,10.829,True,None,sfc_cache_p2_38,0,None,24.990000000000002,4.33,99.0,22,36,6,5,0,False,73.10195227765726,5.889166666666666,8.79638888888889,13.75,0.152,0.8997,0.2446,0.1409,2875.3156492970843,2695.3156492970843,180.0,0.9179824896469374,6,13,17
0,1772831384.8226542,682.7,187,0.152,0.798,0.0232,0.3742,22.8962,79.7979,37.4206,0.0,0.0,0.0,1.8,0.19,1.61,None,0.0630028247833252,11.301,True,None,sfc_unique_p2_38,0,None,24.990000000000002,4.33,99.0,22,36,6,5,0,False,73.16017316017316,5.889166666666666,8.79638888888889,13.75,0.152,0.8997,0.2446,0.1409,2875.3156492970843,2695.3156492970843,180.0,0.9179824896469374,6,13,17
0,1772831384.8816395,682.8,188,0.1515,0.8551,0.0478,0.3992,23.3282,85.5105,39.9153,0.0,0.0,0.0,3.17,1.01,2.16,None,0.12373566627502441,10.013,True,None,sfc_cache_p3_38,0,None,24.990000000000002,8.66,99.0,24,38,6,5,0,False,73.2181425485961,5.684473684210526,8.93,13.894736842105264,0.144,0.9495,0.239,0.1657,2915.8856805307064,2725.8856805307064,190.0,0.9111261083669897,9,12,17
0,1772831384.8831549,682.8,188,0.1515,0.8551,0.0478,0.3992,23.3282,85.5105,39.9153,0.0,0.0,0.0,3.97,0.67,3.3,None,0.12373566627502441,10.673,True,None,sfc_unique_p3_38,0,None,24.990000000000002,8.66,99.0,24,38,6,5,0,False,73.27586206896551,5.684473684210526,8.93,13.894736842105264,0.144,0.9495,0.239,0.1657,2915.8856805307064,2725.8856805307064,190.0,0.9111261083669897,9,12,17
0,1772831384.9411001,682.8,189,0.154,0.9122,0.0661,0.4241,24.2278,91.2232,42.41,0.0,0.0,0.0,2.54,1.36,1.18,None,0.1842184066772461,9.411,True,None,sfc_cache_p4_38,0,None,24.990000000000002,8.66,99.0,26,40,6,5,0,False,73.33333333333333,5.6085,9.05025,14.025,0.1377,0.9625,0.241,0.1825,2934.6203965189434,2734.6203965189434,200.0,0.9096988141279312,9,13,18
0,1772831384.9425344,682.8,189,0.154,0.9122,0.0661,0.4241,24.2278,91.2232,42.41,0.0,0.0,0.0,3.53,0.52,3.0,None,0.1842184066772461,10.247,True,None,sfc_unique_p4_38,0,None,24.990000000000002,8.66,99.0,26,40,6,5,0,False,73.39055793991416,5.6085,9.05025,14.025,0.1377,0.9625,0.241,0.1825,2934.6203965189434,2734.6203965189434,200.0,0.9096988141279312,9,13,18
0,1772831385.1132798,683.0,190,0.1586,0.9425,0.0792,0.4241,25.3801,94.2471,42.41,0.0,0.0,0.0,2.92,1.74,1.18,None,0.24366283416748047,8.759,True,None,sfc_cache_p5_38,0,None,33.32,8.66,132.0,30,42,6,5,0,False,73.44753747323341,5.59547619047619,8.905,13.357142857142858,0.1362,0.966,0.2356,0.1923,2949.8440461087903,2739.8440461087903,210.0,0.9116407605780348,9,13,20
0,1772831385.114778,683.0,190,0.1586,0.9425,0.0792,0.4241,25.3801,94.2471,42.41,0.0,0.0,0.0,3.64,1.22,2.42,None,0.24366283416748047,9.898,True,None,sfc_unique_p5_38,0,None,33.32,8.66,132.0,30,42,6,5,0,False,73.50427350427351,5.59547619047619,8.905,13.357142857142858,0.1362,0.966,0.2356,0.1923,2949.8440461087903,2739.8440461087903,210.0,0.9116407605780348,9,13,20
0,1772831385.170537,683.0,191,0.1703,0.9425,0.085,0.4241,27.8284,94.2471,42.41,0.0,0.0,0.0,2.92,1.74,1.18,None,0.4158775806427002,8.646,True,None,sfc_cache_p6_38,0,None,41.65,8.66,165.0,34,44,6,5,0,False,73.56076759061834,5.856363636363636,8.500227272727273,12.75,0.1187,0.966,0.2305,0.194,2959.8440461087903,2739.8440461087903,220.0,0.9121217450845424,9,14,21
0,1772831385.1720092,683.0,191,0.1703,0.9425,0.085,0.4241,27.8284,94.2471,42.41,0.0,0.0,0.0,3.94,2.38,1.55,None,0.4158775806427002,9.23,True,None,sfc_unique_p6_38,0,None,41.65,8.66,165.0,34,44,6,5,0,False,73.61702127659574,5.856363636363636,8.500227272727273,12.75,0.1187,0.966,0.2305,0.194,2959.8440461087903,2739.8440461087903,220.0,0.9121217450845424,9,14,21
0,1772831415.7923777,713.7,191,0.121,0.9299,0.0474,0.3493,18.7924,92.9871,34.9259,0.0,0.0,0.0,2.8,1.07,1.73,None,0.00019741058349609375,9.571,True,None,sfc_cache_p1_39,0,None,37.32,8.66,165.0,32,38,6,4,0,False,73.67303609341825,4.579210526315789,9.71078947368421,12.157894736842104,0.0973,0.9646,0.1924,0.1898,2884.4236955438623,2694.4236955438623,190.0,0.922380719612812,7,11,20
0,1772831415.7939072,713.7,191,0.121,0.9299,0.0474,0.3493,18.7924,92.9871,34.9259,0.0,0.0,0.0,3.82,1.71,2.11,None,0.00019741058349609375,9.647,True,None,sfc_unique_p1_39,0,None,37.32,8.66,165.0,32,38,6,4,0,False,73.72881355932203,4.579210526315789,9.71078947368421,12.157894736842104,0.0973,0.9646,0.1924,0.1898,2884.4236955438623,2694.4236955438623,190.0,0.922380719612812,7,11,20
0,1772831415.851118,713.7,192,0.1373,0.9425,0.0592,0.3742,21.6003,94.2471,37.4206,0.0,0.0,0.0,4.1,2.73,1.37,None,0.059165000915527344,9.111,True,None,sfc_cache_p2_39,0,None,37.32,8.66,165.0,33,40,6,4,0,False,73.78435517970402,5.000249999999999,9.350249999999999,12.375,0.0946,0.966,0.1879,0.1976,2903.348695543862,2703.348695543862,200.0,0.9159777090332522,8,11,21
0,1772831415.8525696,713.7,192,0.1373,0.9425,0.0592,0.3742,21.6003,94.2471,37.4206,0.0,0.0,0.0,3.74,1.64,2.11,None,0.059165000915527344,9.576,True,None,sfc_unique_p2_39,0,None,37.32,8.66,165.0,33,40,6,4,0,False,73.83966244725738,5.000249999999999,9.350249999999999,12.375,0.0946,0.966,0.1879,0.1976,2903.348695543862,2703.348695543862,200.0,0.9159777090332522,8,11,21
0,1772831415.8960998,713.8,193,0.1536,0.9425,0.0701,0.3992,24.4805,94.2471,39.9153,0.0,0.0,0.0,4.43,2.34,2.09,None,0.11775612831115723,5.429,True,None,sfc_cache_p3_39,0,None,41.65,8.66,165.0,35,42,6,4,0,False,73.89473684210527,5.397142857142858,8.905,12.571428571428571,0.0957,0.966,0.1911,0.2118,2922.6832528879268,2712.6832528879268,210.0,0.9154323480600774,8,12,22
0,1772831415.896951,713.8,193,0.1536,0.9425,0.0701,0.3992,24.4805,94.2471,39.9153,0.0,0.0,0.0,4.7,2.54,2.17,None,0.11775612831115723,5.926,True,None,sfc_unique_p3_39,0,None,41.65,8.66,165.0,35,42,6,4,0,False,73.94957983193278,5.397142857142858,8.905,12.571428571428571,0.0957,0.966,0.1911,0.2118,2922.6832528879268,2712.6832528879268,210.0,0.9154323480600774,8,12,22
0,1772831415.9329808,713.8,194,0.1668,0.9425,0.0779,0.3992,26.9288,94.2471,39.9153,0.0,0.0,0.0,4.43,2.34,2.09,None,0.16150331497192383,5.481,True,None,sfc_cache_p4_39,0,None,49.98,8.66,198.0,39,44,6,4,0,False,74.0041928721174,5.6670454545454545,8.500227272727273,12.0,0.1007,0.966,0.187,0.2181,2952.471110030784,2732.471110030784,220.0,0.9088882212360762,9,14,21
0,1772831415.9339242,713.8,194,0.1668,0.9425,0.0779,0.3992,26.9288,94.2471,39.9153,0.0,0.0,0.0,6.05,4.71,1.34,None,0.16150331497192383,5.738,True,None,sfc_unique_p4_39,0,None,49.98,8.66,198.0,39,44,6,4,0,False,74.05857740585773,5.6670454545454545,8.500227272727273,12.0,0.1007,0.966,0.187,0.2181,2952.471110030784,2732.471110030784,220.0,0.9088882212360762,9,14,21
0,1772831415.9684696,713.8,195,0.179,0.9425,0.0856,0.3992,29.3771,94.2471,39.9153,0.0,0.0,0.0,4.43,2.34,2.09,None,0.19845795631408691,5.313,True,None,sfc_cache_p5_39,0,None,58.31,8.66,231.0,43,46,6,4,0,False,74.11273486430062,5.913478260869565,8.130652173913044,11.478260869565217,0.0952,0.966,0.183,0.2216,2964.465395745069,2734.465395745069,230.0,0.9007513546661997,11,14,21
0,1772831415.9693456,713.8,195,0.179,0.9425,0.0856,0.3992,29.3771,94.2471,39.9153,0.0,0.0,0.0,6.05,4.71,1.34,None,0.19845795631408691,5.503,True,None,sfc_unique_p5_39,0,None,58.31,8.66,231.0,43,46,6,4,0,False,74.16666666666667,5.913478260869565,8.130652173913044,11.478260869565217,0.0952,0.966,0.183,0.2216,2964.465395745069,2734.465395745069,230.0,0.9007513546661997,11,14,21
0,1772831416.0757277,713.9,196,0.1866,0.9727,0.1043,0.3992,30.997,97.2709,39.9153,0.0,0.0,0.0,4.55,2.45,2.09,None,0.23389744758605957,5.188,True,None,sfc_cache_p6_39,0,None,62.31,8.66,264.0,45,48,6,4,0,False,74.22037422037423,5.979583333333333,8.041875,11.0,0.0987,0.9984,0.1792,0.2288,2994.2237153691376,2754.2237153691376,240.0,0.8967259973181251,12,15,21
0,1772831416.0766337,713.9,196,0.1866,0.9727,0.1043,0.3992,30.997,97.2709,39.9153,0.0,0.0,0.0,4.8,1.33,3.47,None,0.23389744758605957,5.56,True,None,sfc_unique_p6_39,0,None,62.31,8.66,264.0,45,48,6,4,0,False,74.27385892116183,5.979583333333333,8.041875,11.0,0.0987,0.9984,0.1792,0.2288,2994.2237153691376,2754.2237153691376,240.0,0.8967259973181251,12,15,21
0,1772831433.8222404,731.7,196,0.2021,0.9811,0.1111,0.4241,33.9853,98.1101,42.41,0.0,0.0,0.0,2.43,1.51,0.92,None,0.0001780986785888672,7.628,True,None,sfc_cache_p1_40,0,None,62.31,8.66,264.0,45,50,6,5,0,False,74.32712215320912,6.2938,7.7867999999999995,11.22,0.105,0.9984,0.1775,0.2387,3028.488148119486,2778.488148119486,250.0,0.898957131052152,12,15,23
0,1772831433.8239794,731.7,196,0.2021,0.9811,0.1111,0.4241,33.9853,98.1101,42.41,0.0,0.0,0.0,4.05,2.25,1.81,None,0.0001780986785888672,8.15,True,None,sfc_unique_p1_40,0,None,62.31,8.66,264.0,45,50,6,5,0,False,74.3801652892562,6.2938,7.7867999999999995,11.22,0.105,0.9984,0.1775,0.2387,3028.488148119486,2778.488148119486,250.0,0.898957131052152,12,15,23
0,1772831433.879952,731.8,197,0.2149,0.9811,0.1161,0.449,36.8655,98.1101,44.9047,0.0,0.0,0.0,3.21,1.83,1.37,None,0.058435678482055664,7.257,True,None,sfc_cache_p2_40,0,None,66.64,8.66,264.0,48,52,6,5,0,False,74.43298969072166,6.564615384615385,7.4873076923076916,11.423076923076923,0.111,0.9984,0.1853,0.2472,3056.7194590620647,2796.7194590620647,260.0,0.9005359417563192,12,15,25
0,1772831433.8817255,731.8,197,0.2149,0.9811,0.1161,0.449,36.8655,98.1101,44.9047,0.0,0.0,0.0,3.61,2.25,1.35,None,0.058435678482055664,7.993,True,None,sfc_unique_p2_40,0,None,66.64,8.66,264.0,48,52,6,5,0,False,74.48559670781893,6.564615384615385,7.4873076923076916,11.423076923076923,0.111,0.9984,0.1853,0.2472,3056.7194590620647,2796.7194590620647,260.0,0.9005359417563192,12,15,25
0,1772831433.9383936,731.8,198,0.2248,0.9811,0.1211,0.449,39.3138,98.1101,44.9047,0.0,0.0,0.0,3.21,1.83,1.37,None,0.11617374420166016,7.276,True,None,sfc_cache_p3_40,0,None,74.97,8.66,297.0,52,54,6,5,0,False,74.53798767967146,6.741296296296296,7.21,11.0,0.1132,0.9984,0.1817,0.2536,3090.40348630243,2820.40348630243,270.0,0.9018489870349173,12,17,25
0,1772831433.940455,731.8,198,0.2248,0.9811,0.1211,0.449,39.3138,98.1101,44.9047,0.0,0.0,0.0,3.61,2.25,1.35,None,0.11617374420166016,8.04,True,None,sfc_unique_p3_40,0,None,74.97,8.66,297.0,52,54,6,5,0,False,74.59016393442623,6.741296296296296,7.21,11.0,0.1132,0.9984,0.1817,0.2536,3090.40348630243,2820.40348630243,270.0,0.9018489870349173,12,17,25
0,1772831433.9967391,731.9,199,0.2342,0.9811,0.1261,0.449,41.7621,98.1101,44.9047,0.0,0.0,0.0,3.21,1.83,1.37,None,0.17502689361572266,7.332,True,None,sfc_cache_p4_40,0,None,83.3,8.66,330.0,56,56,6,5,0,False,74.64212678936605,6.9053571428571425,6.9525,10.607142857142858,0.1127,0.9984,0.1782,0.258,3119.7066127534436,2839.7066127534436,280.0,0.9028121100040075,12,17,27
0,1772831433.9986014,731.9,199,0.2342,0.9811,0.1261,0.449,41.7621,98.1101,44.9047,0.0,0.0,0.0,3.61,2.25,1.35,None,0.17502689361572266,7.943,True,None,sfc_unique_p4_40,0,None,83.3,8.66,330.0,56,56,6,5,0,False,74.6938775510204,6.9053571428571425,6.9525,10.607142857142858,0.1127,0.9984,0.1782,0.258,3119.7066127534436,2839.7066127534436,280.0,0.9028121100040075,12,17,27
0,1772831434.0547528,731.9,200,0.2452,0.9811,0.1311,0.449,44.2103,98.1101,44.9047,0.0,0.0,0.0,3.21,1.83,1.37,None,0.2331085205078125,7.248,True,None,sfc_cache_p5_40,0,None,91.63,8.66,363.0,60,58,6,5,0,False,74.74541751527495,7.058103448275862,6.712758620689654,10.241379310344827,0.1101,0.9984,0.1748,0.2604,3129.7066127534436,2839.7066127534436,290.0,0.903462133578235,12,18,28
0,1772831434.05648,731.9,200,0.2452,0.9811,0.1311,0.449,44.2103,98.1101,44.9047,0.0,0.0,0.0,3.61,2.25,1.35,None,0.2331085205078125,8.018,True,None,sfc_unique_p5_40,0,None,91.63,8.66,363.0,60,58,6,5,0,False,74.79674796747967,7.058103448275862,6.712758620689654,10.241379310344827,0.1101,0.9984,0.1748,0.2604,3129.7066127534436,2839.7066127534436,290.0,0.903462133578235,12,18,28
0,1772831434.112176,732.0,201,0.2559,0.9811,0.1375,0.449,46.6586,98.1101,44.9047,0.0,0.0,0.0,3.21,1.83,1.37,None,0.29102110862731934,7.272,True,None,sfc_cache_p6_40,0,None,99.96,8.66,396.0,63,60,6,5,0,False,74.84787018255578,7.200666666666667,6.489,9.9,0.1098,0.9984,0.1716,0.2626,3144.9302623432905,2844.9302623432905,300.0,0.9040992074919185,15,15,30
0,1772831434.1140754,732.0,201,0.2559,0.9811,0.1375,0.449,46.6586,98.1101,44.9047,0.0,0.0,0.0,4.14,2.43,1.71,None,0.29102110862731934,7.85,True,None,sfc_unique_p6_40,0,None,99.96,8.66,396.0,63,60,6,5,0,False,74.89878542510121,7.200666666666667,6.489,9.9,0.1098,0.9984,0.1716,0.2626,3144.9302623432905,2844.9302623432905,300.0,0.9040992074919185,15,15,30
0,1772831460.0019133,757.9,201,0.2586,0.6862,0.0329,0.3742,44.355,68.6246,37.4206,0.0,0.0,0.0,2.57,0.3,2.27,None,0.00012803077697753906,10.882,True,None,sfc_cache_p1_41,0,None,87.63,4.33,330.0,53,50,6,5,0,False,74.94949494949495,8.2142,5.4466,9.9,0.1264,0.8374,0.166,0.1981,2981.217840891503,2731.217840891503,250.0,0.914071441533963,11,12,27
0,1772831460.003564,757.9,201,0.2586,0.6862,0.0329,0.3742,44.355,68.6246,37.4206,0.0,0.0,0.0,2.14,0.24,1.9,None,0.00012803077697753906,11.146,True,None,sfc_unique_p1_41,0,None,87.63,4.33,330.0,53,50,6,5,0,False,75.0,8.2142,5.4466,9.9,0.1264,0.8374,0.166,0.1981,2981.217840891503,2731.217840891503,250.0,0.914071441533963,11,12,27
0,1772831460.0652752,757.9,202,0.2536,0.7644,0.048,0.3992,44.355,76.4363,39.9153,0.0,0.0,0.0,3.16,0.28,2.88,None,0.19690489768981934,10.247,True,None,sfc_cache_p2_41,0,None,87.63,4.33,330.0,53,52,6,5,0,False,75.0503018108652,7.898269230769231,5.833269230769231,10.153846153846153,0.123,0.8718,0.1823,0.2151,3031.1002623432905,2771.1002623432905,260.0,0.9126087802061462,12,12,28
0,1772831460.0670843,757.9,202,0.2536,0.7644,0.048,0.3992,44.355,76.4363,39.9153,0.0,0.0,0.0,2.62,0.27,2.35,None,0.19690489768981934,10.978,True,None,sfc_unique_p2_41,0,None,87.63,4.33,330.0,53,52,6,5,0,False,75.1004016064257,7.898269230769231,5.833269230769231,10.153846153846153,0.123,0.8718,0.1823,0.2151,3031.1002623432905,2771.1002623432905,260.0,0.9126087802061462,12,12,28
0,1772831460.128211,758.0,203,0.2531,0.8324,0.0563,0.4241,44.787,83.2401,42.41,0.0,0.0,0.0,2.75,0.83,1.92,None,0.2604215145111084,9.401,True,None,sfc_cache_p3_41,0,None,87.63,4.33,330.0,54,54,6,5,0,False,75.1503006012024,7.679814814814814,6.117222222222222,10.38888888888889,0.1195,0.9101,0.18,0.2249,3064.4502623432904,2794.4502623432904,270.0,0.9129837084862543,12,12,30
0,1772831460.1299448,758.0,203,0.2531,0.8324,0.0563,0.4241,44.787,83.2401,42.41,0.0,0.0,0.0,2.46,0.57,1.89,None,0.2604215145111084,9.973,True,None,sfc_unique_p3_41,0,None,87.63,4.33,330.0,54,54,6,5,0,False,75.2,7.679814814814814,6.117222222222222,10.38888888888889,0.1195,0.9101,0.18,0.2249,3064.4502623432904,2794.4502623432904,270.0,0.9129837084862543,12,12,30
0,1772831460.1907113,758.1,204,0.2581,0.8668,0.073,0.449,46.191,86.6848,44.9047,0.0,0.0,0.0,3.2,0.86,2.33,None,0.31815099716186523,8.908,True,None,sfc_cache_p4_41,0,None,87.63,8.66,330.0,57,56,6,5,0,False,75.249500998004,7.637678571428571,6.142857142857143,10.607142857142858,0.1156,0.9112,0.1782,0.2433,3074.4502623432904,2794.4502623432904,280.0,0.9125557204978769,12,13,31
0,1772831460.1925428,758.1,204,0.2581,0.8668,0.073,0.449,46.191,86.6848,44.9047,0.0,0.0,0.0,3.68,0.91,2.77,None,0.31815099716186523,9.739,True,None,sfc_unique_p4_41,0,None,87.63,8.66,330.0,57,56,6,5,0,False,75.2988047808765,7.637678571428571,6.142857142857143,10.607142857142858,0.1156,0.9112,0.1782,0.2433,3074.4502623432904,2794.4502623432904,280.0,0.9125557204978769,12,13,31
0,1772831460.2521815,758.1,205,0.2582,0.924,0.0814,0.474,47.0906,92.3974,47.3995,0.0,0.0,0.0,3.86,1.5,2.37,None,0.38085508346557617,8.027,True,None,sfc_cache_p5_41,0,None,87.63,8.66,330.0,58,58,6,5,0,False,75.3479125248509,7.517931034482759,6.321896551724138,10.810344827586206,0.1132,0.967,0.1811,0.2502,3121.1291820151678,2831.1291820151678,290.0,0.9075605721123129,12,15,31
0,1772831460.2540464,758.1,205,0.2582,0.924,0.0814,0.474,47.0906,92.3974,47.3995,0.0,0.0,0.0,2.91,0.37,2.54,None,0.38085508346557617,8.588,True,None,sfc_unique_p5_41,0,None,87.63,8.66,330.0,58,58,6,5,0,False,75.39682539682539,7.517931034482759,6.321896551724138,10.810344827586206,0.1132,0.967,0.1811,0.2502,3121.1291820151678,2831.1291820151678,290.0,0.9075605721123129,12,15,31
0,1772831460.3139362,758.2,206,0.2561,0.9811,0.0991,0.474,47.5582,98.1101,47.3995,0.0,0.0,0.0,4.68,1.6,3.08,None,0.4423513412475586,7.85,True,None,sfc_cache_p6_41,0,None,91.63,8.66,363.0,61,60,6,5,0,False,75.44554455445545,7.3395,6.489,10.45,0.1118,0.9994,0.1777,0.2531,3151.6223378733944,2851.6223378733944,300.0,0.9046215279031209,16,12,32
0,1772831460.3158407,758.2,206,0.2561,0.9811,0.0991,0.474,47.5582,98.1101,47.3995,0.0,0.0,0.0,2.98,0.42,2.56,None,0.4423513412475586,8.417,True,None,sfc_unique_p6_41,0,None,91.63,8.66,363.0,61,60,6,5,0,False,75.49407114624506,7.3395,6.489,10.45,0.1118,0.9994,0.1777,0.2531,3151.6223378733944,2851.6223378733944,300.0,0.9046215279031209,16,12,32
0,1772831485.0541794,782.9,206,0.2322,0.8064,0.0204,0.3742,39.2058,80.6396,37.4206,0.0,0.0,0.0,2.83,1.68,1.15,None,0.00019502639770507812,10.54,True,None,sfc_cache_p1_42,0,None,83.3,8.66,330.0,51,50,6,5,0,False,75.54240631163708,7.260599999999999,6.4002,9.9,0.1188,0.9669,0.1741,0.1909,3035.047504256307,2785.047504256307,250.0,0.9142995773242519,11,8,31
0,1772831485.055849,782.9,206,0.2322,0.8064,0.0204,0.3742,39.2058,80.6396,37.4206,0.0,0.0,0.0,3.56,0.54,3.02,None,0.00019502639770507812,10.29,True,None,sfc_unique_p1_42,0,None,83.3,8.66,330.0,51,50,6,5,0,False,75.59055118110236,7.260599999999999,6.4002,9.9,0.1188,0.9669,0.1741,0.1909,3035.047504256307,2785.047504256307,250.0,0.9142995773242519,11,8,31
0,1772831485.2365108,783.1,207,0.2302,0.8744,0.037,0.3992,39.6378,87.4433,39.9153,0.0,0.0,0.0,2.84,0.93,1.92,None,0.06576967239379883,9.966,True,None,sfc_cache_p2_42,0,None,83.3,8.66,330.0,52,52,6,5,0,False,75.6385068762279,7.0582692307692305,6.673269230769231,10.153846153846153,0.1157,0.9822,0.1711,0.2161,3061.9164099984523,2801.9164099984523,260.0,0.9125984407296865,12,8,32
0,1772831485.2381856,783.1,207,0.2302,0.8744,0.037,0.3992,39.6378,87.4433,39.9153,0.0,0.0,0.0,2.61,0.26,2.35,None,0.06576967239379883,9.706,True,None,sfc_unique_p2_42,0,None,83.3,8.66,330.0,52,52,6,5,0,False,75.68627450980392,7.0582692307692305,6.673269230769231,10.153846153846153,0.1157,0.9822,0.1711,0.2161,3061.9164099984523,2801.9164099984523,260.0,0.9125984407296865,12,8,32
0,1772831485.2990396,783.2,208,0.23,0.9425,0.0519,0.4241,40.0698,94.2471,42.41,0.0,0.0,0.0,3.01,1.23,1.78,None,0.24815154075622559,9.277,True,None,sfc_cache_p3_42,0,None,83.3,8.66,330.0,53,54,6,5,0,False,75.73385518590999,6.870925925925925,6.926111111111111,10.38888888888889,0.1139,0.9981,0.1688,0.234,3091.330974307383,2821.330974307383,270.0,0.9120090586830828,12,9,33
0,1772831485.3006032,783.2,208,0.23,0.9425,0.0519,0.4241,40.0698,94.2471,42.41,0.0,0.0,0.0,2.61,0.2,2.41,None,0.24815154075622559,9.047,True,None,sfc_unique_p3_42,0,None,83.3,8.66,330.0,53,54,6,5,0,False,75.78125,6.870925925925925,6.926111111111111,10.38888888888889,0.1139,0.9981,0.1688,0.234,3091.330974307383,2821.330974307383,270.0,0.9120090586830828,12,9,33
0,1772831485.3608005,783.2,209,0.2432,0.9551,0.0653,0.449,42.8777,95.507,44.9047,0.0,0.0,0.0,4.19,1.6,2.59,None,0.31050825119018555,8.689,True,None,sfc_cache_p4_42,0,None,83.3,8.66,330.0,55,56,6,5,0,False,75.82846003898635,7.089821428571428,6.768035714285714,10.607142857142858,0.1128,0.9985,0.1669,0.2448,3108.176276892122,2828.176276892122,280.0,0.9107291495004953,12,12,32
0,1772831485.3624141,783.2,209,0.2432,0.9551,0.0653,0.449,42.8777,95.507,44.9047,0.0,0.0,0.0,3.99,1.64,2.35,None,0.31050825119018555,8.734,True,None,sfc_unique_p4_42,0,None,83.3,8.66,330.0,55,56,6,5,0,False,75.87548638132296,7.089821428571428,6.768035714285714,10.607142857142858,0.1128,0.9985,0.1669,0.2448,3108.176276892122,2828.176276892122,280.0,0.9107291495004953,12,12,32
0,1772831485.421563,783.3,210,0.2556,0.9702,0.0821,0.474,45.5776,97.0189,47.3995,0.0,0.0,0.0,4.68,1.87,2.81,None,0.3723165988922119,8.003,True,None,sfc_cache_p5_42,0,None,83.3,8.66,330.0,57,58,6,5,0,False,75.92233009708738,7.2763793103448275,6.638103448275862,10.810344827586206,0.1146,0.9994,0.165,0.2616,3127.8048173657326,2837.8048173657326,290.0,0.9084134270689751,13,12,33
0,1772831485.4232697,783.3,210,0.2556,0.9702,0.0821,0.474,45.5776,97.0189,47.3995,0.0,0.0,0.0,4.95,2.54,2.41,None,0.3723165988922119,8.154,True,None,sfc_unique_p5_42,0,None,83.3,8.66,330.0,57,58,6,5,0,False,75.96899224806202,7.2763793103448275,6.638103448275862,10.810344827586206,0.1146,0.9994,0.165,0.2616,3127.8048173657326,2837.8048173657326,290.0,0.9084134270689751,13,12,33
0,1772831485.4820845,783.4,211,0.2713,0.9702,0.0931,0.4989,48.9254,97.0189,49.8942,0.0,0.0,0.0,5.06,4.57,0.5,None,0.43325018882751465,7.457,True,None,sfc_cache_p6_42,0,None,83.3,8.66,330.0,58,60,6,5,0,False,76.01547388781431,7.5504999999999995,6.416833333333333,11.0,0.1233,0.9994,0.1778,0.2671,3166.979480730537,2866.979480730537,300.0,0.9059986703110172,14,14,32
0,1772831485.4838362,783.4,211,0.2713,0.9702,0.0931,0.4989,48.9254,97.0189,49.8942,0.0,0.0,0.0,5.88,3.47,2.41,None,0.43325018882751465,7.659,True,None,sfc_unique_p6_42,0,None,83.3,8.66,330.0,58,60,6,5,0,False,76.06177606177607,7.5504999999999995,6.416833333333333,11.0,0.1233,0.9994,0.1778,0.2671,3166.979480730537,2866.979480730537,300.0,0.9059986703110172,14,14,32
0,1772831505.0929766,803.0,211,0.2654,0.7577,0.0067,0.4241,43.5613,75.7661,42.41,0.0,0.0,0.0,1.03,0.18,0.85,None,0.00019621849060058594,10.813,True,None,sfc_cache_p1_43,0,None,66.64,4.33,264.0,46,50,6,5,0,False,76.10789980732177,8.0672,6.013400000000001,11.22,0.14,0.8691,0.1933,0.1848,3047.0782703647214,2797.0782703647214,250.0,0.916929955449699,9,11,30
0,1772831505.0946453,803.0,211,0.2654,0.7577,0.0067,0.4241,43.5613,75.7661,42.41,0.0,0.0,0.0,2.0,0.27,1.73,None,0.00019621849060058594,11.438,True,None,sfc_unique_p1_43,0,None,66.64,4.33,264.0,46,50,6,5,0,False,76.15384615384615,8.0672,6.013400000000001,11.22,0.14,0.8691,0.1933,0.1848,3047.0782703647214,2797.0782703647214,250.0,0.916929955449699,9,11,30
0,1772831505.2827585,803.2,212,0.2648,0.8257,0.0245,0.449,43.9933,82.5698,44.9047,0.0,0.0,0.0,2.58,0.86,1.72,None,0.06858348846435547,10.238,True,None,sfc_cache_p2_43,0,None,66.64,4.33,264.0,47,52,6,5,0,False,76.1996161228407,7.833846153846154,6.301346153846154,11.423076923076923,0.1362,0.873,0.1901,0.2001,3069.900588891265,2809.900588891265,260.0,0.9168684195072492,9,11,32
0,1772831505.2844644,803.2,212,0.2648,0.8257,0.0245,0.449,43.9933,82.5698,44.9047,0.0,0.0,0.0,2.35,0.2,2.15,None,0.06858348846435547,11.071,True,None,sfc_unique_p2_43,0,None,66.64,4.33,264.0,47,52,6,5,0,False,76.24521072796935,7.833846153846154,6.301346153846154,11.423076923076923,0.1362,0.873,0.1901,0.2001,3069.900588891265,2809.900588891265,260.0,0.9168684195072492,9,11,32
0,1772831505.3481097,803.2,213,0.2642,0.8937,0.0386,0.474,44.4252,89.3736,47.3995,0.0,0.0,0.0,2.78,1.0,1.78,None,0.2583882808685303,9.677,True,None,sfc_cache_p3_43,0,None,66.64,4.33,264.0,47,54,6,5,0,False,76.2906309751434,7.617777777777778,6.567962962962963,11.61111111111111,0.1335,0.9038,0.1875,0.2138,3102.0795085631426,2832.0795085631426,270.0,0.9164218642372921,9,13,32
0,1772831505.3497455,803.2,213,0.2642,0.8937,0.0386,0.474,44.4252,89.3736,47.3995,0.0,0.0,0.0,3.03,0.4,2.63,None,0.2583882808685303,10.093,True,None,sfc_unique_p3_43,0,None,66.64,4.33,264.0,47,54,6,5,0,False,76.33587786259542,7.617777777777778,6.567962962962963,11.61111111111111,0.1335,0.9038,0.1875,0.2138,3102.0795085631426,2832.0795085631426,270.0,0.9164218642372921,9,13,32
0,1772831505.412918,803.3,214,0.2786,0.9021,0.0507,0.4989,47.4135,90.2127,49.8942,0.0,0.0,0.0,5.15,2.66,2.49,None,0.32368993759155273,8.949,True,None,sfc_cache_p4_43,0,None,66.64,4.33,264.0,48,56,6,5,0,False,76.38095238095238,7.839821428571428,6.392857142857143,11.785714285714286,0.1299,0.904,0.1846,0.223,3118.3138376143734,2838.3138376143734,280.0,0.9133421050903665,10,16,30
0,1772831505.4145772,803.3,214,0.2786,0.9021,0.0507,0.4989,47.4135,90.2127,49.8942,0.0,0.0,0.0,3.79,1.64,2.15,None,0.32368993759155273,9.321,True,None,sfc_unique_p4_43,0,None,66.64,4.33,264.0,48,56,6,5,0,False,76.42585551330798,7.839821428571428,6.392857142857143,11.785714285714286,0.1299,0.904,0.1846,0.223,3118.3138376143734,2838.3138376143734,280.0,0.9133421050903665,10,16,30
0,1772831505.4779897,803.4,215,0.2877,0.9105,0.0628,0.5239,49.9341,91.0518,52.3889,0.0,0.0,0.0,5.39,3.2,2.19,None,0.3885056972503662,8.76,True,None,sfc_cache_p5_43,0,None,70.97,4.33,264.0,51,58,6,5,0,False,76.47058823529412,7.971896551724138,6.229827586206897,11.948275862068966,0.1313,0.9035,0.1975,0.226,3143.7468201248203,2853.7468201248203,290.0,0.9122811170768973,11,18,29
0,1772831505.4796968,803.4,215,0.2877,0.9105,0.0628,0.5239,49.9341,91.0518,52.3889,0.0,0.0,0.0,4.0,1.79,2.21,None,0.3885056972503662,9.233,True,None,sfc_unique_p5_43,0,None,70.97,4.33,264.0,51,58,6,5,0,False,76.51515151515152,7.971896551724138,6.229827586206897,11.948275862068966,0.1313,0.9035,0.1975,0.226,3143.7468201248203,2853.7468201248203,290.0,0.9122811170768973,11,18,29
0,1772831505.5425801,803.4,216,0.2898,0.9408,0.0832,0.5239,51.0864,94.0757,52.3889,0.0,0.0,0.0,5.39,3.2,2.19,None,0.4536318778991699,8.483,True,None,sfc_cache_p6_43,0,None,79.3,4.33,297.0,55,60,6,5,0,False,76.55954631379961,7.884,6.222166666666666,11.55,0.134,0.9842,0.1939,0.2432,3188.7352439096453,2888.7352439096453,300.0,0.9074633905099433,13,18,29
0,1772831505.5443482,803.4,216,0.2898,0.9408,0.0832,0.5239,51.0864,94.0757,52.3889,0.0,0.0,0.0,5.57,2.33,3.24,None,0.4536318778991699,8.376,True,None,sfc_unique_p6_43,0,None,79.3,4.33,297.0,55,60,6,5,0,False,76.60377358490567,7.884,6.222166666666666,11.55,0.134,0.9842,0.1939,0.2432,3188.7352439096453,2888.7352439096453,300.0,0.9074633905099433,13,18,29
0,1772831536.1264539,834.0,216,0.2985,0.9643,0.1003,0.5488,53.4267,96.4268,54.8836,0.0,0.0,0.0,4.58,2.28,2.3,None,0.00018453598022460938,8.41,True,None,sfc_cache_p1_44,0,None,79.3,4.33,297.0,55,62,6,6,0,False,76.64783427495291,7.979193548387096,6.171935483870969,11.709677419354838,0.1371,0.9955,0.1917,0.2656,3223.411921529175,2913.411921529175,310.0,0.902489150720944,14,21,27
0,1772831536.1283991,834.0,216,0.2985,0.9643,0.1003,0.5488,53.4267,96.4268,54.8836,0.0,0.0,0.0,4.65,2.42,2.23,None,0.00018453598022460938,8.221,True,None,sfc_unique_p1_44,0,None,79.3,4.33,297.0,55,62,6,6,0,False,76.69172932330827,7.979193548387096,6.171935483870969,11.709677419354838,0.1371,0.9955,0.1917,0.2656,3223.411921529175,2913.411921529175,310.0,0.902489150720944,14,21,27
0,1772831536.319729,834.2,217,0.3117,0.9727,0.1185,0.5738,56.415,97.2659,57.3783,0.0,0.0,0.0,6.02,3.38,2.64,None,0.06656551361083984,7.629,True,None,sfc_cache_p2_44,0,None,79.3,4.33,297.0,55,64,6,6,0,False,76.73545966228893,8.1621875,6.03109375,11.859375,0.139,0.9996,0.1906,0.2866,3260.8349210648507,2940.8349210648507,320.0,0.9002592907982571,15,22,27
0,1772831536.3218093,834.2,217,0.3117,0.9727,0.1185,0.5738,56.415,97.2659,57.3783,0.0,0.0,0.0,5.48,2.21,3.27,None,0.06656551361083984,8.215,True,None,sfc_unique_p2_44,0,None,79.3,4.33,297.0,55,64,6,6,0,False,76.77902621722846,8.1621875,6.03109375,11.859375,0.139,0.9996,0.1906,0.2866,3260.8349210648507,2940.8349210648507,320.0,0.9002592907982571,15,22,27
0,1772831536.381942,834.3,218,0.3117,0.9727,0.1185,0.5738,56.415,97.2659,57.3783,0.0,0.0,0.0,None,None,None,None,0.25997257232666016,4.039,False,None,sfc_cache_p3_44,0,None,79.3,4.33,297.0,55,64,6,6,0,False,76.63551401869158,8.1621875,6.03109375,11.859375,0.139,0.9996,0.1906,0.2866,3260.8349210648507,2940.8349210648507,320.0,0.9002592907982571,15,22,27
0,1772831536.3839502,834.3,218,0.3117,0.9727,0.1185,0.5738,56.415,97.2659,57.3783,0.0,0.0,0.0,5.08,3.28,1.79,None,0.25997257232666016,7.783,False,None,sfc_unique_p3_44,0,None,79.3,4.33,297.0,55,64,6,6,0,False,76.49253731343283,8.1621875,6.03109375,11.859375,0.139,0.9996,0.1906,0.2866,3260.8349210648507,2940.8349210648507,320.0,0.9002592907982571,15,22,27
0,1772831536.4452195,834.3,219,0.3117,0.9727,0.1185,0.5738,56.415,97.2659,57.3783,0.0,0.0,0.0,None,None,None,None,0.32213664054870605,4.113,False,None,sfc_cache_p4_44,0,None,79.3,4.33,297.0,55,64,6,6,0,False,76.35009310986965,8.1621875,6.03109375,11.859375,0.139,0.9996,0.1906,0.2866,3260.8349210648507,2940.8349210648507,320.0,0.9002592907982571,15,22,27
0,1772831536.447273,834.3,219,0.3117,0.9727,0.1185,0.5738,56.415,97.2659,57.3783,0.0,0.0,0.0,5.08,3.28,1.79,None,0.32213664054870605,7.913,False,None,sfc_unique_p4_44,0,None,79.3,4.33,297.0,55,64,6,6,0,False,76.2081784386617,8.1621875,6.03109375,11.859375,0.139,0.9996,0.1906,0.2866,3260.8349210648507,2940.8349210648507,320.0,0.9002592907982571,15,22,27
0,1772831536.507718,834.4,220,0.3117,0.9727,0.1185,0.5738,56.415,97.2659,57.3783,0.0,0.0,0.0,None,None,None,None,0.385406494140625,4.026,False,None,sfc_cache_p5_44,0,None,79.3,4.33,297.0,55,64,6,6,0,False,76.06679035250464,8.1621875,6.03109375,11.859375,0.139,0.9996,0.1906,0.2866,3260.8349210648507,2940.8349210648507,320.0,0.9002592907982571,15,22,27
0,1772831536.5097806,834.4,220,0.3117,0.9727,0.1185,0.5738,56.415,97.2659,57.3783,0.0,0.0,0.0,5.08,3.28,1.79,None,0.385406494140625,7.779,False,None,sfc_unique_p5_44,0,None,79.3,4.33,297.0,55,64,6,6,0,False,75.92592592592592,8.1621875,6.03109375,11.859375,0.139,0.9996,0.1906,0.2866,3260.8349210648507,2940.8349210648507,320.0,0.9002592907982571,15,22,27
0,1772831536.5693133,834.4,221,0.3117,0.9727,0.1185,0.5738,56.415,97.2659,57.3783,0.0,0.0,0.0,None,None,None,None,0.44788050651550293,3.987,False,None,sfc_cache_p6_44,0,None,79.3,4.33,297.0,55,64,6,6,0,False,75.78558225508318,8.1621875,6.03109375,11.859375,0.139,0.9996,0.1906,0.2866,3260.8349210648507,2940.8349210648507,320.0,0.9002592907982571,15,22,27
0,1772831536.5711992,834.4,221,0.3117,0.9727,0.1185,0.5738,56.415,97.2659,57.3783,0.0,0.0,0.0,5.08,3.28,1.79,None,0.44788050651550293,7.782,False,None,sfc_unique_p6_44,0,None,79.3,4.33,297.0,55,64,6,6,0,False,75.64575645756457,8.1621875,6.03109375,11.859375,0.139,0.9996,0.1906,0.2866,3260.8349210648507,2940.8349210648507,320.0,0.9002592907982571,15,22,27
0,1772831554.1662972,852.0,221,0.2598,0.9298,0.0109,0.5239,44.2103,92.9821,52.3889,0.0,0.0,0.0,2.76,0.95,1.81,None,0.00022149085998535156,9.187,True,None,sfc_cache_p1_45,0,None,54.31,4.33,198.0,42,54,6,6,0,False,75.69060773480662,7.580925925925926,6.833148148148148,12.833333333333334,0.1409,0.9904,0.2046,0.2026,3155.2516491255224,2885.2516491255224,270.0,0.9174806856504392,8,15,31
0,1772831554.168155,852.0,221,0.2598,0.9298,0.0109,0.5239,44.2103,92.9821,52.3889,0.0,0.0,0.0,4.16,2.37,1.79,None,0.00022149085998535156,9.417,True,None,sfc_unique_p1_45,0,None,54.31,4.33,198.0,42,54,6,6,0,False,75.73529411764706,7.580925925925926,6.833148148148148,12.833333333333334,0.1409,0.9904,0.2046,0.2026,3155.2516491255224,2885.2516491255224,270.0,0.9174806856504392,8,15,31
0,1772831554.366939,852.2,222,0.2655,0.9643,0.0284,0.5488,46.0819,96.4268,54.8836,0.0,0.0,0.0,3.69,1.52,2.17,None,0.07010722160339355,8.575,True,None,sfc_cache_p2_45,0,None,54.31,4.33,198.0,42,56,6,6,0,False,75.77981651376146,7.619642857142857,6.833214285714286,12.964285714285714,0.1375,0.9988,0.2028,0.217,3181.685408605479,2901.685408605479,280.0,0.916005511120494,9,17,30
0,1772831554.368777,852.2,222,0.2655,0.9643,0.0284,0.5488,46.0819,96.4268,54.8836,0.0,0.0,0.0,4.58,0.96,3.61,None,0.07010722160339355,9.174,True,None,sfc_unique_p2_45,0,None,54.31,4.33,198.0,42,56,6,6,0,False,75.82417582417582,7.619642857142857,6.833214285714286,12.964285714285714,0.1375,0.9988,0.2028,0.217,3181.685408605479,2901.685408605479,280.0,0.916005511120494,9,17,30
0,1772831554.4232795,852.3,223,0.2767,0.9685,0.0402,0.5738,48.7818,96.8476,57.3783,0.0,0.0,0.0,5.36,2.36,3.0,None,0.2707178592681885,5.123,True,None,sfc_cache_p3_45,0,None,58.64,4.33,198.0,44,58,6,6,0,False,75.86837294332724,7.787931034482758,6.626379310344827,13.086206896551724,0.1353,0.9987,0.2013,0.2285,3195.9711228911933,2905.9711228911933,290.0,0.914113925230669,10,17,31
0,1772831554.4252703,852.3,223,0.2767,0.9685,0.0402,0.5738,48.7818,96.8476,57.3783,0.0,0.0,0.0,5.08,3.28,1.79,None,0.2707178592681885,8.503,True,None,sfc_unique_p3_45,0,None,58.64,4.33,198.0,44,58,6,6,0,False,75.91240875912408,7.787931034482758,6.626379310344827,13.086206896551724,0.1353,0.9987,0.2013,0.2285,3195.9711228911933,2905.9711228911933,290.0,0.914113925230669,10,17,31
0,1772831554.4878185,852.4,224,0.2767,0.9685,0.0402,0.5738,48.7818,96.8476,57.3783,0.0,0.0,0.0,None,None,None,None,0.32727622985839844,4.271,False,None,sfc_cache_p4_45,0,None,58.64,4.33,198.0,44,58,6,6,0,False,75.77413479052824,7.787931034482758,6.626379310344827,13.086206896551724,0.1353,0.9987,0.2013,0.2285,3195.9711228911933,2905.9711228911933,290.0,0.914113925230669,10,17,31
0,1772831554.489698,852.4,224,0.2767,0.9685,0.0402,0.5738,48.7818,96.8476,57.3783,0.0,0.0,0.0,5.65,2.99,2.66,None,0.32727622985839844,8.185,False,None,sfc_unique_p4_45,0,None,58.64,4.33,198.0,44,58,6,6,0,False,75.63636363636364,7.787931034482758,6.626379310344827,13.086206896551724,0.1353,0.9987,0.2013,0.2285,3195.9711228911933,2905.9711228911933,290.0,0.914113925230669,10,17,31
0,1772831554.5530262,852.4,225,0.2767,0.9685,0.0402,0.5738,48.7818,96.8476,57.3783,0.0,0.0,0.0,None,None,None,None,0.39166808128356934,4.442,False,None,sfc_cache_p5_45,0,None,58.64,4.33,198.0,44,58,6,6,0,False,75.49909255898368,7.787931034482758,6.626379310344827,13.086206896551724,0.1353,0.9987,0.2013,0.2285,3195.9711228911933,2905.9711228911933,290.0,0.914113925230669,10,17,31
0,1772831554.5549877,852.4,225,0.2767,0.9685,0.0402,0.5738,48.7818,96.8476,57.3783,0.0,0.0,0.0,5.65,2.99,2.66,None,0.39166808128356934,8.458,False,None,sfc_unique_p5_45,0,None,58.64,4.33,198.0,44,58,6,6,0,False,75.36231884057972,7.787931034482758,6.626379310344827,13.086206896551724,0.1353,0.9987,0.2013,0.2285,3195.9711228911933,2905.9711228911933,290.0,0.914113925230669,10,17,31
0,1772831554.6178117,852.5,226,0.2767,0.9685,0.0402,0.5738,48.7818,96.8476,57.3783,0.0,0.0,0.0,None,None,None,None,0.4569234848022461,4.406,False,None,sfc_cache_p6_45,0,None,58.64,4.33,198.0,44,58,6,6,0,False,75.22603978300181,7.787931034482758,6.626379310344827,13.086206896551724,0.1353,0.9987,0.2013,0.2285,3195.9711228911933,2905.9711228911933,290.0,0.914113925230669,10,17,31
0,1772831554.6197379,852.5,226,0.2767,0.9685,0.0402,0.5738,48.7818,96.8476,57.3783,0.0,0.0,0.0,5.65,2.99,2.66,None,0.4569234848022461,8.442,False,None,sfc_unique_p6_45,0,None,58.64,4.33,198.0,44,58,6,6,0,False,75.09025270758123,7.787931034482758,6.626379310344827,13.086206896551724,0.1353,0.9987,0.2013,0.2285,3195.9711228911933,2905.9711228911933,290.0,0.914113925230669,10,17,31
0,1772831579.3179424,877.2,226,0.222,0.9643,0.0076,0.5488,36.2877,96.4293,54.8836,0.0,0.0,0.0,2.2,1.19,1.01,None,0.0011584758758544922,8.178,True,None,sfc_cache_p1_46,0,None,20.99000000000001,4.33,66.0,26,48,6,6,0,False,75.13513513513513,7.000208333333333,7.972291666666667,15.125,0.1441,0.9988,0.2196,0.2124,3076.189355362947,2836.189355362947,240.0,0.9100576013686698,10,15,23
0,1772831579.31962,877.2,226,0.222,0.9643,0.0076,0.5488,36.2877,96.4293,54.8836,0.0,0.0,0.0,3.29,2.38,0.91,None,0.0011584758758544922,9.039,True,None,sfc_unique_p1_46,0,None,20.99000000000001,4.33,66.0,26,48,6,6,0,False,75.17985611510791,7.000208333333333,7.972291666666667,15.125,0.1441,0.9988,0.2196,0.2124,3076.189355362947,2836.189355362947,240.0,0.9100576013686698,10,15,23
0,1772831579.3848956,877.3,227,0.2348,0.9643,0.0154,0.5738,39.168,96.4293,57.3783,0.0,0.0,0.0,3.23,1.89,1.34,None,0.19054341316223145,8.052,True,None,sfc_cache_p2_46,0,None,25.32,4.33,66.0,27,50,6,6,0,False,75.22441651705566,7.2536000000000005,7.6534,15.18,0.1348,0.9988,0.2178,0.2276,3095.5919246246713,2845.5919246246713,250.0,0.9102328768743917,10,16,24
0,1772831579.386612,877.3,227,0.2348,0.9643,0.0154,0.5738,39.168,96.4293,57.3783,0.0,0.0,0.0,3.5,2.54,0.96,None,0.19054341316223145,8.906,True,None,sfc_unique_p2_46,0,None,25.32,4.33,66.0,27,50,6,6,0,False,75.26881720430107,7.2536000000000005,7.6534,15.18,0.1348,0.9988,0.2178,0.2276,3095.5919246246713,2845.5919246246713,250.0,0.9102328768743917,10,16,24
0,1772831579.449145,877.3,228,0.2348,0.9643,0.0154,0.5738,39.168,96.4293,57.3783,0.0,0.0,0.0,None,None,None,None,0.25751376152038574,4.343,False,None,sfc_cache_p3_46,0,None,25.32,4.33,66.0,27,50,6,6,0,False,75.13416815742397,7.2536000000000005,7.6534,15.18,0.1348,0.9988,0.2178,0.2276,3095.5919246246713,2845.5919246246713,250.0,0.9102328768743917,10,16,24
0,1772831579.4508502,877.3,228,0.2348,0.9643,0.0154,0.5738,39.168,96.4293,57.3783,0.0,0.0,0.0,3.66,2.69,0.96,None,0.25751376152038574,8.919,False,None,sfc_unique_p3_46,0,None,25.32,4.33,66.0,27,50,6,6,0,False,75.0,7.2536000000000005,7.6534,15.18,0.1348,0.9988,0.2178,0.2276,3095.5919246246713,2845.5919246246713,250.0,0.9102328768743917,10,16,24
0,1772831579.5137544,877.4,229,0.2348,0.9643,0.0154,0.5738,39.168,96.4293,57.3783,0.0,0.0,0.0,None,None,None,None,0.32178759574890137,4.32,False,None,sfc_cache_p4_46,0,None,25.32,4.33,66.0,27,50,6,6,0,False,74.8663101604278,7.2536000000000005,7.6534,15.18,0.1348,0.9988,0.2178,0.2276,3095.5919246246713,2845.5919246246713,250.0,0.9102328768743917,10,16,24
0,1772831579.5154386,877.4,229,0.2348,0.9643,0.0154,0.5738,39.168,96.4293,57.3783,0.0,0.0,0.0,3.66,2.69,0.96,None,0.32178759574890137,8.817,False,None,sfc_unique_p4_46,0,None,25.32,4.33,66.0,27,50,6,6,0,False,74.73309608540926,7.2536000000000005,7.6534,15.18,0.1348,0.9988,0.2178,0.2276,3095.5919246246713,2845.5919246246713,250.0,0.9102328768743917,10,16,24
0,1772831579.578368,877.5,230,0.2348,0.9643,0.0154,0.5738,39.168,96.4293,57.3783,0.0,0.0,0.0,None,None,None,None,0.386249303817749,4.372,False,None,sfc_cache_p5_46,0,None,25.32,4.33,66.0,27,50,6,6,0,False,74.60035523978685,7.2536000000000005,7.6534,15.18,0.1348,0.9988,0.2178,0.2276,3095.5919246246713,2845.5919246246713,250.0,0.9102328768743917,10,16,24
0,1772831579.5800478,877.5,230,0.2348,0.9643,0.0154,0.5738,39.168,96.4293,57.3783,0.0,0.0,0.0,3.66,2.69,0.96,None,0.386249303817749,8.849,False,None,sfc_unique_p5_46,0,None,25.32,4.33,66.0,27,50,6,6,0,False,74.46808510638297,7.2536000000000005,7.6534,15.18,0.1348,0.9988,0.2178,0.2276,3095.5919246246713,2845.5919246246713,250.0,0.9102328768743917,10,16,24
0,1772831579.6419537,877.5,231,0.2348,0.9643,0.0154,0.5738,39.168,96.4293,57.3783,0.0,0.0,0.0,None,None,None,None,0.4508335590362549,4.24,False,None,sfc_cache_p6_46,0,None,25.32,4.33,66.0,27,50,6,6,0,False,74.33628318584071,7.2536000000000005,7.6534,15.18,0.1348,0.9988,0.2178,0.2276,3095.5919246246713,2845.5919246246713,250.0,0.9102328768743917,10,16,24
0,1772831579.6437135,877.5,231,0.2348,0.9643,0.0154,0.5738,39.168,96.4293,57.3783,0.0,0.0,0.0,3.66,2.69,0.96,None,0.4508335590362549,8.836,False,None,sfc_unique_p6_46,0,None,25.32,4.33,66.0,27,50,6,6,0,False,74.20494699646643,7.2536000000000005,7.6534,15.18,0.1348,0.9988,0.2178,0.2276,3095.5919246246713,2845.5919246246713,250.0,0.9102328768743917,10,16,24
0,1772831594.360866,892.2,231,0.2348,0.9643,0.0154,0.5738,39.168,96.4293,57.3783,0.0,0.0,0.0,None,None,None,None,0.000217437744140625,4.498,False,None,sfc_cache_p1_47,0,None,25.32,4.33,66.0,27,50,6,6,0,False,74.07407407407408,7.2536000000000005,7.6534,15.18,0.1348,0.9988,0.2178,0.2276,3095.5919246246713,2845.5919246246713,250.0,0.9102328768743917,10,16,24
0,1772831594.362688,892.2,231,0.2348,0.9643,0.0154,0.5738,39.168,96.4293,57.3783,0.0,0.0,0.0,3.53,2.25,1.28,None,0.000217437744140625,8.954,False,None,sfc_unique_p1_47,0,None,25.32,4.33,66.0,27,50,6,6,0,False,73.94366197183099,7.2536000000000005,7.6534,15.18,0.1348,0.9988,0.2178,0.2276,3095.5919246246713,2845.5919246246713,250.0,0.9102328768743917,10,16,24
0,1772831594.4276717,892.3,232,0.2348,0.9643,0.0154,0.5738,39.168,96.4293,57.3783,0.0,0.0,0.0,None,None,None,None,0.21278166770935059,4.506,False,None,sfc_cache_p2_47,0,None,25.32,4.33,66.0,27,50,6,6,0,False,73.81370826010544,7.2536000000000005,7.6534,15.18,0.1348,0.9988,0.2178,0.2276,3095.5919246246713,2845.5919246246713,250.0,0.9102328768743917,10,16,24
0,1772831594.4294128,892.3,232,0.2348,0.9643,0.0154,0.5738,39.168,96.4293,57.3783,0.0,0.0,0.0,3.53,2.25,1.28,None,0.21278166770935059,8.895,False,None,sfc_unique_p2_47,0,None,25.32,4.33,66.0,27,50,6,6,0,False,73.68421052631578,7.2536000000000005,7.6534,15.18,0.1348,0.9988,0.2178,0.2276,3095.5919246246713,2845.5919246246713,250.0,0.9102328768743917,10,16,24
0,1772831594.4928443,892.4,233,0.2348,0.9643,0.0154,0.5738,39.168,96.4293,57.3783,0.0,0.0,0.0,None,None,None,None,0.27946925163269043,4.418,False,None,sfc_cache_p3_47,0,None,25.32,4.33,66.0,27,50,6,6,0,False,73.5551663747811,7.2536000000000005,7.6534,15.18,0.1348,0.9988,0.2178,0.2276,3095.5919246246713,2845.5919246246713,250.0,0.9102328768743917,10,16,24
0,1772831594.49467,892.4,233,0.2348,0.9643,0.0154,0.5738,39.168,96.4293,57.3783,0.0,0.0,0.0,3.53,2.25,1.28,None,0.27946925163269043,8.965,False,None,sfc_unique_p3_47,0,None,25.32,4.33,66.0,27,50,6,6,0,False,73.42657342657343,7.2536000000000005,7.6534,15.18,0.1348,0.9988,0.2178,0.2276,3095.5919246246713,2845.5919246246713,250.0,0.9102328768743917,10,16,24
0,1772831594.5581048,892.4,234,0.2348,0.9643,0.0154,0.5738,39.168,96.4293,57.3783,0.0,0.0,0.0,None,None,None,None,0.3447282314300537,4.473,False,None,sfc_cache_p4_47,0,None,25.32,4.33,66.0,27,50,6,6,0,False,73.29842931937172,7.2536000000000005,7.6534,15.18,0.1348,0.9988,0.2178,0.2276,3095.5919246246713,2845.5919246246713,250.0,0.9102328768743917,10,16,24
0,1772831594.5599008,892.4,234,0.2348,0.9643,0.0154,0.5738,39.168,96.4293,57.3783,0.0,0.0,0.0,3.53,2.25,1.28,None,0.3447282314300537,8.881,False,None,sfc_unique_p4_47,0,None,25.32,4.33,66.0,27,50,6,6,0,False,73.17073170731707,7.2536000000000005,7.6534,15.18,0.1348,0.9988,0.2178,0.2276,3095.5919246246713,2845.5919246246713,250.0,0.9102328768743917,10,16,24
0,1772831594.6236627,892.5,235,0.2348,0.9643,0.0154,0.5738,39.168,96.4293,57.3783,0.0,0.0,0.0,None,None,None,None,0.40993452072143555,4.45,False,None,sfc_cache_p5_47,0,None,25.32,4.33,66.0,27,50,6,6,0,False,73.04347826086956,7.2536000000000005,7.6534,15.18,0.1348,0.9988,0.2178,0.2276,3095.5919246246713,2845.5919246246713,250.0,0.9102328768743917,10,16,24
0,1772831594.6254752,892.5,235,0.2348,0.9643,0.0154,0.5738,39.168,96.4293,57.3783,0.0,0.0,0.0,3.53,2.25,1.28,None,0.40993452072143555,8.915,False,None,sfc_unique_p5_47,0,None,25.32,4.33,66.0,27,50,6,6,0,False,72.91666666666666,7.2536000000000005,7.6534,15.18,0.1348,0.9988,0.2178,0.2276,3095.5919246246713,2845.5919246246713,250.0,0.9102328768743917,10,16,24
0,1772831594.6882212,892.6,236,0.2348,0.9643,0.0154,0.5738,39.168,96.4293,57.3783,0.0,0.0,0.0,None,None,None,None,0.47547030448913574,4.343,False,None,sfc_cache_p6_47,0,None,25.32,4.33,66.0,27,50,6,6,0,False,72.790294627383,7.2536000000000005,7.6534,15.18,0.1348,0.9988,0.2178,0.2276,3095.5919246246713,2845.5919246246713,250.0,0.9102328768743917,10,16,24
0,1772831594.6898968,892.6,236,0.2348,0.9643,0.0154,0.5738,39.168,96.4293,57.3783,0.0,0.0,0.0,3.53,2.25,1.28,None,0.47547030448913574,8.845,False,None,sfc_unique_p6_47,0,None,25.32,4.33,66.0,27,50,6,6,0,False,72.66435986159169,7.2536000000000005,7.6534,15.18,0.1348,0.9988,0.2178,0.2276,3095.5919246246713,2845.5919246246713,250.0,0.9102328768743917,10,16,24
0,1772831615.3903682,913.3,236,0.1892,0.4376,0.0074,0.3243,25.8132,43.7607,32.4312,0.0,0.0,0.0,2.16,0.24,1.92,None,0.0002181529998779297,12.285,True,None,sfc_cache_p1_48,0,None,21.32,0.0,33.0,12,28,6,5,0,False,72.71157167530224,8.536428571428575,6.202142857142857,15.321428571428571,0.1733,0.6852,0.2328,0.1043,2664.9097370221666,2524.9097370221666,140.0,0.9343693031230019,2,9,17
0,1772831615.3916802,913.3,236,0.1892,0.4376,0.0074,0.3243,25.8132,43.7607,32.4312,0.0,0.0,0.0,1.5,0.57,0.93,None,0.0002181529998779297,12.961,True,None,sfc_unique_p1_48,0,None,21.32,0.0,33.0,12,28,6,5,0,False,72.75862068965517,8.536428571428575,6.202142857142857,15.321428571428571,0.1733,0.6852,0.2328,0.1043,2664.9097370221666,2524.9097370221666,140.0,0.9343693031230019,2,9,17
0,1772831615.460987,913.3,237,0.1846,0.5157,0.0173,0.3493,25.8132,51.5724,34.9259,0.0,0.0,0.0,2.55,0.32,2.23,None,0.19511985778808594,12.007,True,None,sfc_cache_p2_48,0,None,21.32,0.0,33.0,12,30,6,5,0,False,72.80550774526678,7.967333333333335,6.822,15.4,0.1669,0.7655,0.2525,0.1279,2731.5911352731773,2581.5911352731773,150.0,0.9292425909125668,3,10,17
0,1772831615.462207,913.3,237,0.1846,0.5157,0.0173,0.3493,25.8132,51.5724,34.9259,0.0,0.0,0.0,1.95,0.37,1.58,None,0.19511985778808594,12.368,True,None,sfc_unique_p2_48,0,None,21.32,0.0,33.0,12,30,6,5,0,False,72.85223367697594,7.967333333333335,6.822,15.4,0.1669,0.7655,0.2525,0.1279,2731.5911352731773,2581.5911352731773,150.0,0.9292425909125668,3,10,17
0,1772831615.5311718,913.4,238,0.182,0.5938,0.0356,0.3742,25.8132,59.3841,37.4206,0.0,0.0,0.0,2.28,0.3,1.98,None,0.2656252384185791,11.323,True,None,sfc_cache_p3_48,0,None,21.32,0.0,33.0,13,32,6,5,0,False,72.89879931389366,7.469375000000002,7.364375,15.46875,0.161,0.8211,0.2711,0.1568,2781.183253366352,2621.183253366352,160.0,0.9238625599469307,4,11,17
0,1772831615.5324116,913.4,238,0.182,0.5938,0.0356,0.3742,25.8132,59.3841,37.4206,0.0,0.0,0.0,2.02,0.42,1.6,None,0.2656252384185791,12.098,True,None,sfc_unique_p3_48,0,None,21.32,0.0,33.0,13,32,6,5,0,False,72.94520547945206,7.469375000000002,7.364375,15.46875,0.161,0.8211,0.2711,0.1568,2781.183253366352,2621.183253366352,160.0,0.9238625599469307,4,11,17
0,1772831615.6004617,913.5,239,0.1807,0.6619,0.0484,0.3992,26.2452,66.1879,39.9153,0.0,0.0,0.0,2.85,1.68,1.17,None,0.33585381507873535,10.508,True,None,sfc_cache_p4_48,0,None,21.32,0.0,33.0,14,34,6,5,0,False,72.99145299145299,7.14764705882353,7.72529411764706,15.529411764705882,0.1625,0.9166,0.2583,0.1711,2837.408295929423,2667.408295929423,170.0,0.9195017531859645,5,12,17
0,1772831615.6017733,913.5,239,0.1807,0.6619,0.0484,0.3992,26.2452,66.1879,39.9153,0.0,0.0,0.0,2.76,0.55,2.21,None,0.33585381507873535,11.456,True,None,sfc_unique_p4_48,0,None,21.32,0.0,33.0,14,34,6,5,0,False,73.03754266211604,7.14764705882353,7.72529411764706,15.529411764705882,0.1625,0.9166,0.2583,0.1711,2837.408295929423,2667.408295929423,170.0,0.9195017531859645,5,12,17
0,1772831615.6696873,913.5,240,0.1795,0.7299,0.0629,0.4241,26.6772,72.9916,42.41,0.0,0.0,0.0,2.79,0.88,1.92,None,0.4052116870880127,10.106,True,None,sfc_cache_p5_48,0,None,21.32,0.0,33.0,16,36,6,5,0,False,73.08347529812606,6.861666666666667,8.046111111111111,15.583333333333334,0.1554,0.9214,0.2598,0.183,2866.8716143011916,2686.8716143011916,180.0,0.9178523471773469,5,13,18
0,1772831615.6711335,913.5,240,0.1795,0.7299,0.0629,0.4241,26.6772,72.9916,42.41,0.0,0.0,0.0,2.61,0.26,2.35,None,0.4052116870880127,11.042,True,None,sfc_unique_p5_48,0,None,21.32,0.0,33.0,16,36,6,5,0,False,73.12925170068027,6.861666666666667,8.046111111111111,15.583333333333334,0.1554,0.9214,0.2598,0.183,2866.8716143011916,2686.8716143011916,180.0,0.9178523471773469,5,13,18
0,1772831615.8629444,913.7,241,0.1792,0.798,0.0731,0.449,27.1092,79.7954,44.9047,0.0,0.0,0.0,3.07,1.29,1.78,None,0.4745635986328125,9.861,True,None,sfc_cache_p6_48,0,None,21.32,0.0,33.0,18,38,6,5,0,False,73.1748726655348,6.605789473684211,8.333157894736843,15.631578947368421,0.1487,0.9369,0.2612,0.1868,2896.286178610122,2706.286178610122,190.0,0.9140824768789684,6,13,19
0,1772831615.8644643,913.7,241,0.1792,0.798,0.0731,0.449,27.1092,79.7954,44.9047,0.0,0.0,0.0,2.46,0.24,2.21,None,0.4745635986328125,10.36,True,None,sfc_unique_p6_48,0,None,21.32,0.0,33.0,18,38,6,5,0,False,73.22033898305085,6.605789473684211,8.333157894736843,15.631578947368421,0.1487,0.9369,0.2612,0.1868,2896.286178610122,2706.286178610122,190.0,0.9140824768789684,6,13,19
0,1772831643.391702,941.3,241,0.1432,0.6048,0.0111,0.3493,20.016,60.4778,34.9259,0.0,0.0,0.0,2.36,0.92,1.44,None,0.00017452239990234375,6.97,True,None,sfc_cache_p1_49,0,None,8.660000000000002,0.0,0.0,10,28,6,5,0,False,73.26565143824027,6.619285714285715,8.571428571428571,16.5,0.1531,0.813,0.2801,0.1556,2711.3168893219154,2571.3168893219154,140.0,0.9204772146538963,2,14,12
0,1772831643.3923905,941.3,241,0.1432,0.6048,0.0111,0.3493,20.016,60.4778,34.9259,0.0,0.0,0.0,2.21,0.34,1.88,None,0.00017452239990234375,7.454,True,None,sfc_unique_p1_49,0,None,8.660000000000002,0.0,0.0,10,28,6,5,0,False,73.3108108108108,6.619285714285715,8.571428571428571,16.5,0.1531,0.813,0.2801,0.1556,2711.3168893219154,2571.3168893219154,140.0,0.9204772146538963,2,14,12
0,1772831643.4342663,941.3,242,0.1435,0.6728,0.0225,0.3742,20.448,67.2815,37.4206,0.0,0.0,0.0,3.0,1.88,1.12,None,0.04443764686584473,6.547,True,None,sfc_cache_p2_49,0,None,8.660000000000002,0.0,0.0,10,30,6,5,0,False,73.35581787521079,6.311333333333334,8.9,16.5,0.156,0.8688,0.2602,0.1759,2746.9451323324565,2596.9451323324565,150.0,0.9166860743505972,5,12,13
0,1772831643.4348984,941.3,242,0.1435,0.6728,0.0225,0.3742,20.448,67.2815,37.4206,0.0,0.0,0.0,2.13,0.19,1.94,None,0.04443764686584473,6.852,True,None,sfc_unique_p2_49,0,None,8.660000000000002,0.0,0.0,10,30,6,5,0,False,73.4006734006734,6.311333333333334,8.9,16.5,0.156,0.8688,0.2602,0.1759,2746.9451323324565,2596.9451323324565,150.0,0.9166860743505972,5,12,13
0,1772831643.4765806,941.3,243,0.1408,0.7509,0.0374,0.3992,20.448,75.0932,39.9153,0.0,0.0,0.0,3.0,0.39,2.61,None,0.08693766593933105,6.482,True,None,sfc_cache_p3_49,0,None,8.660000000000002,0.0,0.0,11,32,6,5,0,False,73.44537815126051,5.916875,9.3125,16.5,0.1505,0.9092,0.2786,0.1956,2804.6401485838105,2644.6401485838105,160.0,0.9127821453756695,7,11,14
0,1772831643.477237,941.4,243,0.1408,0.7509,0.0374,0.3992,20.448,75.0932,39.9153,0.0,0.0,0.0,2.13,0.2,1.94,None,0.08693766593933105,6.46,True,None,sfc_unique_p3_49,0,None,8.660000000000002,0.0,0.0,11,32,6,5,0,False,73.48993288590604,5.916875,9.3125,16.5,0.1505,0.9092,0.2786,0.1956,2804.6401485838105,2644.6401485838105,160.0,0.9127821453756695,7,11,14
0,1772831643.518455,941.4,244,0.1433,0.8039,0.0453,0.3992,21.0959,80.385,39.9153,0.0,0.0,0.0,3.81,2.36,1.44,None,0.1292426586151123,5.914,True,None,sfc_cache_p4_49,0,None,12.66,0.0,33.0,14,34,6,5,0,False,73.53433835845897,5.745294117647059,9.382352941176471,15.529411764705882,0.1544,0.9209,0.2718,0.2025,2832.2334004024146,2662.2334004024146,170.0,0.913642847134166,7,12,15
0,1772831643.5190978,941.4,244,0.1433,0.8039,0.0453,0.3992,21.0959,80.385,39.9153,0.0,0.0,0.0,2.14,0.2,1.94,None,0.1292426586151123,6.487,True,None,sfc_unique_p4_49,0,None,12.66,0.0,33.0,14,34,6,5,0,False,73.57859531772574,5.745294117647059,9.382352941176471,15.529411764705882,0.1544,0.9209,0.2718,0.2025,2832.2334004024146,2662.2334004024146,170.0,0.913642847134166,7,12,15
0,1772831643.6383119,941.5,245,0.1413,0.8568,0.0537,0.3992,21.2763,85.6768,39.9153,0.0,0.0,0.0,3.81,2.36,1.44,None,0.1710987091064453,7.471,True,None,sfc_cache_p5_49,0,None,20.99,0.0,66.0,17,36,6,5,0,False,73.62270450751252,5.4725,9.444444444444445,14.666666666666666,0.1511,0.9695,0.2654,0.2061,2879.5481465717385,2699.5481465717385,180.0,0.9155023156675246,7,13,16
0,1772831643.6392205,941.5,245,0.1413,0.8568,0.0537,0.3992,21.2763,85.6768,39.9153,0.0,0.0,0.0,2.57,0.28,2.29,None,0.1710987091064453,7.546,True,None,sfc_unique_p5_49,0,None,20.99,0.0,66.0,17,36,6,5,0,False,73.66666666666667,5.4725,9.444444444444445,14.666666666666666,0.1511,0.9695,0.2654,0.2061,2879.5481465717385,2699.5481465717385,180.0,0.9155023156675246,7,13,16
0,1772831643.6913285,941.6,246,0.1399,0.9097,0.0622,0.3992,21.4567,90.9687,39.9153,0.0,0.0,0.0,3.81,2.36,1.44,None,0.2913539409637451,7.356,True,None,sfc_cache_p6_49,0,None,29.32,0.0,99.0,21,38,6,5,0,False,73.71048252911814,5.228421052631579,9.5,13.894736842105264,0.1478,0.9908,0.2592,0.2057,2920.3948537378114,2730.3948537378114,190.0,0.9169784756848549,7,14,17
0,1772831643.6922176,941.6,246,0.1399,0.9097,0.0622,0.3992,21.4567,90.9687,39.9153,0.0,0.0,0.0,2.57,0.28,2.29,None,0.2913539409637451,7.933,True,None,sfc_unique_p6_49,0,None,29.32,0.0,99.0,21,38,6,5,0,False,73.75415282392026,5.228421052631579,9.5,13.894736842105264,0.1478,0.9908,0.2592,0.2057,2920.3948537378114,2730.3948537378114,190.0,0.9169784756848549,7,14,17
