timestamp,(0,34);(14,17);(25,24);(8,13);(8,22);(14,10);(14,11);(28,27);(28,29);(28,30);(2,3);(2,32);(5,4);(9,12);(23,15);(23,19);(23,20);(18,21);(6,7);(2,16);(25,26);(33,1);(33,31);(34,9);(9,18);(18,2);(2,5);(5,23);(23,25);(25,28);(28,14);(14,8);(8,6);(6,33);(33,34);(25,25.1);(8,8.1);(14,14.1);(28,28.1);(2,2.1);(5,5.1);(9,9.1);(23,23.1);(18,18.1);(6,6.1);(33,33.1);(34,34.1)
1772827687.7421849;0.00;0.00;0.00;0.00;0.00;0.00;0.00;97.00;0.00;0.00;0.00;0.00;0.00;0.00;0.00;0.00;0.00;0.00;0.00;0.00;0.00;0.00;0.00;0.00;0.00;0.00;0.00;0.00;0.00;0.00;240.00;310.00;310.00;310.00;160.00;0.00;0.00;230.00;160.00;0.00;0.00;0.00;0.00;0.00;0.00;470.00;310.00
1772827687.7430654;0.00;0.00;0.00;0.00;0.00;0.00;0.00;97.00;0.00;0.00;0.00;0.00;0.00;0.00;0.00;0.00;0.00;0.00;0.00;0.00;0.00;0.00;0.00;0.00;0.00;0.00;0.00;0.00;0.00;0.00;240.00;310.00;310.00;310.00;160.00;0.00;0.00;230.00;160.00;0.00;0.00;0.00;0.00;0.00;0.00;470.00;310.00
1772827687.770807;0.00;0.00;0.00;0.00;0.00;0.00;0.00;194.00;0.00;0.00;0.00;0.00;0.00;0.00;0.00;0.00;0.00;0.00;0.00;0.00;0.00;0.00;0.00;0.00;0.00;0.00;0.00;0.00;0.00;0.00;480.00;540.00;610.00;610.00;310.00;0.00;230.00;540.00;640.00;0.00;0.00;0.00;0.00;0.00;0.00;620.00;460.00
1772827687.7716026;0.00;0.00;0.00;0.00;0.00;0.00;0.00;194.00;0.00;0.00;0.00;0.00;0.00;0.00;0.00;0.00;0.00;0.00;0.00;0.00;0.00;0.00;0.00;0.00;0.00;0.00;0.00;0.00;0.00;0.00;480.00;540.00;610.00;610.00;310.00;0.00;230.00;540.00;640.00;0.00;0.00;0.00;0.00;0.00;0.00;620.00;460.00
1772827687.799512;0.00;0.00;0.00;0.00;0.00;0.00;0.00;291.00;0.00;0.00;0.00;0.00;0.00;0.00;0.00;0.00;0.00;0.00;0.00;0.00;0.00;0.00;0.00;0.00;0.00;0.00;0.00;0.00;0.00;0.00;720.00;840.00;910.00;910.00;310.00;0.00;230.00;1010.00;960.00;0.00;0.00;0.00;0.00;0.00;0.00;920.00;460.00
1772827687.8003106;0.00;0.00;0.00;0.00;0.00;0.00;0.00;291.00;0.00;0.00;0.00;0.00;0.00;0.00;0.00;0.00;0.00;0.00;0.00;0.00;0.00;0.00;0.00;0.00;0.00;0.00;0.00;0.00;0.00;0.00;720.00;840.00;910.00;910.00;310.00;0.00;230.00;1010.00;960.00;0.00;0.00;0.00;0.00;0.00;0.00;920.00;460.00
1772827687.8284657;0.00;0.00;0.00;0.00;0.00;0.00;0.00;388.00;0.00;0.00;0.00;0.00;0.00;0.00;0.00;0.00;0.00;0.00;0.00;0.00;0.00;0.00;0.00;0.00;0.00;0.00;0.00;0.00;0.00;0.00;960.00;1140.00;1210.00;1210.00;310.00;0.00;230.00;1480.00;1280.00;0.00;0.00;0.00;0.00;0.00;0.00;1220.00;460.00
1772827687.82931;0.00;0.00;0.00;0.00;0.00;0.00;0.00;388.00;0.00;0.00;0.00;0.00;0.00;0.00;0.00;0.00;0.00;0.00;0.00;0.00;0.00;0.00;0.00;0.00;0.00;0.00;0.00;0.00;0.00;0.00;960.00;1140.00;1210.00;1210.00;310.00;0.00;230.00;1480.00;1280.00;0.00;0.00;0.00;0.00;0.00;0.00;1220.00;460.00
1772827687.8575554;0.00;0.00;0.00;0.00;0.00;0.00;0.00;485.00;0.00;0.00;0.00;0.00;0.00;0.00;0.00;0.00;0.00;0.00;0.00;0.00;0.00;0.00;0.00;0.00;0.00;0.00;0.00;0.00;0.00;0.00;1200.00;1440.00;1510.00;1510.00;310.00;0.00;230.00;1950.00;1600.00;0.00;0.00;0.00;0.00;0.00;0.00;1520.00;460.00
1772827687.8584814;0.00;0.00;0.00;0.00;0.00;0.00;0.00;485.00;0.00;0.00;0.00;0.00;0.00;0.00;0.00;0.00;0.00;0.00;0.00;0.00;0.00;0.00;0.00;0.00;0.00;0.00;0.00;0.00;0.00;0.00;1200.00;1440.00;1510.00;1510.00;310.00;0.00;230.00;1950.00;1600.00;0.00;0.00;0.00;0.00;0.00;0.00;1520.00;460.00
1772827687.887638;0.00;0.00;0.00;0.00;0.00;0.00;0.00;582.00;0.00;0.00;0.00;0.00;0.00;0.00;0.00;0.00;0.00;0.00;0.00;0.00;0.00;0.00;0.00;0.00;0.00;0.00;0.00;0.00;0.00;0.00;1440.00;1740.00;1810.00;1810.00;310.00;0.00;230.00;2420.00;1920.00;0.00;0.00;0.00;0.00;0.00;0.00;1820.00;460.00
1772827687.8886647;0.00;0.00;0.00;0.00;0.00;0.00;0.00;582.00;0.00;0.00;0.00;0.00;0.00;0.00;0.00;0.00;0.00;0.00;0.00;0.00;0.00;0.00;0.00;0.00;0.00;0.00;0.00;0.00;0.00;0.00;1440.00;1740.00;1810.00;1810.00;310.00;0.00;230.00;2420.00;1920.00;0.00;0.00;0.00;0.00;0.00;0.00;1820.00;460.00
1772827702.8526568;0.00;0.00;0.00;0.00;0.00;0.00;97.00;582.00;0.00;0.00;0.00;0.00;0.00;0.00;0.00;0.00;0.00;0.00;0.00;0.00;0.00;0.00;0.00;0.00;0.00;0.00;0.00;0.00;0.00;0.00;1440.00;1980.00;2120.00;2110.00;610.00;0.00;710.00;2420.00;1920.00;0.00;0.00;0.00;0.00;0.00;310.00;1820.00;760.00
1772827702.853635;0.00;0.00;0.00;0.00;0.00;0.00;97.00;582.00;0.00;0.00;0.00;0.00;0.00;0.00;0.00;0.00;0.00;0.00;0.00;0.00;0.00;0.00;0.00;0.00;0.00;0.00;0.00;0.00;0.00;0.00;1440.00;1980.00;2120.00;2110.00;610.00;0.00;710.00;2420.00;1920.00;0.00;0.00;0.00;0.00;0.00;310.00;1820.00;760.00
1772827702.8813236;0.00;0.00;0.00;0.00;0.00;0.00;194.00;582.00;0.00;0.00;0.00;0.00;0.00;0.00;0.00;0.00;0.00;0.00;0.00;0.00;0.00;0.00;0.00;0.00;0.00;0.00;0.00;0.00;0.00;0.00;1440.00;2220.00;2430.00;2420.00;920.00;0.00;1190.00;2420.00;1920.00;0.00;0.00;0.00;0.00;0.00;310.00;1820.00;1060.00
1772827702.882424;0.00;0.00;0.00;0.00;0.00;0.00;194.00;582.00;0.00;0.00;0.00;0.00;0.00;0.00;0.00;0.00;0.00;0.00;0.00;0.00;0.00;0.00;0.00;0.00;0.00;0.00;0.00;0.00;0.00;0.00;1440.00;2220.00;2430.00;2420.00;920.00;0.00;1190.00;2420.00;1920.00;0.00;0.00;0.00;0.00;0.00;310.00;1820.00;1060.00
1772827702.9104524;0.00;0.00;0.00;0.00;0.00;0.00;291.00;582.00;0.00;0.00;0.00;0.00;0.00;0.00;0.00;0.00;0.00;0.00;0.00;0.00;0.00;0.00;0.00;0.00;0.00;0.00;0.00;0.00;0.00;0.00;1440.00;2460.00;2740.00;2730.00;1230.00;0.00;1670.00;2420.00;1920.00;0.00;0.00;0.00;0.00;0.00;310.00;1820.00;1360.00
1772827702.911637;0.00;0.00;0.00;0.00;0.00;0.00;291.00;582.00;0.00;0.00;0.00;0.00;0.00;0.00;0.00;0.00;0.00;0.00;0.00;0.00;0.00;0.00;0.00;0.00;0.00;0.00;0.00;0.00;0.00;0.00;1440.00;2460.00;2740.00;2730.00;1230.00;0.00;1670.00;2420.00;1920.00;0.00;0.00;0.00;0.00;0.00;310.00;1820.00;1360.00
1772827702.9390748;0.00;0.00;0.00;0.00;0.00;0.00;388.00;582.00;0.00;0.00;0.00;0.00;0.00;0.00;0.00;0.00;0.00;0.00;0.00;0.00;0.00;0.00;0.00;0.00;0.00;0.00;0.00;0.00;0.00;0.00;1440.00;2700.00;3050.00;3040.00;1540.00;0.00;2150.00;2420.00;1920.00;0.00;0.00;0.00;0.00;0.00;310.00;1820.00;1660.00
1772827702.9401047;0.00;0.00;0.00;0.00;0.00;0.00;388.00;582.00;0.00;0.00;0.00;0.00;0.00;0.00;0.00;0.00;0.00;0.00;0.00;0.00;0.00;0.00;0.00;0.00;0.00;0.00;0.00;0.00;0.00;0.00;1440.00;2700.00;3050.00;3040.00;1540.00;0.00;2150.00;2420.00;1920.00;0.00;0.00;0.00;0.00;0.00;310.00;1820.00;1660.00
1772827702.9670916;0.00;0.00;0.00;0.00;0.00;0.00;485.00;582.00;0.00;0.00;0.00;0.00;0.00;0.00;0.00;0.00;0.00;0.00;0.00;0.00;0.00;0.00;0.00;0.00;0.00;0.00;0.00;0.00;0.00;0.00;1440.00;2940.00;3360.00;3350.00;1840.00;0.00;2630.00;2420.00;1920.00;0.00;0.00;0.00;0.00;0.00;310.00;1820.00;1960.00
1772827702.9681692;0.00;0.00;0.00;0.00;0.00;0.00;485.00;582.00;0.00;0.00;0.00;0.00;0.00;0.00;0.00;0.00;0.00;0.00;0.00;0.00;0.00;0.00;0.00;0.00;0.00;0.00;0.00;0.00;0.00;0.00;1440.00;2940.00;3360.00;3350.00;1840.00;0.00;2630.00;2420.00;1920.00;0.00;0.00;0.00;0.00;0.00;310.00;1820.00;1960.00
1772827702.9950392;0.00;0.00;0.00;0.00;0.00;0.00;582.00;582.00;0.00;0.00;0.00;0.00;0.00;0.00;0.00;0.00;0.00;0.00;0.00;0.00;0.00;0.00;0.00;0.00;0.00;0.00;0.00;0.00;0.00;0.00;1440.00;3180.00;3670.00;3660.00;2140.00;0.00;2630.00;2532.33;1920.00;0.00;0.00;0.00;0.00;0.00;310.00;1820.00;2260.00
1772827702.9963295;0.00;0.00;0.00;0.00;0.00;0.00;582.00;582.00;0.00;0.00;0.00;0.00;0.00;0.00;0.00;0.00;0.00;0.00;0.00;0.00;0.00;0.00;0.00;0.00;0.00;0.00;0.00;0.00;0.00;0.00;1440.00;3180.00;3670.00;3660.00;2140.00;0.00;2630.00;2532.33;1920.00;0.00;0.00;0.00;0.00;0.00;310.00;1820.00;2260.00
1772827718.782762;0.00;0.00;0.00;0.00;0.00;0.00;582.00;582.00;0.00;0.00;0.00;0.00;97.00;0.00;0.00;0.00;0.00;0.00;0.00;0.00;0.00;0.00;0.00;300.00;240.00;240.00;240.00;0.00;0.00;0.00;1440.00;3180.00;3670.00;3660.00;2140.00;0.00;2630.00;2532.33;1920.00;0.00;0.00;310.00;0.00;480.00;310.00;1820.00;2560.00
1772827718.7837331;0.00;0.00;0.00;0.00;0.00;0.00;582.00;582.00;0.00;0.00;0.00;0.00;97.00;0.00;0.00;0.00;0.00;0.00;0.00;0.00;0.00;0.00;0.00;300.00;240.00;240.00;240.00;0.00;0.00;0.00;1440.00;3180.00;3670.00;3660.00;2140.00;0.00;2630.00;2532.33;1920.00;0.00;0.00;310.00;0.00;480.00;310.00;1820.00;2560.00
1772827718.8073003;0.00;0.00;0.00;0.00;0.00;0.00;582.00;582.00;0.00;0.00;0.00;0.00;194.00;0.00;0.00;0.00;0.00;0.00;0.00;0.00;0.00;0.00;0.00;600.00;480.00;480.00;480.00;0.00;0.00;0.00;1440.00;3180.00;3670.00;3660.00;2140.00;0.00;2630.00;2532.33;1920.00;0.00;0.00;790.00;0.00;480.00;310.00;1820.00;2860.00
1772827718.8082848;0.00;0.00;0.00;0.00;0.00;0.00;582.00;582.00;0.00;0.00;0.00;0.00;194.00;0.00;0.00;0.00;0.00;0.00;0.00;0.00;0.00;0.00;0.00;600.00;480.00;480.00;480.00;0.00;0.00;0.00;1440.00;3180.00;3670.00;3660.00;2140.00;0.00;2630.00;2532.33;1920.00;0.00;0.00;790.00;0.00;480.00;310.00;1820.00;2860.00
1772827718.831229;0.00;0.00;0.00;0.00;0.00;0.00;582.00;582.00;0.00;0.00;0.00;0.00;291.00;0.00;0.00;0.00;0.00;0.00;0.00;0.00;0.00;0.00;0.00;900.00;710.00;710.00;720.00;0.00;0.00;0.00;1440.00;3180.00;3670.00;3660.00;2140.00;0.00;2630.00;2532.33;1920.00;310.00;320.00;950.00;0.00;480.00;310.00;1820.00;3160.00
1772827718.832266;0.00;0.00;0.00;0.00;0.00;0.00;582.00;582.00;0.00;0.00;0.00;0.00;291.00;0.00;0.00;0.00;0.00;0.00;0.00;0.00;0.00;0.00;0.00;900.00;710.00;710.00;720.00;0.00;0.00;0.00;1440.00;3180.00;3670.00;3660.00;2140.00;0.00;2630.00;2532.33;1920.00;310.00;320.00;950.00;0.00;480.00;310.00;1820.00;3160.00
1772827718.8553193;0.00;0.00;0.00;0.00;0.00;0.00;582.00;582.00;0.00;0.00;0.00;0.00;388.00;0.00;0.00;0.00;0.00;0.00;0.00;0.00;0.00;0.00;0.00;1200.00;940.00;940.00;960.00;0.00;0.00;0.00;1440.00;3180.00;3670.00;3660.00;2140.00;0.00;2630.00;2532.33;1920.00;620.00;640.00;1110.00;0.00;480.00;310.00;1820.00;3460.00
1772827718.8563116;0.00;0.00;0.00;0.00;0.00;0.00;582.00;582.00;0.00;0.00;0.00;0.00;388.00;0.00;0.00;0.00;0.00;0.00;0.00;0.00;0.00;0.00;0.00;1200.00;940.00;940.00;960.00;0.00;0.00;0.00;1440.00;3180.00;3670.00;3660.00;2140.00;0.00;2630.00;2532.33;1920.00;620.00;640.00;1110.00;0.00;480.00;310.00;1820.00;3460.00
1772827718.8795977;0.00;0.00;0.00;0.00;0.00;0.00;582.00;582.00;0.00;0.00;0.00;0.00;485.00;0.00;0.00;0.00;0.00;0.00;0.00;0.00;0.00;0.00;0.00;1500.00;1170.00;1170.00;1200.00;0.00;0.00;0.00;1440.00;3180.00;3670.00;3660.00;2140.00;0.00;2630.00;2532.33;1920.00;930.00;960.00;1270.00;0.00;480.00;310.00;1820.00;3760.00
1772827718.8806713;0.00;0.00;0.00;0.00;0.00;0.00;582.00;582.00;0.00;0.00;0.00;0.00;485.00;0.00;0.00;0.00;0.00;0.00;0.00;0.00;0.00;0.00;0.00;1500.00;1170.00;1170.00;1200.00;0.00;0.00;0.00;1440.00;3180.00;3670.00;3660.00;2140.00;0.00;2630.00;2532.33;1920.00;930.00;960.00;1270.00;0.00;480.00;310.00;1820.00;3760.00
1772827718.9035034;0.00;0.00;0.00;0.00;0.00;0.00;582.00;582.00;0.00;0.00;0.00;0.00;582.00;0.00;0.00;0.00;0.00;0.00;0.00;0.00;0.00;0.00;0.00;1800.00;1410.00;1410.00;1440.00;0.00;0.00;0.00;1440.00;3180.00;3670.00;3660.00;2140.00;0.00;2630.00;2532.33;1920.00;930.00;960.00;1430.00;0.00;480.00;310.00;1820.00;4060.00
1772827718.9046192;0.00;0.00;0.00;0.00;0.00;0.00;582.00;582.00;0.00;0.00;0.00;0.00;582.00;0.00;0.00;0.00;0.00;0.00;0.00;0.00;0.00;0.00;0.00;1800.00;1410.00;1410.00;1440.00;0.00;0.00;0.00;1440.00;3180.00;3670.00;3660.00;2140.00;0.00;2630.00;2532.33;1920.00;930.00;960.00;1430.00;0.00;480.00;310.00;1820.00;4060.00
1772827732.8164382;0.00;0.00;0.00;0.00;0.00;0.00;582.00;582.00;0.00;97.00;0.00;0.00;582.00;0.00;0.00;0.00;0.00;0.00;0.00;0.00;0.00;0.00;0.00;1800.00;1410.00;1410.00;1440.00;0.00;0.00;0.00;1584.67;3420.00;3980.00;3970.00;2440.00;0.00;2630.00;2532.33;1920.00;930.00;960.00;1430.00;0.00;480.00;310.00;1820.00;4360.00
1772827732.818028;0.00;0.00;0.00;0.00;0.00;0.00;582.00;582.00;0.00;97.00;0.00;0.00;582.00;0.00;0.00;0.00;0.00;0.00;0.00;0.00;0.00;0.00;0.00;1800.00;1410.00;1410.00;1440.00;0.00;0.00;0.00;1584.67;3420.00;3980.00;3970.00;2440.00;0.00;2630.00;2532.33;1920.00;930.00;960.00;1430.00;0.00;480.00;310.00;1820.00;4360.00
1772827732.8451056;0.00;0.00;0.00;0.00;0.00;0.00;582.00;582.00;0.00;194.00;0.00;0.00;582.00;0.00;0.00;0.00;0.00;0.00;0.00;0.00;0.00;0.00;0.00;1800.00;1410.00;1410.00;1440.00;0.00;0.00;0.00;1729.34;3660.00;4290.00;4270.00;2740.00;0.00;2630.00;2532.33;1920.00;930.00;960.00;1430.00;0.00;480.00;310.00;1820.00;4660.00
1772827732.8467267;0.00;0.00;0.00;0.00;0.00;0.00;582.00;582.00;0.00;194.00;0.00;0.00;582.00;0.00;0.00;0.00;0.00;0.00;0.00;0.00;0.00;0.00;0.00;1800.00;1410.00;1410.00;1440.00;0.00;0.00;0.00;1729.34;3660.00;4290.00;4270.00;2740.00;0.00;2630.00;2532.33;1920.00;930.00;960.00;1430.00;0.00;480.00;310.00;1820.00;4660.00
1772827732.8736563;0.00;0.00;0.00;0.00;0.00;0.00;582.00;582.00;0.00;291.00;0.00;0.00;582.00;0.00;0.00;0.00;0.00;0.00;0.00;0.00;0.00;0.00;0.00;1800.00;1410.00;1410.00;1440.00;0.00;0.00;0.00;1874.01;3900.00;4600.00;4570.00;3040.00;0.00;2630.00;2532.33;1920.00;930.00;960.00;1430.00;0.00;480.00;310.00;1820.00;4960.00
1772827732.8752704;0.00;0.00;0.00;0.00;0.00;0.00;582.00;582.00;0.00;291.00;0.00;0.00;582.00;0.00;0.00;0.00;0.00;0.00;0.00;0.00;0.00;0.00;0.00;1800.00;1410.00;1410.00;1440.00;0.00;0.00;0.00;1874.01;3900.00;4600.00;4570.00;3040.00;0.00;2630.00;2532.33;1920.00;930.00;960.00;1430.00;0.00;480.00;310.00;1820.00;4960.00
1772827732.902101;0.00;0.00;0.00;0.00;0.00;0.00;582.00;582.00;0.00;388.00;0.00;0.00;582.00;0.00;0.00;0.00;0.00;0.00;0.00;0.00;0.00;0.00;0.00;1800.00;1410.00;1410.00;1440.00;0.00;0.00;0.00;2114.01;4140.00;4900.00;4870.00;3340.00;0.00;2630.00;2532.33;1920.00;930.00;960.00;1430.00;0.00;480.00;310.00;1820.00;5260.00
1772827732.9037669;0.00;0.00;0.00;0.00;0.00;0.00;582.00;582.00;0.00;388.00;0.00;0.00;582.00;0.00;0.00;0.00;0.00;0.00;0.00;0.00;0.00;0.00;0.00;1800.00;1410.00;1410.00;1440.00;0.00;0.00;0.00;2114.01;4140.00;4900.00;4870.00;3340.00;0.00;2630.00;2532.33;1920.00;930.00;960.00;1430.00;0.00;480.00;310.00;1820.00;5260.00
1772827732.9303477;0.00;0.00;0.00;0.00;0.00;0.00;582.00;582.00;0.00;485.00;0.00;0.00;582.00;0.00;0.00;0.00;0.00;0.00;0.00;0.00;0.00;0.00;0.00;1800.00;1410.00;1410.00;1440.00;0.00;0.00;0.00;2354.01;4300.00;4900.00;4870.00;3340.00;0.00;2780.00;2682.33;2080.00;930.00;960.00;1430.00;0.00;480.00;310.00;1820.00;5260.00
1772827732.9320989;0.00;0.00;0.00;0.00;0.00;0.00;582.00;582.00;0.00;485.00;0.00;0.00;582.00;0.00;0.00;0.00;0.00;0.00;0.00;0.00;0.00;0.00;0.00;1800.00;1410.00;1410.00;1440.00;0.00;0.00;0.00;2354.01;4300.00;4900.00;4870.00;3340.00;0.00;2780.00;2682.33;2080.00;930.00;960.00;1430.00;0.00;480.00;310.00;1820.00;5260.00
1772827732.9589314;0.00;0.00;0.00;0.00;0.00;0.00;582.00;582.00;0.00;582.00;0.00;0.00;582.00;0.00;0.00;0.00;0.00;0.00;0.00;0.00;0.00;0.00;0.00;1800.00;1410.00;1410.00;1440.00;0.00;0.00;0.00;2594.01;4540.00;4900.00;4870.00;3340.00;0.00;3080.00;2682.33;2080.00;930.00;960.00;1430.00;0.00;480.00;310.00;1820.00;5260.00
1772827732.9607368;0.00;0.00;0.00;0.00;0.00;0.00;582.00;582.00;0.00;582.00;0.00;0.00;582.00;0.00;0.00;0.00;0.00;0.00;0.00;0.00;0.00;0.00;0.00;1800.00;1410.00;1410.00;1440.00;0.00;0.00;0.00;2594.01;4540.00;4900.00;4870.00;3340.00;0.00;3080.00;2682.33;2080.00;930.00;960.00;1430.00;0.00;480.00;310.00;1820.00;5260.00
1772827755.8465807;0.00;0.00;0.00;0.00;0.00;0.00;582.00;582.00;0.00;582.00;0.00;0.00;582.00;0.00;0.00;0.00;0.00;0.00;97.00;0.00;0.00;0.00;0.00;2110.00;1730.00;1410.00;1440.00;0.00;0.00;0.00;2594.01;4540.00;4980.00;4934.67;3500.00;0.00;3230.00;2682.33;2080.00;930.00;960.00;1430.00;0.00;480.00;470.00;1820.00;5410.00
1772827755.8476017;0.00;0.00;0.00;0.00;0.00;0.00;582.00;582.00;0.00;582.00;0.00;0.00;582.00;0.00;0.00;0.00;0.00;0.00;97.00;0.00;0.00;0.00;0.00;2110.00;1730.00;1410.00;1440.00;0.00;0.00;0.00;2594.01;4540.00;4980.00;4934.67;3500.00;0.00;3230.00;2682.33;2080.00;930.00;960.00;1430.00;0.00;480.00;470.00;1820.00;5410.00
1772827755.8639457;0.00;0.00;0.00;0.00;0.00;0.00;582.00;582.00;0.00;582.00;0.00;0.00;582.00;0.00;0.00;0.00;0.00;0.00;97.00;0.00;0.00;0.00;0.00;2110.00;1730.00;1410.00;1440.00;0.00;0.00;0.00;2594.01;4540.00;4980.00;4934.67;3500.00;0.00;3230.00;2682.33;2080.00;930.00;960.00;1430.00;0.00;480.00;470.00;1820.00;5410.00
1772827755.8649514;0.00;0.00;0.00;0.00;0.00;0.00;582.00;582.00;0.00;582.00;0.00;0.00;582.00;0.00;0.00;0.00;0.00;0.00;97.00;0.00;0.00;0.00;0.00;2110.00;1730.00;1410.00;1440.00;0.00;0.00;0.00;2594.01;4540.00;4980.00;4934.67;3500.00;0.00;3230.00;2682.33;2080.00;930.00;960.00;1430.00;0.00;480.00;470.00;1820.00;5410.00
1772827755.8812385;0.00;0.00;0.00;0.00;0.00;0.00;582.00;582.00;0.00;582.00;0.00;0.00;582.00;0.00;0.00;0.00;0.00;0.00;97.00;0.00;0.00;0.00;0.00;2110.00;1730.00;1410.00;1440.00;0.00;0.00;0.00;2594.01;4540.00;4980.00;4934.67;3500.00;0.00;3230.00;2682.33;2080.00;930.00;960.00;1430.00;0.00;480.00;470.00;1820.00;5410.00
1772827755.8821998;0.00;0.00;0.00;0.00;0.00;0.00;582.00;582.00;0.00;582.00;0.00;0.00;582.00;0.00;0.00;0.00;0.00;0.00;97.00;0.00;0.00;0.00;0.00;2110.00;1730.00;1410.00;1440.00;0.00;0.00;0.00;2594.01;4540.00;4980.00;4934.67;3500.00;0.00;3230.00;2682.33;2080.00;930.00;960.00;1430.00;0.00;480.00;470.00;1820.00;5410.00
1772827755.8984747;0.00;0.00;0.00;0.00;0.00;0.00;582.00;582.00;0.00;582.00;0.00;0.00;582.00;0.00;0.00;0.00;0.00;0.00;97.00;0.00;0.00;0.00;0.00;2110.00;1730.00;1410.00;1440.00;0.00;0.00;0.00;2594.01;4540.00;4980.00;4934.67;3500.00;0.00;3230.00;2682.33;2080.00;930.00;960.00;1430.00;0.00;480.00;470.00;1820.00;5410.00
1772827755.8994715;0.00;0.00;0.00;0.00;0.00;0.00;582.00;582.00;0.00;582.00;0.00;0.00;582.00;0.00;0.00;0.00;0.00;0.00;97.00;0.00;0.00;0.00;0.00;2110.00;1730.00;1410.00;1440.00;0.00;0.00;0.00;2594.01;4540.00;4980.00;4934.67;3500.00;0.00;3230.00;2682.33;2080.00;930.00;960.00;1430.00;0.00;480.00;470.00;1820.00;5410.00
1772827755.9725082;0.00;0.00;0.00;0.00;0.00;0.00;582.00;582.00;0.00;582.00;0.00;0.00;582.00;0.00;0.00;0.00;0.00;0.00;97.00;0.00;0.00;0.00;0.00;2110.00;1730.00;1410.00;1440.00;0.00;0.00;0.00;2594.01;4540.00;4980.00;4934.67;3500.00;0.00;3230.00;2682.33;2080.00;930.00;960.00;1430.00;0.00;480.00;470.00;1820.00;5410.00
1772827755.9735477;0.00;0.00;0.00;0.00;0.00;0.00;582.00;582.00;0.00;582.00;0.00;0.00;582.00;0.00;0.00;0.00;0.00;0.00;97.00;0.00;0.00;0.00;0.00;2110.00;1730.00;1410.00;1440.00;0.00;0.00;0.00;2594.01;4540.00;4980.00;4934.67;3500.00;0.00;3230.00;2682.33;2080.00;930.00;960.00;1430.00;0.00;480.00;470.00;1820.00;5410.00
1772827755.9897797;0.00;0.00;0.00;0.00;0.00;0.00;582.00;582.00;0.00;582.00;0.00;0.00;582.00;0.00;0.00;0.00;0.00;0.00;97.00;0.00;0.00;0.00;0.00;2110.00;1730.00;1410.00;1440.00;0.00;0.00;0.00;2594.01;4540.00;4980.00;4934.67;3500.00;0.00;3230.00;2682.33;2080.00;930.00;960.00;1430.00;0.00;480.00;470.00;1820.00;5410.00
1772827755.9907002;0.00;0.00;0.00;0.00;0.00;0.00;582.00;582.00;0.00;582.00;0.00;0.00;582.00;0.00;0.00;0.00;0.00;0.00;97.00;0.00;0.00;0.00;0.00;2110.00;1730.00;1410.00;1440.00;0.00;0.00;0.00;2594.01;4540.00;4980.00;4934.67;3500.00;0.00;3230.00;2682.33;2080.00;930.00;960.00;1430.00;0.00;480.00;470.00;1820.00;5410.00
1772827774.8895955;0.00;0.00;0.00;97.00;0.00;0.00;582.00;582.00;0.00;582.00;0.00;0.00;582.00;0.00;0.00;0.00;0.00;0.00;97.00;0.00;0.00;0.00;0.00;2110.00;1730.00;1410.00;1440.00;0.00;0.00;0.00;2818.68;4844.67;4980.00;4934.67;3500.00;0.00;3492.33;2832.33;2080.00;930.00;960.00;1430.00;0.00;480.00;470.00;1820.00;5410.00
1772827774.8906274;0.00;0.00;0.00;97.00;0.00;0.00;582.00;582.00;0.00;582.00;0.00;0.00;582.00;0.00;0.00;0.00;0.00;0.00;97.00;0.00;0.00;0.00;0.00;2110.00;1730.00;1410.00;1440.00;0.00;0.00;0.00;2818.68;4844.67;4980.00;4934.67;3500.00;0.00;3492.33;2832.33;2080.00;930.00;960.00;1430.00;0.00;480.00;470.00;1820.00;5410.00
1772827774.9069667;0.00;0.00;0.00;194.00;0.00;0.00;582.00;582.00;0.00;582.00;0.00;0.00;582.00;0.00;0.00;0.00;0.00;0.00;97.00;0.00;0.00;0.00;0.00;2260.00;1810.00;1490.00;1520.00;32.33;32.33;32.33;3075.68;4941.67;4980.00;4934.67;3500.00;0.00;3492.33;2982.33;2304.67;930.00;960.00;1590.00;0.00;480.00;470.00;1820.00;5560.00
1772827774.9079273;0.00;0.00;0.00;194.00;0.00;0.00;582.00;582.00;0.00;582.00;0.00;0.00;582.00;0.00;0.00;0.00;0.00;0.00;97.00;0.00;0.00;0.00;0.00;2260.00;1810.00;1490.00;1520.00;32.33;32.33;32.33;3075.68;4941.67;4980.00;4934.67;3500.00;0.00;3492.33;2982.33;2304.67;930.00;960.00;1590.00;0.00;480.00;470.00;1820.00;5560.00
1772827774.9240851;0.00;0.00;0.00;194.00;0.00;0.00;582.00;582.00;0.00;582.00;0.00;0.00;582.00;0.00;0.00;0.00;0.00;0.00;97.00;0.00;0.00;0.00;0.00;2260.00;1810.00;1490.00;1520.00;32.33;32.33;32.33;3075.68;4941.67;4980.00;4934.67;3500.00;0.00;3492.33;2982.33;2304.67;930.00;960.00;1590.00;0.00;480.00;470.00;1820.00;5560.00
1772827774.9251008;0.00;0.00;0.00;194.00;0.00;0.00;582.00;582.00;0.00;582.00;0.00;0.00;582.00;0.00;0.00;0.00;0.00;0.00;97.00;0.00;0.00;0.00;0.00;2260.00;1810.00;1490.00;1520.00;32.33;32.33;32.33;3075.68;4941.67;4980.00;4934.67;3500.00;0.00;3492.33;2982.33;2304.67;930.00;960.00;1590.00;0.00;480.00;470.00;1820.00;5560.00
1772827774.9410784;0.00;0.00;0.00;194.00;0.00;0.00;582.00;582.00;0.00;582.00;0.00;0.00;582.00;0.00;0.00;0.00;0.00;0.00;97.00;0.00;0.00;0.00;0.00;2260.00;1810.00;1490.00;1520.00;32.33;32.33;32.33;3075.68;4941.67;4980.00;4934.67;3500.00;0.00;3492.33;2982.33;2304.67;930.00;960.00;1590.00;0.00;480.00;470.00;1820.00;5560.00
1772827774.9420931;0.00;0.00;0.00;194.00;0.00;0.00;582.00;582.00;0.00;582.00;0.00;0.00;582.00;0.00;0.00;0.00;0.00;0.00;97.00;0.00;0.00;0.00;0.00;2260.00;1810.00;1490.00;1520.00;32.33;32.33;32.33;3075.68;4941.67;4980.00;4934.67;3500.00;0.00;3492.33;2982.33;2304.67;930.00;960.00;1590.00;0.00;480.00;470.00;1820.00;5560.00
1772827774.9582326;0.00;0.00;0.00;194.00;0.00;0.00;582.00;582.00;0.00;582.00;0.00;0.00;582.00;0.00;0.00;0.00;0.00;0.00;97.00;0.00;0.00;0.00;0.00;2260.00;1810.00;1490.00;1520.00;32.33;32.33;32.33;3075.68;4941.67;4980.00;4934.67;3500.00;0.00;3492.33;2982.33;2304.67;930.00;960.00;1590.00;0.00;480.00;470.00;1820.00;5560.00
1772827774.9591997;0.00;0.00;0.00;194.00;0.00;0.00;582.00;582.00;0.00;582.00;0.00;0.00;582.00;0.00;0.00;0.00;0.00;0.00;97.00;0.00;0.00;0.00;0.00;2260.00;1810.00;1490.00;1520.00;32.33;32.33;32.33;3075.68;4941.67;4980.00;4934.67;3500.00;0.00;3492.33;2982.33;2304.67;930.00;960.00;1590.00;0.00;480.00;470.00;1820.00;5560.00
1772827774.9753103;0.00;0.00;0.00;194.00;0.00;0.00;582.00;582.00;0.00;582.00;0.00;0.00;582.00;0.00;0.00;0.00;0.00;0.00;97.00;0.00;0.00;0.00;0.00;2260.00;1810.00;1490.00;1520.00;32.33;32.33;32.33;3075.68;4941.67;4980.00;4934.67;3500.00;0.00;3492.33;2982.33;2304.67;930.00;960.00;1590.00;0.00;480.00;470.00;1820.00;5560.00
1772827774.976283;0.00;0.00;0.00;194.00;0.00;0.00;582.00;582.00;0.00;582.00;0.00;0.00;582.00;0.00;0.00;0.00;0.00;0.00;97.00;0.00;0.00;0.00;0.00;2260.00;1810.00;1490.00;1520.00;32.33;32.33;32.33;3075.68;4941.67;4980.00;4934.67;3500.00;0.00;3492.33;2982.33;2304.67;930.00;960.00;1590.00;0.00;480.00;470.00;1820.00;5560.00
1772827790.9189248;0.00;0.00;0.00;194.00;0.00;0.00;582.00;582.00;0.00;582.00;0.00;0.00;582.00;0.00;97.00;0.00;0.00;0.00;97.00;0.00;0.00;0.00;0.00;2260.00;1810.00;1490.00;1520.00;32.33;272.33;332.33;3075.68;4941.67;4980.00;4934.67;3500.00;540.00;3492.33;2982.33;2604.67;930.00;960.00;1590.00;480.00;480.00;470.00;1820.00;5560.00
1772827790.9201543;0.00;0.00;0.00;194.00;0.00;0.00;582.00;582.00;0.00;582.00;0.00;0.00;582.00;0.00;97.00;0.00;0.00;0.00;97.00;0.00;0.00;0.00;0.00;2260.00;1810.00;1490.00;1520.00;32.33;272.33;332.33;3075.68;4941.67;4980.00;4934.67;3500.00;540.00;3492.33;2982.33;2604.67;930.00;960.00;1590.00;480.00;480.00;470.00;1820.00;5560.00
1772827790.9395535;0.00;0.00;0.00;194.00;0.00;0.00;582.00;582.00;0.00;582.00;0.00;0.00;582.00;0.00;194.00;0.00;0.00;0.00;97.00;0.00;0.00;0.00;0.00;2260.00;1810.00;1490.00;1520.00;32.33;512.33;632.33;3075.68;4941.67;4980.00;4934.67;3500.00;850.00;3492.33;2982.33;2904.67;930.00;960.00;1590.00;960.00;480.00;470.00;1820.00;5560.00
1772827790.9407346;0.00;0.00;0.00;194.00;0.00;0.00;582.00;582.00;0.00;582.00;0.00;0.00;582.00;0.00;194.00;0.00;0.00;0.00;97.00;0.00;0.00;0.00;0.00;2260.00;1810.00;1490.00;1520.00;32.33;512.33;632.33;3075.68;4941.67;4980.00;4934.67;3500.00;850.00;3492.33;2982.33;2904.67;930.00;960.00;1590.00;960.00;480.00;470.00;1820.00;5560.00
1772827790.958573;0.00;0.00;0.00;194.00;0.00;0.00;582.00;582.00;0.00;582.00;0.00;0.00;582.00;0.00;291.00;0.00;0.00;0.00;97.00;0.00;0.00;0.00;0.00;2260.00;1810.00;1490.00;1520.00;32.33;752.33;942.33;3075.68;4941.67;4980.00;4934.67;3500.00;1170.00;3492.33;2982.33;3204.67;930.00;960.00;1590.00;1120.00;480.00;470.00;1820.00;5560.00
1772827790.9603593;0.00;0.00;0.00;194.00;0.00;0.00;582.00;582.00;0.00;582.00;0.00;0.00;582.00;0.00;291.00;0.00;0.00;0.00;97.00;0.00;0.00;0.00;0.00;2260.00;1810.00;1490.00;1520.00;32.33;752.33;942.33;3075.68;4941.67;4980.00;4934.67;3500.00;1170.00;3492.33;2982.33;3204.67;930.00;960.00;1590.00;1120.00;480.00;470.00;1820.00;5560.00
1772827790.9786355;0.00;0.00;0.00;194.00;0.00;0.00;582.00;582.00;0.00;582.00;0.00;0.00;582.00;0.00;388.00;0.00;0.00;0.00;97.00;0.00;0.00;0.00;0.00;2260.00;1810.00;1490.00;1520.00;32.33;992.33;1252.33;3075.68;4941.67;4980.00;4934.67;3500.00;1490.00;3492.33;2982.33;3504.67;930.00;960.00;1590.00;1280.00;480.00;470.00;1820.00;5560.00
1772827790.980084;0.00;0.00;0.00;194.00;0.00;0.00;582.00;582.00;0.00;582.00;0.00;0.00;582.00;0.00;388.00;0.00;0.00;0.00;97.00;0.00;0.00;0.00;0.00;2260.00;1810.00;1490.00;1520.00;32.33;992.33;1252.33;3075.68;4941.67;4980.00;4934.67;3500.00;1490.00;3492.33;2982.33;3504.67;930.00;960.00;1590.00;1280.00;480.00;470.00;1820.00;5560.00
1772827791.0001395;0.00;0.00;0.00;194.00;0.00;0.00;582.00;582.00;0.00;582.00;0.00;0.00;582.00;0.00;485.00;0.00;0.00;0.00;97.00;0.00;0.00;0.00;0.00;2260.00;1810.00;1490.00;1520.00;32.33;1232.33;1562.33;3075.68;4941.67;4980.00;4934.67;3500.00;1810.00;3492.33;2982.33;3804.67;930.00;960.00;1590.00;1440.00;480.00;470.00;1820.00;5560.00
1772827791.0015533;0.00;0.00;0.00;194.00;0.00;0.00;582.00;582.00;0.00;582.00;0.00;0.00;582.00;0.00;485.00;0.00;0.00;0.00;97.00;0.00;0.00;0.00;0.00;2260.00;1810.00;1490.00;1520.00;32.33;1232.33;1562.33;3075.68;4941.67;4980.00;4934.67;3500.00;1810.00;3492.33;2982.33;3804.67;930.00;960.00;1590.00;1440.00;480.00;470.00;1820.00;5560.00
1772827791.020975;0.00;0.00;0.00;194.00;0.00;0.00;582.00;582.00;0.00;582.00;0.00;0.00;582.00;0.00;582.00;0.00;0.00;0.00;97.00;0.00;0.00;0.00;0.00;2260.00;1810.00;1490.00;1520.00;32.33;1472.33;1872.33;3075.68;4941.67;4980.00;4934.67;3500.00;1810.00;3492.33;2982.33;4104.67;930.00;960.00;1590.00;1600.00;480.00;470.00;1820.00;5560.00
1772827791.022166;0.00;0.00;0.00;194.00;0.00;0.00;582.00;582.00;0.00;582.00;0.00;0.00;582.00;0.00;582.00;0.00;0.00;0.00;97.00;0.00;0.00;0.00;0.00;2260.00;1810.00;1490.00;1520.00;32.33;1472.33;1872.33;3075.68;4941.67;4980.00;4934.67;3500.00;1810.00;3492.33;2982.33;4104.67;930.00;960.00;1590.00;1600.00;480.00;470.00;1820.00;5560.00
1772827811.9646642;0.00;0.00;0.00;194.00;0.00;0.00;582.00;0.00;0.00;582.00;0.00;0.00;582.00;97.00;582.00;0.00;0.00;0.00;97.00;0.00;0.00;0.00;0.00;2570.00;2040.00;1720.00;1520.00;32.33;1472.33;1872.33;515.68;0.00;0.00;0.00;3190.00;1810.00;3262.33;0.00;1864.67;930.00;960.00;1814.67;1600.00;480.00;470.00;0.00;5260.00
1772827811.9667592;0.00;0.00;0.00;194.00;0.00;0.00;582.00;0.00;0.00;582.00;0.00;0.00;582.00;97.00;582.00;0.00;0.00;0.00;97.00;0.00;0.00;0.00;0.00;2570.00;2040.00;1720.00;1520.00;32.33;1472.33;1872.33;515.68;0.00;0.00;0.00;3190.00;1810.00;3262.33;0.00;1864.67;930.00;960.00;1814.67;1600.00;480.00;470.00;0.00;5260.00
1772827811.997408;0.00;0.00;0.00;194.00;0.00;0.00;582.00;0.00;0.00;582.00;0.00;0.00;582.00;194.00;582.00;0.00;0.00;0.00;97.00;0.00;0.00;0.00;0.00;2880.00;2270.00;1950.00;1520.00;32.33;1472.33;1872.33;515.68;0.00;0.00;310.00;3500.00;1810.00;3262.33;0.00;1864.67;930.00;960.00;1814.67;1600.00;480.00;470.00;320.00;5560.00
1772827811.9993382;0.00;0.00;0.00;194.00;0.00;0.00;582.00;0.00;0.00;582.00;0.00;0.00;582.00;194.00;582.00;0.00;0.00;0.00;97.00;0.00;0.00;0.00;0.00;2880.00;2270.00;1950.00;1520.00;32.33;1472.33;1872.33;515.68;0.00;0.00;310.00;3500.00;1810.00;3262.33;0.00;1864.67;930.00;960.00;1814.67;1600.00;480.00;470.00;320.00;5560.00
1772827812.0294254;0.00;0.00;0.00;194.00;0.00;0.00;582.00;0.00;0.00;582.00;0.00;0.00;582.00;291.00;582.00;0.00;0.00;0.00;97.00;0.00;0.00;0.00;0.00;3180.00;2810.00;2500.00;1520.00;32.33;1472.33;1872.33;515.68;0.00;0.00;310.00;3500.00;1810.00;3262.33;0.00;1864.67;930.00;960.00;1814.67;1600.00;480.00;470.00;320.00;5860.00
1772827812.0314522;0.00;0.00;0.00;194.00;0.00;0.00;582.00;0.00;0.00;582.00;0.00;0.00;582.00;291.00;582.00;0.00;0.00;0.00;97.00;0.00;0.00;0.00;0.00;3180.00;2810.00;2500.00;1520.00;32.33;1472.33;1872.33;515.68;0.00;0.00;310.00;3500.00;1810.00;3262.33;0.00;1864.67;930.00;960.00;1814.67;1600.00;480.00;470.00;320.00;5860.00
1772827812.061147;0.00;0.00;0.00;194.00;0.00;0.00;582.00;0.00;0.00;582.00;0.00;0.00;582.00;388.00;582.00;0.00;0.00;0.00;97.00;0.00;0.00;0.00;0.00;3362.33;3034.67;2724.67;1840.00;32.33;1472.33;1872.33;515.68;0.00;230.00;492.33;3682.33;1810.00;3492.33;0.00;1864.67;930.00;960.00;1814.67;1600.00;480.00;470.00;320.00;6160.00
1772827812.0632584;0.00;0.00;0.00;194.00;0.00;0.00;582.00;0.00;0.00;582.00;0.00;0.00;582.00;388.00;582.00;0.00;0.00;0.00;97.00;0.00;0.00;0.00;0.00;3362.33;3034.67;2724.67;1840.00;32.33;1472.33;1872.33;515.68;0.00;230.00;492.33;3682.33;1810.00;3492.33;0.00;1864.67;930.00;960.00;1814.67;1600.00;480.00;470.00;320.00;6160.00
1772827812.0928023;0.00;0.00;0.00;194.00;0.00;0.00;582.00;0.00;0.00;582.00;0.00;0.00;582.00;485.00;582.00;0.00;0.00;0.00;97.00;0.00;0.00;0.00;0.00;3662.33;3574.67;3264.67;2320.00;32.33;1472.33;1872.33;515.68;0.00;230.00;492.33;3682.33;1810.00;3492.33;0.00;1864.67;930.00;960.00;1814.67;1600.00;480.00;470.00;320.00;6460.00
1772827812.094862;0.00;0.00;0.00;194.00;0.00;0.00;582.00;0.00;0.00;582.00;0.00;0.00;582.00;485.00;582.00;0.00;0.00;0.00;97.00;0.00;0.00;0.00;0.00;3662.33;3574.67;3264.67;2320.00;32.33;1472.33;1872.33;515.68;0.00;230.00;492.33;3682.33;1810.00;3492.33;0.00;1864.67;930.00;960.00;1814.67;1600.00;480.00;470.00;320.00;6460.00
1772827812.1245553;0.00;0.00;0.00;194.00;0.00;0.00;582.00;0.00;0.00;582.00;0.00;0.00;582.00;582.00;582.00;0.00;0.00;0.00;97.00;0.00;0.00;0.00;0.00;3962.33;3971.67;3661.67;2704.67;32.33;1472.33;1872.33;515.68;0.00;230.00;492.33;3682.33;1810.00;3492.33;0.00;1864.67;1042.33;1184.67;1814.67;1600.00;480.00;470.00;320.00;6760.00
1772827812.1266682;0.00;0.00;0.00;194.00;0.00;0.00;582.00;0.00;0.00;582.00;0.00;0.00;582.00;582.00;582.00;0.00;0.00;0.00;97.00;0.00;0.00;0.00;0.00;3962.33;3971.67;3661.67;2704.67;32.33;1472.33;1872.33;515.68;0.00;230.00;492.33;3682.33;1810.00;3492.33;0.00;1864.67;1042.33;1184.67;1814.67;1600.00;480.00;470.00;320.00;6760.00
1772827828.1172917;0.00;0.00;0.00;194.00;0.00;0.00;582.00;0.00;0.00;582.00;0.00;0.00;582.00;582.00;582.00;0.00;0.00;97.00;97.00;0.00;0.00;0.00;0.00;3962.33;3971.67;3758.67;2801.67;129.33;1712.33;2182.33;665.68;150.00;380.00;642.33;3832.33;1810.00;3492.33;0.00;2324.67;1042.33;1184.67;1814.67;1760.00;480.00;470.00;320.00;6910.00
1772827828.1196153;0.00;0.00;0.00;194.00;0.00;0.00;582.00;0.00;0.00;582.00;0.00;0.00;582.00;582.00;582.00;0.00;0.00;97.00;97.00;0.00;0.00;0.00;0.00;3962.33;3971.67;3758.67;2801.67;129.33;1712.33;2182.33;665.68;150.00;380.00;642.33;3832.33;1810.00;3492.33;0.00;2324.67;1042.33;1184.67;1814.67;1760.00;480.00;470.00;320.00;6910.00
1772827828.1504116;0.00;0.00;0.00;194.00;0.00;0.00;582.00;0.00;0.00;582.00;0.00;0.00;582.00;582.00;582.00;0.00;0.00;194.00;97.00;0.00;0.00;0.00;0.00;3962.33;3971.67;3855.67;2898.67;226.33;1952.33;2422.33;965.68;450.00;680.00;942.33;4132.33;1970.00;3492.33;0.00;2864.67;1042.33;1184.67;1814.67;1760.00;480.00;470.00;320.00;7210.00
1772827828.1527796;0.00;0.00;0.00;194.00;0.00;0.00;582.00;0.00;0.00;582.00;0.00;0.00;582.00;582.00;582.00;0.00;0.00;194.00;97.00;0.00;0.00;0.00;0.00;3962.33;3971.67;3855.67;2898.67;226.33;1952.33;2422.33;965.68;450.00;680.00;942.33;4132.33;1970.00;3492.33;0.00;2864.67;1042.33;1184.67;1814.67;1760.00;480.00;470.00;320.00;7210.00
1772827828.1840706;0.00;0.00;0.00;194.00;0.00;0.00;582.00;0.00;0.00;582.00;0.00;0.00;582.00;582.00;582.00;0.00;0.00;291.00;97.00;0.00;0.00;0.00;0.00;3962.33;3971.67;3952.67;2995.67;323.33;2192.33;2662.33;1195.68;750.00;980.00;1242.33;4282.33;1970.00;3492.33;230.00;3174.67;1042.33;1184.67;1814.67;1760.00;480.00;470.00;470.00;7360.00
1772827828.1864996;0.00;0.00;0.00;194.00;0.00;0.00;582.00;0.00;0.00;582.00;0.00;0.00;582.00;582.00;582.00;0.00;0.00;291.00;97.00;0.00;0.00;0.00;0.00;3962.33;3971.67;3952.67;2995.67;323.33;2192.33;2662.33;1195.68;750.00;980.00;1242.33;4282.33;1970.00;3492.33;230.00;3174.67;1042.33;1184.67;1814.67;1760.00;480.00;470.00;470.00;7360.00
1772827828.217945;0.00;0.00;0.00;194.00;0.00;0.00;582.00;0.00;0.00;582.00;0.00;0.00;582.00;582.00;582.00;0.00;0.00;388.00;97.00;0.00;0.00;0.00;0.00;3962.33;3971.67;4049.67;3092.67;420.33;2432.33;2902.33;1495.68;1050.00;1280.00;1542.33;4582.33;1970.00;3492.33;230.00;3484.67;1042.33;1184.67;1814.67;1760.00;480.00;470.00;470.00;7660.00
1772827828.220455;0.00;0.00;0.00;194.00;0.00;0.00;582.00;0.00;0.00;582.00;0.00;0.00;582.00;582.00;582.00;0.00;0.00;388.00;97.00;0.00;0.00;0.00;0.00;3962.33;3971.67;4049.67;3092.67;420.33;2432.33;2902.33;1495.68;1050.00;1280.00;1542.33;4582.33;1970.00;3492.33;230.00;3484.67;1042.33;1184.67;1814.67;1760.00;480.00;470.00;470.00;7660.00
1772827828.2517307;0.00;0.00;0.00;194.00;0.00;0.00;582.00;0.00;0.00;582.00;0.00;0.00;582.00;582.00;582.00;0.00;0.00;485.00;97.00;0.00;0.00;0.00;0.00;3962.33;3971.67;4146.67;3189.67;517.33;2672.33;3142.33;1805.68;1350.00;1580.00;1842.33;4732.33;1970.00;3492.33;540.00;3484.67;1042.33;1184.67;1814.67;1760.00;480.00;470.00;620.00;7810.00
1772827828.2541583;0.00;0.00;0.00;194.00;0.00;0.00;582.00;0.00;0.00;582.00;0.00;0.00;582.00;582.00;582.00;0.00;0.00;485.00;97.00;0.00;0.00;0.00;0.00;3962.33;3971.67;4146.67;3189.67;517.33;2672.33;3142.33;1805.68;1350.00;1580.00;1842.33;4732.33;1970.00;3492.33;540.00;3484.67;1042.33;1184.67;1814.67;1760.00;480.00;470.00;620.00;7810.00
1772827828.2852895;0.00;0.00;0.00;194.00;0.00;0.00;582.00;0.00;0.00;582.00;0.00;0.00;582.00;582.00;582.00;0.00;0.00;582.00;97.00;0.00;0.00;0.00;0.00;3962.33;3971.67;4243.67;3286.67;614.33;2912.33;3382.33;2115.68;1650.00;1880.00;2142.33;4882.33;1970.00;3492.33;850.00;3484.67;1042.33;1184.67;1814.67;1760.00;480.00;470.00;770.00;7960.00
1772827828.2879217;0.00;0.00;0.00;194.00;0.00;0.00;582.00;0.00;0.00;582.00;0.00;0.00;582.00;582.00;582.00;0.00;0.00;582.00;97.00;0.00;0.00;0.00;0.00;3962.33;3971.67;4243.67;3286.67;614.33;2912.33;3382.33;2115.68;1650.00;1880.00;2142.33;4882.33;1970.00;3492.33;850.00;3484.67;1042.33;1184.67;1814.67;1760.00;480.00;470.00;770.00;7960.00
1772827847.044293;0.00;0.00;0.00;194.00;0.00;0.00;0.00;0.00;0.00;582.00;0.00;0.00;0.00;582.00;582.00;0.00;0.00;582.00;97.00;0.00;0.00;0.00;97.00;0.00;61.67;0.00;0.00;614.33;2912.33;3382.33;2115.68;0.00;230.00;550.00;310.00;1970.00;0.00;737.67;3484.67;0.00;224.67;0.00;1760.00;0.00;480.00;930.00;300.00
1772827847.046338;0.00;0.00;0.00;194.00;0.00;0.00;0.00;0.00;0.00;582.00;0.00;0.00;0.00;582.00;582.00;0.00;0.00;582.00;97.00;0.00;0.00;0.00;97.00;0.00;61.67;0.00;0.00;614.33;2912.33;3382.33;2115.68;0.00;230.00;550.00;310.00;1970.00;0.00;737.67;3484.67;0.00;224.67;0.00;1760.00;0.00;480.00;930.00;300.00
1772827847.0824475;0.00;0.00;0.00;194.00;0.00;0.00;0.00;0.00;0.00;582.00;0.00;0.00;0.00;582.00;582.00;0.00;0.00;582.00;97.00;0.00;0.00;0.00;194.00;230.00;61.67;0.00;0.00;614.33;2912.33;3382.33;2115.68;0.00;550.00;870.00;550.00;1970.00;320.00;737.67;3484.67;0.00;224.67;160.00;1760.00;0.00;480.00;930.00;600.00
1772827847.0845408;0.00;0.00;0.00;194.00;0.00;0.00;0.00;0.00;0.00;582.00;0.00;0.00;0.00;582.00;582.00;0.00;0.00;582.00;97.00;0.00;0.00;0.00;194.00;230.00;61.67;0.00;0.00;614.33;2912.33;3382.33;2115.68;0.00;550.00;870.00;550.00;1970.00;320.00;737.67;3484.67;0.00;224.67;160.00;1760.00;0.00;480.00;930.00;600.00
1772827847.1210544;0.00;0.00;0.00;194.00;0.00;0.00;0.00;0.00;0.00;582.00;0.00;0.00;0.00;582.00;582.00;0.00;0.00;582.00;97.00;0.00;0.00;0.00;291.00;230.00;61.67;0.00;0.00;614.33;2912.33;3382.33;2115.68;230.00;1100.00;1420.00;710.00;1970.00;640.00;897.67;3484.67;0.00;224.67;160.00;1760.00;0.00;480.00;1080.00;750.00
1772827847.1233065;0.00;0.00;0.00;194.00;0.00;0.00;0.00;0.00;0.00;582.00;0.00;0.00;0.00;582.00;582.00;0.00;0.00;582.00;97.00;0.00;0.00;0.00;291.00;230.00;61.67;0.00;0.00;614.33;2912.33;3382.33;2115.68;230.00;1100.00;1420.00;710.00;1970.00;640.00;897.67;3484.67;0.00;224.67;160.00;1760.00;0.00;480.00;1080.00;750.00
1772827847.1585743;0.00;0.00;0.00;194.00;0.00;0.00;0.00;0.00;0.00;582.00;0.00;0.00;0.00;582.00;582.00;0.00;0.00;582.00;97.00;0.00;0.00;0.00;388.00;540.00;61.67;0.00;0.00;614.33;2912.33;3382.33;2345.68;460.00;1330.00;1650.00;924.67;1970.00;640.00;897.67;3644.67;0.00;224.67;480.00;1760.00;0.00;480.00;1080.00;1050.00
1772827847.1607966;0.00;0.00;0.00;194.00;0.00;0.00;0.00;0.00;0.00;582.00;0.00;0.00;0.00;582.00;582.00;0.00;0.00;582.00;97.00;0.00;0.00;0.00;388.00;540.00;61.67;0.00;0.00;614.33;2912.33;3382.33;2345.68;460.00;1330.00;1650.00;924.67;1970.00;640.00;897.67;3644.67;0.00;224.67;480.00;1760.00;0.00;480.00;1080.00;1050.00
1772827847.1949704;0.00;0.00;0.00;194.00;0.00;0.00;0.00;0.00;0.00;582.00;0.00;0.00;0.00;582.00;582.00;0.00;0.00;582.00;97.00;0.00;0.00;0.00;485.00;540.00;61.67;0.00;0.00;614.33;2912.33;3382.33;2575.68;1010.00;1774.67;2094.67;1224.67;1970.00;950.00;1377.67;3644.67;0.00;224.67;480.00;1760.00;0.00;480.00;1080.00;1350.00
1772827847.1971579;0.00;0.00;0.00;194.00;0.00;0.00;0.00;0.00;0.00;582.00;0.00;0.00;0.00;582.00;582.00;0.00;0.00;582.00;97.00;0.00;0.00;0.00;485.00;540.00;61.67;0.00;0.00;614.33;2912.33;3382.33;2575.68;1010.00;1774.67;2094.67;1224.67;1970.00;950.00;1377.67;3644.67;0.00;224.67;480.00;1760.00;0.00;480.00;1080.00;1350.00
1772827847.2329884;0.00;0.00;0.00;194.00;0.00;0.00;0.00;0.00;0.00;582.00;0.00;0.00;0.00;582.00;582.00;0.00;0.00;582.00;97.00;0.00;0.00;0.00;582.00;540.00;61.67;0.00;0.00;614.33;2912.33;3382.33;2805.68;1560.00;2219.34;2491.67;1524.67;1970.00;1420.00;1697.67;3644.67;0.00;224.67;480.00;1760.00;0.00;480.00;1080.00;1650.00
1772827847.2353637;0.00;0.00;0.00;194.00;0.00;0.00;0.00;0.00;0.00;582.00;0.00;0.00;0.00;582.00;582.00;0.00;0.00;582.00;97.00;0.00;0.00;0.00;582.00;540.00;61.67;0.00;0.00;614.33;2912.33;3382.33;2805.68;1560.00;2219.34;2491.67;1524.67;1970.00;1420.00;1697.67;3644.67;0.00;224.67;480.00;1760.00;0.00;480.00;1080.00;1650.00
1772827857.0876422;0.00;0.00;0.00;194.00;97.00;0.00;0.00;0.00;0.00;0.00;0.00;0.00;0.00;582.00;582.00;0.00;0.00;582.00;97.00;0.00;0.00;0.00;582.00;540.00;61.67;0.00;0.00;614.33;2912.33;3382.33;51.67;230.00;310.00;310.00;150.00;1970.00;390.00;1707.67;3484.67;0.00;224.67;480.00;1760.00;0.00;480.00;1230.00;150.00
1772827857.089674;0.00;0.00;0.00;194.00;97.00;0.00;0.00;0.00;0.00;0.00;0.00;0.00;0.00;582.00;582.00;0.00;0.00;582.00;97.00;0.00;0.00;0.00;582.00;540.00;61.67;0.00;0.00;614.33;2912.33;3382.33;51.67;230.00;310.00;310.00;150.00;1970.00;390.00;1707.67;3484.67;0.00;224.67;480.00;1760.00;0.00;480.00;1230.00;150.00
1772827857.1241894;0.00;0.00;0.00;194.00;194.00;0.00;0.00;0.00;0.00;0.00;0.00;0.00;0.00;582.00;582.00;0.00;0.00;582.00;97.00;0.00;0.00;0.00;582.00;540.00;61.67;0.00;0.00;614.33;2912.33;3382.33;51.67;567.00;620.00;610.00;450.00;1970.00;390.00;1867.67;3484.67;0.00;224.67;480.00;1760.00;0.00;480.00;1230.00;450.00
1772827857.1262882;0.00;0.00;0.00;194.00;194.00;0.00;0.00;0.00;0.00;0.00;0.00;0.00;0.00;582.00;582.00;0.00;0.00;582.00;97.00;0.00;0.00;0.00;582.00;540.00;61.67;0.00;0.00;614.33;2912.33;3382.33;51.67;567.00;620.00;610.00;450.00;1970.00;390.00;1867.67;3484.67;0.00;224.67;480.00;1760.00;0.00;480.00;1230.00;450.00
1772827857.2714462;0.00;0.00;0.00;194.00;291.00;0.00;0.00;0.00;0.00;0.00;0.00;0.00;0.00;582.00;582.00;0.00;0.00;582.00;97.00;0.00;0.00;0.00;582.00;540.00;61.67;0.00;0.00;614.33;2912.33;3382.33;281.67;1021.67;930.00;910.00;750.00;1970.00;390.00;1867.67;3644.67;0.00;224.67;480.00;1760.00;0.00;480.00;1230.00;750.00
1772827857.2736788;0.00;0.00;0.00;194.00;291.00;0.00;0.00;0.00;0.00;0.00;0.00;0.00;0.00;582.00;582.00;0.00;0.00;582.00;97.00;0.00;0.00;0.00;582.00;540.00;61.67;0.00;0.00;614.33;2912.33;3382.33;281.67;1021.67;930.00;910.00;750.00;1970.00;390.00;1867.67;3644.67;0.00;224.67;480.00;1760.00;0.00;480.00;1230.00;750.00
1772827857.3082955;0.00;0.00;0.00;194.00;388.00;0.00;0.00;0.00;0.00;0.00;0.00;0.00;0.00;582.00;582.00;0.00;0.00;582.00;97.00;0.00;0.00;0.00;582.00;540.00;61.67;0.00;0.00;614.33;2912.33;3612.33;361.67;1326.34;1080.00;1060.00;900.00;1970.00;390.00;2252.34;3794.67;0.00;224.67;480.00;1760.00;0.00;480.00;1230.00;900.00
1772827857.3104768;0.00;0.00;0.00;194.00;388.00;0.00;0.00;0.00;0.00;0.00;0.00;0.00;0.00;582.00;582.00;0.00;0.00;582.00;97.00;0.00;0.00;0.00;582.00;540.00;61.67;0.00;0.00;614.33;2912.33;3612.33;361.67;1326.34;1080.00;1060.00;900.00;1970.00;390.00;2252.34;3794.67;0.00;224.67;480.00;1760.00;0.00;480.00;1230.00;900.00
1772827857.3448298;0.00;0.00;0.00;194.00;485.00;0.00;0.00;0.00;0.00;0.00;0.00;0.00;0.00;582.00;582.00;0.00;0.00;582.00;97.00;0.00;0.00;0.00;582.00;540.00;61.67;0.00;0.00;614.33;2992.33;3692.33;441.67;1583.34;1230.00;1210.00;1050.00;1970.00;390.00;2477.01;3794.67;0.00;224.67;480.00;1910.00;0.00;480.00;1230.00;1050.00
1772827857.3470776;0.00;0.00;0.00;194.00;485.00;0.00;0.00;0.00;0.00;0.00;0.00;0.00;0.00;582.00;582.00;0.00;0.00;582.00;97.00;0.00;0.00;0.00;582.00;540.00;61.67;0.00;0.00;614.33;2992.33;3692.33;441.67;1583.34;1230.00;1210.00;1050.00;1970.00;390.00;2477.01;3794.67;0.00;224.67;480.00;1910.00;0.00;480.00;1230.00;1050.00
1772827857.381367;0.00;0.00;0.00;194.00;582.00;0.00;0.00;0.00;0.00;0.00;0.00;0.00;0.00;582.00;582.00;0.00;0.00;582.00;97.00;0.00;0.00;0.00;582.00;850.00;61.67;0.00;0.00;614.33;3072.33;3772.33;521.67;1615.67;1390.00;1370.00;1210.00;1970.00;390.00;2477.01;3794.67;0.00;224.67;800.00;2060.00;0.00;480.00;1230.00;1200.00
1772827857.38365;0.00;0.00;0.00;194.00;582.00;0.00;0.00;0.00;0.00;0.00;0.00;0.00;0.00;582.00;582.00;0.00;0.00;582.00;97.00;0.00;0.00;0.00;582.00;850.00;61.67;0.00;0.00;614.33;3072.33;3772.33;521.67;1615.67;1390.00;1370.00;1210.00;1970.00;390.00;2477.01;3794.67;0.00;224.67;800.00;2060.00;0.00;480.00;1230.00;1200.00
1772827869.1285915;0.00;0.00;0.00;194.00;582.00;0.00;0.00;0.00;0.00;0.00;0.00;0.00;0.00;582.00;582.00;0.00;0.00;582.00;0.00;97.00;0.00;0.00;582.00;840.00;300.00;310.00;230.00;614.33;3072.33;3772.33;521.67;1615.67;1310.00;1305.33;1050.00;1970.00;240.00;2477.01;3794.67;0.00;384.67;800.00;2060.00;320.00;320.00;1230.00;1350.00
1772827869.1308343;0.00;0.00;0.00;194.00;582.00;0.00;0.00;0.00;0.00;0.00;0.00;0.00;0.00;582.00;582.00;0.00;0.00;582.00;0.00;97.00;0.00;0.00;582.00;840.00;300.00;310.00;230.00;614.33;3072.33;3772.33;521.67;1615.67;1310.00;1305.33;1050.00;1970.00;240.00;2477.01;3794.67;0.00;384.67;800.00;2060.00;320.00;320.00;1230.00;1350.00
1772827869.1638362;0.00;0.00;0.00;194.00;582.00;0.00;0.00;0.00;0.00;0.00;0.00;0.00;0.00;582.00;582.00;0.00;0.00;582.00;0.00;194.00;0.00;0.00;582.00;1140.00;600.00;620.00;460.00;614.33;3072.33;3772.33;521.67;1615.67;1310.00;1305.33;1050.00;1970.00;240.00;2477.01;3794.67;320.00;544.67;800.00;2060.00;320.00;320.00;1230.00;1650.00
1772827869.1660767;0.00;0.00;0.00;194.00;582.00;0.00;0.00;0.00;0.00;0.00;0.00;0.00;0.00;582.00;582.00;0.00;0.00;582.00;0.00;194.00;0.00;0.00;582.00;1140.00;600.00;620.00;460.00;614.33;3072.33;3772.33;521.67;1615.67;1310.00;1305.33;1050.00;1970.00;240.00;2477.01;3794.67;320.00;544.67;800.00;2060.00;320.00;320.00;1230.00;1650.00
1772827869.1982179;0.00;0.00;0.00;194.00;582.00;0.00;0.00;0.00;0.00;0.00;0.00;0.00;0.00;582.00;582.00;0.00;0.00;582.00;0.00;291.00;0.00;0.00;582.00;1440.00;910.00;930.00;690.00;614.33;3072.33;3772.33;521.67;1615.67;1310.00;1305.33;1050.00;1970.00;240.00;2477.01;3794.67;640.00;704.67;800.00;2060.00;320.00;320.00;1230.00;1950.00
1772827869.2004983;0.00;0.00;0.00;194.00;582.00;0.00;0.00;0.00;0.00;0.00;0.00;0.00;0.00;582.00;582.00;0.00;0.00;582.00;0.00;291.00;0.00;0.00;582.00;1440.00;910.00;930.00;690.00;614.33;3072.33;3772.33;521.67;1615.67;1310.00;1305.33;1050.00;1970.00;240.00;2477.01;3794.67;640.00;704.67;800.00;2060.00;320.00;320.00;1230.00;1950.00
1772827869.2326517;0.00;0.00;0.00;194.00;582.00;0.00;0.00;0.00;0.00;0.00;0.00;0.00;0.00;582.00;582.00;0.00;0.00;582.00;0.00;388.00;0.00;0.00;582.00;1740.00;1210.00;1230.00;1240.00;614.33;3072.33;3772.33;521.67;1615.67;1310.00;1305.33;1050.00;1970.00;240.00;2477.01;3794.67;950.00;1184.67;800.00;2060.00;320.00;320.00;1230.00;2250.00
1772827869.2349122;0.00;0.00;0.00;194.00;582.00;0.00;0.00;0.00;0.00;0.00;0.00;0.00;0.00;582.00;582.00;0.00;0.00;582.00;0.00;388.00;0.00;0.00;582.00;1740.00;1210.00;1230.00;1240.00;614.33;3072.33;3772.33;521.67;1615.67;1310.00;1305.33;1050.00;1970.00;240.00;2477.01;3794.67;950.00;1184.67;800.00;2060.00;320.00;320.00;1230.00;2250.00
1772827869.266862;0.00;0.00;0.00;194.00;582.00;0.00;0.00;0.00;0.00;0.00;0.00;0.00;0.00;582.00;582.00;0.00;0.00;582.00;0.00;485.00;0.00;0.00;582.00;2040.00;1510.00;1530.00;1780.00;614.33;3072.33;3772.33;521.67;1615.67;1310.00;1305.33;1050.00;1970.00;240.00;2477.01;3794.67;950.00;1664.67;800.00;2060.00;320.00;320.00;1230.00;2550.00
1772827869.2692728;0.00;0.00;0.00;194.00;582.00;0.00;0.00;0.00;0.00;0.00;0.00;0.00;0.00;582.00;582.00;0.00;0.00;582.00;0.00;485.00;0.00;0.00;582.00;2040.00;1510.00;1530.00;1780.00;614.33;3072.33;3772.33;521.67;1615.67;1310.00;1305.33;1050.00;1970.00;240.00;2477.01;3794.67;950.00;1664.67;800.00;2060.00;320.00;320.00;1230.00;2550.00
1772827869.301224;0.00;0.00;0.00;194.00;582.00;0.00;0.00;0.00;0.00;0.00;0.00;0.00;0.00;582.00;582.00;0.00;0.00;582.00;0.00;582.00;0.00;0.00;582.00;2340.00;1810.00;1830.00;2234.67;614.33;3072.33;3772.33;521.67;1615.67;1310.00;1305.33;1050.00;1970.00;240.00;2477.01;3794.67;950.00;2049.34;800.00;2060.00;320.00;320.00;1230.00;2850.00
1772827869.3037558;0.00;0.00;0.00;194.00;582.00;0.00;0.00;0.00;0.00;0.00;0.00;0.00;0.00;582.00;582.00;0.00;0.00;582.00;0.00;582.00;0.00;0.00;582.00;2340.00;1810.00;1830.00;2234.67;614.33;3072.33;3772.33;521.67;1615.67;1310.00;1305.33;1050.00;1970.00;240.00;2477.01;3794.67;950.00;2049.34;800.00;2060.00;320.00;320.00;1230.00;2850.00
1772827894.1608782;0.00;0.00;0.00;0.00;582.00;0.00;0.00;0.00;0.00;0.00;0.00;97.00;0.00;582.00;582.00;0.00;0.00;582.00;0.00;582.00;0.00;0.00;582.00;2340.00;1810.00;1830.00;2219.34;742.00;3200.00;3900.00;200.00;1364.00;1460.00;1455.33;1050.00;1970.00;0.00;1877.01;3570.00;1062.33;2049.34;640.00;2060.00;480.00;320.00;1380.00;2850.00
1772827894.1633263;0.00;0.00;0.00;0.00;582.00;0.00;0.00;0.00;0.00;0.00;0.00;97.00;0.00;582.00;582.00;0.00;0.00;582.00;0.00;582.00;0.00;0.00;582.00;2340.00;1810.00;1830.00;2219.34;742.00;3200.00;3900.00;200.00;1364.00;1460.00;1455.33;1050.00;1970.00;0.00;1877.01;3570.00;1062.33;2049.34;640.00;2060.00;480.00;320.00;1380.00;2850.00
1772827894.19463;0.00;0.00;0.00;0.00;582.00;0.00;0.00;0.00;0.00;0.00;0.00;194.00;0.00;582.00;582.00;0.00;0.00;582.00;0.00;582.00;0.00;0.00;582.00;2340.00;1810.00;1830.00;2316.34;982.00;3440.00;4140.00;440.00;1664.00;1760.00;1755.33;1050.00;1970.00;0.00;1877.01;3730.00;1062.33;2049.34;640.00;2060.00;480.00;320.00;1680.00;2850.00
1772827894.1971242;0.00;0.00;0.00;0.00;582.00;0.00;0.00;0.00;0.00;0.00;0.00;194.00;0.00;582.00;582.00;0.00;0.00;582.00;0.00;582.00;0.00;0.00;582.00;2340.00;1810.00;1830.00;2316.34;982.00;3440.00;4140.00;440.00;1664.00;1760.00;1755.33;1050.00;1970.00;0.00;1877.01;3730.00;1062.33;2049.34;640.00;2060.00;480.00;320.00;1680.00;2850.00
1772827894.2287838;0.00;0.00;0.00;0.00;582.00;0.00;0.00;0.00;0.00;0.00;0.00;291.00;0.00;582.00;582.00;0.00;0.00;582.00;0.00;582.00;0.00;0.00;582.00;2340.00;1810.00;1830.00;2413.34;1222.00;3680.00;4380.00;680.00;1894.00;2060.00;2055.33;1200.00;1970.00;0.00;1877.01;3730.00;1062.33;2049.34;640.00;2060.00;480.00;320.00;1830.00;3000.00
1772827894.2312856;0.00;0.00;0.00;0.00;582.00;0.00;0.00;0.00;0.00;0.00;0.00;291.00;0.00;582.00;582.00;0.00;0.00;582.00;0.00;582.00;0.00;0.00;582.00;2340.00;1810.00;1830.00;2413.34;1222.00;3680.00;4380.00;680.00;1894.00;2060.00;2055.33;1200.00;1970.00;0.00;1877.01;3730.00;1062.33;2049.34;640.00;2060.00;480.00;320.00;1830.00;3000.00
1772827894.3811536;0.00;0.00;0.00;0.00;582.00;0.00;0.00;0.00;0.00;0.00;0.00;388.00;0.00;582.00;582.00;0.00;0.00;582.00;0.00;582.00;0.00;0.00;582.00;2340.00;1810.00;1830.00;2510.34;1366.67;3840.00;4540.00;830.00;2044.00;2210.00;2205.33;1350.00;1970.00;0.00;1877.01;3730.00;1062.33;2161.67;640.00;2434.67;480.00;320.00;1830.00;3150.00
1772827894.3837793;0.00;0.00;0.00;0.00;582.00;0.00;0.00;0.00;0.00;0.00;0.00;388.00;0.00;582.00;582.00;0.00;0.00;582.00;0.00;582.00;0.00;0.00;582.00;2340.00;1810.00;1830.00;2510.34;1366.67;3840.00;4540.00;830.00;2044.00;2210.00;2205.33;1350.00;1970.00;0.00;1877.01;3730.00;1062.33;2161.67;640.00;2434.67;480.00;320.00;1830.00;3150.00
1772827894.4144952;0.00;0.00;0.00;0.00;582.00;0.00;0.00;0.00;0.00;0.00;0.00;388.00;0.00;582.00;582.00;0.00;0.00;582.00;0.00;582.00;0.00;0.00;582.00;2340.00;1810.00;1830.00;2510.34;1366.67;3840.00;4540.00;830.00;2044.00;2210.00;2205.33;1350.00;1970.00;0.00;1877.01;3730.00;1062.33;2161.67;640.00;2434.67;480.00;320.00;1830.00;3150.00
1772827894.41706;0.00;0.00;0.00;0.00;582.00;0.00;0.00;0.00;0.00;0.00;0.00;388.00;0.00;582.00;582.00;0.00;0.00;582.00;0.00;582.00;0.00;0.00;582.00;2340.00;1810.00;1830.00;2510.34;1366.67;3840.00;4540.00;830.00;2044.00;2210.00;2205.33;1350.00;1970.00;0.00;1877.01;3730.00;1062.33;2161.67;640.00;2434.67;480.00;320.00;1830.00;3150.00
1772827894.4474485;0.00;0.00;0.00;0.00;582.00;0.00;0.00;0.00;0.00;0.00;0.00;388.00;0.00;582.00;582.00;0.00;0.00;582.00;0.00;582.00;0.00;0.00;582.00;2340.00;1810.00;1830.00;2510.34;1366.67;3840.00;4540.00;830.00;2044.00;2210.00;2205.33;1350.00;1970.00;0.00;1877.01;3730.00;1062.33;2161.67;640.00;2434.67;480.00;320.00;1830.00;3150.00
1772827894.4499989;0.00;0.00;0.00;0.00;582.00;0.00;0.00;0.00;0.00;0.00;0.00;388.00;0.00;582.00;582.00;0.00;0.00;582.00;0.00;582.00;0.00;0.00;582.00;2340.00;1810.00;1830.00;2510.34;1366.67;3840.00;4540.00;830.00;2044.00;2210.00;2205.33;1350.00;1970.00;0.00;1877.01;3730.00;1062.33;2161.67;640.00;2434.67;480.00;320.00;1830.00;3150.00
1772827914.2054992;0.00;0.00;0.00;97.00;582.00;0.00;0.00;0.00;0.00;0.00;0.00;388.00;0.00;582.00;0.00;0.00;0.00;582.00;0.00;582.00;0.00;0.00;582.00;2340.00;1810.00;1830.00;2510.34;1366.67;0.00;230.00;1230.00;2434.00;2360.00;2355.33;1350.00;230.00;0.00;1877.01;150.00;1062.33;2161.67;640.00;0.00;480.00;320.00;1980.00;3150.00
1772827914.2078662;0.00;0.00;0.00;97.00;582.00;0.00;0.00;0.00;0.00;0.00;0.00;388.00;0.00;582.00;0.00;0.00;0.00;582.00;0.00;582.00;0.00;0.00;582.00;2340.00;1810.00;1830.00;2510.34;1366.67;0.00;230.00;1230.00;2434.00;2360.00;2355.33;1350.00;230.00;0.00;1877.01;150.00;1062.33;2161.67;640.00;0.00;480.00;320.00;1980.00;3150.00
1772827914.2409945;0.00;0.00;0.00;194.00;582.00;0.00;0.00;0.00;0.00;0.00;0.00;388.00;0.00;582.00;0.00;0.00;0.00;582.00;0.00;582.00;0.00;0.00;582.00;2340.00;1810.00;1830.00;2510.34;1366.67;0.00;460.00;1630.00;2824.00;2510.00;2505.33;1350.00;230.00;0.00;1877.01;300.00;1062.33;2161.67;640.00;0.00;480.00;320.00;2130.00;3150.00
1772827914.2434287;0.00;0.00;0.00;194.00;582.00;0.00;0.00;0.00;0.00;0.00;0.00;388.00;0.00;582.00;0.00;0.00;0.00;582.00;0.00;582.00;0.00;0.00;582.00;2340.00;1810.00;1830.00;2510.34;1366.67;0.00;460.00;1630.00;2824.00;2510.00;2505.33;1350.00;230.00;0.00;1877.01;300.00;1062.33;2161.67;640.00;0.00;480.00;320.00;2130.00;3150.00
1772827914.2757668;0.00;0.00;0.00;194.00;582.00;0.00;0.00;0.00;0.00;0.00;0.00;388.00;0.00;582.00;0.00;0.00;0.00;582.00;0.00;582.00;0.00;0.00;582.00;2340.00;1810.00;1830.00;2510.34;1366.67;0.00;460.00;1630.00;2824.00;2510.00;2505.33;1350.00;230.00;0.00;1877.01;300.00;1062.33;2161.67;640.00;0.00;480.00;320.00;2130.00;3150.00
1772827914.2782192;0.00;0.00;0.00;194.00;582.00;0.00;0.00;0.00;0.00;0.00;0.00;388.00;0.00;582.00;0.00;0.00;0.00;582.00;0.00;582.00;0.00;0.00;582.00;2340.00;1810.00;1830.00;2510.34;1366.67;0.00;460.00;1630.00;2824.00;2510.00;2505.33;1350.00;230.00;0.00;1877.01;300.00;1062.33;2161.67;640.00;0.00;480.00;320.00;2130.00;3150.00
1772827914.3105204;0.00;0.00;0.00;194.00;582.00;0.00;0.00;0.00;0.00;0.00;0.00;388.00;0.00;582.00;0.00;0.00;0.00;582.00;0.00;582.00;0.00;0.00;582.00;2340.00;1810.00;1830.00;2510.34;1366.67;0.00;460.00;1630.00;2824.00;2510.00;2505.33;1350.00;230.00;0.00;1877.01;300.00;1062.33;2161.67;640.00;0.00;480.00;320.00;2130.00;3150.00
1772827914.3130503;0.00;0.00;0.00;194.00;582.00;0.00;0.00;0.00;0.00;0.00;0.00;388.00;0.00;582.00;0.00;0.00;0.00;582.00;0.00;582.00;0.00;0.00;582.00;2340.00;1810.00;1830.00;2510.34;1366.67;0.00;460.00;1630.00;2824.00;2510.00;2505.33;1350.00;230.00;0.00;1877.01;300.00;1062.33;2161.67;640.00;0.00;480.00;320.00;2130.00;3150.00
1772827914.3446617;0.00;0.00;0.00;194.00;582.00;0.00;0.00;0.00;0.00;0.00;0.00;388.00;0.00;582.00;0.00;0.00;0.00;582.00;0.00;582.00;0.00;0.00;582.00;2340.00;1810.00;1830.00;2510.34;1366.67;0.00;460.00;1630.00;2824.00;2510.00;2505.33;1350.00;230.00;0.00;1877.01;300.00;1062.33;2161.67;640.00;0.00;480.00;320.00;2130.00;3150.00
1772827914.3471224;0.00;0.00;0.00;194.00;582.00;0.00;0.00;0.00;0.00;0.00;0.00;388.00;0.00;582.00;0.00;0.00;0.00;582.00;0.00;582.00;0.00;0.00;582.00;2340.00;1810.00;1830.00;2510.34;1366.67;0.00;460.00;1630.00;2824.00;2510.00;2505.33;1350.00;230.00;0.00;1877.01;300.00;1062.33;2161.67;640.00;0.00;480.00;320.00;2130.00;3150.00
1772827914.3797548;0.00;0.00;0.00;194.00;582.00;0.00;0.00;0.00;0.00;0.00;0.00;388.00;0.00;582.00;0.00;0.00;0.00;582.00;0.00;582.00;0.00;0.00;582.00;2340.00;1810.00;1830.00;2510.34;1366.67;0.00;460.00;1630.00;2824.00;2510.00;2505.33;1350.00;230.00;0.00;1877.01;300.00;1062.33;2161.67;640.00;0.00;480.00;320.00;2130.00;3150.00
1772827914.3823411;0.00;0.00;0.00;194.00;582.00;0.00;0.00;0.00;0.00;0.00;0.00;388.00;0.00;582.00;0.00;0.00;0.00;582.00;0.00;582.00;0.00;0.00;582.00;2340.00;1810.00;1830.00;2510.34;1366.67;0.00;460.00;1630.00;2824.00;2510.00;2505.33;1350.00;230.00;0.00;1877.01;300.00;1062.33;2161.67;640.00;0.00;480.00;320.00;2130.00;3150.00
1772827933.2442446;0.00;0.00;0.00;194.00;582.00;0.00;0.00;0.00;0.00;0.00;0.00;388.00;0.00;582.00;0.00;0.00;0.00;582.00;0.00;582.00;0.00;0.00;582.00;2340.00;1810.00;1830.00;2510.34;1366.67;0.00;460.00;1630.00;2824.00;2510.00;2505.33;1350.00;230.00;0.00;1877.01;300.00;1062.33;2161.67;640.00;0.00;480.00;320.00;2130.00;3150.00
1772827933.246735;0.00;0.00;0.00;194.00;582.00;0.00;0.00;0.00;0.00;0.00;0.00;388.00;0.00;582.00;0.00;0.00;0.00;582.00;0.00;582.00;0.00;0.00;582.00;2340.00;1810.00;1830.00;2510.34;1366.67;0.00;460.00;1630.00;2824.00;2510.00;2505.33;1350.00;230.00;0.00;1877.01;300.00;1062.33;2161.67;640.00;0.00;480.00;320.00;2130.00;3150.00
1772827933.2786505;0.00;0.00;0.00;194.00;582.00;0.00;0.00;0.00;0.00;0.00;0.00;388.00;0.00;582.00;0.00;0.00;0.00;582.00;0.00;582.00;0.00;0.00;582.00;2340.00;1810.00;1830.00;2510.34;1366.67;0.00;460.00;1630.00;2824.00;2510.00;2505.33;1350.00;230.00;0.00;1877.01;300.00;1062.33;2161.67;640.00;0.00;480.00;320.00;2130.00;3150.00
1772827933.2810628;0.00;0.00;0.00;194.00;582.00;0.00;0.00;0.00;0.00;0.00;0.00;388.00;0.00;582.00;0.00;0.00;0.00;582.00;0.00;582.00;0.00;0.00;582.00;2340.00;1810.00;1830.00;2510.34;1366.67;0.00;460.00;1630.00;2824.00;2510.00;2505.33;1350.00;230.00;0.00;1877.01;300.00;1062.33;2161.67;640.00;0.00;480.00;320.00;2130.00;3150.00
1772827933.3132164;0.00;0.00;0.00;194.00;582.00;0.00;0.00;0.00;0.00;0.00;0.00;388.00;0.00;582.00;0.00;0.00;0.00;582.00;0.00;582.00;0.00;0.00;582.00;2340.00;1810.00;1830.00;2510.34;1366.67;0.00;460.00;1630.00;2824.00;2510.00;2505.33;1350.00;230.00;0.00;1877.01;300.00;1062.33;2161.67;640.00;0.00;480.00;320.00;2130.00;3150.00
1772827933.3156204;0.00;0.00;0.00;194.00;582.00;0.00;0.00;0.00;0.00;0.00;0.00;388.00;0.00;582.00;0.00;0.00;0.00;582.00;0.00;582.00;0.00;0.00;582.00;2340.00;1810.00;1830.00;2510.34;1366.67;0.00;460.00;1630.00;2824.00;2510.00;2505.33;1350.00;230.00;0.00;1877.01;300.00;1062.33;2161.67;640.00;0.00;480.00;320.00;2130.00;3150.00
1772827933.3479383;0.00;0.00;0.00;194.00;582.00;0.00;0.00;0.00;0.00;0.00;0.00;388.00;0.00;582.00;0.00;0.00;0.00;582.00;0.00;582.00;0.00;0.00;582.00;2340.00;1810.00;1830.00;2510.34;1366.67;0.00;460.00;1630.00;2824.00;2510.00;2505.33;1350.00;230.00;0.00;1877.01;300.00;1062.33;2161.67;640.00;0.00;480.00;320.00;2130.00;3150.00
1772827933.3502421;0.00;0.00;0.00;194.00;582.00;0.00;0.00;0.00;0.00;0.00;0.00;388.00;0.00;582.00;0.00;0.00;0.00;582.00;0.00;582.00;0.00;0.00;582.00;2340.00;1810.00;1830.00;2510.34;1366.67;0.00;460.00;1630.00;2824.00;2510.00;2505.33;1350.00;230.00;0.00;1877.01;300.00;1062.33;2161.67;640.00;0.00;480.00;320.00;2130.00;3150.00
1772827933.495496;0.00;0.00;0.00;194.00;582.00;0.00;0.00;0.00;0.00;0.00;0.00;388.00;0.00;582.00;0.00;0.00;0.00;582.00;0.00;582.00;0.00;0.00;582.00;2340.00;1810.00;1830.00;2510.34;1366.67;0.00;460.00;1630.00;2824.00;2510.00;2505.33;1350.00;230.00;0.00;1877.01;300.00;1062.33;2161.67;640.00;0.00;480.00;320.00;2130.00;3150.00
1772827933.497996;0.00;0.00;0.00;194.00;582.00;0.00;0.00;0.00;0.00;0.00;0.00;388.00;0.00;582.00;0.00;0.00;0.00;582.00;0.00;582.00;0.00;0.00;582.00;2340.00;1810.00;1830.00;2510.34;1366.67;0.00;460.00;1630.00;2824.00;2510.00;2505.33;1350.00;230.00;0.00;1877.01;300.00;1062.33;2161.67;640.00;0.00;480.00;320.00;2130.00;3150.00
1772827933.5302706;0.00;0.00;0.00;194.00;582.00;0.00;0.00;0.00;0.00;0.00;0.00;388.00;0.00;582.00;0.00;0.00;0.00;582.00;0.00;582.00;0.00;0.00;582.00;2340.00;1810.00;1830.00;2510.34;1366.67;0.00;460.00;1630.00;2824.00;2510.00;2505.33;1350.00;230.00;0.00;1877.01;300.00;1062.33;2161.67;640.00;0.00;480.00;320.00;2130.00;3150.00
1772827933.53268;0.00;0.00;0.00;194.00;582.00;0.00;0.00;0.00;0.00;0.00;0.00;388.00;0.00;582.00;0.00;0.00;0.00;582.00;0.00;582.00;0.00;0.00;582.00;2340.00;1810.00;1830.00;2510.34;1366.67;0.00;460.00;1630.00;2824.00;2510.00;2505.33;1350.00;230.00;0.00;1877.01;300.00;1062.33;2161.67;640.00;0.00;480.00;320.00;2130.00;3150.00
1772827954.2800615;0.00;97.00;0.00;194.00;582.00;0.00;0.00;0.00;0.00;0.00;0.00;388.00;0.00;0.00;0.00;0.00;0.00;0.00;0.00;582.00;0.00;0.00;582.00;0.00;0.00;0.00;423.67;784.67;0.00;0.00;0.00;240.00;310.00;310.00;310.00;70.00;230.00;287.01;0.00;950.00;1937.00;415.33;0.00;480.00;320.00;780.00;460.00
1772827954.2819495;0.00;97.00;0.00;194.00;582.00;0.00;0.00;0.00;0.00;0.00;0.00;388.00;0.00;0.00;0.00;0.00;0.00;0.00;0.00;582.00;0.00;0.00;582.00;0.00;0.00;0.00;423.67;784.67;0.00;0.00;0.00;240.00;310.00;310.00;310.00;70.00;230.00;287.01;0.00;950.00;1937.00;415.33;0.00;480.00;320.00;780.00;460.00
1772827954.3179119;0.00;194.00;0.00;194.00;582.00;0.00;0.00;0.00;0.00;0.00;0.00;388.00;0.00;0.00;0.00;0.00;0.00;0.00;0.00;582.00;0.00;0.00;582.00;0.00;0.00;0.00;423.67;784.67;0.00;0.00;0.00;710.00;620.00;610.00;460.00;70.00;230.00;517.01;0.00;950.00;1937.00;415.33;0.00;480.00;320.00;930.00;610.00
1772827954.319867;0.00;194.00;0.00;194.00;582.00;0.00;0.00;0.00;0.00;0.00;0.00;388.00;0.00;0.00;0.00;0.00;0.00;0.00;0.00;582.00;0.00;0.00;582.00;0.00;0.00;0.00;423.67;784.67;0.00;0.00;0.00;710.00;620.00;610.00;460.00;70.00;230.00;517.01;0.00;950.00;1937.00;415.33;0.00;480.00;320.00;930.00;610.00
1772827954.3558564;0.00;291.00;0.00;194.00;582.00;0.00;0.00;0.00;0.00;0.00;0.00;388.00;0.00;0.00;0.00;0.00;0.00;0.00;0.00;582.00;0.00;0.00;582.00;0.00;0.00;0.00;423.67;784.67;0.00;0.00;230.00;1330.00;920.00;910.00;610.00;70.00;230.00;827.01;160.00;950.00;1937.00;415.33;0.00;480.00;320.00;1080.00;760.00
1772827954.3578875;0.00;291.00;0.00;194.00;582.00;0.00;0.00;0.00;0.00;0.00;0.00;388.00;0.00;0.00;0.00;0.00;0.00;0.00;0.00;582.00;0.00;0.00;582.00;0.00;0.00;0.00;423.67;784.67;0.00;0.00;230.00;1330.00;920.00;910.00;610.00;70.00;230.00;827.01;160.00;950.00;1937.00;415.33;0.00;480.00;320.00;1080.00;760.00
1772827954.3943043;0.00;388.00;0.00;194.00;582.00;0.00;0.00;0.00;0.00;0.00;0.00;388.00;0.00;0.00;0.00;0.00;0.00;0.00;0.00;582.00;0.00;0.00;582.00;0.00;0.00;0.00;423.67;784.67;0.00;0.00;460.00;1640.00;1220.00;1210.00;910.00;70.00;230.00;1211.68;390.00;950.00;1937.00;415.33;0.00;480.00;320.00;1080.00;1060.00
1772827954.396364;0.00;388.00;0.00;194.00;582.00;0.00;0.00;0.00;0.00;0.00;0.00;388.00;0.00;0.00;0.00;0.00;0.00;0.00;0.00;582.00;0.00;0.00;582.00;0.00;0.00;0.00;423.67;784.67;0.00;0.00;460.00;1640.00;1220.00;1210.00;910.00;70.00;230.00;1211.68;390.00;950.00;1937.00;415.33;0.00;480.00;320.00;1080.00;1060.00
1772827954.4319203;0.00;485.00;0.00;194.00;582.00;0.00;0.00;0.00;0.00;0.00;0.00;388.00;0.00;0.00;0.00;0.00;0.00;0.00;0.00;582.00;0.00;0.00;582.00;0.00;0.00;0.00;423.67;784.67;0.00;230.00;850.00;1790.00;1370.00;1360.00;1060.00;230.00;230.00;1211.68;860.00;950.00;1937.00;415.33;0.00;480.00;320.00;1080.00;1210.00
1772827954.4339137;0.00;485.00;0.00;194.00;582.00;0.00;0.00;0.00;0.00;0.00;0.00;388.00;0.00;0.00;0.00;0.00;0.00;0.00;0.00;582.00;0.00;0.00;582.00;0.00;0.00;0.00;423.67;784.67;0.00;230.00;850.00;1790.00;1370.00;1360.00;1060.00;230.00;230.00;1211.68;860.00;950.00;1937.00;415.33;0.00;480.00;320.00;1080.00;1210.00
1772827954.4692068;0.00;582.00;0.00;194.00;582.00;0.00;0.00;0.00;0.00;0.00;0.00;388.00;0.00;0.00;0.00;0.00;0.00;0.00;0.00;582.00;0.00;0.00;582.00;150.00;150.00;150.00;573.67;864.67;80.00;310.00;1240.00;1940.00;1520.00;1510.00;1210.00;230.00;230.00;1211.68;1340.00;950.00;1937.00;415.33;0.00;480.00;320.00;1080.00;1510.00
1772827954.4713407;0.00;582.00;0.00;194.00;582.00;0.00;0.00;0.00;0.00;0.00;0.00;388.00;0.00;0.00;0.00;0.00;0.00;0.00;0.00;582.00;0.00;0.00;582.00;150.00;150.00;150.00;573.67;864.67;80.00;310.00;1240.00;1940.00;1520.00;1510.00;1210.00;230.00;230.00;1211.68;1340.00;950.00;1937.00;415.33;0.00;480.00;320.00;1080.00;1510.00
1772827972.3300974;0.00;582.00;0.00;194.00;582.00;0.00;0.00;0.00;0.00;0.00;0.00;485.00;0.00;0.00;0.00;0.00;0.00;0.00;0.00;582.00;0.00;0.00;0.00;310.00;390.00;390.00;573.67;864.67;80.00;310.00;0.00;0.00;0.00;0.00;0.00;230.00;0.00;0.00;1180.00;950.00;1937.00;480.00;0.00;480.00;0.00;770.00;300.00
1772827972.3322237;0.00;582.00;0.00;194.00;582.00;0.00;0.00;0.00;0.00;0.00;0.00;485.00;0.00;0.00;0.00;0.00;0.00;0.00;0.00;582.00;0.00;0.00;0.00;310.00;390.00;390.00;573.67;864.67;80.00;310.00;0.00;0.00;0.00;0.00;0.00;230.00;0.00;0.00;1180.00;950.00;1937.00;480.00;0.00;480.00;0.00;770.00;300.00
1772827972.3727088;0.00;582.00;0.00;194.00;582.00;0.00;0.00;0.00;0.00;0.00;0.00;582.00;0.00;0.00;0.00;0.00;0.00;0.00;0.00;582.00;0.00;0.00;0.00;620.00;700.00;700.00;686.00;864.67;80.00;310.00;0.00;0.00;0.00;0.00;0.00;230.00;0.00;0.00;1180.00;950.00;2049.33;480.00;0.00;480.00;0.00;770.00;600.00
1772827972.3747766;0.00;582.00;0.00;194.00;582.00;0.00;0.00;0.00;0.00;0.00;0.00;582.00;0.00;0.00;0.00;0.00;0.00;0.00;0.00;582.00;0.00;0.00;0.00;620.00;700.00;700.00;686.00;864.67;80.00;310.00;0.00;0.00;0.00;0.00;0.00;230.00;0.00;0.00;1180.00;950.00;2049.33;480.00;0.00;480.00;0.00;770.00;600.00
1772827972.413968;0.00;582.00;0.00;194.00;582.00;0.00;0.00;0.00;0.00;0.00;0.00;679.00;0.00;0.00;0.00;0.00;0.00;0.00;0.00;582.00;0.00;0.00;0.00;930.00;1010.00;1010.00;846.00;864.67;80.00;310.00;0.00;0.00;0.00;0.00;0.00;230.00;0.00;0.00;1180.00;1062.33;2049.33;480.00;0.00;480.00;0.00;770.00;900.00
1772827972.4160116;0.00;582.00;0.00;194.00;582.00;0.00;0.00;0.00;0.00;0.00;0.00;679.00;0.00;0.00;0.00;0.00;0.00;0.00;0.00;582.00;0.00;0.00;0.00;930.00;1010.00;1010.00;846.00;864.67;80.00;310.00;0.00;0.00;0.00;0.00;0.00;230.00;0.00;0.00;1180.00;1062.33;2049.33;480.00;0.00;480.00;0.00;770.00;900.00
1772827972.575336;0.00;582.00;0.00;194.00;582.00;0.00;0.00;0.00;0.00;0.00;0.00;776.00;0.00;0.00;0.00;0.00;0.00;0.00;0.00;582.00;0.00;0.00;0.00;1230.00;1320.00;1480.00;1183.00;864.67;80.00;310.00;0.00;0.00;0.00;0.00;0.00;230.00;0.00;0.00;1180.00;1062.33;2049.33;480.00;0.00;480.00;0.00;770.00;1200.00
1772827972.5774527;0.00;582.00;0.00;194.00;582.00;0.00;0.00;0.00;0.00;0.00;0.00;776.00;0.00;0.00;0.00;0.00;0.00;0.00;0.00;582.00;0.00;0.00;0.00;1230.00;1320.00;1480.00;1183.00;864.67;80.00;310.00;0.00;0.00;0.00;0.00;0.00;230.00;0.00;0.00;1180.00;1062.33;2049.33;480.00;0.00;480.00;0.00;770.00;1200.00
1772827972.6168945;0.00;582.00;0.00;194.00;582.00;0.00;0.00;0.00;0.00;0.00;0.00;873.00;0.00;0.00;0.00;0.00;0.00;0.00;0.00;582.00;0.00;0.00;0.00;1530.00;1742.33;1902.33;1407.67;864.67;80.00;310.00;0.00;0.00;0.00;0.00;0.00;230.00;0.00;0.00;1180.00;1062.33;2049.33;640.00;0.00;480.00;0.00;770.00;1500.00
1772827972.6190271;0.00;582.00;0.00;194.00;582.00;0.00;0.00;0.00;0.00;0.00;0.00;873.00;0.00;0.00;0.00;0.00;0.00;0.00;0.00;582.00;0.00;0.00;0.00;1530.00;1742.33;1902.33;1407.67;864.67;80.00;310.00;0.00;0.00;0.00;0.00;0.00;230.00;0.00;0.00;1180.00;1062.33;2049.33;640.00;0.00;480.00;0.00;770.00;1500.00
1772827972.6575727;0.00;582.00;0.00;194.00;582.00;0.00;0.00;0.00;0.00;0.00;0.00;970.00;0.00;0.00;0.00;0.00;0.00;0.00;0.00;582.00;0.00;0.00;0.00;1690.00;1807.00;1967.00;1440.00;944.67;160.00;390.00;150.00;150.00;150.00;150.00;460.00;230.00;0.00;0.00;1340.00;1062.33;2049.33;864.67;0.00;480.00;0.00;770.00;1800.00
1772827972.6598887;0.00;582.00;0.00;194.00;582.00;0.00;0.00;0.00;0.00;0.00;0.00;970.00;0.00;0.00;0.00;0.00;0.00;0.00;0.00;582.00;0.00;0.00;0.00;1690.00;1807.00;1967.00;1440.00;944.67;160.00;390.00;150.00;150.00;150.00;150.00;460.00;230.00;0.00;0.00;1340.00;1062.33;2049.33;864.67;0.00;480.00;0.00;770.00;1800.00
1772827992.3813672;0.00;582.00;0.00;194.00;0.00;0.00;0.00;0.00;0.00;0.00;0.00;970.00;0.00;0.00;0.00;0.00;0.00;0.00;0.00;97.00;0.00;0.00;0.00;300.00;310.00;310.00;230.00;944.67;0.00;0.00;0.00;0.00;0.00;0.00;0.00;230.00;0.00;0.00;1030.00;112.33;160.00;854.67;0.00;480.00;0.00;620.00;300.00
1772827992.3829775;0.00;582.00;0.00;194.00;0.00;0.00;0.00;0.00;0.00;0.00;0.00;970.00;0.00;0.00;0.00;0.00;0.00;0.00;0.00;97.00;0.00;0.00;0.00;300.00;310.00;310.00;230.00;944.67;0.00;0.00;0.00;0.00;0.00;0.00;0.00;230.00;0.00;0.00;1030.00;112.33;160.00;854.67;0.00;480.00;0.00;620.00;300.00
1772827992.4095232;0.00;582.00;0.00;194.00;0.00;0.00;0.00;0.00;0.00;0.00;0.00;970.00;0.00;0.00;0.00;0.00;0.00;0.00;0.00;194.00;0.00;0.00;0.00;600.00;610.00;620.00;390.00;944.67;0.00;0.00;0.00;0.00;0.00;0.00;0.00;230.00;0.00;0.00;1030.00;544.66;320.00;854.67;0.00;480.00;0.00;620.00;600.00
1772827992.410498;0.00;582.00;0.00;194.00;0.00;0.00;0.00;0.00;0.00;0.00;0.00;970.00;0.00;0.00;0.00;0.00;0.00;0.00;0.00;194.00;0.00;0.00;0.00;600.00;610.00;620.00;390.00;944.67;0.00;0.00;0.00;0.00;0.00;0.00;0.00;230.00;0.00;0.00;1030.00;544.66;320.00;854.67;0.00;480.00;0.00;620.00;600.00
1772827992.4350996;0.00;582.00;0.00;194.00;0.00;0.00;0.00;0.00;0.00;0.00;0.00;970.00;0.00;0.00;0.00;0.00;0.00;0.00;0.00;291.00;0.00;0.00;0.00;750.00;760.00;780.00;422.33;977.00;80.00;150.00;0.00;0.00;0.00;0.00;0.00;230.00;0.00;0.00;1180.00;864.66;320.00;854.67;160.00;480.00;0.00;620.00;750.00
1772827992.436053;0.00;582.00;0.00;194.00;0.00;0.00;0.00;0.00;0.00;0.00;0.00;970.00;0.00;0.00;0.00;0.00;0.00;0.00;0.00;291.00;0.00;0.00;0.00;750.00;760.00;780.00;422.33;977.00;80.00;150.00;0.00;0.00;0.00;0.00;0.00;230.00;0.00;0.00;1180.00;864.66;320.00;854.67;160.00;480.00;0.00;620.00;750.00
1772827992.4600914;0.00;582.00;0.00;194.00;0.00;0.00;0.00;0.00;0.00;0.00;0.00;970.00;0.00;0.00;0.00;0.00;0.00;0.00;0.00;388.00;0.00;0.00;0.00;900.00;920.00;940.00;454.66;1009.33;160.00;230.00;150.00;150.00;150.00;150.00;150.00;390.00;0.00;0.00;1180.00;1089.33;320.00;854.67;160.00;480.00;0.00;620.00;1050.00
1772827992.4610484;0.00;582.00;0.00;194.00;0.00;0.00;0.00;0.00;0.00;0.00;0.00;970.00;0.00;0.00;0.00;0.00;0.00;0.00;0.00;388.00;0.00;0.00;0.00;900.00;920.00;940.00;454.66;1009.33;160.00;230.00;150.00;150.00;150.00;150.00;150.00;390.00;0.00;0.00;1180.00;1089.33;320.00;854.67;160.00;480.00;0.00;620.00;1050.00
1772827992.485064;0.00;582.00;0.00;194.00;0.00;0.00;0.00;0.00;0.00;0.00;0.00;970.00;0.00;0.00;0.00;0.00;0.00;0.00;0.00;485.00;0.00;0.00;0.00;1050.00;1080.00;1100.00;486.99;1041.66;240.00;310.00;230.00;300.00;300.00;300.00;150.00;550.00;0.00;0.00;1180.00;1314.00;320.00;854.67;160.00;480.00;0.00;770.00;1200.00
1772827992.4860327;0.00;582.00;0.00;194.00;0.00;0.00;0.00;0.00;0.00;0.00;0.00;970.00;0.00;0.00;0.00;0.00;0.00;0.00;0.00;485.00;0.00;0.00;0.00;1050.00;1080.00;1100.00;486.99;1041.66;240.00;310.00;230.00;300.00;300.00;300.00;150.00;550.00;0.00;0.00;1180.00;1314.00;320.00;854.67;160.00;480.00;0.00;770.00;1200.00
1772827992.510521;0.00;582.00;0.00;194.00;0.00;0.00;0.00;0.00;0.00;0.00;0.00;970.00;0.00;0.00;0.00;0.00;0.00;0.00;0.00;582.00;0.00;0.00;0.00;1200.00;1230.00;1250.00;829.32;1073.99;320.00;390.00;310.00;450.00;450.00;450.00;150.00;710.00;0.00;0.00;1180.00;1314.00;640.00;854.67;160.00;480.00;0.00;920.00;1350.00
1772827992.511551;0.00;582.00;0.00;194.00;0.00;0.00;0.00;0.00;0.00;0.00;0.00;970.00;0.00;0.00;0.00;0.00;0.00;0.00;0.00;582.00;0.00;0.00;0.00;1200.00;1230.00;1250.00;829.32;1073.99;320.00;390.00;310.00;450.00;450.00;450.00;150.00;710.00;0.00;0.00;1180.00;1314.00;640.00;854.67;160.00;480.00;0.00;920.00;1350.00
1772828010.4064717;0.00;582.00;97.00;194.00;0.00;0.00;0.00;0.00;0.00;0.00;0.00;970.00;0.00;0.00;0.00;0.00;0.00;0.00;0.00;582.00;0.00;0.00;0.00;1200.00;1230.00;1250.00;829.32;1073.99;320.00;630.00;550.00;750.00;750.00;750.00;150.00;710.00;0.00;310.00;1660.00;1314.00;640.00;854.67;160.00;480.00;0.00;1220.00;1350.00
1772828010.4078271;0.00;582.00;97.00;194.00;0.00;0.00;0.00;0.00;0.00;0.00;0.00;970.00;0.00;0.00;0.00;0.00;0.00;0.00;0.00;582.00;0.00;0.00;0.00;1200.00;1230.00;1250.00;829.32;1073.99;320.00;630.00;550.00;750.00;750.00;750.00;150.00;710.00;0.00;310.00;1660.00;1314.00;640.00;854.67;160.00;480.00;0.00;1220.00;1350.00
1772828010.5055227;0.00;582.00;194.00;194.00;0.00;0.00;0.00;0.00;0.00;0.00;0.00;970.00;0.00;0.00;0.00;0.00;0.00;0.00;0.00;582.00;0.00;0.00;0.00;1200.00;1230.00;1250.00;829.32;1073.99;320.00;870.00;790.00;990.00;1050.00;1050.00;450.00;710.00;310.00;630.00;1820.00;1314.00;640.00;854.67;160.00;480.00;0.00;1220.00;1650.00
1772828010.5065184;0.00;582.00;194.00;194.00;0.00;0.00;0.00;0.00;0.00;0.00;0.00;970.00;0.00;0.00;0.00;0.00;0.00;0.00;0.00;582.00;0.00;0.00;0.00;1200.00;1230.00;1250.00;829.32;1073.99;320.00;870.00;790.00;990.00;1050.00;1050.00;450.00;710.00;310.00;630.00;1820.00;1314.00;640.00;854.67;160.00;480.00;0.00;1220.00;1650.00
1772828010.5294533;0.00;582.00;291.00;194.00;0.00;0.00;0.00;0.00;0.00;0.00;0.00;970.00;0.00;0.00;0.00;0.00;0.00;0.00;0.00;582.00;0.00;0.00;0.00;1200.00;1230.00;1250.00;829.32;1073.99;320.00;1110.00;1030.00;1230.00;1350.00;1350.00;750.00;710.00;620.00;950.00;1980.00;1314.00;640.00;854.67;160.00;480.00;0.00;1220.00;1950.00
1772828010.5305533;0.00;582.00;291.00;194.00;0.00;0.00;0.00;0.00;0.00;0.00;0.00;970.00;0.00;0.00;0.00;0.00;0.00;0.00;0.00;582.00;0.00;0.00;0.00;1200.00;1230.00;1250.00;829.32;1073.99;320.00;1110.00;1030.00;1230.00;1350.00;1350.00;750.00;710.00;620.00;950.00;1980.00;1314.00;640.00;854.67;160.00;480.00;0.00;1220.00;1950.00
1772828010.5540917;0.00;582.00;388.00;194.00;0.00;0.00;0.00;0.00;0.00;0.00;0.00;970.00;0.00;0.00;0.00;0.00;0.00;0.00;0.00;582.00;0.00;0.00;0.00;1200.00;1230.00;1250.00;829.32;1073.99;320.00;1350.00;1260.00;1460.00;1650.00;1650.00;1050.00;1030.00;620.00;950.00;2140.00;1314.00;640.00;854.67;160.00;480.00;0.00;1220.00;2250.00
1772828010.5552633;0.00;582.00;388.00;194.00;0.00;0.00;0.00;0.00;0.00;0.00;0.00;970.00;0.00;0.00;0.00;0.00;0.00;0.00;0.00;582.00;0.00;0.00;0.00;1200.00;1230.00;1250.00;829.32;1073.99;320.00;1350.00;1260.00;1460.00;1650.00;1650.00;1050.00;1030.00;620.00;950.00;2140.00;1314.00;640.00;854.67;160.00;480.00;0.00;1220.00;2250.00
1772828010.5787568;0.00;582.00;485.00;194.00;0.00;0.00;0.00;0.00;0.00;0.00;0.00;970.00;0.00;0.00;0.00;0.00;0.00;0.00;0.00;582.00;0.00;0.00;0.00;1200.00;1230.00;1250.00;829.32;1073.99;320.00;1590.00;1490.00;1690.00;1950.00;1950.00;1350.00;1350.00;620.00;950.00;2300.00;1314.00;640.00;854.67;160.00;480.00;0.00;1220.00;2550.00
1772828010.5798528;0.00;582.00;485.00;194.00;0.00;0.00;0.00;0.00;0.00;0.00;0.00;970.00;0.00;0.00;0.00;0.00;0.00;0.00;0.00;582.00;0.00;0.00;0.00;1200.00;1230.00;1250.00;829.32;1073.99;320.00;1590.00;1490.00;1690.00;1950.00;1950.00;1350.00;1350.00;620.00;950.00;2300.00;1314.00;640.00;854.67;160.00;480.00;0.00;1220.00;2550.00
1772828010.6074202;0.00;582.00;582.00;194.00;0.00;0.00;0.00;0.00;0.00;0.00;0.00;970.00;0.00;0.00;0.00;0.00;0.00;0.00;0.00;582.00;0.00;0.00;0.00;1200.00;1230.00;1250.00;829.32;1073.99;320.00;1830.00;1720.00;1920.00;2250.00;2250.00;1650.00;1670.00;620.00;950.00;2460.00;1314.00;640.00;854.67;160.00;480.00;0.00;1220.00;2850.00
1772828010.6088593;0.00;582.00;582.00;194.00;0.00;0.00;0.00;0.00;0.00;0.00;0.00;970.00;0.00;0.00;0.00;0.00;0.00;0.00;0.00;582.00;0.00;0.00;0.00;1200.00;1230.00;1250.00;829.32;1073.99;320.00;1830.00;1720.00;1920.00;2250.00;2250.00;1650.00;1670.00;620.00;950.00;2460.00;1314.00;640.00;854.67;160.00;480.00;0.00;1220.00;2850.00
1772828030.4533129;0.00;582.00;582.00;194.00;0.00;0.00;0.00;0.00;97.00;0.00;0.00;582.00;0.00;0.00;0.00;0.00;0.00;0.00;0.00;582.00;0.00;0.00;0.00;1050.00;1070.00;1010.00;473.65;0.00;0.00;710.00;1010.00;310.00;310.00;300.00;1200.00;1670.00;940.00;950.00;2300.00;1121.67;447.67;854.67;0.00;320.00;310.00;150.00;1650.00
1772828030.4553483;0.00;582.00;582.00;194.00;0.00;0.00;0.00;0.00;97.00;0.00;0.00;582.00;0.00;0.00;0.00;0.00;0.00;0.00;0.00;582.00;0.00;0.00;0.00;1050.00;1070.00;1010.00;473.65;0.00;0.00;710.00;1010.00;310.00;310.00;300.00;1200.00;1670.00;940.00;950.00;2300.00;1121.67;447.67;854.67;0.00;320.00;310.00;150.00;1650.00
1772828030.4964008;0.00;582.00;582.00;194.00;0.00;0.00;0.00;0.00;194.00;0.00;0.00;582.00;0.00;0.00;0.00;0.00;0.00;0.00;0.00;582.00;0.00;0.00;0.00;1050.00;1070.00;1010.00;473.65;0.00;0.00;710.00;1250.00;550.00;620.00;610.00;1500.00;1670.00;1260.00;950.00;2460.00;1121.67;447.67;854.67;0.00;320.00;310.00;150.00;1950.00
1772828030.4985542;0.00;582.00;582.00;194.00;0.00;0.00;0.00;0.00;194.00;0.00;0.00;582.00;0.00;0.00;0.00;0.00;0.00;0.00;0.00;582.00;0.00;0.00;0.00;1050.00;1070.00;1010.00;473.65;0.00;0.00;710.00;1250.00;550.00;620.00;610.00;1500.00;1670.00;1260.00;950.00;2460.00;1121.67;447.67;854.67;0.00;320.00;310.00;150.00;1950.00
1772828030.539494;0.00;582.00;582.00;194.00;0.00;0.00;0.00;0.00;291.00;0.00;0.00;582.00;0.00;0.00;0.00;0.00;0.00;0.00;0.00;582.00;0.00;0.00;0.00;1050.00;1070.00;1010.00;473.65;0.00;0.00;710.00;1490.00;790.00;930.00;920.00;1800.00;1670.00;1580.00;950.00;2620.00;1121.67;447.67;854.67;0.00;320.00;310.00;150.00;2250.00
1772828030.5416417;0.00;582.00;582.00;194.00;0.00;0.00;0.00;0.00;291.00;0.00;0.00;582.00;0.00;0.00;0.00;0.00;0.00;0.00;0.00;582.00;0.00;0.00;0.00;1050.00;1070.00;1010.00;473.65;0.00;0.00;710.00;1490.00;790.00;930.00;920.00;1800.00;1670.00;1580.00;950.00;2620.00;1121.67;447.67;854.67;0.00;320.00;310.00;150.00;2250.00
1772828030.5821671;0.00;582.00;582.00;194.00;0.00;0.00;0.00;0.00;388.00;0.00;0.00;582.00;0.00;0.00;0.00;0.00;0.00;0.00;0.00;582.00;0.00;0.00;0.00;1050.00;1070.00;1010.00;473.65;0.00;0.00;710.00;1730.00;1030.00;1230.00;1220.00;2100.00;1670.00;1580.00;950.00;2780.00;1121.67;447.67;854.67;0.00;320.00;310.00;150.00;2550.00
1772828030.5844471;0.00;582.00;582.00;194.00;0.00;0.00;0.00;0.00;388.00;0.00;0.00;582.00;0.00;0.00;0.00;0.00;0.00;0.00;0.00;582.00;0.00;0.00;0.00;1050.00;1070.00;1010.00;473.65;0.00;0.00;710.00;1730.00;1030.00;1230.00;1220.00;2100.00;1670.00;1580.00;950.00;2780.00;1121.67;447.67;854.67;0.00;320.00;310.00;150.00;2550.00
1772828030.6245263;0.00;582.00;582.00;194.00;0.00;0.00;0.00;0.00;485.00;0.00;0.00;582.00;0.00;0.00;0.00;0.00;0.00;0.00;0.00;582.00;0.00;0.00;0.00;1050.00;1070.00;1010.00;473.65;0.00;0.00;710.00;1970.00;1270.00;1530.00;1520.00;2400.00;1670.00;1580.00;950.00;2940.00;1121.67;447.67;854.67;0.00;320.00;310.00;150.00;2850.00
1772828030.6268144;0.00;582.00;582.00;194.00;0.00;0.00;0.00;0.00;485.00;0.00;0.00;582.00;0.00;0.00;0.00;0.00;0.00;0.00;0.00;582.00;0.00;0.00;0.00;1050.00;1070.00;1010.00;473.65;0.00;0.00;710.00;1970.00;1270.00;1530.00;1520.00;2400.00;1670.00;1580.00;950.00;2940.00;1121.67;447.67;854.67;0.00;320.00;310.00;150.00;2850.00
1772828030.6733515;0.00;582.00;582.00;194.00;0.00;0.00;0.00;0.00;582.00;0.00;0.00;582.00;0.00;0.00;0.00;0.00;0.00;0.00;0.00;582.00;0.00;0.00;0.00;1050.00;1070.00;1010.00;473.65;0.00;0.00;710.00;2210.00;1510.00;1830.00;1820.00;2700.00;1670.00;1580.00;950.00;3100.00;1121.67;447.67;854.67;0.00;320.00;310.00;150.00;3150.00
1772828030.6767666;0.00;582.00;582.00;194.00;0.00;0.00;0.00;0.00;582.00;0.00;0.00;582.00;0.00;0.00;0.00;0.00;0.00;0.00;0.00;582.00;0.00;0.00;0.00;1050.00;1070.00;1010.00;473.65;0.00;0.00;710.00;2210.00;1510.00;1830.00;1820.00;2700.00;1670.00;1580.00;950.00;3100.00;1121.67;447.67;854.67;0.00;320.00;310.00;150.00;3150.00
1772828042.5685656;0.00;582.00;582.00;194.00;0.00;97.00;0.00;0.00;582.00;0.00;0.00;582.00;0.00;0.00;0.00;0.00;0.00;0.00;0.00;582.00;0.00;0.00;0.00;1050.00;1070.00;1010.00;473.65;0.00;0.00;710.00;2210.00;1750.00;2140.00;2120.00;3000.00;1670.00;1580.00;1110.00;3100.00;1121.67;447.67;854.67;0.00;320.00;310.00;150.00;3450.00
1772828042.5701115;0.00;582.00;582.00;194.00;0.00;97.00;0.00;0.00;582.00;0.00;0.00;582.00;0.00;0.00;0.00;0.00;0.00;0.00;0.00;582.00;0.00;0.00;0.00;1050.00;1070.00;1010.00;473.65;0.00;0.00;710.00;2210.00;1750.00;2140.00;2120.00;3000.00;1670.00;1580.00;1110.00;3100.00;1121.67;447.67;854.67;0.00;320.00;310.00;150.00;3450.00
1772828042.5989246;0.00;582.00;582.00;194.00;0.00;194.00;0.00;0.00;582.00;0.00;0.00;582.00;0.00;0.00;0.00;0.00;0.00;0.00;0.00;582.00;0.00;0.00;0.00;1280.00;1070.00;1010.00;473.65;0.00;0.00;710.00;2210.00;1990.00;2380.00;2350.00;3230.00;1670.00;1580.00;1110.00;3100.00;1121.67;447.67;854.67;0.00;320.00;310.00;310.00;3750.00
1772828042.6008546;0.00;582.00;582.00;194.00;0.00;194.00;0.00;0.00;582.00;0.00;0.00;582.00;0.00;0.00;0.00;0.00;0.00;0.00;0.00;582.00;0.00;0.00;0.00;1280.00;1070.00;1010.00;473.65;0.00;0.00;710.00;2210.00;1990.00;2380.00;2350.00;3230.00;1670.00;1580.00;1110.00;3100.00;1121.67;447.67;854.67;0.00;320.00;310.00;310.00;3750.00
1772828042.6293168;0.00;582.00;582.00;194.00;0.00;291.00;0.00;0.00;582.00;0.00;0.00;582.00;0.00;0.00;0.00;0.00;0.00;0.00;0.00;582.00;0.00;0.00;0.00;1280.00;1070.00;1010.00;473.65;0.00;80.00;790.00;2290.00;2150.00;2530.00;2500.00;3380.00;1830.00;1580.00;1334.67;3100.00;1121.67;447.67;854.67;150.00;320.00;310.00;310.00;3900.00
1772828042.631027;0.00;582.00;582.00;194.00;0.00;291.00;0.00;0.00;582.00;0.00;0.00;582.00;0.00;0.00;0.00;0.00;0.00;0.00;0.00;582.00;0.00;0.00;0.00;1280.00;1070.00;1010.00;473.65;0.00;80.00;790.00;2290.00;2150.00;2530.00;2500.00;3380.00;1830.00;1580.00;1334.67;3100.00;1121.67;447.67;854.67;150.00;320.00;310.00;310.00;3900.00
1772828042.6595385;0.00;582.00;582.00;194.00;0.00;388.00;0.00;0.00;582.00;0.00;0.00;582.00;0.00;0.00;0.00;0.00;0.00;0.00;0.00;582.00;0.00;0.00;0.00;1280.00;1070.00;1010.00;473.65;0.00;160.00;870.00;2370.00;2534.67;2680.00;2650.00;3530.00;1990.00;1804.67;1334.67;3100.00;1121.67;447.67;854.67;300.00;320.00;310.00;310.00;4050.00
1772828042.6611252;0.00;582.00;582.00;194.00;0.00;388.00;0.00;0.00;582.00;0.00;0.00;582.00;0.00;0.00;0.00;0.00;0.00;0.00;0.00;582.00;0.00;0.00;0.00;1280.00;1070.00;1010.00;473.65;0.00;160.00;870.00;2370.00;2534.67;2680.00;2650.00;3530.00;1990.00;1804.67;1334.67;3100.00;1121.67;447.67;854.67;300.00;320.00;310.00;310.00;4050.00
1772828042.6895328;0.00;582.00;582.00;194.00;0.00;485.00;0.00;0.00;582.00;0.00;0.00;582.00;0.00;0.00;0.00;0.00;0.00;0.00;0.00;582.00;0.00;0.00;0.00;1280.00;1070.00;1010.00;473.65;0.00;240.00;950.00;2770.00;2694.67;2830.00;2800.00;3680.00;2150.00;1804.67;1334.67;3100.00;1121.67;447.67;854.67;450.00;320.00;310.00;310.00;4200.00
1772828042.6912158;0.00;582.00;582.00;194.00;0.00;485.00;0.00;0.00;582.00;0.00;0.00;582.00;0.00;0.00;0.00;0.00;0.00;0.00;0.00;582.00;0.00;0.00;0.00;1280.00;1070.00;1010.00;473.65;0.00;240.00;950.00;2770.00;2694.67;2830.00;2800.00;3680.00;2150.00;1804.67;1334.67;3100.00;1121.67;447.67;854.67;450.00;320.00;310.00;310.00;4200.00
1772828042.7194421;0.00;582.00;582.00;194.00;0.00;582.00;0.00;0.00;582.00;0.00;0.00;582.00;0.00;0.00;0.00;0.00;0.00;0.00;0.00;582.00;0.00;0.00;0.00;1280.00;1070.00;1010.00;473.65;0.00;320.00;1340.00;2914.67;2694.67;2830.00;2800.00;3680.00;2620.00;1804.67;1334.67;3250.00;1121.67;447.67;854.67;600.00;320.00;310.00;310.00;4200.00
1772828042.7211854;0.00;582.00;582.00;194.00;0.00;582.00;0.00;0.00;582.00;0.00;0.00;582.00;0.00;0.00;0.00;0.00;0.00;0.00;0.00;582.00;0.00;0.00;0.00;1280.00;1070.00;1010.00;473.65;0.00;320.00;1340.00;2914.67;2694.67;2830.00;2800.00;3680.00;2620.00;1804.67;1334.67;3250.00;1121.67;447.67;854.67;600.00;320.00;310.00;310.00;4200.00
1772828066.5281477;0.00;582.00;582.00;0.00;0.00;582.00;0.00;0.00;582.00;0.00;0.00;679.00;0.00;0.00;0.00;0.00;0.00;0.00;0.00;582.00;0.00;0.00;0.00;1430.00;1220.00;1384.67;863.65;80.00;400.00;570.00;1954.67;1454.67;2230.00;2200.00;3680.00;2620.00;1804.67;1334.67;2800.00;1234.00;767.67;854.67;760.00;544.67;310.00;0.00;4350.00
1772828066.530594;0.00;582.00;582.00;0.00;0.00;582.00;0.00;0.00;582.00;0.00;0.00;679.00;0.00;0.00;0.00;0.00;0.00;0.00;0.00;582.00;0.00;0.00;0.00;1430.00;1220.00;1384.67;863.65;80.00;400.00;570.00;1954.67;1454.67;2230.00;2200.00;3680.00;2620.00;1804.67;1334.67;2800.00;1234.00;767.67;854.67;760.00;544.67;310.00;0.00;4350.00
1772828066.5696146;0.00;582.00;582.00;0.00;0.00;582.00;0.00;0.00;582.00;0.00;0.00;776.00;0.00;0.00;0.00;0.00;0.00;0.00;0.00;582.00;0.00;0.00;0.00;1430.00;1220.00;1384.67;960.65;320.00;640.00;870.00;1954.67;1454.67;2230.00;2200.00;3680.00;2620.00;1804.67;1334.67;3100.00;1234.00;767.67;854.67;1240.00;544.67;310.00;0.00;4350.00
1772828066.5721066;0.00;582.00;582.00;0.00;0.00;582.00;0.00;0.00;582.00;0.00;0.00;776.00;0.00;0.00;0.00;0.00;0.00;0.00;0.00;582.00;0.00;0.00;0.00;1430.00;1220.00;1384.67;960.65;320.00;640.00;870.00;1954.67;1454.67;2230.00;2200.00;3680.00;2620.00;1804.67;1334.67;3100.00;1234.00;767.67;854.67;1240.00;544.67;310.00;0.00;4350.00
1772828066.6111877;0.00;582.00;582.00;0.00;0.00;582.00;0.00;0.00;582.00;0.00;0.00;873.00;0.00;0.00;0.00;0.00;0.00;0.00;0.00;582.00;0.00;0.00;0.00;1430.00;1220.00;1384.67;1057.65;560.00;800.00;1020.00;1954.67;1454.67;2230.00;2200.00;3680.00;2620.00;1804.67;1334.67;3250.00;1234.00;927.67;854.67;1710.00;544.67;310.00;0.00;4350.00
1772828066.6137538;0.00;582.00;582.00;0.00;0.00;582.00;0.00;0.00;582.00;0.00;0.00;873.00;0.00;0.00;0.00;0.00;0.00;0.00;0.00;582.00;0.00;0.00;0.00;1430.00;1220.00;1384.67;1057.65;560.00;800.00;1020.00;1954.67;1454.67;2230.00;2200.00;3680.00;2620.00;1804.67;1334.67;3250.00;1234.00;927.67;854.67;1710.00;544.67;310.00;0.00;4350.00
1772828066.650809;0.00;582.00;582.00;0.00;0.00;582.00;0.00;0.00;582.00;0.00;0.00;873.00;0.00;0.00;0.00;0.00;0.00;0.00;0.00;582.00;0.00;0.00;0.00;1430.00;1220.00;1384.67;1057.65;560.00;800.00;1020.00;1954.67;1454.67;2230.00;2200.00;3680.00;2620.00;1804.67;1334.67;3250.00;1234.00;927.67;854.67;1710.00;544.67;310.00;0.00;4350.00
1772828066.6535165;0.00;582.00;582.00;0.00;0.00;582.00;0.00;0.00;582.00;0.00;0.00;873.00;0.00;0.00;0.00;0.00;0.00;0.00;0.00;582.00;0.00;0.00;0.00;1430.00;1220.00;1384.67;1057.65;560.00;800.00;1020.00;1954.67;1454.67;2230.00;2200.00;3680.00;2620.00;1804.67;1334.67;3250.00;1234.00;927.67;854.67;1710.00;544.67;310.00;0.00;4350.00
1772828066.690555;0.00;582.00;582.00;0.00;0.00;582.00;0.00;0.00;582.00;0.00;0.00;873.00;0.00;0.00;0.00;0.00;0.00;0.00;0.00;582.00;0.00;0.00;0.00;1430.00;1220.00;1384.67;1057.65;560.00;800.00;1020.00;1954.67;1454.67;2230.00;2200.00;3680.00;2620.00;1804.67;1334.67;3250.00;1234.00;927.67;854.67;1710.00;544.67;310.00;0.00;4350.00
1772828066.6932166;0.00;582.00;582.00;0.00;0.00;582.00;0.00;0.00;582.00;0.00;0.00;873.00;0.00;0.00;0.00;0.00;0.00;0.00;0.00;582.00;0.00;0.00;0.00;1430.00;1220.00;1384.67;1057.65;560.00;800.00;1020.00;1954.67;1454.67;2230.00;2200.00;3680.00;2620.00;1804.67;1334.67;3250.00;1234.00;927.67;854.67;1710.00;544.67;310.00;0.00;4350.00
1772828066.8541148;0.00;582.00;582.00;0.00;0.00;582.00;0.00;0.00;582.00;0.00;0.00;873.00;0.00;0.00;0.00;0.00;0.00;0.00;0.00;582.00;0.00;0.00;0.00;1430.00;1220.00;1384.67;1057.65;560.00;800.00;1020.00;1954.67;1454.67;2230.00;2200.00;3680.00;2620.00;1804.67;1334.67;3250.00;1234.00;927.67;854.67;1710.00;544.67;310.00;0.00;4350.00
1772828066.8563092;0.00;582.00;582.00;0.00;0.00;582.00;0.00;0.00;582.00;0.00;0.00;873.00;0.00;0.00;0.00;0.00;0.00;0.00;0.00;582.00;0.00;0.00;0.00;1430.00;1220.00;1384.67;1057.65;560.00;800.00;1020.00;1954.67;1454.67;2230.00;2200.00;3680.00;2620.00;1804.67;1334.67;3250.00;1234.00;927.67;854.67;1710.00;544.67;310.00;0.00;4350.00
1772828068.753824;0.00;0.00;97.00;0.00;0.00;97.00;0.00;0.00;0.00;0.00;0.00;194.00;0.00;0.00;0.00;0.00;0.00;0.00;0.00;97.00;0.00;0.00;0.00;0.00;240.00;240.00;0.00;0.00;0.00;0.00;0.00;0.00;0.00;0.00;0.00;0.00;0.00;0.00;0.00;0.00;0.00;160.00;0.00;480.00;0.00;0.00;0.00
1772828068.7548316;0.00;0.00;97.00;0.00;0.00;97.00;0.00;0.00;0.00;0.00;0.00;194.00;0.00;0.00;0.00;0.00;0.00;0.00;0.00;97.00;0.00;0.00;0.00;0.00;240.00;240.00;0.00;0.00;0.00;0.00;0.00;0.00;0.00;0.00;0.00;0.00;0.00;0.00;0.00;0.00;0.00;160.00;0.00;480.00;0.00;0.00;0.00
1772828068.7963364;0.00;0.00;97.00;0.00;0.00;194.00;0.00;0.00;0.00;0.00;0.00;194.00;0.00;0.00;0.00;0.00;0.00;0.00;0.00;97.00;0.00;0.00;0.00;0.00;240.00;240.00;0.00;0.00;0.00;0.00;0.00;240.00;160.00;160.00;0.00;0.00;80.00;160.00;0.00;0.00;0.00;160.00;0.00;480.00;0.00;320.00;0.00
1772828068.797442;0.00;0.00;97.00;0.00;0.00;194.00;0.00;0.00;0.00;0.00;0.00;194.00;0.00;0.00;0.00;0.00;0.00;0.00;0.00;97.00;0.00;0.00;0.00;0.00;240.00;240.00;0.00;0.00;0.00;0.00;0.00;240.00;160.00;160.00;0.00;0.00;80.00;160.00;0.00;0.00;0.00;160.00;0.00;480.00;0.00;320.00;0.00
1772828068.8227684;0.00;0.00;97.00;0.00;0.00;194.00;0.00;0.00;0.00;0.00;0.00;194.00;0.00;0.00;0.00;0.00;0.00;0.00;0.00;194.00;0.00;0.00;0.00;0.00;480.00;480.00;0.00;0.00;0.00;0.00;0.00;240.00;160.00;160.00;0.00;0.00;80.00;160.00;0.00;0.00;0.00;640.00;0.00;480.00;0.00;320.00;0.00
1772828068.8234026;0.00;0.00;97.00;0.00;0.00;194.00;0.00;0.00;0.00;0.00;0.00;194.00;0.00;0.00;0.00;0.00;0.00;0.00;0.00;194.00;0.00;0.00;0.00;0.00;480.00;480.00;0.00;0.00;0.00;0.00;0.00;240.00;160.00;160.00;0.00;0.00;80.00;160.00;0.00;0.00;0.00;640.00;0.00;480.00;0.00;320.00;0.00
1772828068.8470798;0.00;97.00;97.00;0.00;0.00;194.00;0.00;0.00;0.00;0.00;0.00;194.00;0.00;0.00;0.00;0.00;0.00;0.00;0.00;194.00;0.00;0.00;0.00;0.00;480.00;480.00;0.00;0.00;0.00;0.00;0.00;480.00;160.00;160.00;0.00;0.00;400.00;480.00;0.00;0.00;0.00;640.00;0.00;480.00;0.00;320.00;0.00
1772828068.8477585;0.00;97.00;97.00;0.00;0.00;194.00;0.00;0.00;0.00;0.00;0.00;194.00;0.00;0.00;0.00;0.00;0.00;0.00;0.00;194.00;0.00;0.00;0.00;0.00;480.00;480.00;0.00;0.00;0.00;0.00;0.00;480.00;160.00;160.00;0.00;0.00;400.00;480.00;0.00;0.00;0.00;640.00;0.00;480.00;0.00;320.00;0.00
1772828068.871852;0.00;97.00;97.00;0.00;0.00;291.00;0.00;0.00;0.00;0.00;0.00;194.00;0.00;0.00;0.00;0.00;0.00;0.00;0.00;194.00;0.00;0.00;0.00;0.00;480.00;480.00;0.00;0.00;0.00;0.00;0.00;720.00;160.00;160.00;0.00;0.00;720.00;800.00;0.00;0.00;0.00;640.00;0.00;480.00;0.00;320.00;0.00
1772828068.8725443;0.00;97.00;97.00;0.00;0.00;291.00;0.00;0.00;0.00;0.00;0.00;194.00;0.00;0.00;0.00;0.00;0.00;0.00;0.00;194.00;0.00;0.00;0.00;0.00;480.00;480.00;0.00;0.00;0.00;0.00;0.00;720.00;160.00;160.00;0.00;0.00;720.00;800.00;0.00;0.00;0.00;640.00;0.00;480.00;0.00;320.00;0.00
1772828068.8983343;0.00;97.00;97.00;0.00;0.00;388.00;0.00;0.00;0.00;0.00;0.00;194.00;0.00;0.00;0.00;0.00;0.00;0.00;0.00;194.00;0.00;0.00;0.00;0.00;480.00;480.00;0.00;0.00;0.00;0.00;0.00;960.00;160.00;160.00;0.00;0.00;1040.00;1120.00;0.00;0.00;0.00;640.00;0.00;480.00;0.00;320.00;0.00
1772828068.8991218;0.00;97.00;97.00;0.00;0.00;388.00;0.00;0.00;0.00;0.00;0.00;194.00;0.00;0.00;0.00;0.00;0.00;0.00;0.00;194.00;0.00;0.00;0.00;0.00;480.00;480.00;0.00;0.00;0.00;0.00;0.00;960.00;160.00;160.00;0.00;0.00;1040.00;1120.00;0.00;0.00;0.00;640.00;0.00;480.00;0.00;320.00;0.00
1772828068.927201;0.00;97.00;97.00;0.00;0.00;388.00;0.00;0.00;0.00;0.00;0.00;194.00;0.00;0.00;0.00;0.00;0.00;0.00;0.00;291.00;0.00;0.00;0.00;0.00;560.00;720.00;0.00;0.00;0.00;0.00;0.00;960.00;160.00;160.00;0.00;0.00;1040.00;1120.00;0.00;320.00;0.00;800.00;0.00;480.00;0.00;320.00;0.00
1772828068.927994;0.00;97.00;97.00;0.00;0.00;388.00;0.00;0.00;0.00;0.00;0.00;194.00;0.00;0.00;0.00;0.00;0.00;0.00;0.00;291.00;0.00;0.00;0.00;0.00;560.00;720.00;0.00;0.00;0.00;0.00;0.00;960.00;160.00;160.00;0.00;0.00;1040.00;1120.00;0.00;320.00;0.00;800.00;0.00;480.00;0.00;320.00;0.00
1772828068.9672325;0.00;194.00;97.00;0.00;0.00;388.00;0.00;0.00;0.00;0.00;0.00;194.00;0.00;0.00;0.00;0.00;0.00;0.00;0.00;291.00;0.00;0.00;0.00;0.00;560.00;720.00;0.00;0.00;0.00;0.00;0.00;1200.00;160.00;160.00;0.00;0.00;1360.00;1440.00;0.00;320.00;0.00;800.00;0.00;480.00;0.00;320.00;0.00
1772828068.9685938;0.00;194.00;97.00;0.00;0.00;388.00;0.00;0.00;0.00;0.00;0.00;194.00;0.00;0.00;0.00;0.00;0.00;0.00;0.00;291.00;0.00;0.00;0.00;0.00;560.00;720.00;0.00;0.00;0.00;0.00;0.00;1200.00;160.00;160.00;0.00;0.00;1360.00;1440.00;0.00;320.00;0.00;800.00;0.00;480.00;0.00;320.00;0.00
1772828069.0194232;0.00;194.00;97.00;0.00;0.00;388.00;0.00;0.00;0.00;0.00;0.00;291.00;0.00;0.00;0.00;0.00;0.00;0.00;0.00;291.00;0.00;0.00;0.00;0.00;640.00;960.00;0.00;0.00;0.00;0.00;0.00;1200.00;160.00;160.00;0.00;0.00;1360.00;1440.00;0.00;640.00;0.00;960.00;0.00;480.00;0.00;320.00;0.00
1772828069.0211978;0.00;194.00;97.00;0.00;0.00;388.00;0.00;0.00;0.00;0.00;0.00;291.00;0.00;0.00;0.00;0.00;0.00;0.00;0.00;291.00;0.00;0.00;0.00;0.00;640.00;960.00;0.00;0.00;0.00;0.00;0.00;1200.00;160.00;160.00;0.00;0.00;1360.00;1440.00;0.00;640.00;0.00;960.00;0.00;480.00;0.00;320.00;0.00
1772828069.216983;0.00;194.00;97.00;0.00;0.00;388.00;0.00;0.00;97.00;0.00;0.00;291.00;0.00;0.00;0.00;0.00;0.00;0.00;0.00;291.00;0.00;0.00;0.00;0.00;640.00;960.00;0.00;0.00;0.00;0.00;240.00;1510.00;470.00;470.00;0.00;0.00;1360.00;1670.00;480.00;640.00;0.00;960.00;0.00;480.00;0.00;470.00;0.00
1772828069.2190444;0.00;194.00;97.00;0.00;0.00;388.00;0.00;0.00;97.00;0.00;0.00;291.00;0.00;0.00;0.00;0.00;0.00;0.00;0.00;291.00;0.00;0.00;0.00;0.00;640.00;960.00;0.00;0.00;0.00;0.00;240.00;1510.00;470.00;470.00;0.00;0.00;1360.00;1670.00;480.00;640.00;0.00;960.00;0.00;480.00;0.00;470.00;0.00
1772828069.2724242;0.00;194.00;97.00;0.00;0.00;388.00;0.00;0.00;194.00;0.00;0.00;291.00;0.00;0.00;0.00;0.00;0.00;0.00;0.00;291.00;0.00;0.00;0.00;0.00;640.00;960.00;0.00;0.00;0.00;0.00;480.00;1750.00;630.00;630.00;0.00;0.00;1520.00;1670.00;800.00;640.00;0.00;960.00;0.00;480.00;0.00;470.00;0.00
1772828069.2745779;0.00;194.00;97.00;0.00;0.00;388.00;0.00;0.00;194.00;0.00;0.00;291.00;0.00;0.00;0.00;0.00;0.00;0.00;0.00;291.00;0.00;0.00;0.00;0.00;640.00;960.00;0.00;0.00;0.00;0.00;480.00;1750.00;630.00;630.00;0.00;0.00;1520.00;1670.00;800.00;640.00;0.00;960.00;0.00;480.00;0.00;470.00;0.00
1772828069.3280845;0.00;194.00;194.00;0.00;0.00;388.00;0.00;0.00;194.00;0.00;0.00;291.00;0.00;0.00;0.00;0.00;0.00;0.00;0.00;291.00;0.00;0.00;0.00;0.00;640.00;960.00;0.00;0.00;0.00;240.00;480.00;1750.00;630.00;630.00;0.00;0.00;1520.00;1670.00;1280.00;640.00;0.00;960.00;0.00;480.00;0.00;470.00;0.00
1772828069.3297384;0.00;194.00;194.00;0.00;0.00;388.00;0.00;0.00;194.00;0.00;0.00;291.00;0.00;0.00;0.00;0.00;0.00;0.00;0.00;291.00;0.00;0.00;0.00;0.00;640.00;960.00;0.00;0.00;0.00;240.00;480.00;1750.00;630.00;630.00;0.00;0.00;1520.00;1670.00;1280.00;640.00;0.00;960.00;0.00;480.00;0.00;470.00;0.00
1772828069.3707075;0.00;291.00;194.00;0.00;0.00;388.00;0.00;0.00;194.00;0.00;0.00;291.00;0.00;0.00;0.00;0.00;0.00;0.00;0.00;291.00;0.00;0.00;0.00;0.00;640.00;960.00;0.00;0.00;0.00;240.00;480.00;2220.00;940.00;780.00;0.00;0.00;1520.00;1782.33;1280.00;640.00;0.00;960.00;0.00;480.00;160.00;620.00;0.00
1772828069.3723824;0.00;291.00;194.00;0.00;0.00;388.00;0.00;0.00;194.00;0.00;0.00;291.00;0.00;0.00;0.00;0.00;0.00;0.00;0.00;291.00;0.00;0.00;0.00;0.00;640.00;960.00;0.00;0.00;0.00;240.00;480.00;2220.00;940.00;780.00;0.00;0.00;1520.00;1782.33;1280.00;640.00;0.00;960.00;0.00;480.00;160.00;620.00;0.00
1772828069.41103;0.00;291.00;194.00;0.00;0.00;388.00;0.00;0.00;291.00;0.00;0.00;291.00;0.00;0.00;0.00;0.00;0.00;0.00;0.00;291.00;0.00;0.00;0.00;0.00;640.00;960.00;0.00;0.00;0.00;400.00;640.00;2380.00;940.00;780.00;0.00;160.00;1520.00;1782.33;1360.00;640.00;0.00;960.00;0.00;480.00;160.00;620.00;0.00
1772828069.4125738;0.00;291.00;194.00;0.00;0.00;388.00;0.00;0.00;291.00;0.00;0.00;291.00;0.00;0.00;0.00;0.00;0.00;0.00;0.00;291.00;0.00;0.00;0.00;0.00;640.00;960.00;0.00;0.00;0.00;400.00;640.00;2380.00;940.00;780.00;0.00;160.00;1520.00;1782.33;1360.00;640.00;0.00;960.00;0.00;480.00;160.00;620.00;0.00
1772828069.4521534;0.00;291.00;291.00;0.00;0.00;388.00;0.00;0.00;291.00;0.00;0.00;291.00;0.00;0.00;0.00;0.00;0.00;0.00;0.00;291.00;0.00;0.00;0.00;0.00;640.00;960.00;0.00;0.00;0.00;640.00;640.00;2380.00;940.00;780.00;0.00;480.00;1520.00;1782.33;1520.00;640.00;0.00;960.00;0.00;480.00;160.00;620.00;0.00
1772828069.4531083;0.00;291.00;291.00;0.00;0.00;388.00;0.00;0.00;291.00;0.00;0.00;291.00;0.00;0.00;0.00;0.00;0.00;0.00;0.00;291.00;0.00;0.00;0.00;0.00;640.00;960.00;0.00;0.00;0.00;640.00;640.00;2380.00;940.00;780.00;0.00;480.00;1520.00;1782.33;1520.00;640.00;0.00;960.00;0.00;480.00;160.00;620.00;0.00
1772828069.477515;0.00;291.00;291.00;0.00;0.00;388.00;0.00;0.00;388.00;0.00;0.00;291.00;0.00;0.00;0.00;0.00;0.00;0.00;0.00;291.00;0.00;0.00;0.00;0.00;640.00;960.00;0.00;0.00;0.00;640.00;880.00;2690.00;1090.00;930.00;0.00;480.00;1520.00;1782.33;1632.33;640.00;0.00;960.00;0.00;480.00;160.00;770.00;0.00
1772828069.478508;0.00;291.00;291.00;0.00;0.00;388.00;0.00;0.00;388.00;0.00;0.00;291.00;0.00;0.00;0.00;0.00;0.00;0.00;0.00;291.00;0.00;0.00;0.00;0.00;640.00;960.00;0.00;0.00;0.00;640.00;880.00;2690.00;1090.00;930.00;0.00;480.00;1520.00;1782.33;1632.33;640.00;0.00;960.00;0.00;480.00;160.00;770.00;0.00
1772828069.5051095;0.00;291.00;388.00;0.00;0.00;388.00;0.00;0.00;388.00;0.00;0.00;291.00;0.00;0.00;0.00;0.00;0.00;0.00;0.00;291.00;0.00;0.00;0.00;0.00;640.00;960.00;0.00;0.00;0.00;880.00;880.00;2690.00;1090.00;930.00;0.00;800.00;1520.00;1782.33;1792.33;640.00;0.00;960.00;0.00;480.00;160.00;770.00;0.00
1772828069.5066893;0.00;291.00;388.00;0.00;0.00;388.00;0.00;0.00;388.00;0.00;0.00;291.00;0.00;0.00;0.00;0.00;0.00;0.00;0.00;291.00;0.00;0.00;0.00;0.00;640.00;960.00;0.00;0.00;0.00;880.00;880.00;2690.00;1090.00;930.00;0.00;800.00;1520.00;1782.33;1792.33;640.00;0.00;960.00;0.00;480.00;160.00;770.00;0.00
1772828069.5464795;0.00;291.00;388.00;0.00;0.00;388.00;0.00;0.00;388.00;0.00;0.00;291.00;0.00;0.00;0.00;0.00;0.00;0.00;0.00;388.00;0.00;0.00;0.00;0.00;640.00;1120.00;80.00;0.00;0.00;880.00;880.00;2690.00;1090.00;930.00;0.00;800.00;1520.00;1782.33;1792.33;960.00;160.00;960.00;0.00;480.00;160.00;770.00;0.00
1772828069.5482643;0.00;291.00;388.00;0.00;0.00;388.00;0.00;0.00;388.00;0.00;0.00;291.00;0.00;0.00;0.00;0.00;0.00;0.00;0.00;388.00;0.00;0.00;0.00;0.00;640.00;1120.00;80.00;0.00;0.00;880.00;880.00;2690.00;1090.00;930.00;0.00;800.00;1520.00;1782.33;1792.33;960.00;160.00;960.00;0.00;480.00;160.00;770.00;0.00
1772828069.5860643;0.00;388.00;388.00;0.00;0.00;388.00;0.00;0.00;388.00;0.00;0.00;291.00;0.00;0.00;0.00;0.00;0.00;0.00;0.00;388.00;0.00;0.00;0.00;0.00;640.00;1120.00;80.00;0.00;0.00;880.00;960.00;2850.00;1250.00;930.00;0.00;800.00;1520.00;1782.33;1952.33;960.00;160.00;960.00;0.00;480.00;160.00;770.00;0.00
1772828069.5871425;0.00;388.00;388.00;0.00;0.00;388.00;0.00;0.00;388.00;0.00;0.00;291.00;0.00;0.00;0.00;0.00;0.00;0.00;0.00;388.00;0.00;0.00;0.00;0.00;640.00;1120.00;80.00;0.00;0.00;880.00;960.00;2850.00;1250.00;930.00;0.00;800.00;1520.00;1782.33;1952.33;960.00;160.00;960.00;0.00;480.00;160.00;770.00;0.00
1772828069.721958;0.00;388.00;388.00;0.00;0.00;388.00;0.00;0.00;485.00;0.00;0.00;291.00;0.00;0.00;0.00;0.00;0.00;0.00;0.00;388.00;0.00;0.00;0.00;0.00;640.00;1120.00;80.00;0.00;0.00;1110.00;1120.00;3010.00;1250.00;930.00;0.00;1030.00;1520.00;1782.33;2102.33;960.00;160.00;960.00;0.00;480.00;160.00;770.00;0.00
1772828069.7239127;0.00;388.00;388.00;0.00;0.00;388.00;0.00;0.00;485.00;0.00;0.00;291.00;0.00;0.00;0.00;0.00;0.00;0.00;0.00;388.00;0.00;0.00;0.00;0.00;640.00;1120.00;80.00;0.00;0.00;1110.00;1120.00;3010.00;1250.00;930.00;0.00;1030.00;1520.00;1782.33;2102.33;960.00;160.00;960.00;0.00;480.00;160.00;770.00;0.00
1772828069.7654092;0.00;388.00;485.00;0.00;0.00;388.00;0.00;0.00;485.00;0.00;0.00;291.00;0.00;0.00;0.00;0.00;0.00;0.00;0.00;388.00;0.00;0.00;0.00;0.00;640.00;1120.00;80.00;0.00;0.00;1350.00;1120.00;3010.00;1250.00;930.00;0.00;1510.00;1520.00;1782.33;2102.33;960.00;160.00;960.00;0.00;480.00;160.00;770.00;0.00
1772828069.7674603;0.00;388.00;485.00;0.00;0.00;388.00;0.00;0.00;485.00;0.00;0.00;291.00;0.00;0.00;0.00;0.00;0.00;0.00;0.00;388.00;0.00;0.00;0.00;0.00;640.00;1120.00;80.00;0.00;0.00;1350.00;1120.00;3010.00;1250.00;930.00;0.00;1510.00;1520.00;1782.33;2102.33;960.00;160.00;960.00;0.00;480.00;160.00;770.00;0.00
1772828069.808102;0.00;485.00;485.00;0.00;0.00;388.00;0.00;0.00;485.00;0.00;0.00;291.00;0.00;0.00;0.00;0.00;0.00;0.00;0.00;388.00;0.00;0.00;0.00;0.00;640.00;1120.00;80.00;0.00;0.00;1350.00;1200.00;3170.00;1410.00;930.00;0.00;1510.00;1520.00;1894.66;2102.33;960.00;160.00;960.00;0.00;480.00;160.00;770.00;0.00
1772828069.8101165;0.00;485.00;485.00;0.00;0.00;388.00;0.00;0.00;485.00;0.00;0.00;291.00;0.00;0.00;0.00;0.00;0.00;0.00;0.00;388.00;0.00;0.00;0.00;0.00;640.00;1120.00;80.00;0.00;0.00;1350.00;1200.00;3170.00;1410.00;930.00;0.00;1510.00;1520.00;1894.66;2102.33;960.00;160.00;960.00;0.00;480.00;160.00;770.00;0.00
1772828069.8511732;0.00;485.00;485.00;0.00;0.00;485.00;0.00;0.00;485.00;0.00;0.00;291.00;0.00;0.00;0.00;0.00;0.00;0.00;0.00;388.00;0.00;0.00;0.00;0.00;640.00;1120.00;80.00;0.00;0.00;1580.00;1280.00;3330.00;1570.00;930.00;0.00;1510.00;1520.00;1894.66;2252.33;960.00;160.00;960.00;0.00;480.00;160.00;770.00;0.00
1772828069.8532193;0.00;485.00;485.00;0.00;0.00;485.00;0.00;0.00;485.00;0.00;0.00;291.00;0.00;0.00;0.00;0.00;0.00;0.00;0.00;388.00;0.00;0.00;0.00;0.00;640.00;1120.00;80.00;0.00;0.00;1580.00;1280.00;3330.00;1570.00;930.00;0.00;1510.00;1520.00;1894.66;2252.33;960.00;160.00;960.00;0.00;480.00;160.00;770.00;0.00
1772828069.8811946;0.00;485.00;485.00;0.00;0.00;485.00;0.00;0.00;582.00;0.00;0.00;291.00;0.00;0.00;0.00;0.00;0.00;0.00;0.00;388.00;0.00;0.00;0.00;0.00;640.00;1120.00;80.00;0.00;0.00;1740.00;1440.00;3490.00;1570.00;930.00;0.00;1510.00;1520.00;1894.66;2364.66;960.00;160.00;960.00;0.00;480.00;160.00;770.00;0.00
1772828069.8823645;0.00;485.00;485.00;0.00;0.00;485.00;0.00;0.00;582.00;0.00;0.00;291.00;0.00;0.00;0.00;0.00;0.00;0.00;0.00;388.00;0.00;0.00;0.00;0.00;640.00;1120.00;80.00;0.00;0.00;1740.00;1440.00;3490.00;1570.00;930.00;0.00;1510.00;1520.00;1894.66;2364.66;960.00;160.00;960.00;0.00;480.00;160.00;770.00;0.00
1772828069.910667;0.00;485.00;582.00;0.00;0.00;485.00;0.00;0.00;582.00;0.00;0.00;291.00;0.00;0.00;0.00;0.00;0.00;0.00;0.00;388.00;0.00;0.00;0.00;0.00;640.00;1120.00;80.00;0.00;0.00;2210.00;1600.00;3640.00;1720.00;1080.00;0.00;1622.33;1520.00;1894.66;2514.66;960.00;160.00;960.00;0.00;480.00;160.00;920.00;0.00
1772828069.9118545;0.00;485.00;582.00;0.00;0.00;485.00;0.00;0.00;582.00;0.00;0.00;291.00;0.00;0.00;0.00;0.00;0.00;0.00;0.00;388.00;0.00;0.00;0.00;0.00;640.00;1120.00;80.00;0.00;0.00;2210.00;1600.00;3640.00;1720.00;1080.00;0.00;1622.33;1520.00;1894.66;2514.66;960.00;160.00;960.00;0.00;480.00;160.00;920.00;0.00
1772828069.9397821;0.00;485.00;582.00;0.00;0.00;485.00;0.00;0.00;582.00;0.00;0.00;291.00;0.00;0.00;0.00;0.00;0.00;0.00;0.00;485.00;0.00;0.00;0.00;0.00;800.00;1280.00;160.00;0.00;0.00;2210.00;1600.00;3640.00;1720.00;1080.00;0.00;1622.33;1520.00;1894.66;2514.66;1184.67;320.00;960.00;0.00;480.00;160.00;920.00;0.00
1772828069.941177;0.00;485.00;582.00;0.00;0.00;485.00;0.00;0.00;582.00;0.00;0.00;291.00;0.00;0.00;0.00;0.00;0.00;0.00;0.00;485.00;0.00;0.00;0.00;0.00;800.00;1280.00;160.00;0.00;0.00;2210.00;1600.00;3640.00;1720.00;1080.00;0.00;1622.33;1520.00;1894.66;2514.66;1184.67;320.00;960.00;0.00;480.00;160.00;920.00;0.00
1772828069.96851;0.00;485.00;582.00;0.00;0.00;582.00;0.00;0.00;582.00;0.00;0.00;291.00;0.00;0.00;0.00;0.00;0.00;0.00;0.00;485.00;0.00;0.00;0.00;0.00;800.00;1280.00;160.00;80.00;80.00;2290.00;1904.67;3800.00;1720.00;1080.00;0.00;1622.33;1520.00;1894.66;2514.66;1184.67;480.00;960.00;0.00;480.00;160.00;920.00;0.00
1772828069.9697201;0.00;485.00;582.00;0.00;0.00;582.00;0.00;0.00;582.00;0.00;0.00;291.00;0.00;0.00;0.00;0.00;0.00;0.00;0.00;485.00;0.00;0.00;0.00;0.00;800.00;1280.00;160.00;80.00;80.00;2290.00;1904.67;3800.00;1720.00;1080.00;0.00;1622.33;1520.00;1894.66;2514.66;1184.67;480.00;960.00;0.00;480.00;160.00;920.00;0.00
1772828069.9943113;0.00;485.00;582.00;0.00;0.00;582.00;0.00;0.00;582.00;0.00;0.00;291.00;0.00;0.00;0.00;0.00;0.00;0.00;0.00;582.00;0.00;0.00;0.00;0.00;960.00;1440.00;592.33;80.00;80.00;2290.00;1904.67;3800.00;1720.00;1080.00;0.00;1622.33;1520.00;1894.66;2514.66;1184.67;960.00;960.00;0.00;480.00;160.00;920.00;0.00
1772828069.9955065;0.00;485.00;582.00;0.00;0.00;582.00;0.00;0.00;582.00;0.00;0.00;291.00;0.00;0.00;0.00;0.00;0.00;0.00;0.00;582.00;0.00;0.00;0.00;0.00;960.00;1440.00;592.33;80.00;80.00;2290.00;1904.67;3800.00;1720.00;1080.00;0.00;1622.33;1520.00;1894.66;2514.66;1184.67;960.00;960.00;0.00;480.00;160.00;920.00;0.00
1772828070.090969;0.00;582.00;582.00;0.00;0.00;582.00;0.00;0.00;582.00;0.00;0.00;291.00;0.00;0.00;0.00;0.00;0.00;0.00;0.00;582.00;0.00;0.00;0.00;0.00;960.00;1440.00;672.33;160.00;160.00;2370.00;2209.34;3960.00;1720.00;1080.00;0.00;1622.33;1520.00;1894.66;2514.66;1184.67;1120.00;960.00;0.00;480.00;160.00;920.00;0.00
1772828070.0923607;0.00;582.00;582.00;0.00;0.00;582.00;0.00;0.00;582.00;0.00;0.00;291.00;0.00;0.00;0.00;0.00;0.00;0.00;0.00;582.00;0.00;0.00;0.00;0.00;960.00;1440.00;672.33;160.00;160.00;2370.00;2209.34;3960.00;1720.00;1080.00;0.00;1622.33;1520.00;1894.66;2514.66;1184.67;1120.00;960.00;0.00;480.00;160.00;920.00;0.00
1772828083.5667756;0.00;0.00;194.00;0.00;0.00;97.00;0.00;0.00;0.00;0.00;0.00;194.00;0.00;0.00;0.00;0.00;0.00;0.00;97.00;0.00;0.00;0.00;0.00;0.00;0.00;0.00;0.00;0.00;0.00;0.00;0.00;0.00;80.00;160.00;0.00;0.00;80.00;0.00;0.00;0.00;0.00;0.00;0.00;0.00;160.00;320.00;0.00
1772828083.5674133;0.00;0.00;194.00;0.00;0.00;97.00;0.00;0.00;0.00;0.00;0.00;194.00;0.00;0.00;0.00;0.00;0.00;0.00;97.00;0.00;0.00;0.00;0.00;0.00;0.00;0.00;0.00;0.00;0.00;0.00;0.00;0.00;80.00;160.00;0.00;0.00;80.00;0.00;0.00;0.00;0.00;0.00;0.00;0.00;160.00;320.00;0.00
1772828083.5947006;0.00;0.00;194.00;0.00;0.00;97.00;0.00;0.00;0.00;0.00;0.00;194.00;0.00;0.00;0.00;0.00;0.00;0.00;194.00;0.00;0.00;0.00;0.00;0.00;0.00;0.00;0.00;0.00;0.00;0.00;0.00;0.00;160.00;320.00;0.00;0.00;80.00;0.00;0.00;0.00;0.00;0.00;0.00;0.00;640.00;320.00;0.00
1772828083.5953197;0.00;0.00;194.00;0.00;0.00;97.00;0.00;0.00;0.00;0.00;0.00;194.00;0.00;0.00;0.00;0.00;0.00;0.00;194.00;0.00;0.00;0.00;0.00;0.00;0.00;0.00;0.00;0.00;0.00;0.00;0.00;0.00;160.00;320.00;0.00;0.00;80.00;0.00;0.00;0.00;0.00;0.00;0.00;0.00;640.00;320.00;0.00
1772828083.6219087;0.00;0.00;194.00;0.00;0.00;97.00;0.00;0.00;0.00;0.00;0.00;194.00;0.00;0.00;0.00;0.00;0.00;0.00;291.00;0.00;0.00;0.00;0.00;0.00;0.00;0.00;0.00;0.00;0.00;0.00;0.00;0.00;240.00;544.67;0.00;0.00;240.00;0.00;0.00;0.00;0.00;0.00;0.00;0.00;640.00;544.67;0.00
1772828083.6225822;0.00;0.00;194.00;0.00;0.00;97.00;0.00;0.00;0.00;0.00;0.00;194.00;0.00;0.00;0.00;0.00;0.00;0.00;291.00;0.00;0.00;0.00;0.00;0.00;0.00;0.00;0.00;0.00;0.00;0.00;0.00;0.00;240.00;544.67;0.00;0.00;240.00;0.00;0.00;0.00;0.00;0.00;0.00;0.00;640.00;544.67;0.00
1772828083.654046;0.00;0.00;194.00;0.00;0.00;97.00;0.00;0.00;0.00;0.00;0.00;194.00;0.00;0.00;0.00;0.00;0.00;0.00;388.00;0.00;0.00;0.00;0.00;0.00;0.00;0.00;0.00;0.00;0.00;0.00;0.00;0.00;480.00;544.67;0.00;0.00;720.00;0.00;0.00;0.00;0.00;0.00;0.00;0.00;640.00;544.67;0.00
1772828083.6552465;0.00;0.00;194.00;0.00;0.00;97.00;0.00;0.00;0.00;0.00;0.00;194.00;0.00;0.00;0.00;0.00;0.00;0.00;388.00;0.00;0.00;0.00;0.00;0.00;0.00;0.00;0.00;0.00;0.00;0.00;0.00;0.00;480.00;544.67;0.00;0.00;720.00;0.00;0.00;0.00;0.00;0.00;0.00;0.00;640.00;544.67;0.00
1772828083.6952877;0.00;0.00;194.00;0.00;0.00;97.00;0.00;0.00;0.00;0.00;0.00;194.00;0.00;0.00;0.00;0.00;0.00;0.00;485.00;0.00;0.00;0.00;0.00;0.00;0.00;0.00;0.00;0.00;0.00;0.00;0.00;0.00;720.00;544.67;0.00;0.00;1200.00;0.00;0.00;0.00;0.00;0.00;0.00;0.00;640.00;544.67;0.00
1772828083.696531;0.00;0.00;194.00;0.00;0.00;97.00;0.00;0.00;0.00;0.00;0.00;194.00;0.00;0.00;0.00;0.00;0.00;0.00;485.00;0.00;0.00;0.00;0.00;0.00;0.00;0.00;0.00;0.00;0.00;0.00;0.00;0.00;720.00;544.67;0.00;0.00;1200.00;0.00;0.00;0.00;0.00;0.00;0.00;0.00;640.00;544.67;0.00
1772828083.736026;0.00;0.00;194.00;0.00;0.00;97.00;0.00;0.00;0.00;0.00;0.00;194.00;0.00;0.00;0.00;0.00;0.00;0.00;582.00;0.00;0.00;0.00;0.00;0.00;0.00;0.00;0.00;0.00;0.00;0.00;0.00;0.00;960.00;881.67;0.00;0.00;1680.00;0.00;0.00;0.00;0.00;0.00;0.00;0.00;640.00;544.67;0.00
1772828083.737336;0.00;0.00;194.00;0.00;0.00;97.00;0.00;0.00;0.00;0.00;0.00;194.00;0.00;0.00;0.00;0.00;0.00;0.00;582.00;0.00;0.00;0.00;0.00;0.00;0.00;0.00;0.00;0.00;0.00;0.00;0.00;0.00;960.00;881.67;0.00;0.00;1680.00;0.00;0.00;0.00;0.00;0.00;0.00;0.00;640.00;544.67;0.00
1772828097.6059601;0.00;0.00;194.00;0.00;0.00;97.00;0.00;0.00;0.00;0.00;0.00;194.00;0.00;97.00;0.00;0.00;0.00;0.00;0.00;0.00;0.00;0.00;0.00;310.00;160.00;0.00;0.00;0.00;0.00;0.00;0.00;0.00;0.00;0.00;0.00;0.00;0.00;0.00;0.00;0.00;0.00;432.33;0.00;160.00;0.00;0.00;460.00
1772828097.6071162;0.00;0.00;194.00;0.00;0.00;97.00;0.00;0.00;0.00;0.00;0.00;194.00;0.00;97.00;0.00;0.00;0.00;0.00;0.00;0.00;0.00;0.00;0.00;310.00;160.00;0.00;0.00;0.00;0.00;0.00;0.00;0.00;0.00;0.00;0.00;0.00;0.00;0.00;0.00;0.00;0.00;432.33;0.00;160.00;0.00;0.00;460.00
1772828097.6428368;0.00;0.00;194.00;0.00;0.00;97.00;0.00;0.00;0.00;0.00;0.00;194.00;0.00;194.00;0.00;0.00;0.00;0.00;0.00;0.00;0.00;0.00;0.00;620.00;320.00;0.00;0.00;0.00;0.00;0.00;0.00;0.00;0.00;0.00;0.00;0.00;0.00;0.00;0.00;0.00;0.00;864.66;0.00;320.00;0.00;0.00;760.00
1772828097.6434703;0.00;0.00;194.00;0.00;0.00;97.00;0.00;0.00;0.00;0.00;0.00;194.00;0.00;194.00;0.00;0.00;0.00;0.00;0.00;0.00;0.00;0.00;0.00;620.00;320.00;0.00;0.00;0.00;0.00;0.00;0.00;0.00;0.00;0.00;0.00;0.00;0.00;0.00;0.00;0.00;0.00;864.66;0.00;320.00;0.00;0.00;760.00
1772828097.6689775;0.00;0.00;194.00;0.00;0.00;97.00;0.00;0.00;0.00;0.00;0.00;194.00;0.00;291.00;0.00;0.00;0.00;0.00;0.00;0.00;0.00;0.00;0.00;930.00;480.00;0.00;0.00;0.00;0.00;0.00;0.00;0.00;0.00;0.00;0.00;0.00;0.00;0.00;0.00;0.00;0.00;1201.66;0.00;480.00;0.00;0.00;1060.00
1772828097.6696634;0.00;0.00;194.00;0.00;0.00;97.00;0.00;0.00;0.00;0.00;0.00;194.00;0.00;291.00;0.00;0.00;0.00;0.00;0.00;0.00;0.00;0.00;0.00;930.00;480.00;0.00;0.00;0.00;0.00;0.00;0.00;0.00;0.00;0.00;0.00;0.00;0.00;0.00;0.00;0.00;0.00;1201.66;0.00;480.00;0.00;0.00;1060.00
1772828097.7688727;0.00;0.00;194.00;0.00;0.00;97.00;0.00;0.00;0.00;0.00;0.00;194.00;0.00;388.00;0.00;0.00;0.00;0.00;0.00;0.00;0.00;0.00;0.00;1240.00;640.00;0.00;0.00;0.00;0.00;0.00;0.00;0.00;0.00;0.00;320.00;0.00;0.00;0.00;0.00;0.00;0.00;1313.99;0.00;640.00;0.00;320.00;1360.00
1772828097.7695613;0.00;0.00;194.00;0.00;0.00;97.00;0.00;0.00;0.00;0.00;0.00;194.00;0.00;388.00;0.00;0.00;0.00;0.00;0.00;0.00;0.00;0.00;0.00;1240.00;640.00;0.00;0.00;0.00;0.00;0.00;0.00;0.00;0.00;0.00;320.00;0.00;0.00;0.00;0.00;0.00;0.00;1313.99;0.00;640.00;0.00;320.00;1360.00
1772828097.7958236;0.00;0.00;194.00;0.00;0.00;97.00;0.00;0.00;0.00;0.00;0.00;194.00;0.00;485.00;0.00;0.00;0.00;0.00;0.00;0.00;0.00;0.00;0.00;1540.00;1110.00;0.00;0.00;0.00;0.00;0.00;0.00;0.00;0.00;0.00;320.00;0.00;0.00;0.00;0.00;0.00;0.00;1426.32;0.00;1120.00;0.00;320.00;1660.00
1772828097.7965333;0.00;0.00;194.00;0.00;0.00;97.00;0.00;0.00;0.00;0.00;0.00;194.00;0.00;485.00;0.00;0.00;0.00;0.00;0.00;0.00;0.00;0.00;0.00;1540.00;1110.00;0.00;0.00;0.00;0.00;0.00;0.00;0.00;0.00;0.00;320.00;0.00;0.00;0.00;0.00;0.00;0.00;1426.32;0.00;1120.00;0.00;320.00;1660.00
1772828097.821411;0.00;0.00;194.00;0.00;0.00;97.00;0.00;0.00;0.00;0.00;0.00;194.00;0.00;582.00;0.00;0.00;0.00;0.00;0.00;0.00;0.00;0.00;0.00;1754.67;1222.33;160.00;0.00;0.00;0.00;0.00;0.00;0.00;0.00;224.67;534.67;0.00;0.00;0.00;0.00;160.00;0.00;1426.32;0.00;1120.00;320.00;320.00;1960.00
1772828097.8222106;0.00;0.00;194.00;0.00;0.00;97.00;0.00;0.00;0.00;0.00;0.00;194.00;0.00;582.00;0.00;0.00;0.00;0.00;0.00;0.00;0.00;0.00;0.00;1754.67;1222.33;160.00;0.00;0.00;0.00;0.00;0.00;0.00;0.00;224.67;534.67;0.00;0.00;0.00;0.00;160.00;0.00;1426.32;0.00;1120.00;320.00;320.00;1960.00
1772828116.653618;0.00;0.00;194.00;0.00;0.00;97.00;0.00;0.00;0.00;0.00;0.00;194.00;97.00;582.00;0.00;0.00;0.00;0.00;0.00;0.00;0.00;0.00;0.00;2054.67;1452.33;390.00;240.00;0.00;0.00;0.00;0.00;0.00;0.00;224.67;534.67;0.00;0.00;0.00;0.00;470.00;480.00;1426.32;0.00;1120.00;320.00;320.00;2260.00
1772828116.6549625;0.00;0.00;194.00;0.00;0.00;97.00;0.00;0.00;0.00;0.00;0.00;194.00;97.00;582.00;0.00;0.00;0.00;0.00;0.00;0.00;0.00;0.00;0.00;2054.67;1452.33;390.00;240.00;0.00;0.00;0.00;0.00;0.00;0.00;224.67;534.67;0.00;0.00;0.00;0.00;470.00;480.00;1426.32;0.00;1120.00;320.00;320.00;2260.00
1772828116.696413;0.00;0.00;194.00;0.00;0.00;97.00;0.00;0.00;0.00;0.00;0.00;194.00;194.00;582.00;0.00;0.00;0.00;0.00;0.00;0.00;0.00;0.00;0.00;2354.67;1752.33;690.00;480.00;0.00;0.00;0.00;0.00;0.00;0.00;224.67;534.67;0.00;0.00;0.00;0.00;940.00;800.00;1426.32;0.00;1120.00;320.00;320.00;2560.00
1772828116.6978195;0.00;0.00;194.00;0.00;0.00;97.00;0.00;0.00;0.00;0.00;0.00;194.00;194.00;582.00;0.00;0.00;0.00;0.00;0.00;0.00;0.00;0.00;0.00;2354.67;1752.33;690.00;480.00;0.00;0.00;0.00;0.00;0.00;0.00;224.67;534.67;0.00;0.00;0.00;0.00;940.00;800.00;1426.32;0.00;1120.00;320.00;320.00;2560.00
1772828116.738708;0.00;0.00;194.00;0.00;0.00;97.00;0.00;0.00;0.00;0.00;0.00;194.00;291.00;582.00;0.00;0.00;0.00;0.00;0.00;0.00;0.00;0.00;0.00;2654.67;2062.33;1000.00;720.00;0.00;0.00;0.00;0.00;0.00;0.00;224.67;534.67;0.00;0.00;0.00;0.00;940.00;912.33;1426.32;0.00;1120.00;320.00;320.00;2860.00
1772828116.7401676;0.00;0.00;194.00;0.00;0.00;97.00;0.00;0.00;0.00;0.00;0.00;194.00;291.00;582.00;0.00;0.00;0.00;0.00;0.00;0.00;0.00;0.00;0.00;2654.67;2062.33;1000.00;720.00;0.00;0.00;0.00;0.00;0.00;0.00;224.67;534.67;0.00;0.00;0.00;0.00;940.00;912.33;1426.32;0.00;1120.00;320.00;320.00;2860.00
1772828116.781306;0.00;0.00;194.00;0.00;0.00;97.00;0.00;0.00;0.00;0.00;0.00;194.00;388.00;582.00;0.00;0.00;0.00;0.00;0.00;0.00;0.00;0.00;0.00;2954.67;2372.33;1310.00;960.00;0.00;0.00;0.00;0.00;0.00;0.00;224.67;534.67;0.00;0.00;0.00;0.00;940.00;1024.66;1426.32;0.00;1120.00;320.00;320.00;3160.00
1772828116.7828548;0.00;0.00;194.00;0.00;0.00;97.00;0.00;0.00;0.00;0.00;0.00;194.00;388.00;582.00;0.00;0.00;0.00;0.00;0.00;0.00;0.00;0.00;0.00;2954.67;2372.33;1310.00;960.00;0.00;0.00;0.00;0.00;0.00;0.00;224.67;534.67;0.00;0.00;0.00;0.00;940.00;1024.66;1426.32;0.00;1120.00;320.00;320.00;3160.00
1772828116.823895;0.00;0.00;194.00;0.00;0.00;97.00;0.00;0.00;0.00;0.00;0.00;194.00;485.00;582.00;0.00;0.00;0.00;0.00;0.00;0.00;0.00;0.00;0.00;3254.67;2682.33;1620.00;1312.33;0.00;0.00;0.00;0.00;0.00;0.00;224.67;534.67;0.00;0.00;0.00;0.00;1052.33;1024.66;1426.32;0.00;1120.00;320.00;320.00;3460.00
1772828116.8254578;0.00;0.00;194.00;0.00;0.00;97.00;0.00;0.00;0.00;0.00;0.00;194.00;485.00;582.00;0.00;0.00;0.00;0.00;0.00;0.00;0.00;0.00;0.00;3254.67;2682.33;1620.00;1312.33;0.00;0.00;0.00;0.00;0.00;0.00;224.67;534.67;0.00;0.00;0.00;0.00;1052.33;1024.66;1426.32;0.00;1120.00;320.00;320.00;3460.00
1772828116.8659756;0.00;0.00;194.00;0.00;0.00;97.00;0.00;0.00;0.00;0.00;0.00;194.00;582.00;582.00;0.00;0.00;0.00;0.00;0.00;0.00;0.00;0.00;0.00;3554.67;2992.33;1930.00;1664.66;0.00;0.00;0.00;0.00;0.00;0.00;224.67;534.67;0.00;0.00;0.00;0.00;1164.66;1024.66;1426.32;0.00;1120.00;320.00;320.00;3760.00
1772828116.8676019;0.00;0.00;194.00;0.00;0.00;97.00;0.00;0.00;0.00;0.00;0.00;194.00;582.00;582.00;0.00;0.00;0.00;0.00;0.00;0.00;0.00;0.00;0.00;3554.67;2992.33;1930.00;1664.66;0.00;0.00;0.00;0.00;0.00;0.00;224.67;534.67;0.00;0.00;0.00;0.00;1164.66;1024.66;1426.32;0.00;1120.00;320.00;320.00;3760.00
1772828135.69301;0.00;0.00;0.00;0.00;0.00;97.00;0.00;0.00;0.00;97.00;0.00;194.00;582.00;582.00;0.00;0.00;0.00;0.00;0.00;0.00;0.00;0.00;0.00;3554.67;2992.33;1930.00;1664.66;0.00;0.00;0.00;97.00;240.00;300.00;524.67;834.67;0.00;540.00;480.00;0.00;1164.66;1024.66;1426.32;0.00;1120.00;320.00;0.00;4060.00
1772828135.6946237;0.00;0.00;0.00;0.00;0.00;97.00;0.00;0.00;0.00;97.00;0.00;194.00;582.00;582.00;0.00;0.00;0.00;0.00;0.00;0.00;0.00;0.00;0.00;3554.67;2992.33;1930.00;1664.66;0.00;0.00;0.00;97.00;240.00;300.00;524.67;834.67;0.00;540.00;480.00;0.00;1164.66;1024.66;1426.32;0.00;1120.00;320.00;0.00;4060.00
1772828135.858173;0.00;0.00;0.00;0.00;0.00;97.00;0.00;0.00;0.00;194.00;0.00;194.00;582.00;582.00;0.00;0.00;0.00;0.00;0.00;0.00;0.00;0.00;0.00;3554.67;2992.33;1930.00;1664.66;0.00;0.00;0.00;194.00;480.00;600.00;824.67;1134.67;0.00;1010.00;800.00;0.00;1164.66;1024.66;1426.32;0.00;1120.00;320.00;0.00;4360.00
1772828135.859856;0.00;0.00;0.00;0.00;0.00;97.00;0.00;0.00;0.00;194.00;0.00;194.00;582.00;582.00;0.00;0.00;0.00;0.00;0.00;0.00;0.00;0.00;0.00;3554.67;2992.33;1930.00;1664.66;0.00;0.00;0.00;194.00;480.00;600.00;824.67;1134.67;0.00;1010.00;800.00;0.00;1164.66;1024.66;1426.32;0.00;1120.00;320.00;0.00;4360.00
1772828135.9021828;0.00;0.00;0.00;0.00;0.00;97.00;0.00;0.00;0.00;291.00;0.00;194.00;582.00;582.00;0.00;0.00;0.00;0.00;0.00;0.00;0.00;0.00;0.00;3554.67;2992.33;1930.00;1664.66;0.00;0.00;0.00;291.00;720.00;900.00;1124.67;1434.67;0.00;1480.00;1120.00;0.00;1164.66;1024.66;1426.32;0.00;1120.00;320.00;0.00;4660.00
1772828135.903854;0.00;0.00;0.00;0.00;0.00;97.00;0.00;0.00;0.00;291.00;0.00;194.00;582.00;582.00;0.00;0.00;0.00;0.00;0.00;0.00;0.00;0.00;0.00;3554.67;2992.33;1930.00;1664.66;0.00;0.00;0.00;291.00;720.00;900.00;1124.67;1434.67;0.00;1480.00;1120.00;0.00;1164.66;1024.66;1426.32;0.00;1120.00;320.00;0.00;4660.00
1772828135.9443486;0.00;0.00;0.00;0.00;0.00;97.00;0.00;0.00;0.00;388.00;0.00;194.00;582.00;582.00;0.00;0.00;0.00;0.00;0.00;0.00;0.00;0.00;0.00;3554.67;2992.33;1930.00;1664.66;0.00;0.00;0.00;388.00;960.00;1200.00;1424.67;1734.67;0.00;1950.00;1440.00;0.00;1164.66;1024.66;1426.32;0.00;1120.00;320.00;0.00;4960.00
1772828135.946101;0.00;0.00;0.00;0.00;0.00;97.00;0.00;0.00;0.00;388.00;0.00;194.00;582.00;582.00;0.00;0.00;0.00;0.00;0.00;0.00;0.00;0.00;0.00;3554.67;2992.33;1930.00;1664.66;0.00;0.00;0.00;388.00;960.00;1200.00;1424.67;1734.67;0.00;1950.00;1440.00;0.00;1164.66;1024.66;1426.32;0.00;1120.00;320.00;0.00;4960.00
1772828135.9866009;0.00;0.00;0.00;0.00;0.00;97.00;0.00;0.00;0.00;485.00;0.00;194.00;582.00;582.00;0.00;0.00;0.00;0.00;0.00;0.00;0.00;0.00;0.00;3554.67;2992.33;1930.00;1664.66;0.00;0.00;0.00;485.00;1200.00;1500.00;1724.67;2034.67;0.00;2420.00;1760.00;0.00;1164.66;1024.66;1426.32;0.00;1120.00;320.00;0.00;5260.00
1772828135.98837;0.00;0.00;0.00;0.00;0.00;97.00;0.00;0.00;0.00;485.00;0.00;194.00;582.00;582.00;0.00;0.00;0.00;0.00;0.00;0.00;0.00;0.00;0.00;3554.67;2992.33;1930.00;1664.66;0.00;0.00;0.00;485.00;1200.00;1500.00;1724.67;2034.67;0.00;2420.00;1760.00;0.00;1164.66;1024.66;1426.32;0.00;1120.00;320.00;0.00;5260.00
1772828136.0283804;0.00;0.00;0.00;0.00;0.00;97.00;0.00;0.00;0.00;582.00;0.00;194.00;582.00;582.00;0.00;0.00;0.00;0.00;0.00;0.00;0.00;0.00;0.00;3554.67;2992.33;1930.00;1664.66;0.00;0.00;0.00;629.67;1510.00;1810.00;2034.67;2184.67;0.00;2420.00;1990.00;160.00;1164.66;1024.66;1426.32;0.00;1120.00;320.00;150.00;5410.00
1772828136.0302675;0.00;0.00;0.00;0.00;0.00;97.00;0.00;0.00;0.00;582.00;0.00;194.00;582.00;582.00;0.00;0.00;0.00;0.00;0.00;0.00;0.00;0.00;0.00;3554.67;2992.33;1930.00;1664.66;0.00;0.00;0.00;629.67;1510.00;1810.00;2034.67;2184.67;0.00;2420.00;1990.00;160.00;1164.66;1024.66;1426.32;0.00;1120.00;320.00;150.00;5410.00
1772828153.7381477;0.00;0.00;0.00;0.00;0.00;97.00;97.00;0.00;0.00;582.00;0.00;194.00;582.00;582.00;0.00;0.00;0.00;0.00;0.00;0.00;0.00;0.00;0.00;3554.67;2992.33;1930.00;1664.66;0.00;0.00;0.00;629.67;1750.00;2120.00;2344.67;2484.67;0.00;2420.00;2102.33;160.00;1164.66;1024.66;1426.32;0.00;1120.00;320.00;150.00;5710.00
1772828153.7391908;0.00;0.00;0.00;0.00;0.00;97.00;97.00;0.00;0.00;582.00;0.00;194.00;582.00;582.00;0.00;0.00;0.00;0.00;0.00;0.00;0.00;0.00;0.00;3554.67;2992.33;1930.00;1664.66;0.00;0.00;0.00;629.67;1750.00;2120.00;2344.67;2484.67;0.00;2420.00;2102.33;160.00;1164.66;1024.66;1426.32;0.00;1120.00;320.00;150.00;5710.00
1772828153.7645826;0.00;0.00;0.00;0.00;0.00;97.00;194.00;0.00;0.00;582.00;0.00;194.00;582.00;582.00;0.00;0.00;0.00;0.00;0.00;0.00;0.00;0.00;0.00;3554.67;2992.33;1930.00;1664.66;0.00;0.00;0.00;629.67;1990.00;2430.00;2644.67;2784.67;0.00;2420.00;2214.66;160.00;1164.66;1024.66;1426.32;0.00;1120.00;320.00;150.00;6010.00
1772828153.7656124;0.00;0.00;0.00;0.00;0.00;97.00;194.00;0.00;0.00;582.00;0.00;194.00;582.00;582.00;0.00;0.00;0.00;0.00;0.00;0.00;0.00;0.00;0.00;3554.67;2992.33;1930.00;1664.66;0.00;0.00;0.00;629.67;1990.00;2430.00;2644.67;2784.67;0.00;2420.00;2214.66;160.00;1164.66;1024.66;1426.32;0.00;1120.00;320.00;150.00;6010.00
1772828153.7901654;0.00;0.00;0.00;0.00;0.00;97.00;291.00;0.00;0.00;582.00;0.00;194.00;582.00;582.00;0.00;0.00;0.00;0.00;0.00;0.00;0.00;0.00;0.00;3554.67;2992.33;1930.00;1664.66;0.00;0.00;0.00;629.67;2342.33;2740.00;2944.67;3084.67;0.00;2532.33;2214.66;160.00;1164.66;1024.66;1426.32;0.00;1120.00;320.00;150.00;6310.00
1772828153.7913177;0.00;0.00;0.00;0.00;0.00;97.00;291.00;0.00;0.00;582.00;0.00;194.00;582.00;582.00;0.00;0.00;0.00;0.00;0.00;0.00;0.00;0.00;0.00;3554.67;2992.33;1930.00;1664.66;0.00;0.00;0.00;629.67;2342.33;2740.00;2944.67;3084.67;0.00;2532.33;2214.66;160.00;1164.66;1024.66;1426.32;0.00;1120.00;320.00;150.00;6310.00
1772828153.8175704;0.00;0.00;0.00;0.00;0.00;97.00;388.00;0.00;0.00;582.00;0.00;194.00;582.00;582.00;0.00;0.00;0.00;0.00;0.00;0.00;0.00;0.00;0.00;3554.67;2992.33;1930.00;1664.66;0.00;0.00;0.00;859.67;2652.33;3050.00;3244.67;3384.67;0.00;2532.33;2214.66;320.00;1164.66;1024.66;1426.32;0.00;1120.00;320.00;150.00;6610.00
1772828153.8186655;0.00;0.00;0.00;0.00;0.00;97.00;388.00;0.00;0.00;582.00;0.00;194.00;582.00;582.00;0.00;0.00;0.00;0.00;0.00;0.00;0.00;0.00;0.00;3554.67;2992.33;1930.00;1664.66;0.00;0.00;0.00;859.67;2652.33;3050.00;3244.67;3384.67;0.00;2532.33;2214.66;320.00;1164.66;1024.66;1426.32;0.00;1120.00;320.00;150.00;6610.00
1772828153.9177818;0.00;0.00;0.00;0.00;0.00;97.00;485.00;0.00;0.00;582.00;0.00;194.00;582.00;582.00;0.00;0.00;0.00;0.00;0.00;0.00;0.00;0.00;0.00;3554.67;2992.33;1930.00;1664.66;0.00;0.00;0.00;1399.67;2952.33;3350.00;3544.67;3684.67;0.00;2532.33;2214.66;800.00;1164.66;1024.66;1426.32;0.00;1120.00;320.00;150.00;6910.00
1772828153.918963;0.00;0.00;0.00;0.00;0.00;97.00;485.00;0.00;0.00;582.00;0.00;194.00;582.00;582.00;0.00;0.00;0.00;0.00;0.00;0.00;0.00;0.00;0.00;3554.67;2992.33;1930.00;1664.66;0.00;0.00;0.00;1399.67;2952.33;3350.00;3544.67;3684.67;0.00;2532.33;2214.66;800.00;1164.66;1024.66;1426.32;0.00;1120.00;320.00;150.00;6910.00
1772828153.9476066;0.00;0.00;0.00;0.00;0.00;97.00;582.00;0.00;0.00;582.00;0.00;194.00;582.00;582.00;0.00;0.00;0.00;0.00;0.00;0.00;0.00;0.00;0.00;3554.67;2992.33;1930.00;1664.66;0.00;0.00;0.00;1939.67;3252.33;3650.00;3844.67;3984.67;0.00;2532.33;2214.66;1280.00;1164.66;1024.66;1426.32;0.00;1120.00;320.00;150.00;7210.00
1772828153.9489183;0.00;0.00;0.00;0.00;0.00;97.00;582.00;0.00;0.00;582.00;0.00;194.00;582.00;582.00;0.00;0.00;0.00;0.00;0.00;0.00;0.00;0.00;0.00;3554.67;2992.33;1930.00;1664.66;0.00;0.00;0.00;1939.67;3252.33;3650.00;3844.67;3984.67;0.00;2532.33;2214.66;1280.00;1164.66;1024.66;1426.32;0.00;1120.00;320.00;150.00;7210.00
1772828167.7806103;0.00;0.00;0.00;0.00;0.00;97.00;582.00;0.00;0.00;582.00;0.00;194.00;582.00;679.00;0.00;0.00;0.00;0.00;0.00;0.00;0.00;0.00;0.00;3737.00;3302.33;2240.00;1984.66;0.00;0.00;0.00;1939.67;3252.33;3880.00;4027.00;4167.00;0.00;2532.33;2214.66;1280.00;1164.66;1024.66;1426.32;0.00;1120.00;480.00;150.00;7510.00
1772828167.7828014;0.00;0.00;0.00;0.00;0.00;97.00;582.00;0.00;0.00;582.00;0.00;194.00;582.00;679.00;0.00;0.00;0.00;0.00;0.00;0.00;0.00;0.00;0.00;3737.00;3302.33;2240.00;1984.66;0.00;0.00;0.00;1939.67;3252.33;3880.00;4027.00;4167.00;0.00;2532.33;2214.66;1280.00;1164.66;1024.66;1426.32;0.00;1120.00;480.00;150.00;7510.00
1772828167.8236067;0.00;0.00;0.00;0.00;0.00;97.00;582.00;0.00;0.00;582.00;0.00;194.00;582.00;776.00;0.00;0.00;0.00;0.00;0.00;0.00;0.00;0.00;0.00;3951.67;3484.66;2470.00;2144.66;0.00;0.00;0.00;1939.67;3562.33;4190.00;4337.00;4327.00;0.00;2532.33;2214.66;1280.00;1164.66;1024.66;1426.32;0.00;1120.00;480.00;300.00;7660.00
1772828167.8248496;0.00;0.00;0.00;0.00;0.00;97.00;582.00;0.00;0.00;582.00;0.00;194.00;582.00;776.00;0.00;0.00;0.00;0.00;0.00;0.00;0.00;0.00;0.00;3951.67;3484.66;2470.00;2144.66;0.00;0.00;0.00;1939.67;3562.33;4190.00;4337.00;4327.00;0.00;2532.33;2214.66;1280.00;1164.66;1024.66;1426.32;0.00;1120.00;480.00;300.00;7660.00
1772828167.8500326;0.00;0.00;0.00;0.00;0.00;97.00;582.00;0.00;0.00;582.00;0.00;194.00;582.00;873.00;0.00;0.00;0.00;0.00;0.00;0.00;0.00;0.00;0.00;4166.34;3666.99;2700.00;2374.66;0.00;0.00;0.00;1939.67;3872.33;4500.00;4647.00;4487.00;0.00;2532.33;2214.66;1280.00;1164.66;1024.66;1426.32;0.00;1120.00;480.00;450.00;8034.67
1772828167.8512378;0.00;0.00;0.00;0.00;0.00;97.00;582.00;0.00;0.00;582.00;0.00;194.00;582.00;873.00;0.00;0.00;0.00;0.00;0.00;0.00;0.00;0.00;0.00;4166.34;3666.99;2700.00;2374.66;0.00;0.00;0.00;1939.67;3872.33;4500.00;4647.00;4487.00;0.00;2532.33;2214.66;1280.00;1164.66;1024.66;1426.32;0.00;1120.00;480.00;450.00;8034.67
1772828167.876012;0.00;0.00;0.00;0.00;0.00;97.00;582.00;0.00;0.00;582.00;0.00;194.00;582.00;970.00;0.00;0.00;0.00;0.00;0.00;0.00;0.00;0.00;0.00;4198.67;3731.66;2764.67;2534.66;160.00;160.00;160.00;2099.67;4102.33;4730.00;4877.00;4567.00;0.00;2532.33;2364.66;1600.00;1164.66;1024.66;1426.32;0.00;1120.00;480.00;600.00;8034.67
1772828167.877245;0.00;0.00;0.00;0.00;0.00;97.00;582.00;0.00;0.00;582.00;0.00;194.00;582.00;970.00;0.00;0.00;0.00;0.00;0.00;0.00;0.00;0.00;0.00;4198.67;3731.66;2764.67;2534.66;160.00;160.00;160.00;2099.67;4102.33;4730.00;4877.00;4567.00;0.00;2532.33;2364.66;1600.00;1164.66;1024.66;1426.32;0.00;1120.00;480.00;600.00;8034.67
1772828167.9031038;0.00;0.00;0.00;0.00;0.00;97.00;582.00;0.00;0.00;582.00;0.00;194.00;582.00;1067.00;0.00;0.00;0.00;0.00;0.00;0.00;0.00;0.00;0.00;4231.00;3796.33;2829.34;2694.66;320.00;320.00;320.00;2259.67;4182.33;4810.00;4957.00;4599.33;0.00;2532.33;2664.66;1920.00;1164.66;1024.66;1426.32;0.00;1120.00;480.00;712.33;8034.67
1772828167.9043949;0.00;0.00;0.00;0.00;0.00;97.00;582.00;0.00;0.00;582.00;0.00;194.00;582.00;1067.00;0.00;0.00;0.00;0.00;0.00;0.00;0.00;0.00;0.00;4231.00;3796.33;2829.34;2694.66;320.00;320.00;320.00;2259.67;4182.33;4810.00;4957.00;4599.33;0.00;2532.33;2664.66;1920.00;1164.66;1024.66;1426.32;0.00;1120.00;480.00;712.33;8034.67
1772828167.9298167;0.00;0.00;0.00;0.00;0.00;97.00;582.00;0.00;0.00;582.00;0.00;194.00;582.00;1164.00;0.00;0.00;0.00;0.00;0.00;0.00;0.00;0.00;0.00;4231.00;3893.33;2926.34;2934.66;560.00;560.00;630.00;2419.67;4182.33;4810.00;4957.00;4599.33;230.00;2532.33;2814.66;2390.00;1164.66;1024.66;1426.32;160.00;1120.00;480.00;712.33;8034.67
1772828167.9310732;0.00;0.00;0.00;0.00;0.00;97.00;582.00;0.00;0.00;582.00;0.00;194.00;582.00;1164.00;0.00;0.00;0.00;0.00;0.00;0.00;0.00;0.00;0.00;4231.00;3893.33;2926.34;2934.66;560.00;560.00;630.00;2419.67;4182.33;4810.00;4957.00;4599.33;230.00;2532.33;2814.66;2390.00;1164.66;1024.66;1426.32;160.00;1120.00;480.00;712.33;8034.67
1772828188.7494204;0.00;0.00;0.00;0.00;0.00;0.00;582.00;0.00;0.00;582.00;0.00;0.00;485.00;388.00;0.00;0.00;0.00;0.00;0.00;0.00;0.00;0.00;0.00;310.00;240.00;240.00;1230.66;0.00;0.00;0.00;1875.00;2962.33;3290.00;3212.33;3744.66;0.00;2532.33;2814.66;290.00;1004.66;160.00;480.00;0.00;0.00;160.00;0.00;460.00
1772828188.7512484;0.00;0.00;0.00;0.00;0.00;0.00;582.00;0.00;0.00;582.00;0.00;0.00;485.00;388.00;0.00;0.00;0.00;0.00;0.00;0.00;0.00;0.00;0.00;310.00;240.00;240.00;1230.66;0.00;0.00;0.00;1875.00;2962.33;3290.00;3212.33;3744.66;0.00;2532.33;2814.66;290.00;1004.66;160.00;480.00;0.00;0.00;160.00;0.00;460.00
1772828188.9164941;0.00;0.00;0.00;0.00;0.00;0.00;582.00;0.00;0.00;582.00;0.00;0.00;582.00;388.00;0.00;0.00;0.00;0.00;0.00;0.00;0.00;0.00;0.00;620.00;480.00;480.00;1470.66;0.00;0.00;0.00;1875.00;2962.33;3290.00;3212.33;3744.66;0.00;2532.33;2814.66;290.00;1004.66;160.00;960.00;0.00;0.00;160.00;0.00;760.00
1772828188.9183383;0.00;0.00;0.00;0.00;0.00;0.00;582.00;0.00;0.00;582.00;0.00;0.00;582.00;388.00;0.00;0.00;0.00;0.00;0.00;0.00;0.00;0.00;0.00;620.00;480.00;480.00;1470.66;0.00;0.00;0.00;1875.00;2962.33;3290.00;3212.33;3744.66;0.00;2532.33;2814.66;290.00;1004.66;160.00;960.00;0.00;0.00;160.00;0.00;760.00
1772828188.9606085;0.00;0.00;0.00;0.00;0.00;0.00;582.00;0.00;0.00;582.00;0.00;0.00;582.00;485.00;0.00;0.00;0.00;0.00;0.00;0.00;0.00;0.00;0.00;930.00;640.00;640.00;1470.66;0.00;0.00;0.00;1875.00;2962.33;3290.00;3212.33;3744.66;0.00;2532.33;2814.66;290.00;1164.66;160.00;1297.00;0.00;0.00;160.00;0.00;1060.00
1772828188.9624946;0.00;0.00;0.00;0.00;0.00;0.00;582.00;0.00;0.00;582.00;0.00;0.00;582.00;485.00;0.00;0.00;0.00;0.00;0.00;0.00;0.00;0.00;0.00;930.00;640.00;640.00;1470.66;0.00;0.00;0.00;1875.00;2962.33;3290.00;3212.33;3744.66;0.00;2532.33;2814.66;290.00;1164.66;160.00;1297.00;0.00;0.00;160.00;0.00;1060.00
1772828189.0039892;0.00;0.00;0.00;0.00;0.00;0.00;582.00;0.00;0.00;582.00;0.00;0.00;582.00;582.00;0.00;0.00;0.00;0.00;0.00;0.00;0.00;0.00;0.00;1240.00;870.00;870.00;1470.66;0.00;0.00;0.00;1875.00;2962.33;3290.00;3212.33;4064.66;0.00;2532.33;2814.66;290.00;1164.66;160.00;1409.33;0.00;0.00;160.00;320.00;1360.00
1772828189.005936;0.00;0.00;0.00;0.00;0.00;0.00;582.00;0.00;0.00;582.00;0.00;0.00;582.00;582.00;0.00;0.00;0.00;0.00;0.00;0.00;0.00;0.00;0.00;1240.00;870.00;870.00;1470.66;0.00;0.00;0.00;1875.00;2962.33;3290.00;3212.33;4064.66;0.00;2532.33;2814.66;290.00;1164.66;160.00;1409.33;0.00;0.00;160.00;320.00;1360.00
1772828189.0470955;0.00;0.00;0.00;0.00;0.00;0.00;582.00;0.00;0.00;582.00;0.00;0.00;582.00;679.00;0.00;0.00;0.00;0.00;0.00;0.00;0.00;0.00;0.00;1454.67;1100.00;1100.00;1700.66;0.00;0.00;0.00;1875.00;2962.33;3290.00;3437.00;4279.33;0.00;2532.33;2814.66;290.00;1164.66;320.00;1409.33;0.00;0.00;480.00;320.00;1660.00
1772828189.0490763;0.00;0.00;0.00;0.00;0.00;0.00;582.00;0.00;0.00;582.00;0.00;0.00;582.00;679.00;0.00;0.00;0.00;0.00;0.00;0.00;0.00;0.00;0.00;1454.67;1100.00;1100.00;1700.66;0.00;0.00;0.00;1875.00;2962.33;3290.00;3437.00;4279.33;0.00;2532.33;2814.66;290.00;1164.66;320.00;1409.33;0.00;0.00;480.00;320.00;1660.00
1772828189.0972044;0.00;0.00;0.00;0.00;0.00;0.00;582.00;0.00;0.00;582.00;0.00;0.00;582.00;776.00;0.00;0.00;0.00;0.00;0.00;0.00;0.00;0.00;0.00;1754.67;1554.67;1554.67;2250.66;0.00;0.00;0.00;1875.00;2962.33;3290.00;3437.00;4279.33;0.00;2532.33;2814.66;290.00;1164.66;320.00;1409.33;0.00;0.00;480.00;320.00;1960.00
1772828189.0999758;0.00;0.00;0.00;0.00;0.00;0.00;582.00;0.00;0.00;582.00;0.00;0.00;582.00;776.00;0.00;0.00;0.00;0.00;0.00;0.00;0.00;0.00;0.00;1754.67;1554.67;1554.67;2250.66;0.00;0.00;0.00;1875.00;2962.33;3290.00;3437.00;4279.33;0.00;2532.33;2814.66;290.00;1164.66;320.00;1409.33;0.00;0.00;480.00;320.00;1960.00
1772828189.153819;0.00;0.00;0.00;0.00;0.00;0.00;582.00;0.00;0.00;582.00;0.00;0.00;582.00;873.00;0.00;0.00;0.00;0.00;0.00;0.00;0.00;0.00;0.00;1984.67;1779.34;1779.34;2570.66;0.00;0.00;0.00;1875.00;3192.33;3520.00;3667.00;4359.33;0.00;2532.33;2814.66;290.00;1164.66;320.00;1409.33;0.00;0.00;480.00;470.00;2110.00
1772828189.156545;0.00;0.00;0.00;0.00;0.00;0.00;582.00;0.00;0.00;582.00;0.00;0.00;582.00;873.00;0.00;0.00;0.00;0.00;0.00;0.00;0.00;0.00;0.00;1984.67;1779.34;1779.34;2570.66;0.00;0.00;0.00;1875.00;3192.33;3520.00;3667.00;4359.33;0.00;2532.33;2814.66;290.00;1164.66;320.00;1409.33;0.00;0.00;480.00;470.00;2110.00
1772828189.2096028;0.00;0.00;0.00;0.00;0.00;0.00;582.00;0.00;0.00;582.00;0.00;0.00;582.00;970.00;0.00;0.00;0.00;0.00;0.00;0.00;0.00;0.00;0.00;2081.67;1779.34;1779.34;2570.66;0.00;0.00;0.00;1875.00;3732.33;4060.00;4207.00;4599.33;0.00;2532.33;2814.66;290.00;1164.66;320.00;1409.33;0.00;0.00;480.00;770.00;2334.67
1772828189.2123625;0.00;0.00;0.00;0.00;0.00;0.00;582.00;0.00;0.00;582.00;0.00;0.00;582.00;970.00;0.00;0.00;0.00;0.00;0.00;0.00;0.00;0.00;0.00;2081.67;1779.34;1779.34;2570.66;0.00;0.00;0.00;1875.00;3732.33;4060.00;4207.00;4599.33;0.00;2532.33;2814.66;290.00;1164.66;320.00;1409.33;0.00;0.00;480.00;770.00;2334.67
1772828189.2667506;0.00;0.00;0.00;0.00;0.00;0.00;582.00;0.00;0.00;582.00;0.00;0.00;582.00;1067.00;0.00;0.00;0.00;0.00;0.00;0.00;0.00;0.00;0.00;2178.67;1779.34;1779.34;2570.66;0.00;0.00;0.00;1875.00;4282.33;4600.00;4747.00;4894.00;0.00;2532.33;2814.66;290.00;1164.66;320.00;1409.33;0.00;0.00;480.00;1144.67;2484.67
1772828189.2695913;0.00;0.00;0.00;0.00;0.00;0.00;582.00;0.00;0.00;582.00;0.00;0.00;582.00;1067.00;0.00;0.00;0.00;0.00;0.00;0.00;0.00;0.00;0.00;2178.67;1779.34;1779.34;2570.66;0.00;0.00;0.00;1875.00;4282.33;4600.00;4747.00;4894.00;0.00;2532.33;2814.66;290.00;1164.66;320.00;1409.33;0.00;0.00;480.00;1144.67;2484.67
1772828189.3225203;0.00;0.00;0.00;0.00;0.00;0.00;582.00;0.00;0.00;582.00;0.00;0.00;582.00;1164.00;0.00;0.00;0.00;0.00;0.00;0.00;0.00;0.00;0.00;2178.67;1876.34;1876.34;2810.66;240.00;240.00;300.00;1875.00;4282.33;4600.00;4747.00;4894.00;310.00;2532.33;2814.66;590.00;1164.66;320.00;1409.33;480.00;0.00;480.00;1144.67;2484.67
1772828189.3254333;0.00;0.00;0.00;0.00;0.00;0.00;582.00;0.00;0.00;582.00;0.00;0.00;582.00;1164.00;0.00;0.00;0.00;0.00;0.00;0.00;0.00;0.00;0.00;2178.67;1876.34;1876.34;2810.66;240.00;240.00;300.00;1875.00;4282.33;4600.00;4747.00;4894.00;310.00;2532.33;2814.66;590.00;1164.66;320.00;1409.33;480.00;0.00;480.00;1144.67;2484.67
1772828189.9526966;0.00;0.00;0.00;0.00;0.00;0.00;582.00;0.00;0.00;582.00;0.00;0.00;582.00;1164.00;0.00;0.00;0.00;0.00;0.00;97.00;0.00;0.00;0.00;2178.67;1876.34;1876.34;2907.66;337.00;480.00;610.00;2025.00;4432.33;4750.00;4897.00;4894.00;630.00;2532.33;2814.66;740.00;1164.66;320.00;1409.33;640.00;0.00;480.00;1294.67;2484.67
1772828189.9549944;0.00;0.00;0.00;0.00;0.00;0.00;582.00;0.00;0.00;582.00;0.00;0.00;582.00;1164.00;0.00;0.00;0.00;0.00;0.00;97.00;0.00;0.00;0.00;2178.67;1876.34;1876.34;2907.66;337.00;480.00;610.00;2025.00;4432.33;4750.00;4897.00;4894.00;630.00;2532.33;2814.66;740.00;1164.66;320.00;1409.33;640.00;0.00;480.00;1294.67;2484.67
1772828189.9974;0.00;0.00;0.00;0.00;0.00;0.00;582.00;0.00;0.00;582.00;0.00;0.00;582.00;1164.00;0.00;0.00;0.00;0.00;0.00;194.00;0.00;0.00;0.00;2178.67;1876.34;1876.34;3004.66;434.00;720.00;920.00;2025.00;4432.33;4750.00;4897.00;4894.00;950.00;2532.33;2814.66;1040.00;1164.66;320.00;1409.33;800.00;0.00;480.00;1294.67;2484.67
1772828189.9998307;0.00;0.00;0.00;0.00;0.00;0.00;582.00;0.00;0.00;582.00;0.00;0.00;582.00;1164.00;0.00;0.00;0.00;0.00;0.00;194.00;0.00;0.00;0.00;2178.67;1876.34;1876.34;3004.66;434.00;720.00;920.00;2025.00;4432.33;4750.00;4897.00;4894.00;950.00;2532.33;2814.66;1040.00;1164.66;320.00;1409.33;800.00;0.00;480.00;1294.67;2484.67
1772828190.0447314;0.00;0.00;0.00;0.00;0.00;0.00;582.00;0.00;0.00;582.00;0.00;0.00;582.00;1164.00;0.00;0.00;0.00;0.00;0.00;291.00;0.00;0.00;0.00;2178.67;1876.34;1876.34;3101.66;531.00;960.00;1230.00;2025.00;4432.33;4750.00;4897.00;4894.00;1270.00;2532.33;2814.66;1340.00;1164.66;320.00;1409.33;960.00;0.00;480.00;1294.67;2484.67
1772828190.047198;0.00;0.00;0.00;0.00;0.00;0.00;582.00;0.00;0.00;582.00;0.00;0.00;582.00;1164.00;0.00;0.00;0.00;0.00;0.00;291.00;0.00;0.00;0.00;2178.67;1876.34;1876.34;3101.66;531.00;960.00;1230.00;2025.00;4432.33;4750.00;4897.00;4894.00;1270.00;2532.33;2814.66;1340.00;1164.66;320.00;1409.33;960.00;0.00;480.00;1294.67;2484.67
1772828190.0914242;0.00;0.00;0.00;0.00;0.00;0.00;582.00;0.00;0.00;582.00;0.00;0.00;582.00;1164.00;0.00;0.00;0.00;0.00;0.00;388.00;0.00;0.00;0.00;2178.67;1876.34;1876.34;3198.66;628.00;1200.00;1540.00;2025.00;4432.33;4750.00;4897.00;4894.00;1590.00;2532.33;2814.66;1640.00;1164.66;320.00;1409.33;1120.00;0.00;480.00;1294.67;2484.67
1772828190.0938993;0.00;0.00;0.00;0.00;0.00;0.00;582.00;0.00;0.00;582.00;0.00;0.00;582.00;1164.00;0.00;0.00;0.00;0.00;0.00;388.00;0.00;0.00;0.00;2178.67;1876.34;1876.34;3198.66;628.00;1200.00;1540.00;2025.00;4432.33;4750.00;4897.00;4894.00;1590.00;2532.33;2814.66;1640.00;1164.66;320.00;1409.33;1120.00;0.00;480.00;1294.67;2484.67
1772828190.1364992;0.00;0.00;0.00;0.00;0.00;0.00;582.00;0.00;0.00;582.00;0.00;0.00;582.00;1164.00;0.00;0.00;0.00;0.00;0.00;485.00;0.00;0.00;0.00;2178.67;1876.34;1876.34;3295.66;725.00;1440.00;1850.00;2025.00;4432.33;4750.00;4897.00;4894.00;1590.00;2532.33;2814.66;1940.00;1164.66;320.00;1409.33;1280.00;0.00;480.00;1294.67;2484.67
1772828190.1389122;0.00;0.00;0.00;0.00;0.00;0.00;582.00;0.00;0.00;582.00;0.00;0.00;582.00;1164.00;0.00;0.00;0.00;0.00;0.00;485.00;0.00;0.00;0.00;2178.67;1876.34;1876.34;3295.66;725.00;1440.00;1850.00;2025.00;4432.33;4750.00;4897.00;4894.00;1590.00;2532.33;2814.66;1940.00;1164.66;320.00;1409.33;1280.00;0.00;480.00;1294.67;2484.67
1772828190.181076;0.00;0.00;0.00;0.00;0.00;0.00;582.00;0.00;0.00;582.00;0.00;0.00;582.00;1164.00;0.00;0.00;0.00;0.00;0.00;582.00;0.00;0.00;0.00;2178.67;1876.34;1876.34;3392.66;822.00;1680.00;2160.00;2025.00;4432.33;4750.00;4897.00;4894.00;1590.00;2532.33;2814.66;2240.00;1164.66;320.00;1409.33;1440.00;0.00;480.00;1294.67;2484.67
1772828190.1835635;0.00;0.00;0.00;0.00;0.00;0.00;582.00;0.00;0.00;582.00;0.00;0.00;582.00;1164.00;0.00;0.00;0.00;0.00;0.00;582.00;0.00;0.00;0.00;2178.67;1876.34;1876.34;3392.66;822.00;1680.00;2160.00;2025.00;4432.33;4750.00;4897.00;4894.00;1590.00;2532.33;2814.66;2240.00;1164.66;320.00;1409.33;1440.00;0.00;480.00;1294.67;2484.67
1772828222.877323;0.00;0.00;0.00;0.00;0.00;0.00;582.00;0.00;0.00;582.00;0.00;0.00;582.00;582.00;97.00;0.00;0.00;0.00;0.00;582.00;0.00;0.00;0.00;0.00;154.67;154.67;2122.66;502.00;1600.00;1860.00;2025.00;2712.33;2600.00;2522.33;3204.66;1590.00;2532.33;2814.66;1940.00;1004.66;160.00;800.00;1280.00;0.00;160.00;150.00;0.00
1772828222.8796344;0.00;0.00;0.00;0.00;0.00;0.00;582.00;0.00;0.00;582.00;0.00;0.00;582.00;582.00;97.00;0.00;0.00;0.00;0.00;582.00;0.00;0.00;0.00;0.00;154.67;154.67;2122.66;502.00;1600.00;1860.00;2025.00;2712.33;2600.00;2522.33;3204.66;1590.00;2532.33;2814.66;1940.00;1004.66;160.00;800.00;1280.00;0.00;160.00;150.00;0.00
1772828222.9260557;0.00;0.00;0.00;0.00;0.00;0.00;582.00;0.00;0.00;582.00;0.00;0.00;582.00;582.00;194.00;0.00;0.00;0.00;0.00;582.00;0.00;0.00;0.00;0.00;154.67;154.67;2122.66;502.00;1840.00;2170.00;2175.00;2862.33;2750.00;2672.33;3354.66;1590.00;2532.33;2814.66;2090.00;1004.66;160.00;800.00;1440.00;0.00;160.00;150.00;150.00
1772828222.928377;0.00;0.00;0.00;0.00;0.00;0.00;582.00;0.00;0.00;582.00;0.00;0.00;582.00;582.00;194.00;0.00;0.00;0.00;0.00;582.00;0.00;0.00;0.00;0.00;154.67;154.67;2122.66;502.00;1840.00;2170.00;2175.00;2862.33;2750.00;2672.33;3354.66;1590.00;2532.33;2814.66;2090.00;1004.66;160.00;800.00;1440.00;0.00;160.00;150.00;150.00
1772828223.092761;0.00;0.00;0.00;0.00;0.00;0.00;582.00;0.00;0.00;582.00;0.00;0.00;582.00;582.00;291.00;0.00;0.00;0.00;0.00;582.00;0.00;0.00;0.00;0.00;154.67;154.67;2122.66;502.00;2080.00;2480.00;2325.00;3012.33;2900.00;2822.33;3504.66;1590.00;2532.33;2814.66;2240.00;1004.66;160.00;800.00;1600.00;0.00;160.00;150.00;300.00
1772828223.0951276;0.00;0.00;0.00;0.00;0.00;0.00;582.00;0.00;0.00;582.00;0.00;0.00;582.00;582.00;291.00;0.00;0.00;0.00;0.00;582.00;0.00;0.00;0.00;0.00;154.67;154.67;2122.66;502.00;2080.00;2480.00;2325.00;3012.33;2900.00;2822.33;3504.66;1590.00;2532.33;2814.66;2240.00;1004.66;160.00;800.00;1600.00;0.00;160.00;150.00;300.00
1772828223.1418931;0.00;0.00;0.00;0.00;0.00;0.00;582.00;0.00;0.00;582.00;0.00;0.00;582.00;582.00;388.00;0.00;0.00;0.00;0.00;582.00;0.00;0.00;0.00;0.00;154.67;154.67;2122.66;502.00;2320.00;2790.00;2475.00;3162.33;3050.00;2972.33;3654.66;1590.00;2532.33;2814.66;2390.00;1004.66;160.00;800.00;1760.00;0.00;160.00;150.00;450.00
1772828223.144333;0.00;0.00;0.00;0.00;0.00;0.00;582.00;0.00;0.00;582.00;0.00;0.00;582.00;582.00;388.00;0.00;0.00;0.00;0.00;582.00;0.00;0.00;0.00;0.00;154.67;154.67;2122.66;502.00;2320.00;2790.00;2475.00;3162.33;3050.00;2972.33;3654.66;1590.00;2532.33;2814.66;2390.00;1004.66;160.00;800.00;1760.00;0.00;160.00;150.00;450.00
1772828223.1910627;0.00;0.00;0.00;0.00;0.00;0.00;582.00;0.00;0.00;582.00;0.00;0.00;582.00;582.00;485.00;0.00;0.00;0.00;0.00;582.00;0.00;0.00;0.00;0.00;154.67;154.67;2122.66;502.00;2560.00;3100.00;2625.00;3312.33;3200.00;3122.33;3804.66;1590.00;2532.33;2814.66;2540.00;1004.66;160.00;800.00;1920.00;0.00;160.00;150.00;600.00
1772828223.1934955;0.00;0.00;0.00;0.00;0.00;0.00;582.00;0.00;0.00;582.00;0.00;0.00;582.00;582.00;485.00;0.00;0.00;0.00;0.00;582.00;0.00;0.00;0.00;0.00;154.67;154.67;2122.66;502.00;2560.00;3100.00;2625.00;3312.33;3200.00;3122.33;3804.66;1590.00;2532.33;2814.66;2540.00;1004.66;160.00;800.00;1920.00;0.00;160.00;150.00;600.00
1772828223.2406197;0.00;0.00;0.00;0.00;0.00;0.00;582.00;0.00;0.00;582.00;0.00;0.00;582.00;582.00;582.00;0.00;0.00;0.00;0.00;582.00;0.00;0.00;0.00;0.00;154.67;154.67;2122.66;502.00;2800.00;3410.00;2775.00;3462.33;3350.00;3272.33;3954.66;1590.00;2532.33;2814.66;2690.00;1004.66;160.00;800.00;2080.00;0.00;160.00;150.00;750.00
1772828223.243101;0.00;0.00;0.00;0.00;0.00;0.00;582.00;0.00;0.00;582.00;0.00;0.00;582.00;582.00;582.00;0.00;0.00;0.00;0.00;582.00;0.00;0.00;0.00;0.00;154.67;154.67;2122.66;502.00;2800.00;3410.00;2775.00;3462.33;3350.00;3272.33;3954.66;1590.00;2532.33;2814.66;2690.00;1004.66;160.00;800.00;2080.00;0.00;160.00;150.00;750.00
1772828240.9013822;0.00;0.00;0.00;0.00;0.00;0.00;582.00;0.00;0.00;0.00;0.00;0.00;0.00;582.00;582.00;0.00;0.00;0.00;0.00;582.00;0.00;0.00;97.00;0.00;0.00;0.00;0.00;502.00;2800.00;3410.00;2145.33;992.33;230.00;230.00;310.00;1590.00;230.00;664.66;2530.00;0.00;0.00;0.00;2080.00;0.00;160.00;384.67;460.00
1772828240.90247;0.00;0.00;0.00;0.00;0.00;0.00;582.00;0.00;0.00;0.00;0.00;0.00;0.00;582.00;582.00;0.00;0.00;0.00;0.00;582.00;0.00;0.00;97.00;0.00;0.00;0.00;0.00;502.00;2800.00;3410.00;2145.33;992.33;230.00;230.00;310.00;1590.00;230.00;664.66;2530.00;0.00;0.00;0.00;2080.00;0.00;160.00;384.67;460.00
1772828240.9323695;0.00;0.00;0.00;0.00;0.00;0.00;582.00;0.00;0.00;0.00;0.00;0.00;0.00;582.00;582.00;0.00;0.00;0.00;0.00;582.00;0.00;0.00;194.00;0.00;0.00;0.00;0.00;502.00;2800.00;3410.00;2145.33;992.33;460.00;780.00;620.00;1590.00;230.00;664.66;2530.00;0.00;0.00;0.00;2080.00;0.00;480.00;544.67;760.00
1772828240.9339674;0.00;0.00;0.00;0.00;0.00;0.00;582.00;0.00;0.00;0.00;0.00;0.00;0.00;582.00;582.00;0.00;0.00;0.00;0.00;582.00;0.00;0.00;194.00;0.00;0.00;0.00;0.00;502.00;2800.00;3410.00;2145.33;992.33;460.00;780.00;620.00;1590.00;230.00;664.66;2530.00;0.00;0.00;0.00;2080.00;0.00;480.00;544.67;760.00
1772828240.962822;0.00;0.00;0.00;0.00;0.00;0.00;582.00;0.00;0.00;0.00;0.00;0.00;0.00;582.00;582.00;0.00;0.00;0.00;0.00;582.00;0.00;0.00;291.00;230.00;0.00;0.00;0.00;502.00;2800.00;3410.00;2145.33;992.33;780.00;1100.00;860.00;1590.00;550.00;664.66;2530.00;0.00;0.00;0.00;2080.00;0.00;480.00;929.34;1060.00
1772828240.9639318;0.00;0.00;0.00;0.00;0.00;0.00;582.00;0.00;0.00;0.00;0.00;0.00;0.00;582.00;582.00;0.00;0.00;0.00;0.00;582.00;0.00;0.00;291.00;230.00;0.00;0.00;0.00;502.00;2800.00;3410.00;2145.33;992.33;780.00;1100.00;860.00;1590.00;550.00;664.66;2530.00;0.00;0.00;0.00;2080.00;0.00;480.00;929.34;1060.00
1772828240.992696;0.00;0.00;0.00;0.00;0.00;0.00;582.00;0.00;0.00;0.00;0.00;0.00;0.00;582.00;582.00;0.00;0.00;0.00;0.00;582.00;0.00;0.00;388.00;460.00;0.00;0.00;0.00;502.00;2800.00;3410.00;2145.33;992.33;1100.00;1324.67;1100.00;1590.00;870.00;664.66;2530.00;0.00;0.00;160.00;2080.00;0.00;480.00;929.34;1360.00
1772828240.9937847;0.00;0.00;0.00;0.00;0.00;0.00;582.00;0.00;0.00;0.00;0.00;0.00;0.00;582.00;582.00;0.00;0.00;0.00;0.00;582.00;0.00;0.00;388.00;460.00;0.00;0.00;0.00;502.00;2800.00;3410.00;2145.33;992.33;1100.00;1324.67;1100.00;1590.00;870.00;664.66;2530.00;0.00;0.00;160.00;2080.00;0.00;480.00;929.34;1360.00
1772828241.0919924;0.00;0.00;0.00;0.00;0.00;0.00;582.00;0.00;0.00;0.00;0.00;0.00;0.00;582.00;582.00;0.00;0.00;0.00;0.00;582.00;0.00;0.00;485.00;690.00;0.00;0.00;0.00;502.00;2800.00;3410.00;2145.33;1312.33;1314.67;1539.34;1282.33;1590.00;1180.00;984.66;2530.00;0.00;0.00;320.00;2080.00;0.00;480.00;929.34;1660.00
1772828241.0931804;0.00;0.00;0.00;0.00;0.00;0.00;582.00;0.00;0.00;0.00;0.00;0.00;0.00;582.00;582.00;0.00;0.00;0.00;0.00;582.00;0.00;0.00;485.00;690.00;0.00;0.00;0.00;502.00;2800.00;3410.00;2145.33;1312.33;1314.67;1539.34;1282.33;1590.00;1180.00;984.66;2530.00;0.00;0.00;320.00;2080.00;0.00;480.00;929.34;1660.00
1772828241.1230726;0.00;0.00;0.00;0.00;0.00;0.00;582.00;0.00;0.00;0.00;0.00;0.00;0.00;582.00;582.00;0.00;0.00;0.00;0.00;582.00;0.00;0.00;582.00;690.00;0.00;0.00;0.00;502.00;2800.00;3410.00;2145.33;1862.33;1711.67;1936.34;1432.33;1590.00;1490.00;1464.66;2530.00;0.00;0.00;320.00;2080.00;0.00;480.00;1079.34;1810.00
1772828241.1242642;0.00;0.00;0.00;0.00;0.00;0.00;582.00;0.00;0.00;0.00;0.00;0.00;0.00;582.00;582.00;0.00;0.00;0.00;0.00;582.00;0.00;0.00;582.00;690.00;0.00;0.00;0.00;502.00;2800.00;3410.00;2145.33;1862.33;1711.67;1936.34;1432.33;1590.00;1490.00;1464.66;2530.00;0.00;0.00;320.00;2080.00;0.00;480.00;1079.34;1810.00
1772828257.977973;0.00;0.00;0.00;0.00;0.00;0.00;582.00;0.00;0.00;0.00;0.00;97.00;0.00;582.00;582.00;0.00;0.00;0.00;0.00;582.00;0.00;0.00;582.00;990.00;240.00;240.00;0.00;502.00;2800.00;3410.00;2145.33;1862.33;1711.67;1936.34;1432.33;1590.00;1490.00;1464.66;2530.00;0.00;0.00;630.00;2080.00;480.00;480.00;1079.34;2110.00
1772828257.9822192;0.00;0.00;0.00;0.00;0.00;0.00;582.00;0.00;0.00;0.00;0.00;97.00;0.00;582.00;582.00;0.00;0.00;0.00;0.00;582.00;0.00;0.00;582.00;990.00;240.00;240.00;0.00;502.00;2800.00;3410.00;2145.33;1862.33;1711.67;1936.34;1432.33;1590.00;1490.00;1464.66;2530.00;0.00;0.00;630.00;2080.00;480.00;480.00;1079.34;2110.00
1772828258.029537;0.00;0.00;0.00;0.00;0.00;0.00;582.00;0.00;0.00;0.00;0.00;194.00;0.00;582.00;582.00;0.00;0.00;0.00;0.00;582.00;0.00;0.00;582.00;1290.00;550.00;550.00;112.33;502.00;2800.00;3410.00;2145.33;1862.33;1711.67;1936.34;1432.33;1590.00;1490.00;1464.66;2530.00;160.00;0.00;950.00;2080.00;480.00;480.00;1079.34;2410.00
1772828258.031821;0.00;0.00;0.00;0.00;0.00;0.00;582.00;0.00;0.00;0.00;0.00;194.00;0.00;582.00;582.00;0.00;0.00;0.00;0.00;582.00;0.00;0.00;582.00;1290.00;550.00;550.00;112.33;502.00;2800.00;3410.00;2145.33;1862.33;1711.67;1936.34;1432.33;1590.00;1490.00;1464.66;2530.00;160.00;0.00;950.00;2080.00;480.00;480.00;1079.34;2410.00
1772828258.079358;0.00;0.00;0.00;0.00;0.00;0.00;582.00;0.00;0.00;0.00;0.00;291.00;0.00;582.00;582.00;0.00;0.00;0.00;0.00;582.00;0.00;0.00;582.00;1590.00;850.00;860.00;224.66;502.00;2800.00;3410.00;2145.33;1862.33;1711.67;1936.34;1432.33;1590.00;1490.00;1464.66;2530.00;640.00;0.00;950.00;2080.00;480.00;480.00;1079.34;2710.00
1772828258.081552;0.00;0.00;0.00;0.00;0.00;0.00;582.00;0.00;0.00;0.00;0.00;291.00;0.00;582.00;582.00;0.00;0.00;0.00;0.00;582.00;0.00;0.00;582.00;1590.00;850.00;860.00;224.66;502.00;2800.00;3410.00;2145.33;1862.33;1711.67;1936.34;1432.33;1590.00;1490.00;1464.66;2530.00;640.00;0.00;950.00;2080.00;480.00;480.00;1079.34;2710.00
1772828258.1458504;0.00;0.00;0.00;0.00;0.00;0.00;582.00;0.00;0.00;0.00;0.00;388.00;0.00;582.00;582.00;0.00;0.00;0.00;0.00;582.00;0.00;0.00;582.00;1890.00;1150.00;1170.00;336.99;502.00;2800.00;3410.00;2145.33;1862.33;1711.67;1936.34;1432.33;1590.00;1490.00;1464.66;2530.00;1120.00;0.00;950.00;2080.00;480.00;480.00;1079.34;3010.00
1772828258.1482792;0.00;0.00;0.00;0.00;0.00;0.00;582.00;0.00;0.00;0.00;0.00;388.00;0.00;582.00;582.00;0.00;0.00;0.00;0.00;582.00;0.00;0.00;582.00;1890.00;1150.00;1170.00;336.99;502.00;2800.00;3410.00;2145.33;1862.33;1711.67;1936.34;1432.33;1590.00;1490.00;1464.66;2530.00;1120.00;0.00;950.00;2080.00;480.00;480.00;1079.34;3010.00
1772828258.1943574;0.00;0.00;0.00;0.00;0.00;0.00;582.00;0.00;0.00;0.00;0.00;485.00;0.00;582.00;582.00;0.00;0.00;0.00;0.00;582.00;0.00;0.00;582.00;2190.00;1460.00;1480.00;449.32;502.00;2800.00;3410.00;2145.33;1862.33;1711.67;1936.34;1432.33;1590.00;1490.00;1464.66;2530.00;1280.00;0.00;950.00;2080.00;480.00;480.00;1079.34;3310.00
1772828258.1968093;0.00;0.00;0.00;0.00;0.00;0.00;582.00;0.00;0.00;0.00;0.00;485.00;0.00;582.00;582.00;0.00;0.00;0.00;0.00;582.00;0.00;0.00;582.00;2190.00;1460.00;1480.00;449.32;502.00;2800.00;3410.00;2145.33;1862.33;1711.67;1936.34;1432.33;1590.00;1490.00;1464.66;2530.00;1280.00;0.00;950.00;2080.00;480.00;480.00;1079.34;3310.00
1772828258.3609076;0.00;0.00;0.00;0.00;0.00;0.00;582.00;0.00;0.00;0.00;0.00;582.00;0.00;582.00;582.00;0.00;0.00;0.00;0.00;582.00;0.00;0.00;582.00;2490.00;1770.00;1790.00;561.65;502.00;2800.00;3410.00;2145.33;1862.33;1711.67;1936.34;1432.33;1590.00;1490.00;1464.66;2530.00;1664.67;0.00;950.00;2080.00;480.00;480.00;1079.34;3610.00
1772828258.3634887;0.00;0.00;0.00;0.00;0.00;0.00;582.00;0.00;0.00;0.00;0.00;582.00;0.00;582.00;582.00;0.00;0.00;0.00;0.00;582.00;0.00;0.00;582.00;2490.00;1770.00;1790.00;561.65;502.00;2800.00;3410.00;2145.33;1862.33;1711.67;1936.34;1432.33;1590.00;1490.00;1464.66;2530.00;1664.67;0.00;950.00;2080.00;480.00;480.00;1079.34;3610.00
1772828278.9769843;0.00;0.00;0.00;0.00;0.00;0.00;0.00;0.00;0.00;0.00;0.00;582.00;0.00;582.00;582.00;0.00;0.00;0.00;0.00;679.00;0.00;0.00;582.00;2790.00;2080.00;2100.00;791.65;502.00;2800.00;3410.00;0.00;0.00;0.00;0.00;0.00;1590.00;1377.67;1080.00;450.00;1889.34;160.00;950.00;2080.00;480.00;480.00;1079.34;300.00
1772828278.9792495;0.00;0.00;0.00;0.00;0.00;0.00;0.00;0.00;0.00;0.00;0.00;582.00;0.00;582.00;582.00;0.00;0.00;0.00;0.00;679.00;0.00;0.00;582.00;2790.00;2080.00;2100.00;791.65;502.00;2800.00;3410.00;0.00;0.00;0.00;0.00;0.00;1590.00;1377.67;1080.00;450.00;1889.34;160.00;950.00;2080.00;480.00;480.00;1079.34;300.00
1772828279.0261447;0.00;0.00;0.00;0.00;0.00;0.00;0.00;0.00;0.00;0.00;0.00;582.00;0.00;582.00;582.00;0.00;0.00;0.00;0.00;776.00;0.00;0.00;582.00;2940.00;2240.00;2260.00;1048.65;534.33;2880.00;3560.00;0.00;0.00;0.00;0.00;0.00;1590.00;1377.67;1080.00;600.00;1889.34;480.00;950.00;2240.00;480.00;480.00;1079.34;450.00
1772828279.0283475;0.00;0.00;0.00;0.00;0.00;0.00;0.00;0.00;0.00;0.00;0.00;582.00;0.00;582.00;582.00;0.00;0.00;0.00;0.00;776.00;0.00;0.00;582.00;2940.00;2240.00;2260.00;1048.65;534.33;2880.00;3560.00;0.00;0.00;0.00;0.00;0.00;1590.00;1377.67;1080.00;600.00;1889.34;480.00;950.00;2240.00;480.00;480.00;1079.34;450.00
1772828279.0748136;0.00;0.00;0.00;0.00;0.00;0.00;0.00;0.00;0.00;0.00;0.00;582.00;0.00;582.00;582.00;0.00;0.00;0.00;0.00;873.00;0.00;0.00;582.00;3100.00;2400.00;2324.67;1080.98;566.66;2960.00;3640.00;150.00;150.00;150.00;460.00;460.00;1750.00;1377.67;1080.00;830.00;1889.34;480.00;950.00;2240.00;480.00;480.00;1079.34;750.00
1772828279.0770876;0.00;0.00;0.00;0.00;0.00;0.00;0.00;0.00;0.00;0.00;0.00;582.00;0.00;582.00;582.00;0.00;0.00;0.00;0.00;873.00;0.00;0.00;582.00;3100.00;2400.00;2324.67;1080.98;566.66;2960.00;3640.00;150.00;150.00;150.00;460.00;460.00;1750.00;1377.67;1080.00;830.00;1889.34;480.00;950.00;2240.00;480.00;480.00;1079.34;750.00
1772828279.1230478;0.00;0.00;0.00;0.00;0.00;0.00;0.00;0.00;0.00;0.00;0.00;582.00;0.00;582.00;582.00;0.00;0.00;0.00;0.00;970.00;0.00;0.00;582.00;3100.00;2400.00;2324.67;1177.98;663.66;3200.00;3880.00;380.00;450.00;450.00;760.00;610.00;1750.00;1377.67;1310.00;1140.00;1889.34;480.00;950.00;2240.00;480.00;480.00;1229.34;900.00
1772828279.1253638;0.00;0.00;0.00;0.00;0.00;0.00;0.00;0.00;0.00;0.00;0.00;582.00;0.00;582.00;582.00;0.00;0.00;0.00;0.00;970.00;0.00;0.00;582.00;3100.00;2400.00;2324.67;1177.98;663.66;3200.00;3880.00;380.00;450.00;450.00;760.00;610.00;1750.00;1377.67;1310.00;1140.00;1889.34;480.00;950.00;2240.00;480.00;480.00;1229.34;900.00
1772828279.1712606;0.00;0.00;0.00;0.00;0.00;0.00;0.00;0.00;0.00;0.00;0.00;582.00;0.00;582.00;582.00;0.00;0.00;0.00;0.00;1067.00;0.00;0.00;582.00;3100.00;2400.00;2324.67;1274.98;855.99;3440.00;4120.00;690.00;750.00;750.00;1060.00;760.00;1750.00;1377.67;1620.00;1460.00;1889.34;480.00;950.00;2352.33;480.00;480.00;1379.34;1050.00
1772828279.173572;0.00;0.00;0.00;0.00;0.00;0.00;0.00;0.00;0.00;0.00;0.00;582.00;0.00;582.00;582.00;0.00;0.00;0.00;0.00;1067.00;0.00;0.00;582.00;3100.00;2400.00;2324.67;1274.98;855.99;3440.00;4120.00;690.00;750.00;750.00;1060.00;760.00;1750.00;1377.67;1620.00;1460.00;1889.34;480.00;950.00;2352.33;480.00;480.00;1379.34;1050.00
1772828279.222991;0.00;0.00;0.00;0.00;0.00;0.00;0.00;0.00;0.00;0.00;0.00;582.00;0.00;582.00;582.00;0.00;0.00;0.00;0.00;1164.00;0.00;0.00;582.00;3100.00;2400.00;2324.67;1371.98;1048.32;3680.00;4360.00;1000.00;1060.00;1050.00;1360.00;1060.00;1750.00;1687.67;1940.00;1460.00;1889.34;480.00;950.00;2464.66;480.00;480.00;1379.34;1350.00
1772828279.2263055;0.00;0.00;0.00;0.00;0.00;0.00;0.00;0.00;0.00;0.00;0.00;582.00;0.00;582.00;582.00;0.00;0.00;0.00;0.00;1164.00;0.00;0.00;582.00;3100.00;2400.00;2324.67;1371.98;1048.32;3680.00;4360.00;1000.00;1060.00;1050.00;1360.00;1060.00;1750.00;1687.67;1940.00;1460.00;1889.34;480.00;950.00;2464.66;480.00;480.00;1379.34;1350.00
1772828294.0468924;0.00;0.00;0.00;0.00;0.00;0.00;0.00;0.00;0.00;0.00;0.00;679.00;0.00;0.00;582.00;0.00;0.00;0.00;0.00;1164.00;0.00;0.00;582.00;956.01;658.99;583.66;337.00;408.32;3040.00;3730.00;520.00;0.00;0.00;0.00;45.34;1520.00;1687.67;0.00;350.00;1889.34;912.33;950.00;2144.66;480.00;320.00;0.00;300.00
1772828294.048125;0.00;0.00;0.00;0.00;0.00;0.00;0.00;0.00;0.00;0.00;0.00;679.00;0.00;0.00;582.00;0.00;0.00;0.00;0.00;1164.00;0.00;0.00;582.00;956.01;658.99;583.66;337.00;408.32;3040.00;3730.00;520.00;0.00;0.00;0.00;45.34;1520.00;1687.67;0.00;350.00;1889.34;912.33;950.00;2144.66;480.00;320.00;0.00;300.00
1772828294.0767493;0.00;0.00;0.00;0.00;0.00;0.00;0.00;0.00;0.00;0.00;0.00;776.00;0.00;0.00;582.00;0.00;0.00;0.00;0.00;1164.00;0.00;0.00;582.00;1106.01;808.99;733.66;727.00;568.32;3200.00;3890.00;680.00;150.00;150.00;150.00;45.34;1520.00;1687.67;310.00;670.00;1889.34;1072.33;950.00;2144.66;480.00;320.00;150.00;450.00
1772828294.0781326;0.00;0.00;0.00;0.00;0.00;0.00;0.00;0.00;0.00;0.00;0.00;776.00;0.00;0.00;582.00;0.00;0.00;0.00;0.00;1164.00;0.00;0.00;582.00;1106.01;808.99;733.66;727.00;568.32;3200.00;3890.00;680.00;150.00;150.00;150.00;45.34;1520.00;1687.67;310.00;670.00;1889.34;1072.33;950.00;2144.66;480.00;320.00;150.00;450.00
1772828294.1094584;0.00;0.00;0.00;0.00;0.00;0.00;0.00;0.00;0.00;0.00;0.00;873.00;0.00;0.00;582.00;0.00;0.00;0.00;0.00;1164.00;0.00;0.00;582.00;1106.01;808.99;733.66;967.00;808.32;3440.00;4200.00;830.00;300.00;300.00;300.00;195.34;1750.00;1687.67;310.00;1140.00;1889.34;1072.33;950.00;2304.66;480.00;320.00;150.00;600.00
1772828294.1107833;0.00;0.00;0.00;0.00;0.00;0.00;0.00;0.00;0.00;0.00;0.00;873.00;0.00;0.00;582.00;0.00;0.00;0.00;0.00;1164.00;0.00;0.00;582.00;1106.01;808.99;733.66;967.00;808.32;3440.00;4200.00;830.00;300.00;300.00;300.00;195.34;1750.00;1687.67;310.00;1140.00;1889.34;1072.33;950.00;2304.66;480.00;320.00;150.00;600.00
1772828294.1408994;0.00;0.00;0.00;0.00;0.00;0.00;0.00;0.00;0.00;0.00;0.00;970.00;0.00;0.00;582.00;0.00;0.00;0.00;0.00;1164.00;0.00;0.00;582.00;1106.01;808.99;733.66;1207.00;1048.32;3680.00;4440.00;1130.00;600.00;600.00;600.00;495.34;1750.00;1687.67;310.00;1620.00;1889.34;1072.33;950.00;2304.66;480.00;320.00;150.00;900.00
1772828294.1424134;0.00;0.00;0.00;0.00;0.00;0.00;0.00;0.00;0.00;0.00;0.00;970.00;0.00;0.00;582.00;0.00;0.00;0.00;0.00;1164.00;0.00;0.00;582.00;1106.01;808.99;733.66;1207.00;1048.32;3680.00;4440.00;1130.00;600.00;600.00;600.00;495.34;1750.00;1687.67;310.00;1620.00;1889.34;1072.33;950.00;2304.66;480.00;320.00;150.00;900.00
1772828294.1767104;0.00;0.00;0.00;0.00;0.00;0.00;0.00;0.00;0.00;0.00;0.00;1067.00;0.00;0.00;582.00;0.00;0.00;0.00;0.00;1164.00;0.00;0.00;582.00;1266.01;968.99;893.66;1607.00;1128.32;3760.00;4520.00;1280.00;750.00;750.00;1060.00;955.34;1750.00;1687.67;310.00;1620.00;1889.34;1072.33;950.00;2304.66;480.00;320.00;150.00;1200.00
1772828294.178113;0.00;0.00;0.00;0.00;0.00;0.00;0.00;0.00;0.00;0.00;0.00;1067.00;0.00;0.00;582.00;0.00;0.00;0.00;0.00;1164.00;0.00;0.00;582.00;1266.01;968.99;893.66;1607.00;1128.32;3760.00;4520.00;1280.00;750.00;750.00;1060.00;955.34;1750.00;1687.67;310.00;1620.00;1889.34;1072.33;950.00;2304.66;480.00;320.00;150.00;1200.00
1772828294.2103865;0.00;0.00;0.00;0.00;0.00;0.00;0.00;0.00;0.00;0.00;0.00;1164.00;0.00;0.00;582.00;0.00;0.00;0.00;0.00;1164.00;0.00;0.00;582.00;1266.01;968.99;893.66;1751.67;1368.32;4000.00;4760.00;1590.00;1050.00;1050.00;1360.00;1105.34;1750.00;1687.67;310.00;1620.00;1889.34;1072.33;950.00;2304.66;480.00;320.00;300.00;1350.00
1772828294.2122805;0.00;0.00;0.00;0.00;0.00;0.00;0.00;0.00;0.00;0.00;0.00;1164.00;0.00;0.00;582.00;0.00;0.00;0.00;0.00;1164.00;0.00;0.00;582.00;1266.01;968.99;893.66;1751.67;1368.32;4000.00;4760.00;1590.00;1050.00;1050.00;1360.00;1105.34;1750.00;1687.67;310.00;1620.00;1889.34;1072.33;950.00;2304.66;480.00;320.00;300.00;1350.00
1772828308.762947;0.00;0.00;0.00;0.00;0.00;0.00;0.00;0.00;0.00;0.00;0.00;0.00;0.00;0.00;97.00;0.00;0.00;0.00;0.00;582.00;0.00;0.00;97.00;0.00;0.00;0.00;0.00;0.00;0.00;0.00;0.00;0.00;80.00;400.00;0.00;1360.00;80.00;0.00;0.00;0.00;0.00;0.00;0.00;0.00;320.00;320.00;0.00
1772828308.764167;0.00;0.00;0.00;0.00;0.00;0.00;0.00;0.00;0.00;0.00;0.00;0.00;0.00;0.00;97.00;0.00;0.00;0.00;0.00;582.00;0.00;0.00;97.00;0.00;0.00;0.00;0.00;0.00;0.00;0.00;0.00;0.00;80.00;400.00;0.00;1360.00;80.00;0.00;0.00;0.00;0.00;0.00;0.00;0.00;320.00;320.00;0.00
1772828308.9387124;0.00;0.00;0.00;0.00;0.00;0.00;0.00;0.00;0.00;0.00;0.00;0.00;0.00;0.00;194.00;0.00;0.00;0.00;0.00;582.00;0.00;0.00;97.00;0.00;0.00;0.00;0.00;0.00;240.00;300.00;0.00;0.00;80.00;400.00;0.00;1590.00;80.00;0.00;300.00;0.00;0.00;0.00;480.00;0.00;320.00;320.00;0.00
1772828308.9400432;0.00;0.00;0.00;0.00;0.00;0.00;0.00;0.00;0.00;0.00;0.00;0.00;0.00;0.00;194.00;0.00;0.00;0.00;0.00;582.00;0.00;0.00;97.00;0.00;0.00;0.00;0.00;0.00;240.00;300.00;0.00;0.00;80.00;400.00;0.00;1590.00;80.00;0.00;300.00;0.00;0.00;0.00;480.00;0.00;320.00;320.00;0.00
1772828308.9885616;0.00;0.00;0.00;0.00;0.00;0.00;0.00;0.00;0.00;0.00;0.00;0.00;0.00;0.00;291.00;0.00;0.00;0.00;0.00;582.00;0.00;0.00;97.00;0.00;0.00;0.00;0.00;0.00;480.00;540.00;0.00;0.00;80.00;400.00;0.00;1750.00;80.00;0.00;540.00;0.00;0.00;0.00;480.00;0.00;320.00;320.00;0.00
1772828308.989931;0.00;0.00;0.00;0.00;0.00;0.00;0.00;0.00;0.00;0.00;0.00;0.00;0.00;0.00;291.00;0.00;0.00;0.00;0.00;582.00;0.00;0.00;97.00;0.00;0.00;0.00;0.00;0.00;480.00;540.00;0.00;0.00;80.00;400.00;0.00;1750.00;80.00;0.00;540.00;0.00;0.00;0.00;480.00;0.00;320.00;320.00;0.00
1772828309.0383492;0.00;0.00;0.00;0.00;0.00;0.00;0.00;0.00;0.00;0.00;0.00;0.00;0.00;0.00;291.00;0.00;0.00;0.00;0.00;679.00;0.00;0.00;97.00;0.00;240.00;240.00;0.00;0.00;480.00;540.00;0.00;0.00;80.00;400.00;0.00;1750.00;80.00;0.00;540.00;0.00;0.00;160.00;480.00;480.00;320.00;320.00;0.00
1772828309.0397055;0.00;0.00;0.00;0.00;0.00;0.00;0.00;0.00;0.00;0.00;0.00;0.00;0.00;0.00;291.00;0.00;0.00;0.00;0.00;679.00;0.00;0.00;97.00;0.00;240.00;240.00;0.00;0.00;480.00;540.00;0.00;0.00;80.00;400.00;0.00;1750.00;80.00;0.00;540.00;0.00;0.00;160.00;480.00;480.00;320.00;320.00;0.00
1772828309.088168;0.00;0.00;0.00;0.00;0.00;0.00;0.00;0.00;0.00;0.00;0.00;0.00;0.00;0.00;388.00;0.00;0.00;0.00;0.00;679.00;0.00;0.00;97.00;0.00;240.00;240.00;0.00;0.00;720.00;780.00;80.00;150.00;230.00;550.00;0.00;1750.00;80.00;230.00;700.00;0.00;0.00;160.00;480.00;480.00;320.00;470.00;0.00
1772828309.0896192;0.00;0.00;0.00;0.00;0.00;0.00;0.00;0.00;0.00;0.00;0.00;0.00;0.00;0.00;388.00;0.00;0.00;0.00;0.00;679.00;0.00;0.00;97.00;0.00;240.00;240.00;0.00;0.00;720.00;780.00;80.00;150.00;230.00;550.00;0.00;1750.00;80.00;230.00;700.00;0.00;0.00;160.00;480.00;480.00;320.00;470.00;0.00
1772828309.1384895;0.00;0.00;0.00;0.00;0.00;0.00;0.00;0.00;0.00;0.00;0.00;97.00;0.00;0.00;388.00;0.00;0.00;0.00;0.00;679.00;0.00;0.00;97.00;0.00;480.00;480.00;0.00;0.00;720.00;780.00;80.00;150.00;230.00;550.00;0.00;1750.00;80.00;230.00;700.00;0.00;0.00;640.00;480.00;480.00;320.00;470.00;0.00
1772828309.1400528;0.00;0.00;0.00;0.00;0.00;0.00;0.00;0.00;0.00;0.00;0.00;97.00;0.00;0.00;388.00;0.00;0.00;0.00;0.00;679.00;0.00;0.00;97.00;0.00;480.00;480.00;0.00;0.00;720.00;780.00;80.00;150.00;230.00;550.00;0.00;1750.00;80.00;230.00;700.00;0.00;0.00;640.00;480.00;480.00;320.00;470.00;0.00
1772828309.1873808;0.00;0.00;0.00;0.00;0.00;0.00;0.00;0.00;0.00;0.00;0.00;97.00;0.00;0.00;485.00;0.00;0.00;0.00;0.00;679.00;0.00;0.00;97.00;0.00;480.00;480.00;0.00;0.00;960.00;1020.00;80.00;150.00;230.00;550.00;0.00;1750.00;80.00;230.00;860.00;0.00;0.00;640.00;480.00;480.00;320.00;470.00;0.00
1772828309.1889849;0.00;0.00;0.00;0.00;0.00;0.00;0.00;0.00;0.00;0.00;0.00;97.00;0.00;0.00;485.00;0.00;0.00;0.00;0.00;679.00;0.00;0.00;97.00;0.00;480.00;480.00;0.00;0.00;960.00;1020.00;80.00;150.00;230.00;550.00;0.00;1750.00;80.00;230.00;860.00;0.00;0.00;640.00;480.00;480.00;320.00;470.00;0.00
1772828309.3784404;0.00;0.00;0.00;0.00;0.00;0.00;0.00;0.00;0.00;0.00;0.00;97.00;0.00;0.00;485.00;0.00;0.00;0.00;0.00;776.00;0.00;0.00;97.00;0.00;480.00;640.00;80.00;0.00;960.00;1020.00;80.00;150.00;230.00;550.00;0.00;1750.00;80.00;230.00;860.00;320.00;160.00;640.00;480.00;480.00;320.00;470.00;0.00
1772828309.3806279;0.00;0.00;0.00;0.00;0.00;0.00;0.00;0.00;0.00;0.00;0.00;97.00;0.00;0.00;485.00;0.00;0.00;0.00;0.00;776.00;0.00;0.00;97.00;0.00;480.00;640.00;80.00;0.00;960.00;1020.00;80.00;150.00;230.00;550.00;0.00;1750.00;80.00;230.00;860.00;320.00;160.00;640.00;480.00;480.00;320.00;470.00;0.00
1772828309.4441564;0.00;0.00;0.00;0.00;0.00;0.00;0.00;0.00;0.00;0.00;0.00;97.00;0.00;0.00;582.00;0.00;0.00;0.00;0.00;776.00;0.00;0.00;97.00;0.00;480.00;640.00;80.00;0.00;1200.00;1260.00;80.00;150.00;230.00;550.00;0.00;1750.00;80.00;230.00;1020.00;320.00;160.00;640.00;480.00;480.00;320.00;470.00;0.00
1772828309.446348;0.00;0.00;0.00;0.00;0.00;0.00;0.00;0.00;0.00;0.00;0.00;97.00;0.00;0.00;582.00;0.00;0.00;0.00;0.00;776.00;0.00;0.00;97.00;0.00;480.00;640.00;80.00;0.00;1200.00;1260.00;80.00;150.00;230.00;550.00;0.00;1750.00;80.00;230.00;1020.00;320.00;160.00;640.00;480.00;480.00;320.00;470.00;0.00
1772828309.510512;0.00;0.00;0.00;0.00;0.00;0.00;0.00;0.00;0.00;0.00;0.00;194.00;0.00;0.00;582.00;0.00;0.00;0.00;0.00;776.00;0.00;0.00;97.00;0.00;480.00;800.00;192.33;0.00;1200.00;1260.00;80.00;150.00;230.00;550.00;0.00;1750.00;80.00;230.00;1020.00;800.00;160.00;640.00;480.00;480.00;320.00;470.00;0.00
1772828309.5128667;0.00;0.00;0.00;0.00;0.00;0.00;0.00;0.00;0.00;0.00;0.00;194.00;0.00;0.00;582.00;0.00;0.00;0.00;0.00;776.00;0.00;0.00;97.00;0.00;480.00;800.00;192.33;0.00;1200.00;1260.00;80.00;150.00;230.00;550.00;0.00;1750.00;80.00;230.00;1020.00;800.00;160.00;640.00;480.00;480.00;320.00;470.00;0.00
1772828309.5719287;0.00;0.00;0.00;0.00;0.00;0.00;0.00;0.00;0.00;0.00;0.00;194.00;0.00;0.00;582.00;0.00;0.00;0.00;0.00;873.00;0.00;0.00;97.00;0.00;640.00;960.00;272.33;0.00;1200.00;1260.00;80.00;150.00;230.00;550.00;0.00;1750.00;80.00;230.00;1020.00;800.00;320.00;640.00;480.00;480.00;320.00;470.00;0.00
1772828309.5736887;0.00;0.00;0.00;0.00;0.00;0.00;0.00;0.00;0.00;0.00;0.00;194.00;0.00;0.00;582.00;0.00;0.00;0.00;0.00;873.00;0.00;0.00;97.00;0.00;640.00;960.00;272.33;0.00;1200.00;1260.00;80.00;150.00;230.00;550.00;0.00;1750.00;80.00;230.00;1020.00;800.00;320.00;640.00;480.00;480.00;320.00;470.00;0.00
1772828309.6212063;0.00;0.00;0.00;0.00;0.00;0.00;0.00;0.00;0.00;0.00;0.00;291.00;0.00;0.00;582.00;0.00;0.00;0.00;0.00;873.00;0.00;0.00;97.00;0.00;800.00;1120.00;384.66;0.00;1200.00;1260.00;80.00;150.00;230.00;550.00;0.00;1750.00;80.00;230.00;1020.00;1184.67;320.00;640.00;480.00;480.00;320.00;470.00;0.00
1772828309.6230085;0.00;0.00;0.00;0.00;0.00;0.00;0.00;0.00;0.00;0.00;0.00;291.00;0.00;0.00;582.00;0.00;0.00;0.00;0.00;873.00;0.00;0.00;97.00;0.00;800.00;1120.00;384.66;0.00;1200.00;1260.00;80.00;150.00;230.00;550.00;0.00;1750.00;80.00;230.00;1020.00;1184.67;320.00;640.00;480.00;480.00;320.00;470.00;0.00
1772828309.671322;0.00;0.00;0.00;0.00;0.00;0.00;0.00;0.00;0.00;0.00;0.00;388.00;0.00;0.00;582.00;0.00;0.00;0.00;0.00;873.00;0.00;0.00;97.00;0.00;960.00;1280.00;689.33;0.00;1200.00;1260.00;80.00;150.00;230.00;550.00;0.00;1750.00;80.00;230.00;1020.00;1184.67;800.00;640.00;480.00;480.00;320.00;470.00;0.00
1772828309.6730986;0.00;0.00;0.00;0.00;0.00;0.00;0.00;0.00;0.00;0.00;0.00;388.00;0.00;0.00;582.00;0.00;0.00;0.00;0.00;873.00;0.00;0.00;97.00;0.00;960.00;1280.00;689.33;0.00;1200.00;1260.00;80.00;150.00;230.00;550.00;0.00;1750.00;80.00;230.00;1020.00;1184.67;800.00;640.00;480.00;480.00;320.00;470.00;0.00
1772828309.7212667;0.00;0.00;0.00;0.00;0.00;0.00;0.00;0.00;0.00;0.00;0.00;388.00;0.00;0.00;582.00;0.00;0.00;0.00;0.00;970.00;0.00;0.00;97.00;0.00;1120.00;1440.00;1041.66;32.33;1280.00;1340.00;80.00;150.00;230.00;550.00;0.00;1750.00;80.00;230.00;1020.00;1184.67;1120.00;640.00;480.00;480.00;320.00;470.00;0.00
1772828309.7232416;0.00;0.00;0.00;0.00;0.00;0.00;0.00;0.00;0.00;0.00;0.00;388.00;0.00;0.00;582.00;0.00;0.00;0.00;0.00;970.00;0.00;0.00;97.00;0.00;1120.00;1440.00;1041.66;32.33;1280.00;1340.00;80.00;150.00;230.00;550.00;0.00;1750.00;80.00;230.00;1020.00;1184.67;1120.00;640.00;480.00;480.00;320.00;470.00;0.00
1772828309.9070647;0.00;0.00;0.00;0.00;0.00;0.00;0.00;0.00;0.00;0.00;0.00;485.00;0.00;0.00;582.00;0.00;0.00;0.00;0.00;388.00;0.00;0.00;97.00;0.00;1280.00;1600.00;764.33;80.00;80.00;150.00;0.00;0.00;80.00;400.00;0.00;470.00;80.00;230.00;150.00;1184.67;1120.00;640.00;160.00;480.00;320.00;320.00;0.00
1772828309.9086218;0.00;0.00;0.00;0.00;0.00;0.00;0.00;0.00;0.00;0.00;0.00;485.00;0.00;0.00;582.00;0.00;0.00;0.00;0.00;388.00;0.00;0.00;97.00;0.00;1280.00;1600.00;764.33;80.00;80.00;150.00;0.00;0.00;80.00;400.00;0.00;470.00;80.00;230.00;150.00;1184.67;1120.00;640.00;160.00;480.00;320.00;320.00;0.00
1772828309.9560711;0.00;0.00;0.00;0.00;0.00;0.00;0.00;0.00;0.00;0.00;0.00;485.00;0.00;0.00;582.00;0.00;0.00;0.00;0.00;388.00;0.00;0.00;194.00;0.00;1280.00;1600.00;764.33;80.00;80.00;150.00;0.00;0.00;320.00;640.00;0.00;470.00;240.00;230.00;150.00;1184.67;1120.00;640.00;160.00;480.00;480.00;320.00;0.00
1772828309.9576328;0.00;0.00;0.00;0.00;0.00;0.00;0.00;0.00;0.00;0.00;0.00;485.00;0.00;0.00;582.00;0.00;0.00;0.00;0.00;388.00;0.00;0.00;194.00;0.00;1280.00;1600.00;764.33;80.00;80.00;150.00;0.00;0.00;320.00;640.00;0.00;470.00;240.00;230.00;150.00;1184.67;1120.00;640.00;160.00;480.00;480.00;320.00;0.00
1772828310.005041;0.00;0.00;0.00;0.00;0.00;0.00;0.00;0.00;0.00;0.00;0.00;582.00;0.00;0.00;582.00;0.00;0.00;0.00;0.00;388.00;0.00;0.00;194.00;0.00;1280.00;1600.00;1069.00;160.00;160.00;230.00;0.00;0.00;320.00;640.00;0.00;470.00;240.00;230.00;310.00;1184.67;1344.67;640.00;160.00;480.00;480.00;320.00;0.00
1772828310.0067148;0.00;0.00;0.00;0.00;0.00;0.00;0.00;0.00;0.00;0.00;0.00;582.00;0.00;0.00;582.00;0.00;0.00;0.00;0.00;388.00;0.00;0.00;194.00;0.00;1280.00;1600.00;1069.00;160.00;160.00;230.00;0.00;0.00;320.00;640.00;0.00;470.00;240.00;230.00;310.00;1184.67;1344.67;640.00;160.00;480.00;480.00;320.00;0.00
1772828310.053566;0.00;0.00;0.00;0.00;0.00;0.00;0.00;0.00;0.00;0.00;0.00;679.00;0.00;0.00;582.00;0.00;0.00;0.00;0.00;388.00;0.00;0.00;194.00;160.00;1440.00;1664.67;1149.00;240.00;240.00;310.00;80.00;150.00;470.00;950.00;160.00;470.00;240.00;230.00;470.00;1184.67;1344.67;640.00;160.00;480.00;480.00;470.00;0.00
1772828310.0552633;0.00;0.00;0.00;0.00;0.00;0.00;0.00;0.00;0.00;0.00;0.00;679.00;0.00;0.00;582.00;0.00;0.00;0.00;0.00;388.00;0.00;0.00;194.00;160.00;1440.00;1664.67;1149.00;240.00;240.00;310.00;80.00;150.00;470.00;950.00;160.00;470.00;240.00;230.00;470.00;1184.67;1344.67;640.00;160.00;480.00;480.00;470.00;0.00
1772828310.1022427;0.00;0.00;0.00;0.00;0.00;0.00;0.00;0.00;0.00;0.00;0.00;679.00;0.00;0.00;582.00;0.00;0.00;0.00;0.00;388.00;0.00;0.00;291.00;160.00;1440.00;1664.67;1149.00;240.00;240.00;310.00;80.00;150.00;710.00;1190.00;160.00;470.00;560.00;230.00;470.00;1184.67;1344.67;640.00;160.00;480.00;480.00;470.00;0.00
1772828310.1040015;0.00;0.00;0.00;0.00;0.00;0.00;0.00;0.00;0.00;0.00;0.00;679.00;0.00;0.00;582.00;0.00;0.00;0.00;0.00;388.00;0.00;0.00;291.00;160.00;1440.00;1664.67;1149.00;240.00;240.00;310.00;80.00;150.00;710.00;1190.00;160.00;470.00;560.00;230.00;470.00;1184.67;1344.67;640.00;160.00;480.00;480.00;470.00;0.00
1772828310.1516047;0.00;0.00;0.00;0.00;0.00;0.00;0.00;0.00;0.00;0.00;0.00;679.00;0.00;0.00;582.00;0.00;0.00;0.00;0.00;485.00;0.00;0.00;291.00;160.00;1440.00;1664.67;1246.00;337.00;480.00;620.00;240.00;300.00;860.00;1340.00;160.00;950.00;560.00;540.00;620.00;1184.67;1344.67;640.00;160.00;480.00;480.00;620.00;0.00
1772828310.1533535;0.00;0.00;0.00;0.00;0.00;0.00;0.00;0.00;0.00;0.00;0.00;679.00;0.00;0.00;582.00;0.00;0.00;0.00;0.00;485.00;0.00;0.00;291.00;160.00;1440.00;1664.67;1246.00;337.00;480.00;620.00;240.00;300.00;860.00;1340.00;160.00;950.00;560.00;540.00;620.00;1184.67;1344.67;640.00;160.00;480.00;480.00;620.00;0.00
1772828310.3156242;0.00;0.00;0.00;0.00;0.00;0.00;0.00;0.00;0.00;0.00;0.00;776.00;0.00;0.00;582.00;0.00;0.00;0.00;0.00;485.00;0.00;0.00;291.00;160.00;1440.00;1664.67;1390.67;577.00;720.00;860.00;480.00;610.00;1010.00;1490.00;160.00;950.00;720.00;860.00;780.00;1184.67;1344.67;640.00;160.00;480.00;480.00;770.00;0.00
1772828310.316656;0.00;0.00;0.00;0.00;0.00;0.00;0.00;0.00;0.00;0.00;0.00;776.00;0.00;0.00;582.00;0.00;0.00;0.00;0.00;485.00;0.00;0.00;291.00;160.00;1440.00;1664.67;1390.67;577.00;720.00;860.00;480.00;610.00;1010.00;1490.00;160.00;950.00;720.00;860.00;780.00;1184.67;1344.67;640.00;160.00;480.00;480.00;770.00;0.00
1772828310.3469849;0.00;0.00;0.00;0.00;0.00;0.00;0.00;0.00;0.00;0.00;0.00;776.00;0.00;0.00;582.00;0.00;0.00;0.00;0.00;485.00;0.00;0.00;388.00;160.00;1440.00;1664.67;1390.67;577.00;720.00;860.00;480.00;610.00;1250.00;1730.00;160.00;950.00;1200.00;860.00;780.00;1184.67;1344.67;640.00;160.00;480.00;480.00;770.00;0.00
1772828310.348079;0.00;0.00;0.00;0.00;0.00;0.00;0.00;0.00;0.00;0.00;0.00;776.00;0.00;0.00;582.00;0.00;0.00;0.00;0.00;485.00;0.00;0.00;388.00;160.00;1440.00;1664.67;1390.67;577.00;720.00;860.00;480.00;610.00;1250.00;1730.00;160.00;950.00;1200.00;860.00;780.00;1184.67;1344.67;640.00;160.00;480.00;480.00;770.00;0.00
1772828310.3786278;0.00;0.00;0.00;0.00;0.00;0.00;0.00;0.00;0.00;0.00;0.00;873.00;0.00;0.00;582.00;0.00;0.00;0.00;0.00;485.00;0.00;0.00;388.00;160.00;1440.00;1664.67;1487.67;817.00;960.00;1100.00;720.00;920.00;1400.00;1880.00;160.00;950.00;1360.00;1180.00;940.00;1184.67;1344.67;640.00;160.00;480.00;480.00;920.00;0.00
1772828310.379751;0.00;0.00;0.00;0.00;0.00;0.00;0.00;0.00;0.00;0.00;0.00;873.00;0.00;0.00;582.00;0.00;0.00;0.00;0.00;485.00;0.00;0.00;388.00;160.00;1440.00;1664.67;1487.67;817.00;960.00;1100.00;720.00;920.00;1400.00;1880.00;160.00;950.00;1360.00;1180.00;940.00;1184.67;1344.67;640.00;160.00;480.00;480.00;920.00;0.00
1772828310.410173;0.00;0.00;0.00;0.00;0.00;0.00;0.00;0.00;0.00;0.00;0.00;970.00;0.00;0.00;582.00;0.00;0.00;0.00;0.00;485.00;0.00;0.00;388.00;160.00;1440.00;1664.67;1584.67;1057.00;1200.00;1340.00;960.00;1220.00;1700.00;2180.00;160.00;950.00;1360.00;1500.00;1100.00;1184.67;1344.67;640.00;160.00;480.00;480.00;1220.00;0.00
1772828310.411289;0.00;0.00;0.00;0.00;0.00;0.00;0.00;0.00;0.00;0.00;0.00;970.00;0.00;0.00;582.00;0.00;0.00;0.00;0.00;485.00;0.00;0.00;388.00;160.00;1440.00;1664.67;1584.67;1057.00;1200.00;1340.00;960.00;1220.00;1700.00;2180.00;160.00;950.00;1360.00;1500.00;1100.00;1184.67;1344.67;640.00;160.00;480.00;480.00;1220.00;0.00
1772828310.4411423;0.00;0.00;0.00;0.00;0.00;0.00;0.00;0.00;0.00;0.00;0.00;970.00;0.00;0.00;582.00;0.00;0.00;0.00;0.00;485.00;0.00;0.00;485.00;160.00;1440.00;1664.67;1584.67;1057.00;1200.00;1340.00;960.00;1530.00;1994.67;2474.67;160.00;950.00;1360.00;1820.00;1100.00;1184.67;1344.67;640.00;160.00;480.00;480.00;1370.00;0.00
1772828310.4422328;0.00;0.00;0.00;0.00;0.00;0.00;0.00;0.00;0.00;0.00;0.00;970.00;0.00;0.00;582.00;0.00;0.00;0.00;0.00;485.00;0.00;0.00;485.00;160.00;1440.00;1664.67;1584.67;1057.00;1200.00;1340.00;960.00;1530.00;1994.67;2474.67;160.00;950.00;1360.00;1820.00;1100.00;1184.67;1344.67;640.00;160.00;480.00;480.00;1370.00;0.00
1772828310.4721084;0.00;0.00;0.00;0.00;0.00;0.00;0.00;0.00;0.00;0.00;0.00;1067.00;0.00;0.00;582.00;0.00;0.00;0.00;0.00;485.00;0.00;0.00;485.00;160.00;1440.00;1664.67;1681.67;1297.00;1440.00;1580.00;1040.00;1680.00;2144.67;2624.67;160.00;1270.00;1360.00;1820.00;1260.00;1184.67;1344.67;640.00;160.00;480.00;480.00;1520.00;0.00
1772828310.4731896;0.00;0.00;0.00;0.00;0.00;0.00;0.00;0.00;0.00;0.00;0.00;1067.00;0.00;0.00;582.00;0.00;0.00;0.00;0.00;485.00;0.00;0.00;485.00;160.00;1440.00;1664.67;1681.67;1297.00;1440.00;1580.00;1040.00;1680.00;2144.67;2624.67;160.00;1270.00;1360.00;1820.00;1260.00;1184.67;1344.67;640.00;160.00;480.00;480.00;1520.00;0.00
1772828310.5721784;0.00;0.00;0.00;0.00;0.00;0.00;0.00;0.00;0.00;0.00;0.00;1067.00;0.00;0.00;582.00;0.00;0.00;0.00;0.00;582.00;0.00;0.00;485.00;160.00;1440.00;1664.67;1778.67;1394.00;1680.00;1820.00;1120.00;1830.00;2294.67;2774.67;160.00;1750.00;1360.00;1820.00;1260.00;1184.67;1344.67;640.00;160.00;480.00;480.00;1670.00;0.00
1772828310.573333;0.00;0.00;0.00;0.00;0.00;0.00;0.00;0.00;0.00;0.00;0.00;1067.00;0.00;0.00;582.00;0.00;0.00;0.00;0.00;582.00;0.00;0.00;485.00;160.00;1440.00;1664.67;1778.67;1394.00;1680.00;1820.00;1120.00;1830.00;2294.67;2774.67;160.00;1750.00;1360.00;1820.00;1260.00;1184.67;1344.67;640.00;160.00;480.00;480.00;1670.00;0.00
1772828310.6033514;0.00;0.00;0.00;0.00;0.00;0.00;0.00;0.00;0.00;0.00;0.00;1164.00;0.00;0.00;582.00;0.00;0.00;0.00;0.00;582.00;0.00;0.00;485.00;160.00;1440.00;1664.67;1875.67;1634.00;1920.00;2060.00;1360.00;2060.00;2444.67;2924.67;160.00;1750.00;1360.00;1820.00;1420.00;1184.67;1344.67;640.00;160.00;480.00;480.00;1820.00;0.00
1772828310.6044593;0.00;0.00;0.00;0.00;0.00;0.00;0.00;0.00;0.00;0.00;0.00;1164.00;0.00;0.00;582.00;0.00;0.00;0.00;0.00;582.00;0.00;0.00;485.00;160.00;1440.00;1664.67;1875.67;1634.00;1920.00;2060.00;1360.00;2060.00;2444.67;2924.67;160.00;1750.00;1360.00;1820.00;1420.00;1184.67;1344.67;640.00;160.00;480.00;480.00;1820.00;0.00
1772828310.6351354;0.00;0.00;0.00;0.00;0.00;0.00;0.00;0.00;0.00;0.00;0.00;1164.00;0.00;0.00;582.00;0.00;0.00;0.00;0.00;582.00;0.00;0.00;582.00;160.00;1440.00;1664.67;1875.67;1634.00;1920.00;2060.00;1360.00;2380.00;2684.67;3069.34;160.00;1750.00;1360.00;1820.00;1420.00;1184.67;1344.67;640.00;160.00;480.00;480.00;1820.00;0.00
1772828310.63634;0.00;0.00;0.00;0.00;0.00;0.00;0.00;0.00;0.00;0.00;0.00;1164.00;0.00;0.00;582.00;0.00;0.00;0.00;0.00;582.00;0.00;0.00;582.00;160.00;1440.00;1664.67;1875.67;1634.00;1920.00;2060.00;1360.00;2380.00;2684.67;3069.34;160.00;1750.00;1360.00;1820.00;1420.00;1184.67;1344.67;640.00;160.00;480.00;480.00;1820.00;0.00
1772828311.0036395;0.00;0.00;0.00;0.00;0.00;0.00;0.00;0.00;0.00;0.00;0.00;97.00;97.00;0.00;194.00;0.00;0.00;0.00;0.00;97.00;0.00;0.00;0.00;0.00;240.00;240.00;240.00;0.00;0.00;0.00;0.00;0.00;0.00;0.00;0.00;550.00;0.00;630.00;0.00;0.00;0.00;160.00;0.00;480.00;0.00;0.00;0.00
1772828311.004292;0.00;0.00;0.00;0.00;0.00;0.00;0.00;0.00;0.00;0.00;0.00;97.00;97.00;0.00;194.00;0.00;0.00;0.00;0.00;97.00;0.00;0.00;0.00;0.00;240.00;240.00;240.00;0.00;0.00;0.00;0.00;0.00;0.00;0.00;0.00;550.00;0.00;630.00;0.00;0.00;0.00;160.00;0.00;480.00;0.00;0.00;0.00
1772828311.0364814;0.00;0.00;0.00;0.00;0.00;0.00;0.00;0.00;0.00;0.00;0.00;97.00;194.00;0.00;194.00;0.00;0.00;0.00;0.00;97.00;0.00;0.00;0.00;0.00;480.00;480.00;480.00;0.00;0.00;0.00;0.00;0.00;0.00;0.00;0.00;550.00;0.00;630.00;0.00;0.00;0.00;640.00;0.00;480.00;0.00;0.00;0.00
1772828311.0371792;0.00;0.00;0.00;0.00;0.00;0.00;0.00;0.00;0.00;0.00;0.00;97.00;194.00;0.00;194.00;0.00;0.00;0.00;0.00;97.00;0.00;0.00;0.00;0.00;480.00;480.00;480.00;0.00;0.00;0.00;0.00;0.00;0.00;0.00;0.00;550.00;0.00;630.00;0.00;0.00;0.00;640.00;0.00;480.00;0.00;0.00;0.00
1772828311.0688787;0.00;0.00;0.00;0.00;0.00;0.00;0.00;0.00;0.00;0.00;0.00;97.00;291.00;0.00;194.00;0.00;0.00;0.00;0.00;97.00;0.00;0.00;0.00;0.00;560.00;560.00;720.00;0.00;0.00;0.00;0.00;0.00;0.00;0.00;0.00;550.00;0.00;630.00;0.00;160.00;320.00;800.00;0.00;480.00;0.00;0.00;0.00
1772828311.069556;0.00;0.00;0.00;0.00;0.00;0.00;0.00;0.00;0.00;0.00;0.00;97.00;291.00;0.00;194.00;0.00;0.00;0.00;0.00;97.00;0.00;0.00;0.00;0.00;560.00;560.00;720.00;0.00;0.00;0.00;0.00;0.00;0.00;0.00;0.00;550.00;0.00;630.00;0.00;160.00;320.00;800.00;0.00;480.00;0.00;0.00;0.00
1772828311.2319043;0.00;0.00;0.00;0.00;0.00;0.00;0.00;0.00;0.00;0.00;0.00;97.00;388.00;0.00;194.00;0.00;0.00;0.00;0.00;97.00;0.00;0.00;0.00;0.00;640.00;640.00;960.00;0.00;0.00;0.00;0.00;0.00;0.00;0.00;0.00;550.00;0.00;630.00;0.00;320.00;640.00;960.00;0.00;480.00;0.00;0.00;0.00
1772828311.2330794;0.00;0.00;0.00;0.00;0.00;0.00;0.00;0.00;0.00;0.00;0.00;97.00;388.00;0.00;194.00;0.00;0.00;0.00;0.00;97.00;0.00;0.00;0.00;0.00;640.00;640.00;960.00;0.00;0.00;0.00;0.00;0.00;0.00;0.00;0.00;550.00;0.00;630.00;0.00;320.00;640.00;960.00;0.00;480.00;0.00;0.00;0.00
1772828311.2844133;0.00;0.00;0.00;0.00;0.00;0.00;0.00;0.00;0.00;0.00;0.00;97.00;485.00;0.00;194.00;0.00;0.00;0.00;0.00;97.00;0.00;0.00;0.00;0.00;720.00;720.00;1200.00;0.00;0.00;0.00;0.00;0.00;0.00;0.00;0.00;550.00;0.00;630.00;0.00;480.00;960.00;1120.00;0.00;480.00;0.00;0.00;0.00
1772828311.2857072;0.00;0.00;0.00;0.00;0.00;0.00;0.00;0.00;0.00;0.00;0.00;97.00;485.00;0.00;194.00;0.00;0.00;0.00;0.00;97.00;0.00;0.00;0.00;0.00;720.00;720.00;1200.00;0.00;0.00;0.00;0.00;0.00;0.00;0.00;0.00;550.00;0.00;630.00;0.00;480.00;960.00;1120.00;0.00;480.00;0.00;0.00;0.00
1772828311.3362134;0.00;0.00;0.00;0.00;0.00;0.00;0.00;0.00;0.00;0.00;0.00;97.00;582.00;0.00;194.00;0.00;0.00;0.00;0.00;97.00;0.00;0.00;0.00;0.00;960.00;960.00;1440.00;0.00;0.00;0.00;0.00;0.00;0.00;0.00;0.00;550.00;0.00;630.00;0.00;480.00;960.00;1280.00;0.00;480.00;0.00;0.00;0.00
1772828311.3375487;0.00;0.00;0.00;0.00;0.00;0.00;0.00;0.00;0.00;0.00;0.00;97.00;582.00;0.00;194.00;0.00;0.00;0.00;0.00;97.00;0.00;0.00;0.00;0.00;960.00;960.00;1440.00;0.00;0.00;0.00;0.00;0.00;0.00;0.00;0.00;550.00;0.00;630.00;0.00;480.00;960.00;1280.00;0.00;480.00;0.00;0.00;0.00
1772828331.0484602;0.00;0.00;0.00;0.00;0.00;0.00;0.00;0.00;0.00;0.00;0.00;97.00;0.00;0.00;194.00;0.00;0.00;0.00;0.00;97.00;0.00;97.00;0.00;0.00;0.00;0.00;0.00;0.00;0.00;0.00;0.00;0.00;230.00;230.00;310.00;550.00;230.00;630.00;0.00;0.00;0.00;0.00;0.00;0.00;0.00;480.00;460.00
1772828331.0490837;0.00;0.00;0.00;0.00;0.00;0.00;0.00;0.00;0.00;0.00;0.00;97.00;0.00;0.00;194.00;0.00;0.00;0.00;0.00;97.00;0.00;97.00;0.00;0.00;0.00;0.00;0.00;0.00;0.00;0.00;0.00;0.00;230.00;230.00;310.00;550.00;230.00;630.00;0.00;0.00;0.00;0.00;0.00;0.00;0.00;480.00;460.00
1772828331.0823894;0.00;0.00;0.00;0.00;0.00;0.00;0.00;0.00;0.00;0.00;0.00;97.00;0.00;0.00;194.00;0.00;0.00;0.00;0.00;97.00;0.00;194.00;0.00;0.00;0.00;0.00;0.00;0.00;0.00;0.00;0.00;0.00;460.00;780.00;620.00;550.00;230.00;630.00;0.00;0.00;0.00;0.00;0.00;0.00;480.00;480.00;760.00
1772828331.0830483;0.00;0.00;0.00;0.00;0.00;0.00;0.00;0.00;0.00;0.00;0.00;97.00;0.00;0.00;194.00;0.00;0.00;0.00;0.00;97.00;0.00;194.00;0.00;0.00;0.00;0.00;0.00;0.00;0.00;0.00;0.00;0.00;460.00;780.00;620.00;550.00;230.00;630.00;0.00;0.00;0.00;0.00;0.00;0.00;480.00;480.00;760.00
1772828331.116268;0.00;0.00;0.00;0.00;0.00;0.00;0.00;0.00;0.00;0.00;0.00;97.00;0.00;0.00;194.00;0.00;0.00;0.00;0.00;97.00;0.00;291.00;0.00;0.00;0.00;0.00;0.00;0.00;0.00;0.00;0.00;0.00;690.00;1330.00;930.00;550.00;390.00;630.00;0.00;0.00;0.00;0.00;0.00;0.00;480.00;480.00;1060.00
1772828331.1169329;0.00;0.00;0.00;0.00;0.00;0.00;0.00;0.00;0.00;0.00;0.00;97.00;0.00;0.00;194.00;0.00;0.00;0.00;0.00;97.00;0.00;291.00;0.00;0.00;0.00;0.00;0.00;0.00;0.00;0.00;0.00;0.00;690.00;1330.00;930.00;550.00;390.00;630.00;0.00;0.00;0.00;0.00;0.00;0.00;480.00;480.00;1060.00
1772828331.219061;0.00;0.00;0.00;0.00;0.00;0.00;0.00;0.00;0.00;0.00;0.00;97.00;0.00;0.00;194.00;0.00;0.00;0.00;0.00;97.00;0.00;388.00;0.00;0.00;0.00;0.00;0.00;0.00;0.00;0.00;0.00;0.00;920.00;1880.00;1240.00;550.00;550.00;630.00;0.00;0.00;0.00;0.00;0.00;0.00;480.00;480.00;1360.00
1772828331.2197921;0.00;0.00;0.00;0.00;0.00;0.00;0.00;0.00;0.00;0.00;0.00;97.00;0.00;0.00;194.00;0.00;0.00;0.00;0.00;97.00;0.00;388.00;0.00;0.00;0.00;0.00;0.00;0.00;0.00;0.00;0.00;0.00;920.00;1880.00;1240.00;550.00;550.00;630.00;0.00;0.00;0.00;0.00;0.00;0.00;480.00;480.00;1360.00
1772828331.2535315;0.00;0.00;0.00;0.00;0.00;0.00;0.00;0.00;0.00;0.00;0.00;97.00;0.00;0.00;194.00;0.00;0.00;0.00;0.00;97.00;0.00;485.00;0.00;0.00;0.00;0.00;0.00;0.00;0.00;0.00;0.00;0.00;1150.00;2420.00;1764.67;550.00;710.00;630.00;0.00;0.00;0.00;0.00;0.00;0.00;480.00;480.00;1660.00
1772828331.254311;0.00;0.00;0.00;0.00;0.00;0.00;0.00;0.00;0.00;0.00;0.00;97.00;0.00;0.00;194.00;0.00;0.00;0.00;0.00;97.00;0.00;485.00;0.00;0.00;0.00;0.00;0.00;0.00;0.00;0.00;0.00;0.00;1150.00;2420.00;1764.67;550.00;710.00;630.00;0.00;0.00;0.00;0.00;0.00;0.00;480.00;480.00;1660.00
1772828331.2935596;0.00;0.00;0.00;0.00;0.00;0.00;0.00;0.00;0.00;0.00;0.00;97.00;0.00;0.00;194.00;0.00;0.00;0.00;0.00;97.00;0.00;582.00;0.00;0.00;0.00;0.00;0.00;0.00;0.00;0.00;0.00;0.00;1690.00;2864.67;2064.67;550.00;1190.00;630.00;0.00;0.00;0.00;0.00;0.00;0.00;480.00;480.00;1960.00
1772828331.2948816;0.00;0.00;0.00;0.00;0.00;0.00;0.00;0.00;0.00;0.00;0.00;97.00;0.00;0.00;194.00;0.00;0.00;0.00;0.00;97.00;0.00;582.00;0.00;0.00;0.00;0.00;0.00;0.00;0.00;0.00;0.00;0.00;1690.00;2864.67;2064.67;550.00;1190.00;630.00;0.00;0.00;0.00;0.00;0.00;0.00;480.00;480.00;1960.00
1772828363.1104639;0.00;0.00;0.00;0.00;0.00;0.00;0.00;0.00;0.00;0.00;0.00;97.00;0.00;0.00;0.00;0.00;97.00;0.00;0.00;97.00;0.00;582.00;0.00;0.00;0.00;0.00;0.00;0.00;240.00;300.00;0.00;0.00;1690.00;2864.67;2064.67;540.00;1190.00;630.00;300.00;0.00;0.00;0.00;480.00;0.00;480.00;480.00;1960.00
1772828363.1117198;0.00;0.00;0.00;0.00;0.00;0.00;0.00;0.00;0.00;0.00;0.00;97.00;0.00;0.00;0.00;0.00;97.00;0.00;0.00;97.00;0.00;582.00;0.00;0.00;0.00;0.00;0.00;0.00;240.00;300.00;0.00;0.00;1690.00;2864.67;2064.67;540.00;1190.00;630.00;300.00;0.00;0.00;0.00;480.00;0.00;480.00;480.00;1960.00
1772828363.1681705;0.00;0.00;0.00;0.00;0.00;0.00;0.00;0.00;0.00;0.00;0.00;97.00;0.00;0.00;0.00;0.00;194.00;0.00;0.00;97.00;0.00;582.00;0.00;0.00;0.00;0.00;0.00;0.00;480.00;600.00;0.00;0.00;1690.00;2864.67;2064.67;850.00;1190.00;630.00;600.00;0.00;0.00;0.00;960.00;0.00;480.00;480.00;1960.00
1772828363.1695127;0.00;0.00;0.00;0.00;0.00;0.00;0.00;0.00;0.00;0.00;0.00;97.00;0.00;0.00;0.00;0.00;194.00;0.00;0.00;97.00;0.00;582.00;0.00;0.00;0.00;0.00;0.00;0.00;480.00;600.00;0.00;0.00;1690.00;2864.67;2064.67;850.00;1190.00;630.00;600.00;0.00;0.00;0.00;960.00;0.00;480.00;480.00;1960.00
1772828363.220142;0.00;0.00;0.00;0.00;0.00;0.00;0.00;0.00;0.00;0.00;0.00;97.00;0.00;0.00;0.00;0.00;291.00;0.00;0.00;97.00;0.00;582.00;0.00;0.00;0.00;0.00;0.00;0.00;720.00;910.00;150.00;150.00;1840.00;3014.67;2214.67;1170.00;1190.00;630.00;1060.00;0.00;0.00;0.00;1120.00;0.00;480.00;480.00;2110.00
1772828363.221502;0.00;0.00;0.00;0.00;0.00;0.00;0.00;0.00;0.00;0.00;0.00;97.00;0.00;0.00;0.00;0.00;291.00;0.00;0.00;97.00;0.00;582.00;0.00;0.00;0.00;0.00;0.00;0.00;720.00;910.00;150.00;150.00;1840.00;3014.67;2214.67;1170.00;1190.00;630.00;1060.00;0.00;0.00;0.00;1120.00;0.00;480.00;480.00;2110.00
1772828363.2746115;0.00;0.00;0.00;0.00;0.00;0.00;0.00;0.00;0.00;0.00;0.00;97.00;0.00;0.00;0.00;0.00;388.00;0.00;0.00;97.00;0.00;582.00;0.00;0.00;0.00;0.00;0.00;0.00;960.00;1220.00;300.00;300.00;1990.00;3164.67;2364.67;1490.00;1190.00;630.00;1520.00;0.00;0.00;0.00;1280.00;0.00;480.00;480.00;2260.00
1772828363.2760332;0.00;0.00;0.00;0.00;0.00;0.00;0.00;0.00;0.00;0.00;0.00;97.00;0.00;0.00;0.00;0.00;388.00;0.00;0.00;97.00;0.00;582.00;0.00;0.00;0.00;0.00;0.00;0.00;960.00;1220.00;300.00;300.00;1990.00;3164.67;2364.67;1490.00;1190.00;630.00;1520.00;0.00;0.00;0.00;1280.00;0.00;480.00;480.00;2260.00
1772828363.4517508;0.00;0.00;0.00;0.00;0.00;0.00;0.00;0.00;0.00;0.00;0.00;97.00;0.00;0.00;0.00;0.00;485.00;0.00;0.00;97.00;0.00;582.00;0.00;0.00;0.00;0.00;0.00;0.00;1200.00;1530.00;450.00;450.00;2140.00;3314.67;2514.67;1490.00;1190.00;630.00;1980.00;0.00;0.00;0.00;1440.00;0.00;480.00;480.00;2410.00
1772828363.4532578;0.00;0.00;0.00;0.00;0.00;0.00;0.00;0.00;0.00;0.00;0.00;97.00;0.00;0.00;0.00;0.00;485.00;0.00;0.00;97.00;0.00;582.00;0.00;0.00;0.00;0.00;0.00;0.00;1200.00;1530.00;450.00;450.00;2140.00;3314.67;2514.67;1490.00;1190.00;630.00;1980.00;0.00;0.00;0.00;1440.00;0.00;480.00;480.00;2410.00
1772828363.5053449;0.00;0.00;0.00;0.00;0.00;0.00;0.00;0.00;0.00;0.00;0.00;97.00;0.00;0.00;0.00;0.00;582.00;0.00;0.00;97.00;0.00;582.00;0.00;0.00;0.00;0.00;0.00;0.00;1440.00;1840.00;600.00;600.00;2290.00;3464.67;2664.67;1490.00;1190.00;630.00;2440.00;0.00;0.00;0.00;1600.00;0.00;480.00;480.00;2560.00
1772828363.5068471;0.00;0.00;0.00;0.00;0.00;0.00;0.00;0.00;0.00;0.00;0.00;97.00;0.00;0.00;0.00;0.00;582.00;0.00;0.00;97.00;0.00;582.00;0.00;0.00;0.00;0.00;0.00;0.00;1440.00;1840.00;600.00;600.00;2290.00;3464.67;2664.67;1490.00;1190.00;630.00;2440.00;0.00;0.00;0.00;1600.00;0.00;480.00;480.00;2560.00
1772828378.1373165;0.00;0.00;0.00;0.00;97.00;0.00;0.00;0.00;0.00;0.00;0.00;0.00;0.00;0.00;0.00;0.00;582.00;0.00;0.00;97.00;0.00;582.00;0.00;0.00;0.00;0.00;0.00;0.00;720.00;1120.00;0.00;550.00;2590.00;3764.67;2814.67;1490.00;1500.00;790.00;1320.00;0.00;0.00;0.00;1600.00;0.00;480.00;150.00;2710.00
1772828378.1388848;0.00;0.00;0.00;0.00;97.00;0.00;0.00;0.00;0.00;0.00;0.00;0.00;0.00;0.00;0.00;0.00;582.00;0.00;0.00;97.00;0.00;582.00;0.00;0.00;0.00;0.00;0.00;0.00;720.00;1120.00;0.00;550.00;2590.00;3764.67;2814.67;1490.00;1500.00;790.00;1320.00;0.00;0.00;0.00;1600.00;0.00;480.00;150.00;2710.00
1772828378.1905;0.00;0.00;0.00;0.00;194.00;0.00;0.00;0.00;0.00;0.00;0.00;0.00;0.00;0.00;0.00;0.00;582.00;0.00;0.00;97.00;0.00;582.00;0.00;0.00;0.00;0.00;0.00;0.00;720.00;1120.00;0.00;1100.00;2890.00;4064.67;2964.67;1490.00;1810.00;1270.00;1320.00;0.00;0.00;0.00;1600.00;0.00;480.00;300.00;2860.00
1772828378.192073;0.00;0.00;0.00;0.00;194.00;0.00;0.00;0.00;0.00;0.00;0.00;0.00;0.00;0.00;0.00;0.00;582.00;0.00;0.00;97.00;0.00;582.00;0.00;0.00;0.00;0.00;0.00;0.00;720.00;1120.00;0.00;1100.00;2890.00;4064.67;2964.67;1490.00;1810.00;1270.00;1320.00;0.00;0.00;0.00;1600.00;0.00;480.00;300.00;2860.00
1772828378.2443109;0.00;0.00;0.00;0.00;291.00;0.00;0.00;0.00;0.00;0.00;0.00;0.00;0.00;0.00;0.00;0.00;582.00;0.00;0.00;97.00;0.00;582.00;0.00;0.00;0.00;0.00;0.00;0.00;720.00;1120.00;0.00;1650.00;3190.00;4364.67;3114.67;1490.00;2120.00;1750.00;1320.00;0.00;0.00;0.00;1600.00;0.00;480.00;450.00;3010.00
1772828378.2459583;0.00;0.00;0.00;0.00;291.00;0.00;0.00;0.00;0.00;0.00;0.00;0.00;0.00;0.00;0.00;0.00;582.00;0.00;0.00;97.00;0.00;582.00;0.00;0.00;0.00;0.00;0.00;0.00;720.00;1120.00;0.00;1650.00;3190.00;4364.67;3114.67;1490.00;2120.00;1750.00;1320.00;0.00;0.00;0.00;1600.00;0.00;480.00;450.00;3010.00
1772828378.2995546;0.00;0.00;0.00;0.00;388.00;0.00;0.00;0.00;0.00;0.00;0.00;0.00;0.00;0.00;0.00;0.00;582.00;0.00;0.00;97.00;0.00;582.00;0.00;0.00;0.00;0.00;0.00;0.00;720.00;1120.00;0.00;2200.00;3490.00;4664.67;3264.67;1490.00;2430.00;2230.00;1320.00;0.00;0.00;0.00;1600.00;0.00;480.00;600.00;3160.00
1772828378.301298;0.00;0.00;0.00;0.00;388.00;0.00;0.00;0.00;0.00;0.00;0.00;0.00;0.00;0.00;0.00;0.00;582.00;0.00;0.00;97.00;0.00;582.00;0.00;0.00;0.00;0.00;0.00;0.00;720.00;1120.00;0.00;2200.00;3490.00;4664.67;3264.67;1490.00;2430.00;2230.00;1320.00;0.00;0.00;0.00;1600.00;0.00;480.00;600.00;3160.00
1772828378.4753418;0.00;0.00;0.00;0.00;485.00;0.00;0.00;0.00;0.00;0.00;0.00;0.00;0.00;0.00;0.00;0.00;582.00;0.00;0.00;97.00;0.00;582.00;0.00;0.00;0.00;0.00;0.00;0.00;720.00;1120.00;0.00;2654.67;3790.00;4964.67;3414.67;1490.00;2430.00;2614.67;1320.00;0.00;0.00;0.00;1600.00;0.00;480.00;750.00;3310.00
1772828378.477051;0.00;0.00;0.00;0.00;485.00;0.00;0.00;0.00;0.00;0.00;0.00;0.00;0.00;0.00;0.00;0.00;582.00;0.00;0.00;97.00;0.00;582.00;0.00;0.00;0.00;0.00;0.00;0.00;720.00;1120.00;0.00;2654.67;3790.00;4964.67;3414.67;1490.00;2430.00;2614.67;1320.00;0.00;0.00;0.00;1600.00;0.00;480.00;750.00;3310.00
1772828378.528094;0.00;0.00;0.00;0.00;582.00;0.00;0.00;0.00;0.00;0.00;0.00;0.00;0.00;0.00;0.00;0.00;582.00;0.00;0.00;97.00;0.00;582.00;0.00;0.00;0.00;0.00;0.00;0.00;720.00;1120.00;320.00;3044.67;3790.00;4964.67;3414.67;1490.00;2580.00;2994.67;1640.00;0.00;0.00;0.00;1600.00;0.00;480.00;750.00;3310.00
1772828378.5298615;0.00;0.00;0.00;0.00;582.00;0.00;0.00;0.00;0.00;0.00;0.00;0.00;0.00;0.00;0.00;0.00;582.00;0.00;0.00;97.00;0.00;582.00;0.00;0.00;0.00;0.00;0.00;0.00;720.00;1120.00;320.00;3044.67;3790.00;4964.67;3414.67;1490.00;2580.00;2994.67;1640.00;0.00;0.00;0.00;1600.00;0.00;480.00;750.00;3310.00
1772828401.1727314;0.00;0.00;97.00;0.00;582.00;0.00;0.00;0.00;0.00;0.00;0.00;0.00;0.00;0.00;0.00;0.00;582.00;0.00;0.00;97.00;0.00;582.00;0.00;0.00;0.00;0.00;0.00;0.00;720.00;1360.00;560.00;3044.67;3790.00;4964.67;3414.67;1490.00;2580.00;3294.67;1800.00;0.00;0.00;0.00;1600.00;0.00;480.00;750.00;3310.00
1772828401.1745794;0.00;0.00;97.00;0.00;582.00;0.00;0.00;0.00;0.00;0.00;0.00;0.00;0.00;0.00;0.00;0.00;582.00;0.00;0.00;97.00;0.00;582.00;0.00;0.00;0.00;0.00;0.00;0.00;720.00;1360.00;560.00;3044.67;3790.00;4964.67;3414.67;1490.00;2580.00;3294.67;1800.00;0.00;0.00;0.00;1600.00;0.00;480.00;750.00;3310.00
1772828401.2265973;0.00;0.00;194.00;0.00;582.00;0.00;0.00;0.00;0.00;0.00;0.00;0.00;0.00;0.00;0.00;0.00;582.00;0.00;0.00;97.00;0.00;582.00;0.00;0.00;0.00;0.00;0.00;0.00;720.00;1600.00;800.00;3044.67;3790.00;4964.67;3414.67;1490.00;2580.00;3594.67;1960.00;0.00;0.00;0.00;1600.00;0.00;480.00;750.00;3310.00
1772828401.2285361;0.00;0.00;194.00;0.00;582.00;0.00;0.00;0.00;0.00;0.00;0.00;0.00;0.00;0.00;0.00;0.00;582.00;0.00;0.00;97.00;0.00;582.00;0.00;0.00;0.00;0.00;0.00;0.00;720.00;1600.00;800.00;3044.67;3790.00;4964.67;3414.67;1490.00;2580.00;3594.67;1960.00;0.00;0.00;0.00;1600.00;0.00;480.00;750.00;3310.00
1772828401.281131;0.00;0.00;291.00;0.00;582.00;0.00;0.00;0.00;0.00;0.00;0.00;0.00;0.00;0.00;0.00;0.00;582.00;0.00;0.00;97.00;0.00;582.00;0.00;0.00;0.00;0.00;0.00;0.00;720.00;1840.00;1040.00;3044.67;3790.00;4964.67;3414.67;1490.00;2580.00;3894.67;2120.00;0.00;0.00;0.00;1600.00;0.00;480.00;750.00;3310.00
1772828401.283092;0.00;0.00;291.00;0.00;582.00;0.00;0.00;0.00;0.00;0.00;0.00;0.00;0.00;0.00;0.00;0.00;582.00;0.00;0.00;97.00;0.00;582.00;0.00;0.00;0.00;0.00;0.00;0.00;720.00;1840.00;1040.00;3044.67;3790.00;4964.67;3414.67;1490.00;2580.00;3894.67;2120.00;0.00;0.00;0.00;1600.00;0.00;480.00;750.00;3310.00
1772828401.335697;0.00;0.00;388.00;0.00;582.00;0.00;0.00;0.00;0.00;0.00;0.00;0.00;0.00;0.00;0.00;0.00;582.00;0.00;0.00;97.00;0.00;582.00;0.00;0.00;0.00;0.00;0.00;0.00;720.00;2080.00;1280.00;3044.67;3790.00;4964.67;3414.67;1490.00;2580.00;4194.67;2280.00;0.00;0.00;0.00;1600.00;0.00;480.00;750.00;3310.00
1772828401.337733;0.00;0.00;388.00;0.00;582.00;0.00;0.00;0.00;0.00;0.00;0.00;0.00;0.00;0.00;0.00;0.00;582.00;0.00;0.00;97.00;0.00;582.00;0.00;0.00;0.00;0.00;0.00;0.00;720.00;2080.00;1280.00;3044.67;3790.00;4964.67;3414.67;1490.00;2580.00;4194.67;2280.00;0.00;0.00;0.00;1600.00;0.00;480.00;750.00;3310.00
1772828401.5159967;0.00;0.00;485.00;0.00;582.00;0.00;0.00;0.00;0.00;0.00;0.00;0.00;0.00;0.00;0.00;0.00;582.00;0.00;0.00;97.00;0.00;582.00;0.00;0.00;0.00;0.00;0.00;0.00;720.00;2320.00;1520.00;3044.67;3790.00;4964.67;3414.67;1490.00;2580.00;4494.67;2440.00;0.00;0.00;0.00;1600.00;0.00;480.00;750.00;3310.00
1772828401.5179937;0.00;0.00;485.00;0.00;582.00;0.00;0.00;0.00;0.00;0.00;0.00;0.00;0.00;0.00;0.00;0.00;582.00;0.00;0.00;97.00;0.00;582.00;0.00;0.00;0.00;0.00;0.00;0.00;720.00;2320.00;1520.00;3044.67;3790.00;4964.67;3414.67;1490.00;2580.00;4494.67;2440.00;0.00;0.00;0.00;1600.00;0.00;480.00;750.00;3310.00
1772828401.5694785;0.00;0.00;582.00;0.00;582.00;0.00;0.00;0.00;0.00;0.00;0.00;0.00;0.00;0.00;0.00;0.00;582.00;0.00;0.00;97.00;0.00;582.00;0.00;0.00;0.00;0.00;0.00;0.00;720.00;2560.00;1760.00;3044.67;3790.00;4964.67;3414.67;1490.00;2580.00;4794.67;2600.00;0.00;0.00;0.00;1600.00;0.00;480.00;750.00;3310.00
1772828401.5714998;0.00;0.00;582.00;0.00;582.00;0.00;0.00;0.00;0.00;0.00;0.00;0.00;0.00;0.00;0.00;0.00;582.00;0.00;0.00;97.00;0.00;582.00;0.00;0.00;0.00;0.00;0.00;0.00;720.00;2560.00;1760.00;3044.67;3790.00;4964.67;3414.67;1490.00;2580.00;4794.67;2600.00;0.00;0.00;0.00;1600.00;0.00;480.00;750.00;3310.00
1772828421.2151139;0.00;0.00;582.00;0.00;582.00;0.00;0.00;0.00;0.00;0.00;0.00;0.00;0.00;0.00;0.00;0.00;582.00;0.00;97.00;0.00;0.00;582.00;0.00;230.00;0.00;0.00;0.00;0.00;320.00;2250.00;1600.00;3354.67;3854.67;4997.00;3447.00;850.00;2730.00;4794.67;2450.00;0.00;0.00;160.00;1600.00;0.00;480.00;450.00;3460.00
1772828421.217203;0.00;0.00;582.00;0.00;582.00;0.00;0.00;0.00;0.00;0.00;0.00;0.00;0.00;0.00;0.00;0.00;582.00;0.00;97.00;0.00;0.00;582.00;0.00;230.00;0.00;0.00;0.00;0.00;320.00;2250.00;1600.00;3354.67;3854.67;4997.00;3447.00;850.00;2730.00;4794.67;2450.00;0.00;0.00;160.00;1600.00;0.00;480.00;450.00;3460.00
1772828421.2699842;0.00;0.00;582.00;0.00;582.00;0.00;0.00;0.00;0.00;0.00;0.00;0.00;0.00;0.00;0.00;0.00;582.00;0.00;194.00;0.00;0.00;582.00;0.00;230.00;0.00;0.00;0.00;0.00;320.00;2250.00;1920.00;3594.67;3999.34;4997.00;3447.00;850.00;2730.00;5094.67;2450.00;0.00;0.00;160.00;1600.00;0.00;480.00;450.00;3460.00
1772828421.2721257;0.00;0.00;582.00;0.00;582.00;0.00;0.00;0.00;0.00;0.00;0.00;0.00;0.00;0.00;0.00;0.00;582.00;0.00;194.00;0.00;0.00;582.00;0.00;230.00;0.00;0.00;0.00;0.00;320.00;2250.00;1920.00;3594.67;3999.34;4997.00;3447.00;850.00;2730.00;5094.67;2450.00;0.00;0.00;160.00;1600.00;0.00;480.00;450.00;3460.00
1772828421.3254797;0.00;0.00;582.00;0.00;582.00;0.00;0.00;0.00;0.00;0.00;0.00;0.00;0.00;0.00;0.00;0.00;582.00;0.00;291.00;0.00;0.00;582.00;0.00;230.00;0.00;0.00;0.00;0.00;320.00;2250.00;2240.00;3914.67;4246.34;4997.00;3447.00;850.00;2842.33;5244.67;2450.00;0.00;0.00;160.00;1600.00;0.00;630.00;450.00;3460.00
1772828421.3276453;0.00;0.00;582.00;0.00;582.00;0.00;0.00;0.00;0.00;0.00;0.00;0.00;0.00;0.00;0.00;0.00;582.00;0.00;291.00;0.00;0.00;582.00;0.00;230.00;0.00;0.00;0.00;0.00;320.00;2250.00;2240.00;3914.67;4246.34;4997.00;3447.00;850.00;2842.33;5244.67;2450.00;0.00;0.00;160.00;1600.00;0.00;630.00;450.00;3460.00
1772828421.3810666;0.00;0.00;582.00;0.00;582.00;0.00;0.00;0.00;0.00;0.00;0.00;0.00;0.00;0.00;0.00;0.00;582.00;0.00;388.00;0.00;0.00;582.00;0.00;230.00;0.00;0.00;0.00;0.00;320.00;2250.00;2790.00;4154.67;4343.34;4997.00;3447.00;850.00;2842.33;5544.67;2680.00;0.00;0.00;160.00;1600.00;0.00;630.00;450.00;3460.00
1772828421.3832583;0.00;0.00;582.00;0.00;582.00;0.00;0.00;0.00;0.00;0.00;0.00;0.00;0.00;0.00;0.00;0.00;582.00;0.00;388.00;0.00;0.00;582.00;0.00;230.00;0.00;0.00;0.00;0.00;320.00;2250.00;2790.00;4154.67;4343.34;4997.00;3447.00;850.00;2842.33;5544.67;2680.00;0.00;0.00;160.00;1600.00;0.00;630.00;450.00;3460.00
1772828421.5595143;0.00;0.00;582.00;0.00;582.00;0.00;0.00;0.00;0.00;0.00;0.00;0.00;0.00;0.00;0.00;0.00;582.00;0.00;485.00;0.00;0.00;582.00;0.00;230.00;0.00;0.00;0.00;0.00;320.00;2570.00;3062.33;4427.00;4590.34;4997.00;3447.00;1170.00;2842.33;5544.67;2942.33;0.00;0.00;160.00;1600.00;0.00;780.00;450.00;3460.00
1772828421.5618231;0.00;0.00;582.00;0.00;582.00;0.00;0.00;0.00;0.00;0.00;0.00;0.00;0.00;0.00;0.00;0.00;582.00;0.00;485.00;0.00;0.00;582.00;0.00;230.00;0.00;0.00;0.00;0.00;320.00;2570.00;3062.33;4427.00;4590.34;4997.00;3447.00;1170.00;2842.33;5544.67;2942.33;0.00;0.00;160.00;1600.00;0.00;780.00;450.00;3460.00
1772828421.6150706;0.00;0.00;582.00;0.00;582.00;0.00;0.00;0.00;0.00;0.00;0.00;0.00;0.00;0.00;0.00;0.00;582.00;0.00;582.00;0.00;0.00;582.00;0.00;230.00;0.00;0.00;0.00;0.00;320.00;3050.00;3302.33;4667.00;4687.34;4997.00;3447.00;1330.00;2842.33;5544.67;3242.33;0.00;0.00;160.00;1600.00;0.00;780.00;450.00;3460.00
1772828421.6174161;0.00;0.00;582.00;0.00;582.00;0.00;0.00;0.00;0.00;0.00;0.00;0.00;0.00;0.00;0.00;0.00;582.00;0.00;582.00;0.00;0.00;582.00;0.00;230.00;0.00;0.00;0.00;0.00;320.00;3050.00;3302.33;4667.00;4687.34;4997.00;3447.00;1330.00;2842.33;5544.67;3242.33;0.00;0.00;160.00;1600.00;0.00;780.00;450.00;3460.00
1772828444.2460046;0.00;0.00;582.00;0.00;582.00;0.00;0.00;0.00;0.00;0.00;0.00;0.00;0.00;0.00;97.00;0.00;582.00;0.00;582.00;0.00;0.00;582.00;0.00;230.00;0.00;0.00;0.00;0.00;560.00;3360.00;3302.33;4667.00;4687.34;4997.00;3447.00;1330.00;2842.33;5544.67;3542.33;0.00;0.00;160.00;1760.00;0.00;780.00;450.00;3460.00
1772828444.2483664;0.00;0.00;582.00;0.00;582.00;0.00;0.00;0.00;0.00;0.00;0.00;0.00;0.00;0.00;97.00;0.00;582.00;0.00;582.00;0.00;0.00;582.00;0.00;230.00;0.00;0.00;0.00;0.00;560.00;3360.00;3302.33;4667.00;4687.34;4997.00;3447.00;1330.00;2842.33;5544.67;3542.33;0.00;0.00;160.00;1760.00;0.00;780.00;450.00;3460.00
1772828444.3017945;0.00;0.00;582.00;0.00;582.00;0.00;0.00;0.00;0.00;0.00;0.00;0.00;0.00;0.00;194.00;0.00;582.00;0.00;582.00;0.00;0.00;582.00;0.00;230.00;0.00;0.00;0.00;0.00;800.00;3600.00;3302.33;4667.00;4687.34;4997.00;3447.00;1330.00;2842.33;5544.67;3842.33;0.00;0.00;160.00;1760.00;0.00;780.00;450.00;3460.00
1772828444.304181;0.00;0.00;582.00;0.00;582.00;0.00;0.00;0.00;0.00;0.00;0.00;0.00;0.00;0.00;194.00;0.00;582.00;0.00;582.00;0.00;0.00;582.00;0.00;230.00;0.00;0.00;0.00;0.00;800.00;3600.00;3302.33;4667.00;4687.34;4997.00;3447.00;1330.00;2842.33;5544.67;3842.33;0.00;0.00;160.00;1760.00;0.00;780.00;450.00;3460.00
1772828444.3572593;0.00;0.00;582.00;0.00;582.00;0.00;0.00;0.00;0.00;0.00;0.00;0.00;0.00;0.00;291.00;0.00;582.00;0.00;582.00;0.00;0.00;582.00;0.00;230.00;0.00;0.00;0.00;0.00;1040.00;3910.00;3462.33;4827.00;4837.34;4997.00;3447.00;1330.00;2842.33;5544.67;3992.33;0.00;0.00;160.00;1872.33;0.00;930.00;450.00;3460.00
1772828444.3596494;0.00;0.00;582.00;0.00;582.00;0.00;0.00;0.00;0.00;0.00;0.00;0.00;0.00;0.00;291.00;0.00;582.00;0.00;582.00;0.00;0.00;582.00;0.00;230.00;0.00;0.00;0.00;0.00;1040.00;3910.00;3462.33;4827.00;4837.34;4997.00;3447.00;1330.00;2842.33;5544.67;3992.33;0.00;0.00;160.00;1872.33;0.00;930.00;450.00;3460.00
1772828444.5612428;0.00;0.00;582.00;0.00;582.00;0.00;0.00;0.00;0.00;0.00;0.00;0.00;0.00;0.00;388.00;0.00;582.00;0.00;582.00;0.00;0.00;582.00;0.00;380.00;160.00;160.00;160.00;64.67;1120.00;4060.00;3462.33;4827.00;4837.34;4997.00;3447.00;1330.00;2842.33;5544.67;4142.33;0.00;0.00;470.00;1984.66;320.00;930.00;450.00;3610.00
1772828444.5643685;0.00;0.00;582.00;0.00;582.00;0.00;0.00;0.00;0.00;0.00;0.00;0.00;0.00;0.00;388.00;0.00;582.00;0.00;582.00;0.00;0.00;582.00;0.00;380.00;160.00;160.00;160.00;64.67;1120.00;4060.00;3462.33;4827.00;4837.34;4997.00;3447.00;1330.00;2842.33;5544.67;4142.33;0.00;0.00;470.00;1984.66;320.00;930.00;450.00;3610.00
1772828444.633103;0.00;0.00;582.00;0.00;582.00;0.00;0.00;0.00;0.00;0.00;0.00;0.00;0.00;0.00;485.00;0.00;582.00;0.00;582.00;0.00;0.00;582.00;0.00;680.00;400.00;400.00;400.00;161.67;1120.00;4060.00;3462.33;4827.00;4837.34;4997.00;3447.00;1330.00;2842.33;5544.67;4142.33;0.00;0.00;790.00;1984.66;480.00;930.00;450.00;3910.00
1772828444.6362953;0.00;0.00;582.00;0.00;582.00;0.00;0.00;0.00;0.00;0.00;0.00;0.00;0.00;0.00;485.00;0.00;582.00;0.00;582.00;0.00;0.00;582.00;0.00;680.00;400.00;400.00;400.00;161.67;1120.00;4060.00;3462.33;4827.00;4837.34;4997.00;3447.00;1330.00;2842.33;5544.67;4142.33;0.00;0.00;790.00;1984.66;480.00;930.00;450.00;3910.00
1772828444.7018716;0.00;0.00;582.00;0.00;582.00;0.00;0.00;0.00;0.00;0.00;0.00;0.00;0.00;0.00;582.00;0.00;582.00;0.00;582.00;0.00;0.00;582.00;0.00;980.00;700.00;700.00;640.00;258.67;1120.00;4060.00;3462.33;4827.00;4837.34;4997.00;3447.00;1330.00;2842.33;5544.67;4142.33;470.00;320.00;790.00;1984.66;480.00;930.00;450.00;4210.00
1772828444.7043278;0.00;0.00;582.00;0.00;582.00;0.00;0.00;0.00;0.00;0.00;0.00;0.00;0.00;0.00;582.00;0.00;582.00;0.00;582.00;0.00;0.00;582.00;0.00;980.00;700.00;700.00;640.00;258.67;1120.00;4060.00;3462.33;4827.00;4837.34;4997.00;3447.00;1330.00;2842.33;5544.67;4142.33;470.00;320.00;790.00;1984.66;480.00;930.00;450.00;4210.00
1772828460.276012;0.00;0.00;582.00;0.00;582.00;0.00;0.00;0.00;0.00;0.00;0.00;0.00;0.00;97.00;582.00;0.00;582.00;0.00;582.00;0.00;0.00;0.00;0.00;1290.00;930.00;930.00;640.00;258.67;1120.00;4060.00;3462.33;4827.00;0.00;0.00;0.00;1330.00;0.00;5544.67;4142.33;470.00;320.00;1174.67;1984.66;480.00;450.00;0.00;460.00
1772828460.2783387;0.00;0.00;582.00;0.00;582.00;0.00;0.00;0.00;0.00;0.00;0.00;0.00;0.00;97.00;582.00;0.00;582.00;0.00;582.00;0.00;0.00;0.00;0.00;1290.00;930.00;930.00;640.00;258.67;1120.00;4060.00;3462.33;4827.00;0.00;0.00;0.00;1330.00;0.00;5544.67;4142.33;470.00;320.00;1174.67;1984.66;480.00;450.00;0.00;460.00
1772828460.3358426;0.00;0.00;582.00;0.00;582.00;0.00;0.00;0.00;0.00;0.00;0.00;0.00;0.00;194.00;582.00;0.00;582.00;0.00;582.00;0.00;0.00;0.00;0.00;1482.33;930.00;930.00;640.00;258.67;1120.00;4060.00;3462.33;4827.00;230.00;182.33;502.33;1330.00;230.00;5544.67;4142.33;470.00;320.00;1174.67;1984.66;480.00;610.00;320.00;760.00
1772828460.3382118;0.00;0.00;582.00;0.00;582.00;0.00;0.00;0.00;0.00;0.00;0.00;0.00;0.00;194.00;582.00;0.00;582.00;0.00;582.00;0.00;0.00;0.00;0.00;1482.33;930.00;930.00;640.00;258.67;1120.00;4060.00;3462.33;4827.00;230.00;182.33;502.33;1330.00;230.00;5544.67;4142.33;470.00;320.00;1174.67;1984.66;480.00;610.00;320.00;760.00
1772828460.3946807;0.00;0.00;582.00;0.00;582.00;0.00;0.00;0.00;0.00;0.00;0.00;0.00;0.00;291.00;582.00;0.00;582.00;0.00;582.00;0.00;0.00;0.00;0.00;1674.66;930.00;930.00;640.00;258.67;1120.00;4060.00;3462.33;4827.00;460.00;364.66;994.66;1330.00;230.00;5544.67;4142.33;470.00;320.00;1174.67;1984.66;480.00;770.00;320.00;1060.00
1772828460.3970969;0.00;0.00;582.00;0.00;582.00;0.00;0.00;0.00;0.00;0.00;0.00;0.00;0.00;291.00;582.00;0.00;582.00;0.00;582.00;0.00;0.00;0.00;0.00;1674.66;930.00;930.00;640.00;258.67;1120.00;4060.00;3462.33;4827.00;460.00;364.66;994.66;1330.00;230.00;5544.67;4142.33;470.00;320.00;1174.67;1984.66;480.00;770.00;320.00;1060.00
1772828460.5994532;0.00;0.00;582.00;0.00;582.00;0.00;0.00;0.00;0.00;0.00;0.00;0.00;0.00;388.00;582.00;0.00;582.00;0.00;582.00;0.00;0.00;0.00;0.00;1866.99;930.00;930.00;640.00;258.67;1120.00;4060.00;3462.33;4827.00;690.00;546.99;1486.99;1330.00;230.00;5544.67;4142.33;470.00;320.00;1174.67;1984.66;480.00;930.00;320.00;1360.00
1772828460.6026332;0.00;0.00;582.00;0.00;582.00;0.00;0.00;0.00;0.00;0.00;0.00;0.00;0.00;388.00;582.00;0.00;582.00;0.00;582.00;0.00;0.00;0.00;0.00;1866.99;930.00;930.00;640.00;258.67;1120.00;4060.00;3462.33;4827.00;690.00;546.99;1486.99;1330.00;230.00;5544.67;4142.33;470.00;320.00;1174.67;1984.66;480.00;930.00;320.00;1360.00
1772828460.6827164;0.00;0.00;582.00;0.00;582.00;0.00;0.00;0.00;0.00;0.00;0.00;0.00;0.00;485.00;582.00;0.00;582.00;0.00;582.00;0.00;0.00;0.00;0.00;1963.99;930.00;930.00;640.00;258.67;1120.00;4060.00;3462.33;4827.00;920.00;953.99;1883.99;1330.00;230.00;5544.67;4142.33;470.00;320.00;1174.67;1984.66;480.00;1410.00;320.00;1660.00
1772828460.687516;0.00;0.00;582.00;0.00;582.00;0.00;0.00;0.00;0.00;0.00;0.00;0.00;0.00;485.00;582.00;0.00;582.00;0.00;582.00;0.00;0.00;0.00;0.00;1963.99;930.00;930.00;640.00;258.67;1120.00;4060.00;3462.33;4827.00;920.00;953.99;1883.99;1330.00;230.00;5544.67;4142.33;470.00;320.00;1174.67;1984.66;480.00;1410.00;320.00;1660.00
1772828460.7422128;0.00;0.00;582.00;0.00;582.00;0.00;0.00;0.00;0.00;0.00;0.00;0.00;0.00;582.00;582.00;0.00;582.00;0.00;582.00;0.00;0.00;0.00;0.00;2146.32;1240.00;1250.00;640.00;258.67;1120.00;4060.00;3462.33;4827.00;1150.00;1136.32;2066.32;1330.00;390.00;5544.67;4142.33;790.00;320.00;1174.67;1984.66;480.00;1410.00;320.00;1960.00
1772828460.7446673;0.00;0.00;582.00;0.00;582.00;0.00;0.00;0.00;0.00;0.00;0.00;0.00;0.00;582.00;582.00;0.00;582.00;0.00;582.00;0.00;0.00;0.00;0.00;2146.32;1240.00;1250.00;640.00;258.67;1120.00;4060.00;3462.33;4827.00;1150.00;1136.32;2066.32;1330.00;390.00;5544.67;4142.33;790.00;320.00;1174.67;1984.66;480.00;1410.00;320.00;1960.00
1772828481.326359;0.00;0.00;582.00;0.00;582.00;0.00;0.00;0.00;0.00;0.00;0.00;0.00;0.00;582.00;582.00;0.00;582.00;0.00;582.00;0.00;0.00;0.00;97.00;2146.32;1240.00;1250.00;640.00;258.67;1120.00;4060.00;3462.33;4827.00;1690.00;1676.32;2366.32;1330.00;710.00;5544.67;4142.33;790.00;320.00;1174.67;1984.66;480.00;1410.00;480.00;2260.00
1772828481.3290925;0.00;0.00;582.00;0.00;582.00;0.00;0.00;0.00;0.00;0.00;0.00;0.00;0.00;582.00;582.00;0.00;582.00;0.00;582.00;0.00;0.00;0.00;97.00;2146.32;1240.00;1250.00;640.00;258.67;1120.00;4060.00;3462.33;4827.00;1690.00;1676.32;2366.32;1330.00;710.00;5544.67;4142.33;790.00;320.00;1174.67;1984.66;480.00;1410.00;480.00;2260.00
1772828481.3850462;0.00;0.00;582.00;0.00;582.00;0.00;0.00;0.00;0.00;0.00;0.00;0.00;0.00;582.00;582.00;0.00;582.00;0.00;582.00;0.00;0.00;0.00;194.00;2686.32;1790.00;1480.00;870.00;258.67;1120.00;4060.00;3462.33;4827.00;1690.00;1900.99;2558.65;1330.00;710.00;5544.67;4142.33;790.00;480.00;1174.67;1984.66;480.00;1410.00;480.00;2560.00
1772828481.387743;0.00;0.00;582.00;0.00;582.00;0.00;0.00;0.00;0.00;0.00;0.00;0.00;0.00;582.00;582.00;0.00;582.00;0.00;582.00;0.00;0.00;0.00;194.00;2686.32;1790.00;1480.00;870.00;258.67;1120.00;4060.00;3462.33;4827.00;1690.00;1900.99;2558.65;1330.00;710.00;5544.67;4142.33;790.00;480.00;1174.67;1984.66;480.00;1410.00;480.00;2560.00
1772828481.5702772;0.00;0.00;582.00;0.00;582.00;0.00;0.00;0.00;0.00;0.00;0.00;0.00;0.00;582.00;582.00;0.00;582.00;0.00;582.00;0.00;0.00;0.00;291.00;3226.32;2340.00;1710.00;1100.00;258.67;1120.00;4060.00;3462.33;4827.00;1690.00;2125.66;2750.98;1330.00;710.00;5544.67;4142.33;790.00;640.00;1174.67;1984.66;480.00;1410.00;480.00;2860.00
1772828481.5729165;0.00;0.00;582.00;0.00;582.00;0.00;0.00;0.00;0.00;0.00;0.00;0.00;0.00;582.00;582.00;0.00;582.00;0.00;582.00;0.00;0.00;0.00;291.00;3226.32;2340.00;1710.00;1100.00;258.67;1120.00;4060.00;3462.33;4827.00;1690.00;2125.66;2750.98;1330.00;710.00;5544.67;4142.33;790.00;640.00;1174.67;1984.66;480.00;1410.00;480.00;2860.00
1772828481.6300108;0.00;0.00;582.00;0.00;582.00;0.00;0.00;0.00;0.00;0.00;0.00;0.00;0.00;582.00;582.00;0.00;582.00;0.00;582.00;0.00;0.00;0.00;388.00;3623.32;2794.67;2260.00;1330.00;258.67;1120.00;4060.00;3462.33;4827.00;1690.00;2125.66;2847.98;1330.00;710.00;5544.67;4142.33;790.00;800.00;1174.67;1984.66;480.00;1410.00;480.00;3160.00
1772828481.6328359;0.00;0.00;582.00;0.00;582.00;0.00;0.00;0.00;0.00;0.00;0.00;0.00;0.00;582.00;582.00;0.00;582.00;0.00;582.00;0.00;0.00;0.00;388.00;3623.32;2794.67;2260.00;1330.00;258.67;1120.00;4060.00;3462.33;4827.00;1690.00;2125.66;2847.98;1330.00;710.00;5544.67;4142.33;790.00;800.00;1174.67;1984.66;480.00;1410.00;480.00;3160.00
1772828481.689045;0.00;0.00;582.00;0.00;582.00;0.00;0.00;0.00;0.00;0.00;0.00;0.00;0.00;582.00;582.00;0.00;582.00;0.00;582.00;0.00;0.00;0.00;485.00;4020.32;3191.67;2704.67;1870.00;258.67;1120.00;4060.00;3462.33;4827.00;1690.00;2125.66;2944.98;1330.00;710.00;5544.67;4142.33;790.00;1280.00;1174.67;1984.66;480.00;1410.00;480.00;3460.00
1772828481.691835;0.00;0.00;582.00;0.00;582.00;0.00;0.00;0.00;0.00;0.00;0.00;0.00;0.00;582.00;582.00;0.00;582.00;0.00;582.00;0.00;0.00;0.00;485.00;4020.32;3191.67;2704.67;1870.00;258.67;1120.00;4060.00;3462.33;4827.00;1690.00;2125.66;2944.98;1330.00;710.00;5544.67;4142.33;790.00;1280.00;1174.67;1984.66;480.00;1410.00;480.00;3460.00
1772828481.7487414;0.00;0.00;582.00;0.00;582.00;0.00;0.00;0.00;0.00;0.00;0.00;0.00;0.00;582.00;582.00;0.00;582.00;0.00;582.00;0.00;0.00;0.00;582.00;4417.32;3588.67;3101.67;2420.00;258.67;1120.00;4060.00;3462.33;4827.00;1690.00;2125.66;3041.98;1330.00;710.00;5544.67;4142.33;1014.67;1440.00;1174.67;1984.66;480.00;1410.00;480.00;3760.00
1772828481.7516344;0.00;0.00;582.00;0.00;582.00;0.00;0.00;0.00;0.00;0.00;0.00;0.00;0.00;582.00;582.00;0.00;582.00;0.00;582.00;0.00;0.00;0.00;582.00;4417.32;3588.67;3101.67;2420.00;258.67;1120.00;4060.00;3462.33;4827.00;1690.00;2125.66;3041.98;1330.00;710.00;5544.67;4142.33;1014.67;1440.00;1174.67;1984.66;480.00;1410.00;480.00;3760.00
1772828507.3664243;0.00;0.00;582.00;0.00;0.00;0.00;0.00;0.00;0.00;0.00;0.00;97.00;0.00;582.00;582.00;0.00;0.00;0.00;582.00;0.00;0.00;0.00;582.00;4717.32;3888.67;3401.67;2874.67;258.67;0.00;0.00;742.33;0.00;0.00;0.00;0.00;0.00;0.00;0.00;0.00;1014.67;1824.67;1174.67;0.00;480.00;1410.00;0.00;300.00
1772828507.3688433;0.00;0.00;582.00;0.00;0.00;0.00;0.00;0.00;0.00;0.00;0.00;97.00;0.00;582.00;582.00;0.00;0.00;0.00;582.00;0.00;0.00;0.00;582.00;4717.32;3888.67;3401.67;2874.67;258.67;0.00;0.00;742.33;0.00;0.00;0.00;0.00;0.00;0.00;0.00;0.00;1014.67;1824.67;1174.67;0.00;480.00;1410.00;0.00;300.00
1772828507.4300761;0.00;0.00;582.00;0.00;0.00;0.00;0.00;0.00;0.00;0.00;0.00;194.00;0.00;582.00;582.00;0.00;0.00;0.00;582.00;0.00;0.00;0.00;582.00;4867.32;4038.67;3551.67;3274.67;338.67;80.00;150.00;742.33;0.00;0.00;0.00;0.00;230.00;0.00;0.00;150.00;1239.34;1824.67;1174.67;160.00;480.00;1410.00;0.00;450.00
1772828507.4324946;0.00;0.00;582.00;0.00;0.00;0.00;0.00;0.00;0.00;0.00;0.00;194.00;0.00;582.00;582.00;0.00;0.00;0.00;582.00;0.00;0.00;0.00;582.00;4867.32;4038.67;3551.67;3274.67;338.67;80.00;150.00;742.33;0.00;0.00;0.00;0.00;230.00;0.00;0.00;150.00;1239.34;1824.67;1174.67;160.00;480.00;1410.00;0.00;450.00
1772828507.6190102;0.00;0.00;582.00;0.00;0.00;0.00;0.00;0.00;0.00;0.00;0.00;291.00;0.00;582.00;582.00;0.00;0.00;0.00;582.00;0.00;0.00;0.00;582.00;4867.32;4038.67;3551.67;3514.67;578.67;320.00;450.00;742.33;0.00;0.00;0.00;0.00;540.00;0.00;0.00;450.00;1239.34;1824.67;1174.67;640.00;480.00;1410.00;0.00;450.00
1772828507.621456;0.00;0.00;582.00;0.00;0.00;0.00;0.00;0.00;0.00;0.00;0.00;291.00;0.00;582.00;582.00;0.00;0.00;0.00;582.00;0.00;0.00;0.00;582.00;4867.32;4038.67;3551.67;3514.67;578.67;320.00;450.00;742.33;0.00;0.00;0.00;0.00;540.00;0.00;0.00;450.00;1239.34;1824.67;1174.67;640.00;480.00;1410.00;0.00;450.00
1772828507.6810665;0.00;0.00;582.00;0.00;0.00;0.00;0.00;0.00;0.00;0.00;0.00;388.00;0.00;582.00;582.00;0.00;0.00;0.00;582.00;0.00;0.00;0.00;582.00;4867.32;4038.67;3551.67;3754.67;818.67;560.00;750.00;742.33;0.00;0.00;0.00;0.00;850.00;0.00;0.00;750.00;1239.34;1824.67;1174.67;1120.00;480.00;1410.00;0.00;450.00
1772828507.6835973;0.00;0.00;582.00;0.00;0.00;0.00;0.00;0.00;0.00;0.00;0.00;388.00;0.00;582.00;582.00;0.00;0.00;0.00;582.00;0.00;0.00;0.00;582.00;4867.32;4038.67;3551.67;3754.67;818.67;560.00;750.00;742.33;0.00;0.00;0.00;0.00;850.00;0.00;0.00;750.00;1239.34;1824.67;1174.67;1120.00;480.00;1410.00;0.00;450.00
1772828507.7430954;0.00;0.00;582.00;0.00;0.00;0.00;0.00;0.00;0.00;0.00;0.00;485.00;0.00;582.00;582.00;0.00;0.00;0.00;582.00;0.00;0.00;0.00;582.00;4867.32;4038.67;3551.67;3994.67;1058.67;800.00;990.00;982.33;300.00;300.00;300.00;0.00;850.00;0.00;540.00;1230.00;1239.34;1824.67;1174.67;1120.00;480.00;1410.00;300.00;450.00
1772828507.7457268;0.00;0.00;582.00;0.00;0.00;0.00;0.00;0.00;0.00;0.00;0.00;485.00;0.00;582.00;582.00;0.00;0.00;0.00;582.00;0.00;0.00;0.00;582.00;4867.32;4038.67;3551.67;3994.67;1058.67;800.00;990.00;982.33;300.00;300.00;300.00;0.00;850.00;0.00;540.00;1230.00;1239.34;1824.67;1174.67;1120.00;480.00;1410.00;300.00;450.00
1772828507.8057652;0.00;0.00;582.00;0.00;0.00;0.00;0.00;0.00;0.00;0.00;0.00;582.00;0.00;582.00;582.00;0.00;0.00;0.00;582.00;0.00;0.00;0.00;582.00;4867.32;4038.67;3551.67;4139.34;1298.67;1040.00;1230.00;1222.33;600.00;600.00;600.00;0.00;850.00;0.00;850.00;1710.00;1239.34;1824.67;1174.67;1120.00;480.00;1410.00;600.00;450.00
1772828507.8084435;0.00;0.00;582.00;0.00;0.00;0.00;0.00;0.00;0.00;0.00;0.00;582.00;0.00;582.00;582.00;0.00;0.00;0.00;582.00;0.00;0.00;0.00;582.00;4867.32;4038.67;3551.67;4139.34;1298.67;1040.00;1230.00;1222.33;600.00;600.00;600.00;0.00;850.00;0.00;850.00;1710.00;1239.34;1824.67;1174.67;1120.00;480.00;1410.00;600.00;450.00
1772828529.401244;0.00;0.00;582.00;0.00;0.00;0.00;97.00;0.00;0.00;0.00;0.00;582.00;0.00;582.00;582.00;0.00;0.00;0.00;0.00;0.00;0.00;0.00;582.00;4637.32;4038.67;3551.67;4139.34;1298.67;1040.00;430.00;0.00;240.00;300.00;867.67;300.00;370.00;470.00;320.00;0.00;1239.34;1824.67;1014.67;1120.00;480.00;810.00;600.00;600.00
1772828529.403771;0.00;0.00;582.00;0.00;0.00;0.00;97.00;0.00;0.00;0.00;0.00;582.00;0.00;582.00;582.00;0.00;0.00;0.00;0.00;0.00;0.00;0.00;582.00;4637.32;4038.67;3551.67;4139.34;1298.67;1040.00;430.00;0.00;240.00;300.00;867.67;300.00;370.00;470.00;320.00;0.00;1239.34;1824.67;1014.67;1120.00;480.00;810.00;600.00;600.00
1772828529.5877717;0.00;0.00;582.00;0.00;0.00;0.00;194.00;0.00;0.00;0.00;0.00;582.00;0.00;582.00;582.00;0.00;0.00;0.00;0.00;0.00;0.00;0.00;582.00;4637.32;4038.67;3551.67;4139.34;1298.67;1040.00;430.00;0.00;710.00;600.00;1167.67;450.00;370.00;940.00;752.33;0.00;1239.34;1824.67;1014.67;1120.00;480.00;810.00;750.00;750.00
1772828529.5901434;0.00;0.00;582.00;0.00;0.00;0.00;194.00;0.00;0.00;0.00;0.00;582.00;0.00;582.00;582.00;0.00;0.00;0.00;0.00;0.00;0.00;0.00;582.00;4637.32;4038.67;3551.67;4139.34;1298.67;1040.00;430.00;0.00;710.00;600.00;1167.67;450.00;370.00;940.00;752.33;0.00;1239.34;1824.67;1014.67;1120.00;480.00;810.00;750.00;750.00
1772828529.6472611;0.00;0.00;582.00;0.00;0.00;0.00;291.00;0.00;0.00;0.00;0.00;582.00;0.00;582.00;582.00;0.00;0.00;0.00;0.00;0.00;0.00;0.00;582.00;4637.32;4038.67;3551.67;4139.34;1298.67;1040.00;430.00;230.00;1020.00;900.00;1467.67;750.00;370.00;1250.00;1072.33;160.00;1239.34;1824.67;1014.67;1120.00;480.00;810.00;750.00;1050.00
1772828529.649657;0.00;0.00;582.00;0.00;0.00;0.00;291.00;0.00;0.00;0.00;0.00;582.00;0.00;582.00;582.00;0.00;0.00;0.00;0.00;0.00;0.00;0.00;582.00;4637.32;4038.67;3551.67;4139.34;1298.67;1040.00;430.00;230.00;1020.00;900.00;1467.67;750.00;370.00;1250.00;1072.33;160.00;1239.34;1824.67;1014.67;1120.00;480.00;810.00;750.00;1050.00
1772828529.706129;0.00;0.00;582.00;0.00;0.00;0.00;388.00;0.00;0.00;0.00;0.00;582.00;0.00;582.00;582.00;0.00;0.00;0.00;0.00;0.00;0.00;0.00;582.00;4637.32;4038.67;3551.67;4139.34;1298.67;1040.00;430.00;460.00;1330.00;1210.00;1767.67;1050.00;370.00;1250.00;1072.33;320.00;1239.34;1824.67;1014.67;1120.00;480.00;810.00;750.00;1350.00
1772828529.708476;0.00;0.00;582.00;0.00;0.00;0.00;388.00;0.00;0.00;0.00;0.00;582.00;0.00;582.00;582.00;0.00;0.00;0.00;0.00;0.00;0.00;0.00;582.00;4637.32;4038.67;3551.67;4139.34;1298.67;1040.00;430.00;460.00;1330.00;1210.00;1767.67;1050.00;370.00;1250.00;1072.33;320.00;1239.34;1824.67;1014.67;1120.00;480.00;810.00;750.00;1350.00
1772828529.764913;0.00;0.00;582.00;0.00;0.00;0.00;485.00;0.00;0.00;0.00;0.00;582.00;0.00;582.00;582.00;0.00;0.00;0.00;0.00;0.00;0.00;0.00;582.00;4637.32;4038.67;3551.67;4139.34;1298.67;1040.00;430.00;690.00;1640.00;1510.00;2067.67;1350.00;370.00;1250.00;1297.00;480.00;1239.34;1824.67;1014.67;1120.00;480.00;810.00;750.00;1650.00
1772828529.76742;0.00;0.00;582.00;0.00;0.00;0.00;485.00;0.00;0.00;0.00;0.00;582.00;0.00;582.00;582.00;0.00;0.00;0.00;0.00;0.00;0.00;0.00;582.00;4637.32;4038.67;3551.67;4139.34;1298.67;1040.00;430.00;690.00;1640.00;1510.00;2067.67;1350.00;370.00;1250.00;1297.00;480.00;1239.34;1824.67;1014.67;1120.00;480.00;810.00;750.00;1650.00
1772828529.8256252;0.00;0.00;582.00;0.00;0.00;0.00;582.00;0.00;0.00;0.00;0.00;582.00;0.00;582.00;582.00;0.00;0.00;0.00;0.00;0.00;0.00;0.00;582.00;4637.32;4038.67;3551.67;4139.34;1298.67;1040.00;430.00;920.00;2174.67;1810.00;2367.67;1650.00;370.00;1474.67;1297.00;640.00;1239.34;1824.67;1014.67;1120.00;480.00;810.00;750.00;1950.00
1772828529.828213;0.00;0.00;582.00;0.00;0.00;0.00;582.00;0.00;0.00;0.00;0.00;582.00;0.00;582.00;582.00;0.00;0.00;0.00;0.00;0.00;0.00;0.00;582.00;4637.32;4038.67;3551.67;4139.34;1298.67;1040.00;430.00;920.00;2174.67;1810.00;2367.67;1650.00;370.00;1474.67;1297.00;640.00;1239.34;1824.67;1014.67;1120.00;480.00;810.00;750.00;1950.00
1772828553.5638542;0.00;0.00;0.00;0.00;0.00;0.00;582.00;0.00;0.00;0.00;97.00;582.00;0.00;582.00;582.00;0.00;0.00;0.00;0.00;0.00;0.00;0.00;582.00;4787.32;4118.67;3631.67;4316.34;1458.67;1200.00;160.00;150.00;2324.67;1960.00;2517.67;1800.00;370.00;1474.67;0.00;320.00;1239.34;1824.67;1174.67;1120.00;480.00;810.00;750.00;2250.00
1772828553.5663002;0.00;0.00;0.00;0.00;0.00;0.00;582.00;0.00;0.00;0.00;97.00;582.00;0.00;582.00;582.00;0.00;0.00;0.00;0.00;0.00;0.00;0.00;582.00;4787.32;4118.67;3631.67;4316.34;1458.67;1200.00;160.00;150.00;2324.67;1960.00;2517.67;1800.00;370.00;1474.67;0.00;320.00;1239.34;1824.67;1174.67;1120.00;480.00;810.00;750.00;2250.00
1772828553.623944;0.00;0.00;0.00;0.00;0.00;0.00;582.00;0.00;0.00;0.00;194.00;582.00;0.00;582.00;582.00;0.00;0.00;0.00;0.00;0.00;0.00;0.00;582.00;4787.32;4118.67;3631.67;4413.34;1698.67;1440.00;400.00;450.00;2624.67;2260.00;2817.67;2100.00;370.00;1474.67;0.00;800.00;1239.34;1824.67;1174.67;1120.00;480.00;810.00;750.00;2550.00
1772828553.626477;0.00;0.00;0.00;0.00;0.00;0.00;582.00;0.00;0.00;0.00;194.00;582.00;0.00;582.00;582.00;0.00;0.00;0.00;0.00;0.00;0.00;0.00;582.00;4787.32;4118.67;3631.67;4413.34;1698.67;1440.00;400.00;450.00;2624.67;2260.00;2817.67;2100.00;370.00;1474.67;0.00;800.00;1239.34;1824.67;1174.67;1120.00;480.00;810.00;750.00;2550.00
1772828553.6835616;0.00;0.00;0.00;0.00;0.00;0.00;582.00;0.00;0.00;0.00;291.00;582.00;0.00;582.00;582.00;0.00;0.00;0.00;0.00;0.00;0.00;0.00;582.00;4787.32;4118.67;3631.67;4510.34;1795.67;1680.00;640.00;750.00;2924.67;2560.00;3117.67;2400.00;850.00;1474.67;0.00;1030.00;1239.34;1824.67;1174.67;1120.00;480.00;810.00;750.00;2850.00
1772828553.6860847;0.00;0.00;0.00;0.00;0.00;0.00;582.00;0.00;0.00;0.00;291.00;582.00;0.00;582.00;582.00;0.00;0.00;0.00;0.00;0.00;0.00;0.00;582.00;4787.32;4118.67;3631.67;4510.34;1795.67;1680.00;640.00;750.00;2924.67;2560.00;3117.67;2400.00;850.00;1474.67;0.00;1030.00;1239.34;1824.67;1174.67;1120.00;480.00;810.00;750.00;2850.00
1772828553.7427847;0.00;0.00;0.00;0.00;0.00;0.00;582.00;0.00;0.00;0.00;388.00;582.00;0.00;582.00;582.00;0.00;0.00;0.00;0.00;0.00;0.00;0.00;582.00;4787.32;4118.67;3631.67;4607.34;1892.67;1920.00;950.00;900.00;3074.67;2710.00;3267.67;2550.00;1330.00;1474.67;0.00;1180.00;1239.34;1824.67;1174.67;1120.00;480.00;810.00;750.00;3000.00
1772828553.7452116;0.00;0.00;0.00;0.00;0.00;0.00;582.00;0.00;0.00;0.00;388.00;582.00;0.00;582.00;582.00;0.00;0.00;0.00;0.00;0.00;0.00;0.00;582.00;4787.32;4118.67;3631.67;4607.34;1892.67;1920.00;950.00;900.00;3074.67;2710.00;3267.67;2550.00;1330.00;1474.67;0.00;1180.00;1239.34;1824.67;1174.67;1120.00;480.00;810.00;750.00;3000.00
1772828553.8022618;0.00;0.00;0.00;0.00;0.00;0.00;582.00;0.00;0.00;0.00;485.00;582.00;0.00;582.00;582.00;0.00;0.00;0.00;0.00;0.00;0.00;0.00;582.00;4787.32;4118.67;3631.67;4704.34;1989.67;2160.00;1190.00;1130.00;3374.67;3010.00;3567.67;2700.00;1810.00;1474.67;0.00;1180.00;1239.34;1824.67;1174.67;1120.00;480.00;810.00;900.00;3150.00
1772828553.8049023;0.00;0.00;0.00;0.00;0.00;0.00;582.00;0.00;0.00;0.00;485.00;582.00;0.00;582.00;582.00;0.00;0.00;0.00;0.00;0.00;0.00;0.00;582.00;4787.32;4118.67;3631.67;4704.34;1989.67;2160.00;1190.00;1130.00;3374.67;3010.00;3567.67;2700.00;1810.00;1474.67;0.00;1180.00;1239.34;1824.67;1174.67;1120.00;480.00;810.00;900.00;3150.00
1772828553.9936635;0.00;0.00;0.00;0.00;0.00;0.00;582.00;0.00;0.00;0.00;582.00;582.00;0.00;582.00;582.00;0.00;0.00;0.00;0.00;0.00;0.00;0.00;582.00;4787.32;4118.67;3631.67;4801.34;2086.67;2432.33;1350.00;1280.00;3524.67;3160.00;3717.67;2850.00;1922.33;1474.67;0.00;1180.00;1239.34;1824.67;1174.67;1270.00;480.00;810.00;900.00;3300.00
1772828553.99615;0.00;0.00;0.00;0.00;0.00;0.00;582.00;0.00;0.00;0.00;582.00;582.00;0.00;582.00;582.00;0.00;0.00;0.00;0.00;0.00;0.00;0.00;582.00;4787.32;4118.67;3631.67;4801.34;2086.67;2432.33;1350.00;1280.00;3524.67;3160.00;3717.67;2850.00;1922.33;1474.67;0.00;1180.00;1239.34;1824.67;1174.67;1270.00;480.00;810.00;900.00;3300.00
1772828576.4562728;0.00;0.00;0.00;97.00;0.00;0.00;582.00;0.00;0.00;0.00;582.00;582.00;0.00;582.00;0.00;0.00;0.00;0.00;0.00;0.00;0.00;0.00;582.00;1267.32;3118.67;2631.67;4001.34;1828.00;1152.33;0.00;1120.00;3684.67;3240.00;3947.67;3080.00;1922.33;1699.34;0.00;0.00;769.34;1504.67;704.67;405.34;0.00;660.00;900.00;300.00
1772828576.4586513;0.00;0.00;0.00;97.00;0.00;0.00;582.00;0.00;0.00;0.00;582.00;582.00;0.00;582.00;0.00;0.00;0.00;0.00;0.00;0.00;0.00;0.00;582.00;1267.32;3118.67;2631.67;4001.34;1828.00;1152.33;0.00;1120.00;3684.67;3240.00;3947.67;3080.00;1922.33;1699.34;0.00;0.00;769.34;1504.67;704.67;405.34;0.00;660.00;900.00;300.00
1772828576.4994545;0.00;0.00;0.00;194.00;0.00;0.00;582.00;0.00;0.00;0.00;582.00;582.00;0.00;582.00;0.00;0.00;0.00;0.00;0.00;0.00;0.00;0.00;582.00;1577.32;3118.67;2631.67;4001.34;1828.00;1152.33;0.00;1350.00;3914.67;3550.00;4257.67;3390.00;1922.33;1699.34;0.00;0.00;769.34;1504.67;1024.67;405.34;0.00;660.00;900.00;600.00
1772828576.500708;0.00;0.00;0.00;194.00;0.00;0.00;582.00;0.00;0.00;0.00;582.00;582.00;0.00;582.00;0.00;0.00;0.00;0.00;0.00;0.00;0.00;0.00;582.00;1577.32;3118.67;2631.67;4001.34;1828.00;1152.33;0.00;1350.00;3914.67;3550.00;4257.67;3390.00;1922.33;1699.34;0.00;0.00;769.34;1504.67;1024.67;405.34;0.00;660.00;900.00;600.00
1772828576.536291;0.00;0.00;0.00;291.00;0.00;0.00;582.00;0.00;0.00;0.00;582.00;582.00;0.00;582.00;0.00;0.00;0.00;0.00;0.00;0.00;0.00;0.00;582.00;1577.32;3118.67;2631.67;4001.34;1828.00;1152.33;230.00;1750.00;4304.67;3700.00;4407.67;3390.00;1922.33;1699.34;0.00;150.00;769.34;1504.67;1024.67;405.34;0.00;660.00;1050.00;600.00
1772828576.5377607;0.00;0.00;0.00;291.00;0.00;0.00;582.00;0.00;0.00;0.00;582.00;582.00;0.00;582.00;0.00;0.00;0.00;0.00;0.00;0.00;0.00;0.00;582.00;1577.32;3118.67;2631.67;4001.34;1828.00;1152.33;230.00;1750.00;4304.67;3700.00;4407.67;3390.00;1922.33;1699.34;0.00;150.00;769.34;1504.67;1024.67;405.34;0.00;660.00;1050.00;600.00
1772828576.5866628;0.00;0.00;0.00;388.00;0.00;0.00;582.00;0.00;0.00;0.00;582.00;582.00;0.00;582.00;0.00;0.00;0.00;0.00;0.00;0.00;0.00;0.00;582.00;1577.32;3118.67;2631.67;4001.34;1828.00;1232.33;310.00;2150.00;4647.00;3850.00;4557.67;3390.00;1922.33;1699.34;0.00;150.00;769.34;1504.67;1024.67;555.34;0.00;660.00;1200.00;600.00
1772828576.5893202;0.00;0.00;0.00;388.00;0.00;0.00;582.00;0.00;0.00;0.00;582.00;582.00;0.00;582.00;0.00;0.00;0.00;0.00;0.00;0.00;0.00;0.00;582.00;1577.32;3118.67;2631.67;4001.34;1828.00;1232.33;310.00;2150.00;4647.00;3850.00;4557.67;3390.00;1922.33;1699.34;0.00;150.00;769.34;1504.67;1024.67;555.34;0.00;660.00;1200.00;600.00
1772828576.650748;0.00;0.00;0.00;485.00;0.00;0.00;582.00;0.00;0.00;0.00;582.00;582.00;0.00;582.00;0.00;0.00;0.00;0.00;0.00;0.00;0.00;0.00;582.00;1727.32;3268.67;2781.67;4081.34;1908.00;1312.33;390.00;2454.67;4951.67;4000.00;4707.67;3540.00;1922.33;1699.34;0.00;150.00;769.34;1504.67;1024.67;555.34;0.00;660.00;1200.00;900.00
1772828576.65344;0.00;0.00;0.00;485.00;0.00;0.00;582.00;0.00;0.00;0.00;582.00;582.00;0.00;582.00;0.00;0.00;0.00;0.00;0.00;0.00;0.00;0.00;582.00;1727.32;3268.67;2781.67;4081.34;1908.00;1312.33;390.00;2454.67;4951.67;4000.00;4707.67;3540.00;1922.33;1699.34;0.00;150.00;769.34;1504.67;1024.67;555.34;0.00;660.00;1200.00;900.00
1772828576.850325;0.00;0.00;0.00;485.00;0.00;0.00;582.00;0.00;0.00;0.00;582.00;582.00;0.00;582.00;0.00;0.00;0.00;0.00;0.00;0.00;0.00;0.00;582.00;1727.32;3268.67;2781.67;4081.34;1908.00;1312.33;390.00;2454.67;4951.67;4000.00;4707.67;3540.00;1922.33;1699.34;0.00;150.00;769.34;1504.67;1024.67;555.34;0.00;660.00;1200.00;900.00
1772828576.8530507;0.00;0.00;0.00;485.00;0.00;0.00;582.00;0.00;0.00;0.00;582.00;582.00;0.00;582.00;0.00;0.00;0.00;0.00;0.00;0.00;0.00;0.00;582.00;1727.32;3268.67;2781.67;4081.34;1908.00;1312.33;390.00;2454.67;4951.67;4000.00;4707.67;3540.00;1922.33;1699.34;0.00;150.00;769.34;1504.67;1024.67;555.34;0.00;660.00;1200.00;900.00
1772828592.5105717;0.00;0.00;0.00;485.00;0.00;0.00;582.00;0.00;0.00;0.00;582.00;582.00;0.00;0.00;0.00;0.00;0.00;0.00;97.00;0.00;0.00;0.00;582.00;261.00;2428.67;2231.67;4081.34;1908.00;1312.33;390.00;2454.67;4951.67;230.00;786.02;310.00;1922.33;1379.34;0.00;150.00;449.34;1504.67;640.00;555.34;0.00;160.00;1200.00;460.00
1772828592.5129607;0.00;0.00;0.00;485.00;0.00;0.00;582.00;0.00;0.00;0.00;582.00;582.00;0.00;0.00;0.00;0.00;0.00;0.00;97.00;0.00;0.00;0.00;582.00;261.00;2428.67;2231.67;4081.34;1908.00;1312.33;390.00;2454.67;4951.67;230.00;786.02;310.00;1922.33;1379.34;0.00;150.00;449.34;1504.67;640.00;555.34;0.00;160.00;1200.00;460.00
1772828592.5778663;0.00;0.00;0.00;485.00;0.00;0.00;582.00;0.00;0.00;0.00;582.00;582.00;0.00;0.00;0.00;0.00;0.00;0.00;194.00;0.00;0.00;0.00;582.00;261.00;2428.67;2231.67;4081.34;1908.00;1312.33;390.00;2454.67;4951.67;460.00;1096.02;620.00;1922.33;1379.34;0.00;150.00;449.34;1504.67;640.00;555.34;0.00;640.00;1200.00;760.00
1772828592.5803738;0.00;0.00;0.00;485.00;0.00;0.00;582.00;0.00;0.00;0.00;582.00;582.00;0.00;0.00;0.00;0.00;0.00;0.00;194.00;0.00;0.00;0.00;582.00;261.00;2428.67;2231.67;4081.34;1908.00;1312.33;390.00;2454.67;4951.67;460.00;1096.02;620.00;1922.33;1379.34;0.00;150.00;449.34;1504.67;640.00;555.34;0.00;640.00;1200.00;760.00
1772828592.6443453;0.00;0.00;0.00;485.00;0.00;0.00;582.00;0.00;0.00;0.00;582.00;582.00;0.00;0.00;0.00;0.00;0.00;0.00;291.00;0.00;0.00;0.00;582.00;491.00;2658.67;2461.67;4081.34;1908.00;1312.33;390.00;2454.67;4951.67;460.00;1288.35;860.00;1922.33;1379.34;0.00;150.00;449.34;1504.67;640.00;555.34;160.00;640.00;1200.00;1060.00
1772828592.6467934;0.00;0.00;0.00;485.00;0.00;0.00;582.00;0.00;0.00;0.00;582.00;582.00;0.00;0.00;0.00;0.00;0.00;0.00;291.00;0.00;0.00;0.00;582.00;491.00;2658.67;2461.67;4081.34;1908.00;1312.33;390.00;2454.67;4951.67;460.00;1288.35;860.00;1922.33;1379.34;0.00;150.00;449.34;1504.67;640.00;555.34;160.00;640.00;1200.00;1060.00
1772828592.8399677;0.00;0.00;0.00;485.00;0.00;0.00;582.00;0.00;0.00;0.00;582.00;582.00;0.00;0.00;0.00;0.00;0.00;0.00;291.00;0.00;0.00;0.00;582.00;491.00;2658.67;2461.67;4081.34;1908.00;1312.33;390.00;2454.67;4951.67;460.00;1288.35;860.00;1922.33;1379.34;0.00;150.00;449.34;1504.67;640.00;555.34;160.00;640.00;1200.00;1060.00
1772828592.8424542;0.00;0.00;0.00;485.00;0.00;0.00;582.00;0.00;0.00;0.00;582.00;582.00;0.00;0.00;0.00;0.00;0.00;0.00;291.00;0.00;0.00;0.00;582.00;491.00;2658.67;2461.67;4081.34;1908.00;1312.33;390.00;2454.67;4951.67;460.00;1288.35;860.00;1922.33;1379.34;0.00;150.00;449.34;1504.67;640.00;555.34;160.00;640.00;1200.00;1060.00
1772828592.9045043;0.00;0.00;0.00;485.00;0.00;0.00;582.00;0.00;0.00;0.00;582.00;582.00;0.00;0.00;0.00;0.00;0.00;0.00;291.00;0.00;0.00;0.00;582.00;491.00;2658.67;2461.67;4081.34;1908.00;1312.33;390.00;2454.67;4951.67;460.00;1288.35;860.00;1922.33;1379.34;0.00;150.00;449.34;1504.67;640.00;555.34;160.00;640.00;1200.00;1060.00
1772828592.9070063;0.00;0.00;0.00;485.00;0.00;0.00;582.00;0.00;0.00;0.00;582.00;582.00;0.00;0.00;0.00;0.00;0.00;0.00;291.00;0.00;0.00;0.00;582.00;491.00;2658.67;2461.67;4081.34;1908.00;1312.33;390.00;2454.67;4951.67;460.00;1288.35;860.00;1922.33;1379.34;0.00;150.00;449.34;1504.67;640.00;555.34;160.00;640.00;1200.00;1060.00
1772828592.9687145;0.00;0.00;0.00;485.00;0.00;0.00;582.00;0.00;0.00;0.00;582.00;582.00;0.00;0.00;0.00;0.00;0.00;0.00;291.00;0.00;0.00;0.00;582.00;491.00;2658.67;2461.67;4081.34;1908.00;1312.33;390.00;2454.67;4951.67;460.00;1288.35;860.00;1922.33;1379.34;0.00;150.00;449.34;1504.67;640.00;555.34;160.00;640.00;1200.00;1060.00
1772828592.9711354;0.00;0.00;0.00;485.00;0.00;0.00;582.00;0.00;0.00;0.00;582.00;582.00;0.00;0.00;0.00;0.00;0.00;0.00;291.00;0.00;0.00;0.00;582.00;491.00;2658.67;2461.67;4081.34;1908.00;1312.33;390.00;2454.67;4951.67;460.00;1288.35;860.00;1922.33;1379.34;0.00;150.00;449.34;1504.67;640.00;555.34;160.00;640.00;1200.00;1060.00
1772828606.5365021;0.00;0.00;0.00;485.00;0.00;0.00;582.00;0.00;0.00;0.00;582.00;582.00;0.00;0.00;0.00;0.00;0.00;0.00;291.00;0.00;97.00;0.00;0.00;150.00;150.00;150.00;150.00;1988.00;1392.33;550.00;2614.67;4951.67;0.00;0.00;0.00;1922.33;1059.34;150.00;150.00;224.67;0.00;640.00;715.34;160.00;640.00;1040.00;150.00
1772828606.5386763;0.00;0.00;0.00;485.00;0.00;0.00;582.00;0.00;0.00;0.00;582.00;582.00;0.00;0.00;0.00;0.00;0.00;0.00;291.00;0.00;97.00;0.00;0.00;150.00;150.00;150.00;150.00;1988.00;1392.33;550.00;2614.67;4951.67;0.00;0.00;0.00;1922.33;1059.34;150.00;150.00;224.67;0.00;640.00;715.34;160.00;640.00;1040.00;150.00
1772828606.5777113;0.00;0.00;0.00;485.00;0.00;0.00;582.00;0.00;0.00;0.00;582.00;582.00;0.00;0.00;0.00;0.00;0.00;0.00;291.00;0.00;194.00;0.00;0.00;150.00;150.00;150.00;150.00;1988.00;1392.33;742.33;2807.00;4984.00;310.00;150.00;150.00;1922.33;1171.67;300.00;150.00;224.67;0.00;640.00;715.34;160.00;640.00;1040.00;300.00
1772828606.5788813;0.00;0.00;0.00;485.00;0.00;0.00;582.00;0.00;0.00;0.00;582.00;582.00;0.00;0.00;0.00;0.00;0.00;0.00;291.00;0.00;194.00;0.00;0.00;150.00;150.00;150.00;150.00;1988.00;1392.33;742.33;2807.00;4984.00;310.00;150.00;150.00;1922.33;1171.67;300.00;150.00;224.67;0.00;640.00;715.34;160.00;640.00;1040.00;300.00
1772828606.6938193;0.00;0.00;0.00;485.00;0.00;0.00;582.00;0.00;0.00;0.00;582.00;582.00;0.00;0.00;0.00;0.00;0.00;0.00;291.00;0.00;194.00;0.00;0.00;150.00;150.00;150.00;150.00;1988.00;1392.33;742.33;2807.00;4984.00;310.00;150.00;150.00;1922.33;1171.67;300.00;150.00;224.67;0.00;640.00;715.34;160.00;640.00;1040.00;300.00
1772828606.6950722;0.00;0.00;0.00;485.00;0.00;0.00;582.00;0.00;0.00;0.00;582.00;582.00;0.00;0.00;0.00;0.00;0.00;0.00;291.00;0.00;194.00;0.00;0.00;150.00;150.00;150.00;150.00;1988.00;1392.33;742.33;2807.00;4984.00;310.00;150.00;150.00;1922.33;1171.67;300.00;150.00;224.67;0.00;640.00;715.34;160.00;640.00;1040.00;300.00
1772828606.732211;0.00;0.00;0.00;485.00;0.00;0.00;582.00;0.00;0.00;0.00;582.00;582.00;0.00;0.00;0.00;0.00;0.00;0.00;291.00;0.00;194.00;0.00;0.00;150.00;150.00;150.00;150.00;1988.00;1392.33;742.33;2807.00;4984.00;310.00;150.00;150.00;1922.33;1171.67;300.00;150.00;224.67;0.00;640.00;715.34;160.00;640.00;1040.00;300.00
1772828606.7334826;0.00;0.00;0.00;485.00;0.00;0.00;582.00;0.00;0.00;0.00;582.00;582.00;0.00;0.00;0.00;0.00;0.00;0.00;291.00;0.00;194.00;0.00;0.00;150.00;150.00;150.00;150.00;1988.00;1392.33;742.33;2807.00;4984.00;310.00;150.00;150.00;1922.33;1171.67;300.00;150.00;224.67;0.00;640.00;715.34;160.00;640.00;1040.00;300.00
1772828606.7701643;0.00;0.00;0.00;485.00;0.00;0.00;582.00;0.00;0.00;0.00;582.00;582.00;0.00;0.00;0.00;0.00;0.00;0.00;291.00;0.00;194.00;0.00;0.00;150.00;150.00;150.00;150.00;1988.00;1392.33;742.33;2807.00;4984.00;310.00;150.00;150.00;1922.33;1171.67;300.00;150.00;224.67;0.00;640.00;715.34;160.00;640.00;1040.00;300.00
1772828606.7713497;0.00;0.00;0.00;485.00;0.00;0.00;582.00;0.00;0.00;0.00;582.00;582.00;0.00;0.00;0.00;0.00;0.00;0.00;291.00;0.00;194.00;0.00;0.00;150.00;150.00;150.00;150.00;1988.00;1392.33;742.33;2807.00;4984.00;310.00;150.00;150.00;1922.33;1171.67;300.00;150.00;224.67;0.00;640.00;715.34;160.00;640.00;1040.00;300.00
1772828606.808307;0.00;0.00;0.00;485.00;0.00;0.00;582.00;0.00;0.00;0.00;582.00;582.00;0.00;0.00;0.00;0.00;0.00;0.00;291.00;0.00;194.00;0.00;0.00;150.00;150.00;150.00;150.00;1988.00;1392.33;742.33;2807.00;4984.00;310.00;150.00;150.00;1922.33;1171.67;300.00;150.00;224.67;0.00;640.00;715.34;160.00;640.00;1040.00;300.00
1772828606.8096027;0.00;0.00;0.00;485.00;0.00;0.00;582.00;0.00;0.00;0.00;582.00;582.00;0.00;0.00;0.00;0.00;0.00;0.00;291.00;0.00;194.00;0.00;0.00;150.00;150.00;150.00;150.00;1988.00;1392.33;742.33;2807.00;4984.00;310.00;150.00;150.00;1922.33;1171.67;300.00;150.00;224.67;0.00;640.00;715.34;160.00;640.00;1040.00;300.00
