timestamp,(0,34);(14,17);(25,24);(8,13);(8,22);(14,10);(14,11);(28,27);(28,29);(28,30);(2,3);(2,32);(5,4);(9,12);(23,15);(23,19);(23,20);(18,21);(6,7);(2,16);(25,26);(33,1);(33,31);(34,9);(9,18);(18,2);(2,5);(5,23);(23,25);(25,28);(28,14);(14,8);(8,6);(6,33);(33,34);(25,25.1);(8,8.1);(14,14.1);(28,28.1);(2,2.1);(5,5.1);(9,9.1);(23,23.1);(18,18.1);(6,6.1);(33,33.1);(34,34.1)
1772827694.3182943;0.00;0.00;0.00;0.00;0.00;0.00;0.00;0.00;0.00;0.00;0.00;0.00;0.00;0.00;0.00;0.00;0.00;97.00;0.00;0.00;0.00;0.00;0.00;310.00;240.00;0.00;0.00;0.00;0.00;0.00;0.00;0.00;0.00;0.00;0.00;0.00;0.00;0.00;0.00;0.00;0.00;0.00;0.00;480.00;0.00;0.00;460.00
1772827694.3192887;0.00;0.00;0.00;0.00;0.00;0.00;0.00;0.00;0.00;0.00;0.00;0.00;0.00;0.00;0.00;0.00;0.00;97.00;0.00;0.00;0.00;0.00;0.00;310.00;240.00;0.00;0.00;0.00;0.00;0.00;0.00;0.00;0.00;0.00;0.00;0.00;0.00;0.00;0.00;0.00;0.00;0.00;0.00;480.00;0.00;0.00;460.00
1772827694.347019;0.00;0.00;0.00;0.00;0.00;0.00;0.00;0.00;0.00;0.00;0.00;0.00;0.00;0.00;0.00;0.00;0.00;194.00;0.00;0.00;0.00;0.00;0.00;620.00;480.00;0.00;0.00;0.00;0.00;0.00;0.00;0.00;0.00;0.00;0.00;0.00;0.00;0.00;0.00;0.00;0.00;480.00;0.00;480.00;0.00;0.00;760.00
1772827694.3476956;0.00;0.00;0.00;0.00;0.00;0.00;0.00;0.00;0.00;0.00;0.00;0.00;0.00;0.00;0.00;0.00;0.00;194.00;0.00;0.00;0.00;0.00;0.00;620.00;480.00;0.00;0.00;0.00;0.00;0.00;0.00;0.00;0.00;0.00;0.00;0.00;0.00;0.00;0.00;0.00;0.00;480.00;0.00;480.00;0.00;0.00;760.00
1772827694.3751974;0.00;0.00;0.00;0.00;0.00;0.00;0.00;0.00;0.00;0.00;0.00;0.00;0.00;0.00;0.00;0.00;0.00;291.00;0.00;0.00;0.00;0.00;0.00;930.00;720.00;0.00;0.00;0.00;0.00;0.00;0.00;0.00;0.00;0.00;0.00;0.00;0.00;0.00;0.00;0.00;0.00;960.00;0.00;480.00;0.00;0.00;1060.00
1772827694.3758955;0.00;0.00;0.00;0.00;0.00;0.00;0.00;0.00;0.00;0.00;0.00;0.00;0.00;0.00;0.00;0.00;0.00;291.00;0.00;0.00;0.00;0.00;0.00;930.00;720.00;0.00;0.00;0.00;0.00;0.00;0.00;0.00;0.00;0.00;0.00;0.00;0.00;0.00;0.00;0.00;0.00;960.00;0.00;480.00;0.00;0.00;1060.00
1772827694.4030535;0.00;0.00;0.00;0.00;0.00;0.00;0.00;0.00;0.00;0.00;0.00;0.00;0.00;0.00;0.00;0.00;0.00;388.00;0.00;0.00;0.00;0.00;0.00;1240.00;960.00;0.00;0.00;0.00;0.00;0.00;0.00;0.00;0.00;0.00;0.00;0.00;0.00;0.00;0.00;0.00;0.00;1120.00;0.00;480.00;0.00;0.00;1360.00
1772827694.4037993;0.00;0.00;0.00;0.00;0.00;0.00;0.00;0.00;0.00;0.00;0.00;0.00;0.00;0.00;0.00;0.00;0.00;388.00;0.00;0.00;0.00;0.00;0.00;1240.00;960.00;0.00;0.00;0.00;0.00;0.00;0.00;0.00;0.00;0.00;0.00;0.00;0.00;0.00;0.00;0.00;0.00;1120.00;0.00;480.00;0.00;0.00;1360.00
1772827694.430816;0.00;0.00;0.00;0.00;0.00;0.00;0.00;0.00;0.00;0.00;0.00;0.00;0.00;0.00;0.00;0.00;0.00;485.00;0.00;0.00;0.00;0.00;0.00;1454.67;1104.67;0.00;0.00;0.00;0.00;0.00;0.00;0.00;0.00;0.00;310.00;0.00;0.00;0.00;0.00;0.00;0.00;1280.00;0.00;480.00;0.00;320.00;1660.00
1772827694.4315884;0.00;0.00;0.00;0.00;0.00;0.00;0.00;0.00;0.00;0.00;0.00;0.00;0.00;0.00;0.00;0.00;0.00;485.00;0.00;0.00;0.00;0.00;0.00;1454.67;1104.67;0.00;0.00;0.00;0.00;0.00;0.00;0.00;0.00;0.00;310.00;0.00;0.00;0.00;0.00;0.00;0.00;1280.00;0.00;480.00;0.00;320.00;1660.00
1772827694.4578416;0.00;0.00;0.00;0.00;0.00;0.00;0.00;0.00;0.00;0.00;0.00;0.00;0.00;0.00;0.00;0.00;0.00;582.00;0.00;0.00;0.00;0.00;0.00;1764.67;1344.67;0.00;0.00;0.00;0.00;0.00;0.00;0.00;0.00;0.00;620.00;0.00;0.00;0.00;0.00;0.00;0.00;1440.00;0.00;480.00;0.00;320.00;1960.00
1772827694.4586873;0.00;0.00;0.00;0.00;0.00;0.00;0.00;0.00;0.00;0.00;0.00;0.00;0.00;0.00;0.00;0.00;0.00;582.00;0.00;0.00;0.00;0.00;0.00;1764.67;1344.67;0.00;0.00;0.00;0.00;0.00;0.00;0.00;0.00;0.00;620.00;0.00;0.00;0.00;0.00;0.00;0.00;1440.00;0.00;480.00;0.00;320.00;1960.00
1772827712.3189342;0.00;0.00;0.00;0.00;0.00;0.00;0.00;0.00;0.00;0.00;0.00;0.00;0.00;0.00;0.00;0.00;0.00;679.00;0.00;0.00;0.00;0.00;0.00;2074.67;1584.67;0.00;0.00;0.00;0.00;0.00;0.00;0.00;0.00;0.00;930.00;0.00;0.00;0.00;0.00;0.00;0.00;1600.00;0.00;480.00;0.00;320.00;2260.00
1772827712.3199575;0.00;0.00;0.00;0.00;0.00;0.00;0.00;0.00;0.00;0.00;0.00;0.00;0.00;0.00;0.00;0.00;0.00;679.00;0.00;0.00;0.00;0.00;0.00;2074.67;1584.67;0.00;0.00;0.00;0.00;0.00;0.00;0.00;0.00;0.00;930.00;0.00;0.00;0.00;0.00;0.00;0.00;1600.00;0.00;480.00;0.00;320.00;2260.00
1772827712.4448347;0.00;0.00;0.00;0.00;0.00;0.00;0.00;0.00;0.00;0.00;0.00;0.00;0.00;0.00;0.00;0.00;0.00;776.00;0.00;0.00;0.00;0.00;0.00;2374.67;1894.67;407.00;230.00;0.00;0.00;0.00;0.00;0.00;0.00;0.00;930.00;0.00;0.00;0.00;0.00;320.00;160.00;1600.00;0.00;480.00;0.00;320.00;2560.00
1772827712.4459732;0.00;0.00;0.00;0.00;0.00;0.00;0.00;0.00;0.00;0.00;0.00;0.00;0.00;0.00;0.00;0.00;0.00;776.00;0.00;0.00;0.00;0.00;0.00;2374.67;1894.67;407.00;230.00;0.00;0.00;0.00;0.00;0.00;0.00;0.00;930.00;0.00;0.00;0.00;0.00;320.00;160.00;1600.00;0.00;480.00;0.00;320.00;2560.00
1772827712.4733434;0.00;0.00;0.00;0.00;0.00;0.00;0.00;0.00;0.00;0.00;0.00;0.00;0.00;0.00;0.00;0.00;0.00;873.00;0.00;0.00;0.00;0.00;0.00;2674.67;2204.67;814.00;460.00;0.00;0.00;0.00;0.00;0.00;0.00;0.00;930.00;0.00;0.00;0.00;0.00;640.00;320.00;1600.00;0.00;480.00;0.00;320.00;2860.00
1772827712.4744713;0.00;0.00;0.00;0.00;0.00;0.00;0.00;0.00;0.00;0.00;0.00;0.00;0.00;0.00;0.00;0.00;0.00;873.00;0.00;0.00;0.00;0.00;0.00;2674.67;2204.67;814.00;460.00;0.00;0.00;0.00;0.00;0.00;0.00;0.00;930.00;0.00;0.00;0.00;0.00;640.00;320.00;1600.00;0.00;480.00;0.00;320.00;2860.00
1772827712.5011582;0.00;0.00;0.00;0.00;0.00;0.00;0.00;0.00;0.00;0.00;0.00;0.00;0.00;0.00;0.00;0.00;0.00;970.00;0.00;0.00;0.00;0.00;0.00;2974.67;2514.67;1221.00;690.00;0.00;0.00;0.00;0.00;0.00;0.00;0.00;930.00;0.00;0.00;0.00;0.00;960.00;480.00;1600.00;0.00;480.00;0.00;320.00;3160.00
1772827712.5022538;0.00;0.00;0.00;0.00;0.00;0.00;0.00;0.00;0.00;0.00;0.00;0.00;0.00;0.00;0.00;0.00;0.00;970.00;0.00;0.00;0.00;0.00;0.00;2974.67;2514.67;1221.00;690.00;0.00;0.00;0.00;0.00;0.00;0.00;0.00;930.00;0.00;0.00;0.00;0.00;960.00;480.00;1600.00;0.00;480.00;0.00;320.00;3160.00
1772827712.5281246;0.00;0.00;0.00;0.00;0.00;0.00;0.00;0.00;0.00;0.00;0.00;0.00;0.00;0.00;0.00;0.00;0.00;1067.00;0.00;0.00;0.00;0.00;0.00;3274.67;2814.67;1618.00;1230.00;0.00;0.00;0.00;0.00;0.00;0.00;0.00;930.00;0.00;0.00;0.00;0.00;960.00;960.00;1600.00;0.00;480.00;0.00;320.00;3460.00
1772827712.529227;0.00;0.00;0.00;0.00;0.00;0.00;0.00;0.00;0.00;0.00;0.00;0.00;0.00;0.00;0.00;0.00;0.00;1067.00;0.00;0.00;0.00;0.00;0.00;3274.67;2814.67;1618.00;1230.00;0.00;0.00;0.00;0.00;0.00;0.00;0.00;930.00;0.00;0.00;0.00;0.00;960.00;960.00;1600.00;0.00;480.00;0.00;320.00;3460.00
1772827712.5550022;0.00;0.00;0.00;0.00;0.00;0.00;0.00;0.00;0.00;0.00;0.00;0.00;0.00;0.00;0.00;0.00;0.00;1164.00;0.00;0.00;0.00;0.00;0.00;3574.67;3114.67;2015.00;1770.00;0.00;0.00;0.00;0.00;0.00;0.00;0.00;930.00;0.00;0.00;0.00;0.00;960.00;1440.00;1600.00;0.00;480.00;0.00;320.00;3760.00
1772827712.5561478;0.00;0.00;0.00;0.00;0.00;0.00;0.00;0.00;0.00;0.00;0.00;0.00;0.00;0.00;0.00;0.00;0.00;1164.00;0.00;0.00;0.00;0.00;0.00;3574.67;3114.67;2015.00;1770.00;0.00;0.00;0.00;0.00;0.00;0.00;0.00;930.00;0.00;0.00;0.00;0.00;960.00;1440.00;1600.00;0.00;480.00;0.00;320.00;3760.00
1772827730.3261294;0.00;0.00;0.00;0.00;0.00;0.00;0.00;0.00;0.00;0.00;0.00;0.00;0.00;0.00;0.00;0.00;0.00;1164.00;0.00;0.00;97.00;0.00;0.00;3874.67;3414.67;2315.00;2070.00;300.00;240.00;0.00;0.00;0.00;0.00;0.00;930.00;0.00;0.00;0.00;0.00;960.00;1440.00;1600.00;480.00;480.00;0.00;320.00;4060.00
1772827730.3269677;0.00;0.00;0.00;0.00;0.00;0.00;0.00;0.00;0.00;0.00;0.00;0.00;0.00;0.00;0.00;0.00;0.00;1164.00;0.00;0.00;97.00;0.00;0.00;3874.67;3414.67;2315.00;2070.00;300.00;240.00;0.00;0.00;0.00;0.00;0.00;930.00;0.00;0.00;0.00;0.00;960.00;1440.00;1600.00;480.00;480.00;0.00;320.00;4060.00
1772827730.3451269;0.00;0.00;0.00;0.00;0.00;0.00;0.00;0.00;0.00;0.00;0.00;0.00;0.00;0.00;0.00;0.00;0.00;1164.00;0.00;0.00;194.00;0.00;0.00;4174.67;3714.67;2615.00;2370.00;600.00;480.00;0.00;0.00;0.00;0.00;0.00;930.00;0.00;0.00;0.00;0.00;960.00;1440.00;1600.00;960.00;480.00;0.00;320.00;4360.00
1772827730.3459527;0.00;0.00;0.00;0.00;0.00;0.00;0.00;0.00;0.00;0.00;0.00;0.00;0.00;0.00;0.00;0.00;0.00;1164.00;0.00;0.00;194.00;0.00;0.00;4174.67;3714.67;2615.00;2370.00;600.00;480.00;0.00;0.00;0.00;0.00;0.00;930.00;0.00;0.00;0.00;0.00;960.00;1440.00;1600.00;960.00;480.00;0.00;320.00;4360.00
1772827730.3621233;0.00;0.00;0.00;0.00;0.00;0.00;0.00;0.00;0.00;0.00;0.00;0.00;0.00;0.00;0.00;0.00;0.00;1164.00;0.00;0.00;291.00;0.00;0.00;4474.67;4014.67;2915.00;2670.00;910.00;720.00;0.00;0.00;0.00;0.00;0.00;930.00;0.00;0.00;0.00;0.00;960.00;1440.00;1600.00;1120.00;480.00;0.00;320.00;4660.00
1772827730.3628068;0.00;0.00;0.00;0.00;0.00;0.00;0.00;0.00;0.00;0.00;0.00;0.00;0.00;0.00;0.00;0.00;0.00;1164.00;0.00;0.00;291.00;0.00;0.00;4474.67;4014.67;2915.00;2670.00;910.00;720.00;0.00;0.00;0.00;0.00;0.00;930.00;0.00;0.00;0.00;0.00;960.00;1440.00;1600.00;1120.00;480.00;0.00;320.00;4660.00
1772827730.378892;0.00;0.00;0.00;0.00;0.00;0.00;0.00;0.00;0.00;0.00;0.00;0.00;0.00;0.00;0.00;0.00;0.00;1164.00;0.00;0.00;388.00;0.00;0.00;4774.67;4314.67;3215.00;2970.00;1220.00;960.00;0.00;0.00;0.00;0.00;0.00;930.00;0.00;0.00;0.00;0.00;960.00;1440.00;1600.00;1280.00;480.00;0.00;320.00;4960.00
1772827730.379579;0.00;0.00;0.00;0.00;0.00;0.00;0.00;0.00;0.00;0.00;0.00;0.00;0.00;0.00;0.00;0.00;0.00;1164.00;0.00;0.00;388.00;0.00;0.00;4774.67;4314.67;3215.00;2970.00;1220.00;960.00;0.00;0.00;0.00;0.00;0.00;930.00;0.00;0.00;0.00;0.00;960.00;1440.00;1600.00;1280.00;480.00;0.00;320.00;4960.00
1772827730.3971257;0.00;0.00;0.00;0.00;0.00;0.00;0.00;0.00;0.00;0.00;0.00;0.00;0.00;0.00;0.00;0.00;0.00;1164.00;0.00;0.00;485.00;0.00;0.00;4924.67;4464.67;3515.00;3270.00;1530.00;1200.00;0.00;0.00;0.00;0.00;0.00;930.00;0.00;0.00;0.00;0.00;960.00;1440.00;1600.00;1440.00;630.00;0.00;320.00;5110.00
1772827730.3980212;0.00;0.00;0.00;0.00;0.00;0.00;0.00;0.00;0.00;0.00;0.00;0.00;0.00;0.00;0.00;0.00;0.00;1164.00;0.00;0.00;485.00;0.00;0.00;4924.67;4464.67;3515.00;3270.00;1530.00;1200.00;0.00;0.00;0.00;0.00;0.00;930.00;0.00;0.00;0.00;0.00;960.00;1440.00;1600.00;1440.00;630.00;0.00;320.00;5110.00
1772827730.423777;0.00;0.00;0.00;0.00;0.00;0.00;0.00;0.00;0.00;0.00;0.00;0.00;0.00;0.00;0.00;0.00;0.00;1164.00;0.00;0.00;582.00;0.00;0.00;4924.67;4464.67;3815.00;3570.00;1840.00;1440.00;0.00;0.00;0.00;0.00;0.00;930.00;0.00;0.00;0.00;0.00;960.00;1440.00;1600.00;1600.00;930.00;0.00;320.00;5110.00
1772827730.4252899;0.00;0.00;0.00;0.00;0.00;0.00;0.00;0.00;0.00;0.00;0.00;0.00;0.00;0.00;0.00;0.00;0.00;1164.00;0.00;0.00;582.00;0.00;0.00;4924.67;4464.67;3815.00;3570.00;1840.00;1440.00;0.00;0.00;0.00;0.00;0.00;930.00;0.00;0.00;0.00;0.00;960.00;1440.00;1600.00;1600.00;930.00;0.00;320.00;5110.00
1772827757.354142;0.00;0.00;0.00;0.00;0.00;0.00;0.00;0.00;0.00;97.00;0.00;0.00;0.00;0.00;0.00;0.00;0.00;1164.00;0.00;0.00;582.00;0.00;0.00;4924.67;4464.67;3815.00;3570.00;1840.00;1440.00;0.00;240.00;310.00;310.00;300.00;930.00;0.00;0.00;230.00;160.00;960.00;1440.00;1600.00;1600.00;930.00;320.00;620.00;5110.00
1772827757.3549893;0.00;0.00;0.00;0.00;0.00;0.00;0.00;0.00;0.00;97.00;0.00;0.00;0.00;0.00;0.00;0.00;0.00;1164.00;0.00;0.00;582.00;0.00;0.00;4924.67;4464.67;3815.00;3570.00;1840.00;1440.00;0.00;240.00;310.00;310.00;300.00;930.00;0.00;0.00;230.00;160.00;960.00;1440.00;1600.00;1600.00;930.00;320.00;620.00;5110.00
1772827757.370993;0.00;0.00;0.00;0.00;0.00;0.00;0.00;0.00;0.00;194.00;0.00;0.00;0.00;0.00;0.00;0.00;0.00;1164.00;0.00;0.00;582.00;0.00;0.00;4924.67;4464.67;3815.00;3570.00;1840.00;1440.00;0.00;480.00;540.00;610.00;600.00;930.00;0.00;230.00;540.00;640.00;960.00;1440.00;1600.00;1600.00;930.00;320.00;920.00;5110.00
1772827757.371792;0.00;0.00;0.00;0.00;0.00;0.00;0.00;0.00;0.00;194.00;0.00;0.00;0.00;0.00;0.00;0.00;0.00;1164.00;0.00;0.00;582.00;0.00;0.00;4924.67;4464.67;3815.00;3570.00;1840.00;1440.00;0.00;480.00;540.00;610.00;600.00;930.00;0.00;230.00;540.00;640.00;960.00;1440.00;1600.00;1600.00;930.00;320.00;920.00;5110.00
1772827757.3880205;0.00;0.00;0.00;0.00;0.00;0.00;0.00;0.00;0.00;291.00;0.00;0.00;0.00;0.00;0.00;0.00;0.00;1164.00;0.00;0.00;582.00;0.00;0.00;4924.67;4464.67;3815.00;3570.00;1840.00;1440.00;0.00;720.00;840.00;910.00;900.00;930.00;0.00;230.00;1010.00;960.00;960.00;1440.00;1600.00;1600.00;930.00;320.00;1220.00;5110.00
1772827757.3888724;0.00;0.00;0.00;0.00;0.00;0.00;0.00;0.00;0.00;291.00;0.00;0.00;0.00;0.00;0.00;0.00;0.00;1164.00;0.00;0.00;582.00;0.00;0.00;4924.67;4464.67;3815.00;3570.00;1840.00;1440.00;0.00;720.00;840.00;910.00;900.00;930.00;0.00;230.00;1010.00;960.00;960.00;1440.00;1600.00;1600.00;930.00;320.00;1220.00;5110.00
1772827757.405256;0.00;0.00;0.00;0.00;0.00;0.00;0.00;0.00;0.00;388.00;0.00;0.00;0.00;0.00;0.00;0.00;0.00;1164.00;0.00;0.00;582.00;0.00;0.00;4924.67;4464.67;3815.00;3570.00;1840.00;1440.00;0.00;960.00;1140.00;1210.00;1200.00;930.00;0.00;230.00;1480.00;1280.00;960.00;1440.00;1600.00;1600.00;930.00;320.00;1520.00;5110.00
1772827757.406131;0.00;0.00;0.00;0.00;0.00;0.00;0.00;0.00;0.00;388.00;0.00;0.00;0.00;0.00;0.00;0.00;0.00;1164.00;0.00;0.00;582.00;0.00;0.00;4924.67;4464.67;3815.00;3570.00;1840.00;1440.00;0.00;960.00;1140.00;1210.00;1200.00;930.00;0.00;230.00;1480.00;1280.00;960.00;1440.00;1600.00;1600.00;930.00;320.00;1520.00;5110.00
1772827757.4224293;0.00;0.00;0.00;0.00;0.00;0.00;0.00;0.00;0.00;485.00;0.00;0.00;0.00;0.00;0.00;0.00;0.00;1164.00;0.00;0.00;582.00;0.00;0.00;4924.67;4464.67;3815.00;3570.00;1840.00;1440.00;0.00;1200.00;1440.00;1510.00;1500.00;930.00;0.00;230.00;1950.00;1600.00;960.00;1440.00;1600.00;1600.00;930.00;320.00;1820.00;5110.00
1772827757.4233193;0.00;0.00;0.00;0.00;0.00;0.00;0.00;0.00;0.00;485.00;0.00;0.00;0.00;0.00;0.00;0.00;0.00;1164.00;0.00;0.00;582.00;0.00;0.00;4924.67;4464.67;3815.00;3570.00;1840.00;1440.00;0.00;1200.00;1440.00;1510.00;1500.00;930.00;0.00;230.00;1950.00;1600.00;960.00;1440.00;1600.00;1600.00;930.00;320.00;1820.00;5110.00
1772827757.439876;0.00;0.00;0.00;0.00;0.00;0.00;0.00;0.00;0.00;582.00;0.00;0.00;0.00;0.00;0.00;0.00;0.00;1164.00;0.00;0.00;582.00;0.00;0.00;4924.67;4464.67;3815.00;3570.00;1840.00;1440.00;0.00;1440.00;1740.00;1810.00;1800.00;930.00;0.00;230.00;2420.00;1920.00;960.00;1440.00;1600.00;1600.00;930.00;320.00;2120.00;5110.00
1772827757.4407895;0.00;0.00;0.00;0.00;0.00;0.00;0.00;0.00;0.00;582.00;0.00;0.00;0.00;0.00;0.00;0.00;0.00;1164.00;0.00;0.00;582.00;0.00;0.00;4924.67;4464.67;3815.00;3570.00;1840.00;1440.00;0.00;1440.00;1740.00;1810.00;1800.00;930.00;0.00;230.00;2420.00;1920.00;960.00;1440.00;1600.00;1600.00;930.00;320.00;2120.00;5110.00
1772827770.3857582;0.00;0.00;0.00;0.00;0.00;0.00;0.00;0.00;0.00;582.00;0.00;0.00;0.00;97.00;0.00;0.00;0.00;1164.00;0.00;0.00;582.00;0.00;0.00;4924.67;4609.34;4259.67;3890.00;1840.00;1440.00;0.00;1440.00;1740.00;1810.00;1800.00;930.00;0.00;230.00;2420.00;1920.00;1184.67;1440.00;1712.33;1600.00;1230.00;320.00;2120.00;5110.00
1772827770.3868525;0.00;0.00;0.00;0.00;0.00;0.00;0.00;0.00;0.00;582.00;0.00;0.00;0.00;97.00;0.00;0.00;0.00;1164.00;0.00;0.00;582.00;0.00;0.00;4924.67;4609.34;4259.67;3890.00;1840.00;1440.00;0.00;1440.00;1740.00;1810.00;1800.00;930.00;0.00;230.00;2420.00;1920.00;1184.67;1440.00;1712.33;1600.00;1230.00;320.00;2120.00;5110.00
1772827770.4037633;0.00;0.00;0.00;0.00;0.00;0.00;0.00;0.00;0.00;582.00;0.00;0.00;0.00;194.00;0.00;0.00;0.00;1164.00;0.00;0.00;582.00;0.00;0.00;4989.34;4689.34;4489.67;3890.00;1840.00;1440.00;0.00;1440.00;1740.00;2120.00;2110.00;994.67;0.00;550.00;2420.00;1920.00;1184.67;1440.00;1824.66;1600.00;1380.00;320.00;2270.00;5110.00
1772827770.4048195;0.00;0.00;0.00;0.00;0.00;0.00;0.00;0.00;0.00;582.00;0.00;0.00;0.00;194.00;0.00;0.00;0.00;1164.00;0.00;0.00;582.00;0.00;0.00;4989.34;4689.34;4489.67;3890.00;1840.00;1440.00;0.00;1440.00;1740.00;2120.00;2110.00;994.67;0.00;550.00;2420.00;1920.00;1184.67;1440.00;1824.66;1600.00;1380.00;320.00;2270.00;5110.00
1772827770.4213426;0.00;0.00;0.00;0.00;0.00;0.00;0.00;0.00;0.00;582.00;0.00;0.00;0.00;291.00;0.00;0.00;0.00;1164.00;0.00;0.00;582.00;0.00;0.00;4989.34;4834.01;4934.34;4274.67;2160.00;1440.00;0.00;1440.00;1740.00;2120.00;2110.00;994.67;0.00;550.00;2420.00;1920.00;1184.67;1600.00;1824.66;1600.00;1680.00;320.00;2270.00;5110.00
1772827770.4223645;0.00;0.00;0.00;0.00;0.00;0.00;0.00;0.00;0.00;582.00;0.00;0.00;0.00;291.00;0.00;0.00;0.00;1164.00;0.00;0.00;582.00;0.00;0.00;4989.34;4834.01;4934.34;4274.67;2160.00;1440.00;0.00;1440.00;1740.00;2120.00;2110.00;994.67;0.00;550.00;2420.00;1920.00;1184.67;1600.00;1824.66;1600.00;1680.00;320.00;2270.00;5110.00
1772827770.437947;0.00;0.00;0.00;0.00;0.00;0.00;0.00;0.00;0.00;582.00;0.00;0.00;0.00;291.00;0.00;0.00;0.00;1164.00;0.00;0.00;582.00;0.00;0.00;4989.34;4834.01;4934.34;4274.67;2160.00;1440.00;0.00;1440.00;1740.00;2120.00;2110.00;994.67;0.00;550.00;2420.00;1920.00;1184.67;1600.00;1824.66;1600.00;1680.00;320.00;2270.00;5110.00
1772827770.4389362;0.00;0.00;0.00;0.00;0.00;0.00;0.00;0.00;0.00;582.00;0.00;0.00;0.00;291.00;0.00;0.00;0.00;1164.00;0.00;0.00;582.00;0.00;0.00;4989.34;4834.01;4934.34;4274.67;2160.00;1440.00;0.00;1440.00;1740.00;2120.00;2110.00;994.67;0.00;550.00;2420.00;1920.00;1184.67;1600.00;1824.66;1600.00;1680.00;320.00;2270.00;5110.00
1772827770.4548974;0.00;0.00;0.00;0.00;0.00;0.00;0.00;0.00;0.00;582.00;0.00;0.00;0.00;291.00;0.00;0.00;0.00;1164.00;0.00;0.00;582.00;0.00;0.00;4989.34;4834.01;4934.34;4274.67;2160.00;1440.00;0.00;1440.00;1740.00;2120.00;2110.00;994.67;0.00;550.00;2420.00;1920.00;1184.67;1600.00;1824.66;1600.00;1680.00;320.00;2270.00;5110.00
1772827770.456013;0.00;0.00;0.00;0.00;0.00;0.00;0.00;0.00;0.00;582.00;0.00;0.00;0.00;291.00;0.00;0.00;0.00;1164.00;0.00;0.00;582.00;0.00;0.00;4989.34;4834.01;4934.34;4274.67;2160.00;1440.00;0.00;1440.00;1740.00;2120.00;2110.00;994.67;0.00;550.00;2420.00;1920.00;1184.67;1600.00;1824.66;1600.00;1680.00;320.00;2270.00;5110.00
1772827770.4725146;0.00;0.00;0.00;0.00;0.00;0.00;0.00;0.00;0.00;582.00;0.00;0.00;0.00;291.00;0.00;0.00;0.00;1164.00;0.00;0.00;582.00;0.00;0.00;4989.34;4834.01;4934.34;4274.67;2160.00;1440.00;0.00;1440.00;1740.00;2120.00;2110.00;994.67;0.00;550.00;2420.00;1920.00;1184.67;1600.00;1824.66;1600.00;1680.00;320.00;2270.00;5110.00
1772827770.4735954;0.00;0.00;0.00;0.00;0.00;0.00;0.00;0.00;0.00;582.00;0.00;0.00;0.00;291.00;0.00;0.00;0.00;1164.00;0.00;0.00;582.00;0.00;0.00;4989.34;4834.01;4934.34;4274.67;2160.00;1440.00;0.00;1440.00;1740.00;2120.00;2110.00;994.67;0.00;550.00;2420.00;1920.00;1184.67;1600.00;1824.66;1600.00;1680.00;320.00;2270.00;5110.00
1772827794.4287653;0.00;97.00;0.00;0.00;0.00;0.00;0.00;0.00;0.00;582.00;0.00;0.00;0.00;291.00;0.00;0.00;0.00;1164.00;0.00;0.00;582.00;0.00;0.00;4989.34;4834.01;4934.34;4274.67;2160.00;1440.00;0.00;1440.00;1980.00;2420.00;2410.00;994.67;0.00;1030.00;2420.00;1920.00;1184.67;1600.00;1824.66;1600.00;1680.00;320.00;2570.00;5110.00
1772827794.430749;0.00;97.00;0.00;0.00;0.00;0.00;0.00;0.00;0.00;582.00;0.00;0.00;0.00;291.00;0.00;0.00;0.00;1164.00;0.00;0.00;582.00;0.00;0.00;4989.34;4834.01;4934.34;4274.67;2160.00;1440.00;0.00;1440.00;1980.00;2420.00;2410.00;994.67;0.00;1030.00;2420.00;1920.00;1184.67;1600.00;1824.66;1600.00;1680.00;320.00;2570.00;5110.00
1772827794.4566944;0.00;194.00;0.00;0.00;0.00;0.00;0.00;0.00;0.00;582.00;0.00;0.00;0.00;291.00;0.00;0.00;0.00;1164.00;0.00;0.00;582.00;0.00;0.00;4989.34;4834.01;4934.34;4274.67;2160.00;1440.00;0.00;1440.00;2220.00;2720.00;2710.00;994.67;0.00;1510.00;2420.00;1920.00;1184.67;1600.00;1824.66;1600.00;1680.00;320.00;2870.00;5110.00
1772827794.458768;0.00;194.00;0.00;0.00;0.00;0.00;0.00;0.00;0.00;582.00;0.00;0.00;0.00;291.00;0.00;0.00;0.00;1164.00;0.00;0.00;582.00;0.00;0.00;4989.34;4834.01;4934.34;4274.67;2160.00;1440.00;0.00;1440.00;2220.00;2720.00;2710.00;994.67;0.00;1510.00;2420.00;1920.00;1184.67;1600.00;1824.66;1600.00;1680.00;320.00;2870.00;5110.00
1772827794.5891747;0.00;291.00;0.00;0.00;0.00;0.00;0.00;0.00;0.00;582.00;0.00;0.00;0.00;291.00;0.00;0.00;0.00;1164.00;0.00;0.00;582.00;0.00;0.00;4989.34;4834.01;4934.34;4274.67;2160.00;1440.00;0.00;1440.00;2460.00;3020.00;3010.00;994.67;0.00;1990.00;2420.00;1920.00;1184.67;1600.00;1824.66;1600.00;1680.00;320.00;3170.00;5110.00
1772827794.591227;0.00;291.00;0.00;0.00;0.00;0.00;0.00;0.00;0.00;582.00;0.00;0.00;0.00;291.00;0.00;0.00;0.00;1164.00;0.00;0.00;582.00;0.00;0.00;4989.34;4834.01;4934.34;4274.67;2160.00;1440.00;0.00;1440.00;2460.00;3020.00;3010.00;994.67;0.00;1990.00;2420.00;1920.00;1184.67;1600.00;1824.66;1600.00;1680.00;320.00;3170.00;5110.00
1772827794.6171343;0.00;388.00;0.00;0.00;0.00;0.00;0.00;0.00;0.00;582.00;0.00;0.00;0.00;291.00;0.00;0.00;0.00;1164.00;0.00;0.00;582.00;0.00;0.00;4989.34;4834.01;4934.34;4274.67;2160.00;1440.00;0.00;1440.00;2700.00;3320.00;3310.00;994.67;0.00;2470.00;2420.00;1920.00;1184.67;1600.00;1824.66;1600.00;1680.00;320.00;3470.00;5110.00
1772827794.6191785;0.00;388.00;0.00;0.00;0.00;0.00;0.00;0.00;0.00;582.00;0.00;0.00;0.00;291.00;0.00;0.00;0.00;1164.00;0.00;0.00;582.00;0.00;0.00;4989.34;4834.01;4934.34;4274.67;2160.00;1440.00;0.00;1440.00;2700.00;3320.00;3310.00;994.67;0.00;2470.00;2420.00;1920.00;1184.67;1600.00;1824.66;1600.00;1680.00;320.00;3470.00;5110.00
1772827794.6447997;0.00;485.00;0.00;0.00;0.00;0.00;0.00;0.00;0.00;582.00;0.00;0.00;0.00;291.00;0.00;0.00;0.00;1164.00;0.00;0.00;582.00;0.00;0.00;4989.34;4834.01;4934.34;4274.67;2160.00;1440.00;0.00;1440.00;2844.67;3630.00;3610.00;994.67;0.00;2694.67;2532.33;1920.00;1184.67;1600.00;1824.66;1600.00;1680.00;320.00;3770.00;5110.00
1772827794.646921;0.00;485.00;0.00;0.00;0.00;0.00;0.00;0.00;0.00;582.00;0.00;0.00;0.00;291.00;0.00;0.00;0.00;1164.00;0.00;0.00;582.00;0.00;0.00;4989.34;4834.01;4934.34;4274.67;2160.00;1440.00;0.00;1440.00;2844.67;3630.00;3610.00;994.67;0.00;2694.67;2532.33;1920.00;1184.67;1600.00;1824.66;1600.00;1680.00;320.00;3770.00;5110.00
1772827794.6727428;0.00;582.00;0.00;0.00;0.00;0.00;0.00;0.00;0.00;582.00;0.00;0.00;0.00;291.00;0.00;0.00;0.00;1164.00;0.00;0.00;582.00;0.00;0.00;4989.34;4834.01;4934.34;4274.67;2160.00;1440.00;0.00;1670.00;3154.67;3940.00;3910.00;994.67;0.00;2694.67;2532.33;2080.00;1184.67;1600.00;1824.66;1600.00;1680.00;320.00;4070.00;5110.00
1772827794.6748536;0.00;582.00;0.00;0.00;0.00;0.00;0.00;0.00;0.00;582.00;0.00;0.00;0.00;291.00;0.00;0.00;0.00;1164.00;0.00;0.00;582.00;0.00;0.00;4989.34;4834.01;4934.34;4274.67;2160.00;1440.00;0.00;1670.00;3154.67;3940.00;3910.00;994.67;0.00;2694.67;2532.33;2080.00;1184.67;1600.00;1824.66;1600.00;1680.00;320.00;4070.00;5110.00
1772827807.461895;0.00;582.00;0.00;0.00;0.00;0.00;0.00;0.00;0.00;582.00;97.00;0.00;0.00;291.00;0.00;0.00;0.00;1164.00;0.00;0.00;582.00;0.00;0.00;4989.34;4834.01;4934.34;4547.00;2480.00;1750.00;0.00;1670.00;3154.67;3940.00;3910.00;994.67;320.00;2694.67;2532.33;2080.00;1334.67;1712.33;1824.66;1910.00;1680.00;320.00;4070.00;5110.00
1772827807.4641154;0.00;582.00;0.00;0.00;0.00;0.00;0.00;0.00;0.00;582.00;97.00;0.00;0.00;291.00;0.00;0.00;0.00;1164.00;0.00;0.00;582.00;0.00;0.00;4989.34;4834.01;4934.34;4547.00;2480.00;1750.00;0.00;1670.00;3154.67;3940.00;3910.00;994.67;320.00;2694.67;2532.33;2080.00;1334.67;1712.33;1824.66;1910.00;1680.00;320.00;4070.00;5110.00
1772827807.4926639;0.00;582.00;0.00;0.00;0.00;0.00;0.00;0.00;0.00;582.00;194.00;0.00;0.00;291.00;0.00;0.00;0.00;1164.00;0.00;0.00;582.00;0.00;0.00;4989.34;4834.01;4934.34;4804.00;2624.67;1910.00;160.00;1830.00;3304.67;4090.00;4060.00;994.67;320.00;2694.67;2532.33;2080.00;1334.67;1824.66;1824.66;2284.67;1680.00;320.00;4220.00;5110.00
1772827807.4951253;0.00;582.00;0.00;0.00;0.00;0.00;0.00;0.00;0.00;582.00;194.00;0.00;0.00;291.00;0.00;0.00;0.00;1164.00;0.00;0.00;582.00;0.00;0.00;4989.34;4834.01;4934.34;4804.00;2624.67;1910.00;160.00;1830.00;3304.67;4090.00;4060.00;994.67;320.00;2694.67;2532.33;2080.00;1334.67;1824.66;1824.66;2284.67;1680.00;320.00;4220.00;5110.00
1772827807.5237672;0.00;582.00;0.00;0.00;0.00;0.00;0.00;0.00;0.00;582.00;194.00;0.00;0.00;291.00;0.00;0.00;0.00;1164.00;0.00;0.00;582.00;0.00;0.00;4989.34;4834.01;4934.34;4804.00;2624.67;1910.00;160.00;1830.00;3304.67;4090.00;4060.00;994.67;320.00;2694.67;2532.33;2080.00;1334.67;1824.66;1824.66;2284.67;1680.00;320.00;4220.00;5110.00
1772827807.5261884;0.00;582.00;0.00;0.00;0.00;0.00;0.00;0.00;0.00;582.00;194.00;0.00;0.00;291.00;0.00;0.00;0.00;1164.00;0.00;0.00;582.00;0.00;0.00;4989.34;4834.01;4934.34;4804.00;2624.67;1910.00;160.00;1830.00;3304.67;4090.00;4060.00;994.67;320.00;2694.67;2532.33;2080.00;1334.67;1824.66;1824.66;2284.67;1680.00;320.00;4220.00;5110.00
1772827807.5543096;0.00;582.00;0.00;0.00;0.00;0.00;0.00;0.00;0.00;582.00;194.00;0.00;0.00;291.00;0.00;0.00;0.00;1164.00;0.00;0.00;582.00;0.00;0.00;4989.34;4834.01;4934.34;4804.00;2624.67;1910.00;160.00;1830.00;3304.67;4090.00;4060.00;994.67;320.00;2694.67;2532.33;2080.00;1334.67;1824.66;1824.66;2284.67;1680.00;320.00;4220.00;5110.00
1772827807.5568757;0.00;582.00;0.00;0.00;0.00;0.00;0.00;0.00;0.00;582.00;194.00;0.00;0.00;291.00;0.00;0.00;0.00;1164.00;0.00;0.00;582.00;0.00;0.00;4989.34;4834.01;4934.34;4804.00;2624.67;1910.00;160.00;1830.00;3304.67;4090.00;4060.00;994.67;320.00;2694.67;2532.33;2080.00;1334.67;1824.66;1824.66;2284.67;1680.00;320.00;4220.00;5110.00
1772827807.5846488;0.00;582.00;0.00;0.00;0.00;0.00;0.00;0.00;0.00;582.00;194.00;0.00;0.00;291.00;0.00;0.00;0.00;1164.00;0.00;0.00;582.00;0.00;0.00;4989.34;4834.01;4934.34;4804.00;2624.67;1910.00;160.00;1830.00;3304.67;4090.00;4060.00;994.67;320.00;2694.67;2532.33;2080.00;1334.67;1824.66;1824.66;2284.67;1680.00;320.00;4220.00;5110.00
1772827807.5870636;0.00;582.00;0.00;0.00;0.00;0.00;0.00;0.00;0.00;582.00;194.00;0.00;0.00;291.00;0.00;0.00;0.00;1164.00;0.00;0.00;582.00;0.00;0.00;4989.34;4834.01;4934.34;4804.00;2624.67;1910.00;160.00;1830.00;3304.67;4090.00;4060.00;994.67;320.00;2694.67;2532.33;2080.00;1334.67;1824.66;1824.66;2284.67;1680.00;320.00;4220.00;5110.00
1772827807.6147585;0.00;582.00;0.00;0.00;0.00;0.00;0.00;0.00;0.00;582.00;194.00;0.00;0.00;291.00;0.00;0.00;0.00;1164.00;0.00;0.00;582.00;0.00;0.00;4989.34;4834.01;4934.34;4804.00;2624.67;1910.00;160.00;1830.00;3304.67;4090.00;4060.00;994.67;320.00;2694.67;2532.33;2080.00;1334.67;1824.66;1824.66;2284.67;1680.00;320.00;4220.00;5110.00
1772827807.617097;0.00;582.00;0.00;0.00;0.00;0.00;0.00;0.00;0.00;582.00;194.00;0.00;0.00;291.00;0.00;0.00;0.00;1164.00;0.00;0.00;582.00;0.00;0.00;4989.34;4834.01;4934.34;4804.00;2624.67;1910.00;160.00;1830.00;3304.67;4090.00;4060.00;994.67;320.00;2694.67;2532.33;2080.00;1334.67;1824.66;1824.66;2284.67;1680.00;320.00;4220.00;5110.00
1772827822.5006728;0.00;582.00;0.00;0.00;0.00;0.00;0.00;97.00;0.00;582.00;194.00;0.00;0.00;291.00;0.00;0.00;0.00;1164.00;0.00;0.00;582.00;0.00;0.00;4989.34;4834.01;4934.34;4804.00;2624.67;1910.00;160.00;2070.00;3544.67;4390.00;4360.00;994.67;320.00;2694.67;2532.33;2080.00;1334.67;1824.66;1824.66;2284.67;1680.00;320.00;4520.00;5110.00
1772827822.5030723;0.00;582.00;0.00;0.00;0.00;0.00;0.00;97.00;0.00;582.00;194.00;0.00;0.00;291.00;0.00;0.00;0.00;1164.00;0.00;0.00;582.00;0.00;0.00;4989.34;4834.01;4934.34;4804.00;2624.67;1910.00;160.00;2070.00;3544.67;4390.00;4360.00;994.67;320.00;2694.67;2532.33;2080.00;1334.67;1824.66;1824.66;2284.67;1680.00;320.00;4520.00;5110.00
1772827822.5307438;0.00;582.00;0.00;0.00;0.00;0.00;0.00;194.00;0.00;582.00;194.00;0.00;0.00;291.00;0.00;0.00;0.00;1164.00;0.00;0.00;582.00;0.00;0.00;4989.34;4834.01;4934.34;4804.00;2624.67;1910.00;160.00;2310.00;3784.67;4690.00;4660.00;994.67;320.00;2694.67;2532.33;2080.00;1334.67;1824.66;1824.66;2284.67;1680.00;320.00;4820.00;5110.00
1772827822.5331333;0.00;582.00;0.00;0.00;0.00;0.00;0.00;194.00;0.00;582.00;194.00;0.00;0.00;291.00;0.00;0.00;0.00;1164.00;0.00;0.00;582.00;0.00;0.00;4989.34;4834.01;4934.34;4804.00;2624.67;1910.00;160.00;2310.00;3784.67;4690.00;4660.00;994.67;320.00;2694.67;2532.33;2080.00;1334.67;1824.66;1824.66;2284.67;1680.00;320.00;4820.00;5110.00
1772827822.5569508;0.00;582.00;0.00;0.00;0.00;0.00;0.00;291.00;0.00;582.00;194.00;0.00;0.00;291.00;0.00;0.00;0.00;1164.00;0.00;0.00;582.00;0.00;0.00;4989.34;4834.01;4934.34;4804.00;2624.67;1910.00;160.00;2550.00;4024.67;4990.00;4960.00;994.67;320.00;2694.67;2532.33;2080.00;1334.67;1824.66;1824.66;2284.67;1680.00;320.00;5120.00;5110.00
1772827822.558233;0.00;582.00;0.00;0.00;0.00;0.00;0.00;291.00;0.00;582.00;194.00;0.00;0.00;291.00;0.00;0.00;0.00;1164.00;0.00;0.00;582.00;0.00;0.00;4989.34;4834.01;4934.34;4804.00;2624.67;1910.00;160.00;2550.00;4024.67;4990.00;4960.00;994.67;320.00;2694.67;2532.33;2080.00;1334.67;1824.66;1824.66;2284.67;1680.00;320.00;5120.00;5110.00
1772827822.5751772;0.00;582.00;0.00;0.00;0.00;0.00;0.00;388.00;0.00;582.00;194.00;0.00;0.00;291.00;0.00;0.00;0.00;1164.00;0.00;0.00;582.00;0.00;0.00;4989.34;4834.01;4934.34;4804.00;2624.67;1910.00;160.00;2790.00;4264.67;4990.00;4960.00;994.67;320.00;2994.67;2532.33;2080.00;1334.67;1824.66;1824.66;2284.67;1680.00;320.00;5120.00;5110.00
1772827822.5764189;0.00;582.00;0.00;0.00;0.00;0.00;0.00;388.00;0.00;582.00;194.00;0.00;0.00;291.00;0.00;0.00;0.00;1164.00;0.00;0.00;582.00;0.00;0.00;4989.34;4834.01;4934.34;4804.00;2624.67;1910.00;160.00;2790.00;4264.67;4990.00;4960.00;994.67;320.00;2994.67;2532.33;2080.00;1334.67;1824.66;1824.66;2284.67;1680.00;320.00;5120.00;5110.00
1772827822.593648;0.00;582.00;0.00;0.00;0.00;0.00;0.00;485.00;0.00;582.00;194.00;0.00;0.00;291.00;0.00;0.00;0.00;1164.00;0.00;0.00;582.00;0.00;0.00;4989.34;4834.01;4934.34;4804.00;2624.67;1910.00;160.00;3030.00;4504.67;4990.00;4960.00;994.67;320.00;3294.67;2532.33;2080.00;1334.67;1824.66;1824.66;2284.67;1680.00;320.00;5120.00;5110.00
1772827822.5949817;0.00;582.00;0.00;0.00;0.00;0.00;0.00;485.00;0.00;582.00;194.00;0.00;0.00;291.00;0.00;0.00;0.00;1164.00;0.00;0.00;582.00;0.00;0.00;4989.34;4834.01;4934.34;4804.00;2624.67;1910.00;160.00;3030.00;4504.67;4990.00;4960.00;994.67;320.00;3294.67;2532.33;2080.00;1334.67;1824.66;1824.66;2284.67;1680.00;320.00;5120.00;5110.00
1772827822.612068;0.00;582.00;0.00;0.00;0.00;0.00;0.00;582.00;0.00;582.00;194.00;0.00;0.00;291.00;0.00;0.00;0.00;1164.00;0.00;0.00;582.00;0.00;0.00;4989.34;4834.01;4934.34;4804.00;2624.67;1910.00;160.00;3270.00;4744.67;4990.00;4960.00;994.67;320.00;3594.67;2532.33;2080.00;1334.67;1824.66;1824.66;2284.67;1680.00;320.00;5120.00;5110.00
1772827822.6133468;0.00;582.00;0.00;0.00;0.00;0.00;0.00;582.00;0.00;582.00;194.00;0.00;0.00;291.00;0.00;0.00;0.00;1164.00;0.00;0.00;582.00;0.00;0.00;4989.34;4834.01;4934.34;4804.00;2624.67;1910.00;160.00;3270.00;4744.67;4990.00;4960.00;994.67;320.00;3594.67;2532.33;2080.00;1334.67;1824.66;1824.66;2284.67;1680.00;320.00;5120.00;5110.00
1772827841.5350018;0.00;582.00;97.00;0.00;0.00;0.00;0.00;582.00;0.00;582.00;194.00;0.00;0.00;291.00;0.00;0.00;0.00;0.00;0.00;0.00;582.00;0.00;0.00;310.00;240.00;240.00;240.00;2721.67;2007.00;160.00;3270.00;4744.67;4990.00;4960.00;0.00;320.00;3594.67;2532.33;2080.00;374.67;0.00;0.00;2284.67;1680.00;320.00;4800.00;460.00
1772827841.5371103;0.00;582.00;97.00;0.00;0.00;0.00;0.00;582.00;0.00;582.00;194.00;0.00;0.00;291.00;0.00;0.00;0.00;0.00;0.00;0.00;582.00;0.00;0.00;310.00;240.00;240.00;240.00;2721.67;2007.00;160.00;3270.00;4744.67;4990.00;4960.00;0.00;320.00;3594.67;2532.33;2080.00;374.67;0.00;0.00;2284.67;1680.00;320.00;4800.00;460.00
1772827841.5687923;0.00;582.00;194.00;0.00;0.00;0.00;0.00;582.00;0.00;582.00;194.00;0.00;0.00;291.00;0.00;0.00;0.00;0.00;0.00;0.00;582.00;0.00;0.00;620.00;480.00;480.00;480.00;2818.67;2104.00;160.00;3270.00;4744.67;4990.00;4960.00;0.00;320.00;3594.67;2532.33;2080.00;374.67;0.00;480.00;2284.67;1680.00;320.00;4800.00;760.00
1772827841.5708623;0.00;582.00;194.00;0.00;0.00;0.00;0.00;582.00;0.00;582.00;194.00;0.00;0.00;291.00;0.00;0.00;0.00;0.00;0.00;0.00;582.00;0.00;0.00;620.00;480.00;480.00;480.00;2818.67;2104.00;160.00;3270.00;4744.67;4990.00;4960.00;0.00;320.00;3594.67;2532.33;2080.00;374.67;0.00;480.00;2284.67;1680.00;320.00;4800.00;760.00
1772827841.7093701;0.00;582.00;291.00;0.00;0.00;0.00;0.00;582.00;0.00;582.00;194.00;0.00;0.00;291.00;0.00;0.00;0.00;0.00;0.00;0.00;582.00;0.00;0.00;930.00;720.00;720.00;720.00;2915.67;2201.00;160.00;3270.00;4744.67;4990.00;4960.00;0.00;320.00;3594.67;2532.33;2080.00;374.67;0.00;960.00;2284.67;1680.00;320.00;4800.00;1060.00
1772827841.7115889;0.00;582.00;291.00;0.00;0.00;0.00;0.00;582.00;0.00;582.00;194.00;0.00;0.00;291.00;0.00;0.00;0.00;0.00;0.00;0.00;582.00;0.00;0.00;930.00;720.00;720.00;720.00;2915.67;2201.00;160.00;3270.00;4744.67;4990.00;4960.00;0.00;320.00;3594.67;2532.33;2080.00;374.67;0.00;960.00;2284.67;1680.00;320.00;4800.00;1060.00
1772827841.742657;0.00;582.00;388.00;0.00;0.00;0.00;0.00;582.00;0.00;582.00;194.00;0.00;0.00;291.00;0.00;0.00;0.00;0.00;0.00;0.00;582.00;0.00;0.00;1230.00;950.00;950.00;960.00;3012.67;2298.00;160.00;3270.00;4744.67;4990.00;4960.00;0.00;320.00;3594.67;2532.33;2080.00;684.67;320.00;1120.00;2284.67;1680.00;320.00;4800.00;1360.00
1772827841.7448547;0.00;582.00;388.00;0.00;0.00;0.00;0.00;582.00;0.00;582.00;194.00;0.00;0.00;291.00;0.00;0.00;0.00;0.00;0.00;0.00;582.00;0.00;0.00;1230.00;950.00;950.00;960.00;3012.67;2298.00;160.00;3270.00;4744.67;4990.00;4960.00;0.00;320.00;3594.67;2532.33;2080.00;684.67;320.00;1120.00;2284.67;1680.00;320.00;4800.00;1360.00
1772827841.775862;0.00;582.00;485.00;0.00;0.00;0.00;0.00;582.00;0.00;582.00;194.00;0.00;0.00;291.00;0.00;0.00;0.00;0.00;0.00;0.00;582.00;0.00;0.00;1540.00;1190.00;1190.00;1200.00;3109.67;2395.00;160.00;3270.00;4744.67;4990.00;4960.00;0.00;320.00;3594.67;2532.33;2080.00;1004.67;544.67;1280.00;2284.67;1680.00;320.00;4800.00;1660.00
1772827841.778029;0.00;582.00;485.00;0.00;0.00;0.00;0.00;582.00;0.00;582.00;194.00;0.00;0.00;291.00;0.00;0.00;0.00;0.00;0.00;0.00;582.00;0.00;0.00;1540.00;1190.00;1190.00;1200.00;3109.67;2395.00;160.00;3270.00;4744.67;4990.00;4960.00;0.00;320.00;3594.67;2532.33;2080.00;1004.67;544.67;1280.00;2284.67;1680.00;320.00;4800.00;1660.00
1772827841.8084054;0.00;582.00;582.00;0.00;0.00;0.00;0.00;582.00;0.00;582.00;194.00;0.00;0.00;291.00;0.00;0.00;0.00;0.00;0.00;0.00;582.00;0.00;0.00;1840.00;1420.00;1430.00;1440.00;3206.67;2492.00;160.00;3270.00;4744.67;4990.00;4960.00;0.00;320.00;3594.67;2532.33;2080.00;1324.67;881.67;1440.00;2284.67;1680.00;320.00;4800.00;1960.00
1772827841.8106105;0.00;582.00;582.00;0.00;0.00;0.00;0.00;582.00;0.00;582.00;194.00;0.00;0.00;291.00;0.00;0.00;0.00;0.00;0.00;0.00;582.00;0.00;0.00;1840.00;1420.00;1430.00;1440.00;3206.67;2492.00;160.00;3270.00;4744.67;4990.00;4960.00;0.00;320.00;3594.67;2532.33;2080.00;1324.67;881.67;1440.00;2284.67;1680.00;320.00;4800.00;1960.00
1772827859.566653;0.00;582.00;582.00;0.00;0.00;0.00;0.00;582.00;0.00;582.00;194.00;0.00;97.00;291.00;0.00;0.00;0.00;0.00;0.00;0.00;0.00;0.00;0.00;300.00;240.00;240.00;240.00;0.00;0.00;160.00;3270.00;4744.67;4990.00;4960.00;0.00;320.00;3594.67;2532.33;2080.00;1324.67;881.67;1600.00;0.00;330.00;320.00;4800.00;300.00
1772827859.5678039;0.00;582.00;582.00;0.00;0.00;0.00;0.00;582.00;0.00;582.00;194.00;0.00;97.00;291.00;0.00;0.00;0.00;0.00;0.00;0.00;0.00;0.00;0.00;300.00;240.00;240.00;240.00;0.00;0.00;160.00;3270.00;4744.67;4990.00;4960.00;0.00;320.00;3594.67;2532.33;2080.00;1324.67;881.67;1600.00;0.00;330.00;320.00;4800.00;300.00
1772827859.58738;0.00;582.00;582.00;0.00;0.00;0.00;0.00;582.00;0.00;582.00;194.00;0.00;194.00;291.00;0.00;0.00;0.00;0.00;0.00;0.00;0.00;0.00;0.00;600.00;550.00;550.00;710.00;0.00;0.00;160.00;3270.00;4744.67;4990.00;4960.00;0.00;320.00;3594.67;2532.33;2080.00;1324.67;994.00;1600.00;0.00;330.00;320.00;4800.00;600.00
1772827859.5885813;0.00;582.00;582.00;0.00;0.00;0.00;0.00;582.00;0.00;582.00;194.00;0.00;194.00;291.00;0.00;0.00;0.00;0.00;0.00;0.00;0.00;0.00;0.00;600.00;550.00;550.00;710.00;0.00;0.00;160.00;3270.00;4744.67;4990.00;4960.00;0.00;320.00;3594.67;2532.33;2080.00;1324.67;994.00;1600.00;0.00;330.00;320.00;4800.00;600.00
1772827859.6094344;0.00;582.00;582.00;0.00;0.00;0.00;0.00;582.00;0.00;582.00;194.00;0.00;291.00;291.00;0.00;0.00;0.00;0.00;0.00;0.00;0.00;0.00;0.00;900.00;860.00;860.00;1180.00;0.00;0.00;160.00;3270.00;4744.67;4990.00;4960.00;0.00;320.00;3594.67;2532.33;2080.00;1324.67;1106.33;1600.00;0.00;330.00;320.00;4800.00;900.00
1772827859.6108642;0.00;582.00;582.00;0.00;0.00;0.00;0.00;582.00;0.00;582.00;194.00;0.00;291.00;291.00;0.00;0.00;0.00;0.00;0.00;0.00;0.00;0.00;0.00;900.00;860.00;860.00;1180.00;0.00;0.00;160.00;3270.00;4744.67;4990.00;4960.00;0.00;320.00;3594.67;2532.33;2080.00;1324.67;1106.33;1600.00;0.00;330.00;320.00;4800.00;900.00
1772827859.6338801;0.00;582.00;582.00;0.00;0.00;0.00;0.00;582.00;0.00;582.00;194.00;0.00;388.00;291.00;0.00;0.00;0.00;0.00;0.00;0.00;0.00;0.00;0.00;1200.00;1170.00;1170.00;1650.00;0.00;0.00;160.00;3270.00;4744.67;4990.00;4960.00;0.00;320.00;3594.67;2532.33;2080.00;1324.67;1218.66;1600.00;0.00;330.00;320.00;4800.00;1200.00
1772827859.6356869;0.00;582.00;582.00;0.00;0.00;0.00;0.00;582.00;0.00;582.00;194.00;0.00;388.00;291.00;0.00;0.00;0.00;0.00;0.00;0.00;0.00;0.00;0.00;1200.00;1170.00;1170.00;1650.00;0.00;0.00;160.00;3270.00;4744.67;4990.00;4960.00;0.00;320.00;3594.67;2532.33;2080.00;1324.67;1218.66;1600.00;0.00;330.00;320.00;4800.00;1200.00
1772827859.6566143;0.00;582.00;582.00;0.00;0.00;0.00;0.00;582.00;0.00;582.00;194.00;0.00;485.00;291.00;0.00;0.00;0.00;0.00;0.00;0.00;0.00;0.00;0.00;1500.00;1480.00;1480.00;1960.00;230.00;0.00;160.00;3270.00;4744.67;4990.00;4960.00;0.00;320.00;3594.67;2532.33;2080.00;1324.67;1218.66;1600.00;160.00;330.00;320.00;4800.00;1500.00
1772827859.657877;0.00;582.00;582.00;0.00;0.00;0.00;0.00;582.00;0.00;582.00;194.00;0.00;485.00;291.00;0.00;0.00;0.00;0.00;0.00;0.00;0.00;0.00;0.00;1500.00;1480.00;1480.00;1960.00;230.00;0.00;160.00;3270.00;4744.67;4990.00;4960.00;0.00;320.00;3594.67;2532.33;2080.00;1324.67;1218.66;1600.00;160.00;330.00;320.00;4800.00;1500.00
1772827859.6783304;0.00;582.00;582.00;0.00;0.00;0.00;0.00;582.00;0.00;582.00;194.00;0.00;582.00;291.00;0.00;0.00;0.00;0.00;0.00;0.00;0.00;0.00;0.00;1800.00;1790.00;1790.00;2494.67;342.33;0.00;160.00;3270.00;4744.67;4990.00;4960.00;0.00;320.00;3594.67;2532.33;2080.00;1324.67;1218.66;1600.00;320.00;330.00;320.00;4800.00;1800.00
1772827859.6795945;0.00;582.00;582.00;0.00;0.00;0.00;0.00;582.00;0.00;582.00;194.00;0.00;582.00;291.00;0.00;0.00;0.00;0.00;0.00;0.00;0.00;0.00;0.00;1800.00;1790.00;1790.00;2494.67;342.33;0.00;160.00;3270.00;4744.67;4990.00;4960.00;0.00;320.00;3594.67;2532.33;2080.00;1324.67;1218.66;1600.00;320.00;330.00;320.00;4800.00;1800.00
1772827877.599015;0.00;582.00;582.00;0.00;0.00;0.00;0.00;582.00;0.00;582.00;194.00;0.00;582.00;291.00;0.00;0.00;0.00;0.00;0.00;0.00;0.00;97.00;0.00;2030.00;2020.00;2020.00;2724.67;572.33;230.00;160.00;3270.00;4744.67;4990.00;4960.00;454.67;550.00;3594.67;2532.33;2080.00;1324.67;1218.66;1600.00;320.00;330.00;320.00;5280.00;2100.00
1772827877.6004553;0.00;582.00;582.00;0.00;0.00;0.00;0.00;582.00;0.00;582.00;194.00;0.00;582.00;291.00;0.00;0.00;0.00;0.00;0.00;0.00;0.00;97.00;0.00;2030.00;2020.00;2020.00;2724.67;572.33;230.00;160.00;3270.00;4744.67;4990.00;4960.00;454.67;550.00;3594.67;2532.33;2080.00;1324.67;1218.66;1600.00;320.00;330.00;320.00;5280.00;2100.00
1772827877.620114;0.00;582.00;582.00;0.00;0.00;0.00;0.00;582.00;0.00;582.00;194.00;0.00;582.00;291.00;0.00;0.00;0.00;0.00;0.00;0.00;0.00;194.00;0.00;2570.00;2560.00;2560.00;3264.67;1112.33;460.00;160.00;3270.00;4744.67;4990.00;4960.00;694.67;550.00;3594.67;2532.33;2080.00;1324.67;1218.66;1600.00;800.00;330.00;320.00;5280.00;2400.00
1772827877.6213346;0.00;582.00;582.00;0.00;0.00;0.00;0.00;582.00;0.00;582.00;194.00;0.00;582.00;291.00;0.00;0.00;0.00;0.00;0.00;0.00;0.00;194.00;0.00;2570.00;2560.00;2560.00;3264.67;1112.33;460.00;160.00;3270.00;4744.67;4990.00;4960.00;694.67;550.00;3594.67;2532.33;2080.00;1324.67;1218.66;1600.00;800.00;330.00;320.00;5280.00;2400.00
1772827877.6403394;0.00;582.00;582.00;0.00;0.00;0.00;0.00;582.00;0.00;582.00;194.00;0.00;582.00;291.00;0.00;0.00;0.00;0.00;0.00;0.00;0.00;291.00;0.00;3024.67;3014.67;3110.00;3814.67;1662.33;690.00;160.00;3270.00;4744.67;4990.00;4960.00;1149.34;550.00;3594.67;2532.33;2080.00;1324.67;1218.66;1600.00;960.00;330.00;320.00;5280.00;2700.00
1772827877.641609;0.00;582.00;582.00;0.00;0.00;0.00;0.00;582.00;0.00;582.00;194.00;0.00;582.00;291.00;0.00;0.00;0.00;0.00;0.00;0.00;0.00;291.00;0.00;3024.67;3014.67;3110.00;3814.67;1662.33;690.00;160.00;3270.00;4744.67;4990.00;4960.00;1149.34;550.00;3594.67;2532.33;2080.00;1324.67;1218.66;1600.00;960.00;330.00;320.00;5280.00;2700.00
1772827877.6613805;0.00;582.00;582.00;0.00;0.00;0.00;0.00;582.00;0.00;582.00;194.00;0.00;582.00;291.00;0.00;0.00;0.00;0.00;0.00;0.00;0.00;388.00;0.00;3469.34;3459.34;3554.67;4259.34;2202.33;1230.00;160.00;3270.00;4744.67;4990.00;4960.00;1294.01;870.00;3594.67;2532.33;2080.00;1324.67;1218.66;1600.00;1120.00;330.00;320.00;5280.00;3000.00
1772827877.6629753;0.00;582.00;582.00;0.00;0.00;0.00;0.00;582.00;0.00;582.00;194.00;0.00;582.00;291.00;0.00;0.00;0.00;0.00;0.00;0.00;0.00;388.00;0.00;3469.34;3459.34;3554.67;4259.34;2202.33;1230.00;160.00;3270.00;4744.67;4990.00;4960.00;1294.01;870.00;3594.67;2532.33;2080.00;1324.67;1218.66;1600.00;1120.00;330.00;320.00;5280.00;3000.00
1772827877.7488525;0.00;582.00;582.00;0.00;0.00;0.00;0.00;582.00;0.00;582.00;194.00;0.00;582.00;291.00;0.00;0.00;0.00;0.00;0.00;0.00;0.00;485.00;0.00;3866.34;3904.01;3999.34;4704.01;2647.00;1770.00;160.00;3270.00;4744.67;4990.00;4960.00;1391.01;1190.00;3594.67;2532.33;2080.00;1324.67;1218.66;1600.00;1280.00;330.00;320.00;5280.00;3300.00
1772827877.750342;0.00;582.00;582.00;0.00;0.00;0.00;0.00;582.00;0.00;582.00;194.00;0.00;582.00;291.00;0.00;0.00;0.00;0.00;0.00;0.00;0.00;485.00;0.00;3866.34;3904.01;3999.34;4704.01;2647.00;1770.00;160.00;3270.00;4744.67;4990.00;4960.00;1391.01;1190.00;3594.67;2532.33;2080.00;1324.67;1218.66;1600.00;1280.00;330.00;320.00;5280.00;3300.00
1772827877.7700121;0.00;582.00;582.00;0.00;0.00;0.00;0.00;582.00;0.00;582.00;194.00;0.00;582.00;291.00;0.00;0.00;0.00;0.00;0.00;0.00;0.00;582.00;0.00;4113.34;4151.01;4294.01;4998.68;2941.67;2310.00;160.00;3270.00;4744.67;4990.00;4960.00;1488.01;1510.00;3594.67;2532.33;2080.00;1324.67;1218.66;1600.00;1590.00;330.00;320.00;5280.00;3450.00
1772827877.7713492;0.00;582.00;582.00;0.00;0.00;0.00;0.00;582.00;0.00;582.00;194.00;0.00;582.00;291.00;0.00;0.00;0.00;0.00;0.00;0.00;0.00;582.00;0.00;4113.34;4151.01;4294.01;4998.68;2941.67;2310.00;160.00;3270.00;4744.67;4990.00;4960.00;1488.01;1510.00;3594.67;2532.33;2080.00;1324.67;1218.66;1600.00;1590.00;330.00;320.00;5280.00;3450.00
1772827901.6392186;0.00;582.00;582.00;0.00;0.00;0.00;0.00;582.00;0.00;0.00;194.00;0.00;582.00;0.00;0.00;0.00;0.00;0.00;0.00;0.00;97.00;582.00;0.00;4348.67;3921.67;314.67;4604.01;2861.67;2550.00;160.00;710.00;0.00;0.00;0.00;1423.34;1510.00;3044.67;0.00;0.00;1100.00;1058.66;1215.34;1750.00;0.00;0.00;0.00;3750.00
1772827901.6415806;0.00;582.00;582.00;0.00;0.00;0.00;0.00;582.00;0.00;0.00;194.00;0.00;582.00;0.00;0.00;0.00;0.00;0.00;0.00;0.00;97.00;582.00;0.00;4348.67;3921.67;314.67;4604.01;2861.67;2550.00;160.00;710.00;0.00;0.00;0.00;1423.34;1510.00;3044.67;0.00;0.00;1100.00;1058.66;1215.34;1750.00;0.00;0.00;0.00;3750.00
1772827901.6773932;0.00;582.00;582.00;0.00;0.00;0.00;0.00;582.00;0.00;0.00;194.00;0.00;582.00;0.00;0.00;0.00;0.00;0.00;0.00;0.00;194.00;582.00;0.00;4648.67;4221.67;614.67;4844.01;3101.67;2790.00;160.00;710.00;0.00;0.00;0.00;1423.34;1510.00;3044.67;0.00;0.00;1100.00;1218.66;1215.34;1750.00;0.00;0.00;0.00;4050.00
1772827901.6797292;0.00;582.00;582.00;0.00;0.00;0.00;0.00;582.00;0.00;0.00;194.00;0.00;582.00;0.00;0.00;0.00;0.00;0.00;0.00;0.00;194.00;582.00;0.00;4648.67;4221.67;614.67;4844.01;3101.67;2790.00;160.00;710.00;0.00;0.00;0.00;1423.34;1510.00;3044.67;0.00;0.00;1100.00;1218.66;1215.34;1750.00;0.00;0.00;0.00;4050.00
1772827901.7138789;0.00;582.00;582.00;0.00;0.00;0.00;0.00;582.00;0.00;0.00;194.00;0.00;582.00;0.00;0.00;0.00;0.00;0.00;0.00;0.00;291.00;582.00;0.00;4798.67;4371.67;764.67;4994.01;3251.67;3570.00;160.00;710.00;0.00;0.00;0.00;1423.34;1932.33;3044.67;0.00;0.00;1100.00;1218.66;1215.34;1900.00;0.00;0.00;0.00;4200.00
1772827901.7161872;0.00;582.00;582.00;0.00;0.00;0.00;0.00;582.00;0.00;0.00;194.00;0.00;582.00;0.00;0.00;0.00;0.00;0.00;0.00;0.00;291.00;582.00;0.00;4798.67;4371.67;764.67;4994.01;3251.67;3570.00;160.00;710.00;0.00;0.00;0.00;1423.34;1932.33;3044.67;0.00;0.00;1100.00;1218.66;1215.34;1900.00;0.00;0.00;0.00;4200.00
1772827901.7506487;0.00;582.00;582.00;0.00;0.00;0.00;0.00;582.00;0.00;0.00;194.00;0.00;582.00;0.00;0.00;0.00;0.00;0.00;0.00;0.00;388.00;582.00;0.00;4798.67;4371.67;764.67;4994.01;3251.67;3880.00;320.00;870.00;160.00;160.00;150.00;1423.34;2044.66;3044.67;0.00;0.00;1100.00;1218.66;1215.34;2050.00;0.00;320.00;150.00;4200.00
1772827901.753124;0.00;582.00;582.00;0.00;0.00;0.00;0.00;582.00;0.00;0.00;194.00;0.00;582.00;0.00;0.00;0.00;0.00;0.00;0.00;0.00;388.00;582.00;0.00;4798.67;4371.67;764.67;4994.01;3251.67;3880.00;320.00;870.00;160.00;160.00;150.00;1423.34;2044.66;3044.67;0.00;0.00;1100.00;1218.66;1215.34;2050.00;0.00;320.00;150.00;4200.00
1772827901.7870998;0.00;582.00;582.00;0.00;0.00;0.00;0.00;582.00;0.00;0.00;194.00;0.00;582.00;0.00;0.00;0.00;0.00;0.00;0.00;0.00;485.00;582.00;0.00;4798.67;4371.67;764.67;4994.01;3251.67;4190.00;480.00;1030.00;310.00;310.00;300.00;1423.34;2156.99;3044.67;310.00;320.00;1100.00;1218.66;1215.34;2200.00;0.00;320.00;300.00;4200.00
1772827901.7896411;0.00;582.00;582.00;0.00;0.00;0.00;0.00;582.00;0.00;0.00;194.00;0.00;582.00;0.00;0.00;0.00;0.00;0.00;0.00;0.00;485.00;582.00;0.00;4798.67;4371.67;764.67;4994.01;3251.67;4190.00;480.00;1030.00;310.00;310.00;300.00;1423.34;2156.99;3044.67;310.00;320.00;1100.00;1218.66;1215.34;2200.00;0.00;320.00;300.00;4200.00
1772827901.8232656;0.00;582.00;582.00;0.00;0.00;0.00;0.00;582.00;0.00;0.00;194.00;0.00;582.00;0.00;0.00;0.00;0.00;0.00;0.00;0.00;582.00;582.00;0.00;4798.67;4371.67;764.67;4994.01;3251.67;4500.00;640.00;1190.00;460.00;460.00;450.00;1423.34;2269.32;3044.67;620.00;640.00;1100.00;1218.66;1215.34;2350.00;0.00;320.00;450.00;4200.00
1772827901.8257442;0.00;582.00;582.00;0.00;0.00;0.00;0.00;582.00;0.00;0.00;194.00;0.00;582.00;0.00;0.00;0.00;0.00;0.00;0.00;0.00;582.00;582.00;0.00;4798.67;4371.67;764.67;4994.01;3251.67;4500.00;640.00;1190.00;460.00;460.00;450.00;1423.34;2269.32;3044.67;620.00;640.00;1100.00;1218.66;1215.34;2350.00;0.00;320.00;450.00;4200.00
1772827919.6618934;0.00;582.00;582.00;0.00;97.00;0.00;0.00;582.00;0.00;0.00;194.00;0.00;582.00;0.00;0.00;0.00;0.00;0.00;0.00;0.00;582.00;582.00;0.00;4798.67;4371.67;764.67;4994.01;3251.67;4500.00;640.00;1190.00;940.00;760.00;750.00;1423.34;2269.32;3584.67;1100.00;640.00;1100.00;1218.66;1215.34;2350.00;0.00;320.00;750.00;4200.00
1772827919.663266;0.00;582.00;582.00;0.00;97.00;0.00;0.00;582.00;0.00;0.00;194.00;0.00;582.00;0.00;0.00;0.00;0.00;0.00;0.00;0.00;582.00;582.00;0.00;4798.67;4371.67;764.67;4994.01;3251.67;4500.00;640.00;1190.00;940.00;760.00;750.00;1423.34;2269.32;3584.67;1100.00;640.00;1100.00;1218.66;1215.34;2350.00;0.00;320.00;750.00;4200.00
1772827919.6834795;0.00;582.00;582.00;0.00;194.00;0.00;0.00;582.00;0.00;0.00;194.00;0.00;582.00;0.00;0.00;0.00;0.00;0.00;0.00;0.00;582.00;582.00;0.00;4798.67;4371.67;764.67;4994.01;3251.67;4500.00;640.00;1190.00;1480.00;1060.00;1050.00;1423.34;2269.32;3584.67;1580.00;640.00;1100.00;1218.66;1215.34;2350.00;0.00;320.00;1050.00;4200.00
1772827919.6847959;0.00;582.00;582.00;0.00;194.00;0.00;0.00;582.00;0.00;0.00;194.00;0.00;582.00;0.00;0.00;0.00;0.00;0.00;0.00;0.00;582.00;582.00;0.00;4798.67;4371.67;764.67;4994.01;3251.67;4500.00;640.00;1190.00;1480.00;1060.00;1050.00;1423.34;2269.32;3584.67;1580.00;640.00;1100.00;1218.66;1215.34;2350.00;0.00;320.00;1050.00;4200.00
1772827919.7048228;0.00;582.00;582.00;0.00;291.00;0.00;0.00;582.00;0.00;0.00;194.00;0.00;582.00;0.00;0.00;0.00;0.00;0.00;0.00;0.00;582.00;582.00;0.00;4798.67;4371.67;764.67;4994.01;3251.67;4500.00;640.00;1510.00;1924.67;1360.00;1350.00;1423.34;2269.32;3584.67;2050.00;960.00;1100.00;1218.66;1215.34;2350.00;0.00;320.00;1350.00;4200.00
1772827919.7061322;0.00;582.00;582.00;0.00;291.00;0.00;0.00;582.00;0.00;0.00;194.00;0.00;582.00;0.00;0.00;0.00;0.00;0.00;0.00;0.00;582.00;582.00;0.00;4798.67;4371.67;764.67;4994.01;3251.67;4500.00;640.00;1510.00;1924.67;1360.00;1350.00;1423.34;2269.32;3584.67;2050.00;960.00;1100.00;1218.66;1215.34;2350.00;0.00;320.00;1350.00;4200.00
1772827919.7261753;0.00;582.00;582.00;0.00;388.00;0.00;0.00;582.00;0.00;0.00;194.00;0.00;582.00;0.00;0.00;0.00;0.00;0.00;0.00;0.00;582.00;582.00;0.00;4798.67;4371.67;764.67;4994.01;3251.67;4500.00;640.00;1820.00;2369.34;1660.00;1650.00;1423.34;2269.32;3584.67;2210.00;1280.00;1100.00;1218.66;1215.34;2350.00;0.00;320.00;1650.00;4200.00
1772827919.7275033;0.00;582.00;582.00;0.00;388.00;0.00;0.00;582.00;0.00;0.00;194.00;0.00;582.00;0.00;0.00;0.00;0.00;0.00;0.00;0.00;582.00;582.00;0.00;4798.67;4371.67;764.67;4994.01;3251.67;4500.00;640.00;1820.00;2369.34;1660.00;1650.00;1423.34;2269.32;3584.67;2210.00;1280.00;1100.00;1218.66;1215.34;2350.00;0.00;320.00;1650.00;4200.00
1772827919.7476397;0.00;582.00;582.00;0.00;485.00;0.00;0.00;582.00;0.00;0.00;194.00;0.00;582.00;0.00;0.00;0.00;0.00;0.00;0.00;0.00;582.00;582.00;0.00;4798.67;4371.67;764.67;4994.01;3251.67;4500.00;640.00;2290.00;2766.34;1960.00;1950.00;1423.34;2269.32;3584.67;2440.00;1760.00;1100.00;1218.66;1215.34;2350.00;0.00;320.00;1950.00;4200.00
1772827919.7489917;0.00;582.00;582.00;0.00;485.00;0.00;0.00;582.00;0.00;0.00;194.00;0.00;582.00;0.00;0.00;0.00;0.00;0.00;0.00;0.00;582.00;582.00;0.00;4798.67;4371.67;764.67;4994.01;3251.67;4500.00;640.00;2290.00;2766.34;1960.00;1950.00;1423.34;2269.32;3584.67;2440.00;1760.00;1100.00;1218.66;1215.34;2350.00;0.00;320.00;1950.00;4200.00
1772827919.769324;0.00;582.00;582.00;0.00;582.00;0.00;0.00;582.00;0.00;0.00;194.00;0.00;582.00;0.00;0.00;0.00;0.00;0.00;0.00;0.00;582.00;582.00;0.00;4798.67;4371.67;764.67;4994.01;3251.67;4500.00;960.00;2712.33;3163.34;2260.00;2250.00;1423.34;2269.32;3584.67;2440.00;1872.33;1100.00;1218.66;1215.34;2350.00;0.00;320.00;2250.00;4200.00
1772827919.7707853;0.00;582.00;582.00;0.00;582.00;0.00;0.00;582.00;0.00;0.00;194.00;0.00;582.00;0.00;0.00;0.00;0.00;0.00;0.00;0.00;582.00;582.00;0.00;4798.67;4371.67;764.67;4994.01;3251.67;4500.00;960.00;2712.33;3163.34;2260.00;2250.00;1423.34;2269.32;3584.67;2440.00;1872.33;1100.00;1218.66;1215.34;2350.00;0.00;320.00;2250.00;4200.00
1772827937.7942324;0.00;0.00;582.00;0.00;679.00;0.00;0.00;582.00;0.00;0.00;194.00;0.00;582.00;0.00;0.00;0.00;0.00;0.00;0.00;0.00;582.00;582.00;0.00;4798.67;4371.67;764.67;4994.01;3251.67;4500.00;960.00;2482.33;1268.67;300.00;300.00;1423.34;2269.32;422.33;2327.67;1712.33;1100.00;1218.66;1215.34;2350.00;0.00;320.00;300.00;4200.00
1772827937.7955928;0.00;0.00;582.00;0.00;679.00;0.00;0.00;582.00;0.00;0.00;194.00;0.00;582.00;0.00;0.00;0.00;0.00;0.00;0.00;0.00;582.00;582.00;0.00;4798.67;4371.67;764.67;4994.01;3251.67;4500.00;960.00;2482.33;1268.67;300.00;300.00;1423.34;2269.32;422.33;2327.67;1712.33;1100.00;1218.66;1215.34;2350.00;0.00;320.00;300.00;4200.00
1772827937.8159847;0.00;0.00;582.00;0.00;776.00;0.00;0.00;582.00;0.00;0.00;194.00;0.00;582.00;0.00;0.00;0.00;0.00;0.00;0.00;0.00;582.00;582.00;0.00;4798.67;4371.67;764.67;4994.01;3251.67;4500.00;960.00;2482.33;1748.67;600.00;600.00;1423.34;2269.32;844.66;2327.67;1712.33;1100.00;1218.66;1215.34;2350.00;0.00;320.00;600.00;4200.00
1772827937.817289;0.00;0.00;582.00;0.00;776.00;0.00;0.00;582.00;0.00;0.00;194.00;0.00;582.00;0.00;0.00;0.00;0.00;0.00;0.00;0.00;582.00;582.00;0.00;4798.67;4371.67;764.67;4994.01;3251.67;4500.00;960.00;2482.33;1748.67;600.00;600.00;1423.34;2269.32;844.66;2327.67;1712.33;1100.00;1218.66;1215.34;2350.00;0.00;320.00;600.00;4200.00
1772827937.8389666;0.00;0.00;582.00;0.00;873.00;0.00;0.00;582.00;0.00;0.00;194.00;0.00;582.00;0.00;0.00;0.00;0.00;0.00;0.00;0.00;582.00;582.00;0.00;4798.67;4371.67;764.67;4994.01;3251.67;4500.00;960.00;2482.33;2228.67;900.00;900.00;1423.34;2269.32;1266.99;2327.67;1712.33;1100.00;1218.66;1215.34;2350.00;0.00;320.00;900.00;4200.00
1772827937.840409;0.00;0.00;582.00;0.00;873.00;0.00;0.00;582.00;0.00;0.00;194.00;0.00;582.00;0.00;0.00;0.00;0.00;0.00;0.00;0.00;582.00;582.00;0.00;4798.67;4371.67;764.67;4994.01;3251.67;4500.00;960.00;2482.33;2228.67;900.00;900.00;1423.34;2269.32;1266.99;2327.67;1712.33;1100.00;1218.66;1215.34;2350.00;0.00;320.00;900.00;4200.00
1772827937.861206;0.00;0.00;582.00;0.00;970.00;0.00;0.00;582.00;0.00;0.00;194.00;0.00;582.00;0.00;0.00;0.00;0.00;0.00;0.00;0.00;582.00;582.00;0.00;4798.67;4371.67;764.67;4994.01;3251.67;4500.00;960.00;2482.33;2388.67;1210.00;1200.00;1423.34;2269.32;1603.99;2327.67;1712.33;1100.00;1218.66;1215.34;2350.00;0.00;320.00;1200.00;4200.00
1772827937.8626485;0.00;0.00;582.00;0.00;970.00;0.00;0.00;582.00;0.00;0.00;194.00;0.00;582.00;0.00;0.00;0.00;0.00;0.00;0.00;0.00;582.00;582.00;0.00;4798.67;4371.67;764.67;4994.01;3251.67;4500.00;960.00;2482.33;2388.67;1210.00;1200.00;1423.34;2269.32;1603.99;2327.67;1712.33;1100.00;1218.66;1215.34;2350.00;0.00;320.00;1200.00;4200.00
1772827937.8856287;0.00;0.00;582.00;0.00;1067.00;0.00;0.00;582.00;0.00;0.00;194.00;0.00;582.00;0.00;0.00;0.00;0.00;0.00;0.00;0.00;582.00;582.00;0.00;4798.67;4371.67;764.67;4994.01;3251.67;4500.00;960.00;2482.33;2548.67;1520.00;1500.00;1423.34;2269.32;1940.99;2327.67;1712.33;1100.00;1218.66;1215.34;2350.00;0.00;320.00;1500.00;4200.00
1772827937.887093;0.00;0.00;582.00;0.00;1067.00;0.00;0.00;582.00;0.00;0.00;194.00;0.00;582.00;0.00;0.00;0.00;0.00;0.00;0.00;0.00;582.00;582.00;0.00;4798.67;4371.67;764.67;4994.01;3251.67;4500.00;960.00;2482.33;2548.67;1520.00;1500.00;1423.34;2269.32;1940.99;2327.67;1712.33;1100.00;1218.66;1215.34;2350.00;0.00;320.00;1500.00;4200.00
1772827937.907269;0.00;0.00;582.00;0.00;1164.00;0.00;0.00;582.00;0.00;0.00;194.00;0.00;582.00;0.00;0.00;0.00;0.00;0.00;0.00;0.00;582.00;582.00;0.00;4798.67;4371.67;764.67;4994.01;3251.67;4500.00;960.00;2802.33;2885.67;1820.00;1800.00;1423.34;2269.32;1940.99;2440.00;1712.33;1100.00;1218.66;1215.34;2350.00;0.00;320.00;1800.00;4200.00
1772827937.9087057;0.00;0.00;582.00;0.00;1164.00;0.00;0.00;582.00;0.00;0.00;194.00;0.00;582.00;0.00;0.00;0.00;0.00;0.00;0.00;0.00;582.00;582.00;0.00;4798.67;4371.67;764.67;4994.01;3251.67;4500.00;960.00;2802.33;2885.67;1820.00;1800.00;1423.34;2269.32;1940.99;2440.00;1712.33;1100.00;1218.66;1215.34;2350.00;0.00;320.00;1800.00;4200.00
1772827954.8496518;0.00;0.00;0.00;0.00;1164.00;0.00;0.00;0.00;0.00;0.00;0.00;0.00;679.00;0.00;0.00;0.00;0.00;0.00;0.00;0.00;582.00;582.00;0.00;310.00;1291.67;240.00;704.68;2045.00;3448.00;800.00;0.00;0.00;0.00;0.00;1423.34;1949.32;0.00;2440.00;1712.33;0.00;0.00;0.00;1365.33;480.00;320.00;0.00;460.00
1772827954.851845;0.00;0.00;0.00;0.00;1164.00;0.00;0.00;0.00;0.00;0.00;0.00;0.00;679.00;0.00;0.00;0.00;0.00;0.00;0.00;0.00;582.00;582.00;0.00;310.00;1291.67;240.00;704.68;2045.00;3448.00;800.00;0.00;0.00;0.00;0.00;1423.34;1949.32;0.00;2440.00;1712.33;0.00;0.00;0.00;1365.33;480.00;320.00;0.00;460.00
1772827954.8797758;0.00;0.00;0.00;0.00;1164.00;0.00;0.00;0.00;0.00;0.00;0.00;0.00;776.00;0.00;0.00;0.00;0.00;0.00;0.00;0.00;582.00;582.00;0.00;620.00;1601.67;550.00;944.68;2045.00;3448.00;800.00;0.00;0.00;0.00;0.00;1423.34;1949.32;0.00;2440.00;1712.33;0.00;160.00;320.00;1365.33;480.00;320.00;0.00;760.00
1772827954.8810313;0.00;0.00;0.00;0.00;1164.00;0.00;0.00;0.00;0.00;0.00;0.00;0.00;776.00;0.00;0.00;0.00;0.00;0.00;0.00;0.00;582.00;582.00;0.00;620.00;1601.67;550.00;944.68;2045.00;3448.00;800.00;0.00;0.00;0.00;0.00;1423.34;1949.32;0.00;2440.00;1712.33;0.00;160.00;320.00;1365.33;480.00;320.00;0.00;760.00
1772827954.9031665;0.00;0.00;0.00;0.00;1164.00;0.00;0.00;0.00;0.00;0.00;0.00;0.00;873.00;0.00;0.00;0.00;0.00;0.00;0.00;0.00;582.00;582.00;0.00;930.00;1911.67;860.00;1254.68;2275.00;3448.00;800.00;0.00;0.00;0.00;0.00;1423.34;1949.32;0.00;2440.00;1712.33;0.00;160.00;640.00;1525.33;480.00;320.00;0.00;1060.00
1772827954.9044137;0.00;0.00;0.00;0.00;1164.00;0.00;0.00;0.00;0.00;0.00;0.00;0.00;873.00;0.00;0.00;0.00;0.00;0.00;0.00;0.00;582.00;582.00;0.00;930.00;1911.67;860.00;1254.68;2275.00;3448.00;800.00;0.00;0.00;0.00;0.00;1423.34;1949.32;0.00;2440.00;1712.33;0.00;160.00;640.00;1525.33;480.00;320.00;0.00;1060.00
1772827954.9282672;0.00;0.00;0.00;0.00;1164.00;0.00;0.00;0.00;0.00;0.00;0.00;0.00;970.00;0.00;0.00;0.00;0.00;0.00;0.00;0.00;582.00;582.00;0.00;1230.00;2211.67;1160.00;1564.68;2505.00;3678.00;800.00;0.00;0.00;0.00;0.00;1423.34;1949.32;0.00;2440.00;1712.33;310.00;640.00;640.00;1525.33;480.00;320.00;0.00;1360.00
1772827954.9297342;0.00;0.00;0.00;0.00;1164.00;0.00;0.00;0.00;0.00;0.00;0.00;0.00;970.00;0.00;0.00;0.00;0.00;0.00;0.00;0.00;582.00;582.00;0.00;1230.00;2211.67;1160.00;1564.68;2505.00;3678.00;800.00;0.00;0.00;0.00;0.00;1423.34;1949.32;0.00;2440.00;1712.33;310.00;640.00;640.00;1525.33;480.00;320.00;0.00;1360.00
1772827954.9525995;0.00;0.00;0.00;0.00;1164.00;0.00;0.00;0.00;0.00;0.00;0.00;0.00;1067.00;0.00;0.00;0.00;0.00;0.00;0.00;0.00;582.00;582.00;0.00;1390.00;2371.67;1320.00;1724.68;2585.00;3758.00;880.00;150.00;150.00;150.00;150.00;1423.34;1949.32;0.00;2440.00;1942.33;630.00;800.00;640.00;1525.33;480.00;320.00;150.00;1510.00
1772827954.953984;0.00;0.00;0.00;0.00;1164.00;0.00;0.00;0.00;0.00;0.00;0.00;0.00;1067.00;0.00;0.00;0.00;0.00;0.00;0.00;0.00;582.00;582.00;0.00;1390.00;2371.67;1320.00;1724.68;2585.00;3758.00;880.00;150.00;150.00;150.00;150.00;1423.34;1949.32;0.00;2440.00;1942.33;630.00;800.00;640.00;1525.33;480.00;320.00;150.00;1510.00
1772827954.9783585;0.00;0.00;0.00;0.00;1164.00;0.00;0.00;0.00;0.00;0.00;0.00;0.00;1164.00;0.00;0.00;0.00;0.00;0.00;0.00;0.00;582.00;582.00;0.00;1540.00;2521.67;1480.00;1884.68;2665.00;3838.00;960.00;300.00;300.00;300.00;300.00;1423.34;1949.32;0.00;2440.00;1942.33;950.00;960.00;640.00;1525.33;480.00;320.00;300.00;1660.00
1772827954.9797873;0.00;0.00;0.00;0.00;1164.00;0.00;0.00;0.00;0.00;0.00;0.00;0.00;1164.00;0.00;0.00;0.00;0.00;0.00;0.00;0.00;582.00;582.00;0.00;1540.00;2521.67;1480.00;1884.68;2665.00;3838.00;960.00;300.00;300.00;300.00;300.00;1423.34;1949.32;0.00;2440.00;1942.33;950.00;960.00;640.00;1525.33;480.00;320.00;300.00;1660.00
1772827974.0174372;0.00;0.00;0.00;0.00;1164.00;0.00;97.00;0.00;0.00;0.00;0.00;0.00;1164.00;0.00;0.00;0.00;0.00;0.00;0.00;0.00;582.00;582.00;0.00;1540.00;2521.67;1480.00;1884.68;2665.00;3838.00;960.00;637.00;540.00;600.00;600.00;1423.34;1949.32;0.00;2440.00;1942.33;950.00;960.00;640.00;1525.33;480.00;320.00;600.00;1660.00
1772827974.0206027;0.00;0.00;0.00;0.00;1164.00;0.00;97.00;0.00;0.00;0.00;0.00;0.00;1164.00;0.00;0.00;0.00;0.00;0.00;0.00;0.00;582.00;582.00;0.00;1540.00;2521.67;1480.00;1884.68;2665.00;3838.00;960.00;637.00;540.00;600.00;600.00;1423.34;1949.32;0.00;2440.00;1942.33;950.00;960.00;640.00;1525.33;480.00;320.00;600.00;1660.00
1772827974.0647652;0.00;0.00;0.00;0.00;1164.00;0.00;194.00;0.00;0.00;0.00;0.00;0.00;1164.00;0.00;0.00;0.00;0.00;0.00;0.00;0.00;582.00;582.00;0.00;1540.00;2521.67;1480.00;1884.68;2665.00;3838.00;960.00;974.00;780.00;900.00;900.00;1423.34;1949.32;0.00;2440.00;1942.33;950.00;960.00;640.00;1525.33;480.00;320.00;900.00;1660.00
1772827974.068019;0.00;0.00;0.00;0.00;1164.00;0.00;194.00;0.00;0.00;0.00;0.00;0.00;1164.00;0.00;0.00;0.00;0.00;0.00;0.00;0.00;582.00;582.00;0.00;1540.00;2521.67;1480.00;1884.68;2665.00;3838.00;960.00;974.00;780.00;900.00;900.00;1423.34;1949.32;0.00;2440.00;1942.33;950.00;960.00;640.00;1525.33;480.00;320.00;900.00;1660.00
1772827974.1134315;0.00;0.00;0.00;0.00;1164.00;0.00;291.00;0.00;0.00;0.00;0.00;0.00;1164.00;0.00;0.00;0.00;0.00;0.00;0.00;0.00;582.00;582.00;0.00;1540.00;2521.67;1480.00;1884.68;2665.00;3838.00;960.00;1311.00;1020.00;1200.00;1200.00;1423.34;1949.32;0.00;2440.00;1942.33;950.00;960.00;640.00;1525.33;480.00;320.00;1200.00;1660.00
1772827974.116777;0.00;0.00;0.00;0.00;1164.00;0.00;291.00;0.00;0.00;0.00;0.00;0.00;1164.00;0.00;0.00;0.00;0.00;0.00;0.00;0.00;582.00;582.00;0.00;1540.00;2521.67;1480.00;1884.68;2665.00;3838.00;960.00;1311.00;1020.00;1200.00;1200.00;1423.34;1949.32;0.00;2440.00;1942.33;950.00;960.00;640.00;1525.33;480.00;320.00;1200.00;1660.00
1772827974.1616526;0.00;0.00;0.00;0.00;1164.00;0.00;388.00;0.00;0.00;0.00;0.00;0.00;1164.00;0.00;0.00;0.00;0.00;0.00;0.00;0.00;582.00;582.00;0.00;1540.00;2521.67;1480.00;1884.68;2665.00;3838.00;960.00;1648.00;1260.00;1500.00;1500.00;1423.34;1949.32;0.00;2440.00;1942.33;950.00;960.00;640.00;1525.33;480.00;320.00;1500.00;1660.00
1772827974.1649125;0.00;0.00;0.00;0.00;1164.00;0.00;388.00;0.00;0.00;0.00;0.00;0.00;1164.00;0.00;0.00;0.00;0.00;0.00;0.00;0.00;582.00;582.00;0.00;1540.00;2521.67;1480.00;1884.68;2665.00;3838.00;960.00;1648.00;1260.00;1500.00;1500.00;1423.34;1949.32;0.00;2440.00;1942.33;950.00;960.00;640.00;1525.33;480.00;320.00;1500.00;1660.00
1772827974.214843;0.00;0.00;0.00;0.00;1164.00;0.00;485.00;0.00;0.00;0.00;0.00;0.00;1164.00;0.00;0.00;0.00;0.00;0.00;0.00;0.00;582.00;582.00;0.00;1540.00;2521.67;1480.00;1884.68;2665.00;3838.00;960.00;1985.00;1500.00;1800.00;1800.00;1423.34;1949.32;0.00;2440.00;1942.33;950.00;960.00;640.00;1525.33;480.00;320.00;1800.00;1660.00
1772827974.2174542;0.00;0.00;0.00;0.00;1164.00;0.00;485.00;0.00;0.00;0.00;0.00;0.00;1164.00;0.00;0.00;0.00;0.00;0.00;0.00;0.00;582.00;582.00;0.00;1540.00;2521.67;1480.00;1884.68;2665.00;3838.00;960.00;1985.00;1500.00;1800.00;1800.00;1423.34;1949.32;0.00;2440.00;1942.33;950.00;960.00;640.00;1525.33;480.00;320.00;1800.00;1660.00
1772827974.2420819;0.00;0.00;0.00;0.00;1164.00;0.00;582.00;0.00;0.00;0.00;0.00;0.00;1164.00;0.00;0.00;0.00;0.00;0.00;0.00;0.00;582.00;582.00;0.00;1540.00;2521.67;1480.00;1884.68;2665.00;3838.00;960.00;2322.00;1740.00;2100.00;2100.00;1423.34;1949.32;0.00;2440.00;1942.33;950.00;960.00;640.00;1525.33;480.00;320.00;2100.00;1660.00
1772827974.2433755;0.00;0.00;0.00;0.00;1164.00;0.00;582.00;0.00;0.00;0.00;0.00;0.00;1164.00;0.00;0.00;0.00;0.00;0.00;0.00;0.00;582.00;582.00;0.00;1540.00;2521.67;1480.00;1884.68;2665.00;3838.00;960.00;2322.00;1740.00;2100.00;2100.00;1423.34;1949.32;0.00;2440.00;1942.33;950.00;960.00;640.00;1525.33;480.00;320.00;2100.00;1660.00
1772828003.0460653;0.00;0.00;0.00;0.00;1164.00;0.00;582.00;0.00;0.00;0.00;0.00;0.00;582.00;0.00;0.00;0.00;0.00;0.00;0.00;0.00;582.00;97.00;0.00;540.00;0.00;0.00;0.00;0.00;0.00;960.00;2322.00;1740.00;2100.00;2100.00;240.00;759.32;0.00;2440.00;1942.33;950.00;0.00;800.00;0.00;480.00;320.00;1780.00;300.00
1772828003.0482783;0.00;0.00;0.00;0.00;1164.00;0.00;582.00;0.00;0.00;0.00;0.00;0.00;582.00;0.00;0.00;0.00;0.00;0.00;0.00;0.00;582.00;97.00;0.00;540.00;0.00;0.00;0.00;0.00;0.00;960.00;2322.00;1740.00;2100.00;2100.00;240.00;759.32;0.00;2440.00;1942.33;950.00;0.00;800.00;0.00;480.00;320.00;1780.00;300.00
1772828003.0883405;0.00;0.00;0.00;0.00;1164.00;0.00;582.00;0.00;0.00;0.00;0.00;0.00;582.00;0.00;0.00;0.00;0.00;0.00;0.00;0.00;582.00;194.00;0.00;540.00;0.00;0.00;0.00;0.00;0.00;960.00;2322.00;1740.00;2330.00;2330.00;614.67;759.32;0.00;2440.00;1942.33;950.00;0.00;800.00;0.00;480.00;480.00;2250.00;450.00
1772828003.0905323;0.00;0.00;0.00;0.00;1164.00;0.00;582.00;0.00;0.00;0.00;0.00;0.00;582.00;0.00;0.00;0.00;0.00;0.00;0.00;0.00;582.00;194.00;0.00;540.00;0.00;0.00;0.00;0.00;0.00;960.00;2322.00;1740.00;2330.00;2330.00;614.67;759.32;0.00;2440.00;1942.33;950.00;0.00;800.00;0.00;480.00;480.00;2250.00;450.00
1772828003.1279457;0.00;0.00;0.00;0.00;1164.00;0.00;582.00;0.00;0.00;0.00;0.00;0.00;582.00;0.00;0.00;0.00;0.00;0.00;0.00;0.00;582.00;291.00;0.00;994.67;230.00;230.00;230.00;0.00;0.00;960.00;2322.00;1740.00;2330.00;2330.00;1069.34;759.32;0.00;2440.00;1942.33;950.00;160.00;1024.67;0.00;480.00;480.00;2250.00;750.00
1772828003.130239;0.00;0.00;0.00;0.00;1164.00;0.00;582.00;0.00;0.00;0.00;0.00;0.00;582.00;0.00;0.00;0.00;0.00;0.00;0.00;0.00;582.00;291.00;0.00;994.67;230.00;230.00;230.00;0.00;0.00;960.00;2322.00;1740.00;2330.00;2330.00;1069.34;759.32;0.00;2440.00;1942.33;950.00;160.00;1024.67;0.00;480.00;480.00;2250.00;750.00
1772828003.1661336;0.00;0.00;0.00;0.00;1164.00;0.00;582.00;0.00;0.00;0.00;0.00;0.00;582.00;0.00;0.00;0.00;0.00;0.00;0.00;0.00;582.00;388.00;0.00;1304.67;550.00;230.00;230.00;0.00;0.00;960.00;2322.00;1970.00;2560.00;2560.00;1229.34;759.32;0.00;2440.00;1942.33;950.00;160.00;1024.67;0.00;480.00;480.00;2400.00;900.00
1772828003.1683831;0.00;0.00;0.00;0.00;1164.00;0.00;582.00;0.00;0.00;0.00;0.00;0.00;582.00;0.00;0.00;0.00;0.00;0.00;0.00;0.00;582.00;388.00;0.00;1304.67;550.00;230.00;230.00;0.00;0.00;960.00;2322.00;1970.00;2560.00;2560.00;1229.34;759.32;0.00;2440.00;1942.33;950.00;160.00;1024.67;0.00;480.00;480.00;2400.00;900.00
1772828003.2044914;0.00;0.00;0.00;0.00;1164.00;0.00;582.00;0.00;0.00;0.00;0.00;0.00;582.00;0.00;0.00;0.00;0.00;0.00;0.00;0.00;582.00;485.00;0.00;1519.34;860.00;550.00;230.00;0.00;0.00;960.00;2322.00;2200.00;2790.00;2742.33;1294.01;759.32;0.00;2440.00;1942.33;950.00;160.00;1024.67;0.00;480.00;480.00;2550.00;1050.00
1772828003.2069147;0.00;0.00;0.00;0.00;1164.00;0.00;582.00;0.00;0.00;0.00;0.00;0.00;582.00;0.00;0.00;0.00;0.00;0.00;0.00;0.00;582.00;485.00;0.00;1519.34;860.00;550.00;230.00;0.00;0.00;960.00;2322.00;2200.00;2790.00;2742.33;1294.01;759.32;0.00;2440.00;1942.33;950.00;160.00;1024.67;0.00;480.00;480.00;2550.00;1050.00
1772828003.300307;0.00;0.00;0.00;0.00;1164.00;0.00;582.00;0.00;0.00;0.00;0.00;0.00;582.00;0.00;0.00;0.00;0.00;0.00;0.00;0.00;582.00;582.00;0.00;1734.01;1084.67;870.00;230.00;0.00;0.00;960.00;2322.00;2430.00;3020.00;2924.66;1358.68;759.32;0.00;2440.00;1942.33;950.00;160.00;1024.67;0.00;480.00;480.00;2700.00;1200.00
1772828003.3025634;0.00;0.00;0.00;0.00;1164.00;0.00;582.00;0.00;0.00;0.00;0.00;0.00;582.00;0.00;0.00;0.00;0.00;0.00;0.00;0.00;582.00;582.00;0.00;1734.01;1084.67;870.00;230.00;0.00;0.00;960.00;2322.00;2430.00;3020.00;2924.66;1358.68;759.32;0.00;2440.00;1942.33;950.00;160.00;1024.67;0.00;480.00;480.00;2700.00;1200.00
1772828027.084356;0.00;0.00;0.00;0.00;1164.00;0.00;582.00;0.00;0.00;0.00;0.00;0.00;582.00;0.00;0.00;0.00;0.00;0.00;0.00;0.00;679.00;582.00;0.00;2034.01;1384.67;1170.00;530.00;300.00;240.00;960.00;2322.00;2430.00;3020.00;2924.66;1358.68;759.32;0.00;2440.00;1942.33;950.00;160.00;1024.67;480.00;480.00;480.00;2700.00;1500.00
1772828027.086821;0.00;0.00;0.00;0.00;1164.00;0.00;582.00;0.00;0.00;0.00;0.00;0.00;582.00;0.00;0.00;0.00;0.00;0.00;0.00;0.00;679.00;582.00;0.00;2034.01;1384.67;1170.00;530.00;300.00;240.00;960.00;2322.00;2430.00;3020.00;2924.66;1358.68;759.32;0.00;2440.00;1942.33;950.00;160.00;1024.67;480.00;480.00;480.00;2700.00;1500.00
1772828027.122444;0.00;0.00;0.00;0.00;1164.00;0.00;582.00;0.00;0.00;0.00;0.00;0.00;582.00;0.00;0.00;0.00;0.00;0.00;0.00;0.00;776.00;582.00;0.00;2334.01;1694.67;1480.00;840.00;610.00;710.00;960.00;2322.00;2430.00;3020.00;2924.66;1358.68;989.32;0.00;2440.00;1942.33;950.00;160.00;1024.67;640.00;480.00;480.00;2700.00;1800.00
1772828027.1249328;0.00;0.00;0.00;0.00;1164.00;0.00;582.00;0.00;0.00;0.00;0.00;0.00;582.00;0.00;0.00;0.00;0.00;0.00;0.00;0.00;776.00;582.00;0.00;2334.01;1694.67;1480.00;840.00;610.00;710.00;960.00;2322.00;2430.00;3020.00;2924.66;1358.68;989.32;0.00;2440.00;1942.33;950.00;160.00;1024.67;640.00;480.00;480.00;2700.00;1800.00
1772828027.1607516;0.00;0.00;0.00;0.00;1164.00;0.00;582.00;0.00;0.00;0.00;0.00;0.00;582.00;0.00;0.00;0.00;0.00;0.00;0.00;0.00;873.00;582.00;0.00;2634.01;2004.67;1790.00;1150.00;920.00;1180.00;960.00;2322.00;2430.00;3020.00;2924.66;1358.68;1101.65;0.00;2440.00;1942.33;950.00;160.00;1024.67;800.00;480.00;480.00;2700.00;2100.00
1772828027.1632009;0.00;0.00;0.00;0.00;1164.00;0.00;582.00;0.00;0.00;0.00;0.00;0.00;582.00;0.00;0.00;0.00;0.00;0.00;0.00;0.00;873.00;582.00;0.00;2634.01;2004.67;1790.00;1150.00;920.00;1180.00;960.00;2322.00;2430.00;3020.00;2924.66;1358.68;1101.65;0.00;2440.00;1942.33;950.00;160.00;1024.67;800.00;480.00;480.00;2700.00;2100.00
1772828027.1987474;0.00;0.00;0.00;0.00;1164.00;0.00;582.00;0.00;0.00;0.00;0.00;0.00;582.00;0.00;0.00;0.00;0.00;0.00;0.00;0.00;970.00;582.00;0.00;2784.01;2154.67;1940.00;1310.00;1080.00;1340.00;1040.00;2472.00;2580.00;3170.00;3074.66;1358.68;1261.65;0.00;2440.00;1942.33;950.00;160.00;1024.67;800.00;480.00;480.00;2850.00;2250.00
1772828027.201302;0.00;0.00;0.00;0.00;1164.00;0.00;582.00;0.00;0.00;0.00;0.00;0.00;582.00;0.00;0.00;0.00;0.00;0.00;0.00;0.00;970.00;582.00;0.00;2784.01;2154.67;1940.00;1310.00;1080.00;1340.00;1040.00;2472.00;2580.00;3170.00;3074.66;1358.68;1261.65;0.00;2440.00;1942.33;950.00;160.00;1024.67;800.00;480.00;480.00;2850.00;2250.00
1772828027.2371337;0.00;0.00;0.00;0.00;1164.00;0.00;582.00;0.00;0.00;0.00;0.00;0.00;582.00;0.00;0.00;0.00;0.00;0.00;0.00;0.00;1067.00;582.00;0.00;2934.01;2304.67;2090.00;1470.00;1240.00;1500.00;1120.00;2622.00;2730.00;3320.00;3224.66;1358.68;1421.65;0.00;2440.00;1942.33;950.00;160.00;1024.67;800.00;480.00;480.00;3000.00;2400.00
1772828027.2396944;0.00;0.00;0.00;0.00;1164.00;0.00;582.00;0.00;0.00;0.00;0.00;0.00;582.00;0.00;0.00;0.00;0.00;0.00;0.00;0.00;1067.00;582.00;0.00;2934.01;2304.67;2090.00;1470.00;1240.00;1500.00;1120.00;2622.00;2730.00;3320.00;3224.66;1358.68;1421.65;0.00;2440.00;1942.33;950.00;160.00;1024.67;800.00;480.00;480.00;3000.00;2400.00
1772828027.275233;0.00;0.00;0.00;0.00;1164.00;0.00;582.00;0.00;0.00;0.00;0.00;0.00;582.00;0.00;0.00;0.00;0.00;0.00;0.00;0.00;1164.00;582.00;0.00;3084.01;2454.67;2240.00;1620.00;1390.00;1874.67;1200.00;2772.00;2880.00;3470.00;3374.66;1358.68;1901.65;0.00;2440.00;1942.33;950.00;160.00;1024.67;800.00;480.00;480.00;3150.00;2550.00
1772828027.2778687;0.00;0.00;0.00;0.00;1164.00;0.00;582.00;0.00;0.00;0.00;0.00;0.00;582.00;0.00;0.00;0.00;0.00;0.00;0.00;0.00;1164.00;582.00;0.00;3084.01;2454.67;2240.00;1620.00;1390.00;1874.67;1200.00;2772.00;2880.00;3470.00;3374.66;1358.68;1901.65;0.00;2440.00;1942.33;950.00;160.00;1024.67;800.00;480.00;480.00;3150.00;2550.00
1772828048.141532;0.00;0.00;0.00;0.00;0.00;0.00;582.00;0.00;0.00;0.00;0.00;97.00;582.00;0.00;0.00;0.00;0.00;0.00;0.00;0.00;582.00;582.00;0.00;300.00;300.00;300.00;1170.00;760.00;0.00;400.00;0.00;0.00;0.00;0.00;1358.68;0.00;0.00;0.00;0.00;1174.67;160.00;1024.67;0.00;480.00;160.00;0.00;300.00
1772828048.1450012;0.00;0.00;0.00;0.00;0.00;0.00;582.00;0.00;0.00;0.00;0.00;97.00;582.00;0.00;0.00;0.00;0.00;0.00;0.00;0.00;582.00;582.00;0.00;300.00;300.00;300.00;1170.00;760.00;0.00;400.00;0.00;0.00;0.00;0.00;1358.68;0.00;0.00;0.00;0.00;1174.67;160.00;1024.67;0.00;480.00;160.00;0.00;300.00
1772828048.1877816;0.00;0.00;0.00;0.00;0.00;0.00;582.00;0.00;0.00;0.00;0.00;194.00;582.00;0.00;0.00;0.00;0.00;0.00;0.00;0.00;582.00;582.00;0.00;600.00;600.00;600.00;1592.33;1070.00;0.00;400.00;0.00;0.00;0.00;0.00;1358.68;0.00;0.00;0.00;0.00;1174.67;320.00;1024.67;320.00;480.00;160.00;0.00;600.00
1772828048.189859;0.00;0.00;0.00;0.00;0.00;0.00;582.00;0.00;0.00;0.00;0.00;194.00;582.00;0.00;0.00;0.00;0.00;0.00;0.00;0.00;582.00;582.00;0.00;600.00;600.00;600.00;1592.33;1070.00;0.00;400.00;0.00;0.00;0.00;0.00;1358.68;0.00;0.00;0.00;0.00;1174.67;320.00;1024.67;320.00;480.00;160.00;0.00;600.00
1772828048.2288263;0.00;0.00;0.00;0.00;0.00;0.00;582.00;0.00;0.00;0.00;0.00;291.00;582.00;0.00;0.00;0.00;0.00;0.00;0.00;0.00;582.00;582.00;0.00;900.00;900.00;900.00;2047.00;1620.00;230.00;400.00;0.00;0.00;0.00;0.00;1358.68;0.00;0.00;0.00;0.00;1174.67;480.00;1024.67;320.00;480.00;160.00;0.00;900.00
1772828048.2308426;0.00;0.00;0.00;0.00;0.00;0.00;582.00;0.00;0.00;0.00;0.00;291.00;582.00;0.00;0.00;0.00;0.00;0.00;0.00;0.00;582.00;582.00;0.00;900.00;900.00;900.00;2047.00;1620.00;230.00;400.00;0.00;0.00;0.00;0.00;1358.68;0.00;0.00;0.00;0.00;1174.67;480.00;1024.67;320.00;480.00;160.00;0.00;900.00
1772828048.268833;0.00;0.00;0.00;0.00;0.00;0.00;582.00;0.00;0.00;0.00;0.00;388.00;582.00;0.00;0.00;0.00;0.00;0.00;0.00;0.00;582.00;582.00;0.00;1060.00;964.67;964.67;2127.00;1700.00;310.00;480.00;80.00;150.00;150.00;460.00;1518.68;0.00;0.00;230.00;0.00;1174.67;640.00;1024.67;320.00;480.00;480.00;300.00;900.00
1772828048.2709088;0.00;0.00;0.00;0.00;0.00;0.00;582.00;0.00;0.00;0.00;0.00;388.00;582.00;0.00;0.00;0.00;0.00;0.00;0.00;0.00;582.00;582.00;0.00;1060.00;964.67;964.67;2127.00;1700.00;310.00;480.00;80.00;150.00;150.00;460.00;1518.68;0.00;0.00;230.00;0.00;1174.67;640.00;1024.67;320.00;480.00;480.00;300.00;900.00
1772828048.429098;0.00;0.00;0.00;0.00;0.00;0.00;582.00;0.00;0.00;0.00;0.00;485.00;582.00;0.00;0.00;0.00;0.00;0.00;0.00;0.00;582.00;582.00;0.00;1210.00;1114.67;1114.67;2374.00;2090.00;700.00;560.00;160.00;230.00;300.00;610.00;1518.68;320.00;230.00;230.00;160.00;1174.67;977.00;1024.67;320.00;480.00;480.00;450.00;1050.00
1772828048.4312294;0.00;0.00;0.00;0.00;0.00;0.00;582.00;0.00;0.00;0.00;0.00;485.00;582.00;0.00;0.00;0.00;0.00;0.00;0.00;0.00;582.00;582.00;0.00;1210.00;1114.67;1114.67;2374.00;2090.00;700.00;560.00;160.00;230.00;300.00;610.00;1518.68;320.00;230.00;230.00;160.00;1174.67;977.00;1024.67;320.00;480.00;480.00;450.00;1050.00
1772828048.468439;0.00;0.00;0.00;0.00;0.00;0.00;582.00;0.00;0.00;0.00;0.00;582.00;582.00;0.00;0.00;0.00;0.00;0.00;0.00;0.00;582.00;582.00;0.00;1360.00;1264.67;1264.67;2621.00;2384.67;1090.00;640.00;310.00;380.00;450.00;760.00;1518.68;640.00;230.00;230.00;320.00;1174.67;1089.33;1024.67;320.00;480.00;480.00;600.00;1200.00
1772828048.4705303;0.00;0.00;0.00;0.00;0.00;0.00;582.00;0.00;0.00;0.00;0.00;582.00;582.00;0.00;0.00;0.00;0.00;0.00;0.00;0.00;582.00;582.00;0.00;1360.00;1264.67;1264.67;2621.00;2384.67;1090.00;640.00;310.00;380.00;450.00;760.00;1518.68;640.00;230.00;230.00;320.00;1174.67;1089.33;1024.67;320.00;480.00;480.00;600.00;1200.00
1772828070.3139226;0.00;0.00;0.00;0.00;0.00;0.00;582.00;0.00;0.00;0.00;0.00;194.00;194.00;0.00;0.00;0.00;0.00;0.00;0.00;0.00;388.00;485.00;0.00;310.00;0.00;0.00;0.00;0.00;0.00;0.00;0.00;0.00;230.00;182.33;1294.01;0.00;230.00;0.00;90.00;0.00;0.00;1014.67;0.00;480.00;320.00;150.00;150.00
1772828070.3156214;0.00;0.00;0.00;0.00;0.00;0.00;582.00;0.00;0.00;0.00;0.00;194.00;194.00;0.00;0.00;0.00;0.00;0.00;0.00;0.00;388.00;485.00;0.00;310.00;0.00;0.00;0.00;0.00;0.00;0.00;0.00;0.00;230.00;182.33;1294.01;0.00;230.00;0.00;90.00;0.00;0.00;1014.67;0.00;480.00;320.00;150.00;150.00
1772828070.3595665;0.00;0.00;0.00;0.00;0.00;0.00;582.00;0.00;0.00;0.00;0.00;194.00;291.00;0.00;0.00;0.00;0.00;0.00;0.00;0.00;388.00;485.00;0.00;620.00;310.00;310.00;310.00;160.00;0.00;0.00;0.00;0.00;230.00;182.33;1294.01;0.00;230.00;0.00;90.00;0.00;432.33;1014.67;160.00;480.00;320.00;150.00;450.00
1772828070.361428;0.00;0.00;0.00;0.00;0.00;0.00;582.00;0.00;0.00;0.00;0.00;194.00;291.00;0.00;0.00;0.00;0.00;0.00;0.00;0.00;388.00;485.00;0.00;620.00;310.00;310.00;310.00;160.00;0.00;0.00;0.00;0.00;230.00;182.33;1294.01;0.00;230.00;0.00;90.00;0.00;432.33;1014.67;160.00;480.00;320.00;150.00;450.00
1772828070.4002295;0.00;0.00;0.00;0.00;0.00;0.00;582.00;0.00;0.00;0.00;0.00;194.00;291.00;0.00;0.00;0.00;0.00;0.00;0.00;0.00;485.00;485.00;0.00;920.00;610.00;610.00;610.00;460.00;470.00;0.00;0.00;0.00;230.00;182.33;1294.01;112.33;230.00;0.00;90.00;0.00;432.33;1014.67;640.00;480.00;320.00;150.00;750.00
1772828070.4019306;0.00;0.00;0.00;0.00;0.00;0.00;582.00;0.00;0.00;0.00;0.00;194.00;291.00;0.00;0.00;0.00;0.00;0.00;0.00;0.00;485.00;485.00;0.00;920.00;610.00;610.00;610.00;460.00;470.00;0.00;0.00;0.00;230.00;182.33;1294.01;112.33;230.00;0.00;90.00;0.00;432.33;1014.67;640.00;480.00;320.00;150.00;750.00
1772828070.4399567;0.00;0.00;0.00;0.00;0.00;0.00;582.00;0.00;0.00;0.00;0.00;194.00;291.00;0.00;0.00;0.00;0.00;0.00;0.00;0.00;485.00;582.00;0.00;920.00;610.00;610.00;610.00;460.00;470.00;0.00;0.00;0.00;460.00;674.66;1518.68;112.33;230.00;0.00;90.00;0.00;432.33;1014.67;640.00;480.00;800.00;450.00;750.00
1772828070.441773;0.00;0.00;0.00;0.00;0.00;0.00;582.00;0.00;0.00;0.00;0.00;194.00;291.00;0.00;0.00;0.00;0.00;0.00;0.00;0.00;485.00;582.00;0.00;920.00;610.00;610.00;610.00;460.00;470.00;0.00;0.00;0.00;460.00;674.66;1518.68;112.33;230.00;0.00;90.00;0.00;432.33;1014.67;640.00;480.00;800.00;450.00;750.00
1772828070.4786477;0.00;0.00;0.00;0.00;0.00;0.00;582.00;0.00;0.00;0.00;0.00;194.00;388.00;0.00;0.00;0.00;0.00;0.00;0.00;0.00;485.00;582.00;0.00;1220.00;910.00;920.00;920.00;690.00;700.00;0.00;0.00;0.00;460.00;674.66;1518.68;112.33;230.00;0.00;90.00;0.00;817.00;1014.67;640.00;480.00;800.00;450.00;1050.00
1772828070.4804616;0.00;0.00;0.00;0.00;0.00;0.00;582.00;0.00;0.00;0.00;0.00;194.00;388.00;0.00;0.00;0.00;0.00;0.00;0.00;0.00;485.00;582.00;0.00;1220.00;910.00;920.00;920.00;690.00;700.00;0.00;0.00;0.00;460.00;674.66;1518.68;112.33;230.00;0.00;90.00;0.00;817.00;1014.67;640.00;480.00;800.00;450.00;1050.00
1772828070.517548;0.00;0.00;0.00;0.00;0.00;0.00;582.00;0.00;0.00;0.00;0.00;194.00;388.00;0.00;0.00;0.00;0.00;0.00;0.00;0.00;582.00;582.00;0.00;1520.00;1210.00;1230.00;1230.00;1000.00;1170.00;0.00;0.00;0.00;460.00;674.66;1518.68;224.66;230.00;0.00;90.00;0.00;817.00;1014.67;640.00;480.00;800.00;450.00;1350.00
1772828070.5193958;0.00;0.00;0.00;0.00;0.00;0.00;582.00;0.00;0.00;0.00;0.00;194.00;388.00;0.00;0.00;0.00;0.00;0.00;0.00;0.00;582.00;582.00;0.00;1520.00;1210.00;1230.00;1230.00;1000.00;1170.00;0.00;0.00;0.00;460.00;674.66;1518.68;224.66;230.00;0.00;90.00;0.00;817.00;1014.67;640.00;480.00;800.00;450.00;1350.00
1772828070.5563993;0.00;0.00;0.00;0.00;0.00;0.00;582.00;0.00;0.00;0.00;0.00;194.00;485.00;0.00;0.00;0.00;0.00;0.00;0.00;0.00;582.00;582.00;0.00;1820.00;1510.00;1530.00;1530.00;1540.00;1710.00;0.00;0.00;0.00;460.00;674.66;1518.68;704.66;230.00;0.00;90.00;0.00;817.00;1014.67;640.00;480.00;800.00;450.00;1650.00
1772828070.5583508;0.00;0.00;0.00;0.00;0.00;0.00;582.00;0.00;0.00;0.00;0.00;194.00;485.00;0.00;0.00;0.00;0.00;0.00;0.00;0.00;582.00;582.00;0.00;1820.00;1510.00;1530.00;1530.00;1540.00;1710.00;0.00;0.00;0.00;460.00;674.66;1518.68;704.66;230.00;0.00;90.00;0.00;817.00;1014.67;640.00;480.00;800.00;450.00;1650.00
1772828070.5952468;0.00;0.00;0.00;0.00;0.00;0.00;582.00;0.00;0.00;0.00;0.00;291.00;485.00;0.00;0.00;0.00;0.00;0.00;0.00;0.00;582.00;582.00;0.00;2120.00;1810.00;1830.00;1927.00;1994.67;2260.00;0.00;0.00;0.00;460.00;674.66;1518.68;704.66;230.00;0.00;90.00;0.00;817.00;1014.67;864.67;480.00;800.00;450.00;1950.00
1772828070.5972638;0.00;0.00;0.00;0.00;0.00;0.00;582.00;0.00;0.00;0.00;0.00;291.00;485.00;0.00;0.00;0.00;0.00;0.00;0.00;0.00;582.00;582.00;0.00;2120.00;1810.00;1830.00;1927.00;1994.67;2260.00;0.00;0.00;0.00;460.00;674.66;1518.68;704.66;230.00;0.00;90.00;0.00;817.00;1014.67;864.67;480.00;800.00;450.00;1950.00
1772828070.7551773;0.00;0.00;0.00;0.00;0.00;0.00;582.00;0.00;0.00;0.00;0.00;388.00;485.00;0.00;0.00;0.00;0.00;0.00;0.00;0.00;582.00;582.00;0.00;2270.00;1960.00;2204.67;2269.33;2394.67;2660.00;80.00;80.00;150.00;610.00;824.66;1518.68;704.66;230.00;230.00;250.00;0.00;817.00;1014.67;864.67;480.00;800.00;600.00;2100.00
1772828070.7571797;0.00;0.00;0.00;0.00;0.00;0.00;582.00;0.00;0.00;0.00;0.00;388.00;485.00;0.00;0.00;0.00;0.00;0.00;0.00;0.00;582.00;582.00;0.00;2270.00;1960.00;2204.67;2269.33;2394.67;2660.00;80.00;80.00;150.00;610.00;824.66;1518.68;704.66;230.00;230.00;250.00;0.00;817.00;1014.67;864.67;480.00;800.00;600.00;2100.00
1772828070.7937667;0.00;0.00;0.00;0.00;0.00;0.00;582.00;0.00;0.00;0.00;0.00;485.00;485.00;0.00;0.00;0.00;0.00;0.00;0.00;0.00;582.00;582.00;0.00;2270.00;1960.00;2204.67;2366.33;2634.67;2900.00;320.00;390.00;450.00;910.00;1124.66;1518.68;704.66;230.00;540.00;730.00;0.00;817.00;1014.67;864.67;480.00;800.00;900.00;2100.00
1772828070.7958364;0.00;0.00;0.00;0.00;0.00;0.00;582.00;0.00;0.00;0.00;0.00;485.00;485.00;0.00;0.00;0.00;0.00;0.00;0.00;0.00;582.00;582.00;0.00;2270.00;1960.00;2204.67;2366.33;2634.67;2900.00;320.00;390.00;450.00;910.00;1124.66;1518.68;704.66;230.00;540.00;730.00;0.00;817.00;1014.67;864.67;480.00;800.00;900.00;2100.00
1772828070.8325512;0.00;0.00;0.00;0.00;0.00;0.00;582.00;0.00;0.00;0.00;0.00;485.00;582.00;0.00;0.00;0.00;0.00;0.00;0.00;0.00;582.00;582.00;0.00;2270.00;1960.00;2204.67;2366.33;2874.67;3140.00;560.00;700.00;750.00;1210.00;1424.66;1518.68;704.66;230.00;850.00;1210.00;0.00;817.00;1014.67;864.67;480.00;800.00;1200.00;2100.00
1772828070.8346946;0.00;0.00;0.00;0.00;0.00;0.00;582.00;0.00;0.00;0.00;0.00;485.00;582.00;0.00;0.00;0.00;0.00;0.00;0.00;0.00;582.00;582.00;0.00;2270.00;1960.00;2204.67;2366.33;2874.67;3140.00;560.00;700.00;750.00;1210.00;1424.66;1518.68;704.66;230.00;850.00;1210.00;0.00;817.00;1014.67;864.67;480.00;800.00;1200.00;2100.00
1772828070.8717048;0.00;0.00;0.00;0.00;0.00;0.00;582.00;0.00;0.00;0.00;0.00;582.00;582.00;0.00;0.00;0.00;0.00;0.00;0.00;0.00;582.00;582.00;0.00;2270.00;1960.00;2204.67;2463.33;3019.34;3284.67;800.00;940.00;1050.00;1510.00;1724.66;1518.68;704.66;230.00;1160.00;1690.00;0.00;817.00;1014.67;864.67;480.00;800.00;1500.00;2100.00
1772828070.8739197;0.00;0.00;0.00;0.00;0.00;0.00;582.00;0.00;0.00;0.00;0.00;582.00;582.00;0.00;0.00;0.00;0.00;0.00;0.00;0.00;582.00;582.00;0.00;2270.00;1960.00;2204.67;2463.33;3019.34;3284.67;800.00;940.00;1050.00;1510.00;1724.66;1518.68;704.66;230.00;1160.00;1690.00;0.00;817.00;1014.67;864.67;480.00;800.00;1500.00;2100.00
1772828071.1714191;0.00;0.00;0.00;0.00;0.00;0.00;582.00;0.00;0.00;0.00;0.00;582.00;679.00;0.00;0.00;0.00;0.00;0.00;0.00;0.00;582.00;582.00;0.00;2270.00;1960.00;2204.67;2463.33;3116.34;3429.34;1040.00;1180.00;1350.00;1810.00;2024.66;1518.68;704.66;230.00;1470.00;2170.00;0.00;817.00;1014.67;864.67;480.00;800.00;1800.00;2100.00
1772828071.1725821;0.00;0.00;0.00;0.00;0.00;0.00;582.00;0.00;0.00;0.00;0.00;582.00;679.00;0.00;0.00;0.00;0.00;0.00;0.00;0.00;582.00;582.00;0.00;2270.00;1960.00;2204.67;2463.33;3116.34;3429.34;1040.00;1180.00;1350.00;1810.00;2024.66;1518.68;704.66;230.00;1470.00;2170.00;0.00;817.00;1014.67;864.67;480.00;800.00;1800.00;2100.00
1772828071.1954045;0.00;0.00;0.00;0.00;0.00;0.00;582.00;0.00;0.00;0.00;0.00;582.00;776.00;0.00;0.00;0.00;0.00;0.00;0.00;0.00;582.00;582.00;0.00;2270.00;1960.00;2204.67;2463.33;3213.34;3526.34;1280.00;1420.00;1590.00;2110.00;2324.66;1518.68;704.66;540.00;1790.00;2330.00;0.00;817.00;1014.67;864.67;480.00;800.00;2100.00;2100.00
1772828071.1965296;0.00;0.00;0.00;0.00;0.00;0.00;582.00;0.00;0.00;0.00;0.00;582.00;776.00;0.00;0.00;0.00;0.00;0.00;0.00;0.00;582.00;582.00;0.00;2270.00;1960.00;2204.67;2463.33;3213.34;3526.34;1280.00;1420.00;1590.00;2110.00;2324.66;1518.68;704.66;540.00;1790.00;2330.00;0.00;817.00;1014.67;864.67;480.00;800.00;2100.00;2100.00
1772828071.2423959;0.00;0.00;0.00;0.00;0.00;0.00;582.00;0.00;0.00;0.00;0.00;582.00;873.00;0.00;0.00;0.00;0.00;0.00;0.00;0.00;582.00;582.00;0.00;2270.00;1960.00;2204.67;2463.33;3310.34;3623.34;1520.00;1730.00;1900.00;2410.00;2624.66;1518.68;704.66;860.00;1790.00;2560.00;0.00;817.00;1014.67;864.67;480.00;800.00;2400.00;2100.00
1772828071.2445884;0.00;0.00;0.00;0.00;0.00;0.00;582.00;0.00;0.00;0.00;0.00;582.00;873.00;0.00;0.00;0.00;0.00;0.00;0.00;0.00;582.00;582.00;0.00;2270.00;1960.00;2204.67;2463.33;3310.34;3623.34;1520.00;1730.00;1900.00;2410.00;2624.66;1518.68;704.66;860.00;1790.00;2560.00;0.00;817.00;1014.67;864.67;480.00;800.00;2400.00;2100.00
1772828071.2822769;0.00;0.00;0.00;0.00;0.00;0.00;582.00;0.00;0.00;0.00;0.00;582.00;873.00;0.00;0.00;0.00;0.00;0.00;0.00;0.00;582.00;582.00;0.00;2270.00;1960.00;2204.67;2463.33;3310.34;3623.34;1520.00;1730.00;1900.00;2410.00;2624.66;1518.68;704.66;860.00;1790.00;2560.00;0.00;817.00;1014.67;864.67;480.00;800.00;2400.00;2100.00
1772828071.284653;0.00;0.00;0.00;0.00;0.00;0.00;582.00;0.00;0.00;0.00;0.00;582.00;873.00;0.00;0.00;0.00;0.00;0.00;0.00;0.00;582.00;582.00;0.00;2270.00;1960.00;2204.67;2463.33;3310.34;3623.34;1520.00;1730.00;1900.00;2410.00;2624.66;1518.68;704.66;860.00;1790.00;2560.00;0.00;817.00;1014.67;864.67;480.00;800.00;2400.00;2100.00
1772828071.322669;0.00;0.00;0.00;0.00;0.00;0.00;582.00;0.00;0.00;0.00;0.00;582.00;873.00;0.00;0.00;0.00;0.00;0.00;0.00;0.00;582.00;582.00;0.00;2270.00;1960.00;2204.67;2463.33;3310.34;3623.34;1520.00;1730.00;1900.00;2410.00;2624.66;1518.68;704.66;860.00;1790.00;2560.00;0.00;817.00;1014.67;864.67;480.00;800.00;2400.00;2100.00
1772828071.3250232;0.00;0.00;0.00;0.00;0.00;0.00;582.00;0.00;0.00;0.00;0.00;582.00;873.00;0.00;0.00;0.00;0.00;0.00;0.00;0.00;582.00;582.00;0.00;2270.00;1960.00;2204.67;2463.33;3310.34;3623.34;1520.00;1730.00;1900.00;2410.00;2624.66;1518.68;704.66;860.00;1790.00;2560.00;0.00;817.00;1014.67;864.67;480.00;800.00;2400.00;2100.00
1772828071.4927225;0.00;0.00;0.00;0.00;0.00;0.00;582.00;0.00;0.00;0.00;0.00;582.00;873.00;0.00;0.00;0.00;0.00;0.00;0.00;0.00;582.00;582.00;0.00;2270.00;1960.00;2204.67;2463.33;3310.34;3623.34;1520.00;1730.00;1900.00;2410.00;2624.66;1518.68;704.66;860.00;1790.00;2560.00;0.00;817.00;1014.67;864.67;480.00;800.00;2400.00;2100.00
1772828071.4949284;0.00;0.00;0.00;0.00;0.00;0.00;582.00;0.00;0.00;0.00;0.00;582.00;873.00;0.00;0.00;0.00;0.00;0.00;0.00;0.00;582.00;582.00;0.00;2270.00;1960.00;2204.67;2463.33;3310.34;3623.34;1520.00;1730.00;1900.00;2410.00;2624.66;1518.68;704.66;860.00;1790.00;2560.00;0.00;817.00;1014.67;864.67;480.00;800.00;2400.00;2100.00
1772828090.217251;0.00;0.00;0.00;0.00;0.00;0.00;582.00;0.00;0.00;0.00;0.00;582.00;873.00;0.00;0.00;0.00;0.00;0.00;0.00;0.00;582.00;582.00;0.00;2270.00;1960.00;2204.67;2463.33;3310.34;3623.34;1520.00;1730.00;1900.00;2410.00;2624.66;1518.68;704.66;860.00;1790.00;2560.00;0.00;817.00;1014.67;864.67;480.00;800.00;2400.00;2100.00
1772828090.2195852;0.00;0.00;0.00;0.00;0.00;0.00;582.00;0.00;0.00;0.00;0.00;582.00;873.00;0.00;0.00;0.00;0.00;0.00;0.00;0.00;582.00;582.00;0.00;2270.00;1960.00;2204.67;2463.33;3310.34;3623.34;1520.00;1730.00;1900.00;2410.00;2624.66;1518.68;704.66;860.00;1790.00;2560.00;0.00;817.00;1014.67;864.67;480.00;800.00;2400.00;2100.00
1772828090.2559388;0.00;0.00;0.00;0.00;0.00;0.00;582.00;0.00;0.00;0.00;0.00;582.00;873.00;0.00;0.00;0.00;0.00;0.00;0.00;0.00;582.00;582.00;0.00;2270.00;1960.00;2204.67;2463.33;3310.34;3623.34;1520.00;1730.00;1900.00;2410.00;2624.66;1518.68;704.66;860.00;1790.00;2560.00;0.00;817.00;1014.67;864.67;480.00;800.00;2400.00;2100.00
1772828090.258225;0.00;0.00;0.00;0.00;0.00;0.00;582.00;0.00;0.00;0.00;0.00;582.00;873.00;0.00;0.00;0.00;0.00;0.00;0.00;0.00;582.00;582.00;0.00;2270.00;1960.00;2204.67;2463.33;3310.34;3623.34;1520.00;1730.00;1900.00;2410.00;2624.66;1518.68;704.66;860.00;1790.00;2560.00;0.00;817.00;1014.67;864.67;480.00;800.00;2400.00;2100.00
1772828090.2947667;0.00;0.00;0.00;0.00;0.00;0.00;582.00;0.00;0.00;0.00;0.00;582.00;873.00;0.00;0.00;0.00;0.00;0.00;0.00;0.00;582.00;582.00;0.00;2270.00;1960.00;2204.67;2463.33;3310.34;3623.34;1520.00;1730.00;1900.00;2410.00;2624.66;1518.68;704.66;860.00;1790.00;2560.00;0.00;817.00;1014.67;864.67;480.00;800.00;2400.00;2100.00
1772828090.2971098;0.00;0.00;0.00;0.00;0.00;0.00;582.00;0.00;0.00;0.00;0.00;582.00;873.00;0.00;0.00;0.00;0.00;0.00;0.00;0.00;582.00;582.00;0.00;2270.00;1960.00;2204.67;2463.33;3310.34;3623.34;1520.00;1730.00;1900.00;2410.00;2624.66;1518.68;704.66;860.00;1790.00;2560.00;0.00;817.00;1014.67;864.67;480.00;800.00;2400.00;2100.00
1772828090.333553;0.00;0.00;0.00;0.00;0.00;0.00;582.00;0.00;0.00;0.00;0.00;582.00;873.00;0.00;0.00;0.00;0.00;0.00;0.00;0.00;582.00;582.00;0.00;2270.00;1960.00;2204.67;2463.33;3310.34;3623.34;1520.00;1730.00;1900.00;2410.00;2624.66;1518.68;704.66;860.00;1790.00;2560.00;0.00;817.00;1014.67;864.67;480.00;800.00;2400.00;2100.00
1772828090.33582;0.00;0.00;0.00;0.00;0.00;0.00;582.00;0.00;0.00;0.00;0.00;582.00;873.00;0.00;0.00;0.00;0.00;0.00;0.00;0.00;582.00;582.00;0.00;2270.00;1960.00;2204.67;2463.33;3310.34;3623.34;1520.00;1730.00;1900.00;2410.00;2624.66;1518.68;704.66;860.00;1790.00;2560.00;0.00;817.00;1014.67;864.67;480.00;800.00;2400.00;2100.00
1772828090.3739913;0.00;0.00;0.00;0.00;0.00;0.00;582.00;0.00;0.00;0.00;0.00;582.00;873.00;0.00;0.00;0.00;0.00;0.00;0.00;0.00;582.00;582.00;0.00;2270.00;1960.00;2204.67;2463.33;3310.34;3623.34;1520.00;1730.00;1900.00;2410.00;2624.66;1518.68;704.66;860.00;1790.00;2560.00;0.00;817.00;1014.67;864.67;480.00;800.00;2400.00;2100.00
1772828090.3764164;0.00;0.00;0.00;0.00;0.00;0.00;582.00;0.00;0.00;0.00;0.00;582.00;873.00;0.00;0.00;0.00;0.00;0.00;0.00;0.00;582.00;582.00;0.00;2270.00;1960.00;2204.67;2463.33;3310.34;3623.34;1520.00;1730.00;1900.00;2410.00;2624.66;1518.68;704.66;860.00;1790.00;2560.00;0.00;817.00;1014.67;864.67;480.00;800.00;2400.00;2100.00
1772828090.4156666;0.00;0.00;0.00;0.00;0.00;0.00;582.00;0.00;0.00;0.00;0.00;582.00;873.00;0.00;0.00;0.00;0.00;0.00;0.00;0.00;582.00;582.00;0.00;2270.00;1960.00;2204.67;2463.33;3310.34;3623.34;1520.00;1730.00;1900.00;2410.00;2624.66;1518.68;704.66;860.00;1790.00;2560.00;0.00;817.00;1014.67;864.67;480.00;800.00;2400.00;2100.00
1772828090.4180694;0.00;0.00;0.00;0.00;0.00;0.00;582.00;0.00;0.00;0.00;0.00;582.00;873.00;0.00;0.00;0.00;0.00;0.00;0.00;0.00;582.00;582.00;0.00;2270.00;1960.00;2204.67;2463.33;3310.34;3623.34;1520.00;1730.00;1900.00;2410.00;2624.66;1518.68;704.66;860.00;1790.00;2560.00;0.00;817.00;1014.67;864.67;480.00;800.00;2400.00;2100.00
1772828105.2635696;0.00;0.00;0.00;0.00;0.00;0.00;0.00;0.00;0.00;0.00;0.00;679.00;291.00;0.00;0.00;0.00;0.00;0.00;0.00;0.00;582.00;582.00;0.00;310.00;240.00;97.00;0.00;0.00;1393.34;1040.00;0.00;0.00;0.00;0.00;1518.68;224.66;860.00;1480.00;1680.00;0.00;0.00;694.67;0.00;480.00;800.00;0.00;460.00
1772828105.2653005;0.00;0.00;0.00;0.00;0.00;0.00;0.00;0.00;0.00;0.00;0.00;679.00;291.00;0.00;0.00;0.00;0.00;0.00;0.00;0.00;582.00;582.00;0.00;310.00;240.00;97.00;0.00;0.00;1393.34;1040.00;0.00;0.00;0.00;0.00;1518.68;224.66;860.00;1480.00;1680.00;0.00;0.00;694.67;0.00;480.00;800.00;0.00;460.00
1772828105.3063605;0.00;0.00;0.00;0.00;0.00;0.00;0.00;0.00;0.00;0.00;0.00;776.00;291.00;0.00;0.00;0.00;0.00;0.00;0.00;0.00;582.00;582.00;0.00;620.00;550.00;311.67;230.00;0.00;1393.34;1040.00;0.00;0.00;0.00;0.00;1518.68;224.66;860.00;1480.00;1680.00;0.00;160.00;1014.67;0.00;480.00;800.00;0.00;760.00
1772828105.308143;0.00;0.00;0.00;0.00;0.00;0.00;0.00;0.00;0.00;0.00;0.00;776.00;291.00;0.00;0.00;0.00;0.00;0.00;0.00;0.00;582.00;582.00;0.00;620.00;550.00;311.67;230.00;0.00;1393.34;1040.00;0.00;0.00;0.00;0.00;1518.68;224.66;860.00;1480.00;1680.00;0.00;160.00;1014.67;0.00;480.00;800.00;0.00;760.00
1772828105.4731984;0.00;0.00;0.00;0.00;0.00;0.00;0.00;0.00;0.00;0.00;0.00;873.00;291.00;0.00;0.00;0.00;0.00;0.00;0.00;0.00;582.00;582.00;0.00;930.00;860.00;621.67;390.00;0.00;1393.34;1040.00;0.00;0.00;0.00;0.00;1518.68;224.66;860.00;1480.00;1680.00;432.33;320.00;1014.67;0.00;480.00;800.00;0.00;1060.00
1772828105.4751387;0.00;0.00;0.00;0.00;0.00;0.00;0.00;0.00;0.00;0.00;0.00;873.00;291.00;0.00;0.00;0.00;0.00;0.00;0.00;0.00;582.00;582.00;0.00;930.00;860.00;621.67;390.00;0.00;1393.34;1040.00;0.00;0.00;0.00;0.00;1518.68;224.66;860.00;1480.00;1680.00;432.33;320.00;1014.67;0.00;480.00;800.00;0.00;1060.00
1772828105.5170937;0.00;0.00;0.00;0.00;0.00;0.00;0.00;0.00;0.00;0.00;0.00;970.00;291.00;0.00;0.00;0.00;0.00;0.00;0.00;0.00;582.00;582.00;0.00;1230.00;1160.00;921.67;870.00;0.00;1393.34;1040.00;0.00;0.00;0.00;0.00;1518.68;224.66;860.00;1480.00;1680.00;854.66;800.00;1014.67;0.00;480.00;800.00;0.00;1360.00
1772828105.519063;0.00;0.00;0.00;0.00;0.00;0.00;0.00;0.00;0.00;0.00;0.00;970.00;291.00;0.00;0.00;0.00;0.00;0.00;0.00;0.00;582.00;582.00;0.00;1230.00;1160.00;921.67;870.00;0.00;1393.34;1040.00;0.00;0.00;0.00;0.00;1518.68;224.66;860.00;1480.00;1680.00;854.66;800.00;1014.67;0.00;480.00;800.00;0.00;1360.00
1772828105.558879;0.00;0.00;0.00;0.00;0.00;0.00;0.00;0.00;0.00;0.00;0.00;1067.00;291.00;0.00;0.00;0.00;0.00;0.00;0.00;0.00;582.00;582.00;0.00;1530.00;1460.00;1221.67;1350.00;0.00;1393.34;1040.00;0.00;0.00;0.00;0.00;1518.68;224.66;860.00;1480.00;1680.00;1191.66;960.00;1014.67;0.00;480.00;800.00;0.00;1660.00
1772828105.5607579;0.00;0.00;0.00;0.00;0.00;0.00;0.00;0.00;0.00;0.00;0.00;1067.00;291.00;0.00;0.00;0.00;0.00;0.00;0.00;0.00;582.00;582.00;0.00;1530.00;1460.00;1221.67;1350.00;0.00;1393.34;1040.00;0.00;0.00;0.00;0.00;1518.68;224.66;860.00;1480.00;1680.00;1191.66;960.00;1014.67;0.00;480.00;800.00;0.00;1660.00
1772828105.6003969;0.00;0.00;0.00;0.00;0.00;0.00;0.00;0.00;0.00;0.00;0.00;1164.00;291.00;0.00;0.00;0.00;0.00;0.00;0.00;0.00;582.00;582.00;0.00;1830.00;1760.00;1521.67;1734.67;0.00;1393.34;1040.00;0.00;0.00;0.00;0.00;1518.68;224.66;860.00;1480.00;1680.00;1303.99;1344.67;1014.67;0.00;480.00;800.00;0.00;1960.00
1772828105.6024039;0.00;0.00;0.00;0.00;0.00;0.00;0.00;0.00;0.00;0.00;0.00;1164.00;291.00;0.00;0.00;0.00;0.00;0.00;0.00;0.00;582.00;582.00;0.00;1830.00;1760.00;1521.67;1734.67;0.00;1393.34;1040.00;0.00;0.00;0.00;0.00;1518.68;224.66;860.00;1480.00;1680.00;1303.99;1344.67;1014.67;0.00;480.00;800.00;0.00;1960.00
1772828124.2963216;0.00;0.00;0.00;0.00;0.00;0.00;0.00;0.00;0.00;0.00;0.00;1164.00;291.00;0.00;97.00;0.00;0.00;0.00;0.00;0.00;582.00;582.00;0.00;2130.00;2060.00;1821.67;1974.67;240.00;1393.34;1040.00;0.00;0.00;0.00;0.00;1518.68;224.66;860.00;1480.00;1680.00;1303.99;1344.67;1014.67;0.00;480.00;800.00;0.00;2260.00
1772828124.2978246;0.00;0.00;0.00;0.00;0.00;0.00;0.00;0.00;0.00;0.00;0.00;1164.00;291.00;0.00;97.00;0.00;0.00;0.00;0.00;0.00;582.00;582.00;0.00;2130.00;2060.00;1821.67;1974.67;240.00;1393.34;1040.00;0.00;0.00;0.00;0.00;1518.68;224.66;860.00;1480.00;1680.00;1303.99;1344.67;1014.67;0.00;480.00;800.00;0.00;2260.00
1772828124.3789403;0.00;0.00;0.00;0.00;0.00;0.00;0.00;0.00;0.00;0.00;0.00;1164.00;291.00;0.00;194.00;0.00;0.00;0.00;0.00;0.00;582.00;582.00;0.00;2430.00;2360.00;2121.67;2274.67;540.00;1933.34;1040.00;0.00;0.00;0.00;0.00;1518.68;704.66;860.00;1480.00;1680.00;1303.99;1344.67;1014.67;337.00;480.00;800.00;0.00;2560.00
1772828124.3810174;0.00;0.00;0.00;0.00;0.00;0.00;0.00;0.00;0.00;0.00;0.00;1164.00;291.00;0.00;194.00;0.00;0.00;0.00;0.00;0.00;582.00;582.00;0.00;2430.00;2360.00;2121.67;2274.67;540.00;1933.34;1040.00;0.00;0.00;0.00;0.00;1518.68;704.66;860.00;1480.00;1680.00;1303.99;1344.67;1014.67;337.00;480.00;800.00;0.00;2560.00
1772828124.4219236;0.00;0.00;0.00;0.00;0.00;0.00;0.00;0.00;0.00;0.00;0.00;1164.00;291.00;0.00;291.00;0.00;0.00;0.00;0.00;0.00;582.00;582.00;0.00;2580.00;2510.00;2271.67;2434.67;924.67;2285.67;1120.00;150.00;150.00;150.00;150.00;1518.68;704.66;860.00;1480.00;1840.00;1303.99;1344.67;1014.67;337.00;480.00;800.00;150.00;2710.00
1772828124.423991;0.00;0.00;0.00;0.00;0.00;0.00;0.00;0.00;0.00;0.00;0.00;1164.00;291.00;0.00;291.00;0.00;0.00;0.00;0.00;0.00;582.00;582.00;0.00;2580.00;2510.00;2271.67;2434.67;924.67;2285.67;1120.00;150.00;150.00;150.00;150.00;1518.68;704.66;860.00;1480.00;1840.00;1303.99;1344.67;1014.67;337.00;480.00;800.00;150.00;2710.00
1772828124.4623086;0.00;0.00;0.00;0.00;0.00;0.00;0.00;0.00;0.00;0.00;0.00;1164.00;291.00;0.00;388.00;0.00;0.00;0.00;0.00;0.00;582.00;582.00;0.00;2580.00;2510.00;2271.67;2434.67;924.67;2382.67;1360.00;390.00;380.00;450.00;450.00;1518.68;704.66;860.00;1790.00;2320.00;1303.99;1344.67;1014.67;337.00;480.00;800.00;450.00;2710.00
1772828124.464582;0.00;0.00;0.00;0.00;0.00;0.00;0.00;0.00;0.00;0.00;0.00;1164.00;291.00;0.00;388.00;0.00;0.00;0.00;0.00;0.00;582.00;582.00;0.00;2580.00;2510.00;2271.67;2434.67;924.67;2382.67;1360.00;390.00;380.00;450.00;450.00;1518.68;704.66;860.00;1790.00;2320.00;1303.99;1344.67;1014.67;337.00;480.00;800.00;450.00;2710.00
1772828124.493343;0.00;0.00;0.00;0.00;0.00;0.00;0.00;0.00;0.00;0.00;0.00;1164.00;291.00;0.00;388.00;0.00;0.00;0.00;0.00;0.00;582.00;582.00;0.00;2580.00;2510.00;2271.67;2434.67;924.67;2382.67;1360.00;390.00;380.00;450.00;450.00;1518.68;704.66;860.00;1790.00;2320.00;1303.99;1344.67;1014.67;337.00;480.00;800.00;450.00;2710.00
1772828124.4944565;0.00;0.00;0.00;0.00;0.00;0.00;0.00;0.00;0.00;0.00;0.00;1164.00;291.00;0.00;388.00;0.00;0.00;0.00;0.00;0.00;582.00;582.00;0.00;2580.00;2510.00;2271.67;2434.67;924.67;2382.67;1360.00;390.00;380.00;450.00;450.00;1518.68;704.66;860.00;1790.00;2320.00;1303.99;1344.67;1014.67;337.00;480.00;800.00;450.00;2710.00
1772828124.613162;0.00;0.00;0.00;0.00;0.00;0.00;0.00;0.00;0.00;0.00;0.00;1164.00;291.00;0.00;388.00;0.00;0.00;0.00;0.00;0.00;582.00;582.00;0.00;2580.00;2510.00;2271.67;2434.67;924.67;2382.67;1360.00;390.00;380.00;450.00;450.00;1518.68;704.66;860.00;1790.00;2320.00;1303.99;1344.67;1014.67;337.00;480.00;800.00;450.00;2710.00
1772828124.61432;0.00;0.00;0.00;0.00;0.00;0.00;0.00;0.00;0.00;0.00;0.00;1164.00;291.00;0.00;388.00;0.00;0.00;0.00;0.00;0.00;582.00;582.00;0.00;2580.00;2510.00;2271.67;2434.67;924.67;2382.67;1360.00;390.00;380.00;450.00;450.00;1518.68;704.66;860.00;1790.00;2320.00;1303.99;1344.67;1014.67;337.00;480.00;800.00;450.00;2710.00
1772828142.3164392;0.00;0.00;0.00;0.00;0.00;0.00;0.00;0.00;0.00;0.00;0.00;1164.00;291.00;0.00;388.00;0.00;0.00;0.00;0.00;97.00;582.00;0.00;0.00;310.00;2050.00;2281.67;2204.67;924.67;2382.67;1360.00;390.00;0.00;0.00;0.00;0.00;704.66;860.00;1790.00;2320.00;1303.99;1184.67;640.00;337.00;480.00;0.00;0.00;300.00
1772828142.3184195;0.00;0.00;0.00;0.00;0.00;0.00;0.00;0.00;0.00;0.00;0.00;1164.00;291.00;0.00;388.00;0.00;0.00;0.00;0.00;97.00;582.00;0.00;0.00;310.00;2050.00;2281.67;2204.67;924.67;2382.67;1360.00;390.00;0.00;0.00;0.00;0.00;704.66;860.00;1790.00;2320.00;1303.99;1184.67;640.00;337.00;480.00;0.00;0.00;300.00
1772828142.3560996;0.00;0.00;0.00;0.00;0.00;0.00;0.00;0.00;0.00;0.00;0.00;1164.00;291.00;0.00;388.00;0.00;0.00;0.00;0.00;194.00;582.00;0.00;0.00;610.00;2360.00;2591.67;2434.67;924.67;2382.67;1360.00;390.00;0.00;0.00;0.00;0.00;704.66;860.00;1790.00;2320.00;1303.99;1344.67;640.00;337.00;480.00;0.00;0.00;600.00
1772828142.357298;0.00;0.00;0.00;0.00;0.00;0.00;0.00;0.00;0.00;0.00;0.00;1164.00;291.00;0.00;388.00;0.00;0.00;0.00;0.00;194.00;582.00;0.00;0.00;610.00;2360.00;2591.67;2434.67;924.67;2382.67;1360.00;390.00;0.00;0.00;0.00;0.00;704.66;860.00;1790.00;2320.00;1303.99;1344.67;640.00;337.00;480.00;0.00;0.00;600.00
1772828142.384846;0.00;0.00;0.00;0.00;0.00;0.00;0.00;0.00;0.00;0.00;0.00;1164.00;291.00;0.00;388.00;0.00;0.00;0.00;0.00;291.00;582.00;0.00;0.00;770.00;2520.00;2751.67;2514.67;1004.67;2462.67;1440.00;470.00;150.00;150.00;150.00;310.00;704.66;860.00;1950.00;2320.00;1303.99;1344.67;640.00;337.00;480.00;0.00;470.00;750.00
1772828142.3859599;0.00;0.00;0.00;0.00;0.00;0.00;0.00;0.00;0.00;0.00;0.00;1164.00;291.00;0.00;388.00;0.00;0.00;0.00;0.00;291.00;582.00;0.00;0.00;770.00;2520.00;2751.67;2514.67;1004.67;2462.67;1440.00;470.00;150.00;150.00;150.00;310.00;704.66;860.00;1950.00;2320.00;1303.99;1344.67;640.00;337.00;480.00;0.00;470.00;750.00
1772828142.412648;0.00;0.00;0.00;0.00;0.00;0.00;0.00;0.00;0.00;0.00;0.00;1164.00;291.00;0.00;388.00;0.00;0.00;0.00;0.00;388.00;582.00;0.00;0.00;930.00;2584.67;2816.34;2594.67;1084.67;2542.67;1520.00;550.00;230.00;300.00;300.00;620.00;704.66;1020.00;1950.00;2320.00;1303.99;1344.67;864.67;337.00;480.00;0.00;620.00;900.00
1772828142.4139438;0.00;0.00;0.00;0.00;0.00;0.00;0.00;0.00;0.00;0.00;0.00;1164.00;291.00;0.00;388.00;0.00;0.00;0.00;0.00;388.00;582.00;0.00;0.00;930.00;2584.67;2816.34;2594.67;1084.67;2542.67;1520.00;550.00;230.00;300.00;300.00;620.00;704.66;1020.00;1950.00;2320.00;1303.99;1344.67;864.67;337.00;480.00;0.00;620.00;900.00
1772828142.4387083;0.00;0.00;0.00;0.00;0.00;0.00;0.00;0.00;0.00;0.00;0.00;1164.00;291.00;0.00;388.00;0.00;0.00;0.00;0.00;388.00;582.00;0.00;0.00;930.00;2584.67;2816.34;2594.67;1084.67;2542.67;1520.00;550.00;230.00;300.00;300.00;620.00;704.66;1020.00;1950.00;2320.00;1303.99;1344.67;864.67;337.00;480.00;0.00;620.00;900.00
1772828142.439901;0.00;0.00;0.00;0.00;0.00;0.00;0.00;0.00;0.00;0.00;0.00;1164.00;291.00;0.00;388.00;0.00;0.00;0.00;0.00;388.00;582.00;0.00;0.00;930.00;2584.67;2816.34;2594.67;1084.67;2542.67;1520.00;550.00;230.00;300.00;300.00;620.00;704.66;1020.00;1950.00;2320.00;1303.99;1344.67;864.67;337.00;480.00;0.00;620.00;900.00
1772828142.4654467;0.00;0.00;0.00;0.00;0.00;0.00;0.00;0.00;0.00;0.00;0.00;1164.00;291.00;0.00;388.00;0.00;0.00;0.00;0.00;388.00;582.00;0.00;0.00;930.00;2584.67;2816.34;2594.67;1084.67;2542.67;1520.00;550.00;230.00;300.00;300.00;620.00;704.66;1020.00;1950.00;2320.00;1303.99;1344.67;864.67;337.00;480.00;0.00;620.00;900.00
1772828142.4667928;0.00;0.00;0.00;0.00;0.00;0.00;0.00;0.00;0.00;0.00;0.00;1164.00;291.00;0.00;388.00;0.00;0.00;0.00;0.00;388.00;582.00;0.00;0.00;930.00;2584.67;2816.34;2594.67;1084.67;2542.67;1520.00;550.00;230.00;300.00;300.00;620.00;704.66;1020.00;1950.00;2320.00;1303.99;1344.67;864.67;337.00;480.00;0.00;620.00;900.00
1772828170.3594792;0.00;0.00;0.00;0.00;97.00;0.00;0.00;0.00;0.00;0.00;0.00;582.00;291.00;0.00;388.00;0.00;0.00;0.00;0.00;388.00;0.00;0.00;0.00;0.00;0.00;0.00;0.00;0.00;0.00;0.00;0.00;160.00;310.00;310.00;770.00;0.00;1020.00;360.00;0.00;1303.99;0.00;864.67;0.00;480.00;320.00;150.00;150.00
1772828170.3610475;0.00;0.00;0.00;0.00;97.00;0.00;0.00;0.00;0.00;0.00;0.00;582.00;291.00;0.00;388.00;0.00;0.00;0.00;0.00;388.00;0.00;0.00;0.00;0.00;0.00;0.00;0.00;0.00;0.00;0.00;0.00;160.00;310.00;310.00;770.00;0.00;1020.00;360.00;0.00;1303.99;0.00;864.67;0.00;480.00;320.00;150.00;150.00
1772828170.4035814;0.00;0.00;0.00;0.00;194.00;0.00;0.00;0.00;0.00;0.00;0.00;582.00;291.00;0.00;388.00;0.00;0.00;0.00;0.00;388.00;0.00;0.00;0.00;310.00;0.00;0.00;0.00;0.00;0.00;0.00;0.00;390.00;620.00;620.00;930.00;0.00;1020.00;520.00;0.00;1303.99;0.00;864.67;0.00;480.00;320.00;300.00;300.00
1772828170.4051769;0.00;0.00;0.00;0.00;194.00;0.00;0.00;0.00;0.00;0.00;0.00;582.00;291.00;0.00;388.00;0.00;0.00;0.00;0.00;388.00;0.00;0.00;0.00;310.00;0.00;0.00;0.00;0.00;0.00;0.00;0.00;390.00;620.00;620.00;930.00;0.00;1020.00;520.00;0.00;1303.99;0.00;864.67;0.00;480.00;320.00;300.00;300.00
1772828170.5665252;0.00;0.00;0.00;0.00;291.00;0.00;0.00;0.00;0.00;0.00;0.00;582.00;291.00;0.00;388.00;0.00;0.00;0.00;0.00;388.00;0.00;0.00;0.00;620.00;0.00;0.00;0.00;0.00;0.00;0.00;0.00;620.00;930.00;930.00;1090.00;0.00;1180.00;750.00;0.00;1303.99;0.00;864.67;0.00;480.00;320.00;450.00;450.00
1772828170.568207;0.00;0.00;0.00;0.00;291.00;0.00;0.00;0.00;0.00;0.00;0.00;582.00;291.00;0.00;388.00;0.00;0.00;0.00;0.00;388.00;0.00;0.00;0.00;620.00;0.00;0.00;0.00;0.00;0.00;0.00;0.00;620.00;930.00;930.00;1090.00;0.00;1180.00;750.00;0.00;1303.99;0.00;864.67;0.00;480.00;320.00;450.00;450.00
1772828170.6109524;0.00;0.00;0.00;0.00;388.00;0.00;0.00;0.00;0.00;0.00;0.00;582.00;291.00;0.00;388.00;0.00;0.00;0.00;0.00;388.00;0.00;0.00;0.00;930.00;0.00;0.00;0.00;0.00;0.00;0.00;230.00;850.00;1240.00;1240.00;1250.00;0.00;1180.00;750.00;160.00;1303.99;0.00;864.67;0.00;480.00;320.00;600.00;600.00
1772828170.6126297;0.00;0.00;0.00;0.00;388.00;0.00;0.00;0.00;0.00;0.00;0.00;582.00;291.00;0.00;388.00;0.00;0.00;0.00;0.00;388.00;0.00;0.00;0.00;930.00;0.00;0.00;0.00;0.00;0.00;0.00;230.00;850.00;1240.00;1240.00;1250.00;0.00;1180.00;750.00;160.00;1303.99;0.00;864.67;0.00;480.00;320.00;600.00;600.00
1772828170.6555314;0.00;0.00;0.00;0.00;485.00;0.00;0.00;0.00;0.00;0.00;0.00;582.00;291.00;0.00;388.00;0.00;0.00;0.00;0.00;388.00;0.00;0.00;0.00;930.00;0.00;0.00;0.00;0.00;0.00;0.00;460.00;1400.00;1540.00;1540.00;1250.00;0.00;1490.00;1070.00;320.00;1303.99;0.00;864.67;0.00;480.00;320.00;900.00;600.00
1772828170.6572478;0.00;0.00;0.00;0.00;485.00;0.00;0.00;0.00;0.00;0.00;0.00;582.00;291.00;0.00;388.00;0.00;0.00;0.00;0.00;388.00;0.00;0.00;0.00;930.00;0.00;0.00;0.00;0.00;0.00;0.00;460.00;1400.00;1540.00;1540.00;1250.00;0.00;1490.00;1070.00;320.00;1303.99;0.00;864.67;0.00;480.00;320.00;900.00;600.00
1772828170.6997185;0.00;0.00;0.00;0.00;582.00;0.00;0.00;0.00;0.00;0.00;0.00;582.00;291.00;0.00;388.00;0.00;0.00;0.00;0.00;388.00;0.00;0.00;0.00;930.00;0.00;0.00;0.00;0.00;0.00;0.00;690.00;1950.00;1840.00;1840.00;1250.00;0.00;1800.00;1070.00;480.00;1303.99;0.00;864.67;0.00;480.00;320.00;1200.00;600.00
1772828170.7015018;0.00;0.00;0.00;0.00;582.00;0.00;0.00;0.00;0.00;0.00;0.00;582.00;291.00;0.00;388.00;0.00;0.00;0.00;0.00;388.00;0.00;0.00;0.00;930.00;0.00;0.00;0.00;0.00;0.00;0.00;690.00;1950.00;1840.00;1840.00;1250.00;0.00;1800.00;1070.00;480.00;1303.99;0.00;864.67;0.00;480.00;320.00;1200.00;600.00
1772828190.319412;0.00;0.00;0.00;0.00;291.00;0.00;0.00;0.00;0.00;0.00;0.00;0.00;0.00;0.00;97.00;0.00;0.00;0.00;0.00;0.00;0.00;0.00;0.00;80.00;0.00;0.00;0.00;0.00;0.00;0.00;0.00;0.00;240.00;240.00;80.00;0.00;160.00;0.00;0.00;0.00;0.00;0.00;0.00;0.00;0.00;480.00;0.00
1772828190.3203425;0.00;0.00;0.00;0.00;291.00;0.00;0.00;0.00;0.00;0.00;0.00;0.00;0.00;0.00;97.00;0.00;0.00;0.00;0.00;0.00;0.00;0.00;0.00;80.00;0.00;0.00;0.00;0.00;0.00;0.00;0.00;0.00;240.00;240.00;80.00;0.00;160.00;0.00;0.00;0.00;0.00;0.00;0.00;0.00;0.00;480.00;0.00
1772828190.3641872;0.00;0.00;0.00;0.00;291.00;0.00;0.00;0.00;0.00;0.00;0.00;0.00;0.00;0.00;97.00;0.00;0.00;0.00;0.00;97.00;0.00;0.00;0.00;80.00;240.00;240.00;0.00;0.00;0.00;0.00;0.00;0.00;240.00;240.00;80.00;0.00;160.00;0.00;0.00;0.00;0.00;160.00;0.00;480.00;0.00;480.00;0.00
1772828190.3651145;0.00;0.00;0.00;0.00;291.00;0.00;0.00;0.00;0.00;0.00;0.00;0.00;0.00;0.00;97.00;0.00;0.00;0.00;0.00;97.00;0.00;0.00;0.00;80.00;240.00;240.00;0.00;0.00;0.00;0.00;0.00;0.00;240.00;240.00;80.00;0.00;160.00;0.00;0.00;0.00;0.00;160.00;0.00;480.00;0.00;480.00;0.00
1772828190.4079216;0.00;0.00;0.00;0.00;388.00;0.00;0.00;0.00;0.00;0.00;0.00;0.00;0.00;0.00;97.00;0.00;0.00;0.00;0.00;97.00;0.00;0.00;0.00;80.00;240.00;240.00;0.00;0.00;0.00;0.00;0.00;160.00;550.00;550.00;80.00;0.00;390.00;160.00;0.00;0.00;0.00;160.00;0.00;480.00;320.00;630.00;0.00
1772828190.4089074;0.00;0.00;0.00;0.00;388.00;0.00;0.00;0.00;0.00;0.00;0.00;0.00;0.00;0.00;97.00;0.00;0.00;0.00;0.00;97.00;0.00;0.00;0.00;80.00;240.00;240.00;0.00;0.00;0.00;0.00;0.00;160.00;550.00;550.00;80.00;0.00;390.00;160.00;0.00;0.00;0.00;160.00;0.00;480.00;320.00;630.00;0.00
1772828190.450976;0.00;0.00;0.00;0.00;388.00;0.00;0.00;0.00;0.00;0.00;0.00;0.00;0.00;0.00;97.00;0.00;0.00;0.00;0.00;194.00;0.00;0.00;0.00;80.00;400.00;400.00;80.00;0.00;0.00;0.00;0.00;160.00;550.00;550.00;80.00;0.00;390.00;160.00;0.00;0.00;160.00;480.00;0.00;480.00;320.00;630.00;0.00
1772828190.4519653;0.00;0.00;0.00;0.00;388.00;0.00;0.00;0.00;0.00;0.00;0.00;0.00;0.00;0.00;97.00;0.00;0.00;0.00;0.00;194.00;0.00;0.00;0.00;80.00;400.00;400.00;80.00;0.00;0.00;0.00;0.00;160.00;550.00;550.00;80.00;0.00;390.00;160.00;0.00;0.00;160.00;480.00;0.00;480.00;320.00;630.00;0.00
1772828190.494271;0.00;0.00;0.00;0.00;388.00;0.00;0.00;0.00;0.00;0.00;0.00;0.00;0.00;0.00;194.00;0.00;0.00;0.00;0.00;194.00;0.00;0.00;0.00;80.00;560.00;560.00;240.00;240.00;0.00;0.00;0.00;160.00;550.00;550.00;80.00;0.00;390.00;160.00;0.00;0.00;320.00;640.00;320.00;480.00;320.00;630.00;0.00
1772828190.4954007;0.00;0.00;0.00;0.00;388.00;0.00;0.00;0.00;0.00;0.00;0.00;0.00;0.00;0.00;194.00;0.00;0.00;0.00;0.00;194.00;0.00;0.00;0.00;80.00;560.00;560.00;240.00;240.00;0.00;0.00;0.00;160.00;550.00;550.00;80.00;0.00;390.00;160.00;0.00;0.00;320.00;640.00;320.00;480.00;320.00;630.00;0.00
1772828190.6565008;0.00;0.00;0.00;0.00;485.00;0.00;0.00;0.00;0.00;0.00;0.00;0.00;0.00;0.00;194.00;0.00;0.00;0.00;0.00;194.00;0.00;0.00;0.00;80.00;560.00;560.00;240.00;240.00;0.00;0.00;0.00;390.00;860.00;860.00;80.00;0.00;710.00;320.00;0.00;0.00;320.00;640.00;320.00;480.00;320.00;780.00;0.00
1772828190.657641;0.00;0.00;0.00;0.00;485.00;0.00;0.00;0.00;0.00;0.00;0.00;0.00;0.00;0.00;194.00;0.00;0.00;0.00;0.00;194.00;0.00;0.00;0.00;80.00;560.00;560.00;240.00;240.00;0.00;0.00;0.00;390.00;860.00;860.00;80.00;0.00;710.00;320.00;0.00;0.00;320.00;640.00;320.00;480.00;320.00;780.00;0.00
1772828190.6990576;0.00;0.00;0.00;0.00;582.00;0.00;0.00;0.00;0.00;0.00;0.00;0.00;0.00;0.00;194.00;0.00;0.00;0.00;0.00;194.00;0.00;0.00;0.00;240.00;560.00;560.00;240.00;240.00;0.00;0.00;0.00;620.00;1170.00;1170.00;240.00;0.00;710.00;480.00;0.00;0.00;320.00;640.00;320.00;480.00;320.00;930.00;0.00
1772828190.7002904;0.00;0.00;0.00;0.00;582.00;0.00;0.00;0.00;0.00;0.00;0.00;0.00;0.00;0.00;194.00;0.00;0.00;0.00;0.00;194.00;0.00;0.00;0.00;240.00;560.00;560.00;240.00;240.00;0.00;0.00;0.00;620.00;1170.00;1170.00;240.00;0.00;710.00;480.00;0.00;0.00;320.00;640.00;320.00;480.00;320.00;930.00;0.00
1772828190.7427487;0.00;0.00;0.00;0.00;582.00;0.00;0.00;0.00;0.00;0.00;0.00;97.00;0.00;0.00;194.00;0.00;0.00;0.00;0.00;194.00;0.00;0.00;0.00;240.00;560.00;720.00;400.00;240.00;0.00;0.00;0.00;620.00;1170.00;1170.00;240.00;0.00;710.00;480.00;0.00;432.33;480.00;640.00;320.00;480.00;320.00;930.00;0.00
1772828190.7439897;0.00;0.00;0.00;0.00;582.00;0.00;0.00;0.00;0.00;0.00;0.00;97.00;0.00;0.00;194.00;0.00;0.00;0.00;0.00;194.00;0.00;0.00;0.00;240.00;560.00;720.00;400.00;240.00;0.00;0.00;0.00;620.00;1170.00;1170.00;240.00;0.00;710.00;480.00;0.00;432.33;480.00;640.00;320.00;480.00;320.00;930.00;0.00
1772828190.786746;0.00;0.00;0.00;0.00;582.00;0.00;0.00;0.00;0.00;0.00;0.00;194.00;0.00;0.00;194.00;0.00;0.00;0.00;0.00;194.00;0.00;0.00;0.00;240.00;560.00;880.00;560.00;240.00;0.00;0.00;0.00;620.00;1170.00;1170.00;240.00;0.00;710.00;480.00;0.00;864.66;640.00;640.00;320.00;480.00;320.00;930.00;0.00
1772828190.788109;0.00;0.00;0.00;0.00;582.00;0.00;0.00;0.00;0.00;0.00;0.00;194.00;0.00;0.00;194.00;0.00;0.00;0.00;0.00;194.00;0.00;0.00;0.00;240.00;560.00;880.00;560.00;240.00;0.00;0.00;0.00;620.00;1170.00;1170.00;240.00;0.00;710.00;480.00;0.00;864.66;640.00;640.00;320.00;480.00;320.00;930.00;0.00
1772828190.8306499;0.00;0.00;0.00;0.00;582.00;0.00;0.00;0.00;0.00;0.00;0.00;291.00;0.00;0.00;194.00;0.00;0.00;0.00;0.00;194.00;0.00;0.00;0.00;240.00;720.00;1040.00;720.00;240.00;0.00;0.00;0.00;620.00;1170.00;1170.00;240.00;0.00;710.00;480.00;0.00;976.99;800.00;640.00;320.00;480.00;320.00;930.00;0.00
1772828190.8320339;0.00;0.00;0.00;0.00;582.00;0.00;0.00;0.00;0.00;0.00;0.00;291.00;0.00;0.00;194.00;0.00;0.00;0.00;0.00;194.00;0.00;0.00;0.00;240.00;720.00;1040.00;720.00;240.00;0.00;0.00;0.00;620.00;1170.00;1170.00;240.00;0.00;710.00;480.00;0.00;976.99;800.00;640.00;320.00;480.00;320.00;930.00;0.00
1772828190.8740652;0.00;0.00;0.00;0.00;582.00;0.00;0.00;0.00;0.00;0.00;0.00;388.00;0.00;0.00;194.00;0.00;0.00;0.00;0.00;194.00;0.00;0.00;0.00;240.00;880.00;1200.00;880.00;240.00;0.00;0.00;0.00;620.00;1170.00;1170.00;240.00;0.00;710.00;480.00;0.00;1313.99;960.00;640.00;320.00;480.00;320.00;930.00;0.00
1772828190.875441;0.00;0.00;0.00;0.00;582.00;0.00;0.00;0.00;0.00;0.00;0.00;388.00;0.00;0.00;194.00;0.00;0.00;0.00;0.00;194.00;0.00;0.00;0.00;240.00;880.00;1200.00;880.00;240.00;0.00;0.00;0.00;620.00;1170.00;1170.00;240.00;0.00;710.00;480.00;0.00;1313.99;960.00;640.00;320.00;480.00;320.00;930.00;0.00
1772828190.917566;0.00;0.00;0.00;0.00;582.00;0.00;0.00;0.00;0.00;0.00;0.00;388.00;0.00;0.00;194.00;0.00;0.00;0.00;0.00;291.00;0.00;0.00;0.00;240.00;1040.00;1360.00;1360.00;240.00;0.00;0.00;0.00;620.00;1170.00;1170.00;240.00;0.00;710.00;480.00;0.00;1426.32;1440.00;640.00;320.00;480.00;320.00;930.00;0.00
1772828190.9190128;0.00;0.00;0.00;0.00;582.00;0.00;0.00;0.00;0.00;0.00;0.00;388.00;0.00;0.00;194.00;0.00;0.00;0.00;0.00;291.00;0.00;0.00;0.00;240.00;1040.00;1360.00;1360.00;240.00;0.00;0.00;0.00;620.00;1170.00;1170.00;240.00;0.00;710.00;480.00;0.00;1426.32;1440.00;640.00;320.00;480.00;320.00;930.00;0.00
1772828190.960979;0.00;0.00;0.00;0.00;582.00;0.00;0.00;0.00;0.00;0.00;0.00;388.00;0.00;0.00;291.00;0.00;0.00;0.00;0.00;291.00;0.00;0.00;0.00;240.00;1200.00;1520.00;1520.00;400.00;80.00;0.00;0.00;620.00;1170.00;1170.00;240.00;160.00;710.00;480.00;0.00;1426.32;1440.00;640.00;320.00;480.00;320.00;930.00;0.00
1772828190.962428;0.00;0.00;0.00;0.00;582.00;0.00;0.00;0.00;0.00;0.00;0.00;388.00;0.00;0.00;291.00;0.00;0.00;0.00;0.00;291.00;0.00;0.00;0.00;240.00;1200.00;1520.00;1520.00;400.00;80.00;0.00;0.00;620.00;1170.00;1170.00;240.00;160.00;710.00;480.00;0.00;1426.32;1440.00;640.00;320.00;480.00;320.00;930.00;0.00
1772828191.1200705;0.00;0.00;0.00;0.00;582.00;0.00;0.00;0.00;0.00;0.00;0.00;485.00;0.00;0.00;291.00;0.00;0.00;0.00;0.00;291.00;0.00;0.00;0.00;240.00;1200.00;1520.00;1824.67;480.00;80.00;0.00;0.00;620.00;1170.00;1170.00;240.00;160.00;710.00;480.00;0.00;1426.32;1664.67;640.00;480.00;480.00;320.00;930.00;0.00
1772828191.1216254;0.00;0.00;0.00;0.00;582.00;0.00;0.00;0.00;0.00;0.00;0.00;485.00;0.00;0.00;291.00;0.00;0.00;0.00;0.00;291.00;0.00;0.00;0.00;240.00;1200.00;1520.00;1824.67;480.00;80.00;0.00;0.00;620.00;1170.00;1170.00;240.00;160.00;710.00;480.00;0.00;1426.32;1664.67;640.00;480.00;480.00;320.00;930.00;0.00
1772828191.1635056;0.00;0.00;0.00;0.00;582.00;0.00;0.00;0.00;0.00;0.00;0.00;485.00;0.00;0.00;291.00;0.00;0.00;0.00;0.00;388.00;0.00;0.00;0.00;240.00;1200.00;1520.00;2129.34;560.00;80.00;0.00;0.00;620.00;1170.00;1170.00;240.00;160.00;710.00;480.00;0.00;1426.32;1889.34;640.00;640.00;480.00;320.00;930.00;0.00
1772828191.165033;0.00;0.00;0.00;0.00;582.00;0.00;0.00;0.00;0.00;0.00;0.00;485.00;0.00;0.00;291.00;0.00;0.00;0.00;0.00;388.00;0.00;0.00;0.00;240.00;1200.00;1520.00;2129.34;560.00;80.00;0.00;0.00;620.00;1170.00;1170.00;240.00;160.00;710.00;480.00;0.00;1426.32;1889.34;640.00;640.00;480.00;320.00;930.00;0.00
1772828191.2068827;0.00;0.00;0.00;0.00;582.00;0.00;0.00;0.00;0.00;0.00;0.00;485.00;0.00;0.00;388.00;0.00;0.00;0.00;0.00;388.00;0.00;0.00;0.00;240.00;1200.00;1520.00;2129.34;720.00;160.00;0.00;0.00;620.00;1170.00;1170.00;240.00;240.00;710.00;480.00;0.00;1426.32;1889.34;640.00;1024.67;480.00;320.00;930.00;0.00
1772828191.2084634;0.00;0.00;0.00;0.00;582.00;0.00;0.00;0.00;0.00;0.00;0.00;485.00;0.00;0.00;388.00;0.00;0.00;0.00;0.00;388.00;0.00;0.00;0.00;240.00;1200.00;1520.00;2129.34;720.00;160.00;0.00;0.00;620.00;1170.00;1170.00;240.00;240.00;710.00;480.00;0.00;1426.32;1889.34;640.00;1024.67;480.00;320.00;930.00;0.00
1772828191.250696;0.00;0.00;0.00;0.00;582.00;0.00;0.00;0.00;0.00;0.00;0.00;582.00;0.00;0.00;388.00;0.00;0.00;0.00;0.00;388.00;0.00;0.00;0.00;240.00;1200.00;1520.00;2369.34;1120.00;240.00;0.00;0.00;620.00;1170.00;1170.00;240.00;240.00;710.00;480.00;0.00;1426.32;1889.34;640.00;1184.67;480.00;320.00;930.00;0.00
1772828191.2523577;0.00;0.00;0.00;0.00;582.00;0.00;0.00;0.00;0.00;0.00;0.00;582.00;0.00;0.00;388.00;0.00;0.00;0.00;0.00;388.00;0.00;0.00;0.00;240.00;1200.00;1520.00;2369.34;1120.00;240.00;0.00;0.00;620.00;1170.00;1170.00;240.00;240.00;710.00;480.00;0.00;1426.32;1889.34;640.00;1184.67;480.00;320.00;930.00;0.00
1772828191.2945752;0.00;0.00;0.00;0.00;582.00;0.00;0.00;0.00;0.00;0.00;0.00;582.00;0.00;0.00;388.00;0.00;0.00;0.00;0.00;485.00;0.00;0.00;0.00;240.00;1200.00;1520.00;2514.01;1360.00;480.00;0.00;0.00;620.00;1170.00;1170.00;240.00;560.00;710.00;480.00;0.00;1426.32;1889.34;640.00;1344.67;480.00;320.00;930.00;0.00
1772828191.2962265;0.00;0.00;0.00;0.00;582.00;0.00;0.00;0.00;0.00;0.00;0.00;582.00;0.00;0.00;388.00;0.00;0.00;0.00;0.00;485.00;0.00;0.00;0.00;240.00;1200.00;1520.00;2514.01;1360.00;480.00;0.00;0.00;620.00;1170.00;1170.00;240.00;560.00;710.00;480.00;0.00;1426.32;1889.34;640.00;1344.67;480.00;320.00;930.00;0.00
1772828191.3387384;0.00;0.00;0.00;0.00;582.00;0.00;0.00;0.00;0.00;0.00;0.00;582.00;0.00;0.00;388.00;0.00;0.00;0.00;0.00;582.00;0.00;0.00;0.00;240.00;1200.00;1520.00;2658.68;1600.00;720.00;80.00;80.00;770.00;1320.00;1320.00;240.00;880.00;710.00;710.00;160.00;1426.32;1889.34;640.00;1344.67;480.00;320.00;1080.00;0.00
1772828191.3405135;0.00;0.00;0.00;0.00;582.00;0.00;0.00;0.00;0.00;0.00;0.00;582.00;0.00;0.00;388.00;0.00;0.00;0.00;0.00;582.00;0.00;0.00;0.00;240.00;1200.00;1520.00;2658.68;1600.00;720.00;80.00;80.00;770.00;1320.00;1320.00;240.00;880.00;710.00;710.00;160.00;1426.32;1889.34;640.00;1344.67;480.00;320.00;1080.00;0.00
1772828191.3836038;0.00;0.00;0.00;0.00;582.00;0.00;0.00;0.00;0.00;0.00;0.00;582.00;0.00;0.00;388.00;0.00;0.00;0.00;0.00;679.00;0.00;0.00;0.00;240.00;1200.00;1520.00;2755.68;1840.00;960.00;160.00;230.00;920.00;1470.00;1470.00;240.00;1200.00;710.00;710.00;320.00;1426.32;1889.34;640.00;1344.67;480.00;320.00;1230.00;0.00
1772828191.38539;0.00;0.00;0.00;0.00;582.00;0.00;0.00;0.00;0.00;0.00;0.00;582.00;0.00;0.00;388.00;0.00;0.00;0.00;0.00;679.00;0.00;0.00;0.00;240.00;1200.00;1520.00;2755.68;1840.00;960.00;160.00;230.00;920.00;1470.00;1470.00;240.00;1200.00;710.00;710.00;320.00;1426.32;1889.34;640.00;1344.67;480.00;320.00;1230.00;0.00
1772828191.4275737;0.00;0.00;0.00;0.00;582.00;0.00;0.00;0.00;0.00;0.00;0.00;582.00;0.00;0.00;388.00;0.00;0.00;0.00;0.00;776.00;0.00;0.00;0.00;240.00;1200.00;1520.00;2852.68;2080.00;1200.00;240.00;380.00;1070.00;1620.00;1620.00;240.00;1520.00;710.00;710.00;480.00;1426.32;1889.34;640.00;1344.67;480.00;320.00;1380.00;0.00
1772828191.4293683;0.00;0.00;0.00;0.00;582.00;0.00;0.00;0.00;0.00;0.00;0.00;582.00;0.00;0.00;388.00;0.00;0.00;0.00;0.00;776.00;0.00;0.00;0.00;240.00;1200.00;1520.00;2852.68;2080.00;1200.00;240.00;380.00;1070.00;1620.00;1620.00;240.00;1520.00;710.00;710.00;480.00;1426.32;1889.34;640.00;1344.67;480.00;320.00;1380.00;0.00
1772828191.590639;0.00;0.00;0.00;0.00;582.00;0.00;0.00;0.00;0.00;0.00;0.00;582.00;0.00;0.00;388.00;0.00;0.00;0.00;0.00;873.00;0.00;0.00;0.00;240.00;1200.00;1520.00;2949.68;2224.67;1440.00;320.00;530.00;1220.00;1770.00;1770.00;240.00;1840.00;710.00;710.00;640.00;1426.32;2001.67;640.00;1344.67;480.00;320.00;1530.00;0.00
1772828191.5925205;0.00;0.00;0.00;0.00;582.00;0.00;0.00;0.00;0.00;0.00;0.00;582.00;0.00;0.00;388.00;0.00;0.00;0.00;0.00;873.00;0.00;0.00;0.00;240.00;1200.00;1520.00;2949.68;2224.67;1440.00;320.00;530.00;1220.00;1770.00;1770.00;240.00;1840.00;710.00;710.00;640.00;1426.32;2001.67;640.00;1344.67;480.00;320.00;1530.00;0.00
1772828191.6352901;0.00;0.00;0.00;0.00;582.00;0.00;0.00;0.00;0.00;0.00;0.00;582.00;0.00;0.00;388.00;0.00;0.00;0.00;0.00;970.00;0.00;0.00;0.00;240.00;1200.00;1520.00;3046.68;2321.67;1744.67;400.00;680.00;1370.00;1920.00;1920.00;240.00;2064.67;710.00;710.00;800.00;1426.32;2001.67;640.00;1344.67;480.00;320.00;1680.00;0.00
1772828191.6371987;0.00;0.00;0.00;0.00;582.00;0.00;0.00;0.00;0.00;0.00;0.00;582.00;0.00;0.00;388.00;0.00;0.00;0.00;0.00;970.00;0.00;0.00;0.00;240.00;1200.00;1520.00;3046.68;2321.67;1744.67;400.00;680.00;1370.00;1920.00;1920.00;240.00;2064.67;710.00;710.00;800.00;1426.32;2001.67;640.00;1344.67;480.00;320.00;1680.00;0.00
1772828226.4269254;0.00;97.00;0.00;0.00;194.00;0.00;0.00;0.00;0.00;0.00;0.00;0.00;0.00;0.00;97.00;0.00;0.00;0.00;0.00;0.00;0.00;0.00;0.00;0.00;0.00;0.00;0.00;0.00;0.00;0.00;0.00;144.67;310.00;310.00;160.00;0.00;230.00;160.00;0.00;0.00;0.00;0.00;0.00;0.00;0.00;470.00;310.00
1772828226.427887;0.00;97.00;0.00;0.00;194.00;0.00;0.00;0.00;0.00;0.00;0.00;0.00;0.00;0.00;97.00;0.00;0.00;0.00;0.00;0.00;0.00;0.00;0.00;0.00;0.00;0.00;0.00;0.00;0.00;0.00;0.00;144.67;310.00;310.00;160.00;0.00;230.00;160.00;0.00;0.00;0.00;0.00;0.00;0.00;0.00;470.00;310.00
1772828226.4756176;0.00;194.00;0.00;0.00;194.00;0.00;0.00;0.00;0.00;0.00;0.00;0.00;0.00;0.00;97.00;0.00;0.00;0.00;0.00;0.00;0.00;0.00;0.00;0.00;0.00;0.00;0.00;0.00;0.00;0.00;0.00;289.34;620.00;620.00;310.00;0.00;390.00;160.00;0.00;0.00;0.00;0.00;0.00;0.00;320.00;620.00;460.00
1772828226.476618;0.00;194.00;0.00;0.00;194.00;0.00;0.00;0.00;0.00;0.00;0.00;0.00;0.00;0.00;97.00;0.00;0.00;0.00;0.00;0.00;0.00;0.00;0.00;0.00;0.00;0.00;0.00;0.00;0.00;0.00;0.00;289.34;620.00;620.00;310.00;0.00;390.00;160.00;0.00;0.00;0.00;0.00;0.00;0.00;320.00;620.00;460.00
1772828226.5238597;0.00;291.00;0.00;0.00;194.00;0.00;0.00;0.00;0.00;0.00;0.00;0.00;0.00;0.00;97.00;0.00;0.00;0.00;0.00;0.00;0.00;0.00;0.00;0.00;0.00;0.00;0.00;0.00;0.00;0.00;0.00;434.01;930.00;930.00;460.00;0.00;870.00;160.00;0.00;0.00;0.00;0.00;0.00;0.00;320.00;770.00;610.00
1772828226.5249555;0.00;291.00;0.00;0.00;194.00;0.00;0.00;0.00;0.00;0.00;0.00;0.00;0.00;0.00;97.00;0.00;0.00;0.00;0.00;0.00;0.00;0.00;0.00;0.00;0.00;0.00;0.00;0.00;0.00;0.00;0.00;434.01;930.00;930.00;460.00;0.00;870.00;160.00;0.00;0.00;0.00;0.00;0.00;0.00;320.00;770.00;610.00
1772828226.5724735;0.00;388.00;0.00;0.00;194.00;0.00;0.00;0.00;0.00;0.00;0.00;0.00;0.00;0.00;97.00;0.00;0.00;0.00;0.00;0.00;0.00;0.00;0.00;0.00;0.00;0.00;0.00;0.00;0.00;0.00;0.00;578.68;1240.00;1240.00;610.00;0.00;1350.00;160.00;0.00;0.00;0.00;0.00;0.00;0.00;320.00;920.00;760.00
1772828226.5736275;0.00;388.00;0.00;0.00;194.00;0.00;0.00;0.00;0.00;0.00;0.00;0.00;0.00;0.00;97.00;0.00;0.00;0.00;0.00;0.00;0.00;0.00;0.00;0.00;0.00;0.00;0.00;0.00;0.00;0.00;0.00;578.68;1240.00;1240.00;610.00;0.00;1350.00;160.00;0.00;0.00;0.00;0.00;0.00;0.00;320.00;920.00;760.00
1772828226.6136565;0.00;485.00;0.00;0.00;194.00;0.00;0.00;0.00;0.00;0.00;0.00;0.00;0.00;0.00;97.00;0.00;0.00;0.00;0.00;0.00;0.00;0.00;0.00;0.00;0.00;0.00;0.00;0.00;0.00;0.00;0.00;818.68;1540.00;1540.00;610.00;0.00;1820.00;480.00;0.00;0.00;0.00;0.00;0.00;0.00;320.00;1220.00;760.00
1772828226.6143095;0.00;485.00;0.00;0.00;194.00;0.00;0.00;0.00;0.00;0.00;0.00;0.00;0.00;0.00;97.00;0.00;0.00;0.00;0.00;0.00;0.00;0.00;0.00;0.00;0.00;0.00;0.00;0.00;0.00;0.00;0.00;818.68;1540.00;1540.00;610.00;0.00;1820.00;480.00;0.00;0.00;0.00;0.00;0.00;0.00;320.00;1220.00;760.00
1772828226.6423504;0.00;582.00;0.00;0.00;194.00;0.00;0.00;0.00;0.00;0.00;0.00;0.00;0.00;0.00;97.00;0.00;0.00;0.00;0.00;0.00;0.00;0.00;0.00;230.00;0.00;0.00;0.00;0.00;0.00;0.00;0.00;1011.01;1780.00;1770.00;690.00;0.00;1820.00;480.00;0.00;0.00;0.00;0.00;0.00;0.00;320.00;1530.00;910.00
1772828226.6430457;0.00;582.00;0.00;0.00;194.00;0.00;0.00;0.00;0.00;0.00;0.00;0.00;0.00;0.00;97.00;0.00;0.00;0.00;0.00;0.00;0.00;0.00;0.00;230.00;0.00;0.00;0.00;0.00;0.00;0.00;0.00;1011.01;1780.00;1770.00;690.00;0.00;1820.00;480.00;0.00;0.00;0.00;0.00;0.00;0.00;320.00;1530.00;910.00
1772828241.5162008;0.00;582.00;0.00;0.00;194.00;0.00;0.00;0.00;0.00;0.00;0.00;0.00;0.00;0.00;0.00;97.00;0.00;0.00;0.00;0.00;0.00;0.00;0.00;530.00;240.00;240.00;240.00;240.00;0.00;0.00;0.00;631.01;880.00;870.00;690.00;0.00;1820.00;170.00;0.00;0.00;0.00;310.00;0.00;480.00;320.00;630.00;1210.00
1772828241.516862;0.00;582.00;0.00;0.00;194.00;0.00;0.00;0.00;0.00;0.00;0.00;0.00;0.00;0.00;0.00;97.00;0.00;0.00;0.00;0.00;0.00;0.00;0.00;530.00;240.00;240.00;240.00;240.00;0.00;0.00;0.00;631.01;880.00;870.00;690.00;0.00;1820.00;170.00;0.00;0.00;0.00;310.00;0.00;480.00;320.00;630.00;1210.00
1772828241.5435228;0.00;582.00;0.00;0.00;194.00;0.00;0.00;0.00;0.00;0.00;0.00;0.00;0.00;0.00;0.00;194.00;0.00;0.00;0.00;0.00;0.00;0.00;0.00;830.00;550.00;550.00;550.00;480.00;0.00;0.00;0.00;631.01;880.00;870.00;690.00;0.00;1820.00;170.00;0.00;0.00;160.00;620.00;320.00;480.00;320.00;630.00;1510.00
1772828241.5442429;0.00;582.00;0.00;0.00;194.00;0.00;0.00;0.00;0.00;0.00;0.00;0.00;0.00;0.00;0.00;194.00;0.00;0.00;0.00;0.00;0.00;0.00;0.00;830.00;550.00;550.00;550.00;480.00;0.00;0.00;0.00;631.01;880.00;870.00;690.00;0.00;1820.00;170.00;0.00;0.00;160.00;620.00;320.00;480.00;320.00;630.00;1510.00
1772828241.5717921;0.00;582.00;0.00;0.00;194.00;0.00;0.00;0.00;0.00;0.00;0.00;0.00;0.00;0.00;0.00;291.00;0.00;0.00;0.00;0.00;0.00;0.00;0.00;1130.00;860.00;860.00;860.00;720.00;0.00;0.00;0.00;631.01;880.00;870.00;690.00;0.00;1820.00;170.00;0.00;0.00;320.00;930.00;640.00;480.00;320.00;630.00;1810.00
1772828241.572515;0.00;582.00;0.00;0.00;194.00;0.00;0.00;0.00;0.00;0.00;0.00;0.00;0.00;0.00;0.00;291.00;0.00;0.00;0.00;0.00;0.00;0.00;0.00;1130.00;860.00;860.00;860.00;720.00;0.00;0.00;0.00;631.01;880.00;870.00;690.00;0.00;1820.00;170.00;0.00;0.00;320.00;930.00;640.00;480.00;320.00;630.00;1810.00
1772828241.599382;0.00;582.00;0.00;0.00;194.00;0.00;0.00;0.00;0.00;0.00;0.00;0.00;0.00;0.00;0.00;388.00;0.00;0.00;0.00;0.00;0.00;0.00;0.00;1430.00;1160.00;1160.00;1160.00;960.00;0.00;0.00;0.00;631.01;880.00;870.00;690.00;0.00;1820.00;170.00;0.00;0.00;790.00;930.00;960.00;480.00;320.00;630.00;2110.00
1772828241.6001542;0.00;582.00;0.00;0.00;194.00;0.00;0.00;0.00;0.00;0.00;0.00;0.00;0.00;0.00;0.00;388.00;0.00;0.00;0.00;0.00;0.00;0.00;0.00;1430.00;1160.00;1160.00;1160.00;960.00;0.00;0.00;0.00;631.01;880.00;870.00;690.00;0.00;1820.00;170.00;0.00;0.00;790.00;930.00;960.00;480.00;320.00;630.00;2110.00
1772828241.6267197;0.00;582.00;0.00;0.00;194.00;0.00;0.00;0.00;0.00;0.00;0.00;0.00;0.00;0.00;0.00;485.00;0.00;0.00;0.00;0.00;0.00;0.00;0.00;1730.00;1460.00;1460.00;1470.00;1200.00;0.00;0.00;0.00;631.01;880.00;870.00;690.00;0.00;1820.00;170.00;0.00;310.00;1270.00;930.00;960.00;480.00;320.00;630.00;2410.00
1772828241.6274767;0.00;582.00;0.00;0.00;194.00;0.00;0.00;0.00;0.00;0.00;0.00;0.00;0.00;0.00;0.00;485.00;0.00;0.00;0.00;0.00;0.00;0.00;0.00;1730.00;1460.00;1460.00;1470.00;1200.00;0.00;0.00;0.00;631.01;880.00;870.00;690.00;0.00;1820.00;170.00;0.00;310.00;1270.00;930.00;960.00;480.00;320.00;630.00;2410.00
1772828241.65388;0.00;582.00;0.00;0.00;194.00;0.00;0.00;0.00;0.00;0.00;0.00;0.00;0.00;0.00;0.00;582.00;0.00;0.00;0.00;0.00;0.00;0.00;0.00;2040.00;1770.00;1770.00;1780.00;1440.00;0.00;0.00;0.00;631.01;880.00;870.00;690.00;0.00;1820.00;170.00;0.00;630.00;1430.00;930.00;960.00;480.00;320.00;630.00;2710.00
1772828241.6546755;0.00;582.00;0.00;0.00;194.00;0.00;0.00;0.00;0.00;0.00;0.00;0.00;0.00;0.00;0.00;582.00;0.00;0.00;0.00;0.00;0.00;0.00;0.00;2040.00;1770.00;1770.00;1780.00;1440.00;0.00;0.00;0.00;631.01;880.00;870.00;690.00;0.00;1820.00;170.00;0.00;630.00;1430.00;930.00;960.00;480.00;320.00;630.00;2710.00
1772828251.495223;0.00;582.00;0.00;0.00;194.00;0.00;0.00;0.00;0.00;0.00;0.00;0.00;0.00;0.00;0.00;582.00;0.00;0.00;0.00;97.00;0.00;0.00;0.00;2350.00;2080.00;2080.00;2010.00;1440.00;0.00;0.00;0.00;631.01;880.00;870.00;690.00;0.00;1820.00;170.00;0.00;950.00;1590.00;930.00;960.00;480.00;320.00;630.00;3010.00
1772828251.4966698;0.00;582.00;0.00;0.00;194.00;0.00;0.00;0.00;0.00;0.00;0.00;0.00;0.00;0.00;0.00;582.00;0.00;0.00;0.00;97.00;0.00;0.00;0.00;2350.00;2080.00;2080.00;2010.00;1440.00;0.00;0.00;0.00;631.01;880.00;870.00;690.00;0.00;1820.00;170.00;0.00;950.00;1590.00;930.00;960.00;480.00;320.00;630.00;3010.00
1772828251.5388055;0.00;582.00;0.00;0.00;194.00;0.00;0.00;0.00;0.00;0.00;0.00;0.00;0.00;0.00;0.00;582.00;0.00;0.00;0.00;194.00;0.00;0.00;0.00;2660.00;2390.00;2390.00;2170.00;1440.00;0.00;0.00;0.00;631.01;880.00;870.00;690.00;0.00;1820.00;170.00;0.00;1062.33;1590.00;930.00;960.00;480.00;320.00;630.00;3310.00
1772828251.5402641;0.00;582.00;0.00;0.00;194.00;0.00;0.00;0.00;0.00;0.00;0.00;0.00;0.00;0.00;0.00;582.00;0.00;0.00;0.00;194.00;0.00;0.00;0.00;2660.00;2390.00;2390.00;2170.00;1440.00;0.00;0.00;0.00;631.01;880.00;870.00;690.00;0.00;1820.00;170.00;0.00;1062.33;1590.00;930.00;960.00;480.00;320.00;630.00;3310.00
1772828251.5820363;0.00;582.00;0.00;0.00;194.00;0.00;0.00;0.00;0.00;0.00;0.00;0.00;0.00;0.00;0.00;582.00;0.00;0.00;0.00;291.00;0.00;0.00;0.00;2960.00;2700.00;2700.00;2330.00;1440.00;0.00;0.00;0.00;631.01;880.00;870.00;690.00;0.00;1820.00;170.00;0.00;1174.66;1590.00;930.00;960.00;480.00;320.00;630.00;3610.00
1772828251.583522;0.00;582.00;0.00;0.00;194.00;0.00;0.00;0.00;0.00;0.00;0.00;0.00;0.00;0.00;0.00;582.00;0.00;0.00;0.00;291.00;0.00;0.00;0.00;2960.00;2700.00;2700.00;2330.00;1440.00;0.00;0.00;0.00;631.01;880.00;870.00;690.00;0.00;1820.00;170.00;0.00;1174.66;1590.00;930.00;960.00;480.00;320.00;630.00;3610.00
1772828251.7423918;0.00;582.00;0.00;0.00;194.00;0.00;0.00;0.00;0.00;0.00;0.00;0.00;0.00;0.00;0.00;582.00;0.00;0.00;0.00;388.00;0.00;0.00;0.00;3260.00;3010.00;3010.00;2442.33;1440.00;0.00;0.00;0.00;631.01;880.00;870.00;690.00;0.00;1820.00;170.00;0.00;1174.66;1702.33;930.00;960.00;480.00;320.00;630.00;3910.00
1772828251.743977;0.00;582.00;0.00;0.00;194.00;0.00;0.00;0.00;0.00;0.00;0.00;0.00;0.00;0.00;0.00;582.00;0.00;0.00;0.00;388.00;0.00;0.00;0.00;3260.00;3010.00;3010.00;2442.33;1440.00;0.00;0.00;0.00;631.01;880.00;870.00;690.00;0.00;1820.00;170.00;0.00;1174.66;1702.33;930.00;960.00;480.00;320.00;630.00;3910.00
1772828251.7858071;0.00;582.00;0.00;0.00;194.00;0.00;0.00;0.00;0.00;0.00;0.00;0.00;0.00;0.00;0.00;582.00;0.00;0.00;0.00;485.00;0.00;0.00;0.00;3560.00;3320.00;3320.00;2874.66;1440.00;0.00;0.00;0.00;631.01;880.00;870.00;690.00;0.00;1820.00;170.00;0.00;1174.66;1814.66;930.00;960.00;480.00;320.00;630.00;4210.00
1772828251.7874298;0.00;582.00;0.00;0.00;194.00;0.00;0.00;0.00;0.00;0.00;0.00;0.00;0.00;0.00;0.00;582.00;0.00;0.00;0.00;485.00;0.00;0.00;0.00;3560.00;3320.00;3320.00;2874.66;1440.00;0.00;0.00;0.00;631.01;880.00;870.00;690.00;0.00;1820.00;170.00;0.00;1174.66;1814.66;930.00;960.00;480.00;320.00;630.00;4210.00
1772828251.8296704;0.00;582.00;0.00;0.00;194.00;0.00;0.00;0.00;0.00;0.00;0.00;0.00;0.00;0.00;0.00;582.00;0.00;0.00;0.00;582.00;0.00;0.00;0.00;3860.00;3630.00;3790.00;3306.99;1440.00;0.00;0.00;0.00;631.01;880.00;870.00;690.00;0.00;1820.00;170.00;0.00;1174.66;1814.66;930.00;960.00;480.00;320.00;630.00;4510.00
1772828251.8313684;0.00;582.00;0.00;0.00;194.00;0.00;0.00;0.00;0.00;0.00;0.00;0.00;0.00;0.00;0.00;582.00;0.00;0.00;0.00;582.00;0.00;0.00;0.00;3860.00;3630.00;3790.00;3306.99;1440.00;0.00;0.00;0.00;631.01;880.00;870.00;690.00;0.00;1820.00;170.00;0.00;1174.66;1814.66;930.00;960.00;480.00;320.00;630.00;4510.00
1772828271.5211487;0.00;582.00;0.00;97.00;194.00;0.00;0.00;0.00;0.00;0.00;0.00;0.00;0.00;0.00;0.00;582.00;0.00;0.00;0.00;582.00;0.00;0.00;0.00;4170.00;3630.00;3790.00;3306.99;1440.00;0.00;0.00;0.00;861.01;1190.00;1180.00;850.00;0.00;1820.00;330.00;0.00;1174.66;1814.66;930.00;960.00;480.00;320.00;780.00;4660.00
1772828271.5228927;0.00;582.00;0.00;97.00;194.00;0.00;0.00;0.00;0.00;0.00;0.00;0.00;0.00;0.00;0.00;582.00;0.00;0.00;0.00;582.00;0.00;0.00;0.00;4170.00;3630.00;3790.00;3306.99;1440.00;0.00;0.00;0.00;861.01;1190.00;1180.00;850.00;0.00;1820.00;330.00;0.00;1174.66;1814.66;930.00;960.00;480.00;320.00;780.00;4660.00
1772828271.566513;0.00;582.00;0.00;194.00;194.00;0.00;0.00;0.00;0.00;0.00;0.00;0.00;0.00;0.00;0.00;582.00;0.00;0.00;0.00;582.00;0.00;0.00;0.00;4480.00;3630.00;3790.00;3306.99;1440.00;0.00;0.00;0.00;1091.01;1500.00;1490.00;1010.00;0.00;1820.00;490.00;0.00;1174.66;1814.66;930.00;960.00;480.00;320.00;930.00;4810.00
1772828271.5682468;0.00;582.00;0.00;194.00;194.00;0.00;0.00;0.00;0.00;0.00;0.00;0.00;0.00;0.00;0.00;582.00;0.00;0.00;0.00;582.00;0.00;0.00;0.00;4480.00;3630.00;3790.00;3306.99;1440.00;0.00;0.00;0.00;1091.01;1500.00;1490.00;1010.00;0.00;1820.00;490.00;0.00;1174.66;1814.66;930.00;960.00;480.00;320.00;930.00;4810.00
1772828271.6111157;0.00;582.00;0.00;291.00;194.00;0.00;0.00;0.00;0.00;0.00;0.00;0.00;0.00;0.00;0.00;582.00;0.00;0.00;0.00;582.00;0.00;0.00;0.00;4480.00;3630.00;3790.00;3306.99;1440.00;0.00;0.00;0.00;1631.01;1800.00;1790.00;1010.00;0.00;1820.00;970.00;0.00;1174.66;1814.66;930.00;960.00;480.00;320.00;1230.00;4810.00
1772828271.6129029;0.00;582.00;0.00;291.00;194.00;0.00;0.00;0.00;0.00;0.00;0.00;0.00;0.00;0.00;0.00;582.00;0.00;0.00;0.00;582.00;0.00;0.00;0.00;4480.00;3630.00;3790.00;3306.99;1440.00;0.00;0.00;0.00;1631.01;1800.00;1790.00;1010.00;0.00;1820.00;970.00;0.00;1174.66;1814.66;930.00;960.00;480.00;320.00;1230.00;4810.00
1772828271.6560953;0.00;582.00;0.00;388.00;194.00;0.00;0.00;0.00;0.00;0.00;0.00;0.00;0.00;0.00;0.00;582.00;0.00;0.00;0.00;582.00;0.00;0.00;0.00;4480.00;3630.00;3790.00;3306.99;1440.00;0.00;0.00;0.00;2171.01;2100.00;2090.00;1010.00;0.00;1820.00;1450.00;0.00;1174.66;1814.66;930.00;960.00;480.00;320.00;1530.00;4810.00
1772828271.6580217;0.00;582.00;0.00;388.00;194.00;0.00;0.00;0.00;0.00;0.00;0.00;0.00;0.00;0.00;0.00;582.00;0.00;0.00;0.00;582.00;0.00;0.00;0.00;4480.00;3630.00;3790.00;3306.99;1440.00;0.00;0.00;0.00;2171.01;2100.00;2090.00;1010.00;0.00;1820.00;1450.00;0.00;1174.66;1814.66;930.00;960.00;480.00;320.00;1530.00;4810.00
1772828271.8183703;0.00;582.00;0.00;485.00;194.00;0.00;0.00;0.00;0.00;0.00;0.00;0.00;0.00;0.00;0.00;582.00;0.00;0.00;0.00;582.00;0.00;0.00;0.00;4480.00;3630.00;3790.00;3306.99;1440.00;0.00;0.00;0.00;2711.01;2400.00;2390.00;1010.00;0.00;1820.00;1930.00;0.00;1174.66;1814.66;930.00;960.00;480.00;320.00;1830.00;4810.00
1772828271.8202648;0.00;582.00;0.00;485.00;194.00;0.00;0.00;0.00;0.00;0.00;0.00;0.00;0.00;0.00;0.00;582.00;0.00;0.00;0.00;582.00;0.00;0.00;0.00;4480.00;3630.00;3790.00;3306.99;1440.00;0.00;0.00;0.00;2711.01;2400.00;2390.00;1010.00;0.00;1820.00;1930.00;0.00;1174.66;1814.66;930.00;960.00;480.00;320.00;1830.00;4810.00
1772828271.8627834;0.00;582.00;0.00;582.00;194.00;0.00;0.00;0.00;0.00;0.00;0.00;0.00;0.00;0.00;0.00;582.00;0.00;0.00;0.00;582.00;0.00;0.00;0.00;4480.00;3630.00;3790.00;3306.99;1440.00;0.00;0.00;0.00;3095.68;2700.00;2690.00;1010.00;0.00;1932.33;2154.67;0.00;1174.66;1814.66;930.00;960.00;480.00;320.00;2130.00;4810.00
1772828271.8648138;0.00;582.00;0.00;582.00;194.00;0.00;0.00;0.00;0.00;0.00;0.00;0.00;0.00;0.00;0.00;582.00;0.00;0.00;0.00;582.00;0.00;0.00;0.00;4480.00;3630.00;3790.00;3306.99;1440.00;0.00;0.00;0.00;3095.68;2700.00;2690.00;1010.00;0.00;1932.33;2154.67;0.00;1174.66;1814.66;930.00;960.00;480.00;320.00;2130.00;4810.00
1772828294.5628254;0.00;582.00;0.00;582.00;194.00;97.00;0.00;0.00;0.00;0.00;0.00;0.00;0.00;0.00;0.00;582.00;0.00;0.00;0.00;582.00;0.00;0.00;0.00;4480.00;3630.00;3790.00;3306.99;1440.00;0.00;0.00;540.00;3395.68;3000.00;2990.00;1010.00;0.00;1932.33;2154.67;480.00;1174.66;1814.66;930.00;960.00;480.00;320.00;2430.00;4810.00
1772828294.5649254;0.00;582.00;0.00;582.00;194.00;97.00;0.00;0.00;0.00;0.00;0.00;0.00;0.00;0.00;0.00;582.00;0.00;0.00;0.00;582.00;0.00;0.00;0.00;4480.00;3630.00;3790.00;3306.99;1440.00;0.00;0.00;540.00;3395.68;3000.00;2990.00;1010.00;0.00;1932.33;2154.67;480.00;1174.66;1814.66;930.00;960.00;480.00;320.00;2430.00;4810.00
1772828294.6074646;0.00;582.00;0.00;582.00;194.00;194.00;0.00;0.00;0.00;0.00;0.00;0.00;0.00;0.00;0.00;582.00;0.00;0.00;0.00;582.00;0.00;0.00;0.00;4480.00;3630.00;3790.00;3306.99;1440.00;0.00;0.00;1080.00;3695.68;3300.00;3290.00;1010.00;0.00;1932.33;2154.67;960.00;1174.66;1814.66;930.00;960.00;480.00;320.00;2730.00;4810.00
1772828294.6095457;0.00;582.00;0.00;582.00;194.00;194.00;0.00;0.00;0.00;0.00;0.00;0.00;0.00;0.00;0.00;582.00;0.00;0.00;0.00;582.00;0.00;0.00;0.00;4480.00;3630.00;3790.00;3306.99;1440.00;0.00;0.00;1080.00;3695.68;3300.00;3290.00;1010.00;0.00;1932.33;2154.67;960.00;1174.66;1814.66;930.00;960.00;480.00;320.00;2730.00;4810.00
1772828294.6531546;0.00;582.00;0.00;582.00;194.00;291.00;0.00;0.00;0.00;0.00;0.00;0.00;0.00;0.00;0.00;582.00;0.00;0.00;0.00;582.00;0.00;0.00;0.00;4480.00;3630.00;3790.00;3306.99;1440.00;0.00;0.00;1620.00;3995.68;3600.00;3590.00;1010.00;0.00;1932.33;2154.67;1440.00;1174.66;1814.66;930.00;960.00;480.00;320.00;3030.00;4810.00
1772828294.6553159;0.00;582.00;0.00;582.00;194.00;291.00;0.00;0.00;0.00;0.00;0.00;0.00;0.00;0.00;0.00;582.00;0.00;0.00;0.00;582.00;0.00;0.00;0.00;4480.00;3630.00;3790.00;3306.99;1440.00;0.00;0.00;1620.00;3995.68;3600.00;3590.00;1010.00;0.00;1932.33;2154.67;1440.00;1174.66;1814.66;930.00;960.00;480.00;320.00;3030.00;4810.00
1772828294.6990995;0.00;582.00;0.00;582.00;194.00;388.00;0.00;0.00;0.00;0.00;0.00;0.00;0.00;0.00;0.00;582.00;0.00;0.00;0.00;582.00;0.00;0.00;0.00;4480.00;3630.00;3790.00;3306.99;1440.00;0.00;0.00;2160.00;4295.68;3900.00;3890.00;1010.00;0.00;1932.33;2154.67;1920.00;1174.66;1814.66;930.00;960.00;480.00;320.00;3330.00;4810.00
1772828294.7013087;0.00;582.00;0.00;582.00;194.00;388.00;0.00;0.00;0.00;0.00;0.00;0.00;0.00;0.00;0.00;582.00;0.00;0.00;0.00;582.00;0.00;0.00;0.00;4480.00;3630.00;3790.00;3306.99;1440.00;0.00;0.00;2160.00;4295.68;3900.00;3890.00;1010.00;0.00;1932.33;2154.67;1920.00;1174.66;1814.66;930.00;960.00;480.00;320.00;3330.00;4810.00
1772828294.7455916;0.00;582.00;0.00;582.00;194.00;485.00;0.00;0.00;0.00;0.00;0.00;0.00;0.00;0.00;0.00;582.00;0.00;0.00;0.00;582.00;0.00;0.00;0.00;4480.00;3630.00;3790.00;3306.99;1440.00;0.00;0.00;2700.00;4595.68;4200.00;4190.00;1010.00;0.00;1932.33;2154.67;2400.00;1174.66;1814.66;930.00;960.00;480.00;320.00;3630.00;4810.00
1772828294.7478092;0.00;582.00;0.00;582.00;194.00;485.00;0.00;0.00;0.00;0.00;0.00;0.00;0.00;0.00;0.00;582.00;0.00;0.00;0.00;582.00;0.00;0.00;0.00;4480.00;3630.00;3790.00;3306.99;1440.00;0.00;0.00;2700.00;4595.68;4200.00;4190.00;1010.00;0.00;1932.33;2154.67;2400.00;1174.66;1814.66;930.00;960.00;480.00;320.00;3630.00;4810.00
1772828294.7909496;0.00;582.00;0.00;582.00;194.00;582.00;0.00;0.00;0.00;0.00;0.00;0.00;0.00;0.00;0.00;582.00;0.00;0.00;0.00;582.00;0.00;0.00;0.00;4480.00;3630.00;3790.00;3306.99;1440.00;0.00;0.00;3037.00;4835.68;4500.00;4490.00;1010.00;0.00;1932.33;2154.67;2400.00;1174.66;1814.66;930.00;960.00;480.00;320.00;3930.00;4810.00
1772828294.793174;0.00;582.00;0.00;582.00;194.00;582.00;0.00;0.00;0.00;0.00;0.00;0.00;0.00;0.00;0.00;582.00;0.00;0.00;0.00;582.00;0.00;0.00;0.00;4480.00;3630.00;3790.00;3306.99;1440.00;0.00;0.00;3037.00;4835.68;4500.00;4490.00;1010.00;0.00;1932.33;2154.67;2400.00;1174.66;1814.66;930.00;960.00;480.00;320.00;3930.00;4810.00
1772828310.4376864;0.00;0.00;0.00;0.00;0.00;97.00;0.00;0.00;0.00;0.00;0.00;0.00;0.00;0.00;0.00;582.00;0.00;0.00;0.00;582.00;0.00;0.00;0.00;3330.00;3630.00;3790.00;3306.99;1440.00;0.00;0.00;0.00;240.00;160.00;0.00;0.00;0.00;80.00;160.00;0.00;1174.66;1814.66;930.00;960.00;480.00;320.00;0.00;300.00
1772828310.4390876;0.00;0.00;0.00;0.00;0.00;97.00;0.00;0.00;0.00;0.00;0.00;0.00;0.00;0.00;0.00;582.00;0.00;0.00;0.00;582.00;0.00;0.00;0.00;3330.00;3630.00;3790.00;3306.99;1440.00;0.00;0.00;0.00;240.00;160.00;0.00;0.00;0.00;80.00;160.00;0.00;1174.66;1814.66;930.00;960.00;480.00;320.00;0.00;300.00
1772828310.4815748;0.00;0.00;0.00;97.00;0.00;97.00;0.00;0.00;0.00;0.00;0.00;0.00;0.00;0.00;0.00;582.00;0.00;0.00;0.00;582.00;0.00;0.00;0.00;3560.00;3630.00;3790.00;3306.99;1440.00;0.00;0.00;0.00;240.00;400.00;240.00;240.00;0.00;80.00;160.00;0.00;1174.66;1814.66;930.00;960.00;480.00;480.00;0.00;760.00
1772828310.4829931;0.00;0.00;0.00;97.00;0.00;97.00;0.00;0.00;0.00;0.00;0.00;0.00;0.00;0.00;0.00;582.00;0.00;0.00;0.00;582.00;0.00;0.00;0.00;3560.00;3630.00;3790.00;3306.99;1440.00;0.00;0.00;0.00;240.00;400.00;240.00;240.00;0.00;80.00;160.00;0.00;1174.66;1814.66;930.00;960.00;480.00;480.00;0.00;760.00
1772828310.5265543;0.00;97.00;0.00;97.00;0.00;97.00;0.00;0.00;0.00;0.00;0.00;0.00;0.00;0.00;0.00;582.00;0.00;0.00;0.00;582.00;0.00;0.00;0.00;3560.00;3630.00;3790.00;3306.99;1440.00;0.00;0.00;0.00;480.00;400.00;240.00;240.00;0.00;400.00;480.00;0.00;1174.66;1814.66;930.00;960.00;480.00;480.00;0.00;760.00
1772828310.5281396;0.00;97.00;0.00;97.00;0.00;97.00;0.00;0.00;0.00;0.00;0.00;0.00;0.00;0.00;0.00;582.00;0.00;0.00;0.00;582.00;0.00;0.00;0.00;3560.00;3630.00;3790.00;3306.99;1440.00;0.00;0.00;0.00;480.00;400.00;240.00;240.00;0.00;400.00;480.00;0.00;1174.66;1814.66;930.00;960.00;480.00;480.00;0.00;760.00
1772828310.5717978;0.00;97.00;0.00;97.00;0.00;194.00;0.00;0.00;0.00;0.00;0.00;0.00;0.00;0.00;0.00;582.00;0.00;0.00;0.00;582.00;0.00;0.00;0.00;3560.00;3630.00;3790.00;3306.99;1440.00;0.00;0.00;0.00;720.00;400.00;240.00;240.00;0.00;720.00;800.00;0.00;1174.66;1814.66;930.00;960.00;480.00;480.00;0.00;760.00
1772828310.5733628;0.00;97.00;0.00;97.00;0.00;194.00;0.00;0.00;0.00;0.00;0.00;0.00;0.00;0.00;0.00;582.00;0.00;0.00;0.00;582.00;0.00;0.00;0.00;3560.00;3630.00;3790.00;3306.99;1440.00;0.00;0.00;0.00;720.00;400.00;240.00;240.00;0.00;720.00;800.00;0.00;1174.66;1814.66;930.00;960.00;480.00;480.00;0.00;760.00
1772828310.6171687;0.00;97.00;0.00;194.00;0.00;194.00;0.00;0.00;0.00;0.00;0.00;0.00;0.00;0.00;0.00;582.00;0.00;0.00;0.00;582.00;0.00;0.00;0.00;3870.00;3630.00;3790.00;3306.99;1440.00;0.00;0.00;0.00;800.00;560.00;400.00;400.00;0.00;720.00;960.00;0.00;1174.66;1814.66;930.00;960.00;480.00;480.00;0.00;910.00
1772828310.6187549;0.00;97.00;0.00;194.00;0.00;194.00;0.00;0.00;0.00;0.00;0.00;0.00;0.00;0.00;0.00;582.00;0.00;0.00;0.00;582.00;0.00;0.00;0.00;3870.00;3630.00;3790.00;3306.99;1440.00;0.00;0.00;0.00;800.00;560.00;400.00;400.00;0.00;720.00;960.00;0.00;1174.66;1814.66;930.00;960.00;480.00;480.00;0.00;910.00
1772828310.6627507;0.00;194.00;0.00;194.00;0.00;194.00;0.00;0.00;0.00;0.00;0.00;0.00;0.00;0.00;0.00;582.00;0.00;0.00;0.00;582.00;0.00;0.00;0.00;3870.00;3630.00;3790.00;3306.99;1440.00;0.00;0.00;0.00;1040.00;560.00;400.00;400.00;0.00;1040.00;1280.00;0.00;1174.66;1814.66;930.00;960.00;480.00;480.00;0.00;910.00
1772828310.6643832;0.00;194.00;0.00;194.00;0.00;194.00;0.00;0.00;0.00;0.00;0.00;0.00;0.00;0.00;0.00;582.00;0.00;0.00;0.00;582.00;0.00;0.00;0.00;3870.00;3630.00;3790.00;3306.99;1440.00;0.00;0.00;0.00;1040.00;560.00;400.00;400.00;0.00;1040.00;1280.00;0.00;1174.66;1814.66;930.00;960.00;480.00;480.00;0.00;910.00
1772828310.7077782;0.00;194.00;0.00;194.00;0.00;291.00;0.00;0.00;0.00;0.00;0.00;0.00;0.00;0.00;0.00;582.00;0.00;0.00;0.00;582.00;0.00;0.00;0.00;3870.00;3630.00;3790.00;3306.99;1440.00;0.00;0.00;0.00;1280.00;560.00;400.00;400.00;0.00;1360.00;1600.00;0.00;1174.66;1814.66;930.00;960.00;480.00;480.00;0.00;910.00
1772828310.7094166;0.00;194.00;0.00;194.00;0.00;291.00;0.00;0.00;0.00;0.00;0.00;0.00;0.00;0.00;0.00;582.00;0.00;0.00;0.00;582.00;0.00;0.00;0.00;3870.00;3630.00;3790.00;3306.99;1440.00;0.00;0.00;0.00;1280.00;560.00;400.00;400.00;0.00;1360.00;1600.00;0.00;1174.66;1814.66;930.00;960.00;480.00;480.00;0.00;910.00
1772828310.753782;0.00;194.00;0.00;291.00;0.00;291.00;0.00;0.00;0.00;0.00;0.00;0.00;0.00;0.00;0.00;582.00;0.00;0.00;0.00;582.00;0.00;0.00;0.00;4180.00;3630.00;3790.00;3306.99;1440.00;0.00;0.00;0.00;1360.00;720.00;560.00;560.00;0.00;1584.67;1760.00;0.00;1174.66;1814.66;930.00;960.00;480.00;480.00;0.00;1060.00
1772828310.7554522;0.00;194.00;0.00;291.00;0.00;291.00;0.00;0.00;0.00;0.00;0.00;0.00;0.00;0.00;0.00;582.00;0.00;0.00;0.00;582.00;0.00;0.00;0.00;4180.00;3630.00;3790.00;3306.99;1440.00;0.00;0.00;0.00;1360.00;720.00;560.00;560.00;0.00;1584.67;1760.00;0.00;1174.66;1814.66;930.00;960.00;480.00;480.00;0.00;1060.00
1772828310.9229922;0.00;291.00;0.00;291.00;0.00;291.00;0.00;0.00;0.00;0.00;0.00;0.00;0.00;0.00;0.00;582.00;0.00;0.00;0.00;582.00;0.00;0.00;0.00;4180.00;3630.00;3790.00;3306.99;1440.00;0.00;0.00;0.00;1680.00;720.00;560.00;560.00;0.00;1584.67;2064.67;0.00;1174.66;1814.66;930.00;960.00;480.00;480.00;0.00;1060.00
1772828310.92476;0.00;291.00;0.00;291.00;0.00;291.00;0.00;0.00;0.00;0.00;0.00;0.00;0.00;0.00;0.00;582.00;0.00;0.00;0.00;582.00;0.00;0.00;0.00;4180.00;3630.00;3790.00;3306.99;1440.00;0.00;0.00;0.00;1680.00;720.00;560.00;560.00;0.00;1584.67;2064.67;0.00;1174.66;1814.66;930.00;960.00;480.00;480.00;0.00;1060.00
1772828310.9682941;0.00;291.00;0.00;291.00;0.00;388.00;0.00;0.00;0.00;0.00;0.00;0.00;0.00;0.00;0.00;582.00;0.00;0.00;0.00;582.00;0.00;0.00;0.00;4180.00;3630.00;3790.00;3306.99;1440.00;0.00;0.00;0.00;2144.67;720.00;560.00;560.00;0.00;1809.34;2177.00;0.00;1174.66;1814.66;930.00;960.00;480.00;480.00;0.00;1060.00
1772828310.9700754;0.00;291.00;0.00;291.00;0.00;388.00;0.00;0.00;0.00;0.00;0.00;0.00;0.00;0.00;0.00;582.00;0.00;0.00;0.00;582.00;0.00;0.00;0.00;4180.00;3630.00;3790.00;3306.99;1440.00;0.00;0.00;0.00;2144.67;720.00;560.00;560.00;0.00;1809.34;2177.00;0.00;1174.66;1814.66;930.00;960.00;480.00;480.00;0.00;1060.00
1772828311.0156438;0.00;291.00;0.00;388.00;0.00;388.00;0.00;0.00;0.00;0.00;0.00;0.00;0.00;0.00;0.00;582.00;0.00;0.00;0.00;582.00;0.00;0.00;0.00;4180.00;3630.00;3790.00;3306.99;1440.00;0.00;0.00;160.00;2417.00;720.00;560.00;560.00;0.00;1809.34;2289.33;320.00;1174.66;1814.66;930.00;960.00;480.00;480.00;0.00;1060.00
1772828311.0176196;0.00;291.00;0.00;388.00;0.00;388.00;0.00;0.00;0.00;0.00;0.00;0.00;0.00;0.00;0.00;582.00;0.00;0.00;0.00;582.00;0.00;0.00;0.00;4180.00;3630.00;3790.00;3306.99;1440.00;0.00;0.00;160.00;2417.00;720.00;560.00;560.00;0.00;1809.34;2289.33;320.00;1174.66;1814.66;930.00;960.00;480.00;480.00;0.00;1060.00
1772828311.065081;0.00;388.00;0.00;388.00;0.00;388.00;0.00;0.00;0.00;0.00;0.00;0.00;0.00;0.00;0.00;582.00;0.00;0.00;0.00;582.00;0.00;0.00;0.00;4180.00;3630.00;3790.00;3306.99;1440.00;0.00;0.00;400.00;2417.00;720.00;560.00;560.00;0.00;1809.34;2289.33;800.00;1174.66;1814.66;930.00;960.00;480.00;480.00;0.00;1060.00
1772828311.0670977;0.00;388.00;0.00;388.00;0.00;388.00;0.00;0.00;0.00;0.00;0.00;0.00;0.00;0.00;0.00;582.00;0.00;0.00;0.00;582.00;0.00;0.00;0.00;4180.00;3630.00;3790.00;3306.99;1440.00;0.00;0.00;400.00;2417.00;720.00;560.00;560.00;0.00;1809.34;2289.33;800.00;1174.66;1814.66;930.00;960.00;480.00;480.00;0.00;1060.00
1772828311.114839;0.00;388.00;0.00;388.00;0.00;485.00;0.00;0.00;0.00;0.00;0.00;0.00;0.00;0.00;0.00;582.00;0.00;0.00;0.00;582.00;0.00;0.00;0.00;4180.00;3630.00;3790.00;3306.99;1440.00;0.00;0.00;640.00;2417.00;720.00;560.00;560.00;0.00;1809.34;2289.33;1280.00;1174.66;1814.66;930.00;960.00;480.00;480.00;0.00;1060.00
1772828311.1169293;0.00;388.00;0.00;388.00;0.00;485.00;0.00;0.00;0.00;0.00;0.00;0.00;0.00;0.00;0.00;582.00;0.00;0.00;0.00;582.00;0.00;0.00;0.00;4180.00;3630.00;3790.00;3306.99;1440.00;0.00;0.00;640.00;2417.00;720.00;560.00;560.00;0.00;1809.34;2289.33;1280.00;1174.66;1814.66;930.00;960.00;480.00;480.00;0.00;1060.00
1772828311.1631625;0.00;388.00;0.00;485.00;0.00;485.00;0.00;0.00;0.00;0.00;0.00;0.00;0.00;0.00;0.00;582.00;0.00;0.00;0.00;582.00;0.00;0.00;0.00;4180.00;3630.00;3790.00;3306.99;1440.00;0.00;0.00;880.00;2657.00;720.00;560.00;560.00;0.00;1809.34;2289.33;1760.00;1174.66;1814.66;930.00;960.00;480.00;480.00;0.00;1060.00
1772828311.1652055;0.00;388.00;0.00;485.00;0.00;485.00;0.00;0.00;0.00;0.00;0.00;0.00;0.00;0.00;0.00;582.00;0.00;0.00;0.00;582.00;0.00;0.00;0.00;4180.00;3630.00;3790.00;3306.99;1440.00;0.00;0.00;880.00;2657.00;720.00;560.00;560.00;0.00;1809.34;2289.33;1760.00;1174.66;1814.66;930.00;960.00;480.00;480.00;0.00;1060.00
1772828311.2100585;0.00;485.00;0.00;485.00;0.00;485.00;0.00;0.00;0.00;0.00;0.00;0.00;0.00;0.00;0.00;582.00;0.00;0.00;0.00;582.00;0.00;0.00;0.00;4180.00;3630.00;3790.00;3306.99;1440.00;0.00;0.00;1184.67;2817.00;720.00;560.00;560.00;0.00;1809.34;2289.33;1840.00;1174.66;1814.66;930.00;960.00;480.00;480.00;0.00;1060.00
1772828311.2121677;0.00;485.00;0.00;485.00;0.00;485.00;0.00;0.00;0.00;0.00;0.00;0.00;0.00;0.00;0.00;582.00;0.00;0.00;0.00;582.00;0.00;0.00;0.00;4180.00;3630.00;3790.00;3306.99;1440.00;0.00;0.00;1184.67;2817.00;720.00;560.00;560.00;0.00;1809.34;2289.33;1840.00;1174.66;1814.66;930.00;960.00;480.00;480.00;0.00;1060.00
1772828311.3771973;0.00;485.00;0.00;485.00;0.00;582.00;0.00;0.00;0.00;0.00;0.00;0.00;0.00;0.00;0.00;582.00;0.00;0.00;0.00;582.00;0.00;0.00;0.00;4180.00;3630.00;3790.00;3306.99;1440.00;0.00;0.00;1521.67;2977.00;720.00;560.00;560.00;0.00;1809.34;2289.33;1952.33;1174.66;1814.66;930.00;960.00;480.00;480.00;0.00;1060.00
1772828311.3792868;0.00;485.00;0.00;485.00;0.00;582.00;0.00;0.00;0.00;0.00;0.00;0.00;0.00;0.00;0.00;582.00;0.00;0.00;0.00;582.00;0.00;0.00;0.00;4180.00;3630.00;3790.00;3306.99;1440.00;0.00;0.00;1521.67;2977.00;720.00;560.00;560.00;0.00;1809.34;2289.33;1952.33;1174.66;1814.66;930.00;960.00;480.00;480.00;0.00;1060.00
1772828311.4233568;0.00;485.00;0.00;582.00;0.00;582.00;0.00;0.00;0.00;0.00;0.00;0.00;0.00;0.00;0.00;582.00;0.00;0.00;0.00;582.00;0.00;0.00;0.00;4180.00;3630.00;3790.00;3306.99;1440.00;0.00;0.00;2001.67;3217.00;720.00;560.00;560.00;0.00;1809.34;2289.33;1952.33;1174.66;1814.66;930.00;960.00;480.00;480.00;0.00;1060.00
1772828311.4254262;0.00;485.00;0.00;582.00;0.00;582.00;0.00;0.00;0.00;0.00;0.00;0.00;0.00;0.00;0.00;582.00;0.00;0.00;0.00;582.00;0.00;0.00;0.00;4180.00;3630.00;3790.00;3306.99;1440.00;0.00;0.00;2001.67;3217.00;720.00;560.00;560.00;0.00;1809.34;2289.33;1952.33;1174.66;1814.66;930.00;960.00;480.00;480.00;0.00;1060.00
1772828311.4710083;0.00;582.00;0.00;582.00;0.00;582.00;0.00;0.00;0.00;0.00;0.00;0.00;0.00;0.00;0.00;582.00;0.00;0.00;0.00;582.00;0.00;0.00;0.00;4180.00;3630.00;3790.00;3306.99;1440.00;0.00;0.00;2338.67;3377.00;720.00;560.00;560.00;0.00;1809.34;2289.33;2064.66;1174.66;1814.66;930.00;960.00;480.00;480.00;0.00;1060.00
1772828311.473238;0.00;582.00;0.00;582.00;0.00;582.00;0.00;0.00;0.00;0.00;0.00;0.00;0.00;0.00;0.00;582.00;0.00;0.00;0.00;582.00;0.00;0.00;0.00;4180.00;3630.00;3790.00;3306.99;1440.00;0.00;0.00;2338.67;3377.00;720.00;560.00;560.00;0.00;1809.34;2289.33;2064.66;1174.66;1814.66;930.00;960.00;480.00;480.00;0.00;1060.00
1772828320.5982823;0.00;0.00;0.00;97.00;0.00;0.00;0.00;0.00;0.00;0.00;0.00;0.00;0.00;97.00;0.00;582.00;0.00;0.00;0.00;582.00;0.00;0.00;0.00;3270.00;3860.00;4020.00;3306.99;1440.00;0.00;0.00;0.00;0.00;240.00;400.00;400.00;0.00;0.00;0.00;0.00;1174.66;1814.66;1042.33;960.00;480.00;480.00;0.00;150.00
1772828320.5997765;0.00;0.00;0.00;97.00;0.00;0.00;0.00;0.00;0.00;0.00;0.00;0.00;0.00;97.00;0.00;582.00;0.00;0.00;0.00;582.00;0.00;0.00;0.00;3270.00;3860.00;4020.00;3306.99;1440.00;0.00;0.00;0.00;0.00;240.00;400.00;400.00;0.00;0.00;0.00;0.00;1174.66;1814.66;1042.33;960.00;480.00;480.00;0.00;150.00
1772828320.6452353;0.00;0.00;0.00;97.00;0.00;0.00;0.00;0.00;0.00;0.00;0.00;0.00;0.00;194.00;0.00;582.00;0.00;0.00;0.00;582.00;0.00;0.00;0.00;3734.67;3860.00;4020.00;3306.99;1440.00;0.00;0.00;0.00;0.00;320.00;640.00;640.00;0.00;160.00;0.00;0.00;1174.66;1814.66;1042.33;960.00;480.00;480.00;0.00;150.00
1772828320.646083;0.00;0.00;0.00;97.00;0.00;0.00;0.00;0.00;0.00;0.00;0.00;0.00;0.00;194.00;0.00;582.00;0.00;0.00;0.00;582.00;0.00;0.00;0.00;3734.67;3860.00;4020.00;3306.99;1440.00;0.00;0.00;0.00;0.00;320.00;640.00;640.00;0.00;160.00;0.00;0.00;1174.66;1814.66;1042.33;960.00;480.00;480.00;0.00;150.00
1772828320.676898;0.00;0.00;0.00;97.00;0.00;0.00;0.00;0.00;0.00;0.00;0.00;0.00;0.00;291.00;0.00;582.00;0.00;0.00;0.00;582.00;0.00;0.00;0.00;3964.67;4170.00;4330.00;3626.99;1440.00;0.00;0.00;0.00;0.00;400.00;720.00;720.00;0.00;320.00;0.00;0.00;1174.66;1814.66;1042.33;960.00;480.00;480.00;0.00;300.00
1772828320.6777782;0.00;0.00;0.00;97.00;0.00;0.00;0.00;0.00;0.00;0.00;0.00;0.00;0.00;291.00;0.00;582.00;0.00;0.00;0.00;582.00;0.00;0.00;0.00;3964.67;4170.00;4330.00;3626.99;1440.00;0.00;0.00;0.00;0.00;400.00;720.00;720.00;0.00;320.00;0.00;0.00;1174.66;1814.66;1042.33;960.00;480.00;480.00;0.00;300.00
1772828320.7104046;0.00;0.00;0.00;97.00;0.00;0.00;0.00;0.00;0.00;0.00;0.00;0.00;0.00;388.00;0.00;582.00;0.00;0.00;0.00;582.00;0.00;0.00;0.00;4109.34;4170.00;4330.00;3626.99;1440.00;0.00;0.00;0.00;0.00;640.00;960.00;960.00;0.00;800.00;0.00;0.00;1174.66;1814.66;1042.33;960.00;480.00;480.00;0.00;524.67
1772828320.712019;0.00;0.00;0.00;97.00;0.00;0.00;0.00;0.00;0.00;0.00;0.00;0.00;0.00;388.00;0.00;582.00;0.00;0.00;0.00;582.00;0.00;0.00;0.00;4109.34;4170.00;4330.00;3626.99;1440.00;0.00;0.00;0.00;0.00;640.00;960.00;960.00;0.00;800.00;0.00;0.00;1174.66;1814.66;1042.33;960.00;480.00;480.00;0.00;524.67
1772828320.904393;0.00;0.00;0.00;97.00;0.00;0.00;0.00;0.00;0.00;0.00;0.00;0.00;0.00;485.00;0.00;582.00;0.00;0.00;0.00;582.00;0.00;0.00;0.00;4206.34;4170.00;4330.00;3626.99;1440.00;0.00;0.00;0.00;0.00;880.00;1104.67;1104.67;0.00;1280.00;0.00;0.00;1174.66;1814.66;1042.33;960.00;480.00;480.00;0.00;524.67
1772828320.906091;0.00;0.00;0.00;97.00;0.00;0.00;0.00;0.00;0.00;0.00;0.00;0.00;0.00;485.00;0.00;582.00;0.00;0.00;0.00;582.00;0.00;0.00;0.00;4206.34;4170.00;4330.00;3626.99;1440.00;0.00;0.00;0.00;0.00;880.00;1104.67;1104.67;0.00;1280.00;0.00;0.00;1174.66;1814.66;1042.33;960.00;480.00;480.00;0.00;524.67
1772828320.9500175;0.00;0.00;0.00;97.00;0.00;0.00;0.00;0.00;0.00;0.00;0.00;0.00;0.00;582.00;0.00;582.00;0.00;0.00;0.00;582.00;0.00;0.00;0.00;4388.67;4384.67;4544.67;3936.99;1760.00;0.00;0.00;0.00;0.00;960.00;1137.00;1137.00;0.00;1440.00;0.00;0.00;1174.66;1814.66;1042.33;960.00;480.00;480.00;0.00;674.67
1772828320.9518294;0.00;0.00;0.00;97.00;0.00;0.00;0.00;0.00;0.00;0.00;0.00;0.00;0.00;582.00;0.00;582.00;0.00;0.00;0.00;582.00;0.00;0.00;0.00;4388.67;4384.67;4544.67;3936.99;1760.00;0.00;0.00;0.00;0.00;960.00;1137.00;1137.00;0.00;1440.00;0.00;0.00;1174.66;1814.66;1042.33;960.00;480.00;480.00;0.00;674.67
1772828344.6113658;0.00;0.00;0.00;97.00;0.00;0.00;0.00;0.00;0.00;0.00;0.00;0.00;0.00;0.00;0.00;582.00;97.00;0.00;0.00;582.00;0.00;0.00;0.00;1880.00;3040.00;3200.00;3546.99;1680.00;0.00;0.00;0.00;0.00;0.00;0.00;0.00;0.00;0.00;0.00;0.00;1174.66;1814.66;930.00;960.00;480.00;160.00;0.00;300.00
1772828344.6127663;0.00;0.00;0.00;97.00;0.00;0.00;0.00;0.00;0.00;0.00;0.00;0.00;0.00;0.00;0.00;582.00;97.00;0.00;0.00;582.00;0.00;0.00;0.00;1880.00;3040.00;3200.00;3546.99;1680.00;0.00;0.00;0.00;0.00;0.00;0.00;0.00;0.00;0.00;0.00;0.00;1174.66;1814.66;930.00;960.00;480.00;160.00;0.00;300.00
1772828344.6570544;0.00;0.00;0.00;97.00;0.00;0.00;0.00;0.00;0.00;0.00;0.00;0.00;0.00;0.00;0.00;582.00;194.00;0.00;0.00;582.00;0.00;0.00;0.00;2180.00;3350.00;3510.00;3856.99;1990.00;230.00;0.00;0.00;0.00;0.00;0.00;0.00;160.00;0.00;0.00;0.00;1174.66;1814.66;930.00;960.00;480.00;160.00;0.00;600.00
1772828344.658469;0.00;0.00;0.00;97.00;0.00;0.00;0.00;0.00;0.00;0.00;0.00;0.00;0.00;0.00;0.00;582.00;194.00;0.00;0.00;582.00;0.00;0.00;0.00;2180.00;3350.00;3510.00;3856.99;1990.00;230.00;0.00;0.00;0.00;0.00;0.00;0.00;160.00;0.00;0.00;0.00;1174.66;1814.66;930.00;960.00;480.00;160.00;0.00;600.00
1772828344.70303;0.00;0.00;0.00;97.00;0.00;0.00;0.00;0.00;0.00;0.00;0.00;0.00;0.00;0.00;0.00;582.00;291.00;0.00;0.00;582.00;0.00;0.00;0.00;2480.00;3650.00;3810.00;4166.99;2300.00;460.00;0.00;0.00;0.00;0.00;0.00;0.00;320.00;0.00;0.00;0.00;1174.66;1814.66;930.00;960.00;480.00;160.00;0.00;900.00
1772828344.704508;0.00;0.00;0.00;97.00;0.00;0.00;0.00;0.00;0.00;0.00;0.00;0.00;0.00;0.00;0.00;582.00;291.00;0.00;0.00;582.00;0.00;0.00;0.00;2480.00;3650.00;3810.00;4166.99;2300.00;460.00;0.00;0.00;0.00;0.00;0.00;0.00;320.00;0.00;0.00;0.00;1174.66;1814.66;930.00;960.00;480.00;160.00;0.00;900.00
1772828344.7491872;0.00;0.00;0.00;97.00;0.00;0.00;0.00;0.00;0.00;0.00;0.00;0.00;0.00;0.00;0.00;582.00;388.00;0.00;0.00;582.00;0.00;0.00;0.00;2780.00;3950.00;4110.00;4476.99;2610.00;690.00;0.00;0.00;0.00;0.00;0.00;0.00;480.00;0.00;0.00;0.00;1174.66;1814.66;930.00;1184.67;480.00;160.00;0.00;1200.00
1772828344.7507167;0.00;0.00;0.00;97.00;0.00;0.00;0.00;0.00;0.00;0.00;0.00;0.00;0.00;0.00;0.00;582.00;388.00;0.00;0.00;582.00;0.00;0.00;0.00;2780.00;3950.00;4110.00;4476.99;2610.00;690.00;0.00;0.00;0.00;0.00;0.00;0.00;480.00;0.00;0.00;0.00;1174.66;1814.66;930.00;1184.67;480.00;160.00;0.00;1200.00
1772828344.7957835;0.00;0.00;0.00;97.00;0.00;0.00;0.00;0.00;0.00;0.00;0.00;0.00;0.00;0.00;0.00;582.00;485.00;0.00;0.00;582.00;0.00;0.00;0.00;3080.00;4250.00;4410.00;4776.99;2910.00;1230.00;0.00;0.00;0.00;0.00;0.00;0.00;960.00;0.00;0.00;0.00;1174.66;1814.66;930.00;1184.67;480.00;160.00;0.00;1500.00
1772828344.7973764;0.00;0.00;0.00;97.00;0.00;0.00;0.00;0.00;0.00;0.00;0.00;0.00;0.00;0.00;0.00;582.00;485.00;0.00;0.00;582.00;0.00;0.00;0.00;3080.00;4250.00;4410.00;4776.99;2910.00;1230.00;0.00;0.00;0.00;0.00;0.00;0.00;960.00;0.00;0.00;0.00;1174.66;1814.66;930.00;1184.67;480.00;160.00;0.00;1500.00
1772828344.9598923;0.00;0.00;0.00;97.00;0.00;0.00;0.00;0.00;0.00;0.00;0.00;0.00;0.00;0.00;0.00;582.00;582.00;0.00;0.00;582.00;0.00;0.00;0.00;3390.00;4464.67;4624.67;4991.66;3124.67;1460.00;0.00;0.00;0.00;0.00;0.00;310.00;1120.00;0.00;0.00;0.00;1174.66;1814.66;930.00;1184.67;480.00;160.00;320.00;1800.00
1772828344.9615378;0.00;0.00;0.00;97.00;0.00;0.00;0.00;0.00;0.00;0.00;0.00;0.00;0.00;0.00;0.00;582.00;582.00;0.00;0.00;582.00;0.00;0.00;0.00;3390.00;4464.67;4624.67;4991.66;3124.67;1460.00;0.00;0.00;0.00;0.00;0.00;310.00;1120.00;0.00;0.00;0.00;1174.66;1814.66;930.00;1184.67;480.00;160.00;320.00;1800.00
1772828366.6523187;0.00;0.00;0.00;97.00;0.00;0.00;0.00;0.00;0.00;0.00;0.00;0.00;0.00;0.00;0.00;0.00;582.00;0.00;0.00;582.00;0.00;97.00;0.00;550.00;0.00;0.00;0.00;0.00;1460.00;0.00;0.00;0.00;0.00;0.00;550.00;1120.00;0.00;0.00;0.00;544.66;0.00;320.00;224.67;0.00;160.00;480.00;300.00
1772828366.6537974;0.00;0.00;0.00;97.00;0.00;0.00;0.00;0.00;0.00;0.00;0.00;0.00;0.00;0.00;0.00;0.00;582.00;0.00;0.00;582.00;0.00;97.00;0.00;550.00;0.00;0.00;0.00;0.00;1460.00;0.00;0.00;0.00;0.00;0.00;550.00;1120.00;0.00;0.00;0.00;544.66;0.00;320.00;224.67;0.00;160.00;480.00;300.00
1772828366.7025514;0.00;0.00;0.00;97.00;0.00;0.00;0.00;0.00;0.00;0.00;0.00;0.00;0.00;0.00;0.00;0.00;582.00;0.00;0.00;582.00;0.00;194.00;0.00;550.00;0.00;0.00;0.00;0.00;1460.00;0.00;0.00;0.00;230.00;454.67;700.00;1120.00;230.00;0.00;0.00;544.66;0.00;320.00;224.67;0.00;544.67;630.00;450.00
1772828366.7040997;0.00;0.00;0.00;97.00;0.00;0.00;0.00;0.00;0.00;0.00;0.00;0.00;0.00;0.00;0.00;0.00;582.00;0.00;0.00;582.00;0.00;194.00;0.00;550.00;0.00;0.00;0.00;0.00;1460.00;0.00;0.00;0.00;230.00;454.67;700.00;1120.00;230.00;0.00;0.00;544.66;0.00;320.00;224.67;0.00;544.67;630.00;450.00
1772828366.7531137;0.00;0.00;0.00;97.00;0.00;0.00;0.00;0.00;0.00;0.00;0.00;0.00;0.00;0.00;0.00;0.00;582.00;0.00;0.00;582.00;0.00;291.00;0.00;860.00;0.00;0.00;0.00;0.00;1460.00;0.00;0.00;0.00;460.00;1004.67;860.00;1120.00;390.00;0.00;0.00;544.66;0.00;630.00;224.67;0.00;544.67;780.00;600.00
1772828366.7546227;0.00;0.00;0.00;97.00;0.00;0.00;0.00;0.00;0.00;0.00;0.00;0.00;0.00;0.00;0.00;0.00;582.00;0.00;0.00;582.00;0.00;291.00;0.00;860.00;0.00;0.00;0.00;0.00;1460.00;0.00;0.00;0.00;460.00;1004.67;860.00;1120.00;390.00;0.00;0.00;544.66;0.00;630.00;224.67;0.00;544.67;780.00;600.00
1772828366.8022048;0.00;0.00;0.00;97.00;0.00;0.00;0.00;0.00;0.00;0.00;0.00;0.00;0.00;0.00;0.00;0.00;582.00;0.00;0.00;582.00;0.00;388.00;0.00;1170.00;320.00;0.00;0.00;0.00;1460.00;0.00;0.00;0.00;690.00;1234.67;924.67;1120.00;550.00;0.00;0.00;544.66;0.00;940.00;224.67;320.00;544.67;930.00;750.00
1772828366.8037348;0.00;0.00;0.00;97.00;0.00;0.00;0.00;0.00;0.00;0.00;0.00;0.00;0.00;0.00;0.00;0.00;582.00;0.00;0.00;582.00;0.00;388.00;0.00;1170.00;320.00;0.00;0.00;0.00;1460.00;0.00;0.00;0.00;690.00;1234.67;924.67;1120.00;550.00;0.00;0.00;544.66;0.00;940.00;224.67;320.00;544.67;930.00;750.00
1772828366.8510933;0.00;0.00;0.00;97.00;0.00;0.00;0.00;0.00;0.00;0.00;0.00;0.00;0.00;0.00;0.00;0.00;582.00;0.00;0.00;582.00;0.00;485.00;0.00;1170.00;320.00;0.00;0.00;0.00;1460.00;0.00;0.00;0.00;1230.00;1631.67;924.67;1120.00;1030.00;0.00;0.00;544.66;0.00;940.00;224.67;320.00;544.67;1230.00;750.00
1772828366.8526795;0.00;0.00;0.00;97.00;0.00;0.00;0.00;0.00;0.00;0.00;0.00;0.00;0.00;0.00;0.00;0.00;582.00;0.00;0.00;582.00;0.00;485.00;0.00;1170.00;320.00;0.00;0.00;0.00;1460.00;0.00;0.00;0.00;1230.00;1631.67;924.67;1120.00;1030.00;0.00;0.00;544.66;0.00;940.00;224.67;320.00;544.67;1230.00;750.00
1772828366.899246;0.00;0.00;0.00;97.00;0.00;0.00;0.00;0.00;0.00;0.00;0.00;0.00;0.00;0.00;0.00;0.00;582.00;0.00;0.00;582.00;0.00;582.00;0.00;1384.67;630.00;310.00;0.00;0.00;1460.00;0.00;0.00;0.00;1460.00;1814.00;989.34;1120.00;1190.00;0.00;0.00;864.66;0.00;940.00;224.67;320.00;657.00;1380.00;900.00
1772828366.900959;0.00;0.00;0.00;97.00;0.00;0.00;0.00;0.00;0.00;0.00;0.00;0.00;0.00;0.00;0.00;0.00;582.00;0.00;0.00;582.00;0.00;582.00;0.00;1384.67;630.00;310.00;0.00;0.00;1460.00;0.00;0.00;0.00;1460.00;1814.00;989.34;1120.00;1190.00;0.00;0.00;864.66;0.00;940.00;224.67;320.00;657.00;1380.00;900.00
1772828389.7343261;0.00;0.00;0.00;0.00;0.00;0.00;0.00;0.00;0.00;0.00;0.00;97.00;0.00;0.00;0.00;0.00;582.00;0.00;0.00;0.00;0.00;582.00;0.00;310.00;240.00;97.00;0.00;0.00;1460.00;0.00;0.00;0.00;1220.00;1574.00;749.34;1120.00;1190.00;0.00;0.00;160.00;0.00;940.00;224.67;480.00;497.00;1380.00;460.00
1772828389.735111;0.00;0.00;0.00;0.00;0.00;0.00;0.00;0.00;0.00;0.00;0.00;97.00;0.00;0.00;0.00;0.00;582.00;0.00;0.00;0.00;0.00;582.00;0.00;310.00;240.00;97.00;0.00;0.00;1460.00;0.00;0.00;0.00;1220.00;1574.00;749.34;1120.00;1190.00;0.00;0.00;160.00;0.00;940.00;224.67;480.00;497.00;1380.00;460.00
1772828389.7652426;0.00;0.00;0.00;0.00;0.00;0.00;0.00;0.00;0.00;0.00;0.00;194.00;0.00;0.00;0.00;0.00;582.00;0.00;0.00;0.00;0.00;582.00;0.00;620.00;550.00;311.67;230.00;0.00;1460.00;0.00;0.00;0.00;1220.00;1574.00;749.34;1120.00;1190.00;0.00;0.00;160.00;160.00;940.00;224.67;480.00;497.00;1380.00;760.00
1772828389.7660823;0.00;0.00;0.00;0.00;0.00;0.00;0.00;0.00;0.00;0.00;0.00;194.00;0.00;0.00;0.00;0.00;582.00;0.00;0.00;0.00;0.00;582.00;0.00;620.00;550.00;311.67;230.00;0.00;1460.00;0.00;0.00;0.00;1220.00;1574.00;749.34;1120.00;1190.00;0.00;0.00;160.00;160.00;940.00;224.67;480.00;497.00;1380.00;760.00
1772828389.7966259;0.00;0.00;0.00;0.00;0.00;0.00;0.00;0.00;0.00;0.00;0.00;291.00;0.00;0.00;0.00;0.00;582.00;0.00;0.00;0.00;0.00;582.00;0.00;930.00;860.00;526.34;460.00;0.00;1460.00;0.00;0.00;0.00;1220.00;1574.00;749.34;1120.00;1190.00;0.00;0.00;160.00;320.00;940.00;224.67;480.00;497.00;1380.00;1060.00
1772828389.797441;0.00;0.00;0.00;0.00;0.00;0.00;0.00;0.00;0.00;0.00;0.00;291.00;0.00;0.00;0.00;0.00;582.00;0.00;0.00;0.00;0.00;582.00;0.00;930.00;860.00;526.34;460.00;0.00;1460.00;0.00;0.00;0.00;1220.00;1574.00;749.34;1120.00;1190.00;0.00;0.00;160.00;320.00;940.00;224.67;480.00;497.00;1380.00;1060.00
1772828389.828169;0.00;0.00;0.00;0.00;0.00;0.00;0.00;0.00;0.00;0.00;0.00;388.00;0.00;0.00;0.00;0.00;582.00;0.00;0.00;0.00;0.00;582.00;0.00;1230.00;1160.00;836.34;690.00;0.00;1460.00;0.00;0.00;0.00;1220.00;1574.00;749.34;1120.00;1190.00;0.00;0.00;480.00;480.00;940.00;224.67;480.00;497.00;1380.00;1360.00
1772828389.8291242;0.00;0.00;0.00;0.00;0.00;0.00;0.00;0.00;0.00;0.00;0.00;388.00;0.00;0.00;0.00;0.00;582.00;0.00;0.00;0.00;0.00;582.00;0.00;1230.00;1160.00;836.34;690.00;0.00;1460.00;0.00;0.00;0.00;1220.00;1574.00;749.34;1120.00;1190.00;0.00;0.00;480.00;480.00;940.00;224.67;480.00;497.00;1380.00;1360.00
1772828389.8602521;0.00;0.00;0.00;0.00;0.00;0.00;0.00;0.00;0.00;0.00;0.00;485.00;0.00;0.00;0.00;0.00;582.00;0.00;0.00;0.00;0.00;582.00;0.00;1530.00;1460.00;1146.34;920.00;0.00;1460.00;0.00;0.00;0.00;1220.00;1574.00;749.34;1120.00;1190.00;0.00;0.00;800.00;640.00;940.00;224.67;480.00;497.00;1380.00;1660.00
1772828389.8612692;0.00;0.00;0.00;0.00;0.00;0.00;0.00;0.00;0.00;0.00;0.00;485.00;0.00;0.00;0.00;0.00;582.00;0.00;0.00;0.00;0.00;582.00;0.00;1530.00;1460.00;1146.34;920.00;0.00;1460.00;0.00;0.00;0.00;1220.00;1574.00;749.34;1120.00;1190.00;0.00;0.00;800.00;640.00;940.00;224.67;480.00;497.00;1380.00;1660.00
1772828389.8911207;0.00;0.00;0.00;0.00;0.00;0.00;0.00;0.00;0.00;0.00;0.00;582.00;0.00;0.00;0.00;0.00;582.00;0.00;0.00;0.00;0.00;582.00;0.00;1830.00;1770.00;1456.34;1150.00;0.00;1460.00;0.00;0.00;0.00;1220.00;1574.00;749.34;1120.00;1190.00;0.00;0.00;1024.67;800.00;940.00;224.67;480.00;497.00;1380.00;1960.00
1772828389.8920293;0.00;0.00;0.00;0.00;0.00;0.00;0.00;0.00;0.00;0.00;0.00;582.00;0.00;0.00;0.00;0.00;582.00;0.00;0.00;0.00;0.00;582.00;0.00;1830.00;1770.00;1456.34;1150.00;0.00;1460.00;0.00;0.00;0.00;1220.00;1574.00;749.34;1120.00;1190.00;0.00;0.00;1024.67;800.00;940.00;224.67;480.00;497.00;1380.00;1960.00
1772828408.6913416;0.00;0.00;0.00;0.00;0.00;0.00;0.00;0.00;0.00;0.00;0.00;582.00;0.00;0.00;0.00;0.00;582.00;0.00;97.00;0.00;0.00;582.00;0.00;1830.00;1770.00;1456.34;1150.00;0.00;1460.00;0.00;0.00;0.00;1760.00;1874.00;749.34;1120.00;1510.00;0.00;0.00;1024.67;800.00;940.00;224.67;480.00;657.00;1680.00;1960.00
1772828408.6930926;0.00;0.00;0.00;0.00;0.00;0.00;0.00;0.00;0.00;0.00;0.00;582.00;0.00;0.00;0.00;0.00;582.00;0.00;97.00;0.00;0.00;582.00;0.00;1830.00;1770.00;1456.34;1150.00;0.00;1460.00;0.00;0.00;0.00;1760.00;1874.00;749.34;1120.00;1510.00;0.00;0.00;1024.67;800.00;940.00;224.67;480.00;657.00;1680.00;1960.00
1772828408.8586287;0.00;0.00;0.00;0.00;0.00;0.00;0.00;0.00;0.00;0.00;0.00;582.00;0.00;0.00;0.00;0.00;582.00;0.00;194.00;0.00;0.00;582.00;0.00;1830.00;1770.00;1456.34;1150.00;0.00;1460.00;0.00;0.00;320.00;2204.67;2174.00;749.34;1120.00;1980.00;320.00;0.00;1024.67;800.00;940.00;224.67;480.00;657.00;1980.00;1960.00
1772828408.8598654;0.00;0.00;0.00;0.00;0.00;0.00;0.00;0.00;0.00;0.00;0.00;582.00;0.00;0.00;0.00;0.00;582.00;0.00;194.00;0.00;0.00;582.00;0.00;1830.00;1770.00;1456.34;1150.00;0.00;1460.00;0.00;0.00;320.00;2204.67;2174.00;749.34;1120.00;1980.00;320.00;0.00;1024.67;800.00;940.00;224.67;480.00;657.00;1980.00;1960.00
1772828408.8960984;0.00;0.00;0.00;0.00;0.00;0.00;0.00;0.00;0.00;0.00;0.00;582.00;0.00;0.00;0.00;0.00;582.00;0.00;291.00;0.00;0.00;582.00;0.00;1830.00;1770.00;1456.34;1150.00;0.00;1460.00;0.00;0.00;640.00;2649.34;2474.00;749.34;1120.00;2450.00;640.00;0.00;1024.67;800.00;940.00;224.67;480.00;657.00;2280.00;1960.00
1772828408.8973753;0.00;0.00;0.00;0.00;0.00;0.00;0.00;0.00;0.00;0.00;0.00;582.00;0.00;0.00;0.00;0.00;582.00;0.00;291.00;0.00;0.00;582.00;0.00;1830.00;1770.00;1456.34;1150.00;0.00;1460.00;0.00;0.00;640.00;2649.34;2474.00;749.34;1120.00;2450.00;640.00;0.00;1024.67;800.00;940.00;224.67;480.00;657.00;2280.00;1960.00
1772828408.9315429;0.00;0.00;0.00;0.00;0.00;0.00;0.00;0.00;0.00;0.00;0.00;582.00;0.00;0.00;0.00;0.00;582.00;0.00;388.00;0.00;0.00;582.00;0.00;1830.00;1770.00;1456.34;1150.00;0.00;1460.00;0.00;0.00;1180.00;3046.34;2774.00;749.34;1120.00;2450.00;1120.00;0.00;1024.67;800.00;940.00;224.67;480.00;657.00;2580.00;1960.00
1772828408.9325502;0.00;0.00;0.00;0.00;0.00;0.00;0.00;0.00;0.00;0.00;0.00;582.00;0.00;0.00;0.00;0.00;582.00;0.00;388.00;0.00;0.00;582.00;0.00;1830.00;1770.00;1456.34;1150.00;0.00;1460.00;0.00;0.00;1180.00;3046.34;2774.00;749.34;1120.00;2450.00;1120.00;0.00;1024.67;800.00;940.00;224.67;480.00;657.00;2580.00;1960.00
1772828408.9637952;0.00;0.00;0.00;0.00;0.00;0.00;0.00;0.00;0.00;0.00;0.00;582.00;0.00;0.00;0.00;0.00;582.00;0.00;485.00;0.00;0.00;582.00;0.00;1830.00;1770.00;1456.34;1150.00;0.00;1460.00;0.00;0.00;1720.00;3443.34;3074.00;749.34;1120.00;2450.00;1600.00;0.00;1024.67;800.00;940.00;224.67;480.00;657.00;2880.00;1960.00
1772828408.9647982;0.00;0.00;0.00;0.00;0.00;0.00;0.00;0.00;0.00;0.00;0.00;582.00;0.00;0.00;0.00;0.00;582.00;0.00;485.00;0.00;0.00;582.00;0.00;1830.00;1770.00;1456.34;1150.00;0.00;1460.00;0.00;0.00;1720.00;3443.34;3074.00;749.34;1120.00;2450.00;1600.00;0.00;1024.67;800.00;940.00;224.67;480.00;657.00;2880.00;1960.00
1772828408.993151;0.00;0.00;0.00;0.00;0.00;0.00;0.00;0.00;0.00;0.00;0.00;582.00;0.00;0.00;0.00;0.00;582.00;0.00;582.00;0.00;0.00;582.00;0.00;1830.00;1770.00;1456.34;1150.00;0.00;1460.00;0.00;0.00;2260.00;3840.34;3374.00;749.34;1120.00;2450.00;2080.00;0.00;1024.67;800.00;940.00;224.67;480.00;657.00;3180.00;1960.00
1772828408.9941843;0.00;0.00;0.00;0.00;0.00;0.00;0.00;0.00;0.00;0.00;0.00;582.00;0.00;0.00;0.00;0.00;582.00;0.00;582.00;0.00;0.00;582.00;0.00;1830.00;1770.00;1456.34;1150.00;0.00;1460.00;0.00;0.00;2260.00;3840.34;3374.00;749.34;1120.00;2450.00;2080.00;0.00;1024.67;800.00;940.00;224.67;480.00;657.00;3180.00;1960.00
1772828424.7138813;0.00;0.00;97.00;0.00;0.00;0.00;0.00;0.00;0.00;0.00;0.00;582.00;0.00;0.00;0.00;0.00;582.00;0.00;582.00;0.00;0.00;582.00;0.00;2130.00;2070.00;1756.34;1450.00;240.00;1557.00;0.00;0.00;2260.00;3840.34;3374.00;749.34;1120.00;2450.00;2080.00;0.00;1024.67;1270.00;940.00;544.67;480.00;657.00;3180.00;2260.00
1772828424.7158544;0.00;0.00;97.00;0.00;0.00;0.00;0.00;0.00;0.00;0.00;0.00;582.00;0.00;0.00;0.00;0.00;582.00;0.00;582.00;0.00;0.00;582.00;0.00;2130.00;2070.00;1756.34;1450.00;240.00;1557.00;0.00;0.00;2260.00;3840.34;3374.00;749.34;1120.00;2450.00;2080.00;0.00;1024.67;1270.00;940.00;544.67;480.00;657.00;3180.00;2260.00
1772828424.7630074;0.00;0.00;194.00;0.00;0.00;0.00;0.00;0.00;0.00;0.00;0.00;582.00;0.00;0.00;0.00;0.00;582.00;0.00;582.00;0.00;0.00;582.00;0.00;2430.00;2370.00;2056.34;1680.00;480.00;1654.00;0.00;0.00;2260.00;3840.34;3374.00;749.34;1120.00;2450.00;2080.00;0.00;1024.67;1740.00;940.00;864.67;480.00;657.00;3180.00;2560.00
1772828424.7650287;0.00;0.00;194.00;0.00;0.00;0.00;0.00;0.00;0.00;0.00;0.00;582.00;0.00;0.00;0.00;0.00;582.00;0.00;582.00;0.00;0.00;582.00;0.00;2430.00;2370.00;2056.34;1680.00;480.00;1654.00;0.00;0.00;2260.00;3840.34;3374.00;749.34;1120.00;2450.00;2080.00;0.00;1024.67;1740.00;940.00;864.67;480.00;657.00;3180.00;2560.00
1772828424.933734;0.00;0.00;291.00;0.00;0.00;0.00;0.00;0.00;0.00;0.00;0.00;582.00;0.00;0.00;0.00;0.00;582.00;0.00;582.00;0.00;0.00;582.00;0.00;2730.00;2670.00;2356.34;1990.00;790.00;1798.67;0.00;0.00;2260.00;3840.34;3374.00;749.34;1120.00;2450.00;2080.00;0.00;1024.67;1740.00;940.00;1024.67;480.00;657.00;3180.00;2860.00
1772828424.935851;0.00;0.00;291.00;0.00;0.00;0.00;0.00;0.00;0.00;0.00;0.00;582.00;0.00;0.00;0.00;0.00;582.00;0.00;582.00;0.00;0.00;582.00;0.00;2730.00;2670.00;2356.34;1990.00;790.00;1798.67;0.00;0.00;2260.00;3840.34;3374.00;749.34;1120.00;2450.00;2080.00;0.00;1024.67;1740.00;940.00;1024.67;480.00;657.00;3180.00;2860.00
1772828424.9817126;0.00;0.00;388.00;0.00;0.00;0.00;0.00;0.00;0.00;0.00;0.00;582.00;0.00;0.00;0.00;0.00;582.00;0.00;582.00;0.00;0.00;582.00;0.00;3030.00;2970.00;2656.34;2290.00;1100.00;1943.34;0.00;0.00;2260.00;3840.34;3374.00;749.34;1120.00;2450.00;2080.00;0.00;1024.67;1740.00;940.00;1409.34;480.00;657.00;3180.00;3160.00
1772828424.983776;0.00;0.00;388.00;0.00;0.00;0.00;0.00;0.00;0.00;0.00;0.00;582.00;0.00;0.00;0.00;0.00;582.00;0.00;582.00;0.00;0.00;582.00;0.00;3030.00;2970.00;2656.34;2290.00;1100.00;1943.34;0.00;0.00;2260.00;3840.34;3374.00;749.34;1120.00;2450.00;2080.00;0.00;1024.67;1740.00;940.00;1409.34;480.00;657.00;3180.00;3160.00
1772828425.0302517;0.00;0.00;485.00;0.00;0.00;0.00;0.00;0.00;0.00;0.00;0.00;582.00;0.00;0.00;0.00;0.00;582.00;0.00;582.00;0.00;0.00;582.00;0.00;3330.00;3270.00;2956.34;2590.00;1410.00;2365.67;0.00;0.00;2260.00;3840.34;3374.00;749.34;1280.00;2450.00;2080.00;0.00;1024.67;1740.00;940.00;1409.34;480.00;657.00;3180.00;3460.00
1772828425.032458;0.00;0.00;485.00;0.00;0.00;0.00;0.00;0.00;0.00;0.00;0.00;582.00;0.00;0.00;0.00;0.00;582.00;0.00;582.00;0.00;0.00;582.00;0.00;3330.00;3270.00;2956.34;2590.00;1410.00;2365.67;0.00;0.00;2260.00;3840.34;3374.00;749.34;1280.00;2450.00;2080.00;0.00;1024.67;1740.00;940.00;1409.34;480.00;657.00;3180.00;3460.00
1772828425.0800352;0.00;0.00;582.00;0.00;0.00;0.00;0.00;0.00;0.00;0.00;0.00;582.00;0.00;0.00;0.00;0.00;582.00;0.00;582.00;0.00;0.00;582.00;0.00;3480.00;3420.00;3106.34;2740.00;1560.00;2628.00;64.67;160.00;2420.00;3990.34;3524.00;749.34;1440.00;2450.00;2080.00;0.00;1024.67;1740.00;940.00;1521.67;480.00;657.00;3330.00;3610.00
1772828425.0823958;0.00;0.00;582.00;0.00;0.00;0.00;0.00;0.00;0.00;0.00;0.00;582.00;0.00;0.00;0.00;0.00;582.00;0.00;582.00;0.00;0.00;582.00;0.00;3480.00;3420.00;3106.34;2740.00;1560.00;2628.00;64.67;160.00;2420.00;3990.34;3524.00;749.34;1440.00;2450.00;2080.00;0.00;1024.67;1740.00;940.00;1521.67;480.00;657.00;3330.00;3610.00
1772828437.76449;0.00;0.00;582.00;0.00;0.00;0.00;0.00;0.00;0.00;0.00;0.00;582.00;0.00;0.00;0.00;0.00;582.00;0.00;582.00;0.00;0.00;679.00;0.00;3480.00;3420.00;3106.34;2740.00;1560.00;2628.00;64.67;160.00;2644.67;4435.01;3968.67;861.67;1440.00;2450.00;2304.67;0.00;1024.67;1740.00;940.00;1521.67;480.00;657.00;3630.00;3770.00
1772828437.7659001;0.00;0.00;582.00;0.00;0.00;0.00;0.00;0.00;0.00;0.00;0.00;582.00;0.00;0.00;0.00;0.00;582.00;0.00;582.00;0.00;0.00;679.00;0.00;3480.00;3420.00;3106.34;2740.00;1560.00;2628.00;64.67;160.00;2644.67;4435.01;3968.67;861.67;1440.00;2450.00;2304.67;0.00;1024.67;1740.00;940.00;1521.67;480.00;657.00;3630.00;3770.00
1772828437.7968693;0.00;0.00;582.00;0.00;0.00;0.00;0.00;0.00;0.00;0.00;0.00;582.00;0.00;0.00;0.00;0.00;582.00;0.00;582.00;0.00;0.00;776.00;0.00;3480.00;3420.00;3106.34;2740.00;1560.00;2628.00;64.67;160.00;3194.67;4832.01;4365.67;861.67;1440.00;2674.67;2464.67;0.00;1024.67;1740.00;940.00;1521.67;480.00;657.00;3930.00;3770.00
1772828437.7981858;0.00;0.00;582.00;0.00;0.00;0.00;0.00;0.00;0.00;0.00;0.00;582.00;0.00;0.00;0.00;0.00;582.00;0.00;582.00;0.00;0.00;776.00;0.00;3480.00;3420.00;3106.34;2740.00;1560.00;2628.00;64.67;160.00;3194.67;4832.01;4365.67;861.67;1440.00;2674.67;2464.67;0.00;1024.67;1740.00;940.00;1521.67;480.00;657.00;3930.00;3770.00
1772828437.9174426;0.00;0.00;582.00;0.00;0.00;0.00;0.00;0.00;0.00;0.00;0.00;582.00;0.00;0.00;0.00;0.00;582.00;0.00;582.00;0.00;0.00;776.00;0.00;3480.00;3420.00;3106.34;2740.00;1560.00;2628.00;64.67;160.00;3194.67;4832.01;4365.67;861.67;1440.00;2674.67;2464.67;0.00;1024.67;1740.00;940.00;1521.67;480.00;657.00;3930.00;3770.00
1772828437.9187498;0.00;0.00;582.00;0.00;0.00;0.00;0.00;0.00;0.00;0.00;0.00;582.00;0.00;0.00;0.00;0.00;582.00;0.00;582.00;0.00;0.00;776.00;0.00;3480.00;3420.00;3106.34;2740.00;1560.00;2628.00;64.67;160.00;3194.67;4832.01;4365.67;861.67;1440.00;2674.67;2464.67;0.00;1024.67;1740.00;940.00;1521.67;480.00;657.00;3930.00;3770.00
1772828437.9504201;0.00;0.00;582.00;0.00;0.00;0.00;0.00;0.00;0.00;0.00;0.00;582.00;0.00;0.00;0.00;0.00;582.00;0.00;582.00;0.00;0.00;776.00;0.00;3480.00;3420.00;3106.34;2740.00;1560.00;2628.00;64.67;160.00;3194.67;4832.01;4365.67;861.67;1440.00;2674.67;2464.67;0.00;1024.67;1740.00;940.00;1521.67;480.00;657.00;3930.00;3770.00
1772828437.9516485;0.00;0.00;582.00;0.00;0.00;0.00;0.00;0.00;0.00;0.00;0.00;582.00;0.00;0.00;0.00;0.00;582.00;0.00;582.00;0.00;0.00;776.00;0.00;3480.00;3420.00;3106.34;2740.00;1560.00;2628.00;64.67;160.00;3194.67;4832.01;4365.67;861.67;1440.00;2674.67;2464.67;0.00;1024.67;1740.00;940.00;1521.67;480.00;657.00;3930.00;3770.00
1772828437.9832892;0.00;0.00;582.00;0.00;0.00;0.00;0.00;0.00;0.00;0.00;0.00;582.00;0.00;0.00;0.00;0.00;582.00;0.00;582.00;0.00;0.00;776.00;0.00;3480.00;3420.00;3106.34;2740.00;1560.00;2628.00;64.67;160.00;3194.67;4832.01;4365.67;861.67;1440.00;2674.67;2464.67;0.00;1024.67;1740.00;940.00;1521.67;480.00;657.00;3930.00;3770.00
1772828437.984748;0.00;0.00;582.00;0.00;0.00;0.00;0.00;0.00;0.00;0.00;0.00;582.00;0.00;0.00;0.00;0.00;582.00;0.00;582.00;0.00;0.00;776.00;0.00;3480.00;3420.00;3106.34;2740.00;1560.00;2628.00;64.67;160.00;3194.67;4832.01;4365.67;861.67;1440.00;2674.67;2464.67;0.00;1024.67;1740.00;940.00;1521.67;480.00;657.00;3930.00;3770.00
1772828438.0162158;0.00;0.00;582.00;0.00;0.00;0.00;0.00;0.00;0.00;0.00;0.00;582.00;0.00;0.00;0.00;0.00;582.00;0.00;582.00;0.00;0.00;776.00;0.00;3480.00;3420.00;3106.34;2740.00;1560.00;2628.00;64.67;160.00;3194.67;4832.01;4365.67;861.67;1440.00;2674.67;2464.67;0.00;1024.67;1740.00;940.00;1521.67;480.00;657.00;3930.00;3770.00
1772828438.018568;0.00;0.00;582.00;0.00;0.00;0.00;0.00;0.00;0.00;0.00;0.00;582.00;0.00;0.00;0.00;0.00;582.00;0.00;582.00;0.00;0.00;776.00;0.00;3480.00;3420.00;3106.34;2740.00;1560.00;2628.00;64.67;160.00;3194.67;4832.01;4365.67;861.67;1440.00;2674.67;2464.67;0.00;1024.67;1740.00;940.00;1521.67;480.00;657.00;3930.00;3770.00
1772828451.8155508;0.00;0.00;582.00;0.00;0.00;0.00;0.00;0.00;0.00;0.00;0.00;582.00;0.00;0.00;0.00;0.00;582.00;0.00;582.00;0.00;0.00;776.00;0.00;3480.00;3420.00;3106.34;2740.00;1560.00;2628.00;64.67;160.00;3194.67;4832.01;4365.67;861.67;1440.00;2674.67;2464.67;0.00;1024.67;1740.00;940.00;1521.67;480.00;657.00;3930.00;3770.00
1772828451.8179195;0.00;0.00;582.00;0.00;0.00;0.00;0.00;0.00;0.00;0.00;0.00;582.00;0.00;0.00;0.00;0.00;582.00;0.00;582.00;0.00;0.00;776.00;0.00;3480.00;3420.00;3106.34;2740.00;1560.00;2628.00;64.67;160.00;3194.67;4832.01;4365.67;861.67;1440.00;2674.67;2464.67;0.00;1024.67;1740.00;940.00;1521.67;480.00;657.00;3930.00;3770.00
1772828451.8647325;0.00;0.00;582.00;0.00;0.00;0.00;0.00;0.00;0.00;0.00;0.00;582.00;0.00;0.00;0.00;0.00;582.00;0.00;582.00;0.00;0.00;776.00;0.00;3480.00;3420.00;3106.34;2740.00;1560.00;2628.00;64.67;160.00;3194.67;4832.01;4365.67;861.67;1440.00;2674.67;2464.67;0.00;1024.67;1740.00;940.00;1521.67;480.00;657.00;3930.00;3770.00
1772828451.8670528;0.00;0.00;582.00;0.00;0.00;0.00;0.00;0.00;0.00;0.00;0.00;582.00;0.00;0.00;0.00;0.00;582.00;0.00;582.00;0.00;0.00;776.00;0.00;3480.00;3420.00;3106.34;2740.00;1560.00;2628.00;64.67;160.00;3194.67;4832.01;4365.67;861.67;1440.00;2674.67;2464.67;0.00;1024.67;1740.00;940.00;1521.67;480.00;657.00;3930.00;3770.00
1772828451.9137907;0.00;0.00;582.00;0.00;0.00;0.00;0.00;0.00;0.00;0.00;0.00;582.00;0.00;0.00;0.00;0.00;582.00;0.00;582.00;0.00;0.00;776.00;0.00;3480.00;3420.00;3106.34;2740.00;1560.00;2628.00;64.67;160.00;3194.67;4832.01;4365.67;861.67;1440.00;2674.67;2464.67;0.00;1024.67;1740.00;940.00;1521.67;480.00;657.00;3930.00;3770.00
1772828451.9161608;0.00;0.00;582.00;0.00;0.00;0.00;0.00;0.00;0.00;0.00;0.00;582.00;0.00;0.00;0.00;0.00;582.00;0.00;582.00;0.00;0.00;776.00;0.00;3480.00;3420.00;3106.34;2740.00;1560.00;2628.00;64.67;160.00;3194.67;4832.01;4365.67;861.67;1440.00;2674.67;2464.67;0.00;1024.67;1740.00;940.00;1521.67;480.00;657.00;3930.00;3770.00
1772828452.0894735;0.00;0.00;582.00;0.00;0.00;0.00;0.00;0.00;0.00;0.00;0.00;582.00;0.00;0.00;0.00;0.00;582.00;0.00;582.00;0.00;0.00;776.00;0.00;3480.00;3420.00;3106.34;2740.00;1560.00;2628.00;64.67;160.00;3194.67;4832.01;4365.67;861.67;1440.00;2674.67;2464.67;0.00;1024.67;1740.00;940.00;1521.67;480.00;657.00;3930.00;3770.00
1772828452.0917835;0.00;0.00;582.00;0.00;0.00;0.00;0.00;0.00;0.00;0.00;0.00;582.00;0.00;0.00;0.00;0.00;582.00;0.00;582.00;0.00;0.00;776.00;0.00;3480.00;3420.00;3106.34;2740.00;1560.00;2628.00;64.67;160.00;3194.67;4832.01;4365.67;861.67;1440.00;2674.67;2464.67;0.00;1024.67;1740.00;940.00;1521.67;480.00;657.00;3930.00;3770.00
1772828452.138529;0.00;0.00;582.00;0.00;0.00;0.00;0.00;0.00;0.00;0.00;0.00;582.00;0.00;0.00;0.00;0.00;582.00;0.00;582.00;0.00;0.00;776.00;0.00;3480.00;3420.00;3106.34;2740.00;1560.00;2628.00;64.67;160.00;3194.67;4832.01;4365.67;861.67;1440.00;2674.67;2464.67;0.00;1024.67;1740.00;940.00;1521.67;480.00;657.00;3930.00;3770.00
1772828452.1408994;0.00;0.00;582.00;0.00;0.00;0.00;0.00;0.00;0.00;0.00;0.00;582.00;0.00;0.00;0.00;0.00;582.00;0.00;582.00;0.00;0.00;776.00;0.00;3480.00;3420.00;3106.34;2740.00;1560.00;2628.00;64.67;160.00;3194.67;4832.01;4365.67;861.67;1440.00;2674.67;2464.67;0.00;1024.67;1740.00;940.00;1521.67;480.00;657.00;3930.00;3770.00
1772828452.1873307;0.00;0.00;582.00;0.00;0.00;0.00;0.00;0.00;0.00;0.00;0.00;582.00;0.00;0.00;0.00;0.00;582.00;0.00;582.00;0.00;0.00;776.00;0.00;3480.00;3420.00;3106.34;2740.00;1560.00;2628.00;64.67;160.00;3194.67;4832.01;4365.67;861.67;1440.00;2674.67;2464.67;0.00;1024.67;1740.00;940.00;1521.67;480.00;657.00;3930.00;3770.00
1772828452.189665;0.00;0.00;582.00;0.00;0.00;0.00;0.00;0.00;0.00;0.00;0.00;582.00;0.00;0.00;0.00;0.00;582.00;0.00;582.00;0.00;0.00;776.00;0.00;3480.00;3420.00;3106.34;2740.00;1560.00;2628.00;64.67;160.00;3194.67;4832.01;4365.67;861.67;1440.00;2674.67;2464.67;0.00;1024.67;1740.00;940.00;1521.67;480.00;657.00;3930.00;3770.00
1772828466.84762;0.00;97.00;582.00;0.00;0.00;0.00;0.00;0.00;0.00;0.00;0.00;582.00;0.00;0.00;0.00;0.00;582.00;0.00;582.00;0.00;0.00;776.00;0.00;3480.00;3420.00;3106.34;2740.00;1560.00;2628.00;64.67;470.00;3457.00;4982.01;4515.67;861.67;1440.00;2787.00;2614.67;310.00;1024.67;1740.00;940.00;1521.67;480.00;657.00;4080.00;3770.00
1772828466.8499644;0.00;97.00;582.00;0.00;0.00;0.00;0.00;0.00;0.00;0.00;0.00;582.00;0.00;0.00;0.00;0.00;582.00;0.00;582.00;0.00;0.00;776.00;0.00;3480.00;3420.00;3106.34;2740.00;1560.00;2628.00;64.67;470.00;3457.00;4982.01;4515.67;861.67;1440.00;2787.00;2614.67;310.00;1024.67;1740.00;940.00;1521.67;480.00;657.00;4080.00;3770.00
1772828466.8980622;0.00;194.00;582.00;0.00;0.00;0.00;0.00;0.00;0.00;0.00;0.00;582.00;0.00;0.00;0.00;0.00;582.00;0.00;582.00;0.00;0.00;776.00;0.00;3480.00;3420.00;3106.34;2740.00;1560.00;2628.00;64.67;1010.00;3457.00;4982.01;4515.67;861.67;1440.00;2787.00;2914.67;850.00;1024.67;1740.00;940.00;1521.67;480.00;657.00;4080.00;3770.00
1772828466.9005048;0.00;194.00;582.00;0.00;0.00;0.00;0.00;0.00;0.00;0.00;0.00;582.00;0.00;0.00;0.00;0.00;582.00;0.00;582.00;0.00;0.00;776.00;0.00;3480.00;3420.00;3106.34;2740.00;1560.00;2628.00;64.67;1010.00;3457.00;4982.01;4515.67;861.67;1440.00;2787.00;2914.67;850.00;1024.67;1740.00;940.00;1521.67;480.00;657.00;4080.00;3770.00
1772828466.9491563;0.00;291.00;582.00;0.00;0.00;0.00;0.00;0.00;0.00;0.00;0.00;582.00;0.00;0.00;0.00;0.00;582.00;0.00;582.00;0.00;0.00;776.00;0.00;3630.00;3570.00;3256.34;2890.00;1710.00;2778.00;144.67;1400.00;3457.00;4982.01;4515.67;861.67;1670.00;2787.00;3064.67;1320.00;1024.67;1740.00;940.00;1521.67;480.00;657.00;4080.00;3920.00
1772828466.951756;0.00;291.00;582.00;0.00;0.00;0.00;0.00;0.00;0.00;0.00;0.00;582.00;0.00;0.00;0.00;0.00;582.00;0.00;582.00;0.00;0.00;776.00;0.00;3630.00;3570.00;3256.34;2890.00;1710.00;2778.00;144.67;1400.00;3457.00;4982.01;4515.67;861.67;1670.00;2787.00;3064.67;1320.00;1024.67;1740.00;940.00;1521.67;480.00;657.00;4080.00;3920.00
1772828467.1264248;0.00;388.00;582.00;0.00;0.00;0.00;0.00;0.00;0.00;0.00;0.00;582.00;0.00;0.00;0.00;0.00;582.00;0.00;582.00;0.00;0.00;776.00;0.00;3780.00;3720.00;3406.34;3040.00;1860.00;2928.00;224.67;1790.00;3457.00;4982.01;4515.67;861.67;1670.00;2787.00;3214.67;1790.00;1024.67;1740.00;940.00;1521.67;480.00;657.00;4080.00;4070.00
1772828467.1289723;0.00;388.00;582.00;0.00;0.00;0.00;0.00;0.00;0.00;0.00;0.00;582.00;0.00;0.00;0.00;0.00;582.00;0.00;582.00;0.00;0.00;776.00;0.00;3780.00;3720.00;3406.34;3040.00;1860.00;2928.00;224.67;1790.00;3457.00;4982.01;4515.67;861.67;1670.00;2787.00;3214.67;1790.00;1024.67;1740.00;940.00;1521.67;480.00;657.00;4080.00;4070.00
1772828467.1770895;0.00;485.00;582.00;0.00;0.00;0.00;0.00;0.00;0.00;0.00;0.00;582.00;0.00;0.00;0.00;0.00;582.00;0.00;582.00;0.00;0.00;776.00;0.00;3780.00;3720.00;3406.34;3040.00;1860.00;2928.00;224.67;2180.00;3617.00;4982.01;4515.67;861.67;1670.00;2787.00;3364.67;2250.00;1024.67;1740.00;940.00;1521.67;480.00;657.00;4080.00;4070.00
1772828467.179731;0.00;485.00;582.00;0.00;0.00;0.00;0.00;0.00;0.00;0.00;0.00;582.00;0.00;0.00;0.00;0.00;582.00;0.00;582.00;0.00;0.00;776.00;0.00;3780.00;3720.00;3406.34;3040.00;1860.00;2928.00;224.67;2180.00;3617.00;4982.01;4515.67;861.67;1670.00;2787.00;3364.67;2250.00;1024.67;1740.00;940.00;1521.67;480.00;657.00;4080.00;4070.00
1772828467.2282057;0.00;582.00;582.00;0.00;0.00;0.00;0.00;0.00;0.00;0.00;0.00;582.00;0.00;0.00;0.00;0.00;582.00;0.00;582.00;0.00;0.00;776.00;0.00;3780.00;3720.00;3406.34;3040.00;1860.00;2928.00;224.67;2484.67;3937.00;4982.01;4515.67;861.67;1670.00;2937.00;3364.67;2400.00;1024.67;1740.00;940.00;1521.67;480.00;657.00;4080.00;4070.00
1772828467.2308674;0.00;582.00;582.00;0.00;0.00;0.00;0.00;0.00;0.00;0.00;0.00;582.00;0.00;0.00;0.00;0.00;582.00;0.00;582.00;0.00;0.00;776.00;0.00;3780.00;3720.00;3406.34;3040.00;1860.00;2928.00;224.67;2484.67;3937.00;4982.01;4515.67;861.67;1670.00;2937.00;3364.67;2400.00;1024.67;1740.00;940.00;1521.67;480.00;657.00;4080.00;4070.00
1772828483.8913095;0.00;582.00;582.00;0.00;0.00;0.00;0.00;0.00;0.00;0.00;0.00;582.00;0.00;0.00;97.00;0.00;582.00;0.00;582.00;0.00;0.00;388.00;0.00;1570.00;3640.00;3646.34;3280.00;1957.00;2928.00;224.67;2484.67;3937.00;1482.01;551.00;167.00;1670.00;947.00;3364.67;2400.00;1024.67;1964.67;320.00;1521.67;320.00;192.33;1220.00;300.00
1772828483.8938477;0.00;582.00;582.00;0.00;0.00;0.00;0.00;0.00;0.00;0.00;0.00;582.00;0.00;0.00;97.00;0.00;582.00;0.00;582.00;0.00;0.00;388.00;0.00;1570.00;3640.00;3646.34;3280.00;1957.00;2928.00;224.67;2484.67;3937.00;1482.01;551.00;167.00;1670.00;947.00;3364.67;2400.00;1024.67;1964.67;320.00;1521.67;320.00;192.33;1220.00;300.00
1772828483.9452693;0.00;582.00;582.00;0.00;0.00;0.00;0.00;0.00;0.00;0.00;0.00;582.00;0.00;0.00;194.00;0.00;582.00;0.00;582.00;0.00;0.00;388.00;0.00;1730.00;3800.00;3711.01;3344.67;2021.67;2960.33;304.67;2564.67;4017.00;1632.01;701.00;477.00;1830.00;1177.00;3364.67;2400.00;1024.67;1964.67;640.00;1521.67;544.67;192.33;1370.00;450.00
1772828483.947879;0.00;582.00;582.00;0.00;0.00;0.00;0.00;0.00;0.00;0.00;0.00;582.00;0.00;0.00;194.00;0.00;582.00;0.00;582.00;0.00;0.00;388.00;0.00;1730.00;3800.00;3711.01;3344.67;2021.67;2960.33;304.67;2564.67;4017.00;1632.01;701.00;477.00;1830.00;1177.00;3364.67;2400.00;1024.67;1964.67;640.00;1521.67;544.67;192.33;1370.00;450.00
1772828483.9992864;0.00;582.00;582.00;0.00;0.00;0.00;0.00;0.00;0.00;0.00;0.00;582.00;0.00;0.00;291.00;0.00;582.00;0.00;582.00;0.00;0.00;388.00;0.00;1880.00;3960.00;3871.01;3504.67;2181.67;3217.33;384.67;2714.67;4167.00;1782.01;851.00;477.00;2310.00;1177.00;3364.67;2400.00;1024.67;1964.67;950.00;1521.67;544.67;192.33;1520.00;600.00
1772828484.0019484;0.00;582.00;582.00;0.00;0.00;0.00;0.00;0.00;0.00;0.00;0.00;582.00;0.00;0.00;291.00;0.00;582.00;0.00;582.00;0.00;0.00;388.00;0.00;1880.00;3960.00;3871.01;3504.67;2181.67;3217.33;384.67;2714.67;4167.00;1782.01;851.00;477.00;2310.00;1177.00;3364.67;2400.00;1024.67;1964.67;950.00;1521.67;544.67;192.33;1520.00;600.00
1772828484.191811;0.00;582.00;582.00;0.00;0.00;0.00;0.00;0.00;0.00;0.00;0.00;582.00;0.00;0.00;388.00;0.00;582.00;0.00;582.00;0.00;0.00;388.00;0.00;2040.00;4024.67;3935.68;3569.34;2246.34;3249.66;464.67;2864.67;4317.00;1932.01;1311.00;637.00;2470.00;1177.00;3364.67;2400.00;1024.67;1964.67;1174.67;1521.67;544.67;192.33;1820.00;600.00
1772828484.1945145;0.00;582.00;582.00;0.00;0.00;0.00;0.00;0.00;0.00;0.00;0.00;582.00;0.00;0.00;388.00;0.00;582.00;0.00;582.00;0.00;0.00;388.00;0.00;2040.00;4024.67;3935.68;3569.34;2246.34;3249.66;464.67;2864.67;4317.00;1932.01;1311.00;637.00;2470.00;1177.00;3364.67;2400.00;1024.67;1964.67;1174.67;1521.67;544.67;192.33;1820.00;600.00
1772828484.2463055;0.00;582.00;582.00;0.00;0.00;0.00;0.00;0.00;0.00;0.00;0.00;582.00;0.00;0.00;485.00;0.00;582.00;0.00;582.00;0.00;0.00;388.00;0.00;2040.00;4024.67;3935.68;3569.34;2246.34;3346.66;704.67;3174.67;4617.00;2232.01;1611.00;637.00;2630.00;1177.00;3364.67;2400.00;1024.67;1964.67;1174.67;1521.67;544.67;192.33;2120.00;600.00
1772828484.2490547;0.00;582.00;582.00;0.00;0.00;0.00;0.00;0.00;0.00;0.00;0.00;582.00;0.00;0.00;485.00;0.00;582.00;0.00;582.00;0.00;0.00;388.00;0.00;2040.00;4024.67;3935.68;3569.34;2246.34;3346.66;704.67;3174.67;4617.00;2232.01;1611.00;637.00;2630.00;1177.00;3364.67;2400.00;1024.67;1964.67;1174.67;1521.67;544.67;192.33;2120.00;600.00
1772828484.3002384;0.00;582.00;582.00;0.00;0.00;0.00;0.00;0.00;0.00;0.00;0.00;582.00;0.00;0.00;582.00;0.00;582.00;0.00;582.00;0.00;0.00;388.00;0.00;2040.00;4024.67;3935.68;3569.34;2246.34;3443.66;944.67;3484.67;4917.00;2532.01;1911.00;637.00;2790.00;1177.00;3364.67;2400.00;1024.67;1964.67;1174.67;1521.67;544.67;192.33;2420.00;600.00
1772828484.303131;0.00;582.00;582.00;0.00;0.00;0.00;0.00;0.00;0.00;0.00;0.00;582.00;0.00;0.00;582.00;0.00;582.00;0.00;582.00;0.00;0.00;388.00;0.00;2040.00;4024.67;3935.68;3569.34;2246.34;3443.66;944.67;3484.67;4917.00;2532.01;1911.00;637.00;2790.00;1177.00;3364.67;2400.00;1024.67;1964.67;1174.67;1521.67;544.67;192.33;2420.00;600.00
1772828502.9201293;0.00;582.00;582.00;0.00;0.00;0.00;0.00;0.00;0.00;0.00;0.00;582.00;0.00;0.00;582.00;0.00;0.00;0.00;582.00;0.00;0.00;291.00;0.00;0.00;0.00;0.00;0.00;0.00;0.00;944.67;3484.67;4917.00;230.00;230.00;637.00;0.00;0.00;3364.67;2400.00;704.67;1964.67;1174.67;1297.00;544.67;160.00;470.00;150.00
1772828502.922553;0.00;582.00;582.00;0.00;0.00;0.00;0.00;0.00;0.00;0.00;0.00;582.00;0.00;0.00;582.00;0.00;0.00;0.00;582.00;0.00;0.00;291.00;0.00;0.00;0.00;0.00;0.00;0.00;0.00;944.67;3484.67;4917.00;230.00;230.00;637.00;0.00;0.00;3364.67;2400.00;704.67;1964.67;1174.67;1297.00;544.67;160.00;470.00;150.00
1772828502.9753444;0.00;582.00;582.00;0.00;0.00;0.00;0.00;0.00;0.00;0.00;0.00;582.00;0.00;0.00;582.00;0.00;0.00;0.00;582.00;0.00;0.00;388.00;0.00;540.00;230.00;230.00;0.00;0.00;0.00;944.67;3484.67;4917.00;230.00;454.67;877.00;0.00;0.00;3364.67;2400.00;704.67;1964.67;1174.67;1297.00;544.67;384.67;630.00;450.00
1772828502.9777434;0.00;582.00;582.00;0.00;0.00;0.00;0.00;0.00;0.00;0.00;0.00;582.00;0.00;0.00;582.00;0.00;0.00;0.00;582.00;0.00;0.00;388.00;0.00;540.00;230.00;230.00;0.00;0.00;0.00;944.67;3484.67;4917.00;230.00;454.67;877.00;0.00;0.00;3364.67;2400.00;704.67;1964.67;1174.67;1297.00;544.67;384.67;630.00;450.00
1772828503.0299416;0.00;582.00;582.00;0.00;0.00;0.00;0.00;0.00;0.00;0.00;0.00;582.00;0.00;0.00;582.00;0.00;0.00;0.00;582.00;0.00;0.00;485.00;0.00;770.00;460.00;460.00;230.00;230.00;0.00;944.67;3484.67;4917.00;540.00;669.34;957.00;0.00;320.00;3364.67;2400.00;864.67;1964.67;1174.67;1297.00;544.67;384.67;780.00;600.00
1772828503.0323572;0.00;582.00;582.00;0.00;0.00;0.00;0.00;0.00;0.00;0.00;0.00;582.00;0.00;0.00;582.00;0.00;0.00;0.00;582.00;0.00;0.00;485.00;0.00;770.00;460.00;460.00;230.00;230.00;0.00;944.67;3484.67;4917.00;540.00;669.34;957.00;0.00;320.00;3364.67;2400.00;864.67;1964.67;1174.67;1297.00;544.67;384.67;780.00;600.00
1772828503.2073045;0.00;582.00;582.00;0.00;0.00;0.00;0.00;0.00;0.00;0.00;0.00;582.00;0.00;0.00;582.00;0.00;0.00;0.00;582.00;0.00;0.00;582.00;0.00;1167.00;914.67;914.67;460.00;460.00;230.00;944.67;3484.67;4917.00;540.00;669.34;1054.00;0.00;320.00;3364.67;2400.00;1249.34;1964.67;1174.67;1297.00;544.67;384.67;780.00;900.00
1772828503.2097807;0.00;582.00;582.00;0.00;0.00;0.00;0.00;0.00;0.00;0.00;0.00;582.00;0.00;0.00;582.00;0.00;0.00;0.00;582.00;0.00;0.00;582.00;0.00;1167.00;914.67;914.67;460.00;460.00;230.00;944.67;3484.67;4917.00;540.00;669.34;1054.00;0.00;320.00;3364.67;2400.00;1249.34;1964.67;1174.67;1297.00;544.67;384.67;780.00;900.00
1772828503.26084;0.00;582.00;582.00;0.00;0.00;0.00;0.00;0.00;0.00;0.00;0.00;582.00;0.00;0.00;582.00;0.00;0.00;0.00;582.00;0.00;0.00;679.00;0.00;1381.67;1224.67;1224.67;780.00;460.00;230.00;944.67;3564.67;4997.00;620.00;701.67;1118.67;0.00;480.00;3364.67;2550.00;1249.34;1964.67;1174.67;1297.00;544.67;384.67;780.00;1050.00
1772828503.2633288;0.00;582.00;582.00;0.00;0.00;0.00;0.00;0.00;0.00;0.00;0.00;582.00;0.00;0.00;582.00;0.00;0.00;0.00;582.00;0.00;0.00;679.00;0.00;1381.67;1224.67;1224.67;780.00;460.00;230.00;944.67;3564.67;4997.00;620.00;701.67;1118.67;0.00;480.00;3364.67;2550.00;1249.34;1964.67;1174.67;1297.00;544.67;384.67;780.00;1050.00
1772828503.3137088;0.00;582.00;582.00;0.00;0.00;0.00;0.00;0.00;0.00;0.00;0.00;582.00;0.00;0.00;582.00;0.00;0.00;0.00;582.00;0.00;0.00;679.00;0.00;1381.67;1224.67;1224.67;780.00;460.00;230.00;944.67;3564.67;4997.00;620.00;701.67;1118.67;0.00;480.00;3364.67;2550.00;1249.34;1964.67;1174.67;1297.00;544.67;384.67;780.00;1050.00
1772828503.316281;0.00;582.00;582.00;0.00;0.00;0.00;0.00;0.00;0.00;0.00;0.00;582.00;0.00;0.00;582.00;0.00;0.00;0.00;582.00;0.00;0.00;679.00;0.00;1381.67;1224.67;1224.67;780.00;460.00;230.00;944.67;3564.67;4997.00;620.00;701.67;1118.67;0.00;480.00;3364.67;2550.00;1249.34;1964.67;1174.67;1297.00;544.67;384.67;780.00;1050.00
1772828521.93646;0.00;582.00;582.00;0.00;0.00;0.00;0.00;0.00;0.00;0.00;0.00;0.00;97.00;0.00;582.00;0.00;0.00;0.00;582.00;0.00;0.00;679.00;0.00;310.00;240.00;240.00;240.00;460.00;230.00;944.67;3564.67;4997.00;620.00;701.67;1118.67;0.00;480.00;3364.67;2550.00;704.67;0.00;1174.67;1297.00;544.67;384.67;780.00;460.00
1772828521.9377768;0.00;582.00;582.00;0.00;0.00;0.00;0.00;0.00;0.00;0.00;0.00;0.00;97.00;0.00;582.00;0.00;0.00;0.00;582.00;0.00;0.00;679.00;0.00;310.00;240.00;240.00;240.00;460.00;230.00;944.67;3564.67;4997.00;620.00;701.67;1118.67;0.00;480.00;3364.67;2550.00;704.67;0.00;1174.67;1297.00;544.67;384.67;780.00;460.00
1772828521.9721534;0.00;582.00;582.00;0.00;0.00;0.00;0.00;0.00;0.00;0.00;0.00;0.00;194.00;0.00;582.00;0.00;0.00;0.00;582.00;0.00;0.00;679.00;0.00;620.00;550.00;550.00;710.00;460.00;230.00;944.67;3564.67;4997.00;620.00;701.67;1118.67;0.00;480.00;3364.67;2550.00;1184.67;112.33;1174.67;1297.00;544.67;384.67;780.00;760.00
1772828521.9734943;0.00;582.00;582.00;0.00;0.00;0.00;0.00;0.00;0.00;0.00;0.00;0.00;194.00;0.00;582.00;0.00;0.00;0.00;582.00;0.00;0.00;679.00;0.00;620.00;550.00;550.00;710.00;460.00;230.00;944.67;3564.67;4997.00;620.00;701.67;1118.67;0.00;480.00;3364.67;2550.00;1184.67;112.33;1174.67;1297.00;544.67;384.67;780.00;760.00
1772828522.0055337;0.00;582.00;582.00;0.00;0.00;0.00;0.00;0.00;0.00;0.00;0.00;0.00;194.00;0.00;582.00;0.00;0.00;0.00;582.00;0.00;0.00;679.00;0.00;620.00;550.00;550.00;710.00;460.00;230.00;944.67;3564.67;4997.00;620.00;701.67;1118.67;0.00;480.00;3364.67;2550.00;1184.67;112.33;1174.67;1297.00;544.67;384.67;780.00;760.00
1772828522.006824;0.00;582.00;582.00;0.00;0.00;0.00;0.00;0.00;0.00;0.00;0.00;0.00;194.00;0.00;582.00;0.00;0.00;0.00;582.00;0.00;0.00;679.00;0.00;620.00;550.00;550.00;710.00;460.00;230.00;944.67;3564.67;4997.00;620.00;701.67;1118.67;0.00;480.00;3364.67;2550.00;1184.67;112.33;1174.67;1297.00;544.67;384.67;780.00;760.00
1772828522.1113365;0.00;582.00;582.00;0.00;0.00;0.00;0.00;0.00;0.00;0.00;0.00;0.00;194.00;0.00;582.00;0.00;0.00;0.00;582.00;0.00;0.00;679.00;0.00;620.00;550.00;550.00;710.00;460.00;230.00;944.67;3564.67;4997.00;620.00;701.67;1118.67;0.00;480.00;3364.67;2550.00;1184.67;112.33;1174.67;1297.00;544.67;384.67;780.00;760.00
1772828522.112662;0.00;582.00;582.00;0.00;0.00;0.00;0.00;0.00;0.00;0.00;0.00;0.00;194.00;0.00;582.00;0.00;0.00;0.00;582.00;0.00;0.00;679.00;0.00;620.00;550.00;550.00;710.00;460.00;230.00;944.67;3564.67;4997.00;620.00;701.67;1118.67;0.00;480.00;3364.67;2550.00;1184.67;112.33;1174.67;1297.00;544.67;384.67;780.00;760.00
1772828522.1444569;0.00;582.00;582.00;0.00;0.00;0.00;0.00;0.00;0.00;0.00;0.00;0.00;194.00;0.00;582.00;0.00;0.00;0.00;582.00;0.00;0.00;679.00;0.00;620.00;550.00;550.00;710.00;460.00;230.00;944.67;3564.67;4997.00;620.00;701.67;1118.67;0.00;480.00;3364.67;2550.00;1184.67;112.33;1174.67;1297.00;544.67;384.67;780.00;760.00
1772828522.1457675;0.00;582.00;582.00;0.00;0.00;0.00;0.00;0.00;0.00;0.00;0.00;0.00;194.00;0.00;582.00;0.00;0.00;0.00;582.00;0.00;0.00;679.00;0.00;620.00;550.00;550.00;710.00;460.00;230.00;944.67;3564.67;4997.00;620.00;701.67;1118.67;0.00;480.00;3364.67;2550.00;1184.67;112.33;1174.67;1297.00;544.67;384.67;780.00;760.00
1772828522.1777465;0.00;582.00;582.00;0.00;0.00;0.00;0.00;0.00;0.00;0.00;0.00;0.00;194.00;0.00;582.00;0.00;0.00;0.00;582.00;0.00;0.00;679.00;0.00;620.00;550.00;550.00;710.00;460.00;230.00;944.67;3564.67;4997.00;620.00;701.67;1118.67;0.00;480.00;3364.67;2550.00;1184.67;112.33;1174.67;1297.00;544.67;384.67;780.00;760.00
1772828522.1790392;0.00;582.00;582.00;0.00;0.00;0.00;0.00;0.00;0.00;0.00;0.00;0.00;194.00;0.00;582.00;0.00;0.00;0.00;582.00;0.00;0.00;679.00;0.00;620.00;550.00;550.00;710.00;460.00;230.00;944.67;3564.67;4997.00;620.00;701.67;1118.67;0.00;480.00;3364.67;2550.00;1184.67;112.33;1174.67;1297.00;544.67;384.67;780.00;760.00
1772828540.9830616;0.00;582.00;582.00;0.00;0.00;0.00;0.00;0.00;97.00;0.00;0.00;0.00;194.00;0.00;582.00;0.00;0.00;0.00;0.00;0.00;0.00;679.00;0.00;620.00;550.00;550.00;710.00;460.00;230.00;944.67;3804.67;310.00;300.00;300.00;1118.67;0.00;310.00;804.67;2550.00;1184.67;112.33;1174.67;1297.00;544.67;224.67;300.00;760.00
1772828540.9842575;0.00;582.00;582.00;0.00;0.00;0.00;0.00;0.00;97.00;0.00;0.00;0.00;194.00;0.00;582.00;0.00;0.00;0.00;0.00;0.00;0.00;679.00;0.00;620.00;550.00;550.00;710.00;460.00;230.00;944.67;3804.67;310.00;300.00;300.00;1118.67;0.00;310.00;804.67;2550.00;1184.67;112.33;1174.67;1297.00;544.67;224.67;300.00;760.00
1772828541.0179477;0.00;582.00;582.00;0.00;0.00;0.00;0.00;0.00;194.00;0.00;0.00;0.00;194.00;0.00;582.00;0.00;0.00;0.00;0.00;0.00;0.00;679.00;0.00;620.00;550.00;550.00;710.00;460.00;230.00;944.67;4044.67;550.00;600.00;600.00;1118.67;0.00;620.00;1284.67;2550.00;1184.67;112.33;1174.67;1297.00;544.67;224.67;600.00;760.00
1772828541.0191588;0.00;582.00;582.00;0.00;0.00;0.00;0.00;0.00;194.00;0.00;0.00;0.00;194.00;0.00;582.00;0.00;0.00;0.00;0.00;0.00;0.00;679.00;0.00;620.00;550.00;550.00;710.00;460.00;230.00;944.67;4044.67;550.00;600.00;600.00;1118.67;0.00;620.00;1284.67;2550.00;1184.67;112.33;1174.67;1297.00;544.67;224.67;600.00;760.00
1772828541.1212876;0.00;582.00;582.00;0.00;0.00;0.00;0.00;0.00;291.00;0.00;0.00;0.00;194.00;0.00;582.00;0.00;0.00;0.00;0.00;0.00;0.00;679.00;0.00;620.00;550.00;550.00;710.00;460.00;230.00;944.67;4284.67;860.00;900.00;900.00;1118.67;0.00;930.00;1834.67;2550.00;1184.67;112.33;1174.67;1297.00;544.67;224.67;900.00;760.00
1772828541.1224656;0.00;582.00;582.00;0.00;0.00;0.00;0.00;0.00;291.00;0.00;0.00;0.00;194.00;0.00;582.00;0.00;0.00;0.00;0.00;0.00;0.00;679.00;0.00;620.00;550.00;550.00;710.00;460.00;230.00;944.67;4284.67;860.00;900.00;900.00;1118.67;0.00;930.00;1834.67;2550.00;1184.67;112.33;1174.67;1297.00;544.67;224.67;900.00;760.00
1772828541.1543016;0.00;582.00;582.00;0.00;0.00;0.00;0.00;0.00;291.00;0.00;0.00;0.00;194.00;0.00;582.00;0.00;0.00;0.00;0.00;0.00;0.00;679.00;0.00;620.00;550.00;550.00;710.00;460.00;230.00;944.67;4284.67;860.00;900.00;900.00;1118.67;0.00;930.00;1834.67;2550.00;1184.67;112.33;1174.67;1297.00;544.67;224.67;900.00;760.00
1772828541.1554496;0.00;582.00;582.00;0.00;0.00;0.00;0.00;0.00;291.00;0.00;0.00;0.00;194.00;0.00;582.00;0.00;0.00;0.00;0.00;0.00;0.00;679.00;0.00;620.00;550.00;550.00;710.00;460.00;230.00;944.67;4284.67;860.00;900.00;900.00;1118.67;0.00;930.00;1834.67;2550.00;1184.67;112.33;1174.67;1297.00;544.67;224.67;900.00;760.00
1772828541.1876383;0.00;582.00;582.00;0.00;0.00;0.00;0.00;0.00;291.00;0.00;0.00;0.00;194.00;0.00;582.00;0.00;0.00;0.00;0.00;0.00;0.00;679.00;0.00;620.00;550.00;550.00;710.00;460.00;230.00;944.67;4284.67;860.00;900.00;900.00;1118.67;0.00;930.00;1834.67;2550.00;1184.67;112.33;1174.67;1297.00;544.67;224.67;900.00;760.00
1772828541.188813;0.00;582.00;582.00;0.00;0.00;0.00;0.00;0.00;291.00;0.00;0.00;0.00;194.00;0.00;582.00;0.00;0.00;0.00;0.00;0.00;0.00;679.00;0.00;620.00;550.00;550.00;710.00;460.00;230.00;944.67;4284.67;860.00;900.00;900.00;1118.67;0.00;930.00;1834.67;2550.00;1184.67;112.33;1174.67;1297.00;544.67;224.67;900.00;760.00
1772828541.2211719;0.00;582.00;582.00;0.00;0.00;0.00;0.00;0.00;291.00;0.00;0.00;0.00;194.00;0.00;582.00;0.00;0.00;0.00;0.00;0.00;0.00;679.00;0.00;620.00;550.00;550.00;710.00;460.00;230.00;944.67;4284.67;860.00;900.00;900.00;1118.67;0.00;930.00;1834.67;2550.00;1184.67;112.33;1174.67;1297.00;544.67;224.67;900.00;760.00
1772828541.2223446;0.00;582.00;582.00;0.00;0.00;0.00;0.00;0.00;291.00;0.00;0.00;0.00;194.00;0.00;582.00;0.00;0.00;0.00;0.00;0.00;0.00;679.00;0.00;620.00;550.00;550.00;710.00;460.00;230.00;944.67;4284.67;860.00;900.00;900.00;1118.67;0.00;930.00;1834.67;2550.00;1184.67;112.33;1174.67;1297.00;544.67;224.67;900.00;760.00
1772828561.0289412;0.00;582.00;0.00;0.00;0.00;0.00;0.00;0.00;291.00;97.00;0.00;0.00;194.00;0.00;582.00;0.00;0.00;0.00;0.00;0.00;0.00;485.00;0.00;0.00;0.00;0.00;0.00;0.00;0.00;880.00;4364.67;310.00;300.00;300.00;846.34;0.00;1015.33;1930.00;2550.00;1184.67;0.00;1174.67;0.00;544.67;224.67;300.00;0.00
1772828561.0300417;0.00;582.00;0.00;0.00;0.00;0.00;0.00;0.00;291.00;97.00;0.00;0.00;194.00;0.00;582.00;0.00;0.00;0.00;0.00;0.00;0.00;485.00;0.00;0.00;0.00;0.00;0.00;0.00;0.00;880.00;4364.67;310.00;300.00;300.00;846.34;0.00;1015.33;1930.00;2550.00;1184.67;0.00;1174.67;0.00;544.67;224.67;300.00;0.00
1772828561.0652537;0.00;582.00;0.00;0.00;0.00;0.00;0.00;0.00;291.00;194.00;0.00;0.00;194.00;0.00;582.00;0.00;0.00;0.00;0.00;0.00;0.00;485.00;0.00;0.00;0.00;0.00;0.00;0.00;0.00;880.00;4604.67;550.00;600.00;600.00;846.34;0.00;1015.33;2090.00;2550.00;1184.67;0.00;1174.67;0.00;544.67;224.67;600.00;0.00
1772828561.0663753;0.00;582.00;0.00;0.00;0.00;0.00;0.00;0.00;291.00;194.00;0.00;0.00;194.00;0.00;582.00;0.00;0.00;0.00;0.00;0.00;0.00;485.00;0.00;0.00;0.00;0.00;0.00;0.00;0.00;880.00;4604.67;550.00;600.00;600.00;846.34;0.00;1015.33;2090.00;2550.00;1184.67;0.00;1174.67;0.00;544.67;224.67;600.00;0.00
1772828561.175157;0.00;582.00;0.00;0.00;0.00;0.00;0.00;0.00;291.00;291.00;0.00;0.00;194.00;0.00;582.00;0.00;0.00;0.00;0.00;0.00;0.00;485.00;0.00;150.00;150.00;150.00;150.00;150.00;80.00;960.00;4669.34;710.00;760.00;750.00;846.34;0.00;1015.33;2090.00;2550.00;1184.67;0.00;1174.67;160.00;544.67;224.67;750.00;150.00
1772828561.1762345;0.00;582.00;0.00;0.00;0.00;0.00;0.00;0.00;291.00;291.00;0.00;0.00;194.00;0.00;582.00;0.00;0.00;0.00;0.00;0.00;0.00;485.00;0.00;150.00;150.00;150.00;150.00;150.00;80.00;960.00;4669.34;710.00;760.00;750.00;846.34;0.00;1015.33;2090.00;2550.00;1184.67;0.00;1174.67;160.00;544.67;224.67;750.00;150.00
1772828561.2097106;0.00;582.00;0.00;0.00;0.00;0.00;0.00;0.00;291.00;388.00;0.00;0.00;194.00;0.00;582.00;0.00;0.00;0.00;0.00;0.00;0.00;485.00;0.00;300.00;300.00;300.00;300.00;230.00;160.00;1040.00;4734.01;870.00;910.00;900.00;846.34;0.00;1015.33;2314.67;2550.00;1184.67;0.00;1174.67;320.00;544.67;224.67;900.00;300.00
1772828561.2108111;0.00;582.00;0.00;0.00;0.00;0.00;0.00;0.00;291.00;388.00;0.00;0.00;194.00;0.00;582.00;0.00;0.00;0.00;0.00;0.00;0.00;485.00;0.00;300.00;300.00;300.00;300.00;230.00;160.00;1040.00;4734.01;870.00;910.00;900.00;846.34;0.00;1015.33;2314.67;2550.00;1184.67;0.00;1174.67;320.00;544.67;224.67;900.00;300.00
1772828561.2446141;0.00;582.00;0.00;0.00;0.00;0.00;0.00;0.00;291.00;485.00;0.00;0.00;194.00;0.00;582.00;0.00;0.00;0.00;0.00;0.00;0.00;485.00;0.00;450.00;450.00;450.00;380.00;310.00;240.00;1120.00;4798.68;1030.00;1060.00;1050.00;846.34;0.00;1015.33;2539.34;2550.00;1184.67;0.00;1174.67;480.00;544.67;224.67;1050.00;450.00
1772828561.2457345;0.00;582.00;0.00;0.00;0.00;0.00;0.00;0.00;291.00;485.00;0.00;0.00;194.00;0.00;582.00;0.00;0.00;0.00;0.00;0.00;0.00;485.00;0.00;450.00;450.00;450.00;380.00;310.00;240.00;1120.00;4798.68;1030.00;1060.00;1050.00;846.34;0.00;1015.33;2539.34;2550.00;1184.67;0.00;1174.67;480.00;544.67;224.67;1050.00;450.00
1772828561.2791753;0.00;582.00;0.00;0.00;0.00;0.00;0.00;0.00;291.00;582.00;0.00;0.00;194.00;0.00;582.00;0.00;0.00;0.00;0.00;0.00;0.00;485.00;0.00;750.00;750.00;750.00;680.00;620.00;550.00;1360.00;4798.68;1030.00;1060.00;1050.00;846.34;160.00;1015.33;2539.34;2550.00;1184.67;310.00;1174.67;800.00;544.67;224.67;1050.00;750.00
1772828561.2803087;0.00;582.00;0.00;0.00;0.00;0.00;0.00;0.00;291.00;582.00;0.00;0.00;194.00;0.00;582.00;0.00;0.00;0.00;0.00;0.00;0.00;485.00;0.00;750.00;750.00;750.00;680.00;620.00;550.00;1360.00;4798.68;1030.00;1060.00;1050.00;846.34;160.00;1015.33;2539.34;2550.00;1184.67;310.00;1174.67;800.00;544.67;224.67;1050.00;750.00
1772828591.0549989;0.00;0.00;0.00;0.00;0.00;0.00;0.00;0.00;291.00;679.00;0.00;0.00;194.00;0.00;0.00;0.00;0.00;0.00;0.00;0.00;0.00;485.00;0.00;0.00;0.00;0.00;0.00;0.00;0.00;0.00;240.00;240.00;310.00;310.00;526.34;0.00;753.00;0.00;480.00;1184.67;85.33;0.00;800.00;160.00;224.67;150.00;150.00
1772828591.055951;0.00;0.00;0.00;0.00;0.00;0.00;0.00;0.00;291.00;679.00;0.00;0.00;194.00;0.00;0.00;0.00;0.00;0.00;0.00;0.00;0.00;485.00;0.00;0.00;0.00;0.00;0.00;0.00;0.00;0.00;240.00;240.00;310.00;310.00;526.34;0.00;753.00;0.00;480.00;1184.67;85.33;0.00;800.00;160.00;224.67;150.00;150.00
1772828591.166433;0.00;0.00;0.00;0.00;0.00;0.00;0.00;0.00;291.00;776.00;0.00;0.00;194.00;0.00;0.00;0.00;0.00;0.00;0.00;0.00;0.00;485.00;0.00;150.00;80.00;80.00;80.00;80.00;80.00;80.00;400.00;400.00;470.00;470.00;676.34;0.00;753.00;0.00;800.00;1184.67;85.33;0.00;800.00;320.00;224.67;150.00;450.00
1772828591.1676605;0.00;0.00;0.00;0.00;0.00;0.00;0.00;0.00;291.00;776.00;0.00;0.00;194.00;0.00;0.00;0.00;0.00;0.00;0.00;0.00;0.00;485.00;0.00;150.00;80.00;80.00;80.00;80.00;80.00;80.00;400.00;400.00;470.00;470.00;676.34;0.00;753.00;0.00;800.00;1184.67;85.33;0.00;800.00;320.00;224.67;150.00;450.00
1772828591.210128;0.00;0.00;0.00;0.00;0.00;0.00;0.00;0.00;291.00;873.00;0.00;0.00;194.00;0.00;0.00;0.00;0.00;0.00;0.00;0.00;0.00;485.00;0.00;300.00;230.00;230.00;230.00;230.00;230.00;160.00;560.00;560.00;620.00;620.00;676.34;160.00;753.00;0.00;800.00;1184.67;85.33;0.00;800.00;320.00;224.67;300.00;600.00
1772828591.2112803;0.00;0.00;0.00;0.00;0.00;0.00;0.00;0.00;291.00;873.00;0.00;0.00;194.00;0.00;0.00;0.00;0.00;0.00;0.00;0.00;0.00;485.00;0.00;300.00;230.00;230.00;230.00;230.00;230.00;160.00;560.00;560.00;620.00;620.00;676.34;160.00;753.00;0.00;800.00;1184.67;85.33;0.00;800.00;320.00;224.67;300.00;600.00
1772828591.2547705;0.00;0.00;0.00;0.00;0.00;0.00;0.00;0.00;291.00;970.00;0.00;0.00;194.00;0.00;0.00;0.00;0.00;0.00;0.00;0.00;0.00;485.00;0.00;450.00;380.00;380.00;380.00;380.00;380.00;240.00;720.00;720.00;770.00;770.00;676.34;390.00;753.00;0.00;800.00;1184.67;85.33;0.00;800.00;320.00;224.67;450.00;750.00
1772828591.256029;0.00;0.00;0.00;0.00;0.00;0.00;0.00;0.00;291.00;970.00;0.00;0.00;194.00;0.00;0.00;0.00;0.00;0.00;0.00;0.00;0.00;485.00;0.00;450.00;380.00;380.00;380.00;380.00;380.00;240.00;720.00;720.00;770.00;770.00;676.34;390.00;753.00;0.00;800.00;1184.67;85.33;0.00;800.00;320.00;224.67;450.00;750.00
1772828591.2979956;0.00;0.00;0.00;0.00;0.00;0.00;0.00;0.00;291.00;1067.00;0.00;0.00;194.00;0.00;0.00;0.00;0.00;0.00;0.00;0.00;0.00;485.00;0.00;450.00;380.00;380.00;380.00;380.00;380.00;240.00;960.00;1190.00;1070.00;1070.00;676.34;390.00;753.00;0.00;800.00;1184.67;85.33;0.00;800.00;320.00;224.67;750.00;750.00
1772828591.2989743;0.00;0.00;0.00;0.00;0.00;0.00;0.00;0.00;291.00;1067.00;0.00;0.00;194.00;0.00;0.00;0.00;0.00;0.00;0.00;0.00;0.00;485.00;0.00;450.00;380.00;380.00;380.00;380.00;380.00;240.00;960.00;1190.00;1070.00;1070.00;676.34;390.00;753.00;0.00;800.00;1184.67;85.33;0.00;800.00;320.00;224.67;750.00;750.00
1772828591.334258;0.00;0.00;0.00;0.00;0.00;0.00;0.00;0.00;291.00;1164.00;0.00;0.00;194.00;0.00;0.00;0.00;0.00;0.00;0.00;0.00;0.00;485.00;0.00;450.00;380.00;380.00;380.00;380.00;380.00;400.00;1270.00;1500.00;1370.00;1370.00;676.34;550.00;753.00;0.00;1030.00;1184.67;85.33;0.00;800.00;320.00;224.67;1050.00;750.00
1772828591.3352468;0.00;0.00;0.00;0.00;0.00;0.00;0.00;0.00;291.00;1164.00;0.00;0.00;194.00;0.00;0.00;0.00;0.00;0.00;0.00;0.00;0.00;485.00;0.00;450.00;380.00;380.00;380.00;380.00;380.00;400.00;1270.00;1500.00;1370.00;1370.00;676.34;550.00;753.00;0.00;1030.00;1184.67;85.33;0.00;800.00;320.00;224.67;1050.00;750.00
1772828611.1003761;0.00;0.00;0.00;0.00;0.00;0.00;0.00;0.00;291.00;1164.00;0.00;0.00;194.00;0.00;0.00;0.00;0.00;0.00;97.00;0.00;0.00;485.00;0.00;770.00;380.00;380.00;380.00;380.00;380.00;400.00;1500.00;1730.00;1600.00;1680.00;836.34;550.00;753.00;0.00;1030.00;1184.67;85.33;320.00;800.00;320.00;384.67;1200.00;900.00
1772828611.102328;0.00;0.00;0.00;0.00;0.00;0.00;0.00;0.00;291.00;1164.00;0.00;0.00;194.00;0.00;0.00;0.00;0.00;0.00;97.00;0.00;0.00;485.00;0.00;770.00;380.00;380.00;380.00;380.00;380.00;400.00;1500.00;1730.00;1600.00;1680.00;836.34;550.00;753.00;0.00;1030.00;1184.67;85.33;320.00;800.00;320.00;384.67;1200.00;900.00
1772828611.2916462;0.00;0.00;0.00;0.00;0.00;0.00;0.00;0.00;291.00;1164.00;0.00;0.00;194.00;0.00;0.00;0.00;0.00;0.00;194.00;0.00;0.00;485.00;0.00;994.67;380.00;380.00;380.00;380.00;380.00;400.00;1730.00;1960.00;1830.00;1894.67;901.01;550.00;753.00;0.00;1190.00;1184.67;85.33;640.00;800.00;320.00;384.67;1350.00;1050.00
1772828611.2927964;0.00;0.00;0.00;0.00;0.00;0.00;0.00;0.00;291.00;1164.00;0.00;0.00;194.00;0.00;0.00;0.00;0.00;0.00;194.00;0.00;0.00;485.00;0.00;994.67;380.00;380.00;380.00;380.00;380.00;400.00;1730.00;1960.00;1830.00;1894.67;901.01;550.00;753.00;0.00;1190.00;1184.67;85.33;640.00;800.00;320.00;384.67;1350.00;1050.00
1772828611.3360143;0.00;0.00;0.00;0.00;0.00;0.00;0.00;0.00;291.00;1164.00;0.00;0.00;194.00;0.00;0.00;0.00;0.00;0.00;291.00;0.00;0.00;485.00;0.00;1304.67;380.00;380.00;380.00;380.00;380.00;400.00;1960.00;2190.00;2284.67;2204.67;1061.01;550.00;753.00;0.00;1350.00;1184.67;85.33;960.00;800.00;320.00;384.67;1500.00;1200.00
1772828611.3372235;0.00;0.00;0.00;0.00;0.00;0.00;0.00;0.00;291.00;1164.00;0.00;0.00;194.00;0.00;0.00;0.00;0.00;0.00;291.00;0.00;0.00;485.00;0.00;1304.67;380.00;380.00;380.00;380.00;380.00;400.00;1960.00;2190.00;2284.67;2204.67;1061.01;550.00;753.00;0.00;1350.00;1184.67;85.33;960.00;800.00;320.00;384.67;1500.00;1200.00
1772828611.3774452;0.00;0.00;0.00;0.00;0.00;0.00;0.00;0.00;291.00;1164.00;0.00;0.00;194.00;0.00;0.00;0.00;0.00;0.00;388.00;0.00;0.00;485.00;0.00;1519.34;700.00;380.00;380.00;380.00;380.00;400.00;2190.00;2420.00;2514.67;2419.34;1125.68;550.00;753.00;0.00;1510.00;1184.67;85.33;1184.67;800.00;320.00;497.00;1650.00;1350.00
1772828611.379009;0.00;0.00;0.00;0.00;0.00;0.00;0.00;0.00;291.00;1164.00;0.00;0.00;194.00;0.00;0.00;0.00;0.00;0.00;388.00;0.00;0.00;485.00;0.00;1519.34;700.00;380.00;380.00;380.00;380.00;400.00;2190.00;2420.00;2514.67;2419.34;1125.68;550.00;753.00;0.00;1510.00;1184.67;85.33;1184.67;800.00;320.00;497.00;1650.00;1350.00
1772828611.4193645;0.00;0.00;0.00;0.00;0.00;0.00;0.00;0.00;291.00;1164.00;0.00;0.00;194.00;0.00;0.00;0.00;0.00;0.00;485.00;0.00;0.00;485.00;0.00;1734.01;924.67;380.00;380.00;380.00;380.00;400.00;2420.00;2650.00;2697.00;2634.01;1190.35;550.00;753.00;0.00;1670.00;1184.67;85.33;1184.67;800.00;544.67;497.00;1800.00;1500.00
1772828611.4205272;0.00;0.00;0.00;0.00;0.00;0.00;0.00;0.00;291.00;1164.00;0.00;0.00;194.00;0.00;0.00;0.00;0.00;0.00;485.00;0.00;0.00;485.00;0.00;1734.01;924.67;380.00;380.00;380.00;380.00;400.00;2420.00;2650.00;2697.00;2634.01;1190.35;550.00;753.00;0.00;1670.00;1184.67;85.33;1184.67;800.00;544.67;497.00;1800.00;1500.00
1772828611.4581218;0.00;0.00;0.00;0.00;0.00;0.00;0.00;0.00;291.00;1164.00;0.00;0.00;194.00;0.00;0.00;0.00;0.00;0.00;582.00;0.00;0.00;485.00;0.00;1948.68;1234.67;690.00;380.00;380.00;380.00;400.00;2650.00;2880.00;2879.33;2848.68;1255.02;550.00;753.00;0.00;1830.00;1184.67;85.33;1184.67;800.00;544.67;497.00;1950.00;1650.00
1772828611.4595785;0.00;0.00;0.00;0.00;0.00;0.00;0.00;0.00;291.00;1164.00;0.00;0.00;194.00;0.00;0.00;0.00;0.00;0.00;582.00;0.00;0.00;485.00;0.00;1948.68;1234.67;690.00;380.00;380.00;380.00;400.00;2650.00;2880.00;2879.33;2848.68;1255.02;550.00;753.00;0.00;1830.00;1184.67;85.33;1184.67;800.00;544.67;497.00;1950.00;1650.00
1772828631.2749665;0.00;0.00;97.00;0.00;0.00;0.00;0.00;0.00;291.00;1164.00;0.00;0.00;194.00;0.00;0.00;0.00;0.00;0.00;582.00;0.00;0.00;0.00;0.00;300.00;300.00;300.00;230.00;240.00;247.00;400.00;2570.00;2800.00;1799.33;1847.01;238.68;550.00;273.00;0.00;1680.00;320.00;555.33;1184.67;1120.00;544.67;112.33;870.00;300.00
1772828631.2768378;0.00;0.00;97.00;0.00;0.00;0.00;0.00;0.00;291.00;1164.00;0.00;0.00;194.00;0.00;0.00;0.00;0.00;0.00;582.00;0.00;0.00;0.00;0.00;300.00;300.00;300.00;230.00;240.00;247.00;400.00;2570.00;2800.00;1799.33;1847.01;238.68;550.00;273.00;0.00;1680.00;320.00;555.33;1184.67;1120.00;544.67;112.33;870.00;300.00
1772828631.3409326;0.00;0.00;194.00;0.00;0.00;0.00;0.00;0.00;291.00;1164.00;0.00;0.00;194.00;0.00;0.00;0.00;0.00;0.00;582.00;0.00;0.00;0.00;0.00;600.00;610.00;610.00;540.00;550.00;391.67;400.00;2570.00;2800.00;1799.33;1847.01;238.68;550.00;273.00;0.00;1680.00;320.00;555.33;1184.67;1280.00;544.67;112.33;870.00;600.00
1772828631.3423412;0.00;0.00;194.00;0.00;0.00;0.00;0.00;0.00;291.00;1164.00;0.00;0.00;194.00;0.00;0.00;0.00;0.00;0.00;582.00;0.00;0.00;0.00;0.00;600.00;610.00;610.00;540.00;550.00;391.67;400.00;2570.00;2800.00;1799.33;1847.01;238.68;550.00;273.00;0.00;1680.00;320.00;555.33;1184.67;1280.00;544.67;112.33;870.00;600.00
1772828631.386099;0.00;0.00;291.00;0.00;0.00;0.00;0.00;0.00;291.00;1164.00;0.00;0.00;194.00;0.00;0.00;0.00;0.00;0.00;582.00;0.00;0.00;0.00;0.00;900.00;920.00;920.00;850.00;860.00;718.67;400.00;2570.00;2800.00;1799.33;1847.01;238.68;710.00;273.00;0.00;1680.00;320.00;555.33;1184.67;1280.00;544.67;112.33;870.00;900.00
1772828631.3875666;0.00;0.00;291.00;0.00;0.00;0.00;0.00;0.00;291.00;1164.00;0.00;0.00;194.00;0.00;0.00;0.00;0.00;0.00;582.00;0.00;0.00;0.00;0.00;900.00;920.00;920.00;850.00;860.00;718.67;400.00;2570.00;2800.00;1799.33;1847.01;238.68;710.00;273.00;0.00;1680.00;320.00;555.33;1184.67;1280.00;544.67;112.33;870.00;900.00
1772828631.430745;0.00;0.00;388.00;0.00;0.00;0.00;0.00;0.00;291.00;1164.00;0.00;0.00;194.00;0.00;0.00;0.00;0.00;0.00;582.00;0.00;0.00;0.00;0.00;1050.00;1080.00;1080.00;1010.00;1020.00;783.34;432.33;2650.00;2880.00;1949.33;1997.01;238.68;710.00;433.00;0.00;1680.00;320.00;555.33;1184.67;1280.00;544.67;112.33;1020.00;1050.00
1772828631.432256;0.00;0.00;388.00;0.00;0.00;0.00;0.00;0.00;291.00;1164.00;0.00;0.00;194.00;0.00;0.00;0.00;0.00;0.00;582.00;0.00;0.00;0.00;0.00;1050.00;1080.00;1080.00;1010.00;1020.00;783.34;432.33;2650.00;2880.00;1949.33;1997.01;238.68;710.00;433.00;0.00;1680.00;320.00;555.33;1184.67;1280.00;544.67;112.33;1020.00;1050.00
1772828631.4743223;0.00;0.00;485.00;0.00;0.00;0.00;0.00;0.00;291.00;1164.00;0.00;0.00;194.00;0.00;0.00;0.00;0.00;0.00;582.00;0.00;0.00;0.00;0.00;1200.00;1230.00;1230.00;1170.00;1180.00;848.01;512.33;2800.00;3030.00;2099.33;2147.01;238.68;710.00;433.00;0.00;1840.00;320.00;555.33;1184.67;1280.00;544.67;112.33;1170.00;1200.00
1772828631.4755561;0.00;0.00;485.00;0.00;0.00;0.00;0.00;0.00;291.00;1164.00;0.00;0.00;194.00;0.00;0.00;0.00;0.00;0.00;582.00;0.00;0.00;0.00;0.00;1200.00;1230.00;1230.00;1170.00;1180.00;848.01;512.33;2800.00;3030.00;2099.33;2147.01;238.68;710.00;433.00;0.00;1840.00;320.00;555.33;1184.67;1280.00;544.67;112.33;1170.00;1200.00
1772828631.5895908;0.00;0.00;582.00;0.00;0.00;0.00;0.00;0.00;291.00;1164.00;0.00;0.00;194.00;0.00;0.00;0.00;0.00;0.00;582.00;0.00;0.00;0.00;0.00;1350.00;1380.00;1380.00;1330.00;1340.00;912.68;592.33;2950.00;3180.00;2249.33;2297.01;238.68;710.00;433.00;0.00;2000.00;320.00;555.33;1184.67;1280.00;544.67;112.33;1320.00;1350.00
1772828631.5910983;0.00;0.00;582.00;0.00;0.00;0.00;0.00;0.00;291.00;1164.00;0.00;0.00;194.00;0.00;0.00;0.00;0.00;0.00;582.00;0.00;0.00;0.00;0.00;1350.00;1380.00;1380.00;1330.00;1340.00;912.68;592.33;2950.00;3180.00;2249.33;2297.01;238.68;710.00;433.00;0.00;2000.00;320.00;555.33;1184.67;1280.00;544.67;112.33;1320.00;1350.00
1772828662.3296204;0.00;0.00;582.00;0.00;0.00;0.00;0.00;0.00;0.00;1164.00;0.00;97.00;0.00;0.00;0.00;0.00;0.00;0.00;582.00;0.00;0.00;0.00;0.00;740.00;1070.00;1022.33;460.00;1340.00;912.68;592.33;1750.00;2020.00;0.00;0.00;238.68;710.00;0.00;0.00;2000.00;320.00;443.00;1184.67;1280.00;544.67;112.33;0.00;460.00
1772828662.3318117;0.00;0.00;582.00;0.00;0.00;0.00;0.00;0.00;0.00;1164.00;0.00;97.00;0.00;0.00;0.00;0.00;0.00;0.00;582.00;0.00;0.00;0.00;0.00;740.00;1070.00;1022.33;460.00;1340.00;912.68;592.33;1750.00;2020.00;0.00;0.00;238.68;710.00;0.00;0.00;2000.00;320.00;443.00;1184.67;1280.00;544.67;112.33;0.00;460.00
1772828662.3959005;0.00;0.00;582.00;0.00;0.00;0.00;0.00;0.00;0.00;1164.00;0.00;194.00;0.00;0.00;0.00;0.00;0.00;0.00;582.00;0.00;0.00;0.00;0.00;1050.00;1380.00;1332.33;690.00;1340.00;912.68;592.33;1750.00;2020.00;0.00;0.00;238.68;710.00;0.00;0.00;2000.00;640.00;603.00;1184.67;1280.00;544.67;112.33;0.00;760.00
1772828662.398018;0.00;0.00;582.00;0.00;0.00;0.00;0.00;0.00;0.00;1164.00;0.00;194.00;0.00;0.00;0.00;0.00;0.00;0.00;582.00;0.00;0.00;0.00;0.00;1050.00;1380.00;1332.33;690.00;1340.00;912.68;592.33;1750.00;2020.00;0.00;0.00;238.68;710.00;0.00;0.00;2000.00;640.00;603.00;1184.67;1280.00;544.67;112.33;0.00;760.00
1772828662.4630756;0.00;0.00;582.00;0.00;0.00;0.00;0.00;0.00;0.00;1164.00;0.00;291.00;0.00;0.00;0.00;0.00;0.00;0.00;582.00;0.00;0.00;0.00;0.00;1200.00;1530.00;1482.33;1090.00;1420.00;992.68;672.33;1830.00;2170.00;150.00;150.00;238.68;710.00;0.00;230.00;2000.00;1024.67;603.00;1184.67;1280.00;544.67;112.33;150.00;910.00
1772828662.4652576;0.00;0.00;582.00;0.00;0.00;0.00;0.00;0.00;0.00;1164.00;0.00;291.00;0.00;0.00;0.00;0.00;0.00;0.00;582.00;0.00;0.00;0.00;0.00;1200.00;1530.00;1482.33;1090.00;1420.00;992.68;672.33;1830.00;2170.00;150.00;150.00;238.68;710.00;0.00;230.00;2000.00;1024.67;603.00;1184.67;1280.00;544.67;112.33;150.00;910.00
1772828662.5252683;0.00;0.00;582.00;0.00;0.00;0.00;0.00;0.00;0.00;1164.00;0.00;388.00;0.00;0.00;0.00;0.00;0.00;0.00;582.00;0.00;0.00;0.00;0.00;1350.00;1680.00;1632.33;1490.00;1500.00;1072.68;752.33;1980.00;2320.00;300.00;300.00;238.68;710.00;0.00;230.00;2000.00;1409.34;603.00;1184.67;1280.00;544.67;112.33;300.00;1060.00
1772828662.5266771;0.00;0.00;582.00;0.00;0.00;0.00;0.00;0.00;0.00;1164.00;0.00;388.00;0.00;0.00;0.00;0.00;0.00;0.00;582.00;0.00;0.00;0.00;0.00;1350.00;1680.00;1632.33;1490.00;1500.00;1072.68;752.33;1980.00;2320.00;300.00;300.00;238.68;710.00;0.00;230.00;2000.00;1409.34;603.00;1184.67;1280.00;544.67;112.33;300.00;1060.00
1772828662.6628203;0.00;0.00;582.00;0.00;0.00;0.00;0.00;0.00;0.00;1164.00;0.00;485.00;0.00;0.00;0.00;0.00;0.00;0.00;582.00;0.00;0.00;0.00;0.00;1510.00;1840.00;1697.00;1570.00;1580.00;1152.68;832.33;2060.00;2470.00;450.00;450.00;548.68;710.00;0.00;230.00;2160.00;1409.34;603.00;1184.67;1280.00;544.67;112.33;770.00;1210.00
1772828662.6647978;0.00;0.00;582.00;0.00;0.00;0.00;0.00;0.00;0.00;1164.00;0.00;485.00;0.00;0.00;0.00;0.00;0.00;0.00;582.00;0.00;0.00;0.00;0.00;1510.00;1840.00;1697.00;1570.00;1580.00;1152.68;832.33;2060.00;2470.00;450.00;450.00;548.68;710.00;0.00;230.00;2160.00;1409.34;603.00;1184.67;1280.00;544.67;112.33;770.00;1210.00
1772828662.7369611;0.00;0.00;582.00;0.00;0.00;0.00;0.00;0.00;0.00;1164.00;0.00;582.00;0.00;0.00;0.00;0.00;0.00;0.00;582.00;0.00;0.00;0.00;0.00;1660.00;1990.00;1847.00;1864.67;1970.00;1542.68;912.33;2140.00;2550.00;600.00;600.00;548.68;1030.00;0.00;230.00;2320.00;1409.34;827.67;1184.67;1280.00;544.67;112.33;920.00;1360.00
1772828662.7392836;0.00;0.00;582.00;0.00;0.00;0.00;0.00;0.00;0.00;1164.00;0.00;582.00;0.00;0.00;0.00;0.00;0.00;0.00;582.00;0.00;0.00;0.00;0.00;1660.00;1990.00;1847.00;1864.67;1970.00;1542.68;912.33;2140.00;2550.00;600.00;600.00;548.68;1030.00;0.00;230.00;2320.00;1409.34;827.67;1184.67;1280.00;544.67;112.33;920.00;1360.00
