timestamp,(0,34);(14,17);(25,24);(8,13);(8,22);(14,10);(14,11);(28,27);(28,29);(28,30);(2,3);(2,32);(5,4);(9,12);(23,15);(23,19);(23,20);(18,21);(6,7);(2,16);(25,26);(33,1);(33,31);(34,9);(9,18);(18,2);(2,5);(5,23);(23,25);(25,28);(28,14);(14,8);(8,6);(6,33);(33,34);(25,25.1);(8,8.1);(14,14.1);(28,28.1);(2,2.1);(5,5.1);(9,9.1);(23,23.1);(18,18.1);(6,6.1);(33,33.1);(34,34.1)
1772827689.6254385;0.00;0.00;0.00;97.00;0.00;0.00;0.00;0.00;0.00;0.00;0.00;0.00;0.00;0.00;0.00;0.00;0.00;0.00;0.00;0.00;0.00;0.00;0.00;0.00;0.00;0.00;0.00;0.00;0.00;0.00;0.00;0.00;470.00;310.00;310.00;0.00;230.00;0.00;0.00;0.00;0.00;0.00;0.00;0.00;480.00;0.00;460.00
1772827689.6263463;0.00;0.00;0.00;97.00;0.00;0.00;0.00;0.00;0.00;0.00;0.00;0.00;0.00;0.00;0.00;0.00;0.00;0.00;0.00;0.00;0.00;0.00;0.00;0.00;0.00;0.00;0.00;0.00;0.00;0.00;0.00;0.00;470.00;310.00;310.00;0.00;230.00;0.00;0.00;0.00;0.00;0.00;0.00;0.00;480.00;0.00;460.00
1772827689.6529326;0.00;0.00;0.00;194.00;0.00;0.00;0.00;0.00;0.00;0.00;0.00;0.00;0.00;0.00;0.00;0.00;0.00;0.00;0.00;0.00;0.00;0.00;0.00;0.00;0.00;0.00;0.00;0.00;0.00;0.00;0.00;0.00;940.00;620.00;620.00;0.00;662.33;0.00;0.00;0.00;0.00;0.00;0.00;0.00;480.00;0.00;760.00
1772827689.6536548;0.00;0.00;0.00;194.00;0.00;0.00;0.00;0.00;0.00;0.00;0.00;0.00;0.00;0.00;0.00;0.00;0.00;0.00;0.00;0.00;0.00;0.00;0.00;0.00;0.00;0.00;0.00;0.00;0.00;0.00;0.00;0.00;940.00;620.00;620.00;0.00;662.33;0.00;0.00;0.00;0.00;0.00;0.00;0.00;480.00;0.00;760.00
1772827689.6805558;0.00;0.00;0.00;291.00;0.00;0.00;0.00;0.00;0.00;0.00;0.00;0.00;0.00;0.00;0.00;0.00;0.00;0.00;0.00;0.00;0.00;0.00;0.00;0.00;0.00;0.00;0.00;0.00;0.00;0.00;0.00;0.00;1410.00;930.00;930.00;0.00;1094.66;0.00;0.00;0.00;0.00;0.00;0.00;0.00;480.00;0.00;1060.00
1772827689.6813161;0.00;0.00;0.00;291.00;0.00;0.00;0.00;0.00;0.00;0.00;0.00;0.00;0.00;0.00;0.00;0.00;0.00;0.00;0.00;0.00;0.00;0.00;0.00;0.00;0.00;0.00;0.00;0.00;0.00;0.00;0.00;0.00;1410.00;930.00;930.00;0.00;1094.66;0.00;0.00;0.00;0.00;0.00;0.00;0.00;480.00;0.00;1060.00
1772827689.7091238;0.00;0.00;0.00;388.00;0.00;0.00;0.00;0.00;0.00;0.00;0.00;0.00;0.00;0.00;0.00;0.00;0.00;0.00;0.00;0.00;0.00;0.00;0.00;0.00;0.00;0.00;0.00;0.00;0.00;0.00;0.00;0.00;1880.00;1240.00;1240.00;0.00;1526.99;0.00;0.00;0.00;0.00;0.00;0.00;0.00;480.00;0.00;1360.00
1772827689.7099578;0.00;0.00;0.00;388.00;0.00;0.00;0.00;0.00;0.00;0.00;0.00;0.00;0.00;0.00;0.00;0.00;0.00;0.00;0.00;0.00;0.00;0.00;0.00;0.00;0.00;0.00;0.00;0.00;0.00;0.00;0.00;0.00;1880.00;1240.00;1240.00;0.00;1526.99;0.00;0.00;0.00;0.00;0.00;0.00;0.00;480.00;0.00;1360.00
1772827689.7370698;0.00;0.00;0.00;485.00;0.00;0.00;0.00;0.00;0.00;0.00;0.00;0.00;0.00;0.00;0.00;0.00;0.00;0.00;0.00;0.00;0.00;0.00;0.00;0.00;0.00;0.00;0.00;0.00;0.00;0.00;0.00;0.00;2350.00;1550.00;1540.00;0.00;1639.32;0.00;0.00;0.00;0.00;0.00;0.00;0.00;480.00;320.00;1660.00
1772827689.7379186;0.00;0.00;0.00;485.00;0.00;0.00;0.00;0.00;0.00;0.00;0.00;0.00;0.00;0.00;0.00;0.00;0.00;0.00;0.00;0.00;0.00;0.00;0.00;0.00;0.00;0.00;0.00;0.00;0.00;0.00;0.00;0.00;2350.00;1550.00;1540.00;0.00;1639.32;0.00;0.00;0.00;0.00;0.00;0.00;0.00;480.00;320.00;1660.00
1772827689.7644327;0.00;0.00;0.00;582.00;0.00;0.00;0.00;0.00;0.00;0.00;0.00;0.00;0.00;0.00;0.00;0.00;0.00;0.00;0.00;0.00;0.00;0.00;0.00;0.00;0.00;0.00;0.00;0.00;0.00;0.00;0.00;0.00;2820.00;1860.00;1840.00;0.00;1751.65;0.00;0.00;0.00;0.00;0.00;0.00;0.00;480.00;320.00;1960.00
1772827689.765345;0.00;0.00;0.00;582.00;0.00;0.00;0.00;0.00;0.00;0.00;0.00;0.00;0.00;0.00;0.00;0.00;0.00;0.00;0.00;0.00;0.00;0.00;0.00;0.00;0.00;0.00;0.00;0.00;0.00;0.00;0.00;0.00;2820.00;1860.00;1840.00;0.00;1751.65;0.00;0.00;0.00;0.00;0.00;0.00;0.00;480.00;320.00;1960.00
1772827703.6483407;0.00;97.00;0.00;582.00;0.00;0.00;0.00;0.00;0.00;0.00;0.00;0.00;0.00;0.00;0.00;0.00;0.00;0.00;0.00;0.00;0.00;0.00;0.00;0.00;0.00;0.00;0.00;0.00;0.00;0.00;0.00;240.00;3120.00;2160.00;2140.00;0.00;2221.65;320.00;0.00;0.00;0.00;0.00;0.00;0.00;480.00;320.00;2260.00
1772827703.649606;0.00;97.00;0.00;582.00;0.00;0.00;0.00;0.00;0.00;0.00;0.00;0.00;0.00;0.00;0.00;0.00;0.00;0.00;0.00;0.00;0.00;0.00;0.00;0.00;0.00;0.00;0.00;0.00;0.00;0.00;0.00;240.00;3120.00;2160.00;2140.00;0.00;2221.65;320.00;0.00;0.00;0.00;0.00;0.00;0.00;480.00;320.00;2260.00
1772827703.7878525;0.00;194.00;0.00;582.00;0.00;0.00;0.00;0.00;0.00;0.00;0.00;0.00;0.00;0.00;0.00;0.00;0.00;0.00;0.00;0.00;0.00;0.00;0.00;0.00;0.00;0.00;0.00;0.00;0.00;0.00;0.00;480.00;3590.00;2460.00;2440.00;0.00;2221.65;320.00;0.00;0.00;0.00;0.00;0.00;0.00;480.00;320.00;2560.00
1772827703.7891848;0.00;194.00;0.00;582.00;0.00;0.00;0.00;0.00;0.00;0.00;0.00;0.00;0.00;0.00;0.00;0.00;0.00;0.00;0.00;0.00;0.00;0.00;0.00;0.00;0.00;0.00;0.00;0.00;0.00;0.00;0.00;480.00;3590.00;2460.00;2440.00;0.00;2221.65;320.00;0.00;0.00;0.00;0.00;0.00;0.00;480.00;320.00;2560.00
1772827703.8247483;0.00;291.00;0.00;582.00;0.00;0.00;0.00;0.00;0.00;0.00;0.00;0.00;0.00;0.00;0.00;0.00;0.00;0.00;0.00;0.00;0.00;0.00;0.00;0.00;0.00;0.00;0.00;0.00;0.00;0.00;0.00;720.00;4060.00;2770.00;2740.00;0.00;2221.65;320.00;0.00;0.00;0.00;0.00;0.00;0.00;480.00;320.00;2860.00
1772827703.8260186;0.00;291.00;0.00;582.00;0.00;0.00;0.00;0.00;0.00;0.00;0.00;0.00;0.00;0.00;0.00;0.00;0.00;0.00;0.00;0.00;0.00;0.00;0.00;0.00;0.00;0.00;0.00;0.00;0.00;0.00;0.00;720.00;4060.00;2770.00;2740.00;0.00;2221.65;320.00;0.00;0.00;0.00;0.00;0.00;0.00;480.00;320.00;2860.00
1772827703.8611004;0.00;388.00;0.00;582.00;0.00;0.00;0.00;0.00;0.00;0.00;0.00;0.00;0.00;0.00;0.00;0.00;0.00;0.00;0.00;0.00;0.00;0.00;0.00;310.00;0.00;0.00;0.00;0.00;0.00;0.00;0.00;960.00;4530.00;3080.00;3050.00;0.00;2221.65;320.00;0.00;0.00;0.00;320.00;0.00;0.00;480.00;320.00;3160.00
1772827703.862433;0.00;388.00;0.00;582.00;0.00;0.00;0.00;0.00;0.00;0.00;0.00;0.00;0.00;0.00;0.00;0.00;0.00;0.00;0.00;0.00;0.00;0.00;0.00;310.00;0.00;0.00;0.00;0.00;0.00;0.00;0.00;960.00;4530.00;3080.00;3050.00;0.00;2221.65;320.00;0.00;0.00;0.00;320.00;0.00;0.00;480.00;320.00;3160.00
1772827703.897523;0.00;485.00;0.00;582.00;0.00;0.00;0.00;0.00;0.00;0.00;0.00;0.00;0.00;0.00;0.00;0.00;0.00;0.00;0.00;0.00;0.00;0.00;0.00;310.00;0.00;0.00;0.00;0.00;0.00;0.00;320.00;1190.00;4990.00;3380.00;3350.00;0.00;2221.65;630.00;320.00;0.00;0.00;320.00;0.00;0.00;480.00;320.00;3460.00
1772827703.898926;0.00;485.00;0.00;582.00;0.00;0.00;0.00;0.00;0.00;0.00;0.00;0.00;0.00;0.00;0.00;0.00;0.00;0.00;0.00;0.00;0.00;0.00;0.00;310.00;0.00;0.00;0.00;0.00;0.00;0.00;320.00;1190.00;4990.00;3380.00;3350.00;0.00;2221.65;630.00;320.00;0.00;0.00;320.00;0.00;0.00;480.00;320.00;3460.00
1772827703.9397259;0.00;582.00;0.00;582.00;0.00;0.00;0.00;0.00;0.00;0.00;0.00;0.00;0.00;0.00;0.00;0.00;0.00;0.00;0.00;0.00;0.00;0.00;0.00;310.00;0.00;0.00;0.00;0.00;0.00;0.00;320.00;1430.00;4990.00;3380.00;3350.00;0.00;2521.65;1110.00;320.00;0.00;0.00;320.00;0.00;0.00;480.00;320.00;3460.00
1772827703.9408166;0.00;582.00;0.00;582.00;0.00;0.00;0.00;0.00;0.00;0.00;0.00;0.00;0.00;0.00;0.00;0.00;0.00;0.00;0.00;0.00;0.00;0.00;0.00;310.00;0.00;0.00;0.00;0.00;0.00;0.00;320.00;1430.00;4990.00;3380.00;3350.00;0.00;2521.65;1110.00;320.00;0.00;0.00;320.00;0.00;0.00;480.00;320.00;3460.00
1772827728.6780348;0.00;582.00;0.00;582.00;97.00;0.00;0.00;0.00;0.00;0.00;0.00;0.00;0.00;0.00;0.00;0.00;0.00;0.00;0.00;0.00;0.00;0.00;0.00;310.00;0.00;0.00;0.00;0.00;0.00;0.00;320.00;1970.00;4990.00;3380.00;3350.00;0.00;2821.65;1650.00;320.00;0.00;0.00;320.00;0.00;0.00;480.00;320.00;3460.00
1772827728.6797774;0.00;582.00;0.00;582.00;97.00;0.00;0.00;0.00;0.00;0.00;0.00;0.00;0.00;0.00;0.00;0.00;0.00;0.00;0.00;0.00;0.00;0.00;0.00;310.00;0.00;0.00;0.00;0.00;0.00;0.00;320.00;1970.00;4990.00;3380.00;3350.00;0.00;2821.65;1650.00;320.00;0.00;0.00;320.00;0.00;0.00;480.00;320.00;3460.00
1772827728.714979;0.00;582.00;0.00;582.00;194.00;0.00;0.00;0.00;0.00;0.00;0.00;0.00;0.00;0.00;0.00;0.00;0.00;0.00;0.00;0.00;0.00;0.00;0.00;310.00;0.00;0.00;0.00;0.00;0.00;0.00;320.00;2360.00;4990.00;3380.00;3350.00;0.00;3083.98;2110.00;320.00;0.00;0.00;320.00;0.00;0.00;480.00;320.00;3460.00
1772827728.716618;0.00;582.00;0.00;582.00;194.00;0.00;0.00;0.00;0.00;0.00;0.00;0.00;0.00;0.00;0.00;0.00;0.00;0.00;0.00;0.00;0.00;0.00;0.00;310.00;0.00;0.00;0.00;0.00;0.00;0.00;320.00;2360.00;4990.00;3380.00;3350.00;0.00;3083.98;2110.00;320.00;0.00;0.00;320.00;0.00;0.00;480.00;320.00;3460.00
1772827728.7517424;0.00;582.00;0.00;582.00;291.00;0.00;0.00;0.00;0.00;0.00;0.00;0.00;0.00;0.00;0.00;0.00;0.00;0.00;0.00;0.00;0.00;0.00;0.00;310.00;0.00;0.00;0.00;0.00;0.00;0.00;640.00;2600.00;4990.00;3380.00;3350.00;0.00;3196.31;2410.00;640.00;0.00;0.00;320.00;0.00;0.00;480.00;320.00;3460.00
1772827728.7535021;0.00;582.00;0.00;582.00;291.00;0.00;0.00;0.00;0.00;0.00;0.00;0.00;0.00;0.00;0.00;0.00;0.00;0.00;0.00;0.00;0.00;0.00;0.00;310.00;0.00;0.00;0.00;0.00;0.00;0.00;640.00;2600.00;4990.00;3380.00;3350.00;0.00;3196.31;2410.00;640.00;0.00;0.00;320.00;0.00;0.00;480.00;320.00;3460.00
1772827728.7885897;0.00;582.00;0.00;582.00;388.00;0.00;0.00;0.00;0.00;0.00;0.00;0.00;0.00;0.00;0.00;0.00;0.00;0.00;0.00;0.00;0.00;0.00;0.00;310.00;0.00;0.00;0.00;0.00;0.00;0.00;960.00;2872.33;4990.00;3380.00;3350.00;0.00;3346.31;2672.33;960.00;0.00;0.00;320.00;0.00;0.00;480.00;320.00;3460.00
1772827728.790337;0.00;582.00;0.00;582.00;388.00;0.00;0.00;0.00;0.00;0.00;0.00;0.00;0.00;0.00;0.00;0.00;0.00;0.00;0.00;0.00;0.00;0.00;0.00;310.00;0.00;0.00;0.00;0.00;0.00;0.00;960.00;2872.33;4990.00;3380.00;3350.00;0.00;3346.31;2672.33;960.00;0.00;0.00;320.00;0.00;0.00;480.00;320.00;3460.00
1772827728.8258054;0.00;582.00;0.00;582.00;485.00;0.00;0.00;0.00;0.00;0.00;0.00;0.00;0.00;0.00;0.00;0.00;0.00;0.00;0.00;0.00;0.00;0.00;0.00;310.00;0.00;0.00;0.00;0.00;0.00;0.00;1440.00;3112.33;4990.00;3380.00;3350.00;0.00;3346.31;2972.33;1440.00;0.00;0.00;320.00;0.00;0.00;480.00;320.00;3460.00
1772827728.8276463;0.00;582.00;0.00;582.00;485.00;0.00;0.00;0.00;0.00;0.00;0.00;0.00;0.00;0.00;0.00;0.00;0.00;0.00;0.00;0.00;0.00;0.00;0.00;310.00;0.00;0.00;0.00;0.00;0.00;0.00;1440.00;3112.33;4990.00;3380.00;3350.00;0.00;3346.31;2972.33;1440.00;0.00;0.00;320.00;0.00;0.00;480.00;320.00;3460.00
1772827728.8634577;0.00;582.00;0.00;582.00;582.00;0.00;0.00;0.00;0.00;0.00;0.00;0.00;0.00;0.00;0.00;0.00;0.00;0.00;0.00;0.00;0.00;0.00;0.00;310.00;0.00;0.00;0.00;0.00;0.00;0.00;1920.00;3352.33;4990.00;3380.00;3350.00;0.00;3346.31;3272.33;1920.00;0.00;0.00;320.00;0.00;0.00;480.00;320.00;3460.00
1772827728.8653402;0.00;582.00;0.00;582.00;582.00;0.00;0.00;0.00;0.00;0.00;0.00;0.00;0.00;0.00;0.00;0.00;0.00;0.00;0.00;0.00;0.00;0.00;0.00;310.00;0.00;0.00;0.00;0.00;0.00;0.00;1920.00;3352.33;4990.00;3380.00;3350.00;0.00;3346.31;3272.33;1920.00;0.00;0.00;320.00;0.00;0.00;480.00;320.00;3460.00
1772827752.7070613;0.00;582.00;0.00;582.00;582.00;0.00;0.00;0.00;0.00;0.00;0.00;0.00;0.00;0.00;0.00;0.00;0.00;0.00;0.00;97.00;0.00;0.00;0.00;610.00;240.00;240.00;0.00;0.00;0.00;0.00;1920.00;3352.33;4990.00;3380.00;3350.00;0.00;3346.31;3272.33;1920.00;0.00;0.00;630.00;0.00;480.00;480.00;320.00;3760.00
1772827752.7081425;0.00;582.00;0.00;582.00;582.00;0.00;0.00;0.00;0.00;0.00;0.00;0.00;0.00;0.00;0.00;0.00;0.00;0.00;0.00;97.00;0.00;0.00;0.00;610.00;240.00;240.00;0.00;0.00;0.00;0.00;1920.00;3352.33;4990.00;3380.00;3350.00;0.00;3346.31;3272.33;1920.00;0.00;0.00;630.00;0.00;480.00;480.00;320.00;3760.00
1772827752.72689;0.00;582.00;0.00;582.00;582.00;0.00;0.00;0.00;0.00;0.00;0.00;0.00;0.00;0.00;0.00;0.00;0.00;0.00;0.00;194.00;0.00;0.00;0.00;910.00;470.00;480.00;0.00;0.00;0.00;0.00;1920.00;3352.33;4990.00;3380.00;3350.00;0.00;3346.31;3272.33;1920.00;320.00;0.00;790.00;0.00;480.00;480.00;320.00;4060.00
1772827752.7282195;0.00;582.00;0.00;582.00;582.00;0.00;0.00;0.00;0.00;0.00;0.00;0.00;0.00;0.00;0.00;0.00;0.00;0.00;0.00;194.00;0.00;0.00;0.00;910.00;470.00;480.00;0.00;0.00;0.00;0.00;1920.00;3352.33;4990.00;3380.00;3350.00;0.00;3346.31;3272.33;1920.00;320.00;0.00;790.00;0.00;480.00;480.00;320.00;4060.00
1772827752.7458506;0.00;582.00;0.00;582.00;582.00;0.00;0.00;0.00;0.00;0.00;0.00;0.00;0.00;0.00;0.00;0.00;0.00;0.00;0.00;291.00;0.00;0.00;0.00;1210.00;700.00;720.00;0.00;0.00;0.00;0.00;1920.00;3352.33;4990.00;3380.00;3350.00;0.00;3346.31;3272.33;1920.00;640.00;0.00;950.00;0.00;480.00;480.00;320.00;4360.00
1772827752.747291;0.00;582.00;0.00;582.00;582.00;0.00;0.00;0.00;0.00;0.00;0.00;0.00;0.00;0.00;0.00;0.00;0.00;0.00;0.00;291.00;0.00;0.00;0.00;1210.00;700.00;720.00;0.00;0.00;0.00;0.00;1920.00;3352.33;4990.00;3380.00;3350.00;0.00;3346.31;3272.33;1920.00;640.00;0.00;950.00;0.00;480.00;480.00;320.00;4360.00
1772827752.7665737;0.00;582.00;0.00;582.00;582.00;0.00;0.00;0.00;0.00;0.00;0.00;0.00;0.00;0.00;0.00;0.00;0.00;0.00;0.00;388.00;0.00;0.00;0.00;1510.00;930.00;960.00;0.00;0.00;0.00;0.00;1920.00;3352.33;4990.00;3380.00;3350.00;0.00;3346.31;3272.33;1920.00;960.00;0.00;1110.00;0.00;480.00;480.00;320.00;4660.00
1772827752.767489;0.00;582.00;0.00;582.00;582.00;0.00;0.00;0.00;0.00;0.00;0.00;0.00;0.00;0.00;0.00;0.00;0.00;0.00;0.00;388.00;0.00;0.00;0.00;1510.00;930.00;960.00;0.00;0.00;0.00;0.00;1920.00;3352.33;4990.00;3380.00;3350.00;0.00;3346.31;3272.33;1920.00;960.00;0.00;1110.00;0.00;480.00;480.00;320.00;4660.00
1772827752.7846138;0.00;582.00;0.00;582.00;582.00;0.00;0.00;0.00;0.00;0.00;0.00;0.00;0.00;0.00;0.00;0.00;0.00;0.00;0.00;485.00;0.00;0.00;0.00;1810.00;1170.00;1200.00;0.00;0.00;0.00;0.00;1920.00;3352.33;4990.00;3380.00;3350.00;0.00;3346.31;3272.33;1920.00;1184.67;0.00;1270.00;0.00;480.00;480.00;320.00;4960.00
1772827752.785709;0.00;582.00;0.00;582.00;582.00;0.00;0.00;0.00;0.00;0.00;0.00;0.00;0.00;0.00;0.00;0.00;0.00;0.00;0.00;485.00;0.00;0.00;0.00;1810.00;1170.00;1200.00;0.00;0.00;0.00;0.00;1920.00;3352.33;4990.00;3380.00;3350.00;0.00;3346.31;3272.33;1920.00;1184.67;0.00;1270.00;0.00;480.00;480.00;320.00;4960.00
1772827752.80245;0.00;582.00;0.00;582.00;582.00;0.00;0.00;0.00;0.00;0.00;0.00;0.00;0.00;0.00;0.00;0.00;0.00;0.00;0.00;582.00;0.00;0.00;0.00;2110.00;1410.00;1440.00;320.00;0.00;0.00;0.00;1920.00;3352.33;4990.00;3380.00;3350.00;0.00;3346.31;3272.33;1920.00;1184.67;320.00;1430.00;0.00;480.00;480.00;320.00;5260.00
1772827752.803398;0.00;582.00;0.00;582.00;582.00;0.00;0.00;0.00;0.00;0.00;0.00;0.00;0.00;0.00;0.00;0.00;0.00;0.00;0.00;582.00;0.00;0.00;0.00;2110.00;1410.00;1440.00;320.00;0.00;0.00;0.00;1920.00;3352.33;4990.00;3380.00;3350.00;0.00;3346.31;3272.33;1920.00;1184.67;320.00;1430.00;0.00;480.00;480.00;320.00;5260.00
1772827773.7579868;0.00;679.00;0.00;582.00;582.00;0.00;0.00;0.00;0.00;0.00;0.00;0.00;0.00;0.00;0.00;0.00;0.00;0.00;0.00;582.00;0.00;0.00;0.00;2110.00;1410.00;1440.00;320.00;0.00;0.00;0.00;2374.67;3512.33;4990.00;3380.00;3350.00;0.00;3496.31;3422.33;2150.00;1184.67;320.00;1430.00;0.00;480.00;480.00;320.00;5260.00
1772827773.7604635;0.00;679.00;0.00;582.00;582.00;0.00;0.00;0.00;0.00;0.00;0.00;0.00;0.00;0.00;0.00;0.00;0.00;0.00;0.00;582.00;0.00;0.00;0.00;2110.00;1410.00;1440.00;320.00;0.00;0.00;0.00;2374.67;3512.33;4990.00;3380.00;3350.00;0.00;3496.31;3422.33;2150.00;1184.67;320.00;1430.00;0.00;480.00;480.00;320.00;5260.00
1772827773.7965791;0.00;776.00;0.00;582.00;582.00;0.00;0.00;0.00;0.00;0.00;0.00;0.00;0.00;0.00;0.00;0.00;0.00;0.00;0.00;582.00;0.00;0.00;0.00;2110.00;1410.00;1440.00;320.00;0.00;0.00;0.00;2711.67;3672.33;4990.00;3380.00;3350.00;0.00;3646.31;3572.33;2262.33;1184.67;320.00;1430.00;0.00;480.00;480.00;320.00;5260.00
1772827773.799068;0.00;776.00;0.00;582.00;582.00;0.00;0.00;0.00;0.00;0.00;0.00;0.00;0.00;0.00;0.00;0.00;0.00;0.00;0.00;582.00;0.00;0.00;0.00;2110.00;1410.00;1440.00;320.00;0.00;0.00;0.00;2711.67;3672.33;4990.00;3380.00;3350.00;0.00;3646.31;3572.33;2262.33;1184.67;320.00;1430.00;0.00;480.00;480.00;320.00;5260.00
1772827773.8355772;0.00;873.00;0.00;582.00;582.00;0.00;0.00;0.00;0.00;0.00;0.00;0.00;0.00;0.00;0.00;0.00;0.00;0.00;0.00;582.00;0.00;0.00;0.00;2110.00;1410.00;1440.00;320.00;0.00;0.00;0.00;3048.67;3832.33;4990.00;3380.00;3350.00;0.00;3796.31;3722.33;2374.66;1184.67;320.00;1430.00;0.00;480.00;480.00;320.00;5260.00
1772827773.8381162;0.00;873.00;0.00;582.00;582.00;0.00;0.00;0.00;0.00;0.00;0.00;0.00;0.00;0.00;0.00;0.00;0.00;0.00;0.00;582.00;0.00;0.00;0.00;2110.00;1410.00;1440.00;320.00;0.00;0.00;0.00;3048.67;3832.33;4990.00;3380.00;3350.00;0.00;3796.31;3722.33;2374.66;1184.67;320.00;1430.00;0.00;480.00;480.00;320.00;5260.00
1772827773.8743134;0.00;970.00;0.00;582.00;582.00;0.00;0.00;0.00;0.00;0.00;0.00;0.00;0.00;0.00;0.00;0.00;0.00;0.00;0.00;582.00;0.00;0.00;0.00;2110.00;1410.00;1440.00;320.00;0.00;0.00;160.00;3448.67;3992.33;4990.00;3380.00;3350.00;160.00;3946.31;3722.33;2524.66;1184.67;320.00;1430.00;0.00;480.00;480.00;320.00;5260.00
1772827773.8769016;0.00;970.00;0.00;582.00;582.00;0.00;0.00;0.00;0.00;0.00;0.00;0.00;0.00;0.00;0.00;0.00;0.00;0.00;0.00;582.00;0.00;0.00;0.00;2110.00;1410.00;1440.00;320.00;0.00;0.00;160.00;3448.67;3992.33;4990.00;3380.00;3350.00;160.00;3946.31;3722.33;2524.66;1184.67;320.00;1430.00;0.00;480.00;480.00;320.00;5260.00
1772827773.9125998;0.00;1067.00;0.00;582.00;582.00;0.00;0.00;0.00;0.00;0.00;0.00;0.00;0.00;0.00;0.00;0.00;0.00;0.00;0.00;582.00;0.00;0.00;0.00;2110.00;1410.00;1440.00;320.00;0.00;0.00;700.00;3545.67;3992.33;4990.00;3380.00;3350.00;700.00;3946.31;3722.33;2824.66;1184.67;320.00;1430.00;0.00;480.00;480.00;320.00;5260.00
1772827773.915202;0.00;1067.00;0.00;582.00;582.00;0.00;0.00;0.00;0.00;0.00;0.00;0.00;0.00;0.00;0.00;0.00;0.00;0.00;0.00;582.00;0.00;0.00;0.00;2110.00;1410.00;1440.00;320.00;0.00;0.00;700.00;3545.67;3992.33;4990.00;3380.00;3350.00;700.00;3946.31;3722.33;2824.66;1184.67;320.00;1430.00;0.00;480.00;480.00;320.00;5260.00
1772827774.0532596;0.00;1164.00;0.00;582.00;582.00;0.00;0.00;0.00;0.00;0.00;0.00;0.00;0.00;0.00;0.00;0.00;0.00;0.00;0.00;582.00;0.00;0.00;0.00;2110.00;1410.00;1440.00;320.00;0.00;0.00;1122.33;3642.67;3992.33;4990.00;3380.00;3350.00;1170.00;3946.31;3722.33;3124.66;1184.67;320.00;1430.00;0.00;480.00;480.00;320.00;5260.00
1772827774.0552816;0.00;1164.00;0.00;582.00;582.00;0.00;0.00;0.00;0.00;0.00;0.00;0.00;0.00;0.00;0.00;0.00;0.00;0.00;0.00;582.00;0.00;0.00;0.00;2110.00;1410.00;1440.00;320.00;0.00;0.00;1122.33;3642.67;3992.33;4990.00;3380.00;3350.00;1170.00;3946.31;3722.33;3124.66;1184.67;320.00;1430.00;0.00;480.00;480.00;320.00;5260.00
1772827788.7744966;0.00;1164.00;0.00;582.00;679.00;0.00;0.00;0.00;0.00;0.00;0.00;0.00;0.00;0.00;0.00;0.00;0.00;0.00;0.00;582.00;0.00;0.00;0.00;2110.00;1410.00;1440.00;320.00;0.00;0.00;1662.33;3787.34;4137.00;4990.00;3380.00;3350.00;1480.00;3946.31;3722.33;3424.66;1184.67;320.00;1430.00;0.00;480.00;480.00;320.00;5260.00
1772827788.777313;0.00;1164.00;0.00;582.00;679.00;0.00;0.00;0.00;0.00;0.00;0.00;0.00;0.00;0.00;0.00;0.00;0.00;0.00;0.00;582.00;0.00;0.00;0.00;2110.00;1410.00;1440.00;320.00;0.00;0.00;1662.33;3787.34;4137.00;4990.00;3380.00;3350.00;1480.00;3946.31;3722.33;3424.66;1184.67;320.00;1430.00;0.00;480.00;480.00;320.00;5260.00
1772827788.813536;0.00;1164.00;0.00;582.00;776.00;0.00;0.00;0.00;0.00;0.00;0.00;0.00;0.00;0.00;0.00;0.00;0.00;0.00;0.00;582.00;0.00;0.00;0.00;2110.00;1410.00;1440.00;320.00;0.00;0.00;2202.33;3932.01;4281.67;4990.00;3380.00;3350.00;1790.00;3946.31;3722.33;3724.66;1184.67;320.00;1430.00;0.00;480.00;480.00;320.00;5260.00
1772827788.8163545;0.00;1164.00;0.00;582.00;776.00;0.00;0.00;0.00;0.00;0.00;0.00;0.00;0.00;0.00;0.00;0.00;0.00;0.00;0.00;582.00;0.00;0.00;0.00;2110.00;1410.00;1440.00;320.00;0.00;0.00;2202.33;3932.01;4281.67;4990.00;3380.00;3350.00;1790.00;3946.31;3722.33;3724.66;1184.67;320.00;1430.00;0.00;480.00;480.00;320.00;5260.00
1772827788.852766;0.00;1164.00;0.00;582.00;873.00;0.00;0.00;0.00;0.00;0.00;0.00;0.00;0.00;0.00;0.00;0.00;0.00;0.00;0.00;582.00;0.00;0.00;0.00;2110.00;1410.00;1440.00;320.00;0.00;0.00;2539.33;4029.01;4378.67;4990.00;3380.00;3350.00;2174.67;3946.31;3722.33;4024.66;1184.67;320.00;1430.00;0.00;480.00;480.00;320.00;5260.00
1772827788.8556223;0.00;1164.00;0.00;582.00;873.00;0.00;0.00;0.00;0.00;0.00;0.00;0.00;0.00;0.00;0.00;0.00;0.00;0.00;0.00;582.00;0.00;0.00;0.00;2110.00;1410.00;1440.00;320.00;0.00;0.00;2539.33;4029.01;4378.67;4990.00;3380.00;3350.00;2174.67;3946.31;3722.33;4024.66;1184.67;320.00;1430.00;0.00;480.00;480.00;320.00;5260.00
1772827788.8923857;0.00;1164.00;0.00;582.00;970.00;0.00;0.00;0.00;0.00;0.00;0.00;0.00;0.00;0.00;0.00;0.00;0.00;0.00;0.00;582.00;0.00;0.00;0.00;2260.00;1560.00;1590.00;470.00;160.00;160.00;2716.33;4126.01;4475.67;4990.00;3380.00;3350.00;2287.00;3946.31;3722.33;4174.66;1184.67;630.00;1430.00;320.00;480.00;480.00;320.00;5410.00
1772827788.895381;0.00;1164.00;0.00;582.00;970.00;0.00;0.00;0.00;0.00;0.00;0.00;0.00;0.00;0.00;0.00;0.00;0.00;0.00;0.00;582.00;0.00;0.00;0.00;2260.00;1560.00;1590.00;470.00;160.00;160.00;2716.33;4126.01;4475.67;4990.00;3380.00;3350.00;2287.00;3946.31;3722.33;4174.66;1184.67;630.00;1430.00;320.00;480.00;480.00;320.00;5410.00
1772827788.9335313;0.00;1164.00;0.00;582.00;1067.00;0.00;0.00;0.00;0.00;0.00;0.00;0.00;0.00;0.00;0.00;0.00;0.00;0.00;0.00;582.00;0.00;0.00;0.00;2410.00;1710.00;1740.00;620.00;320.00;320.00;2988.66;4223.01;4572.67;4990.00;3380.00;3350.00;2399.33;3946.31;3722.33;4324.66;1184.67;940.00;1430.00;640.00;480.00;480.00;320.00;5560.00
1772827788.9365788;0.00;1164.00;0.00;582.00;1067.00;0.00;0.00;0.00;0.00;0.00;0.00;0.00;0.00;0.00;0.00;0.00;0.00;0.00;0.00;582.00;0.00;0.00;0.00;2410.00;1710.00;1740.00;620.00;320.00;320.00;2988.66;4223.01;4572.67;4990.00;3380.00;3350.00;2399.33;3946.31;3722.33;4324.66;1184.67;940.00;1430.00;640.00;480.00;480.00;320.00;5560.00
1772827788.9735374;0.00;1164.00;0.00;582.00;1164.00;0.00;0.00;0.00;0.00;0.00;0.00;0.00;0.00;0.00;0.00;0.00;0.00;0.00;0.00;582.00;0.00;0.00;0.00;2710.00;2020.00;2050.00;930.00;630.00;560.00;3085.66;4320.01;4669.67;4990.00;3380.00;3350.00;2399.33;3946.31;3722.33;4324.66;1184.67;940.00;1430.00;800.00;480.00;480.00;320.00;5860.00
1772827788.9766304;0.00;1164.00;0.00;582.00;1164.00;0.00;0.00;0.00;0.00;0.00;0.00;0.00;0.00;0.00;0.00;0.00;0.00;0.00;0.00;582.00;0.00;0.00;0.00;2710.00;2020.00;2050.00;930.00;630.00;560.00;3085.66;4320.01;4669.67;4990.00;3380.00;3350.00;2399.33;3946.31;3722.33;4324.66;1184.67;940.00;1430.00;800.00;480.00;480.00;320.00;5860.00
1772827808.816764;0.00;1164.00;0.00;0.00;1261.00;0.00;0.00;0.00;0.00;0.00;0.00;0.00;0.00;0.00;0.00;0.00;0.00;0.00;0.00;582.00;0.00;0.00;0.00;2710.00;2020.00;2050.00;930.00;630.00;560.00;3085.66;4320.01;4669.67;470.00;310.00;310.00;2399.33;824.66;3722.33;4324.66;1184.67;940.00;1430.00;800.00;480.00;480.00;0.00;460.00
1772827808.8196177;0.00;1164.00;0.00;0.00;1261.00;0.00;0.00;0.00;0.00;0.00;0.00;0.00;0.00;0.00;0.00;0.00;0.00;0.00;0.00;582.00;0.00;0.00;0.00;2710.00;2020.00;2050.00;930.00;630.00;560.00;3085.66;4320.01;4669.67;470.00;310.00;310.00;2399.33;824.66;3722.33;4324.66;1184.67;940.00;1430.00;800.00;480.00;480.00;0.00;460.00
1772827808.8608184;0.00;1164.00;0.00;0.00;1358.00;0.00;0.00;0.00;0.00;0.00;0.00;0.00;0.00;0.00;0.00;0.00;0.00;0.00;0.00;582.00;0.00;0.00;0.00;2710.00;2020.00;2050.00;930.00;630.00;560.00;3085.66;4320.01;4669.67;940.00;620.00;620.00;2399.33;1256.99;3722.33;4324.66;1184.67;940.00;1430.00;800.00;480.00;480.00;0.00;760.00
1772827808.8636854;0.00;1164.00;0.00;0.00;1358.00;0.00;0.00;0.00;0.00;0.00;0.00;0.00;0.00;0.00;0.00;0.00;0.00;0.00;0.00;582.00;0.00;0.00;0.00;2710.00;2020.00;2050.00;930.00;630.00;560.00;3085.66;4320.01;4669.67;940.00;620.00;620.00;2399.33;1256.99;3722.33;4324.66;1184.67;940.00;1430.00;800.00;480.00;480.00;0.00;760.00
1772827808.905118;0.00;1164.00;0.00;0.00;1455.00;0.00;0.00;0.00;0.00;0.00;0.00;0.00;0.00;0.00;0.00;0.00;0.00;0.00;0.00;582.00;0.00;0.00;0.00;2940.00;2020.00;2050.00;930.00;630.00;560.00;3085.66;4320.01;4669.67;1180.00;860.00;860.00;2399.33;1576.99;3722.33;4324.66;1184.67;940.00;1590.00;800.00;480.00;480.00;0.00;1060.00
1772827808.908061;0.00;1164.00;0.00;0.00;1455.00;0.00;0.00;0.00;0.00;0.00;0.00;0.00;0.00;0.00;0.00;0.00;0.00;0.00;0.00;582.00;0.00;0.00;0.00;2940.00;2020.00;2050.00;930.00;630.00;560.00;3085.66;4320.01;4669.67;1180.00;860.00;860.00;2399.33;1576.99;3722.33;4324.66;1184.67;940.00;1590.00;800.00;480.00;480.00;0.00;1060.00
1772827808.9481714;0.00;1164.00;0.00;0.00;1552.00;0.00;0.00;0.00;0.00;0.00;0.00;0.00;0.00;0.00;0.00;0.00;0.00;0.00;0.00;582.00;0.00;0.00;0.00;3250.00;2020.00;2050.00;930.00;630.00;560.00;3085.66;4550.01;4899.67;1394.67;1074.67;1170.00;2399.33;1736.99;3722.33;4324.66;1184.67;940.00;1590.00;800.00;480.00;480.00;224.67;1360.00
1772827808.9510787;0.00;1164.00;0.00;0.00;1552.00;0.00;0.00;0.00;0.00;0.00;0.00;0.00;0.00;0.00;0.00;0.00;0.00;0.00;0.00;582.00;0.00;0.00;0.00;3250.00;2020.00;2050.00;930.00;630.00;560.00;3085.66;4550.01;4899.67;1394.67;1074.67;1170.00;2399.33;1736.99;3722.33;4324.66;1184.67;940.00;1590.00;800.00;480.00;480.00;224.67;1360.00
1772827808.9919703;0.00;1164.00;0.00;0.00;1649.00;0.00;0.00;0.00;0.00;0.00;0.00;0.00;0.00;0.00;0.00;0.00;0.00;0.00;0.00;582.00;0.00;0.00;0.00;3480.00;2250.00;2280.00;930.00;630.00;560.00;3085.66;4550.01;4899.67;1587.00;1257.00;1400.00;2399.33;2056.99;3722.33;4324.66;1184.67;940.00;1590.00;800.00;480.00;480.00;224.67;1660.00
1772827808.9951394;0.00;1164.00;0.00;0.00;1649.00;0.00;0.00;0.00;0.00;0.00;0.00;0.00;0.00;0.00;0.00;0.00;0.00;0.00;0.00;582.00;0.00;0.00;0.00;3480.00;2250.00;2280.00;930.00;630.00;560.00;3085.66;4550.01;4899.67;1587.00;1257.00;1400.00;2399.33;2056.99;3722.33;4324.66;1184.67;940.00;1590.00;800.00;480.00;480.00;224.67;1660.00
1772827809.0423346;0.00;1164.00;0.00;0.00;1746.00;0.00;0.00;0.00;0.00;0.00;0.00;0.00;0.00;0.00;0.00;0.00;0.00;0.00;0.00;582.00;0.00;0.00;0.00;4030.00;2480.00;2510.00;930.00;630.00;560.00;3085.66;4550.01;4899.67;1731.67;1401.67;1950.00;2399.33;2056.99;3722.33;4324.66;1184.67;940.00;1590.00;800.00;480.00;480.00;534.67;1960.00
1772827809.0454125;0.00;1164.00;0.00;0.00;1746.00;0.00;0.00;0.00;0.00;0.00;0.00;0.00;0.00;0.00;0.00;0.00;0.00;0.00;0.00;582.00;0.00;0.00;0.00;4030.00;2480.00;2510.00;930.00;630.00;560.00;3085.66;4550.01;4899.67;1731.67;1401.67;1950.00;2399.33;2056.99;3722.33;4324.66;1184.67;940.00;1590.00;800.00;480.00;480.00;534.67;1960.00
1772827822.855365;0.00;582.00;0.00;0.00;1746.00;0.00;97.00;0.00;0.00;0.00;0.00;0.00;0.00;0.00;0.00;0.00;0.00;0.00;0.00;582.00;0.00;0.00;0.00;3720.00;2480.00;2510.00;930.00;630.00;560.00;3085.66;4230.01;2109.67;300.00;300.00;300.00;2399.33;856.99;2932.33;4004.66;1184.67;940.00;1270.00;800.00;480.00;480.00;534.67;300.00
1772827822.8575788;0.00;582.00;0.00;0.00;1746.00;0.00;97.00;0.00;0.00;0.00;0.00;0.00;0.00;0.00;0.00;0.00;0.00;0.00;0.00;582.00;0.00;0.00;0.00;3720.00;2480.00;2510.00;930.00;630.00;560.00;3085.66;4230.01;2109.67;300.00;300.00;300.00;2399.33;856.99;2932.33;4004.66;1184.67;940.00;1270.00;800.00;480.00;480.00;534.67;300.00
1772827822.8910494;0.00;582.00;0.00;0.00;1746.00;0.00;194.00;0.00;0.00;0.00;0.00;0.00;0.00;0.00;0.00;0.00;0.00;0.00;0.00;582.00;0.00;0.00;0.00;3720.00;2480.00;2510.00;930.00;630.00;560.00;3085.66;4390.01;2419.67;610.00;600.00;600.00;2399.33;856.99;3044.66;4164.66;1184.67;940.00;1270.00;800.00;480.00;480.00;534.67;600.00
1772827822.8932376;0.00;582.00;0.00;0.00;1746.00;0.00;194.00;0.00;0.00;0.00;0.00;0.00;0.00;0.00;0.00;0.00;0.00;0.00;0.00;582.00;0.00;0.00;0.00;3720.00;2480.00;2510.00;930.00;630.00;560.00;3085.66;4390.01;2419.67;610.00;600.00;600.00;2399.33;856.99;3044.66;4164.66;1184.67;940.00;1270.00;800.00;480.00;480.00;534.67;600.00
1772827822.926627;0.00;582.00;0.00;0.00;1746.00;0.00;291.00;0.00;0.00;0.00;0.00;0.00;0.00;0.00;0.00;0.00;0.00;0.00;0.00;582.00;0.00;0.00;0.00;3720.00;2480.00;2510.00;930.00;630.00;560.00;3315.66;4620.01;2729.67;920.00;900.00;900.00;2399.33;856.99;3044.66;4324.66;1184.67;940.00;1270.00;800.00;480.00;480.00;534.67;900.00
1772827822.9278119;0.00;582.00;0.00;0.00;1746.00;0.00;291.00;0.00;0.00;0.00;0.00;0.00;0.00;0.00;0.00;0.00;0.00;0.00;0.00;582.00;0.00;0.00;0.00;3720.00;2480.00;2510.00;930.00;630.00;560.00;3315.66;4620.01;2729.67;920.00;900.00;900.00;2399.33;856.99;3044.66;4324.66;1184.67;940.00;1270.00;800.00;480.00;480.00;534.67;900.00
1772827823.0085137;0.00;582.00;0.00;0.00;1746.00;0.00;388.00;0.00;0.00;0.00;0.00;0.00;0.00;0.00;0.00;0.00;0.00;0.00;0.00;582.00;0.00;0.00;0.00;3720.00;2480.00;2510.00;930.00;630.00;560.00;3545.66;4850.01;3039.67;1230.00;1210.00;1200.00;2399.33;856.99;3044.66;4484.66;1184.67;940.00;1270.00;800.00;480.00;480.00;534.67;1200.00
1772827823.0096712;0.00;582.00;0.00;0.00;1746.00;0.00;388.00;0.00;0.00;0.00;0.00;0.00;0.00;0.00;0.00;0.00;0.00;0.00;0.00;582.00;0.00;0.00;0.00;3720.00;2480.00;2510.00;930.00;630.00;560.00;3545.66;4850.01;3039.67;1230.00;1210.00;1200.00;2399.33;856.99;3044.66;4484.66;1184.67;940.00;1270.00;800.00;480.00;480.00;534.67;1200.00
1772827823.028641;0.00;582.00;0.00;0.00;1746.00;0.00;485.00;0.00;0.00;0.00;0.00;0.00;0.00;0.00;0.00;0.00;0.00;0.00;0.00;582.00;0.00;0.00;0.00;3720.00;2480.00;2510.00;930.00;630.00;560.00;3775.66;4930.01;3199.67;1390.00;1370.00;1350.00;2399.33;856.99;3524.66;4634.66;1184.67;940.00;1270.00;800.00;480.00;480.00;534.67;1350.00
1772827823.0298202;0.00;582.00;0.00;0.00;1746.00;0.00;485.00;0.00;0.00;0.00;0.00;0.00;0.00;0.00;0.00;0.00;0.00;0.00;0.00;582.00;0.00;0.00;0.00;3720.00;2480.00;2510.00;930.00;630.00;560.00;3775.66;4930.01;3199.67;1390.00;1370.00;1350.00;2399.33;856.99;3524.66;4634.66;1184.67;940.00;1270.00;800.00;480.00;480.00;534.67;1350.00
1772827823.0487952;0.00;582.00;0.00;0.00;1746.00;0.00;582.00;0.00;0.00;0.00;0.00;0.00;0.00;0.00;0.00;0.00;0.00;0.00;0.00;582.00;0.00;0.00;0.00;4180.00;2630.00;2660.00;1080.00;780.00;640.00;3855.66;4962.34;3359.67;1550.00;1530.00;1510.00;2399.33;856.99;3524.66;4634.66;1184.67;940.00;1590.00;800.00;480.00;480.00;534.67;1650.00
1772827823.0500379;0.00;582.00;0.00;0.00;1746.00;0.00;582.00;0.00;0.00;0.00;0.00;0.00;0.00;0.00;0.00;0.00;0.00;0.00;0.00;582.00;0.00;0.00;0.00;4180.00;2630.00;2660.00;1080.00;780.00;640.00;3855.66;4962.34;3359.67;1550.00;1530.00;1510.00;2399.33;856.99;3524.66;4634.66;1184.67;940.00;1590.00;800.00;480.00;480.00;534.67;1650.00
1772827842.8856683;0.00;582.00;0.00;0.00;1746.00;0.00;582.00;0.00;0.00;0.00;0.00;0.00;0.00;0.00;0.00;0.00;0.00;0.00;0.00;582.00;97.00;0.00;0.00;4480.00;2930.00;2960.00;1380.00;1020.00;880.00;3855.66;4962.34;3359.67;1550.00;1530.00;1510.00;2399.33;856.99;3524.66;4634.66;1184.67;940.00;1590.00;960.00;480.00;480.00;534.67;1950.00
1772827842.8881397;0.00;582.00;0.00;0.00;1746.00;0.00;582.00;0.00;0.00;0.00;0.00;0.00;0.00;0.00;0.00;0.00;0.00;0.00;0.00;582.00;97.00;0.00;0.00;4480.00;2930.00;2960.00;1380.00;1020.00;880.00;3855.66;4962.34;3359.67;1550.00;1530.00;1510.00;2399.33;856.99;3524.66;4634.66;1184.67;940.00;1590.00;960.00;480.00;480.00;534.67;1950.00
1772827842.9192064;0.00;582.00;0.00;0.00;1746.00;0.00;582.00;0.00;0.00;0.00;0.00;0.00;0.00;0.00;0.00;0.00;0.00;0.00;0.00;582.00;194.00;0.00;0.00;4780.00;3230.00;3260.00;1680.00;1260.00;1120.00;3855.66;4962.34;3359.67;1550.00;1530.00;1510.00;2399.33;856.99;3524.66;4634.66;1184.67;940.00;1590.00;960.00;480.00;480.00;534.67;2250.00
1772827842.9216397;0.00;582.00;0.00;0.00;1746.00;0.00;582.00;0.00;0.00;0.00;0.00;0.00;0.00;0.00;0.00;0.00;0.00;0.00;0.00;582.00;194.00;0.00;0.00;4780.00;3230.00;3260.00;1680.00;1260.00;1120.00;3855.66;4962.34;3359.67;1550.00;1530.00;1510.00;2399.33;856.99;3524.66;4634.66;1184.67;940.00;1590.00;960.00;480.00;480.00;534.67;2250.00
1772827842.9532287;0.00;582.00;0.00;0.00;1746.00;0.00;582.00;0.00;0.00;0.00;0.00;0.00;0.00;0.00;0.00;0.00;0.00;0.00;0.00;582.00;291.00;0.00;0.00;4930.00;3380.00;3560.00;1980.00;1500.00;1360.00;3855.66;4962.34;3359.67;1550.00;1530.00;1510.00;2399.33;856.99;3524.66;4634.66;1184.67;940.00;1590.00;960.00;630.00;480.00;534.67;2400.00
1772827842.9556665;0.00;582.00;0.00;0.00;1746.00;0.00;582.00;0.00;0.00;0.00;0.00;0.00;0.00;0.00;0.00;0.00;0.00;0.00;0.00;582.00;291.00;0.00;0.00;4930.00;3380.00;3560.00;1980.00;1500.00;1360.00;3855.66;4962.34;3359.67;1550.00;1530.00;1510.00;2399.33;856.99;3524.66;4634.66;1184.67;940.00;1590.00;960.00;630.00;480.00;534.67;2400.00
1772827842.987383;0.00;582.00;0.00;0.00;1746.00;0.00;582.00;0.00;0.00;0.00;0.00;0.00;0.00;0.00;0.00;0.00;0.00;0.00;0.00;582.00;388.00;0.00;0.00;4930.00;3380.00;3860.00;2280.00;1740.00;1600.00;3855.66;4962.34;3359.67;1550.00;1530.00;1510.00;2399.33;856.99;3524.66;4634.66;1184.67;940.00;1590.00;960.00;930.00;480.00;534.67;2400.00
1772827842.9898436;0.00;582.00;0.00;0.00;1746.00;0.00;582.00;0.00;0.00;0.00;0.00;0.00;0.00;0.00;0.00;0.00;0.00;0.00;0.00;582.00;388.00;0.00;0.00;4930.00;3380.00;3860.00;2280.00;1740.00;1600.00;3855.66;4962.34;3359.67;1550.00;1530.00;1510.00;2399.33;856.99;3524.66;4634.66;1184.67;940.00;1590.00;960.00;930.00;480.00;534.67;2400.00
1772827843.0216112;0.00;582.00;0.00;0.00;1746.00;0.00;582.00;0.00;0.00;0.00;0.00;0.00;0.00;0.00;0.00;0.00;0.00;0.00;0.00;582.00;485.00;0.00;0.00;4930.00;3380.00;4160.00;2580.00;1980.00;1840.00;3855.66;4962.34;3359.67;1550.00;1530.00;1510.00;2399.33;856.99;3524.66;4634.66;1184.67;940.00;1590.00;960.00;1230.00;480.00;534.67;2400.00
1772827843.0242012;0.00;582.00;0.00;0.00;1746.00;0.00;582.00;0.00;0.00;0.00;0.00;0.00;0.00;0.00;0.00;0.00;0.00;0.00;0.00;582.00;485.00;0.00;0.00;4930.00;3380.00;4160.00;2580.00;1980.00;1840.00;3855.66;4962.34;3359.67;1550.00;1530.00;1510.00;2399.33;856.99;3524.66;4634.66;1184.67;940.00;1590.00;960.00;1230.00;480.00;534.67;2400.00
1772827843.055895;0.00;582.00;0.00;0.00;1746.00;0.00;582.00;0.00;0.00;0.00;0.00;0.00;0.00;0.00;0.00;0.00;0.00;0.00;0.00;582.00;582.00;0.00;0.00;4930.00;3380.00;4460.00;2890.00;2220.00;2080.00;3855.66;4962.34;3359.67;1550.00;1530.00;1510.00;2399.33;856.99;3524.66;4634.66;1184.67;940.00;1590.00;960.00;1530.00;480.00;534.67;2400.00
1772827843.0584972;0.00;582.00;0.00;0.00;1746.00;0.00;582.00;0.00;0.00;0.00;0.00;0.00;0.00;0.00;0.00;0.00;0.00;0.00;0.00;582.00;582.00;0.00;0.00;4930.00;3380.00;4460.00;2890.00;2220.00;2080.00;3855.66;4962.34;3359.67;1550.00;1530.00;1510.00;2399.33;856.99;3524.66;4634.66;1184.67;940.00;1590.00;960.00;1530.00;480.00;534.67;2400.00
1772827869.9335546;0.00;582.00;0.00;0.00;1164.00;0.00;582.00;0.00;0.00;0.00;0.00;0.00;0.00;0.00;0.00;0.00;0.00;0.00;0.00;582.00;582.00;97.00;0.00;4930.00;3380.00;4460.00;2890.00;2220.00;2080.00;3855.66;2562.34;310.00;1994.67;1974.67;1810.00;2399.33;160.00;320.00;2714.66;1184.67;940.00;1590.00;960.00;1530.00;480.00;534.67;2700.00
1772827869.9413853;0.00;582.00;0.00;0.00;1164.00;0.00;582.00;0.00;0.00;0.00;0.00;0.00;0.00;0.00;0.00;0.00;0.00;0.00;0.00;582.00;582.00;97.00;0.00;4930.00;3380.00;4460.00;2890.00;2220.00;2080.00;3855.66;2562.34;310.00;1994.67;1974.67;1810.00;2399.33;160.00;320.00;2714.66;1184.67;940.00;1590.00;960.00;1530.00;480.00;534.67;2700.00
1772827869.9978995;0.00;582.00;0.00;0.00;1164.00;0.00;582.00;0.00;0.00;0.00;0.00;0.00;0.00;0.00;0.00;0.00;0.00;0.00;0.00;582.00;582.00;194.00;0.00;4930.00;3380.00;4460.00;2890.00;2220.00;2080.00;3855.66;2562.34;850.00;2391.67;2371.67;2110.00;2399.33;160.00;800.00;2714.66;1184.67;940.00;1590.00;960.00;1530.00;480.00;534.67;3000.00
1772827870.0005097;0.00;582.00;0.00;0.00;1164.00;0.00;582.00;0.00;0.00;0.00;0.00;0.00;0.00;0.00;0.00;0.00;0.00;0.00;0.00;582.00;582.00;194.00;0.00;4930.00;3380.00;4460.00;2890.00;2220.00;2080.00;3855.66;2562.34;850.00;2391.67;2371.67;2110.00;2399.33;160.00;800.00;2714.66;1184.67;940.00;1590.00;960.00;1530.00;480.00;534.67;3000.00
1772827870.0338619;0.00;582.00;0.00;0.00;1164.00;0.00;582.00;0.00;0.00;0.00;0.00;0.00;0.00;0.00;0.00;0.00;0.00;0.00;0.00;582.00;582.00;291.00;0.00;4930.00;3380.00;4460.00;2890.00;2220.00;2080.00;3855.66;2562.34;1304.67;2788.67;2768.67;2410.00;2399.33;160.00;1254.67;2714.66;1184.67;940.00;1590.00;960.00;1530.00;480.00;534.67;3300.00
1772827870.0366266;0.00;582.00;0.00;0.00;1164.00;0.00;582.00;0.00;0.00;0.00;0.00;0.00;0.00;0.00;0.00;0.00;0.00;0.00;0.00;582.00;582.00;291.00;0.00;4930.00;3380.00;4460.00;2890.00;2220.00;2080.00;3855.66;2562.34;1304.67;2788.67;2768.67;2410.00;2399.33;160.00;1254.67;2714.66;1184.67;940.00;1590.00;960.00;1530.00;480.00;534.67;3300.00
1772827870.0882816;0.00;582.00;0.00;0.00;1164.00;0.00;582.00;0.00;0.00;0.00;0.00;0.00;0.00;0.00;0.00;0.00;0.00;0.00;0.00;582.00;582.00;388.00;0.00;4962.33;3460.00;4690.00;2890.00;2220.00;2080.00;3855.66;2562.34;1624.67;3098.67;3078.67;2592.33;2399.33;160.00;1254.67;2714.66;1184.67;940.00;1702.33;960.00;1680.00;480.00;534.67;3450.00
1772827870.093735;0.00;582.00;0.00;0.00;1164.00;0.00;582.00;0.00;0.00;0.00;0.00;0.00;0.00;0.00;0.00;0.00;0.00;0.00;0.00;582.00;582.00;388.00;0.00;4962.33;3460.00;4690.00;2890.00;2220.00;2080.00;3855.66;2562.34;1624.67;3098.67;3078.67;2592.33;2399.33;160.00;1254.67;2714.66;1184.67;940.00;1702.33;960.00;1680.00;480.00;534.67;3450.00
1772827870.198504;0.00;582.00;0.00;0.00;1164.00;0.00;582.00;0.00;0.00;0.00;0.00;0.00;0.00;0.00;0.00;0.00;0.00;0.00;0.00;582.00;582.00;485.00;0.00;4994.66;3540.00;4920.00;3120.00;2220.00;2080.00;3855.66;2872.34;1934.67;3313.34;3293.34;2774.66;2399.33;160.00;1254.67;3034.66;1184.67;940.00;1702.33;960.00;1830.00;480.00;534.67;3600.00
1772827870.200351;0.00;582.00;0.00;0.00;1164.00;0.00;582.00;0.00;0.00;0.00;0.00;0.00;0.00;0.00;0.00;0.00;0.00;0.00;0.00;582.00;582.00;485.00;0.00;4994.66;3540.00;4920.00;3120.00;2220.00;2080.00;3855.66;2872.34;1934.67;3313.34;3293.34;2774.66;2399.33;160.00;1254.67;3034.66;1184.67;940.00;1702.33;960.00;1830.00;480.00;534.67;3600.00
1772827870.2254114;0.00;582.00;0.00;0.00;1164.00;0.00;582.00;0.00;0.00;0.00;0.00;0.00;0.00;0.00;0.00;0.00;0.00;0.00;0.00;582.00;582.00;582.00;0.00;4994.66;3540.00;4920.00;3120.00;2220.00;2080.00;4085.66;3412.34;2379.34;3710.34;3690.34;3074.66;2399.33;272.33;1254.67;3514.66;1184.67;940.00;1702.33;960.00;1830.00;480.00;534.67;3900.00
1772827870.2273853;0.00;582.00;0.00;0.00;1164.00;0.00;582.00;0.00;0.00;0.00;0.00;0.00;0.00;0.00;0.00;0.00;0.00;0.00;0.00;582.00;582.00;582.00;0.00;4994.66;3540.00;4920.00;3120.00;2220.00;2080.00;4085.66;3412.34;2379.34;3710.34;3690.34;3074.66;2399.33;272.33;1254.67;3514.66;1184.67;940.00;1702.33;960.00;1830.00;480.00;534.67;3900.00
1772827884.9363327;0.00;582.00;0.00;0.00;1164.00;0.00;582.00;0.00;0.00;0.00;0.00;0.00;0.00;0.00;0.00;0.00;0.00;0.00;0.00;582.00;582.00;582.00;0.00;4994.66;3540.00;4920.00;3120.00;2220.00;2080.00;4085.66;3412.34;2379.34;3710.34;3690.34;3074.66;2399.33;272.33;1254.67;3514.66;1184.67;940.00;1702.33;960.00;1830.00;480.00;534.67;3900.00
1772827884.9387054;0.00;582.00;0.00;0.00;1164.00;0.00;582.00;0.00;0.00;0.00;0.00;0.00;0.00;0.00;0.00;0.00;0.00;0.00;0.00;582.00;582.00;582.00;0.00;4994.66;3540.00;4920.00;3120.00;2220.00;2080.00;4085.66;3412.34;2379.34;3710.34;3690.34;3074.66;2399.33;272.33;1254.67;3514.66;1184.67;940.00;1702.33;960.00;1830.00;480.00;534.67;3900.00
1772827884.9713907;0.00;582.00;0.00;0.00;1164.00;0.00;582.00;0.00;0.00;0.00;0.00;0.00;0.00;0.00;0.00;0.00;0.00;0.00;0.00;582.00;582.00;582.00;0.00;4994.66;3540.00;4920.00;3120.00;2220.00;2080.00;4085.66;3412.34;2379.34;3710.34;3690.34;3074.66;2399.33;272.33;1254.67;3514.66;1184.67;940.00;1702.33;960.00;1830.00;480.00;534.67;3900.00
1772827884.9733067;0.00;582.00;0.00;0.00;1164.00;0.00;582.00;0.00;0.00;0.00;0.00;0.00;0.00;0.00;0.00;0.00;0.00;0.00;0.00;582.00;582.00;582.00;0.00;4994.66;3540.00;4920.00;3120.00;2220.00;2080.00;4085.66;3412.34;2379.34;3710.34;3690.34;3074.66;2399.33;272.33;1254.67;3514.66;1184.67;940.00;1702.33;960.00;1830.00;480.00;534.67;3900.00
1772827884.995748;0.00;582.00;0.00;0.00;1164.00;0.00;582.00;0.00;0.00;0.00;0.00;0.00;0.00;0.00;0.00;0.00;0.00;0.00;0.00;582.00;582.00;582.00;0.00;4994.66;3540.00;4920.00;3120.00;2220.00;2080.00;4085.66;3412.34;2379.34;3710.34;3690.34;3074.66;2399.33;272.33;1254.67;3514.66;1184.67;940.00;1702.33;960.00;1830.00;480.00;534.67;3900.00
1772827884.9972343;0.00;582.00;0.00;0.00;1164.00;0.00;582.00;0.00;0.00;0.00;0.00;0.00;0.00;0.00;0.00;0.00;0.00;0.00;0.00;582.00;582.00;582.00;0.00;4994.66;3540.00;4920.00;3120.00;2220.00;2080.00;4085.66;3412.34;2379.34;3710.34;3690.34;3074.66;2399.33;272.33;1254.67;3514.66;1184.67;940.00;1702.33;960.00;1830.00;480.00;534.67;3900.00
1772827885.0169892;0.00;582.00;0.00;0.00;1164.00;0.00;582.00;0.00;0.00;0.00;0.00;0.00;0.00;0.00;0.00;0.00;0.00;0.00;0.00;582.00;582.00;582.00;0.00;4994.66;3540.00;4920.00;3120.00;2220.00;2080.00;4085.66;3412.34;2379.34;3710.34;3690.34;3074.66;2399.33;272.33;1254.67;3514.66;1184.67;940.00;1702.33;960.00;1830.00;480.00;534.67;3900.00
1772827885.01851;0.00;582.00;0.00;0.00;1164.00;0.00;582.00;0.00;0.00;0.00;0.00;0.00;0.00;0.00;0.00;0.00;0.00;0.00;0.00;582.00;582.00;582.00;0.00;4994.66;3540.00;4920.00;3120.00;2220.00;2080.00;4085.66;3412.34;2379.34;3710.34;3690.34;3074.66;2399.33;272.33;1254.67;3514.66;1184.67;940.00;1702.33;960.00;1830.00;480.00;534.67;3900.00
1772827885.043964;0.00;582.00;0.00;0.00;1164.00;0.00;582.00;0.00;0.00;0.00;0.00;0.00;0.00;0.00;0.00;0.00;0.00;0.00;0.00;582.00;582.00;582.00;0.00;4994.66;3540.00;4920.00;3120.00;2220.00;2080.00;4085.66;3412.34;2379.34;3710.34;3690.34;3074.66;2399.33;272.33;1254.67;3514.66;1184.67;940.00;1702.33;960.00;1830.00;480.00;534.67;3900.00
1772827885.045624;0.00;582.00;0.00;0.00;1164.00;0.00;582.00;0.00;0.00;0.00;0.00;0.00;0.00;0.00;0.00;0.00;0.00;0.00;0.00;582.00;582.00;582.00;0.00;4994.66;3540.00;4920.00;3120.00;2220.00;2080.00;4085.66;3412.34;2379.34;3710.34;3690.34;3074.66;2399.33;272.33;1254.67;3514.66;1184.67;940.00;1702.33;960.00;1830.00;480.00;534.67;3900.00
1772827885.0685337;0.00;582.00;0.00;0.00;1164.00;0.00;582.00;0.00;0.00;0.00;0.00;0.00;0.00;0.00;0.00;0.00;0.00;0.00;0.00;582.00;582.00;582.00;0.00;4994.66;3540.00;4920.00;3120.00;2220.00;2080.00;4085.66;3412.34;2379.34;3710.34;3690.34;3074.66;2399.33;272.33;1254.67;3514.66;1184.67;940.00;1702.33;960.00;1830.00;480.00;534.67;3900.00
1772827885.0701678;0.00;582.00;0.00;0.00;1164.00;0.00;582.00;0.00;0.00;0.00;0.00;0.00;0.00;0.00;0.00;0.00;0.00;0.00;0.00;582.00;582.00;582.00;0.00;4994.66;3540.00;4920.00;3120.00;2220.00;2080.00;4085.66;3412.34;2379.34;3710.34;3690.34;3074.66;2399.33;272.33;1254.67;3514.66;1184.67;940.00;1702.33;960.00;1830.00;480.00;534.67;3900.00
1772827909.9755158;0.00;0.00;0.00;0.00;1164.00;0.00;582.00;0.00;0.00;0.00;0.00;0.00;0.00;0.00;0.00;0.00;0.00;0.00;0.00;0.00;679.00;582.00;0.00;0.00;0.00;1080.00;2800.00;2220.00;2080.00;1983.33;1669.67;2039.34;4010.34;3990.34;3374.66;0.00;0.00;0.00;480.00;0.00;620.00;0.00;960.00;1350.00;480.00;534.67;300.00
1772827909.977707;0.00;0.00;0.00;0.00;1164.00;0.00;582.00;0.00;0.00;0.00;0.00;0.00;0.00;0.00;0.00;0.00;0.00;0.00;0.00;0.00;679.00;582.00;0.00;0.00;0.00;1080.00;2800.00;2220.00;2080.00;1983.33;1669.67;2039.34;4010.34;3990.34;3374.66;0.00;0.00;0.00;480.00;0.00;620.00;0.00;960.00;1350.00;480.00;534.67;300.00
1772827910.0143523;0.00;0.00;0.00;0.00;1164.00;0.00;582.00;0.00;0.00;0.00;0.00;0.00;0.00;0.00;0.00;0.00;0.00;0.00;0.00;0.00;776.00;582.00;0.00;0.00;0.00;1080.00;2800.00;2220.00;2080.00;2223.33;1899.67;2339.34;4310.34;4290.34;3674.66;0.00;0.00;0.00;960.00;0.00;620.00;0.00;960.00;1350.00;480.00;534.67;600.00
1772827910.0164871;0.00;0.00;0.00;0.00;1164.00;0.00;582.00;0.00;0.00;0.00;0.00;0.00;0.00;0.00;0.00;0.00;0.00;0.00;0.00;0.00;776.00;582.00;0.00;0.00;0.00;1080.00;2800.00;2220.00;2080.00;2223.33;1899.67;2339.34;4310.34;4290.34;3674.66;0.00;0.00;0.00;960.00;0.00;620.00;0.00;960.00;1350.00;480.00;534.67;600.00
1772827910.053275;0.00;0.00;0.00;0.00;1164.00;0.00;582.00;0.00;0.00;0.00;0.00;0.00;0.00;0.00;0.00;0.00;0.00;0.00;0.00;0.00;873.00;582.00;0.00;0.00;0.00;1080.00;2800.00;2220.00;2080.00;2463.33;2199.67;2639.34;4610.34;4590.34;3974.66;480.00;0.00;0.00;1190.00;0.00;620.00;0.00;960.00;1350.00;480.00;534.67;900.00
1772827910.055489;0.00;0.00;0.00;0.00;1164.00;0.00;582.00;0.00;0.00;0.00;0.00;0.00;0.00;0.00;0.00;0.00;0.00;0.00;0.00;0.00;873.00;582.00;0.00;0.00;0.00;1080.00;2800.00;2220.00;2080.00;2463.33;2199.67;2639.34;4610.34;4590.34;3974.66;480.00;0.00;0.00;1190.00;0.00;620.00;0.00;960.00;1350.00;480.00;534.67;900.00
1772827910.221727;0.00;0.00;0.00;0.00;1164.00;0.00;582.00;0.00;0.00;0.00;0.00;0.00;0.00;0.00;0.00;0.00;0.00;0.00;0.00;0.00;970.00;582.00;0.00;230.00;0.00;1080.00;2800.00;2220.00;2080.00;2703.33;2429.67;2869.34;4840.34;4820.34;4204.66;800.00;0.00;0.00;1190.00;0.00;620.00;0.00;960.00;1350.00;480.00;534.67;1200.00
1772827910.2241187;0.00;0.00;0.00;0.00;1164.00;0.00;582.00;0.00;0.00;0.00;0.00;0.00;0.00;0.00;0.00;0.00;0.00;0.00;0.00;0.00;970.00;582.00;0.00;230.00;0.00;1080.00;2800.00;2220.00;2080.00;2703.33;2429.67;2869.34;4840.34;4820.34;4204.66;800.00;0.00;0.00;1190.00;0.00;620.00;0.00;960.00;1350.00;480.00;534.67;1200.00
1772827910.2621489;0.00;0.00;0.00;0.00;1164.00;0.00;582.00;0.00;0.00;0.00;0.00;0.00;0.00;0.00;0.00;0.00;0.00;0.00;0.00;0.00;1067.00;582.00;0.00;230.00;0.00;1080.00;2800.00;2220.00;2080.00;3173.33;2739.67;3019.34;4990.34;4970.34;4354.66;1030.00;0.00;150.00;1190.00;0.00;620.00;0.00;960.00;1350.00;480.00;534.67;1350.00
1772827910.2645707;0.00;0.00;0.00;0.00;1164.00;0.00;582.00;0.00;0.00;0.00;0.00;0.00;0.00;0.00;0.00;0.00;0.00;0.00;0.00;0.00;1067.00;582.00;0.00;230.00;0.00;1080.00;2800.00;2220.00;2080.00;3173.33;2739.67;3019.34;4990.34;4970.34;4354.66;1030.00;0.00;150.00;1190.00;0.00;620.00;0.00;960.00;1350.00;480.00;534.67;1350.00
1772827910.2999518;0.00;0.00;0.00;0.00;1164.00;0.00;582.00;0.00;0.00;0.00;0.00;0.00;0.00;0.00;0.00;0.00;0.00;0.00;0.00;0.00;1067.00;582.00;0.00;230.00;0.00;1080.00;2800.00;2220.00;2080.00;3173.33;2739.67;3019.34;4990.34;4970.34;4354.66;1030.00;0.00;150.00;1190.00;0.00;620.00;0.00;960.00;1350.00;480.00;534.67;1350.00
1772827910.3022127;0.00;0.00;0.00;0.00;1164.00;0.00;582.00;0.00;0.00;0.00;0.00;0.00;0.00;0.00;0.00;0.00;0.00;0.00;0.00;0.00;1067.00;582.00;0.00;230.00;0.00;1080.00;2800.00;2220.00;2080.00;3173.33;2739.67;3019.34;4990.34;4970.34;4354.66;1030.00;0.00;150.00;1190.00;0.00;620.00;0.00;960.00;1350.00;480.00;534.67;1350.00
1772827932.0237586;0.00;0.00;0.00;0.00;582.00;97.00;291.00;0.00;0.00;0.00;0.00;0.00;0.00;0.00;0.00;0.00;0.00;0.00;0.00;0.00;1067.00;582.00;0.00;0.00;0.00;0.00;1290.00;1590.00;1520.00;0.00;642.33;482.00;1970.34;300.00;300.00;0.00;470.00;320.00;0.00;0.00;0.00;0.00;160.00;1350.00;480.00;534.67;300.00
1772827932.0257163;0.00;0.00;0.00;0.00;582.00;97.00;291.00;0.00;0.00;0.00;0.00;0.00;0.00;0.00;0.00;0.00;0.00;0.00;0.00;0.00;1067.00;582.00;0.00;0.00;0.00;0.00;1290.00;1590.00;1520.00;0.00;642.33;482.00;1970.34;300.00;300.00;0.00;470.00;320.00;0.00;0.00;0.00;0.00;160.00;1350.00;480.00;534.67;300.00
1772827932.0649767;0.00;0.00;0.00;0.00;582.00;194.00;291.00;0.00;0.00;0.00;0.00;0.00;0.00;0.00;0.00;0.00;0.00;0.00;0.00;0.00;1067.00;582.00;0.00;0.00;0.00;0.00;1290.00;1590.00;1520.00;0.00;802.33;792.00;2280.34;600.00;600.00;0.00;470.00;432.33;0.00;0.00;0.00;0.00;160.00;1350.00;480.00;534.67;600.00
1772827932.066924;0.00;0.00;0.00;0.00;582.00;194.00;291.00;0.00;0.00;0.00;0.00;0.00;0.00;0.00;0.00;0.00;0.00;0.00;0.00;0.00;1067.00;582.00;0.00;0.00;0.00;0.00;1290.00;1590.00;1520.00;0.00;802.33;792.00;2280.34;600.00;600.00;0.00;470.00;432.33;0.00;0.00;0.00;0.00;160.00;1350.00;480.00;534.67;600.00
1772827932.1058664;0.00;0.00;0.00;0.00;582.00;291.00;291.00;0.00;0.00;0.00;0.00;0.00;0.00;0.00;0.00;0.00;0.00;0.00;0.00;0.00;1067.00;582.00;0.00;0.00;0.00;0.00;1290.00;1590.00;1520.00;0.00;1032.33;1102.00;2590.34;900.00;900.00;0.00;470.00;544.66;0.00;0.00;0.00;0.00;160.00;1350.00;480.00;534.67;900.00
1772827932.1079302;0.00;0.00;0.00;0.00;582.00;291.00;291.00;0.00;0.00;0.00;0.00;0.00;0.00;0.00;0.00;0.00;0.00;0.00;0.00;0.00;1067.00;582.00;0.00;0.00;0.00;0.00;1290.00;1590.00;1520.00;0.00;1032.33;1102.00;2590.34;900.00;900.00;0.00;470.00;544.66;0.00;0.00;0.00;0.00;160.00;1350.00;480.00;534.67;900.00
1772827932.1464212;0.00;0.00;0.00;0.00;582.00;388.00;291.00;0.00;0.00;0.00;0.00;0.00;0.00;0.00;0.00;0.00;0.00;0.00;0.00;0.00;1067.00;582.00;0.00;310.00;0.00;0.00;1290.00;1590.00;1520.00;230.00;1262.33;1412.00;2900.34;1210.00;1210.00;160.00;470.00;544.66;0.00;0.00;0.00;320.00;160.00;1350.00;480.00;534.67;1200.00
1772827932.1485019;0.00;0.00;0.00;0.00;582.00;388.00;291.00;0.00;0.00;0.00;0.00;0.00;0.00;0.00;0.00;0.00;0.00;0.00;0.00;0.00;1067.00;582.00;0.00;310.00;0.00;0.00;1290.00;1590.00;1520.00;230.00;1262.33;1412.00;2900.34;1210.00;1210.00;160.00;470.00;544.66;0.00;0.00;0.00;320.00;160.00;1350.00;480.00;534.67;1200.00
1772827932.1868274;0.00;0.00;0.00;0.00;582.00;485.00;291.00;0.00;0.00;0.00;0.00;0.00;0.00;0.00;0.00;0.00;0.00;0.00;0.00;0.00;1067.00;582.00;0.00;770.00;150.00;150.00;1440.00;1740.00;1600.00;310.00;1342.33;1572.00;3060.34;1370.00;1370.00;320.00;470.00;544.66;0.00;0.00;0.00;320.00;160.00;1350.00;480.00;534.67;1500.00
1772827932.1889853;0.00;0.00;0.00;0.00;582.00;485.00;291.00;0.00;0.00;0.00;0.00;0.00;0.00;0.00;0.00;0.00;0.00;0.00;0.00;0.00;1067.00;582.00;0.00;770.00;150.00;150.00;1440.00;1740.00;1600.00;310.00;1342.33;1572.00;3060.34;1370.00;1370.00;320.00;470.00;544.66;0.00;0.00;0.00;320.00;160.00;1350.00;480.00;534.67;1500.00
1772827932.2253008;0.00;0.00;0.00;0.00;582.00;485.00;291.00;0.00;0.00;0.00;0.00;0.00;0.00;0.00;0.00;0.00;0.00;0.00;0.00;0.00;1067.00;582.00;0.00;770.00;150.00;150.00;1440.00;1740.00;1600.00;310.00;1342.33;1572.00;3060.34;1370.00;1370.00;320.00;470.00;544.66;0.00;0.00;0.00;320.00;160.00;1350.00;480.00;534.67;1500.00
1772827932.2273986;0.00;0.00;0.00;0.00;582.00;485.00;291.00;0.00;0.00;0.00;0.00;0.00;0.00;0.00;0.00;0.00;0.00;0.00;0.00;0.00;1067.00;582.00;0.00;770.00;150.00;150.00;1440.00;1740.00;1600.00;310.00;1342.33;1572.00;3060.34;1370.00;1370.00;320.00;470.00;544.66;0.00;0.00;0.00;320.00;160.00;1350.00;480.00;534.67;1500.00
1772827945.0655313;0.00;0.00;0.00;0.00;582.00;485.00;0.00;0.00;0.00;0.00;0.00;0.00;0.00;0.00;0.00;0.00;0.00;0.00;0.00;97.00;1067.00;582.00;0.00;310.00;310.00;310.00;1520.00;1820.00;1520.00;0.00;610.00;642.00;1830.34;0.00;0.00;320.00;470.00;0.00;0.00;0.00;0.00;310.00;320.00;1670.00;480.00;534.67;300.00
1772827945.0676653;0.00;0.00;0.00;0.00;582.00;485.00;0.00;0.00;0.00;0.00;0.00;0.00;0.00;0.00;0.00;0.00;0.00;0.00;0.00;97.00;1067.00;582.00;0.00;310.00;310.00;310.00;1520.00;1820.00;1520.00;0.00;610.00;642.00;1830.34;0.00;0.00;320.00;470.00;0.00;0.00;0.00;0.00;310.00;320.00;1670.00;480.00;534.67;300.00
1772827945.1070254;0.00;0.00;0.00;0.00;582.00;485.00;0.00;0.00;0.00;0.00;0.00;0.00;0.00;0.00;0.00;0.00;0.00;0.00;0.00;194.00;1067.00;582.00;0.00;460.00;460.00;470.00;1600.00;1900.00;1600.00;150.00;760.00;792.00;1980.34;150.00;150.00;320.00;470.00;0.00;0.00;320.00;0.00;310.00;480.00;1670.00;480.00;534.67;600.00
1772827945.1091971;0.00;0.00;0.00;0.00;582.00;485.00;0.00;0.00;0.00;0.00;0.00;0.00;0.00;0.00;0.00;0.00;0.00;0.00;0.00;194.00;1067.00;582.00;0.00;460.00;460.00;470.00;1600.00;1900.00;1600.00;150.00;760.00;792.00;1980.34;150.00;150.00;320.00;470.00;0.00;0.00;320.00;0.00;310.00;480.00;1670.00;480.00;534.67;600.00
1772827945.14668;0.00;0.00;0.00;0.00;582.00;485.00;0.00;0.00;0.00;0.00;0.00;0.00;0.00;0.00;0.00;0.00;0.00;0.00;0.00;194.00;1067.00;582.00;0.00;460.00;460.00;470.00;1600.00;1900.00;1600.00;150.00;760.00;792.00;1980.34;150.00;150.00;320.00;470.00;0.00;0.00;320.00;0.00;310.00;480.00;1670.00;480.00;534.67;600.00
1772827945.1487474;0.00;0.00;0.00;0.00;582.00;485.00;0.00;0.00;0.00;0.00;0.00;0.00;0.00;0.00;0.00;0.00;0.00;0.00;0.00;194.00;1067.00;582.00;0.00;460.00;460.00;470.00;1600.00;1900.00;1600.00;150.00;760.00;792.00;1980.34;150.00;150.00;320.00;470.00;0.00;0.00;320.00;0.00;310.00;480.00;1670.00;480.00;534.67;600.00
1772827945.3086355;0.00;0.00;0.00;0.00;582.00;485.00;0.00;0.00;0.00;0.00;0.00;0.00;0.00;0.00;0.00;0.00;0.00;0.00;0.00;194.00;1067.00;582.00;0.00;460.00;460.00;470.00;1600.00;1900.00;1600.00;150.00;760.00;792.00;1980.34;150.00;150.00;320.00;470.00;0.00;0.00;320.00;0.00;310.00;480.00;1670.00;480.00;534.67;600.00
1772827945.3107276;0.00;0.00;0.00;0.00;582.00;485.00;0.00;0.00;0.00;0.00;0.00;0.00;0.00;0.00;0.00;0.00;0.00;0.00;0.00;194.00;1067.00;582.00;0.00;460.00;460.00;470.00;1600.00;1900.00;1600.00;150.00;760.00;792.00;1980.34;150.00;150.00;320.00;470.00;0.00;0.00;320.00;0.00;310.00;480.00;1670.00;480.00;534.67;600.00
1772827945.3472903;0.00;0.00;0.00;0.00;582.00;485.00;0.00;0.00;0.00;0.00;0.00;0.00;0.00;0.00;0.00;0.00;0.00;0.00;0.00;194.00;1067.00;582.00;0.00;460.00;460.00;470.00;1600.00;1900.00;1600.00;150.00;760.00;792.00;1980.34;150.00;150.00;320.00;470.00;0.00;0.00;320.00;0.00;310.00;480.00;1670.00;480.00;534.67;600.00
1772827945.349518;0.00;0.00;0.00;0.00;582.00;485.00;0.00;0.00;0.00;0.00;0.00;0.00;0.00;0.00;0.00;0.00;0.00;0.00;0.00;194.00;1067.00;582.00;0.00;460.00;460.00;470.00;1600.00;1900.00;1600.00;150.00;760.00;792.00;1980.34;150.00;150.00;320.00;470.00;0.00;0.00;320.00;0.00;310.00;480.00;1670.00;480.00;534.67;600.00
1772827945.3869612;0.00;0.00;0.00;0.00;582.00;485.00;0.00;0.00;0.00;0.00;0.00;0.00;0.00;0.00;0.00;0.00;0.00;0.00;0.00;194.00;1067.00;582.00;0.00;460.00;460.00;470.00;1600.00;1900.00;1600.00;150.00;760.00;792.00;1980.34;150.00;150.00;320.00;470.00;0.00;0.00;320.00;0.00;310.00;480.00;1670.00;480.00;534.67;600.00
1772827945.3891027;0.00;0.00;0.00;0.00;582.00;485.00;0.00;0.00;0.00;0.00;0.00;0.00;0.00;0.00;0.00;0.00;0.00;0.00;0.00;194.00;1067.00;582.00;0.00;460.00;460.00;470.00;1600.00;1900.00;1600.00;150.00;760.00;792.00;1980.34;150.00;150.00;320.00;470.00;0.00;0.00;320.00;0.00;310.00;480.00;1670.00;480.00;534.67;600.00
1772827965.1182256;0.00;0.00;0.00;0.00;0.00;485.00;0.00;0.00;0.00;0.00;0.00;97.00;0.00;0.00;0.00;0.00;0.00;0.00;0.00;194.00;485.00;582.00;0.00;310.00;240.00;240.00;0.00;0.00;0.00;150.00;370.00;322.00;0.00;0.00;0.00;320.00;0.00;0.00;0.00;320.00;0.00;470.00;320.00;160.00;0.00;0.00;460.00
1772827965.1198058;0.00;0.00;0.00;0.00;0.00;485.00;0.00;0.00;0.00;0.00;0.00;97.00;0.00;0.00;0.00;0.00;0.00;0.00;0.00;194.00;485.00;582.00;0.00;310.00;240.00;240.00;0.00;0.00;0.00;150.00;370.00;322.00;0.00;0.00;0.00;320.00;0.00;0.00;0.00;320.00;0.00;470.00;320.00;160.00;0.00;0.00;460.00
1772827965.162062;0.00;0.00;0.00;0.00;0.00;485.00;0.00;0.00;0.00;0.00;0.00;194.00;0.00;0.00;0.00;0.00;0.00;0.00;0.00;194.00;485.00;582.00;0.00;620.00;550.00;550.00;230.00;0.00;0.00;150.00;370.00;322.00;0.00;0.00;0.00;320.00;0.00;0.00;0.00;640.00;160.00;470.00;320.00;160.00;0.00;0.00;760.00
1772827965.1637514;0.00;0.00;0.00;0.00;0.00;485.00;0.00;0.00;0.00;0.00;0.00;194.00;0.00;0.00;0.00;0.00;0.00;0.00;0.00;194.00;485.00;582.00;0.00;620.00;550.00;550.00;230.00;0.00;0.00;150.00;370.00;322.00;0.00;0.00;0.00;320.00;0.00;0.00;0.00;640.00;160.00;470.00;320.00;160.00;0.00;0.00;760.00
1772827965.2062867;0.00;0.00;0.00;0.00;0.00;485.00;0.00;0.00;0.00;0.00;0.00;291.00;0.00;0.00;0.00;0.00;0.00;0.00;0.00;194.00;485.00;582.00;0.00;930.00;860.00;860.00;390.00;0.00;0.00;150.00;370.00;322.00;0.00;0.00;0.00;320.00;0.00;0.00;0.00;1072.33;320.00;470.00;320.00;160.00;0.00;0.00;1060.00
1772827965.207991;0.00;0.00;0.00;0.00;0.00;485.00;0.00;0.00;0.00;0.00;0.00;291.00;0.00;0.00;0.00;0.00;0.00;0.00;0.00;194.00;485.00;582.00;0.00;930.00;860.00;860.00;390.00;0.00;0.00;150.00;370.00;322.00;0.00;0.00;0.00;320.00;0.00;0.00;0.00;1072.33;320.00;470.00;320.00;160.00;0.00;0.00;1060.00
1772827965.2499046;0.00;0.00;0.00;0.00;0.00;485.00;0.00;0.00;0.00;0.00;0.00;388.00;0.00;0.00;0.00;0.00;0.00;0.00;0.00;194.00;485.00;582.00;0.00;1170.00;1100.00;1100.00;390.00;0.00;0.00;150.00;370.00;322.00;230.00;230.00;230.00;320.00;230.00;0.00;0.00;1072.33;320.00;470.00;320.00;160.00;160.00;0.00;1360.00
1772827965.2517276;0.00;0.00;0.00;0.00;0.00;485.00;0.00;0.00;0.00;0.00;0.00;388.00;0.00;0.00;0.00;0.00;0.00;0.00;0.00;194.00;485.00;582.00;0.00;1170.00;1100.00;1100.00;390.00;0.00;0.00;150.00;370.00;322.00;230.00;230.00;230.00;320.00;230.00;0.00;0.00;1072.33;320.00;470.00;320.00;160.00;160.00;0.00;1360.00
1772827965.2947218;0.00;0.00;0.00;0.00;0.00;485.00;0.00;0.00;0.00;0.00;0.00;485.00;0.00;0.00;0.00;0.00;0.00;0.00;0.00;194.00;485.00;582.00;0.00;1400.00;1340.00;1340.00;390.00;0.00;0.00;150.00;370.00;322.00;460.00;460.00;460.00;320.00;230.00;0.00;0.00;1072.33;320.00;470.00;320.00;160.00;320.00;0.00;1660.00
1772827965.2964928;0.00;0.00;0.00;0.00;0.00;485.00;0.00;0.00;0.00;0.00;0.00;485.00;0.00;0.00;0.00;0.00;0.00;0.00;0.00;194.00;485.00;582.00;0.00;1400.00;1340.00;1340.00;390.00;0.00;0.00;150.00;370.00;322.00;460.00;460.00;460.00;320.00;230.00;0.00;0.00;1072.33;320.00;470.00;320.00;160.00;320.00;0.00;1660.00
1772827965.33757;0.00;0.00;0.00;0.00;0.00;485.00;0.00;0.00;0.00;0.00;0.00;582.00;0.00;0.00;0.00;0.00;0.00;0.00;0.00;194.00;485.00;582.00;0.00;1560.00;1500.00;1404.67;470.00;80.00;80.00;230.00;520.00;472.00;610.00;610.00;920.00;480.00;230.00;0.00;0.00;1072.33;320.00;470.00;320.00;160.00;320.00;320.00;1960.00
1772827965.3394;0.00;0.00;0.00;0.00;0.00;485.00;0.00;0.00;0.00;0.00;0.00;582.00;0.00;0.00;0.00;0.00;0.00;0.00;0.00;194.00;485.00;582.00;0.00;1560.00;1500.00;1404.67;470.00;80.00;80.00;230.00;520.00;472.00;610.00;610.00;920.00;480.00;230.00;0.00;0.00;1072.33;320.00;470.00;320.00;160.00;320.00;320.00;1960.00
1772827981.146944;0.00;0.00;0.00;0.00;0.00;485.00;0.00;0.00;0.00;0.00;0.00;582.00;0.00;97.00;0.00;0.00;0.00;0.00;0.00;194.00;485.00;0.00;0.00;1735.34;1340.00;644.67;240.00;80.00;80.00;0.00;0.00;0.00;230.00;230.00;540.00;480.00;0.00;0.00;0.00;1072.33;320.00;582.34;320.00;0.00;480.00;320.00;300.00
1772827981.1479037;0.00;0.00;0.00;0.00;0.00;485.00;0.00;0.00;0.00;0.00;0.00;582.00;0.00;97.00;0.00;0.00;0.00;0.00;0.00;194.00;485.00;0.00;0.00;1735.34;1340.00;644.67;240.00;80.00;80.00;0.00;0.00;0.00;230.00;230.00;540.00;480.00;0.00;0.00;0.00;1072.33;320.00;582.34;320.00;0.00;480.00;320.00;300.00
1772827981.238101;0.00;0.00;0.00;0.00;0.00;485.00;0.00;0.00;0.00;0.00;0.00;582.00;0.00;194.00;0.00;0.00;0.00;0.00;0.00;194.00;485.00;0.00;0.00;2190.01;1340.00;644.67;240.00;80.00;80.00;0.00;0.00;230.00;460.00;460.00;1090.00;480.00;0.00;230.00;0.00;1072.33;320.00;582.34;320.00;0.00;640.00;320.00;600.00
1772827981.2389977;0.00;0.00;0.00;0.00;0.00;485.00;0.00;0.00;0.00;0.00;0.00;582.00;0.00;194.00;0.00;0.00;0.00;0.00;0.00;194.00;485.00;0.00;0.00;2190.01;1340.00;644.67;240.00;80.00;80.00;0.00;0.00;230.00;460.00;460.00;1090.00;480.00;0.00;230.00;0.00;1072.33;320.00;582.34;320.00;0.00;640.00;320.00;600.00
1772827981.2628748;0.00;0.00;0.00;0.00;0.00;485.00;0.00;0.00;0.00;0.00;0.00;582.00;0.00;291.00;0.00;0.00;0.00;0.00;0.00;194.00;485.00;0.00;0.00;2430.01;1340.00;644.67;240.00;80.00;80.00;0.00;0.00;460.00;1000.00;1000.00;1630.00;480.00;320.00;230.00;0.00;1072.33;320.00;582.34;320.00;0.00;800.00;320.00;900.00
1772827981.2638059;0.00;0.00;0.00;0.00;0.00;485.00;0.00;0.00;0.00;0.00;0.00;582.00;0.00;291.00;0.00;0.00;0.00;0.00;0.00;194.00;485.00;0.00;0.00;2430.01;1340.00;644.67;240.00;80.00;80.00;0.00;0.00;460.00;1000.00;1000.00;1630.00;480.00;320.00;230.00;0.00;1072.33;320.00;582.34;320.00;0.00;800.00;320.00;900.00
1772827981.2876089;0.00;0.00;0.00;0.00;0.00;485.00;0.00;0.00;0.00;0.00;0.00;582.00;0.00;388.00;0.00;0.00;0.00;0.00;0.00;194.00;485.00;0.00;0.00;2852.34;1570.00;874.67;240.00;80.00;80.00;0.00;0.00;460.00;1310.00;1310.00;1940.00;480.00;640.00;230.00;0.00;1072.33;320.00;582.34;320.00;0.00;800.00;320.00;1200.00
1772827981.2885392;0.00;0.00;0.00;0.00;0.00;485.00;0.00;0.00;0.00;0.00;0.00;582.00;0.00;388.00;0.00;0.00;0.00;0.00;0.00;194.00;485.00;0.00;0.00;2852.34;1570.00;874.67;240.00;80.00;80.00;0.00;0.00;460.00;1310.00;1310.00;1940.00;480.00;640.00;230.00;0.00;1072.33;320.00;582.34;320.00;0.00;800.00;320.00;1200.00
1772827981.3120506;0.00;0.00;0.00;0.00;0.00;485.00;0.00;0.00;0.00;0.00;0.00;582.00;0.00;485.00;0.00;0.00;0.00;0.00;0.00;194.00;485.00;0.00;0.00;3067.01;1752.33;1104.67;470.00;80.00;80.00;0.00;0.00;460.00;1620.00;1524.67;2154.67;480.00;960.00;230.00;0.00;1072.33;480.00;582.34;320.00;0.00;800.00;320.00;1500.00
1772827981.312974;0.00;0.00;0.00;0.00;0.00;485.00;0.00;0.00;0.00;0.00;0.00;582.00;0.00;485.00;0.00;0.00;0.00;0.00;0.00;194.00;485.00;0.00;0.00;3067.01;1752.33;1104.67;470.00;80.00;80.00;0.00;0.00;460.00;1620.00;1524.67;2154.67;480.00;960.00;230.00;0.00;1072.33;480.00;582.34;320.00;0.00;800.00;320.00;1500.00
1772827981.3369532;0.00;0.00;0.00;0.00;0.00;485.00;0.00;0.00;0.00;0.00;0.00;582.00;0.00;582.00;0.00;0.00;0.00;0.00;0.00;194.00;485.00;0.00;0.00;3164.01;1752.33;1104.67;470.00;80.00;80.00;230.00;230.00;690.00;2112.33;1921.67;2551.67;480.00;1280.00;230.00;160.00;1072.33;480.00;582.34;320.00;0.00;800.00;320.00;1800.00
1772827981.3379574;0.00;0.00;0.00;0.00;0.00;485.00;0.00;0.00;0.00;0.00;0.00;582.00;0.00;582.00;0.00;0.00;0.00;0.00;0.00;194.00;485.00;0.00;0.00;3164.01;1752.33;1104.67;470.00;80.00;80.00;230.00;230.00;690.00;2112.33;1921.67;2551.67;480.00;1280.00;230.00;160.00;1072.33;480.00;582.34;320.00;0.00;800.00;320.00;1800.00
1772827995.191672;0.00;0.00;0.00;0.00;0.00;485.00;0.00;0.00;0.00;0.00;0.00;582.00;0.00;582.00;0.00;0.00;0.00;0.00;0.00;194.00;485.00;0.00;0.00;3164.01;1752.33;1104.67;470.00;80.00;80.00;230.00;230.00;690.00;2112.33;1921.67;2551.67;480.00;1280.00;230.00;160.00;1072.33;480.00;582.34;320.00;0.00;800.00;320.00;1800.00
1772827995.193524;0.00;0.00;0.00;0.00;0.00;485.00;0.00;0.00;0.00;0.00;0.00;582.00;0.00;582.00;0.00;0.00;0.00;0.00;0.00;194.00;485.00;0.00;0.00;3164.01;1752.33;1104.67;470.00;80.00;80.00;230.00;230.00;690.00;2112.33;1921.67;2551.67;480.00;1280.00;230.00;160.00;1072.33;480.00;582.34;320.00;0.00;800.00;320.00;1800.00
1772827995.2307854;0.00;0.00;0.00;0.00;0.00;485.00;0.00;0.00;0.00;0.00;0.00;582.00;0.00;582.00;0.00;0.00;0.00;0.00;0.00;194.00;485.00;0.00;0.00;3164.01;1752.33;1104.67;470.00;80.00;80.00;230.00;230.00;690.00;2112.33;1921.67;2551.67;480.00;1280.00;230.00;160.00;1072.33;480.00;582.34;320.00;0.00;800.00;320.00;1800.00
1772827995.2326677;0.00;0.00;0.00;0.00;0.00;485.00;0.00;0.00;0.00;0.00;0.00;582.00;0.00;582.00;0.00;0.00;0.00;0.00;0.00;194.00;485.00;0.00;0.00;3164.01;1752.33;1104.67;470.00;80.00;80.00;230.00;230.00;690.00;2112.33;1921.67;2551.67;480.00;1280.00;230.00;160.00;1072.33;480.00;582.34;320.00;0.00;800.00;320.00;1800.00
1772827995.2688348;0.00;0.00;0.00;0.00;0.00;485.00;0.00;0.00;0.00;0.00;0.00;582.00;0.00;582.00;0.00;0.00;0.00;0.00;0.00;194.00;485.00;0.00;0.00;3164.01;1752.33;1104.67;470.00;80.00;80.00;230.00;230.00;690.00;2112.33;1921.67;2551.67;480.00;1280.00;230.00;160.00;1072.33;480.00;582.34;320.00;0.00;800.00;320.00;1800.00
1772827995.270711;0.00;0.00;0.00;0.00;0.00;485.00;0.00;0.00;0.00;0.00;0.00;582.00;0.00;582.00;0.00;0.00;0.00;0.00;0.00;194.00;485.00;0.00;0.00;3164.01;1752.33;1104.67;470.00;80.00;80.00;230.00;230.00;690.00;2112.33;1921.67;2551.67;480.00;1280.00;230.00;160.00;1072.33;480.00;582.34;320.00;0.00;800.00;320.00;1800.00
1772827995.3062305;0.00;0.00;0.00;0.00;0.00;485.00;0.00;0.00;0.00;0.00;0.00;582.00;0.00;582.00;0.00;0.00;0.00;0.00;0.00;194.00;485.00;0.00;0.00;3164.01;1752.33;1104.67;470.00;80.00;80.00;230.00;230.00;690.00;2112.33;1921.67;2551.67;480.00;1280.00;230.00;160.00;1072.33;480.00;582.34;320.00;0.00;800.00;320.00;1800.00
1772827995.308056;0.00;0.00;0.00;0.00;0.00;485.00;0.00;0.00;0.00;0.00;0.00;582.00;0.00;582.00;0.00;0.00;0.00;0.00;0.00;194.00;485.00;0.00;0.00;3164.01;1752.33;1104.67;470.00;80.00;80.00;230.00;230.00;690.00;2112.33;1921.67;2551.67;480.00;1280.00;230.00;160.00;1072.33;480.00;582.34;320.00;0.00;800.00;320.00;1800.00
1772827995.4609444;0.00;0.00;0.00;0.00;0.00;485.00;0.00;0.00;0.00;0.00;0.00;582.00;0.00;582.00;0.00;0.00;0.00;0.00;0.00;194.00;485.00;0.00;0.00;3164.01;1752.33;1104.67;470.00;80.00;80.00;230.00;230.00;690.00;2112.33;1921.67;2551.67;480.00;1280.00;230.00;160.00;1072.33;480.00;582.34;320.00;0.00;800.00;320.00;1800.00
1772827995.4627628;0.00;0.00;0.00;0.00;0.00;485.00;0.00;0.00;0.00;0.00;0.00;582.00;0.00;582.00;0.00;0.00;0.00;0.00;0.00;194.00;485.00;0.00;0.00;3164.01;1752.33;1104.67;470.00;80.00;80.00;230.00;230.00;690.00;2112.33;1921.67;2551.67;480.00;1280.00;230.00;160.00;1072.33;480.00;582.34;320.00;0.00;800.00;320.00;1800.00
1772827995.4984095;0.00;0.00;0.00;0.00;0.00;485.00;0.00;0.00;0.00;0.00;0.00;582.00;0.00;582.00;0.00;0.00;0.00;0.00;0.00;194.00;485.00;0.00;0.00;3164.01;1752.33;1104.67;470.00;80.00;80.00;230.00;230.00;690.00;2112.33;1921.67;2551.67;480.00;1280.00;230.00;160.00;1072.33;480.00;582.34;320.00;0.00;800.00;320.00;1800.00
1772827995.5002415;0.00;0.00;0.00;0.00;0.00;485.00;0.00;0.00;0.00;0.00;0.00;582.00;0.00;582.00;0.00;0.00;0.00;0.00;0.00;194.00;485.00;0.00;0.00;3164.01;1752.33;1104.67;470.00;80.00;80.00;230.00;230.00;690.00;2112.33;1921.67;2551.67;480.00;1280.00;230.00;160.00;1072.33;480.00;582.34;320.00;0.00;800.00;320.00;1800.00
1772828016.2225587;0.00;0.00;0.00;0.00;0.00;485.00;0.00;0.00;0.00;0.00;0.00;582.00;0.00;582.00;0.00;0.00;0.00;0.00;0.00;194.00;485.00;0.00;0.00;3164.01;1752.33;1104.67;470.00;80.00;80.00;230.00;230.00;690.00;2112.33;1921.67;2551.67;480.00;1280.00;230.00;160.00;1072.33;480.00;582.34;320.00;0.00;800.00;320.00;1800.00
1772828016.2244964;0.00;0.00;0.00;0.00;0.00;485.00;0.00;0.00;0.00;0.00;0.00;582.00;0.00;582.00;0.00;0.00;0.00;0.00;0.00;194.00;485.00;0.00;0.00;3164.01;1752.33;1104.67;470.00;80.00;80.00;230.00;230.00;690.00;2112.33;1921.67;2551.67;480.00;1280.00;230.00;160.00;1072.33;480.00;582.34;320.00;0.00;800.00;320.00;1800.00
1772828016.2610981;0.00;0.00;0.00;0.00;0.00;485.00;0.00;0.00;0.00;0.00;0.00;582.00;0.00;582.00;0.00;0.00;0.00;0.00;0.00;194.00;485.00;0.00;0.00;3164.01;1752.33;1104.67;470.00;80.00;80.00;230.00;230.00;690.00;2112.33;1921.67;2551.67;480.00;1280.00;230.00;160.00;1072.33;480.00;582.34;320.00;0.00;800.00;320.00;1800.00
1772828016.262946;0.00;0.00;0.00;0.00;0.00;485.00;0.00;0.00;0.00;0.00;0.00;582.00;0.00;582.00;0.00;0.00;0.00;0.00;0.00;194.00;485.00;0.00;0.00;3164.01;1752.33;1104.67;470.00;80.00;80.00;230.00;230.00;690.00;2112.33;1921.67;2551.67;480.00;1280.00;230.00;160.00;1072.33;480.00;582.34;320.00;0.00;800.00;320.00;1800.00
1772828016.2991219;0.00;0.00;0.00;0.00;0.00;485.00;0.00;0.00;0.00;0.00;0.00;582.00;0.00;582.00;0.00;0.00;0.00;0.00;0.00;194.00;485.00;0.00;0.00;3164.01;1752.33;1104.67;470.00;80.00;80.00;230.00;230.00;690.00;2112.33;1921.67;2551.67;480.00;1280.00;230.00;160.00;1072.33;480.00;582.34;320.00;0.00;800.00;320.00;1800.00
1772828016.3010378;0.00;0.00;0.00;0.00;0.00;485.00;0.00;0.00;0.00;0.00;0.00;582.00;0.00;582.00;0.00;0.00;0.00;0.00;0.00;194.00;485.00;0.00;0.00;3164.01;1752.33;1104.67;470.00;80.00;80.00;230.00;230.00;690.00;2112.33;1921.67;2551.67;480.00;1280.00;230.00;160.00;1072.33;480.00;582.34;320.00;0.00;800.00;320.00;1800.00
1772828016.3376;0.00;0.00;0.00;0.00;0.00;485.00;0.00;0.00;0.00;0.00;0.00;582.00;0.00;582.00;0.00;0.00;0.00;0.00;0.00;194.00;485.00;0.00;0.00;3164.01;1752.33;1104.67;470.00;80.00;80.00;230.00;230.00;690.00;2112.33;1921.67;2551.67;480.00;1280.00;230.00;160.00;1072.33;480.00;582.34;320.00;0.00;800.00;320.00;1800.00
1772828016.3394027;0.00;0.00;0.00;0.00;0.00;485.00;0.00;0.00;0.00;0.00;0.00;582.00;0.00;582.00;0.00;0.00;0.00;0.00;0.00;194.00;485.00;0.00;0.00;3164.01;1752.33;1104.67;470.00;80.00;80.00;230.00;230.00;690.00;2112.33;1921.67;2551.67;480.00;1280.00;230.00;160.00;1072.33;480.00;582.34;320.00;0.00;800.00;320.00;1800.00
1772828016.375615;0.00;0.00;0.00;0.00;0.00;485.00;0.00;0.00;0.00;0.00;0.00;582.00;0.00;582.00;0.00;0.00;0.00;0.00;0.00;194.00;485.00;0.00;0.00;3164.01;1752.33;1104.67;470.00;80.00;80.00;230.00;230.00;690.00;2112.33;1921.67;2551.67;480.00;1280.00;230.00;160.00;1072.33;480.00;582.34;320.00;0.00;800.00;320.00;1800.00
1772828016.3774843;0.00;0.00;0.00;0.00;0.00;485.00;0.00;0.00;0.00;0.00;0.00;582.00;0.00;582.00;0.00;0.00;0.00;0.00;0.00;194.00;485.00;0.00;0.00;3164.01;1752.33;1104.67;470.00;80.00;80.00;230.00;230.00;690.00;2112.33;1921.67;2551.67;480.00;1280.00;230.00;160.00;1072.33;480.00;582.34;320.00;0.00;800.00;320.00;1800.00
1772828016.4134092;0.00;0.00;0.00;0.00;0.00;485.00;0.00;0.00;0.00;0.00;0.00;582.00;0.00;582.00;0.00;0.00;0.00;0.00;0.00;194.00;485.00;0.00;0.00;3164.01;1752.33;1104.67;470.00;80.00;80.00;230.00;230.00;690.00;2112.33;1921.67;2551.67;480.00;1280.00;230.00;160.00;1072.33;480.00;582.34;320.00;0.00;800.00;320.00;1800.00
1772828016.4152784;0.00;0.00;0.00;0.00;0.00;485.00;0.00;0.00;0.00;0.00;0.00;582.00;0.00;582.00;0.00;0.00;0.00;0.00;0.00;194.00;485.00;0.00;0.00;3164.01;1752.33;1104.67;470.00;80.00;80.00;230.00;230.00;690.00;2112.33;1921.67;2551.67;480.00;1280.00;230.00;160.00;1072.33;480.00;582.34;320.00;0.00;800.00;320.00;1800.00
1772828045.2381542;0.00;0.00;0.00;0.00;0.00;485.00;0.00;0.00;0.00;0.00;0.00;582.00;0.00;582.00;0.00;0.00;0.00;0.00;97.00;194.00;0.00;0.00;0.00;3164.01;1752.33;1104.67;470.00;80.00;80.00;0.00;0.00;310.00;310.00;230.00;230.00;0.00;1280.00;400.00;0.00;1072.33;480.00;582.34;320.00;0.00;960.00;320.00;300.00
1772828045.2390425;0.00;0.00;0.00;0.00;0.00;485.00;0.00;0.00;0.00;0.00;0.00;582.00;0.00;582.00;0.00;0.00;0.00;0.00;97.00;194.00;0.00;0.00;0.00;3164.01;1752.33;1104.67;470.00;80.00;80.00;0.00;0.00;310.00;310.00;230.00;230.00;0.00;1280.00;400.00;0.00;1072.33;480.00;582.34;320.00;0.00;960.00;320.00;300.00
1772828045.2617335;0.00;0.00;0.00;0.00;0.00;485.00;0.00;0.00;0.00;0.00;0.00;582.00;0.00;582.00;0.00;0.00;0.00;0.00;194.00;194.00;0.00;0.00;0.00;3164.01;1752.33;1104.67;470.00;80.00;80.00;0.00;0.00;850.00;754.67;530.00;530.00;0.00;1280.00;880.00;0.00;1072.33;480.00;582.34;320.00;0.00;960.00;320.00;600.00
1772828045.2626028;0.00;0.00;0.00;0.00;0.00;485.00;0.00;0.00;0.00;0.00;0.00;582.00;0.00;582.00;0.00;0.00;0.00;0.00;194.00;194.00;0.00;0.00;0.00;3164.01;1752.33;1104.67;470.00;80.00;80.00;0.00;0.00;850.00;754.67;530.00;530.00;0.00;1280.00;880.00;0.00;1072.33;480.00;582.34;320.00;0.00;960.00;320.00;600.00
1772828045.2852275;0.00;0.00;0.00;0.00;0.00;485.00;0.00;0.00;0.00;0.00;0.00;582.00;0.00;582.00;0.00;0.00;0.00;0.00;291.00;194.00;0.00;0.00;0.00;3164.01;1752.33;1104.67;470.00;80.00;80.00;0.00;230.00;1390.00;1151.67;830.00;830.00;0.00;1280.00;1200.00;160.00;1072.33;480.00;582.34;320.00;0.00;960.00;320.00;900.00
1772828045.286118;0.00;0.00;0.00;0.00;0.00;485.00;0.00;0.00;0.00;0.00;0.00;582.00;0.00;582.00;0.00;0.00;0.00;0.00;291.00;194.00;0.00;0.00;0.00;3164.01;1752.33;1104.67;470.00;80.00;80.00;0.00;230.00;1390.00;1151.67;830.00;830.00;0.00;1280.00;1200.00;160.00;1072.33;480.00;582.34;320.00;0.00;960.00;320.00;900.00
1772828045.3089986;0.00;0.00;0.00;0.00;0.00;485.00;0.00;0.00;0.00;0.00;0.00;582.00;0.00;582.00;0.00;0.00;0.00;0.00;388.00;194.00;0.00;0.00;0.00;3164.01;1752.33;1104.67;470.00;80.00;80.00;0.00;460.00;1930.00;1548.67;1130.00;1130.00;0.00;1280.00;1680.00;390.00;1072.33;480.00;582.34;320.00;0.00;960.00;320.00;1200.00
1772828045.309963;0.00;0.00;0.00;0.00;0.00;485.00;0.00;0.00;0.00;0.00;0.00;582.00;0.00;582.00;0.00;0.00;0.00;0.00;388.00;194.00;0.00;0.00;0.00;3164.01;1752.33;1104.67;470.00;80.00;80.00;0.00;460.00;1930.00;1548.67;1130.00;1130.00;0.00;1280.00;1680.00;390.00;1072.33;480.00;582.34;320.00;0.00;960.00;320.00;1200.00
1772828045.3970788;0.00;0.00;0.00;0.00;0.00;485.00;0.00;0.00;0.00;0.00;0.00;582.00;0.00;582.00;0.00;0.00;0.00;0.00;485.00;194.00;0.00;0.00;0.00;3164.01;1752.33;1104.67;470.00;80.00;80.00;230.00;690.00;2480.00;1945.67;1430.00;1430.00;230.00;1504.67;1680.00;550.00;1072.33;480.00;582.34;320.00;0.00;960.00;320.00;1500.00
1772828045.39806;0.00;0.00;0.00;0.00;0.00;485.00;0.00;0.00;0.00;0.00;0.00;582.00;0.00;582.00;0.00;0.00;0.00;0.00;485.00;194.00;0.00;0.00;0.00;3164.01;1752.33;1104.67;470.00;80.00;80.00;230.00;690.00;2480.00;1945.67;1430.00;1430.00;230.00;1504.67;1680.00;550.00;1072.33;480.00;582.34;320.00;0.00;960.00;320.00;1500.00
1772828045.419686;0.00;0.00;0.00;0.00;0.00;485.00;0.00;0.00;0.00;0.00;0.00;582.00;0.00;582.00;0.00;0.00;0.00;0.00;485.00;194.00;0.00;0.00;0.00;3164.01;1752.33;1104.67;470.00;80.00;80.00;230.00;690.00;2480.00;1945.67;1430.00;1430.00;230.00;1504.67;1680.00;550.00;1072.33;480.00;582.34;320.00;0.00;960.00;320.00;1500.00
1772828045.4207697;0.00;0.00;0.00;0.00;0.00;485.00;0.00;0.00;0.00;0.00;0.00;582.00;0.00;582.00;0.00;0.00;0.00;0.00;485.00;194.00;0.00;0.00;0.00;3164.01;1752.33;1104.67;470.00;80.00;80.00;230.00;690.00;2480.00;1945.67;1430.00;1430.00;230.00;1504.67;1680.00;550.00;1072.33;480.00;582.34;320.00;0.00;960.00;320.00;1500.00
1772828064.3172631;0.00;0.00;0.00;0.00;0.00;0.00;0.00;0.00;0.00;0.00;0.00;582.00;0.00;582.00;97.00;0.00;0.00;0.00;485.00;194.00;0.00;0.00;0.00;1794.01;1912.33;1264.67;630.00;470.00;0.00;0.00;0.00;250.00;0.00;0.00;0.00;0.00;1034.67;975.34;550.00;1072.33;640.00;572.34;752.33;0.00;960.00;320.00;300.00
1772828064.3189435;0.00;0.00;0.00;0.00;0.00;0.00;0.00;0.00;0.00;0.00;0.00;582.00;0.00;582.00;97.00;0.00;0.00;0.00;485.00;194.00;0.00;0.00;0.00;1794.01;1912.33;1264.67;630.00;470.00;0.00;0.00;0.00;250.00;0.00;0.00;0.00;0.00;1034.67;975.34;550.00;1072.33;640.00;572.34;752.33;0.00;960.00;320.00;300.00
1772828064.35692;0.00;0.00;0.00;0.00;0.00;0.00;0.00;0.00;0.00;0.00;0.00;582.00;0.00;582.00;194.00;0.00;0.00;0.00;485.00;194.00;0.00;0.00;0.00;1944.01;2062.33;1414.67;780.00;630.00;80.00;80.00;150.00;400.00;150.00;150.00;150.00;160.00;1034.67;975.34;550.00;1072.33;950.00;572.34;1072.33;0.00;960.00;320.00;600.00
1772828064.3585117;0.00;0.00;0.00;0.00;0.00;0.00;0.00;0.00;0.00;0.00;0.00;582.00;0.00;582.00;194.00;0.00;0.00;0.00;485.00;194.00;0.00;0.00;0.00;1944.01;2062.33;1414.67;780.00;630.00;80.00;80.00;150.00;400.00;150.00;150.00;150.00;160.00;1034.67;975.34;550.00;1072.33;950.00;572.34;1072.33;0.00;960.00;320.00;600.00
1772828064.3966522;0.00;0.00;0.00;0.00;0.00;0.00;0.00;0.00;0.00;0.00;0.00;582.00;0.00;582.00;291.00;0.00;0.00;0.00;485.00;194.00;0.00;0.00;0.00;2094.01;2222.33;1574.67;940.00;790.00;160.00;160.00;230.00;550.00;300.00;300.00;300.00;320.00;1034.67;975.34;550.00;1072.33;950.00;572.34;1072.33;0.00;960.00;320.00;900.00
1772828064.3983555;0.00;0.00;0.00;0.00;0.00;0.00;0.00;0.00;0.00;0.00;0.00;582.00;0.00;582.00;291.00;0.00;0.00;0.00;485.00;194.00;0.00;0.00;0.00;2094.01;2222.33;1574.67;940.00;790.00;160.00;160.00;230.00;550.00;300.00;300.00;300.00;320.00;1034.67;975.34;550.00;1072.33;950.00;572.34;1072.33;0.00;960.00;320.00;900.00
1772828064.4356785;0.00;0.00;0.00;0.00;0.00;0.00;0.00;0.00;0.00;0.00;0.00;582.00;0.00;582.00;388.00;0.00;0.00;0.00;485.00;194.00;0.00;0.00;0.00;2244.01;2382.33;1734.67;1100.00;950.00;192.33;240.00;310.00;630.00;450.00;450.00;450.00;320.00;1034.67;975.34;710.00;1072.33;950.00;572.34;1072.33;0.00;960.00;320.00;1200.00
1772828064.4365983;0.00;0.00;0.00;0.00;0.00;0.00;0.00;0.00;0.00;0.00;0.00;582.00;0.00;582.00;388.00;0.00;0.00;0.00;485.00;194.00;0.00;0.00;0.00;2244.01;2382.33;1734.67;1100.00;950.00;192.33;240.00;310.00;630.00;450.00;450.00;450.00;320.00;1034.67;975.34;710.00;1072.33;950.00;572.34;1072.33;0.00;960.00;320.00;1200.00
1772828064.4719357;0.00;0.00;0.00;0.00;0.00;0.00;0.00;0.00;0.00;0.00;0.00;582.00;0.00;582.00;485.00;0.00;0.00;0.00;485.00;194.00;0.00;0.00;0.00;2394.01;2532.33;1884.67;1260.00;1110.00;272.33;390.00;460.00;780.00;600.00;600.00;600.00;320.00;1034.67;975.34;710.00;1072.33;950.00;572.34;1232.33;0.00;960.00;320.00;1500.00
1772828064.4741943;0.00;0.00;0.00;0.00;0.00;0.00;0.00;0.00;0.00;0.00;0.00;582.00;0.00;582.00;485.00;0.00;0.00;0.00;485.00;194.00;0.00;0.00;0.00;2394.01;2532.33;1884.67;1260.00;1110.00;272.33;390.00;460.00;780.00;600.00;600.00;600.00;320.00;1034.67;975.34;710.00;1072.33;950.00;572.34;1232.33;0.00;960.00;320.00;1500.00
1772828064.5362163;0.00;0.00;0.00;0.00;0.00;0.00;0.00;0.00;0.00;0.00;0.00;582.00;0.00;582.00;485.00;0.00;0.00;0.00;485.00;194.00;0.00;0.00;0.00;2394.01;2532.33;1884.67;1260.00;1110.00;272.33;390.00;460.00;780.00;600.00;600.00;600.00;320.00;1034.67;975.34;710.00;1072.33;950.00;572.34;1232.33;0.00;960.00;320.00;1500.00
1772828064.5379455;0.00;0.00;0.00;0.00;0.00;0.00;0.00;0.00;0.00;0.00;0.00;582.00;0.00;582.00;485.00;0.00;0.00;0.00;485.00;194.00;0.00;0.00;0.00;2394.01;2532.33;1884.67;1260.00;1110.00;272.33;390.00;460.00;780.00;600.00;600.00;600.00;320.00;1034.67;975.34;710.00;1072.33;950.00;572.34;1232.33;0.00;960.00;320.00;1500.00
1772828072.6033604;0.00;0.00;0.00;0.00;0.00;0.00;0.00;0.00;0.00;0.00;0.00;485.00;0.00;194.00;194.00;0.00;0.00;0.00;388.00;0.00;0.00;0.00;0.00;310.00;310.00;310.00;170.00;0.00;0.00;0.00;0.00;0.00;0.00;0.00;0.00;0.00;394.67;425.34;550.00;864.66;950.00;0.00;80.00;320.00;0.00;320.00;460.00
1772828072.60432;0.00;0.00;0.00;0.00;0.00;0.00;0.00;0.00;0.00;0.00;0.00;485.00;0.00;194.00;194.00;0.00;0.00;0.00;388.00;0.00;0.00;0.00;0.00;310.00;310.00;310.00;170.00;0.00;0.00;0.00;0.00;0.00;0.00;0.00;0.00;0.00;394.67;425.34;550.00;864.66;950.00;0.00;80.00;320.00;0.00;320.00;460.00
1772828072.6339047;0.00;0.00;0.00;0.00;0.00;0.00;0.00;0.00;0.00;0.00;0.00;485.00;0.00;194.00;291.00;0.00;0.00;0.00;388.00;0.00;0.00;0.00;0.00;610.00;610.00;610.00;410.00;240.00;0.00;0.00;0.00;0.00;0.00;0.00;0.00;0.00;394.67;425.34;550.00;1174.66;1110.00;0.00;400.00;320.00;0.00;320.00;760.00
1772828072.6348598;0.00;0.00;0.00;0.00;0.00;0.00;0.00;0.00;0.00;0.00;0.00;485.00;0.00;194.00;291.00;0.00;0.00;0.00;388.00;0.00;0.00;0.00;0.00;610.00;610.00;610.00;410.00;240.00;0.00;0.00;0.00;0.00;0.00;0.00;0.00;0.00;394.67;425.34;550.00;1174.66;1110.00;0.00;400.00;320.00;0.00;320.00;760.00
1772828072.7369666;0.00;0.00;0.00;0.00;0.00;0.00;0.00;0.00;0.00;0.00;0.00;485.00;0.00;194.00;388.00;0.00;0.00;0.00;388.00;0.00;0.00;0.00;0.00;910.00;910.00;920.00;720.00;710.00;0.00;0.00;0.00;0.00;0.00;0.00;0.00;0.00;394.67;425.34;550.00;1174.66;1270.00;0.00;512.33;320.00;0.00;320.00;1060.00
1772828072.7378476;0.00;0.00;0.00;0.00;0.00;0.00;0.00;0.00;0.00;0.00;0.00;485.00;0.00;194.00;388.00;0.00;0.00;0.00;388.00;0.00;0.00;0.00;0.00;910.00;910.00;920.00;720.00;710.00;0.00;0.00;0.00;0.00;0.00;0.00;0.00;0.00;394.67;425.34;550.00;1174.66;1270.00;0.00;512.33;320.00;0.00;320.00;1060.00
1772828072.7658424;0.00;0.00;0.00;0.00;0.00;0.00;0.00;0.00;0.00;0.00;0.00;485.00;0.00;194.00;485.00;0.00;0.00;0.00;388.00;0.00;0.00;0.00;0.00;1210.00;1210.00;1230.00;1030.00;1180.00;0.00;0.00;0.00;0.00;0.00;0.00;0.00;0.00;394.67;425.34;550.00;1174.66;1430.00;0.00;624.66;320.00;0.00;320.00;1360.00
1772828072.7668676;0.00;0.00;0.00;0.00;0.00;0.00;0.00;0.00;0.00;0.00;0.00;485.00;0.00;194.00;485.00;0.00;0.00;0.00;388.00;0.00;0.00;0.00;0.00;1210.00;1210.00;1230.00;1030.00;1180.00;0.00;0.00;0.00;0.00;0.00;0.00;0.00;0.00;394.67;425.34;550.00;1174.66;1430.00;0.00;624.66;320.00;0.00;320.00;1360.00
1772828072.791717;0.00;0.00;0.00;0.00;0.00;0.00;0.00;0.00;0.00;0.00;0.00;485.00;0.00;291.00;485.00;0.00;0.00;0.00;388.00;0.00;0.00;0.00;0.00;1307.00;1210.00;1230.00;1030.00;1180.00;0.00;0.00;0.00;0.00;230.00;540.00;540.00;0.00;394.67;425.34;550.00;1174.66;1430.00;0.00;624.66;320.00;160.00;320.00;1660.00
1772828072.7927706;0.00;0.00;0.00;0.00;0.00;0.00;0.00;0.00;0.00;0.00;0.00;485.00;0.00;291.00;485.00;0.00;0.00;0.00;388.00;0.00;0.00;0.00;0.00;1307.00;1210.00;1230.00;1030.00;1180.00;0.00;0.00;0.00;0.00;230.00;540.00;540.00;0.00;394.67;425.34;550.00;1174.66;1430.00;0.00;624.66;320.00;160.00;320.00;1660.00
1772828072.819866;0.00;0.00;0.00;0.00;0.00;0.00;0.00;0.00;0.00;0.00;0.00;485.00;0.00;388.00;485.00;0.00;0.00;0.00;388.00;0.00;0.00;0.00;0.00;1404.00;1210.00;1230.00;1030.00;1180.00;0.00;0.00;0.00;0.00;460.00;1032.33;937.00;0.00;394.67;425.34;550.00;1174.66;1430.00;0.00;624.66;320.00;320.00;544.67;1960.00
1772828072.8209631;0.00;0.00;0.00;0.00;0.00;0.00;0.00;0.00;0.00;0.00;0.00;485.00;0.00;388.00;485.00;0.00;0.00;0.00;388.00;0.00;0.00;0.00;0.00;1404.00;1210.00;1230.00;1030.00;1180.00;0.00;0.00;0.00;0.00;460.00;1032.33;937.00;0.00;394.67;425.34;550.00;1174.66;1430.00;0.00;624.66;320.00;320.00;544.67;1960.00
1772828072.8481698;0.00;0.00;0.00;0.00;0.00;0.00;0.00;0.00;0.00;0.00;0.00;485.00;0.00;485.00;485.00;0.00;0.00;0.00;388.00;0.00;0.00;0.00;0.00;1501.00;1210.00;1230.00;1030.00;1180.00;0.00;0.00;0.00;0.00;1000.00;1429.33;1334.00;0.00;714.67;425.34;550.00;1174.66;1430.00;0.00;624.66;320.00;704.67;544.67;2260.00
1772828072.8491883;0.00;0.00;0.00;0.00;0.00;0.00;0.00;0.00;0.00;0.00;0.00;485.00;0.00;485.00;485.00;0.00;0.00;0.00;388.00;0.00;0.00;0.00;0.00;1501.00;1210.00;1230.00;1030.00;1180.00;0.00;0.00;0.00;0.00;1000.00;1429.33;1334.00;0.00;714.67;425.34;550.00;1174.66;1430.00;0.00;624.66;320.00;704.67;544.67;2260.00
1772828072.874441;0.00;0.00;0.00;0.00;0.00;0.00;0.00;0.00;0.00;0.00;0.00;485.00;0.00;485.00;485.00;0.00;0.00;0.00;485.00;0.00;0.00;0.00;0.00;1501.00;1210.00;1230.00;1030.00;1180.00;0.00;0.00;0.00;0.00;1540.00;1954.00;1634.00;0.00;1194.67;425.34;550.00;1174.66;1430.00;0.00;624.66;320.00;704.67;544.67;2560.00
1772828072.8755293;0.00;0.00;0.00;0.00;0.00;0.00;0.00;0.00;0.00;0.00;0.00;485.00;0.00;485.00;485.00;0.00;0.00;0.00;485.00;0.00;0.00;0.00;0.00;1501.00;1210.00;1230.00;1030.00;1180.00;0.00;0.00;0.00;0.00;1540.00;1954.00;1634.00;0.00;1194.67;425.34;550.00;1174.66;1430.00;0.00;624.66;320.00;704.67;544.67;2560.00
1772828072.9030585;0.00;0.00;0.00;0.00;0.00;0.00;0.00;0.00;0.00;0.00;0.00;485.00;0.00;582.00;485.00;0.00;0.00;0.00;485.00;0.00;0.00;0.00;0.00;1598.00;1210.00;1230.00;1030.00;1180.00;0.00;0.00;0.00;310.00;1984.67;2351.00;2031.00;0.00;1354.67;745.34;550.00;1174.66;1430.00;0.00;624.66;320.00;817.00;544.67;2860.00
1772828072.9041574;0.00;0.00;0.00;0.00;0.00;0.00;0.00;0.00;0.00;0.00;0.00;485.00;0.00;582.00;485.00;0.00;0.00;0.00;485.00;0.00;0.00;0.00;0.00;1598.00;1210.00;1230.00;1030.00;1180.00;0.00;0.00;0.00;310.00;1984.67;2351.00;2031.00;0.00;1354.67;745.34;550.00;1174.66;1430.00;0.00;624.66;320.00;817.00;544.67;2860.00
1772828072.9309447;0.00;0.00;0.00;0.00;0.00;0.00;0.00;0.00;0.00;0.00;0.00;582.00;0.00;582.00;485.00;0.00;0.00;0.00;485.00;0.00;0.00;0.00;0.00;1828.00;1440.00;1460.00;1254.67;1180.00;0.00;0.00;0.00;310.00;2214.67;2581.00;2261.00;0.00;1354.67;745.34;550.00;1174.66;1654.67;0.00;624.66;480.00;817.00;544.67;3160.00
1772828072.932194;0.00;0.00;0.00;0.00;0.00;0.00;0.00;0.00;0.00;0.00;0.00;582.00;0.00;582.00;485.00;0.00;0.00;0.00;485.00;0.00;0.00;0.00;0.00;1828.00;1440.00;1460.00;1254.67;1180.00;0.00;0.00;0.00;310.00;2214.67;2581.00;2261.00;0.00;1354.67;745.34;550.00;1174.66;1654.67;0.00;624.66;480.00;817.00;544.67;3160.00
1772828082.2806592;0.00;0.00;0.00;0.00;0.00;0.00;0.00;0.00;0.00;0.00;0.00;582.00;0.00;582.00;485.00;0.00;0.00;97.00;485.00;0.00;0.00;0.00;0.00;2010.33;1622.33;1674.67;1479.34;1180.00;0.00;0.00;0.00;540.00;2444.67;2811.00;2443.33;0.00;1354.67;905.34;550.00;1174.66;1879.34;0.00;624.66;480.00;817.00;544.67;3460.00
1772828082.2816455;0.00;0.00;0.00;0.00;0.00;0.00;0.00;0.00;0.00;0.00;0.00;582.00;0.00;582.00;485.00;0.00;0.00;97.00;485.00;0.00;0.00;0.00;0.00;2010.33;1622.33;1674.67;1479.34;1180.00;0.00;0.00;0.00;540.00;2444.67;2811.00;2443.33;0.00;1354.67;905.34;550.00;1174.66;1879.34;0.00;624.66;480.00;817.00;544.67;3460.00
1772828082.3956003;0.00;0.00;0.00;0.00;0.00;0.00;0.00;0.00;0.00;0.00;0.00;582.00;0.00;582.00;485.00;0.00;0.00;194.00;485.00;0.00;0.00;0.00;0.00;2107.33;1719.33;1674.67;1479.34;1180.00;0.00;0.00;0.00;1080.00;2889.34;3255.67;2840.33;0.00;1354.67;1385.34;550.00;1174.66;1879.34;0.00;624.66;480.00;817.00;657.00;3760.00
1772828082.3968456;0.00;0.00;0.00;0.00;0.00;0.00;0.00;0.00;0.00;0.00;0.00;582.00;0.00;582.00;485.00;0.00;0.00;194.00;485.00;0.00;0.00;0.00;0.00;2107.33;1719.33;1674.67;1479.34;1180.00;0.00;0.00;0.00;1080.00;2889.34;3255.67;2840.33;0.00;1354.67;1385.34;550.00;1174.66;1879.34;0.00;624.66;480.00;817.00;657.00;3760.00
1772828082.4241364;0.00;0.00;0.00;0.00;0.00;0.00;0.00;0.00;0.00;0.00;0.00;582.00;0.00;582.00;485.00;0.00;0.00;291.00;485.00;0.00;0.00;0.00;0.00;2204.33;1816.33;1674.67;1479.34;1180.00;0.00;0.00;0.00;1534.67;3286.34;3652.67;3237.33;0.00;1514.67;1610.01;550.00;1174.66;1879.34;0.00;624.66;480.00;817.00;657.00;4060.00
1772828082.4254365;0.00;0.00;0.00;0.00;0.00;0.00;0.00;0.00;0.00;0.00;0.00;582.00;0.00;582.00;485.00;0.00;0.00;291.00;485.00;0.00;0.00;0.00;0.00;2204.33;1816.33;1674.67;1479.34;1180.00;0.00;0.00;0.00;1534.67;3286.34;3652.67;3237.33;0.00;1514.67;1610.01;550.00;1174.66;1879.34;0.00;624.66;480.00;817.00;657.00;4060.00
1772828082.497527;0.00;0.00;0.00;0.00;0.00;0.00;0.00;0.00;0.00;0.00;0.00;582.00;0.00;582.00;485.00;0.00;0.00;388.00;485.00;0.00;0.00;0.00;0.00;2504.33;2116.33;2071.67;2019.34;1730.00;0.00;0.00;0.00;1534.67;3286.34;3652.67;3237.33;0.00;1514.67;1610.01;550.00;1174.66;1879.34;0.00;784.66;480.00;817.00;657.00;4360.00
1772828082.4993896;0.00;0.00;0.00;0.00;0.00;0.00;0.00;0.00;0.00;0.00;0.00;582.00;0.00;582.00;485.00;0.00;0.00;388.00;485.00;0.00;0.00;0.00;0.00;2504.33;2116.33;2071.67;2019.34;1730.00;0.00;0.00;0.00;1534.67;3286.34;3652.67;3237.33;0.00;1514.67;1610.01;550.00;1174.66;1879.34;0.00;784.66;480.00;817.00;657.00;4360.00
1772828082.5667295;0.00;0.00;0.00;0.00;0.00;0.00;0.00;0.00;0.00;0.00;0.00;582.00;0.00;582.00;485.00;0.00;0.00;485.00;485.00;0.00;0.00;0.00;0.00;2654.33;2266.33;2318.67;2409.34;2130.00;80.00;80.00;80.00;1684.67;3436.34;3802.67;3387.33;160.00;1514.67;1610.01;550.00;1174.66;1879.34;0.00;784.66;480.00;817.00;657.00;4660.00
1772828082.5686326;0.00;0.00;0.00;0.00;0.00;0.00;0.00;0.00;0.00;0.00;0.00;582.00;0.00;582.00;485.00;0.00;0.00;485.00;485.00;0.00;0.00;0.00;0.00;2654.33;2266.33;2318.67;2409.34;2130.00;80.00;80.00;80.00;1684.67;3436.34;3802.67;3387.33;160.00;1514.67;1610.01;550.00;1174.66;1879.34;0.00;784.66;480.00;817.00;657.00;4660.00
1772828082.612987;0.00;0.00;0.00;0.00;0.00;0.00;0.00;0.00;0.00;0.00;0.00;582.00;0.00;582.00;485.00;0.00;0.00;582.00;485.00;0.00;0.00;0.00;0.00;2654.33;2266.33;2415.67;2649.34;2370.00;320.00;320.00;310.00;1984.67;3736.34;4102.67;3687.33;640.00;1514.67;1610.01;860.00;1174.66;1879.34;0.00;784.66;480.00;817.00;657.00;4960.00
1772828082.6148474;0.00;0.00;0.00;0.00;0.00;0.00;0.00;0.00;0.00;0.00;0.00;582.00;0.00;582.00;485.00;0.00;0.00;582.00;485.00;0.00;0.00;0.00;0.00;2654.33;2266.33;2415.67;2649.34;2370.00;320.00;320.00;310.00;1984.67;3736.34;4102.67;3687.33;640.00;1514.67;1610.01;860.00;1174.66;1879.34;0.00;784.66;480.00;817.00;657.00;4960.00
1772828097.320257;0.00;0.00;0.00;0.00;0.00;0.00;0.00;0.00;0.00;0.00;0.00;0.00;0.00;582.00;485.00;0.00;0.00;582.00;485.00;97.00;0.00;0.00;0.00;310.00;240.00;240.00;674.67;2290.00;240.00;240.00;160.00;1834.67;1456.34;2062.67;287.33;480.00;1284.67;1610.01;860.00;150.00;214.67;0.00;784.66;480.00;497.00;337.00;460.00
1772828097.322111;0.00;0.00;0.00;0.00;0.00;0.00;0.00;0.00;0.00;0.00;0.00;0.00;0.00;582.00;485.00;0.00;0.00;582.00;485.00;97.00;0.00;0.00;0.00;310.00;240.00;240.00;674.67;2290.00;240.00;240.00;160.00;1834.67;1456.34;2062.67;287.33;480.00;1284.67;1610.01;860.00;150.00;214.67;0.00;784.66;480.00;497.00;337.00;460.00
1772828097.3795915;0.00;0.00;0.00;0.00;0.00;0.00;0.00;0.00;0.00;0.00;0.00;0.00;0.00;582.00;485.00;0.00;0.00;582.00;485.00;194.00;0.00;0.00;0.00;620.00;480.00;480.00;674.67;2290.00;240.00;240.00;160.00;1834.67;1456.34;2062.67;287.33;480.00;1284.67;1610.01;860.00;150.00;214.67;480.00;784.66;480.00;497.00;337.00;760.00
1772828097.3814862;0.00;0.00;0.00;0.00;0.00;0.00;0.00;0.00;0.00;0.00;0.00;0.00;0.00;582.00;485.00;0.00;0.00;582.00;485.00;194.00;0.00;0.00;0.00;620.00;480.00;480.00;674.67;2290.00;240.00;240.00;160.00;1834.67;1456.34;2062.67;287.33;480.00;1284.67;1610.01;860.00;150.00;214.67;480.00;784.66;480.00;497.00;337.00;760.00
1772828097.425352;0.00;0.00;0.00;0.00;0.00;0.00;0.00;0.00;0.00;0.00;0.00;0.00;0.00;582.00;485.00;0.00;0.00;582.00;485.00;291.00;0.00;0.00;0.00;930.00;720.00;720.00;674.67;2290.00;240.00;240.00;160.00;1834.67;1456.34;2062.67;287.33;480.00;1284.67;1610.01;860.00;150.00;214.67;960.00;784.66;480.00;497.00;337.00;1060.00
1772828097.4272835;0.00;0.00;0.00;0.00;0.00;0.00;0.00;0.00;0.00;0.00;0.00;0.00;0.00;582.00;485.00;0.00;0.00;582.00;485.00;291.00;0.00;0.00;0.00;930.00;720.00;720.00;674.67;2290.00;240.00;240.00;160.00;1834.67;1456.34;2062.67;287.33;480.00;1284.67;1610.01;860.00;150.00;214.67;960.00;784.66;480.00;497.00;337.00;1060.00
1772828097.4706454;0.00;0.00;0.00;0.00;0.00;0.00;0.00;0.00;0.00;0.00;0.00;0.00;0.00;582.00;485.00;0.00;0.00;582.00;485.00;388.00;0.00;0.00;0.00;1240.00;960.00;960.00;674.67;2290.00;240.00;240.00;160.00;1834.67;1456.34;2062.67;287.33;480.00;1284.67;1610.01;860.00;470.00;214.67;1120.00;784.66;480.00;497.00;337.00;1360.00
1772828097.4726655;0.00;0.00;0.00;0.00;0.00;0.00;0.00;0.00;0.00;0.00;0.00;0.00;0.00;582.00;485.00;0.00;0.00;582.00;485.00;388.00;0.00;0.00;0.00;1240.00;960.00;960.00;674.67;2290.00;240.00;240.00;160.00;1834.67;1456.34;2062.67;287.33;480.00;1284.67;1610.01;860.00;470.00;214.67;1120.00;784.66;480.00;497.00;337.00;1360.00
1772828097.6383934;0.00;0.00;0.00;0.00;0.00;0.00;0.00;0.00;0.00;0.00;0.00;0.00;0.00;582.00;485.00;0.00;0.00;582.00;485.00;485.00;0.00;0.00;0.00;1540.00;1190.00;1200.00;674.67;2290.00;240.00;240.00;160.00;1834.67;1456.34;2062.67;287.33;480.00;1284.67;1610.01;860.00;790.00;214.67;1280.00;784.66;480.00;497.00;337.00;1660.00
1772828097.6403658;0.00;0.00;0.00;0.00;0.00;0.00;0.00;0.00;0.00;0.00;0.00;0.00;0.00;582.00;485.00;0.00;0.00;582.00;485.00;485.00;0.00;0.00;0.00;1540.00;1190.00;1200.00;674.67;2290.00;240.00;240.00;160.00;1834.67;1456.34;2062.67;287.33;480.00;1284.67;1610.01;860.00;790.00;214.67;1280.00;784.66;480.00;497.00;337.00;1660.00
1772828097.6818454;0.00;0.00;0.00;0.00;0.00;0.00;0.00;0.00;0.00;0.00;0.00;0.00;0.00;582.00;485.00;0.00;0.00;582.00;485.00;582.00;0.00;0.00;0.00;1850.00;1430.00;1344.67;674.67;2290.00;240.00;240.00;160.00;1834.67;1456.34;2062.67;597.33;480.00;1284.67;1610.01;860.00;790.00;214.67;1440.00;784.66;480.00;497.00;657.00;1960.00
1772828097.6839101;0.00;0.00;0.00;0.00;0.00;0.00;0.00;0.00;0.00;0.00;0.00;0.00;0.00;582.00;485.00;0.00;0.00;582.00;485.00;582.00;0.00;0.00;0.00;1850.00;1430.00;1344.67;674.67;2290.00;240.00;240.00;160.00;1834.67;1456.34;2062.67;597.33;480.00;1284.67;1610.01;860.00;790.00;214.67;1440.00;784.66;480.00;497.00;657.00;1960.00
1772828122.3627524;0.00;0.00;0.00;0.00;0.00;0.00;0.00;0.00;0.00;0.00;0.00;0.00;0.00;0.00;485.00;0.00;0.00;582.00;485.00;582.00;0.00;97.00;0.00;1390.33;1097.67;964.67;444.67;2290.00;240.00;10.00;0.00;394.67;0.00;0.00;192.33;480.00;164.67;1290.01;700.00;790.00;54.67;1600.00;784.66;480.00;0.00;657.00;300.00
1772828122.3646054;0.00;0.00;0.00;0.00;0.00;0.00;0.00;0.00;0.00;0.00;0.00;0.00;0.00;0.00;485.00;0.00;0.00;582.00;485.00;582.00;0.00;97.00;0.00;1390.33;1097.67;964.67;444.67;2290.00;240.00;10.00;0.00;394.67;0.00;0.00;192.33;480.00;164.67;1290.01;700.00;790.00;54.67;1600.00;784.66;480.00;0.00;657.00;300.00
1772828122.4074886;0.00;0.00;0.00;0.00;0.00;0.00;0.00;0.00;0.00;0.00;0.00;0.00;0.00;0.00;485.00;0.00;0.00;582.00;485.00;582.00;0.00;194.00;0.00;1700.33;1097.67;964.67;444.67;2290.00;240.00;10.00;0.00;394.67;230.00;182.33;727.00;480.00;394.67;1290.01;700.00;790.00;54.67;1600.00;784.66;480.00;160.00;657.00;600.00
1772828122.4093826;0.00;0.00;0.00;0.00;0.00;0.00;0.00;0.00;0.00;0.00;0.00;0.00;0.00;0.00;485.00;0.00;0.00;582.00;485.00;582.00;0.00;194.00;0.00;1700.33;1097.67;964.67;444.67;2290.00;240.00;10.00;0.00;394.67;230.00;182.33;727.00;480.00;394.67;1290.01;700.00;790.00;54.67;1600.00;784.66;480.00;160.00;657.00;600.00
1772828122.451385;0.00;0.00;0.00;0.00;0.00;0.00;0.00;0.00;0.00;0.00;0.00;0.00;0.00;0.00;485.00;0.00;0.00;582.00;485.00;582.00;0.00;291.00;0.00;1700.33;1097.67;964.67;444.67;2290.00;240.00;10.00;0.00;394.67;780.00;579.33;1027.00;480.00;714.67;1290.01;700.00;790.00;54.67;1600.00;784.66;480.00;630.00;657.00;900.00
1772828122.4534342;0.00;0.00;0.00;0.00;0.00;0.00;0.00;0.00;0.00;0.00;0.00;0.00;0.00;0.00;485.00;0.00;0.00;582.00;485.00;582.00;0.00;291.00;0.00;1700.33;1097.67;964.67;444.67;2290.00;240.00;10.00;0.00;394.67;780.00;579.33;1027.00;480.00;714.67;1290.01;700.00;790.00;54.67;1600.00;784.66;480.00;630.00;657.00;900.00
1772828122.4955454;0.00;0.00;0.00;0.00;0.00;0.00;0.00;0.00;0.00;0.00;0.00;0.00;0.00;0.00;485.00;0.00;0.00;582.00;485.00;582.00;0.00;388.00;0.00;1700.33;1097.67;964.67;444.67;2290.00;240.00;10.00;0.00;394.67;1320.00;976.33;1327.00;480.00;1194.67;1290.01;700.00;790.00;54.67;1600.00;784.66;480.00;630.00;657.00;1200.00
1772828122.4976456;0.00;0.00;0.00;0.00;0.00;0.00;0.00;0.00;0.00;0.00;0.00;0.00;0.00;0.00;485.00;0.00;0.00;582.00;485.00;582.00;0.00;388.00;0.00;1700.33;1097.67;964.67;444.67;2290.00;240.00;10.00;0.00;394.67;1320.00;976.33;1327.00;480.00;1194.67;1290.01;700.00;790.00;54.67;1600.00;784.66;480.00;630.00;657.00;1200.00
1772828122.539957;0.00;0.00;0.00;0.00;0.00;0.00;0.00;0.00;0.00;0.00;0.00;0.00;0.00;0.00;485.00;0.00;0.00;582.00;485.00;582.00;0.00;485.00;0.00;1700.33;1097.67;964.67;444.67;2290.00;240.00;10.00;0.00;394.67;1860.00;1373.33;1627.00;480.00;1674.67;1290.01;700.00;790.00;54.67;1600.00;784.66;480.00;630.00;657.00;1500.00
1772828122.5420263;0.00;0.00;0.00;0.00;0.00;0.00;0.00;0.00;0.00;0.00;0.00;0.00;0.00;0.00;485.00;0.00;0.00;582.00;485.00;582.00;0.00;485.00;0.00;1700.33;1097.67;964.67;444.67;2290.00;240.00;10.00;0.00;394.67;1860.00;1373.33;1627.00;480.00;1674.67;1290.01;700.00;790.00;54.67;1600.00;784.66;480.00;630.00;657.00;1500.00
1772828122.5830379;0.00;0.00;0.00;0.00;0.00;0.00;0.00;0.00;0.00;0.00;0.00;0.00;0.00;0.00;485.00;0.00;0.00;582.00;485.00;582.00;0.00;582.00;0.00;2122.66;1097.67;964.67;444.67;2290.00;240.00;10.00;0.00;394.67;2410.00;1828.00;2049.33;480.00;1674.67;1290.01;700.00;790.00;54.67;1600.00;784.66;480.00;630.00;657.00;1800.00
1772828122.5850952;0.00;0.00;0.00;0.00;0.00;0.00;0.00;0.00;0.00;0.00;0.00;0.00;0.00;0.00;485.00;0.00;0.00;582.00;485.00;582.00;0.00;582.00;0.00;2122.66;1097.67;964.67;444.67;2290.00;240.00;10.00;0.00;394.67;2410.00;1828.00;2049.33;480.00;1674.67;1290.01;700.00;790.00;54.67;1600.00;784.66;480.00;630.00;657.00;1800.00
1772828138.4054666;0.00;0.00;0.00;0.00;0.00;0.00;0.00;0.00;0.00;0.00;0.00;97.00;0.00;0.00;485.00;0.00;0.00;582.00;485.00;582.00;0.00;582.00;0.00;2422.66;1407.67;1274.67;994.67;2290.00;240.00;10.00;0.00;394.67;2410.00;1828.00;2049.33;480.00;1674.67;1290.01;700.00;790.00;534.67;1600.00;784.66;480.00;630.00;657.00;2100.00
1772828138.4076073;0.00;0.00;0.00;0.00;0.00;0.00;0.00;0.00;0.00;0.00;0.00;97.00;0.00;0.00;485.00;0.00;0.00;582.00;485.00;582.00;0.00;582.00;0.00;2422.66;1407.67;1274.67;994.67;2290.00;240.00;10.00;0.00;394.67;2410.00;1828.00;2049.33;480.00;1674.67;1290.01;700.00;790.00;534.67;1600.00;784.66;480.00;630.00;657.00;2100.00
1772828138.5794435;0.00;0.00;0.00;0.00;0.00;0.00;0.00;0.00;0.00;0.00;0.00;194.00;0.00;0.00;485.00;0.00;0.00;582.00;485.00;582.00;0.00;582.00;0.00;2662.66;1552.34;1419.34;994.67;2290.00;240.00;10.00;0.00;394.67;2950.00;2368.00;2589.33;480.00;1674.67;1290.01;700.00;902.33;534.67;1824.67;784.66;480.00;630.00;657.00;2400.00
1772828138.581659;0.00;0.00;0.00;0.00;0.00;0.00;0.00;0.00;0.00;0.00;0.00;194.00;0.00;0.00;485.00;0.00;0.00;582.00;485.00;582.00;0.00;582.00;0.00;2662.66;1552.34;1419.34;994.67;2290.00;240.00;10.00;0.00;394.67;2950.00;2368.00;2589.33;480.00;1674.67;1290.01;700.00;902.33;534.67;1824.67;784.66;480.00;630.00;657.00;2400.00
1772828138.623559;0.00;0.00;0.00;0.00;0.00;0.00;0.00;0.00;0.00;0.00;0.00;291.00;0.00;0.00;485.00;0.00;0.00;582.00;485.00;582.00;0.00;582.00;0.00;2962.66;1862.34;1729.34;1449.34;2770.00;240.00;10.00;0.00;394.67;2950.00;2368.00;2589.33;480.00;1674.67;1290.01;700.00;1014.66;534.67;1824.67;784.66;480.00;630.00;657.00;2700.00
1772828138.6258454;0.00;0.00;0.00;0.00;0.00;0.00;0.00;0.00;0.00;0.00;0.00;291.00;0.00;0.00;485.00;0.00;0.00;582.00;485.00;582.00;0.00;582.00;0.00;2962.66;1862.34;1729.34;1449.34;2770.00;240.00;10.00;0.00;394.67;2950.00;2368.00;2589.33;480.00;1674.67;1290.01;700.00;1014.66;534.67;1824.67;784.66;480.00;630.00;657.00;2700.00
1772828138.6669014;0.00;0.00;0.00;0.00;0.00;0.00;0.00;0.00;0.00;0.00;0.00;388.00;0.00;0.00;485.00;0.00;0.00;582.00;485.00;582.00;0.00;582.00;0.00;2962.66;1862.34;1729.34;1546.34;2867.00;480.00;250.00;230.00;694.67;3250.00;2668.00;2889.33;960.00;1674.67;1520.01;1010.00;1014.66;534.67;1824.67;784.66;480.00;630.00;657.00;3000.00
1772828138.6692314;0.00;0.00;0.00;0.00;0.00;0.00;0.00;0.00;0.00;0.00;0.00;388.00;0.00;0.00;485.00;0.00;0.00;582.00;485.00;582.00;0.00;582.00;0.00;2962.66;1862.34;1729.34;1546.34;2867.00;480.00;250.00;230.00;694.67;3250.00;2668.00;2889.33;960.00;1674.67;1520.01;1010.00;1014.66;534.67;1824.67;784.66;480.00;630.00;657.00;3000.00
1772828138.7116647;0.00;0.00;0.00;0.00;0.00;0.00;0.00;0.00;0.00;0.00;0.00;485.00;0.00;0.00;485.00;0.00;0.00;582.00;485.00;582.00;0.00;582.00;0.00;2962.66;1862.34;1729.34;1643.34;2964.00;720.00;490.00;530.00;994.67;3550.00;2968.00;3189.33;1440.00;1674.67;1520.01;1320.00;1014.66;534.67;1824.67;784.66;480.00;630.00;657.00;3300.00
1772828138.7139976;0.00;0.00;0.00;0.00;0.00;0.00;0.00;0.00;0.00;0.00;0.00;485.00;0.00;0.00;485.00;0.00;0.00;582.00;485.00;582.00;0.00;582.00;0.00;2962.66;1862.34;1729.34;1643.34;2964.00;720.00;490.00;530.00;994.67;3550.00;2968.00;3189.33;1440.00;1674.67;1520.01;1320.00;1014.66;534.67;1824.67;784.66;480.00;630.00;657.00;3300.00
1772828138.7554119;0.00;0.00;0.00;0.00;0.00;0.00;0.00;0.00;0.00;0.00;0.00;582.00;0.00;0.00;485.00;0.00;0.00;582.00;485.00;582.00;0.00;582.00;0.00;2962.66;1862.34;1729.34;1740.34;3061.00;817.00;730.00;760.00;1294.67;3850.00;3268.00;3489.33;1440.00;1674.67;1520.01;1800.00;1014.66;534.67;1824.67;784.66;480.00;630.00;657.00;3600.00
1772828138.757772;0.00;0.00;0.00;0.00;0.00;0.00;0.00;0.00;0.00;0.00;0.00;582.00;0.00;0.00;485.00;0.00;0.00;582.00;485.00;582.00;0.00;582.00;0.00;2962.66;1862.34;1729.34;1740.34;3061.00;817.00;730.00;760.00;1294.67;3850.00;3268.00;3489.33;1440.00;1674.67;1520.01;1800.00;1014.66;534.67;1824.67;784.66;480.00;630.00;657.00;3600.00
1772828161.4440093;0.00;0.00;0.00;0.00;0.00;97.00;0.00;0.00;0.00;0.00;0.00;582.00;0.00;0.00;485.00;0.00;0.00;582.00;485.00;582.00;0.00;582.00;0.00;2962.66;1862.34;1729.34;1740.34;3061.00;817.00;960.00;990.00;1604.67;4150.00;3568.00;3789.33;1440.00;1674.67;1744.68;1960.00;1014.66;534.67;1824.67;784.66;480.00;630.00;657.00;3900.00
1772828161.4465418;0.00;0.00;0.00;0.00;0.00;97.00;0.00;0.00;0.00;0.00;0.00;582.00;0.00;0.00;485.00;0.00;0.00;582.00;485.00;582.00;0.00;582.00;0.00;2962.66;1862.34;1729.34;1740.34;3061.00;817.00;960.00;990.00;1604.67;4150.00;3568.00;3789.33;1440.00;1674.67;1744.68;1960.00;1014.66;534.67;1824.67;784.66;480.00;630.00;657.00;3900.00
1772828161.487967;0.00;0.00;0.00;0.00;0.00;194.00;0.00;0.00;0.00;0.00;0.00;582.00;0.00;0.00;485.00;0.00;0.00;582.00;485.00;582.00;0.00;582.00;0.00;2962.66;1862.34;1729.34;1740.34;3061.00;817.00;1190.00;1444.67;1914.67;4450.00;3868.00;4089.33;1600.00;1674.67;1744.68;1960.00;1014.66;534.67;1824.67;784.66;480.00;630.00;657.00;4200.00
1772828161.4904153;0.00;0.00;0.00;0.00;0.00;194.00;0.00;0.00;0.00;0.00;0.00;582.00;0.00;0.00;485.00;0.00;0.00;582.00;485.00;582.00;0.00;582.00;0.00;2962.66;1862.34;1729.34;1740.34;3061.00;817.00;1190.00;1444.67;1914.67;4450.00;3868.00;4089.33;1600.00;1674.67;1744.68;1960.00;1014.66;534.67;1824.67;784.66;480.00;630.00;657.00;4200.00
1772828161.5319006;0.00;0.00;0.00;0.00;0.00;291.00;0.00;0.00;0.00;0.00;0.00;582.00;0.00;0.00;485.00;0.00;0.00;582.00;485.00;582.00;0.00;582.00;0.00;2962.66;1862.34;1729.34;1740.34;3061.00;817.00;1420.00;1899.34;2224.67;4750.00;4168.00;4389.33;1760.00;1674.67;1744.68;1960.00;1014.66;534.67;1824.67;784.66;480.00;630.00;657.00;4500.00
1772828161.5345042;0.00;0.00;0.00;0.00;0.00;291.00;0.00;0.00;0.00;0.00;0.00;582.00;0.00;0.00;485.00;0.00;0.00;582.00;485.00;582.00;0.00;582.00;0.00;2962.66;1862.34;1729.34;1740.34;3061.00;817.00;1420.00;1899.34;2224.67;4750.00;4168.00;4389.33;1760.00;1674.67;1744.68;1960.00;1014.66;534.67;1824.67;784.66;480.00;630.00;657.00;4500.00
1772828161.7064285;0.00;0.00;0.00;0.00;0.00;388.00;0.00;0.00;0.00;0.00;0.00;582.00;0.00;0.00;485.00;0.00;0.00;582.00;485.00;582.00;0.00;582.00;0.00;2962.66;1862.34;1729.34;1740.34;3061.00;817.00;1970.00;2289.34;2374.67;4900.00;4318.00;4539.33;1920.00;1674.67;1744.68;2110.00;1014.66;534.67;1824.67;784.66;480.00;630.00;657.00;4650.00
1772828161.7090168;0.00;0.00;0.00;0.00;0.00;388.00;0.00;0.00;0.00;0.00;0.00;582.00;0.00;0.00;485.00;0.00;0.00;582.00;485.00;582.00;0.00;582.00;0.00;2962.66;1862.34;1729.34;1740.34;3061.00;817.00;1970.00;2289.34;2374.67;4900.00;4318.00;4539.33;1920.00;1674.67;1744.68;2110.00;1014.66;534.67;1824.67;784.66;480.00;630.00;657.00;4650.00
1772828161.7514398;0.00;0.00;0.00;0.00;0.00;485.00;0.00;0.00;0.00;0.00;0.00;582.00;0.00;0.00;485.00;0.00;0.00;582.00;485.00;582.00;0.00;582.00;0.00;2962.66;1862.34;1729.34;1740.34;3061.00;817.00;2520.00;2529.34;2374.67;4900.00;4318.00;4539.33;2080.00;1674.67;1744.68;2410.00;1014.66;534.67;1824.67;784.66;480.00;630.00;657.00;4650.00
1772828161.7542715;0.00;0.00;0.00;0.00;0.00;485.00;0.00;0.00;0.00;0.00;0.00;582.00;0.00;0.00;485.00;0.00;0.00;582.00;485.00;582.00;0.00;582.00;0.00;2962.66;1862.34;1729.34;1740.34;3061.00;817.00;2520.00;2529.34;2374.67;4900.00;4318.00;4539.33;2080.00;1674.67;1744.68;2410.00;1014.66;534.67;1824.67;784.66;480.00;630.00;657.00;4650.00
1772828161.7980642;0.00;0.00;0.00;0.00;0.00;582.00;0.00;0.00;0.00;0.00;0.00;582.00;0.00;0.00;485.00;0.00;0.00;582.00;485.00;582.00;0.00;582.00;0.00;2962.66;1862.34;1729.34;1740.34;3061.00;817.00;3070.00;2769.34;2374.67;4900.00;4318.00;4539.33;2240.00;1674.67;1744.68;2710.00;1014.66;534.67;1824.67;784.66;480.00;630.00;657.00;4650.00
1772828161.800754;0.00;0.00;0.00;0.00;0.00;582.00;0.00;0.00;0.00;0.00;0.00;582.00;0.00;0.00;485.00;0.00;0.00;582.00;485.00;582.00;0.00;582.00;0.00;2962.66;1862.34;1729.34;1740.34;3061.00;817.00;3070.00;2769.34;2374.67;4900.00;4318.00;4539.33;2240.00;1674.67;1744.68;2710.00;1014.66;534.67;1824.67;784.66;480.00;630.00;657.00;4650.00
1772828176.4910152;0.00;0.00;0.00;0.00;0.00;582.00;0.00;0.00;0.00;0.00;0.00;582.00;0.00;0.00;485.00;0.00;0.00;679.00;0.00;582.00;0.00;582.00;0.00;3107.33;2007.01;1729.34;1740.34;3061.00;817.00;2840.00;1019.34;0.00;540.00;540.00;444.67;2010.00;1450.00;144.68;1520.00;1014.66;534.67;1824.67;784.66;480.00;630.00;657.00;300.00
1772828176.4923127;0.00;0.00;0.00;0.00;0.00;582.00;0.00;0.00;0.00;0.00;0.00;582.00;0.00;0.00;485.00;0.00;0.00;679.00;0.00;582.00;0.00;582.00;0.00;3107.33;2007.01;1729.34;1740.34;3061.00;817.00;2840.00;1019.34;0.00;540.00;540.00;444.67;2010.00;1450.00;144.68;1520.00;1014.66;534.67;1824.67;784.66;480.00;630.00;657.00;300.00
1772828176.5179505;0.00;0.00;0.00;0.00;0.00;582.00;0.00;0.00;0.00;0.00;0.00;582.00;0.00;0.00;485.00;0.00;0.00;776.00;0.00;582.00;0.00;582.00;0.00;3252.00;2104.01;1729.34;1740.34;3061.00;817.00;2840.00;1019.34;540.00;1080.00;984.67;889.34;2010.00;1450.00;624.68;1520.00;1014.66;534.67;1824.67;784.66;480.00;630.00;657.00;600.00
1772828176.519246;0.00;0.00;0.00;0.00;0.00;582.00;0.00;0.00;0.00;0.00;0.00;582.00;0.00;0.00;485.00;0.00;0.00;776.00;0.00;582.00;0.00;582.00;0.00;3252.00;2104.01;1729.34;1740.34;3061.00;817.00;2840.00;1019.34;540.00;1080.00;984.67;889.34;2010.00;1450.00;624.68;1520.00;1014.66;534.67;1824.67;784.66;480.00;630.00;657.00;600.00
1772828176.5583398;0.00;0.00;0.00;0.00;0.00;582.00;0.00;0.00;0.00;0.00;0.00;582.00;0.00;0.00;485.00;0.00;0.00;873.00;0.00;582.00;0.00;582.00;0.00;3316.67;2168.68;1761.67;1772.67;3093.33;849.33;2920.00;1169.34;1000.00;1540.00;1349.34;1254.01;2010.00;1450.00;944.68;1680.00;1014.66;534.67;1824.67;784.66;480.00;630.00;657.00;900.00
1772828176.5608811;0.00;0.00;0.00;0.00;0.00;582.00;0.00;0.00;0.00;0.00;0.00;582.00;0.00;0.00;485.00;0.00;0.00;873.00;0.00;582.00;0.00;582.00;0.00;3316.67;2168.68;1761.67;1772.67;3093.33;849.33;2920.00;1169.34;1000.00;1540.00;1349.34;1254.01;2010.00;1450.00;944.68;1680.00;1014.66;534.67;1824.67;784.66;480.00;630.00;657.00;900.00
1772828176.5979805;0.00;0.00;0.00;0.00;0.00;582.00;0.00;0.00;0.00;0.00;0.00;582.00;0.00;0.00;485.00;0.00;0.00;970.00;0.00;582.00;0.00;582.00;0.00;3381.34;2233.35;1794.00;1805.00;3125.66;881.66;3000.00;1319.34;1460.00;1904.67;1714.01;1618.68;2170.00;1450.00;1264.68;1910.00;1014.66;534.67;1824.67;784.66;480.00;630.00;657.00;1200.00
1772828176.5993412;0.00;0.00;0.00;0.00;0.00;582.00;0.00;0.00;0.00;0.00;0.00;582.00;0.00;0.00;485.00;0.00;0.00;970.00;0.00;582.00;0.00;582.00;0.00;3381.34;2233.35;1794.00;1805.00;3125.66;881.66;3000.00;1319.34;1460.00;1904.67;1714.01;1618.68;2170.00;1450.00;1264.68;1910.00;1014.66;534.67;1824.67;784.66;480.00;630.00;657.00;1200.00
1772828176.7009516;0.00;0.00;0.00;0.00;0.00;582.00;0.00;0.00;0.00;0.00;0.00;582.00;0.00;0.00;485.00;0.00;0.00;1067.00;0.00;582.00;0.00;582.00;0.00;3446.01;2298.02;1826.33;1837.33;3205.66;961.66;3150.00;1469.34;1930.00;2269.34;2078.68;1983.35;2330.00;1674.67;1264.68;1910.00;1014.66;534.67;1824.67;784.66;480.00;630.00;657.00;1500.00
1772828176.7022853;0.00;0.00;0.00;0.00;0.00;582.00;0.00;0.00;0.00;0.00;0.00;582.00;0.00;0.00;485.00;0.00;0.00;1067.00;0.00;582.00;0.00;582.00;0.00;3446.01;2298.02;1826.33;1837.33;3205.66;961.66;3150.00;1469.34;1930.00;2269.34;2078.68;1983.35;2330.00;1674.67;1264.68;1910.00;1014.66;534.67;1824.67;784.66;480.00;630.00;657.00;1500.00
1772828176.7275023;0.00;0.00;0.00;0.00;0.00;582.00;0.00;0.00;0.00;0.00;0.00;582.00;0.00;0.00;485.00;0.00;0.00;1164.00;0.00;582.00;0.00;582.00;0.00;3446.01;2298.02;1923.33;1934.33;3350.33;1106.33;3460.00;1779.34;2230.00;2569.34;2378.68;2283.35;2560.00;1674.67;1264.68;1910.00;1014.66;534.67;1824.67;784.66;480.00;630.00;657.00;1800.00
1772828176.728891;0.00;0.00;0.00;0.00;0.00;582.00;0.00;0.00;0.00;0.00;0.00;582.00;0.00;0.00;485.00;0.00;0.00;1164.00;0.00;582.00;0.00;582.00;0.00;3446.01;2298.02;1923.33;1934.33;3350.33;1106.33;3460.00;1779.34;2230.00;2569.34;2378.68;2283.35;2560.00;1674.67;1264.68;1910.00;1014.66;534.67;1824.67;784.66;480.00;630.00;657.00;1800.00
1772828192.6027598;0.00;0.00;0.00;0.00;0.00;582.00;0.00;0.00;0.00;0.00;0.00;582.00;0.00;0.00;0.00;0.00;0.00;1067.00;0.00;582.00;0.00;97.00;0.00;240.00;240.00;0.00;0.00;878.00;834.00;3070.00;579.34;0.00;230.00;230.00;540.00;2240.00;160.00;144.68;1670.00;704.66;0.00;1824.67;0.00;480.00;0.00;657.00;300.00
1772828192.603908;0.00;0.00;0.00;0.00;0.00;582.00;0.00;0.00;0.00;0.00;0.00;582.00;0.00;0.00;0.00;0.00;0.00;1067.00;0.00;582.00;0.00;97.00;0.00;240.00;240.00;0.00;0.00;878.00;834.00;3070.00;579.34;0.00;230.00;230.00;540.00;2240.00;160.00;144.68;1670.00;704.66;0.00;1824.67;0.00;480.00;0.00;657.00;300.00
1772828192.631914;0.00;0.00;0.00;0.00;0.00;582.00;0.00;0.00;0.00;0.00;0.00;582.00;0.00;0.00;0.00;0.00;0.00;1164.00;0.00;582.00;0.00;97.00;0.00;480.00;480.00;0.00;0.00;878.00;834.00;3070.00;579.34;0.00;770.00;770.00;1080.00;2240.00;640.00;144.68;1670.00;704.66;0.00;1824.67;0.00;480.00;0.00;657.00;600.00
1772828192.6331015;0.00;0.00;0.00;0.00;0.00;582.00;0.00;0.00;0.00;0.00;0.00;582.00;0.00;0.00;0.00;0.00;0.00;1164.00;0.00;582.00;0.00;97.00;0.00;480.00;480.00;0.00;0.00;878.00;834.00;3070.00;579.34;0.00;770.00;770.00;1080.00;2240.00;640.00;144.68;1670.00;704.66;0.00;1824.67;0.00;480.00;0.00;657.00;600.00
1772828192.6605017;0.00;0.00;0.00;0.00;0.00;582.00;0.00;0.00;0.00;0.00;0.00;582.00;0.00;0.00;0.00;0.00;0.00;1164.00;0.00;582.00;0.00;194.00;0.00;704.67;480.00;0.00;0.00;878.00;834.00;3070.00;579.34;0.00;1310.00;1310.00;1717.00;2240.00;1120.00;144.68;1670.00;704.66;0.00;1824.67;0.00;480.00;0.00;657.00;900.00
1772828192.6616743;0.00;0.00;0.00;0.00;0.00;582.00;0.00;0.00;0.00;0.00;0.00;582.00;0.00;0.00;0.00;0.00;0.00;1164.00;0.00;582.00;0.00;194.00;0.00;704.67;480.00;0.00;0.00;878.00;834.00;3070.00;579.34;0.00;1310.00;1310.00;1717.00;2240.00;1120.00;144.68;1670.00;704.66;0.00;1824.67;0.00;480.00;0.00;657.00;900.00
1772828192.6894135;0.00;0.00;0.00;0.00;0.00;582.00;0.00;0.00;0.00;0.00;0.00;582.00;0.00;0.00;0.00;0.00;0.00;1164.00;0.00;582.00;0.00;291.00;0.00;929.34;480.00;0.00;0.00;878.00;834.00;3070.00;579.34;0.00;1850.00;1850.00;2354.00;2240.00;1670.00;144.68;1670.00;704.66;0.00;1824.67;0.00;480.00;0.00;657.00;1200.00
1772828192.69062;0.00;0.00;0.00;0.00;0.00;582.00;0.00;0.00;0.00;0.00;0.00;582.00;0.00;0.00;0.00;0.00;0.00;1164.00;0.00;582.00;0.00;291.00;0.00;929.34;480.00;0.00;0.00;878.00;834.00;3070.00;579.34;0.00;1850.00;1850.00;2354.00;2240.00;1670.00;144.68;1670.00;704.66;0.00;1824.67;0.00;480.00;0.00;657.00;1200.00
1772828192.7174144;0.00;0.00;0.00;0.00;0.00;582.00;0.00;0.00;0.00;0.00;0.00;582.00;0.00;0.00;0.00;0.00;0.00;1164.00;0.00;582.00;0.00;388.00;0.00;929.34;480.00;0.00;0.00;878.00;834.00;3070.00;579.34;540.00;2247.00;2247.00;2654.00;2240.00;1670.00;624.68;1670.00;704.66;0.00;1824.67;0.00;480.00;0.00;657.00;1500.00
1772828192.7186062;0.00;0.00;0.00;0.00;0.00;582.00;0.00;0.00;0.00;0.00;0.00;582.00;0.00;0.00;0.00;0.00;0.00;1164.00;0.00;582.00;0.00;388.00;0.00;929.34;480.00;0.00;0.00;878.00;834.00;3070.00;579.34;540.00;2247.00;2247.00;2654.00;2240.00;1670.00;624.68;1670.00;704.66;0.00;1824.67;0.00;480.00;0.00;657.00;1500.00
1772828192.745746;0.00;0.00;0.00;0.00;0.00;582.00;0.00;0.00;0.00;0.00;0.00;582.00;0.00;0.00;0.00;0.00;0.00;1164.00;0.00;582.00;0.00;485.00;0.00;1111.67;710.00;230.00;0.00;878.00;834.00;3070.00;579.34;850.00;2461.67;2461.67;2836.33;2240.00;1670.00;944.68;1670.00;864.66;0.00;1824.67;0.00;480.00;0.00;657.00;1800.00
1772828192.7470262;0.00;0.00;0.00;0.00;0.00;582.00;0.00;0.00;0.00;0.00;0.00;582.00;0.00;0.00;0.00;0.00;0.00;1164.00;0.00;582.00;0.00;485.00;0.00;1111.67;710.00;230.00;0.00;878.00;834.00;3070.00;579.34;850.00;2461.67;2461.67;2836.33;2240.00;1670.00;944.68;1670.00;864.66;0.00;1824.67;0.00;480.00;0.00;657.00;1800.00
1772828192.8422678;0.00;0.00;0.00;0.00;0.00;582.00;0.00;0.00;0.00;0.00;0.00;582.00;0.00;0.00;0.00;0.00;0.00;1164.00;0.00;582.00;0.00;582.00;0.00;1294.00;940.00;460.00;0.00;878.00;834.00;3070.00;889.34;1160.00;2676.34;2676.34;3018.66;2240.00;1670.00;944.68;1670.00;1024.66;0.00;1824.67;0.00;480.00;0.00;657.00;2100.00
1772828192.8435364;0.00;0.00;0.00;0.00;0.00;582.00;0.00;0.00;0.00;0.00;0.00;582.00;0.00;0.00;0.00;0.00;0.00;1164.00;0.00;582.00;0.00;582.00;0.00;1294.00;940.00;460.00;0.00;878.00;834.00;3070.00;889.34;1160.00;2676.34;2676.34;3018.66;2240.00;1670.00;944.68;1670.00;1024.66;0.00;1824.67;0.00;480.00;0.00;657.00;2100.00
1772828196.523366;0.00;0.00;0.00;0.00;0.00;582.00;0.00;0.00;0.00;0.00;97.00;582.00;0.00;0.00;0.00;0.00;0.00;1164.00;0.00;582.00;0.00;582.00;0.00;1594.00;1240.00;760.00;540.00;878.00;834.00;3070.00;889.34;1160.00;2676.34;2676.34;3018.66;2240.00;1670.00;944.68;1670.00;1024.66;480.00;1824.67;0.00;480.00;0.00;657.00;2400.00
1772828196.5257595;0.00;0.00;0.00;0.00;0.00;582.00;0.00;0.00;0.00;0.00;97.00;582.00;0.00;0.00;0.00;0.00;0.00;1164.00;0.00;582.00;0.00;582.00;0.00;1594.00;1240.00;760.00;540.00;878.00;834.00;3070.00;889.34;1160.00;2676.34;2676.34;3018.66;2240.00;1670.00;944.68;1670.00;1024.66;480.00;1824.67;0.00;480.00;0.00;657.00;2400.00
1772828196.5604353;0.00;0.00;0.00;0.00;0.00;582.00;0.00;0.00;0.00;0.00;194.00;582.00;0.00;0.00;0.00;0.00;0.00;1164.00;0.00;582.00;0.00;582.00;0.00;1894.00;1540.00;1060.00;914.67;1188.00;834.00;3070.00;889.34;1160.00;2676.34;2676.34;3018.66;2240.00;1670.00;944.68;1670.00;1136.99;480.00;1824.67;320.00;480.00;0.00;657.00;2700.00
1772828196.561848;0.00;0.00;0.00;0.00;0.00;582.00;0.00;0.00;0.00;0.00;194.00;582.00;0.00;0.00;0.00;0.00;0.00;1164.00;0.00;582.00;0.00;582.00;0.00;1894.00;1540.00;1060.00;914.67;1188.00;834.00;3070.00;889.34;1160.00;2676.34;2676.34;3018.66;2240.00;1670.00;944.68;1670.00;1136.99;480.00;1824.67;320.00;480.00;0.00;657.00;2700.00
1772828196.5904002;0.00;0.00;0.00;0.00;0.00;582.00;0.00;0.00;0.00;0.00;291.00;582.00;0.00;0.00;0.00;0.00;0.00;1164.00;0.00;582.00;0.00;582.00;0.00;2194.00;1840.00;1360.00;1359.34;1728.00;834.00;3070.00;889.34;1160.00;2676.34;2676.34;3018.66;2240.00;1670.00;944.68;1670.00;1249.32;480.00;1824.67;800.00;480.00;0.00;657.00;3000.00
1772828196.5916882;0.00;0.00;0.00;0.00;0.00;582.00;0.00;0.00;0.00;0.00;291.00;582.00;0.00;0.00;0.00;0.00;0.00;1164.00;0.00;582.00;0.00;582.00;0.00;2194.00;1840.00;1360.00;1359.34;1728.00;834.00;3070.00;889.34;1160.00;2676.34;2676.34;3018.66;2240.00;1670.00;944.68;1670.00;1249.32;480.00;1824.67;800.00;480.00;0.00;657.00;3000.00
1772828196.618286;0.00;0.00;0.00;0.00;0.00;582.00;0.00;0.00;0.00;0.00;388.00;582.00;0.00;0.00;0.00;0.00;0.00;1164.00;0.00;582.00;0.00;582.00;0.00;2194.00;1840.00;1360.00;1456.34;1825.00;1074.00;3310.00;1189.34;1460.00;2976.34;2976.34;3318.66;2400.00;1670.00;944.68;1670.00;1249.32;480.00;1824.67;1024.67;480.00;0.00;657.00;3300.00
1772828196.6197345;0.00;0.00;0.00;0.00;0.00;582.00;0.00;0.00;0.00;0.00;388.00;582.00;0.00;0.00;0.00;0.00;0.00;1164.00;0.00;582.00;0.00;582.00;0.00;2194.00;1840.00;1360.00;1456.34;1825.00;1074.00;3310.00;1189.34;1460.00;2976.34;2976.34;3318.66;2400.00;1670.00;944.68;1670.00;1249.32;480.00;1824.67;1024.67;480.00;0.00;657.00;3300.00
1772828196.6470122;0.00;0.00;0.00;0.00;0.00;582.00;0.00;0.00;0.00;0.00;485.00;582.00;0.00;0.00;0.00;0.00;0.00;1164.00;0.00;582.00;0.00;582.00;0.00;2194.00;1840.00;1360.00;1553.34;1922.00;1218.67;3550.00;1489.34;1760.00;3276.34;3276.34;3618.66;2624.67;1670.00;944.68;1670.00;1249.32;480.00;1824.67;1024.67;480.00;0.00;657.00;3600.00
1772828196.64854;0.00;0.00;0.00;0.00;0.00;582.00;0.00;0.00;0.00;0.00;485.00;582.00;0.00;0.00;0.00;0.00;0.00;1164.00;0.00;582.00;0.00;582.00;0.00;2194.00;1840.00;1360.00;1553.34;1922.00;1218.67;3550.00;1489.34;1760.00;3276.34;3276.34;3618.66;2624.67;1670.00;944.68;1670.00;1249.32;480.00;1824.67;1024.67;480.00;0.00;657.00;3600.00
1772828196.6754062;0.00;0.00;0.00;0.00;0.00;582.00;0.00;0.00;0.00;0.00;582.00;582.00;0.00;0.00;0.00;0.00;0.00;1164.00;0.00;582.00;0.00;582.00;0.00;2194.00;1840.00;1360.00;1650.34;2114.33;1411.00;3790.00;1789.34;2060.00;3576.34;3576.34;3918.66;2624.67;1670.00;944.68;1830.00;1249.32;480.00;1824.67;1024.67;480.00;0.00;657.00;3900.00
1772828196.6769176;0.00;0.00;0.00;0.00;0.00;582.00;0.00;0.00;0.00;0.00;582.00;582.00;0.00;0.00;0.00;0.00;0.00;1164.00;0.00;582.00;0.00;582.00;0.00;2194.00;1840.00;1360.00;1650.34;2114.33;1411.00;3790.00;1789.34;2060.00;3576.34;3576.34;3918.66;2624.67;1670.00;944.68;1830.00;1249.32;480.00;1824.67;1024.67;480.00;0.00;657.00;3900.00
1772828216.574705;0.00;0.00;0.00;0.00;0.00;582.00;0.00;0.00;0.00;0.00;582.00;582.00;0.00;97.00;0.00;0.00;0.00;582.00;0.00;0.00;0.00;582.00;0.00;470.00;0.00;0.00;0.00;0.00;611.00;3150.00;1319.34;0.00;0.00;0.00;0.00;864.67;1030.00;0.00;1520.00;609.32;255.33;432.33;864.67;0.00;0.00;224.67;460.00
1772828216.5769482;0.00;0.00;0.00;0.00;0.00;582.00;0.00;0.00;0.00;0.00;582.00;582.00;0.00;97.00;0.00;0.00;0.00;582.00;0.00;0.00;0.00;582.00;0.00;470.00;0.00;0.00;0.00;0.00;611.00;3150.00;1319.34;0.00;0.00;0.00;0.00;864.67;1030.00;0.00;1520.00;609.32;255.33;432.33;864.67;0.00;0.00;224.67;460.00
1772828216.6927748;0.00;0.00;0.00;0.00;0.00;582.00;0.00;0.00;0.00;0.00;582.00;582.00;0.00;194.00;0.00;0.00;0.00;582.00;0.00;0.00;0.00;582.00;0.00;710.00;0.00;0.00;0.00;0.00;611.00;3150.00;1319.34;230.00;230.00;230.00;550.00;864.67;1030.00;0.00;1520.00;609.32;255.33;769.33;864.67;0.00;160.00;544.67;760.00
1772828216.694096;0.00;0.00;0.00;0.00;0.00;582.00;0.00;0.00;0.00;0.00;582.00;582.00;0.00;194.00;0.00;0.00;0.00;582.00;0.00;0.00;0.00;582.00;0.00;710.00;0.00;0.00;0.00;0.00;611.00;3150.00;1319.34;230.00;230.00;230.00;550.00;864.67;1030.00;0.00;1520.00;609.32;255.33;769.33;864.67;0.00;160.00;544.67;760.00
1772828216.7267516;0.00;0.00;0.00;0.00;0.00;582.00;0.00;0.00;0.00;0.00;582.00;582.00;0.00;291.00;0.00;0.00;0.00;582.00;0.00;0.00;0.00;582.00;0.00;950.00;0.00;0.00;0.00;0.00;611.00;3150.00;1549.34;460.00;460.00;460.00;1090.00;864.67;1030.00;0.00;1520.00;609.32;255.33;1106.33;864.67;0.00;320.00;544.67;1060.00
1772828216.7280385;0.00;0.00;0.00;0.00;0.00;582.00;0.00;0.00;0.00;0.00;582.00;582.00;0.00;291.00;0.00;0.00;0.00;582.00;0.00;0.00;0.00;582.00;0.00;950.00;0.00;0.00;0.00;0.00;611.00;3150.00;1549.34;460.00;460.00;460.00;1090.00;864.67;1030.00;0.00;1520.00;609.32;255.33;1106.33;864.67;0.00;320.00;544.67;1060.00
1772828216.7595413;0.00;0.00;0.00;0.00;0.00;582.00;0.00;0.00;0.00;0.00;582.00;582.00;0.00;388.00;0.00;0.00;0.00;582.00;0.00;0.00;0.00;582.00;0.00;1164.67;230.00;230.00;230.00;230.00;611.00;3150.00;1549.34;460.00;460.00;770.00;1400.00;864.67;1030.00;0.00;1520.00;609.32;255.33;1218.66;864.67;160.00;640.00;544.67;1360.00
1772828216.7609842;0.00;0.00;0.00;0.00;0.00;582.00;0.00;0.00;0.00;0.00;582.00;582.00;0.00;388.00;0.00;0.00;0.00;582.00;0.00;0.00;0.00;582.00;0.00;1164.67;230.00;230.00;230.00;230.00;611.00;3150.00;1549.34;460.00;460.00;770.00;1400.00;864.67;1030.00;0.00;1520.00;609.32;255.33;1218.66;864.67;160.00;640.00;544.67;1360.00
1772828216.790334;0.00;0.00;0.00;0.00;0.00;582.00;0.00;0.00;0.00;0.00;582.00;582.00;0.00;485.00;0.00;0.00;0.00;582.00;0.00;0.00;0.00;582.00;0.00;1261.67;230.00;230.00;230.00;230.00;611.00;3380.00;1779.34;690.00;914.67;1214.67;1844.67;864.67;1254.67;0.00;1680.00;609.32;255.33;1218.66;864.67;160.00;640.00;544.67;1660.00
1772828216.791594;0.00;0.00;0.00;0.00;0.00;582.00;0.00;0.00;0.00;0.00;582.00;582.00;0.00;485.00;0.00;0.00;0.00;582.00;0.00;0.00;0.00;582.00;0.00;1261.67;230.00;230.00;230.00;230.00;611.00;3380.00;1779.34;690.00;914.67;1214.67;1844.67;864.67;1254.67;0.00;1680.00;609.32;255.33;1218.66;864.67;160.00;640.00;544.67;1660.00
1772828216.8200781;0.00;0.00;0.00;0.00;0.00;582.00;0.00;0.00;0.00;0.00;582.00;582.00;0.00;485.00;0.00;0.00;0.00;582.00;0.00;0.00;0.00;582.00;0.00;1261.67;230.00;230.00;230.00;230.00;611.00;3380.00;1779.34;690.00;914.67;1214.67;1844.67;864.67;1254.67;0.00;1680.00;609.32;255.33;1218.66;864.67;160.00;640.00;544.67;1660.00
1772828216.82138;0.00;0.00;0.00;0.00;0.00;582.00;0.00;0.00;0.00;0.00;582.00;582.00;0.00;485.00;0.00;0.00;0.00;582.00;0.00;0.00;0.00;582.00;0.00;1261.67;230.00;230.00;230.00;230.00;611.00;3380.00;1779.34;690.00;914.67;1214.67;1844.67;864.67;1254.67;0.00;1680.00;609.32;255.33;1218.66;864.67;160.00;640.00;544.67;1660.00
1772828231.610902;0.00;0.00;0.00;0.00;0.00;582.00;0.00;0.00;0.00;0.00;582.00;582.00;0.00;485.00;0.00;0.00;0.00;582.00;0.00;0.00;0.00;582.00;0.00;1261.67;230.00;230.00;230.00;230.00;611.00;3380.00;1779.34;690.00;914.67;1214.67;1844.67;864.67;1254.67;0.00;1680.00;609.32;255.33;1218.66;864.67;160.00;640.00;544.67;1660.00
1772828231.6132863;0.00;0.00;0.00;0.00;0.00;582.00;0.00;0.00;0.00;0.00;582.00;582.00;0.00;485.00;0.00;0.00;0.00;582.00;0.00;0.00;0.00;582.00;0.00;1261.67;230.00;230.00;230.00;230.00;611.00;3380.00;1779.34;690.00;914.67;1214.67;1844.67;864.67;1254.67;0.00;1680.00;609.32;255.33;1218.66;864.67;160.00;640.00;544.67;1660.00
1772828231.7802906;0.00;0.00;0.00;0.00;0.00;582.00;0.00;0.00;0.00;0.00;582.00;582.00;0.00;485.00;0.00;0.00;0.00;582.00;0.00;0.00;0.00;582.00;0.00;1261.67;230.00;230.00;230.00;230.00;611.00;3380.00;1779.34;690.00;914.67;1214.67;1844.67;864.67;1254.67;0.00;1680.00;609.32;255.33;1218.66;864.67;160.00;640.00;544.67;1660.00
1772828231.7828732;0.00;0.00;0.00;0.00;0.00;582.00;0.00;0.00;0.00;0.00;582.00;582.00;0.00;485.00;0.00;0.00;0.00;582.00;0.00;0.00;0.00;582.00;0.00;1261.67;230.00;230.00;230.00;230.00;611.00;3380.00;1779.34;690.00;914.67;1214.67;1844.67;864.67;1254.67;0.00;1680.00;609.32;255.33;1218.66;864.67;160.00;640.00;544.67;1660.00
1772828231.8286836;0.00;0.00;0.00;0.00;0.00;582.00;0.00;0.00;0.00;0.00;582.00;582.00;0.00;485.00;0.00;0.00;0.00;582.00;0.00;0.00;0.00;582.00;0.00;1261.67;230.00;230.00;230.00;230.00;611.00;3380.00;1779.34;690.00;914.67;1214.67;1844.67;864.67;1254.67;0.00;1680.00;609.32;255.33;1218.66;864.67;160.00;640.00;544.67;1660.00
1772828231.8310325;0.00;0.00;0.00;0.00;0.00;582.00;0.00;0.00;0.00;0.00;582.00;582.00;0.00;485.00;0.00;0.00;0.00;582.00;0.00;0.00;0.00;582.00;0.00;1261.67;230.00;230.00;230.00;230.00;611.00;3380.00;1779.34;690.00;914.67;1214.67;1844.67;864.67;1254.67;0.00;1680.00;609.32;255.33;1218.66;864.67;160.00;640.00;544.67;1660.00
1772828231.8769197;0.00;0.00;0.00;0.00;0.00;582.00;0.00;0.00;0.00;0.00;582.00;582.00;0.00;485.00;0.00;0.00;0.00;582.00;0.00;0.00;0.00;582.00;0.00;1261.67;230.00;230.00;230.00;230.00;611.00;3380.00;1779.34;690.00;914.67;1214.67;1844.67;864.67;1254.67;0.00;1680.00;609.32;255.33;1218.66;864.67;160.00;640.00;544.67;1660.00
1772828231.8793116;0.00;0.00;0.00;0.00;0.00;582.00;0.00;0.00;0.00;0.00;582.00;582.00;0.00;485.00;0.00;0.00;0.00;582.00;0.00;0.00;0.00;582.00;0.00;1261.67;230.00;230.00;230.00;230.00;611.00;3380.00;1779.34;690.00;914.67;1214.67;1844.67;864.67;1254.67;0.00;1680.00;609.32;255.33;1218.66;864.67;160.00;640.00;544.67;1660.00
1772828231.9255528;0.00;0.00;0.00;0.00;0.00;582.00;0.00;0.00;0.00;0.00;582.00;582.00;0.00;485.00;0.00;0.00;0.00;582.00;0.00;0.00;0.00;582.00;0.00;1261.67;230.00;230.00;230.00;230.00;611.00;3380.00;1779.34;690.00;914.67;1214.67;1844.67;864.67;1254.67;0.00;1680.00;609.32;255.33;1218.66;864.67;160.00;640.00;544.67;1660.00
1772828231.9280236;0.00;0.00;0.00;0.00;0.00;582.00;0.00;0.00;0.00;0.00;582.00;582.00;0.00;485.00;0.00;0.00;0.00;582.00;0.00;0.00;0.00;582.00;0.00;1261.67;230.00;230.00;230.00;230.00;611.00;3380.00;1779.34;690.00;914.67;1214.67;1844.67;864.67;1254.67;0.00;1680.00;609.32;255.33;1218.66;864.67;160.00;640.00;544.67;1660.00
1772828231.9751046;0.00;0.00;0.00;0.00;0.00;582.00;0.00;0.00;0.00;0.00;582.00;582.00;0.00;485.00;0.00;0.00;0.00;582.00;0.00;0.00;0.00;582.00;0.00;1261.67;230.00;230.00;230.00;230.00;611.00;3380.00;1779.34;690.00;914.67;1214.67;1844.67;864.67;1254.67;0.00;1680.00;609.32;255.33;1218.66;864.67;160.00;640.00;544.67;1660.00
1772828231.9775522;0.00;0.00;0.00;0.00;0.00;582.00;0.00;0.00;0.00;0.00;582.00;582.00;0.00;485.00;0.00;0.00;0.00;582.00;0.00;0.00;0.00;582.00;0.00;1261.67;230.00;230.00;230.00;230.00;611.00;3380.00;1779.34;690.00;914.67;1214.67;1844.67;864.67;1254.67;0.00;1680.00;609.32;255.33;1218.66;864.67;160.00;640.00;544.67;1660.00
1772828247.6525135;0.00;0.00;0.00;0.00;0.00;582.00;0.00;0.00;0.00;0.00;582.00;0.00;0.00;485.00;0.00;0.00;0.00;582.00;0.00;97.00;0.00;582.00;0.00;300.00;300.00;310.00;230.00;0.00;0.00;2500.00;0.00;0.00;0.00;0.00;0.00;0.00;1254.67;0.00;280.00;224.66;160.00;993.99;864.67;480.00;640.00;544.67;300.00
1772828247.6546695;0.00;0.00;0.00;0.00;0.00;582.00;0.00;0.00;0.00;0.00;582.00;0.00;0.00;485.00;0.00;0.00;0.00;582.00;0.00;97.00;0.00;582.00;0.00;300.00;300.00;310.00;230.00;0.00;0.00;2500.00;0.00;0.00;0.00;0.00;0.00;0.00;1254.67;0.00;280.00;224.66;160.00;993.99;864.67;480.00;640.00;544.67;300.00
1772828247.7033708;0.00;0.00;0.00;0.00;0.00;582.00;0.00;0.00;0.00;0.00;582.00;0.00;0.00;485.00;0.00;0.00;0.00;582.00;0.00;194.00;0.00;582.00;0.00;530.00;530.00;550.00;230.00;0.00;0.00;2500.00;0.00;0.00;230.00;230.00;230.00;0.00;1254.67;0.00;280.00;704.66;160.00;993.99;864.67;480.00;640.00;544.67;600.00
1772828247.7056134;0.00;0.00;0.00;0.00;0.00;582.00;0.00;0.00;0.00;0.00;582.00;0.00;0.00;485.00;0.00;0.00;0.00;582.00;0.00;194.00;0.00;582.00;0.00;530.00;530.00;550.00;230.00;0.00;0.00;2500.00;0.00;0.00;230.00;230.00;230.00;0.00;1254.67;0.00;280.00;704.66;160.00;993.99;864.67;480.00;640.00;544.67;600.00
1772828247.8132608;0.00;0.00;0.00;0.00;0.00;582.00;0.00;0.00;0.00;0.00;582.00;0.00;0.00;485.00;0.00;0.00;0.00;582.00;0.00;291.00;0.00;582.00;0.00;680.00;690.00;710.00;310.00;80.00;80.00;2580.00;80.00;150.00;380.00;380.00;380.00;160.00;1254.67;230.00;280.00;1024.66;160.00;993.99;864.67;480.00;640.00;544.67;900.00
1772828247.8145895;0.00;0.00;0.00;0.00;0.00;582.00;0.00;0.00;0.00;0.00;582.00;0.00;0.00;485.00;0.00;0.00;0.00;582.00;0.00;291.00;0.00;582.00;0.00;680.00;690.00;710.00;310.00;80.00;80.00;2580.00;80.00;150.00;380.00;380.00;380.00;160.00;1254.67;230.00;280.00;1024.66;160.00;993.99;864.67;480.00;640.00;544.67;900.00
1772828247.8468342;0.00;0.00;0.00;0.00;0.00;582.00;0.00;0.00;0.00;0.00;582.00;0.00;0.00;485.00;0.00;0.00;0.00;582.00;0.00;388.00;0.00;582.00;0.00;840.00;850.00;870.00;390.00;160.00;160.00;2660.00;230.00;300.00;530.00;840.00;840.00;320.00;1254.67;230.00;280.00;1024.66;160.00;993.99;864.67;480.00;640.00;544.67;1200.00
1772828247.8481712;0.00;0.00;0.00;0.00;0.00;582.00;0.00;0.00;0.00;0.00;582.00;0.00;0.00;485.00;0.00;0.00;0.00;582.00;0.00;388.00;0.00;582.00;0.00;840.00;850.00;870.00;390.00;160.00;160.00;2660.00;230.00;300.00;530.00;840.00;840.00;320.00;1254.67;230.00;280.00;1024.66;160.00;993.99;864.67;480.00;640.00;544.67;1200.00
1772828247.8806744;0.00;0.00;0.00;0.00;0.00;582.00;0.00;0.00;0.00;0.00;582.00;0.00;0.00;485.00;0.00;0.00;0.00;582.00;0.00;485.00;0.00;582.00;0.00;990.00;1010.00;1030.00;790.00;240.00;240.00;2740.00;310.00;450.00;680.00;990.00;990.00;480.00;1254.67;230.00;280.00;1024.66;480.00;993.99;864.67;480.00;640.00;544.67;1500.00
1772828247.8820987;0.00;0.00;0.00;0.00;0.00;582.00;0.00;0.00;0.00;0.00;582.00;0.00;0.00;485.00;0.00;0.00;0.00;582.00;0.00;485.00;0.00;582.00;0.00;990.00;1010.00;1030.00;790.00;240.00;240.00;2740.00;310.00;450.00;680.00;990.00;990.00;480.00;1254.67;230.00;280.00;1024.66;480.00;993.99;864.67;480.00;640.00;544.67;1500.00
1772828247.9112098;0.00;0.00;0.00;0.00;0.00;582.00;0.00;0.00;0.00;0.00;582.00;0.00;0.00;485.00;0.00;0.00;0.00;582.00;0.00;485.00;0.00;582.00;0.00;990.00;1010.00;1030.00;790.00;240.00;240.00;2740.00;310.00;450.00;680.00;990.00;990.00;480.00;1254.67;230.00;280.00;1024.66;480.00;993.99;864.67;480.00;640.00;544.67;1500.00
1772828247.9126146;0.00;0.00;0.00;0.00;0.00;582.00;0.00;0.00;0.00;0.00;582.00;0.00;0.00;485.00;0.00;0.00;0.00;582.00;0.00;485.00;0.00;582.00;0.00;990.00;1010.00;1030.00;790.00;240.00;240.00;2740.00;310.00;450.00;680.00;990.00;990.00;480.00;1254.67;230.00;280.00;1024.66;480.00;993.99;864.67;480.00;640.00;544.67;1500.00
1772828268.6955352;0.00;0.00;0.00;0.00;0.00;582.00;0.00;0.00;0.00;97.00;582.00;0.00;0.00;485.00;0.00;0.00;0.00;582.00;0.00;485.00;0.00;0.00;0.00;0.00;90.00;110.00;790.00;240.00;240.00;2740.00;240.00;230.00;300.00;300.00;300.00;480.00;294.67;310.00;760.00;384.66;480.00;833.99;864.67;480.00;640.00;320.00;300.00
1772828268.6976805;0.00;0.00;0.00;0.00;0.00;582.00;0.00;0.00;0.00;97.00;582.00;0.00;0.00;485.00;0.00;0.00;0.00;582.00;0.00;485.00;0.00;0.00;0.00;0.00;90.00;110.00;790.00;240.00;240.00;2740.00;240.00;230.00;300.00;300.00;300.00;480.00;294.67;310.00;760.00;384.66;480.00;833.99;864.67;480.00;640.00;320.00;300.00
1772828268.7486856;0.00;0.00;0.00;0.00;0.00;582.00;0.00;0.00;0.00;194.00;582.00;0.00;0.00;485.00;0.00;0.00;0.00;582.00;0.00;485.00;0.00;0.00;0.00;0.00;90.00;110.00;790.00;240.00;240.00;2740.00;480.00;530.00;600.00;600.00;600.00;480.00;294.67;620.00;1240.00;384.66;480.00;833.99;864.67;480.00;640.00;320.00;600.00
1772828268.7508721;0.00;0.00;0.00;0.00;0.00;582.00;0.00;0.00;0.00;194.00;582.00;0.00;0.00;485.00;0.00;0.00;0.00;582.00;0.00;485.00;0.00;0.00;0.00;0.00;90.00;110.00;790.00;240.00;240.00;2740.00;480.00;530.00;600.00;600.00;600.00;480.00;294.67;620.00;1240.00;384.66;480.00;833.99;864.67;480.00;640.00;320.00;600.00
1772828268.7990522;0.00;0.00;0.00;0.00;0.00;582.00;0.00;0.00;0.00;291.00;582.00;0.00;0.00;485.00;0.00;0.00;0.00;582.00;0.00;485.00;0.00;0.00;0.00;0.00;90.00;110.00;790.00;240.00;240.00;2740.00;720.00;760.00;900.00;900.00;900.00;480.00;294.67;930.00;1720.00;384.66;480.00;833.99;864.67;480.00;640.00;320.00;900.00
1772828268.8014116;0.00;0.00;0.00;0.00;0.00;582.00;0.00;0.00;0.00;291.00;582.00;0.00;0.00;485.00;0.00;0.00;0.00;582.00;0.00;485.00;0.00;0.00;0.00;0.00;90.00;110.00;790.00;240.00;240.00;2740.00;720.00;760.00;900.00;900.00;900.00;480.00;294.67;930.00;1720.00;384.66;480.00;833.99;864.67;480.00;640.00;320.00;900.00
1772828268.9803176;0.00;0.00;0.00;0.00;0.00;582.00;0.00;0.00;0.00;388.00;582.00;0.00;0.00;485.00;0.00;0.00;0.00;582.00;0.00;485.00;0.00;0.00;0.00;230.00;90.00;110.00;790.00;240.00;240.00;2740.00;960.00;1000.00;1130.00;1130.00;1130.00;480.00;614.67;1090.00;1720.00;384.66;480.00;833.99;864.67;480.00;640.00;320.00;1200.00
1772828268.9825335;0.00;0.00;0.00;0.00;0.00;582.00;0.00;0.00;0.00;388.00;582.00;0.00;0.00;485.00;0.00;0.00;0.00;582.00;0.00;485.00;0.00;0.00;0.00;230.00;90.00;110.00;790.00;240.00;240.00;2740.00;960.00;1000.00;1130.00;1130.00;1130.00;480.00;614.67;1090.00;1720.00;384.66;480.00;833.99;864.67;480.00;640.00;320.00;1200.00
1772828269.0334167;0.00;0.00;0.00;0.00;0.00;582.00;0.00;0.00;0.00;485.00;582.00;0.00;0.00;485.00;0.00;0.00;0.00;582.00;0.00;485.00;0.00;0.00;0.00;380.00;240.00;260.00;870.00;320.00;320.00;2820.00;1120.00;1160.00;1280.00;1280.00;1280.00;640.00;934.67;1090.00;1720.00;384.66;480.00;833.99;864.67;480.00;640.00;320.00;1500.00
1772828269.0357726;0.00;0.00;0.00;0.00;0.00;582.00;0.00;0.00;0.00;485.00;582.00;0.00;0.00;485.00;0.00;0.00;0.00;582.00;0.00;485.00;0.00;0.00;0.00;380.00;240.00;260.00;870.00;320.00;320.00;2820.00;1120.00;1160.00;1280.00;1280.00;1280.00;640.00;934.67;1090.00;1720.00;384.66;480.00;833.99;864.67;480.00;640.00;320.00;1500.00
1772828269.0812116;0.00;0.00;0.00;0.00;0.00;582.00;0.00;0.00;0.00;485.00;582.00;0.00;0.00;485.00;0.00;0.00;0.00;582.00;0.00;485.00;0.00;0.00;0.00;380.00;240.00;260.00;870.00;320.00;320.00;2820.00;1120.00;1160.00;1280.00;1280.00;1280.00;640.00;934.67;1090.00;1720.00;384.66;480.00;833.99;864.67;480.00;640.00;320.00;1500.00
1772828269.083507;0.00;0.00;0.00;0.00;0.00;582.00;0.00;0.00;0.00;485.00;582.00;0.00;0.00;485.00;0.00;0.00;0.00;582.00;0.00;485.00;0.00;0.00;0.00;380.00;240.00;260.00;870.00;320.00;320.00;2820.00;1120.00;1160.00;1280.00;1280.00;1280.00;640.00;934.67;1090.00;1720.00;384.66;480.00;833.99;864.67;480.00;640.00;320.00;1500.00
1772828288.7194843;0.00;0.00;0.00;0.00;0.00;0.00;0.00;0.00;0.00;485.00;679.00;0.00;0.00;485.00;0.00;0.00;0.00;582.00;0.00;485.00;0.00;0.00;0.00;530.00;400.00;420.00;950.00;400.00;400.00;150.00;150.00;150.00;150.00;150.00;150.00;0.00;934.67;865.33;0.00;609.33;480.00;833.99;1024.67;480.00;640.00;320.00;300.00
1772828288.7206252;0.00;0.00;0.00;0.00;0.00;0.00;0.00;0.00;0.00;485.00;679.00;0.00;0.00;485.00;0.00;0.00;0.00;582.00;0.00;485.00;0.00;0.00;0.00;530.00;400.00;420.00;950.00;400.00;400.00;150.00;150.00;150.00;150.00;150.00;150.00;0.00;934.67;865.33;0.00;609.33;480.00;833.99;1024.67;480.00;640.00;320.00;300.00
1772828288.751299;0.00;0.00;0.00;0.00;0.00;0.00;0.00;0.00;0.00;485.00;679.00;0.00;0.00;485.00;0.00;0.00;0.00;582.00;0.00;485.00;0.00;0.00;0.00;530.00;400.00;420.00;950.00;400.00;400.00;150.00;150.00;150.00;150.00;150.00;150.00;0.00;934.67;865.33;0.00;609.33;480.00;833.99;1024.67;480.00;640.00;320.00;300.00
1772828288.7531397;0.00;0.00;0.00;0.00;0.00;0.00;0.00;0.00;0.00;485.00;679.00;0.00;0.00;485.00;0.00;0.00;0.00;582.00;0.00;485.00;0.00;0.00;0.00;530.00;400.00;420.00;950.00;400.00;400.00;150.00;150.00;150.00;150.00;150.00;150.00;0.00;934.67;865.33;0.00;609.33;480.00;833.99;1024.67;480.00;640.00;320.00;300.00
1772828288.7871516;0.00;0.00;0.00;0.00;0.00;0.00;0.00;0.00;0.00;485.00;679.00;0.00;0.00;485.00;0.00;0.00;0.00;582.00;0.00;485.00;0.00;0.00;0.00;530.00;400.00;420.00;950.00;400.00;400.00;150.00;150.00;150.00;150.00;150.00;150.00;0.00;934.67;865.33;0.00;609.33;480.00;833.99;1024.67;480.00;640.00;320.00;300.00
1772828288.7883267;0.00;0.00;0.00;0.00;0.00;0.00;0.00;0.00;0.00;485.00;679.00;0.00;0.00;485.00;0.00;0.00;0.00;582.00;0.00;485.00;0.00;0.00;0.00;530.00;400.00;420.00;950.00;400.00;400.00;150.00;150.00;150.00;150.00;150.00;150.00;0.00;934.67;865.33;0.00;609.33;480.00;833.99;1024.67;480.00;640.00;320.00;300.00
1772828288.8164742;0.00;0.00;0.00;0.00;0.00;0.00;0.00;0.00;0.00;485.00;679.00;0.00;0.00;485.00;0.00;0.00;0.00;582.00;0.00;485.00;0.00;0.00;0.00;530.00;400.00;420.00;950.00;400.00;400.00;150.00;150.00;150.00;150.00;150.00;150.00;0.00;934.67;865.33;0.00;609.33;480.00;833.99;1024.67;480.00;640.00;320.00;300.00
1772828288.8176734;0.00;0.00;0.00;0.00;0.00;0.00;0.00;0.00;0.00;485.00;679.00;0.00;0.00;485.00;0.00;0.00;0.00;582.00;0.00;485.00;0.00;0.00;0.00;530.00;400.00;420.00;950.00;400.00;400.00;150.00;150.00;150.00;150.00;150.00;150.00;0.00;934.67;865.33;0.00;609.33;480.00;833.99;1024.67;480.00;640.00;320.00;300.00
1772828288.9177132;0.00;0.00;0.00;0.00;0.00;0.00;0.00;0.00;0.00;485.00;679.00;0.00;0.00;485.00;0.00;0.00;0.00;582.00;0.00;485.00;0.00;0.00;0.00;530.00;400.00;420.00;950.00;400.00;400.00;150.00;150.00;150.00;150.00;150.00;150.00;0.00;934.67;865.33;0.00;609.33;480.00;833.99;1024.67;480.00;640.00;320.00;300.00
1772828288.918872;0.00;0.00;0.00;0.00;0.00;0.00;0.00;0.00;0.00;485.00;679.00;0.00;0.00;485.00;0.00;0.00;0.00;582.00;0.00;485.00;0.00;0.00;0.00;530.00;400.00;420.00;950.00;400.00;400.00;150.00;150.00;150.00;150.00;150.00;150.00;0.00;934.67;865.33;0.00;609.33;480.00;833.99;1024.67;480.00;640.00;320.00;300.00
1772828288.9459777;0.00;0.00;0.00;0.00;0.00;0.00;0.00;0.00;0.00;485.00;679.00;0.00;0.00;485.00;0.00;0.00;0.00;582.00;0.00;485.00;0.00;0.00;0.00;530.00;400.00;420.00;950.00;400.00;400.00;150.00;150.00;150.00;150.00;150.00;150.00;0.00;934.67;865.33;0.00;609.33;480.00;833.99;1024.67;480.00;640.00;320.00;300.00
1772828288.947163;0.00;0.00;0.00;0.00;0.00;0.00;0.00;0.00;0.00;485.00;679.00;0.00;0.00;485.00;0.00;0.00;0.00;582.00;0.00;485.00;0.00;0.00;0.00;530.00;400.00;420.00;950.00;400.00;400.00;150.00;150.00;150.00;150.00;150.00;150.00;0.00;934.67;865.33;0.00;609.33;480.00;833.99;1024.67;480.00;640.00;320.00;300.00
1772828310.760908;0.00;0.00;0.00;0.00;0.00;0.00;0.00;0.00;0.00;485.00;679.00;0.00;0.00;485.00;0.00;0.00;0.00;0.00;0.00;485.00;0.00;0.00;97.00;310.00;0.00;258.34;788.34;0.00;0.00;0.00;0.00;0.00;230.00;182.33;310.00;0.00;160.00;545.33;0.00;609.33;480.00;833.99;1024.67;480.00;640.00;544.67;300.00
1772828310.762721;0.00;0.00;0.00;0.00;0.00;0.00;0.00;0.00;0.00;485.00;679.00;0.00;0.00;485.00;0.00;0.00;0.00;0.00;0.00;485.00;0.00;0.00;97.00;310.00;0.00;258.34;788.34;0.00;0.00;0.00;0.00;0.00;230.00;182.33;310.00;0.00;160.00;545.33;0.00;609.33;480.00;833.99;1024.67;480.00;640.00;544.67;300.00
1772828310.812587;0.00;0.00;0.00;0.00;0.00;0.00;0.00;0.00;0.00;485.00;679.00;0.00;0.00;485.00;0.00;0.00;0.00;0.00;0.00;485.00;0.00;0.00;194.00;620.00;0.00;258.34;788.34;0.00;0.00;0.00;230.00;230.00;460.00;364.66;844.67;0.00;160.00;705.33;230.00;609.33;480.00;833.99;1024.67;480.00;640.00;544.67;600.00
1772828310.8145752;0.00;0.00;0.00;0.00;0.00;0.00;0.00;0.00;0.00;485.00;679.00;0.00;0.00;485.00;0.00;0.00;0.00;0.00;0.00;485.00;0.00;0.00;194.00;620.00;0.00;258.34;788.34;0.00;0.00;0.00;230.00;230.00;460.00;364.66;844.67;0.00;160.00;705.33;230.00;609.33;480.00;833.99;1024.67;480.00;640.00;544.67;600.00
1772828310.8662605;0.00;0.00;0.00;0.00;0.00;0.00;0.00;0.00;0.00;485.00;679.00;0.00;0.00;485.00;0.00;0.00;0.00;0.00;0.00;485.00;0.00;0.00;291.00;620.00;0.00;258.34;788.34;0.00;0.00;230.00;460.00;460.00;1000.00;856.99;1144.67;230.00;480.00;705.33;390.00;609.33;480.00;833.99;1024.67;480.00;640.00;544.67;900.00
1772828310.8682365;0.00;0.00;0.00;0.00;0.00;0.00;0.00;0.00;0.00;485.00;679.00;0.00;0.00;485.00;0.00;0.00;0.00;0.00;0.00;485.00;0.00;0.00;291.00;620.00;0.00;258.34;788.34;0.00;0.00;230.00;460.00;460.00;1000.00;856.99;1144.67;230.00;480.00;705.33;390.00;609.33;480.00;833.99;1024.67;480.00;640.00;544.67;900.00
1772828310.9174933;0.00;0.00;0.00;0.00;0.00;0.00;0.00;0.00;0.00;485.00;679.00;0.00;0.00;485.00;0.00;0.00;0.00;0.00;0.00;485.00;0.00;0.00;388.00;844.67;0.00;258.34;788.34;0.00;0.00;460.00;690.00;690.00;1492.33;1349.32;1669.34;230.00;800.00;705.33;550.00;609.33;480.00;833.99;1024.67;480.00;640.00;544.67;1200.00
1772828310.9195006;0.00;0.00;0.00;0.00;0.00;0.00;0.00;0.00;0.00;485.00;679.00;0.00;0.00;485.00;0.00;0.00;0.00;0.00;0.00;485.00;0.00;0.00;388.00;844.67;0.00;258.34;788.34;0.00;0.00;460.00;690.00;690.00;1492.33;1349.32;1669.34;230.00;800.00;705.33;550.00;609.33;480.00;833.99;1024.67;480.00;640.00;544.67;1200.00
1772828310.9653187;0.00;0.00;0.00;0.00;0.00;0.00;0.00;0.00;0.00;485.00;679.00;0.00;0.00;485.00;0.00;0.00;0.00;0.00;0.00;485.00;0.00;0.00;388.00;844.67;0.00;258.34;788.34;0.00;0.00;460.00;690.00;690.00;1492.33;1349.32;1669.34;230.00;800.00;705.33;550.00;609.33;480.00;833.99;1024.67;480.00;640.00;544.67;1200.00
1772828310.9672315;0.00;0.00;0.00;0.00;0.00;0.00;0.00;0.00;0.00;485.00;679.00;0.00;0.00;485.00;0.00;0.00;0.00;0.00;0.00;485.00;0.00;0.00;388.00;844.67;0.00;258.34;788.34;0.00;0.00;460.00;690.00;690.00;1492.33;1349.32;1669.34;230.00;800.00;705.33;550.00;609.33;480.00;833.99;1024.67;480.00;640.00;544.67;1200.00
1772828311.1448736;0.00;0.00;0.00;0.00;0.00;0.00;0.00;0.00;0.00;485.00;679.00;0.00;0.00;485.00;0.00;0.00;0.00;0.00;0.00;485.00;0.00;0.00;388.00;844.67;0.00;258.34;788.34;0.00;0.00;460.00;690.00;690.00;1492.33;1349.32;1669.34;230.00;800.00;705.33;550.00;609.33;480.00;833.99;1024.67;480.00;640.00;544.67;1200.00
1772828311.1468656;0.00;0.00;0.00;0.00;0.00;0.00;0.00;0.00;0.00;485.00;679.00;0.00;0.00;485.00;0.00;0.00;0.00;0.00;0.00;485.00;0.00;0.00;388.00;844.67;0.00;258.34;788.34;0.00;0.00;460.00;690.00;690.00;1492.33;1349.32;1669.34;230.00;800.00;705.33;550.00;609.33;480.00;833.99;1024.67;480.00;640.00;544.67;1200.00
1772828312.6253154;0.00;0.00;0.00;0.00;0.00;0.00;0.00;0.00;0.00;485.00;679.00;0.00;0.00;388.00;0.00;0.00;0.00;0.00;0.00;388.00;0.00;0.00;388.00;300.00;310.00;310.00;318.34;0.00;0.00;460.00;690.00;690.00;812.33;0.00;0.00;230.00;800.00;705.33;550.00;449.33;480.00;791.66;1024.67;0.00;320.00;544.67;300.00
1772828312.6271884;0.00;0.00;0.00;0.00;0.00;0.00;0.00;0.00;0.00;485.00;679.00;0.00;0.00;388.00;0.00;0.00;0.00;0.00;0.00;388.00;0.00;0.00;388.00;300.00;310.00;310.00;318.34;0.00;0.00;460.00;690.00;690.00;812.33;0.00;0.00;230.00;800.00;705.33;550.00;449.33;480.00;791.66;1024.67;0.00;320.00;544.67;300.00
1772828312.6750462;0.00;0.00;0.00;0.00;0.00;0.00;0.00;0.00;0.00;485.00;679.00;0.00;0.00;388.00;0.00;0.00;0.00;0.00;0.00;485.00;0.00;0.00;388.00;540.00;550.00;550.00;318.34;0.00;0.00;460.00;690.00;690.00;1042.33;540.00;540.00;230.00;800.00;705.33;550.00;674.00;480.00;791.66;1024.67;0.00;480.00;544.67;600.00
1772828312.6770475;0.00;0.00;0.00;0.00;0.00;0.00;0.00;0.00;0.00;485.00;679.00;0.00;0.00;388.00;0.00;0.00;0.00;0.00;0.00;485.00;0.00;0.00;388.00;540.00;550.00;550.00;318.34;0.00;0.00;460.00;690.00;690.00;1042.33;540.00;540.00;230.00;800.00;705.33;550.00;674.00;480.00;791.66;1024.67;0.00;480.00;544.67;600.00
1772828312.7245831;0.00;0.00;0.00;0.00;0.00;0.00;0.00;0.00;0.00;485.00;679.00;0.00;0.00;485.00;0.00;0.00;0.00;0.00;0.00;485.00;0.00;0.00;388.00;754.67;780.00;780.00;548.34;230.00;0.00;460.00;690.00;690.00;1352.33;850.00;850.00;230.00;1120.00;705.33;550.00;674.00;480.00;791.66;1024.67;0.00;480.00;544.67;900.00
1772828312.7265923;0.00;0.00;0.00;0.00;0.00;0.00;0.00;0.00;0.00;485.00;679.00;0.00;0.00;485.00;0.00;0.00;0.00;0.00;0.00;485.00;0.00;0.00;388.00;754.67;780.00;780.00;548.34;230.00;0.00;460.00;690.00;690.00;1352.33;850.00;850.00;230.00;1120.00;705.33;550.00;674.00;480.00;791.66;1024.67;0.00;480.00;544.67;900.00
1772828323.8008506;0.00;0.00;0.00;0.00;0.00;0.00;0.00;0.00;0.00;485.00;194.00;0.00;0.00;485.00;0.00;0.00;0.00;0.00;0.00;485.00;0.00;0.00;388.00;300.00;300.00;300.00;540.00;0.00;0.00;0.00;0.00;0.00;0.00;0.00;0.00;0.00;1120.00;705.33;390.00;289.34;480.00;791.66;0.00;0.00;480.00;544.67;300.00
1772828323.8025362;0.00;0.00;0.00;0.00;0.00;0.00;0.00;0.00;0.00;485.00;194.00;0.00;0.00;485.00;0.00;0.00;0.00;0.00;0.00;485.00;0.00;0.00;388.00;300.00;300.00;300.00;540.00;0.00;0.00;0.00;0.00;0.00;0.00;0.00;0.00;0.00;1120.00;705.33;390.00;289.34;480.00;791.66;0.00;0.00;480.00;544.67;300.00
1772828323.8490252;0.00;0.00;0.00;0.00;0.00;0.00;0.00;0.00;0.00;485.00;291.00;0.00;0.00;485.00;0.00;0.00;0.00;0.00;0.00;485.00;0.00;0.00;388.00;600.00;600.00;600.00;1020.00;0.00;0.00;0.00;0.00;0.00;0.00;0.00;0.00;0.00;1120.00;705.33;390.00;626.34;480.00;791.66;0.00;0.00;480.00;544.67;600.00
1772828323.8507767;0.00;0.00;0.00;0.00;0.00;0.00;0.00;0.00;0.00;485.00;291.00;0.00;0.00;485.00;0.00;0.00;0.00;0.00;0.00;485.00;0.00;0.00;388.00;600.00;600.00;600.00;1020.00;0.00;0.00;0.00;0.00;0.00;0.00;0.00;0.00;0.00;1120.00;705.33;390.00;626.34;480.00;791.66;0.00;0.00;480.00;544.67;600.00
1772828323.8961134;0.00;0.00;0.00;0.00;0.00;0.00;0.00;0.00;0.00;485.00;388.00;0.00;0.00;485.00;0.00;0.00;0.00;0.00;0.00;485.00;0.00;0.00;388.00;900.00;900.00;900.00;1560.00;540.00;0.00;0.00;0.00;0.00;0.00;0.00;0.00;0.00;1120.00;705.33;390.00;626.34;480.00;791.66;480.00;0.00;480.00;544.67;900.00
1772828323.8978944;0.00;0.00;0.00;0.00;0.00;0.00;0.00;0.00;0.00;485.00;388.00;0.00;0.00;485.00;0.00;0.00;0.00;0.00;0.00;485.00;0.00;0.00;388.00;900.00;900.00;900.00;1560.00;540.00;0.00;0.00;0.00;0.00;0.00;0.00;0.00;0.00;1120.00;705.33;390.00;626.34;480.00;791.66;480.00;0.00;480.00;544.67;900.00
1772828324.0620012;0.00;0.00;0.00;0.00;0.00;0.00;0.00;0.00;0.00;485.00;485.00;0.00;0.00;485.00;0.00;0.00;0.00;0.00;0.00;485.00;0.00;0.00;388.00;1050.00;1050.00;1050.00;1854.67;930.00;80.00;80.00;150.00;150.00;150.00;150.00;150.00;160.00;1120.00;705.33;390.00;626.34;480.00;791.66;800.00;0.00;480.00;544.67;1200.00
1772828324.063905;0.00;0.00;0.00;0.00;0.00;0.00;0.00;0.00;0.00;485.00;485.00;0.00;0.00;485.00;0.00;0.00;0.00;0.00;0.00;485.00;0.00;0.00;388.00;1050.00;1050.00;1050.00;1854.67;930.00;80.00;80.00;150.00;150.00;150.00;150.00;150.00;160.00;1120.00;705.33;390.00;626.34;480.00;791.66;800.00;0.00;480.00;544.67;1200.00
1772828324.1080396;0.00;0.00;0.00;0.00;0.00;0.00;0.00;0.00;0.00;485.00;485.00;0.00;0.00;485.00;0.00;0.00;0.00;0.00;0.00;485.00;0.00;0.00;388.00;1050.00;1050.00;1050.00;1854.67;930.00;80.00;80.00;150.00;150.00;150.00;150.00;150.00;160.00;1120.00;705.33;390.00;626.34;480.00;791.66;800.00;0.00;480.00;544.67;1200.00
1772828324.109857;0.00;0.00;0.00;0.00;0.00;0.00;0.00;0.00;0.00;485.00;485.00;0.00;0.00;485.00;0.00;0.00;0.00;0.00;0.00;485.00;0.00;0.00;388.00;1050.00;1050.00;1050.00;1854.67;930.00;80.00;80.00;150.00;150.00;150.00;150.00;150.00;160.00;1120.00;705.33;390.00;626.34;480.00;791.66;800.00;0.00;480.00;544.67;1200.00
1772828324.1535718;0.00;0.00;0.00;0.00;0.00;0.00;0.00;0.00;0.00;485.00;485.00;0.00;0.00;485.00;0.00;0.00;0.00;0.00;0.00;485.00;0.00;0.00;388.00;1050.00;1050.00;1050.00;1854.67;930.00;80.00;80.00;150.00;150.00;150.00;150.00;150.00;160.00;1120.00;705.33;390.00;626.34;480.00;791.66;800.00;0.00;480.00;544.67;1200.00
1772828324.1554224;0.00;0.00;0.00;0.00;0.00;0.00;0.00;0.00;0.00;485.00;485.00;0.00;0.00;485.00;0.00;0.00;0.00;0.00;0.00;485.00;0.00;0.00;388.00;1050.00;1050.00;1050.00;1854.67;930.00;80.00;80.00;150.00;150.00;150.00;150.00;150.00;160.00;1120.00;705.33;390.00;626.34;480.00;791.66;800.00;0.00;480.00;544.67;1200.00
1772828335.829562;0.00;0.00;0.00;0.00;0.00;0.00;0.00;0.00;0.00;485.00;485.00;0.00;0.00;485.00;0.00;0.00;0.00;0.00;0.00;485.00;0.00;0.00;388.00;1050.00;1050.00;1050.00;1854.67;930.00;80.00;80.00;150.00;150.00;150.00;150.00;150.00;160.00;1120.00;705.33;390.00;626.34;480.00;791.66;800.00;0.00;480.00;544.67;1200.00
1772828335.8314936;0.00;0.00;0.00;0.00;0.00;0.00;0.00;0.00;0.00;485.00;485.00;0.00;0.00;485.00;0.00;0.00;0.00;0.00;0.00;485.00;0.00;0.00;388.00;1050.00;1050.00;1050.00;1854.67;930.00;80.00;80.00;150.00;150.00;150.00;150.00;150.00;160.00;1120.00;705.33;390.00;626.34;480.00;791.66;800.00;0.00;480.00;544.67;1200.00
1772828335.8769495;0.00;0.00;0.00;0.00;0.00;0.00;0.00;0.00;0.00;485.00;485.00;0.00;0.00;485.00;0.00;0.00;0.00;0.00;0.00;485.00;0.00;0.00;388.00;1050.00;1050.00;1050.00;1854.67;930.00;80.00;80.00;150.00;150.00;150.00;150.00;150.00;160.00;1120.00;705.33;390.00;626.34;480.00;791.66;800.00;0.00;480.00;544.67;1200.00
1772828335.8788412;0.00;0.00;0.00;0.00;0.00;0.00;0.00;0.00;0.00;485.00;485.00;0.00;0.00;485.00;0.00;0.00;0.00;0.00;0.00;485.00;0.00;0.00;388.00;1050.00;1050.00;1050.00;1854.67;930.00;80.00;80.00;150.00;150.00;150.00;150.00;150.00;160.00;1120.00;705.33;390.00;626.34;480.00;791.66;800.00;0.00;480.00;544.67;1200.00
1772828335.9242928;0.00;0.00;0.00;0.00;0.00;0.00;0.00;0.00;0.00;485.00;485.00;0.00;0.00;485.00;0.00;0.00;0.00;0.00;0.00;485.00;0.00;0.00;388.00;1050.00;1050.00;1050.00;1854.67;930.00;80.00;80.00;150.00;150.00;150.00;150.00;150.00;160.00;1120.00;705.33;390.00;626.34;480.00;791.66;800.00;0.00;480.00;544.67;1200.00
1772828335.9261324;0.00;0.00;0.00;0.00;0.00;0.00;0.00;0.00;0.00;485.00;485.00;0.00;0.00;485.00;0.00;0.00;0.00;0.00;0.00;485.00;0.00;0.00;388.00;1050.00;1050.00;1050.00;1854.67;930.00;80.00;80.00;150.00;150.00;150.00;150.00;150.00;160.00;1120.00;705.33;390.00;626.34;480.00;791.66;800.00;0.00;480.00;544.67;1200.00
1772828336.0993836;0.00;0.00;0.00;0.00;0.00;0.00;0.00;0.00;0.00;485.00;485.00;0.00;0.00;485.00;0.00;0.00;0.00;0.00;0.00;485.00;0.00;0.00;388.00;1050.00;1050.00;1050.00;1854.67;930.00;80.00;80.00;150.00;150.00;150.00;150.00;150.00;160.00;1120.00;705.33;390.00;626.34;480.00;791.66;800.00;0.00;480.00;544.67;1200.00
1772828336.101262;0.00;0.00;0.00;0.00;0.00;0.00;0.00;0.00;0.00;485.00;485.00;0.00;0.00;485.00;0.00;0.00;0.00;0.00;0.00;485.00;0.00;0.00;388.00;1050.00;1050.00;1050.00;1854.67;930.00;80.00;80.00;150.00;150.00;150.00;150.00;150.00;160.00;1120.00;705.33;390.00;626.34;480.00;791.66;800.00;0.00;480.00;544.67;1200.00
1772828336.1459603;0.00;0.00;0.00;0.00;0.00;0.00;0.00;0.00;0.00;485.00;485.00;0.00;0.00;485.00;0.00;0.00;0.00;0.00;0.00;485.00;0.00;0.00;388.00;1050.00;1050.00;1050.00;1854.67;930.00;80.00;80.00;150.00;150.00;150.00;150.00;150.00;160.00;1120.00;705.33;390.00;626.34;480.00;791.66;800.00;0.00;480.00;544.67;1200.00
1772828336.147854;0.00;0.00;0.00;0.00;0.00;0.00;0.00;0.00;0.00;485.00;485.00;0.00;0.00;485.00;0.00;0.00;0.00;0.00;0.00;485.00;0.00;0.00;388.00;1050.00;1050.00;1050.00;1854.67;930.00;80.00;80.00;150.00;150.00;150.00;150.00;150.00;160.00;1120.00;705.33;390.00;626.34;480.00;791.66;800.00;0.00;480.00;544.67;1200.00
1772828336.1929152;0.00;0.00;0.00;0.00;0.00;0.00;0.00;0.00;0.00;485.00;485.00;0.00;0.00;485.00;0.00;0.00;0.00;0.00;0.00;485.00;0.00;0.00;388.00;1050.00;1050.00;1050.00;1854.67;930.00;80.00;80.00;150.00;150.00;150.00;150.00;150.00;160.00;1120.00;705.33;390.00;626.34;480.00;791.66;800.00;0.00;480.00;544.67;1200.00
1772828336.1947968;0.00;0.00;0.00;0.00;0.00;0.00;0.00;0.00;0.00;485.00;485.00;0.00;0.00;485.00;0.00;0.00;0.00;0.00;0.00;485.00;0.00;0.00;388.00;1050.00;1050.00;1050.00;1854.67;930.00;80.00;80.00;150.00;150.00;150.00;150.00;150.00;160.00;1120.00;705.33;390.00;626.34;480.00;791.66;800.00;0.00;480.00;544.67;1200.00
1772828355.8626459;0.00;0.00;0.00;0.00;0.00;0.00;0.00;0.00;0.00;485.00;485.00;0.00;0.00;0.00;0.00;0.00;0.00;97.00;0.00;485.00;0.00;0.00;388.00;310.00;1060.00;820.00;1624.67;700.00;80.00;0.00;0.00;0.00;0.00;0.00;0.00;160.00;575.33;705.33;230.00;626.34;480.00;0.00;800.00;480.00;0.00;224.67;460.00
1772828355.8645172;0.00;0.00;0.00;0.00;0.00;0.00;0.00;0.00;0.00;485.00;485.00;0.00;0.00;0.00;0.00;0.00;0.00;97.00;0.00;485.00;0.00;0.00;388.00;310.00;1060.00;820.00;1624.67;700.00;80.00;0.00;0.00;0.00;0.00;0.00;0.00;160.00;575.33;705.33;230.00;626.34;480.00;0.00;800.00;480.00;0.00;224.67;460.00
1772828355.9162822;0.00;0.00;0.00;0.00;0.00;0.00;0.00;0.00;0.00;485.00;485.00;0.00;0.00;0.00;0.00;0.00;0.00;194.00;0.00;485.00;0.00;0.00;388.00;550.00;1300.00;820.00;1624.67;700.00;80.00;0.00;0.00;230.00;230.00;230.00;230.00;160.00;575.33;705.33;230.00;626.34;480.00;320.00;800.00;480.00;0.00;384.67;760.00
1772828355.9180562;0.00;0.00;0.00;0.00;0.00;0.00;0.00;0.00;0.00;485.00;485.00;0.00;0.00;0.00;0.00;0.00;0.00;194.00;0.00;485.00;0.00;0.00;388.00;550.00;1300.00;820.00;1624.67;700.00;80.00;0.00;0.00;230.00;230.00;230.00;230.00;160.00;575.33;705.33;230.00;626.34;480.00;320.00;800.00;480.00;0.00;384.67;760.00
1772828355.9690337;0.00;0.00;0.00;0.00;0.00;0.00;0.00;0.00;0.00;485.00;485.00;0.00;0.00;0.00;0.00;0.00;0.00;291.00;0.00;485.00;0.00;0.00;388.00;860.00;1610.00;1050.00;1854.67;930.00;80.00;0.00;0.00;230.00;230.00;230.00;230.00;160.00;575.33;705.33;230.00;626.34;480.00;640.00;800.00;480.00;0.00;384.67;1060.00
1772828355.9709036;0.00;0.00;0.00;0.00;0.00;0.00;0.00;0.00;0.00;485.00;485.00;0.00;0.00;0.00;0.00;0.00;0.00;291.00;0.00;485.00;0.00;0.00;388.00;860.00;1610.00;1050.00;1854.67;930.00;80.00;0.00;0.00;230.00;230.00;230.00;230.00;160.00;575.33;705.33;230.00;626.34;480.00;640.00;800.00;480.00;0.00;384.67;1060.00
1772828356.0207915;0.00;0.00;0.00;0.00;0.00;0.00;0.00;0.00;0.00;485.00;485.00;0.00;0.00;0.00;0.00;0.00;0.00;388.00;0.00;485.00;0.00;0.00;388.00;1020.00;1770.00;1082.33;1887.00;962.33;160.00;80.00;150.00;380.00;380.00;380.00;700.00;320.00;575.33;705.33;230.00;626.34;480.00;640.00;800.00;480.00;0.00;384.67;1360.00
1772828356.022708;0.00;0.00;0.00;0.00;0.00;0.00;0.00;0.00;0.00;485.00;485.00;0.00;0.00;0.00;0.00;0.00;0.00;388.00;0.00;485.00;0.00;0.00;388.00;1020.00;1770.00;1082.33;1887.00;962.33;160.00;80.00;150.00;380.00;380.00;380.00;700.00;320.00;575.33;705.33;230.00;626.34;480.00;640.00;800.00;480.00;0.00;384.67;1360.00
1772828356.1972373;0.00;0.00;0.00;0.00;0.00;0.00;0.00;0.00;0.00;485.00;485.00;0.00;0.00;0.00;0.00;0.00;0.00;485.00;0.00;485.00;0.00;0.00;388.00;1180.00;1930.00;1162.33;1967.00;1042.33;240.00;230.00;300.00;530.00;530.00;840.00;1160.00;320.00;575.33;705.33;230.00;626.34;480.00;640.00;800.00;480.00;320.00;384.67;1660.00
1772828356.1990871;0.00;0.00;0.00;0.00;0.00;0.00;0.00;0.00;0.00;485.00;485.00;0.00;0.00;0.00;0.00;0.00;0.00;485.00;0.00;485.00;0.00;0.00;388.00;1180.00;1930.00;1162.33;1967.00;1042.33;240.00;230.00;300.00;530.00;530.00;840.00;1160.00;320.00;575.33;705.33;230.00;626.34;480.00;640.00;800.00;480.00;320.00;384.67;1660.00
1772828356.24486;0.00;0.00;0.00;0.00;0.00;0.00;0.00;0.00;0.00;485.00;485.00;0.00;0.00;0.00;0.00;0.00;0.00;485.00;0.00;485.00;0.00;0.00;388.00;1180.00;1930.00;1162.33;1967.00;1042.33;240.00;230.00;300.00;530.00;530.00;840.00;1160.00;320.00;575.33;705.33;230.00;626.34;480.00;640.00;800.00;480.00;320.00;384.67;1660.00
1772828356.2467768;0.00;0.00;0.00;0.00;0.00;0.00;0.00;0.00;0.00;485.00;485.00;0.00;0.00;0.00;0.00;0.00;0.00;485.00;0.00;485.00;0.00;0.00;388.00;1180.00;1930.00;1162.33;1967.00;1042.33;240.00;230.00;300.00;530.00;530.00;840.00;1160.00;320.00;575.33;705.33;230.00;626.34;480.00;640.00;800.00;480.00;320.00;384.67;1660.00
1772828375.9052126;0.00;0.00;0.00;0.00;0.00;0.00;0.00;0.00;0.00;485.00;485.00;0.00;0.00;0.00;0.00;0.00;0.00;485.00;0.00;485.00;0.00;0.00;388.00;1180.00;1930.00;1162.33;1967.00;1042.33;240.00;230.00;300.00;530.00;530.00;840.00;1160.00;320.00;575.33;705.33;230.00;626.34;480.00;640.00;800.00;480.00;320.00;384.67;1660.00
1772828375.907074;0.00;0.00;0.00;0.00;0.00;0.00;0.00;0.00;0.00;485.00;485.00;0.00;0.00;0.00;0.00;0.00;0.00;485.00;0.00;485.00;0.00;0.00;388.00;1180.00;1930.00;1162.33;1967.00;1042.33;240.00;230.00;300.00;530.00;530.00;840.00;1160.00;320.00;575.33;705.33;230.00;626.34;480.00;640.00;800.00;480.00;320.00;384.67;1660.00
1772828375.9525783;0.00;0.00;0.00;0.00;0.00;0.00;0.00;0.00;0.00;485.00;485.00;0.00;0.00;0.00;0.00;0.00;0.00;485.00;0.00;485.00;0.00;0.00;388.00;1180.00;1930.00;1162.33;1967.00;1042.33;240.00;230.00;300.00;530.00;530.00;840.00;1160.00;320.00;575.33;705.33;230.00;626.34;480.00;640.00;800.00;480.00;320.00;384.67;1660.00
1772828375.9544203;0.00;0.00;0.00;0.00;0.00;0.00;0.00;0.00;0.00;485.00;485.00;0.00;0.00;0.00;0.00;0.00;0.00;485.00;0.00;485.00;0.00;0.00;388.00;1180.00;1930.00;1162.33;1967.00;1042.33;240.00;230.00;300.00;530.00;530.00;840.00;1160.00;320.00;575.33;705.33;230.00;626.34;480.00;640.00;800.00;480.00;320.00;384.67;1660.00
1772828375.9999998;0.00;0.00;0.00;0.00;0.00;0.00;0.00;0.00;0.00;485.00;485.00;0.00;0.00;0.00;0.00;0.00;0.00;485.00;0.00;485.00;0.00;0.00;388.00;1180.00;1930.00;1162.33;1967.00;1042.33;240.00;230.00;300.00;530.00;530.00;840.00;1160.00;320.00;575.33;705.33;230.00;626.34;480.00;640.00;800.00;480.00;320.00;384.67;1660.00
1772828376.0019045;0.00;0.00;0.00;0.00;0.00;0.00;0.00;0.00;0.00;485.00;485.00;0.00;0.00;0.00;0.00;0.00;0.00;485.00;0.00;485.00;0.00;0.00;388.00;1180.00;1930.00;1162.33;1967.00;1042.33;240.00;230.00;300.00;530.00;530.00;840.00;1160.00;320.00;575.33;705.33;230.00;626.34;480.00;640.00;800.00;480.00;320.00;384.67;1660.00
1772828376.0480695;0.00;0.00;0.00;0.00;0.00;0.00;0.00;0.00;0.00;485.00;485.00;0.00;0.00;0.00;0.00;0.00;0.00;485.00;0.00;485.00;0.00;0.00;388.00;1180.00;1930.00;1162.33;1967.00;1042.33;240.00;230.00;300.00;530.00;530.00;840.00;1160.00;320.00;575.33;705.33;230.00;626.34;480.00;640.00;800.00;480.00;320.00;384.67;1660.00
1772828376.0499973;0.00;0.00;0.00;0.00;0.00;0.00;0.00;0.00;0.00;485.00;485.00;0.00;0.00;0.00;0.00;0.00;0.00;485.00;0.00;485.00;0.00;0.00;388.00;1180.00;1930.00;1162.33;1967.00;1042.33;240.00;230.00;300.00;530.00;530.00;840.00;1160.00;320.00;575.33;705.33;230.00;626.34;480.00;640.00;800.00;480.00;320.00;384.67;1660.00
1772828376.2189157;0.00;0.00;0.00;0.00;0.00;0.00;0.00;0.00;0.00;485.00;485.00;0.00;0.00;0.00;0.00;0.00;0.00;485.00;0.00;485.00;0.00;0.00;388.00;1180.00;1930.00;1162.33;1967.00;1042.33;240.00;230.00;300.00;530.00;530.00;840.00;1160.00;320.00;575.33;705.33;230.00;626.34;480.00;640.00;800.00;480.00;320.00;384.67;1660.00
1772828376.2207897;0.00;0.00;0.00;0.00;0.00;0.00;0.00;0.00;0.00;485.00;485.00;0.00;0.00;0.00;0.00;0.00;0.00;485.00;0.00;485.00;0.00;0.00;388.00;1180.00;1930.00;1162.33;1967.00;1042.33;240.00;230.00;300.00;530.00;530.00;840.00;1160.00;320.00;575.33;705.33;230.00;626.34;480.00;640.00;800.00;480.00;320.00;384.67;1660.00
1772828376.2667866;0.00;0.00;0.00;0.00;0.00;0.00;0.00;0.00;0.00;485.00;485.00;0.00;0.00;0.00;0.00;0.00;0.00;485.00;0.00;485.00;0.00;0.00;388.00;1180.00;1930.00;1162.33;1967.00;1042.33;240.00;230.00;300.00;530.00;530.00;840.00;1160.00;320.00;575.33;705.33;230.00;626.34;480.00;640.00;800.00;480.00;320.00;384.67;1660.00
1772828376.268637;0.00;0.00;0.00;0.00;0.00;0.00;0.00;0.00;0.00;485.00;485.00;0.00;0.00;0.00;0.00;0.00;0.00;485.00;0.00;485.00;0.00;0.00;388.00;1180.00;1930.00;1162.33;1967.00;1042.33;240.00;230.00;300.00;530.00;530.00;840.00;1160.00;320.00;575.33;705.33;230.00;626.34;480.00;640.00;800.00;480.00;320.00;384.67;1660.00
1772828399.9547086;0.00;0.00;0.00;0.00;97.00;0.00;0.00;0.00;0.00;0.00;485.00;0.00;0.00;0.00;0.00;0.00;0.00;485.00;0.00;0.00;0.00;0.00;388.00;0.00;750.00;0.00;0.00;242.33;0.00;0.00;0.00;0.00;780.00;300.00;300.00;0.00;540.00;0.00;0.00;0.00;0.00;330.00;800.00;480.00;320.00;384.67;300.00
1772828399.9561498;0.00;0.00;0.00;0.00;97.00;0.00;0.00;0.00;0.00;0.00;485.00;0.00;0.00;0.00;0.00;0.00;0.00;485.00;0.00;0.00;0.00;0.00;388.00;0.00;750.00;0.00;0.00;242.33;0.00;0.00;0.00;0.00;780.00;300.00;300.00;0.00;540.00;0.00;0.00;0.00;0.00;330.00;800.00;480.00;320.00;384.67;300.00
1772828400.0330305;0.00;0.00;0.00;0.00;194.00;0.00;0.00;0.00;0.00;0.00;485.00;0.00;0.00;0.00;0.00;0.00;0.00;485.00;0.00;0.00;0.00;0.00;388.00;0.00;750.00;0.00;0.00;242.33;0.00;0.00;0.00;0.00;1464.67;600.00;600.00;0.00;972.33;0.00;0.00;0.00;0.00;330.00;800.00;480.00;320.00;384.67;600.00
1772828400.034456;0.00;0.00;0.00;0.00;194.00;0.00;0.00;0.00;0.00;0.00;485.00;0.00;0.00;0.00;0.00;0.00;0.00;485.00;0.00;0.00;0.00;0.00;388.00;0.00;750.00;0.00;0.00;242.33;0.00;0.00;0.00;0.00;1464.67;600.00;600.00;0.00;972.33;0.00;0.00;0.00;0.00;330.00;800.00;480.00;320.00;384.67;600.00
1772828400.107027;0.00;0.00;0.00;0.00;291.00;0.00;0.00;0.00;0.00;0.00;485.00;0.00;0.00;0.00;0.00;0.00;0.00;485.00;0.00;0.00;0.00;0.00;388.00;310.00;750.00;0.00;0.00;242.33;0.00;0.00;0.00;0.00;1887.00;910.00;910.00;0.00;1132.33;0.00;0.00;0.00;0.00;650.00;800.00;480.00;320.00;384.67;900.00
1772828400.108534;0.00;0.00;0.00;0.00;291.00;0.00;0.00;0.00;0.00;0.00;485.00;0.00;0.00;0.00;0.00;0.00;0.00;485.00;0.00;0.00;0.00;0.00;388.00;310.00;750.00;0.00;0.00;242.33;0.00;0.00;0.00;0.00;1887.00;910.00;910.00;0.00;1132.33;0.00;0.00;0.00;0.00;650.00;800.00;480.00;320.00;384.67;900.00
1772828400.1964319;0.00;0.00;0.00;0.00;388.00;0.00;0.00;0.00;0.00;0.00;485.00;0.00;0.00;0.00;0.00;0.00;0.00;485.00;0.00;0.00;0.00;0.00;388.00;850.00;750.00;0.00;0.00;242.33;0.00;0.00;0.00;0.00;2127.00;1150.00;1150.00;0.00;1469.33;0.00;0.00;0.00;0.00;650.00;800.00;480.00;320.00;384.67;1200.00
1772828400.1979935;0.00;0.00;0.00;0.00;388.00;0.00;0.00;0.00;0.00;0.00;485.00;0.00;0.00;0.00;0.00;0.00;0.00;485.00;0.00;0.00;0.00;0.00;388.00;850.00;750.00;0.00;0.00;242.33;0.00;0.00;0.00;0.00;2127.00;1150.00;1150.00;0.00;1469.33;0.00;0.00;0.00;0.00;650.00;800.00;480.00;320.00;384.67;1200.00
1772828400.356979;0.00;0.00;0.00;0.00;485.00;0.00;0.00;0.00;0.00;0.00;485.00;0.00;0.00;0.00;0.00;0.00;0.00;485.00;0.00;0.00;0.00;0.00;388.00;1160.00;1070.00;0.00;0.00;242.33;0.00;0.00;0.00;0.00;2549.33;1572.33;1460.00;0.00;1469.33;0.00;0.00;0.00;0.00;650.00;800.00;480.00;320.00;544.67;1500.00
1772828400.3586884;0.00;0.00;0.00;0.00;485.00;0.00;0.00;0.00;0.00;0.00;485.00;0.00;0.00;0.00;0.00;0.00;0.00;485.00;0.00;0.00;0.00;0.00;388.00;1160.00;1070.00;0.00;0.00;242.33;0.00;0.00;0.00;0.00;2549.33;1572.33;1460.00;0.00;1469.33;0.00;0.00;0.00;0.00;650.00;800.00;480.00;320.00;544.67;1500.00
1772828400.404885;0.00;0.00;0.00;0.00;582.00;0.00;0.00;0.00;0.00;0.00;485.00;0.00;0.00;0.00;0.00;0.00;0.00;485.00;0.00;0.00;0.00;0.00;388.00;1160.00;1070.00;0.00;0.00;242.33;0.00;0.00;0.00;540.00;2849.33;1872.33;1760.00;0.00;1469.33;480.00;0.00;0.00;0.00;650.00;800.00;480.00;320.00;544.67;1800.00
1772828400.4065773;0.00;0.00;0.00;0.00;582.00;0.00;0.00;0.00;0.00;0.00;485.00;0.00;0.00;0.00;0.00;0.00;0.00;485.00;0.00;0.00;0.00;0.00;388.00;1160.00;1070.00;0.00;0.00;242.33;0.00;0.00;0.00;540.00;2849.33;1872.33;1760.00;0.00;1469.33;480.00;0.00;0.00;0.00;650.00;800.00;480.00;320.00;544.67;1800.00
1772828424.9562106;0.00;0.00;97.00;0.00;582.00;0.00;0.00;0.00;0.00;0.00;388.00;0.00;0.00;0.00;0.00;0.00;0.00;485.00;0.00;0.00;0.00;0.00;388.00;1010.00;910.00;0.00;0.00;0.00;0.00;240.00;240.00;690.00;2999.33;2022.33;1910.00;0.00;1469.33;1020.00;480.00;0.00;0.00;650.00;320.00;480.00;320.00;544.67;1500.00
1772828424.9579406;0.00;0.00;97.00;0.00;582.00;0.00;0.00;0.00;0.00;0.00;388.00;0.00;0.00;0.00;0.00;0.00;0.00;485.00;0.00;0.00;0.00;0.00;388.00;1010.00;910.00;0.00;0.00;0.00;0.00;240.00;240.00;690.00;2999.33;2022.33;1910.00;0.00;1469.33;1020.00;480.00;0.00;0.00;650.00;320.00;480.00;320.00;544.67;1500.00
1772828425.007813;0.00;0.00;194.00;0.00;582.00;0.00;0.00;0.00;0.00;0.00;388.00;0.00;0.00;0.00;0.00;0.00;0.00;485.00;0.00;0.00;0.00;0.00;388.00;1010.00;910.00;0.00;0.00;0.00;0.00;480.00;550.00;990.00;3299.33;2322.33;2210.00;0.00;1469.33;1330.00;960.00;0.00;0.00;650.00;320.00;480.00;320.00;544.67;1800.00
1772828425.0095932;0.00;0.00;194.00;0.00;582.00;0.00;0.00;0.00;0.00;0.00;388.00;0.00;0.00;0.00;0.00;0.00;0.00;485.00;0.00;0.00;0.00;0.00;388.00;1010.00;910.00;0.00;0.00;0.00;0.00;480.00;550.00;990.00;3299.33;2322.33;2210.00;0.00;1469.33;1330.00;960.00;0.00;0.00;650.00;320.00;480.00;320.00;544.67;1800.00
1772828425.0602071;0.00;0.00;291.00;0.00;582.00;0.00;0.00;0.00;0.00;0.00;388.00;0.00;0.00;0.00;0.00;0.00;0.00;485.00;0.00;0.00;0.00;0.00;388.00;1010.00;910.00;0.00;0.00;0.00;0.00;720.00;790.00;1290.00;3599.33;2622.33;2510.00;0.00;1469.33;1640.00;1440.00;0.00;0.00;650.00;320.00;480.00;320.00;544.67;2100.00
1772828425.0620787;0.00;0.00;291.00;0.00;582.00;0.00;0.00;0.00;0.00;0.00;388.00;0.00;0.00;0.00;0.00;0.00;0.00;485.00;0.00;0.00;0.00;0.00;388.00;1010.00;910.00;0.00;0.00;0.00;0.00;720.00;790.00;1290.00;3599.33;2622.33;2510.00;0.00;1469.33;1640.00;1440.00;0.00;0.00;650.00;320.00;480.00;320.00;544.67;2100.00
1772828425.1137364;0.00;0.00;388.00;0.00;582.00;0.00;0.00;0.00;0.00;0.00;388.00;0.00;0.00;0.00;0.00;0.00;0.00;485.00;0.00;0.00;0.00;0.00;388.00;1010.00;910.00;0.00;0.00;0.00;0.00;960.00;1020.00;1520.00;3899.33;2922.33;2810.00;0.00;1469.33;1640.00;1920.00;0.00;0.00;650.00;320.00;480.00;320.00;544.67;2400.00
1772828425.1155457;0.00;0.00;388.00;0.00;582.00;0.00;0.00;0.00;0.00;0.00;388.00;0.00;0.00;0.00;0.00;0.00;0.00;485.00;0.00;0.00;0.00;0.00;388.00;1010.00;910.00;0.00;0.00;0.00;0.00;960.00;1020.00;1520.00;3899.33;2922.33;2810.00;0.00;1469.33;1640.00;1920.00;0.00;0.00;650.00;320.00;480.00;320.00;544.67;2400.00
1772828425.1664968;0.00;0.00;485.00;0.00;582.00;0.00;0.00;0.00;0.00;0.00;388.00;0.00;0.00;0.00;0.00;0.00;0.00;485.00;0.00;0.00;0.00;0.00;388.00;1160.00;1060.00;150.00;150.00;80.00;80.00;1120.00;1170.00;1670.00;4049.33;3072.33;2960.00;320.00;1469.33;1640.00;1920.00;0.00;0.00;650.00;480.00;480.00;320.00;544.67;2700.00
1772828425.1684248;0.00;0.00;485.00;0.00;582.00;0.00;0.00;0.00;0.00;0.00;388.00;0.00;0.00;0.00;0.00;0.00;0.00;485.00;0.00;0.00;0.00;0.00;388.00;1160.00;1060.00;150.00;150.00;80.00;80.00;1120.00;1170.00;1670.00;4049.33;3072.33;2960.00;320.00;1469.33;1640.00;1920.00;0.00;0.00;650.00;480.00;480.00;320.00;544.67;2700.00
1772828425.352321;0.00;0.00;582.00;0.00;582.00;0.00;0.00;0.00;0.00;0.00;388.00;0.00;0.00;0.00;0.00;0.00;0.00;485.00;0.00;0.00;0.00;0.00;388.00;1310.00;1210.00;300.00;230.00;160.00;160.00;1280.00;1320.00;1820.00;4199.33;3222.33;3110.00;640.00;1469.33;1640.00;1920.00;160.00;0.00;650.00;480.00;480.00;320.00;544.67;3000.00
1772828425.354214;0.00;0.00;582.00;0.00;582.00;0.00;0.00;0.00;0.00;0.00;388.00;0.00;0.00;0.00;0.00;0.00;0.00;485.00;0.00;0.00;0.00;0.00;388.00;1310.00;1210.00;300.00;230.00;160.00;160.00;1280.00;1320.00;1820.00;4199.33;3222.33;3110.00;640.00;1469.33;1640.00;1920.00;160.00;0.00;650.00;480.00;480.00;320.00;544.67;3000.00
1772828445.9983864;0.00;0.00;582.00;0.00;582.00;0.00;0.00;97.00;0.00;0.00;0.00;0.00;0.00;0.00;0.00;0.00;0.00;485.00;0.00;0.00;0.00;0.00;0.00;0.00;0.00;0.00;0.00;0.00;80.00;280.00;240.00;240.00;300.00;300.00;300.00;250.00;979.33;1640.00;1050.00;0.00;0.00;650.00;0.00;480.00;320.00;320.00;300.00
1772828445.9999535;0.00;0.00;582.00;0.00;582.00;0.00;0.00;97.00;0.00;0.00;0.00;0.00;0.00;0.00;0.00;0.00;0.00;485.00;0.00;0.00;0.00;0.00;0.00;0.00;0.00;0.00;0.00;0.00;80.00;280.00;240.00;240.00;300.00;300.00;300.00;250.00;979.33;1640.00;1050.00;0.00;0.00;650.00;0.00;480.00;320.00;320.00;300.00
1772828446.0498583;0.00;0.00;582.00;0.00;582.00;0.00;0.00;194.00;0.00;0.00;0.00;0.00;0.00;0.00;0.00;0.00;0.00;485.00;0.00;0.00;0.00;0.00;0.00;0.00;0.00;0.00;0.00;0.00;80.00;440.00;550.00;550.00;600.00;600.00;600.00;410.00;1299.33;1640.00;1280.00;0.00;0.00;650.00;0.00;480.00;320.00;320.00;600.00
1772828446.0515113;0.00;0.00;582.00;0.00;582.00;0.00;0.00;194.00;0.00;0.00;0.00;0.00;0.00;0.00;0.00;0.00;0.00;485.00;0.00;0.00;0.00;0.00;0.00;0.00;0.00;0.00;0.00;0.00;80.00;440.00;550.00;550.00;600.00;600.00;600.00;410.00;1299.33;1640.00;1280.00;0.00;0.00;650.00;0.00;480.00;320.00;320.00;600.00
1772828446.1007905;0.00;0.00;582.00;0.00;582.00;0.00;0.00;291.00;0.00;0.00;0.00;0.00;0.00;0.00;0.00;0.00;0.00;485.00;0.00;0.00;0.00;0.00;0.00;0.00;0.00;0.00;0.00;0.00;80.00;600.00;860.00;860.00;900.00;900.00;900.00;570.00;1299.33;1640.00;1392.33;0.00;0.00;650.00;0.00;480.00;320.00;320.00;900.00
1772828446.1024332;0.00;0.00;582.00;0.00;582.00;0.00;0.00;291.00;0.00;0.00;0.00;0.00;0.00;0.00;0.00;0.00;0.00;485.00;0.00;0.00;0.00;0.00;0.00;0.00;0.00;0.00;0.00;0.00;80.00;600.00;860.00;860.00;900.00;900.00;900.00;570.00;1299.33;1640.00;1392.33;0.00;0.00;650.00;0.00;480.00;320.00;320.00;900.00
1772828446.1524909;0.00;0.00;582.00;0.00;582.00;0.00;0.00;388.00;0.00;0.00;0.00;0.00;0.00;0.00;0.00;0.00;0.00;485.00;0.00;0.00;0.00;0.00;0.00;0.00;0.00;0.00;0.00;0.00;80.00;830.00;1170.00;1170.00;1200.00;1200.00;1200.00;730.00;1299.33;1640.00;1392.33;0.00;0.00;650.00;0.00;480.00;320.00;320.00;1200.00
1772828446.1542168;0.00;0.00;582.00;0.00;582.00;0.00;0.00;388.00;0.00;0.00;0.00;0.00;0.00;0.00;0.00;0.00;0.00;485.00;0.00;0.00;0.00;0.00;0.00;0.00;0.00;0.00;0.00;0.00;80.00;830.00;1170.00;1170.00;1200.00;1200.00;1200.00;730.00;1299.33;1640.00;1392.33;0.00;0.00;650.00;0.00;480.00;320.00;320.00;1200.00
1772828446.2044277;0.00;0.00;582.00;0.00;582.00;0.00;0.00;485.00;0.00;0.00;0.00;0.00;0.00;0.00;0.00;0.00;0.00;485.00;0.00;0.00;0.00;0.00;0.00;0.00;0.00;0.00;0.00;0.00;80.00;1060.00;1480.00;1480.00;1500.00;1500.00;1500.00;890.00;1299.33;1640.00;1392.33;0.00;0.00;650.00;0.00;480.00;320.00;320.00;1500.00
1772828446.20618;0.00;0.00;582.00;0.00;582.00;0.00;0.00;485.00;0.00;0.00;0.00;0.00;0.00;0.00;0.00;0.00;0.00;485.00;0.00;0.00;0.00;0.00;0.00;0.00;0.00;0.00;0.00;0.00;80.00;1060.00;1480.00;1480.00;1500.00;1500.00;1500.00;890.00;1299.33;1640.00;1392.33;0.00;0.00;650.00;0.00;480.00;320.00;320.00;1500.00
1772828446.3797593;0.00;0.00;582.00;0.00;582.00;0.00;0.00;582.00;0.00;0.00;0.00;0.00;0.00;0.00;0.00;0.00;0.00;485.00;0.00;0.00;0.00;0.00;0.00;0.00;0.00;0.00;0.00;0.00;80.00;1290.00;1790.00;1790.00;1800.00;1800.00;1800.00;1050.00;1299.33;1640.00;1392.33;0.00;0.00;650.00;0.00;480.00;320.00;320.00;1800.00
1772828446.381585;0.00;0.00;582.00;0.00;582.00;0.00;0.00;582.00;0.00;0.00;0.00;0.00;0.00;0.00;0.00;0.00;0.00;485.00;0.00;0.00;0.00;0.00;0.00;0.00;0.00;0.00;0.00;0.00;80.00;1290.00;1790.00;1790.00;1800.00;1800.00;1800.00;1050.00;1299.33;1640.00;1392.33;0.00;0.00;650.00;0.00;480.00;320.00;320.00;1800.00
1772828462.0285482;0.00;0.00;582.00;0.00;582.00;0.00;0.00;582.00;0.00;0.00;0.00;97.00;0.00;0.00;0.00;0.00;0.00;485.00;0.00;0.00;0.00;0.00;0.00;300.00;310.00;310.00;230.00;0.00;80.00;1290.00;1790.00;1790.00;1800.00;1800.00;1800.00;1050.00;1299.33;1640.00;1392.33;320.00;160.00;650.00;0.00;480.00;320.00;320.00;2100.00
1772828462.0304108;0.00;0.00;582.00;0.00;582.00;0.00;0.00;582.00;0.00;0.00;0.00;97.00;0.00;0.00;0.00;0.00;0.00;485.00;0.00;0.00;0.00;0.00;0.00;300.00;310.00;310.00;230.00;0.00;80.00;1290.00;1790.00;1790.00;1800.00;1800.00;1800.00;1050.00;1299.33;1640.00;1392.33;320.00;160.00;650.00;0.00;480.00;320.00;320.00;2100.00
1772828462.0626137;0.00;0.00;582.00;0.00;582.00;0.00;0.00;582.00;0.00;0.00;0.00;194.00;0.00;0.00;0.00;0.00;0.00;485.00;0.00;0.00;0.00;0.00;0.00;600.00;620.00;620.00;390.00;0.00;80.00;1290.00;1790.00;1790.00;1800.00;1800.00;1800.00;1050.00;1299.33;1640.00;1392.33;752.33;320.00;650.00;0.00;480.00;320.00;320.00;2400.00
1772828462.0635827;0.00;0.00;582.00;0.00;582.00;0.00;0.00;582.00;0.00;0.00;0.00;194.00;0.00;0.00;0.00;0.00;0.00;485.00;0.00;0.00;0.00;0.00;0.00;600.00;620.00;620.00;390.00;0.00;80.00;1290.00;1790.00;1790.00;1800.00;1800.00;1800.00;1050.00;1299.33;1640.00;1392.33;752.33;320.00;650.00;0.00;480.00;320.00;320.00;2400.00
1772828462.093688;0.00;0.00;582.00;0.00;582.00;0.00;0.00;582.00;0.00;0.00;0.00;291.00;0.00;0.00;0.00;0.00;0.00;485.00;0.00;0.00;0.00;0.00;0.00;900.00;930.00;930.00;620.00;230.00;80.00;1290.00;1790.00;1790.00;1800.00;1800.00;1800.00;1050.00;1299.33;1640.00;1392.33;977.00;320.00;650.00;160.00;480.00;320.00;320.00;2700.00
1772828462.0947244;0.00;0.00;582.00;0.00;582.00;0.00;0.00;582.00;0.00;0.00;0.00;291.00;0.00;0.00;0.00;0.00;0.00;485.00;0.00;0.00;0.00;0.00;0.00;900.00;930.00;930.00;620.00;230.00;80.00;1290.00;1790.00;1790.00;1800.00;1800.00;1800.00;1050.00;1299.33;1640.00;1392.33;977.00;320.00;650.00;160.00;480.00;320.00;320.00;2700.00
1772828462.1249692;0.00;0.00;582.00;0.00;582.00;0.00;0.00;582.00;0.00;0.00;0.00;388.00;0.00;0.00;0.00;0.00;0.00;485.00;0.00;0.00;0.00;0.00;0.00;1060.00;1090.00;1090.00;700.00;310.00;160.00;1440.00;1940.00;1940.00;1950.00;1950.00;2260.00;1280.00;1299.33;1640.00;1392.33;1201.67;320.00;650.00;320.00;480.00;320.00;320.00;3000.00
1772828462.126052;0.00;0.00;582.00;0.00;582.00;0.00;0.00;582.00;0.00;0.00;0.00;388.00;0.00;0.00;0.00;0.00;0.00;485.00;0.00;0.00;0.00;0.00;0.00;1060.00;1090.00;1090.00;700.00;310.00;160.00;1440.00;1940.00;1940.00;1950.00;1950.00;2260.00;1280.00;1299.33;1640.00;1392.33;1201.67;320.00;650.00;320.00;480.00;320.00;320.00;3000.00
1772828462.1562243;0.00;0.00;582.00;0.00;582.00;0.00;0.00;582.00;0.00;0.00;0.00;485.00;0.00;0.00;0.00;0.00;0.00;485.00;0.00;0.00;0.00;0.00;0.00;1210.00;1240.00;1240.00;1090.00;390.00;240.00;1590.00;2090.00;2090.00;2100.00;2100.00;2410.00;1280.00;1299.33;1640.00;1392.33;1201.67;640.00;650.00;480.00;480.00;320.00;320.00;3300.00
1772828462.157335;0.00;0.00;582.00;0.00;582.00;0.00;0.00;582.00;0.00;0.00;0.00;485.00;0.00;0.00;0.00;0.00;0.00;485.00;0.00;0.00;0.00;0.00;0.00;1210.00;1240.00;1240.00;1090.00;390.00;240.00;1590.00;2090.00;2090.00;2100.00;2100.00;2410.00;1280.00;1299.33;1640.00;1392.33;1201.67;640.00;650.00;480.00;480.00;320.00;320.00;3300.00
1772828462.1870577;0.00;0.00;582.00;0.00;582.00;0.00;0.00;582.00;0.00;0.00;0.00;485.00;0.00;0.00;0.00;0.00;0.00;485.00;0.00;0.00;0.00;0.00;0.00;1210.00;1240.00;1240.00;1090.00;390.00;240.00;1590.00;2090.00;2090.00;2100.00;2100.00;2410.00;1280.00;1299.33;1640.00;1392.33;1201.67;640.00;650.00;480.00;480.00;320.00;320.00;3300.00
1772828462.1882133;0.00;0.00;582.00;0.00;582.00;0.00;0.00;582.00;0.00;0.00;0.00;485.00;0.00;0.00;0.00;0.00;0.00;485.00;0.00;0.00;0.00;0.00;0.00;1210.00;1240.00;1240.00;1090.00;390.00;240.00;1590.00;2090.00;2090.00;2100.00;2100.00;2410.00;1280.00;1299.33;1640.00;1392.33;1201.67;640.00;650.00;480.00;480.00;320.00;320.00;3300.00
1772828485.1883907;0.00;0.00;582.00;0.00;582.00;0.00;0.00;582.00;0.00;0.00;0.00;485.00;0.00;0.00;0.00;0.00;97.00;0.00;0.00;0.00;0.00;0.00;0.00;310.00;370.00;977.67;827.67;287.67;80.00;1360.00;1490.00;660.00;670.00;0.00;0.00;1120.00;1299.33;1640.00;1392.33;1201.67;640.00;10.00;480.00;480.00;0.00;160.00;460.00
1772828485.1903021;0.00;0.00;582.00;0.00;582.00;0.00;0.00;582.00;0.00;0.00;0.00;485.00;0.00;0.00;0.00;0.00;97.00;0.00;0.00;0.00;0.00;0.00;0.00;310.00;370.00;977.67;827.67;287.67;80.00;1360.00;1490.00;660.00;670.00;0.00;0.00;1120.00;1299.33;1640.00;1392.33;1201.67;640.00;10.00;480.00;480.00;0.00;160.00;460.00
1772828485.2439313;0.00;0.00;582.00;0.00;582.00;0.00;0.00;582.00;0.00;0.00;0.00;485.00;0.00;0.00;0.00;0.00;194.00;0.00;0.00;0.00;0.00;0.00;0.00;610.00;680.00;1287.67;1137.67;757.67;80.00;1360.00;1490.00;660.00;670.00;0.00;0.00;1120.00;1299.33;1640.00;1392.33;1201.67;800.00;320.00;912.33;480.00;0.00;160.00;760.00
1772828485.2458572;0.00;0.00;582.00;0.00;582.00;0.00;0.00;582.00;0.00;0.00;0.00;485.00;0.00;0.00;0.00;0.00;194.00;0.00;0.00;0.00;0.00;0.00;0.00;610.00;680.00;1287.67;1137.67;757.67;80.00;1360.00;1490.00;660.00;670.00;0.00;0.00;1120.00;1299.33;1640.00;1392.33;1201.67;800.00;320.00;912.33;480.00;0.00;160.00;760.00
1772828485.2995965;0.00;0.00;582.00;0.00;582.00;0.00;0.00;582.00;0.00;0.00;0.00;485.00;0.00;0.00;0.00;0.00;291.00;0.00;0.00;0.00;0.00;0.00;0.00;760.00;840.00;1447.67;1297.67;917.67;160.00;1440.00;1640.00;810.00;820.00;150.00;150.00;1280.00;1299.33;1640.00;1392.33;1201.67;800.00;630.00;1232.33;480.00;0.00;160.00;1060.00
1772828485.3016021;0.00;0.00;582.00;0.00;582.00;0.00;0.00;582.00;0.00;0.00;0.00;485.00;0.00;0.00;0.00;0.00;291.00;0.00;0.00;0.00;0.00;0.00;0.00;760.00;840.00;1447.67;1297.67;917.67;160.00;1440.00;1640.00;810.00;820.00;150.00;150.00;1280.00;1299.33;1640.00;1392.33;1201.67;800.00;630.00;1232.33;480.00;0.00;160.00;1060.00
1772828485.354505;0.00;0.00;582.00;0.00;582.00;0.00;0.00;582.00;0.00;0.00;0.00;485.00;0.00;0.00;0.00;0.00;388.00;0.00;0.00;0.00;0.00;0.00;0.00;920.00;1000.00;1607.67;1457.67;1077.67;240.00;1520.00;1720.00;960.00;970.00;300.00;300.00;1440.00;1299.33;1640.00;1392.33;1201.67;1120.00;630.00;1232.33;480.00;0.00;160.00;1360.00
1772828485.3565814;0.00;0.00;582.00;0.00;582.00;0.00;0.00;582.00;0.00;0.00;0.00;485.00;0.00;0.00;0.00;0.00;388.00;0.00;0.00;0.00;0.00;0.00;0.00;920.00;1000.00;1607.67;1457.67;1077.67;240.00;1520.00;1720.00;960.00;970.00;300.00;300.00;1440.00;1299.33;1640.00;1392.33;1201.67;1120.00;630.00;1232.33;480.00;0.00;160.00;1360.00
1772828485.409808;0.00;0.00;582.00;0.00;582.00;0.00;0.00;582.00;0.00;0.00;0.00;485.00;0.00;0.00;0.00;0.00;485.00;0.00;0.00;0.00;0.00;0.00;0.00;1080.00;1160.00;1767.67;1617.67;1237.67;320.00;1670.00;1870.00;1110.00;1120.00;450.00;450.00;1600.00;1299.33;1640.00;1392.33;1201.67;1120.00;630.00;1232.33;480.00;0.00;160.00;1660.00
1772828485.4124875;0.00;0.00;582.00;0.00;582.00;0.00;0.00;582.00;0.00;0.00;0.00;485.00;0.00;0.00;0.00;0.00;485.00;0.00;0.00;0.00;0.00;0.00;0.00;1080.00;1160.00;1767.67;1617.67;1237.67;320.00;1670.00;1870.00;1110.00;1120.00;450.00;450.00;1600.00;1299.33;1640.00;1392.33;1201.67;1120.00;630.00;1232.33;480.00;0.00;160.00;1660.00
1772828485.478126;0.00;0.00;582.00;0.00;582.00;0.00;0.00;582.00;0.00;0.00;0.00;485.00;0.00;0.00;0.00;0.00;485.00;0.00;0.00;0.00;0.00;0.00;0.00;1080.00;1160.00;1767.67;1617.67;1237.67;320.00;1670.00;1870.00;1110.00;1120.00;450.00;450.00;1600.00;1299.33;1640.00;1392.33;1201.67;1120.00;630.00;1232.33;480.00;0.00;160.00;1660.00
1772828485.4808385;0.00;0.00;582.00;0.00;582.00;0.00;0.00;582.00;0.00;0.00;0.00;485.00;0.00;0.00;0.00;0.00;485.00;0.00;0.00;0.00;0.00;0.00;0.00;1080.00;1160.00;1767.67;1617.67;1237.67;320.00;1670.00;1870.00;1110.00;1120.00;450.00;450.00;1600.00;1299.33;1640.00;1392.33;1201.67;1120.00;630.00;1232.33;480.00;0.00;160.00;1660.00
1772828507.2207568;0.00;0.00;582.00;0.00;582.00;0.00;0.00;582.00;0.00;0.00;0.00;485.00;0.00;0.00;0.00;0.00;485.00;0.00;0.00;0.00;0.00;0.00;0.00;1080.00;1160.00;1767.67;1617.67;1237.67;320.00;1670.00;1870.00;1110.00;1120.00;450.00;450.00;1600.00;1299.33;1640.00;1392.33;1201.67;1120.00;630.00;1232.33;480.00;0.00;160.00;1660.00
1772828507.2229514;0.00;0.00;582.00;0.00;582.00;0.00;0.00;582.00;0.00;0.00;0.00;485.00;0.00;0.00;0.00;0.00;485.00;0.00;0.00;0.00;0.00;0.00;0.00;1080.00;1160.00;1767.67;1617.67;1237.67;320.00;1670.00;1870.00;1110.00;1120.00;450.00;450.00;1600.00;1299.33;1640.00;1392.33;1201.67;1120.00;630.00;1232.33;480.00;0.00;160.00;1660.00
1772828507.2738922;0.00;0.00;582.00;0.00;582.00;0.00;0.00;582.00;0.00;0.00;0.00;485.00;0.00;0.00;0.00;0.00;485.00;0.00;0.00;0.00;0.00;0.00;0.00;1080.00;1160.00;1767.67;1617.67;1237.67;320.00;1670.00;1870.00;1110.00;1120.00;450.00;450.00;1600.00;1299.33;1640.00;1392.33;1201.67;1120.00;630.00;1232.33;480.00;0.00;160.00;1660.00
1772828507.2760656;0.00;0.00;582.00;0.00;582.00;0.00;0.00;582.00;0.00;0.00;0.00;485.00;0.00;0.00;0.00;0.00;485.00;0.00;0.00;0.00;0.00;0.00;0.00;1080.00;1160.00;1767.67;1617.67;1237.67;320.00;1670.00;1870.00;1110.00;1120.00;450.00;450.00;1600.00;1299.33;1640.00;1392.33;1201.67;1120.00;630.00;1232.33;480.00;0.00;160.00;1660.00
1772828507.3262305;0.00;0.00;582.00;0.00;582.00;0.00;0.00;582.00;0.00;0.00;0.00;485.00;0.00;0.00;0.00;0.00;485.00;0.00;0.00;0.00;0.00;0.00;0.00;1080.00;1160.00;1767.67;1617.67;1237.67;320.00;1670.00;1870.00;1110.00;1120.00;450.00;450.00;1600.00;1299.33;1640.00;1392.33;1201.67;1120.00;630.00;1232.33;480.00;0.00;160.00;1660.00
1772828507.3283892;0.00;0.00;582.00;0.00;582.00;0.00;0.00;582.00;0.00;0.00;0.00;485.00;0.00;0.00;0.00;0.00;485.00;0.00;0.00;0.00;0.00;0.00;0.00;1080.00;1160.00;1767.67;1617.67;1237.67;320.00;1670.00;1870.00;1110.00;1120.00;450.00;450.00;1600.00;1299.33;1640.00;1392.33;1201.67;1120.00;630.00;1232.33;480.00;0.00;160.00;1660.00
1772828507.3786821;0.00;0.00;582.00;0.00;582.00;0.00;0.00;582.00;0.00;0.00;0.00;485.00;0.00;0.00;0.00;0.00;485.00;0.00;0.00;0.00;0.00;0.00;0.00;1080.00;1160.00;1767.67;1617.67;1237.67;320.00;1670.00;1870.00;1110.00;1120.00;450.00;450.00;1600.00;1299.33;1640.00;1392.33;1201.67;1120.00;630.00;1232.33;480.00;0.00;160.00;1660.00
1772828507.3807387;0.00;0.00;582.00;0.00;582.00;0.00;0.00;582.00;0.00;0.00;0.00;485.00;0.00;0.00;0.00;0.00;485.00;0.00;0.00;0.00;0.00;0.00;0.00;1080.00;1160.00;1767.67;1617.67;1237.67;320.00;1670.00;1870.00;1110.00;1120.00;450.00;450.00;1600.00;1299.33;1640.00;1392.33;1201.67;1120.00;630.00;1232.33;480.00;0.00;160.00;1660.00
1772828507.4307432;0.00;0.00;582.00;0.00;582.00;0.00;0.00;582.00;0.00;0.00;0.00;485.00;0.00;0.00;0.00;0.00;485.00;0.00;0.00;0.00;0.00;0.00;0.00;1080.00;1160.00;1767.67;1617.67;1237.67;320.00;1670.00;1870.00;1110.00;1120.00;450.00;450.00;1600.00;1299.33;1640.00;1392.33;1201.67;1120.00;630.00;1232.33;480.00;0.00;160.00;1660.00
1772828507.432807;0.00;0.00;582.00;0.00;582.00;0.00;0.00;582.00;0.00;0.00;0.00;485.00;0.00;0.00;0.00;0.00;485.00;0.00;0.00;0.00;0.00;0.00;0.00;1080.00;1160.00;1767.67;1617.67;1237.67;320.00;1670.00;1870.00;1110.00;1120.00;450.00;450.00;1600.00;1299.33;1640.00;1392.33;1201.67;1120.00;630.00;1232.33;480.00;0.00;160.00;1660.00
1772828507.4833534;0.00;0.00;582.00;0.00;582.00;0.00;0.00;582.00;0.00;0.00;0.00;485.00;0.00;0.00;0.00;0.00;485.00;0.00;0.00;0.00;0.00;0.00;0.00;1080.00;1160.00;1767.67;1617.67;1237.67;320.00;1670.00;1870.00;1110.00;1120.00;450.00;450.00;1600.00;1299.33;1640.00;1392.33;1201.67;1120.00;630.00;1232.33;480.00;0.00;160.00;1660.00
1772828507.485479;0.00;0.00;582.00;0.00;582.00;0.00;0.00;582.00;0.00;0.00;0.00;485.00;0.00;0.00;0.00;0.00;485.00;0.00;0.00;0.00;0.00;0.00;0.00;1080.00;1160.00;1767.67;1617.67;1237.67;320.00;1670.00;1870.00;1110.00;1120.00;450.00;450.00;1600.00;1299.33;1640.00;1392.33;1201.67;1120.00;630.00;1232.33;480.00;0.00;160.00;1660.00
1772828526.2621338;0.00;0.00;582.00;0.00;0.00;0.00;0.00;582.00;0.00;0.00;0.00;485.00;0.00;0.00;0.00;97.00;485.00;0.00;0.00;0.00;0.00;0.00;0.00;310.00;1080.00;2007.67;1857.67;1477.67;320.00;1670.00;1870.00;270.00;0.00;0.00;0.00;1600.00;0.00;1160.00;1392.33;1201.67;1120.00;470.00;1232.33;480.00;0.00;0.00;300.00
1772828526.2640414;0.00;0.00;582.00;0.00;0.00;0.00;0.00;582.00;0.00;0.00;0.00;485.00;0.00;0.00;0.00;97.00;485.00;0.00;0.00;0.00;0.00;0.00;0.00;310.00;1080.00;2007.67;1857.67;1477.67;320.00;1670.00;1870.00;270.00;0.00;0.00;0.00;1600.00;0.00;1160.00;1392.33;1201.67;1120.00;470.00;1232.33;480.00;0.00;0.00;300.00
1772828526.3157685;0.00;0.00;582.00;0.00;0.00;0.00;0.00;582.00;0.00;0.00;0.00;485.00;0.00;0.00;0.00;194.00;485.00;0.00;0.00;0.00;0.00;0.00;0.00;460.00;1240.00;2167.67;2017.67;1637.67;400.00;1750.00;1950.00;420.00;150.00;150.00;150.00;1760.00;0.00;1160.00;1392.33;1201.67;1120.00;470.00;1232.33;480.00;0.00;0.00;600.00
1772828526.3176224;0.00;0.00;582.00;0.00;0.00;0.00;0.00;582.00;0.00;0.00;0.00;485.00;0.00;0.00;0.00;194.00;485.00;0.00;0.00;0.00;0.00;0.00;0.00;460.00;1240.00;2167.67;2017.67;1637.67;400.00;1750.00;1950.00;420.00;150.00;150.00;150.00;1760.00;0.00;1160.00;1392.33;1201.67;1120.00;470.00;1232.33;480.00;0.00;0.00;600.00
1772828526.3700418;0.00;0.00;582.00;0.00;0.00;0.00;0.00;582.00;0.00;0.00;0.00;485.00;0.00;0.00;0.00;291.00;485.00;0.00;0.00;0.00;0.00;0.00;0.00;610.00;1400.00;2327.67;2177.67;1797.67;480.00;1830.00;2030.00;500.00;300.00;300.00;300.00;1760.00;230.00;1320.00;1392.33;1201.67;1120.00;470.00;1232.33;480.00;0.00;0.00;900.00
1772828526.3719828;0.00;0.00;582.00;0.00;0.00;0.00;0.00;582.00;0.00;0.00;0.00;485.00;0.00;0.00;0.00;291.00;485.00;0.00;0.00;0.00;0.00;0.00;0.00;610.00;1400.00;2327.67;2177.67;1797.67;480.00;1830.00;2030.00;500.00;300.00;300.00;300.00;1760.00;230.00;1320.00;1392.33;1201.67;1120.00;470.00;1232.33;480.00;0.00;0.00;900.00
1772828526.4239318;0.00;0.00;582.00;0.00;0.00;0.00;0.00;582.00;0.00;0.00;0.00;485.00;0.00;0.00;0.00;388.00;485.00;0.00;0.00;0.00;0.00;0.00;0.00;760.00;1560.00;2487.67;2337.67;1957.67;560.00;1910.00;2110.00;580.00;450.00;450.00;450.00;1760.00;230.00;1480.00;1392.33;1201.67;1120.00;470.00;1232.33;480.00;0.00;0.00;1200.00
1772828526.425903;0.00;0.00;582.00;0.00;0.00;0.00;0.00;582.00;0.00;0.00;0.00;485.00;0.00;0.00;0.00;388.00;485.00;0.00;0.00;0.00;0.00;0.00;0.00;760.00;1560.00;2487.67;2337.67;1957.67;560.00;1910.00;2110.00;580.00;450.00;450.00;450.00;1760.00;230.00;1480.00;1392.33;1201.67;1120.00;470.00;1232.33;480.00;0.00;0.00;1200.00
1772828526.4760206;0.00;0.00;582.00;0.00;0.00;0.00;0.00;582.00;0.00;0.00;0.00;485.00;0.00;0.00;0.00;388.00;485.00;0.00;0.00;0.00;0.00;0.00;0.00;760.00;1560.00;2487.67;2337.67;1957.67;560.00;1910.00;2110.00;580.00;450.00;450.00;450.00;1760.00;230.00;1480.00;1392.33;1201.67;1120.00;470.00;1232.33;480.00;0.00;0.00;1200.00
1772828526.478012;0.00;0.00;582.00;0.00;0.00;0.00;0.00;582.00;0.00;0.00;0.00;485.00;0.00;0.00;0.00;388.00;485.00;0.00;0.00;0.00;0.00;0.00;0.00;760.00;1560.00;2487.67;2337.67;1957.67;560.00;1910.00;2110.00;580.00;450.00;450.00;450.00;1760.00;230.00;1480.00;1392.33;1201.67;1120.00;470.00;1232.33;480.00;0.00;0.00;1200.00
1772828526.5272262;0.00;0.00;582.00;0.00;0.00;0.00;0.00;582.00;0.00;0.00;0.00;485.00;0.00;0.00;0.00;388.00;485.00;0.00;0.00;0.00;0.00;0.00;0.00;760.00;1560.00;2487.67;2337.67;1957.67;560.00;1910.00;2110.00;580.00;450.00;450.00;450.00;1760.00;230.00;1480.00;1392.33;1201.67;1120.00;470.00;1232.33;480.00;0.00;0.00;1200.00
1772828526.5292375;0.00;0.00;582.00;0.00;0.00;0.00;0.00;582.00;0.00;0.00;0.00;485.00;0.00;0.00;0.00;388.00;485.00;0.00;0.00;0.00;0.00;0.00;0.00;760.00;1560.00;2487.67;2337.67;1957.67;560.00;1910.00;2110.00;580.00;450.00;450.00;450.00;1760.00;230.00;1480.00;1392.33;1201.67;1120.00;470.00;1232.33;480.00;0.00;0.00;1200.00
1772828543.181023;0.00;0.00;0.00;0.00;0.00;0.00;0.00;582.00;0.00;0.00;0.00;485.00;0.00;0.00;0.00;388.00;485.00;0.00;0.00;0.00;0.00;0.00;97.00;160.00;960.00;1887.67;2107.67;1797.67;240.00;0.00;0.00;0.00;230.00;182.33;524.67;1120.00;230.00;0.00;0.00;1041.67;1120.00;470.00;1072.33;480.00;160.00;320.00;300.00
1772828543.182729;0.00;0.00;0.00;0.00;0.00;0.00;0.00;582.00;0.00;0.00;0.00;485.00;0.00;0.00;0.00;388.00;485.00;0.00;0.00;0.00;0.00;0.00;97.00;160.00;960.00;1887.67;2107.67;1797.67;240.00;0.00;0.00;0.00;230.00;182.33;524.67;1120.00;230.00;0.00;0.00;1041.67;1120.00;470.00;1072.33;480.00;160.00;320.00;300.00
1772828543.3602767;0.00;0.00;0.00;0.00;0.00;0.00;0.00;582.00;0.00;0.00;0.00;485.00;0.00;0.00;0.00;388.00;485.00;0.00;0.00;0.00;0.00;0.00;194.00;160.00;960.00;1887.67;2107.67;1797.67;240.00;0.00;0.00;230.00;460.00;674.66;824.67;1120.00;230.00;230.00;0.00;1041.67;1120.00;470.00;1072.33;480.00;640.00;320.00;600.00
1772828543.3621094;0.00;0.00;0.00;0.00;0.00;0.00;0.00;582.00;0.00;0.00;0.00;485.00;0.00;0.00;0.00;388.00;485.00;0.00;0.00;0.00;0.00;0.00;194.00;160.00;960.00;1887.67;2107.67;1797.67;240.00;0.00;0.00;230.00;460.00;674.66;824.67;1120.00;230.00;230.00;0.00;1041.67;1120.00;470.00;1072.33;480.00;640.00;320.00;600.00
1772828543.4134722;0.00;0.00;0.00;0.00;0.00;0.00;0.00;582.00;0.00;0.00;0.00;485.00;0.00;0.00;0.00;388.00;485.00;0.00;0.00;0.00;0.00;0.00;291.00;160.00;960.00;1887.67;2107.67;1797.67;240.00;0.00;0.00;460.00;690.00;1166.99;1124.67;1120.00;230.00;390.00;0.00;1041.67;1120.00;470.00;1072.33;480.00;640.00;544.67;900.00
1772828543.415291;0.00;0.00;0.00;0.00;0.00;0.00;0.00;582.00;0.00;0.00;0.00;485.00;0.00;0.00;0.00;388.00;485.00;0.00;0.00;0.00;0.00;0.00;291.00;160.00;960.00;1887.67;2107.67;1797.67;240.00;0.00;0.00;460.00;690.00;1166.99;1124.67;1120.00;230.00;390.00;0.00;1041.67;1120.00;470.00;1072.33;480.00;640.00;544.67;900.00
1772828543.4665034;0.00;0.00;0.00;0.00;0.00;0.00;0.00;582.00;0.00;0.00;0.00;485.00;0.00;0.00;0.00;388.00;485.00;0.00;0.00;0.00;0.00;0.00;388.00;390.00;1190.00;2117.67;2107.67;1797.67;240.00;0.00;0.00;460.00;1000.00;1381.66;1354.67;1120.00;550.00;390.00;0.00;1041.67;1120.00;470.00;1072.33;480.00;640.00;544.67;1200.00
1772828543.4684234;0.00;0.00;0.00;0.00;0.00;0.00;0.00;582.00;0.00;0.00;0.00;485.00;0.00;0.00;0.00;388.00;485.00;0.00;0.00;0.00;0.00;0.00;388.00;390.00;1190.00;2117.67;2107.67;1797.67;240.00;0.00;0.00;460.00;1000.00;1381.66;1354.67;1120.00;550.00;390.00;0.00;1041.67;1120.00;470.00;1072.33;480.00;640.00;544.67;1200.00
1772828543.5221205;0.00;0.00;0.00;0.00;0.00;0.00;0.00;582.00;0.00;0.00;0.00;485.00;0.00;0.00;0.00;388.00;485.00;0.00;0.00;0.00;0.00;0.00;485.00;390.00;1190.00;2117.67;2107.67;1797.67;240.00;0.00;230.00;690.00;1540.00;1778.66;1654.67;1120.00;870.00;390.00;160.00;1041.67;1120.00;470.00;1072.33;480.00;640.00;544.67;1500.00
1772828543.524097;0.00;0.00;0.00;0.00;0.00;0.00;0.00;582.00;0.00;0.00;0.00;485.00;0.00;0.00;0.00;388.00;485.00;0.00;0.00;0.00;0.00;0.00;485.00;390.00;1190.00;2117.67;2107.67;1797.67;240.00;0.00;230.00;690.00;1540.00;1778.66;1654.67;1120.00;870.00;390.00;160.00;1041.67;1120.00;470.00;1072.33;480.00;640.00;544.67;1500.00
1772828543.5760694;0.00;0.00;0.00;0.00;0.00;0.00;0.00;582.00;0.00;0.00;0.00;485.00;0.00;0.00;0.00;388.00;485.00;0.00;0.00;0.00;0.00;0.00;582.00;844.67;1420.00;2347.67;2337.67;1797.67;240.00;0.00;230.00;690.00;1850.00;2088.66;2061.67;1120.00;1190.00;390.00;160.00;1041.67;1120.00;630.00;1072.33;480.00;640.00;544.67;1800.00
1772828543.578073;0.00;0.00;0.00;0.00;0.00;0.00;0.00;582.00;0.00;0.00;0.00;485.00;0.00;0.00;0.00;388.00;485.00;0.00;0.00;0.00;0.00;0.00;582.00;844.67;1420.00;2347.67;2337.67;1797.67;240.00;0.00;230.00;690.00;1850.00;2088.66;2061.67;1120.00;1190.00;390.00;160.00;1041.67;1120.00;630.00;1072.33;480.00;640.00;544.67;1800.00
1772828563.2268777;0.00;97.00;0.00;0.00;0.00;0.00;0.00;0.00;0.00;0.00;0.00;485.00;0.00;0.00;0.00;388.00;485.00;0.00;0.00;0.00;0.00;0.00;582.00;844.67;1420.00;2347.67;2337.67;1797.67;240.00;0.00;0.00;240.00;300.00;300.00;300.00;0.00;870.00;710.00;0.00;1041.67;1120.00;630.00;1072.33;480.00;640.00;544.67;300.00
1772828563.2286248;0.00;97.00;0.00;0.00;0.00;0.00;0.00;0.00;0.00;0.00;0.00;485.00;0.00;0.00;0.00;388.00;485.00;0.00;0.00;0.00;0.00;0.00;582.00;844.67;1420.00;2347.67;2337.67;1797.67;240.00;0.00;0.00;240.00;300.00;300.00;300.00;0.00;870.00;710.00;0.00;1041.67;1120.00;630.00;1072.33;480.00;640.00;544.67;300.00
1772828563.4074864;0.00;194.00;0.00;0.00;0.00;0.00;0.00;0.00;0.00;0.00;0.00;485.00;0.00;0.00;0.00;388.00;485.00;0.00;0.00;0.00;0.00;0.00;582.00;844.67;1420.00;2347.67;2337.67;1797.67;240.00;0.00;230.00;550.00;600.00;600.00;600.00;0.00;1180.00;1030.00;160.00;1041.67;1120.00;630.00;1072.33;480.00;640.00;544.67;600.00
1772828563.4093328;0.00;194.00;0.00;0.00;0.00;0.00;0.00;0.00;0.00;0.00;0.00;485.00;0.00;0.00;0.00;388.00;485.00;0.00;0.00;0.00;0.00;0.00;582.00;844.67;1420.00;2347.67;2337.67;1797.67;240.00;0.00;230.00;550.00;600.00;600.00;600.00;0.00;1180.00;1030.00;160.00;1041.67;1120.00;630.00;1072.33;480.00;640.00;544.67;600.00
1772828563.4611669;0.00;291.00;0.00;0.00;0.00;0.00;0.00;0.00;0.00;0.00;0.00;485.00;0.00;0.00;0.00;388.00;485.00;0.00;0.00;0.00;0.00;0.00;582.00;844.67;1420.00;2347.67;2337.67;1797.67;240.00;0.00;780.00;850.00;900.00;900.00;900.00;0.00;1180.00;1500.00;710.00;1041.67;1120.00;630.00;1072.33;480.00;640.00;544.67;900.00
1772828563.4630072;0.00;291.00;0.00;0.00;0.00;0.00;0.00;0.00;0.00;0.00;0.00;485.00;0.00;0.00;0.00;388.00;485.00;0.00;0.00;0.00;0.00;0.00;582.00;844.67;1420.00;2347.67;2337.67;1797.67;240.00;0.00;780.00;850.00;900.00;900.00;900.00;0.00;1180.00;1500.00;710.00;1041.67;1120.00;630.00;1072.33;480.00;640.00;544.67;900.00
1772828563.5154705;0.00;388.00;0.00;0.00;0.00;0.00;0.00;0.00;0.00;0.00;0.00;485.00;0.00;0.00;0.00;388.00;485.00;0.00;0.00;0.00;0.00;0.00;582.00;844.67;1420.00;2347.67;2337.67;1797.67;240.00;230.00;1330.00;1150.00;1200.00;1200.00;1200.00;0.00;1180.00;1810.00;1190.00;1041.67;1120.00;630.00;1072.33;480.00;640.00;544.67;1200.00
1772828563.5174053;0.00;388.00;0.00;0.00;0.00;0.00;0.00;0.00;0.00;0.00;0.00;485.00;0.00;0.00;0.00;388.00;485.00;0.00;0.00;0.00;0.00;0.00;582.00;844.67;1420.00;2347.67;2337.67;1797.67;240.00;230.00;1330.00;1150.00;1200.00;1200.00;1200.00;0.00;1180.00;1810.00;1190.00;1041.67;1120.00;630.00;1072.33;480.00;640.00;544.67;1200.00
1772828563.568109;0.00;388.00;0.00;0.00;0.00;0.00;0.00;0.00;0.00;0.00;0.00;485.00;0.00;0.00;0.00;388.00;485.00;0.00;0.00;0.00;0.00;0.00;582.00;844.67;1420.00;2347.67;2337.67;1797.67;240.00;230.00;1330.00;1150.00;1200.00;1200.00;1200.00;0.00;1180.00;1810.00;1190.00;1041.67;1120.00;630.00;1072.33;480.00;640.00;544.67;1200.00
1772828563.570042;0.00;388.00;0.00;0.00;0.00;0.00;0.00;0.00;0.00;0.00;0.00;485.00;0.00;0.00;0.00;388.00;485.00;0.00;0.00;0.00;0.00;0.00;582.00;844.67;1420.00;2347.67;2337.67;1797.67;240.00;230.00;1330.00;1150.00;1200.00;1200.00;1200.00;0.00;1180.00;1810.00;1190.00;1041.67;1120.00;630.00;1072.33;480.00;640.00;544.67;1200.00
1772828563.6186905;0.00;388.00;0.00;0.00;0.00;0.00;0.00;0.00;0.00;0.00;0.00;485.00;0.00;0.00;0.00;388.00;485.00;0.00;0.00;0.00;0.00;0.00;582.00;844.67;1420.00;2347.67;2337.67;1797.67;240.00;230.00;1330.00;1150.00;1200.00;1200.00;1200.00;0.00;1180.00;1810.00;1190.00;1041.67;1120.00;630.00;1072.33;480.00;640.00;544.67;1200.00
1772828563.62065;0.00;388.00;0.00;0.00;0.00;0.00;0.00;0.00;0.00;0.00;0.00;485.00;0.00;0.00;0.00;388.00;485.00;0.00;0.00;0.00;0.00;0.00;582.00;844.67;1420.00;2347.67;2337.67;1797.67;240.00;230.00;1330.00;1150.00;1200.00;1200.00;1200.00;0.00;1180.00;1810.00;1190.00;1041.67;1120.00;630.00;1072.33;480.00;640.00;544.67;1200.00
1772828584.265003;0.00;388.00;0.00;0.00;0.00;0.00;0.00;0.00;0.00;0.00;0.00;485.00;0.00;0.00;0.00;388.00;485.00;0.00;0.00;0.00;0.00;0.00;582.00;844.67;1420.00;2347.67;2337.67;1797.67;240.00;230.00;1330.00;1150.00;1200.00;1200.00;1200.00;0.00;1180.00;1810.00;1190.00;1041.67;1120.00;630.00;1072.33;480.00;640.00;544.67;1200.00
1772828584.266919;0.00;388.00;0.00;0.00;0.00;0.00;0.00;0.00;0.00;0.00;0.00;485.00;0.00;0.00;0.00;388.00;485.00;0.00;0.00;0.00;0.00;0.00;582.00;844.67;1420.00;2347.67;2337.67;1797.67;240.00;230.00;1330.00;1150.00;1200.00;1200.00;1200.00;0.00;1180.00;1810.00;1190.00;1041.67;1120.00;630.00;1072.33;480.00;640.00;544.67;1200.00
1772828584.4365618;0.00;388.00;0.00;0.00;0.00;0.00;0.00;0.00;0.00;0.00;0.00;485.00;0.00;0.00;0.00;388.00;485.00;0.00;0.00;0.00;0.00;0.00;582.00;844.67;1420.00;2347.67;2337.67;1797.67;240.00;230.00;1330.00;1150.00;1200.00;1200.00;1200.00;0.00;1180.00;1810.00;1190.00;1041.67;1120.00;630.00;1072.33;480.00;640.00;544.67;1200.00
1772828584.4384847;0.00;388.00;0.00;0.00;0.00;0.00;0.00;0.00;0.00;0.00;0.00;485.00;0.00;0.00;0.00;388.00;485.00;0.00;0.00;0.00;0.00;0.00;582.00;844.67;1420.00;2347.67;2337.67;1797.67;240.00;230.00;1330.00;1150.00;1200.00;1200.00;1200.00;0.00;1180.00;1810.00;1190.00;1041.67;1120.00;630.00;1072.33;480.00;640.00;544.67;1200.00
1772828584.487034;0.00;388.00;0.00;0.00;0.00;0.00;0.00;0.00;0.00;0.00;0.00;485.00;0.00;0.00;0.00;388.00;485.00;0.00;0.00;0.00;0.00;0.00;582.00;844.67;1420.00;2347.67;2337.67;1797.67;240.00;230.00;1330.00;1150.00;1200.00;1200.00;1200.00;0.00;1180.00;1810.00;1190.00;1041.67;1120.00;630.00;1072.33;480.00;640.00;544.67;1200.00
1772828584.4888847;0.00;388.00;0.00;0.00;0.00;0.00;0.00;0.00;0.00;0.00;0.00;485.00;0.00;0.00;0.00;388.00;485.00;0.00;0.00;0.00;0.00;0.00;582.00;844.67;1420.00;2347.67;2337.67;1797.67;240.00;230.00;1330.00;1150.00;1200.00;1200.00;1200.00;0.00;1180.00;1810.00;1190.00;1041.67;1120.00;630.00;1072.33;480.00;640.00;544.67;1200.00
1772828584.5369186;0.00;388.00;0.00;0.00;0.00;0.00;0.00;0.00;0.00;0.00;0.00;485.00;0.00;0.00;0.00;388.00;485.00;0.00;0.00;0.00;0.00;0.00;582.00;844.67;1420.00;2347.67;2337.67;1797.67;240.00;230.00;1330.00;1150.00;1200.00;1200.00;1200.00;0.00;1180.00;1810.00;1190.00;1041.67;1120.00;630.00;1072.33;480.00;640.00;544.67;1200.00
1772828584.538797;0.00;388.00;0.00;0.00;0.00;0.00;0.00;0.00;0.00;0.00;0.00;485.00;0.00;0.00;0.00;388.00;485.00;0.00;0.00;0.00;0.00;0.00;582.00;844.67;1420.00;2347.67;2337.67;1797.67;240.00;230.00;1330.00;1150.00;1200.00;1200.00;1200.00;0.00;1180.00;1810.00;1190.00;1041.67;1120.00;630.00;1072.33;480.00;640.00;544.67;1200.00
1772828584.5884967;0.00;388.00;0.00;0.00;0.00;0.00;0.00;0.00;0.00;0.00;0.00;485.00;0.00;0.00;0.00;388.00;485.00;0.00;0.00;0.00;0.00;0.00;582.00;844.67;1420.00;2347.67;2337.67;1797.67;240.00;230.00;1330.00;1150.00;1200.00;1200.00;1200.00;0.00;1180.00;1810.00;1190.00;1041.67;1120.00;630.00;1072.33;480.00;640.00;544.67;1200.00
1772828584.5903583;0.00;388.00;0.00;0.00;0.00;0.00;0.00;0.00;0.00;0.00;0.00;485.00;0.00;0.00;0.00;388.00;485.00;0.00;0.00;0.00;0.00;0.00;582.00;844.67;1420.00;2347.67;2337.67;1797.67;240.00;230.00;1330.00;1150.00;1200.00;1200.00;1200.00;0.00;1180.00;1810.00;1190.00;1041.67;1120.00;630.00;1072.33;480.00;640.00;544.67;1200.00
1772828584.638586;0.00;388.00;0.00;0.00;0.00;0.00;0.00;0.00;0.00;0.00;0.00;485.00;0.00;0.00;0.00;388.00;485.00;0.00;0.00;0.00;0.00;0.00;582.00;844.67;1420.00;2347.67;2337.67;1797.67;240.00;230.00;1330.00;1150.00;1200.00;1200.00;1200.00;0.00;1180.00;1810.00;1190.00;1041.67;1120.00;630.00;1072.33;480.00;640.00;544.67;1200.00
1772828584.6404831;0.00;388.00;0.00;0.00;0.00;0.00;0.00;0.00;0.00;0.00;0.00;485.00;0.00;0.00;0.00;388.00;485.00;0.00;0.00;0.00;0.00;0.00;582.00;844.67;1420.00;2347.67;2337.67;1797.67;240.00;230.00;1330.00;1150.00;1200.00;1200.00;1200.00;0.00;1180.00;1810.00;1190.00;1041.67;1120.00;630.00;1072.33;480.00;640.00;544.67;1200.00
1772828606.359156;0.00;388.00;0.00;0.00;0.00;0.00;0.00;0.00;0.00;97.00;0.00;0.00;0.00;0.00;0.00;388.00;291.00;0.00;0.00;0.00;0.00;0.00;582.00;230.00;0.00;0.00;0.00;57.67;0.00;0.00;970.00;790.00;840.00;840.00;240.00;0.00;1340.00;1810.00;1510.00;0.00;0.00;170.00;0.00;0.00;640.00;544.67;460.00
1772828606.360034;0.00;388.00;0.00;0.00;0.00;0.00;0.00;0.00;0.00;97.00;0.00;0.00;0.00;0.00;0.00;388.00;291.00;0.00;0.00;0.00;0.00;0.00;582.00;230.00;0.00;0.00;0.00;57.67;0.00;0.00;970.00;790.00;840.00;840.00;240.00;0.00;1340.00;1810.00;1510.00;0.00;0.00;170.00;0.00;0.00;640.00;544.67;460.00
1772828606.3915422;0.00;388.00;0.00;0.00;0.00;0.00;0.00;0.00;0.00;194.00;0.00;0.00;0.00;0.00;0.00;388.00;291.00;0.00;0.00;0.00;0.00;0.00;582.00;230.00;0.00;0.00;0.00;57.67;0.00;230.00;1280.00;1100.00;1140.00;1140.00;540.00;230.00;1340.00;1810.00;1670.00;0.00;0.00;170.00;0.00;0.00;640.00;544.67;760.00
1772828606.3924885;0.00;388.00;0.00;0.00;0.00;0.00;0.00;0.00;0.00;194.00;0.00;0.00;0.00;0.00;0.00;388.00;291.00;0.00;0.00;0.00;0.00;0.00;582.00;230.00;0.00;0.00;0.00;57.67;0.00;230.00;1280.00;1100.00;1140.00;1140.00;540.00;230.00;1340.00;1810.00;1670.00;0.00;0.00;170.00;0.00;0.00;640.00;544.67;760.00
1772828606.425042;0.00;388.00;0.00;0.00;0.00;0.00;0.00;0.00;0.00;291.00;0.00;0.00;0.00;0.00;0.00;388.00;291.00;0.00;0.00;0.00;0.00;0.00;582.00;230.00;0.00;0.00;0.00;57.67;0.00;460.00;1590.00;1410.00;1440.00;1440.00;840.00;230.00;1340.00;1810.00;1830.00;0.00;0.00;170.00;0.00;0.00;640.00;544.67;1060.00
1772828606.4260497;0.00;388.00;0.00;0.00;0.00;0.00;0.00;0.00;0.00;291.00;0.00;0.00;0.00;0.00;0.00;388.00;291.00;0.00;0.00;0.00;0.00;0.00;582.00;230.00;0.00;0.00;0.00;57.67;0.00;460.00;1590.00;1410.00;1440.00;1440.00;840.00;230.00;1340.00;1810.00;1830.00;0.00;0.00;170.00;0.00;0.00;640.00;544.67;1060.00
1772828606.4715033;0.00;388.00;0.00;0.00;0.00;0.00;0.00;0.00;0.00;388.00;0.00;0.00;0.00;0.00;0.00;388.00;291.00;0.00;0.00;0.00;0.00;0.00;582.00;380.00;150.00;150.00;150.00;207.67;80.00;540.00;1750.00;1570.00;1590.00;1590.00;990.00;390.00;1340.00;1810.00;1830.00;0.00;0.00;170.00;0.00;0.00;640.00;544.67;1360.00
1772828606.473253;0.00;388.00;0.00;0.00;0.00;0.00;0.00;0.00;0.00;388.00;0.00;0.00;0.00;0.00;0.00;388.00;291.00;0.00;0.00;0.00;0.00;0.00;582.00;380.00;150.00;150.00;150.00;207.67;80.00;540.00;1750.00;1570.00;1590.00;1590.00;990.00;390.00;1340.00;1810.00;1830.00;0.00;0.00;170.00;0.00;0.00;640.00;544.67;1360.00
1772828606.5287545;0.00;388.00;0.00;0.00;0.00;0.00;0.00;0.00;0.00;485.00;0.00;0.00;0.00;0.00;0.00;388.00;291.00;0.00;0.00;0.00;0.00;0.00;582.00;530.00;300.00;300.00;300.00;357.67;160.00;620.00;1910.00;1730.00;1740.00;1740.00;1140.00;550.00;1340.00;1810.00;1830.00;0.00;0.00;170.00;0.00;0.00;640.00;544.67;1660.00
1772828606.5306153;0.00;388.00;0.00;0.00;0.00;0.00;0.00;0.00;0.00;485.00;0.00;0.00;0.00;0.00;0.00;388.00;291.00;0.00;0.00;0.00;0.00;0.00;582.00;530.00;300.00;300.00;300.00;357.67;160.00;620.00;1910.00;1730.00;1740.00;1740.00;1140.00;550.00;1340.00;1810.00;1830.00;0.00;0.00;170.00;0.00;0.00;640.00;544.67;1660.00
1772828606.5833025;0.00;388.00;0.00;0.00;0.00;0.00;0.00;0.00;0.00;582.00;0.00;0.00;0.00;0.00;0.00;388.00;291.00;0.00;0.00;0.00;0.00;0.00;582.00;680.00;450.00;450.00;450.00;507.67;240.00;700.00;2070.00;1890.00;1890.00;1890.00;1290.00;710.00;1340.00;1810.00;1830.00;0.00;0.00;170.00;0.00;0.00;640.00;544.67;1960.00
1772828606.5850723;0.00;388.00;0.00;0.00;0.00;0.00;0.00;0.00;0.00;582.00;0.00;0.00;0.00;0.00;0.00;388.00;291.00;0.00;0.00;0.00;0.00;0.00;582.00;680.00;450.00;450.00;450.00;507.67;240.00;700.00;2070.00;1890.00;1890.00;1890.00;1290.00;710.00;1340.00;1810.00;1830.00;0.00;0.00;170.00;0.00;0.00;640.00;544.67;1960.00
1772828632.4861624;0.00;388.00;0.00;0.00;0.00;0.00;0.00;0.00;0.00;582.00;0.00;0.00;0.00;0.00;0.00;388.00;0.00;0.00;0.00;97.00;0.00;0.00;582.00;300.00;310.00;310.00;230.00;27.67;0.00;230.00;1390.00;540.00;540.00;540.00;0.00;0.00;1340.00;1810.00;1830.00;0.00;160.00;310.00;0.00;320.00;640.00;544.67;300.00
1772828632.487949;0.00;388.00;0.00;0.00;0.00;0.00;0.00;0.00;0.00;582.00;0.00;0.00;0.00;0.00;0.00;388.00;0.00;0.00;0.00;97.00;0.00;0.00;582.00;300.00;310.00;310.00;230.00;27.67;0.00;230.00;1390.00;540.00;540.00;540.00;0.00;0.00;1340.00;1810.00;1830.00;0.00;160.00;310.00;0.00;320.00;640.00;544.67;300.00
1772828632.5450919;0.00;388.00;0.00;0.00;0.00;0.00;0.00;0.00;0.00;582.00;0.00;0.00;0.00;0.00;0.00;388.00;0.00;0.00;0.00;194.00;0.00;0.00;582.00;610.00;620.00;620.00;390.00;27.67;0.00;230.00;1390.00;540.00;540.00;540.00;0.00;0.00;1340.00;1810.00;1830.00;112.33;320.00;630.00;0.00;320.00;640.00;544.67;600.00
1772828632.5469553;0.00;388.00;0.00;0.00;0.00;0.00;0.00;0.00;0.00;582.00;0.00;0.00;0.00;0.00;0.00;388.00;0.00;0.00;0.00;194.00;0.00;0.00;582.00;610.00;620.00;620.00;390.00;27.67;0.00;230.00;1390.00;540.00;540.00;540.00;0.00;0.00;1340.00;1810.00;1830.00;112.33;320.00;630.00;0.00;320.00;640.00;544.67;600.00
1772828632.6043112;0.00;388.00;0.00;0.00;0.00;0.00;0.00;0.00;0.00;582.00;0.00;0.00;0.00;0.00;0.00;388.00;0.00;0.00;0.00;291.00;0.00;0.00;582.00;920.00;930.00;930.00;620.00;257.67;0.00;230.00;1390.00;540.00;540.00;540.00;0.00;0.00;1340.00;1810.00;1830.00;432.33;320.00;630.00;160.00;320.00;640.00;544.67;900.00
1772828632.606219;0.00;388.00;0.00;0.00;0.00;0.00;0.00;0.00;0.00;582.00;0.00;0.00;0.00;0.00;0.00;388.00;0.00;0.00;0.00;291.00;0.00;0.00;582.00;920.00;930.00;930.00;620.00;257.67;0.00;230.00;1390.00;540.00;540.00;540.00;0.00;0.00;1340.00;1810.00;1830.00;432.33;320.00;630.00;160.00;320.00;640.00;544.67;900.00
1772828632.6633875;0.00;388.00;0.00;0.00;0.00;0.00;0.00;0.00;0.00;582.00;0.00;0.00;0.00;0.00;0.00;388.00;0.00;0.00;0.00;388.00;0.00;0.00;582.00;1070.00;1080.00;1090.00;700.00;337.67;80.00;310.00;1540.00;690.00;690.00;690.00;150.00;160.00;1340.00;1810.00;1830.00;752.33;320.00;630.00;160.00;320.00;640.00;544.67;1200.00
1772828632.6653237;0.00;388.00;0.00;0.00;0.00;0.00;0.00;0.00;0.00;582.00;0.00;0.00;0.00;0.00;0.00;388.00;0.00;0.00;0.00;388.00;0.00;0.00;582.00;1070.00;1080.00;1090.00;700.00;337.67;80.00;310.00;1540.00;690.00;690.00;690.00;150.00;160.00;1340.00;1810.00;1830.00;752.33;320.00;630.00;160.00;320.00;640.00;544.67;1200.00
1772828632.7222095;0.00;388.00;0.00;0.00;0.00;0.00;0.00;0.00;0.00;582.00;0.00;0.00;0.00;0.00;0.00;388.00;0.00;0.00;0.00;485.00;0.00;0.00;582.00;1220.00;1240.00;1250.00;780.00;417.67;160.00;390.00;1620.00;840.00;840.00;840.00;300.00;320.00;1340.00;1810.00;1830.00;1072.33;320.00;630.00;160.00;320.00;640.00;544.67;1500.00
1772828632.7242377;0.00;388.00;0.00;0.00;0.00;0.00;0.00;0.00;0.00;582.00;0.00;0.00;0.00;0.00;0.00;388.00;0.00;0.00;0.00;485.00;0.00;0.00;582.00;1220.00;1240.00;1250.00;780.00;417.67;160.00;390.00;1620.00;840.00;840.00;840.00;300.00;320.00;1340.00;1810.00;1830.00;1072.33;320.00;630.00;160.00;320.00;640.00;544.67;1500.00
1772828632.7808416;0.00;388.00;0.00;0.00;0.00;0.00;0.00;0.00;0.00;582.00;0.00;0.00;0.00;0.00;0.00;388.00;0.00;0.00;0.00;582.00;0.00;0.00;582.00;1380.00;1400.00;1410.00;860.00;497.67;240.00;540.00;1770.00;990.00;990.00;990.00;760.00;320.00;1340.00;1810.00;1830.00;1072.33;320.00;630.00;320.00;320.00;640.00;544.67;1800.00
1772828632.782929;0.00;388.00;0.00;0.00;0.00;0.00;0.00;0.00;0.00;582.00;0.00;0.00;0.00;0.00;0.00;388.00;0.00;0.00;0.00;582.00;0.00;0.00;582.00;1380.00;1400.00;1410.00;860.00;497.67;240.00;540.00;1770.00;990.00;990.00;990.00;760.00;320.00;1340.00;1810.00;1830.00;1072.33;320.00;630.00;320.00;320.00;640.00;544.67;1800.00
