timestamp,(0,34);(14,17);(25,24);(8,13);(8,22);(14,10);(14,11);(28,27);(28,29);(28,30);(2,3);(2,32);(5,4);(9,12);(23,15);(23,19);(23,20);(18,21);(6,7);(2,16);(25,26);(33,1);(33,31);(34,9);(9,18);(18,2);(2,5);(5,23);(23,25);(25,28);(28,14);(14,8);(8,6);(6,33);(33,34);(25,25.1);(8,8.1);(14,14.1);(28,28.1);(2,2.1);(5,5.1);(9,9.1);(23,23.1);(18,18.1);(6,6.1);(33,33.1);(34,34.1)
1772827674.9437509;0.00;0.00;0.00;0.00;0.00;0.00;0.00;0.00;0.00;0.00;97.00;0.00;0.00;0.00;0.00;0.00;0.00;0.00;0.00;0.00;0.00;0.00;0.00;310.00;240.00;240.00;0.00;0.00;0.00;0.00;0.00;0.00;0.00;0.00;0.00;0.00;0.00;0.00;0.00;0.00;0.00;160.00;0.00;320.00;0.00;0.00;460.00
1772827674.944614;0.00;0.00;0.00;0.00;0.00;0.00;0.00;0.00;0.00;0.00;97.00;0.00;0.00;0.00;0.00;0.00;0.00;0.00;0.00;0.00;0.00;0.00;0.00;310.00;240.00;240.00;0.00;0.00;0.00;0.00;0.00;0.00;0.00;0.00;0.00;0.00;0.00;0.00;0.00;0.00;0.00;160.00;0.00;320.00;0.00;0.00;460.00
1772827674.9662488;0.00;0.00;0.00;0.00;0.00;0.00;0.00;0.00;0.00;0.00;194.00;0.00;0.00;0.00;0.00;0.00;0.00;0.00;0.00;0.00;0.00;0.00;0.00;620.00;480.00;480.00;0.00;0.00;0.00;0.00;0.00;0.00;0.00;0.00;0.00;0.00;0.00;0.00;0.00;0.00;0.00;640.00;0.00;320.00;0.00;0.00;760.00
1772827674.9666765;0.00;0.00;0.00;0.00;0.00;0.00;0.00;0.00;0.00;0.00;194.00;0.00;0.00;0.00;0.00;0.00;0.00;0.00;0.00;0.00;0.00;0.00;0.00;620.00;480.00;480.00;0.00;0.00;0.00;0.00;0.00;0.00;0.00;0.00;0.00;0.00;0.00;0.00;0.00;0.00;0.00;640.00;0.00;320.00;0.00;0.00;760.00
1772827674.9836638;0.00;0.00;0.00;0.00;0.00;0.00;0.00;0.00;0.00;0.00;291.00;0.00;0.00;0.00;0.00;0.00;0.00;0.00;0.00;0.00;0.00;0.00;0.00;930.00;720.00;720.00;0.00;0.00;0.00;0.00;0.00;0.00;0.00;0.00;0.00;0.00;0.00;0.00;0.00;0.00;0.00;1120.00;0.00;320.00;0.00;0.00;1060.00
1772827674.9841127;0.00;0.00;0.00;0.00;0.00;0.00;0.00;0.00;0.00;0.00;291.00;0.00;0.00;0.00;0.00;0.00;0.00;0.00;0.00;0.00;0.00;0.00;0.00;930.00;720.00;720.00;0.00;0.00;0.00;0.00;0.00;0.00;0.00;0.00;0.00;0.00;0.00;0.00;0.00;0.00;0.00;1120.00;0.00;320.00;0.00;0.00;1060.00
1772827675.0007007;0.00;0.00;0.00;0.00;0.00;0.00;0.00;0.00;0.00;0.00;388.00;0.00;0.00;0.00;0.00;0.00;0.00;0.00;0.00;0.00;0.00;0.00;0.00;1240.00;960.00;960.00;0.00;0.00;0.00;0.00;0.00;0.00;0.00;0.00;0.00;0.00;0.00;0.00;0.00;320.00;0.00;1280.00;0.00;320.00;0.00;0.00;1360.00
1772827675.0011446;0.00;0.00;0.00;0.00;0.00;0.00;0.00;0.00;0.00;0.00;388.00;0.00;0.00;0.00;0.00;0.00;0.00;0.00;0.00;0.00;0.00;0.00;0.00;1240.00;960.00;960.00;0.00;0.00;0.00;0.00;0.00;0.00;0.00;0.00;0.00;0.00;0.00;0.00;0.00;320.00;0.00;1280.00;0.00;320.00;0.00;0.00;1360.00
1772827675.017747;0.00;0.00;0.00;0.00;0.00;0.00;0.00;0.00;0.00;0.00;485.00;0.00;0.00;0.00;0.00;0.00;0.00;0.00;0.00;0.00;0.00;0.00;0.00;1540.00;1190.00;1200.00;0.00;0.00;0.00;0.00;0.00;0.00;0.00;0.00;0.00;0.00;0.00;0.00;0.00;640.00;0.00;1440.00;0.00;320.00;0.00;0.00;1660.00
1772827675.0182672;0.00;0.00;0.00;0.00;0.00;0.00;0.00;0.00;0.00;0.00;485.00;0.00;0.00;0.00;0.00;0.00;0.00;0.00;0.00;0.00;0.00;0.00;0.00;1540.00;1190.00;1200.00;0.00;0.00;0.00;0.00;0.00;0.00;0.00;0.00;0.00;0.00;0.00;0.00;0.00;640.00;0.00;1440.00;0.00;320.00;0.00;0.00;1660.00
1772827675.0348032;0.00;0.00;0.00;0.00;0.00;0.00;0.00;0.00;0.00;0.00;582.00;0.00;0.00;0.00;0.00;0.00;0.00;0.00;0.00;0.00;0.00;0.00;0.00;1840.00;1420.00;1440.00;0.00;0.00;0.00;0.00;0.00;0.00;0.00;0.00;0.00;0.00;0.00;0.00;0.00;960.00;0.00;1600.00;0.00;320.00;0.00;0.00;1960.00
1772827675.0353918;0.00;0.00;0.00;0.00;0.00;0.00;0.00;0.00;0.00;0.00;582.00;0.00;0.00;0.00;0.00;0.00;0.00;0.00;0.00;0.00;0.00;0.00;0.00;1840.00;1420.00;1440.00;0.00;0.00;0.00;0.00;0.00;0.00;0.00;0.00;0.00;0.00;0.00;0.00;0.00;960.00;0.00;1600.00;0.00;320.00;0.00;0.00;1960.00
1772827695.9757957;0.00;0.00;0.00;0.00;0.00;0.00;0.00;0.00;0.00;0.00;582.00;0.00;0.00;0.00;0.00;0.00;0.00;0.00;0.00;97.00;0.00;0.00;0.00;2140.00;1660.00;1680.00;0.00;0.00;0.00;0.00;0.00;0.00;0.00;0.00;0.00;0.00;0.00;0.00;0.00;960.00;0.00;1760.00;0.00;320.00;0.00;0.00;2260.00
1772827695.9763641;0.00;0.00;0.00;0.00;0.00;0.00;0.00;0.00;0.00;0.00;582.00;0.00;0.00;0.00;0.00;0.00;0.00;0.00;0.00;97.00;0.00;0.00;0.00;2140.00;1660.00;1680.00;0.00;0.00;0.00;0.00;0.00;0.00;0.00;0.00;0.00;0.00;0.00;0.00;0.00;960.00;0.00;1760.00;0.00;320.00;0.00;0.00;2260.00
1772827696.0432494;0.00;0.00;0.00;0.00;0.00;0.00;0.00;0.00;0.00;0.00;582.00;0.00;0.00;0.00;0.00;0.00;0.00;0.00;0.00;194.00;0.00;0.00;0.00;2440.00;1970.00;1990.00;230.00;0.00;0.00;0.00;0.00;0.00;0.00;0.00;0.00;0.00;0.00;0.00;0.00;1184.67;160.00;1760.00;0.00;320.00;0.00;0.00;2560.00
1772827696.0438437;0.00;0.00;0.00;0.00;0.00;0.00;0.00;0.00;0.00;0.00;582.00;0.00;0.00;0.00;0.00;0.00;0.00;0.00;0.00;194.00;0.00;0.00;0.00;2440.00;1970.00;1990.00;230.00;0.00;0.00;0.00;0.00;0.00;0.00;0.00;0.00;0.00;0.00;0.00;0.00;1184.67;160.00;1760.00;0.00;320.00;0.00;0.00;2560.00
1772827696.0604968;0.00;0.00;0.00;0.00;0.00;0.00;0.00;0.00;0.00;0.00;582.00;0.00;0.00;0.00;0.00;0.00;0.00;0.00;0.00;291.00;0.00;0.00;0.00;2740.00;2280.00;2300.00;780.00;0.00;0.00;0.00;0.00;0.00;0.00;0.00;0.00;0.00;0.00;0.00;0.00;1184.67;640.00;1760.00;0.00;320.00;0.00;0.00;2860.00
1772827696.0610454;0.00;0.00;0.00;0.00;0.00;0.00;0.00;0.00;0.00;0.00;582.00;0.00;0.00;0.00;0.00;0.00;0.00;0.00;0.00;291.00;0.00;0.00;0.00;2740.00;2280.00;2300.00;780.00;0.00;0.00;0.00;0.00;0.00;0.00;0.00;0.00;0.00;0.00;0.00;0.00;1184.67;640.00;1760.00;0.00;320.00;0.00;0.00;2860.00
1772827696.077548;0.00;0.00;0.00;0.00;0.00;0.00;0.00;0.00;0.00;0.00;582.00;0.00;0.00;0.00;0.00;0.00;0.00;0.00;0.00;388.00;0.00;0.00;0.00;3040.00;2590.00;2610.00;1330.00;0.00;0.00;0.00;0.00;0.00;0.00;0.00;0.00;0.00;0.00;0.00;0.00;1184.67;1120.00;1760.00;0.00;320.00;0.00;0.00;3160.00
1772827696.0781164;0.00;0.00;0.00;0.00;0.00;0.00;0.00;0.00;0.00;0.00;582.00;0.00;0.00;0.00;0.00;0.00;0.00;0.00;0.00;388.00;0.00;0.00;0.00;3040.00;2590.00;2610.00;1330.00;0.00;0.00;0.00;0.00;0.00;0.00;0.00;0.00;0.00;0.00;0.00;0.00;1184.67;1120.00;1760.00;0.00;320.00;0.00;0.00;3160.00
1772827696.094476;0.00;0.00;0.00;0.00;0.00;0.00;0.00;0.00;0.00;0.00;582.00;0.00;0.00;0.00;0.00;0.00;0.00;0.00;0.00;485.00;0.00;0.00;0.00;3340.00;2900.00;2920.00;1880.00;0.00;0.00;0.00;0.00;0.00;0.00;0.00;0.00;0.00;0.00;0.00;0.00;1184.67;1280.00;1760.00;0.00;320.00;0.00;0.00;3460.00
1772827696.0950468;0.00;0.00;0.00;0.00;0.00;0.00;0.00;0.00;0.00;0.00;582.00;0.00;0.00;0.00;0.00;0.00;0.00;0.00;0.00;485.00;0.00;0.00;0.00;3340.00;2900.00;2920.00;1880.00;0.00;0.00;0.00;0.00;0.00;0.00;0.00;0.00;0.00;0.00;0.00;0.00;1184.67;1280.00;1760.00;0.00;320.00;0.00;0.00;3460.00
1772827696.116871;0.00;0.00;0.00;0.00;0.00;0.00;0.00;0.00;0.00;0.00;582.00;0.00;0.00;0.00;0.00;0.00;0.00;0.00;0.00;582.00;0.00;0.00;0.00;3640.00;3210.00;3230.00;2430.00;0.00;0.00;0.00;0.00;0.00;0.00;0.00;0.00;0.00;0.00;0.00;0.00;1184.67;1440.00;1760.00;0.00;320.00;0.00;0.00;3760.00
1772827696.118072;0.00;0.00;0.00;0.00;0.00;0.00;0.00;0.00;0.00;0.00;582.00;0.00;0.00;0.00;0.00;0.00;0.00;0.00;0.00;582.00;0.00;0.00;0.00;3640.00;3210.00;3230.00;2430.00;0.00;0.00;0.00;0.00;0.00;0.00;0.00;0.00;0.00;0.00;0.00;0.00;1184.67;1440.00;1760.00;0.00;320.00;0.00;0.00;3760.00
1772827713.0092502;0.00;0.00;0.00;0.00;0.00;0.00;0.00;0.00;0.00;0.00;679.00;0.00;0.00;0.00;0.00;0.00;0.00;0.00;0.00;582.00;0.00;0.00;0.00;3940.00;3510.00;3530.00;2874.67;310.00;0.00;0.00;0.00;0.00;0.00;0.00;0.00;0.00;0.00;0.00;0.00;1184.67;1600.00;1760.00;320.00;320.00;0.00;0.00;4060.00
1772827713.0105398;0.00;0.00;0.00;0.00;0.00;0.00;0.00;0.00;0.00;0.00;679.00;0.00;0.00;0.00;0.00;0.00;0.00;0.00;0.00;582.00;0.00;0.00;0.00;3940.00;3510.00;3530.00;2874.67;310.00;0.00;0.00;0.00;0.00;0.00;0.00;0.00;0.00;0.00;0.00;0.00;1184.67;1600.00;1760.00;320.00;320.00;0.00;0.00;4060.00
1772827713.0370224;0.00;0.00;0.00;0.00;0.00;0.00;0.00;0.00;0.00;0.00;776.00;0.00;0.00;0.00;0.00;0.00;0.00;0.00;0.00;582.00;0.00;0.00;0.00;4240.00;3810.00;3830.00;3319.34;850.00;0.00;0.00;0.00;0.00;0.00;0.00;0.00;0.00;0.00;0.00;0.00;1184.67;1600.00;1760.00;800.00;320.00;0.00;0.00;4360.00
1772827713.038135;0.00;0.00;0.00;0.00;0.00;0.00;0.00;0.00;0.00;0.00;776.00;0.00;0.00;0.00;0.00;0.00;0.00;0.00;0.00;582.00;0.00;0.00;0.00;4240.00;3810.00;3830.00;3319.34;850.00;0.00;0.00;0.00;0.00;0.00;0.00;0.00;0.00;0.00;0.00;0.00;1184.67;1600.00;1760.00;800.00;320.00;0.00;0.00;4360.00
1772827713.0541456;0.00;0.00;0.00;0.00;0.00;0.00;0.00;0.00;0.00;0.00;873.00;0.00;0.00;0.00;0.00;0.00;0.00;0.00;0.00;582.00;0.00;0.00;0.00;4540.00;4110.00;4130.00;3716.34;1400.00;0.00;0.00;0.00;0.00;0.00;0.00;0.00;0.00;0.00;0.00;0.00;1184.67;1824.67;1760.00;960.00;320.00;0.00;0.00;4660.00
1772827713.0548453;0.00;0.00;0.00;0.00;0.00;0.00;0.00;0.00;0.00;0.00;873.00;0.00;0.00;0.00;0.00;0.00;0.00;0.00;0.00;582.00;0.00;0.00;0.00;4540.00;4110.00;4130.00;3716.34;1400.00;0.00;0.00;0.00;0.00;0.00;0.00;0.00;0.00;0.00;0.00;0.00;1184.67;1824.67;1760.00;960.00;320.00;0.00;0.00;4660.00
1772827713.0707238;0.00;0.00;0.00;0.00;0.00;0.00;0.00;0.00;0.00;0.00;970.00;0.00;0.00;0.00;0.00;0.00;0.00;0.00;0.00;582.00;0.00;0.00;0.00;4840.00;4410.00;4430.00;4113.34;1854.67;0.00;0.00;0.00;0.00;0.00;0.00;0.00;0.00;0.00;0.00;0.00;1184.67;1824.67;1760.00;1344.67;320.00;0.00;0.00;4960.00
1772827713.071414;0.00;0.00;0.00;0.00;0.00;0.00;0.00;0.00;0.00;0.00;970.00;0.00;0.00;0.00;0.00;0.00;0.00;0.00;0.00;582.00;0.00;0.00;0.00;4840.00;4410.00;4430.00;4113.34;1854.67;0.00;0.00;0.00;0.00;0.00;0.00;0.00;0.00;0.00;0.00;0.00;1184.67;1824.67;1760.00;1344.67;320.00;0.00;0.00;4960.00
1772827713.0873106;0.00;0.00;0.00;0.00;0.00;0.00;0.00;0.00;0.00;0.00;1067.00;0.00;0.00;0.00;0.00;0.00;0.00;0.00;0.00;582.00;0.00;0.00;0.00;4990.00;4710.00;4730.00;4510.34;2309.34;0.00;0.00;0.00;0.00;0.00;0.00;0.00;0.00;0.00;0.00;0.00;1184.67;1824.67;1910.00;1729.34;320.00;0.00;0.00;5110.00
1772827713.0880451;0.00;0.00;0.00;0.00;0.00;0.00;0.00;0.00;0.00;0.00;1067.00;0.00;0.00;0.00;0.00;0.00;0.00;0.00;0.00;582.00;0.00;0.00;0.00;4990.00;4710.00;4730.00;4510.34;2309.34;0.00;0.00;0.00;0.00;0.00;0.00;0.00;0.00;0.00;0.00;0.00;1184.67;1824.67;1910.00;1729.34;320.00;0.00;0.00;5110.00
1772827713.1094158;0.00;0.00;0.00;0.00;0.00;0.00;0.00;0.00;0.00;0.00;1164.00;0.00;0.00;0.00;0.00;0.00;0.00;0.00;0.00;582.00;0.00;0.00;0.00;4990.00;4860.00;4880.00;4757.34;2716.34;310.00;0.00;0.00;0.00;0.00;0.00;0.00;320.00;0.00;0.00;0.00;1184.67;1824.67;2060.00;1991.67;320.00;0.00;0.00;5110.00
1772827713.1102476;0.00;0.00;0.00;0.00;0.00;0.00;0.00;0.00;0.00;0.00;1164.00;0.00;0.00;0.00;0.00;0.00;0.00;0.00;0.00;582.00;0.00;0.00;0.00;4990.00;4860.00;4880.00;4757.34;2716.34;310.00;0.00;0.00;0.00;0.00;0.00;0.00;320.00;0.00;0.00;0.00;1184.67;1824.67;2060.00;1991.67;320.00;0.00;0.00;5110.00
1772827730.0375555;0.00;0.00;0.00;97.00;0.00;0.00;0.00;0.00;0.00;0.00;1164.00;0.00;0.00;0.00;0.00;0.00;0.00;0.00;0.00;582.00;0.00;0.00;0.00;4990.00;4860.00;4880.00;4757.34;2716.34;310.00;0.00;0.00;0.00;470.00;310.00;150.00;320.00;230.00;0.00;0.00;1184.67;1824.67;2060.00;1991.67;320.00;160.00;470.00;5260.00
1772827730.038431;0.00;0.00;0.00;97.00;0.00;0.00;0.00;0.00;0.00;0.00;1164.00;0.00;0.00;0.00;0.00;0.00;0.00;0.00;0.00;582.00;0.00;0.00;0.00;4990.00;4860.00;4880.00;4757.34;2716.34;310.00;0.00;0.00;0.00;470.00;310.00;150.00;320.00;230.00;0.00;0.00;1184.67;1824.67;2060.00;1991.67;320.00;160.00;470.00;5260.00
1772827730.0546741;0.00;0.00;0.00;194.00;0.00;0.00;0.00;0.00;0.00;0.00;1164.00;0.00;0.00;0.00;0.00;0.00;0.00;0.00;0.00;582.00;0.00;0.00;0.00;4990.00;4860.00;4880.00;4757.34;2716.34;310.00;0.00;0.00;0.00;940.00;620.00;300.00;320.00;342.33;0.00;0.00;1184.67;1824.67;2060.00;1991.67;320.00;640.00;620.00;5410.00
1772827730.0556269;0.00;0.00;0.00;194.00;0.00;0.00;0.00;0.00;0.00;0.00;1164.00;0.00;0.00;0.00;0.00;0.00;0.00;0.00;0.00;582.00;0.00;0.00;0.00;4990.00;4860.00;4880.00;4757.34;2716.34;310.00;0.00;0.00;0.00;940.00;620.00;300.00;320.00;342.33;0.00;0.00;1184.67;1824.67;2060.00;1991.67;320.00;640.00;620.00;5410.00
1772827730.0718272;0.00;0.00;0.00;291.00;0.00;0.00;0.00;0.00;0.00;0.00;1164.00;0.00;0.00;0.00;0.00;0.00;0.00;0.00;0.00;582.00;0.00;0.00;0.00;4990.00;4860.00;4880.00;4757.34;2716.34;310.00;0.00;0.00;0.00;1410.00;930.00;450.00;320.00;774.66;0.00;0.00;1184.67;1824.67;2060.00;1991.67;320.00;640.00;770.00;5560.00
1772827730.0727654;0.00;0.00;0.00;291.00;0.00;0.00;0.00;0.00;0.00;0.00;1164.00;0.00;0.00;0.00;0.00;0.00;0.00;0.00;0.00;582.00;0.00;0.00;0.00;4990.00;4860.00;4880.00;4757.34;2716.34;310.00;0.00;0.00;0.00;1410.00;930.00;450.00;320.00;774.66;0.00;0.00;1184.67;1824.67;2060.00;1991.67;320.00;640.00;770.00;5560.00
1772827730.091567;0.00;0.00;0.00;388.00;0.00;0.00;0.00;0.00;0.00;0.00;1164.00;0.00;0.00;0.00;0.00;0.00;0.00;0.00;0.00;582.00;0.00;0.00;0.00;4990.00;4860.00;4880.00;4757.34;2716.34;310.00;0.00;0.00;0.00;2190.00;1230.00;450.00;320.00;1196.99;0.00;0.00;1184.67;1824.67;2060.00;1991.67;320.00;640.00;1070.00;5560.00
1772827730.0925455;0.00;0.00;0.00;388.00;0.00;0.00;0.00;0.00;0.00;0.00;1164.00;0.00;0.00;0.00;0.00;0.00;0.00;0.00;0.00;582.00;0.00;0.00;0.00;4990.00;4860.00;4880.00;4757.34;2716.34;310.00;0.00;0.00;0.00;2190.00;1230.00;450.00;320.00;1196.99;0.00;0.00;1184.67;1824.67;2060.00;1991.67;320.00;640.00;1070.00;5560.00
1772827730.109897;0.00;0.00;0.00;485.00;0.00;0.00;0.00;0.00;0.00;0.00;1164.00;0.00;0.00;0.00;0.00;0.00;0.00;0.00;0.00;582.00;0.00;0.00;0.00;4990.00;4860.00;4880.00;4757.34;2716.34;310.00;0.00;0.00;0.00;2970.00;1530.00;450.00;320.00;1619.32;0.00;0.00;1184.67;1824.67;2060.00;1991.67;320.00;640.00;1370.00;5560.00
1772827730.1109006;0.00;0.00;0.00;485.00;0.00;0.00;0.00;0.00;0.00;0.00;1164.00;0.00;0.00;0.00;0.00;0.00;0.00;0.00;0.00;582.00;0.00;0.00;0.00;4990.00;4860.00;4880.00;4757.34;2716.34;310.00;0.00;0.00;0.00;2970.00;1530.00;450.00;320.00;1619.32;0.00;0.00;1184.67;1824.67;2060.00;1991.67;320.00;640.00;1370.00;5560.00
1772827730.128128;0.00;0.00;0.00;582.00;0.00;0.00;0.00;0.00;0.00;0.00;1164.00;0.00;0.00;0.00;0.00;0.00;0.00;0.00;0.00;582.00;0.00;0.00;0.00;4990.00;4860.00;4880.00;4757.34;2716.34;310.00;0.00;0.00;0.00;3750.00;1830.00;450.00;320.00;2041.65;0.00;0.00;1184.67;1824.67;2060.00;1991.67;320.00;640.00;1670.00;5560.00
1772827730.129182;0.00;0.00;0.00;582.00;0.00;0.00;0.00;0.00;0.00;0.00;1164.00;0.00;0.00;0.00;0.00;0.00;0.00;0.00;0.00;582.00;0.00;0.00;0.00;4990.00;4860.00;4880.00;4757.34;2716.34;310.00;0.00;0.00;0.00;3750.00;1830.00;450.00;320.00;2041.65;0.00;0.00;1184.67;1824.67;2060.00;1991.67;320.00;640.00;1670.00;5560.00
1772827753.0710454;0.00;0.00;0.00;582.00;0.00;0.00;97.00;0.00;0.00;0.00;1164.00;0.00;0.00;0.00;0.00;0.00;0.00;0.00;0.00;582.00;0.00;0.00;0.00;4990.00;4860.00;4880.00;4757.34;2716.34;310.00;0.00;0.00;550.00;4050.00;2130.00;600.00;320.00;2201.65;310.00;0.00;1184.67;1824.67;2060.00;1991.67;320.00;640.00;1820.00;5710.00
1772827753.0729737;0.00;0.00;0.00;582.00;0.00;0.00;97.00;0.00;0.00;0.00;1164.00;0.00;0.00;0.00;0.00;0.00;0.00;0.00;0.00;582.00;0.00;0.00;0.00;4990.00;4860.00;4880.00;4757.34;2716.34;310.00;0.00;0.00;550.00;4050.00;2130.00;600.00;320.00;2201.65;310.00;0.00;1184.67;1824.67;2060.00;1991.67;320.00;640.00;1820.00;5710.00
1772827753.0997348;0.00;0.00;0.00;582.00;0.00;0.00;194.00;0.00;0.00;0.00;1164.00;0.00;0.00;0.00;0.00;0.00;0.00;0.00;0.00;582.00;0.00;0.00;0.00;4990.00;4860.00;4880.00;4757.34;2716.34;310.00;0.00;0.00;1330.00;4350.00;2430.00;900.00;320.00;2201.65;850.00;0.00;1184.67;1824.67;2060.00;1991.67;320.00;640.00;1820.00;6010.00
1772827753.1016564;0.00;0.00;0.00;582.00;0.00;0.00;194.00;0.00;0.00;0.00;1164.00;0.00;0.00;0.00;0.00;0.00;0.00;0.00;0.00;582.00;0.00;0.00;0.00;4990.00;4860.00;4880.00;4757.34;2716.34;310.00;0.00;0.00;1330.00;4350.00;2430.00;900.00;320.00;2201.65;850.00;0.00;1184.67;1824.67;2060.00;1991.67;320.00;640.00;1820.00;6010.00
1772827753.128515;0.00;0.00;0.00;582.00;0.00;0.00;291.00;0.00;0.00;0.00;1164.00;0.00;0.00;0.00;0.00;0.00;0.00;0.00;0.00;582.00;0.00;0.00;0.00;4990.00;4860.00;4880.00;4757.34;2716.34;310.00;0.00;0.00;1880.00;4650.00;2730.00;1050.00;320.00;2201.65;1272.33;0.00;1184.67;1824.67;2060.00;1991.67;320.00;640.00;1970.00;6160.00
1772827753.130428;0.00;0.00;0.00;582.00;0.00;0.00;291.00;0.00;0.00;0.00;1164.00;0.00;0.00;0.00;0.00;0.00;0.00;0.00;0.00;582.00;0.00;0.00;0.00;4990.00;4860.00;4880.00;4757.34;2716.34;310.00;0.00;0.00;1880.00;4650.00;2730.00;1050.00;320.00;2201.65;1272.33;0.00;1184.67;1824.67;2060.00;1991.67;320.00;640.00;1970.00;6160.00
1772827753.1572745;0.00;0.00;0.00;582.00;0.00;0.00;388.00;0.00;0.00;0.00;1164.00;0.00;0.00;0.00;0.00;0.00;0.00;0.00;0.00;582.00;0.00;0.00;0.00;4990.00;4860.00;4880.00;4757.34;2716.34;310.00;0.00;0.00;2430.00;4950.00;3030.00;1200.00;320.00;2201.65;1694.66;0.00;1184.67;1824.67;2060.00;1991.67;320.00;640.00;2120.00;6310.00
1772827753.1592944;0.00;0.00;0.00;582.00;0.00;0.00;388.00;0.00;0.00;0.00;1164.00;0.00;0.00;0.00;0.00;0.00;0.00;0.00;0.00;582.00;0.00;0.00;0.00;4990.00;4860.00;4880.00;4757.34;2716.34;310.00;0.00;0.00;2430.00;4950.00;3030.00;1200.00;320.00;2201.65;1694.66;0.00;1184.67;1824.67;2060.00;1991.67;320.00;640.00;2120.00;6310.00
1772827753.185183;0.00;0.00;0.00;582.00;0.00;0.00;485.00;0.00;0.00;0.00;1164.00;0.00;0.00;0.00;0.00;0.00;0.00;0.00;0.00;582.00;0.00;0.00;0.00;4990.00;4860.00;4880.00;4757.34;2716.34;310.00;0.00;0.00;2670.00;4950.00;3030.00;1200.00;320.00;2501.65;2079.33;0.00;1184.67;1824.67;2060.00;1991.67;320.00;640.00;2120.00;6310.00
1772827753.1873043;0.00;0.00;0.00;582.00;0.00;0.00;485.00;0.00;0.00;0.00;1164.00;0.00;0.00;0.00;0.00;0.00;0.00;0.00;0.00;582.00;0.00;0.00;0.00;4990.00;4860.00;4880.00;4757.34;2716.34;310.00;0.00;0.00;2670.00;4950.00;3030.00;1200.00;320.00;2501.65;2079.33;0.00;1184.67;1824.67;2060.00;1991.67;320.00;640.00;2120.00;6310.00
1772827753.317464;0.00;0.00;0.00;582.00;0.00;0.00;582.00;0.00;0.00;0.00;1164.00;0.00;0.00;0.00;0.00;0.00;0.00;0.00;0.00;582.00;0.00;0.00;0.00;4990.00;4860.00;4880.00;4757.34;2716.34;310.00;0.00;0.00;2910.00;4950.00;3030.00;1200.00;320.00;2801.65;2464.00;0.00;1184.67;1824.67;2060.00;1991.67;320.00;640.00;2120.00;6310.00
1772827753.3195965;0.00;0.00;0.00;582.00;0.00;0.00;582.00;0.00;0.00;0.00;1164.00;0.00;0.00;0.00;0.00;0.00;0.00;0.00;0.00;582.00;0.00;0.00;0.00;4990.00;4860.00;4880.00;4757.34;2716.34;310.00;0.00;0.00;2910.00;4950.00;3030.00;1200.00;320.00;2801.65;2464.00;0.00;1184.67;1824.67;2060.00;1991.67;320.00;640.00;2120.00;6310.00
1772827780.1077895;0.00;0.00;0.00;582.00;0.00;0.00;582.00;0.00;0.00;0.00;1164.00;0.00;0.00;0.00;0.00;0.00;0.00;0.00;0.00;582.00;0.00;0.00;0.00;4990.00;4860.00;4880.00;4757.34;2716.34;310.00;0.00;0.00;2910.00;4950.00;3030.00;1200.00;320.00;2801.65;2464.00;0.00;1184.67;1824.67;2060.00;1991.67;320.00;640.00;2120.00;6310.00
1772827780.1099908;0.00;0.00;0.00;582.00;0.00;0.00;582.00;0.00;0.00;0.00;1164.00;0.00;0.00;0.00;0.00;0.00;0.00;0.00;0.00;582.00;0.00;0.00;0.00;4990.00;4860.00;4880.00;4757.34;2716.34;310.00;0.00;0.00;2910.00;4950.00;3030.00;1200.00;320.00;2801.65;2464.00;0.00;1184.67;1824.67;2060.00;1991.67;320.00;640.00;2120.00;6310.00
1772827780.1370087;0.00;0.00;0.00;582.00;0.00;0.00;582.00;0.00;0.00;0.00;1164.00;0.00;0.00;0.00;0.00;0.00;0.00;0.00;0.00;582.00;0.00;0.00;0.00;4990.00;4860.00;4880.00;4757.34;2716.34;310.00;0.00;0.00;2910.00;4950.00;3030.00;1200.00;320.00;2801.65;2464.00;0.00;1184.67;1824.67;2060.00;1991.67;320.00;640.00;2120.00;6310.00
1772827780.1391912;0.00;0.00;0.00;582.00;0.00;0.00;582.00;0.00;0.00;0.00;1164.00;0.00;0.00;0.00;0.00;0.00;0.00;0.00;0.00;582.00;0.00;0.00;0.00;4990.00;4860.00;4880.00;4757.34;2716.34;310.00;0.00;0.00;2910.00;4950.00;3030.00;1200.00;320.00;2801.65;2464.00;0.00;1184.67;1824.67;2060.00;1991.67;320.00;640.00;2120.00;6310.00
1772827780.1660318;0.00;0.00;0.00;582.00;0.00;0.00;582.00;0.00;0.00;0.00;1164.00;0.00;0.00;0.00;0.00;0.00;0.00;0.00;0.00;582.00;0.00;0.00;0.00;4990.00;4860.00;4880.00;4757.34;2716.34;310.00;0.00;0.00;2910.00;4950.00;3030.00;1200.00;320.00;2801.65;2464.00;0.00;1184.67;1824.67;2060.00;1991.67;320.00;640.00;2120.00;6310.00
1772827780.168279;0.00;0.00;0.00;582.00;0.00;0.00;582.00;0.00;0.00;0.00;1164.00;0.00;0.00;0.00;0.00;0.00;0.00;0.00;0.00;582.00;0.00;0.00;0.00;4990.00;4860.00;4880.00;4757.34;2716.34;310.00;0.00;0.00;2910.00;4950.00;3030.00;1200.00;320.00;2801.65;2464.00;0.00;1184.67;1824.67;2060.00;1991.67;320.00;640.00;2120.00;6310.00
1772827780.1956134;0.00;0.00;0.00;582.00;0.00;0.00;582.00;0.00;0.00;0.00;1164.00;0.00;0.00;0.00;0.00;0.00;0.00;0.00;0.00;582.00;0.00;0.00;0.00;4990.00;4860.00;4880.00;4757.34;2716.34;310.00;0.00;0.00;2910.00;4950.00;3030.00;1200.00;320.00;2801.65;2464.00;0.00;1184.67;1824.67;2060.00;1991.67;320.00;640.00;2120.00;6310.00
1772827780.1968164;0.00;0.00;0.00;582.00;0.00;0.00;582.00;0.00;0.00;0.00;1164.00;0.00;0.00;0.00;0.00;0.00;0.00;0.00;0.00;582.00;0.00;0.00;0.00;4990.00;4860.00;4880.00;4757.34;2716.34;310.00;0.00;0.00;2910.00;4950.00;3030.00;1200.00;320.00;2801.65;2464.00;0.00;1184.67;1824.67;2060.00;1991.67;320.00;640.00;2120.00;6310.00
1772827780.2205036;0.00;0.00;0.00;582.00;0.00;0.00;582.00;0.00;0.00;0.00;1164.00;0.00;0.00;0.00;0.00;0.00;0.00;0.00;0.00;582.00;0.00;0.00;0.00;4990.00;4860.00;4880.00;4757.34;2716.34;310.00;0.00;0.00;2910.00;4950.00;3030.00;1200.00;320.00;2801.65;2464.00;0.00;1184.67;1824.67;2060.00;1991.67;320.00;640.00;2120.00;6310.00
1772827780.2226555;0.00;0.00;0.00;582.00;0.00;0.00;582.00;0.00;0.00;0.00;1164.00;0.00;0.00;0.00;0.00;0.00;0.00;0.00;0.00;582.00;0.00;0.00;0.00;4990.00;4860.00;4880.00;4757.34;2716.34;310.00;0.00;0.00;2910.00;4950.00;3030.00;1200.00;320.00;2801.65;2464.00;0.00;1184.67;1824.67;2060.00;1991.67;320.00;640.00;2120.00;6310.00
1772827780.2490826;0.00;0.00;0.00;582.00;0.00;0.00;582.00;0.00;0.00;0.00;1164.00;0.00;0.00;0.00;0.00;0.00;0.00;0.00;0.00;582.00;0.00;0.00;0.00;4990.00;4860.00;4880.00;4757.34;2716.34;310.00;0.00;0.00;2910.00;4950.00;3030.00;1200.00;320.00;2801.65;2464.00;0.00;1184.67;1824.67;2060.00;1991.67;320.00;640.00;2120.00;6310.00
1772827780.2552407;0.00;0.00;0.00;582.00;0.00;0.00;582.00;0.00;0.00;0.00;1164.00;0.00;0.00;0.00;0.00;0.00;0.00;0.00;0.00;582.00;0.00;0.00;0.00;4990.00;4860.00;4880.00;4757.34;2716.34;310.00;0.00;0.00;2910.00;4950.00;3030.00;1200.00;320.00;2801.65;2464.00;0.00;1184.67;1824.67;2060.00;1991.67;320.00;640.00;2120.00;6310.00
1772827800.1407194;0.00;0.00;0.00;582.00;0.00;0.00;582.00;0.00;0.00;0.00;582.00;0.00;0.00;0.00;0.00;0.00;0.00;0.00;0.00;582.00;0.00;0.00;97.00;550.00;740.00;1040.00;4757.34;2716.34;310.00;0.00;0.00;2910.00;4950.00;3030.00;1440.00;320.00;2801.65;2464.00;0.00;224.67;1824.67;320.00;1991.67;0.00;640.00;2280.00;460.00
1772827800.142612;0.00;0.00;0.00;582.00;0.00;0.00;582.00;0.00;0.00;0.00;582.00;0.00;0.00;0.00;0.00;0.00;0.00;0.00;0.00;582.00;0.00;0.00;97.00;550.00;740.00;1040.00;4757.34;2716.34;310.00;0.00;0.00;2910.00;4950.00;3030.00;1440.00;320.00;2801.65;2464.00;0.00;224.67;1824.67;320.00;1991.67;0.00;640.00;2280.00;460.00
1772827800.1715238;0.00;0.00;0.00;582.00;0.00;0.00;582.00;0.00;0.00;0.00;582.00;0.00;0.00;0.00;0.00;0.00;0.00;0.00;0.00;582.00;0.00;0.00;194.00;774.67;740.00;1040.00;4757.34;2716.34;310.00;0.00;0.00;2990.00;4982.33;3062.33;1504.67;320.00;2913.98;2614.00;0.00;224.67;1824.67;640.00;1991.67;0.00;640.00;2280.00;610.00
1772827800.1733794;0.00;0.00;0.00;582.00;0.00;0.00;582.00;0.00;0.00;0.00;582.00;0.00;0.00;0.00;0.00;0.00;0.00;0.00;0.00;582.00;0.00;0.00;194.00;774.67;740.00;1040.00;4757.34;2716.34;310.00;0.00;0.00;2990.00;4982.33;3062.33;1504.67;320.00;2913.98;2614.00;0.00;224.67;1824.67;640.00;1991.67;0.00;640.00;2280.00;610.00
1772827800.202505;0.00;0.00;0.00;582.00;0.00;0.00;582.00;0.00;0.00;0.00;582.00;0.00;0.00;0.00;0.00;0.00;0.00;0.00;0.00;582.00;0.00;0.00;291.00;1314.67;1280.00;1270.00;4757.34;2716.34;310.00;0.00;0.00;2990.00;4982.33;3062.33;1601.67;320.00;2913.98;2614.00;0.00;224.67;1824.67;800.00;1991.67;310.00;640.00;2280.00;910.00
1772827800.2044492;0.00;0.00;0.00;582.00;0.00;0.00;582.00;0.00;0.00;0.00;582.00;0.00;0.00;0.00;0.00;0.00;0.00;0.00;0.00;582.00;0.00;0.00;291.00;1314.67;1280.00;1270.00;4757.34;2716.34;310.00;0.00;0.00;2990.00;4982.33;3062.33;1601.67;320.00;2913.98;2614.00;0.00;224.67;1824.67;800.00;1991.67;310.00;640.00;2280.00;910.00
1772827800.233137;0.00;0.00;0.00;582.00;0.00;0.00;582.00;0.00;0.00;0.00;582.00;0.00;0.00;0.00;0.00;0.00;0.00;0.00;0.00;582.00;0.00;0.00;388.00;1769.34;1830.00;1500.00;4757.34;2716.34;310.00;0.00;0.00;2990.00;4982.33;3062.33;1698.67;320.00;2913.98;2614.00;0.00;384.67;1824.67;800.00;1991.67;310.00;640.00;2280.00;1210.00
1772827800.2350426;0.00;0.00;0.00;582.00;0.00;0.00;582.00;0.00;0.00;0.00;582.00;0.00;0.00;0.00;0.00;0.00;0.00;0.00;0.00;582.00;0.00;0.00;388.00;1769.34;1830.00;1500.00;4757.34;2716.34;310.00;0.00;0.00;2990.00;4982.33;3062.33;1698.67;320.00;2913.98;2614.00;0.00;384.67;1824.67;800.00;1991.67;310.00;640.00;2280.00;1210.00
1772827800.2630064;0.00;0.00;0.00;582.00;0.00;0.00;582.00;0.00;0.00;0.00;582.00;0.00;0.00;0.00;0.00;0.00;0.00;0.00;0.00;582.00;0.00;0.00;485.00;2309.34;2370.00;2040.00;4757.34;2716.34;310.00;0.00;0.00;2990.00;4982.33;3062.33;1795.67;320.00;2913.98;2614.00;0.00;864.67;1824.67;800.00;1991.67;310.00;640.00;2280.00;1510.00
1772827800.2650592;0.00;0.00;0.00;582.00;0.00;0.00;582.00;0.00;0.00;0.00;582.00;0.00;0.00;0.00;0.00;0.00;0.00;0.00;0.00;582.00;0.00;0.00;485.00;2309.34;2370.00;2040.00;4757.34;2716.34;310.00;0.00;0.00;2990.00;4982.33;3062.33;1795.67;320.00;2913.98;2614.00;0.00;864.67;1824.67;800.00;1991.67;310.00;640.00;2280.00;1510.00
1772827800.2937238;0.00;0.00;0.00;582.00;0.00;0.00;582.00;0.00;0.00;0.00;582.00;0.00;0.00;0.00;0.00;0.00;0.00;0.00;0.00;582.00;0.00;0.00;582.00;2754.01;2910.00;2580.00;4757.34;2716.34;310.00;0.00;0.00;2990.00;4982.33;3062.33;1892.67;320.00;2913.98;2614.00;0.00;1344.67;1824.67;1024.67;1991.67;310.00;640.00;2280.00;1810.00
1772827800.2957492;0.00;0.00;0.00;582.00;0.00;0.00;582.00;0.00;0.00;0.00;582.00;0.00;0.00;0.00;0.00;0.00;0.00;0.00;0.00;582.00;0.00;0.00;582.00;2754.01;2910.00;2580.00;4757.34;2716.34;310.00;0.00;0.00;2990.00;4982.33;3062.33;1892.67;320.00;2913.98;2614.00;0.00;1344.67;1824.67;1024.67;1991.67;310.00;640.00;2280.00;1810.00
1772827812.171261;0.00;0.00;0.00;582.00;0.00;0.00;582.00;0.00;0.00;0.00;582.00;0.00;97.00;0.00;0.00;0.00;0.00;0.00;0.00;0.00;0.00;0.00;582.00;300.00;230.00;240.00;240.00;2716.34;310.00;0.00;0.00;2990.00;4982.33;3062.33;1892.67;320.00;2913.98;2614.00;0.00;1120.00;320.00;1024.67;1991.67;310.00;640.00;2280.00;300.00
1772827812.1731176;0.00;0.00;0.00;582.00;0.00;0.00;582.00;0.00;0.00;0.00;582.00;0.00;97.00;0.00;0.00;0.00;0.00;0.00;0.00;0.00;0.00;0.00;582.00;300.00;230.00;240.00;240.00;2716.34;310.00;0.00;0.00;2990.00;4982.33;3062.33;1892.67;320.00;2913.98;2614.00;0.00;1120.00;320.00;1024.67;1991.67;310.00;640.00;2280.00;300.00
1772827812.2027814;0.00;0.00;0.00;582.00;0.00;0.00;582.00;0.00;0.00;0.00;582.00;0.00;194.00;0.00;0.00;0.00;0.00;0.00;0.00;0.00;0.00;0.00;582.00;600.00;540.00;550.00;480.00;2716.34;310.00;0.00;0.00;2990.00;4982.33;3062.33;1892.67;320.00;2913.98;2614.00;0.00;1280.00;640.00;1024.67;1991.67;310.00;640.00;2280.00;600.00
1772827812.204568;0.00;0.00;0.00;582.00;0.00;0.00;582.00;0.00;0.00;0.00;582.00;0.00;194.00;0.00;0.00;0.00;0.00;0.00;0.00;0.00;0.00;0.00;582.00;600.00;540.00;550.00;480.00;2716.34;310.00;0.00;0.00;2990.00;4982.33;3062.33;1892.67;320.00;2913.98;2614.00;0.00;1280.00;640.00;1024.67;1991.67;310.00;640.00;2280.00;600.00
1772827812.2339046;0.00;0.00;0.00;582.00;0.00;0.00;582.00;0.00;0.00;0.00;582.00;0.00;291.00;0.00;0.00;0.00;0.00;0.00;0.00;0.00;0.00;0.00;582.00;900.00;850.00;860.00;950.00;2716.34;310.00;0.00;0.00;2990.00;4982.33;3062.33;1892.67;320.00;2913.98;2614.00;0.00;1280.00;752.33;1024.67;1991.67;310.00;640.00;2280.00;900.00
1772827812.2357788;0.00;0.00;0.00;582.00;0.00;0.00;582.00;0.00;0.00;0.00;582.00;0.00;291.00;0.00;0.00;0.00;0.00;0.00;0.00;0.00;0.00;0.00;582.00;900.00;850.00;860.00;950.00;2716.34;310.00;0.00;0.00;2990.00;4982.33;3062.33;1892.67;320.00;2913.98;2614.00;0.00;1280.00;752.33;1024.67;1991.67;310.00;640.00;2280.00;900.00
1772827812.3715024;0.00;0.00;0.00;582.00;0.00;0.00;582.00;0.00;0.00;0.00;582.00;0.00;388.00;0.00;0.00;0.00;0.00;0.00;0.00;0.00;0.00;0.00;582.00;1200.00;1160.00;1170.00;1164.67;2946.34;310.00;0.00;0.00;2990.00;4982.33;3062.33;1892.67;320.00;2913.98;2614.00;0.00;1504.67;864.66;1024.67;1991.67;310.00;640.00;2280.00;1200.00
1772827812.373519;0.00;0.00;0.00;582.00;0.00;0.00;582.00;0.00;0.00;0.00;582.00;0.00;388.00;0.00;0.00;0.00;0.00;0.00;0.00;0.00;0.00;0.00;582.00;1200.00;1160.00;1170.00;1164.67;2946.34;310.00;0.00;0.00;2990.00;4982.33;3062.33;1892.67;320.00;2913.98;2614.00;0.00;1504.67;864.66;1024.67;1991.67;310.00;640.00;2280.00;1200.00
1772827812.4028764;0.00;0.00;0.00;582.00;0.00;0.00;582.00;0.00;0.00;0.00;582.00;0.00;485.00;0.00;0.00;0.00;0.00;0.00;0.00;0.00;0.00;0.00;582.00;1500.00;1470.00;1480.00;1474.67;3353.34;540.00;0.00;0.00;2990.00;4982.33;3062.33;1892.67;480.00;2913.98;2614.00;0.00;1504.67;864.66;1024.67;1991.67;310.00;640.00;2280.00;1500.00
1772827812.4049249;0.00;0.00;0.00;582.00;0.00;0.00;582.00;0.00;0.00;0.00;582.00;0.00;485.00;0.00;0.00;0.00;0.00;0.00;0.00;0.00;0.00;0.00;582.00;1500.00;1470.00;1480.00;1474.67;3353.34;540.00;0.00;0.00;2990.00;4982.33;3062.33;1892.67;480.00;2913.98;2614.00;0.00;1504.67;864.66;1024.67;1991.67;310.00;640.00;2280.00;1500.00
1772827812.4348378;0.00;0.00;0.00;582.00;0.00;0.00;582.00;0.00;0.00;0.00;582.00;0.00;582.00;0.00;0.00;0.00;0.00;0.00;0.00;0.00;0.00;0.00;582.00;1800.00;1780.00;1790.00;1784.67;3760.34;770.00;0.00;0.00;2990.00;4982.33;3062.33;1892.67;640.00;2913.98;2614.00;0.00;1504.67;864.66;1024.67;1991.67;310.00;640.00;2280.00;1800.00
1772827812.4369051;0.00;0.00;0.00;582.00;0.00;0.00;582.00;0.00;0.00;0.00;582.00;0.00;582.00;0.00;0.00;0.00;0.00;0.00;0.00;0.00;0.00;0.00;582.00;1800.00;1780.00;1790.00;1784.67;3760.34;770.00;0.00;0.00;2990.00;4982.33;3062.33;1892.67;640.00;2913.98;2614.00;0.00;1504.67;864.66;1024.67;1991.67;310.00;640.00;2280.00;1800.00
1772827837.210469;0.00;0.00;97.00;0.00;0.00;0.00;582.00;0.00;0.00;0.00;0.00;0.00;582.00;0.00;0.00;0.00;0.00;0.00;0.00;0.00;0.00;0.00;582.00;300.00;300.00;300.00;300.00;310.00;700.00;0.00;0.00;2990.00;0.00;0.00;542.67;320.00;0.00;2614.00;0.00;1504.67;789.99;424.67;480.00;310.00;0.00;0.00;300.00
1772827837.2113566;0.00;0.00;97.00;0.00;0.00;0.00;582.00;0.00;0.00;0.00;0.00;0.00;582.00;0.00;0.00;0.00;0.00;0.00;0.00;0.00;0.00;0.00;582.00;300.00;300.00;300.00;300.00;310.00;700.00;0.00;0.00;2990.00;0.00;0.00;542.67;320.00;0.00;2614.00;0.00;1504.67;789.99;424.67;480.00;310.00;0.00;0.00;300.00
1772827837.23121;0.00;0.00;194.00;0.00;0.00;0.00;582.00;0.00;0.00;0.00;0.00;0.00;582.00;0.00;0.00;0.00;0.00;0.00;0.00;0.00;0.00;0.00;582.00;600.00;600.00;600.00;600.00;540.00;940.00;0.00;0.00;2990.00;0.00;0.00;542.67;320.00;0.00;2614.00;0.00;1504.67;789.99;424.67;960.00;310.00;0.00;0.00;600.00
1772827837.2320414;0.00;0.00;194.00;0.00;0.00;0.00;582.00;0.00;0.00;0.00;0.00;0.00;582.00;0.00;0.00;0.00;0.00;0.00;0.00;0.00;0.00;0.00;582.00;600.00;600.00;600.00;600.00;540.00;940.00;0.00;0.00;2990.00;0.00;0.00;542.67;320.00;0.00;2614.00;0.00;1504.67;789.99;424.67;960.00;310.00;0.00;0.00;600.00
1772827837.2515836;0.00;0.00;291.00;0.00;0.00;0.00;582.00;0.00;0.00;0.00;0.00;0.00;582.00;0.00;0.00;0.00;0.00;0.00;0.00;0.00;0.00;0.00;582.00;750.00;760.00;760.00;760.00;700.00;1100.00;80.00;80.00;3070.00;150.00;150.00;542.67;320.00;230.00;2614.00;160.00;1504.67;789.99;424.67;960.00;310.00;0.00;150.00;750.00
1772827837.2524252;0.00;0.00;291.00;0.00;0.00;0.00;582.00;0.00;0.00;0.00;0.00;0.00;582.00;0.00;0.00;0.00;0.00;0.00;0.00;0.00;0.00;0.00;582.00;750.00;760.00;760.00;760.00;700.00;1100.00;80.00;80.00;3070.00;150.00;150.00;542.67;320.00;230.00;2614.00;160.00;1504.67;789.99;424.67;960.00;310.00;0.00;150.00;750.00
1772827837.2731025;0.00;0.00;388.00;0.00;0.00;0.00;582.00;0.00;0.00;0.00;0.00;0.00;582.00;0.00;0.00;0.00;0.00;0.00;0.00;0.00;0.00;0.00;582.00;900.00;910.00;910.00;910.00;860.00;1260.00;160.00;230.00;3220.00;300.00;300.00;542.67;320.00;230.00;2614.00;320.00;1504.67;789.99;424.67;960.00;310.00;0.00;300.00;900.00
1772827837.2741663;0.00;0.00;388.00;0.00;0.00;0.00;582.00;0.00;0.00;0.00;0.00;0.00;582.00;0.00;0.00;0.00;0.00;0.00;0.00;0.00;0.00;0.00;582.00;900.00;910.00;910.00;910.00;860.00;1260.00;160.00;230.00;3220.00;300.00;300.00;542.67;320.00;230.00;2614.00;320.00;1504.67;789.99;424.67;960.00;310.00;0.00;300.00;900.00
1772827837.295212;0.00;0.00;485.00;0.00;0.00;0.00;582.00;0.00;0.00;0.00;0.00;0.00;582.00;0.00;0.00;0.00;0.00;0.00;0.00;0.00;0.00;0.00;582.00;1050.00;1060.00;1060.00;1060.00;1020.00;1420.00;240.00;380.00;3370.00;450.00;450.00;542.67;320.00;230.00;2614.00;480.00;1504.67;789.99;424.67;960.00;310.00;0.00;450.00;1050.00
1772827837.2961934;0.00;0.00;485.00;0.00;0.00;0.00;582.00;0.00;0.00;0.00;0.00;0.00;582.00;0.00;0.00;0.00;0.00;0.00;0.00;0.00;0.00;0.00;582.00;1050.00;1060.00;1060.00;1060.00;1020.00;1420.00;240.00;380.00;3370.00;450.00;450.00;542.67;320.00;230.00;2614.00;480.00;1504.67;789.99;424.67;960.00;310.00;0.00;450.00;1050.00
1772827837.3160214;0.00;0.00;582.00;0.00;0.00;0.00;582.00;0.00;0.00;0.00;0.00;0.00;582.00;0.00;0.00;0.00;0.00;0.00;0.00;0.00;0.00;0.00;582.00;1200.00;1210.00;1210.00;1210.00;1180.00;1580.00;320.00;530.00;3520.00;600.00;600.00;542.67;320.00;230.00;2614.00;640.00;1504.67;789.99;424.67;960.00;310.00;0.00;600.00;1200.00
1772827837.3169556;0.00;0.00;582.00;0.00;0.00;0.00;582.00;0.00;0.00;0.00;0.00;0.00;582.00;0.00;0.00;0.00;0.00;0.00;0.00;0.00;0.00;0.00;582.00;1200.00;1210.00;1210.00;1210.00;1180.00;1580.00;320.00;530.00;3520.00;600.00;600.00;542.67;320.00;230.00;2614.00;640.00;1504.67;789.99;424.67;960.00;310.00;0.00;600.00;1200.00
1772827856.2599852;0.00;0.00;582.00;0.00;0.00;0.00;582.00;0.00;0.00;0.00;0.00;0.00;582.00;0.00;0.00;0.00;0.00;0.00;0.00;0.00;97.00;0.00;582.00;1200.00;1210.00;1210.00;1210.00;1180.00;1580.00;560.00;840.00;3830.00;910.00;910.00;692.67;320.00;230.00;2614.00;800.00;1504.67;789.99;424.67;960.00;310.00;0.00;1070.00;1350.00
1772827856.261989;0.00;0.00;582.00;0.00;0.00;0.00;582.00;0.00;0.00;0.00;0.00;0.00;582.00;0.00;0.00;0.00;0.00;0.00;0.00;0.00;97.00;0.00;582.00;1200.00;1210.00;1210.00;1210.00;1180.00;1580.00;560.00;840.00;3830.00;910.00;910.00;692.67;320.00;230.00;2614.00;800.00;1504.67;789.99;424.67;960.00;310.00;0.00;1070.00;1350.00
1772827856.28667;0.00;0.00;582.00;0.00;0.00;0.00;582.00;0.00;0.00;0.00;0.00;0.00;582.00;0.00;0.00;0.00;0.00;0.00;0.00;0.00;194.00;0.00;582.00;1200.00;1210.00;1210.00;1210.00;1180.00;1580.00;800.00;1150.00;4140.00;1220.00;1220.00;842.67;320.00;230.00;2614.00;960.00;1504.67;789.99;424.67;960.00;310.00;320.00;1220.00;1500.00
1772827856.2877524;0.00;0.00;582.00;0.00;0.00;0.00;582.00;0.00;0.00;0.00;0.00;0.00;582.00;0.00;0.00;0.00;0.00;0.00;0.00;0.00;194.00;0.00;582.00;1200.00;1210.00;1210.00;1210.00;1180.00;1580.00;800.00;1150.00;4140.00;1220.00;1220.00;842.67;320.00;230.00;2614.00;960.00;1504.67;789.99;424.67;960.00;310.00;320.00;1220.00;1500.00
1772827856.3096187;0.00;0.00;582.00;0.00;0.00;0.00;582.00;0.00;0.00;0.00;0.00;0.00;582.00;0.00;0.00;0.00;0.00;0.00;0.00;0.00;291.00;0.00;582.00;1200.00;1210.00;1210.00;1210.00;1180.00;1580.00;1040.00;1460.00;4450.00;1520.00;1520.00;842.67;320.00;540.00;2614.00;1440.00;1504.67;789.99;424.67;960.00;310.00;320.00;1520.00;1500.00
1772827856.310782;0.00;0.00;582.00;0.00;0.00;0.00;582.00;0.00;0.00;0.00;0.00;0.00;582.00;0.00;0.00;0.00;0.00;0.00;0.00;0.00;291.00;0.00;582.00;1200.00;1210.00;1210.00;1210.00;1180.00;1580.00;1040.00;1460.00;4450.00;1520.00;1520.00;842.67;320.00;540.00;2614.00;1440.00;1504.67;789.99;424.67;960.00;310.00;320.00;1520.00;1500.00
1772827856.337682;0.00;0.00;582.00;0.00;0.00;0.00;582.00;0.00;0.00;0.00;0.00;0.00;582.00;0.00;0.00;0.00;0.00;0.00;0.00;0.00;388.00;0.00;582.00;1200.00;1210.00;1210.00;1210.00;1180.00;1580.00;1280.00;1770.00;4760.00;1820.00;1820.00;842.67;320.00;850.00;2614.00;1920.00;1504.67;789.99;424.67;960.00;310.00;320.00;1820.00;1500.00
1772827856.3391495;0.00;0.00;582.00;0.00;0.00;0.00;582.00;0.00;0.00;0.00;0.00;0.00;582.00;0.00;0.00;0.00;0.00;0.00;0.00;0.00;388.00;0.00;582.00;1200.00;1210.00;1210.00;1210.00;1180.00;1580.00;1280.00;1770.00;4760.00;1820.00;1820.00;842.67;320.00;850.00;2614.00;1920.00;1504.67;789.99;424.67;960.00;310.00;320.00;1820.00;1500.00
1772827856.3616965;0.00;0.00;582.00;0.00;0.00;0.00;582.00;0.00;0.00;0.00;0.00;0.00;582.00;0.00;0.00;0.00;0.00;0.00;0.00;0.00;485.00;0.00;582.00;1200.00;1210.00;1210.00;1210.00;1180.00;1580.00;1520.00;2080.00;4910.00;1970.00;1970.00;842.67;320.00;850.00;2764.00;2400.00;1504.67;789.99;424.67;960.00;310.00;320.00;1970.00;1500.00
1772827856.36288;0.00;0.00;582.00;0.00;0.00;0.00;582.00;0.00;0.00;0.00;0.00;0.00;582.00;0.00;0.00;0.00;0.00;0.00;0.00;0.00;485.00;0.00;582.00;1200.00;1210.00;1210.00;1210.00;1180.00;1580.00;1520.00;2080.00;4910.00;1970.00;1970.00;842.67;320.00;850.00;2764.00;2400.00;1504.67;789.99;424.67;960.00;310.00;320.00;1970.00;1500.00
1772827856.384531;0.00;0.00;582.00;0.00;0.00;0.00;582.00;0.00;0.00;0.00;0.00;0.00;582.00;0.00;0.00;0.00;0.00;0.00;0.00;0.00;582.00;0.00;582.00;1200.00;1210.00;1210.00;1210.00;1180.00;1580.00;1760.00;2320.00;4910.00;1970.00;1970.00;842.67;320.00;850.00;3064.00;2880.00;1504.67;789.99;424.67;960.00;310.00;320.00;1970.00;1500.00
1772827856.3861175;0.00;0.00;582.00;0.00;0.00;0.00;582.00;0.00;0.00;0.00;0.00;0.00;582.00;0.00;0.00;0.00;0.00;0.00;0.00;0.00;582.00;0.00;582.00;1200.00;1210.00;1210.00;1210.00;1180.00;1580.00;1760.00;2320.00;4910.00;1970.00;1970.00;842.67;320.00;850.00;3064.00;2880.00;1504.67;789.99;424.67;960.00;310.00;320.00;1970.00;1500.00
1772827875.3711677;0.00;0.00;582.00;0.00;0.00;0.00;582.00;97.00;0.00;0.00;0.00;0.00;582.00;0.00;0.00;0.00;0.00;0.00;0.00;0.00;582.00;0.00;582.00;1200.00;1210.00;1210.00;1210.00;1180.00;1580.00;1760.00;2560.00;4910.00;1970.00;1970.00;842.67;320.00;850.00;3364.00;3264.67;1504.67;789.99;424.67;960.00;310.00;320.00;1970.00;1500.00
1772827875.3730626;0.00;0.00;582.00;0.00;0.00;0.00;582.00;97.00;0.00;0.00;0.00;0.00;582.00;0.00;0.00;0.00;0.00;0.00;0.00;0.00;582.00;0.00;582.00;1200.00;1210.00;1210.00;1210.00;1180.00;1580.00;1760.00;2560.00;4910.00;1970.00;1970.00;842.67;320.00;850.00;3364.00;3264.67;1504.67;789.99;424.67;960.00;310.00;320.00;1970.00;1500.00
1772827875.3990445;0.00;0.00;582.00;0.00;0.00;0.00;582.00;194.00;0.00;0.00;0.00;0.00;582.00;0.00;0.00;0.00;0.00;0.00;0.00;0.00;582.00;0.00;582.00;1200.00;1210.00;1210.00;1210.00;1180.00;1580.00;1760.00;2800.00;4990.00;2120.00;2120.00;842.67;320.00;850.00;3514.00;3649.34;1504.67;789.99;424.67;960.00;310.00;320.00;2120.00;1500.00
1772827875.4002895;0.00;0.00;582.00;0.00;0.00;0.00;582.00;194.00;0.00;0.00;0.00;0.00;582.00;0.00;0.00;0.00;0.00;0.00;0.00;0.00;582.00;0.00;582.00;1200.00;1210.00;1210.00;1210.00;1180.00;1580.00;1760.00;2800.00;4990.00;2120.00;2120.00;842.67;320.00;850.00;3514.00;3649.34;1504.67;789.99;424.67;960.00;310.00;320.00;2120.00;1500.00
1772827875.4269516;0.00;0.00;582.00;0.00;0.00;0.00;582.00;291.00;0.00;0.00;0.00;0.00;582.00;0.00;0.00;0.00;0.00;0.00;0.00;0.00;582.00;0.00;582.00;1500.00;1510.00;1510.00;1510.00;1480.00;1880.00;2000.00;2800.00;4990.00;2120.00;2120.00;842.67;800.00;850.00;3514.00;3649.34;1504.67;789.99;424.67;960.00;310.00;320.00;2120.00;1800.00
1772827875.428314;0.00;0.00;582.00;0.00;0.00;0.00;582.00;291.00;0.00;0.00;0.00;0.00;582.00;0.00;0.00;0.00;0.00;0.00;0.00;0.00;582.00;0.00;582.00;1500.00;1510.00;1510.00;1510.00;1480.00;1880.00;2000.00;2800.00;4990.00;2120.00;2120.00;842.67;800.00;850.00;3514.00;3649.34;1504.67;789.99;424.67;960.00;310.00;320.00;2120.00;1800.00
1772827875.4542282;0.00;0.00;582.00;0.00;0.00;0.00;582.00;388.00;0.00;0.00;0.00;0.00;582.00;0.00;0.00;0.00;0.00;0.00;0.00;0.00;582.00;0.00;582.00;1800.00;1810.00;1810.00;1810.00;1780.00;2180.00;2240.00;2800.00;4990.00;2120.00;2120.00;842.67;1280.00;850.00;3514.00;3649.34;1504.67;789.99;424.67;960.00;310.00;320.00;2120.00;2100.00
1772827875.455567;0.00;0.00;582.00;0.00;0.00;0.00;582.00;388.00;0.00;0.00;0.00;0.00;582.00;0.00;0.00;0.00;0.00;0.00;0.00;0.00;582.00;0.00;582.00;1800.00;1810.00;1810.00;1810.00;1780.00;2180.00;2240.00;2800.00;4990.00;2120.00;2120.00;842.67;1280.00;850.00;3514.00;3649.34;1504.67;789.99;424.67;960.00;310.00;320.00;2120.00;2100.00
1772827875.4779193;0.00;0.00;582.00;0.00;0.00;0.00;582.00;485.00;0.00;0.00;0.00;0.00;582.00;0.00;0.00;0.00;0.00;0.00;0.00;0.00;582.00;0.00;582.00;2100.00;2110.00;2110.00;2110.00;2080.00;2480.00;2480.00;2800.00;4990.00;2120.00;2120.00;842.67;1760.00;850.00;3514.00;3649.34;1504.67;789.99;424.67;960.00;310.00;320.00;2120.00;2400.00
1772827875.4793134;0.00;0.00;582.00;0.00;0.00;0.00;582.00;485.00;0.00;0.00;0.00;0.00;582.00;0.00;0.00;0.00;0.00;0.00;0.00;0.00;582.00;0.00;582.00;2100.00;2110.00;2110.00;2110.00;2080.00;2480.00;2480.00;2800.00;4990.00;2120.00;2120.00;842.67;1760.00;850.00;3514.00;3649.34;1504.67;789.99;424.67;960.00;310.00;320.00;2120.00;2400.00
1772827875.5062845;0.00;0.00;582.00;0.00;0.00;0.00;582.00;582.00;0.00;0.00;0.00;0.00;582.00;0.00;0.00;0.00;0.00;0.00;0.00;0.00;582.00;0.00;582.00;2400.00;2410.00;2410.00;2410.00;2380.00;2780.00;2720.00;2800.00;4990.00;2120.00;2120.00;842.67;2240.00;850.00;3514.00;3649.34;1504.67;789.99;424.67;960.00;310.00;320.00;2120.00;2700.00
1772827875.507685;0.00;0.00;582.00;0.00;0.00;0.00;582.00;582.00;0.00;0.00;0.00;0.00;582.00;0.00;0.00;0.00;0.00;0.00;0.00;0.00;582.00;0.00;582.00;2400.00;2410.00;2410.00;2410.00;2380.00;2780.00;2720.00;2800.00;4990.00;2120.00;2120.00;842.67;2240.00;850.00;3514.00;3649.34;1504.67;789.99;424.67;960.00;310.00;320.00;2120.00;2700.00
1772827897.402386;0.00;0.00;582.00;0.00;0.00;0.00;0.00;582.00;0.00;0.00;0.00;0.00;582.00;97.00;0.00;0.00;0.00;0.00;0.00;0.00;582.00;0.00;582.00;2497.00;2410.00;2410.00;2410.00;2380.00;2780.00;2720.00;2800.00;0.00;540.00;540.00;144.67;2240.00;310.00;0.00;3649.34;1504.67;789.99;424.67;960.00;310.00;480.00;1070.00;112.33
1772827897.4045808;0.00;0.00;582.00;0.00;0.00;0.00;0.00;582.00;0.00;0.00;0.00;0.00;582.00;97.00;0.00;0.00;0.00;0.00;0.00;0.00;582.00;0.00;582.00;2497.00;2410.00;2410.00;2410.00;2380.00;2780.00;2720.00;2800.00;0.00;540.00;540.00;144.67;2240.00;310.00;0.00;3649.34;1504.67;789.99;424.67;960.00;310.00;480.00;1070.00;112.33
1772827897.4383497;0.00;0.00;582.00;0.00;0.00;0.00;0.00;582.00;0.00;0.00;0.00;0.00;582.00;194.00;0.00;0.00;0.00;0.00;0.00;0.00;582.00;0.00;582.00;2594.00;2410.00;2410.00;2410.00;2380.00;2780.00;2720.00;2800.00;0.00;1080.00;1080.00;289.34;2240.00;790.00;0.00;3649.34;1504.67;789.99;424.67;960.00;310.00;480.00;1370.00;224.66
1772827897.4405844;0.00;0.00;582.00;0.00;0.00;0.00;0.00;582.00;0.00;0.00;0.00;0.00;582.00;194.00;0.00;0.00;0.00;0.00;0.00;0.00;582.00;0.00;582.00;2594.00;2410.00;2410.00;2410.00;2380.00;2780.00;2720.00;2800.00;0.00;1080.00;1080.00;289.34;2240.00;790.00;0.00;3649.34;1504.67;789.99;424.67;960.00;310.00;480.00;1370.00;224.66
1772827897.4744828;0.00;0.00;582.00;0.00;0.00;0.00;0.00;582.00;0.00;0.00;0.00;0.00;582.00;291.00;0.00;0.00;0.00;0.00;0.00;0.00;582.00;0.00;582.00;2691.00;2410.00;2410.00;2410.00;2380.00;2780.00;2720.00;2800.00;0.00;1620.00;1524.67;386.34;2240.00;1270.00;0.00;3649.34;1504.67;789.99;424.67;960.00;310.00;480.00;1670.00;224.66
1772827897.4768035;0.00;0.00;582.00;0.00;0.00;0.00;0.00;582.00;0.00;0.00;0.00;0.00;582.00;291.00;0.00;0.00;0.00;0.00;0.00;0.00;582.00;0.00;582.00;2691.00;2410.00;2410.00;2410.00;2380.00;2780.00;2720.00;2800.00;0.00;1620.00;1524.67;386.34;2240.00;1270.00;0.00;3649.34;1504.67;789.99;424.67;960.00;310.00;480.00;1670.00;224.66
1772827897.5108283;0.00;0.00;582.00;0.00;0.00;0.00;0.00;582.00;0.00;0.00;0.00;0.00;582.00;388.00;0.00;0.00;0.00;0.00;0.00;0.00;582.00;0.00;582.00;2788.00;2410.00;2410.00;2410.00;2380.00;2780.00;2720.00;2800.00;470.00;2160.00;1921.67;633.34;2240.00;1270.00;480.00;3649.34;1504.67;789.99;424.67;960.00;310.00;480.00;1820.00;374.66
1772827897.5132143;0.00;0.00;582.00;0.00;0.00;0.00;0.00;582.00;0.00;0.00;0.00;0.00;582.00;388.00;0.00;0.00;0.00;0.00;0.00;0.00;582.00;0.00;582.00;2788.00;2410.00;2410.00;2410.00;2380.00;2780.00;2720.00;2800.00;470.00;2160.00;1921.67;633.34;2240.00;1270.00;480.00;3649.34;1504.67;789.99;424.67;960.00;310.00;480.00;1820.00;374.66
1772827897.548291;0.00;0.00;582.00;0.00;0.00;0.00;0.00;582.00;0.00;0.00;0.00;0.00;582.00;485.00;0.00;0.00;0.00;0.00;0.00;0.00;582.00;0.00;582.00;2885.00;2410.00;2410.00;2410.00;2380.00;2780.00;2720.00;2800.00;940.00;2700.00;2318.67;880.34;2240.00;1270.00;960.00;3649.34;1504.67;789.99;424.67;960.00;310.00;480.00;1970.00;524.66
1772827897.5507176;0.00;0.00;582.00;0.00;0.00;0.00;0.00;582.00;0.00;0.00;0.00;0.00;582.00;485.00;0.00;0.00;0.00;0.00;0.00;0.00;582.00;0.00;582.00;2885.00;2410.00;2410.00;2410.00;2380.00;2780.00;2720.00;2800.00;940.00;2700.00;2318.67;880.34;2240.00;1270.00;960.00;3649.34;1504.67;789.99;424.67;960.00;310.00;480.00;1970.00;524.66
1772827897.5856552;0.00;0.00;582.00;0.00;0.00;0.00;0.00;582.00;0.00;0.00;0.00;0.00;582.00;582.00;0.00;0.00;0.00;0.00;0.00;0.00;582.00;0.00;582.00;2982.00;2410.00;2410.00;2410.00;2380.00;2780.00;2720.00;2800.00;1410.00;3240.00;2715.67;1127.34;2240.00;1270.00;1440.00;3649.34;1504.67;789.99;424.67;960.00;310.00;480.00;2120.00;674.66
1772827897.5880463;0.00;0.00;582.00;0.00;0.00;0.00;0.00;582.00;0.00;0.00;0.00;0.00;582.00;582.00;0.00;0.00;0.00;0.00;0.00;0.00;582.00;0.00;582.00;2982.00;2410.00;2410.00;2410.00;2380.00;2780.00;2720.00;2800.00;1410.00;3240.00;2715.67;1127.34;2240.00;1270.00;1440.00;3649.34;1504.67;789.99;424.67;960.00;310.00;480.00;2120.00;674.66
1772827918.5302062;0.00;0.00;582.00;0.00;0.00;0.00;0.00;582.00;0.00;0.00;0.00;0.00;582.00;582.00;0.00;0.00;0.00;0.00;97.00;0.00;582.00;0.00;582.00;2982.00;2410.00;2410.00;2410.00;2380.00;2780.00;2720.00;2800.00;1880.00;3780.00;3015.67;1277.34;2240.00;1270.00;1920.00;3649.34;1504.67;789.99;424.67;960.00;310.00;480.00;2270.00;824.66
1772827918.5326364;0.00;0.00;582.00;0.00;0.00;0.00;0.00;582.00;0.00;0.00;0.00;0.00;582.00;582.00;0.00;0.00;0.00;0.00;97.00;0.00;582.00;0.00;582.00;2982.00;2410.00;2410.00;2410.00;2380.00;2780.00;2720.00;2800.00;1880.00;3780.00;3015.67;1277.34;2240.00;1270.00;1920.00;3649.34;1504.67;789.99;424.67;960.00;310.00;480.00;2270.00;824.66
1772827918.5673368;0.00;0.00;582.00;0.00;0.00;0.00;0.00;582.00;0.00;0.00;0.00;0.00;582.00;582.00;0.00;0.00;0.00;0.00;194.00;0.00;582.00;0.00;582.00;2982.00;2410.00;2410.00;2410.00;2380.00;2780.00;2720.00;2800.00;2430.00;4320.00;3315.67;1427.34;2240.00;1270.00;2150.00;3649.34;1504.67;789.99;424.67;960.00;310.00;480.00;2420.00;974.66
1772827918.569862;0.00;0.00;582.00;0.00;0.00;0.00;0.00;582.00;0.00;0.00;0.00;0.00;582.00;582.00;0.00;0.00;0.00;0.00;194.00;0.00;582.00;0.00;582.00;2982.00;2410.00;2410.00;2410.00;2380.00;2780.00;2720.00;2800.00;2430.00;4320.00;3315.67;1427.34;2240.00;1270.00;2150.00;3649.34;1504.67;789.99;424.67;960.00;310.00;480.00;2420.00;974.66
1772827918.600878;0.00;0.00;582.00;0.00;0.00;0.00;0.00;582.00;0.00;0.00;0.00;0.00;582.00;582.00;0.00;0.00;0.00;0.00;291.00;0.00;582.00;0.00;582.00;2982.00;2410.00;2410.00;2410.00;2380.00;2780.00;2720.00;3030.00;2884.67;4764.67;3615.67;1427.34;2240.00;1270.00;2534.67;3649.34;1504.67;789.99;424.67;960.00;310.00;480.00;2720.00;974.66
1772827918.6025436;0.00;0.00;582.00;0.00;0.00;0.00;0.00;582.00;0.00;0.00;0.00;0.00;582.00;582.00;0.00;0.00;0.00;0.00;291.00;0.00;582.00;0.00;582.00;2982.00;2410.00;2410.00;2410.00;2380.00;2780.00;2720.00;3030.00;2884.67;4764.67;3615.67;1427.34;2240.00;1270.00;2534.67;3649.34;1504.67;789.99;424.67;960.00;310.00;480.00;2720.00;974.66
1772827918.6284266;0.00;0.00;582.00;0.00;0.00;0.00;0.00;582.00;0.00;0.00;0.00;0.00;582.00;582.00;0.00;0.00;0.00;0.00;388.00;0.00;582.00;0.00;582.00;3346.67;2774.67;2870.00;2870.00;2850.00;3250.00;2800.00;3110.00;2964.67;4844.67;3680.34;1492.01;2470.00;1270.00;2694.67;3649.34;1504.67;789.99;424.67;960.00;310.00;480.00;2720.00;1274.66
1772827918.630272;0.00;0.00;582.00;0.00;0.00;0.00;0.00;582.00;0.00;0.00;0.00;0.00;582.00;582.00;0.00;0.00;0.00;0.00;388.00;0.00;582.00;0.00;582.00;3346.67;2774.67;2870.00;2870.00;2850.00;3250.00;2800.00;3110.00;2964.67;4844.67;3680.34;1492.01;2470.00;1270.00;2694.67;3649.34;1504.67;789.99;424.67;960.00;310.00;480.00;2720.00;1274.66
1772827918.6558373;0.00;0.00;582.00;0.00;0.00;0.00;0.00;582.00;0.00;0.00;0.00;0.00;582.00;582.00;0.00;0.00;0.00;0.00;485.00;0.00;582.00;0.00;582.00;3593.67;3021.67;3164.67;3260.00;3240.00;3640.00;2960.00;3270.00;3114.67;4994.67;3927.34;1739.01;2470.00;1270.00;2694.67;3649.34;1504.67;789.99;424.67;960.00;470.00;480.00;2720.00;1574.66
1772827918.657563;0.00;0.00;582.00;0.00;0.00;0.00;0.00;582.00;0.00;0.00;0.00;0.00;582.00;582.00;0.00;0.00;0.00;0.00;485.00;0.00;582.00;0.00;582.00;3593.67;3021.67;3164.67;3260.00;3240.00;3640.00;2960.00;3270.00;3114.67;4994.67;3927.34;1739.01;2470.00;1270.00;2694.67;3649.34;1504.67;789.99;424.67;960.00;470.00;480.00;2720.00;1574.66
1772827918.681316;0.00;0.00;582.00;0.00;0.00;0.00;0.00;582.00;0.00;0.00;0.00;0.00;582.00;582.00;0.00;0.00;0.00;0.00;485.00;0.00;582.00;0.00;582.00;3593.67;3021.67;3164.67;3260.00;3240.00;3640.00;2960.00;3270.00;3114.67;4994.67;3927.34;1739.01;2470.00;1270.00;2694.67;3649.34;1504.67;789.99;424.67;960.00;470.00;480.00;2720.00;1574.66
1772827918.683042;0.00;0.00;582.00;0.00;0.00;0.00;0.00;582.00;0.00;0.00;0.00;0.00;582.00;582.00;0.00;0.00;0.00;0.00;485.00;0.00;582.00;0.00;582.00;3593.67;3021.67;3164.67;3260.00;3240.00;3640.00;2960.00;3270.00;3114.67;4994.67;3927.34;1739.01;2470.00;1270.00;2694.67;3649.34;1504.67;789.99;424.67;960.00;470.00;480.00;2720.00;1574.66
1772827939.4441023;0.00;0.00;582.00;0.00;0.00;0.00;0.00;582.00;0.00;0.00;0.00;0.00;0.00;582.00;0.00;0.00;0.00;0.00;582.00;0.00;582.00;0.00;0.00;550.00;0.00;0.00;0.00;1296.00;2720.00;2960.00;3270.00;3034.67;4962.34;3992.01;1286.34;1830.00;1157.67;2544.67;3649.34;0.00;0.00;320.00;960.00;160.00;480.00;2720.00;460.00
1772827939.4462562;0.00;0.00;582.00;0.00;0.00;0.00;0.00;582.00;0.00;0.00;0.00;0.00;0.00;582.00;0.00;0.00;0.00;0.00;582.00;0.00;582.00;0.00;0.00;550.00;0.00;0.00;0.00;1296.00;2720.00;2960.00;3270.00;3034.67;4962.34;3992.01;1286.34;1830.00;1157.67;2544.67;3649.34;0.00;0.00;320.00;960.00;160.00;480.00;2720.00;460.00
1772827939.4731002;0.00;0.00;582.00;0.00;0.00;0.00;0.00;582.00;0.00;0.00;0.00;0.00;0.00;582.00;0.00;0.00;0.00;0.00;679.00;0.00;582.00;0.00;0.00;1090.00;0.00;0.00;0.00;1296.00;2720.00;2960.00;3270.00;3034.67;4962.34;4089.01;1383.34;1830.00;1157.67;2544.67;3649.34;0.00;0.00;790.00;960.00;160.00;480.00;2720.00;760.00
1772827939.4753137;0.00;0.00;582.00;0.00;0.00;0.00;0.00;582.00;0.00;0.00;0.00;0.00;0.00;582.00;0.00;0.00;0.00;0.00;679.00;0.00;582.00;0.00;0.00;1090.00;0.00;0.00;0.00;1296.00;2720.00;2960.00;3270.00;3034.67;4962.34;4089.01;1383.34;1830.00;1157.67;2544.67;3649.34;0.00;0.00;790.00;960.00;160.00;480.00;2720.00;760.00
1772827939.5132532;0.00;0.00;582.00;0.00;0.00;0.00;0.00;582.00;0.00;0.00;0.00;0.00;0.00;582.00;0.00;0.00;0.00;0.00;776.00;0.00;582.00;0.00;0.00;1544.67;0.00;0.00;0.00;1296.00;2720.00;2960.00;3270.00;3034.67;4962.34;4186.01;1480.34;1830.00;1157.67;2544.67;3649.34;0.00;0.00;1174.67;960.00;160.00;480.00;2720.00;1060.00
1772827939.515493;0.00;0.00;582.00;0.00;0.00;0.00;0.00;582.00;0.00;0.00;0.00;0.00;0.00;582.00;0.00;0.00;0.00;0.00;776.00;0.00;582.00;0.00;0.00;1544.67;0.00;0.00;0.00;1296.00;2720.00;2960.00;3270.00;3034.67;4962.34;4186.01;1480.34;1830.00;1157.67;2544.67;3649.34;0.00;0.00;1174.67;960.00;160.00;480.00;2720.00;1060.00
1772827939.5498323;0.00;0.00;582.00;0.00;0.00;0.00;0.00;582.00;0.00;0.00;0.00;0.00;0.00;582.00;0.00;0.00;0.00;0.00;873.00;0.00;582.00;0.00;0.00;1999.34;0.00;0.00;0.00;1296.00;2720.00;2960.00;3270.00;3034.67;4962.34;4283.01;1577.34;1830.00;1157.67;2544.67;3649.34;0.00;0.00;1559.34;960.00;160.00;480.00;2720.00;1360.00
1772827939.5510368;0.00;0.00;582.00;0.00;0.00;0.00;0.00;582.00;0.00;0.00;0.00;0.00;0.00;582.00;0.00;0.00;0.00;0.00;873.00;0.00;582.00;0.00;0.00;1999.34;0.00;0.00;0.00;1296.00;2720.00;2960.00;3270.00;3034.67;4962.34;4283.01;1577.34;1830.00;1157.67;2544.67;3649.34;0.00;0.00;1559.34;960.00;160.00;480.00;2720.00;1360.00
1772827939.5735114;0.00;0.00;582.00;0.00;0.00;0.00;0.00;582.00;0.00;0.00;0.00;0.00;0.00;582.00;0.00;0.00;0.00;0.00;970.00;0.00;582.00;0.00;0.00;2539.34;470.00;0.00;0.00;1296.00;2720.00;2960.00;3270.00;3034.67;4962.34;4380.01;1674.34;1830.00;1157.67;2544.67;3649.34;0.00;0.00;1559.34;960.00;320.00;480.00;2720.00;1660.00
1772827939.5747592;0.00;0.00;582.00;0.00;0.00;0.00;0.00;582.00;0.00;0.00;0.00;0.00;0.00;582.00;0.00;0.00;0.00;0.00;970.00;0.00;582.00;0.00;0.00;2539.34;470.00;0.00;0.00;1296.00;2720.00;2960.00;3270.00;3034.67;4962.34;4380.01;1674.34;1830.00;1157.67;2544.67;3649.34;0.00;0.00;1559.34;960.00;320.00;480.00;2720.00;1660.00
1772827939.5972154;0.00;0.00;582.00;0.00;0.00;0.00;0.00;582.00;0.00;0.00;0.00;0.00;0.00;582.00;0.00;0.00;0.00;0.00;1067.00;0.00;582.00;0.00;0.00;2936.34;807.00;0.00;0.00;1296.00;2720.00;2960.00;3270.00;3034.67;4962.34;4477.01;1771.34;1830.00;1157.67;2544.67;3649.34;0.00;0.00;1559.34;960.00;704.67;480.00;2720.00;1960.00
1772827939.598498;0.00;0.00;582.00;0.00;0.00;0.00;0.00;582.00;0.00;0.00;0.00;0.00;0.00;582.00;0.00;0.00;0.00;0.00;1067.00;0.00;582.00;0.00;0.00;2936.34;807.00;0.00;0.00;1296.00;2720.00;2960.00;3270.00;3034.67;4962.34;4477.01;1771.34;1830.00;1157.67;2544.67;3649.34;0.00;0.00;1559.34;960.00;704.67;480.00;2720.00;1960.00
1772827960.4636478;0.00;0.00;0.00;0.00;0.00;0.00;0.00;582.00;0.00;0.00;0.00;0.00;97.00;582.00;0.00;0.00;0.00;0.00;1067.00;0.00;582.00;0.00;0.00;300.00;230.00;230.00;240.00;0.00;1440.00;1680.00;1840.00;1604.67;2562.34;2077.01;1771.34;1830.00;927.67;2544.67;1089.34;310.00;480.00;1559.34;0.00;704.67;480.00;320.00;300.00
1772827960.4658186;0.00;0.00;0.00;0.00;0.00;0.00;0.00;582.00;0.00;0.00;0.00;0.00;97.00;582.00;0.00;0.00;0.00;0.00;1067.00;0.00;582.00;0.00;0.00;300.00;230.00;230.00;240.00;0.00;1440.00;1680.00;1840.00;1604.67;2562.34;2077.01;1771.34;1830.00;927.67;2544.67;1089.34;310.00;480.00;1559.34;0.00;704.67;480.00;320.00;300.00
1772827960.616977;0.00;0.00;0.00;0.00;0.00;0.00;0.00;582.00;0.00;0.00;0.00;0.00;194.00;582.00;0.00;0.00;0.00;0.00;1067.00;0.00;582.00;0.00;0.00;600.00;530.00;530.00;480.00;0.00;1440.00;1680.00;1840.00;1604.67;2562.34;2077.01;1771.34;1830.00;927.67;2544.67;1089.34;780.00;800.00;1559.34;0.00;704.67;480.00;320.00;600.00
1772827960.6191576;0.00;0.00;0.00;0.00;0.00;0.00;0.00;582.00;0.00;0.00;0.00;0.00;194.00;582.00;0.00;0.00;0.00;0.00;1067.00;0.00;582.00;0.00;0.00;600.00;530.00;530.00;480.00;0.00;1440.00;1680.00;1840.00;1604.67;2562.34;2077.01;1771.34;1830.00;927.67;2544.67;1089.34;780.00;800.00;1559.34;0.00;704.67;480.00;320.00;600.00
1772827960.6562726;0.00;0.00;0.00;0.00;0.00;0.00;0.00;582.00;0.00;0.00;0.00;0.00;291.00;582.00;0.00;0.00;0.00;0.00;1067.00;0.00;582.00;0.00;0.00;900.00;840.00;840.00;720.00;0.00;1440.00;1680.00;1840.00;1604.67;2562.34;2077.01;1771.34;1830.00;927.67;2544.67;1089.34;940.00;800.00;1559.34;0.00;704.67;480.00;320.00;900.00
1772827960.6584206;0.00;0.00;0.00;0.00;0.00;0.00;0.00;582.00;0.00;0.00;0.00;0.00;291.00;582.00;0.00;0.00;0.00;0.00;1067.00;0.00;582.00;0.00;0.00;900.00;840.00;840.00;720.00;0.00;1440.00;1680.00;1840.00;1604.67;2562.34;2077.01;1771.34;1830.00;927.67;2544.67;1089.34;940.00;800.00;1559.34;0.00;704.67;480.00;320.00;900.00
1772827960.6956885;0.00;0.00;0.00;0.00;0.00;0.00;0.00;582.00;0.00;0.00;0.00;0.00;388.00;582.00;0.00;0.00;0.00;0.00;1067.00;0.00;582.00;0.00;0.00;1200.00;1150.00;1150.00;960.00;0.00;1440.00;1680.00;1840.00;1604.67;2562.34;2077.01;1771.34;1830.00;927.67;2544.67;1089.34;1100.00;800.00;1559.34;0.00;704.67;480.00;320.00;1200.00
1772827960.6979065;0.00;0.00;0.00;0.00;0.00;0.00;0.00;582.00;0.00;0.00;0.00;0.00;388.00;582.00;0.00;0.00;0.00;0.00;1067.00;0.00;582.00;0.00;0.00;1200.00;1150.00;1150.00;960.00;0.00;1440.00;1680.00;1840.00;1604.67;2562.34;2077.01;1771.34;1830.00;927.67;2544.67;1089.34;1100.00;800.00;1559.34;0.00;704.67;480.00;320.00;1200.00
1772827960.735312;0.00;0.00;0.00;0.00;0.00;0.00;0.00;582.00;0.00;0.00;0.00;0.00;485.00;582.00;0.00;0.00;0.00;0.00;1067.00;0.00;582.00;0.00;0.00;1500.00;1450.00;1450.00;1200.00;0.00;1440.00;1680.00;1840.00;1604.67;2562.34;2077.01;1771.34;1830.00;927.67;2544.67;1089.34;1260.00;1024.67;1559.34;0.00;704.67;480.00;320.00;1500.00
1772827960.737613;0.00;0.00;0.00;0.00;0.00;0.00;0.00;582.00;0.00;0.00;0.00;0.00;485.00;582.00;0.00;0.00;0.00;0.00;1067.00;0.00;582.00;0.00;0.00;1500.00;1450.00;1450.00;1200.00;0.00;1440.00;1680.00;1840.00;1604.67;2562.34;2077.01;1771.34;1830.00;927.67;2544.67;1089.34;1260.00;1024.67;1559.34;0.00;704.67;480.00;320.00;1500.00
1772827960.7748315;0.00;0.00;0.00;0.00;0.00;0.00;0.00;582.00;0.00;0.00;0.00;0.00;582.00;582.00;0.00;0.00;0.00;0.00;1067.00;0.00;582.00;0.00;0.00;1800.00;1750.00;1750.00;1440.00;0.00;1440.00;1680.00;1840.00;1604.67;2562.34;2077.01;1771.34;1830.00;927.67;2544.67;1089.34;1420.00;1249.34;1559.34;0.00;704.67;480.00;320.00;1800.00
1772827960.7771506;0.00;0.00;0.00;0.00;0.00;0.00;0.00;582.00;0.00;0.00;0.00;0.00;582.00;582.00;0.00;0.00;0.00;0.00;1067.00;0.00;582.00;0.00;0.00;1800.00;1750.00;1750.00;1440.00;0.00;1440.00;1680.00;1840.00;1604.67;2562.34;2077.01;1771.34;1830.00;927.67;2544.67;1089.34;1420.00;1249.34;1559.34;0.00;704.67;480.00;320.00;1800.00
1772827975.503473;0.00;0.00;0.00;0.00;0.00;0.00;0.00;582.00;0.00;0.00;0.00;0.00;582.00;582.00;0.00;97.00;0.00;0.00;1067.00;0.00;0.00;0.00;0.00;2100.00;2050.00;2050.00;1680.00;240.00;1440.00;0.00;0.00;0.00;0.00;0.00;1171.34;1830.00;7.67;1194.67;0.00;1580.00;1249.34;1559.34;0.00;704.67;160.00;0.00;1500.00
1772827975.505653;0.00;0.00;0.00;0.00;0.00;0.00;0.00;582.00;0.00;0.00;0.00;0.00;582.00;582.00;0.00;97.00;0.00;0.00;1067.00;0.00;0.00;0.00;0.00;2100.00;2050.00;2050.00;1680.00;240.00;1440.00;0.00;0.00;0.00;0.00;0.00;1171.34;1830.00;7.67;1194.67;0.00;1580.00;1249.34;1559.34;0.00;704.67;160.00;0.00;1500.00
1772827975.5452409;0.00;0.00;0.00;0.00;0.00;0.00;0.00;582.00;0.00;0.00;0.00;0.00;582.00;582.00;0.00;194.00;0.00;0.00;1067.00;0.00;0.00;0.00;0.00;2400.00;2350.00;2350.00;1980.00;694.67;1440.00;0.00;0.00;0.00;0.00;0.00;1171.34;1830.00;7.67;1194.67;0.00;1580.00;1249.34;1559.34;432.33;704.67;160.00;0.00;1800.00
1772827975.5474741;0.00;0.00;0.00;0.00;0.00;0.00;0.00;582.00;0.00;0.00;0.00;0.00;582.00;582.00;0.00;194.00;0.00;0.00;1067.00;0.00;0.00;0.00;0.00;2400.00;2350.00;2350.00;1980.00;694.67;1440.00;0.00;0.00;0.00;0.00;0.00;1171.34;1830.00;7.67;1194.67;0.00;1580.00;1249.34;1559.34;432.33;704.67;160.00;0.00;1800.00
1772827975.5868332;0.00;0.00;0.00;0.00;0.00;0.00;0.00;582.00;0.00;0.00;0.00;0.00;582.00;582.00;0.00;291.00;0.00;0.00;1067.00;0.00;0.00;0.00;0.00;2700.00;2650.00;2650.00;2280.00;1149.34;1440.00;0.00;0.00;0.00;0.00;0.00;1171.34;1830.00;7.67;1194.67;0.00;1580.00;1249.34;1559.34;864.66;704.67;160.00;0.00;2100.00
1772827975.5890863;0.00;0.00;0.00;0.00;0.00;0.00;0.00;582.00;0.00;0.00;0.00;0.00;582.00;582.00;0.00;291.00;0.00;0.00;1067.00;0.00;0.00;0.00;0.00;2700.00;2650.00;2650.00;2280.00;1149.34;1440.00;0.00;0.00;0.00;0.00;0.00;1171.34;1830.00;7.67;1194.67;0.00;1580.00;1249.34;1559.34;864.66;704.67;160.00;0.00;2100.00
1772827975.6282735;0.00;0.00;0.00;0.00;0.00;0.00;0.00;582.00;0.00;0.00;0.00;0.00;582.00;582.00;0.00;388.00;0.00;0.00;1067.00;0.00;0.00;0.00;0.00;3000.00;2950.00;2950.00;2590.00;1571.67;1440.00;0.00;0.00;0.00;0.00;0.00;1171.34;1830.00;7.67;1194.67;0.00;1580.00;1361.67;1559.34;1249.33;704.67;160.00;0.00;2400.00
1772827975.6305466;0.00;0.00;0.00;0.00;0.00;0.00;0.00;582.00;0.00;0.00;0.00;0.00;582.00;582.00;0.00;388.00;0.00;0.00;1067.00;0.00;0.00;0.00;0.00;3000.00;2950.00;2950.00;2590.00;1571.67;1440.00;0.00;0.00;0.00;0.00;0.00;1171.34;1830.00;7.67;1194.67;0.00;1580.00;1361.67;1559.34;1249.33;704.67;160.00;0.00;2400.00
1772827975.7855787;0.00;0.00;0.00;0.00;0.00;0.00;0.00;582.00;0.00;0.00;0.00;0.00;582.00;582.00;0.00;485.00;0.00;0.00;1067.00;0.00;0.00;0.00;0.00;3300.00;3250.00;3250.00;2890.00;1871.67;1894.67;0.00;0.00;0.00;0.00;0.00;1171.34;2214.67;7.67;1194.67;0.00;1580.00;1361.67;1559.34;1249.33;704.67;160.00;0.00;2700.00
1772827975.7879987;0.00;0.00;0.00;0.00;0.00;0.00;0.00;582.00;0.00;0.00;0.00;0.00;582.00;582.00;0.00;485.00;0.00;0.00;1067.00;0.00;0.00;0.00;0.00;3300.00;3250.00;3250.00;2890.00;1871.67;1894.67;0.00;0.00;0.00;0.00;0.00;1171.34;2214.67;7.67;1194.67;0.00;1580.00;1361.67;1559.34;1249.33;704.67;160.00;0.00;2700.00
1772827975.827417;0.00;0.00;0.00;0.00;0.00;0.00;0.00;582.00;0.00;0.00;0.00;0.00;582.00;582.00;0.00;582.00;0.00;0.00;1067.00;0.00;0.00;0.00;0.00;3600.00;3550.00;3550.00;3190.00;2171.67;2231.67;0.00;0.00;0.00;0.00;0.00;1171.34;2599.34;7.67;1194.67;0.00;1580.00;1361.67;1559.34;1249.33;704.67;160.00;0.00;3000.00
1772827975.829849;0.00;0.00;0.00;0.00;0.00;0.00;0.00;582.00;0.00;0.00;0.00;0.00;582.00;582.00;0.00;582.00;0.00;0.00;1067.00;0.00;0.00;0.00;0.00;3600.00;3550.00;3550.00;3190.00;2171.67;2231.67;0.00;0.00;0.00;0.00;0.00;1171.34;2599.34;7.67;1194.67;0.00;1580.00;1361.67;1559.34;1249.33;704.67;160.00;0.00;3000.00
1772827999.5307717;0.00;0.00;0.00;0.00;0.00;0.00;0.00;0.00;0.00;0.00;0.00;0.00;582.00;582.00;0.00;582.00;0.00;97.00;1067.00;0.00;0.00;0.00;0.00;310.00;310.00;230.00;230.00;230.00;0.00;0.00;0.00;0.00;0.00;0.00;1481.34;0.00;7.67;0.00;0.00;1580.00;1361.67;1559.34;1249.33;704.67;160.00;320.00;300.00
1772827999.5319357;0.00;0.00;0.00;0.00;0.00;0.00;0.00;0.00;0.00;0.00;0.00;0.00;582.00;582.00;0.00;582.00;0.00;97.00;1067.00;0.00;0.00;0.00;0.00;310.00;310.00;230.00;230.00;230.00;0.00;0.00;0.00;0.00;0.00;0.00;1481.34;0.00;7.67;0.00;0.00;1580.00;1361.67;1559.34;1249.33;704.67;160.00;320.00;300.00
1772827999.5577316;0.00;0.00;0.00;0.00;0.00;0.00;0.00;0.00;0.00;0.00;0.00;0.00;582.00;582.00;0.00;582.00;0.00;194.00;1067.00;0.00;0.00;0.00;0.00;454.67;454.67;230.00;230.00;230.00;0.00;0.00;0.00;0.00;540.00;540.00;1626.01;0.00;547.67;0.00;0.00;1580.00;1361.67;1559.34;1249.33;704.67;320.00;620.00;300.00
1772827999.5591004;0.00;0.00;0.00;0.00;0.00;0.00;0.00;0.00;0.00;0.00;0.00;0.00;582.00;582.00;0.00;582.00;0.00;194.00;1067.00;0.00;0.00;0.00;0.00;454.67;454.67;230.00;230.00;230.00;0.00;0.00;0.00;0.00;540.00;540.00;1626.01;0.00;547.67;0.00;0.00;1580.00;1361.67;1559.34;1249.33;704.67;320.00;620.00;300.00
1772827999.584381;0.00;0.00;0.00;0.00;0.00;0.00;0.00;0.00;0.00;0.00;0.00;0.00;582.00;582.00;0.00;582.00;0.00;291.00;1067.00;0.00;0.00;0.00;0.00;599.34;599.34;230.00;230.00;230.00;0.00;0.00;0.00;0.00;1080.00;1080.00;1770.68;0.00;867.67;0.00;0.00;1580.00;1361.67;1559.34;1249.33;817.00;480.00;920.00;300.00
1772827999.5859776;0.00;0.00;0.00;0.00;0.00;0.00;0.00;0.00;0.00;0.00;0.00;0.00;582.00;582.00;0.00;582.00;0.00;291.00;1067.00;0.00;0.00;0.00;0.00;599.34;599.34;230.00;230.00;230.00;0.00;0.00;0.00;0.00;1080.00;1080.00;1770.68;0.00;867.67;0.00;0.00;1580.00;1361.67;1559.34;1249.33;817.00;480.00;920.00;300.00
1772827999.6122444;0.00;0.00;0.00;0.00;0.00;0.00;0.00;0.00;0.00;0.00;0.00;0.00;582.00;582.00;0.00;582.00;0.00;388.00;1067.00;0.00;0.00;0.00;0.00;696.34;696.34;230.00;230.00;230.00;0.00;0.00;0.00;550.00;1620.00;1477.00;2017.68;0.00;867.67;160.00;0.00;1580.00;1361.67;1559.34;1249.33;817.00;817.00;1070.00;450.00
1772827999.6138146;0.00;0.00;0.00;0.00;0.00;0.00;0.00;0.00;0.00;0.00;0.00;0.00;582.00;582.00;0.00;582.00;0.00;388.00;1067.00;0.00;0.00;0.00;0.00;696.34;696.34;230.00;230.00;230.00;0.00;0.00;0.00;550.00;1620.00;1477.00;2017.68;0.00;867.67;160.00;0.00;1580.00;1361.67;1559.34;1249.33;817.00;817.00;1070.00;450.00
1772827999.639883;0.00;0.00;0.00;0.00;0.00;0.00;0.00;0.00;0.00;0.00;0.00;0.00;582.00;582.00;0.00;582.00;0.00;485.00;1067.00;0.00;0.00;0.00;0.00;878.67;878.67;444.67;540.00;540.00;310.00;0.00;0.00;780.00;1850.00;1707.00;2200.01;320.00;867.67;160.00;0.00;1804.67;1361.67;1559.34;1249.33;817.00;817.00;1070.00;750.00
1772827999.6414073;0.00;0.00;0.00;0.00;0.00;0.00;0.00;0.00;0.00;0.00;0.00;0.00;582.00;582.00;0.00;582.00;0.00;485.00;1067.00;0.00;0.00;0.00;0.00;878.67;878.67;444.67;540.00;540.00;310.00;0.00;0.00;780.00;1850.00;1707.00;2200.01;320.00;867.67;160.00;0.00;1804.67;1361.67;1559.34;1249.33;817.00;817.00;1070.00;750.00
1772827999.667318;0.00;0.00;0.00;0.00;0.00;0.00;0.00;0.00;0.00;0.00;0.00;0.00;582.00;582.00;0.00;582.00;0.00;582.00;1067.00;0.00;0.00;0.00;0.00;1061.00;1061.00;659.34;754.67;754.67;620.00;0.00;0.00;1010.00;2032.33;1889.33;2382.34;640.00;980.00;160.00;0.00;1804.67;1361.67;1559.34;1249.33;817.00;817.00;1070.00;1050.00
1772827999.6687903;0.00;0.00;0.00;0.00;0.00;0.00;0.00;0.00;0.00;0.00;0.00;0.00;582.00;582.00;0.00;582.00;0.00;582.00;1067.00;0.00;0.00;0.00;0.00;1061.00;1061.00;659.34;754.67;754.67;620.00;0.00;0.00;1010.00;2032.33;1889.33;2382.34;640.00;980.00;160.00;0.00;1804.67;1361.67;1559.34;1249.33;817.00;817.00;1070.00;1050.00
1772828021.6058364;0.00;0.00;97.00;0.00;0.00;0.00;0.00;0.00;0.00;0.00;0.00;0.00;582.00;582.00;0.00;582.00;0.00;582.00;1067.00;0.00;0.00;0.00;0.00;1061.00;1061.00;659.34;754.67;754.67;620.00;240.00;300.00;1310.00;2332.33;2189.33;2382.34;640.00;980.00;160.00;480.00;1804.67;1361.67;1559.34;1249.33;817.00;817.00;1370.00;1050.00
1772828021.6071458;0.00;0.00;97.00;0.00;0.00;0.00;0.00;0.00;0.00;0.00;0.00;0.00;582.00;582.00;0.00;582.00;0.00;582.00;1067.00;0.00;0.00;0.00;0.00;1061.00;1061.00;659.34;754.67;754.67;620.00;240.00;300.00;1310.00;2332.33;2189.33;2382.34;640.00;980.00;160.00;480.00;1804.67;1361.67;1559.34;1249.33;817.00;817.00;1370.00;1050.00
1772828021.6335177;0.00;0.00;194.00;0.00;0.00;0.00;0.00;0.00;0.00;0.00;0.00;0.00;582.00;582.00;0.00;582.00;0.00;582.00;1067.00;0.00;0.00;0.00;0.00;1061.00;1061.00;659.34;754.67;754.67;620.00;480.00;600.00;1610.00;2632.33;2489.33;2382.34;640.00;980.00;160.00;960.00;1804.67;1361.67;1559.34;1249.33;817.00;817.00;1670.00;1050.00
1772828021.6364555;0.00;0.00;194.00;0.00;0.00;0.00;0.00;0.00;0.00;0.00;0.00;0.00;582.00;582.00;0.00;582.00;0.00;582.00;1067.00;0.00;0.00;0.00;0.00;1061.00;1061.00;659.34;754.67;754.67;620.00;480.00;600.00;1610.00;2632.33;2489.33;2382.34;640.00;980.00;160.00;960.00;1804.67;1361.67;1559.34;1249.33;817.00;817.00;1670.00;1050.00
1772828021.7354941;0.00;0.00;291.00;0.00;0.00;0.00;0.00;0.00;0.00;0.00;0.00;0.00;582.00;582.00;0.00;582.00;0.00;582.00;1067.00;0.00;0.00;0.00;0.00;1061.00;1061.00;659.34;754.67;754.67;620.00;720.00;900.00;1910.00;2932.33;2789.33;2382.34;640.00;980.00;160.00;1440.00;1804.67;1361.67;1559.34;1249.33;817.00;817.00;1970.00;1050.00
1772828021.7372978;0.00;0.00;291.00;0.00;0.00;0.00;0.00;0.00;0.00;0.00;0.00;0.00;582.00;582.00;0.00;582.00;0.00;582.00;1067.00;0.00;0.00;0.00;0.00;1061.00;1061.00;659.34;754.67;754.67;620.00;720.00;900.00;1910.00;2932.33;2789.33;2382.34;640.00;980.00;160.00;1440.00;1804.67;1361.67;1559.34;1249.33;817.00;817.00;1970.00;1050.00
1772828021.7630796;0.00;0.00;388.00;0.00;0.00;0.00;0.00;0.00;0.00;0.00;0.00;0.00;582.00;582.00;0.00;582.00;0.00;582.00;1067.00;0.00;0.00;0.00;0.00;1061.00;1061.00;659.34;754.67;754.67;620.00;960.00;1200.00;2210.00;3232.33;3089.33;2382.34;640.00;980.00;160.00;1920.00;1804.67;1361.67;1559.34;1249.33;817.00;817.00;2270.00;1050.00
1772828021.7644646;0.00;0.00;388.00;0.00;0.00;0.00;0.00;0.00;0.00;0.00;0.00;0.00;582.00;582.00;0.00;582.00;0.00;582.00;1067.00;0.00;0.00;0.00;0.00;1061.00;1061.00;659.34;754.67;754.67;620.00;960.00;1200.00;2210.00;3232.33;3089.33;2382.34;640.00;980.00;160.00;1920.00;1804.67;1361.67;1559.34;1249.33;817.00;817.00;2270.00;1050.00
1772828021.787678;0.00;0.00;485.00;0.00;0.00;0.00;0.00;0.00;0.00;0.00;0.00;0.00;582.00;582.00;0.00;582.00;0.00;582.00;1067.00;0.00;0.00;0.00;0.00;1061.00;1061.00;659.34;754.67;754.67;620.00;1200.00;1500.00;2510.00;3532.33;3389.33;2382.34;640.00;980.00;160.00;2400.00;1804.67;1361.67;1559.34;1249.33;817.00;817.00;2570.00;1050.00
1772828021.789475;0.00;0.00;485.00;0.00;0.00;0.00;0.00;0.00;0.00;0.00;0.00;0.00;582.00;582.00;0.00;582.00;0.00;582.00;1067.00;0.00;0.00;0.00;0.00;1061.00;1061.00;659.34;754.67;754.67;620.00;1200.00;1500.00;2510.00;3532.33;3389.33;2382.34;640.00;980.00;160.00;2400.00;1804.67;1361.67;1559.34;1249.33;817.00;817.00;2570.00;1050.00
1772828021.8155344;0.00;0.00;582.00;0.00;0.00;0.00;0.00;0.00;0.00;0.00;0.00;0.00;582.00;582.00;0.00;582.00;0.00;582.00;1067.00;0.00;0.00;0.00;0.00;1061.00;1061.00;659.34;754.67;754.67;620.00;1440.00;1810.00;2810.00;3832.33;3689.33;2532.34;640.00;980.00;160.00;2560.00;1804.67;1361.67;1559.34;1249.33;817.00;817.00;2720.00;1200.00
1772828021.817351;0.00;0.00;582.00;0.00;0.00;0.00;0.00;0.00;0.00;0.00;0.00;0.00;582.00;582.00;0.00;582.00;0.00;582.00;1067.00;0.00;0.00;0.00;0.00;1061.00;1061.00;659.34;754.67;754.67;620.00;1440.00;1810.00;2810.00;3832.33;3689.33;2532.34;640.00;980.00;160.00;2560.00;1804.67;1361.67;1559.34;1249.33;817.00;817.00;2720.00;1200.00
1772828044.6083388;0.00;0.00;582.00;0.00;0.00;0.00;0.00;97.00;0.00;0.00;0.00;0.00;582.00;0.00;0.00;582.00;0.00;582.00;582.00;0.00;0.00;0.00;0.00;0.00;0.00;0.00;0.00;0.00;0.00;1200.00;1420.00;310.00;300.00;300.00;150.00;410.00;310.00;550.00;2720.00;1804.67;1361.67;1559.34;1249.33;337.00;657.00;150.00;150.00
1772828044.6105287;0.00;0.00;582.00;0.00;0.00;0.00;0.00;97.00;0.00;0.00;0.00;0.00;582.00;0.00;0.00;582.00;0.00;582.00;582.00;0.00;0.00;0.00;0.00;0.00;0.00;0.00;0.00;0.00;0.00;1200.00;1420.00;310.00;300.00;300.00;150.00;410.00;310.00;550.00;2720.00;1804.67;1361.67;1559.34;1249.33;337.00;657.00;150.00;150.00
1772828044.649744;0.00;0.00;582.00;0.00;0.00;0.00;0.00;194.00;0.00;0.00;0.00;0.00;582.00;0.00;0.00;582.00;0.00;582.00;582.00;0.00;0.00;0.00;0.00;0.00;0.00;0.00;0.00;0.00;0.00;1200.00;1660.00;620.00;600.00;600.00;300.00;410.00;620.00;1030.00;2720.00;1804.67;1361.67;1559.34;1249.33;337.00;657.00;300.00;300.00
1772828044.6520283;0.00;0.00;582.00;0.00;0.00;0.00;0.00;194.00;0.00;0.00;0.00;0.00;582.00;0.00;0.00;582.00;0.00;582.00;582.00;0.00;0.00;0.00;0.00;0.00;0.00;0.00;0.00;0.00;0.00;1200.00;1660.00;620.00;600.00;600.00;300.00;410.00;620.00;1030.00;2720.00;1804.67;1361.67;1559.34;1249.33;337.00;657.00;300.00;300.00
1772828044.691527;0.00;0.00;582.00;0.00;0.00;0.00;0.00;291.00;0.00;0.00;0.00;0.00;582.00;0.00;0.00;582.00;0.00;582.00;582.00;0.00;0.00;0.00;0.00;0.00;0.00;0.00;0.00;0.00;0.00;1200.00;1900.00;930.00;900.00;900.00;450.00;410.00;930.00;1510.00;2720.00;1804.67;1361.67;1559.34;1249.33;337.00;657.00;450.00;450.00
1772828044.6937609;0.00;0.00;582.00;0.00;0.00;0.00;0.00;291.00;0.00;0.00;0.00;0.00;582.00;0.00;0.00;582.00;0.00;582.00;582.00;0.00;0.00;0.00;0.00;0.00;0.00;0.00;0.00;0.00;0.00;1200.00;1900.00;930.00;900.00;900.00;450.00;410.00;930.00;1510.00;2720.00;1804.67;1361.67;1559.34;1249.33;337.00;657.00;450.00;450.00
1772828044.7328508;0.00;0.00;582.00;0.00;0.00;0.00;0.00;388.00;0.00;0.00;0.00;0.00;582.00;0.00;0.00;582.00;0.00;582.00;582.00;0.00;0.00;0.00;0.00;0.00;0.00;0.00;0.00;0.00;0.00;1200.00;2140.00;1240.00;1210.00;1210.00;750.00;410.00;930.00;1990.00;2720.00;1804.67;1361.67;1559.34;1249.33;337.00;657.00;450.00;750.00
1772828044.735158;0.00;0.00;582.00;0.00;0.00;0.00;0.00;388.00;0.00;0.00;0.00;0.00;582.00;0.00;0.00;582.00;0.00;582.00;582.00;0.00;0.00;0.00;0.00;0.00;0.00;0.00;0.00;0.00;0.00;1200.00;2140.00;1240.00;1210.00;1210.00;750.00;410.00;930.00;1990.00;2720.00;1804.67;1361.67;1559.34;1249.33;337.00;657.00;450.00;750.00
1772828044.7733872;0.00;0.00;582.00;0.00;0.00;0.00;0.00;485.00;0.00;0.00;0.00;0.00;582.00;0.00;0.00;582.00;0.00;582.00;582.00;0.00;0.00;0.00;0.00;0.00;0.00;0.00;0.00;0.00;0.00;1200.00;2380.00;1550.00;1510.00;1510.00;900.00;410.00;930.00;2150.00;2720.00;1804.67;1361.67;1559.34;1249.33;337.00;657.00;600.00;900.00
1772828044.7757843;0.00;0.00;582.00;0.00;0.00;0.00;0.00;485.00;0.00;0.00;0.00;0.00;582.00;0.00;0.00;582.00;0.00;582.00;582.00;0.00;0.00;0.00;0.00;0.00;0.00;0.00;0.00;0.00;0.00;1200.00;2380.00;1550.00;1510.00;1510.00;900.00;410.00;930.00;2150.00;2720.00;1804.67;1361.67;1559.34;1249.33;337.00;657.00;600.00;900.00
1772828044.8140078;0.00;0.00;582.00;0.00;0.00;0.00;0.00;582.00;0.00;0.00;0.00;0.00;582.00;0.00;0.00;582.00;0.00;582.00;582.00;0.00;0.00;0.00;0.00;0.00;0.00;0.00;0.00;0.00;0.00;1200.00;2620.00;1860.00;1810.00;1810.00;1050.00;410.00;930.00;2310.00;2720.00;1804.67;1361.67;1559.34;1249.33;337.00;657.00;750.00;1050.00
1772828044.8164003;0.00;0.00;582.00;0.00;0.00;0.00;0.00;582.00;0.00;0.00;0.00;0.00;582.00;0.00;0.00;582.00;0.00;582.00;582.00;0.00;0.00;0.00;0.00;0.00;0.00;0.00;0.00;0.00;0.00;1200.00;2620.00;1860.00;1810.00;1810.00;1050.00;410.00;930.00;2310.00;2720.00;1804.67;1361.67;1559.34;1249.33;337.00;657.00;750.00;1050.00
1772828054.0616484;0.00;0.00;0.00;0.00;0.00;0.00;0.00;582.00;0.00;0.00;0.00;0.00;582.00;0.00;0.00;388.00;0.00;485.00;582.00;0.00;0.00;0.00;0.00;310.00;310.00;230.00;230.00;0.00;0.00;0.00;0.00;0.00;320.00;310.00;160.00;0.00;817.67;2310.00;0.00;1580.00;1361.67;1559.34;1249.33;497.00;657.00;150.00;150.00
1772828054.0642867;0.00;0.00;0.00;0.00;0.00;0.00;0.00;582.00;0.00;0.00;0.00;0.00;582.00;0.00;0.00;388.00;0.00;485.00;582.00;0.00;0.00;0.00;0.00;310.00;310.00;230.00;230.00;0.00;0.00;0.00;0.00;0.00;320.00;310.00;160.00;0.00;817.67;2310.00;0.00;1580.00;1361.67;1559.34;1249.33;497.00;657.00;150.00;150.00
1772828054.1123807;0.00;0.00;0.00;0.00;0.00;0.00;0.00;582.00;0.00;0.00;0.00;0.00;582.00;0.00;0.00;388.00;0.00;582.00;582.00;0.00;0.00;0.00;0.00;407.00;407.00;230.00;230.00;0.00;0.00;0.00;0.00;0.00;870.00;754.67;304.67;0.00;817.67;2310.00;0.00;1580.00;1361.67;1559.34;1249.33;497.00;1041.67;450.00;262.33
1772828054.1150465;0.00;0.00;0.00;0.00;0.00;0.00;0.00;582.00;0.00;0.00;0.00;0.00;582.00;0.00;0.00;388.00;0.00;582.00;582.00;0.00;0.00;0.00;0.00;407.00;407.00;230.00;230.00;0.00;0.00;0.00;0.00;0.00;870.00;754.67;304.67;0.00;817.67;2310.00;0.00;1580.00;1361.67;1559.34;1249.33;497.00;1041.67;450.00;262.33
1772828054.1629;0.00;0.00;97.00;0.00;0.00;0.00;0.00;582.00;0.00;0.00;0.00;0.00;582.00;0.00;0.00;388.00;0.00;582.00;582.00;0.00;0.00;0.00;0.00;407.00;407.00;230.00;230.00;0.00;0.00;97.00;240.00;310.00;1170.00;1054.67;454.67;0.00;817.67;2470.00;0.00;1580.00;1361.67;1559.34;1249.33;497.00;1041.67;600.00;412.33
1772828054.1654973;0.00;0.00;97.00;0.00;0.00;0.00;0.00;582.00;0.00;0.00;0.00;0.00;582.00;0.00;0.00;388.00;0.00;582.00;582.00;0.00;0.00;0.00;0.00;407.00;407.00;230.00;230.00;0.00;0.00;97.00;240.00;310.00;1170.00;1054.67;454.67;0.00;817.67;2470.00;0.00;1580.00;1361.67;1559.34;1249.33;497.00;1041.67;600.00;412.33
1772828054.212966;0.00;0.00;97.00;0.00;0.00;0.00;0.00;582.00;0.00;0.00;0.00;0.00;582.00;0.00;0.00;485.00;0.00;582.00;582.00;0.00;0.00;0.00;0.00;407.00;407.00;230.00;230.00;0.00;240.00;337.00;540.00;610.00;1470.00;1354.67;454.67;0.00;817.67;2470.00;480.00;1580.00;1361.67;1559.34;1249.33;497.00;1041.67;900.00;412.33
1772828054.2157166;0.00;0.00;97.00;0.00;0.00;0.00;0.00;582.00;0.00;0.00;0.00;0.00;582.00;0.00;0.00;485.00;0.00;582.00;582.00;0.00;0.00;0.00;0.00;407.00;407.00;230.00;230.00;0.00;240.00;337.00;540.00;610.00;1470.00;1354.67;454.67;0.00;817.67;2470.00;480.00;1580.00;1361.67;1559.34;1249.33;497.00;1041.67;900.00;412.33
1772828054.2642138;0.00;0.00;194.00;0.00;0.00;0.00;0.00;582.00;0.00;0.00;0.00;0.00;582.00;0.00;0.00;485.00;0.00;582.00;582.00;0.00;0.00;0.00;0.00;407.00;407.00;230.00;230.00;0.00;240.00;434.00;780.00;850.00;1770.00;1654.67;454.67;0.00;977.67;2470.00;480.00;1580.00;1361.67;1559.34;1249.33;497.00;1041.67;1200.00;412.33
1772828054.2671661;0.00;0.00;194.00;0.00;0.00;0.00;0.00;582.00;0.00;0.00;0.00;0.00;582.00;0.00;0.00;485.00;0.00;582.00;582.00;0.00;0.00;0.00;0.00;407.00;407.00;230.00;230.00;0.00;240.00;434.00;780.00;850.00;1770.00;1654.67;454.67;0.00;977.67;2470.00;480.00;1580.00;1361.67;1559.34;1249.33;497.00;1041.67;1200.00;412.33
1772828054.3113365;0.00;0.00;194.00;0.00;0.00;0.00;0.00;582.00;0.00;0.00;0.00;0.00;582.00;0.00;0.00;582.00;0.00;582.00;582.00;0.00;0.00;0.00;0.00;407.00;407.00;230.00;230.00;0.00;480.00;674.00;1080.00;1150.00;2070.00;1954.67;454.67;0.00;977.67;2470.00;960.00;1580.00;1361.67;1559.34;1249.33;497.00;1041.67;1500.00;412.33
1772828054.3134217;0.00;0.00;194.00;0.00;0.00;0.00;0.00;582.00;0.00;0.00;0.00;0.00;582.00;0.00;0.00;582.00;0.00;582.00;582.00;0.00;0.00;0.00;0.00;407.00;407.00;230.00;230.00;0.00;480.00;674.00;1080.00;1150.00;2070.00;1954.67;454.67;0.00;977.67;2470.00;960.00;1580.00;1361.67;1559.34;1249.33;497.00;1041.67;1500.00;412.33
1772828054.3494356;0.00;0.00;291.00;0.00;0.00;0.00;0.00;582.00;0.00;0.00;0.00;0.00;582.00;0.00;0.00;582.00;0.00;582.00;582.00;0.00;0.00;0.00;0.00;407.00;407.00;230.00;230.00;0.00;480.00;771.00;1320.00;1390.00;2370.00;2254.67;454.67;0.00;977.67;2470.00;960.00;1580.00;1361.67;1559.34;1249.33;497.00;1041.67;1800.00;412.33
1772828054.351538;0.00;0.00;291.00;0.00;0.00;0.00;0.00;582.00;0.00;0.00;0.00;0.00;582.00;0.00;0.00;582.00;0.00;582.00;582.00;0.00;0.00;0.00;0.00;407.00;407.00;230.00;230.00;0.00;480.00;771.00;1320.00;1390.00;2370.00;2254.67;454.67;0.00;977.67;2470.00;960.00;1580.00;1361.67;1559.34;1249.33;497.00;1041.67;1800.00;412.33
1772828054.3881736;0.00;0.00;388.00;0.00;0.00;0.00;0.00;582.00;0.00;0.00;0.00;0.00;582.00;0.00;0.00;582.00;0.00;582.00;582.00;0.00;0.00;0.00;0.00;407.00;407.00;230.00;230.00;0.00;480.00;868.00;1560.00;1630.00;2670.00;2554.67;454.67;0.00;977.67;2470.00;960.00;1580.00;1361.67;1559.34;1249.33;497.00;1041.67;2100.00;412.33
1772828054.3904612;0.00;0.00;388.00;0.00;0.00;0.00;0.00;582.00;0.00;0.00;0.00;0.00;582.00;0.00;0.00;582.00;0.00;582.00;582.00;0.00;0.00;0.00;0.00;407.00;407.00;230.00;230.00;0.00;480.00;868.00;1560.00;1630.00;2670.00;2554.67;454.67;0.00;977.67;2470.00;960.00;1580.00;1361.67;1559.34;1249.33;497.00;1041.67;2100.00;412.33
1772828054.5577781;0.00;0.00;485.00;0.00;0.00;0.00;0.00;582.00;0.00;0.00;0.00;0.00;582.00;0.00;0.00;582.00;0.00;582.00;582.00;0.00;0.00;0.00;0.00;407.00;407.00;230.00;230.00;0.00;480.00;965.00;1800.00;1870.00;2970.00;2854.67;454.67;0.00;977.67;2470.00;960.00;1580.00;1361.67;1559.34;1249.33;497.00;1041.67;2400.00;412.33
1772828054.560213;0.00;0.00;485.00;0.00;0.00;0.00;0.00;582.00;0.00;0.00;0.00;0.00;582.00;0.00;0.00;582.00;0.00;582.00;582.00;0.00;0.00;0.00;0.00;407.00;407.00;230.00;230.00;0.00;480.00;965.00;1800.00;1870.00;2970.00;2854.67;454.67;0.00;977.67;2470.00;960.00;1580.00;1361.67;1559.34;1249.33;497.00;1041.67;2400.00;412.33
1772828054.5982082;0.00;0.00;582.00;0.00;0.00;0.00;0.00;582.00;0.00;0.00;0.00;0.00;582.00;0.00;0.00;582.00;0.00;582.00;582.00;0.00;0.00;0.00;0.00;407.00;407.00;230.00;230.00;0.00;480.00;1062.00;2040.00;2110.00;3270.00;3154.67;454.67;0.00;977.67;2470.00;960.00;1580.00;1361.67;1559.34;1249.33;497.00;1041.67;2700.00;412.33
1772828054.6005223;0.00;0.00;582.00;0.00;0.00;0.00;0.00;582.00;0.00;0.00;0.00;0.00;582.00;0.00;0.00;582.00;0.00;582.00;582.00;0.00;0.00;0.00;0.00;407.00;407.00;230.00;230.00;0.00;480.00;1062.00;2040.00;2110.00;3270.00;3154.67;454.67;0.00;977.67;2470.00;960.00;1580.00;1361.67;1559.34;1249.33;497.00;1041.67;2700.00;412.33
1772828062.6408768;0.00;0.00;582.00;0.00;0.00;0.00;0.00;582.00;0.00;0.00;0.00;97.00;582.00;0.00;0.00;582.00;0.00;582.00;582.00;0.00;0.00;0.00;0.00;407.00;407.00;230.00;470.00;240.00;720.00;1302.00;2340.00;2410.00;3570.00;3454.67;454.67;0.00;977.67;2470.00;1440.00;1804.67;1361.67;1559.34;1249.33;497.00;1041.67;3000.00;412.33
1772828062.6434507;0.00;0.00;582.00;0.00;0.00;0.00;0.00;582.00;0.00;0.00;0.00;97.00;582.00;0.00;0.00;582.00;0.00;582.00;582.00;0.00;0.00;0.00;0.00;407.00;407.00;230.00;470.00;240.00;720.00;1302.00;2340.00;2410.00;3570.00;3454.67;454.67;0.00;977.67;2470.00;1440.00;1804.67;1361.67;1559.34;1249.33;497.00;1041.67;3000.00;412.33
1772828062.6839736;0.00;0.00;582.00;0.00;0.00;0.00;0.00;582.00;0.00;0.00;0.00;194.00;582.00;0.00;0.00;582.00;0.00;582.00;582.00;0.00;0.00;0.00;0.00;407.00;407.00;230.00;614.67;480.00;960.00;1542.00;2640.00;2710.00;3870.00;3754.67;454.67;0.00;977.67;2470.00;1920.00;1804.67;1361.67;1559.34;1249.33;497.00;1041.67;3300.00;412.33
1772828062.6865144;0.00;0.00;582.00;0.00;0.00;0.00;0.00;582.00;0.00;0.00;0.00;194.00;582.00;0.00;0.00;582.00;0.00;582.00;582.00;0.00;0.00;0.00;0.00;407.00;407.00;230.00;614.67;480.00;960.00;1542.00;2640.00;2710.00;3870.00;3754.67;454.67;0.00;977.67;2470.00;1920.00;1804.67;1361.67;1559.34;1249.33;497.00;1041.67;3300.00;412.33
1772828062.7262099;0.00;0.00;582.00;0.00;0.00;0.00;0.00;582.00;0.00;0.00;0.00;291.00;582.00;0.00;0.00;582.00;0.00;582.00;582.00;0.00;0.00;0.00;0.00;407.00;407.00;230.00;711.67;624.67;1200.00;1782.00;2950.00;3010.00;4170.00;4054.67;604.67;0.00;977.67;2470.00;2080.00;1804.67;1361.67;1559.34;1249.33;497.00;1041.67;3450.00;562.33
1772828062.7289035;0.00;0.00;582.00;0.00;0.00;0.00;0.00;582.00;0.00;0.00;0.00;291.00;582.00;0.00;0.00;582.00;0.00;582.00;582.00;0.00;0.00;0.00;0.00;407.00;407.00;230.00;711.67;624.67;1200.00;1782.00;2950.00;3010.00;4170.00;4054.67;604.67;0.00;977.67;2470.00;2080.00;1804.67;1361.67;1559.34;1249.33;497.00;1041.67;3450.00;562.33
1772828062.7697928;0.00;0.00;582.00;0.00;0.00;0.00;0.00;582.00;0.00;0.00;0.00;388.00;582.00;0.00;0.00;582.00;0.00;582.00;582.00;0.00;0.00;0.00;0.00;407.00;407.00;230.00;808.67;721.67;1440.00;2022.00;3260.00;3310.00;4470.00;4354.67;754.67;0.00;977.67;2470.00;2240.00;1804.67;1361.67;1559.34;1249.33;497.00;1041.67;3600.00;712.33
1772828062.7725773;0.00;0.00;582.00;0.00;0.00;0.00;0.00;582.00;0.00;0.00;0.00;388.00;582.00;0.00;0.00;582.00;0.00;582.00;582.00;0.00;0.00;0.00;0.00;407.00;407.00;230.00;808.67;721.67;1440.00;2022.00;3260.00;3310.00;4470.00;4354.67;754.67;0.00;977.67;2470.00;2240.00;1804.67;1361.67;1559.34;1249.33;497.00;1041.67;3600.00;712.33
1772828062.8129277;0.00;0.00;582.00;0.00;0.00;0.00;0.00;582.00;0.00;0.00;0.00;485.00;582.00;0.00;0.00;582.00;0.00;582.00;582.00;0.00;0.00;0.00;0.00;407.00;407.00;230.00;905.67;818.67;1680.00;2262.00;3570.00;3620.00;4780.00;4654.67;754.67;0.00;977.67;2470.00;2400.00;1804.67;1361.67;1559.34;1249.33;497.00;1041.67;3900.00;712.33
1772828062.8158007;0.00;0.00;582.00;0.00;0.00;0.00;0.00;582.00;0.00;0.00;0.00;485.00;582.00;0.00;0.00;582.00;0.00;582.00;582.00;0.00;0.00;0.00;0.00;407.00;407.00;230.00;905.67;818.67;1680.00;2262.00;3570.00;3620.00;4780.00;4654.67;754.67;0.00;977.67;2470.00;2400.00;1804.67;1361.67;1559.34;1249.33;497.00;1041.67;3900.00;712.33
1772828062.8547819;0.00;0.00;582.00;0.00;0.00;0.00;0.00;582.00;0.00;0.00;0.00;485.00;582.00;0.00;0.00;582.00;0.00;582.00;582.00;0.00;0.00;0.00;0.00;407.00;407.00;230.00;905.67;818.67;1680.00;2262.00;3570.00;3620.00;4780.00;4654.67;754.67;0.00;977.67;2470.00;2400.00;1804.67;1361.67;1559.34;1249.33;497.00;1041.67;3900.00;712.33
1772828062.8576002;0.00;0.00;582.00;0.00;0.00;0.00;0.00;582.00;0.00;0.00;0.00;485.00;582.00;0.00;0.00;582.00;0.00;582.00;582.00;0.00;0.00;0.00;0.00;407.00;407.00;230.00;905.67;818.67;1680.00;2262.00;3570.00;3620.00;4780.00;4654.67;754.67;0.00;977.67;2470.00;2400.00;1804.67;1361.67;1559.34;1249.33;497.00;1041.67;3900.00;712.33
1772828093.8112743;0.00;0.00;582.00;0.00;0.00;0.00;0.00;679.00;0.00;0.00;0.00;485.00;0.00;0.00;0.00;582.00;0.00;582.00;0.00;0.00;0.00;0.00;0.00;320.00;0.00;0.00;0.00;818.67;1680.00;2262.00;3714.67;3764.67;4994.67;4382.67;189.67;0.00;977.67;2470.00;2400.00;0.00;112.33;320.00;1249.33;0.00;1041.67;3890.00;310.00
1772828093.8134017;0.00;0.00;582.00;0.00;0.00;0.00;0.00;679.00;0.00;0.00;0.00;485.00;0.00;0.00;0.00;582.00;0.00;582.00;0.00;0.00;0.00;0.00;0.00;320.00;0.00;0.00;0.00;818.67;1680.00;2262.00;3714.67;3764.67;4994.67;4382.67;189.67;0.00;977.67;2470.00;2400.00;0.00;112.33;320.00;1249.33;0.00;1041.67;3890.00;310.00
1772828093.8544168;0.00;0.00;582.00;0.00;0.00;0.00;0.00;776.00;0.00;0.00;0.00;485.00;0.00;0.00;0.00;582.00;0.00;582.00;0.00;0.00;0.00;0.00;0.00;620.00;240.00;240.00;240.00;1058.67;1920.00;2502.00;3714.67;3764.67;4994.67;4382.67;189.67;0.00;977.67;2470.00;2400.00;0.00;592.33;630.00;1249.33;0.00;1041.67;3890.00;610.00
1772828093.8565445;0.00;0.00;582.00;0.00;0.00;0.00;0.00;776.00;0.00;0.00;0.00;485.00;0.00;0.00;0.00;582.00;0.00;582.00;0.00;0.00;0.00;0.00;0.00;620.00;240.00;240.00;240.00;1058.67;1920.00;2502.00;3714.67;3764.67;4994.67;4382.67;189.67;0.00;977.67;2470.00;2400.00;0.00;592.33;630.00;1249.33;0.00;1041.67;3890.00;610.00
1772828093.897791;0.00;0.00;582.00;0.00;0.00;0.00;0.00;873.00;0.00;0.00;0.00;485.00;0.00;0.00;0.00;582.00;0.00;582.00;0.00;0.00;0.00;0.00;0.00;920.00;480.00;480.00;480.00;1298.67;2160.00;2742.00;3714.67;3764.67;4994.67;4382.67;189.67;0.00;977.67;2470.00;2737.00;0.00;1072.33;940.00;1249.33;0.00;1041.67;3890.00;910.00
1772828093.8999867;0.00;0.00;582.00;0.00;0.00;0.00;0.00;873.00;0.00;0.00;0.00;485.00;0.00;0.00;0.00;582.00;0.00;582.00;0.00;0.00;0.00;0.00;0.00;920.00;480.00;480.00;480.00;1298.67;2160.00;2742.00;3714.67;3764.67;4994.67;4382.67;189.67;0.00;977.67;2470.00;2737.00;0.00;1072.33;940.00;1249.33;0.00;1041.67;3890.00;910.00
1772828093.9400923;0.00;0.00;582.00;0.00;0.00;0.00;0.00;970.00;0.00;0.00;0.00;485.00;0.00;0.00;0.00;582.00;0.00;582.00;0.00;0.00;0.00;0.00;0.00;1230.00;720.00;720.00;720.00;1538.67;2400.00;2886.67;3714.67;3764.67;4994.67;4382.67;189.67;0.00;977.67;2470.00;2849.33;320.00;1232.33;940.00;1249.33;0.00;1041.67;3890.00;1210.00
1772828093.9423473;0.00;0.00;582.00;0.00;0.00;0.00;0.00;970.00;0.00;0.00;0.00;485.00;0.00;0.00;0.00;582.00;0.00;582.00;0.00;0.00;0.00;0.00;0.00;1230.00;720.00;720.00;720.00;1538.67;2400.00;2886.67;3714.67;3764.67;4994.67;4382.67;189.67;0.00;977.67;2470.00;2849.33;320.00;1232.33;940.00;1249.33;0.00;1041.67;3890.00;1210.00
1772828093.982752;0.00;0.00;582.00;0.00;0.00;0.00;0.00;1067.00;0.00;0.00;0.00;485.00;0.00;0.00;0.00;582.00;0.00;582.00;0.00;0.00;0.00;0.00;0.00;1540.00;960.00;960.00;960.00;1778.67;2640.00;2983.67;3714.67;3764.67;4994.67;4382.67;189.67;0.00;977.67;2470.00;2849.33;640.00;1392.33;940.00;1249.33;0.00;1041.67;3890.00;1510.00
1772828093.9850738;0.00;0.00;582.00;0.00;0.00;0.00;0.00;1067.00;0.00;0.00;0.00;485.00;0.00;0.00;0.00;582.00;0.00;582.00;0.00;0.00;0.00;0.00;0.00;1540.00;960.00;960.00;960.00;1778.67;2640.00;2983.67;3714.67;3764.67;4994.67;4382.67;189.67;0.00;977.67;2470.00;2849.33;640.00;1392.33;940.00;1249.33;0.00;1041.67;3890.00;1510.00
1772828094.024964;0.00;0.00;582.00;0.00;0.00;0.00;0.00;1164.00;0.00;0.00;0.00;485.00;0.00;0.00;0.00;582.00;0.00;582.00;0.00;0.00;0.00;0.00;0.00;1850.00;1200.00;1200.00;1200.00;2018.67;2880.00;3080.67;3714.67;3764.67;4994.67;4382.67;189.67;320.00;977.67;2470.00;2849.33;640.00;1552.33;940.00;1249.33;0.00;1041.67;3890.00;1810.00
1772828094.0273633;0.00;0.00;582.00;0.00;0.00;0.00;0.00;1164.00;0.00;0.00;0.00;485.00;0.00;0.00;0.00;582.00;0.00;582.00;0.00;0.00;0.00;0.00;0.00;1850.00;1200.00;1200.00;1200.00;2018.67;2880.00;3080.67;3714.67;3764.67;4994.67;4382.67;189.67;320.00;977.67;2470.00;2849.33;640.00;1552.33;940.00;1249.33;0.00;1041.67;3890.00;1810.00
1772828108.7215438;0.00;0.00;582.00;0.00;0.00;0.00;0.00;1164.00;0.00;0.00;0.00;485.00;0.00;0.00;0.00;0.00;0.00;582.00;0.00;0.00;0.00;97.00;0.00;540.00;310.00;0.00;0.00;0.00;2240.00;2440.67;1314.67;1364.67;2594.67;1982.67;429.67;320.00;977.67;2470.00;1569.33;480.00;1440.00;940.00;0.00;0.00;1041.67;1650.00;300.00
1772828108.7237701;0.00;0.00;582.00;0.00;0.00;0.00;0.00;1164.00;0.00;0.00;0.00;485.00;0.00;0.00;0.00;0.00;0.00;582.00;0.00;0.00;0.00;97.00;0.00;540.00;310.00;0.00;0.00;0.00;2240.00;2440.67;1314.67;1364.67;2594.67;1982.67;429.67;320.00;977.67;2470.00;1569.33;480.00;1440.00;940.00;0.00;0.00;1041.67;1650.00;300.00
1772828108.7679303;0.00;0.00;582.00;0.00;0.00;0.00;0.00;1164.00;0.00;0.00;0.00;485.00;0.00;0.00;0.00;0.00;0.00;582.00;0.00;0.00;0.00;194.00;0.00;1080.00;850.00;230.00;0.00;0.00;2240.00;2440.67;1314.67;1364.67;2594.67;1982.67;574.34;320.00;977.67;2470.00;1569.33;480.00;1440.00;940.00;0.00;160.00;1041.67;1650.00;600.00
1772828108.7702465;0.00;0.00;582.00;0.00;0.00;0.00;0.00;1164.00;0.00;0.00;0.00;485.00;0.00;0.00;0.00;0.00;0.00;582.00;0.00;0.00;0.00;194.00;0.00;1080.00;850.00;230.00;0.00;0.00;2240.00;2440.67;1314.67;1364.67;2594.67;1982.67;574.34;320.00;977.67;2470.00;1569.33;480.00;1440.00;940.00;0.00;160.00;1041.67;1650.00;600.00
1772828108.813775;0.00;0.00;582.00;0.00;0.00;0.00;0.00;1164.00;0.00;0.00;0.00;485.00;0.00;0.00;0.00;0.00;0.00;582.00;0.00;0.00;0.00;291.00;0.00;1524.67;1390.00;770.00;0.00;0.00;2240.00;2440.67;1314.67;1364.67;2594.67;1982.67;671.34;320.00;977.67;2470.00;1569.33;640.00;1440.00;1164.67;0.00;160.00;1041.67;1650.00;900.00
1772828108.8161688;0.00;0.00;582.00;0.00;0.00;0.00;0.00;1164.00;0.00;0.00;0.00;485.00;0.00;0.00;0.00;0.00;0.00;582.00;0.00;0.00;0.00;291.00;0.00;1524.67;1390.00;770.00;0.00;0.00;2240.00;2440.67;1314.67;1364.67;2594.67;1982.67;671.34;320.00;977.67;2470.00;1569.33;640.00;1440.00;1164.67;0.00;160.00;1041.67;1650.00;900.00
1772828108.9884503;0.00;0.00;582.00;0.00;0.00;0.00;0.00;1164.00;0.00;0.00;0.00;485.00;0.00;0.00;0.00;0.00;0.00;582.00;0.00;0.00;0.00;388.00;0.00;1921.67;1844.67;1224.67;0.00;0.00;2240.00;2440.67;1314.67;1364.67;2594.67;1982.67;768.34;320.00;977.67;2470.00;1569.33;1024.67;1440.00;1164.67;0.00;160.00;1041.67;1650.00;1200.00
1772828108.9908395;0.00;0.00;582.00;0.00;0.00;0.00;0.00;1164.00;0.00;0.00;0.00;485.00;0.00;0.00;0.00;0.00;0.00;582.00;0.00;0.00;0.00;388.00;0.00;1921.67;1844.67;1224.67;0.00;0.00;2240.00;2440.67;1314.67;1364.67;2594.67;1982.67;768.34;320.00;977.67;2470.00;1569.33;1024.67;1440.00;1164.67;0.00;160.00;1041.67;1650.00;1200.00
1772828109.0357134;0.00;0.00;582.00;0.00;0.00;0.00;0.00;1164.00;0.00;0.00;0.00;485.00;0.00;0.00;0.00;0.00;0.00;582.00;0.00;0.00;0.00;485.00;0.00;2318.67;2299.34;1774.67;230.00;0.00;2240.00;2440.67;1314.67;1364.67;2594.67;1982.67;865.34;320.00;977.67;2470.00;1569.33;1024.67;1600.00;1164.67;0.00;384.67;1041.67;1650.00;1500.00
1772828109.0388343;0.00;0.00;582.00;0.00;0.00;0.00;0.00;1164.00;0.00;0.00;0.00;485.00;0.00;0.00;0.00;0.00;0.00;582.00;0.00;0.00;0.00;485.00;0.00;2318.67;2299.34;1774.67;230.00;0.00;2240.00;2440.67;1314.67;1364.67;2594.67;1982.67;865.34;320.00;977.67;2470.00;1569.33;1024.67;1600.00;1164.67;0.00;384.67;1041.67;1650.00;1500.00
1772828109.0960886;0.00;0.00;582.00;0.00;0.00;0.00;0.00;1164.00;0.00;0.00;0.00;485.00;0.00;0.00;0.00;0.00;0.00;582.00;0.00;0.00;0.00;582.00;0.00;2715.67;2754.01;2229.34;710.00;0.00;2240.00;2440.67;1314.67;1364.67;2594.67;1982.67;962.34;320.00;977.67;2470.00;1569.33;1024.67;1600.00;1164.67;0.00;384.67;1041.67;1650.00;1800.00
1772828109.099394;0.00;0.00;582.00;0.00;0.00;0.00;0.00;1164.00;0.00;0.00;0.00;485.00;0.00;0.00;0.00;0.00;0.00;582.00;0.00;0.00;0.00;582.00;0.00;2715.67;2754.01;2229.34;710.00;0.00;2240.00;2440.67;1314.67;1364.67;2594.67;1982.67;962.34;320.00;977.67;2470.00;1569.33;1024.67;1600.00;1164.67;0.00;384.67;1041.67;1650.00;1800.00
1772828128.754896;0.00;0.00;582.00;0.00;0.00;0.00;0.00;1164.00;0.00;0.00;0.00;582.00;0.00;0.00;0.00;0.00;0.00;0.00;0.00;0.00;0.00;582.00;0.00;852.33;890.67;1179.34;480.00;0.00;2240.00;2440.67;1314.67;514.67;0.00;0.00;0.00;320.00;0.00;2310.00;1569.33;1137.00;1600.00;1164.67;0.00;0.00;0.00;0.00;300.00
1772828128.7570806;0.00;0.00;582.00;0.00;0.00;0.00;0.00;1164.00;0.00;0.00;0.00;582.00;0.00;0.00;0.00;0.00;0.00;0.00;0.00;0.00;0.00;582.00;0.00;852.33;890.67;1179.34;480.00;0.00;2240.00;2440.67;1314.67;514.67;0.00;0.00;0.00;320.00;0.00;2310.00;1569.33;1137.00;1600.00;1164.67;0.00;0.00;0.00;0.00;300.00
1772828128.8033192;0.00;0.00;582.00;0.00;0.00;0.00;0.00;1164.00;0.00;0.00;0.00;679.00;0.00;0.00;0.00;0.00;0.00;0.00;0.00;0.00;0.00;582.00;0.00;1152.33;1190.67;1479.34;1132.33;310.00;2240.00;2440.67;1314.67;514.67;0.00;0.00;0.00;320.00;0.00;2310.00;1569.33;1137.00;1712.33;1164.67;320.00;0.00;0.00;0.00;600.00
1772828128.8055847;0.00;0.00;582.00;0.00;0.00;0.00;0.00;1164.00;0.00;0.00;0.00;679.00;0.00;0.00;0.00;0.00;0.00;0.00;0.00;0.00;0.00;582.00;0.00;1152.33;1190.67;1479.34;1132.33;310.00;2240.00;2440.67;1314.67;514.67;0.00;0.00;0.00;320.00;0.00;2310.00;1569.33;1137.00;1712.33;1164.67;320.00;0.00;0.00;0.00;600.00
1772828128.8530939;0.00;0.00;582.00;0.00;0.00;0.00;0.00;1164.00;0.00;0.00;0.00;776.00;0.00;0.00;0.00;0.00;0.00;0.00;0.00;0.00;0.00;582.00;0.00;1452.33;1490.67;1779.34;1672.33;850.00;2240.00;2440.67;1314.67;514.67;0.00;0.00;0.00;320.00;0.00;2310.00;1569.33;1137.00;1712.33;1164.67;800.00;0.00;0.00;0.00;900.00
1772828128.85535;0.00;0.00;582.00;0.00;0.00;0.00;0.00;1164.00;0.00;0.00;0.00;776.00;0.00;0.00;0.00;0.00;0.00;0.00;0.00;0.00;0.00;582.00;0.00;1452.33;1490.67;1779.34;1672.33;850.00;2240.00;2440.67;1314.67;514.67;0.00;0.00;0.00;320.00;0.00;2310.00;1569.33;1137.00;1712.33;1164.67;800.00;0.00;0.00;0.00;900.00
1772828128.9044976;0.00;0.00;582.00;0.00;0.00;0.00;0.00;1164.00;0.00;0.00;0.00;873.00;0.00;0.00;0.00;0.00;0.00;0.00;0.00;0.00;0.00;582.00;0.00;1752.33;1790.67;2079.34;2212.33;1400.00;2240.00;2440.67;1314.67;514.67;0.00;0.00;0.00;320.00;0.00;2310.00;1569.33;1137.00;1712.33;1164.67;960.00;0.00;0.00;0.00;1200.00
1772828128.9069655;0.00;0.00;582.00;0.00;0.00;0.00;0.00;1164.00;0.00;0.00;0.00;873.00;0.00;0.00;0.00;0.00;0.00;0.00;0.00;0.00;0.00;582.00;0.00;1752.33;1790.67;2079.34;2212.33;1400.00;2240.00;2440.67;1314.67;514.67;0.00;0.00;0.00;320.00;0.00;2310.00;1569.33;1137.00;1712.33;1164.67;960.00;0.00;0.00;0.00;1200.00
1772828128.9536283;0.00;0.00;582.00;0.00;0.00;0.00;0.00;1164.00;0.00;0.00;0.00;970.00;0.00;0.00;0.00;0.00;0.00;0.00;0.00;0.00;0.00;582.00;0.00;2052.33;2090.67;2379.34;2752.33;1950.00;2240.00;2440.67;1314.67;514.67;0.00;0.00;0.00;320.00;0.00;2310.00;1569.33;1137.00;1712.33;1164.67;1120.00;0.00;0.00;0.00;1500.00
1772828128.955955;0.00;0.00;582.00;0.00;0.00;0.00;0.00;1164.00;0.00;0.00;0.00;970.00;0.00;0.00;0.00;0.00;0.00;0.00;0.00;0.00;0.00;582.00;0.00;2052.33;2090.67;2379.34;2752.33;1950.00;2240.00;2440.67;1314.67;514.67;0.00;0.00;0.00;320.00;0.00;2310.00;1569.33;1137.00;1712.33;1164.67;1120.00;0.00;0.00;0.00;1500.00
1772828129.1497996;0.00;0.00;582.00;0.00;0.00;0.00;0.00;1164.00;0.00;0.00;0.00;1067.00;0.00;0.00;0.00;0.00;0.00;0.00;0.00;0.00;0.00;582.00;0.00;2352.33;2390.67;2679.34;3197.00;2404.67;2240.00;2440.67;1314.67;514.67;0.00;0.00;0.00;320.00;0.00;2310.00;1569.33;1137.00;1712.33;1164.67;1504.67;0.00;0.00;0.00;1800.00
1772828129.1529675;0.00;0.00;582.00;0.00;0.00;0.00;0.00;1164.00;0.00;0.00;0.00;1067.00;0.00;0.00;0.00;0.00;0.00;0.00;0.00;0.00;0.00;582.00;0.00;2352.33;2390.67;2679.34;3197.00;2404.67;2240.00;2440.67;1314.67;514.67;0.00;0.00;0.00;320.00;0.00;2310.00;1569.33;1137.00;1712.33;1164.67;1504.67;0.00;0.00;0.00;1800.00
1772828152.7891018;0.00;0.00;0.00;0.00;0.00;0.00;0.00;1164.00;0.00;0.00;0.00;1067.00;0.00;0.00;0.00;0.00;0.00;0.00;0.00;0.00;0.00;582.00;97.00;2352.33;2390.67;2679.34;3197.00;2404.67;2240.00;1858.67;0.00;0.00;230.00;550.00;150.00;320.00;230.00;2150.00;1569.33;1137.00;1712.33;1164.67;1504.67;0.00;480.00;460.00;1800.00
1772828152.791307;0.00;0.00;0.00;0.00;0.00;0.00;0.00;1164.00;0.00;0.00;0.00;1067.00;0.00;0.00;0.00;0.00;0.00;0.00;0.00;0.00;0.00;582.00;97.00;2352.33;2390.67;2679.34;3197.00;2404.67;2240.00;1858.67;0.00;0.00;230.00;550.00;150.00;320.00;230.00;2150.00;1569.33;1137.00;1712.33;1164.67;1504.67;0.00;480.00;460.00;1800.00
1772828152.8370066;0.00;0.00;0.00;0.00;0.00;0.00;0.00;1164.00;0.00;0.00;0.00;1067.00;0.00;0.00;0.00;0.00;0.00;0.00;0.00;0.00;0.00;582.00;194.00;2352.33;2390.67;2679.34;3197.00;2404.67;2240.00;1858.67;0.00;0.00;770.00;1090.00;150.00;320.00;700.00;2150.00;1569.33;1137.00;1712.33;1164.67;1504.67;0.00;480.00;760.00;1800.00
1772828152.8393302;0.00;0.00;0.00;0.00;0.00;0.00;0.00;1164.00;0.00;0.00;0.00;1067.00;0.00;0.00;0.00;0.00;0.00;0.00;0.00;0.00;0.00;582.00;194.00;2352.33;2390.67;2679.34;3197.00;2404.67;2240.00;1858.67;0.00;0.00;770.00;1090.00;150.00;320.00;700.00;2150.00;1569.33;1137.00;1712.33;1164.67;1504.67;0.00;480.00;760.00;1800.00
1772828152.883913;0.00;0.00;0.00;0.00;0.00;0.00;0.00;1164.00;0.00;0.00;0.00;1067.00;0.00;0.00;0.00;0.00;0.00;0.00;0.00;0.00;0.00;582.00;291.00;2352.33;2390.67;2679.34;3197.00;2404.67;2240.00;1858.67;0.00;0.00;1310.00;1630.00;150.00;320.00;1180.00;2150.00;1569.33;1137.00;1712.33;1164.67;1504.67;0.00;480.00;1060.00;1800.00
1772828152.886277;0.00;0.00;0.00;0.00;0.00;0.00;0.00;1164.00;0.00;0.00;0.00;1067.00;0.00;0.00;0.00;0.00;0.00;0.00;0.00;0.00;0.00;582.00;291.00;2352.33;2390.67;2679.34;3197.00;2404.67;2240.00;1858.67;0.00;0.00;1310.00;1630.00;150.00;320.00;1180.00;2150.00;1569.33;1137.00;1712.33;1164.67;1504.67;0.00;480.00;1060.00;1800.00
1772828152.932123;0.00;0.00;0.00;0.00;0.00;0.00;0.00;1164.00;0.00;0.00;0.00;1067.00;0.00;0.00;0.00;0.00;0.00;0.00;0.00;0.00;0.00;582.00;388.00;2352.33;2390.67;2679.34;3197.00;2404.67;2240.00;1858.67;0.00;310.00;1962.33;2027.00;300.00;320.00;1292.33;2470.00;1569.33;1137.00;1712.33;1164.67;1504.67;0.00;480.00;1210.00;1950.00
1772828152.9345038;0.00;0.00;0.00;0.00;0.00;0.00;0.00;1164.00;0.00;0.00;0.00;1067.00;0.00;0.00;0.00;0.00;0.00;0.00;0.00;0.00;0.00;582.00;388.00;2352.33;2390.67;2679.34;3197.00;2404.67;2240.00;1858.67;0.00;310.00;1962.33;2027.00;300.00;320.00;1292.33;2470.00;1569.33;1137.00;1712.33;1164.67;1504.67;0.00;480.00;1210.00;1950.00
1772828152.981367;0.00;0.00;0.00;0.00;0.00;0.00;0.00;1164.00;0.00;0.00;0.00;1067.00;0.00;0.00;0.00;0.00;0.00;0.00;0.00;0.00;0.00;582.00;485.00;2352.33;2390.67;2679.34;3197.00;2404.67;2240.00;1858.67;0.00;790.00;2502.33;2424.00;300.00;320.00;1292.33;2470.00;1569.33;1137.00;1712.33;1164.67;1504.67;0.00;480.00;1510.00;1950.00
1772828152.9839218;0.00;0.00;0.00;0.00;0.00;0.00;0.00;1164.00;0.00;0.00;0.00;1067.00;0.00;0.00;0.00;0.00;0.00;0.00;0.00;0.00;0.00;582.00;485.00;2352.33;2390.67;2679.34;3197.00;2404.67;2240.00;1858.67;0.00;790.00;2502.33;2424.00;300.00;320.00;1292.33;2470.00;1569.33;1137.00;1712.33;1164.67;1504.67;0.00;480.00;1510.00;1950.00
1772828153.0290296;0.00;0.00;0.00;0.00;0.00;0.00;0.00;1164.00;0.00;0.00;0.00;1067.00;0.00;0.00;0.00;0.00;0.00;0.00;0.00;0.00;0.00;582.00;582.00;2352.33;2390.67;2679.34;3197.00;2404.67;2240.00;1858.67;0.00;1270.00;3042.33;2821.00;300.00;320.00;1292.33;2470.00;1569.33;1137.00;1712.33;1164.67;1504.67;0.00;480.00;1810.00;1950.00
1772828153.031549;0.00;0.00;0.00;0.00;0.00;0.00;0.00;1164.00;0.00;0.00;0.00;1067.00;0.00;0.00;0.00;0.00;0.00;0.00;0.00;0.00;0.00;582.00;582.00;2352.33;2390.67;2679.34;3197.00;2404.67;2240.00;1858.67;0.00;1270.00;3042.33;2821.00;300.00;320.00;1292.33;2470.00;1569.33;1137.00;1712.33;1164.67;1504.67;0.00;480.00;1810.00;1950.00
1772828169.9583237;0.00;0.00;0.00;0.00;0.00;0.00;0.00;582.00;0.00;0.00;0.00;1067.00;0.00;0.00;0.00;0.00;0.00;0.00;0.00;0.00;0.00;679.00;582.00;2352.33;2390.67;2679.34;3197.00;2404.67;2240.00;1858.67;0.00;0.00;540.00;540.00;0.00;320.00;480.00;0.00;1249.33;1137.00;1712.33;1164.67;1504.67;0.00;480.00;300.00;0.00
1772828169.9604642;0.00;0.00;0.00;0.00;0.00;0.00;0.00;582.00;0.00;0.00;0.00;1067.00;0.00;0.00;0.00;0.00;0.00;0.00;0.00;0.00;0.00;679.00;582.00;2352.33;2390.67;2679.34;3197.00;2404.67;2240.00;1858.67;0.00;0.00;540.00;540.00;0.00;320.00;480.00;0.00;1249.33;1137.00;1712.33;1164.67;1504.67;0.00;480.00;300.00;0.00
1772828170.0050774;0.00;0.00;0.00;0.00;0.00;0.00;0.00;582.00;0.00;0.00;0.00;1067.00;0.00;0.00;0.00;0.00;0.00;0.00;0.00;0.00;0.00;776.00;582.00;2352.33;2390.67;2679.34;3197.00;2404.67;2240.00;1858.67;0.00;230.00;1080.00;1080.00;150.00;320.00;800.00;160.00;1249.33;1137.00;1712.33;1164.67;1504.67;0.00;480.00;450.00;150.00
1772828170.00731;0.00;0.00;0.00;0.00;0.00;0.00;0.00;582.00;0.00;0.00;0.00;1067.00;0.00;0.00;0.00;0.00;0.00;0.00;0.00;0.00;0.00;776.00;582.00;2352.33;2390.67;2679.34;3197.00;2404.67;2240.00;1858.67;0.00;230.00;1080.00;1080.00;150.00;320.00;800.00;160.00;1249.33;1137.00;1712.33;1164.67;1504.67;0.00;480.00;450.00;150.00
1772828170.0515344;0.00;0.00;0.00;0.00;0.00;0.00;0.00;582.00;0.00;0.00;0.00;1067.00;0.00;0.00;0.00;0.00;0.00;0.00;0.00;0.00;0.00;873.00;582.00;2352.33;2390.67;2679.34;3197.00;2404.67;2240.00;1858.67;0.00;770.00;1524.67;1477.00;450.00;320.00;800.00;640.00;1249.33;1137.00;1712.33;1164.67;1504.67;0.00;480.00;450.00;450.00
1772828170.0538437;0.00;0.00;0.00;0.00;0.00;0.00;0.00;582.00;0.00;0.00;0.00;1067.00;0.00;0.00;0.00;0.00;0.00;0.00;0.00;0.00;0.00;873.00;582.00;2352.33;2390.67;2679.34;3197.00;2404.67;2240.00;1858.67;0.00;770.00;1524.67;1477.00;450.00;320.00;800.00;640.00;1249.33;1137.00;1712.33;1164.67;1504.67;0.00;480.00;450.00;450.00
1772828170.097875;0.00;0.00;0.00;0.00;0.00;0.00;0.00;582.00;0.00;0.00;0.00;1067.00;0.00;0.00;0.00;0.00;0.00;0.00;0.00;0.00;0.00;970.00;582.00;2352.33;2390.67;2679.34;3197.00;2404.67;2240.00;1858.67;0.00;1310.00;1921.67;1874.00;750.00;320.00;800.00;1120.00;1249.33;1137.00;1712.33;1164.67;1504.67;0.00;480.00;450.00;750.00
1772828170.1002376;0.00;0.00;0.00;0.00;0.00;0.00;0.00;582.00;0.00;0.00;0.00;1067.00;0.00;0.00;0.00;0.00;0.00;0.00;0.00;0.00;0.00;970.00;582.00;2352.33;2390.67;2679.34;3197.00;2404.67;2240.00;1858.67;0.00;1310.00;1921.67;1874.00;750.00;320.00;800.00;1120.00;1249.33;1137.00;1712.33;1164.67;1504.67;0.00;480.00;450.00;750.00
1772828170.1445887;0.00;0.00;0.00;0.00;0.00;0.00;0.00;582.00;0.00;0.00;0.00;1067.00;0.00;0.00;0.00;0.00;0.00;0.00;0.00;0.00;0.00;1067.00;582.00;2352.33;2390.67;2679.34;3197.00;2404.67;2240.00;1858.67;0.00;1850.00;2318.67;2271.00;1050.00;320.00;800.00;1600.00;1249.33;1137.00;1712.33;1164.67;1504.67;0.00;480.00;450.00;1050.00
1772828170.1469867;0.00;0.00;0.00;0.00;0.00;0.00;0.00;582.00;0.00;0.00;0.00;1067.00;0.00;0.00;0.00;0.00;0.00;0.00;0.00;0.00;0.00;1067.00;582.00;2352.33;2390.67;2679.34;3197.00;2404.67;2240.00;1858.67;0.00;1850.00;2318.67;2271.00;1050.00;320.00;800.00;1600.00;1249.33;1137.00;1712.33;1164.67;1504.67;0.00;480.00;450.00;1050.00
1772828170.1915956;0.00;0.00;0.00;0.00;0.00;0.00;0.00;582.00;0.00;0.00;0.00;1067.00;0.00;0.00;0.00;0.00;0.00;0.00;0.00;0.00;0.00;1164.00;582.00;2352.33;2390.67;2679.34;3197.00;2404.67;2240.00;1858.67;0.00;2390.00;2715.67;2668.00;1350.00;320.00;800.00;2080.00;1249.33;1137.00;1712.33;1164.67;1504.67;0.00;480.00;450.00;1350.00
1772828170.194077;0.00;0.00;0.00;0.00;0.00;0.00;0.00;582.00;0.00;0.00;0.00;1067.00;0.00;0.00;0.00;0.00;0.00;0.00;0.00;0.00;0.00;1164.00;582.00;2352.33;2390.67;2679.34;3197.00;2404.67;2240.00;1858.67;0.00;2390.00;2715.67;2668.00;1350.00;320.00;800.00;2080.00;1249.33;1137.00;1712.33;1164.67;1504.67;0.00;480.00;450.00;1350.00
1772828173.93514;0.00;0.00;0.00;0.00;0.00;0.00;0.00;388.00;0.00;0.00;0.00;1067.00;0.00;0.00;0.00;0.00;0.00;0.00;0.00;0.00;0.00;1164.00;582.00;0.00;710.67;999.34;1517.00;724.67;560.00;1360.00;240.00;2700.00;3025.67;2978.00;1660.00;0.00;800.00;2310.00;1137.00;497.00;0.00;1164.67;1504.67;0.00;480.00;450.00;300.00
1772828173.9374747;0.00;0.00;0.00;0.00;0.00;0.00;0.00;388.00;0.00;0.00;0.00;1067.00;0.00;0.00;0.00;0.00;0.00;0.00;0.00;0.00;0.00;1164.00;582.00;0.00;710.67;999.34;1517.00;724.67;560.00;1360.00;240.00;2700.00;3025.67;2978.00;1660.00;0.00;800.00;2310.00;1137.00;497.00;0.00;1164.67;1504.67;0.00;480.00;450.00;300.00
1772828173.9808466;0.00;0.00;0.00;0.00;0.00;0.00;0.00;485.00;0.00;0.00;0.00;1067.00;0.00;0.00;0.00;0.00;0.00;0.00;0.00;0.00;0.00;1164.00;582.00;150.00;860.67;1149.34;1667.00;874.67;640.00;1440.00;400.00;2860.00;3185.67;3138.00;1820.00;0.00;800.00;2310.00;1137.00;497.00;0.00;1164.67;1664.67;0.00;480.00;450.00;600.00
1772828173.9832046;0.00;0.00;0.00;0.00;0.00;0.00;0.00;485.00;0.00;0.00;0.00;1067.00;0.00;0.00;0.00;0.00;0.00;0.00;0.00;0.00;0.00;1164.00;582.00;150.00;860.67;1149.34;1667.00;874.67;640.00;1440.00;400.00;2860.00;3185.67;3138.00;1820.00;0.00;800.00;2310.00;1137.00;497.00;0.00;1164.67;1664.67;0.00;480.00;450.00;600.00
1772828174.1665666;0.00;0.00;0.00;0.00;0.00;0.00;0.00;582.00;0.00;0.00;0.00;1067.00;0.00;0.00;0.00;0.00;0.00;0.00;0.00;0.00;0.00;1164.00;582.00;150.00;860.67;1149.34;1667.00;874.67;640.00;1440.00;544.67;3330.00;3495.67;3448.00;2130.00;0.00;960.00;2310.00;1137.00;497.00;0.00;1164.67;1664.67;0.00;480.00;450.00;900.00
1772828174.169839;0.00;0.00;0.00;0.00;0.00;0.00;0.00;582.00;0.00;0.00;0.00;1067.00;0.00;0.00;0.00;0.00;0.00;0.00;0.00;0.00;0.00;1164.00;582.00;150.00;860.67;1149.34;1667.00;874.67;640.00;1440.00;544.67;3330.00;3495.67;3448.00;2130.00;0.00;960.00;2310.00;1137.00;497.00;0.00;1164.67;1664.67;0.00;480.00;450.00;900.00
1772828186.8744867;0.00;0.00;0.00;97.00;0.00;0.00;0.00;582.00;0.00;0.00;0.00;1067.00;0.00;0.00;0.00;0.00;0.00;0.00;0.00;0.00;0.00;1164.00;582.00;150.00;860.67;1149.34;1667.00;874.67;640.00;1440.00;1084.67;3727.00;3795.67;3748.00;2130.00;0.00;960.00;2534.67;1617.00;497.00;0.00;1164.67;1664.67;0.00;480.00;750.00;900.00
1772828186.8769863;0.00;0.00;0.00;97.00;0.00;0.00;0.00;582.00;0.00;0.00;0.00;1067.00;0.00;0.00;0.00;0.00;0.00;0.00;0.00;0.00;0.00;1164.00;582.00;150.00;860.67;1149.34;1667.00;874.67;640.00;1440.00;1084.67;3727.00;3795.67;3748.00;2130.00;0.00;960.00;2534.67;1617.00;497.00;0.00;1164.67;1664.67;0.00;480.00;750.00;900.00
1772828186.9213684;0.00;0.00;0.00;194.00;0.00;0.00;0.00;582.00;0.00;0.00;0.00;1067.00;0.00;0.00;0.00;0.00;0.00;0.00;0.00;0.00;0.00;1164.00;582.00;150.00;860.67;1149.34;1667.00;874.67;640.00;1440.00;1624.67;4267.00;4095.67;4048.00;2130.00;0.00;960.00;2534.67;2097.00;497.00;0.00;1164.67;1664.67;0.00;480.00;1050.00;900.00
1772828186.9239306;0.00;0.00;0.00;194.00;0.00;0.00;0.00;582.00;0.00;0.00;0.00;1067.00;0.00;0.00;0.00;0.00;0.00;0.00;0.00;0.00;0.00;1164.00;582.00;150.00;860.67;1149.34;1667.00;874.67;640.00;1440.00;1624.67;4267.00;4095.67;4048.00;2130.00;0.00;960.00;2534.67;2097.00;497.00;0.00;1164.67;1664.67;0.00;480.00;1050.00;900.00
1772828186.9676156;0.00;0.00;0.00;291.00;0.00;0.00;0.00;582.00;0.00;0.00;0.00;1067.00;0.00;0.00;0.00;0.00;0.00;0.00;0.00;0.00;0.00;1164.00;582.00;150.00;860.67;1149.34;1667.00;874.67;640.00;1440.00;2174.67;4817.00;4620.34;4572.67;2354.67;0.00;1072.33;2534.67;2097.00;497.00;0.00;1164.67;1664.67;0.00;480.00;1350.00;1124.67
1772828186.9702268;0.00;0.00;0.00;291.00;0.00;0.00;0.00;582.00;0.00;0.00;0.00;1067.00;0.00;0.00;0.00;0.00;0.00;0.00;0.00;0.00;0.00;1164.00;582.00;150.00;860.67;1149.34;1667.00;874.67;640.00;1440.00;2174.67;4817.00;4620.34;4572.67;2354.67;0.00;1072.33;2534.67;2097.00;497.00;0.00;1164.67;1664.67;0.00;480.00;1350.00;1124.67
1772828187.0137954;0.00;0.00;0.00;388.00;0.00;0.00;0.00;582.00;0.00;0.00;0.00;1067.00;0.00;0.00;0.00;0.00;0.00;0.00;0.00;0.00;0.00;1164.00;582.00;214.67;1020.67;1309.34;1827.00;1034.67;960.00;1760.00;2357.00;4999.33;4835.01;4787.34;2419.34;0.00;1072.33;2534.67;2359.33;817.00;0.00;1164.67;1664.67;0.00;480.00;1500.00;1124.67
1772828187.0164452;0.00;0.00;0.00;388.00;0.00;0.00;0.00;582.00;0.00;0.00;0.00;1067.00;0.00;0.00;0.00;0.00;0.00;0.00;0.00;0.00;0.00;1164.00;582.00;214.67;1020.67;1309.34;1827.00;1034.67;960.00;1760.00;2357.00;4999.33;4835.01;4787.34;2419.34;0.00;1072.33;2534.67;2359.33;817.00;0.00;1164.67;1664.67;0.00;480.00;1500.00;1124.67
1772828187.0599248;0.00;0.00;0.00;388.00;0.00;0.00;0.00;582.00;0.00;0.00;0.00;1067.00;0.00;0.00;0.00;0.00;0.00;0.00;0.00;0.00;0.00;1164.00;582.00;214.67;1020.67;1309.34;1827.00;1034.67;960.00;1760.00;2357.00;4999.33;4835.01;4787.34;2419.34;0.00;1072.33;2534.67;2359.33;817.00;0.00;1164.67;1664.67;0.00;480.00;1500.00;1124.67
1772828187.0626268;0.00;0.00;0.00;388.00;0.00;0.00;0.00;582.00;0.00;0.00;0.00;1067.00;0.00;0.00;0.00;0.00;0.00;0.00;0.00;0.00;0.00;1164.00;582.00;214.67;1020.67;1309.34;1827.00;1034.67;960.00;1760.00;2357.00;4999.33;4835.01;4787.34;2419.34;0.00;1072.33;2534.67;2359.33;817.00;0.00;1164.67;1664.67;0.00;480.00;1500.00;1124.67
1772828187.1060796;0.00;0.00;0.00;388.00;0.00;0.00;0.00;582.00;0.00;0.00;0.00;1067.00;0.00;0.00;0.00;0.00;0.00;0.00;0.00;0.00;0.00;1164.00;582.00;214.67;1020.67;1309.34;1827.00;1034.67;960.00;1760.00;2357.00;4999.33;4835.01;4787.34;2419.34;0.00;1072.33;2534.67;2359.33;817.00;0.00;1164.67;1664.67;0.00;480.00;1500.00;1124.67
1772828187.1087189;0.00;0.00;0.00;388.00;0.00;0.00;0.00;582.00;0.00;0.00;0.00;1067.00;0.00;0.00;0.00;0.00;0.00;0.00;0.00;0.00;0.00;1164.00;582.00;214.67;1020.67;1309.34;1827.00;1034.67;960.00;1760.00;2357.00;4999.33;4835.01;4787.34;2419.34;0.00;1072.33;2534.67;2359.33;817.00;0.00;1164.67;1664.67;0.00;480.00;1500.00;1124.67
1772828208.0161777;0.00;0.00;0.00;388.00;0.00;0.00;0.00;582.00;0.00;0.00;0.00;582.00;0.00;0.00;0.00;0.00;97.00;0.00;0.00;0.00;0.00;1164.00;582.00;514.67;1320.67;1609.34;341.33;310.00;230.00;0.00;0.00;0.00;0.00;0.00;1819.34;160.00;1072.33;2534.67;0.00;902.33;0.00;1164.67;1664.67;0.00;480.00;0.00;824.67
1772828208.0186343;0.00;0.00;0.00;388.00;0.00;0.00;0.00;582.00;0.00;0.00;0.00;582.00;0.00;0.00;0.00;0.00;97.00;0.00;0.00;0.00;0.00;1164.00;582.00;514.67;1320.67;1609.34;341.33;310.00;230.00;0.00;0.00;0.00;0.00;0.00;1819.34;160.00;1072.33;2534.67;0.00;902.33;0.00;1164.67;1664.67;0.00;480.00;0.00;824.67
1772828208.0642405;0.00;0.00;0.00;388.00;0.00;0.00;0.00;582.00;0.00;0.00;0.00;582.00;0.00;0.00;0.00;0.00;194.00;0.00;0.00;0.00;0.00;1164.00;582.00;814.67;1620.67;1909.34;641.33;610.00;770.00;0.00;0.00;0.00;0.00;0.00;1819.34;640.00;1072.33;2534.67;0.00;902.33;0.00;1164.67;1664.67;0.00;480.00;0.00;1124.67
1772828208.066653;0.00;0.00;0.00;388.00;0.00;0.00;0.00;582.00;0.00;0.00;0.00;582.00;0.00;0.00;0.00;0.00;194.00;0.00;0.00;0.00;0.00;1164.00;582.00;814.67;1620.67;1909.34;641.33;610.00;770.00;0.00;0.00;0.00;0.00;0.00;1819.34;640.00;1072.33;2534.67;0.00;902.33;0.00;1164.67;1664.67;0.00;480.00;0.00;1124.67
1772828208.1123424;0.00;0.00;0.00;388.00;0.00;0.00;0.00;582.00;0.00;0.00;0.00;582.00;0.00;0.00;0.00;0.00;291.00;0.00;0.00;0.00;0.00;1164.00;582.00;964.67;1770.67;2059.34;791.33;760.00;1064.67;160.00;150.00;150.00;150.00;150.00;1819.34;800.00;1072.33;2534.67;320.00;902.33;0.00;1164.67;1664.67;0.00;480.00;150.00;1274.67
1772828208.1149507;0.00;0.00;0.00;388.00;0.00;0.00;0.00;582.00;0.00;0.00;0.00;582.00;0.00;0.00;0.00;0.00;291.00;0.00;0.00;0.00;0.00;1164.00;582.00;964.67;1770.67;2059.34;791.33;760.00;1064.67;160.00;150.00;150.00;150.00;150.00;1819.34;800.00;1072.33;2534.67;320.00;902.33;0.00;1164.67;1664.67;0.00;480.00;150.00;1274.67
1772828208.1620252;0.00;0.00;0.00;388.00;0.00;0.00;0.00;582.00;0.00;0.00;0.00;582.00;0.00;0.00;0.00;0.00;388.00;0.00;0.00;0.00;0.00;1164.00;582.00;1114.67;1920.67;2209.34;941.33;910.00;1359.34;320.00;300.00;300.00;300.00;300.00;1819.34;960.00;1072.33;2534.67;640.00;902.33;0.00;1164.67;1664.67;0.00;480.00;300.00;1424.67
1772828208.1646705;0.00;0.00;0.00;388.00;0.00;0.00;0.00;582.00;0.00;0.00;0.00;582.00;0.00;0.00;0.00;0.00;388.00;0.00;0.00;0.00;0.00;1164.00;582.00;1114.67;1920.67;2209.34;941.33;910.00;1359.34;320.00;300.00;300.00;300.00;300.00;1819.34;960.00;1072.33;2534.67;640.00;902.33;0.00;1164.67;1664.67;0.00;480.00;300.00;1424.67
1772828208.211059;0.00;0.00;0.00;388.00;0.00;0.00;0.00;582.00;0.00;0.00;0.00;582.00;0.00;0.00;0.00;0.00;485.00;0.00;0.00;0.00;0.00;1164.00;582.00;1114.67;1920.67;2209.34;941.33;910.00;1456.34;560.00;610.00;600.00;600.00;600.00;1969.34;960.00;1072.33;2534.67;800.00;902.33;0.00;1164.67;1664.67;0.00;480.00;450.00;1574.67
1772828208.2137663;0.00;0.00;0.00;388.00;0.00;0.00;0.00;582.00;0.00;0.00;0.00;582.00;0.00;0.00;0.00;0.00;485.00;0.00;0.00;0.00;0.00;1164.00;582.00;1114.67;1920.67;2209.34;941.33;910.00;1456.34;560.00;610.00;600.00;600.00;600.00;1969.34;960.00;1072.33;2534.67;800.00;902.33;0.00;1164.67;1664.67;0.00;480.00;450.00;1574.67
1772828208.2605946;0.00;0.00;0.00;388.00;0.00;0.00;0.00;582.00;0.00;0.00;0.00;582.00;0.00;0.00;0.00;0.00;582.00;0.00;0.00;0.00;0.00;1164.00;582.00;1114.67;1920.67;2209.34;941.33;910.00;1553.34;800.00;850.00;900.00;900.00;900.00;2269.34;960.00;1072.33;2534.67;800.00;902.33;0.00;1164.67;1664.67;0.00;480.00;450.00;1874.67
1772828208.2631972;0.00;0.00;0.00;388.00;0.00;0.00;0.00;582.00;0.00;0.00;0.00;582.00;0.00;0.00;0.00;0.00;582.00;0.00;0.00;0.00;0.00;1164.00;582.00;1114.67;1920.67;2209.34;941.33;910.00;1553.34;800.00;850.00;900.00;900.00;900.00;2269.34;960.00;1072.33;2534.67;800.00;902.33;0.00;1164.67;1664.67;0.00;480.00;450.00;1874.67
1772828230.9273267;0.00;0.00;0.00;388.00;0.00;0.00;0.00;97.00;0.00;0.00;0.00;582.00;0.00;0.00;0.00;0.00;582.00;0.00;0.00;0.00;0.00;582.00;582.00;0.00;0.00;0.00;0.00;0.00;0.00;0.00;240.00;310.00;310.00;310.00;566.67;960.00;912.33;2534.67;160.00;37.66;0.00;0.00;1504.67;0.00;480.00;140.00;460.00
1772828230.9294677;0.00;0.00;0.00;388.00;0.00;0.00;0.00;97.00;0.00;0.00;0.00;582.00;0.00;0.00;0.00;0.00;582.00;0.00;0.00;0.00;0.00;582.00;582.00;0.00;0.00;0.00;0.00;0.00;0.00;0.00;240.00;310.00;310.00;310.00;566.67;960.00;912.33;2534.67;160.00;37.66;0.00;0.00;1504.67;0.00;480.00;140.00;460.00
1772828231.0317128;0.00;0.00;0.00;388.00;0.00;0.00;0.00;194.00;0.00;0.00;0.00;582.00;0.00;0.00;0.00;0.00;582.00;0.00;0.00;0.00;0.00;582.00;582.00;0.00;0.00;0.00;0.00;0.00;0.00;0.00;480.00;550.00;620.00;620.00;726.67;960.00;1072.33;2534.67;160.00;37.66;0.00;0.00;1504.67;0.00;480.00;290.00;610.00
1772828231.0328515;0.00;0.00;0.00;388.00;0.00;0.00;0.00;194.00;0.00;0.00;0.00;582.00;0.00;0.00;0.00;0.00;582.00;0.00;0.00;0.00;0.00;582.00;582.00;0.00;0.00;0.00;0.00;0.00;0.00;0.00;480.00;550.00;620.00;620.00;726.67;960.00;1072.33;2534.67;160.00;37.66;0.00;0.00;1504.67;0.00;480.00;290.00;610.00
1772828231.0624826;0.00;0.00;0.00;388.00;0.00;0.00;0.00;291.00;0.00;0.00;0.00;582.00;0.00;0.00;0.00;0.00;582.00;0.00;0.00;0.00;0.00;582.00;582.00;230.00;0.00;0.00;0.00;0.00;0.00;0.00;720.00;790.00;860.00;860.00;966.67;960.00;1072.33;2534.67;160.00;37.66;0.00;0.00;1504.67;0.00;480.00;450.00;910.00
1772828231.0636127;0.00;0.00;0.00;388.00;0.00;0.00;0.00;291.00;0.00;0.00;0.00;582.00;0.00;0.00;0.00;0.00;582.00;0.00;0.00;0.00;0.00;582.00;582.00;230.00;0.00;0.00;0.00;0.00;0.00;0.00;720.00;790.00;860.00;860.00;966.67;960.00;1072.33;2534.67;160.00;37.66;0.00;0.00;1504.67;0.00;480.00;450.00;910.00
1772828231.0937672;0.00;0.00;0.00;388.00;0.00;0.00;0.00;388.00;0.00;0.00;0.00;582.00;0.00;0.00;0.00;0.00;582.00;0.00;0.00;0.00;0.00;582.00;582.00;460.00;0.00;0.00;0.00;0.00;0.00;0.00;960.00;1030.00;1100.00;1100.00;1206.67;960.00;1072.33;2534.67;160.00;37.66;0.00;160.00;1504.67;0.00;480.00;450.00;1210.00
1772828231.0949183;0.00;0.00;0.00;388.00;0.00;0.00;0.00;388.00;0.00;0.00;0.00;582.00;0.00;0.00;0.00;0.00;582.00;0.00;0.00;0.00;0.00;582.00;582.00;460.00;0.00;0.00;0.00;0.00;0.00;0.00;960.00;1030.00;1100.00;1100.00;1206.67;960.00;1072.33;2534.67;160.00;37.66;0.00;160.00;1504.67;0.00;480.00;450.00;1210.00
1772828231.124441;0.00;0.00;0.00;388.00;0.00;0.00;0.00;485.00;0.00;0.00;0.00;582.00;0.00;0.00;0.00;0.00;582.00;0.00;0.00;0.00;0.00;582.00;582.00;690.00;0.00;0.00;0.00;0.00;0.00;0.00;1200.00;1270.00;1340.00;1330.00;1286.67;960.00;1072.33;2534.67;160.00;37.66;0.00;320.00;1504.67;0.00;480.00;600.00;1360.00
1772828231.1256568;0.00;0.00;0.00;388.00;0.00;0.00;0.00;485.00;0.00;0.00;0.00;582.00;0.00;0.00;0.00;0.00;582.00;0.00;0.00;0.00;0.00;582.00;582.00;690.00;0.00;0.00;0.00;0.00;0.00;0.00;1200.00;1270.00;1340.00;1330.00;1286.67;960.00;1072.33;2534.67;160.00;37.66;0.00;320.00;1504.67;0.00;480.00;600.00;1360.00
1772828231.155121;0.00;0.00;0.00;388.00;0.00;0.00;0.00;582.00;0.00;0.00;0.00;582.00;0.00;0.00;0.00;0.00;582.00;0.00;0.00;0.00;0.00;582.00;582.00;920.00;0.00;0.00;0.00;0.00;0.00;0.00;1440.00;1510.00;1570.00;1560.00;1366.67;960.00;1072.33;2534.67;384.67;37.66;0.00;480.00;1504.67;0.00;480.00;750.00;1510.00
1772828231.1564102;0.00;0.00;0.00;388.00;0.00;0.00;0.00;582.00;0.00;0.00;0.00;582.00;0.00;0.00;0.00;0.00;582.00;0.00;0.00;0.00;0.00;582.00;582.00;920.00;0.00;0.00;0.00;0.00;0.00;0.00;1440.00;1510.00;1570.00;1560.00;1366.67;960.00;1072.33;2534.67;384.67;37.66;0.00;480.00;1504.67;0.00;480.00;750.00;1510.00
1772828254.9800766;0.00;0.00;0.00;388.00;0.00;0.00;0.00;582.00;0.00;0.00;0.00;582.00;0.00;0.00;0.00;0.00;582.00;0.00;0.00;0.00;0.00;582.00;679.00;1460.00;0.00;0.00;0.00;0.00;0.00;0.00;1440.00;1510.00;1570.00;1560.00;1606.67;960.00;1072.33;2534.67;384.67;37.66;0.00;960.00;1504.67;0.00;480.00;750.00;1810.00
1772828254.9824677;0.00;0.00;0.00;388.00;0.00;0.00;0.00;582.00;0.00;0.00;0.00;582.00;0.00;0.00;0.00;0.00;582.00;0.00;0.00;0.00;0.00;582.00;679.00;1460.00;0.00;0.00;0.00;0.00;0.00;0.00;1440.00;1510.00;1570.00;1560.00;1606.67;960.00;1072.33;2534.67;384.67;37.66;0.00;960.00;1504.67;0.00;480.00;750.00;1810.00
1772828255.0216258;0.00;0.00;0.00;388.00;0.00;0.00;0.00;582.00;0.00;0.00;0.00;582.00;0.00;0.00;0.00;0.00;582.00;0.00;0.00;0.00;0.00;582.00;776.00;2000.00;230.00;230.00;0.00;0.00;0.00;0.00;1440.00;1510.00;1570.00;1560.00;1703.67;960.00;1072.33;2534.67;384.67;37.66;0.00;1440.00;1504.67;0.00;480.00;750.00;2110.00
1772828255.022987;0.00;0.00;0.00;388.00;0.00;0.00;0.00;582.00;0.00;0.00;0.00;582.00;0.00;0.00;0.00;0.00;582.00;0.00;0.00;0.00;0.00;582.00;776.00;2000.00;230.00;230.00;0.00;0.00;0.00;0.00;1440.00;1510.00;1570.00;1560.00;1703.67;960.00;1072.33;2534.67;384.67;37.66;0.00;1440.00;1504.67;0.00;480.00;750.00;2110.00
1772828255.1665342;0.00;0.00;0.00;388.00;0.00;0.00;0.00;582.00;0.00;0.00;0.00;582.00;0.00;0.00;0.00;0.00;582.00;0.00;0.00;0.00;0.00;582.00;873.00;2444.67;770.00;460.00;230.00;0.00;0.00;0.00;1440.00;1510.00;1570.00;1560.00;1848.34;960.00;1072.33;2534.67;384.67;37.66;0.00;1440.00;1504.67;480.00;480.00;750.00;2410.00
1772828255.1692066;0.00;0.00;0.00;388.00;0.00;0.00;0.00;582.00;0.00;0.00;0.00;582.00;0.00;0.00;0.00;0.00;582.00;0.00;0.00;0.00;0.00;582.00;873.00;2444.67;770.00;460.00;230.00;0.00;0.00;0.00;1440.00;1510.00;1570.00;1560.00;1848.34;960.00;1072.33;2534.67;384.67;37.66;0.00;1440.00;1504.67;480.00;480.00;750.00;2410.00
1772828255.2188463;0.00;0.00;0.00;388.00;0.00;0.00;0.00;582.00;0.00;0.00;0.00;582.00;0.00;0.00;0.00;0.00;582.00;0.00;0.00;0.00;0.00;582.00;970.00;2659.34;1080.00;460.00;230.00;0.00;0.00;0.00;1670.00;1740.00;1800.00;1742.33;1913.01;960.00;1072.33;2534.67;384.67;37.66;0.00;1664.67;1504.67;480.00;480.00;900.00;2560.00
1772828255.2213793;0.00;0.00;0.00;388.00;0.00;0.00;0.00;582.00;0.00;0.00;0.00;582.00;0.00;0.00;0.00;0.00;582.00;0.00;0.00;0.00;0.00;582.00;970.00;2659.34;1080.00;460.00;230.00;0.00;0.00;0.00;1670.00;1740.00;1800.00;1742.33;1913.01;960.00;1072.33;2534.67;384.67;37.66;0.00;1664.67;1504.67;480.00;480.00;900.00;2560.00
1772828255.2697322;0.00;0.00;0.00;388.00;0.00;0.00;0.00;582.00;0.00;0.00;0.00;582.00;0.00;0.00;0.00;0.00;582.00;0.00;0.00;0.00;0.00;582.00;1067.00;3056.34;1572.33;1000.00;460.00;230.00;0.00;0.00;1670.00;1740.00;1800.00;1742.33;2010.01;960.00;1072.33;2534.67;384.67;347.66;0.00;1664.67;1664.67;480.00;480.00;900.00;2860.00
1772828255.2723975;0.00;0.00;0.00;388.00;0.00;0.00;0.00;582.00;0.00;0.00;0.00;582.00;0.00;0.00;0.00;0.00;582.00;0.00;0.00;0.00;0.00;582.00;1067.00;3056.34;1572.33;1000.00;460.00;230.00;0.00;0.00;1670.00;1740.00;1800.00;1742.33;2010.01;960.00;1072.33;2534.67;384.67;347.66;0.00;1664.67;1664.67;480.00;480.00;900.00;2860.00
1772828255.3210623;0.00;0.00;0.00;388.00;0.00;0.00;0.00;582.00;0.00;0.00;0.00;582.00;0.00;0.00;0.00;0.00;582.00;0.00;0.00;0.00;0.00;582.00;1164.00;3421.01;1947.00;1470.00;610.00;380.00;150.00;80.00;1750.00;1820.00;1880.00;1774.66;2074.68;1120.00;1072.33;2534.67;384.67;347.66;0.00;1664.67;1664.67;480.00;480.00;900.00;3160.00
1772828255.323646;0.00;0.00;0.00;388.00;0.00;0.00;0.00;582.00;0.00;0.00;0.00;582.00;0.00;0.00;0.00;0.00;582.00;0.00;0.00;0.00;0.00;582.00;1164.00;3421.01;1947.00;1470.00;610.00;380.00;150.00;80.00;1750.00;1820.00;1880.00;1774.66;2074.68;1120.00;1072.33;2534.67;384.67;347.66;0.00;1664.67;1664.67;480.00;480.00;900.00;3160.00
1772828278.0161774;0.00;0.00;0.00;388.00;97.00;0.00;0.00;582.00;0.00;0.00;0.00;0.00;0.00;0.00;0.00;0.00;582.00;0.00;0.00;0.00;0.00;582.00;1164.00;300.00;300.00;300.00;300.00;310.00;460.00;320.00;1894.67;1964.67;1880.00;1774.66;2074.68;1280.00;1072.33;2534.67;384.67;235.33;310.00;1664.67;320.00;480.00;480.00;900.00;300.00
1772828278.0185983;0.00;0.00;0.00;388.00;97.00;0.00;0.00;582.00;0.00;0.00;0.00;0.00;0.00;0.00;0.00;0.00;582.00;0.00;0.00;0.00;0.00;582.00;1164.00;300.00;300.00;300.00;300.00;310.00;460.00;320.00;1894.67;1964.67;1880.00;1774.66;2074.68;1280.00;1072.33;2534.67;384.67;235.33;310.00;1664.67;320.00;480.00;480.00;900.00;300.00
1772828278.0667264;0.00;0.00;0.00;388.00;194.00;0.00;0.00;582.00;0.00;0.00;0.00;0.00;0.00;0.00;0.00;0.00;582.00;0.00;0.00;0.00;0.00;582.00;1164.00;600.00;600.00;600.00;600.00;620.00;700.00;464.67;2039.34;2109.34;1880.00;1774.66;2074.68;1440.00;1072.33;2534.67;384.67;235.33;620.00;1664.67;640.00;480.00;480.00;900.00;600.00
1772828278.0690837;0.00;0.00;0.00;388.00;194.00;0.00;0.00;582.00;0.00;0.00;0.00;0.00;0.00;0.00;0.00;0.00;582.00;0.00;0.00;0.00;0.00;582.00;1164.00;600.00;600.00;600.00;600.00;620.00;700.00;464.67;2039.34;2109.34;1880.00;1774.66;2074.68;1440.00;1072.33;2534.67;384.67;235.33;620.00;1664.67;640.00;480.00;480.00;900.00;600.00
1772828278.238114;0.00;0.00;0.00;388.00;291.00;0.00;0.00;582.00;0.00;0.00;0.00;0.00;0.00;0.00;0.00;0.00;582.00;0.00;0.00;0.00;0.00;582.00;1164.00;900.00;900.00;910.00;910.00;860.00;940.00;609.34;2136.34;2206.34;1880.00;1774.66;2074.68;1440.00;1072.33;2534.67;384.67;235.33;940.00;1664.67;800.00;480.00;480.00;900.00;900.00
1772828278.2405767;0.00;0.00;0.00;388.00;291.00;0.00;0.00;582.00;0.00;0.00;0.00;0.00;0.00;0.00;0.00;0.00;582.00;0.00;0.00;0.00;0.00;582.00;1164.00;900.00;900.00;910.00;910.00;860.00;940.00;609.34;2136.34;2206.34;1880.00;1774.66;2074.68;1440.00;1072.33;2534.67;384.67;235.33;940.00;1664.67;800.00;480.00;480.00;900.00;900.00
1772828278.2887352;0.00;0.00;0.00;388.00;388.00;0.00;0.00;582.00;0.00;0.00;0.00;0.00;0.00;0.00;0.00;0.00;582.00;0.00;0.00;0.00;0.00;582.00;1164.00;1200.00;1210.00;1220.00;1150.00;1100.00;1180.00;754.01;2233.34;2303.34;1880.00;1774.66;2074.68;1600.00;1072.33;2534.67;497.00;235.33;940.00;1664.67;800.00;480.00;480.00;900.00;1200.00
1772828278.2913783;0.00;0.00;0.00;388.00;388.00;0.00;0.00;582.00;0.00;0.00;0.00;0.00;0.00;0.00;0.00;0.00;582.00;0.00;0.00;0.00;0.00;582.00;1164.00;1200.00;1210.00;1220.00;1150.00;1100.00;1180.00;754.01;2233.34;2303.34;1880.00;1774.66;2074.68;1600.00;1072.33;2534.67;497.00;235.33;940.00;1664.67;800.00;480.00;480.00;900.00;1200.00
1772828278.3394597;0.00;0.00;0.00;388.00;485.00;0.00;0.00;582.00;0.00;0.00;0.00;0.00;0.00;0.00;0.00;0.00;582.00;0.00;0.00;0.00;0.00;582.00;1164.00;1500.00;1510.00;1520.00;1450.00;1410.00;1650.00;851.01;2330.34;2400.34;1880.00;1774.66;2074.68;1830.00;1072.33;2534.67;497.00;235.33;940.00;1664.67;800.00;480.00;480.00;900.00;1500.00
1772828278.342119;0.00;0.00;0.00;388.00;485.00;0.00;0.00;582.00;0.00;0.00;0.00;0.00;0.00;0.00;0.00;0.00;582.00;0.00;0.00;0.00;0.00;582.00;1164.00;1500.00;1510.00;1520.00;1450.00;1410.00;1650.00;851.01;2330.34;2400.34;1880.00;1774.66;2074.68;1830.00;1072.33;2534.67;497.00;235.33;940.00;1664.67;800.00;480.00;480.00;900.00;1500.00
1772828278.3891418;0.00;0.00;0.00;388.00;485.00;0.00;0.00;582.00;0.00;0.00;0.00;0.00;0.00;0.00;0.00;0.00;582.00;0.00;0.00;0.00;0.00;582.00;1164.00;1500.00;1510.00;1520.00;1450.00;1410.00;1650.00;851.01;2330.34;2400.34;1880.00;1774.66;2074.68;1830.00;1072.33;2534.67;497.00;235.33;940.00;1664.67;800.00;480.00;480.00;900.00;1500.00
1772828278.391735;0.00;0.00;0.00;388.00;485.00;0.00;0.00;582.00;0.00;0.00;0.00;0.00;0.00;0.00;0.00;0.00;582.00;0.00;0.00;0.00;0.00;582.00;1164.00;1500.00;1510.00;1520.00;1450.00;1410.00;1650.00;851.01;2330.34;2400.34;1880.00;1774.66;2074.68;1830.00;1072.33;2534.67;497.00;235.33;940.00;1664.67;800.00;480.00;480.00;900.00;1500.00
1772828293.9473052;0.00;0.00;0.00;0.00;194.00;0.00;0.00;0.00;0.00;0.00;0.00;0.00;0.00;0.00;0.00;0.00;291.00;0.00;0.00;0.00;0.00;0.00;485.00;310.00;240.00;240.00;240.00;240.00;0.00;0.00;0.00;0.00;0.00;0.00;0.00;0.00;0.00;0.00;0.00;0.00;160.00;0.00;800.00;480.00;0.00;0.00;460.00
1772828293.948491;0.00;0.00;0.00;0.00;194.00;0.00;0.00;0.00;0.00;0.00;0.00;0.00;0.00;0.00;0.00;0.00;291.00;0.00;0.00;0.00;0.00;0.00;485.00;310.00;240.00;240.00;240.00;240.00;0.00;0.00;0.00;0.00;0.00;0.00;0.00;0.00;0.00;0.00;0.00;0.00;160.00;0.00;800.00;480.00;0.00;0.00;460.00
1772828293.9969187;0.00;0.00;0.00;0.00;194.00;0.00;0.00;0.00;0.00;0.00;0.00;0.00;0.00;0.00;0.00;0.00;388.00;0.00;0.00;0.00;0.00;0.00;485.00;610.00;540.00;540.00;550.00;480.00;0.00;0.00;0.00;0.00;0.00;0.00;0.00;0.00;0.00;0.00;0.00;310.00;640.00;0.00;800.00;480.00;0.00;0.00;760.00
1772828293.9981802;0.00;0.00;0.00;0.00;194.00;0.00;0.00;0.00;0.00;0.00;0.00;0.00;0.00;0.00;0.00;0.00;388.00;0.00;0.00;0.00;0.00;0.00;485.00;610.00;540.00;540.00;550.00;480.00;0.00;0.00;0.00;0.00;0.00;0.00;0.00;0.00;0.00;0.00;0.00;310.00;640.00;0.00;800.00;480.00;0.00;0.00;760.00
1772828294.0460021;0.00;0.00;0.00;0.00;291.00;0.00;0.00;0.00;0.00;0.00;0.00;0.00;0.00;0.00;0.00;0.00;388.00;0.00;0.00;0.00;0.00;0.00;485.00;610.00;540.00;540.00;550.00;480.00;0.00;0.00;0.00;0.00;470.00;310.00;160.00;0.00;230.00;0.00;0.00;310.00;640.00;0.00;800.00;480.00;160.00;470.00;910.00
1772828294.0472698;0.00;0.00;0.00;0.00;291.00;0.00;0.00;0.00;0.00;0.00;0.00;0.00;0.00;0.00;0.00;0.00;388.00;0.00;0.00;0.00;0.00;0.00;485.00;610.00;540.00;540.00;550.00;480.00;0.00;0.00;0.00;0.00;470.00;310.00;160.00;0.00;230.00;0.00;0.00;310.00;640.00;0.00;800.00;480.00;160.00;470.00;910.00
1772828294.233714;0.00;0.00;0.00;0.00;291.00;0.00;0.00;97.00;0.00;0.00;0.00;0.00;0.00;0.00;0.00;0.00;388.00;0.00;0.00;0.00;0.00;0.00;485.00;610.00;540.00;540.00;550.00;480.00;0.00;0.00;97.00;240.00;780.00;620.00;310.00;0.00;390.00;0.00;0.00;310.00;640.00;0.00;800.00;480.00;480.00;620.00;1060.00
1772828294.2355962;0.00;0.00;0.00;0.00;291.00;0.00;0.00;97.00;0.00;0.00;0.00;0.00;0.00;0.00;0.00;0.00;388.00;0.00;0.00;0.00;0.00;0.00;485.00;610.00;540.00;540.00;550.00;480.00;0.00;0.00;97.00;240.00;780.00;620.00;310.00;0.00;390.00;0.00;0.00;310.00;640.00;0.00;800.00;480.00;480.00;620.00;1060.00
1772828294.3000233;0.00;0.00;0.00;0.00;291.00;0.00;0.00;97.00;0.00;0.00;0.00;0.00;0.00;0.00;0.00;0.00;485.00;0.00;0.00;0.00;0.00;0.00;485.00;920.00;850.00;850.00;790.00;720.00;0.00;0.00;97.00;240.00;780.00;620.00;310.00;0.00;390.00;0.00;0.00;310.00;800.00;0.00;800.00;480.00;480.00;620.00;1360.00
1772828294.3018558;0.00;0.00;0.00;0.00;291.00;0.00;0.00;97.00;0.00;0.00;0.00;0.00;0.00;0.00;0.00;0.00;485.00;0.00;0.00;0.00;0.00;0.00;485.00;920.00;850.00;850.00;790.00;720.00;0.00;0.00;97.00;240.00;780.00;620.00;310.00;0.00;390.00;0.00;0.00;310.00;800.00;0.00;800.00;480.00;480.00;620.00;1360.00
1772828294.365799;0.00;0.00;0.00;0.00;291.00;0.00;0.00;194.00;0.00;0.00;0.00;0.00;0.00;0.00;0.00;0.00;485.00;0.00;0.00;0.00;0.00;0.00;485.00;920.00;850.00;850.00;790.00;720.00;0.00;0.00;194.00;480.00;1080.00;920.00;310.00;0.00;860.00;320.00;0.00;310.00;800.00;0.00;800.00;480.00;480.00;920.00;1360.00
1772828294.3677785;0.00;0.00;0.00;0.00;291.00;0.00;0.00;194.00;0.00;0.00;0.00;0.00;0.00;0.00;0.00;0.00;485.00;0.00;0.00;0.00;0.00;0.00;485.00;920.00;850.00;850.00;790.00;720.00;0.00;0.00;194.00;480.00;1080.00;920.00;310.00;0.00;860.00;320.00;0.00;310.00;800.00;0.00;800.00;480.00;480.00;920.00;1360.00
1772828294.431593;0.00;0.00;0.00;0.00;291.00;0.00;0.00;194.00;0.00;0.00;0.00;0.00;0.00;0.00;0.00;0.00;582.00;0.00;0.00;0.00;0.00;0.00;485.00;1230.00;1160.00;1160.00;1100.00;1030.00;230.00;0.00;194.00;480.00;1080.00;920.00;310.00;160.00;860.00;320.00;0.00;310.00;800.00;0.00;800.00;480.00;480.00;920.00;1660.00
1772828294.4335513;0.00;0.00;0.00;0.00;291.00;0.00;0.00;194.00;0.00;0.00;0.00;0.00;0.00;0.00;0.00;0.00;582.00;0.00;0.00;0.00;0.00;0.00;485.00;1230.00;1160.00;1160.00;1100.00;1030.00;230.00;0.00;194.00;480.00;1080.00;920.00;310.00;160.00;860.00;320.00;0.00;310.00;800.00;0.00;800.00;480.00;480.00;920.00;1660.00
1772828294.4967375;0.00;0.00;0.00;0.00;388.00;0.00;0.00;194.00;0.00;0.00;0.00;0.00;0.00;0.00;0.00;0.00;582.00;0.00;0.00;0.00;0.00;0.00;485.00;1230.00;1160.00;1160.00;1100.00;1030.00;230.00;0.00;194.00;480.00;1550.00;1230.00;460.00;160.00;1292.33;320.00;0.00;310.00;800.00;0.00;800.00;480.00;480.00;1070.00;1810.00
1772828294.4987714;0.00;0.00;0.00;0.00;388.00;0.00;0.00;194.00;0.00;0.00;0.00;0.00;0.00;0.00;0.00;0.00;582.00;0.00;0.00;0.00;0.00;0.00;485.00;1230.00;1160.00;1160.00;1100.00;1030.00;230.00;0.00;194.00;480.00;1550.00;1230.00;460.00;160.00;1292.33;320.00;0.00;310.00;800.00;0.00;800.00;480.00;480.00;1070.00;1810.00
1772828294.5567124;0.00;0.00;0.00;0.00;388.00;0.00;0.00;194.00;0.00;0.00;0.00;0.00;0.00;0.00;0.00;0.00;582.00;0.00;0.00;0.00;0.00;0.00;582.00;1540.00;1160.00;1160.00;1100.00;1030.00;230.00;0.00;194.00;480.00;1780.00;1780.00;620.00;160.00;1452.33;320.00;0.00;310.00;800.00;0.00;800.00;480.00;480.00;1220.00;1960.00
1772828294.558315;0.00;0.00;0.00;0.00;388.00;0.00;0.00;194.00;0.00;0.00;0.00;0.00;0.00;0.00;0.00;0.00;582.00;0.00;0.00;0.00;0.00;0.00;582.00;1540.00;1160.00;1160.00;1100.00;1030.00;230.00;0.00;194.00;480.00;1780.00;1780.00;620.00;160.00;1452.33;320.00;0.00;310.00;800.00;0.00;800.00;480.00;480.00;1220.00;1960.00
1772828294.729054;0.00;0.00;0.00;0.00;388.00;0.00;0.00;291.00;0.00;0.00;0.00;0.00;0.00;0.00;0.00;0.00;582.00;0.00;0.00;0.00;0.00;0.00;582.00;1540.00;1160.00;1160.00;1100.00;1030.00;230.00;112.33;338.67;790.00;2080.00;2080.00;770.00;160.00;1762.33;800.00;0.00;310.00;800.00;0.00;800.00;480.00;480.00;1370.00;2110.00
1772828294.730883;0.00;0.00;0.00;0.00;388.00;0.00;0.00;291.00;0.00;0.00;0.00;0.00;0.00;0.00;0.00;0.00;582.00;0.00;0.00;0.00;0.00;0.00;582.00;1540.00;1160.00;1160.00;1100.00;1030.00;230.00;112.33;338.67;790.00;2080.00;2080.00;770.00;160.00;1762.33;800.00;0.00;310.00;800.00;0.00;800.00;480.00;480.00;1370.00;2110.00
1772828294.7809467;0.00;0.00;0.00;97.00;388.00;0.00;0.00;291.00;0.00;0.00;0.00;0.00;0.00;0.00;0.00;0.00;582.00;0.00;0.00;0.00;0.00;0.00;582.00;1850.00;1160.00;1160.00;1100.00;1030.00;230.00;112.33;338.67;1020.00;2390.00;2390.00;1080.00;160.00;1762.33;960.00;0.00;310.00;800.00;0.00;800.00;480.00;480.00;1370.00;2410.00
1772828294.7826717;0.00;0.00;0.00;97.00;388.00;0.00;0.00;291.00;0.00;0.00;0.00;0.00;0.00;0.00;0.00;0.00;582.00;0.00;0.00;0.00;0.00;0.00;582.00;1850.00;1160.00;1160.00;1100.00;1030.00;230.00;112.33;338.67;1020.00;2390.00;2390.00;1080.00;160.00;1762.33;960.00;0.00;310.00;800.00;0.00;800.00;480.00;480.00;1370.00;2410.00
1772828294.8326826;0.00;0.00;0.00;97.00;485.00;0.00;0.00;291.00;0.00;0.00;0.00;0.00;0.00;0.00;0.00;0.00;582.00;0.00;0.00;0.00;0.00;0.00;582.00;2160.00;1160.00;1160.00;1100.00;1030.00;230.00;112.33;338.67;1250.00;2700.00;2700.00;1390.00;160.00;1762.33;1120.00;0.00;310.00;800.00;0.00;800.00;480.00;480.00;1370.00;2710.00
1772828294.8345644;0.00;0.00;0.00;97.00;485.00;0.00;0.00;291.00;0.00;0.00;0.00;0.00;0.00;0.00;0.00;0.00;582.00;0.00;0.00;0.00;0.00;0.00;582.00;2160.00;1160.00;1160.00;1100.00;1030.00;230.00;112.33;338.67;1250.00;2700.00;2700.00;1390.00;160.00;1762.33;1120.00;0.00;310.00;800.00;0.00;800.00;480.00;480.00;1370.00;2710.00
1772828294.8853407;0.00;0.00;0.00;97.00;485.00;0.00;0.00;388.00;0.00;0.00;0.00;0.00;0.00;0.00;0.00;0.00;582.00;0.00;0.00;0.00;0.00;0.00;582.00;2160.00;1160.00;1160.00;1100.00;1030.00;230.00;224.66;483.34;1560.00;3000.00;3000.00;1540.00;160.00;2072.33;1670.00;0.00;310.00;800.00;0.00;800.00;480.00;480.00;1520.00;2860.00
1772828294.88719;0.00;0.00;0.00;97.00;485.00;0.00;0.00;388.00;0.00;0.00;0.00;0.00;0.00;0.00;0.00;0.00;582.00;0.00;0.00;0.00;0.00;0.00;582.00;2160.00;1160.00;1160.00;1100.00;1030.00;230.00;224.66;483.34;1560.00;3000.00;3000.00;1540.00;160.00;2072.33;1670.00;0.00;310.00;800.00;0.00;800.00;480.00;480.00;1520.00;2860.00
1772828294.9371784;0.00;0.00;0.00;194.00;485.00;0.00;0.00;388.00;0.00;0.00;0.00;0.00;0.00;0.00;0.00;0.00;582.00;0.00;0.00;0.00;0.00;0.00;582.00;2310.00;1310.00;1310.00;1250.00;1180.00;380.00;304.66;563.34;1902.33;3150.00;3150.00;1690.00;160.00;2072.33;2150.00;0.00;310.00;800.00;0.00;800.00;480.00;480.00;1520.00;3160.00
1772828294.9390783;0.00;0.00;0.00;194.00;485.00;0.00;0.00;388.00;0.00;0.00;0.00;0.00;0.00;0.00;0.00;0.00;582.00;0.00;0.00;0.00;0.00;0.00;582.00;2310.00;1310.00;1310.00;1250.00;1180.00;380.00;304.66;563.34;1902.33;3150.00;3150.00;1690.00;160.00;2072.33;2150.00;0.00;310.00;800.00;0.00;800.00;480.00;480.00;1520.00;3160.00
1772828294.9871469;0.00;0.00;0.00;194.00;485.00;0.00;0.00;388.00;0.00;0.00;0.00;0.00;0.00;0.00;0.00;0.00;582.00;0.00;0.00;0.00;0.00;0.00;582.00;2310.00;1310.00;1310.00;1250.00;1180.00;380.00;304.66;563.34;1902.33;3150.00;3150.00;1690.00;160.00;2072.33;2150.00;0.00;310.00;800.00;0.00;800.00;480.00;480.00;1520.00;3160.00
1772828294.9890413;0.00;0.00;0.00;194.00;485.00;0.00;0.00;388.00;0.00;0.00;0.00;0.00;0.00;0.00;0.00;0.00;582.00;0.00;0.00;0.00;0.00;0.00;582.00;2310.00;1310.00;1310.00;1250.00;1180.00;380.00;304.66;563.34;1902.33;3150.00;3150.00;1690.00;160.00;2072.33;2150.00;0.00;310.00;800.00;0.00;800.00;480.00;480.00;1520.00;3160.00
1772828295.1666026;0.00;0.00;0.00;194.00;485.00;0.00;0.00;388.00;0.00;0.00;0.00;0.00;0.00;0.00;0.00;0.00;582.00;0.00;0.00;0.00;0.00;0.00;582.00;2310.00;1310.00;1310.00;1250.00;1180.00;380.00;304.66;563.34;1902.33;3150.00;3150.00;1690.00;160.00;2072.33;2150.00;0.00;310.00;800.00;0.00;800.00;480.00;480.00;1520.00;3160.00
1772828295.168573;0.00;0.00;0.00;194.00;485.00;0.00;0.00;388.00;0.00;0.00;0.00;0.00;0.00;0.00;0.00;0.00;582.00;0.00;0.00;0.00;0.00;0.00;582.00;2310.00;1310.00;1310.00;1250.00;1180.00;380.00;304.66;563.34;1902.33;3150.00;3150.00;1690.00;160.00;2072.33;2150.00;0.00;310.00;800.00;0.00;800.00;480.00;480.00;1520.00;3160.00
1772828295.2153265;0.00;0.00;0.00;194.00;485.00;0.00;0.00;388.00;0.00;0.00;0.00;0.00;0.00;0.00;0.00;0.00;582.00;0.00;0.00;0.00;0.00;0.00;582.00;2310.00;1310.00;1310.00;1250.00;1180.00;380.00;304.66;563.34;1902.33;3150.00;3150.00;1690.00;160.00;2072.33;2150.00;0.00;310.00;800.00;0.00;800.00;480.00;480.00;1520.00;3160.00
1772828295.2172263;0.00;0.00;0.00;194.00;485.00;0.00;0.00;388.00;0.00;0.00;0.00;0.00;0.00;0.00;0.00;0.00;582.00;0.00;0.00;0.00;0.00;0.00;582.00;2310.00;1310.00;1310.00;1250.00;1180.00;380.00;304.66;563.34;1902.33;3150.00;3150.00;1690.00;160.00;2072.33;2150.00;0.00;310.00;800.00;0.00;800.00;480.00;480.00;1520.00;3160.00
1772828295.2639532;0.00;0.00;0.00;194.00;485.00;0.00;0.00;388.00;0.00;0.00;0.00;0.00;0.00;0.00;0.00;0.00;582.00;0.00;0.00;0.00;0.00;0.00;582.00;2310.00;1310.00;1310.00;1250.00;1180.00;380.00;304.66;563.34;1902.33;3150.00;3150.00;1690.00;160.00;2072.33;2150.00;0.00;310.00;800.00;0.00;800.00;480.00;480.00;1520.00;3160.00
1772828295.2658155;0.00;0.00;0.00;194.00;485.00;0.00;0.00;388.00;0.00;0.00;0.00;0.00;0.00;0.00;0.00;0.00;582.00;0.00;0.00;0.00;0.00;0.00;582.00;2310.00;1310.00;1310.00;1250.00;1180.00;380.00;304.66;563.34;1902.33;3150.00;3150.00;1690.00;160.00;2072.33;2150.00;0.00;310.00;800.00;0.00;800.00;480.00;480.00;1520.00;3160.00
1772828304.0661056;0.00;0.00;0.00;194.00;485.00;0.00;0.00;388.00;0.00;0.00;0.00;0.00;0.00;0.00;0.00;0.00;582.00;0.00;0.00;0.00;0.00;0.00;582.00;2310.00;1310.00;1310.00;1250.00;1180.00;380.00;304.66;563.34;1902.33;3150.00;3150.00;1690.00;160.00;2072.33;2150.00;0.00;310.00;800.00;0.00;800.00;480.00;480.00;1520.00;3160.00
1772828304.0680752;0.00;0.00;0.00;194.00;485.00;0.00;0.00;388.00;0.00;0.00;0.00;0.00;0.00;0.00;0.00;0.00;582.00;0.00;0.00;0.00;0.00;0.00;582.00;2310.00;1310.00;1310.00;1250.00;1180.00;380.00;304.66;563.34;1902.33;3150.00;3150.00;1690.00;160.00;2072.33;2150.00;0.00;310.00;800.00;0.00;800.00;480.00;480.00;1520.00;3160.00
1772828304.118118;0.00;0.00;0.00;194.00;485.00;0.00;0.00;388.00;0.00;0.00;0.00;0.00;0.00;0.00;0.00;0.00;582.00;0.00;0.00;0.00;0.00;0.00;582.00;2310.00;1310.00;1310.00;1250.00;1180.00;380.00;304.66;563.34;1902.33;3150.00;3150.00;1690.00;160.00;2072.33;2150.00;0.00;310.00;800.00;0.00;800.00;480.00;480.00;1520.00;3160.00
1772828304.120008;0.00;0.00;0.00;194.00;485.00;0.00;0.00;388.00;0.00;0.00;0.00;0.00;0.00;0.00;0.00;0.00;582.00;0.00;0.00;0.00;0.00;0.00;582.00;2310.00;1310.00;1310.00;1250.00;1180.00;380.00;304.66;563.34;1902.33;3150.00;3150.00;1690.00;160.00;2072.33;2150.00;0.00;310.00;800.00;0.00;800.00;480.00;480.00;1520.00;3160.00
1772828304.1678078;0.00;0.00;0.00;194.00;485.00;0.00;0.00;388.00;0.00;0.00;0.00;0.00;0.00;0.00;0.00;0.00;582.00;0.00;0.00;0.00;0.00;0.00;582.00;2310.00;1310.00;1310.00;1250.00;1180.00;380.00;304.66;563.34;1902.33;3150.00;3150.00;1690.00;160.00;2072.33;2150.00;0.00;310.00;800.00;0.00;800.00;480.00;480.00;1520.00;3160.00
1772828304.1696093;0.00;0.00;0.00;194.00;485.00;0.00;0.00;388.00;0.00;0.00;0.00;0.00;0.00;0.00;0.00;0.00;582.00;0.00;0.00;0.00;0.00;0.00;582.00;2310.00;1310.00;1310.00;1250.00;1180.00;380.00;304.66;563.34;1902.33;3150.00;3150.00;1690.00;160.00;2072.33;2150.00;0.00;310.00;800.00;0.00;800.00;480.00;480.00;1520.00;3160.00
1772828304.3626974;0.00;0.00;0.00;194.00;485.00;0.00;0.00;388.00;0.00;0.00;0.00;0.00;0.00;0.00;0.00;0.00;582.00;0.00;0.00;0.00;0.00;0.00;582.00;2310.00;1310.00;1310.00;1250.00;1180.00;380.00;304.66;563.34;1902.33;3150.00;3150.00;1690.00;160.00;2072.33;2150.00;0.00;310.00;800.00;0.00;800.00;480.00;480.00;1520.00;3160.00
1772828304.3651125;0.00;0.00;0.00;194.00;485.00;0.00;0.00;388.00;0.00;0.00;0.00;0.00;0.00;0.00;0.00;0.00;582.00;0.00;0.00;0.00;0.00;0.00;582.00;2310.00;1310.00;1310.00;1250.00;1180.00;380.00;304.66;563.34;1902.33;3150.00;3150.00;1690.00;160.00;2072.33;2150.00;0.00;310.00;800.00;0.00;800.00;480.00;480.00;1520.00;3160.00
1772828304.425447;0.00;0.00;0.00;194.00;485.00;0.00;0.00;388.00;0.00;0.00;0.00;0.00;0.00;0.00;0.00;0.00;582.00;0.00;0.00;0.00;0.00;0.00;582.00;2310.00;1310.00;1310.00;1250.00;1180.00;380.00;304.66;563.34;1902.33;3150.00;3150.00;1690.00;160.00;2072.33;2150.00;0.00;310.00;800.00;0.00;800.00;480.00;480.00;1520.00;3160.00
1772828304.4277544;0.00;0.00;0.00;194.00;485.00;0.00;0.00;388.00;0.00;0.00;0.00;0.00;0.00;0.00;0.00;0.00;582.00;0.00;0.00;0.00;0.00;0.00;582.00;2310.00;1310.00;1310.00;1250.00;1180.00;380.00;304.66;563.34;1902.33;3150.00;3150.00;1690.00;160.00;2072.33;2150.00;0.00;310.00;800.00;0.00;800.00;480.00;480.00;1520.00;3160.00
1772828304.486948;0.00;0.00;0.00;194.00;485.00;0.00;0.00;388.00;0.00;0.00;0.00;0.00;0.00;0.00;0.00;0.00;582.00;0.00;0.00;0.00;0.00;0.00;582.00;2310.00;1310.00;1310.00;1250.00;1180.00;380.00;304.66;563.34;1902.33;3150.00;3150.00;1690.00;160.00;2072.33;2150.00;0.00;310.00;800.00;0.00;800.00;480.00;480.00;1520.00;3160.00
1772828304.4892669;0.00;0.00;0.00;194.00;485.00;0.00;0.00;388.00;0.00;0.00;0.00;0.00;0.00;0.00;0.00;0.00;582.00;0.00;0.00;0.00;0.00;0.00;582.00;2310.00;1310.00;1310.00;1250.00;1180.00;380.00;304.66;563.34;1902.33;3150.00;3150.00;1690.00;160.00;2072.33;2150.00;0.00;310.00;800.00;0.00;800.00;480.00;480.00;1520.00;3160.00
1772828327.1118932;0.00;0.00;0.00;0.00;485.00;0.00;0.00;388.00;0.00;0.00;0.00;0.00;0.00;0.00;0.00;0.00;582.00;0.00;97.00;0.00;0.00;0.00;582.00;1860.00;1160.00;1160.00;1100.00;1030.00;230.00;224.66;483.34;1260.00;2940.00;2700.00;1240.00;160.00;2072.33;1350.00;0.00;310.00;800.00;0.00;800.00;480.00;480.00;1520.00;1060.00
1772828327.1137185;0.00;0.00;0.00;0.00;485.00;0.00;0.00;388.00;0.00;0.00;0.00;0.00;0.00;0.00;0.00;0.00;582.00;0.00;97.00;0.00;0.00;0.00;582.00;1860.00;1160.00;1160.00;1100.00;1030.00;230.00;224.66;483.34;1260.00;2940.00;2700.00;1240.00;160.00;2072.33;1350.00;0.00;310.00;800.00;0.00;800.00;480.00;480.00;1520.00;1060.00
1772828327.1636474;0.00;0.00;0.00;0.00;485.00;0.00;0.00;388.00;0.00;0.00;0.00;0.00;0.00;0.00;0.00;0.00;582.00;0.00;194.00;0.00;0.00;0.00;582.00;1860.00;1160.00;1160.00;1100.00;1030.00;230.00;224.66;713.34;1800.00;3384.67;3000.00;1390.00;160.00;2072.33;1830.00;230.00;310.00;800.00;0.00;800.00;480.00;480.00;1670.00;1210.00
1772828327.1654532;0.00;0.00;0.00;0.00;485.00;0.00;0.00;388.00;0.00;0.00;0.00;0.00;0.00;0.00;0.00;0.00;582.00;0.00;194.00;0.00;0.00;0.00;582.00;1860.00;1160.00;1160.00;1100.00;1030.00;230.00;224.66;713.34;1800.00;3384.67;3000.00;1390.00;160.00;2072.33;1830.00;230.00;310.00;800.00;0.00;800.00;480.00;480.00;1670.00;1210.00
1772828327.2148452;0.00;0.00;0.00;0.00;485.00;0.00;0.00;388.00;0.00;0.00;0.00;0.00;0.00;0.00;0.00;0.00;582.00;0.00;291.00;0.00;0.00;0.00;582.00;1860.00;1160.00;1160.00;1100.00;1030.00;230.00;224.66;943.34;2350.00;3829.34;3300.00;1390.00;160.00;2297.00;1830.00;230.00;310.00;800.00;0.00;800.00;480.00;480.00;1970.00;1210.00
1772828327.21671;0.00;0.00;0.00;0.00;485.00;0.00;0.00;388.00;0.00;0.00;0.00;0.00;0.00;0.00;0.00;0.00;582.00;0.00;291.00;0.00;0.00;0.00;582.00;1860.00;1160.00;1160.00;1100.00;1030.00;230.00;224.66;943.34;2350.00;3829.34;3300.00;1390.00;160.00;2297.00;1830.00;230.00;310.00;800.00;0.00;800.00;480.00;480.00;1970.00;1210.00
1772828327.3898516;0.00;0.00;0.00;0.00;485.00;0.00;0.00;388.00;0.00;0.00;0.00;0.00;0.00;0.00;0.00;0.00;582.00;0.00;388.00;0.00;0.00;0.00;582.00;1860.00;1160.00;1160.00;1100.00;1030.00;230.00;224.66;1173.34;2804.67;4226.34;3600.00;1390.00;160.00;2297.00;2054.67;390.00;310.00;800.00;0.00;800.00;480.00;480.00;2270.00;1210.00
1772828327.3917515;0.00;0.00;0.00;0.00;485.00;0.00;0.00;388.00;0.00;0.00;0.00;0.00;0.00;0.00;0.00;0.00;582.00;0.00;388.00;0.00;0.00;0.00;582.00;1860.00;1160.00;1160.00;1100.00;1030.00;230.00;224.66;1173.34;2804.67;4226.34;3600.00;1390.00;160.00;2297.00;2054.67;390.00;310.00;800.00;0.00;800.00;480.00;480.00;2270.00;1210.00
1772828327.441306;0.00;0.00;0.00;0.00;485.00;0.00;0.00;388.00;0.00;0.00;0.00;0.00;0.00;0.00;0.00;0.00;582.00;0.00;485.00;0.00;0.00;0.00;582.00;1860.00;1160.00;1160.00;1100.00;1030.00;230.00;224.66;1403.34;3344.67;4718.67;4124.67;1540.00;160.00;2297.00;2054.67;550.00;310.00;800.00;0.00;800.00;480.00;480.00;2644.67;1360.00
1772828327.443325;0.00;0.00;0.00;0.00;485.00;0.00;0.00;388.00;0.00;0.00;0.00;0.00;0.00;0.00;0.00;0.00;582.00;0.00;485.00;0.00;0.00;0.00;582.00;1860.00;1160.00;1160.00;1100.00;1030.00;230.00;224.66;1403.34;3344.67;4718.67;4124.67;1540.00;160.00;2297.00;2054.67;550.00;310.00;800.00;0.00;800.00;480.00;480.00;2644.67;1360.00
1772828327.4930217;0.00;0.00;0.00;0.00;485.00;0.00;0.00;388.00;0.00;0.00;0.00;0.00;0.00;0.00;0.00;0.00;582.00;0.00;582.00;0.00;0.00;0.00;582.00;1860.00;1160.00;1160.00;1100.00;1030.00;230.00;224.66;1953.34;3734.67;4965.67;4274.67;1540.00;160.00;2297.00;2204.67;1030.00;310.00;800.00;0.00;800.00;480.00;480.00;2794.67;1360.00
1772828327.4951046;0.00;0.00;0.00;0.00;485.00;0.00;0.00;388.00;0.00;0.00;0.00;0.00;0.00;0.00;0.00;0.00;582.00;0.00;582.00;0.00;0.00;0.00;582.00;1860.00;1160.00;1160.00;1100.00;1030.00;230.00;224.66;1953.34;3734.67;4965.67;4274.67;1540.00;160.00;2297.00;2204.67;1030.00;310.00;800.00;0.00;800.00;480.00;480.00;2794.67;1360.00
1772828346.166627;0.00;0.00;0.00;0.00;485.00;0.00;0.00;388.00;0.00;0.00;97.00;0.00;0.00;0.00;0.00;0.00;0.00;0.00;582.00;0.00;0.00;0.00;582.00;310.00;240.00;240.00;0.00;0.00;0.00;224.66;1953.34;3734.67;4965.67;4274.67;1540.00;0.00;2297.00;2204.67;1030.00;320.00;0.00;160.00;320.00;480.00;480.00;2794.67;460.00
1772828346.1686845;0.00;0.00;0.00;0.00;485.00;0.00;0.00;388.00;0.00;0.00;97.00;0.00;0.00;0.00;0.00;0.00;0.00;0.00;582.00;0.00;0.00;0.00;582.00;310.00;240.00;240.00;0.00;0.00;0.00;224.66;1953.34;3734.67;4965.67;4274.67;1540.00;0.00;2297.00;2204.67;1030.00;320.00;0.00;160.00;320.00;480.00;480.00;2794.67;460.00
1772828346.224814;0.00;0.00;0.00;0.00;485.00;0.00;0.00;388.00;0.00;0.00;194.00;0.00;0.00;0.00;0.00;0.00;0.00;0.00;582.00;0.00;0.00;0.00;582.00;620.00;550.00;550.00;230.00;0.00;0.00;224.66;1953.34;3734.67;4965.67;4274.67;1540.00;0.00;2297.00;2204.67;1030.00;640.00;160.00;160.00;320.00;480.00;480.00;2794.67;760.00
1772828346.2268605;0.00;0.00;0.00;0.00;485.00;0.00;0.00;388.00;0.00;0.00;194.00;0.00;0.00;0.00;0.00;0.00;0.00;0.00;582.00;0.00;0.00;0.00;582.00;620.00;550.00;550.00;230.00;0.00;0.00;224.66;1953.34;3734.67;4965.67;4274.67;1540.00;0.00;2297.00;2204.67;1030.00;640.00;160.00;160.00;320.00;480.00;480.00;2794.67;760.00
1772828346.2833683;0.00;0.00;0.00;0.00;485.00;0.00;0.00;388.00;0.00;0.00;291.00;0.00;0.00;0.00;0.00;0.00;0.00;0.00;582.00;0.00;0.00;0.00;582.00;930.00;860.00;860.00;390.00;0.00;0.00;224.66;1953.34;3734.67;4965.67;4274.67;1540.00;0.00;2297.00;2204.67;1030.00;752.33;320.00;160.00;320.00;480.00;480.00;2794.67;1060.00
1772828346.2853065;0.00;0.00;0.00;0.00;485.00;0.00;0.00;388.00;0.00;0.00;291.00;0.00;0.00;0.00;0.00;0.00;0.00;0.00;582.00;0.00;0.00;0.00;582.00;930.00;860.00;860.00;390.00;0.00;0.00;224.66;1953.34;3734.67;4965.67;4274.67;1540.00;0.00;2297.00;2204.67;1030.00;752.33;320.00;160.00;320.00;480.00;480.00;2794.67;1060.00
1772828346.340653;0.00;0.00;0.00;0.00;485.00;0.00;0.00;388.00;0.00;0.00;388.00;0.00;0.00;0.00;0.00;0.00;0.00;0.00;582.00;0.00;0.00;0.00;582.00;1230.00;1160.00;1170.00;940.00;230.00;230.00;224.66;1953.34;3734.67;4965.67;4274.67;1540.00;0.00;2297.00;2204.67;1030.00;752.33;640.00;160.00;480.00;480.00;480.00;2794.67;1360.00
1772828346.3426516;0.00;0.00;0.00;0.00;485.00;0.00;0.00;388.00;0.00;0.00;388.00;0.00;0.00;0.00;0.00;0.00;0.00;0.00;582.00;0.00;0.00;0.00;582.00;1230.00;1160.00;1170.00;940.00;230.00;230.00;224.66;1953.34;3734.67;4965.67;4274.67;1540.00;0.00;2297.00;2204.67;1030.00;752.33;640.00;160.00;480.00;480.00;480.00;2794.67;1360.00
1772828346.5307581;0.00;0.00;0.00;0.00;485.00;0.00;0.00;388.00;0.00;0.00;485.00;0.00;0.00;0.00;0.00;0.00;0.00;0.00;582.00;0.00;0.00;0.00;582.00;1530.00;1460.00;1470.00;1394.67;460.00;460.00;224.66;1953.34;3734.67;4965.67;4274.67;1540.00;0.00;2297.00;2204.67;1030.00;752.33;864.67;160.00;640.00;480.00;480.00;2794.67;1660.00
1772828346.5327106;0.00;0.00;0.00;0.00;485.00;0.00;0.00;388.00;0.00;0.00;485.00;0.00;0.00;0.00;0.00;0.00;0.00;0.00;582.00;0.00;0.00;0.00;582.00;1530.00;1460.00;1470.00;1394.67;460.00;460.00;224.66;1953.34;3734.67;4965.67;4274.67;1540.00;0.00;2297.00;2204.67;1030.00;752.33;864.67;160.00;640.00;480.00;480.00;2794.67;1660.00
1772828346.5837867;0.00;0.00;0.00;0.00;485.00;0.00;0.00;388.00;0.00;0.00;582.00;0.00;0.00;0.00;0.00;0.00;0.00;0.00;582.00;0.00;0.00;0.00;582.00;1830.00;1760.00;1770.00;1849.34;690.00;690.00;224.66;1953.34;3734.67;4965.67;4274.67;1540.00;0.00;2297.00;2204.67;1030.00;752.33;1089.34;160.00;800.00;480.00;480.00;2794.67;1960.00
1772828346.5857978;0.00;0.00;0.00;0.00;485.00;0.00;0.00;388.00;0.00;0.00;582.00;0.00;0.00;0.00;0.00;0.00;0.00;0.00;582.00;0.00;0.00;0.00;582.00;1830.00;1760.00;1770.00;1849.34;690.00;690.00;224.66;1953.34;3734.67;4965.67;4274.67;1540.00;0.00;2297.00;2204.67;1030.00;752.33;1089.34;160.00;800.00;480.00;480.00;2794.67;1960.00
1772828366.1839397;0.00;97.00;0.00;0.00;485.00;0.00;0.00;388.00;0.00;0.00;582.00;0.00;0.00;0.00;0.00;0.00;0.00;0.00;582.00;0.00;0.00;0.00;582.00;1980.00;1910.00;1920.00;1999.34;840.00;840.00;304.66;2343.34;3734.67;4965.67;4274.67;1540.00;0.00;2297.00;2354.67;1500.00;752.33;1089.34;160.00;800.00;480.00;480.00;2794.67;2110.00
1772828366.1860278;0.00;97.00;0.00;0.00;485.00;0.00;0.00;388.00;0.00;0.00;582.00;0.00;0.00;0.00;0.00;0.00;0.00;0.00;582.00;0.00;0.00;0.00;582.00;1980.00;1910.00;1920.00;1999.34;840.00;840.00;304.66;2343.34;3734.67;4965.67;4274.67;1540.00;0.00;2297.00;2354.67;1500.00;752.33;1089.34;160.00;800.00;480.00;480.00;2794.67;2110.00
1772828366.2323968;0.00;194.00;0.00;0.00;485.00;0.00;0.00;388.00;0.00;0.00;582.00;0.00;0.00;0.00;0.00;0.00;0.00;0.00;582.00;0.00;0.00;0.00;582.00;1980.00;1910.00;1920.00;1999.34;840.00;840.00;464.66;2733.34;3734.67;4965.67;4274.67;1540.00;160.00;2297.00;2504.67;1960.00;752.33;1089.34;160.00;800.00;480.00;480.00;2794.67;2110.00
1772828366.233557;0.00;194.00;0.00;0.00;485.00;0.00;0.00;388.00;0.00;0.00;582.00;0.00;0.00;0.00;0.00;0.00;0.00;0.00;582.00;0.00;0.00;0.00;582.00;1980.00;1910.00;1920.00;1999.34;840.00;840.00;464.66;2733.34;3734.67;4965.67;4274.67;1540.00;160.00;2297.00;2504.67;1960.00;752.33;1089.34;160.00;800.00;480.00;480.00;2794.67;2110.00
1772828366.2644768;0.00;291.00;0.00;0.00;485.00;0.00;0.00;388.00;0.00;0.00;582.00;0.00;0.00;0.00;0.00;0.00;0.00;0.00;582.00;0.00;0.00;0.00;582.00;1980.00;1910.00;1920.00;1999.34;840.00;840.00;624.66;3123.34;3734.67;4965.67;4274.67;1540.00;320.00;2297.00;2654.67;2420.00;752.33;1089.34;160.00;800.00;480.00;480.00;2794.67;2110.00
1772828366.2656329;0.00;291.00;0.00;0.00;485.00;0.00;0.00;388.00;0.00;0.00;582.00;0.00;0.00;0.00;0.00;0.00;0.00;0.00;582.00;0.00;0.00;0.00;582.00;1980.00;1910.00;1920.00;1999.34;840.00;840.00;624.66;3123.34;3734.67;4965.67;4274.67;1540.00;320.00;2297.00;2654.67;2420.00;752.33;1089.34;160.00;800.00;480.00;480.00;2794.67;2110.00
1772828366.3655188;0.00;388.00;0.00;0.00;485.00;0.00;0.00;388.00;0.00;0.00;582.00;0.00;0.00;0.00;0.00;0.00;0.00;0.00;582.00;0.00;0.00;0.00;582.00;1980.00;1910.00;1920.00;1999.34;840.00;840.00;784.66;3428.01;3894.67;4965.67;4274.67;1540.00;480.00;2447.00;2654.67;2570.00;752.33;1089.34;160.00;800.00;480.00;480.00;2794.67;2110.00
1772828366.3667362;0.00;388.00;0.00;0.00;485.00;0.00;0.00;388.00;0.00;0.00;582.00;0.00;0.00;0.00;0.00;0.00;0.00;0.00;582.00;0.00;0.00;0.00;582.00;1980.00;1910.00;1920.00;1999.34;840.00;840.00;784.66;3428.01;3894.67;4965.67;4274.67;1540.00;480.00;2447.00;2654.67;2570.00;752.33;1089.34;160.00;800.00;480.00;480.00;2794.67;2110.00
1772828366.3974488;0.00;485.00;0.00;0.00;485.00;0.00;0.00;388.00;0.00;0.00;582.00;0.00;0.00;0.00;0.00;0.00;0.00;0.00;582.00;0.00;0.00;0.00;582.00;1980.00;1910.00;1920.00;1999.34;840.00;840.00;944.66;3732.68;4054.67;4965.67;4274.67;1540.00;640.00;2597.00;2654.67;2720.00;752.33;1089.34;160.00;800.00;480.00;480.00;2794.67;2110.00
1772828366.3986752;0.00;485.00;0.00;0.00;485.00;0.00;0.00;388.00;0.00;0.00;582.00;0.00;0.00;0.00;0.00;0.00;0.00;0.00;582.00;0.00;0.00;0.00;582.00;1980.00;1910.00;1920.00;1999.34;840.00;840.00;944.66;3732.68;4054.67;4965.67;4274.67;1540.00;640.00;2597.00;2654.67;2720.00;752.33;1089.34;160.00;800.00;480.00;480.00;2794.67;2110.00
1772828366.4297493;0.00;582.00;0.00;0.00;485.00;0.00;0.00;388.00;0.00;0.00;582.00;0.00;0.00;0.00;0.00;0.00;0.00;0.00;582.00;0.00;0.00;0.00;582.00;1980.00;1910.00;1920.00;1999.34;840.00;840.00;1104.66;4037.35;4214.67;4965.67;4274.67;1540.00;800.00;2747.00;2654.67;2870.00;752.33;1089.34;160.00;800.00;480.00;480.00;2794.67;2110.00
1772828366.4310198;0.00;582.00;0.00;0.00;485.00;0.00;0.00;388.00;0.00;0.00;582.00;0.00;0.00;0.00;0.00;0.00;0.00;0.00;582.00;0.00;0.00;0.00;582.00;1980.00;1910.00;1920.00;1999.34;840.00;840.00;1104.66;4037.35;4214.67;4965.67;4274.67;1540.00;800.00;2747.00;2654.67;2870.00;752.33;1089.34;160.00;800.00;480.00;480.00;2794.67;2110.00
1772828385.2426116;0.00;582.00;0.00;0.00;485.00;0.00;0.00;0.00;0.00;0.00;582.00;0.00;0.00;0.00;0.00;0.00;0.00;0.00;582.00;0.00;0.00;97.00;582.00;1980.00;1910.00;1920.00;1999.34;840.00;840.00;720.00;3394.01;2654.67;540.00;540.00;190.00;800.00;587.00;1144.67;2870.00;752.33;1089.34;160.00;800.00;480.00;320.00;300.00;760.00
1772828385.244815;0.00;582.00;0.00;0.00;485.00;0.00;0.00;0.00;0.00;0.00;582.00;0.00;0.00;0.00;0.00;0.00;0.00;0.00;582.00;0.00;0.00;97.00;582.00;1980.00;1910.00;1920.00;1999.34;840.00;840.00;720.00;3394.01;2654.67;540.00;540.00;190.00;800.00;587.00;1144.67;2870.00;752.33;1089.34;160.00;800.00;480.00;320.00;300.00;760.00
1772828385.3033202;0.00;582.00;0.00;0.00;485.00;0.00;0.00;0.00;0.00;0.00;582.00;0.00;0.00;0.00;0.00;0.00;0.00;0.00;582.00;0.00;0.00;194.00;582.00;1980.00;1910.00;1920.00;1999.34;840.00;840.00;720.00;3394.01;2884.67;1080.00;1080.00;340.00;800.00;907.00;1374.67;2870.00;752.33;1089.34;160.00;800.00;480.00;480.00;450.00;910.00
1772828385.3056102;0.00;582.00;0.00;0.00;485.00;0.00;0.00;0.00;0.00;0.00;582.00;0.00;0.00;0.00;0.00;0.00;0.00;0.00;582.00;0.00;0.00;194.00;582.00;1980.00;1910.00;1920.00;1999.34;840.00;840.00;720.00;3394.01;2884.67;1080.00;1080.00;340.00;800.00;907.00;1374.67;2870.00;752.33;1089.34;160.00;800.00;480.00;480.00;450.00;910.00
1772828385.3593965;0.00;582.00;0.00;0.00;485.00;0.00;0.00;0.00;0.00;0.00;582.00;0.00;0.00;0.00;0.00;0.00;0.00;0.00;582.00;0.00;0.00;291.00;582.00;1980.00;1910.00;1920.00;1999.34;840.00;840.00;720.00;3394.01;3114.67;1620.00;1524.67;490.00;800.00;1227.00;1374.67;2870.00;752.33;1089.34;160.00;800.00;480.00;864.67;712.33;1060.00
1772828385.361731;0.00;582.00;0.00;0.00;485.00;0.00;0.00;0.00;0.00;0.00;582.00;0.00;0.00;0.00;0.00;0.00;0.00;0.00;582.00;0.00;0.00;291.00;582.00;1980.00;1910.00;1920.00;1999.34;840.00;840.00;720.00;3394.01;3114.67;1620.00;1524.67;490.00;800.00;1227.00;1374.67;2870.00;752.33;1089.34;160.00;800.00;480.00;864.67;712.33;1060.00
1772828385.5434082;0.00;582.00;0.00;0.00;485.00;0.00;0.00;0.00;0.00;0.00;582.00;0.00;0.00;0.00;0.00;0.00;0.00;0.00;582.00;0.00;0.00;388.00;582.00;1980.00;1910.00;1920.00;1999.34;840.00;840.00;720.00;3624.01;3654.67;2064.67;1921.67;640.00;800.00;1451.67;1854.67;2870.00;752.33;1089.34;160.00;800.00;480.00;977.00;862.33;1210.00
1772828385.545716;0.00;582.00;0.00;0.00;485.00;0.00;0.00;0.00;0.00;0.00;582.00;0.00;0.00;0.00;0.00;0.00;0.00;0.00;582.00;0.00;0.00;388.00;582.00;1980.00;1910.00;1920.00;1999.34;840.00;840.00;720.00;3624.01;3654.67;2064.67;1921.67;640.00;800.00;1451.67;1854.67;2870.00;752.33;1089.34;160.00;800.00;480.00;977.00;862.33;1210.00
1772828385.5982153;0.00;582.00;0.00;0.00;485.00;0.00;0.00;0.00;0.00;0.00;582.00;0.00;0.00;0.00;0.00;0.00;0.00;0.00;582.00;0.00;0.00;388.00;582.00;1980.00;1910.00;1920.00;1999.34;840.00;840.00;720.00;3624.01;3654.67;2064.67;1921.67;640.00;800.00;1451.67;1854.67;2870.00;752.33;1089.34;160.00;800.00;480.00;977.00;862.33;1210.00
1772828385.6005533;0.00;582.00;0.00;0.00;485.00;0.00;0.00;0.00;0.00;0.00;582.00;0.00;0.00;0.00;0.00;0.00;0.00;0.00;582.00;0.00;0.00;388.00;582.00;1980.00;1910.00;1920.00;1999.34;840.00;840.00;720.00;3624.01;3654.67;2064.67;1921.67;640.00;800.00;1451.67;1854.67;2870.00;752.33;1089.34;160.00;800.00;480.00;977.00;862.33;1210.00
1772828385.6530344;0.00;582.00;0.00;0.00;485.00;0.00;0.00;0.00;0.00;0.00;582.00;0.00;0.00;0.00;0.00;0.00;0.00;0.00;582.00;0.00;0.00;388.00;582.00;1980.00;1910.00;1920.00;1999.34;840.00;840.00;720.00;3624.01;3654.67;2064.67;1921.67;640.00;800.00;1451.67;1854.67;2870.00;752.33;1089.34;160.00;800.00;480.00;977.00;862.33;1210.00
1772828385.6554043;0.00;582.00;0.00;0.00;485.00;0.00;0.00;0.00;0.00;0.00;582.00;0.00;0.00;0.00;0.00;0.00;0.00;0.00;582.00;0.00;0.00;388.00;582.00;1980.00;1910.00;1920.00;1999.34;840.00;840.00;720.00;3624.01;3654.67;2064.67;1921.67;640.00;800.00;1451.67;1854.67;2870.00;752.33;1089.34;160.00;800.00;480.00;977.00;862.33;1210.00
1772828411.2499042;0.00;582.00;0.00;0.00;0.00;0.00;0.00;0.00;97.00;0.00;582.00;0.00;0.00;0.00;0.00;0.00;0.00;0.00;582.00;0.00;0.00;388.00;0.00;0.00;0.00;0.00;0.00;0.00;0.00;158.33;3462.34;2863.00;310.00;310.00;160.00;0.00;859.34;1694.67;3030.00;442.33;629.34;0.00;320.00;0.00;817.00;470.00;150.00
1772828411.2517142;0.00;582.00;0.00;0.00;0.00;0.00;0.00;0.00;97.00;0.00;582.00;0.00;0.00;0.00;0.00;0.00;0.00;0.00;582.00;0.00;0.00;388.00;0.00;0.00;0.00;0.00;0.00;0.00;0.00;158.33;3462.34;2863.00;310.00;310.00;160.00;0.00;859.34;1694.67;3030.00;442.33;629.34;0.00;320.00;0.00;817.00;470.00;150.00
1772828411.3079102;0.00;582.00;0.00;0.00;0.00;0.00;0.00;0.00;194.00;0.00;582.00;0.00;0.00;0.00;0.00;0.00;0.00;0.00;582.00;0.00;0.00;388.00;0.00;0.00;0.00;0.00;0.00;0.00;0.00;158.33;3702.34;3173.00;610.00;610.00;310.00;0.00;1169.34;2174.67;3030.00;442.33;629.34;0.00;320.00;0.00;817.00;620.00;300.00
1772828411.3097649;0.00;582.00;0.00;0.00;0.00;0.00;0.00;0.00;194.00;0.00;582.00;0.00;0.00;0.00;0.00;0.00;0.00;0.00;582.00;0.00;0.00;388.00;0.00;0.00;0.00;0.00;0.00;0.00;0.00;158.33;3702.34;3173.00;610.00;610.00;310.00;0.00;1169.34;2174.67;3030.00;442.33;629.34;0.00;320.00;0.00;817.00;620.00;300.00
1772828411.4863386;0.00;582.00;0.00;0.00;0.00;0.00;0.00;0.00;291.00;0.00;582.00;0.00;0.00;0.00;0.00;0.00;0.00;0.00;582.00;0.00;0.00;388.00;0.00;0.00;0.00;0.00;0.00;0.00;0.00;158.33;3942.34;3413.00;910.00;910.00;310.00;0.00;1479.34;2654.67;3030.00;442.33;629.34;0.00;320.00;0.00;817.00;920.00;300.00
1772828411.4883318;0.00;582.00;0.00;0.00;0.00;0.00;0.00;0.00;291.00;0.00;582.00;0.00;0.00;0.00;0.00;0.00;0.00;0.00;582.00;0.00;0.00;388.00;0.00;0.00;0.00;0.00;0.00;0.00;0.00;158.33;3942.34;3413.00;910.00;910.00;310.00;0.00;1479.34;2654.67;3030.00;442.33;629.34;0.00;320.00;0.00;817.00;920.00;300.00
1772828411.54494;0.00;582.00;0.00;0.00;0.00;0.00;0.00;0.00;388.00;0.00;582.00;0.00;0.00;0.00;0.00;0.00;0.00;0.00;582.00;0.00;0.00;388.00;0.00;0.00;0.00;0.00;0.00;0.00;0.00;158.33;4182.34;3653.00;1220.00;1220.00;460.00;0.00;1479.34;2654.67;3030.00;442.33;629.34;0.00;320.00;0.00;817.00;1070.00;450.00
1772828411.5469084;0.00;582.00;0.00;0.00;0.00;0.00;0.00;0.00;388.00;0.00;582.00;0.00;0.00;0.00;0.00;0.00;0.00;0.00;582.00;0.00;0.00;388.00;0.00;0.00;0.00;0.00;0.00;0.00;0.00;158.33;4182.34;3653.00;1220.00;1220.00;460.00;0.00;1479.34;2654.67;3030.00;442.33;629.34;0.00;320.00;0.00;817.00;1070.00;450.00
1772828411.6038654;0.00;582.00;0.00;0.00;0.00;0.00;0.00;0.00;485.00;0.00;582.00;0.00;0.00;0.00;0.00;0.00;0.00;0.00;582.00;0.00;0.00;388.00;0.00;0.00;0.00;0.00;0.00;0.00;0.00;158.33;4422.34;3893.00;1530.00;1530.00;610.00;0.00;1479.34;2654.67;3142.33;442.33;629.34;0.00;320.00;0.00;817.00;1220.00;600.00
1772828411.6059363;0.00;582.00;0.00;0.00;0.00;0.00;0.00;0.00;485.00;0.00;582.00;0.00;0.00;0.00;0.00;0.00;0.00;0.00;582.00;0.00;0.00;388.00;0.00;0.00;0.00;0.00;0.00;0.00;0.00;158.33;4422.34;3893.00;1530.00;1530.00;610.00;0.00;1479.34;2654.67;3142.33;442.33;629.34;0.00;320.00;0.00;817.00;1220.00;600.00
1772828411.6617935;0.00;582.00;0.00;0.00;0.00;0.00;0.00;0.00;582.00;0.00;582.00;0.00;0.00;0.00;0.00;0.00;0.00;0.00;582.00;0.00;0.00;388.00;0.00;230.00;0.00;0.00;0.00;0.00;0.00;158.33;4662.34;4133.00;1770.00;1760.00;690.00;0.00;1479.34;2654.67;3142.33;442.33;629.34;0.00;320.00;0.00;977.00;1370.00;750.00
1772828411.6638858;0.00;582.00;0.00;0.00;0.00;0.00;0.00;0.00;582.00;0.00;582.00;0.00;0.00;0.00;0.00;0.00;0.00;0.00;582.00;0.00;0.00;388.00;0.00;230.00;0.00;0.00;0.00;0.00;0.00;158.33;4662.34;4133.00;1770.00;1760.00;690.00;0.00;1479.34;2654.67;3142.33;442.33;629.34;0.00;320.00;0.00;977.00;1370.00;750.00
1772828424.3009803;0.00;582.00;0.00;0.00;0.00;0.00;0.00;0.00;582.00;0.00;582.00;0.00;0.00;0.00;0.00;0.00;0.00;0.00;582.00;0.00;0.00;485.00;0.00;770.00;230.00;230.00;0.00;0.00;0.00;158.33;4662.34;4133.00;1770.00;1760.00;834.67;0.00;1479.34;2654.67;3142.33;442.33;629.34;320.00;320.00;160.00;977.00;1370.00;1050.00
1772828424.3030822;0.00;582.00;0.00;0.00;0.00;0.00;0.00;0.00;582.00;0.00;582.00;0.00;0.00;0.00;0.00;0.00;0.00;0.00;582.00;0.00;0.00;485.00;0.00;770.00;230.00;230.00;0.00;0.00;0.00;158.33;4662.34;4133.00;1770.00;1760.00;834.67;0.00;1479.34;2654.67;3142.33;442.33;629.34;320.00;320.00;160.00;977.00;1370.00;1050.00
1772828424.357857;0.00;582.00;0.00;0.00;0.00;0.00;0.00;0.00;582.00;0.00;582.00;0.00;0.00;0.00;0.00;0.00;0.00;0.00;582.00;0.00;0.00;582.00;0.00;1214.67;770.00;460.00;230.00;0.00;0.00;158.33;4662.34;4133.00;1770.00;1760.00;979.34;0.00;1479.34;2654.67;3142.33;442.33;629.34;320.00;320.00;640.00;977.00;1370.00;1350.00
1772828424.3599963;0.00;582.00;0.00;0.00;0.00;0.00;0.00;0.00;582.00;0.00;582.00;0.00;0.00;0.00;0.00;0.00;0.00;0.00;582.00;0.00;0.00;582.00;0.00;1214.67;770.00;460.00;230.00;0.00;0.00;158.33;4662.34;4133.00;1770.00;1760.00;979.34;0.00;1479.34;2654.67;3142.33;442.33;629.34;320.00;320.00;640.00;977.00;1370.00;1350.00
1772828424.5702288;0.00;582.00;0.00;0.00;0.00;0.00;0.00;0.00;582.00;0.00;582.00;0.00;0.00;0.00;0.00;0.00;0.00;0.00;582.00;0.00;0.00;679.00;0.00;1659.34;1224.67;690.00;460.00;230.00;0.00;158.33;4662.34;4133.00;1770.00;1760.00;1076.34;0.00;1479.34;2654.67;3142.33;442.33;629.34;800.00;320.00;640.00;977.00;1370.00;1650.00
1772828424.5730357;0.00;582.00;0.00;0.00;0.00;0.00;0.00;0.00;582.00;0.00;582.00;0.00;0.00;0.00;0.00;0.00;0.00;0.00;582.00;0.00;0.00;679.00;0.00;1659.34;1224.67;690.00;460.00;230.00;0.00;158.33;4662.34;4133.00;1770.00;1760.00;1076.34;0.00;1479.34;2654.67;3142.33;442.33;629.34;800.00;320.00;640.00;977.00;1370.00;1650.00
1772828424.6517143;0.00;582.00;0.00;0.00;0.00;0.00;0.00;0.00;582.00;0.00;582.00;0.00;0.00;0.00;0.00;0.00;0.00;0.00;582.00;0.00;0.00;776.00;0.00;2056.34;1764.67;1230.00;690.00;460.00;0.00;158.33;4662.34;4133.00;1770.00;1760.00;1173.34;0.00;1479.34;2654.67;3142.33;752.33;629.34;800.00;480.00;640.00;977.00;1370.00;1950.00
1772828424.6541924;0.00;582.00;0.00;0.00;0.00;0.00;0.00;0.00;582.00;0.00;582.00;0.00;0.00;0.00;0.00;0.00;0.00;0.00;582.00;0.00;0.00;776.00;0.00;2056.34;1764.67;1230.00;690.00;460.00;0.00;158.33;4662.34;4133.00;1770.00;1760.00;1173.34;0.00;1479.34;2654.67;3142.33;752.33;629.34;800.00;480.00;640.00;977.00;1370.00;1950.00
1772828424.707142;0.00;582.00;0.00;0.00;0.00;0.00;0.00;0.00;582.00;0.00;582.00;0.00;0.00;0.00;0.00;0.00;0.00;0.00;582.00;0.00;0.00;873.00;0.00;2453.34;2304.67;1770.00;920.00;690.00;0.00;158.33;4662.34;4133.00;1770.00;1760.00;1270.34;0.00;1479.34;2654.67;3142.33;752.33;629.34;1024.67;640.00;640.00;977.00;1370.00;2250.00
1772828424.708423;0.00;582.00;0.00;0.00;0.00;0.00;0.00;0.00;582.00;0.00;582.00;0.00;0.00;0.00;0.00;0.00;0.00;0.00;582.00;0.00;0.00;873.00;0.00;2453.34;2304.67;1770.00;920.00;690.00;0.00;158.33;4662.34;4133.00;1770.00;1760.00;1270.34;0.00;1479.34;2654.67;3142.33;752.33;629.34;1024.67;640.00;640.00;977.00;1370.00;2250.00
1772828424.7421598;0.00;582.00;0.00;0.00;0.00;0.00;0.00;0.00;582.00;0.00;582.00;0.00;0.00;0.00;0.00;0.00;0.00;0.00;582.00;0.00;0.00;970.00;0.00;2955.67;2534.67;2000.00;1150.00;920.00;0.00;158.33;4662.34;4133.00;1770.00;2070.00;1527.34;0.00;1479.34;2654.67;3142.33;752.33;629.34;1024.67;800.00;640.00;977.00;1520.00;2624.67
1772828424.743417;0.00;582.00;0.00;0.00;0.00;0.00;0.00;0.00;582.00;0.00;582.00;0.00;0.00;0.00;0.00;0.00;0.00;0.00;582.00;0.00;0.00;970.00;0.00;2955.67;2534.67;2000.00;1150.00;920.00;0.00;158.33;4662.34;4133.00;1770.00;2070.00;1527.34;0.00;1479.34;2654.67;3142.33;752.33;629.34;1024.67;800.00;640.00;977.00;1520.00;2624.67
1772828447.3499458;0.00;582.00;0.00;0.00;0.00;0.00;0.00;0.00;582.00;0.00;582.00;0.00;0.00;0.00;97.00;0.00;0.00;0.00;0.00;0.00;0.00;970.00;0.00;2945.67;2844.67;2310.00;1460.00;1390.00;0.00;158.33;0.00;0.00;0.00;0.00;17.34;0.00;1254.67;1320.00;672.33;752.33;789.34;1024.67;912.33;640.00;977.00;0.00;524.67
1772828447.3519835;0.00;582.00;0.00;0.00;0.00;0.00;0.00;0.00;582.00;0.00;582.00;0.00;0.00;0.00;97.00;0.00;0.00;0.00;0.00;0.00;0.00;970.00;0.00;2945.67;2844.67;2310.00;1460.00;1390.00;0.00;158.33;0.00;0.00;0.00;0.00;17.34;0.00;1254.67;1320.00;672.33;752.33;789.34;1024.67;912.33;640.00;977.00;0.00;524.67
1772828447.3893554;0.00;582.00;0.00;0.00;0.00;0.00;0.00;0.00;582.00;0.00;582.00;0.00;0.00;0.00;194.00;0.00;0.00;0.00;0.00;0.00;0.00;970.00;0.00;3245.67;3144.67;2610.00;1760.00;2010.00;230.00;158.33;0.00;0.00;0.00;0.00;17.34;230.00;1254.67;1320.00;672.33;752.33;789.34;1024.67;1382.33;640.00;977.00;0.00;824.67
1772828447.3906825;0.00;582.00;0.00;0.00;0.00;0.00;0.00;0.00;582.00;0.00;582.00;0.00;0.00;0.00;194.00;0.00;0.00;0.00;0.00;0.00;0.00;970.00;0.00;3245.67;3144.67;2610.00;1760.00;2010.00;230.00;158.33;0.00;0.00;0.00;0.00;17.34;230.00;1254.67;1320.00;672.33;752.33;789.34;1024.67;1382.33;640.00;977.00;0.00;824.67
1772828447.4995973;0.00;582.00;0.00;0.00;0.00;0.00;0.00;0.00;582.00;0.00;582.00;0.00;0.00;0.00;291.00;0.00;0.00;0.00;0.00;0.00;0.00;970.00;0.00;3545.67;3444.67;2910.00;2060.00;2320.00;460.00;158.33;0.00;0.00;0.00;0.00;17.34;230.00;1254.67;1320.00;672.33;752.33;789.34;1024.67;1767.00;640.00;977.00;0.00;1124.67
1772828447.5008671;0.00;582.00;0.00;0.00;0.00;0.00;0.00;0.00;582.00;0.00;582.00;0.00;0.00;0.00;291.00;0.00;0.00;0.00;0.00;0.00;0.00;970.00;0.00;3545.67;3444.67;2910.00;2060.00;2320.00;460.00;158.33;0.00;0.00;0.00;0.00;17.34;230.00;1254.67;1320.00;672.33;752.33;789.34;1024.67;1767.00;640.00;977.00;0.00;1124.67
1772828447.5353339;0.00;582.00;0.00;0.00;0.00;0.00;0.00;0.00;582.00;0.00;582.00;0.00;0.00;0.00;388.00;0.00;0.00;0.00;0.00;0.00;0.00;970.00;0.00;3695.67;3594.67;3060.00;2210.00;2704.67;492.33;238.33;150.00;150.00;150.00;150.00;17.34;230.00;1254.67;1320.00;832.33;752.33;1014.01;1024.67;1767.00;640.00;977.00;150.00;1274.67
1772828447.5366242;0.00;582.00;0.00;0.00;0.00;0.00;0.00;0.00;582.00;0.00;582.00;0.00;0.00;0.00;388.00;0.00;0.00;0.00;0.00;0.00;0.00;970.00;0.00;3695.67;3594.67;3060.00;2210.00;2704.67;492.33;238.33;150.00;150.00;150.00;150.00;17.34;230.00;1254.67;1320.00;832.33;752.33;1014.01;1024.67;1767.00;640.00;977.00;150.00;1274.67
1772828447.574501;0.00;582.00;0.00;0.00;0.00;0.00;0.00;0.00;582.00;0.00;582.00;0.00;0.00;0.00;485.00;0.00;0.00;0.00;0.00;0.00;0.00;970.00;0.00;3845.67;3744.67;3210.00;2360.00;2864.67;749.33;318.33;230.00;300.00;300.00;300.00;167.34;230.00;1254.67;1320.00;992.33;752.33;1014.01;1024.67;1767.00;640.00;977.00;150.00;1574.67
1772828447.5757346;0.00;582.00;0.00;0.00;0.00;0.00;0.00;0.00;582.00;0.00;582.00;0.00;0.00;0.00;485.00;0.00;0.00;0.00;0.00;0.00;0.00;970.00;0.00;3845.67;3744.67;3210.00;2360.00;2864.67;749.33;318.33;230.00;300.00;300.00;300.00;167.34;230.00;1254.67;1320.00;992.33;752.33;1014.01;1024.67;1767.00;640.00;977.00;150.00;1574.67
1772828447.611797;0.00;582.00;0.00;0.00;0.00;0.00;0.00;0.00;582.00;0.00;582.00;0.00;0.00;0.00;582.00;0.00;0.00;0.00;0.00;0.00;0.00;970.00;0.00;3995.67;3894.67;3360.00;2510.00;3014.67;1091.66;398.33;310.00;380.00;450.00;450.00;167.34;550.00;1254.67;1320.00;1152.33;752.33;1014.01;1024.67;1767.00;640.00;977.00;300.00;1724.67
1772828447.6131787;0.00;582.00;0.00;0.00;0.00;0.00;0.00;0.00;582.00;0.00;582.00;0.00;0.00;0.00;582.00;0.00;0.00;0.00;0.00;0.00;0.00;970.00;0.00;3995.67;3894.67;3360.00;2510.00;3014.67;1091.66;398.33;310.00;380.00;450.00;450.00;167.34;550.00;1254.67;1320.00;1152.33;752.33;1014.01;1024.67;1767.00;640.00;977.00;300.00;1724.67
1772828463.4001188;0.00;582.00;0.00;0.00;0.00;0.00;0.00;0.00;582.00;0.00;582.00;0.00;0.00;0.00;582.00;0.00;0.00;0.00;97.00;0.00;0.00;970.00;0.00;3995.67;3894.67;3360.00;2510.00;3014.67;1091.66;398.33;540.00;610.00;904.67;750.00;167.34;550.00;1479.34;1480.00;1382.33;752.33;1014.01;1024.67;1767.00;640.00;977.00;600.00;1724.67
1772828463.4014957;0.00;582.00;0.00;0.00;0.00;0.00;0.00;0.00;582.00;0.00;582.00;0.00;0.00;0.00;582.00;0.00;0.00;0.00;97.00;0.00;0.00;970.00;0.00;3995.67;3894.67;3360.00;2510.00;3014.67;1091.66;398.33;540.00;610.00;904.67;750.00;167.34;550.00;1479.34;1480.00;1382.33;752.33;1014.01;1024.67;1767.00;640.00;977.00;600.00;1724.67
1772828463.5211298;0.00;582.00;0.00;0.00;0.00;0.00;0.00;0.00;582.00;0.00;582.00;0.00;0.00;0.00;582.00;0.00;0.00;0.00;97.00;0.00;0.00;970.00;0.00;3995.67;3894.67;3360.00;2510.00;3014.67;1091.66;398.33;540.00;610.00;904.67;750.00;167.34;550.00;1479.34;1480.00;1382.33;752.33;1014.01;1024.67;1767.00;640.00;977.00;600.00;1724.67
1772828463.5225277;0.00;582.00;0.00;0.00;0.00;0.00;0.00;0.00;582.00;0.00;582.00;0.00;0.00;0.00;582.00;0.00;0.00;0.00;97.00;0.00;0.00;970.00;0.00;3995.67;3894.67;3360.00;2510.00;3014.67;1091.66;398.33;540.00;610.00;904.67;750.00;167.34;550.00;1479.34;1480.00;1382.33;752.33;1014.01;1024.67;1767.00;640.00;977.00;600.00;1724.67
1772828463.5578804;0.00;582.00;0.00;0.00;0.00;0.00;0.00;0.00;582.00;0.00;582.00;0.00;0.00;0.00;582.00;0.00;0.00;0.00;97.00;0.00;0.00;970.00;0.00;3995.67;3894.67;3360.00;2510.00;3014.67;1091.66;398.33;540.00;610.00;904.67;750.00;167.34;550.00;1479.34;1480.00;1382.33;752.33;1014.01;1024.67;1767.00;640.00;977.00;600.00;1724.67
1772828463.5592177;0.00;582.00;0.00;0.00;0.00;0.00;0.00;0.00;582.00;0.00;582.00;0.00;0.00;0.00;582.00;0.00;0.00;0.00;97.00;0.00;0.00;970.00;0.00;3995.67;3894.67;3360.00;2510.00;3014.67;1091.66;398.33;540.00;610.00;904.67;750.00;167.34;550.00;1479.34;1480.00;1382.33;752.33;1014.01;1024.67;1767.00;640.00;977.00;600.00;1724.67
1772828463.6012664;0.00;582.00;0.00;0.00;0.00;0.00;0.00;0.00;582.00;0.00;582.00;0.00;0.00;0.00;582.00;0.00;0.00;0.00;97.00;0.00;0.00;970.00;0.00;3995.67;3894.67;3360.00;2510.00;3014.67;1091.66;398.33;540.00;610.00;904.67;750.00;167.34;550.00;1479.34;1480.00;1382.33;752.33;1014.01;1024.67;1767.00;640.00;977.00;600.00;1724.67
1772828463.6034634;0.00;582.00;0.00;0.00;0.00;0.00;0.00;0.00;582.00;0.00;582.00;0.00;0.00;0.00;582.00;0.00;0.00;0.00;97.00;0.00;0.00;970.00;0.00;3995.67;3894.67;3360.00;2510.00;3014.67;1091.66;398.33;540.00;610.00;904.67;750.00;167.34;550.00;1479.34;1480.00;1382.33;752.33;1014.01;1024.67;1767.00;640.00;977.00;600.00;1724.67
1772828463.6412787;0.00;582.00;0.00;0.00;0.00;0.00;0.00;0.00;582.00;0.00;582.00;0.00;0.00;0.00;582.00;0.00;0.00;0.00;97.00;0.00;0.00;970.00;0.00;3995.67;3894.67;3360.00;2510.00;3014.67;1091.66;398.33;540.00;610.00;904.67;750.00;167.34;550.00;1479.34;1480.00;1382.33;752.33;1014.01;1024.67;1767.00;640.00;977.00;600.00;1724.67
1772828463.6426854;0.00;582.00;0.00;0.00;0.00;0.00;0.00;0.00;582.00;0.00;582.00;0.00;0.00;0.00;582.00;0.00;0.00;0.00;97.00;0.00;0.00;970.00;0.00;3995.67;3894.67;3360.00;2510.00;3014.67;1091.66;398.33;540.00;610.00;904.67;750.00;167.34;550.00;1479.34;1480.00;1382.33;752.33;1014.01;1024.67;1767.00;640.00;977.00;600.00;1724.67
1772828463.683928;0.00;582.00;0.00;0.00;0.00;0.00;0.00;0.00;582.00;0.00;582.00;0.00;0.00;0.00;582.00;0.00;0.00;0.00;97.00;0.00;0.00;970.00;0.00;3995.67;3894.67;3360.00;2510.00;3014.67;1091.66;398.33;540.00;610.00;904.67;750.00;167.34;550.00;1479.34;1480.00;1382.33;752.33;1014.01;1024.67;1767.00;640.00;977.00;600.00;1724.67
1772828463.6852648;0.00;582.00;0.00;0.00;0.00;0.00;0.00;0.00;582.00;0.00;582.00;0.00;0.00;0.00;582.00;0.00;0.00;0.00;97.00;0.00;0.00;970.00;0.00;3995.67;3894.67;3360.00;2510.00;3014.67;1091.66;398.33;540.00;610.00;904.67;750.00;167.34;550.00;1479.34;1480.00;1382.33;752.33;1014.01;1024.67;1767.00;640.00;977.00;600.00;1724.67
1772828489.5939872;0.00;582.00;0.00;0.00;0.00;0.00;0.00;0.00;679.00;0.00;0.00;0.00;0.00;0.00;582.00;0.00;0.00;0.00;97.00;0.00;0.00;679.00;0.00;0.00;0.00;0.00;0.00;944.67;0.00;398.33;780.00;310.00;310.00;310.00;310.00;550.00;529.34;1720.00;1542.33;0.00;0.00;864.67;327.00;640.00;0.00;0.00;460.00
1772828489.5961118;0.00;582.00;0.00;0.00;0.00;0.00;0.00;0.00;679.00;0.00;0.00;0.00;0.00;0.00;582.00;0.00;0.00;0.00;97.00;0.00;0.00;679.00;0.00;0.00;0.00;0.00;0.00;944.67;0.00;398.33;780.00;310.00;310.00;310.00;310.00;550.00;529.34;1720.00;1542.33;0.00;0.00;864.67;327.00;640.00;0.00;0.00;460.00
1772828489.6565828;0.00;582.00;0.00;0.00;0.00;0.00;0.00;0.00;776.00;0.00;0.00;0.00;0.00;0.00;582.00;0.00;0.00;0.00;97.00;0.00;0.00;679.00;0.00;0.00;0.00;0.00;0.00;944.67;0.00;398.33;1020.00;620.00;620.00;620.00;610.00;550.00;849.34;1720.00;1702.33;0.00;0.00;864.67;327.00;640.00;0.00;0.00;760.00
1772828489.658685;0.00;582.00;0.00;0.00;0.00;0.00;0.00;0.00;776.00;0.00;0.00;0.00;0.00;0.00;582.00;0.00;0.00;0.00;97.00;0.00;0.00;679.00;0.00;0.00;0.00;0.00;0.00;944.67;0.00;398.33;1020.00;620.00;620.00;620.00;610.00;550.00;849.34;1720.00;1702.33;0.00;0.00;864.67;327.00;640.00;0.00;0.00;760.00
1772828489.7182157;0.00;582.00;0.00;0.00;0.00;0.00;0.00;0.00;873.00;0.00;0.00;0.00;0.00;0.00;582.00;0.00;0.00;0.00;97.00;0.00;0.00;679.00;0.00;0.00;0.00;0.00;0.00;944.67;0.00;398.33;1260.00;860.00;920.00;920.00;610.00;550.00;1169.34;1720.00;1862.33;0.00;0.00;864.67;327.00;640.00;0.00;300.00;760.00
1772828489.7203507;0.00;582.00;0.00;0.00;0.00;0.00;0.00;0.00;873.00;0.00;0.00;0.00;0.00;0.00;582.00;0.00;0.00;0.00;97.00;0.00;0.00;679.00;0.00;0.00;0.00;0.00;0.00;944.67;0.00;398.33;1260.00;860.00;920.00;920.00;610.00;550.00;1169.34;1720.00;1862.33;0.00;0.00;864.67;327.00;640.00;0.00;300.00;760.00
1772828489.7797432;0.00;582.00;0.00;0.00;0.00;0.00;0.00;0.00;970.00;0.00;0.00;0.00;0.00;0.00;582.00;0.00;0.00;0.00;97.00;0.00;0.00;679.00;0.00;230.00;0.00;0.00;0.00;944.67;0.00;398.33;1500.00;1100.00;1150.00;1150.00;690.00;550.00;1489.34;1720.00;1862.33;0.00;0.00;864.67;327.00;640.00;0.00;610.00;910.00
1772828489.7818573;0.00;582.00;0.00;0.00;0.00;0.00;0.00;0.00;970.00;0.00;0.00;0.00;0.00;0.00;582.00;0.00;0.00;0.00;97.00;0.00;0.00;679.00;0.00;230.00;0.00;0.00;0.00;944.67;0.00;398.33;1500.00;1100.00;1150.00;1150.00;690.00;550.00;1489.34;1720.00;1862.33;0.00;0.00;864.67;327.00;640.00;0.00;610.00;910.00
1772828489.840718;0.00;582.00;0.00;0.00;0.00;0.00;0.00;0.00;1067.00;0.00;0.00;0.00;0.00;0.00;582.00;0.00;0.00;0.00;97.00;0.00;0.00;679.00;0.00;380.00;150.00;150.00;150.00;1024.67;80.00;478.33;1660.00;1260.00;1310.00;1310.00;850.00;550.00;1489.34;1720.00;1862.33;0.00;0.00;864.67;487.00;640.00;0.00;610.00;1210.00
1772828489.8429322;0.00;582.00;0.00;0.00;0.00;0.00;0.00;0.00;1067.00;0.00;0.00;0.00;0.00;0.00;582.00;0.00;0.00;0.00;97.00;0.00;0.00;679.00;0.00;380.00;150.00;150.00;150.00;1024.67;80.00;478.33;1660.00;1260.00;1310.00;1310.00;850.00;550.00;1489.34;1720.00;1862.33;0.00;0.00;864.67;487.00;640.00;0.00;610.00;1210.00
1772828489.9012167;0.00;582.00;0.00;0.00;0.00;0.00;0.00;0.00;1164.00;0.00;0.00;0.00;0.00;0.00;582.00;0.00;0.00;0.00;97.00;0.00;0.00;679.00;0.00;530.00;300.00;300.00;230.00;1104.67;160.00;558.33;1820.00;1420.00;1470.00;1470.00;1010.00;550.00;1489.34;1720.00;1862.33;0.00;160.00;864.67;487.00;640.00;0.00;610.00;1510.00
1772828489.9034355;0.00;582.00;0.00;0.00;0.00;0.00;0.00;0.00;1164.00;0.00;0.00;0.00;0.00;0.00;582.00;0.00;0.00;0.00;97.00;0.00;0.00;679.00;0.00;530.00;300.00;300.00;230.00;1104.67;160.00;558.33;1820.00;1420.00;1470.00;1470.00;1010.00;550.00;1489.34;1720.00;1862.33;0.00;160.00;864.67;487.00;640.00;0.00;610.00;1510.00
1772828509.5583081;0.00;0.00;97.00;0.00;0.00;0.00;0.00;0.00;1164.00;0.00;0.00;0.00;0.00;0.00;582.00;0.00;0.00;0.00;97.00;0.00;0.00;582.00;0.00;530.00;300.00;300.00;240.00;1114.67;170.00;80.00;150.00;150.00;150.00;150.00;560.00;0.00;0.00;0.00;160.00;310.00;480.00;864.67;487.00;640.00;0.00;150.00;1060.00
1772828509.5595748;0.00;0.00;97.00;0.00;0.00;0.00;0.00;0.00;1164.00;0.00;0.00;0.00;0.00;0.00;582.00;0.00;0.00;0.00;97.00;0.00;0.00;582.00;0.00;530.00;300.00;300.00;240.00;1114.67;170.00;80.00;150.00;150.00;150.00;150.00;560.00;0.00;0.00;0.00;160.00;310.00;480.00;864.67;487.00;640.00;0.00;150.00;1060.00
1772828509.6111133;0.00;0.00;194.00;0.00;0.00;0.00;0.00;0.00;1164.00;0.00;0.00;0.00;0.00;0.00;582.00;0.00;0.00;0.00;97.00;0.00;0.00;582.00;0.00;680.00;450.00;450.00;400.00;1274.67;330.00;160.00;300.00;300.00;300.00;300.00;560.00;0.00;0.00;0.00;320.00;620.00;800.00;864.67;487.00;640.00;0.00;300.00;1210.00
1772828509.612484;0.00;0.00;194.00;0.00;0.00;0.00;0.00;0.00;1164.00;0.00;0.00;0.00;0.00;0.00;582.00;0.00;0.00;0.00;97.00;0.00;0.00;582.00;0.00;680.00;450.00;450.00;400.00;1274.67;330.00;160.00;300.00;300.00;300.00;300.00;560.00;0.00;0.00;0.00;320.00;620.00;800.00;864.67;487.00;640.00;0.00;300.00;1210.00
1772828509.6549058;0.00;0.00;291.00;0.00;0.00;0.00;0.00;0.00;1164.00;0.00;0.00;0.00;0.00;0.00;582.00;0.00;0.00;0.00;97.00;0.00;0.00;582.00;0.00;830.00;600.00;610.00;560.00;1434.67;490.00;240.00;450.00;450.00;450.00;450.00;560.00;0.00;0.00;0.00;480.00;620.00;800.00;864.67;487.00;640.00;0.00;450.00;1360.00
1772828509.6562269;0.00;0.00;291.00;0.00;0.00;0.00;0.00;0.00;1164.00;0.00;0.00;0.00;0.00;0.00;582.00;0.00;0.00;0.00;97.00;0.00;0.00;582.00;0.00;830.00;600.00;610.00;560.00;1434.67;490.00;240.00;450.00;450.00;450.00;450.00;560.00;0.00;0.00;0.00;480.00;620.00;800.00;864.67;487.00;640.00;0.00;450.00;1360.00
1772828509.6993048;0.00;0.00;388.00;0.00;0.00;0.00;0.00;0.00;1164.00;0.00;0.00;0.00;0.00;0.00;582.00;0.00;0.00;0.00;97.00;0.00;0.00;582.00;0.00;980.00;750.00;770.00;720.00;1594.67;650.00;320.00;600.00;600.00;600.00;600.00;560.00;0.00;0.00;0.00;640.00;620.00;800.00;864.67;487.00;640.00;0.00;600.00;1510.00
1772828509.7006233;0.00;0.00;388.00;0.00;0.00;0.00;0.00;0.00;1164.00;0.00;0.00;0.00;0.00;0.00;582.00;0.00;0.00;0.00;97.00;0.00;0.00;582.00;0.00;980.00;750.00;770.00;720.00;1594.67;650.00;320.00;600.00;600.00;600.00;600.00;560.00;0.00;0.00;0.00;640.00;620.00;800.00;864.67;487.00;640.00;0.00;600.00;1510.00
1772828509.7354143;0.00;0.00;485.00;0.00;0.00;0.00;0.00;0.00;1164.00;0.00;0.00;0.00;0.00;0.00;582.00;0.00;0.00;0.00;97.00;0.00;0.00;582.00;0.00;1130.00;900.00;920.00;880.00;1754.67;810.00;400.00;750.00;750.00;750.00;750.00;560.00;0.00;0.00;0.00;800.00;620.00;800.00;864.67;487.00;640.00;0.00;750.00;1660.00
1772828509.7365515;0.00;0.00;485.00;0.00;0.00;0.00;0.00;0.00;1164.00;0.00;0.00;0.00;0.00;0.00;582.00;0.00;0.00;0.00;97.00;0.00;0.00;582.00;0.00;1130.00;900.00;920.00;880.00;1754.67;810.00;400.00;750.00;750.00;750.00;750.00;560.00;0.00;0.00;0.00;800.00;620.00;800.00;864.67;487.00;640.00;0.00;750.00;1660.00
1772828509.8435647;0.00;0.00;582.00;0.00;0.00;0.00;0.00;0.00;1164.00;0.00;0.00;0.00;0.00;0.00;582.00;0.00;0.00;0.00;97.00;0.00;0.00;582.00;0.00;1280.00;1050.00;1070.00;1040.00;1914.67;970.00;480.00;900.00;900.00;900.00;900.00;560.00;0.00;0.00;0.00;960.00;620.00;800.00;864.67;487.00;640.00;0.00;900.00;1810.00
1772828509.8447602;0.00;0.00;582.00;0.00;0.00;0.00;0.00;0.00;1164.00;0.00;0.00;0.00;0.00;0.00;582.00;0.00;0.00;0.00;97.00;0.00;0.00;582.00;0.00;1280.00;1050.00;1070.00;1040.00;1914.67;970.00;480.00;900.00;900.00;900.00;900.00;560.00;0.00;0.00;0.00;960.00;620.00;800.00;864.67;487.00;640.00;0.00;900.00;1810.00
1772828529.5783985;0.00;0.00;582.00;0.00;0.00;0.00;0.00;0.00;1164.00;0.00;0.00;0.00;97.00;0.00;582.00;0.00;0.00;0.00;97.00;0.00;0.00;582.00;0.00;1580.00;1350.00;1370.00;1340.00;2311.67;1510.00;480.00;900.00;900.00;900.00;900.00;560.00;480.00;0.00;0.00;960.00;620.00;800.00;864.67;487.00;640.00;0.00;900.00;2110.00
1772828529.5806868;0.00;0.00;582.00;0.00;0.00;0.00;0.00;0.00;1164.00;0.00;0.00;0.00;97.00;0.00;582.00;0.00;0.00;0.00;97.00;0.00;0.00;582.00;0.00;1580.00;1350.00;1370.00;1340.00;2311.67;1510.00;480.00;900.00;900.00;900.00;900.00;560.00;480.00;0.00;0.00;960.00;620.00;800.00;864.67;487.00;640.00;0.00;900.00;2110.00
1772828529.6376157;0.00;0.00;582.00;0.00;0.00;0.00;0.00;0.00;1164.00;0.00;0.00;0.00;194.00;0.00;582.00;0.00;0.00;0.00;97.00;0.00;0.00;582.00;0.00;1730.00;1500.00;1520.00;1490.00;2558.67;1804.67;640.00;1060.00;1060.00;1060.00;1050.00;560.00;640.00;0.00;0.00;1280.00;620.00;800.00;864.67;599.33;640.00;310.00;1050.00;2260.00
1772828529.6399217;0.00;0.00;582.00;0.00;0.00;0.00;0.00;0.00;1164.00;0.00;0.00;0.00;194.00;0.00;582.00;0.00;0.00;0.00;97.00;0.00;0.00;582.00;0.00;1730.00;1500.00;1520.00;1490.00;2558.67;1804.67;640.00;1060.00;1060.00;1060.00;1050.00;560.00;640.00;0.00;0.00;1280.00;620.00;800.00;864.67;599.33;640.00;310.00;1050.00;2260.00
1772828529.6962476;0.00;0.00;582.00;0.00;0.00;0.00;0.00;0.00;1164.00;0.00;0.00;0.00;291.00;0.00;582.00;0.00;0.00;0.00;97.00;0.00;0.00;582.00;0.00;1730.00;1500.00;1520.00;1490.00;2655.67;1901.67;880.00;1370.00;1360.00;1360.00;1350.00;710.00;640.00;0.00;310.00;1760.00;620.00;800.00;864.67;599.33;640.00;310.00;1200.00;2410.00
1772828529.6985688;0.00;0.00;582.00;0.00;0.00;0.00;0.00;0.00;1164.00;0.00;0.00;0.00;291.00;0.00;582.00;0.00;0.00;0.00;97.00;0.00;0.00;582.00;0.00;1730.00;1500.00;1520.00;1490.00;2655.67;1901.67;880.00;1370.00;1360.00;1360.00;1350.00;710.00;640.00;0.00;310.00;1760.00;620.00;800.00;864.67;599.33;640.00;310.00;1200.00;2410.00
1772828529.7545664;0.00;0.00;582.00;0.00;0.00;0.00;0.00;0.00;1164.00;0.00;0.00;0.00;388.00;0.00;582.00;0.00;0.00;0.00;97.00;0.00;0.00;582.00;0.00;1880.00;1650.00;1670.00;1752.33;2950.34;2196.34;1040.00;1520.00;1510.00;1510.00;1500.00;710.00;800.00;0.00;310.00;2080.00;620.00;800.00;864.67;599.33;640.00;310.00;1350.00;2560.00
1772828529.7569776;0.00;0.00;582.00;0.00;0.00;0.00;0.00;0.00;1164.00;0.00;0.00;0.00;388.00;0.00;582.00;0.00;0.00;0.00;97.00;0.00;0.00;582.00;0.00;1880.00;1650.00;1670.00;1752.33;2950.34;2196.34;1040.00;1520.00;1510.00;1510.00;1500.00;710.00;800.00;0.00;310.00;2080.00;620.00;800.00;864.67;599.33;640.00;310.00;1350.00;2560.00
1772828529.933727;0.00;0.00;582.00;0.00;0.00;0.00;0.00;0.00;1164.00;0.00;0.00;0.00;485.00;0.00;582.00;0.00;0.00;0.00;97.00;0.00;0.00;582.00;0.00;2030.00;1800.00;1820.00;2014.66;3245.01;2491.01;1200.00;1680.00;1660.00;1660.00;1650.00;860.00;960.00;0.00;310.00;2080.00;620.00;800.00;864.67;599.33;640.00;310.00;1350.00;2860.00
1772828529.9361296;0.00;0.00;582.00;0.00;0.00;0.00;0.00;0.00;1164.00;0.00;0.00;0.00;485.00;0.00;582.00;0.00;0.00;0.00;97.00;0.00;0.00;582.00;0.00;2030.00;1800.00;1820.00;2014.66;3245.01;2491.01;1200.00;1680.00;1660.00;1660.00;1650.00;860.00;960.00;0.00;310.00;2080.00;620.00;800.00;864.67;599.33;640.00;310.00;1350.00;2860.00
1772828529.992056;0.00;0.00;582.00;0.00;0.00;0.00;0.00;0.00;1164.00;0.00;0.00;0.00;582.00;0.00;582.00;0.00;0.00;0.00;97.00;0.00;0.00;582.00;0.00;2180.00;1950.00;1970.00;2276.99;3539.68;2785.68;1360.00;1840.00;1810.00;1810.00;1800.00;1010.00;1120.00;0.00;310.00;2080.00;620.00;800.00;864.67;599.33;640.00;310.00;1350.00;3160.00
1772828529.9945264;0.00;0.00;582.00;0.00;0.00;0.00;0.00;0.00;1164.00;0.00;0.00;0.00;582.00;0.00;582.00;0.00;0.00;0.00;97.00;0.00;0.00;582.00;0.00;2180.00;1950.00;1970.00;2276.99;3539.68;2785.68;1360.00;1840.00;1810.00;1810.00;1800.00;1010.00;1120.00;0.00;310.00;2080.00;620.00;800.00;864.67;599.33;640.00;310.00;1350.00;3160.00
1772828548.6300795;0.00;0.00;582.00;0.00;0.00;0.00;0.00;0.00;582.00;0.00;0.00;0.00;679.00;0.00;582.00;0.00;0.00;0.00;97.00;0.00;0.00;0.00;0.00;310.00;240.00;240.00;144.67;339.68;2785.68;1360.00;0.00;0.00;0.00;0.00;0.00;1120.00;0.00;0.00;927.67;310.00;800.00;160.00;0.00;320.00;150.00;0.00;300.00
1772828548.6320412;0.00;0.00;582.00;0.00;0.00;0.00;0.00;0.00;582.00;0.00;0.00;0.00;679.00;0.00;582.00;0.00;0.00;0.00;97.00;0.00;0.00;0.00;0.00;310.00;240.00;240.00;144.67;339.68;2785.68;1360.00;0.00;0.00;0.00;0.00;0.00;1120.00;0.00;0.00;927.67;310.00;800.00;160.00;0.00;320.00;150.00;0.00;300.00
1772828548.693686;0.00;0.00;582.00;0.00;0.00;0.00;0.00;0.00;582.00;0.00;0.00;0.00;776.00;0.00;582.00;0.00;0.00;0.00;97.00;0.00;0.00;0.00;0.00;610.00;550.00;550.00;289.34;339.68;2785.68;1360.00;0.00;0.00;0.00;0.00;0.00;1120.00;0.00;0.00;927.67;470.00;800.00;480.00;0.00;320.00;150.00;0.00;600.00
1772828548.6957998;0.00;0.00;582.00;0.00;0.00;0.00;0.00;0.00;582.00;0.00;0.00;0.00;776.00;0.00;582.00;0.00;0.00;0.00;97.00;0.00;0.00;0.00;0.00;610.00;550.00;550.00;289.34;339.68;2785.68;1360.00;0.00;0.00;0.00;0.00;0.00;1120.00;0.00;0.00;927.67;470.00;800.00;480.00;0.00;320.00;150.00;0.00;600.00
1772828548.7566693;0.00;0.00;582.00;0.00;0.00;0.00;0.00;0.00;582.00;0.00;0.00;0.00;873.00;0.00;582.00;0.00;0.00;0.00;97.00;0.00;0.00;0.00;0.00;910.00;860.00;860.00;616.34;569.68;2785.68;1360.00;0.00;0.00;0.00;0.00;0.00;1120.00;0.00;0.00;927.67;470.00;800.00;800.00;160.00;320.00;150.00;0.00;900.00
1772828548.7587962;0.00;0.00;582.00;0.00;0.00;0.00;0.00;0.00;582.00;0.00;0.00;0.00;873.00;0.00;582.00;0.00;0.00;0.00;97.00;0.00;0.00;0.00;0.00;910.00;860.00;860.00;616.34;569.68;2785.68;1360.00;0.00;0.00;0.00;0.00;0.00;1120.00;0.00;0.00;927.67;470.00;800.00;800.00;160.00;320.00;150.00;0.00;900.00
1772828548.9432354;0.00;0.00;582.00;0.00;0.00;0.00;0.00;0.00;582.00;0.00;0.00;0.00;970.00;0.00;582.00;0.00;0.00;0.00;97.00;0.00;0.00;0.00;0.00;1060.00;1020.00;1020.00;681.01;602.01;2818.01;1440.00;80.00;80.00;150.00;150.00;0.00;1120.00;230.00;0.00;1087.67;470.00;800.00;800.00;160.00;320.00;150.00;150.00;1050.00
1772828548.945336;0.00;0.00;582.00;0.00;0.00;0.00;0.00;0.00;582.00;0.00;0.00;0.00;970.00;0.00;582.00;0.00;0.00;0.00;97.00;0.00;0.00;0.00;0.00;1060.00;1020.00;1020.00;681.01;602.01;2818.01;1440.00;80.00;80.00;150.00;150.00;0.00;1120.00;230.00;0.00;1087.67;470.00;800.00;800.00;160.00;320.00;150.00;150.00;1050.00
1772828549.0051315;0.00;0.00;582.00;0.00;0.00;0.00;0.00;0.00;582.00;0.00;0.00;0.00;1067.00;0.00;582.00;0.00;0.00;0.00;97.00;0.00;0.00;0.00;0.00;1210.00;1180.00;1180.00;745.68;634.34;2850.34;1520.00;160.00;230.00;300.00;300.00;150.00;1120.00;230.00;160.00;1087.67;694.67;800.00;800.00;160.00;320.00;150.00;150.00;1350.00
1772828549.0072548;0.00;0.00;582.00;0.00;0.00;0.00;0.00;0.00;582.00;0.00;0.00;0.00;1067.00;0.00;582.00;0.00;0.00;0.00;97.00;0.00;0.00;0.00;0.00;1210.00;1180.00;1180.00;745.68;634.34;2850.34;1520.00;160.00;230.00;300.00;300.00;150.00;1120.00;230.00;160.00;1087.67;694.67;800.00;800.00;160.00;320.00;150.00;150.00;1350.00
1772828549.0669537;0.00;0.00;582.00;0.00;0.00;0.00;0.00;0.00;582.00;0.00;0.00;0.00;1164.00;0.00;582.00;0.00;0.00;0.00;97.00;0.00;0.00;0.00;0.00;1360.00;1340.00;1340.00;810.35;666.67;2882.67;1600.00;240.00;310.00;450.00;450.00;150.00;1120.00;230.00;320.00;1087.67;919.34;800.00;800.00;160.00;320.00;150.00;300.00;1500.00
1772828549.0691037;0.00;0.00;582.00;0.00;0.00;0.00;0.00;0.00;582.00;0.00;0.00;0.00;1164.00;0.00;582.00;0.00;0.00;0.00;97.00;0.00;0.00;0.00;0.00;1360.00;1340.00;1340.00;810.35;666.67;2882.67;1600.00;240.00;310.00;450.00;450.00;150.00;1120.00;230.00;320.00;1087.67;919.34;800.00;800.00;160.00;320.00;150.00;300.00;1500.00
1772828567.6632066;0.00;97.00;582.00;0.00;0.00;0.00;0.00;0.00;582.00;0.00;0.00;0.00;1164.00;0.00;0.00;0.00;0.00;0.00;0.00;0.00;0.00;0.00;0.00;0.00;0.00;0.00;0.00;0.00;731.01;880.00;0.00;240.00;310.00;310.00;150.00;570.00;165.33;160.00;0.00;919.34;415.33;800.00;0.00;320.00;150.00;470.00;150.00
1772828567.665161;0.00;97.00;582.00;0.00;0.00;0.00;0.00;0.00;582.00;0.00;0.00;0.00;1164.00;0.00;0.00;0.00;0.00;0.00;0.00;0.00;0.00;0.00;0.00;0.00;0.00;0.00;0.00;0.00;731.01;880.00;0.00;240.00;310.00;310.00;150.00;570.00;165.33;160.00;0.00;919.34;415.33;800.00;0.00;320.00;150.00;470.00;150.00
1772828567.8438284;0.00;194.00;582.00;0.00;0.00;0.00;0.00;0.00;582.00;0.00;0.00;0.00;1164.00;0.00;0.00;0.00;0.00;0.00;0.00;0.00;0.00;0.00;0.00;0.00;0.00;0.00;0.00;0.00;731.01;880.00;0.00;710.00;610.00;610.00;300.00;570.00;635.33;592.33;0.00;919.34;415.33;800.00;0.00;320.00;150.00;620.00;300.00
1772828567.8459406;0.00;194.00;582.00;0.00;0.00;0.00;0.00;0.00;582.00;0.00;0.00;0.00;1164.00;0.00;0.00;0.00;0.00;0.00;0.00;0.00;0.00;0.00;0.00;0.00;0.00;0.00;0.00;0.00;731.01;880.00;0.00;710.00;610.00;610.00;300.00;570.00;635.33;592.33;0.00;919.34;415.33;800.00;0.00;320.00;150.00;620.00;300.00
1772828567.9083874;0.00;291.00;582.00;0.00;0.00;0.00;0.00;0.00;582.00;0.00;0.00;0.00;1164.00;0.00;0.00;0.00;0.00;0.00;0.00;0.00;0.00;0.00;0.00;0.00;0.00;0.00;0.00;0.00;731.01;880.00;230.00;1020.00;910.00;910.00;300.00;570.00;945.33;912.33;160.00;919.34;415.33;800.00;0.00;320.00;150.00;920.00;300.00
1772828567.9104888;0.00;291.00;582.00;0.00;0.00;0.00;0.00;0.00;582.00;0.00;0.00;0.00;1164.00;0.00;0.00;0.00;0.00;0.00;0.00;0.00;0.00;0.00;0.00;0.00;0.00;0.00;0.00;0.00;731.01;880.00;230.00;1020.00;910.00;910.00;300.00;570.00;945.33;912.33;160.00;919.34;415.33;800.00;0.00;320.00;150.00;920.00;300.00
1772828567.971749;0.00;388.00;582.00;0.00;0.00;0.00;0.00;0.00;582.00;0.00;0.00;0.00;1164.00;0.00;0.00;0.00;0.00;0.00;0.00;0.00;0.00;0.00;0.00;0.00;0.00;0.00;0.00;0.00;731.01;880.00;460.00;1330.00;1220.00;1220.00;450.00;570.00;945.33;1072.33;390.00;919.34;415.33;800.00;0.00;320.00;150.00;1070.00;450.00
1772828567.9737105;0.00;388.00;582.00;0.00;0.00;0.00;0.00;0.00;582.00;0.00;0.00;0.00;1164.00;0.00;0.00;0.00;0.00;0.00;0.00;0.00;0.00;0.00;0.00;0.00;0.00;0.00;0.00;0.00;731.01;880.00;460.00;1330.00;1220.00;1220.00;450.00;570.00;945.33;1072.33;390.00;919.34;415.33;800.00;0.00;320.00;150.00;1070.00;450.00
1772828568.034376;0.00;485.00;582.00;0.00;0.00;0.00;0.00;0.00;582.00;0.00;0.00;0.00;1164.00;0.00;0.00;0.00;0.00;0.00;0.00;0.00;0.00;0.00;0.00;150.00;150.00;150.00;150.00;150.00;881.01;960.00;540.00;1490.00;1380.00;1370.00;450.00;800.00;945.33;1232.33;390.00;919.34;415.33;800.00;0.00;320.00;150.00;1220.00;600.00
1772828568.0364494;0.00;485.00;582.00;0.00;0.00;0.00;0.00;0.00;582.00;0.00;0.00;0.00;1164.00;0.00;0.00;0.00;0.00;0.00;0.00;0.00;0.00;0.00;0.00;150.00;150.00;150.00;150.00;150.00;881.01;960.00;540.00;1490.00;1380.00;1370.00;450.00;800.00;945.33;1232.33;390.00;919.34;415.33;800.00;0.00;320.00;150.00;1220.00;600.00
1772828568.0965025;0.00;582.00;582.00;0.00;0.00;0.00;0.00;0.00;582.00;0.00;0.00;0.00;1164.00;0.00;0.00;0.00;0.00;0.00;0.00;0.00;0.00;0.00;0.00;300.00;300.00;300.00;300.00;300.00;1031.01;1040.00;620.00;1650.00;1540.00;1520.00;450.00;800.00;945.33;1392.33;390.00;919.34;415.33;800.00;0.00;320.00;150.00;1370.00;750.00
1772828568.0986185;0.00;582.00;582.00;0.00;0.00;0.00;0.00;0.00;582.00;0.00;0.00;0.00;1164.00;0.00;0.00;0.00;0.00;0.00;0.00;0.00;0.00;0.00;0.00;300.00;300.00;300.00;300.00;300.00;1031.01;1040.00;620.00;1650.00;1540.00;1520.00;450.00;800.00;945.33;1392.33;390.00;919.34;415.33;800.00;0.00;320.00;150.00;1370.00;750.00
1772828585.8560226;0.00;582.00;582.00;0.00;0.00;0.00;0.00;0.00;582.00;0.00;0.00;0.00;1164.00;0.00;0.00;0.00;0.00;0.00;0.00;0.00;97.00;0.00;0.00;600.00;600.00;600.00;600.00;600.00;1271.01;1040.00;620.00;1650.00;1540.00;1520.00;450.00;800.00;945.33;1392.33;390.00;919.34;415.33;800.00;480.00;320.00;150.00;1370.00;1050.00
1772828585.8583524;0.00;582.00;582.00;0.00;0.00;0.00;0.00;0.00;582.00;0.00;0.00;0.00;1164.00;0.00;0.00;0.00;0.00;0.00;0.00;0.00;97.00;0.00;0.00;600.00;600.00;600.00;600.00;600.00;1271.01;1040.00;620.00;1650.00;1540.00;1520.00;450.00;800.00;945.33;1392.33;390.00;919.34;415.33;800.00;480.00;320.00;150.00;1370.00;1050.00
1772828585.9202724;0.00;582.00;582.00;0.00;0.00;0.00;0.00;0.00;582.00;0.00;0.00;0.00;1164.00;0.00;0.00;0.00;0.00;0.00;0.00;0.00;194.00;0.00;0.00;900.00;910.00;910.00;910.00;840.00;1511.01;1040.00;620.00;1650.00;1540.00;1520.00;450.00;800.00;945.33;1392.33;390.00;919.34;415.33;800.00;640.00;320.00;150.00;1370.00;1350.00
1772828585.9225912;0.00;582.00;582.00;0.00;0.00;0.00;0.00;0.00;582.00;0.00;0.00;0.00;1164.00;0.00;0.00;0.00;0.00;0.00;0.00;0.00;194.00;0.00;0.00;900.00;910.00;910.00;910.00;840.00;1511.01;1040.00;620.00;1650.00;1540.00;1520.00;450.00;800.00;945.33;1392.33;390.00;919.34;415.33;800.00;640.00;320.00;150.00;1370.00;1350.00
1772828585.983704;0.00;582.00;582.00;0.00;0.00;0.00;0.00;0.00;582.00;0.00;0.00;0.00;1164.00;0.00;0.00;0.00;0.00;0.00;0.00;0.00;291.00;0.00;0.00;1200.00;1210.00;1210.00;1210.00;1150.00;1821.01;1200.00;620.00;1650.00;1540.00;1520.00;450.00;912.33;945.33;1392.33;390.00;919.34;415.33;800.00;640.00;320.00;150.00;1370.00;1650.00
1772828585.985975;0.00;582.00;582.00;0.00;0.00;0.00;0.00;0.00;582.00;0.00;0.00;0.00;1164.00;0.00;0.00;0.00;0.00;0.00;0.00;0.00;291.00;0.00;0.00;1200.00;1210.00;1210.00;1210.00;1150.00;1821.01;1200.00;620.00;1650.00;1540.00;1520.00;450.00;912.33;945.33;1392.33;390.00;919.34;415.33;800.00;640.00;320.00;150.00;1370.00;1650.00
1772828586.043822;0.00;582.00;582.00;0.00;0.00;0.00;0.00;0.00;582.00;0.00;0.00;0.00;1164.00;0.00;0.00;0.00;0.00;0.00;0.00;0.00;291.00;0.00;0.00;1200.00;1210.00;1210.00;1210.00;1150.00;1821.01;1200.00;620.00;1650.00;1540.00;1520.00;450.00;912.33;945.33;1392.33;390.00;919.34;415.33;800.00;640.00;320.00;150.00;1370.00;1650.00
1772828586.0461504;0.00;582.00;582.00;0.00;0.00;0.00;0.00;0.00;582.00;0.00;0.00;0.00;1164.00;0.00;0.00;0.00;0.00;0.00;0.00;0.00;291.00;0.00;0.00;1200.00;1210.00;1210.00;1210.00;1150.00;1821.01;1200.00;620.00;1650.00;1540.00;1520.00;450.00;912.33;945.33;1392.33;390.00;919.34;415.33;800.00;640.00;320.00;150.00;1370.00;1650.00
1772828586.104868;0.00;582.00;582.00;0.00;0.00;0.00;0.00;0.00;582.00;0.00;0.00;0.00;1164.00;0.00;0.00;0.00;0.00;0.00;0.00;0.00;291.00;0.00;0.00;1200.00;1210.00;1210.00;1210.00;1150.00;1821.01;1200.00;620.00;1650.00;1540.00;1520.00;450.00;912.33;945.33;1392.33;390.00;919.34;415.33;800.00;640.00;320.00;150.00;1370.00;1650.00
1772828586.1071465;0.00;582.00;582.00;0.00;0.00;0.00;0.00;0.00;582.00;0.00;0.00;0.00;1164.00;0.00;0.00;0.00;0.00;0.00;0.00;0.00;291.00;0.00;0.00;1200.00;1210.00;1210.00;1210.00;1150.00;1821.01;1200.00;620.00;1650.00;1540.00;1520.00;450.00;912.33;945.33;1392.33;390.00;919.34;415.33;800.00;640.00;320.00;150.00;1370.00;1650.00
1772828586.2985892;0.00;582.00;582.00;0.00;0.00;0.00;0.00;0.00;582.00;0.00;0.00;0.00;1164.00;0.00;0.00;0.00;0.00;0.00;0.00;0.00;291.00;0.00;0.00;1200.00;1210.00;1210.00;1210.00;1150.00;1821.01;1200.00;620.00;1650.00;1540.00;1520.00;450.00;912.33;945.33;1392.33;390.00;919.34;415.33;800.00;640.00;320.00;150.00;1370.00;1650.00
1772828586.300907;0.00;582.00;582.00;0.00;0.00;0.00;0.00;0.00;582.00;0.00;0.00;0.00;1164.00;0.00;0.00;0.00;0.00;0.00;0.00;0.00;291.00;0.00;0.00;1200.00;1210.00;1210.00;1210.00;1150.00;1821.01;1200.00;620.00;1650.00;1540.00;1520.00;450.00;912.33;945.33;1392.33;390.00;919.34;415.33;800.00;640.00;320.00;150.00;1370.00;1650.00
1772828595.7188358;0.00;582.00;582.00;0.00;0.00;0.00;0.00;0.00;582.00;0.00;0.00;0.00;1164.00;0.00;0.00;0.00;0.00;0.00;0.00;0.00;291.00;0.00;0.00;1200.00;1210.00;1210.00;1210.00;1150.00;1821.01;1200.00;620.00;1650.00;1540.00;1520.00;450.00;912.33;945.33;1392.33;390.00;919.34;415.33;800.00;640.00;320.00;150.00;1370.00;1650.00
1772828595.7218611;0.00;582.00;582.00;0.00;0.00;0.00;0.00;0.00;582.00;0.00;0.00;0.00;1164.00;0.00;0.00;0.00;0.00;0.00;0.00;0.00;291.00;0.00;0.00;1200.00;1210.00;1210.00;1210.00;1150.00;1821.01;1200.00;620.00;1650.00;1540.00;1520.00;450.00;912.33;945.33;1392.33;390.00;919.34;415.33;800.00;640.00;320.00;150.00;1370.00;1650.00
1772828595.7986197;0.00;582.00;582.00;0.00;0.00;0.00;0.00;0.00;582.00;0.00;0.00;0.00;1164.00;0.00;0.00;0.00;0.00;0.00;0.00;0.00;291.00;0.00;0.00;1200.00;1210.00;1210.00;1210.00;1150.00;1821.01;1200.00;620.00;1650.00;1540.00;1520.00;450.00;912.33;945.33;1392.33;390.00;919.34;415.33;800.00;640.00;320.00;150.00;1370.00;1650.00
1772828595.807928;0.00;582.00;582.00;0.00;0.00;0.00;0.00;0.00;582.00;0.00;0.00;0.00;1164.00;0.00;0.00;0.00;0.00;0.00;0.00;0.00;291.00;0.00;0.00;1200.00;1210.00;1210.00;1210.00;1150.00;1821.01;1200.00;620.00;1650.00;1540.00;1520.00;450.00;912.33;945.33;1392.33;390.00;919.34;415.33;800.00;640.00;320.00;150.00;1370.00;1650.00
1772828595.865623;0.00;582.00;582.00;0.00;0.00;0.00;0.00;0.00;582.00;0.00;0.00;0.00;1164.00;0.00;0.00;0.00;0.00;0.00;0.00;0.00;291.00;0.00;0.00;1200.00;1210.00;1210.00;1210.00;1150.00;1821.01;1200.00;620.00;1650.00;1540.00;1520.00;450.00;912.33;945.33;1392.33;390.00;919.34;415.33;800.00;640.00;320.00;150.00;1370.00;1650.00
1772828595.8678834;0.00;582.00;582.00;0.00;0.00;0.00;0.00;0.00;582.00;0.00;0.00;0.00;1164.00;0.00;0.00;0.00;0.00;0.00;0.00;0.00;291.00;0.00;0.00;1200.00;1210.00;1210.00;1210.00;1150.00;1821.01;1200.00;620.00;1650.00;1540.00;1520.00;450.00;912.33;945.33;1392.33;390.00;919.34;415.33;800.00;640.00;320.00;150.00;1370.00;1650.00
1772828595.925505;0.00;582.00;582.00;0.00;0.00;0.00;0.00;0.00;582.00;0.00;0.00;0.00;1164.00;0.00;0.00;0.00;0.00;0.00;0.00;0.00;291.00;0.00;0.00;1200.00;1210.00;1210.00;1210.00;1150.00;1821.01;1200.00;620.00;1650.00;1540.00;1520.00;450.00;912.33;945.33;1392.33;390.00;919.34;415.33;800.00;640.00;320.00;150.00;1370.00;1650.00
1772828595.9278235;0.00;582.00;582.00;0.00;0.00;0.00;0.00;0.00;582.00;0.00;0.00;0.00;1164.00;0.00;0.00;0.00;0.00;0.00;0.00;0.00;291.00;0.00;0.00;1200.00;1210.00;1210.00;1210.00;1150.00;1821.01;1200.00;620.00;1650.00;1540.00;1520.00;450.00;912.33;945.33;1392.33;390.00;919.34;415.33;800.00;640.00;320.00;150.00;1370.00;1650.00
1772828596.1157331;0.00;582.00;582.00;0.00;0.00;0.00;0.00;0.00;582.00;0.00;0.00;0.00;1164.00;0.00;0.00;0.00;0.00;0.00;0.00;0.00;291.00;0.00;0.00;1200.00;1210.00;1210.00;1210.00;1150.00;1821.01;1200.00;620.00;1650.00;1540.00;1520.00;450.00;912.33;945.33;1392.33;390.00;919.34;415.33;800.00;640.00;320.00;150.00;1370.00;1650.00
1772828596.1180766;0.00;582.00;582.00;0.00;0.00;0.00;0.00;0.00;582.00;0.00;0.00;0.00;1164.00;0.00;0.00;0.00;0.00;0.00;0.00;0.00;291.00;0.00;0.00;1200.00;1210.00;1210.00;1210.00;1150.00;1821.01;1200.00;620.00;1650.00;1540.00;1520.00;450.00;912.33;945.33;1392.33;390.00;919.34;415.33;800.00;640.00;320.00;150.00;1370.00;1650.00
1772828596.1766994;0.00;582.00;582.00;0.00;0.00;0.00;0.00;0.00;582.00;0.00;0.00;0.00;1164.00;0.00;0.00;0.00;0.00;0.00;0.00;0.00;291.00;0.00;0.00;1200.00;1210.00;1210.00;1210.00;1150.00;1821.01;1200.00;620.00;1650.00;1540.00;1520.00;450.00;912.33;945.33;1392.33;390.00;919.34;415.33;800.00;640.00;320.00;150.00;1370.00;1650.00
1772828596.1790287;0.00;582.00;582.00;0.00;0.00;0.00;0.00;0.00;582.00;0.00;0.00;0.00;1164.00;0.00;0.00;0.00;0.00;0.00;0.00;0.00;291.00;0.00;0.00;1200.00;1210.00;1210.00;1210.00;1150.00;1821.01;1200.00;620.00;1650.00;1540.00;1520.00;450.00;912.33;945.33;1392.33;390.00;919.34;415.33;800.00;640.00;320.00;150.00;1370.00;1650.00
1772828618.7460086;0.00;582.00;582.00;0.00;0.00;0.00;97.00;0.00;0.00;0.00;0.00;0.00;1164.00;0.00;0.00;0.00;0.00;0.00;0.00;0.00;291.00;0.00;0.00;0.00;610.00;610.00;980.00;990.00;1501.01;880.00;0.00;240.00;310.00;310.00;160.00;912.33;160.00;1002.33;0.00;919.34;255.33;800.00;480.00;320.00;150.00;150.00;310.00
1772828618.74727;0.00;582.00;582.00;0.00;0.00;0.00;97.00;0.00;0.00;0.00;0.00;0.00;1164.00;0.00;0.00;0.00;0.00;0.00;0.00;0.00;291.00;0.00;0.00;0.00;610.00;610.00;980.00;990.00;1501.01;880.00;0.00;240.00;310.00;310.00;160.00;912.33;160.00;1002.33;0.00;919.34;255.33;800.00;480.00;320.00;150.00;150.00;310.00
1772828618.7874959;0.00;582.00;582.00;0.00;0.00;0.00;194.00;0.00;0.00;0.00;0.00;0.00;1164.00;0.00;0.00;0.00;0.00;0.00;0.00;0.00;291.00;0.00;0.00;230.00;610.00;610.00;980.00;990.00;1501.01;880.00;0.00;480.00;540.00;540.00;240.00;912.33;470.00;1322.33;0.00;919.34;255.33;800.00;480.00;320.00;150.00;460.00;460.00
1772828618.7886167;0.00;582.00;582.00;0.00;0.00;0.00;194.00;0.00;0.00;0.00;0.00;0.00;1164.00;0.00;0.00;0.00;0.00;0.00;0.00;0.00;291.00;0.00;0.00;230.00;610.00;610.00;980.00;990.00;1501.01;880.00;0.00;480.00;540.00;540.00;240.00;912.33;470.00;1322.33;0.00;919.34;255.33;800.00;480.00;320.00;150.00;460.00;460.00
1772828618.8271508;0.00;582.00;582.00;0.00;0.00;0.00;291.00;0.00;0.00;0.00;0.00;0.00;1164.00;0.00;0.00;0.00;0.00;0.00;0.00;0.00;291.00;0.00;0.00;230.00;610.00;610.00;980.00;990.00;1501.01;880.00;0.00;902.33;850.00;850.00;540.00;912.33;950.00;1322.33;0.00;919.34;255.33;800.00;480.00;320.00;150.00;460.00;760.00
1772828618.8283591;0.00;582.00;582.00;0.00;0.00;0.00;291.00;0.00;0.00;0.00;0.00;0.00;1164.00;0.00;0.00;0.00;0.00;0.00;0.00;0.00;291.00;0.00;0.00;230.00;610.00;610.00;980.00;990.00;1501.01;880.00;0.00;902.33;850.00;850.00;540.00;912.33;950.00;1322.33;0.00;919.34;255.33;800.00;480.00;320.00;150.00;460.00;760.00
1772828618.9446568;0.00;582.00;582.00;0.00;0.00;0.00;388.00;0.00;0.00;0.00;0.00;0.00;1164.00;0.00;0.00;0.00;0.00;0.00;0.00;0.00;291.00;0.00;0.00;380.00;760.00;760.00;1130.00;1070.00;1581.01;960.00;80.00;1062.33;1010.00;1000.00;540.00;912.33;950.00;1322.33;160.00;919.34;255.33;800.00;480.00;320.00;150.00;610.00;910.00
1772828618.9458787;0.00;582.00;582.00;0.00;0.00;0.00;388.00;0.00;0.00;0.00;0.00;0.00;1164.00;0.00;0.00;0.00;0.00;0.00;0.00;0.00;291.00;0.00;0.00;380.00;760.00;760.00;1130.00;1070.00;1581.01;960.00;80.00;1062.33;1010.00;1000.00;540.00;912.33;950.00;1322.33;160.00;919.34;255.33;800.00;480.00;320.00;150.00;610.00;910.00
1772828618.983434;0.00;582.00;582.00;0.00;0.00;0.00;485.00;0.00;0.00;0.00;0.00;0.00;1164.00;0.00;0.00;0.00;0.00;0.00;0.00;0.00;291.00;0.00;0.00;530.00;910.00;910.00;1210.00;1150.00;1661.01;1040.00;160.00;1222.33;1170.00;1160.00;700.00;1072.33;950.00;1322.33;160.00;919.34;255.33;800.00;480.00;320.00;150.00;610.00;1210.00
1772828618.9847057;0.00;582.00;582.00;0.00;0.00;0.00;485.00;0.00;0.00;0.00;0.00;0.00;1164.00;0.00;0.00;0.00;0.00;0.00;0.00;0.00;291.00;0.00;0.00;530.00;910.00;910.00;1210.00;1150.00;1661.01;1040.00;160.00;1222.33;1170.00;1160.00;700.00;1072.33;950.00;1322.33;160.00;919.34;255.33;800.00;480.00;320.00;150.00;610.00;1210.00
1772828619.0244029;0.00;582.00;582.00;0.00;0.00;0.00;485.00;0.00;0.00;0.00;0.00;0.00;1164.00;0.00;0.00;0.00;0.00;0.00;0.00;0.00;291.00;0.00;0.00;530.00;910.00;910.00;1210.00;1150.00;1661.01;1040.00;160.00;1222.33;1170.00;1160.00;700.00;1072.33;950.00;1322.33;160.00;919.34;255.33;800.00;480.00;320.00;150.00;610.00;1210.00
1772828619.0257103;0.00;582.00;582.00;0.00;0.00;0.00;485.00;0.00;0.00;0.00;0.00;0.00;1164.00;0.00;0.00;0.00;0.00;0.00;0.00;0.00;291.00;0.00;0.00;530.00;910.00;910.00;1210.00;1150.00;1661.01;1040.00;160.00;1222.33;1170.00;1160.00;700.00;1072.33;950.00;1322.33;160.00;919.34;255.33;800.00;480.00;320.00;150.00;610.00;1210.00
1772828637.7788875;0.00;582.00;0.00;0.00;0.00;0.00;485.00;97.00;0.00;0.00;0.00;0.00;582.00;0.00;0.00;0.00;0.00;0.00;0.00;0.00;291.00;0.00;0.00;0.00;0.00;0.00;0.00;0.00;0.00;0.00;240.00;310.00;310.00;300.00;150.00;0.00;950.00;1242.33;480.00;0.00;0.00;800.00;287.67;320.00;310.00;150.00;150.00
1772828637.779925;0.00;582.00;0.00;0.00;0.00;0.00;485.00;97.00;0.00;0.00;0.00;0.00;582.00;0.00;0.00;0.00;0.00;0.00;0.00;0.00;291.00;0.00;0.00;0.00;0.00;0.00;0.00;0.00;0.00;0.00;240.00;310.00;310.00;300.00;150.00;0.00;950.00;1242.33;480.00;0.00;0.00;800.00;287.67;320.00;310.00;150.00;150.00
1772828637.8282802;0.00;582.00;0.00;0.00;0.00;0.00;485.00;194.00;0.00;0.00;0.00;0.00;582.00;0.00;0.00;0.00;0.00;0.00;0.00;0.00;291.00;0.00;0.00;150.00;150.00;150.00;150.00;150.00;150.00;80.00;400.00;470.00;470.00;460.00;310.00;160.00;950.00;1242.33;480.00;0.00;0.00;800.00;287.67;320.00;310.00;150.00;450.00
1772828637.8299198;0.00;582.00;0.00;0.00;0.00;0.00;485.00;194.00;0.00;0.00;0.00;0.00;582.00;0.00;0.00;0.00;0.00;0.00;0.00;0.00;291.00;0.00;0.00;150.00;150.00;150.00;150.00;150.00;150.00;80.00;400.00;470.00;470.00;460.00;310.00;160.00;950.00;1242.33;480.00;0.00;0.00;800.00;287.67;320.00;310.00;150.00;450.00
1772828637.9670444;0.00;582.00;0.00;0.00;0.00;0.00;485.00;291.00;0.00;0.00;0.00;0.00;582.00;0.00;0.00;0.00;0.00;0.00;0.00;0.00;291.00;0.00;0.00;150.00;150.00;150.00;150.00;150.00;150.00;240.00;710.00;780.00;770.00;760.00;310.00;320.00;950.00;1242.33;592.33;0.00;0.00;800.00;287.67;320.00;310.00;450.00;450.00
1772828637.9680738;0.00;582.00;0.00;0.00;0.00;0.00;485.00;291.00;0.00;0.00;0.00;0.00;582.00;0.00;0.00;0.00;0.00;0.00;0.00;0.00;291.00;0.00;0.00;150.00;150.00;150.00;150.00;150.00;150.00;240.00;710.00;780.00;770.00;760.00;310.00;320.00;950.00;1242.33;592.33;0.00;0.00;800.00;287.67;320.00;310.00;450.00;450.00
1772828638.007059;0.00;582.00;0.00;0.00;0.00;0.00;485.00;388.00;0.00;0.00;0.00;0.00;582.00;0.00;0.00;0.00;0.00;0.00;0.00;0.00;291.00;0.00;0.00;150.00;150.00;150.00;150.00;150.00;150.00;400.00;1020.00;1090.00;1070.00;1060.00;310.00;480.00;950.00;1242.33;704.66;0.00;0.00;800.00;287.67;320.00;310.00;750.00;450.00
1772828638.008112;0.00;582.00;0.00;0.00;0.00;0.00;485.00;388.00;0.00;0.00;0.00;0.00;582.00;0.00;0.00;0.00;0.00;0.00;0.00;0.00;291.00;0.00;0.00;150.00;150.00;150.00;150.00;150.00;150.00;400.00;1020.00;1090.00;1070.00;1060.00;310.00;480.00;950.00;1242.33;704.66;0.00;0.00;800.00;287.67;320.00;310.00;750.00;450.00
1772828638.0476902;0.00;582.00;0.00;0.00;0.00;0.00;485.00;485.00;0.00;0.00;0.00;0.00;582.00;0.00;0.00;0.00;0.00;0.00;0.00;0.00;291.00;0.00;0.00;150.00;150.00;150.00;150.00;150.00;150.00;560.00;1330.00;1400.00;1370.00;1360.00;310.00;640.00;950.00;1242.33;816.99;0.00;0.00;800.00;287.67;320.00;310.00;1050.00;450.00
1772828638.048763;0.00;582.00;0.00;0.00;0.00;0.00;485.00;485.00;0.00;0.00;0.00;0.00;582.00;0.00;0.00;0.00;0.00;0.00;0.00;0.00;291.00;0.00;0.00;150.00;150.00;150.00;150.00;150.00;150.00;560.00;1330.00;1400.00;1370.00;1360.00;310.00;640.00;950.00;1242.33;816.99;0.00;0.00;800.00;287.67;320.00;310.00;1050.00;450.00
1772828638.0880744;0.00;582.00;0.00;0.00;0.00;0.00;485.00;582.00;0.00;0.00;0.00;0.00;582.00;0.00;0.00;0.00;0.00;0.00;0.00;0.00;291.00;0.00;0.00;150.00;150.00;150.00;150.00;150.00;150.00;720.00;1640.00;1710.00;1670.00;1660.00;310.00;800.00;950.00;1242.33;929.32;0.00;0.00;800.00;287.67;320.00;310.00;1350.00;450.00
1772828638.0892198;0.00;582.00;0.00;0.00;0.00;0.00;485.00;582.00;0.00;0.00;0.00;0.00;582.00;0.00;0.00;0.00;0.00;0.00;0.00;0.00;291.00;0.00;0.00;150.00;150.00;150.00;150.00;150.00;150.00;720.00;1640.00;1710.00;1670.00;1660.00;310.00;800.00;950.00;1242.33;929.32;0.00;0.00;800.00;287.67;320.00;310.00;1350.00;450.00
1772828667.8390594;0.00;582.00;0.00;0.00;0.00;0.00;485.00;582.00;97.00;0.00;0.00;0.00;0.00;0.00;0.00;0.00;0.00;0.00;0.00;0.00;291.00;0.00;0.00;0.00;0.00;0.00;0.00;0.00;53.01;0.00;1480.00;1470.00;620.00;610.00;310.00;800.00;950.00;912.33;1089.32;0.00;0.00;0.00;47.67;0.00;310.00;900.00;150.00
1772828667.8407903;0.00;582.00;0.00;0.00;0.00;0.00;485.00;582.00;97.00;0.00;0.00;0.00;0.00;0.00;0.00;0.00;0.00;0.00;0.00;0.00;291.00;0.00;0.00;0.00;0.00;0.00;0.00;0.00;53.01;0.00;1480.00;1470.00;620.00;610.00;310.00;800.00;950.00;912.33;1089.32;0.00;0.00;0.00;47.67;0.00;310.00;900.00;150.00
1772828668.0278294;0.00;582.00;0.00;0.00;0.00;0.00;485.00;582.00;194.00;0.00;0.00;0.00;0.00;0.00;0.00;0.00;0.00;0.00;0.00;0.00;291.00;0.00;0.00;0.00;0.00;0.00;0.00;0.00;53.01;0.00;1720.00;1710.00;930.00;920.00;470.00;800.00;1110.00;912.33;1089.32;0.00;0.00;0.00;47.67;0.00;310.00;1050.00;300.00
1772828668.0295982;0.00;582.00;0.00;0.00;0.00;0.00;485.00;582.00;194.00;0.00;0.00;0.00;0.00;0.00;0.00;0.00;0.00;0.00;0.00;0.00;291.00;0.00;0.00;0.00;0.00;0.00;0.00;0.00;53.01;0.00;1720.00;1710.00;930.00;920.00;470.00;800.00;1110.00;912.33;1089.32;0.00;0.00;0.00;47.67;0.00;310.00;1050.00;300.00
1772828668.0937262;0.00;582.00;0.00;0.00;0.00;0.00;485.00;582.00;291.00;0.00;0.00;0.00;0.00;0.00;0.00;0.00;0.00;0.00;0.00;0.00;291.00;0.00;0.00;0.00;0.00;0.00;0.00;0.00;53.01;0.00;1960.00;2020.00;1230.00;1220.00;620.00;800.00;1110.00;912.33;1201.65;0.00;0.00;0.00;47.67;0.00;310.00;1200.00;450.00
1772828668.0955617;0.00;582.00;0.00;0.00;0.00;0.00;485.00;582.00;291.00;0.00;0.00;0.00;0.00;0.00;0.00;0.00;0.00;0.00;0.00;0.00;291.00;0.00;0.00;0.00;0.00;0.00;0.00;0.00;53.01;0.00;1960.00;2020.00;1230.00;1220.00;620.00;800.00;1110.00;912.33;1201.65;0.00;0.00;0.00;47.67;0.00;310.00;1200.00;450.00
1772828668.1594732;0.00;582.00;0.00;0.00;0.00;0.00;485.00;582.00;388.00;0.00;0.00;0.00;0.00;0.00;0.00;0.00;0.00;0.00;0.00;0.00;291.00;0.00;0.00;230.00;0.00;0.00;0.00;0.00;53.01;0.00;2200.00;2260.00;1460.00;1450.00;700.00;800.00;1110.00;912.33;1426.32;0.00;0.00;0.00;47.67;0.00;470.00;1350.00;600.00
1772828668.16137;0.00;582.00;0.00;0.00;0.00;0.00;485.00;582.00;388.00;0.00;0.00;0.00;0.00;0.00;0.00;0.00;0.00;0.00;0.00;0.00;291.00;0.00;0.00;230.00;0.00;0.00;0.00;0.00;53.01;0.00;2200.00;2260.00;1460.00;1450.00;700.00;800.00;1110.00;912.33;1426.32;0.00;0.00;0.00;47.67;0.00;470.00;1350.00;600.00
1772828668.2256877;0.00;582.00;0.00;0.00;0.00;0.00;485.00;582.00;485.00;0.00;0.00;0.00;0.00;0.00;0.00;0.00;0.00;0.00;0.00;0.00;291.00;0.00;0.00;380.00;150.00;150.00;150.00;150.00;133.01;80.00;2360.00;2420.00;1610.00;1600.00;700.00;800.00;1110.00;912.33;1650.99;0.00;0.00;0.00;207.67;0.00;470.00;1500.00;750.00
1772828668.22759;0.00;582.00;0.00;0.00;0.00;0.00;485.00;582.00;485.00;0.00;0.00;0.00;0.00;0.00;0.00;0.00;0.00;0.00;0.00;0.00;291.00;0.00;0.00;380.00;150.00;150.00;150.00;150.00;133.01;80.00;2360.00;2420.00;1610.00;1600.00;700.00;800.00;1110.00;912.33;1650.99;0.00;0.00;0.00;207.67;0.00;470.00;1500.00;750.00
1772828668.4104855;0.00;582.00;0.00;0.00;0.00;0.00;485.00;582.00;582.00;0.00;0.00;0.00;0.00;0.00;0.00;0.00;0.00;0.00;0.00;0.00;291.00;0.00;0.00;840.00;300.00;300.00;230.00;230.00;213.01;160.00;2520.00;2580.00;1770.00;1760.00;860.00;800.00;1110.00;912.33;1650.99;0.00;0.00;320.00;367.67;0.00;470.00;1500.00;1050.00
1772828668.4124684;0.00;582.00;0.00;0.00;0.00;0.00;485.00;582.00;582.00;0.00;0.00;0.00;0.00;0.00;0.00;0.00;0.00;0.00;0.00;0.00;291.00;0.00;0.00;840.00;300.00;300.00;230.00;230.00;213.01;160.00;2520.00;2580.00;1770.00;1760.00;860.00;800.00;1110.00;912.33;1650.99;0.00;0.00;320.00;367.67;0.00;470.00;1500.00;1050.00
