timestamp,(0,34);(14,17);(25,24);(8,13);(8,22);(14,10);(14,11);(28,27);(28,29);(28,30);(2,3);(2,32);(5,4);(9,12);(23,15);(23,19);(23,20);(18,21);(6,7);(2,16);(25,26);(33,1);(33,31);(34,9);(9,18);(18,2);(2,5);(5,23);(23,25);(25,28);(28,14);(14,8);(8,6);(6,33);(33,34);(25,25.1);(8,8.1);(14,14.1);(28,28.1);(2,2.1);(5,5.1);(9,9.1);(23,23.1);(18,18.1);(6,6.1);(33,33.1);(34,34.1)
1772827682.209126;0.00;0.00;0.00;0.00;0.00;0.00;0.00;0.00;97.00;0.00;0.00;0.00;0.00;0.00;0.00;0.00;0.00;0.00;0.00;0.00;0.00;0.00;0.00;0.00;0.00;0.00;0.00;0.00;0.00;0.00;144.67;214.67;310.00;310.00;310.00;0.00;0.00;230.00;160.00;0.00;0.00;0.00;0.00;0.00;0.00;320.00;460.00
1772827682.2100039;0.00;0.00;0.00;0.00;0.00;0.00;0.00;0.00;97.00;0.00;0.00;0.00;0.00;0.00;0.00;0.00;0.00;0.00;0.00;0.00;0.00;0.00;0.00;0.00;0.00;0.00;0.00;0.00;0.00;0.00;144.67;214.67;310.00;310.00;310.00;0.00;0.00;230.00;160.00;0.00;0.00;0.00;0.00;0.00;0.00;320.00;460.00
1772827682.2376845;0.00;0.00;0.00;0.00;0.00;0.00;0.00;0.00;194.00;0.00;0.00;0.00;0.00;0.00;0.00;0.00;0.00;0.00;0.00;0.00;0.00;0.00;0.00;0.00;0.00;0.00;0.00;0.00;0.00;0.00;289.34;359.34;620.00;620.00;460.00;0.00;550.00;230.00;320.00;0.00;0.00;0.00;0.00;0.00;0.00;470.00;610.00
1772827682.2384238;0.00;0.00;0.00;0.00;0.00;0.00;0.00;0.00;194.00;0.00;0.00;0.00;0.00;0.00;0.00;0.00;0.00;0.00;0.00;0.00;0.00;0.00;0.00;0.00;0.00;0.00;0.00;0.00;0.00;0.00;289.34;359.34;620.00;620.00;460.00;0.00;550.00;230.00;320.00;0.00;0.00;0.00;0.00;0.00;0.00;470.00;610.00
1772827682.2662237;0.00;0.00;0.00;0.00;0.00;0.00;0.00;0.00;291.00;0.00;0.00;0.00;0.00;0.00;0.00;0.00;0.00;0.00;0.00;0.00;0.00;0.00;0.00;0.00;0.00;0.00;0.00;0.00;0.00;0.00;434.01;574.01;930.00;930.00;760.00;0.00;870.00;390.00;320.00;0.00;0.00;0.00;0.00;0.00;0.00;470.00;910.00
1772827682.266957;0.00;0.00;0.00;0.00;0.00;0.00;0.00;0.00;291.00;0.00;0.00;0.00;0.00;0.00;0.00;0.00;0.00;0.00;0.00;0.00;0.00;0.00;0.00;0.00;0.00;0.00;0.00;0.00;0.00;0.00;434.01;574.01;930.00;930.00;760.00;0.00;870.00;390.00;320.00;0.00;0.00;0.00;0.00;0.00;0.00;470.00;910.00
1772827682.2951834;0.00;0.00;0.00;0.00;0.00;0.00;0.00;0.00;388.00;0.00;0.00;0.00;0.00;0.00;0.00;0.00;0.00;0.00;0.00;0.00;0.00;0.00;0.00;0.00;0.00;0.00;0.00;0.00;0.00;0.00;578.68;788.68;1240.00;1240.00;1060.00;0.00;1190.00;550.00;320.00;0.00;0.00;0.00;0.00;0.00;0.00;470.00;1210.00
1772827682.2960029;0.00;0.00;0.00;0.00;0.00;0.00;0.00;0.00;388.00;0.00;0.00;0.00;0.00;0.00;0.00;0.00;0.00;0.00;0.00;0.00;0.00;0.00;0.00;0.00;0.00;0.00;0.00;0.00;0.00;0.00;578.68;788.68;1240.00;1240.00;1060.00;0.00;1190.00;550.00;320.00;0.00;0.00;0.00;0.00;0.00;0.00;470.00;1210.00
1772827682.3236442;0.00;0.00;0.00;0.00;0.00;0.00;0.00;0.00;485.00;0.00;0.00;0.00;0.00;0.00;0.00;0.00;0.00;0.00;0.00;0.00;0.00;0.00;0.00;0.00;0.00;0.00;0.00;0.00;0.00;0.00;818.68;1098.68;1550.00;1550.00;1370.00;0.00;1190.00;710.00;320.00;0.00;0.00;0.00;0.00;0.00;320.00;470.00;1510.00
1772827682.3244493;0.00;0.00;0.00;0.00;0.00;0.00;0.00;0.00;485.00;0.00;0.00;0.00;0.00;0.00;0.00;0.00;0.00;0.00;0.00;0.00;0.00;0.00;0.00;0.00;0.00;0.00;0.00;0.00;0.00;0.00;818.68;1098.68;1550.00;1550.00;1370.00;0.00;1190.00;710.00;320.00;0.00;0.00;0.00;0.00;0.00;320.00;470.00;1510.00
1772827682.3519452;0.00;0.00;0.00;0.00;0.00;0.00;0.00;0.00;582.00;0.00;0.00;0.00;0.00;0.00;0.00;0.00;0.00;0.00;0.00;0.00;0.00;0.00;0.00;0.00;0.00;0.00;0.00;0.00;0.00;0.00;1058.68;1398.68;1850.00;1850.00;1670.00;0.00;1190.00;1180.00;640.00;0.00;0.00;0.00;0.00;0.00;320.00;470.00;1810.00
1772827682.3528185;0.00;0.00;0.00;0.00;0.00;0.00;0.00;0.00;582.00;0.00;0.00;0.00;0.00;0.00;0.00;0.00;0.00;0.00;0.00;0.00;0.00;0.00;0.00;0.00;0.00;0.00;0.00;0.00;0.00;0.00;1058.68;1398.68;1850.00;1850.00;1670.00;0.00;1190.00;1180.00;640.00;0.00;0.00;0.00;0.00;0.00;320.00;470.00;1810.00
1772827699.2924733;0.00;0.00;0.00;0.00;0.00;0.00;0.00;0.00;582.00;0.00;0.00;0.00;0.00;0.00;0.00;97.00;0.00;0.00;0.00;0.00;0.00;0.00;0.00;310.00;310.00;310.00;240.00;240.00;0.00;0.00;1058.68;1398.68;1850.00;1850.00;1670.00;0.00;1190.00;1180.00;640.00;0.00;0.00;0.00;160.00;320.00;320.00;470.00;2110.00
1772827699.2930412;0.00;0.00;0.00;0.00;0.00;0.00;0.00;0.00;582.00;0.00;0.00;0.00;0.00;0.00;0.00;97.00;0.00;0.00;0.00;0.00;0.00;0.00;0.00;310.00;310.00;310.00;240.00;240.00;0.00;0.00;1058.68;1398.68;1850.00;1850.00;1670.00;0.00;1190.00;1180.00;640.00;0.00;0.00;0.00;160.00;320.00;320.00;470.00;2110.00
1772827699.3097959;0.00;0.00;0.00;0.00;0.00;0.00;0.00;0.00;582.00;0.00;0.00;0.00;0.00;0.00;0.00;194.00;0.00;0.00;0.00;0.00;0.00;0.00;0.00;610.00;610.00;610.00;480.00;480.00;0.00;0.00;1058.68;1398.68;1850.00;1850.00;1670.00;0.00;1190.00;1180.00;640.00;310.00;0.00;0.00;640.00;320.00;320.00;470.00;2410.00
1772827699.3103063;0.00;0.00;0.00;0.00;0.00;0.00;0.00;0.00;582.00;0.00;0.00;0.00;0.00;0.00;0.00;194.00;0.00;0.00;0.00;0.00;0.00;0.00;0.00;610.00;610.00;610.00;480.00;480.00;0.00;0.00;1058.68;1398.68;1850.00;1850.00;1670.00;0.00;1190.00;1180.00;640.00;310.00;0.00;0.00;640.00;320.00;320.00;470.00;2410.00
1772827699.3275433;0.00;0.00;0.00;0.00;0.00;0.00;0.00;0.00;582.00;0.00;0.00;0.00;0.00;0.00;0.00;291.00;0.00;0.00;0.00;0.00;0.00;0.00;0.00;910.00;910.00;910.00;720.00;720.00;0.00;0.00;1058.68;1398.68;1850.00;1850.00;1670.00;0.00;1190.00;1180.00;640.00;620.00;0.00;0.00;1120.00;320.00;320.00;470.00;2710.00
1772827699.3281672;0.00;0.00;0.00;0.00;0.00;0.00;0.00;0.00;582.00;0.00;0.00;0.00;0.00;0.00;0.00;291.00;0.00;0.00;0.00;0.00;0.00;0.00;0.00;910.00;910.00;910.00;720.00;720.00;0.00;0.00;1058.68;1398.68;1850.00;1850.00;1670.00;0.00;1190.00;1180.00;640.00;620.00;0.00;0.00;1120.00;320.00;320.00;470.00;2710.00
1772827699.3457277;0.00;0.00;0.00;0.00;0.00;0.00;0.00;0.00;582.00;0.00;0.00;0.00;0.00;0.00;0.00;388.00;0.00;0.00;0.00;0.00;0.00;0.00;0.00;1210.00;1210.00;1210.00;960.00;960.00;0.00;0.00;1058.68;1398.68;1850.00;1850.00;1670.00;0.00;1190.00;1180.00;640.00;930.00;320.00;0.00;1280.00;320.00;320.00;470.00;3010.00
1772827699.3464322;0.00;0.00;0.00;0.00;0.00;0.00;0.00;0.00;582.00;0.00;0.00;0.00;0.00;0.00;0.00;388.00;0.00;0.00;0.00;0.00;0.00;0.00;0.00;1210.00;1210.00;1210.00;960.00;960.00;0.00;0.00;1058.68;1398.68;1850.00;1850.00;1670.00;0.00;1190.00;1180.00;640.00;930.00;320.00;0.00;1280.00;320.00;320.00;470.00;3010.00
1772827699.3643494;0.00;0.00;0.00;0.00;0.00;0.00;0.00;0.00;582.00;0.00;0.00;0.00;0.00;0.00;0.00;485.00;0.00;0.00;0.00;0.00;0.00;0.00;0.00;1510.00;1510.00;1520.00;1200.00;1200.00;0.00;0.00;1058.68;1398.68;1850.00;1850.00;1670.00;0.00;1190.00;1180.00;640.00;930.00;640.00;0.00;1440.00;320.00;320.00;470.00;3310.00
1772827699.3650253;0.00;0.00;0.00;0.00;0.00;0.00;0.00;0.00;582.00;0.00;0.00;0.00;0.00;0.00;0.00;485.00;0.00;0.00;0.00;0.00;0.00;0.00;0.00;1510.00;1510.00;1520.00;1200.00;1200.00;0.00;0.00;1058.68;1398.68;1850.00;1850.00;1670.00;0.00;1190.00;1180.00;640.00;930.00;640.00;0.00;1440.00;320.00;320.00;470.00;3310.00
1772827699.3816893;0.00;0.00;0.00;0.00;0.00;0.00;0.00;0.00;582.00;0.00;0.00;0.00;0.00;0.00;0.00;582.00;0.00;0.00;0.00;0.00;0.00;0.00;0.00;1810.00;1810.00;1830.00;1440.00;1440.00;0.00;0.00;1058.68;1398.68;1850.00;1850.00;1670.00;0.00;1190.00;1180.00;640.00;930.00;960.00;0.00;1600.00;320.00;320.00;470.00;3610.00
1772827699.3823392;0.00;0.00;0.00;0.00;0.00;0.00;0.00;0.00;582.00;0.00;0.00;0.00;0.00;0.00;0.00;582.00;0.00;0.00;0.00;0.00;0.00;0.00;0.00;1810.00;1810.00;1830.00;1440.00;1440.00;0.00;0.00;1058.68;1398.68;1850.00;1850.00;1670.00;0.00;1190.00;1180.00;640.00;930.00;960.00;0.00;1600.00;320.00;320.00;470.00;3610.00
1772827722.271794;0.00;0.00;0.00;0.00;0.00;0.00;0.00;0.00;582.00;0.00;0.00;0.00;0.00;0.00;0.00;582.00;97.00;0.00;0.00;0.00;0.00;0.00;0.00;2120.00;2120.00;2140.00;1680.00;1680.00;0.00;0.00;1058.68;1398.68;1850.00;1850.00;1670.00;0.00;1190.00;1180.00;640.00;930.00;960.00;0.00;1760.00;320.00;320.00;470.00;3910.00
1772827722.2725067;0.00;0.00;0.00;0.00;0.00;0.00;0.00;0.00;582.00;0.00;0.00;0.00;0.00;0.00;0.00;582.00;97.00;0.00;0.00;0.00;0.00;0.00;0.00;2120.00;2120.00;2140.00;1680.00;1680.00;0.00;0.00;1058.68;1398.68;1850.00;1850.00;1670.00;0.00;1190.00;1180.00;640.00;930.00;960.00;0.00;1760.00;320.00;320.00;470.00;3910.00
1772827722.2888184;0.00;0.00;0.00;0.00;0.00;0.00;0.00;0.00;582.00;0.00;0.00;0.00;0.00;0.00;0.00;582.00;194.00;0.00;0.00;0.00;0.00;0.00;0.00;2420.00;2350.00;2370.00;1920.00;1920.00;0.00;0.00;1058.68;1398.68;1850.00;1850.00;1670.00;0.00;1190.00;1180.00;640.00;930.00;960.00;0.00;1760.00;480.00;320.00;470.00;4210.00
1772827722.2895885;0.00;0.00;0.00;0.00;0.00;0.00;0.00;0.00;582.00;0.00;0.00;0.00;0.00;0.00;0.00;582.00;194.00;0.00;0.00;0.00;0.00;0.00;0.00;2420.00;2350.00;2370.00;1920.00;1920.00;0.00;0.00;1058.68;1398.68;1850.00;1850.00;1670.00;0.00;1190.00;1180.00;640.00;930.00;960.00;0.00;1760.00;480.00;320.00;470.00;4210.00
1772827722.3077655;0.00;0.00;0.00;0.00;0.00;0.00;0.00;0.00;582.00;0.00;0.00;0.00;0.00;0.00;0.00;582.00;291.00;0.00;0.00;0.00;0.00;0.00;0.00;2720.00;2580.00;2600.00;2160.00;2160.00;0.00;0.00;1058.68;1398.68;1850.00;1850.00;1670.00;0.00;1190.00;1180.00;640.00;930.00;960.00;160.00;1760.00;480.00;320.00;470.00;4510.00
1772827722.3086123;0.00;0.00;0.00;0.00;0.00;0.00;0.00;0.00;582.00;0.00;0.00;0.00;0.00;0.00;0.00;582.00;291.00;0.00;0.00;0.00;0.00;0.00;0.00;2720.00;2580.00;2600.00;2160.00;2160.00;0.00;0.00;1058.68;1398.68;1850.00;1850.00;1670.00;0.00;1190.00;1180.00;640.00;930.00;960.00;160.00;1760.00;480.00;320.00;470.00;4510.00
1772827722.3264039;0.00;0.00;0.00;0.00;0.00;0.00;0.00;0.00;582.00;0.00;0.00;0.00;0.00;0.00;0.00;582.00;388.00;0.00;0.00;0.00;0.00;0.00;0.00;3020.00;2810.00;2830.00;2400.00;2400.00;0.00;0.00;1058.68;1398.68;1850.00;1850.00;1670.00;0.00;1190.00;1180.00;640.00;930.00;960.00;320.00;1760.00;480.00;320.00;470.00;4810.00
1772827722.327126;0.00;0.00;0.00;0.00;0.00;0.00;0.00;0.00;582.00;0.00;0.00;0.00;0.00;0.00;0.00;582.00;388.00;0.00;0.00;0.00;0.00;0.00;0.00;3020.00;2810.00;2830.00;2400.00;2400.00;0.00;0.00;1058.68;1398.68;1850.00;1850.00;1670.00;0.00;1190.00;1180.00;640.00;930.00;960.00;320.00;1760.00;480.00;320.00;470.00;4810.00
1772827722.3446033;0.00;0.00;0.00;0.00;0.00;0.00;0.00;0.00;582.00;0.00;0.00;0.00;0.00;0.00;0.00;582.00;485.00;0.00;0.00;0.00;0.00;0.00;0.00;3320.00;3040.00;3060.00;2640.00;2640.00;0.00;0.00;1058.68;1398.68;1850.00;1850.00;1670.00;0.00;1190.00;1180.00;640.00;930.00;960.00;480.00;1760.00;480.00;320.00;470.00;5110.00
1772827722.3454611;0.00;0.00;0.00;0.00;0.00;0.00;0.00;0.00;582.00;0.00;0.00;0.00;0.00;0.00;0.00;582.00;485.00;0.00;0.00;0.00;0.00;0.00;0.00;3320.00;3040.00;3060.00;2640.00;2640.00;0.00;0.00;1058.68;1398.68;1850.00;1850.00;1670.00;0.00;1190.00;1180.00;640.00;930.00;960.00;480.00;1760.00;480.00;320.00;470.00;5110.00
1772827722.364394;0.00;0.00;0.00;0.00;0.00;0.00;0.00;0.00;582.00;0.00;0.00;0.00;0.00;0.00;0.00;582.00;582.00;0.00;0.00;0.00;0.00;0.00;0.00;3620.00;3270.00;3290.00;2880.00;2880.00;0.00;0.00;1058.68;1398.68;1850.00;1850.00;1670.00;0.00;1190.00;1180.00;640.00;930.00;960.00;640.00;1760.00;480.00;320.00;470.00;5410.00
1772827722.3653543;0.00;0.00;0.00;0.00;0.00;0.00;0.00;0.00;582.00;0.00;0.00;0.00;0.00;0.00;0.00;582.00;582.00;0.00;0.00;0.00;0.00;0.00;0.00;3620.00;3270.00;3290.00;2880.00;2880.00;0.00;0.00;1058.68;1398.68;1850.00;1850.00;1670.00;0.00;1190.00;1180.00;640.00;930.00;960.00;640.00;1760.00;480.00;320.00;470.00;5410.00
1772827739.3080335;0.00;0.00;0.00;0.00;0.00;0.00;0.00;0.00;582.00;0.00;0.00;0.00;0.00;0.00;0.00;582.00;582.00;0.00;97.00;0.00;0.00;0.00;0.00;3620.00;3270.00;3290.00;2880.00;2880.00;0.00;0.00;1058.68;1398.68;2390.00;2150.00;1670.00;0.00;1510.00;1180.00;640.00;930.00;960.00;640.00;1760.00;480.00;480.00;770.00;5410.00
1772827739.3097088;0.00;0.00;0.00;0.00;0.00;0.00;0.00;0.00;582.00;0.00;0.00;0.00;0.00;0.00;0.00;582.00;582.00;0.00;97.00;0.00;0.00;0.00;0.00;3620.00;3270.00;3290.00;2880.00;2880.00;0.00;0.00;1058.68;1398.68;2390.00;2150.00;1670.00;0.00;1510.00;1180.00;640.00;930.00;960.00;640.00;1760.00;480.00;480.00;770.00;5410.00
1772827739.3284867;0.00;0.00;0.00;0.00;0.00;0.00;0.00;0.00;582.00;0.00;0.00;0.00;0.00;0.00;0.00;582.00;582.00;0.00;194.00;0.00;0.00;0.00;0.00;3620.00;3270.00;3290.00;2880.00;2880.00;0.00;0.00;1058.68;1398.68;2930.00;2450.00;1670.00;0.00;1990.00;1180.00;640.00;930.00;960.00;640.00;1760.00;480.00;480.00;1070.00;5410.00
1772827739.3293998;0.00;0.00;0.00;0.00;0.00;0.00;0.00;0.00;582.00;0.00;0.00;0.00;0.00;0.00;0.00;582.00;582.00;0.00;194.00;0.00;0.00;0.00;0.00;3620.00;3270.00;3290.00;2880.00;2880.00;0.00;0.00;1058.68;1398.68;2930.00;2450.00;1670.00;0.00;1990.00;1180.00;640.00;930.00;960.00;640.00;1760.00;480.00;480.00;1070.00;5410.00
1772827739.3464563;0.00;0.00;0.00;0.00;0.00;0.00;0.00;0.00;582.00;0.00;0.00;0.00;0.00;0.00;0.00;582.00;582.00;0.00;291.00;0.00;0.00;0.00;0.00;3850.00;3270.00;3290.00;2880.00;2880.00;0.00;0.00;1058.68;1398.68;3154.67;2680.00;1900.00;0.00;2214.67;1180.00;640.00;930.00;960.00;640.00;1760.00;480.00;480.00;1230.00;5710.00
1772827739.3473983;0.00;0.00;0.00;0.00;0.00;0.00;0.00;0.00;582.00;0.00;0.00;0.00;0.00;0.00;0.00;582.00;582.00;0.00;291.00;0.00;0.00;0.00;0.00;3850.00;3270.00;3290.00;2880.00;2880.00;0.00;0.00;1058.68;1398.68;3154.67;2680.00;1900.00;0.00;2214.67;1180.00;640.00;930.00;960.00;640.00;1760.00;480.00;480.00;1230.00;5710.00
1772827739.3644357;0.00;0.00;0.00;0.00;0.00;0.00;0.00;0.00;582.00;0.00;0.00;0.00;0.00;0.00;0.00;582.00;582.00;0.00;388.00;0.00;0.00;0.00;0.00;4160.00;3270.00;3290.00;2880.00;2880.00;0.00;0.00;1058.68;1628.68;3384.67;2990.00;2210.00;0.00;2214.67;1340.00;640.00;930.00;960.00;960.00;1760.00;480.00;480.00;1230.00;6010.00
1772827739.365379;0.00;0.00;0.00;0.00;0.00;0.00;0.00;0.00;582.00;0.00;0.00;0.00;0.00;0.00;0.00;582.00;582.00;0.00;388.00;0.00;0.00;0.00;0.00;4160.00;3270.00;3290.00;2880.00;2880.00;0.00;0.00;1058.68;1628.68;3384.67;2990.00;2210.00;0.00;2214.67;1340.00;640.00;930.00;960.00;960.00;1760.00;480.00;480.00;1230.00;6010.00
1772827739.3821948;0.00;0.00;0.00;0.00;0.00;0.00;0.00;0.00;582.00;0.00;0.00;0.00;0.00;0.00;0.00;582.00;582.00;0.00;485.00;0.00;0.00;0.00;0.00;4470.00;3270.00;3290.00;2880.00;2880.00;0.00;0.00;1058.68;1858.68;3614.67;3300.00;2520.00;0.00;2214.67;1500.00;640.00;930.00;960.00;1280.00;1760.00;480.00;480.00;1230.00;6310.00
1772827739.3831618;0.00;0.00;0.00;0.00;0.00;0.00;0.00;0.00;582.00;0.00;0.00;0.00;0.00;0.00;0.00;582.00;582.00;0.00;485.00;0.00;0.00;0.00;0.00;4470.00;3270.00;3290.00;2880.00;2880.00;0.00;0.00;1058.68;1858.68;3614.67;3300.00;2520.00;0.00;2214.67;1500.00;640.00;930.00;960.00;1280.00;1760.00;480.00;480.00;1230.00;6310.00
1772827739.3999448;0.00;0.00;0.00;0.00;0.00;0.00;0.00;0.00;582.00;0.00;0.00;0.00;0.00;0.00;0.00;582.00;582.00;0.00;582.00;0.00;0.00;0.00;0.00;4470.00;3270.00;3290.00;2880.00;2880.00;0.00;0.00;1058.68;2281.01;4011.67;3600.00;2670.00;0.00;2214.67;1932.33;640.00;930.00;960.00;1280.00;1760.00;480.00;480.00;1380.00;6460.00
1772827739.400905;0.00;0.00;0.00;0.00;0.00;0.00;0.00;0.00;582.00;0.00;0.00;0.00;0.00;0.00;0.00;582.00;582.00;0.00;582.00;0.00;0.00;0.00;0.00;4470.00;3270.00;3290.00;2880.00;2880.00;0.00;0.00;1058.68;2281.01;4011.67;3600.00;2670.00;0.00;2214.67;1932.33;640.00;930.00;960.00;1280.00;1760.00;480.00;480.00;1380.00;6460.00
1772827756.3560393;0.00;97.00;0.00;0.00;0.00;0.00;0.00;0.00;582.00;0.00;0.00;0.00;0.00;0.00;0.00;582.00;582.00;0.00;582.00;0.00;0.00;0.00;0.00;4470.00;3270.00;3290.00;2880.00;2880.00;0.00;0.00;1058.68;2831.01;4311.67;3900.00;2820.00;0.00;2214.67;2354.66;640.00;930.00;960.00;1280.00;1760.00;480.00;480.00;1530.00;6610.00
1772827756.3579428;0.00;97.00;0.00;0.00;0.00;0.00;0.00;0.00;582.00;0.00;0.00;0.00;0.00;0.00;0.00;582.00;582.00;0.00;582.00;0.00;0.00;0.00;0.00;4470.00;3270.00;3290.00;2880.00;2880.00;0.00;0.00;1058.68;2831.01;4311.67;3900.00;2820.00;0.00;2214.67;2354.66;640.00;930.00;960.00;1280.00;1760.00;480.00;480.00;1530.00;6610.00
1772827756.3863306;0.00;194.00;0.00;0.00;0.00;0.00;0.00;0.00;582.00;0.00;0.00;0.00;0.00;0.00;0.00;582.00;582.00;0.00;582.00;0.00;0.00;0.00;0.00;4470.00;3270.00;3290.00;2880.00;2880.00;0.00;0.00;1058.68;3381.01;4611.67;4200.00;2970.00;0.00;2214.67;2776.99;640.00;930.00;960.00;1280.00;1760.00;480.00;480.00;1680.00;6760.00
1772827756.3881848;0.00;194.00;0.00;0.00;0.00;0.00;0.00;0.00;582.00;0.00;0.00;0.00;0.00;0.00;0.00;582.00;582.00;0.00;582.00;0.00;0.00;0.00;0.00;4470.00;3270.00;3290.00;2880.00;2880.00;0.00;0.00;1058.68;3381.01;4611.67;4200.00;2970.00;0.00;2214.67;2776.99;640.00;930.00;960.00;1280.00;1760.00;480.00;480.00;1680.00;6760.00
1772827756.416288;0.00;291.00;0.00;0.00;0.00;0.00;0.00;0.00;582.00;0.00;0.00;0.00;0.00;0.00;0.00;582.00;582.00;0.00;582.00;0.00;0.00;0.00;0.00;4470.00;3270.00;3290.00;2880.00;2880.00;0.00;0.00;1368.68;3611.01;4911.67;4500.00;3120.00;0.00;2214.67;2889.32;960.00;930.00;960.00;1280.00;1760.00;480.00;480.00;1830.00;6910.00
1772827756.4182649;0.00;291.00;0.00;0.00;0.00;0.00;0.00;0.00;582.00;0.00;0.00;0.00;0.00;0.00;0.00;582.00;582.00;0.00;582.00;0.00;0.00;0.00;0.00;4470.00;3270.00;3290.00;2880.00;2880.00;0.00;0.00;1368.68;3611.01;4911.67;4500.00;3120.00;0.00;2214.67;2889.32;960.00;930.00;960.00;1280.00;1760.00;480.00;480.00;1830.00;6910.00
1772827756.5528104;0.00;388.00;0.00;0.00;0.00;0.00;0.00;0.00;582.00;0.00;0.00;0.00;0.00;0.00;0.00;582.00;582.00;0.00;582.00;0.00;0.00;0.00;0.00;4470.00;3270.00;3290.00;2880.00;2880.00;0.00;0.00;1908.68;3611.01;4911.67;4500.00;3120.00;0.00;2214.67;3189.32;1500.00;930.00;960.00;1280.00;1760.00;480.00;480.00;1830.00;6910.00
1772827756.5548458;0.00;388.00;0.00;0.00;0.00;0.00;0.00;0.00;582.00;0.00;0.00;0.00;0.00;0.00;0.00;582.00;582.00;0.00;582.00;0.00;0.00;0.00;0.00;4470.00;3270.00;3290.00;2880.00;2880.00;0.00;0.00;1908.68;3611.01;4911.67;4500.00;3120.00;0.00;2214.67;3189.32;1500.00;930.00;960.00;1280.00;1760.00;480.00;480.00;1830.00;6910.00
1772827756.582449;0.00;485.00;0.00;0.00;0.00;0.00;0.00;0.00;582.00;0.00;0.00;0.00;0.00;0.00;0.00;582.00;582.00;0.00;582.00;0.00;0.00;0.00;0.00;4470.00;3270.00;3290.00;2880.00;2880.00;0.00;0.00;2331.01;3611.01;4911.67;4500.00;3120.00;0.00;2214.67;3489.32;1970.00;930.00;960.00;1280.00;1760.00;480.00;480.00;1830.00;6910.00
1772827756.5844524;0.00;485.00;0.00;0.00;0.00;0.00;0.00;0.00;582.00;0.00;0.00;0.00;0.00;0.00;0.00;582.00;582.00;0.00;582.00;0.00;0.00;0.00;0.00;4470.00;3270.00;3290.00;2880.00;2880.00;0.00;0.00;2331.01;3611.01;4911.67;4500.00;3120.00;0.00;2214.67;3489.32;1970.00;930.00;960.00;1280.00;1760.00;480.00;480.00;1830.00;6910.00
1772827756.6122081;0.00;582.00;0.00;0.00;0.00;0.00;0.00;0.00;582.00;0.00;0.00;0.00;0.00;0.00;0.00;582.00;582.00;0.00;582.00;0.00;0.00;0.00;0.00;4470.00;3270.00;3290.00;2880.00;2880.00;0.00;0.00;2715.68;3851.01;4911.67;4500.00;3120.00;0.00;2514.67;3489.32;2130.00;930.00;960.00;1280.00;1760.00;480.00;480.00;1830.00;6910.00
1772827756.6143105;0.00;582.00;0.00;0.00;0.00;0.00;0.00;0.00;582.00;0.00;0.00;0.00;0.00;0.00;0.00;582.00;582.00;0.00;582.00;0.00;0.00;0.00;0.00;4470.00;3270.00;3290.00;2880.00;2880.00;0.00;0.00;2715.68;3851.01;4911.67;4500.00;3120.00;0.00;2514.67;3489.32;2130.00;930.00;960.00;1280.00;1760.00;480.00;480.00;1830.00;6910.00
1772827773.3916373;0.00;582.00;0.00;0.00;0.00;0.00;0.00;0.00;582.00;0.00;0.00;0.00;97.00;0.00;0.00;582.00;582.00;0.00;582.00;0.00;0.00;0.00;0.00;4770.00;3580.00;3600.00;3190.00;3040.00;0.00;0.00;2715.68;3851.01;4911.67;4500.00;3120.00;0.00;2514.67;3489.32;2130.00;930.00;1072.33;1280.00;1760.00;480.00;480.00;1830.00;7210.00
1772827773.3939168;0.00;582.00;0.00;0.00;0.00;0.00;0.00;0.00;582.00;0.00;0.00;0.00;97.00;0.00;0.00;582.00;582.00;0.00;582.00;0.00;0.00;0.00;0.00;4770.00;3580.00;3600.00;3190.00;3040.00;0.00;0.00;2715.68;3851.01;4911.67;4500.00;3120.00;0.00;2514.67;3489.32;2130.00;930.00;1072.33;1280.00;1760.00;480.00;480.00;1830.00;7210.00
1772827773.42245;0.00;582.00;0.00;0.00;0.00;0.00;0.00;0.00;582.00;0.00;0.00;0.00;194.00;0.00;0.00;582.00;582.00;0.00;582.00;0.00;0.00;0.00;0.00;4920.00;3890.00;3910.00;3500.00;3424.67;0.00;0.00;2715.68;3851.01;4911.67;4500.00;3120.00;0.00;2514.67;3489.32;2130.00;930.00;1184.66;1430.00;1760.00;480.00;480.00;1830.00;7360.00
1772827773.4246476;0.00;582.00;0.00;0.00;0.00;0.00;0.00;0.00;582.00;0.00;0.00;0.00;194.00;0.00;0.00;582.00;582.00;0.00;582.00;0.00;0.00;0.00;0.00;4920.00;3890.00;3910.00;3500.00;3424.67;0.00;0.00;2715.68;3851.01;4911.67;4500.00;3120.00;0.00;2514.67;3489.32;2130.00;930.00;1184.66;1430.00;1760.00;480.00;480.00;1830.00;7360.00
1772827773.4507794;0.00;582.00;0.00;0.00;0.00;0.00;0.00;0.00;582.00;0.00;0.00;0.00;291.00;0.00;0.00;582.00;582.00;0.00;582.00;0.00;0.00;0.00;0.00;4920.00;4050.00;4220.00;3922.33;3649.34;0.00;0.00;2715.68;3851.01;4911.67;4500.00;3120.00;0.00;2514.67;3489.32;2130.00;1042.33;1184.66;1580.00;1984.67;630.00;480.00;1830.00;7360.00
1772827773.4530983;0.00;582.00;0.00;0.00;0.00;0.00;0.00;0.00;582.00;0.00;0.00;0.00;291.00;0.00;0.00;582.00;582.00;0.00;582.00;0.00;0.00;0.00;0.00;4920.00;4050.00;4220.00;3922.33;3649.34;0.00;0.00;2715.68;3851.01;4911.67;4500.00;3120.00;0.00;2514.67;3489.32;2130.00;1042.33;1184.66;1580.00;1984.67;630.00;480.00;1830.00;7360.00
1772827773.481204;0.00;582.00;0.00;0.00;0.00;0.00;0.00;0.00;582.00;0.00;0.00;0.00;388.00;0.00;0.00;582.00;582.00;0.00;582.00;0.00;0.00;0.00;0.00;4920.00;4050.00;4220.00;3922.33;3794.01;144.67;214.67;3025.68;4161.01;4911.67;4500.00;3120.00;160.00;2814.67;3489.32;2130.00;1042.33;1184.66;1580.00;1984.67;630.00;480.00;1830.00;7360.00
1772827773.482489;0.00;582.00;0.00;0.00;0.00;0.00;0.00;0.00;582.00;0.00;0.00;0.00;388.00;0.00;0.00;582.00;582.00;0.00;582.00;0.00;0.00;0.00;0.00;4920.00;4050.00;4220.00;3922.33;3794.01;144.67;214.67;3025.68;4161.01;4911.67;4500.00;3120.00;160.00;2814.67;3489.32;2130.00;1042.33;1184.66;1580.00;1984.67;630.00;480.00;1830.00;7360.00
1772827773.5025063;0.00;582.00;0.00;0.00;0.00;0.00;0.00;0.00;582.00;0.00;0.00;0.00;485.00;0.00;0.00;582.00;582.00;0.00;582.00;0.00;0.00;0.00;0.00;4920.00;4050.00;4220.00;3922.33;3891.01;289.34;429.34;3335.68;4471.01;4911.67;4500.00;3120.00;320.00;3114.67;3489.32;2130.00;1042.33;1184.66;1580.00;1984.67;630.00;480.00;1830.00;7360.00
1772827773.5037117;0.00;582.00;0.00;0.00;0.00;0.00;0.00;0.00;582.00;0.00;0.00;0.00;485.00;0.00;0.00;582.00;582.00;0.00;582.00;0.00;0.00;0.00;0.00;4920.00;4050.00;4220.00;3922.33;3891.01;289.34;429.34;3335.68;4471.01;4911.67;4500.00;3120.00;320.00;3114.67;3489.32;2130.00;1042.33;1184.66;1580.00;1984.67;630.00;480.00;1830.00;7360.00
1772827773.5231826;0.00;582.00;0.00;0.00;0.00;0.00;0.00;0.00;582.00;0.00;0.00;0.00;582.00;0.00;0.00;582.00;582.00;0.00;582.00;0.00;0.00;0.00;0.00;4920.00;4050.00;4220.00;3922.33;3988.01;386.34;526.34;3575.68;4711.01;4911.67;4500.00;3120.00;320.00;3414.67;3489.32;2290.00;1042.33;1184.66;1580.00;1984.67;630.00;480.00;1830.00;7360.00
1772827773.524493;0.00;582.00;0.00;0.00;0.00;0.00;0.00;0.00;582.00;0.00;0.00;0.00;582.00;0.00;0.00;582.00;582.00;0.00;582.00;0.00;0.00;0.00;0.00;4920.00;4050.00;4220.00;3922.33;3988.01;386.34;526.34;3575.68;4711.01;4911.67;4500.00;3120.00;320.00;3414.67;3489.32;2290.00;1042.33;1184.66;1580.00;1984.67;630.00;480.00;1830.00;7360.00
1772827791.428521;0.00;679.00;0.00;0.00;0.00;0.00;0.00;0.00;582.00;0.00;0.00;0.00;582.00;0.00;0.00;582.00;582.00;0.00;582.00;0.00;0.00;0.00;0.00;4920.00;4050.00;4220.00;3922.33;3988.01;386.34;1076.34;3965.68;4861.01;4911.67;4500.00;3120.00;800.00;3564.67;3489.32;2440.00;1042.33;1184.66;1580.00;1984.67;630.00;480.00;1830.00;7360.00
1772827791.4310048;0.00;679.00;0.00;0.00;0.00;0.00;0.00;0.00;582.00;0.00;0.00;0.00;582.00;0.00;0.00;582.00;582.00;0.00;582.00;0.00;0.00;0.00;0.00;4920.00;4050.00;4220.00;3922.33;3988.01;386.34;1076.34;3965.68;4861.01;4911.67;4500.00;3120.00;800.00;3564.67;3489.32;2440.00;1042.33;1184.66;1580.00;1984.67;630.00;480.00;1830.00;7360.00
1772827791.4597745;0.00;776.00;0.00;0.00;0.00;0.00;0.00;0.00;582.00;0.00;0.00;0.00;582.00;0.00;0.00;582.00;582.00;0.00;582.00;0.00;0.00;0.00;0.00;4920.00;4050.00;4220.00;3922.33;3988.01;386.34;1556.34;4205.68;4861.01;4911.67;4500.00;3120.00;1280.00;3564.67;3489.32;2740.00;1042.33;1184.66;1580.00;1984.67;630.00;480.00;1830.00;7360.00
1772827791.4622405;0.00;776.00;0.00;0.00;0.00;0.00;0.00;0.00;582.00;0.00;0.00;0.00;582.00;0.00;0.00;582.00;582.00;0.00;582.00;0.00;0.00;0.00;0.00;4920.00;4050.00;4220.00;3922.33;3988.01;386.34;1556.34;4205.68;4861.01;4911.67;4500.00;3120.00;1280.00;3564.67;3489.32;2740.00;1042.33;1184.66;1580.00;1984.67;630.00;480.00;1830.00;7360.00
1772827791.509278;0.00;873.00;0.00;0.00;0.00;0.00;0.00;0.00;582.00;0.00;0.00;0.00;582.00;0.00;0.00;582.00;582.00;0.00;582.00;0.00;0.00;0.00;0.00;4920.00;4050.00;4220.00;3922.33;3988.01;386.34;2036.34;4445.68;4861.01;4911.67;4500.00;3120.00;1760.00;3564.67;3489.32;3040.00;1042.33;1184.66;1580.00;1984.67;630.00;480.00;1830.00;7360.00
1772827791.5119157;0.00;873.00;0.00;0.00;0.00;0.00;0.00;0.00;582.00;0.00;0.00;0.00;582.00;0.00;0.00;582.00;582.00;0.00;582.00;0.00;0.00;0.00;0.00;4920.00;4050.00;4220.00;3922.33;3988.01;386.34;2036.34;4445.68;4861.01;4911.67;4500.00;3120.00;1760.00;3564.67;3489.32;3040.00;1042.33;1184.66;1580.00;1984.67;630.00;480.00;1830.00;7360.00
1772827791.542174;0.00;970.00;0.00;0.00;0.00;0.00;0.00;0.00;582.00;0.00;0.00;0.00;582.00;0.00;0.00;582.00;582.00;0.00;582.00;0.00;0.00;0.00;0.00;4920.00;4050.00;4220.00;3922.33;3988.01;386.34;2516.34;4685.68;4861.01;4911.67;4500.00;3120.00;2240.00;3564.67;3489.32;3340.00;1042.33;1184.66;1580.00;1984.67;630.00;480.00;1830.00;7360.00
1772827791.5446491;0.00;970.00;0.00;0.00;0.00;0.00;0.00;0.00;582.00;0.00;0.00;0.00;582.00;0.00;0.00;582.00;582.00;0.00;582.00;0.00;0.00;0.00;0.00;4920.00;4050.00;4220.00;3922.33;3988.01;386.34;2516.34;4685.68;4861.01;4911.67;4500.00;3120.00;2240.00;3564.67;3489.32;3340.00;1042.33;1184.66;1580.00;1984.67;630.00;480.00;1830.00;7360.00
1772827791.576337;0.00;1067.00;0.00;0.00;0.00;0.00;0.00;0.00;582.00;0.00;0.00;0.00;582.00;0.00;0.00;582.00;582.00;0.00;582.00;0.00;0.00;0.00;0.00;4920.00;4050.00;4220.00;3922.33;3988.01;386.34;2986.34;4830.35;4861.01;4911.67;4500.00;3120.00;2710.00;3564.67;3489.32;3640.00;1042.33;1184.66;1580.00;1984.67;630.00;480.00;1830.00;7360.00
1772827791.5790203;0.00;1067.00;0.00;0.00;0.00;0.00;0.00;0.00;582.00;0.00;0.00;0.00;582.00;0.00;0.00;582.00;582.00;0.00;582.00;0.00;0.00;0.00;0.00;4920.00;4050.00;4220.00;3922.33;3988.01;386.34;2986.34;4830.35;4861.01;4911.67;4500.00;3120.00;2710.00;3564.67;3489.32;3640.00;1042.33;1184.66;1580.00;1984.67;630.00;480.00;1830.00;7360.00
1772827791.6087935;0.00;1067.00;0.00;0.00;0.00;0.00;0.00;0.00;582.00;0.00;0.00;0.00;582.00;0.00;0.00;582.00;582.00;0.00;582.00;0.00;0.00;0.00;0.00;4920.00;4050.00;4220.00;3922.33;3988.01;386.34;2986.34;4830.35;4861.01;4911.67;4500.00;3120.00;2710.00;3564.67;3489.32;3640.00;1042.33;1184.66;1580.00;1984.67;630.00;480.00;1830.00;7360.00
1772827791.6116672;0.00;1067.00;0.00;0.00;0.00;0.00;0.00;0.00;582.00;0.00;0.00;0.00;582.00;0.00;0.00;582.00;582.00;0.00;582.00;0.00;0.00;0.00;0.00;4920.00;4050.00;4220.00;3922.33;3988.01;386.34;2986.34;4830.35;4861.01;4911.67;4500.00;3120.00;2710.00;3564.67;3489.32;3640.00;1042.33;1184.66;1580.00;1984.67;630.00;480.00;1830.00;7360.00
1772827810.471834;0.00;1067.00;0.00;0.00;0.00;0.00;0.00;0.00;582.00;0.00;0.00;97.00;582.00;0.00;0.00;582.00;582.00;0.00;582.00;0.00;0.00;0.00;0.00;4920.00;4050.00;4220.00;4114.66;4180.34;578.67;3226.34;4830.35;4861.01;4911.67;4500.00;3120.00;2822.33;3564.67;3489.32;3940.00;1042.33;1184.66;1580.00;1984.67;630.00;480.00;1830.00;7360.00
1772827810.4746444;0.00;1067.00;0.00;0.00;0.00;0.00;0.00;0.00;582.00;0.00;0.00;97.00;582.00;0.00;0.00;582.00;582.00;0.00;582.00;0.00;0.00;0.00;0.00;4920.00;4050.00;4220.00;4114.66;4180.34;578.67;3226.34;4830.35;4861.01;4911.67;4500.00;3120.00;2822.33;3564.67;3489.32;3940.00;1042.33;1184.66;1580.00;1984.67;630.00;480.00;1830.00;7360.00
1772827810.504779;0.00;1067.00;0.00;0.00;0.00;0.00;0.00;0.00;582.00;0.00;0.00;194.00;582.00;0.00;0.00;582.00;582.00;0.00;582.00;0.00;0.00;0.00;0.00;4920.00;4210.00;4717.00;4514.66;4580.34;978.67;3306.34;4830.35;4861.01;4911.67;4500.00;3120.00;2822.33;3564.67;3489.32;4090.00;1042.33;1184.66;1730.00;1984.67;630.00;480.00;1830.00;7360.00
1772827810.507561;0.00;1067.00;0.00;0.00;0.00;0.00;0.00;0.00;582.00;0.00;0.00;194.00;582.00;0.00;0.00;582.00;582.00;0.00;582.00;0.00;0.00;0.00;0.00;4920.00;4210.00;4717.00;4514.66;4580.34;978.67;3306.34;4830.35;4861.01;4911.67;4500.00;3120.00;2822.33;3564.67;3489.32;4090.00;1042.33;1184.66;1730.00;1984.67;630.00;480.00;1830.00;7360.00
1772827810.6531682;0.00;1067.00;0.00;0.00;0.00;0.00;0.00;0.00;582.00;0.00;0.00;601.00;582.00;0.00;0.00;582.00;582.00;0.00;582.00;0.00;0.00;0.00;0.00;4920.00;4360.00;4867.00;4771.66;4837.34;1235.67;3611.01;4990.35;4861.01;4911.67;4500.00;3120.00;2822.33;3564.67;3489.32;4240.00;1042.33;1184.66;1880.00;1984.67;630.00;480.00;1830.00;7360.00
1772827810.655956;0.00;1067.00;0.00;0.00;0.00;0.00;0.00;0.00;582.00;0.00;0.00;601.00;582.00;0.00;0.00;582.00;582.00;0.00;582.00;0.00;0.00;0.00;0.00;4920.00;4360.00;4867.00;4771.66;4837.34;1235.67;3611.01;4990.35;4861.01;4911.67;4500.00;3120.00;2822.33;3564.67;3489.32;4240.00;1042.33;1184.66;1880.00;1984.67;630.00;480.00;1830.00;7360.00
1772827810.6847453;0.00;1067.00;0.00;0.00;0.00;0.00;0.00;0.00;582.00;0.00;0.00;601.00;582.00;0.00;0.00;582.00;582.00;0.00;582.00;0.00;0.00;0.00;0.00;4920.00;4360.00;4867.00;4771.66;4837.34;1235.67;3611.01;4990.35;4861.01;4911.67;4500.00;3120.00;2822.33;3564.67;3489.32;4240.00;1042.33;1184.66;1880.00;1984.67;630.00;480.00;1830.00;7360.00
1772827810.6875136;0.00;1067.00;0.00;0.00;0.00;0.00;0.00;0.00;582.00;0.00;0.00;601.00;582.00;0.00;0.00;582.00;582.00;0.00;582.00;0.00;0.00;0.00;0.00;4920.00;4360.00;4867.00;4771.66;4837.34;1235.67;3611.01;4990.35;4861.01;4911.67;4500.00;3120.00;2822.33;3564.67;3489.32;4240.00;1042.33;1184.66;1880.00;1984.67;630.00;480.00;1830.00;7360.00
1772827810.7158146;0.00;1067.00;0.00;0.00;0.00;0.00;0.00;0.00;582.00;0.00;0.00;601.00;582.00;0.00;0.00;582.00;582.00;0.00;582.00;0.00;0.00;0.00;0.00;4920.00;4360.00;4867.00;4771.66;4837.34;1235.67;3611.01;4990.35;4861.01;4911.67;4500.00;3120.00;2822.33;3564.67;3489.32;4240.00;1042.33;1184.66;1880.00;1984.67;630.00;480.00;1830.00;7360.00
1772827810.7185452;0.00;1067.00;0.00;0.00;0.00;0.00;0.00;0.00;582.00;0.00;0.00;601.00;582.00;0.00;0.00;582.00;582.00;0.00;582.00;0.00;0.00;0.00;0.00;4920.00;4360.00;4867.00;4771.66;4837.34;1235.67;3611.01;4990.35;4861.01;4911.67;4500.00;3120.00;2822.33;3564.67;3489.32;4240.00;1042.33;1184.66;1880.00;1984.67;630.00;480.00;1830.00;7360.00
1772827810.7470045;0.00;1067.00;0.00;0.00;0.00;0.00;0.00;0.00;582.00;0.00;0.00;601.00;582.00;0.00;0.00;582.00;582.00;0.00;582.00;0.00;0.00;0.00;0.00;4920.00;4360.00;4867.00;4771.66;4837.34;1235.67;3611.01;4990.35;4861.01;4911.67;4500.00;3120.00;2822.33;3564.67;3489.32;4240.00;1042.33;1184.66;1880.00;1984.67;630.00;480.00;1830.00;7360.00
1772827810.7498312;0.00;1067.00;0.00;0.00;0.00;0.00;0.00;0.00;582.00;0.00;0.00;601.00;582.00;0.00;0.00;582.00;582.00;0.00;582.00;0.00;0.00;0.00;0.00;4920.00;4360.00;4867.00;4771.66;4837.34;1235.67;3611.01;4990.35;4861.01;4911.67;4500.00;3120.00;2822.33;3564.67;3489.32;4240.00;1042.33;1184.66;1880.00;1984.67;630.00;480.00;1830.00;7360.00
1772827831.5364547;0.00;1067.00;0.00;0.00;0.00;0.00;0.00;0.00;0.00;0.00;97.00;601.00;582.00;0.00;0.00;0.00;582.00;0.00;582.00;0.00;0.00;0.00;0.00;310.00;310.00;470.00;931.66;997.34;1235.67;3611.01;2811.67;0.00;0.00;0.00;0.00;2822.33;2374.67;0.00;3280.00;337.00;224.66;1880.00;0.00;470.00;160.00;1360.00;460.00
1772827831.53872;0.00;1067.00;0.00;0.00;0.00;0.00;0.00;0.00;0.00;0.00;97.00;601.00;582.00;0.00;0.00;0.00;582.00;0.00;582.00;0.00;0.00;0.00;0.00;310.00;310.00;470.00;931.66;997.34;1235.67;3611.01;2811.67;0.00;0.00;0.00;0.00;2822.33;2374.67;0.00;3280.00;337.00;224.66;1880.00;0.00;470.00;160.00;1360.00;460.00
1772827831.5911574;0.00;1067.00;0.00;0.00;0.00;0.00;0.00;0.00;0.00;0.00;194.00;601.00;582.00;0.00;0.00;0.00;582.00;0.00;582.00;0.00;0.00;0.00;0.00;620.00;620.00;780.00;1161.66;1227.34;1235.67;3611.01;2811.67;0.00;0.00;0.00;0.00;2822.33;2374.67;0.00;3280.00;674.00;224.66;1880.00;160.00;470.00;160.00;1360.00;760.00
1772827831.5934649;0.00;1067.00;0.00;0.00;0.00;0.00;0.00;0.00;0.00;0.00;194.00;601.00;582.00;0.00;0.00;0.00;582.00;0.00;582.00;0.00;0.00;0.00;0.00;620.00;620.00;780.00;1161.66;1227.34;1235.67;3611.01;2811.67;0.00;0.00;0.00;0.00;2822.33;2374.67;0.00;3280.00;674.00;224.66;1880.00;160.00;470.00;160.00;1360.00;760.00
1772827831.6401756;0.00;1067.00;0.00;0.00;0.00;0.00;0.00;0.00;0.00;0.00;291.00;601.00;582.00;0.00;0.00;0.00;582.00;0.00;582.00;0.00;0.00;0.00;0.00;930.00;930.00;1090.00;1391.66;1457.34;1235.67;3611.01;2811.67;0.00;0.00;0.00;310.00;2822.33;2374.67;0.00;3280.00;1011.00;224.66;1880.00;320.00;470.00;160.00;1670.00;1060.00
1772827831.6424744;0.00;1067.00;0.00;0.00;0.00;0.00;0.00;0.00;0.00;0.00;291.00;601.00;582.00;0.00;0.00;0.00;582.00;0.00;582.00;0.00;0.00;0.00;0.00;930.00;930.00;1090.00;1391.66;1457.34;1235.67;3611.01;2811.67;0.00;0.00;0.00;310.00;2822.33;2374.67;0.00;3280.00;1011.00;224.66;1880.00;320.00;470.00;160.00;1670.00;1060.00
1772827831.6930916;0.00;1067.00;0.00;0.00;0.00;0.00;0.00;0.00;0.00;0.00;388.00;601.00;582.00;0.00;0.00;0.00;582.00;0.00;582.00;0.00;0.00;0.00;0.00;1240.00;1240.00;1624.67;1621.66;1687.34;1235.67;3611.01;2811.67;0.00;0.00;0.00;620.00;2822.33;2374.67;0.00;3280.00;1443.33;224.66;1880.00;480.00;694.67;160.00;1670.00;1360.00
1772827831.6954606;0.00;1067.00;0.00;0.00;0.00;0.00;0.00;0.00;0.00;0.00;388.00;601.00;582.00;0.00;0.00;0.00;582.00;0.00;582.00;0.00;0.00;0.00;0.00;1240.00;1240.00;1624.67;1621.66;1687.34;1235.67;3611.01;2811.67;0.00;0.00;0.00;620.00;2822.33;2374.67;0.00;3280.00;1443.33;224.66;1880.00;480.00;694.67;160.00;1670.00;1360.00
1772827831.7605488;0.00;1067.00;0.00;0.00;0.00;0.00;0.00;0.00;0.00;0.00;485.00;601.00;582.00;0.00;0.00;0.00;582.00;0.00;582.00;0.00;0.00;0.00;0.00;1540.00;1540.00;1924.67;2066.33;2227.34;1235.67;3611.01;2811.67;0.00;0.00;0.00;620.00;2822.33;2374.67;0.00;3280.00;1555.66;449.33;1880.00;950.00;694.67;160.00;1670.00;1660.00
1772827831.7630372;0.00;1067.00;0.00;0.00;0.00;0.00;0.00;0.00;0.00;0.00;485.00;601.00;582.00;0.00;0.00;0.00;582.00;0.00;582.00;0.00;0.00;0.00;0.00;1540.00;1540.00;1924.67;2066.33;2227.34;1235.67;3611.01;2811.67;0.00;0.00;0.00;620.00;2822.33;2374.67;0.00;3280.00;1555.66;449.33;1880.00;950.00;694.67;160.00;1670.00;1660.00
1772827831.8403976;0.00;1067.00;0.00;0.00;0.00;0.00;0.00;0.00;0.00;0.00;582.00;601.00;582.00;0.00;0.00;0.00;582.00;0.00;582.00;0.00;0.00;0.00;0.00;1840.00;1840.00;2224.67;2463.33;2767.34;1235.67;3611.01;2811.67;0.00;0.00;0.00;620.00;2822.33;2374.67;0.00;3280.00;1555.66;786.33;1880.00;1420.00;694.67;160.00;1670.00;1960.00
1772827831.8430274;0.00;1067.00;0.00;0.00;0.00;0.00;0.00;0.00;0.00;0.00;582.00;601.00;582.00;0.00;0.00;0.00;582.00;0.00;582.00;0.00;0.00;0.00;0.00;1840.00;1840.00;2224.67;2463.33;2767.34;1235.67;3611.01;2811.67;0.00;0.00;0.00;620.00;2822.33;2374.67;0.00;3280.00;1555.66;786.33;1880.00;1420.00;694.67;160.00;1670.00;1960.00
1772827848.5478098;0.00;1067.00;0.00;0.00;0.00;0.00;97.00;0.00;0.00;0.00;582.00;601.00;582.00;0.00;0.00;0.00;0.00;0.00;582.00;0.00;0.00;0.00;0.00;0.00;0.00;0.00;0.00;0.00;1235.67;3611.01;2811.67;144.67;310.00;310.00;770.00;2822.33;2924.67;160.00;3280.00;1555.66;786.33;0.00;1260.00;534.67;160.00;1820.00;150.00
1772827848.5492027;0.00;1067.00;0.00;0.00;0.00;0.00;97.00;0.00;0.00;0.00;582.00;601.00;582.00;0.00;0.00;0.00;0.00;0.00;582.00;0.00;0.00;0.00;0.00;0.00;0.00;0.00;0.00;0.00;1235.67;3611.01;2811.67;144.67;310.00;310.00;770.00;2822.33;2924.67;160.00;3280.00;1555.66;786.33;0.00;1260.00;534.67;160.00;1820.00;150.00
1772827848.5751;0.00;1067.00;0.00;0.00;0.00;0.00;194.00;0.00;0.00;0.00;582.00;601.00;582.00;0.00;0.00;0.00;0.00;0.00;582.00;0.00;0.00;0.00;0.00;0.00;0.00;0.00;0.00;0.00;1235.67;3611.01;2811.67;471.67;620.00;620.00;1070.00;2822.33;3244.67;320.00;3280.00;1555.66;786.33;0.00;1260.00;534.67;160.00;1820.00;450.00
1772827848.5764008;0.00;1067.00;0.00;0.00;0.00;0.00;194.00;0.00;0.00;0.00;582.00;601.00;582.00;0.00;0.00;0.00;0.00;0.00;582.00;0.00;0.00;0.00;0.00;0.00;0.00;0.00;0.00;0.00;1235.67;3611.01;2811.67;471.67;620.00;620.00;1070.00;2822.33;3244.67;320.00;3280.00;1555.66;786.33;0.00;1260.00;534.67;160.00;1820.00;450.00
1772827848.6019921;0.00;1067.00;0.00;0.00;0.00;0.00;291.00;0.00;0.00;0.00;582.00;601.00;582.00;0.00;0.00;0.00;0.00;0.00;582.00;0.00;0.00;0.00;0.00;0.00;0.00;0.00;0.00;0.00;1235.67;3611.01;2811.67;894.00;930.00;930.00;1380.00;2822.33;3404.67;550.00;3280.00;1555.66;786.33;0.00;1260.00;534.67;480.00;1820.00;750.00
1772827848.6035466;0.00;1067.00;0.00;0.00;0.00;0.00;291.00;0.00;0.00;0.00;582.00;601.00;582.00;0.00;0.00;0.00;0.00;0.00;582.00;0.00;0.00;0.00;0.00;0.00;0.00;0.00;0.00;0.00;1235.67;3611.01;2811.67;894.00;930.00;930.00;1380.00;2822.33;3404.67;550.00;3280.00;1555.66;786.33;0.00;1260.00;534.67;480.00;1820.00;750.00
1772827848.6291914;0.00;1067.00;0.00;0.00;0.00;0.00;388.00;0.00;0.00;0.00;582.00;601.00;582.00;0.00;0.00;0.00;0.00;0.00;582.00;0.00;0.00;0.00;0.00;0.00;0.00;0.00;0.00;0.00;1235.67;3611.01;3041.67;1418.67;1230.00;1230.00;1680.00;2822.33;3404.67;870.00;3440.00;1555.66;786.33;0.00;1260.00;534.67;480.00;1820.00;1050.00
1772827848.630476;0.00;1067.00;0.00;0.00;0.00;0.00;388.00;0.00;0.00;0.00;582.00;601.00;582.00;0.00;0.00;0.00;0.00;0.00;582.00;0.00;0.00;0.00;0.00;0.00;0.00;0.00;0.00;0.00;1235.67;3611.01;3041.67;1418.67;1230.00;1230.00;1680.00;2822.33;3404.67;870.00;3440.00;1555.66;786.33;0.00;1260.00;534.67;480.00;1820.00;1050.00
1772827848.7284577;0.00;1067.00;0.00;0.00;0.00;0.00;485.00;0.00;0.00;0.00;582.00;601.00;582.00;0.00;0.00;0.00;0.00;0.00;582.00;0.00;0.00;0.00;0.00;230.00;0.00;0.00;0.00;0.00;1235.67;3931.01;3266.34;1611.00;1460.00;1460.00;1760.00;2822.33;3404.67;870.00;3440.00;1555.66;786.33;160.00;1260.00;534.67;480.00;1970.00;1200.00
1772827848.729736;0.00;1067.00;0.00;0.00;0.00;0.00;485.00;0.00;0.00;0.00;582.00;601.00;582.00;0.00;0.00;0.00;0.00;0.00;582.00;0.00;0.00;0.00;0.00;230.00;0.00;0.00;0.00;0.00;1235.67;3931.01;3266.34;1611.00;1460.00;1460.00;1760.00;2822.33;3404.67;870.00;3440.00;1555.66;786.33;160.00;1260.00;534.67;480.00;1970.00;1200.00
1772827848.7542722;0.00;1067.00;0.00;0.00;0.00;0.00;582.00;0.00;0.00;0.00;582.00;601.00;582.00;0.00;0.00;0.00;0.00;0.00;582.00;0.00;0.00;0.00;0.00;230.00;0.00;0.00;0.00;0.00;1235.67;4481.01;3721.01;1921.00;1760.00;1760.00;1910.00;2822.33;3404.67;870.00;3600.00;1555.66;786.33;160.00;1260.00;534.67;480.00;2120.00;1350.00
1772827848.7559276;0.00;1067.00;0.00;0.00;0.00;0.00;582.00;0.00;0.00;0.00;582.00;601.00;582.00;0.00;0.00;0.00;0.00;0.00;582.00;0.00;0.00;0.00;0.00;230.00;0.00;0.00;0.00;0.00;1235.67;4481.01;3721.01;1921.00;1760.00;1760.00;1910.00;2822.33;3404.67;870.00;3600.00;1555.66;786.33;160.00;1260.00;534.67;480.00;2120.00;1350.00
1772827868.5759277;0.00;485.00;0.00;97.00;0.00;0.00;582.00;0.00;0.00;0.00;582.00;601.00;582.00;0.00;0.00;0.00;0.00;0.00;0.00;0.00;0.00;0.00;0.00;0.00;0.00;0.00;0.00;0.00;1235.67;4481.01;0.00;550.00;300.00;300.00;150.00;2822.33;2090.00;480.00;570.00;1555.66;786.33;0.00;1260.00;534.67;320.00;150.00;150.00
1772827868.577987;0.00;485.00;0.00;97.00;0.00;0.00;582.00;0.00;0.00;0.00;582.00;601.00;582.00;0.00;0.00;0.00;0.00;0.00;0.00;0.00;0.00;0.00;0.00;0.00;0.00;0.00;0.00;0.00;1235.67;4481.01;0.00;550.00;300.00;300.00;150.00;2822.33;2090.00;480.00;570.00;1555.66;786.33;0.00;1260.00;534.67;320.00;150.00;150.00
1772827868.6061528;0.00;485.00;0.00;194.00;0.00;0.00;582.00;0.00;0.00;0.00;582.00;601.00;582.00;0.00;0.00;0.00;0.00;0.00;0.00;0.00;0.00;0.00;0.00;0.00;0.00;0.00;0.00;0.00;1235.67;4481.01;0.00;1100.00;600.00;600.00;300.00;2822.33;2400.00;960.00;570.00;1555.66;786.33;0.00;1260.00;534.67;320.00;300.00;300.00
1772827868.607172;0.00;485.00;0.00;194.00;0.00;0.00;582.00;0.00;0.00;0.00;582.00;601.00;582.00;0.00;0.00;0.00;0.00;0.00;0.00;0.00;0.00;0.00;0.00;0.00;0.00;0.00;0.00;0.00;1235.67;4481.01;0.00;1100.00;600.00;600.00;300.00;2822.33;2400.00;960.00;570.00;1555.66;786.33;0.00;1260.00;534.67;320.00;300.00;300.00
1772827868.6307464;0.00;485.00;0.00;291.00;0.00;0.00;582.00;0.00;0.00;0.00;582.00;601.00;582.00;0.00;0.00;0.00;0.00;0.00;0.00;0.00;0.00;0.00;0.00;0.00;0.00;0.00;0.00;0.00;1235.67;4481.01;0.00;1650.00;900.00;900.00;450.00;2822.33;2710.00;1440.00;570.00;1555.66;786.33;0.00;1260.00;534.67;320.00;450.00;450.00
1772827868.6319506;0.00;485.00;0.00;291.00;0.00;0.00;582.00;0.00;0.00;0.00;582.00;601.00;582.00;0.00;0.00;0.00;0.00;0.00;0.00;0.00;0.00;0.00;0.00;0.00;0.00;0.00;0.00;0.00;1235.67;4481.01;0.00;1650.00;900.00;900.00;450.00;2822.33;2710.00;1440.00;570.00;1555.66;786.33;0.00;1260.00;534.67;320.00;450.00;450.00
1772827868.6555512;0.00;485.00;0.00;388.00;0.00;0.00;582.00;0.00;0.00;0.00;582.00;601.00;582.00;0.00;0.00;0.00;0.00;0.00;0.00;0.00;0.00;0.00;0.00;0.00;0.00;0.00;0.00;0.00;1235.67;4481.01;0.00;2104.67;1200.00;1200.00;600.00;2822.33;2710.00;1824.67;570.00;1555.66;786.33;0.00;1260.00;534.67;320.00;600.00;600.00
1772827868.656684;0.00;485.00;0.00;388.00;0.00;0.00;582.00;0.00;0.00;0.00;582.00;601.00;582.00;0.00;0.00;0.00;0.00;0.00;0.00;0.00;0.00;0.00;0.00;0.00;0.00;0.00;0.00;0.00;1235.67;4481.01;0.00;2104.67;1200.00;1200.00;600.00;2822.33;2710.00;1824.67;570.00;1555.66;786.33;0.00;1260.00;534.67;320.00;600.00;600.00
1772827868.6792629;0.00;485.00;0.00;485.00;0.00;0.00;582.00;0.00;0.00;0.00;582.00;601.00;582.00;0.00;0.00;0.00;0.00;0.00;0.00;0.00;0.00;0.00;0.00;0.00;0.00;0.00;0.00;0.00;1235.67;4481.01;0.00;2559.34;1500.00;1500.00;750.00;2822.33;2710.00;2209.34;570.00;1555.66;786.33;0.00;1260.00;534.67;320.00;750.00;750.00
1772827868.6803513;0.00;485.00;0.00;485.00;0.00;0.00;582.00;0.00;0.00;0.00;582.00;601.00;582.00;0.00;0.00;0.00;0.00;0.00;0.00;0.00;0.00;0.00;0.00;0.00;0.00;0.00;0.00;0.00;1235.67;4481.01;0.00;2559.34;1500.00;1500.00;750.00;2822.33;2710.00;2209.34;570.00;1555.66;786.33;0.00;1260.00;534.67;320.00;750.00;750.00
1772827868.7034009;0.00;485.00;0.00;582.00;0.00;0.00;582.00;0.00;0.00;0.00;582.00;601.00;582.00;0.00;0.00;0.00;0.00;0.00;0.00;0.00;0.00;0.00;0.00;0.00;0.00;0.00;0.00;0.00;1235.67;4481.01;0.00;2944.01;1810.00;1800.00;900.00;2822.33;2822.33;2209.34;570.00;1555.66;786.33;0.00;1260.00;534.67;320.00;900.00;900.00
1772827868.7047389;0.00;485.00;0.00;582.00;0.00;0.00;582.00;0.00;0.00;0.00;582.00;601.00;582.00;0.00;0.00;0.00;0.00;0.00;0.00;0.00;0.00;0.00;0.00;0.00;0.00;0.00;0.00;0.00;1235.67;4481.01;0.00;2944.01;1810.00;1800.00;900.00;2822.33;2822.33;2209.34;570.00;1555.66;786.33;0.00;1260.00;534.67;320.00;900.00;900.00
1772827893.6217198;0.00;485.00;0.00;582.00;0.00;0.00;582.00;0.00;0.00;0.00;582.00;601.00;0.00;0.00;0.00;0.00;0.00;0.00;0.00;97.00;0.00;0.00;0.00;300.00;240.00;240.00;0.00;0.00;689.33;3654.67;0.00;1784.01;1810.00;1800.00;900.00;2182.33;0.00;2209.34;410.00;1443.33;401.67;320.00;1035.33;544.67;320.00;900.00;300.00
1772827893.623835;0.00;485.00;0.00;582.00;0.00;0.00;582.00;0.00;0.00;0.00;582.00;601.00;0.00;0.00;0.00;0.00;0.00;0.00;0.00;97.00;0.00;0.00;0.00;300.00;240.00;240.00;0.00;0.00;689.33;3654.67;0.00;1784.01;1810.00;1800.00;900.00;2182.33;0.00;2209.34;410.00;1443.33;401.67;320.00;1035.33;544.67;320.00;900.00;300.00
1772827893.6513472;0.00;485.00;0.00;582.00;0.00;0.00;582.00;0.00;0.00;0.00;582.00;601.00;0.00;0.00;0.00;0.00;0.00;0.00;0.00;194.00;0.00;0.00;0.00;600.00;550.00;710.00;0.00;0.00;689.33;3654.67;0.00;1784.01;1810.00;1800.00;900.00;2182.33;0.00;2209.34;410.00;1555.66;401.67;640.00;1035.33;544.67;320.00;900.00;600.00
1772827893.6524916;0.00;485.00;0.00;582.00;0.00;0.00;582.00;0.00;0.00;0.00;582.00;601.00;0.00;0.00;0.00;0.00;0.00;0.00;0.00;194.00;0.00;0.00;0.00;600.00;550.00;710.00;0.00;0.00;689.33;3654.67;0.00;1784.01;1810.00;1800.00;900.00;2182.33;0.00;2209.34;410.00;1555.66;401.67;640.00;1035.33;544.67;320.00;900.00;600.00
1772827893.678923;0.00;485.00;0.00;582.00;0.00;0.00;582.00;0.00;0.00;0.00;582.00;601.00;0.00;0.00;0.00;0.00;0.00;0.00;0.00;291.00;0.00;0.00;0.00;900.00;860.00;1244.67;230.00;0.00;689.33;3654.67;0.00;1784.01;1810.00;1800.00;900.00;2182.33;0.00;2209.34;410.00;1555.66;561.67;640.00;1035.33;544.67;320.00;900.00;900.00
1772827893.6800997;0.00;485.00;0.00;582.00;0.00;0.00;582.00;0.00;0.00;0.00;582.00;601.00;0.00;0.00;0.00;0.00;0.00;0.00;0.00;291.00;0.00;0.00;0.00;900.00;860.00;1244.67;230.00;0.00;689.33;3654.67;0.00;1784.01;1810.00;1800.00;900.00;2182.33;0.00;2209.34;410.00;1555.66;561.67;640.00;1035.33;544.67;320.00;900.00;900.00
1772827893.704271;0.00;485.00;0.00;582.00;0.00;0.00;582.00;0.00;0.00;0.00;582.00;601.00;0.00;0.00;0.00;0.00;0.00;0.00;0.00;388.00;0.00;0.00;0.00;1200.00;1160.00;1544.67;684.67;0.00;689.33;3654.67;0.00;1784.01;1810.00;1800.00;900.00;2182.33;0.00;2209.34;410.00;1555.66;1041.67;640.00;1035.33;544.67;320.00;900.00;1200.00
1772827893.7061632;0.00;485.00;0.00;582.00;0.00;0.00;582.00;0.00;0.00;0.00;582.00;601.00;0.00;0.00;0.00;0.00;0.00;0.00;0.00;388.00;0.00;0.00;0.00;1200.00;1160.00;1544.67;684.67;0.00;689.33;3654.67;0.00;1784.01;1810.00;1800.00;900.00;2182.33;0.00;2209.34;410.00;1555.66;1041.67;640.00;1035.33;544.67;320.00;900.00;1200.00
1772827893.8156931;0.00;485.00;0.00;582.00;0.00;0.00;582.00;0.00;0.00;0.00;582.00;601.00;0.00;0.00;0.00;0.00;0.00;0.00;0.00;485.00;0.00;0.00;0.00;1500.00;1460.00;1844.67;1139.34;0.00;689.33;3654.67;0.00;1784.01;1810.00;1800.00;900.00;2182.33;0.00;2209.34;410.00;1555.66;1521.67;640.00;1035.33;544.67;320.00;900.00;1500.00
1772827893.8175237;0.00;485.00;0.00;582.00;0.00;0.00;582.00;0.00;0.00;0.00;582.00;601.00;0.00;0.00;0.00;0.00;0.00;0.00;0.00;485.00;0.00;0.00;0.00;1500.00;1460.00;1844.67;1139.34;0.00;689.33;3654.67;0.00;1784.01;1810.00;1800.00;900.00;2182.33;0.00;2209.34;410.00;1555.66;1521.67;640.00;1035.33;544.67;320.00;900.00;1500.00
1772827893.8495383;0.00;485.00;0.00;582.00;0.00;0.00;582.00;0.00;0.00;0.00;582.00;601.00;0.00;0.00;0.00;0.00;0.00;0.00;0.00;582.00;0.00;0.00;0.00;1800.00;1770.00;2267.00;1594.01;0.00;689.33;3654.67;0.00;1784.01;1810.00;1800.00;900.00;2182.33;0.00;2209.34;410.00;1555.66;1521.67;640.00;1035.33;544.67;320.00;900.00;1800.00
1772827893.8511937;0.00;485.00;0.00;582.00;0.00;0.00;582.00;0.00;0.00;0.00;582.00;601.00;0.00;0.00;0.00;0.00;0.00;0.00;0.00;582.00;0.00;0.00;0.00;1800.00;1770.00;2267.00;1594.01;0.00;689.33;3654.67;0.00;1784.01;1810.00;1800.00;900.00;2182.33;0.00;2209.34;410.00;1555.66;1521.67;640.00;1035.33;544.67;320.00;900.00;1800.00
1772827919.6564856;0.00;0.00;0.00;582.00;0.00;0.00;582.00;0.00;0.00;0.00;582.00;601.00;0.00;97.00;0.00;0.00;0.00;0.00;0.00;582.00;0.00;0.00;0.00;2110.00;1952.33;2497.00;1824.01;0.00;689.33;0.00;0.00;1634.01;1810.00;2110.00;1210.00;0.00;0.00;2209.34;0.00;1555.66;1521.67;864.67;1035.33;657.00;320.00;900.00;2100.00
1772827919.6585903;0.00;0.00;0.00;582.00;0.00;0.00;582.00;0.00;0.00;0.00;582.00;601.00;0.00;97.00;0.00;0.00;0.00;0.00;0.00;582.00;0.00;0.00;0.00;2110.00;1952.33;2497.00;1824.01;0.00;689.33;0.00;0.00;1634.01;1810.00;2110.00;1210.00;0.00;0.00;2209.34;0.00;1555.66;1521.67;864.67;1035.33;657.00;320.00;900.00;2100.00
1772827919.69523;0.00;0.00;0.00;582.00;0.00;0.00;582.00;0.00;0.00;0.00;582.00;601.00;0.00;194.00;0.00;0.00;0.00;0.00;0.00;582.00;0.00;0.00;0.00;2207.00;1952.33;2497.00;1824.01;0.00;689.33;0.00;0.00;1634.01;2350.00;2650.00;1450.00;0.00;0.00;2209.34;0.00;1555.66;1521.67;864.67;1035.33;657.00;320.00;1200.00;2100.00
1772827919.6972752;0.00;0.00;0.00;582.00;0.00;0.00;582.00;0.00;0.00;0.00;582.00;601.00;0.00;194.00;0.00;0.00;0.00;0.00;0.00;582.00;0.00;0.00;0.00;2207.00;1952.33;2497.00;1824.01;0.00;689.33;0.00;0.00;1634.01;2350.00;2650.00;1450.00;0.00;0.00;2209.34;0.00;1555.66;1521.67;864.67;1035.33;657.00;320.00;1200.00;2100.00
1772827919.733529;0.00;0.00;0.00;582.00;0.00;0.00;582.00;0.00;0.00;0.00;582.00;601.00;0.00;291.00;0.00;0.00;0.00;0.00;0.00;582.00;0.00;0.00;0.00;2437.00;2262.33;2807.00;2134.01;320.00;689.33;0.00;0.00;1634.01;2580.00;2880.00;1530.00;0.00;0.00;2209.34;0.00;1555.66;1521.67;1024.67;1035.33;657.00;320.00;1350.00;2250.00
1772827919.7356179;0.00;0.00;0.00;582.00;0.00;0.00;582.00;0.00;0.00;0.00;582.00;601.00;0.00;291.00;0.00;0.00;0.00;0.00;0.00;582.00;0.00;0.00;0.00;2437.00;2262.33;2807.00;2134.01;320.00;689.33;0.00;0.00;1634.01;2580.00;2880.00;1530.00;0.00;0.00;2209.34;0.00;1555.66;1521.67;1024.67;1035.33;657.00;320.00;1350.00;2250.00
1772827919.772125;0.00;0.00;0.00;582.00;0.00;0.00;582.00;0.00;0.00;0.00;582.00;601.00;0.00;388.00;0.00;0.00;0.00;0.00;0.00;582.00;0.00;0.00;0.00;2619.33;2572.33;3117.00;2444.01;640.00;689.33;0.00;0.00;1634.01;2810.00;3110.00;1610.00;0.00;0.00;2209.34;0.00;1555.66;1521.67;1024.67;1035.33;657.00;480.00;1500.00;2512.33
1772827919.7743242;0.00;0.00;0.00;582.00;0.00;0.00;582.00;0.00;0.00;0.00;582.00;601.00;0.00;388.00;0.00;0.00;0.00;0.00;0.00;582.00;0.00;0.00;0.00;2619.33;2572.33;3117.00;2444.01;640.00;689.33;0.00;0.00;1634.01;2810.00;3110.00;1610.00;0.00;0.00;2209.34;0.00;1555.66;1521.67;1024.67;1035.33;657.00;480.00;1500.00;2512.33
1772827919.8101027;0.00;0.00;0.00;582.00;0.00;0.00;582.00;0.00;0.00;0.00;582.00;601.00;0.00;485.00;0.00;0.00;0.00;0.00;0.00;582.00;0.00;0.00;0.00;2801.66;2787.00;3331.67;2658.68;864.67;689.33;0.00;0.00;1634.01;3040.00;3340.00;1690.00;0.00;0.00;2209.34;0.00;1555.66;1521.67;1024.67;1260.00;657.00;480.00;1650.00;2774.66
1772827919.8122663;0.00;0.00;0.00;582.00;0.00;0.00;582.00;0.00;0.00;0.00;582.00;601.00;0.00;485.00;0.00;0.00;0.00;0.00;0.00;582.00;0.00;0.00;0.00;2801.66;2787.00;3331.67;2658.68;864.67;689.33;0.00;0.00;1634.01;3040.00;3340.00;1690.00;0.00;0.00;2209.34;0.00;1555.66;1521.67;1024.67;1260.00;657.00;480.00;1650.00;2774.66
1772827919.8475752;0.00;0.00;0.00;582.00;0.00;0.00;582.00;0.00;0.00;0.00;582.00;601.00;0.00;582.00;0.00;0.00;0.00;0.00;0.00;582.00;0.00;0.00;0.00;3016.33;2969.33;3514.00;2841.01;1094.67;689.33;0.00;0.00;1944.01;3350.00;3650.00;1904.67;0.00;0.00;2209.34;0.00;1555.66;1521.67;1024.67;1420.00;657.00;480.00;1874.67;3074.66
1772827919.849775;0.00;0.00;0.00;582.00;0.00;0.00;582.00;0.00;0.00;0.00;582.00;601.00;0.00;582.00;0.00;0.00;0.00;0.00;0.00;582.00;0.00;0.00;0.00;3016.33;2969.33;3514.00;2841.01;1094.67;689.33;0.00;0.00;1944.01;3350.00;3650.00;1904.67;0.00;0.00;2209.34;0.00;1555.66;1521.67;1024.67;1420.00;657.00;480.00;1874.67;3074.66
1772827932.6845129;0.00;0.00;0.00;582.00;0.00;0.00;582.00;0.00;0.00;97.00;582.00;601.00;0.00;582.00;0.00;0.00;0.00;0.00;0.00;582.00;0.00;0.00;0.00;3016.33;2969.33;3514.00;2841.01;1094.67;689.33;0.00;240.00;2184.01;3650.00;3950.00;1904.67;0.00;0.00;2209.34;0.00;1555.66;1521.67;1024.67;1420.00;657.00;480.00;2174.67;3074.66
1772827932.6858225;0.00;0.00;0.00;582.00;0.00;0.00;582.00;0.00;0.00;97.00;582.00;601.00;0.00;582.00;0.00;0.00;0.00;0.00;0.00;582.00;0.00;0.00;0.00;3016.33;2969.33;3514.00;2841.01;1094.67;689.33;0.00;240.00;2184.01;3650.00;3950.00;1904.67;0.00;0.00;2209.34;0.00;1555.66;1521.67;1024.67;1420.00;657.00;480.00;2174.67;3074.66
1772827932.709683;0.00;0.00;0.00;582.00;0.00;0.00;582.00;0.00;0.00;194.00;582.00;601.00;0.00;582.00;0.00;0.00;0.00;0.00;0.00;582.00;0.00;0.00;0.00;3016.33;2969.33;3514.00;2841.01;1094.67;689.33;160.00;550.00;2494.01;3950.00;4250.00;2054.67;160.00;0.00;2209.34;230.00;1555.66;1521.67;1024.67;1420.00;657.00;480.00;2324.67;3224.66
1772827932.7110364;0.00;0.00;0.00;582.00;0.00;0.00;582.00;0.00;0.00;194.00;582.00;601.00;0.00;582.00;0.00;0.00;0.00;0.00;0.00;582.00;0.00;0.00;0.00;3016.33;2969.33;3514.00;2841.01;1094.67;689.33;160.00;550.00;2494.01;3950.00;4250.00;2054.67;160.00;0.00;2209.34;230.00;1555.66;1521.67;1024.67;1420.00;657.00;480.00;2324.67;3224.66
1772827932.7342997;0.00;0.00;0.00;582.00;0.00;0.00;582.00;0.00;0.00;291.00;582.00;601.00;0.00;582.00;0.00;0.00;0.00;0.00;0.00;582.00;0.00;0.00;0.00;3016.33;2969.33;3514.00;2841.01;1094.67;689.33;480.00;780.00;2794.01;4250.00;4550.00;2354.67;480.00;0.00;2209.34;652.33;1555.66;1521.67;1024.67;1420.00;657.00;480.00;2324.67;3524.66
1772827932.7355947;0.00;0.00;0.00;582.00;0.00;0.00;582.00;0.00;0.00;291.00;582.00;601.00;0.00;582.00;0.00;0.00;0.00;0.00;0.00;582.00;0.00;0.00;0.00;3016.33;2969.33;3514.00;2841.01;1094.67;689.33;480.00;780.00;2794.01;4250.00;4550.00;2354.67;480.00;0.00;2209.34;652.33;1555.66;1521.67;1024.67;1420.00;657.00;480.00;2324.67;3524.66
1772827932.7578604;0.00;0.00;0.00;582.00;0.00;0.00;582.00;0.00;0.00;388.00;582.00;601.00;0.00;582.00;0.00;0.00;0.00;0.00;0.00;582.00;0.00;0.00;0.00;3016.33;2969.33;3514.00;2841.01;1094.67;689.33;1030.00;1080.00;3094.01;4550.00;4850.00;2654.67;1030.00;0.00;2209.34;962.33;1555.66;1521.67;1024.67;1420.00;657.00;480.00;2324.67;3824.66
1772827932.7592201;0.00;0.00;0.00;582.00;0.00;0.00;582.00;0.00;0.00;388.00;582.00;601.00;0.00;582.00;0.00;0.00;0.00;0.00;0.00;582.00;0.00;0.00;0.00;3016.33;2969.33;3514.00;2841.01;1094.67;689.33;1030.00;1080.00;3094.01;4550.00;4850.00;2654.67;1030.00;0.00;2209.34;962.33;1555.66;1521.67;1024.67;1420.00;657.00;480.00;2324.67;3824.66
1772827932.7814834;0.00;0.00;0.00;582.00;0.00;0.00;582.00;0.00;0.00;485.00;582.00;601.00;0.00;582.00;0.00;0.00;0.00;0.00;0.00;582.00;0.00;0.00;0.00;3016.33;2969.33;3514.00;2841.01;1094.67;689.33;1510.00;1380.00;3394.01;4850.00;5000.00;2804.67;1510.00;0.00;2209.34;1384.66;1555.66;1521.67;1024.67;1420.00;657.00;630.00;2324.67;3974.66
1772827932.7828538;0.00;0.00;0.00;582.00;0.00;0.00;582.00;0.00;0.00;485.00;582.00;601.00;0.00;582.00;0.00;0.00;0.00;0.00;0.00;582.00;0.00;0.00;0.00;3016.33;2969.33;3514.00;2841.01;1094.67;689.33;1510.00;1380.00;3394.01;4850.00;5000.00;2804.67;1510.00;0.00;2209.34;1384.66;1555.66;1521.67;1024.67;1420.00;657.00;630.00;2324.67;3974.66
1772827932.8879237;0.00;0.00;0.00;582.00;0.00;0.00;582.00;0.00;0.00;582.00;582.00;601.00;0.00;582.00;0.00;0.00;0.00;0.00;0.00;582.00;0.00;0.00;0.00;3016.33;2969.33;3514.00;2841.01;1094.67;689.33;1740.00;1690.00;3544.01;5000.00;5000.00;2804.67;1510.00;0.00;2359.34;1864.66;1555.66;1521.67;1024.67;1420.00;657.00;780.00;2324.67;3974.66
1772827932.8893785;0.00;0.00;0.00;582.00;0.00;0.00;582.00;0.00;0.00;582.00;582.00;601.00;0.00;582.00;0.00;0.00;0.00;0.00;0.00;582.00;0.00;0.00;0.00;3016.33;2969.33;3514.00;2841.01;1094.67;689.33;1740.00;1690.00;3544.01;5000.00;5000.00;2804.67;1510.00;0.00;2359.34;1864.66;1555.66;1521.67;1024.67;1420.00;657.00;780.00;2324.67;3974.66
1772827953.7402186;0.00;0.00;0.00;582.00;0.00;0.00;582.00;0.00;0.00;582.00;0.00;0.00;0.00;582.00;0.00;0.00;0.00;0.00;0.00;582.00;97.00;0.00;0.00;0.00;0.00;0.00;0.00;0.00;0.00;1195.33;1690.00;3544.01;5000.00;5000.00;1884.67;1510.00;0.00;2509.34;150.00;0.00;960.00;424.67;0.00;272.33;780.00;2014.67;0.00
1772827953.7424822;0.00;0.00;0.00;582.00;0.00;0.00;582.00;0.00;0.00;582.00;0.00;0.00;0.00;582.00;0.00;0.00;0.00;0.00;0.00;582.00;97.00;0.00;0.00;0.00;0.00;0.00;0.00;0.00;0.00;1195.33;1690.00;3544.01;5000.00;5000.00;1884.67;1510.00;0.00;2509.34;150.00;0.00;960.00;424.67;0.00;272.33;780.00;2014.67;0.00
1772827953.7862465;0.00;0.00;0.00;582.00;0.00;0.00;582.00;0.00;0.00;582.00;0.00;0.00;0.00;582.00;0.00;0.00;0.00;0.00;0.00;582.00;194.00;0.00;0.00;150.00;150.00;150.00;80.00;80.00;80.00;1355.33;1850.00;3544.01;5000.00;5000.00;1884.67;1510.00;0.00;2659.34;150.00;0.00;960.00;424.67;160.00;272.33;780.00;2014.67;150.00
1772827953.7885497;0.00;0.00;0.00;582.00;0.00;0.00;582.00;0.00;0.00;582.00;0.00;0.00;0.00;582.00;0.00;0.00;0.00;0.00;0.00;582.00;194.00;0.00;0.00;150.00;150.00;150.00;80.00;80.00;80.00;1355.33;1850.00;3544.01;5000.00;5000.00;1884.67;1510.00;0.00;2659.34;150.00;0.00;960.00;424.67;160.00;272.33;780.00;2014.67;150.00
1772827953.8307734;0.00;0.00;0.00;582.00;0.00;0.00;582.00;0.00;0.00;582.00;0.00;0.00;0.00;582.00;0.00;0.00;0.00;0.00;0.00;582.00;291.00;0.00;0.00;300.00;300.00;300.00;230.00;230.00;160.00;1515.33;2010.00;3544.01;5000.00;5000.00;1884.67;1510.00;0.00;2809.34;150.00;0.00;960.00;424.67;320.00;272.33;780.00;2014.67;300.00
1772827953.8331285;0.00;0.00;0.00;582.00;0.00;0.00;582.00;0.00;0.00;582.00;0.00;0.00;0.00;582.00;0.00;0.00;0.00;0.00;0.00;582.00;291.00;0.00;0.00;300.00;300.00;300.00;230.00;230.00;160.00;1515.33;2010.00;3544.01;5000.00;5000.00;1884.67;1510.00;0.00;2809.34;150.00;0.00;960.00;424.67;320.00;272.33;780.00;2014.67;300.00
1772827953.8793097;0.00;0.00;0.00;582.00;0.00;0.00;582.00;0.00;0.00;582.00;0.00;0.00;0.00;582.00;0.00;0.00;0.00;0.00;0.00;582.00;388.00;0.00;0.00;450.00;450.00;450.00;390.00;390.00;320.00;1825.33;2160.00;3694.01;5000.00;5000.00;1884.67;1622.33;150.00;2809.34;150.00;310.00;960.00;424.67;640.00;272.33;780.00;2014.67;450.00
1772827953.8825066;0.00;0.00;0.00;582.00;0.00;0.00;582.00;0.00;0.00;582.00;0.00;0.00;0.00;582.00;0.00;0.00;0.00;0.00;0.00;582.00;388.00;0.00;0.00;450.00;450.00;450.00;390.00;390.00;320.00;1825.33;2160.00;3694.01;5000.00;5000.00;1884.67;1622.33;150.00;2809.34;150.00;310.00;960.00;424.67;640.00;272.33;780.00;2014.67;450.00
1772827953.936308;0.00;0.00;0.00;582.00;0.00;0.00;582.00;0.00;0.00;582.00;0.00;0.00;0.00;582.00;0.00;0.00;0.00;0.00;0.00;582.00;388.00;0.00;0.00;450.00;450.00;450.00;390.00;390.00;320.00;1825.33;2160.00;3694.01;5000.00;5000.00;1884.67;1622.33;150.00;2809.34;150.00;310.00;960.00;424.67;640.00;272.33;780.00;2014.67;450.00
1772827953.9394841;0.00;0.00;0.00;582.00;0.00;0.00;582.00;0.00;0.00;582.00;0.00;0.00;0.00;582.00;0.00;0.00;0.00;0.00;0.00;582.00;388.00;0.00;0.00;450.00;450.00;450.00;390.00;390.00;320.00;1825.33;2160.00;3694.01;5000.00;5000.00;1884.67;1622.33;150.00;2809.34;150.00;310.00;960.00;424.67;640.00;272.33;780.00;2014.67;450.00
1772827953.9924643;0.00;0.00;0.00;582.00;0.00;0.00;582.00;0.00;0.00;582.00;0.00;0.00;0.00;582.00;0.00;0.00;0.00;0.00;0.00;582.00;388.00;0.00;0.00;450.00;450.00;450.00;390.00;390.00;320.00;1825.33;2160.00;3694.01;5000.00;5000.00;1884.67;1622.33;150.00;2809.34;150.00;310.00;960.00;424.67;640.00;272.33;780.00;2014.67;450.00
1772827953.9955857;0.00;0.00;0.00;582.00;0.00;0.00;582.00;0.00;0.00;582.00;0.00;0.00;0.00;582.00;0.00;0.00;0.00;0.00;0.00;582.00;388.00;0.00;0.00;450.00;450.00;450.00;390.00;390.00;320.00;1825.33;2160.00;3694.01;5000.00;5000.00;1884.67;1622.33;150.00;2809.34;150.00;310.00;960.00;424.67;640.00;272.33;780.00;2014.67;450.00
1772827967.7444608;0.00;0.00;0.00;582.00;0.00;0.00;582.00;0.00;0.00;582.00;0.00;0.00;0.00;582.00;0.00;0.00;0.00;0.00;0.00;582.00;388.00;0.00;0.00;450.00;450.00;450.00;390.00;390.00;320.00;1825.33;2160.00;3694.01;5000.00;5000.00;1884.67;1622.33;150.00;2809.34;150.00;310.00;960.00;424.67;640.00;272.33;780.00;2014.67;450.00
1772827967.7456896;0.00;0.00;0.00;582.00;0.00;0.00;582.00;0.00;0.00;582.00;0.00;0.00;0.00;582.00;0.00;0.00;0.00;0.00;0.00;582.00;388.00;0.00;0.00;450.00;450.00;450.00;390.00;390.00;320.00;1825.33;2160.00;3694.01;5000.00;5000.00;1884.67;1622.33;150.00;2809.34;150.00;310.00;960.00;424.67;640.00;272.33;780.00;2014.67;450.00
1772827967.7688837;0.00;0.00;0.00;582.00;0.00;0.00;582.00;0.00;0.00;582.00;0.00;0.00;0.00;582.00;0.00;0.00;0.00;0.00;0.00;582.00;388.00;0.00;0.00;450.00;450.00;450.00;390.00;390.00;320.00;1825.33;2160.00;3694.01;5000.00;5000.00;1884.67;1622.33;150.00;2809.34;150.00;310.00;960.00;424.67;640.00;272.33;780.00;2014.67;450.00
1772827967.7701967;0.00;0.00;0.00;582.00;0.00;0.00;582.00;0.00;0.00;582.00;0.00;0.00;0.00;582.00;0.00;0.00;0.00;0.00;0.00;582.00;388.00;0.00;0.00;450.00;450.00;450.00;390.00;390.00;320.00;1825.33;2160.00;3694.01;5000.00;5000.00;1884.67;1622.33;150.00;2809.34;150.00;310.00;960.00;424.67;640.00;272.33;780.00;2014.67;450.00
1772827967.8622668;0.00;0.00;0.00;582.00;0.00;0.00;582.00;0.00;0.00;582.00;0.00;0.00;0.00;582.00;0.00;0.00;0.00;0.00;0.00;582.00;388.00;0.00;0.00;450.00;450.00;450.00;390.00;390.00;320.00;1825.33;2160.00;3694.01;5000.00;5000.00;1884.67;1622.33;150.00;2809.34;150.00;310.00;960.00;424.67;640.00;272.33;780.00;2014.67;450.00
1772827967.8635526;0.00;0.00;0.00;582.00;0.00;0.00;582.00;0.00;0.00;582.00;0.00;0.00;0.00;582.00;0.00;0.00;0.00;0.00;0.00;582.00;388.00;0.00;0.00;450.00;450.00;450.00;390.00;390.00;320.00;1825.33;2160.00;3694.01;5000.00;5000.00;1884.67;1622.33;150.00;2809.34;150.00;310.00;960.00;424.67;640.00;272.33;780.00;2014.67;450.00
1772827967.886746;0.00;0.00;0.00;582.00;0.00;0.00;582.00;0.00;0.00;582.00;0.00;0.00;0.00;582.00;0.00;0.00;0.00;0.00;0.00;582.00;388.00;0.00;0.00;450.00;450.00;450.00;390.00;390.00;320.00;1825.33;2160.00;3694.01;5000.00;5000.00;1884.67;1622.33;150.00;2809.34;150.00;310.00;960.00;424.67;640.00;272.33;780.00;2014.67;450.00
1772827967.8879695;0.00;0.00;0.00;582.00;0.00;0.00;582.00;0.00;0.00;582.00;0.00;0.00;0.00;582.00;0.00;0.00;0.00;0.00;0.00;582.00;388.00;0.00;0.00;450.00;450.00;450.00;390.00;390.00;320.00;1825.33;2160.00;3694.01;5000.00;5000.00;1884.67;1622.33;150.00;2809.34;150.00;310.00;960.00;424.67;640.00;272.33;780.00;2014.67;450.00
1772827967.910863;0.00;0.00;0.00;582.00;0.00;0.00;582.00;0.00;0.00;582.00;0.00;0.00;0.00;582.00;0.00;0.00;0.00;0.00;0.00;582.00;388.00;0.00;0.00;450.00;450.00;450.00;390.00;390.00;320.00;1825.33;2160.00;3694.01;5000.00;5000.00;1884.67;1622.33;150.00;2809.34;150.00;310.00;960.00;424.67;640.00;272.33;780.00;2014.67;450.00
1772827967.9120302;0.00;0.00;0.00;582.00;0.00;0.00;582.00;0.00;0.00;582.00;0.00;0.00;0.00;582.00;0.00;0.00;0.00;0.00;0.00;582.00;388.00;0.00;0.00;450.00;450.00;450.00;390.00;390.00;320.00;1825.33;2160.00;3694.01;5000.00;5000.00;1884.67;1622.33;150.00;2809.34;150.00;310.00;960.00;424.67;640.00;272.33;780.00;2014.67;450.00
1772827967.9355028;0.00;0.00;0.00;582.00;0.00;0.00;582.00;0.00;0.00;582.00;0.00;0.00;0.00;582.00;0.00;0.00;0.00;0.00;0.00;582.00;388.00;0.00;0.00;450.00;450.00;450.00;390.00;390.00;320.00;1825.33;2160.00;3694.01;5000.00;5000.00;1884.67;1622.33;150.00;2809.34;150.00;310.00;960.00;424.67;640.00;272.33;780.00;2014.67;450.00
1772827967.9368124;0.00;0.00;0.00;582.00;0.00;0.00;582.00;0.00;0.00;582.00;0.00;0.00;0.00;582.00;0.00;0.00;0.00;0.00;0.00;582.00;388.00;0.00;0.00;450.00;450.00;450.00;390.00;390.00;320.00;1825.33;2160.00;3694.01;5000.00;5000.00;1884.67;1622.33;150.00;2809.34;150.00;310.00;960.00;424.67;640.00;272.33;780.00;2014.67;450.00
1772827986.7786229;0.00;0.00;0.00;0.00;0.00;0.00;0.00;0.00;0.00;582.00;0.00;0.00;97.00;582.00;0.00;0.00;0.00;0.00;0.00;582.00;388.00;0.00;0.00;530.00;690.00;690.00;630.00;390.00;320.00;955.33;790.66;0.00;0.00;0.00;0.00;1622.33;0.00;0.00;0.00;630.00;960.00;264.67;640.00;432.33;460.00;0.00;460.00
1772827986.779587;0.00;0.00;0.00;0.00;0.00;0.00;0.00;0.00;0.00;582.00;0.00;0.00;97.00;582.00;0.00;0.00;0.00;0.00;0.00;582.00;388.00;0.00;0.00;530.00;690.00;690.00;630.00;390.00;320.00;955.33;790.66;0.00;0.00;0.00;0.00;1622.33;0.00;0.00;0.00;630.00;960.00;264.67;640.00;432.33;460.00;0.00;460.00
1772827986.8056204;0.00;0.00;0.00;0.00;0.00;0.00;0.00;0.00;0.00;582.00;0.00;0.00;194.00;582.00;0.00;0.00;0.00;0.00;0.00;582.00;388.00;0.00;0.00;690.00;850.00;850.00;790.00;422.33;400.00;1035.33;870.66;80.00;150.00;150.00;0.00;1622.33;230.00;0.00;0.00;950.00;960.00;264.67;800.00;432.33;460.00;150.00;610.00
1772827986.806675;0.00;0.00;0.00;0.00;0.00;0.00;0.00;0.00;0.00;582.00;0.00;0.00;194.00;582.00;0.00;0.00;0.00;0.00;0.00;582.00;388.00;0.00;0.00;690.00;850.00;850.00;790.00;422.33;400.00;1035.33;870.66;80.00;150.00;150.00;0.00;1622.33;230.00;0.00;0.00;950.00;960.00;264.67;800.00;432.33;460.00;150.00;610.00
1772827986.83323;0.00;0.00;0.00;0.00;0.00;0.00;0.00;0.00;0.00;582.00;0.00;0.00;291.00;582.00;0.00;0.00;0.00;0.00;0.00;582.00;388.00;0.00;0.00;850.00;1010.00;1010.00;950.00;454.66;480.00;1115.33;950.66;160.00;300.00;300.00;0.00;1622.33;230.00;0.00;0.00;950.00;960.00;264.67;960.00;432.33;460.00;300.00;760.00
1772827986.8342373;0.00;0.00;0.00;0.00;0.00;0.00;0.00;0.00;0.00;582.00;0.00;0.00;291.00;582.00;0.00;0.00;0.00;0.00;0.00;582.00;388.00;0.00;0.00;850.00;1010.00;1010.00;950.00;454.66;480.00;1115.33;950.66;160.00;300.00;300.00;0.00;1622.33;230.00;0.00;0.00;950.00;960.00;264.67;960.00;432.33;460.00;300.00;760.00
1772827986.86042;0.00;0.00;0.00;0.00;0.00;0.00;0.00;0.00;0.00;582.00;0.00;0.00;388.00;582.00;0.00;0.00;0.00;0.00;0.00;582.00;388.00;0.00;0.00;1010.00;1170.00;1170.00;1110.00;534.66;560.00;1195.33;1030.66;310.00;450.00;450.00;150.00;1622.33;230.00;230.00;0.00;950.00;960.00;264.67;1120.00;432.33;460.00;300.00;1060.00
1772827986.8615768;0.00;0.00;0.00;0.00;0.00;0.00;0.00;0.00;0.00;582.00;0.00;0.00;388.00;582.00;0.00;0.00;0.00;0.00;0.00;582.00;388.00;0.00;0.00;1010.00;1170.00;1170.00;1110.00;534.66;560.00;1195.33;1030.66;310.00;450.00;450.00;150.00;1622.33;230.00;230.00;0.00;950.00;960.00;264.67;1120.00;432.33;460.00;300.00;1060.00
1772827986.8892107;0.00;0.00;0.00;0.00;0.00;0.00;0.00;0.00;0.00;582.00;0.00;0.00;485.00;582.00;0.00;0.00;0.00;0.00;0.00;582.00;388.00;0.00;0.00;1170.00;1330.00;1330.00;1270.00;614.66;640.00;1275.33;1180.66;460.00;600.00;600.00;610.00;1622.33;230.00;230.00;0.00;950.00;960.00;264.67;1280.00;432.33;460.00;620.00;1360.00
1772827986.8904388;0.00;0.00;0.00;0.00;0.00;0.00;0.00;0.00;0.00;582.00;0.00;0.00;485.00;582.00;0.00;0.00;0.00;0.00;0.00;582.00;388.00;0.00;0.00;1170.00;1330.00;1330.00;1270.00;614.66;640.00;1275.33;1180.66;460.00;600.00;600.00;610.00;1622.33;230.00;230.00;0.00;950.00;960.00;264.67;1280.00;432.33;460.00;620.00;1360.00
1772827986.9856575;0.00;0.00;0.00;0.00;0.00;0.00;0.00;0.00;0.00;582.00;0.00;0.00;582.00;582.00;0.00;0.00;0.00;0.00;0.00;582.00;388.00;0.00;0.00;1330.00;1490.00;1490.00;1430.00;694.66;720.00;1425.33;1330.66;610.00;750.00;750.00;1070.00;1622.33;230.00;230.00;0.00;950.00;1184.67;264.67;1440.00;432.33;460.00;620.00;1660.00
1772827986.9867635;0.00;0.00;0.00;0.00;0.00;0.00;0.00;0.00;0.00;582.00;0.00;0.00;582.00;582.00;0.00;0.00;0.00;0.00;0.00;582.00;388.00;0.00;0.00;1330.00;1490.00;1490.00;1430.00;694.66;720.00;1425.33;1330.66;610.00;750.00;750.00;1070.00;1622.33;230.00;230.00;0.00;950.00;1184.67;264.67;1440.00;432.33;460.00;620.00;1660.00
1772828013.8222666;0.00;0.00;0.00;0.00;0.00;0.00;0.00;0.00;0.00;582.00;0.00;0.00;582.00;582.00;0.00;0.00;0.00;0.00;0.00;582.00;388.00;0.00;97.00;1330.00;1490.00;1490.00;1430.00;694.66;720.00;1425.33;1330.66;840.00;1290.00;1242.33;1220.00;1622.33;540.00;230.00;0.00;950.00;1184.67;264.67;1440.00;432.33;620.00;770.00;1810.00
1772828013.8244464;0.00;0.00;0.00;0.00;0.00;0.00;0.00;0.00;0.00;582.00;0.00;0.00;582.00;582.00;0.00;0.00;0.00;0.00;0.00;582.00;388.00;0.00;97.00;1330.00;1490.00;1490.00;1430.00;694.66;720.00;1425.33;1330.66;840.00;1290.00;1242.33;1220.00;1622.33;540.00;230.00;0.00;950.00;1184.67;264.67;1440.00;432.33;620.00;770.00;1810.00
1772828013.8649535;0.00;0.00;0.00;0.00;0.00;0.00;0.00;0.00;0.00;582.00;0.00;0.00;582.00;582.00;0.00;0.00;0.00;0.00;0.00;582.00;388.00;0.00;194.00;1330.00;1490.00;1490.00;1430.00;694.66;720.00;1425.33;1330.66;1070.00;1830.00;1734.66;1370.00;1622.33;860.00;230.00;0.00;950.00;1184.67;264.67;1440.00;432.33;780.00;920.00;1960.00
1772828013.867005;0.00;0.00;0.00;0.00;0.00;0.00;0.00;0.00;0.00;582.00;0.00;0.00;582.00;582.00;0.00;0.00;0.00;0.00;0.00;582.00;388.00;0.00;194.00;1330.00;1490.00;1490.00;1430.00;694.66;720.00;1425.33;1330.66;1070.00;1830.00;1734.66;1370.00;1622.33;860.00;230.00;0.00;950.00;1184.67;264.67;1440.00;432.33;780.00;920.00;1960.00
1772828013.9074693;0.00;0.00;0.00;0.00;0.00;0.00;0.00;0.00;0.00;582.00;0.00;0.00;582.00;582.00;0.00;0.00;0.00;0.00;0.00;582.00;388.00;0.00;291.00;1330.00;1490.00;1490.00;1430.00;694.66;720.00;1425.33;1330.66;1300.00;2370.00;2131.66;1520.00;1622.33;1180.00;230.00;0.00;950.00;1184.67;264.67;1440.00;432.33;940.00;1070.00;2110.00
1772828013.909566;0.00;0.00;0.00;0.00;0.00;0.00;0.00;0.00;0.00;582.00;0.00;0.00;582.00;582.00;0.00;0.00;0.00;0.00;0.00;582.00;388.00;0.00;291.00;1330.00;1490.00;1490.00;1430.00;694.66;720.00;1425.33;1330.66;1300.00;2370.00;2131.66;1520.00;1622.33;1180.00;230.00;0.00;950.00;1184.67;264.67;1440.00;432.33;940.00;1070.00;2110.00
1772828013.9543524;0.00;0.00;0.00;0.00;0.00;0.00;0.00;0.00;0.00;582.00;0.00;0.00;582.00;582.00;0.00;0.00;0.00;0.00;0.00;582.00;388.00;0.00;388.00;1330.00;1490.00;1490.00;1430.00;694.66;720.00;1425.33;1330.66;1530.00;2910.00;2528.66;1670.00;1622.33;1500.00;230.00;0.00;950.00;1184.67;264.67;1440.00;432.33;1324.67;1220.00;2260.00
1772828013.957208;0.00;0.00;0.00;0.00;0.00;0.00;0.00;0.00;0.00;582.00;0.00;0.00;582.00;582.00;0.00;0.00;0.00;0.00;0.00;582.00;388.00;0.00;388.00;1330.00;1490.00;1490.00;1430.00;694.66;720.00;1425.33;1330.66;1530.00;2910.00;2528.66;1670.00;1622.33;1500.00;230.00;0.00;950.00;1184.67;264.67;1440.00;432.33;1324.67;1220.00;2260.00
1772828014.0105412;0.00;0.00;0.00;0.00;0.00;0.00;0.00;0.00;0.00;582.00;0.00;0.00;582.00;582.00;0.00;0.00;0.00;0.00;0.00;582.00;388.00;0.00;485.00;1330.00;1490.00;1490.00;1430.00;694.66;720.00;1425.33;1330.66;2080.00;3354.67;2925.66;1820.00;1622.33;1810.00;710.00;0.00;950.00;1184.67;264.67;1440.00;432.33;1437.00;1370.00;2410.00
1772828014.0135555;0.00;0.00;0.00;0.00;0.00;0.00;0.00;0.00;0.00;582.00;0.00;0.00;582.00;582.00;0.00;0.00;0.00;0.00;0.00;582.00;388.00;0.00;485.00;1330.00;1490.00;1490.00;1430.00;694.66;720.00;1425.33;1330.66;2080.00;3354.67;2925.66;1820.00;1622.33;1810.00;710.00;0.00;950.00;1184.67;264.67;1440.00;432.33;1437.00;1370.00;2410.00
1772828014.0678751;0.00;0.00;0.00;0.00;0.00;0.00;0.00;0.00;0.00;582.00;0.00;0.00;582.00;582.00;0.00;0.00;0.00;0.00;0.00;582.00;388.00;0.00;582.00;1330.00;1490.00;1490.00;1430.00;694.66;720.00;1425.33;1330.66;2620.00;3799.34;3370.33;2120.00;1622.33;1810.00;1190.00;0.00;950.00;1184.67;264.67;1440.00;432.33;1437.00;1370.00;2710.00
1772828014.0709388;0.00;0.00;0.00;0.00;0.00;0.00;0.00;0.00;0.00;582.00;0.00;0.00;582.00;582.00;0.00;0.00;0.00;0.00;0.00;582.00;388.00;0.00;582.00;1330.00;1490.00;1490.00;1430.00;694.66;720.00;1425.33;1330.66;2620.00;3799.34;3370.33;2120.00;1622.33;1810.00;1190.00;0.00;950.00;1184.67;264.67;1440.00;432.33;1437.00;1370.00;2710.00
1772828031.861508;0.00;0.00;0.00;0.00;97.00;0.00;0.00;0.00;0.00;582.00;0.00;0.00;582.00;582.00;0.00;0.00;0.00;0.00;0.00;0.00;388.00;0.00;582.00;0.00;0.00;0.00;0.00;694.66;720.00;1425.33;1330.66;3160.00;4099.34;3670.33;2420.00;1622.33;1810.00;1670.00;0.00;837.67;0.00;0.00;1440.00;272.33;1437.00;1370.00;300.00
1772828031.8627777;0.00;0.00;0.00;0.00;97.00;0.00;0.00;0.00;0.00;582.00;0.00;0.00;582.00;582.00;0.00;0.00;0.00;0.00;0.00;0.00;388.00;0.00;582.00;0.00;0.00;0.00;0.00;694.66;720.00;1425.33;1330.66;3160.00;4099.34;3670.33;2420.00;1622.33;1810.00;1670.00;0.00;837.67;0.00;0.00;1440.00;272.33;1437.00;1370.00;300.00
1772828031.9007711;0.00;0.00;0.00;0.00;194.00;0.00;0.00;0.00;0.00;582.00;0.00;0.00;582.00;582.00;0.00;0.00;0.00;0.00;0.00;0.00;388.00;0.00;582.00;230.00;0.00;0.00;0.00;694.66;720.00;1425.33;1330.66;3470.00;4329.34;3900.33;2650.00;1622.33;1810.00;1990.00;0.00;837.67;0.00;160.00;1440.00;272.33;1437.00;1370.00;600.00
1772828031.9030457;0.00;0.00;0.00;0.00;194.00;0.00;0.00;0.00;0.00;582.00;0.00;0.00;582.00;582.00;0.00;0.00;0.00;0.00;0.00;0.00;388.00;0.00;582.00;230.00;0.00;0.00;0.00;694.66;720.00;1425.33;1330.66;3470.00;4329.34;3900.33;2650.00;1622.33;1810.00;1990.00;0.00;837.67;0.00;160.00;1440.00;272.33;1437.00;1370.00;600.00
1772828032.0797944;0.00;0.00;0.00;0.00;291.00;0.00;0.00;0.00;0.00;582.00;0.00;0.00;582.00;582.00;0.00;0.00;0.00;0.00;0.00;0.00;388.00;0.00;582.00;380.00;150.00;150.00;80.00;774.66;800.00;1505.33;1410.66;3870.00;4479.34;4050.33;2650.00;1622.33;2034.67;1990.00;0.00;837.67;0.00;160.00;1600.00;272.33;1437.00;1520.00;750.00
1772828032.0820873;0.00;0.00;0.00;0.00;291.00;0.00;0.00;0.00;0.00;582.00;0.00;0.00;582.00;582.00;0.00;0.00;0.00;0.00;0.00;0.00;388.00;0.00;582.00;380.00;150.00;150.00;80.00;774.66;800.00;1505.33;1410.66;3870.00;4479.34;4050.33;2650.00;1622.33;2034.67;1990.00;0.00;837.67;0.00;160.00;1600.00;272.33;1437.00;1520.00;750.00
1772828032.114149;0.00;0.00;0.00;0.00;388.00;0.00;0.00;0.00;0.00;582.00;0.00;0.00;582.00;582.00;0.00;0.00;0.00;0.00;0.00;0.00;388.00;0.00;582.00;530.00;300.00;300.00;230.00;854.66;880.00;1585.33;1490.66;4270.00;4629.34;4200.33;2650.00;1622.33;2259.34;1990.00;0.00;837.67;160.00;160.00;1600.00;272.33;1437.00;1670.00;900.00
1772828032.1155837;0.00;0.00;0.00;0.00;388.00;0.00;0.00;0.00;0.00;582.00;0.00;0.00;582.00;582.00;0.00;0.00;0.00;0.00;0.00;0.00;388.00;0.00;582.00;530.00;300.00;300.00;230.00;854.66;880.00;1585.33;1490.66;4270.00;4629.34;4200.33;2650.00;1622.33;2259.34;1990.00;0.00;837.67;160.00;160.00;1600.00;272.33;1437.00;1670.00;900.00
1772828032.1404314;0.00;0.00;0.00;0.00;388.00;0.00;0.00;0.00;0.00;582.00;0.00;0.00;582.00;582.00;0.00;0.00;0.00;0.00;0.00;0.00;388.00;0.00;582.00;530.00;300.00;300.00;230.00;854.66;880.00;1585.33;1490.66;4270.00;4629.34;4200.33;2650.00;1622.33;2259.34;1990.00;0.00;837.67;160.00;160.00;1600.00;272.33;1437.00;1670.00;900.00
1772828032.1416657;0.00;0.00;0.00;0.00;388.00;0.00;0.00;0.00;0.00;582.00;0.00;0.00;582.00;582.00;0.00;0.00;0.00;0.00;0.00;0.00;388.00;0.00;582.00;530.00;300.00;300.00;230.00;854.66;880.00;1585.33;1490.66;4270.00;4629.34;4200.33;2650.00;1622.33;2259.34;1990.00;0.00;837.67;160.00;160.00;1600.00;272.33;1437.00;1670.00;900.00
1772828032.1679025;0.00;0.00;0.00;0.00;388.00;0.00;0.00;0.00;0.00;582.00;0.00;0.00;582.00;582.00;0.00;0.00;0.00;0.00;0.00;0.00;388.00;0.00;582.00;530.00;300.00;300.00;230.00;854.66;880.00;1585.33;1490.66;4270.00;4629.34;4200.33;2650.00;1622.33;2259.34;1990.00;0.00;837.67;160.00;160.00;1600.00;272.33;1437.00;1670.00;900.00
1772828032.1693788;0.00;0.00;0.00;0.00;388.00;0.00;0.00;0.00;0.00;582.00;0.00;0.00;582.00;582.00;0.00;0.00;0.00;0.00;0.00;0.00;388.00;0.00;582.00;530.00;300.00;300.00;230.00;854.66;880.00;1585.33;1490.66;4270.00;4629.34;4200.33;2650.00;1622.33;2259.34;1990.00;0.00;837.67;160.00;160.00;1600.00;272.33;1437.00;1670.00;900.00
1772828053.2053776;0.00;0.00;0.00;0.00;291.00;0.00;0.00;0.00;0.00;582.00;0.00;0.00;97.00;0.00;0.00;0.00;0.00;0.00;0.00;0.00;388.00;0.00;582.00;310.00;240.00;240.00;97.00;0.00;0.00;0.00;10.66;1730.00;0.00;0.00;0.00;1622.33;1804.67;1760.00;0.00;197.67;0.00;0.00;0.00;480.00;1277.00;0.00;460.00
1772828053.2070405;0.00;0.00;0.00;0.00;291.00;0.00;0.00;0.00;0.00;582.00;0.00;0.00;97.00;0.00;0.00;0.00;0.00;0.00;0.00;0.00;388.00;0.00;582.00;310.00;240.00;240.00;97.00;0.00;0.00;0.00;10.66;1730.00;0.00;0.00;0.00;1622.33;1804.67;1760.00;0.00;197.67;0.00;0.00;0.00;480.00;1277.00;0.00;460.00
1772828053.248584;0.00;0.00;0.00;0.00;291.00;0.00;0.00;0.00;0.00;582.00;0.00;0.00;194.00;0.00;0.00;0.00;0.00;0.00;0.00;0.00;388.00;0.00;582.00;620.00;550.00;550.00;424.00;230.00;0.00;0.00;10.66;1730.00;0.00;0.00;0.00;1622.33;1804.67;1760.00;0.00;517.67;0.00;0.00;160.00;480.00;1277.00;0.00;760.00
1772828053.2503092;0.00;0.00;0.00;0.00;291.00;0.00;0.00;0.00;0.00;582.00;0.00;0.00;194.00;0.00;0.00;0.00;0.00;0.00;0.00;0.00;388.00;0.00;582.00;620.00;550.00;550.00;424.00;230.00;0.00;0.00;10.66;1730.00;0.00;0.00;0.00;1622.33;1804.67;1760.00;0.00;517.67;0.00;0.00;160.00;480.00;1277.00;0.00;760.00
1772828053.2923892;0.00;0.00;0.00;0.00;291.00;0.00;0.00;0.00;0.00;582.00;0.00;0.00;291.00;0.00;0.00;0.00;0.00;0.00;0.00;0.00;388.00;0.00;582.00;780.00;710.00;710.00;488.67;262.33;80.00;80.00;90.66;1810.00;150.00;150.00;0.00;1622.33;2034.67;1760.00;0.00;837.67;0.00;0.00;320.00;480.00;1277.00;150.00;910.00
1772828053.2942007;0.00;0.00;0.00;0.00;291.00;0.00;0.00;0.00;0.00;582.00;0.00;0.00;291.00;0.00;0.00;0.00;0.00;0.00;0.00;0.00;388.00;0.00;582.00;780.00;710.00;710.00;488.67;262.33;80.00;80.00;90.66;1810.00;150.00;150.00;0.00;1622.33;2034.67;1760.00;0.00;837.67;0.00;0.00;320.00;480.00;1277.00;150.00;910.00
1772828053.3357527;0.00;0.00;0.00;0.00;291.00;0.00;0.00;0.00;0.00;582.00;0.00;0.00;388.00;0.00;0.00;0.00;0.00;0.00;0.00;0.00;388.00;0.00;582.00;940.00;870.00;870.00;553.34;294.66;160.00;160.00;170.66;1890.00;300.00;300.00;0.00;1622.33;2034.67;1760.00;0.00;837.67;0.00;0.00;480.00;480.00;1277.00;300.00;1060.00
1772828053.3375578;0.00;0.00;0.00;0.00;291.00;0.00;0.00;0.00;0.00;582.00;0.00;0.00;388.00;0.00;0.00;0.00;0.00;0.00;0.00;0.00;388.00;0.00;582.00;940.00;870.00;870.00;553.34;294.66;160.00;160.00;170.66;1890.00;300.00;300.00;0.00;1622.33;2034.67;1760.00;0.00;837.67;0.00;0.00;480.00;480.00;1277.00;300.00;1060.00
1772828053.4904935;0.00;0.00;0.00;0.00;388.00;0.00;0.00;0.00;0.00;582.00;0.00;0.00;388.00;0.00;0.00;0.00;0.00;0.00;0.00;0.00;388.00;0.00;582.00;940.00;870.00;870.00;553.34;294.66;160.00;160.00;170.66;2120.00;610.00;610.00;300.00;1622.33;2034.67;1990.00;0.00;837.67;0.00;0.00;480.00;480.00;1277.00;620.00;1360.00
1772828053.4924064;0.00;0.00;0.00;0.00;388.00;0.00;0.00;0.00;0.00;582.00;0.00;0.00;388.00;0.00;0.00;0.00;0.00;0.00;0.00;0.00;388.00;0.00;582.00;940.00;870.00;870.00;553.34;294.66;160.00;160.00;170.66;2120.00;610.00;610.00;300.00;1622.33;2034.67;1990.00;0.00;837.67;0.00;0.00;480.00;480.00;1277.00;620.00;1360.00
1772828053.5339687;0.00;0.00;0.00;0.00;388.00;0.00;0.00;0.00;0.00;582.00;0.00;0.00;485.00;0.00;0.00;0.00;0.00;0.00;0.00;0.00;388.00;0.00;582.00;1090.00;1020.00;1030.00;618.01;326.99;240.00;240.00;250.66;2200.00;760.00;760.00;300.00;1622.33;2034.67;1990.00;0.00;1062.34;0.00;0.00;640.00;480.00;1277.00;770.00;1510.00
1772828053.5359583;0.00;0.00;0.00;0.00;388.00;0.00;0.00;0.00;0.00;582.00;0.00;0.00;485.00;0.00;0.00;0.00;0.00;0.00;0.00;0.00;388.00;0.00;582.00;1090.00;1020.00;1030.00;618.01;326.99;240.00;240.00;250.66;2200.00;760.00;760.00;300.00;1622.33;2034.67;1990.00;0.00;1062.34;0.00;0.00;640.00;480.00;1277.00;770.00;1510.00
1772828053.5778604;0.00;0.00;0.00;0.00;388.00;0.00;0.00;0.00;0.00;582.00;0.00;0.00;582.00;0.00;0.00;0.00;0.00;0.00;0.00;0.00;388.00;0.00;582.00;1240.00;1180.00;1190.00;682.68;359.32;320.00;320.00;330.66;2280.00;910.00;910.00;300.00;1622.33;2034.67;1990.00;0.00;1062.34;0.00;320.00;800.00;480.00;1277.00;920.00;1660.00
1772828053.5799017;0.00;0.00;0.00;0.00;388.00;0.00;0.00;0.00;0.00;582.00;0.00;0.00;582.00;0.00;0.00;0.00;0.00;0.00;0.00;0.00;388.00;0.00;582.00;1240.00;1180.00;1190.00;682.68;359.32;320.00;320.00;330.66;2280.00;910.00;910.00;300.00;1622.33;2034.67;1990.00;0.00;1062.34;0.00;320.00;800.00;480.00;1277.00;920.00;1660.00
1772828056.8920662;0.00;0.00;0.00;0.00;388.00;0.00;0.00;0.00;0.00;582.00;0.00;0.00;582.00;0.00;0.00;0.00;0.00;0.00;0.00;97.00;388.00;0.00;582.00;1390.00;1340.00;1350.00;762.68;439.32;400.00;400.00;410.66;2360.00;1060.00;1060.00;300.00;1622.33;2034.67;1990.00;0.00;1062.34;0.00;640.00;960.00;480.00;1277.00;1070.00;1810.00
1772828056.894091;0.00;0.00;0.00;0.00;388.00;0.00;0.00;0.00;0.00;582.00;0.00;0.00;582.00;0.00;0.00;0.00;0.00;0.00;0.00;97.00;388.00;0.00;582.00;1390.00;1340.00;1350.00;762.68;439.32;400.00;400.00;410.66;2360.00;1060.00;1060.00;300.00;1622.33;2034.67;1990.00;0.00;1062.34;0.00;640.00;960.00;480.00;1277.00;1070.00;1810.00
1772828056.937045;0.00;0.00;0.00;0.00;388.00;0.00;0.00;0.00;0.00;582.00;0.00;0.00;582.00;0.00;0.00;0.00;0.00;0.00;0.00;194.00;388.00;0.00;582.00;1540.00;1500.00;1510.00;842.68;519.32;480.00;480.00;560.66;2510.00;1210.00;1210.00;450.00;1622.33;2034.67;1990.00;160.00;1062.34;0.00;640.00;960.00;480.00;1277.00;1070.00;2110.00
1772828056.939109;0.00;0.00;0.00;0.00;388.00;0.00;0.00;0.00;0.00;582.00;0.00;0.00;582.00;0.00;0.00;0.00;0.00;0.00;0.00;194.00;388.00;0.00;582.00;1540.00;1500.00;1510.00;842.68;519.32;480.00;480.00;560.66;2510.00;1210.00;1210.00;450.00;1622.33;2034.67;1990.00;160.00;1062.34;0.00;640.00;960.00;480.00;1277.00;1070.00;2110.00
1772828056.9808686;0.00;0.00;0.00;0.00;388.00;0.00;0.00;0.00;0.00;582.00;0.00;0.00;582.00;0.00;0.00;0.00;0.00;0.00;0.00;291.00;388.00;0.00;582.00;1700.00;1564.67;1574.67;922.68;599.32;560.00;630.00;710.66;2660.00;1360.00;1360.00;910.00;1622.33;2034.67;1990.00;160.00;1062.34;0.00;864.67;960.00;480.00;1277.00;1070.00;2410.00
1772828056.983003;0.00;0.00;0.00;0.00;388.00;0.00;0.00;0.00;0.00;582.00;0.00;0.00;582.00;0.00;0.00;0.00;0.00;0.00;0.00;291.00;388.00;0.00;582.00;1700.00;1564.67;1574.67;922.68;599.32;560.00;630.00;710.66;2660.00;1360.00;1360.00;910.00;1622.33;2034.67;1990.00;160.00;1062.34;0.00;864.67;960.00;480.00;1277.00;1070.00;2410.00
1772828057.0225952;0.00;0.00;0.00;0.00;388.00;0.00;0.00;0.00;0.00;582.00;0.00;0.00;582.00;0.00;0.00;0.00;0.00;0.00;0.00;291.00;388.00;0.00;582.00;1700.00;1564.67;1574.67;922.68;599.32;560.00;630.00;710.66;2660.00;1360.00;1360.00;910.00;1622.33;2034.67;1990.00;160.00;1062.34;0.00;864.67;960.00;480.00;1277.00;1070.00;2410.00
1772828057.0247407;0.00;0.00;0.00;0.00;388.00;0.00;0.00;0.00;0.00;582.00;0.00;0.00;582.00;0.00;0.00;0.00;0.00;0.00;0.00;291.00;388.00;0.00;582.00;1700.00;1564.67;1574.67;922.68;599.32;560.00;630.00;710.66;2660.00;1360.00;1360.00;910.00;1622.33;2034.67;1990.00;160.00;1062.34;0.00;864.67;960.00;480.00;1277.00;1070.00;2410.00
1772828057.0636272;0.00;0.00;0.00;0.00;388.00;0.00;0.00;0.00;0.00;582.00;0.00;0.00;582.00;0.00;0.00;0.00;0.00;0.00;0.00;291.00;388.00;0.00;582.00;1700.00;1564.67;1574.67;922.68;599.32;560.00;630.00;710.66;2660.00;1360.00;1360.00;910.00;1622.33;2034.67;1990.00;160.00;1062.34;0.00;864.67;960.00;480.00;1277.00;1070.00;2410.00
1772828057.064777;0.00;0.00;0.00;0.00;388.00;0.00;0.00;0.00;0.00;582.00;0.00;0.00;582.00;0.00;0.00;0.00;0.00;0.00;0.00;291.00;388.00;0.00;582.00;1700.00;1564.67;1574.67;922.68;599.32;560.00;630.00;710.66;2660.00;1360.00;1360.00;910.00;1622.33;2034.67;1990.00;160.00;1062.34;0.00;864.67;960.00;480.00;1277.00;1070.00;2410.00
1772828057.088423;0.00;0.00;0.00;0.00;388.00;0.00;0.00;0.00;0.00;582.00;0.00;0.00;582.00;0.00;0.00;0.00;0.00;0.00;0.00;291.00;388.00;0.00;582.00;1700.00;1564.67;1574.67;922.68;599.32;560.00;630.00;710.66;2660.00;1360.00;1360.00;910.00;1622.33;2034.67;1990.00;160.00;1062.34;0.00;864.67;960.00;480.00;1277.00;1070.00;2410.00
1772828057.089572;0.00;0.00;0.00;0.00;388.00;0.00;0.00;0.00;0.00;582.00;0.00;0.00;582.00;0.00;0.00;0.00;0.00;0.00;0.00;291.00;388.00;0.00;582.00;1700.00;1564.67;1574.67;922.68;599.32;560.00;630.00;710.66;2660.00;1360.00;1360.00;910.00;1622.33;2034.67;1990.00;160.00;1062.34;0.00;864.67;960.00;480.00;1277.00;1070.00;2410.00
1772828078.9826515;0.00;0.00;0.00;0.00;388.00;0.00;0.00;0.00;0.00;0.00;0.00;0.00;582.00;0.00;97.00;0.00;0.00;0.00;0.00;291.00;388.00;0.00;582.00;2000.00;1864.67;1874.67;1232.68;839.32;560.00;0.00;0.00;0.00;0.00;0.00;0.00;0.00;2034.67;1840.00;0.00;1062.34;480.00;864.67;960.00;480.00;677.00;0.00;300.00
1772828078.9836676;0.00;0.00;0.00;0.00;388.00;0.00;0.00;0.00;0.00;0.00;0.00;0.00;582.00;0.00;97.00;0.00;0.00;0.00;0.00;291.00;388.00;0.00;582.00;2000.00;1864.67;1874.67;1232.68;839.32;560.00;0.00;0.00;0.00;0.00;0.00;0.00;0.00;2034.67;1840.00;0.00;1062.34;480.00;864.67;960.00;480.00;677.00;0.00;300.00
1772828079.0187478;0.00;0.00;0.00;0.00;388.00;0.00;0.00;0.00;0.00;0.00;0.00;0.00;582.00;0.00;194.00;0.00;0.00;0.00;0.00;291.00;388.00;0.00;582.00;2300.00;2164.67;2174.67;1542.68;1079.32;560.00;0.00;0.00;0.00;0.00;0.00;0.00;0.00;2034.67;1840.00;0.00;1062.34;960.00;864.67;960.00;480.00;677.00;0.00;600.00
1772828079.0201766;0.00;0.00;0.00;0.00;388.00;0.00;0.00;0.00;0.00;0.00;0.00;0.00;582.00;0.00;194.00;0.00;0.00;0.00;0.00;291.00;388.00;0.00;582.00;2300.00;2164.67;2174.67;1542.68;1079.32;560.00;0.00;0.00;0.00;0.00;0.00;0.00;0.00;2034.67;1840.00;0.00;1062.34;960.00;864.67;960.00;480.00;677.00;0.00;600.00
1772828079.054675;0.00;0.00;0.00;0.00;388.00;0.00;0.00;0.00;0.00;0.00;0.00;0.00;582.00;0.00;291.00;0.00;0.00;0.00;0.00;291.00;388.00;0.00;582.00;2600.00;2474.67;2484.67;1852.68;1319.32;560.00;0.00;0.00;0.00;0.00;0.00;0.00;0.00;2034.67;1840.00;0.00;1062.34;1120.00;864.67;960.00;480.00;677.00;0.00;900.00
1772828079.0560787;0.00;0.00;0.00;0.00;388.00;0.00;0.00;0.00;0.00;0.00;0.00;0.00;582.00;0.00;291.00;0.00;0.00;0.00;0.00;291.00;388.00;0.00;582.00;2600.00;2474.67;2484.67;1852.68;1319.32;560.00;0.00;0.00;0.00;0.00;0.00;0.00;0.00;2034.67;1840.00;0.00;1062.34;1120.00;864.67;960.00;480.00;677.00;0.00;900.00
1772828079.092602;0.00;0.00;0.00;0.00;388.00;0.00;0.00;0.00;0.00;0.00;0.00;0.00;582.00;0.00;388.00;0.00;0.00;0.00;0.00;291.00;388.00;0.00;582.00;2900.00;2784.67;2794.67;2162.68;1559.32;560.00;0.00;0.00;0.00;0.00;0.00;0.00;0.00;2034.67;1840.00;0.00;1062.34;1280.00;864.67;960.00;480.00;677.00;0.00;1200.00
1772828079.094194;0.00;0.00;0.00;0.00;388.00;0.00;0.00;0.00;0.00;0.00;0.00;0.00;582.00;0.00;388.00;0.00;0.00;0.00;0.00;291.00;388.00;0.00;582.00;2900.00;2784.67;2794.67;2162.68;1559.32;560.00;0.00;0.00;0.00;0.00;0.00;0.00;0.00;2034.67;1840.00;0.00;1062.34;1280.00;864.67;960.00;480.00;677.00;0.00;1200.00
1772828079.1304204;0.00;0.00;0.00;0.00;388.00;0.00;0.00;0.00;0.00;0.00;0.00;0.00;582.00;0.00;485.00;0.00;0.00;0.00;0.00;291.00;388.00;0.00;582.00;3200.00;3084.67;3094.67;2462.68;1799.32;560.00;0.00;0.00;0.00;0.00;0.00;0.00;0.00;2034.67;1840.00;0.00;1062.34;1440.00;864.67;1184.67;480.00;677.00;0.00;1500.00
1772828079.1319396;0.00;0.00;0.00;0.00;388.00;0.00;0.00;0.00;0.00;0.00;0.00;0.00;582.00;0.00;485.00;0.00;0.00;0.00;0.00;291.00;388.00;0.00;582.00;3200.00;3084.67;3094.67;2462.68;1799.32;560.00;0.00;0.00;0.00;0.00;0.00;0.00;0.00;2034.67;1840.00;0.00;1062.34;1440.00;864.67;1184.67;480.00;677.00;0.00;1500.00
1772828079.1663287;0.00;0.00;0.00;0.00;388.00;0.00;0.00;0.00;0.00;0.00;0.00;0.00;582.00;0.00;582.00;0.00;0.00;0.00;0.00;291.00;388.00;0.00;582.00;3500.00;3384.67;3394.67;2762.68;2263.99;560.00;0.00;0.00;0.00;0.00;0.00;0.00;0.00;2034.67;1840.00;0.00;1062.34;1824.67;864.67;1184.67;480.00;677.00;0.00;1800.00
1772828079.1678064;0.00;0.00;0.00;0.00;388.00;0.00;0.00;0.00;0.00;0.00;0.00;0.00;582.00;0.00;582.00;0.00;0.00;0.00;0.00;291.00;388.00;0.00;582.00;3500.00;3384.67;3394.67;2762.68;2263.99;560.00;0.00;0.00;0.00;0.00;0.00;0.00;0.00;2034.67;1840.00;0.00;1062.34;1824.67;864.67;1184.67;480.00;677.00;0.00;1800.00
1772828099.036295;0.00;0.00;0.00;0.00;485.00;0.00;0.00;0.00;0.00;0.00;0.00;0.00;582.00;0.00;582.00;0.00;0.00;0.00;0.00;291.00;0.00;0.00;582.00;2150.00;2034.67;2044.67;2372.68;1873.99;80.00;0.00;0.00;230.00;310.00;300.00;300.00;0.00;2109.34;650.00;0.00;752.34;1824.67;864.67;224.67;480.00;677.00;0.00;750.00
1772828099.0380132;0.00;0.00;0.00;0.00;485.00;0.00;0.00;0.00;0.00;0.00;0.00;0.00;582.00;0.00;582.00;0.00;0.00;0.00;0.00;291.00;0.00;0.00;582.00;2150.00;2034.67;2044.67;2372.68;1873.99;80.00;0.00;0.00;230.00;310.00;300.00;300.00;0.00;2109.34;650.00;0.00;752.34;1824.67;864.67;224.67;480.00;677.00;0.00;750.00
1772828099.0756292;0.00;0.00;0.00;0.00;582.00;0.00;0.00;0.00;0.00;0.00;0.00;0.00;582.00;0.00;582.00;0.00;0.00;0.00;0.00;291.00;0.00;0.00;582.00;2150.00;2034.67;2044.67;2372.68;1873.99;80.00;0.00;0.00;567.00;620.00;600.00;450.00;0.00;2109.34;762.33;0.00;752.34;1824.67;864.67;224.67;480.00;677.00;150.00;900.00
1772828099.0771668;0.00;0.00;0.00;0.00;582.00;0.00;0.00;0.00;0.00;0.00;0.00;0.00;582.00;0.00;582.00;0.00;0.00;0.00;0.00;291.00;0.00;0.00;582.00;2150.00;2034.67;2044.67;2372.68;1873.99;80.00;0.00;0.00;567.00;620.00;600.00;450.00;0.00;2109.34;762.33;0.00;752.34;1824.67;864.67;224.67;480.00;677.00;150.00;900.00
1772828099.1935024;0.00;0.00;0.00;0.00;679.00;0.00;0.00;0.00;0.00;0.00;0.00;0.00;582.00;0.00;582.00;0.00;0.00;0.00;0.00;291.00;0.00;0.00;582.00;2150.00;2034.67;2044.67;2372.68;1873.99;80.00;0.00;540.00;1107.00;920.00;900.00;750.00;0.00;2109.34;762.33;480.00;752.34;1824.67;864.67;224.67;480.00;677.00;150.00;1200.00
1772828099.19495;0.00;0.00;0.00;0.00;679.00;0.00;0.00;0.00;0.00;0.00;0.00;0.00;582.00;0.00;582.00;0.00;0.00;0.00;0.00;291.00;0.00;0.00;582.00;2150.00;2034.67;2044.67;2372.68;1873.99;80.00;0.00;540.00;1107.00;920.00;900.00;750.00;0.00;2109.34;762.33;480.00;752.34;1824.67;864.67;224.67;480.00;677.00;150.00;1200.00
1772828099.2354536;0.00;0.00;0.00;0.00;776.00;0.00;0.00;0.00;0.00;0.00;0.00;0.00;582.00;0.00;582.00;0.00;0.00;0.00;0.00;291.00;0.00;0.00;582.00;2150.00;2034.67;2044.67;2372.68;1873.99;80.00;0.00;1080.00;1647.00;1220.00;1200.00;1050.00;0.00;2109.34;762.33;960.00;752.34;1824.67;864.67;224.67;480.00;677.00;150.00;1500.00
1772828099.2371845;0.00;0.00;0.00;0.00;776.00;0.00;0.00;0.00;0.00;0.00;0.00;0.00;582.00;0.00;582.00;0.00;0.00;0.00;0.00;291.00;0.00;0.00;582.00;2150.00;2034.67;2044.67;2372.68;1873.99;80.00;0.00;1080.00;1647.00;1220.00;1200.00;1050.00;0.00;2109.34;762.33;960.00;752.34;1824.67;864.67;224.67;480.00;677.00;150.00;1500.00
1772828099.275181;0.00;0.00;0.00;0.00;873.00;0.00;0.00;0.00;0.00;0.00;0.00;0.00;582.00;0.00;582.00;0.00;0.00;0.00;0.00;291.00;0.00;0.00;582.00;2150.00;2034.67;2044.67;2372.68;1873.99;80.00;0.00;1620.00;2187.00;1520.00;1500.00;1350.00;0.00;2109.34;762.33;1440.00;752.34;1824.67;864.67;224.67;480.00;677.00;150.00;1800.00
1772828099.2767186;0.00;0.00;0.00;0.00;873.00;0.00;0.00;0.00;0.00;0.00;0.00;0.00;582.00;0.00;582.00;0.00;0.00;0.00;0.00;291.00;0.00;0.00;582.00;2150.00;2034.67;2044.67;2372.68;1873.99;80.00;0.00;1620.00;2187.00;1520.00;1500.00;1350.00;0.00;2109.34;762.33;1440.00;752.34;1824.67;864.67;224.67;480.00;677.00;150.00;1800.00
1772828099.3194268;0.00;0.00;0.00;0.00;970.00;0.00;0.00;0.00;0.00;0.00;0.00;0.00;582.00;0.00;582.00;0.00;0.00;0.00;0.00;291.00;0.00;0.00;582.00;2150.00;2034.67;2044.67;2372.68;1873.99;80.00;0.00;2160.00;2727.00;1820.00;1800.00;1650.00;0.00;2109.34;762.33;1920.00;752.34;1824.67;864.67;224.67;480.00;677.00;150.00;2100.00
1772828099.3226736;0.00;0.00;0.00;0.00;970.00;0.00;0.00;0.00;0.00;0.00;0.00;0.00;582.00;0.00;582.00;0.00;0.00;0.00;0.00;291.00;0.00;0.00;582.00;2150.00;2034.67;2044.67;2372.68;1873.99;80.00;0.00;2160.00;2727.00;1820.00;1800.00;1650.00;0.00;2109.34;762.33;1920.00;752.34;1824.67;864.67;224.67;480.00;677.00;150.00;2100.00
1772828114.068428;0.00;0.00;0.00;97.00;970.00;0.00;0.00;0.00;0.00;0.00;0.00;0.00;582.00;0.00;582.00;0.00;0.00;0.00;0.00;291.00;0.00;0.00;582.00;2150.00;2034.67;2044.67;2372.68;1873.99;80.00;0.00;2710.00;3267.00;2120.00;2100.00;1950.00;0.00;2109.34;762.33;2080.00;752.34;1824.67;864.67;224.67;480.00;677.00;150.00;2400.00
1772828114.0700707;0.00;0.00;0.00;97.00;970.00;0.00;0.00;0.00;0.00;0.00;0.00;0.00;582.00;0.00;582.00;0.00;0.00;0.00;0.00;291.00;0.00;0.00;582.00;2150.00;2034.67;2044.67;2372.68;1873.99;80.00;0.00;2710.00;3267.00;2120.00;2100.00;1950.00;0.00;2109.34;762.33;2080.00;752.34;1824.67;864.67;224.67;480.00;677.00;150.00;2400.00
1772828114.106051;0.00;0.00;0.00;194.00;970.00;0.00;0.00;0.00;0.00;0.00;0.00;0.00;582.00;0.00;582.00;0.00;0.00;0.00;0.00;291.00;0.00;0.00;582.00;2150.00;2034.67;2044.67;2372.68;1873.99;80.00;0.00;3260.00;3807.00;2420.00;2400.00;2250.00;0.00;2109.34;762.33;2310.00;752.34;1824.67;864.67;224.67;480.00;677.00;150.00;2700.00
1772828114.1077535;0.00;0.00;0.00;194.00;970.00;0.00;0.00;0.00;0.00;0.00;0.00;0.00;582.00;0.00;582.00;0.00;0.00;0.00;0.00;291.00;0.00;0.00;582.00;2150.00;2034.67;2044.67;2372.68;1873.99;80.00;0.00;3260.00;3807.00;2420.00;2400.00;2250.00;0.00;2109.34;762.33;2310.00;752.34;1824.67;864.67;224.67;480.00;677.00;150.00;2700.00
1772828114.143966;0.00;0.00;0.00;291.00;970.00;0.00;0.00;0.00;0.00;0.00;0.00;0.00;582.00;0.00;582.00;0.00;0.00;0.00;0.00;291.00;0.00;0.00;582.00;2150.00;2034.67;2044.67;2372.68;1873.99;80.00;230.00;3714.67;4204.00;2720.00;2700.00;2550.00;160.00;2109.34;762.33;2534.67;752.34;1824.67;864.67;224.67;480.00;677.00;150.00;3000.00
1772828114.1458325;0.00;0.00;0.00;291.00;970.00;0.00;0.00;0.00;0.00;0.00;0.00;0.00;582.00;0.00;582.00;0.00;0.00;0.00;0.00;291.00;0.00;0.00;582.00;2150.00;2034.67;2044.67;2372.68;1873.99;80.00;230.00;3714.67;4204.00;2720.00;2700.00;2550.00;160.00;2109.34;762.33;2534.67;752.34;1824.67;864.67;224.67;480.00;677.00;150.00;3000.00
1772828114.1823032;0.00;0.00;0.00;388.00;970.00;0.00;0.00;0.00;0.00;0.00;0.00;0.00;582.00;0.00;582.00;0.00;0.00;0.00;0.00;291.00;0.00;0.00;582.00;2150.00;2034.67;2044.67;2372.68;1873.99;80.00;684.67;4159.34;4601.00;3020.00;3000.00;2850.00;640.00;2109.34;762.33;2534.67;752.34;1824.67;864.67;224.67;480.00;677.00;150.00;3300.00
1772828114.1853375;0.00;0.00;0.00;388.00;970.00;0.00;0.00;0.00;0.00;0.00;0.00;0.00;582.00;0.00;582.00;0.00;0.00;0.00;0.00;291.00;0.00;0.00;582.00;2150.00;2034.67;2044.67;2372.68;1873.99;80.00;684.67;4159.34;4601.00;3020.00;3000.00;2850.00;640.00;2109.34;762.33;2534.67;752.34;1824.67;864.67;224.67;480.00;677.00;150.00;3300.00
1772828114.3057427;0.00;0.00;0.00;485.00;970.00;0.00;0.00;0.00;0.00;0.00;0.00;0.00;582.00;0.00;582.00;0.00;0.00;0.00;0.00;291.00;0.00;0.00;582.00;2460.00;2344.67;2354.67;2682.68;1873.99;80.00;914.67;4389.34;4783.33;3234.67;3310.00;3160.00;800.00;2109.34;762.33;2534.67;1072.34;1824.67;864.67;224.67;480.00;677.00;150.00;3600.00
1772828114.3075397;0.00;0.00;0.00;485.00;970.00;0.00;0.00;0.00;0.00;0.00;0.00;0.00;582.00;0.00;582.00;0.00;0.00;0.00;0.00;291.00;0.00;0.00;582.00;2460.00;2344.67;2354.67;2682.68;1873.99;80.00;914.67;4389.34;4783.33;3234.67;3310.00;3160.00;800.00;2109.34;762.33;2534.67;1072.34;1824.67;864.67;224.67;480.00;677.00;150.00;3600.00
1772828114.3532095;0.00;0.00;0.00;582.00;970.00;0.00;0.00;0.00;0.00;0.00;0.00;0.00;582.00;0.00;582.00;0.00;0.00;0.00;0.00;291.00;0.00;0.00;582.00;2770.00;2654.67;2664.67;2992.68;2183.99;80.00;1144.67;4619.34;4965.66;3449.34;3620.00;3470.00;960.00;2109.34;762.33;2534.67;1072.34;1824.67;864.67;534.67;480.00;901.67;150.00;3900.00
1772828114.354511;0.00;0.00;0.00;582.00;970.00;0.00;0.00;0.00;0.00;0.00;0.00;0.00;582.00;0.00;582.00;0.00;0.00;0.00;0.00;291.00;0.00;0.00;582.00;2770.00;2654.67;2664.67;2992.68;2183.99;80.00;1144.67;4619.34;4965.66;3449.34;3620.00;3470.00;960.00;2109.34;762.33;2534.67;1072.34;1824.67;864.67;534.67;480.00;901.67;150.00;3900.00
1772828131.1236534;0.00;0.00;0.00;679.00;970.00;0.00;0.00;0.00;0.00;0.00;0.00;0.00;0.00;0.00;582.00;0.00;0.00;0.00;0.00;291.00;0.00;0.00;0.00;0.00;1174.67;1474.67;2310.00;1824.67;0.00;0.00;3339.34;160.00;310.00;310.00;150.00;960.00;550.00;160.00;2534.67;207.67;1824.67;544.67;0.00;0.00;0.00;150.00;150.00
1772828131.1257086;0.00;0.00;0.00;679.00;970.00;0.00;0.00;0.00;0.00;0.00;0.00;0.00;0.00;0.00;582.00;0.00;0.00;0.00;0.00;291.00;0.00;0.00;0.00;0.00;1174.67;1474.67;2310.00;1824.67;0.00;0.00;3339.34;160.00;310.00;310.00;150.00;960.00;550.00;160.00;2534.67;207.67;1824.67;544.67;0.00;0.00;0.00;150.00;150.00
1772828131.1753561;0.00;0.00;0.00;776.00;970.00;0.00;0.00;0.00;0.00;0.00;0.00;0.00;0.00;0.00;582.00;0.00;0.00;0.00;0.00;291.00;0.00;0.00;0.00;0.00;1174.67;1474.67;2310.00;1824.67;0.00;0.00;3339.34;390.00;620.00;620.00;460.00;960.00;550.00;320.00;2534.67;207.67;1824.67;544.67;0.00;0.00;320.00;150.00;610.00
1772828131.1773858;0.00;0.00;0.00;776.00;970.00;0.00;0.00;0.00;0.00;0.00;0.00;0.00;0.00;0.00;582.00;0.00;0.00;0.00;0.00;291.00;0.00;0.00;0.00;0.00;1174.67;1474.67;2310.00;1824.67;0.00;0.00;3339.34;390.00;620.00;620.00;460.00;960.00;550.00;320.00;2534.67;207.67;1824.67;544.67;0.00;0.00;320.00;150.00;610.00
1772828131.225403;0.00;0.00;0.00;873.00;970.00;0.00;0.00;0.00;0.00;0.00;0.00;0.00;0.00;0.00;582.00;0.00;0.00;0.00;0.00;291.00;0.00;0.00;0.00;0.00;1174.67;1474.67;2310.00;1824.67;0.00;0.00;3339.34;550.00;930.00;930.00;620.00;960.00;662.33;480.00;2534.67;207.67;1824.67;544.67;0.00;0.00;320.00;300.00;760.00
1772828131.227519;0.00;0.00;0.00;873.00;970.00;0.00;0.00;0.00;0.00;0.00;0.00;0.00;0.00;0.00;582.00;0.00;0.00;0.00;0.00;291.00;0.00;0.00;0.00;0.00;1174.67;1474.67;2310.00;1824.67;0.00;0.00;3339.34;550.00;930.00;930.00;620.00;960.00;662.33;480.00;2534.67;207.67;1824.67;544.67;0.00;0.00;320.00;300.00;760.00
1772828131.2753997;0.00;0.00;0.00;970.00;970.00;0.00;0.00;0.00;0.00;0.00;0.00;0.00;0.00;0.00;582.00;0.00;0.00;0.00;0.00;291.00;0.00;0.00;0.00;230.00;1174.67;1474.67;2310.00;1824.67;0.00;0.00;3339.34;870.00;1160.00;1160.00;700.00;960.00;972.33;800.00;2534.67;207.67;1824.67;544.67;0.00;0.00;320.00;610.00;910.00
1772828131.2774894;0.00;0.00;0.00;970.00;970.00;0.00;0.00;0.00;0.00;0.00;0.00;0.00;0.00;0.00;582.00;0.00;0.00;0.00;0.00;291.00;0.00;0.00;0.00;230.00;1174.67;1474.67;2310.00;1824.67;0.00;0.00;3339.34;870.00;1160.00;1160.00;700.00;960.00;972.33;800.00;2534.67;207.67;1824.67;544.67;0.00;0.00;320.00;610.00;910.00
1772828131.3254497;0.00;0.00;0.00;1067.00;970.00;0.00;0.00;0.00;0.00;0.00;0.00;0.00;0.00;0.00;582.00;0.00;0.00;0.00;0.00;291.00;0.00;0.00;0.00;230.00;1174.67;1474.67;2310.00;1824.67;0.00;230.00;3569.34;1420.00;1460.00;1460.00;850.00;1190.00;1442.33;1120.00;2534.67;207.67;1824.67;544.67;0.00;0.00;320.00;760.00;1060.00
1772828131.3277025;0.00;0.00;0.00;1067.00;970.00;0.00;0.00;0.00;0.00;0.00;0.00;0.00;0.00;0.00;582.00;0.00;0.00;0.00;0.00;291.00;0.00;0.00;0.00;230.00;1174.67;1474.67;2310.00;1824.67;0.00;230.00;3569.34;1420.00;1460.00;1460.00;850.00;1190.00;1442.33;1120.00;2534.67;207.67;1824.67;544.67;0.00;0.00;320.00;760.00;1060.00
1772828131.3749528;0.00;0.00;0.00;1164.00;970.00;0.00;0.00;0.00;0.00;0.00;0.00;0.00;0.00;0.00;582.00;0.00;0.00;0.00;0.00;291.00;0.00;0.00;0.00;230.00;1174.67;1474.67;2310.00;1824.67;0.00;460.00;3799.34;1970.00;1760.00;1760.00;1000.00;1190.00;1912.33;1120.00;2534.67;207.67;1824.67;544.67;0.00;0.00;320.00;910.00;1210.00
1772828131.3771515;0.00;0.00;0.00;1164.00;970.00;0.00;0.00;0.00;0.00;0.00;0.00;0.00;0.00;0.00;582.00;0.00;0.00;0.00;0.00;291.00;0.00;0.00;0.00;230.00;1174.67;1474.67;2310.00;1824.67;0.00;460.00;3799.34;1970.00;1760.00;1760.00;1000.00;1190.00;1912.33;1120.00;2534.67;207.67;1824.67;544.67;0.00;0.00;320.00;910.00;1210.00
1772828157.2858155;0.00;0.00;0.00;1164.00;582.00;0.00;0.00;0.00;0.00;0.00;0.00;0.00;97.00;0.00;582.00;0.00;0.00;0.00;0.00;291.00;0.00;0.00;0.00;310.00;1184.67;1484.67;2470.00;1744.67;0.00;300.00;3319.34;0.00;0.00;0.00;0.00;1190.00;1687.66;0.00;2534.67;207.67;1984.67;384.67;0.00;320.00;320.00;290.00;300.00
1772828157.287874;0.00;0.00;0.00;1164.00;582.00;0.00;0.00;0.00;0.00;0.00;0.00;0.00;97.00;0.00;582.00;0.00;0.00;0.00;0.00;291.00;0.00;0.00;0.00;310.00;1184.67;1484.67;2470.00;1744.67;0.00;300.00;3319.34;0.00;0.00;0.00;0.00;1190.00;1687.66;0.00;2534.67;207.67;1984.67;384.67;0.00;320.00;320.00;290.00;300.00
1772828157.3334908;0.00;0.00;0.00;1164.00;582.00;0.00;0.00;0.00;0.00;0.00;0.00;0.00;194.00;0.00;582.00;0.00;0.00;0.00;0.00;291.00;0.00;0.00;0.00;620.00;1494.67;1794.67;2710.00;1744.67;0.00;300.00;3319.34;0.00;0.00;0.00;0.00;1190.00;1687.66;0.00;2534.67;687.67;1984.67;384.67;0.00;320.00;320.00;290.00;600.00
1772828157.335519;0.00;0.00;0.00;1164.00;582.00;0.00;0.00;0.00;0.00;0.00;0.00;0.00;194.00;0.00;582.00;0.00;0.00;0.00;0.00;291.00;0.00;0.00;0.00;620.00;1494.67;1794.67;2710.00;1744.67;0.00;300.00;3319.34;0.00;0.00;0.00;0.00;1190.00;1687.66;0.00;2534.67;687.67;1984.67;384.67;0.00;320.00;320.00;290.00;600.00
1772828157.3801877;0.00;0.00;0.00;1164.00;582.00;0.00;0.00;0.00;0.00;0.00;0.00;0.00;291.00;0.00;582.00;0.00;0.00;0.00;0.00;291.00;0.00;0.00;0.00;920.00;1794.67;2104.67;2854.67;1744.67;0.00;300.00;3319.34;0.00;0.00;0.00;0.00;1190.00;1687.66;0.00;2534.67;1072.34;1984.67;384.67;0.00;320.00;320.00;290.00;900.00
1772828157.3822823;0.00;0.00;0.00;1164.00;582.00;0.00;0.00;0.00;0.00;0.00;0.00;0.00;291.00;0.00;582.00;0.00;0.00;0.00;0.00;291.00;0.00;0.00;0.00;920.00;1794.67;2104.67;2854.67;1744.67;0.00;300.00;3319.34;0.00;0.00;0.00;0.00;1190.00;1687.66;0.00;2534.67;1072.34;1984.67;384.67;0.00;320.00;320.00;290.00;900.00
1772828157.4272497;0.00;0.00;0.00;1164.00;582.00;0.00;0.00;0.00;0.00;0.00;0.00;0.00;388.00;0.00;582.00;0.00;0.00;0.00;0.00;291.00;0.00;0.00;0.00;1220.00;2024.67;2344.67;2951.67;1744.67;0.00;300.00;3319.34;0.00;0.00;0.00;0.00;1190.00;1687.66;0.00;2534.67;1297.01;1984.67;384.67;0.00;480.00;320.00;290.00;1200.00
1772828157.4293716;0.00;0.00;0.00;1164.00;582.00;0.00;0.00;0.00;0.00;0.00;0.00;0.00;388.00;0.00;582.00;0.00;0.00;0.00;0.00;291.00;0.00;0.00;0.00;1220.00;2024.67;2344.67;2951.67;1744.67;0.00;300.00;3319.34;0.00;0.00;0.00;0.00;1190.00;1687.66;0.00;2534.67;1297.01;1984.67;384.67;0.00;480.00;320.00;290.00;1200.00
1772828157.4739118;0.00;0.00;0.00;1164.00;582.00;0.00;0.00;0.00;0.00;0.00;0.00;0.00;485.00;0.00;582.00;0.00;0.00;0.00;0.00;291.00;0.00;0.00;0.00;1520.00;2334.67;2814.67;3048.67;1744.67;0.00;300.00;3319.34;0.00;0.00;0.00;0.00;1190.00;1687.66;0.00;2534.67;1409.34;1984.67;704.67;0.00;480.00;320.00;290.00;1500.00
1772828157.4760916;0.00;0.00;0.00;1164.00;582.00;0.00;0.00;0.00;0.00;0.00;0.00;0.00;485.00;0.00;582.00;0.00;0.00;0.00;0.00;291.00;0.00;0.00;0.00;1520.00;2334.67;2814.67;3048.67;1744.67;0.00;300.00;3319.34;0.00;0.00;0.00;0.00;1190.00;1687.66;0.00;2534.67;1409.34;1984.67;704.67;0.00;480.00;320.00;290.00;1500.00
1772828157.5207295;0.00;0.00;0.00;1164.00;582.00;0.00;0.00;0.00;0.00;0.00;0.00;0.00;582.00;0.00;582.00;0.00;0.00;0.00;0.00;291.00;0.00;0.00;0.00;1830.00;2549.34;3029.34;3193.34;1857.00;0.00;300.00;3319.34;0.00;0.00;0.00;310.00;1190.00;1687.66;0.00;2534.67;1409.34;1984.67;704.67;160.00;480.00;320.00;610.00;1800.00
1772828157.5229726;0.00;0.00;0.00;1164.00;582.00;0.00;0.00;0.00;0.00;0.00;0.00;0.00;582.00;0.00;582.00;0.00;0.00;0.00;0.00;291.00;0.00;0.00;0.00;1830.00;2549.34;3029.34;3193.34;1857.00;0.00;300.00;3319.34;0.00;0.00;0.00;310.00;1190.00;1687.66;0.00;2534.67;1409.34;1984.67;704.67;160.00;480.00;320.00;610.00;1800.00
1772828173.2056513;0.00;0.00;0.00;873.00;194.00;0.00;0.00;0.00;0.00;0.00;0.00;0.00;582.00;0.00;582.00;0.00;0.00;0.00;0.00;194.00;0.00;0.00;0.00;1530.00;2389.34;2869.34;2953.34;1617.00;0.00;0.00;0.00;540.00;300.00;300.00;300.00;0.00;1687.66;480.00;0.00;1409.34;1984.67;704.67;160.00;480.00;320.00;610.00;300.00
1772828173.2076175;0.00;0.00;0.00;873.00;194.00;0.00;0.00;0.00;0.00;0.00;0.00;0.00;582.00;0.00;582.00;0.00;0.00;0.00;0.00;194.00;0.00;0.00;0.00;1530.00;2389.34;2869.34;2953.34;1617.00;0.00;0.00;0.00;540.00;300.00;300.00;300.00;0.00;1687.66;480.00;0.00;1409.34;1984.67;704.67;160.00;480.00;320.00;610.00;300.00
1772828173.2505453;0.00;0.00;0.00;970.00;194.00;0.00;0.00;0.00;0.00;0.00;0.00;0.00;582.00;0.00;582.00;0.00;0.00;0.00;0.00;194.00;0.00;0.00;0.00;1530.00;2389.34;2869.34;2953.34;1617.00;0.00;0.00;0.00;1080.00;600.00;600.00;600.00;0.00;1847.66;1030.00;0.00;1409.34;1984.67;704.67;160.00;480.00;320.00;610.00;600.00
1772828173.2525055;0.00;0.00;0.00;970.00;194.00;0.00;0.00;0.00;0.00;0.00;0.00;0.00;582.00;0.00;582.00;0.00;0.00;0.00;0.00;194.00;0.00;0.00;0.00;1530.00;2389.34;2869.34;2953.34;1617.00;0.00;0.00;0.00;1080.00;600.00;600.00;600.00;0.00;1847.66;1030.00;0.00;1409.34;1984.67;704.67;160.00;480.00;320.00;610.00;600.00
1772828173.4159522;0.00;0.00;0.00;970.00;291.00;0.00;0.00;0.00;0.00;0.00;0.00;0.00;582.00;0.00;582.00;0.00;0.00;0.00;0.00;194.00;0.00;0.00;0.00;1990.00;2539.34;3019.34;3033.34;1697.00;80.00;80.00;80.00;1160.00;760.00;760.00;760.00;0.00;1847.66;1030.00;0.00;1409.34;1984.67;1024.67;320.00;480.00;320.00;610.00;900.00
1772828173.4180324;0.00;0.00;0.00;970.00;291.00;0.00;0.00;0.00;0.00;0.00;0.00;0.00;582.00;0.00;582.00;0.00;0.00;0.00;0.00;194.00;0.00;0.00;0.00;1990.00;2539.34;3019.34;3033.34;1697.00;80.00;80.00;80.00;1160.00;760.00;760.00;760.00;0.00;1847.66;1030.00;0.00;1409.34;1984.67;1024.67;320.00;480.00;320.00;610.00;900.00
1772828173.4598186;0.00;0.00;0.00;970.00;388.00;0.00;0.00;0.00;0.00;0.00;0.00;0.00;582.00;0.00;582.00;0.00;0.00;0.00;0.00;194.00;0.00;0.00;0.00;2140.00;2689.34;3169.34;3183.34;1847.00;160.00;384.67;384.67;1464.67;910.00;910.00;760.00;320.00;1847.66;1030.00;0.00;1409.34;1984.67;1024.67;480.00;480.00;320.00;760.00;1050.00
1772828173.4619298;0.00;0.00;0.00;970.00;388.00;0.00;0.00;0.00;0.00;0.00;0.00;0.00;582.00;0.00;582.00;0.00;0.00;0.00;0.00;194.00;0.00;0.00;0.00;2140.00;2689.34;3169.34;3183.34;1847.00;160.00;384.67;384.67;1464.67;910.00;910.00;760.00;320.00;1847.66;1030.00;0.00;1409.34;1984.67;1024.67;480.00;480.00;320.00;760.00;1050.00
1772828173.5039835;0.00;0.00;0.00;970.00;485.00;0.00;0.00;0.00;0.00;0.00;0.00;0.00;582.00;0.00;582.00;0.00;0.00;0.00;0.00;194.00;0.00;0.00;0.00;2290.00;2839.34;3319.34;3333.34;1997.00;240.00;689.34;689.34;1769.34;1060.00;1060.00;760.00;640.00;1847.66;1030.00;0.00;1409.34;1984.67;1024.67;640.00;480.00;320.00;910.00;1200.00
1772828173.5061038;0.00;0.00;0.00;970.00;485.00;0.00;0.00;0.00;0.00;0.00;0.00;0.00;582.00;0.00;582.00;0.00;0.00;0.00;0.00;194.00;0.00;0.00;0.00;2290.00;2839.34;3319.34;3333.34;1997.00;240.00;689.34;689.34;1769.34;1060.00;1060.00;760.00;640.00;1847.66;1030.00;0.00;1409.34;1984.67;1024.67;640.00;480.00;320.00;910.00;1200.00
1772828173.5488749;0.00;0.00;0.00;970.00;582.00;0.00;0.00;0.00;0.00;0.00;0.00;0.00;582.00;0.00;582.00;0.00;0.00;0.00;0.00;194.00;0.00;0.00;0.00;2440.00;2989.34;3469.34;3483.34;2147.00;320.00;994.01;994.01;2074.01;1210.00;1210.00;760.00;960.00;1847.66;1030.00;0.00;1409.34;1984.67;1024.67;800.00;480.00;320.00;1060.00;1350.00
1772828173.551091;0.00;0.00;0.00;970.00;582.00;0.00;0.00;0.00;0.00;0.00;0.00;0.00;582.00;0.00;582.00;0.00;0.00;0.00;0.00;194.00;0.00;0.00;0.00;2440.00;2989.34;3469.34;3483.34;2147.00;320.00;994.01;994.01;2074.01;1210.00;1210.00;760.00;960.00;1847.66;1030.00;0.00;1409.34;1984.67;1024.67;800.00;480.00;320.00;1060.00;1350.00
1772828173.5933626;0.00;0.00;0.00;1067.00;582.00;0.00;0.00;0.00;0.00;0.00;0.00;0.00;582.00;0.00;582.00;0.00;0.00;0.00;0.00;194.00;0.00;0.00;0.00;2590.00;3139.34;3619.34;3633.34;2297.00;400.00;1298.68;1298.68;2378.68;1360.00;1360.00;760.00;1280.00;1847.66;1030.00;0.00;1409.34;1984.67;1024.67;960.00;480.00;320.00;1210.00;1500.00
1772828173.5955815;0.00;0.00;0.00;1067.00;582.00;0.00;0.00;0.00;0.00;0.00;0.00;0.00;582.00;0.00;582.00;0.00;0.00;0.00;0.00;194.00;0.00;0.00;0.00;2590.00;3139.34;3619.34;3633.34;2297.00;400.00;1298.68;1298.68;2378.68;1360.00;1360.00;760.00;1280.00;1847.66;1030.00;0.00;1409.34;1984.67;1024.67;960.00;480.00;320.00;1210.00;1500.00
1772828173.6375425;0.00;0.00;0.00;1067.00;582.00;0.00;0.00;0.00;0.00;0.00;0.00;0.00;582.00;0.00;582.00;0.00;0.00;0.00;0.00;194.00;0.00;0.00;0.00;2590.00;3139.34;3619.34;3633.34;2297.00;400.00;1298.68;1298.68;2378.68;1360.00;1360.00;760.00;1280.00;1847.66;1030.00;0.00;1409.34;1984.67;1024.67;960.00;480.00;320.00;1210.00;1500.00
1772828173.6398237;0.00;0.00;0.00;1067.00;582.00;0.00;0.00;0.00;0.00;0.00;0.00;0.00;582.00;0.00;582.00;0.00;0.00;0.00;0.00;194.00;0.00;0.00;0.00;2590.00;3139.34;3619.34;3633.34;2297.00;400.00;1298.68;1298.68;2378.68;1360.00;1360.00;760.00;1280.00;1847.66;1030.00;0.00;1409.34;1984.67;1024.67;960.00;480.00;320.00;1210.00;1500.00
1772828179.2136354;0.00;0.00;0.00;1067.00;582.00;0.00;0.00;0.00;0.00;0.00;0.00;0.00;582.00;0.00;679.00;0.00;0.00;0.00;0.00;0.00;0.00;0.00;0.00;2280.00;3064.67;3554.67;3313.34;1977.00;160.00;1148.68;998.68;2078.68;610.00;610.00;0.00;1280.00;1847.66;1030.00;0.00;1409.34;1984.67;480.00;960.00;480.00;320.00;1210.00;150.00
1772828179.2163932;0.00;0.00;0.00;1067.00;582.00;0.00;0.00;0.00;0.00;0.00;0.00;0.00;582.00;0.00;679.00;0.00;0.00;0.00;0.00;0.00;0.00;0.00;0.00;2280.00;3064.67;3554.67;3313.34;1977.00;160.00;1148.68;998.68;2078.68;610.00;610.00;0.00;1280.00;1847.66;1030.00;0.00;1409.34;1984.67;480.00;960.00;480.00;320.00;1210.00;150.00
1772828179.2721262;0.00;0.00;0.00;1067.00;582.00;0.00;0.00;0.00;0.00;0.00;0.00;0.00;582.00;0.00;776.00;0.00;0.00;0.00;0.00;0.00;0.00;0.00;0.00;2430.00;3224.67;3714.67;3473.34;2137.00;240.00;1298.68;1148.68;2228.68;760.00;760.00;150.00;1440.00;1847.66;1030.00;0.00;1409.34;1984.67;800.00;960.00;480.00;320.00;1210.00;450.00
1772828179.2749326;0.00;0.00;0.00;1067.00;582.00;0.00;0.00;0.00;0.00;0.00;0.00;0.00;582.00;0.00;776.00;0.00;0.00;0.00;0.00;0.00;0.00;0.00;0.00;2430.00;3224.67;3714.67;3473.34;2137.00;240.00;1298.68;1148.68;2228.68;760.00;760.00;150.00;1440.00;1847.66;1030.00;0.00;1409.34;1984.67;800.00;960.00;480.00;320.00;1210.00;450.00
1772828179.4580052;0.00;0.00;0.00;1067.00;582.00;0.00;0.00;0.00;0.00;0.00;0.00;0.00;582.00;0.00;776.00;0.00;0.00;0.00;0.00;0.00;0.00;0.00;0.00;2430.00;3224.67;3714.67;3473.34;2137.00;240.00;1298.68;1148.68;2228.68;760.00;760.00;150.00;1440.00;1847.66;1030.00;0.00;1409.34;1984.67;800.00;960.00;480.00;320.00;1210.00;450.00
1772828179.4601367;0.00;0.00;0.00;1067.00;582.00;0.00;0.00;0.00;0.00;0.00;0.00;0.00;582.00;0.00;776.00;0.00;0.00;0.00;0.00;0.00;0.00;0.00;0.00;2430.00;3224.67;3714.67;3473.34;2137.00;240.00;1298.68;1148.68;2228.68;760.00;760.00;150.00;1440.00;1847.66;1030.00;0.00;1409.34;1984.67;800.00;960.00;480.00;320.00;1210.00;450.00
1772828179.5001912;0.00;0.00;0.00;1067.00;582.00;0.00;0.00;0.00;0.00;0.00;0.00;0.00;582.00;0.00;776.00;0.00;0.00;0.00;0.00;0.00;0.00;0.00;0.00;2430.00;3224.67;3714.67;3473.34;2137.00;240.00;1298.68;1148.68;2228.68;760.00;760.00;150.00;1440.00;1847.66;1030.00;0.00;1409.34;1984.67;800.00;960.00;480.00;320.00;1210.00;450.00
1772828179.5023084;0.00;0.00;0.00;1067.00;582.00;0.00;0.00;0.00;0.00;0.00;0.00;0.00;582.00;0.00;776.00;0.00;0.00;0.00;0.00;0.00;0.00;0.00;0.00;2430.00;3224.67;3714.67;3473.34;2137.00;240.00;1298.68;1148.68;2228.68;760.00;760.00;150.00;1440.00;1847.66;1030.00;0.00;1409.34;1984.67;800.00;960.00;480.00;320.00;1210.00;450.00
1772828179.5430872;0.00;0.00;0.00;1067.00;582.00;0.00;0.00;0.00;0.00;0.00;0.00;0.00;582.00;0.00;776.00;0.00;0.00;0.00;0.00;0.00;0.00;0.00;0.00;2430.00;3224.67;3714.67;3473.34;2137.00;240.00;1298.68;1148.68;2228.68;760.00;760.00;150.00;1440.00;1847.66;1030.00;0.00;1409.34;1984.67;800.00;960.00;480.00;320.00;1210.00;450.00
1772828179.5452135;0.00;0.00;0.00;1067.00;582.00;0.00;0.00;0.00;0.00;0.00;0.00;0.00;582.00;0.00;776.00;0.00;0.00;0.00;0.00;0.00;0.00;0.00;0.00;2430.00;3224.67;3714.67;3473.34;2137.00;240.00;1298.68;1148.68;2228.68;760.00;760.00;150.00;1440.00;1847.66;1030.00;0.00;1409.34;1984.67;800.00;960.00;480.00;320.00;1210.00;450.00
1772828179.58624;0.00;0.00;0.00;1067.00;582.00;0.00;0.00;0.00;0.00;0.00;0.00;0.00;582.00;0.00;776.00;0.00;0.00;0.00;0.00;0.00;0.00;0.00;0.00;2430.00;3224.67;3714.67;3473.34;2137.00;240.00;1298.68;1148.68;2228.68;760.00;760.00;150.00;1440.00;1847.66;1030.00;0.00;1409.34;1984.67;800.00;960.00;480.00;320.00;1210.00;450.00
1772828179.5883703;0.00;0.00;0.00;1067.00;582.00;0.00;0.00;0.00;0.00;0.00;0.00;0.00;582.00;0.00;776.00;0.00;0.00;0.00;0.00;0.00;0.00;0.00;0.00;2430.00;3224.67;3714.67;3473.34;2137.00;240.00;1298.68;1148.68;2228.68;760.00;760.00;150.00;1440.00;1847.66;1030.00;0.00;1409.34;1984.67;800.00;960.00;480.00;320.00;1210.00;450.00
1772828198.2395756;0.00;0.00;0.00;1067.00;582.00;0.00;0.00;0.00;0.00;0.00;0.00;0.00;582.00;0.00;194.00;0.00;0.00;0.00;97.00;0.00;0.00;0.00;0.00;310.00;0.00;0.00;0.00;0.00;240.00;1298.68;1378.68;2458.68;990.00;974.67;684.67;1440.00;1847.66;1030.00;160.00;1409.34;0.00;800.00;735.33;480.00;320.00;1210.00;300.00
1772828198.2416534;0.00;0.00;0.00;1067.00;582.00;0.00;0.00;0.00;0.00;0.00;0.00;0.00;582.00;0.00;194.00;0.00;0.00;0.00;97.00;0.00;0.00;0.00;0.00;310.00;0.00;0.00;0.00;0.00;240.00;1298.68;1378.68;2458.68;990.00;974.67;684.67;1440.00;1847.66;1030.00;160.00;1409.34;0.00;800.00;735.33;480.00;320.00;1210.00;300.00
1772828198.275878;0.00;0.00;0.00;1067.00;582.00;0.00;0.00;0.00;0.00;0.00;0.00;0.00;582.00;0.00;194.00;0.00;0.00;0.00;194.00;0.00;0.00;0.00;0.00;310.00;0.00;0.00;0.00;0.00;240.00;1298.68;1918.68;2903.35;1434.67;1274.67;984.67;1440.00;1847.66;1030.00;640.00;1409.34;0.00;800.00;735.33;480.00;432.33;1210.00;600.00
1772828198.2770352;0.00;0.00;0.00;1067.00;582.00;0.00;0.00;0.00;0.00;0.00;0.00;0.00;582.00;0.00;194.00;0.00;0.00;0.00;194.00;0.00;0.00;0.00;0.00;310.00;0.00;0.00;0.00;0.00;240.00;1298.68;1918.68;2903.35;1434.67;1274.67;984.67;1440.00;1847.66;1030.00;640.00;1409.34;0.00;800.00;735.33;480.00;432.33;1210.00;600.00
1772828198.3075035;0.00;0.00;0.00;1067.00;582.00;0.00;0.00;0.00;0.00;0.00;0.00;0.00;582.00;0.00;194.00;0.00;0.00;0.00;291.00;0.00;0.00;0.00;0.00;310.00;0.00;0.00;0.00;0.00;240.00;1298.68;2458.68;3300.35;1831.67;1574.67;1284.67;1440.00;1847.66;1030.00;1120.00;1409.34;0.00;800.00;735.33;480.00;432.33;1210.00;900.00
1772828198.3087175;0.00;0.00;0.00;1067.00;582.00;0.00;0.00;0.00;0.00;0.00;0.00;0.00;582.00;0.00;194.00;0.00;0.00;0.00;291.00;0.00;0.00;0.00;0.00;310.00;0.00;0.00;0.00;0.00;240.00;1298.68;2458.68;3300.35;1831.67;1574.67;1284.67;1440.00;1847.66;1030.00;1120.00;1409.34;0.00;800.00;735.33;480.00;432.33;1210.00;900.00
1772828198.4108133;0.00;0.00;0.00;1067.00;582.00;0.00;0.00;0.00;0.00;0.00;0.00;0.00;582.00;0.00;194.00;0.00;0.00;0.00;388.00;0.00;0.00;0.00;0.00;310.00;0.00;0.00;0.00;0.00;240.00;1298.68;2998.68;3697.35;2228.67;1874.67;1584.67;1440.00;1847.66;1030.00;1600.00;1409.34;0.00;800.00;735.33;480.00;432.33;1210.00;1200.00
1772828198.4119644;0.00;0.00;0.00;1067.00;582.00;0.00;0.00;0.00;0.00;0.00;0.00;0.00;582.00;0.00;194.00;0.00;0.00;0.00;388.00;0.00;0.00;0.00;0.00;310.00;0.00;0.00;0.00;0.00;240.00;1298.68;2998.68;3697.35;2228.67;1874.67;1584.67;1440.00;1847.66;1030.00;1600.00;1409.34;0.00;800.00;735.33;480.00;432.33;1210.00;1200.00
1772828198.4416106;0.00;0.00;0.00;1067.00;582.00;0.00;0.00;0.00;0.00;0.00;0.00;0.00;582.00;0.00;194.00;0.00;0.00;0.00;485.00;0.00;0.00;0.00;0.00;310.00;0.00;0.00;0.00;0.00;240.00;1298.68;3538.68;4094.35;2625.67;2174.67;1884.67;1440.00;1847.66;1030.00;2080.00;1409.34;0.00;800.00;735.33;480.00;432.33;1210.00;1500.00
1772828198.442748;0.00;0.00;0.00;1067.00;582.00;0.00;0.00;0.00;0.00;0.00;0.00;0.00;582.00;0.00;194.00;0.00;0.00;0.00;485.00;0.00;0.00;0.00;0.00;310.00;0.00;0.00;0.00;0.00;240.00;1298.68;3538.68;4094.35;2625.67;2174.67;1884.67;1440.00;1847.66;1030.00;2080.00;1409.34;0.00;800.00;735.33;480.00;432.33;1210.00;1500.00
1772828198.471696;0.00;0.00;0.00;1067.00;582.00;0.00;0.00;0.00;0.00;0.00;0.00;0.00;582.00;0.00;194.00;0.00;0.00;0.00;582.00;0.00;0.00;0.00;0.00;310.00;0.00;0.00;0.00;0.00;240.00;1298.68;4078.68;4491.35;3022.67;2474.67;2184.67;1440.00;1847.66;1030.00;2560.00;1409.34;0.00;800.00;735.33;480.00;432.33;1210.00;1800.00
1772828198.4729557;0.00;0.00;0.00;1067.00;582.00;0.00;0.00;0.00;0.00;0.00;0.00;0.00;582.00;0.00;194.00;0.00;0.00;0.00;582.00;0.00;0.00;0.00;0.00;310.00;0.00;0.00;0.00;0.00;240.00;1298.68;4078.68;4491.35;3022.67;2474.67;2184.67;1440.00;1847.66;1030.00;2560.00;1409.34;0.00;800.00;735.33;480.00;432.33;1210.00;1800.00
1772828218.2815135;0.00;0.00;0.00;1067.00;0.00;0.00;0.00;0.00;0.00;0.00;0.00;0.00;582.00;0.00;291.00;0.00;0.00;0.00;582.00;0.00;0.00;0.00;0.00;300.00;300.00;300.00;240.00;240.00;0.00;0.00;2124.67;0.00;0.00;0.00;0.00;480.00;1622.99;277.67;2560.00;1409.34;320.00;480.00;160.00;480.00;432.33;0.00;300.00
1772828218.283509;0.00;0.00;0.00;1067.00;0.00;0.00;0.00;0.00;0.00;0.00;0.00;0.00;582.00;0.00;291.00;0.00;0.00;0.00;582.00;0.00;0.00;0.00;0.00;300.00;300.00;300.00;240.00;240.00;0.00;0.00;2124.67;0.00;0.00;0.00;0.00;480.00;1622.99;277.67;2560.00;1409.34;320.00;480.00;160.00;480.00;432.33;0.00;300.00
1772828218.3304603;0.00;0.00;0.00;1067.00;0.00;0.00;0.00;0.00;0.00;0.00;0.00;0.00;582.00;0.00;388.00;0.00;0.00;0.00;582.00;0.00;0.00;0.00;0.00;600.00;600.00;600.00;550.00;480.00;0.00;0.00;2124.67;0.00;0.00;0.00;0.00;480.00;1622.99;277.67;2560.00;1409.34;800.00;480.00;160.00;480.00;432.33;0.00;600.00
1772828218.332366;0.00;0.00;0.00;1067.00;0.00;0.00;0.00;0.00;0.00;0.00;0.00;0.00;582.00;0.00;388.00;0.00;0.00;0.00;582.00;0.00;0.00;0.00;0.00;600.00;600.00;600.00;550.00;480.00;0.00;0.00;2124.67;0.00;0.00;0.00;0.00;480.00;1622.99;277.67;2560.00;1409.34;800.00;480.00;160.00;480.00;432.33;0.00;600.00
1772828218.3788345;0.00;0.00;0.00;1067.00;0.00;0.00;0.00;0.00;0.00;0.00;0.00;0.00;582.00;0.00;485.00;0.00;0.00;0.00;582.00;0.00;0.00;0.00;0.00;900.00;900.00;900.00;860.00;720.00;0.00;0.00;2124.67;0.00;0.00;0.00;0.00;480.00;1622.99;277.67;2560.00;1409.34;800.00;480.00;272.33;480.00;432.33;0.00;900.00
1772828218.3808422;0.00;0.00;0.00;1067.00;0.00;0.00;0.00;0.00;0.00;0.00;0.00;0.00;582.00;0.00;485.00;0.00;0.00;0.00;582.00;0.00;0.00;0.00;0.00;900.00;900.00;900.00;860.00;720.00;0.00;0.00;2124.67;0.00;0.00;0.00;0.00;480.00;1622.99;277.67;2560.00;1409.34;800.00;480.00;272.33;480.00;432.33;0.00;900.00
1772828218.4274085;0.00;0.00;0.00;1067.00;0.00;0.00;0.00;0.00;0.00;0.00;0.00;0.00;582.00;0.00;582.00;0.00;0.00;0.00;582.00;0.00;0.00;0.00;0.00;1200.00;1210.00;1210.00;1170.00;960.00;0.00;0.00;2124.67;0.00;0.00;0.00;0.00;480.00;1622.99;277.67;2560.00;1409.34;800.00;800.00;384.66;480.00;432.33;0.00;1200.00
1772828218.4294667;0.00;0.00;0.00;1067.00;0.00;0.00;0.00;0.00;0.00;0.00;0.00;0.00;582.00;0.00;582.00;0.00;0.00;0.00;582.00;0.00;0.00;0.00;0.00;1200.00;1210.00;1210.00;1170.00;960.00;0.00;0.00;2124.67;0.00;0.00;0.00;0.00;480.00;1622.99;277.67;2560.00;1409.34;800.00;800.00;384.66;480.00;432.33;0.00;1200.00
1772828218.5924916;0.00;0.00;0.00;1067.00;0.00;0.00;0.00;0.00;0.00;0.00;0.00;0.00;582.00;0.00;679.00;0.00;0.00;0.00;582.00;0.00;0.00;0.00;0.00;1500.00;1520.00;1520.00;1480.00;1312.33;0.00;0.00;2124.67;0.00;0.00;0.00;0.00;480.00;1622.99;277.67;2560.00;1409.34;912.33;800.00;384.66;480.00;432.33;0.00;1500.00
1772828218.5945795;0.00;0.00;0.00;1067.00;0.00;0.00;0.00;0.00;0.00;0.00;0.00;0.00;582.00;0.00;679.00;0.00;0.00;0.00;582.00;0.00;0.00;0.00;0.00;1500.00;1520.00;1520.00;1480.00;1312.33;0.00;0.00;2124.67;0.00;0.00;0.00;0.00;480.00;1622.99;277.67;2560.00;1409.34;912.33;800.00;384.66;480.00;432.33;0.00;1500.00
1772828218.640492;0.00;0.00;0.00;1067.00;0.00;0.00;0.00;0.00;0.00;0.00;0.00;0.00;582.00;0.00;776.00;0.00;0.00;0.00;582.00;0.00;0.00;0.00;0.00;1800.00;1830.00;1830.00;1790.00;1664.66;0.00;0.00;2124.67;0.00;0.00;0.00;0.00;480.00;1622.99;277.67;2560.00;1409.34;1024.66;800.00;384.66;480.00;432.33;0.00;1800.00
1772828218.6425967;0.00;0.00;0.00;1067.00;0.00;0.00;0.00;0.00;0.00;0.00;0.00;0.00;582.00;0.00;776.00;0.00;0.00;0.00;582.00;0.00;0.00;0.00;0.00;1800.00;1830.00;1830.00;1790.00;1664.66;0.00;0.00;2124.67;0.00;0.00;0.00;0.00;480.00;1622.99;277.67;2560.00;1409.34;1024.66;800.00;384.66;480.00;432.33;0.00;1800.00
1772828233.3156884;0.00;0.00;0.00;582.00;0.00;0.00;0.00;0.00;0.00;0.00;0.00;0.00;582.00;0.00;776.00;0.00;0.00;97.00;582.00;0.00;0.00;0.00;0.00;430.00;460.00;557.00;660.00;1214.66;0.00;0.00;0.00;0.00;0.00;0.00;0.00;0.00;982.99;0.00;2560.00;1474.01;1024.66;800.00;320.00;480.00;207.66;0.00;300.00
1772828233.3167703;0.00;0.00;0.00;582.00;0.00;0.00;0.00;0.00;0.00;0.00;0.00;0.00;582.00;0.00;776.00;0.00;0.00;97.00;582.00;0.00;0.00;0.00;0.00;430.00;460.00;557.00;660.00;1214.66;0.00;0.00;0.00;0.00;0.00;0.00;0.00;0.00;982.99;0.00;2560.00;1474.01;1024.66;800.00;320.00;480.00;207.66;0.00;300.00
1772828233.3443081;0.00;0.00;0.00;582.00;0.00;0.00;0.00;0.00;0.00;0.00;0.00;0.00;582.00;0.00;776.00;0.00;0.00;194.00;582.00;0.00;0.00;0.00;0.00;580.00;610.00;804.00;954.67;1604.66;160.00;160.00;160.00;160.00;150.00;150.00;0.00;0.00;1302.99;0.00;2560.00;1474.01;1024.66;800.00;480.00;480.00;207.66;150.00;450.00
1772828233.3453825;0.00;0.00;0.00;582.00;0.00;0.00;0.00;0.00;0.00;0.00;0.00;0.00;582.00;0.00;776.00;0.00;0.00;194.00;582.00;0.00;0.00;0.00;0.00;580.00;610.00;804.00;954.67;1604.66;160.00;160.00;160.00;160.00;150.00;150.00;0.00;0.00;1302.99;0.00;2560.00;1474.01;1024.66;800.00;480.00;480.00;207.66;150.00;450.00
1772828233.3728228;0.00;0.00;0.00;582.00;0.00;0.00;0.00;0.00;0.00;0.00;0.00;0.00;582.00;0.00;776.00;0.00;0.00;291.00;582.00;0.00;0.00;0.00;0.00;580.00;610.00;901.00;1051.67;1844.66;400.00;400.00;400.00;400.00;450.00;450.00;0.00;480.00;1302.99;0.00;2560.00;1474.01;1024.66;800.00;480.00;480.00;207.66;450.00;450.00
1772828233.373936;0.00;0.00;0.00;582.00;0.00;0.00;0.00;0.00;0.00;0.00;0.00;0.00;582.00;0.00;776.00;0.00;0.00;291.00;582.00;0.00;0.00;0.00;0.00;580.00;610.00;901.00;1051.67;1844.66;400.00;400.00;400.00;400.00;450.00;450.00;0.00;480.00;1302.99;0.00;2560.00;1474.01;1024.66;800.00;480.00;480.00;207.66;450.00;450.00
1772828233.4015832;0.00;0.00;0.00;582.00;0.00;0.00;0.00;0.00;0.00;0.00;0.00;0.00;582.00;0.00;776.00;0.00;0.00;388.00;582.00;0.00;0.00;0.00;0.00;580.00;610.00;998.00;1148.67;2036.99;592.33;592.33;640.00;710.00;750.00;750.00;150.00;800.00;1302.99;230.00;2720.00;1474.01;1024.66;800.00;480.00;480.00;207.66;600.00;600.00
1772828233.4027355;0.00;0.00;0.00;582.00;0.00;0.00;0.00;0.00;0.00;0.00;0.00;0.00;582.00;0.00;776.00;0.00;0.00;388.00;582.00;0.00;0.00;0.00;0.00;580.00;610.00;998.00;1148.67;2036.99;592.33;592.33;640.00;710.00;750.00;750.00;150.00;800.00;1302.99;230.00;2720.00;1474.01;1024.66;800.00;480.00;480.00;207.66;600.00;600.00
1772828233.4306998;0.00;0.00;0.00;582.00;0.00;0.00;0.00;0.00;0.00;0.00;0.00;0.00;582.00;0.00;776.00;0.00;0.00;485.00;582.00;0.00;0.00;0.00;0.00;580.00;610.00;1095.00;1245.67;2229.32;784.66;784.66;880.00;1020.00;1050.00;1050.00;300.00;1120.00;1302.99;390.00;2720.00;1474.01;1024.66;800.00;480.00;480.00;207.66;750.00;750.00
1772828233.4318569;0.00;0.00;0.00;582.00;0.00;0.00;0.00;0.00;0.00;0.00;0.00;0.00;582.00;0.00;776.00;0.00;0.00;485.00;582.00;0.00;0.00;0.00;0.00;580.00;610.00;1095.00;1245.67;2229.32;784.66;784.66;880.00;1020.00;1050.00;1050.00;300.00;1120.00;1302.99;390.00;2720.00;1474.01;1024.66;800.00;480.00;480.00;207.66;750.00;750.00
1772828233.5311453;0.00;0.00;0.00;582.00;0.00;0.00;0.00;0.00;0.00;0.00;0.00;0.00;582.00;0.00;776.00;0.00;0.00;582.00;582.00;0.00;0.00;0.00;0.00;580.00;610.00;1192.00;1342.67;2421.65;976.99;976.99;1120.00;1330.00;1350.00;1350.00;450.00;1440.00;1302.99;550.00;2720.00;1474.01;1024.66;800.00;480.00;480.00;207.66;900.00;900.00
1772828233.5323417;0.00;0.00;0.00;582.00;0.00;0.00;0.00;0.00;0.00;0.00;0.00;0.00;582.00;0.00;776.00;0.00;0.00;582.00;582.00;0.00;0.00;0.00;0.00;580.00;610.00;1192.00;1342.67;2421.65;976.99;976.99;1120.00;1330.00;1350.00;1350.00;450.00;1440.00;1302.99;550.00;2720.00;1474.01;1024.66;800.00;480.00;480.00;207.66;900.00;900.00
1772828256.3778017;0.00;0.00;0.00;0.00;0.00;0.00;0.00;0.00;0.00;0.00;0.00;0.00;582.00;0.00;776.00;0.00;0.00;582.00;679.00;0.00;0.00;0.00;0.00;350.00;610.00;1192.00;1342.67;2421.65;976.99;56.99;200.00;0.00;230.00;310.00;160.00;890.00;230.00;0.00;2720.00;1474.01;1024.66;800.00;480.00;480.00;160.00;150.00;310.00
1772828256.3798797;0.00;0.00;0.00;0.00;0.00;0.00;0.00;0.00;0.00;0.00;0.00;0.00;582.00;0.00;776.00;0.00;0.00;582.00;679.00;0.00;0.00;0.00;0.00;350.00;610.00;1192.00;1342.67;2421.65;976.99;56.99;200.00;0.00;230.00;310.00;160.00;890.00;230.00;0.00;2720.00;1474.01;1024.66;800.00;480.00;480.00;160.00;150.00;310.00
1772828256.427913;0.00;0.00;0.00;0.00;0.00;0.00;0.00;0.00;0.00;0.00;0.00;0.00;582.00;0.00;776.00;0.00;0.00;582.00;776.00;0.00;0.00;0.00;0.00;350.00;610.00;1192.00;1342.67;2421.65;976.99;56.99;200.00;0.00;460.00;620.00;320.00;890.00;230.00;0.00;2720.00;1474.01;1024.66;800.00;480.00;480.00;544.67;300.00;460.00
1772828256.4299672;0.00;0.00;0.00;0.00;0.00;0.00;0.00;0.00;0.00;0.00;0.00;0.00;582.00;0.00;776.00;0.00;0.00;582.00;776.00;0.00;0.00;0.00;0.00;350.00;610.00;1192.00;1342.67;2421.65;976.99;56.99;200.00;0.00;460.00;620.00;320.00;890.00;230.00;0.00;2720.00;1474.01;1024.66;800.00;480.00;480.00;544.67;300.00;460.00
1772828256.4789367;0.00;0.00;0.00;0.00;0.00;0.00;0.00;0.00;0.00;0.00;0.00;0.00;582.00;0.00;776.00;0.00;0.00;582.00;873.00;0.00;0.00;0.00;0.00;580.00;610.00;1192.00;1342.67;2421.65;976.99;56.99;200.00;0.00;770.00;850.00;400.00;890.00;550.00;0.00;2720.00;1474.01;1024.66;800.00;480.00;480.00;544.67;610.00;610.00
1772828256.4810815;0.00;0.00;0.00;0.00;0.00;0.00;0.00;0.00;0.00;0.00;0.00;0.00;582.00;0.00;776.00;0.00;0.00;582.00;873.00;0.00;0.00;0.00;0.00;580.00;610.00;1192.00;1342.67;2421.65;976.99;56.99;200.00;0.00;770.00;850.00;400.00;890.00;550.00;0.00;2720.00;1474.01;1024.66;800.00;480.00;480.00;544.67;610.00;610.00
1772828256.5286837;0.00;0.00;0.00;0.00;0.00;0.00;0.00;0.00;0.00;0.00;0.00;0.00;582.00;0.00;776.00;0.00;0.00;582.00;970.00;0.00;0.00;0.00;0.00;580.00;610.00;1192.00;1342.67;2421.65;976.99;56.99;200.00;230.00;1310.00;1150.00;550.00;890.00;870.00;0.00;2720.00;1474.01;1024.66;800.00;480.00;480.00;704.67;760.00;760.00
1772828256.5309048;0.00;0.00;0.00;0.00;0.00;0.00;0.00;0.00;0.00;0.00;0.00;0.00;582.00;0.00;776.00;0.00;0.00;582.00;970.00;0.00;0.00;0.00;0.00;580.00;610.00;1192.00;1342.67;2421.65;976.99;56.99;200.00;230.00;1310.00;1150.00;550.00;890.00;870.00;0.00;2720.00;1474.01;1024.66;800.00;480.00;480.00;704.67;760.00;760.00
1772828256.5787458;0.00;0.00;0.00;0.00;0.00;0.00;0.00;0.00;0.00;0.00;0.00;0.00;582.00;0.00;776.00;0.00;0.00;582.00;1067.00;0.00;0.00;0.00;0.00;580.00;610.00;1192.00;1342.67;2421.65;976.99;56.99;200.00;460.00;1850.00;1450.00;700.00;890.00;1190.00;0.00;2720.00;1474.01;1024.66;800.00;480.00;480.00;864.67;910.00;910.00
1772828256.5809534;0.00;0.00;0.00;0.00;0.00;0.00;0.00;0.00;0.00;0.00;0.00;0.00;582.00;0.00;776.00;0.00;0.00;582.00;1067.00;0.00;0.00;0.00;0.00;580.00;610.00;1192.00;1342.67;2421.65;976.99;56.99;200.00;460.00;1850.00;1450.00;700.00;890.00;1190.00;0.00;2720.00;1474.01;1024.66;800.00;480.00;480.00;864.67;910.00;910.00
1772828256.6290386;0.00;0.00;0.00;0.00;0.00;0.00;0.00;0.00;0.00;0.00;0.00;0.00;582.00;0.00;776.00;0.00;0.00;582.00;1164.00;0.00;0.00;0.00;0.00;580.00;610.00;1192.00;1342.67;2421.65;976.99;56.99;200.00;914.67;2294.67;1750.00;850.00;890.00;1500.00;480.00;2720.00;1474.01;1024.66;800.00;480.00;480.00;977.00;1060.00;1060.00
1772828256.6313753;0.00;0.00;0.00;0.00;0.00;0.00;0.00;0.00;0.00;0.00;0.00;0.00;582.00;0.00;776.00;0.00;0.00;582.00;1164.00;0.00;0.00;0.00;0.00;580.00;610.00;1192.00;1342.67;2421.65;976.99;56.99;200.00;914.67;2294.67;1750.00;850.00;890.00;1500.00;480.00;2720.00;1474.01;1024.66;800.00;480.00;480.00;977.00;1060.00;1060.00
1772828275.4636858;0.00;97.00;0.00;0.00;0.00;0.00;0.00;0.00;0.00;0.00;0.00;0.00;582.00;0.00;776.00;0.00;0.00;582.00;1164.00;0.00;0.00;0.00;0.00;580.00;610.00;1192.00;1342.67;2421.65;976.99;56.99;200.00;1694.67;2594.67;2050.00;1150.00;890.00;1660.00;902.33;2720.00;1474.01;1024.66;800.00;480.00;480.00;977.00;1060.00;1360.00
1772828275.4649212;0.00;97.00;0.00;0.00;0.00;0.00;0.00;0.00;0.00;0.00;0.00;0.00;582.00;0.00;776.00;0.00;0.00;582.00;1164.00;0.00;0.00;0.00;0.00;580.00;610.00;1192.00;1342.67;2421.65;976.99;56.99;200.00;1694.67;2594.67;2050.00;1150.00;890.00;1660.00;902.33;2720.00;1474.01;1024.66;800.00;480.00;480.00;977.00;1060.00;1360.00
1772828275.493254;0.00;194.00;0.00;0.00;0.00;0.00;0.00;0.00;0.00;0.00;0.00;0.00;582.00;0.00;776.00;0.00;0.00;582.00;1164.00;0.00;0.00;0.00;0.00;580.00;610.00;1192.00;1342.67;2421.65;976.99;56.99;430.00;2314.67;2894.67;2350.00;1450.00;890.00;1660.00;1372.33;2720.00;1474.01;1024.66;800.00;480.00;480.00;977.00;1060.00;1660.00
1772828275.4944243;0.00;194.00;0.00;0.00;0.00;0.00;0.00;0.00;0.00;0.00;0.00;0.00;582.00;0.00;776.00;0.00;0.00;582.00;1164.00;0.00;0.00;0.00;0.00;580.00;610.00;1192.00;1342.67;2421.65;976.99;56.99;430.00;2314.67;2894.67;2350.00;1450.00;890.00;1660.00;1372.33;2720.00;1474.01;1024.66;800.00;480.00;480.00;977.00;1060.00;1660.00
1772828275.524863;0.00;291.00;0.00;0.00;0.00;0.00;0.00;0.00;0.00;0.00;0.00;0.00;582.00;0.00;776.00;0.00;0.00;582.00;1164.00;0.00;0.00;0.00;0.00;580.00;610.00;1192.00;1342.67;2421.65;976.99;56.99;660.00;2934.67;3194.67;2650.00;1750.00;890.00;1660.00;1842.33;2720.00;1474.01;1024.66;800.00;480.00;480.00;977.00;1060.00;1960.00
1772828275.5261893;0.00;291.00;0.00;0.00;0.00;0.00;0.00;0.00;0.00;0.00;0.00;0.00;582.00;0.00;776.00;0.00;0.00;582.00;1164.00;0.00;0.00;0.00;0.00;580.00;610.00;1192.00;1342.67;2421.65;976.99;56.99;660.00;2934.67;3194.67;2650.00;1750.00;890.00;1660.00;1842.33;2720.00;1474.01;1024.66;800.00;480.00;480.00;977.00;1060.00;1960.00
1772828275.5549207;0.00;388.00;0.00;0.00;0.00;0.00;0.00;0.00;0.00;0.00;0.00;0.00;582.00;0.00;776.00;0.00;0.00;582.00;1164.00;0.00;0.00;0.00;0.00;580.00;610.00;1192.00;1342.67;2421.65;976.99;216.99;890.00;3469.34;3494.67;2950.00;1900.00;1050.00;1884.67;1842.33;2720.00;1474.01;1024.66;800.00;480.00;480.00;977.00;1210.00;2110.00
1772828275.556181;0.00;388.00;0.00;0.00;0.00;0.00;0.00;0.00;0.00;0.00;0.00;0.00;582.00;0.00;776.00;0.00;0.00;582.00;1164.00;0.00;0.00;0.00;0.00;580.00;610.00;1192.00;1342.67;2421.65;976.99;216.99;890.00;3469.34;3494.67;2950.00;1900.00;1050.00;1884.67;1842.33;2720.00;1474.01;1024.66;800.00;480.00;480.00;977.00;1210.00;2110.00
1772828275.5861297;0.00;485.00;0.00;0.00;0.00;0.00;0.00;0.00;0.00;0.00;0.00;0.00;582.00;0.00;776.00;0.00;0.00;582.00;1164.00;0.00;0.00;0.00;0.00;580.00;610.00;1192.00;1342.67;2421.65;976.99;376.99;1344.67;3779.34;3794.67;3250.00;2050.00;1210.00;1884.67;1842.33;2720.00;1474.01;1024.66;800.00;480.00;480.00;977.00;1360.00;2260.00
1772828275.587603;0.00;485.00;0.00;0.00;0.00;0.00;0.00;0.00;0.00;0.00;0.00;0.00;582.00;0.00;776.00;0.00;0.00;582.00;1164.00;0.00;0.00;0.00;0.00;580.00;610.00;1192.00;1342.67;2421.65;976.99;376.99;1344.67;3779.34;3794.67;3250.00;2050.00;1210.00;1884.67;1842.33;2720.00;1474.01;1024.66;800.00;480.00;480.00;977.00;1360.00;2260.00
1772828275.6173575;0.00;582.00;0.00;0.00;0.00;0.00;0.00;0.00;0.00;0.00;0.00;0.00;582.00;0.00;776.00;0.00;0.00;582.00;1164.00;0.00;0.00;0.00;0.00;580.00;610.00;1192.00;1342.67;2421.65;976.99;536.99;1799.34;4079.34;4094.67;3550.00;2350.00;1370.00;1884.67;1842.33;2944.67;1474.01;1024.66;800.00;480.00;480.00;977.00;1360.00;2560.00
1772828275.6186697;0.00;582.00;0.00;0.00;0.00;0.00;0.00;0.00;0.00;0.00;0.00;0.00;582.00;0.00;776.00;0.00;0.00;582.00;1164.00;0.00;0.00;0.00;0.00;580.00;610.00;1192.00;1342.67;2421.65;976.99;536.99;1799.34;4079.34;4094.67;3550.00;2350.00;1370.00;1884.67;1842.33;2944.67;1474.01;1024.66;800.00;480.00;480.00;977.00;1360.00;2560.00
1772828293.350033;0.00;0.00;0.00;0.00;0.00;0.00;0.00;0.00;0.00;0.00;0.00;0.00;582.00;0.00;582.00;0.00;0.00;291.00;485.00;0.00;0.00;0.00;0.00;0.00;300.00;581.00;731.67;1524.66;240.00;0.00;0.00;0.00;540.00;300.00;0.00;0.00;720.00;0.00;0.00;1474.01;1024.66;480.00;0.00;480.00;160.00;300.00;0.00
1772828293.3518243;0.00;0.00;0.00;0.00;0.00;0.00;0.00;0.00;0.00;0.00;0.00;0.00;582.00;0.00;582.00;0.00;0.00;291.00;485.00;0.00;0.00;0.00;0.00;0.00;300.00;581.00;731.67;1524.66;240.00;0.00;0.00;0.00;540.00;300.00;0.00;0.00;720.00;0.00;0.00;1474.01;1024.66;480.00;0.00;480.00;160.00;300.00;0.00
1772828293.3999107;0.00;97.00;0.00;0.00;0.00;0.00;0.00;0.00;0.00;0.00;0.00;0.00;582.00;0.00;582.00;0.00;0.00;291.00;485.00;0.00;0.00;0.00;0.00;0.00;300.00;581.00;731.67;1524.66;240.00;160.00;407.00;310.00;840.00;600.00;150.00;160.00;1030.00;0.00;550.00;1474.01;1024.66;480.00;0.00;480.00;160.00;450.00;150.00
1772828293.4017396;0.00;97.00;0.00;0.00;0.00;0.00;0.00;0.00;0.00;0.00;0.00;0.00;582.00;0.00;582.00;0.00;0.00;291.00;485.00;0.00;0.00;0.00;0.00;0.00;300.00;581.00;731.67;1524.66;240.00;160.00;407.00;310.00;840.00;600.00;150.00;160.00;1030.00;0.00;550.00;1474.01;1024.66;480.00;0.00;480.00;160.00;450.00;150.00
1772828293.451922;0.00;97.00;0.00;0.00;0.00;0.00;0.00;0.00;0.00;0.00;0.00;0.00;582.00;0.00;582.00;0.00;0.00;291.00;582.00;0.00;0.00;0.00;0.00;0.00;300.00;581.00;731.67;1524.66;240.00;160.00;637.00;540.00;1380.00;900.00;300.00;160.00;1350.00;0.00;710.00;1474.01;1024.66;480.00;0.00;480.00;160.00;600.00;300.00
1772828293.4538755;0.00;97.00;0.00;0.00;0.00;0.00;0.00;0.00;0.00;0.00;0.00;0.00;582.00;0.00;582.00;0.00;0.00;291.00;582.00;0.00;0.00;0.00;0.00;0.00;300.00;581.00;731.67;1524.66;240.00;160.00;637.00;540.00;1380.00;900.00;300.00;160.00;1350.00;0.00;710.00;1474.01;1024.66;480.00;0.00;480.00;160.00;600.00;300.00
1772828293.5032089;0.00;97.00;0.00;0.00;0.00;0.00;0.00;0.00;0.00;0.00;0.00;0.00;582.00;0.00;582.00;0.00;0.00;388.00;582.00;0.00;0.00;0.00;0.00;300.00;610.00;811.00;961.67;1754.66;240.00;160.00;637.00;540.00;1380.00;900.00;300.00;160.00;1350.00;0.00;710.00;1474.01;1024.66;800.00;160.00;480.00;160.00;600.00;600.00
1772828293.5052652;0.00;97.00;0.00;0.00;0.00;0.00;0.00;0.00;0.00;0.00;0.00;0.00;582.00;0.00;582.00;0.00;0.00;388.00;582.00;0.00;0.00;0.00;0.00;300.00;610.00;811.00;961.67;1754.66;240.00;160.00;637.00;540.00;1380.00;900.00;300.00;160.00;1350.00;0.00;710.00;1474.01;1024.66;800.00;160.00;480.00;160.00;600.00;600.00
1772828293.5543733;0.00;97.00;0.00;0.00;0.00;0.00;0.00;0.00;0.00;0.00;0.00;0.00;582.00;0.00;582.00;0.00;0.00;388.00;679.00;0.00;0.00;0.00;0.00;300.00;610.00;811.00;961.67;1754.66;240.00;160.00;1177.00;1080.00;1824.67;1200.00;600.00;160.00;1350.00;0.00;1190.00;1474.01;1024.66;800.00;160.00;480.00;272.33;600.00;900.00
1772828293.5563304;0.00;97.00;0.00;0.00;0.00;0.00;0.00;0.00;0.00;0.00;0.00;0.00;582.00;0.00;582.00;0.00;0.00;388.00;679.00;0.00;0.00;0.00;0.00;300.00;610.00;811.00;961.67;1754.66;240.00;160.00;1177.00;1080.00;1824.67;1200.00;600.00;160.00;1350.00;0.00;1190.00;1474.01;1024.66;800.00;160.00;480.00;272.33;600.00;900.00
1772828293.604748;0.00;194.00;0.00;0.00;0.00;0.00;0.00;0.00;0.00;0.00;0.00;0.00;582.00;0.00;582.00;0.00;0.00;388.00;679.00;0.00;0.00;0.00;0.00;300.00;610.00;811.00;961.67;1754.66;240.00;710.00;1584.00;1390.00;2124.67;1500.00;750.00;710.00;1350.00;0.00;1190.00;1474.01;1024.66;800.00;160.00;480.00;272.33;750.00;1050.00
1772828293.6068165;0.00;194.00;0.00;0.00;0.00;0.00;0.00;0.00;0.00;0.00;0.00;0.00;582.00;0.00;582.00;0.00;0.00;388.00;679.00;0.00;0.00;0.00;0.00;300.00;610.00;811.00;961.67;1754.66;240.00;710.00;1584.00;1390.00;2124.67;1500.00;750.00;710.00;1350.00;0.00;1190.00;1474.01;1024.66;800.00;160.00;480.00;272.33;750.00;1050.00
1772828293.654716;0.00;194.00;0.00;0.00;0.00;0.00;0.00;0.00;0.00;0.00;0.00;0.00;582.00;0.00;582.00;0.00;0.00;388.00;776.00;0.00;0.00;0.00;0.00;300.00;610.00;811.00;961.67;1754.66;240.00;710.00;2124.00;1930.00;2521.67;1800.00;1050.00;710.00;1350.00;0.00;1670.00;1474.01;1024.66;800.00;160.00;480.00;272.33;750.00;1350.00
1772828293.656811;0.00;194.00;0.00;0.00;0.00;0.00;0.00;0.00;0.00;0.00;0.00;0.00;582.00;0.00;582.00;0.00;0.00;388.00;776.00;0.00;0.00;0.00;0.00;300.00;610.00;811.00;961.67;1754.66;240.00;710.00;2124.00;1930.00;2521.67;1800.00;1050.00;710.00;1350.00;0.00;1670.00;1474.01;1024.66;800.00;160.00;480.00;272.33;750.00;1350.00
1772828293.8420188;0.00;194.00;0.00;0.00;0.00;0.00;0.00;0.00;0.00;0.00;0.00;0.00;582.00;0.00;582.00;0.00;0.00;485.00;776.00;0.00;0.00;0.00;0.00;600.00;910.00;1255.67;1416.34;2304.66;240.00;710.00;2124.00;1930.00;2521.67;1800.00;1050.00;710.00;1350.00;0.00;1670.00;1474.01;1024.66;800.00;320.00;480.00;272.33;750.00;1650.00
1772828293.8441126;0.00;194.00;0.00;0.00;0.00;0.00;0.00;0.00;0.00;0.00;0.00;0.00;582.00;0.00;582.00;0.00;0.00;485.00;776.00;0.00;0.00;0.00;0.00;600.00;910.00;1255.67;1416.34;2304.66;240.00;710.00;2124.00;1930.00;2521.67;1800.00;1050.00;710.00;1350.00;0.00;1670.00;1474.01;1024.66;800.00;320.00;480.00;272.33;750.00;1650.00
1772828293.891803;0.00;194.00;0.00;0.00;0.00;0.00;0.00;0.00;0.00;0.00;0.00;0.00;582.00;0.00;582.00;0.00;0.00;485.00;873.00;0.00;0.00;0.00;0.00;600.00;910.00;1255.67;1416.34;2304.66;240.00;710.00;2664.00;2470.00;2918.67;2100.00;1350.00;710.00;1350.00;0.00;2150.00;1474.01;1024.66;800.00;320.00;480.00;272.33;750.00;1950.00
1772828293.8939466;0.00;194.00;0.00;0.00;0.00;0.00;0.00;0.00;0.00;0.00;0.00;0.00;582.00;0.00;582.00;0.00;0.00;485.00;873.00;0.00;0.00;0.00;0.00;600.00;910.00;1255.67;1416.34;2304.66;240.00;710.00;2664.00;2470.00;2918.67;2100.00;1350.00;710.00;1350.00;0.00;2150.00;1474.01;1024.66;800.00;320.00;480.00;272.33;750.00;1950.00
1772828293.9417264;0.00;291.00;0.00;0.00;0.00;0.00;0.00;0.00;0.00;0.00;0.00;0.00;582.00;0.00;582.00;0.00;0.00;485.00;873.00;0.00;0.00;0.00;0.00;600.00;910.00;1255.67;1416.34;2304.66;240.00;870.00;3071.00;2780.00;3218.67;2400.00;1500.00;870.00;1350.00;0.00;2487.00;1474.01;1024.66;800.00;320.00;480.00;272.33;900.00;2100.00
1772828293.9439485;0.00;291.00;0.00;0.00;0.00;0.00;0.00;0.00;0.00;0.00;0.00;0.00;582.00;0.00;582.00;0.00;0.00;485.00;873.00;0.00;0.00;0.00;0.00;600.00;910.00;1255.67;1416.34;2304.66;240.00;870.00;3071.00;2780.00;3218.67;2400.00;1500.00;870.00;1350.00;0.00;2487.00;1474.01;1024.66;800.00;320.00;480.00;272.33;900.00;2100.00
1772828293.9909134;0.00;291.00;0.00;0.00;0.00;0.00;0.00;0.00;0.00;0.00;0.00;0.00;582.00;0.00;582.00;0.00;0.00;485.00;970.00;0.00;0.00;0.00;0.00;600.00;910.00;1255.67;1416.34;2304.66;240.00;1100.00;3621.00;3330.00;3615.67;2700.00;1650.00;870.00;1734.67;0.00;2487.00;1474.01;1024.66;800.00;320.00;480.00;272.33;1050.00;2250.00
1772828293.9931908;0.00;291.00;0.00;0.00;0.00;0.00;0.00;0.00;0.00;0.00;0.00;0.00;582.00;0.00;582.00;0.00;0.00;485.00;970.00;0.00;0.00;0.00;0.00;600.00;910.00;1255.67;1416.34;2304.66;240.00;1100.00;3621.00;3330.00;3615.67;2700.00;1650.00;870.00;1734.67;0.00;2487.00;1474.01;1024.66;800.00;320.00;480.00;272.33;1050.00;2250.00
1772828294.040124;0.00;291.00;0.00;0.00;0.00;0.00;0.00;0.00;0.00;0.00;0.00;0.00;582.00;0.00;582.00;0.00;0.00;582.00;970.00;0.00;0.00;0.00;0.00;900.00;1210.00;1700.34;1861.01;2759.33;240.00;1100.00;3621.00;3330.00;3615.67;2700.00;1650.00;870.00;1734.67;0.00;2487.00;1474.01;1024.66;800.00;704.67;480.00;272.33;1050.00;2550.00
1772828294.0423825;0.00;291.00;0.00;0.00;0.00;0.00;0.00;0.00;0.00;0.00;0.00;0.00;582.00;0.00;582.00;0.00;0.00;582.00;970.00;0.00;0.00;0.00;0.00;900.00;1210.00;1700.34;1861.01;2759.33;240.00;1100.00;3621.00;3330.00;3615.67;2700.00;1650.00;870.00;1734.67;0.00;2487.00;1474.01;1024.66;800.00;704.67;480.00;272.33;1050.00;2550.00
1772828294.0895748;0.00;291.00;0.00;0.00;0.00;0.00;0.00;0.00;0.00;0.00;0.00;0.00;582.00;0.00;582.00;0.00;0.00;582.00;1067.00;0.00;0.00;0.00;0.00;900.00;1210.00;1700.34;1861.01;2759.33;240.00;1650.00;4075.67;3784.67;4012.67;3000.00;1800.00;1350.00;1734.67;0.00;2487.00;1474.01;1024.66;800.00;704.67;480.00;272.33;1200.00;2700.00
1772828294.09199;0.00;291.00;0.00;0.00;0.00;0.00;0.00;0.00;0.00;0.00;0.00;0.00;582.00;0.00;582.00;0.00;0.00;582.00;1067.00;0.00;0.00;0.00;0.00;900.00;1210.00;1700.34;1861.01;2759.33;240.00;1650.00;4075.67;3784.67;4012.67;3000.00;1800.00;1350.00;1734.67;0.00;2487.00;1474.01;1024.66;800.00;704.67;480.00;272.33;1200.00;2700.00
1772828294.2828748;0.00;388.00;0.00;0.00;0.00;0.00;0.00;0.00;0.00;0.00;0.00;0.00;582.00;0.00;582.00;0.00;0.00;582.00;1067.00;0.00;0.00;0.00;0.00;900.00;1210.00;1700.34;1861.01;2759.33;240.00;2200.00;4482.67;4094.67;4312.67;3300.00;1950.00;1830.00;1734.67;0.00;2487.00;1474.01;1024.66;800.00;704.67;480.00;272.33;1350.00;2850.00
1772828294.2859945;0.00;388.00;0.00;0.00;0.00;0.00;0.00;0.00;0.00;0.00;0.00;0.00;582.00;0.00;582.00;0.00;0.00;582.00;1067.00;0.00;0.00;0.00;0.00;900.00;1210.00;1700.34;1861.01;2759.33;240.00;2200.00;4482.67;4094.67;4312.67;3300.00;1950.00;1830.00;1734.67;0.00;2487.00;1474.01;1024.66;800.00;704.67;480.00;272.33;1350.00;2850.00
1772828294.3477361;0.00;388.00;0.00;0.00;0.00;0.00;0.00;0.00;0.00;0.00;0.00;0.00;582.00;0.00;582.00;0.00;0.00;582.00;1164.00;0.00;0.00;0.00;0.00;1050.00;1360.00;1850.34;2011.01;2909.33;320.00;2600.00;4872.67;4484.67;4559.67;3450.00;2100.00;1830.00;1734.67;0.00;2487.00;1474.01;1024.66;800.00;704.67;480.00;272.33;1350.00;3150.00
1772828294.3509753;0.00;388.00;0.00;0.00;0.00;0.00;0.00;0.00;0.00;0.00;0.00;0.00;582.00;0.00;582.00;0.00;0.00;582.00;1164.00;0.00;0.00;0.00;0.00;1050.00;1360.00;1850.34;2011.01;2909.33;320.00;2600.00;4872.67;4484.67;4559.67;3450.00;2100.00;1830.00;1734.67;0.00;2487.00;1474.01;1024.66;800.00;704.67;480.00;272.33;1350.00;3150.00
1772828294.4119482;0.00;388.00;0.00;0.00;0.00;0.00;0.00;0.00;0.00;0.00;0.00;0.00;582.00;0.00;582.00;0.00;0.00;582.00;1164.00;0.00;0.00;0.00;0.00;1050.00;1360.00;1850.34;2011.01;2909.33;320.00;2600.00;4872.67;4484.67;4559.67;3450.00;2100.00;1830.00;1734.67;0.00;2487.00;1474.01;1024.66;800.00;704.67;480.00;272.33;1350.00;3150.00
1772828294.4150229;0.00;388.00;0.00;0.00;0.00;0.00;0.00;0.00;0.00;0.00;0.00;0.00;582.00;0.00;582.00;0.00;0.00;582.00;1164.00;0.00;0.00;0.00;0.00;1050.00;1360.00;1850.34;2011.01;2909.33;320.00;2600.00;4872.67;4484.67;4559.67;3450.00;2100.00;1830.00;1734.67;0.00;2487.00;1474.01;1024.66;800.00;704.67;480.00;272.33;1350.00;3150.00
1772828294.475342;0.00;388.00;0.00;0.00;0.00;0.00;0.00;0.00;0.00;0.00;0.00;0.00;582.00;0.00;582.00;0.00;0.00;582.00;1164.00;0.00;0.00;0.00;0.00;1050.00;1360.00;1850.34;2011.01;2909.33;320.00;2600.00;4872.67;4484.67;4559.67;3450.00;2100.00;1830.00;1734.67;0.00;2487.00;1474.01;1024.66;800.00;704.67;480.00;272.33;1350.00;3150.00
1772828294.4785113;0.00;388.00;0.00;0.00;0.00;0.00;0.00;0.00;0.00;0.00;0.00;0.00;582.00;0.00;582.00;0.00;0.00;582.00;1164.00;0.00;0.00;0.00;0.00;1050.00;1360.00;1850.34;2011.01;2909.33;320.00;2600.00;4872.67;4484.67;4559.67;3450.00;2100.00;1830.00;1734.67;0.00;2487.00;1474.01;1024.66;800.00;704.67;480.00;272.33;1350.00;3150.00
1772828298.5063543;0.00;388.00;0.00;0.00;0.00;0.00;0.00;0.00;0.00;0.00;0.00;0.00;582.00;0.00;582.00;0.00;0.00;582.00;1164.00;0.00;0.00;0.00;0.00;1050.00;1360.00;1850.34;2011.01;2909.33;320.00;2600.00;4872.67;4484.67;4559.67;3450.00;2100.00;1830.00;1734.67;0.00;2487.00;1474.01;1024.66;800.00;704.67;480.00;272.33;1350.00;3150.00
1772828298.5076458;0.00;388.00;0.00;0.00;0.00;0.00;0.00;0.00;0.00;0.00;0.00;0.00;582.00;0.00;582.00;0.00;0.00;582.00;1164.00;0.00;0.00;0.00;0.00;1050.00;1360.00;1850.34;2011.01;2909.33;320.00;2600.00;4872.67;4484.67;4559.67;3450.00;2100.00;1830.00;1734.67;0.00;2487.00;1474.01;1024.66;800.00;704.67;480.00;272.33;1350.00;3150.00
1772828298.5363405;0.00;388.00;0.00;0.00;0.00;0.00;0.00;0.00;0.00;0.00;0.00;0.00;582.00;0.00;582.00;0.00;0.00;582.00;1164.00;0.00;0.00;0.00;0.00;1050.00;1360.00;1850.34;2011.01;2909.33;320.00;2600.00;4872.67;4484.67;4559.67;3450.00;2100.00;1830.00;1734.67;0.00;2487.00;1474.01;1024.66;800.00;704.67;480.00;272.33;1350.00;3150.00
1772828298.5376549;0.00;388.00;0.00;0.00;0.00;0.00;0.00;0.00;0.00;0.00;0.00;0.00;582.00;0.00;582.00;0.00;0.00;582.00;1164.00;0.00;0.00;0.00;0.00;1050.00;1360.00;1850.34;2011.01;2909.33;320.00;2600.00;4872.67;4484.67;4559.67;3450.00;2100.00;1830.00;1734.67;0.00;2487.00;1474.01;1024.66;800.00;704.67;480.00;272.33;1350.00;3150.00
1772828298.634113;0.00;388.00;0.00;0.00;0.00;0.00;0.00;0.00;0.00;0.00;0.00;0.00;582.00;0.00;582.00;0.00;0.00;582.00;1164.00;0.00;0.00;0.00;0.00;1050.00;1360.00;1850.34;2011.01;2909.33;320.00;2600.00;4872.67;4484.67;4559.67;3450.00;2100.00;1830.00;1734.67;0.00;2487.00;1474.01;1024.66;800.00;704.67;480.00;272.33;1350.00;3150.00
1772828298.6353662;0.00;388.00;0.00;0.00;0.00;0.00;0.00;0.00;0.00;0.00;0.00;0.00;582.00;0.00;582.00;0.00;0.00;582.00;1164.00;0.00;0.00;0.00;0.00;1050.00;1360.00;1850.34;2011.01;2909.33;320.00;2600.00;4872.67;4484.67;4559.67;3450.00;2100.00;1830.00;1734.67;0.00;2487.00;1474.01;1024.66;800.00;704.67;480.00;272.33;1350.00;3150.00
1772828298.6638396;0.00;388.00;0.00;0.00;0.00;0.00;0.00;0.00;0.00;0.00;0.00;0.00;582.00;0.00;582.00;0.00;0.00;582.00;1164.00;0.00;0.00;0.00;0.00;1050.00;1360.00;1850.34;2011.01;2909.33;320.00;2600.00;4872.67;4484.67;4559.67;3450.00;2100.00;1830.00;1734.67;0.00;2487.00;1474.01;1024.66;800.00;704.67;480.00;272.33;1350.00;3150.00
1772828298.6662602;0.00;388.00;0.00;0.00;0.00;0.00;0.00;0.00;0.00;0.00;0.00;0.00;582.00;0.00;582.00;0.00;0.00;582.00;1164.00;0.00;0.00;0.00;0.00;1050.00;1360.00;1850.34;2011.01;2909.33;320.00;2600.00;4872.67;4484.67;4559.67;3450.00;2100.00;1830.00;1734.67;0.00;2487.00;1474.01;1024.66;800.00;704.67;480.00;272.33;1350.00;3150.00
1772828298.7120895;0.00;388.00;0.00;0.00;0.00;0.00;0.00;0.00;0.00;0.00;0.00;0.00;582.00;0.00;582.00;0.00;0.00;582.00;1164.00;0.00;0.00;0.00;0.00;1050.00;1360.00;1850.34;2011.01;2909.33;320.00;2600.00;4872.67;4484.67;4559.67;3450.00;2100.00;1830.00;1734.67;0.00;2487.00;1474.01;1024.66;800.00;704.67;480.00;272.33;1350.00;3150.00
1772828298.7144468;0.00;388.00;0.00;0.00;0.00;0.00;0.00;0.00;0.00;0.00;0.00;0.00;582.00;0.00;582.00;0.00;0.00;582.00;1164.00;0.00;0.00;0.00;0.00;1050.00;1360.00;1850.34;2011.01;2909.33;320.00;2600.00;4872.67;4484.67;4559.67;3450.00;2100.00;1830.00;1734.67;0.00;2487.00;1474.01;1024.66;800.00;704.67;480.00;272.33;1350.00;3150.00
1772828298.7598672;0.00;388.00;0.00;0.00;0.00;0.00;0.00;0.00;0.00;0.00;0.00;0.00;582.00;0.00;582.00;0.00;0.00;582.00;1164.00;0.00;0.00;0.00;0.00;1050.00;1360.00;1850.34;2011.01;2909.33;320.00;2600.00;4872.67;4484.67;4559.67;3450.00;2100.00;1830.00;1734.67;0.00;2487.00;1474.01;1024.66;800.00;704.67;480.00;272.33;1350.00;3150.00
1772828298.7622983;0.00;388.00;0.00;0.00;0.00;0.00;0.00;0.00;0.00;0.00;0.00;0.00;582.00;0.00;582.00;0.00;0.00;582.00;1164.00;0.00;0.00;0.00;0.00;1050.00;1360.00;1850.34;2011.01;2909.33;320.00;2600.00;4872.67;4484.67;4559.67;3450.00;2100.00;1830.00;1734.67;0.00;2487.00;1474.01;1024.66;800.00;704.67;480.00;272.33;1350.00;3150.00
1772828323.5658445;0.00;388.00;0.00;0.00;0.00;0.00;0.00;0.00;0.00;0.00;0.00;0.00;0.00;0.00;582.00;0.00;0.00;582.00;582.00;0.00;97.00;0.00;0.00;0.00;0.00;0.00;577.67;2647.00;240.00;1730.00;240.00;240.00;300.00;300.00;0.00;1670.00;1574.67;0.00;0.00;0.00;864.66;480.00;544.67;0.00;0.00;300.00;0.00
1772828323.5668411;0.00;388.00;0.00;0.00;0.00;0.00;0.00;0.00;0.00;0.00;0.00;0.00;0.00;0.00;582.00;0.00;0.00;582.00;582.00;0.00;97.00;0.00;0.00;0.00;0.00;0.00;577.67;2647.00;240.00;1730.00;240.00;240.00;300.00;300.00;0.00;1670.00;1574.67;0.00;0.00;0.00;864.66;480.00;544.67;0.00;0.00;300.00;0.00
1772828323.5985723;0.00;388.00;0.00;0.00;0.00;0.00;0.00;0.00;0.00;0.00;0.00;0.00;0.00;0.00;582.00;0.00;0.00;582.00;582.00;0.00;194.00;0.00;0.00;0.00;0.00;0.00;577.67;2647.00;240.00;1970.00;480.00;550.00;610.00;610.00;300.00;1670.00;1574.67;230.00;160.00;0.00;864.66;480.00;544.67;0.00;0.00;610.00;300.00
1772828323.5995245;0.00;388.00;0.00;0.00;0.00;0.00;0.00;0.00;0.00;0.00;0.00;0.00;0.00;0.00;582.00;0.00;0.00;582.00;582.00;0.00;194.00;0.00;0.00;0.00;0.00;0.00;577.67;2647.00;240.00;1970.00;480.00;550.00;610.00;610.00;300.00;1670.00;1574.67;230.00;160.00;0.00;864.66;480.00;544.67;0.00;0.00;610.00;300.00
1772828323.631112;0.00;388.00;0.00;0.00;0.00;0.00;0.00;0.00;0.00;0.00;0.00;0.00;0.00;0.00;582.00;0.00;0.00;582.00;582.00;0.00;291.00;0.00;0.00;0.00;0.00;0.00;577.67;2647.00;240.00;2210.00;790.00;860.00;920.00;920.00;600.00;1670.00;1574.67;230.00;320.00;0.00;864.66;480.00;544.67;0.00;0.00;610.00;600.00
1772828323.6321008;0.00;388.00;0.00;0.00;0.00;0.00;0.00;0.00;0.00;0.00;0.00;0.00;0.00;0.00;582.00;0.00;0.00;582.00;582.00;0.00;291.00;0.00;0.00;0.00;0.00;0.00;577.67;2647.00;240.00;2210.00;790.00;860.00;920.00;920.00;600.00;1670.00;1574.67;230.00;320.00;0.00;864.66;480.00;544.67;0.00;0.00;610.00;600.00
1772828323.7318392;0.00;388.00;0.00;0.00;0.00;0.00;0.00;0.00;0.00;0.00;0.00;0.00;0.00;0.00;582.00;0.00;0.00;582.00;582.00;0.00;388.00;0.00;0.00;0.00;0.00;0.00;577.67;2647.00;240.00;2450.00;1030.00;1170.00;1230.00;1230.00;900.00;1670.00;1574.67;230.00;480.00;0.00;864.66;480.00;544.67;0.00;0.00;610.00;900.00
1772828323.7328668;0.00;388.00;0.00;0.00;0.00;0.00;0.00;0.00;0.00;0.00;0.00;0.00;0.00;0.00;582.00;0.00;0.00;582.00;582.00;0.00;388.00;0.00;0.00;0.00;0.00;0.00;577.67;2647.00;240.00;2450.00;1030.00;1170.00;1230.00;1230.00;900.00;1670.00;1574.67;230.00;480.00;0.00;864.66;480.00;544.67;0.00;0.00;610.00;900.00
1772828323.7642953;0.00;388.00;0.00;0.00;0.00;0.00;0.00;0.00;0.00;0.00;0.00;0.00;0.00;0.00;582.00;0.00;0.00;582.00;582.00;0.00;485.00;0.00;0.00;0.00;0.00;0.00;577.67;2647.00;240.00;2690.00;1270.00;1470.00;1530.00;1530.00;1200.00;1670.00;1574.67;540.00;960.00;0.00;864.66;480.00;544.67;0.00;0.00;610.00;1200.00
1772828323.7653422;0.00;388.00;0.00;0.00;0.00;0.00;0.00;0.00;0.00;0.00;0.00;0.00;0.00;0.00;582.00;0.00;0.00;582.00;582.00;0.00;485.00;0.00;0.00;0.00;0.00;0.00;577.67;2647.00;240.00;2690.00;1270.00;1470.00;1530.00;1530.00;1200.00;1670.00;1574.67;540.00;960.00;0.00;864.66;480.00;544.67;0.00;0.00;610.00;1200.00
1772828323.7967906;0.00;388.00;0.00;0.00;0.00;0.00;0.00;0.00;0.00;0.00;0.00;0.00;0.00;0.00;582.00;0.00;0.00;582.00;582.00;0.00;582.00;0.00;0.00;0.00;0.00;0.00;577.67;2647.00;240.00;2930.00;1510.00;1770.00;1830.00;1830.00;1500.00;1670.00;1574.67;850.00;1440.00;0.00;864.66;480.00;544.67;0.00;0.00;610.00;1500.00
1772828323.7978623;0.00;388.00;0.00;0.00;0.00;0.00;0.00;0.00;0.00;0.00;0.00;0.00;0.00;0.00;582.00;0.00;0.00;582.00;582.00;0.00;582.00;0.00;0.00;0.00;0.00;0.00;577.67;2647.00;240.00;2930.00;1510.00;1770.00;1830.00;1830.00;1500.00;1670.00;1574.67;850.00;1440.00;0.00;864.66;480.00;544.67;0.00;0.00;610.00;1500.00
1772828341.591644;0.00;388.00;0.00;0.00;0.00;0.00;0.00;0.00;0.00;0.00;0.00;0.00;0.00;0.00;582.00;0.00;0.00;679.00;582.00;0.00;582.00;0.00;0.00;310.00;240.00;0.00;577.67;2647.00;240.00;2930.00;1510.00;1770.00;1830.00;1830.00;1500.00;1670.00;1574.67;850.00;1440.00;0.00;864.66;480.00;544.67;480.00;0.00;610.00;1800.00
1772828341.5937767;0.00;388.00;0.00;0.00;0.00;0.00;0.00;0.00;0.00;0.00;0.00;0.00;0.00;0.00;582.00;0.00;0.00;679.00;582.00;0.00;582.00;0.00;0.00;310.00;240.00;0.00;577.67;2647.00;240.00;2930.00;1510.00;1770.00;1830.00;1830.00;1500.00;1670.00;1574.67;850.00;1440.00;0.00;864.66;480.00;544.67;480.00;0.00;610.00;1800.00
1772828341.6462078;0.00;388.00;0.00;0.00;0.00;0.00;0.00;0.00;0.00;0.00;0.00;0.00;0.00;0.00;582.00;0.00;0.00;776.00;582.00;0.00;582.00;0.00;0.00;620.00;550.00;230.00;577.67;2647.00;240.00;2930.00;1510.00;1770.00;1830.00;1830.00;1500.00;1670.00;1574.67;850.00;1440.00;160.00;864.66;800.00;544.67;480.00;0.00;610.00;2100.00
1772828341.6483474;0.00;388.00;0.00;0.00;0.00;0.00;0.00;0.00;0.00;0.00;0.00;0.00;0.00;0.00;582.00;0.00;0.00;776.00;582.00;0.00;582.00;0.00;0.00;620.00;550.00;230.00;577.67;2647.00;240.00;2930.00;1510.00;1770.00;1830.00;1830.00;1500.00;1670.00;1574.67;850.00;1440.00;160.00;864.66;800.00;544.67;480.00;0.00;610.00;2100.00
1772828341.6981454;0.00;388.00;0.00;0.00;0.00;0.00;0.00;0.00;0.00;0.00;0.00;0.00;0.00;0.00;582.00;0.00;0.00;873.00;582.00;0.00;582.00;0.00;0.00;920.00;850.00;684.67;807.67;2877.00;240.00;2930.00;1510.00;1770.00;1830.00;1830.00;1500.00;1670.00;1574.67;850.00;1440.00;480.00;864.66;800.00;704.67;480.00;0.00;610.00;2400.00
1772828341.7002838;0.00;388.00;0.00;0.00;0.00;0.00;0.00;0.00;0.00;0.00;0.00;0.00;0.00;0.00;582.00;0.00;0.00;873.00;582.00;0.00;582.00;0.00;0.00;920.00;850.00;684.67;807.67;2877.00;240.00;2930.00;1510.00;1770.00;1830.00;1830.00;1500.00;1670.00;1574.67;850.00;1440.00;480.00;864.66;800.00;704.67;480.00;0.00;610.00;2400.00
1772828341.8682473;0.00;388.00;0.00;0.00;0.00;0.00;0.00;0.00;0.00;0.00;0.00;0.00;0.00;0.00;582.00;0.00;0.00;970.00;582.00;0.00;582.00;0.00;0.00;1070.00;1000.00;979.34;1207.67;2957.00;320.00;3080.00;1660.00;1920.00;1980.00;1980.00;1650.00;1670.00;1574.67;850.00;1440.00;790.00;1024.66;800.00;704.67;480.00;0.00;610.00;2700.00
1772828341.870462;0.00;388.00;0.00;0.00;0.00;0.00;0.00;0.00;0.00;0.00;0.00;0.00;0.00;0.00;582.00;0.00;0.00;970.00;582.00;0.00;582.00;0.00;0.00;1070.00;1000.00;979.34;1207.67;2957.00;320.00;3080.00;1660.00;1920.00;1980.00;1980.00;1650.00;1670.00;1574.67;850.00;1440.00;790.00;1024.66;800.00;704.67;480.00;0.00;610.00;2700.00
1772828341.9194965;0.00;388.00;0.00;0.00;0.00;0.00;0.00;0.00;0.00;0.00;0.00;0.00;0.00;0.00;582.00;0.00;0.00;1067.00;582.00;0.00;582.00;0.00;0.00;1220.00;1160.00;1236.34;1512.34;3037.00;400.00;3160.00;1740.00;2070.00;2130.00;2130.00;1800.00;1670.00;1574.67;1010.00;1440.00;790.00;1024.66;800.00;704.67;480.00;0.00;610.00;3000.00
1772828341.9217777;0.00;388.00;0.00;0.00;0.00;0.00;0.00;0.00;0.00;0.00;0.00;0.00;0.00;0.00;582.00;0.00;0.00;1067.00;582.00;0.00;582.00;0.00;0.00;1220.00;1160.00;1236.34;1512.34;3037.00;400.00;3160.00;1740.00;2070.00;2130.00;2130.00;1800.00;1670.00;1574.67;1010.00;1440.00;790.00;1024.66;800.00;704.67;480.00;0.00;610.00;3000.00
1772828341.9716794;0.00;388.00;0.00;0.00;0.00;0.00;0.00;0.00;0.00;0.00;0.00;0.00;0.00;0.00;582.00;0.00;0.00;1164.00;582.00;0.00;582.00;0.00;0.00;1220.00;1160.00;1333.34;1752.34;3277.00;640.00;3400.00;1980.00;2370.00;2430.00;2430.00;2100.00;1670.00;1574.67;1490.00;1440.00;790.00;1024.66;800.00;704.67;480.00;0.00;610.00;3300.00
1772828341.974068;0.00;388.00;0.00;0.00;0.00;0.00;0.00;0.00;0.00;0.00;0.00;0.00;0.00;0.00;582.00;0.00;0.00;1164.00;582.00;0.00;582.00;0.00;0.00;1220.00;1160.00;1333.34;1752.34;3277.00;640.00;3400.00;1980.00;2370.00;2430.00;2430.00;2100.00;1670.00;1574.67;1490.00;1440.00;790.00;1024.66;800.00;704.67;480.00;0.00;610.00;3300.00
1772828359.6437025;0.00;388.00;0.00;0.00;0.00;0.00;0.00;0.00;0.00;0.00;0.00;0.00;0.00;97.00;0.00;0.00;0.00;582.00;582.00;0.00;582.00;0.00;0.00;300.00;407.00;230.00;0.00;0.00;80.00;3000.00;1500.00;1970.00;0.00;0.00;2100.00;1190.00;1254.67;1490.00;1440.00;405.33;0.00;480.00;0.00;480.00;0.00;0.00;300.00
1772828359.6454709;0.00;388.00;0.00;0.00;0.00;0.00;0.00;0.00;0.00;0.00;0.00;0.00;0.00;97.00;0.00;0.00;0.00;582.00;582.00;0.00;582.00;0.00;0.00;300.00;407.00;230.00;0.00;0.00;80.00;3000.00;1500.00;1970.00;0.00;0.00;2100.00;1190.00;1254.67;1490.00;1440.00;405.33;0.00;480.00;0.00;480.00;0.00;0.00;300.00
1772828359.7227402;0.00;388.00;0.00;0.00;0.00;0.00;0.00;0.00;0.00;0.00;0.00;0.00;0.00;194.00;0.00;0.00;0.00;582.00;582.00;0.00;582.00;0.00;0.00;824.67;589.33;460.00;230.00;0.00;80.00;3000.00;1500.00;1970.00;0.00;0.00;2100.00;1190.00;1254.67;1490.00;1440.00;405.33;160.00;800.00;0.00;480.00;0.00;0.00;600.00
1772828359.7245479;0.00;388.00;0.00;0.00;0.00;0.00;0.00;0.00;0.00;0.00;0.00;0.00;0.00;194.00;0.00;0.00;0.00;582.00;582.00;0.00;582.00;0.00;0.00;824.67;589.33;460.00;230.00;0.00;80.00;3000.00;1500.00;1970.00;0.00;0.00;2100.00;1190.00;1254.67;1490.00;1440.00;405.33;160.00;800.00;0.00;480.00;0.00;0.00;600.00
1772828359.796363;0.00;388.00;0.00;0.00;0.00;0.00;0.00;0.00;0.00;0.00;0.00;0.00;0.00;291.00;0.00;0.00;0.00;582.00;582.00;0.00;582.00;0.00;0.00;1124.67;1081.66;1000.00;460.00;0.00;80.00;3000.00;1500.00;1970.00;0.00;0.00;2100.00;1190.00;1254.67;1490.00;1440.00;405.33;320.00;1024.67;0.00;480.00;0.00;0.00;900.00
1772828359.7982621;0.00;388.00;0.00;0.00;0.00;0.00;0.00;0.00;0.00;0.00;0.00;0.00;0.00;291.00;0.00;0.00;0.00;582.00;582.00;0.00;582.00;0.00;0.00;1124.67;1081.66;1000.00;460.00;0.00;80.00;3000.00;1500.00;1970.00;0.00;0.00;2100.00;1190.00;1254.67;1490.00;1440.00;405.33;320.00;1024.67;0.00;480.00;0.00;0.00;900.00
1772828359.8836257;0.00;388.00;0.00;0.00;0.00;0.00;0.00;0.00;0.00;0.00;0.00;0.00;0.00;388.00;0.00;0.00;0.00;582.00;582.00;0.00;582.00;0.00;0.00;1424.67;1488.66;1407.00;690.00;0.00;80.00;3000.00;1500.00;1970.00;0.00;0.00;2100.00;1190.00;1254.67;1490.00;1440.00;630.00;480.00;1024.67;0.00;480.00;0.00;0.00;1200.00
1772828359.8857014;0.00;388.00;0.00;0.00;0.00;0.00;0.00;0.00;0.00;0.00;0.00;0.00;0.00;388.00;0.00;0.00;0.00;582.00;582.00;0.00;582.00;0.00;0.00;1424.67;1488.66;1407.00;690.00;0.00;80.00;3000.00;1500.00;1970.00;0.00;0.00;2100.00;1190.00;1254.67;1490.00;1440.00;630.00;480.00;1024.67;0.00;480.00;0.00;0.00;1200.00
1772828360.0590997;0.00;388.00;0.00;0.00;0.00;0.00;0.00;0.00;0.00;0.00;0.00;0.00;0.00;485.00;0.00;0.00;0.00;582.00;582.00;0.00;582.00;0.00;0.00;1724.67;1980.99;1899.33;1240.00;0.00;80.00;3000.00;1500.00;1970.00;0.00;0.00;2100.00;1190.00;1254.67;1490.00;1440.00;630.00;960.00;1024.67;0.00;480.00;0.00;0.00;1500.00
1772828360.0612257;0.00;388.00;0.00;0.00;0.00;0.00;0.00;0.00;0.00;0.00;0.00;0.00;0.00;485.00;0.00;0.00;0.00;582.00;582.00;0.00;582.00;0.00;0.00;1724.67;1980.99;1899.33;1240.00;0.00;80.00;3000.00;1500.00;1970.00;0.00;0.00;2100.00;1190.00;1254.67;1490.00;1440.00;630.00;960.00;1024.67;0.00;480.00;0.00;0.00;1500.00
1772828360.1451592;0.00;388.00;0.00;0.00;0.00;0.00;0.00;0.00;0.00;0.00;0.00;0.00;0.00;582.00;0.00;0.00;0.00;582.00;582.00;0.00;582.00;0.00;0.00;2024.67;2387.99;2306.33;1790.00;0.00;80.00;3000.00;1500.00;1970.00;0.00;0.00;2100.00;1190.00;1254.67;1490.00;1440.00;630.00;1440.00;1024.67;0.00;480.00;0.00;0.00;1800.00
1772828360.151766;0.00;388.00;0.00;0.00;0.00;0.00;0.00;0.00;0.00;0.00;0.00;0.00;0.00;582.00;0.00;0.00;0.00;582.00;582.00;0.00;582.00;0.00;0.00;2024.67;2387.99;2306.33;1790.00;0.00;80.00;3000.00;1500.00;1970.00;0.00;0.00;2100.00;1190.00;1254.67;1490.00;1440.00;630.00;1440.00;1024.67;0.00;480.00;0.00;0.00;1800.00
1772828381.6326795;0.00;388.00;0.00;0.00;0.00;0.00;0.00;0.00;0.00;0.00;0.00;0.00;0.00;582.00;0.00;0.00;0.00;582.00;0.00;0.00;582.00;0.00;97.00;2024.67;2387.99;2306.33;1790.00;0.00;80.00;2770.00;0.00;0.00;0.00;224.67;240.00;1190.00;0.00;1490.00;0.00;630.00;1440.00;1024.67;0.00;480.00;320.00;160.00;460.00
1772828381.6345918;0.00;388.00;0.00;0.00;0.00;0.00;0.00;0.00;0.00;0.00;0.00;0.00;0.00;582.00;0.00;0.00;0.00;582.00;0.00;0.00;582.00;0.00;97.00;2024.67;2387.99;2306.33;1790.00;0.00;80.00;2770.00;0.00;0.00;0.00;224.67;240.00;1190.00;0.00;1490.00;0.00;630.00;1440.00;1024.67;0.00;480.00;320.00;160.00;460.00
1772828381.685996;0.00;388.00;0.00;0.00;0.00;0.00;0.00;0.00;0.00;0.00;0.00;0.00;0.00;582.00;0.00;0.00;0.00;582.00;0.00;0.00;582.00;0.00;194.00;2024.67;2387.99;2306.33;1790.00;0.00;80.00;2770.00;0.00;0.00;230.00;679.34;400.00;1190.00;160.00;1490.00;0.00;630.00;1440.00;1024.67;0.00;480.00;320.00;310.00;610.00
1772828381.6879168;0.00;388.00;0.00;0.00;0.00;0.00;0.00;0.00;0.00;0.00;0.00;0.00;0.00;582.00;0.00;0.00;0.00;582.00;0.00;0.00;582.00;0.00;194.00;2024.67;2387.99;2306.33;1790.00;0.00;80.00;2770.00;0.00;0.00;230.00;679.34;400.00;1190.00;160.00;1490.00;0.00;630.00;1440.00;1024.67;0.00;480.00;320.00;310.00;610.00
1772828381.7406852;0.00;388.00;0.00;0.00;0.00;0.00;0.00;0.00;0.00;0.00;0.00;0.00;0.00;582.00;0.00;0.00;0.00;582.00;0.00;0.00;582.00;0.00;291.00;2024.67;2387.99;2306.33;1790.00;0.00;80.00;2770.00;0.00;0.00;770.00;1124.01;400.00;1190.00;640.00;1490.00;0.00;630.00;1440.00;1024.67;0.00;480.00;320.00;610.00;610.00
1772828381.7425873;0.00;388.00;0.00;0.00;0.00;0.00;0.00;0.00;0.00;0.00;0.00;0.00;0.00;582.00;0.00;0.00;0.00;582.00;0.00;0.00;582.00;0.00;291.00;2024.67;2387.99;2306.33;1790.00;0.00;80.00;2770.00;0.00;0.00;770.00;1124.01;400.00;1190.00;640.00;1490.00;0.00;630.00;1440.00;1024.67;0.00;480.00;320.00;610.00;610.00
1772828381.8618357;0.00;388.00;0.00;0.00;0.00;0.00;0.00;0.00;0.00;0.00;0.00;0.00;0.00;582.00;0.00;0.00;0.00;582.00;0.00;0.00;582.00;0.00;388.00;2024.67;2387.99;2306.33;1790.00;0.00;80.00;2770.00;0.00;0.00;1310.00;1521.01;400.00;1190.00;1190.00;1490.00;0.00;630.00;1440.00;1024.67;0.00;480.00;480.00;910.00;610.00
1772828381.8628826;0.00;388.00;0.00;0.00;0.00;0.00;0.00;0.00;0.00;0.00;0.00;0.00;0.00;582.00;0.00;0.00;0.00;582.00;0.00;0.00;582.00;0.00;388.00;2024.67;2387.99;2306.33;1790.00;0.00;80.00;2770.00;0.00;0.00;1310.00;1521.01;400.00;1190.00;1190.00;1490.00;0.00;630.00;1440.00;1024.67;0.00;480.00;480.00;910.00;610.00
1772828381.8939714;0.00;388.00;0.00;0.00;0.00;0.00;0.00;0.00;0.00;0.00;0.00;0.00;0.00;582.00;0.00;0.00;0.00;582.00;0.00;0.00;582.00;0.00;485.00;2024.67;2387.99;2306.33;1790.00;0.00;80.00;2770.00;0.00;0.00;1850.00;1918.01;400.00;1190.00;1670.00;1490.00;0.00;630.00;1440.00;1024.67;0.00;480.00;480.00;1210.00;610.00
1772828381.8950126;0.00;388.00;0.00;0.00;0.00;0.00;0.00;0.00;0.00;0.00;0.00;0.00;0.00;582.00;0.00;0.00;0.00;582.00;0.00;0.00;582.00;0.00;485.00;2024.67;2387.99;2306.33;1790.00;0.00;80.00;2770.00;0.00;0.00;1850.00;1918.01;400.00;1190.00;1670.00;1490.00;0.00;630.00;1440.00;1024.67;0.00;480.00;480.00;1210.00;610.00
1772828381.9263203;0.00;388.00;0.00;0.00;0.00;0.00;0.00;0.00;0.00;0.00;0.00;0.00;0.00;582.00;0.00;0.00;0.00;582.00;0.00;0.00;582.00;0.00;582.00;2024.67;2387.99;2306.33;1790.00;0.00;80.00;2770.00;0.00;0.00;2304.67;2315.01;550.00;1190.00;2054.67;1490.00;0.00;630.00;1440.00;1024.67;0.00;480.00;480.00;1360.00;760.00
1772828381.9274747;0.00;388.00;0.00;0.00;0.00;0.00;0.00;0.00;0.00;0.00;0.00;0.00;0.00;582.00;0.00;0.00;0.00;582.00;0.00;0.00;582.00;0.00;582.00;2024.67;2387.99;2306.33;1790.00;0.00;80.00;2770.00;0.00;0.00;2304.67;2315.01;550.00;1190.00;2054.67;1490.00;0.00;630.00;1440.00;1024.67;0.00;480.00;480.00;1360.00;760.00
1772828397.6577458;0.00;388.00;0.00;0.00;0.00;0.00;0.00;0.00;97.00;0.00;0.00;0.00;0.00;582.00;0.00;0.00;0.00;582.00;0.00;0.00;582.00;0.00;582.00;2024.67;2387.99;2306.33;1790.00;0.00;80.00;2770.00;240.00;300.00;2604.67;2615.01;850.00;1190.00;2054.67;1960.00;320.00;630.00;1440.00;1024.67;0.00;480.00;480.00;1360.00;1060.00
1772828397.6599593;0.00;388.00;0.00;0.00;0.00;0.00;0.00;0.00;97.00;0.00;0.00;0.00;0.00;582.00;0.00;0.00;0.00;582.00;0.00;0.00;582.00;0.00;582.00;2024.67;2387.99;2306.33;1790.00;0.00;80.00;2770.00;240.00;300.00;2604.67;2615.01;850.00;1190.00;2054.67;1960.00;320.00;630.00;1440.00;1024.67;0.00;480.00;480.00;1360.00;1060.00
1772828397.7156324;0.00;388.00;0.00;0.00;0.00;0.00;0.00;0.00;194.00;0.00;0.00;0.00;0.00;582.00;0.00;0.00;0.00;582.00;0.00;0.00;582.00;0.00;582.00;2024.67;2387.99;2306.33;1790.00;0.00;80.00;2770.00;480.00;540.00;2904.67;2915.01;850.00;1190.00;2054.67;2120.00;320.00;630.00;1440.00;1024.67;0.00;480.00;480.00;1660.00;1060.00
1772828397.7179136;0.00;388.00;0.00;0.00;0.00;0.00;0.00;0.00;194.00;0.00;0.00;0.00;0.00;582.00;0.00;0.00;0.00;582.00;0.00;0.00;582.00;0.00;582.00;2024.67;2387.99;2306.33;1790.00;0.00;80.00;2770.00;480.00;540.00;2904.67;2915.01;850.00;1190.00;2054.67;2120.00;320.00;630.00;1440.00;1024.67;0.00;480.00;480.00;1660.00;1060.00
1772828397.7715526;0.00;388.00;0.00;0.00;0.00;0.00;0.00;0.00;291.00;0.00;0.00;0.00;0.00;582.00;0.00;0.00;0.00;582.00;0.00;0.00;582.00;0.00;582.00;2024.67;2387.99;2306.33;1790.00;0.00;80.00;2882.33;790.00;850.00;3204.67;3215.01;1000.00;1190.00;2054.67;2120.00;480.00;630.00;1440.00;1024.67;0.00;480.00;480.00;1810.00;1210.00
1772828397.7738204;0.00;388.00;0.00;0.00;0.00;0.00;0.00;0.00;291.00;0.00;0.00;0.00;0.00;582.00;0.00;0.00;0.00;582.00;0.00;0.00;582.00;0.00;582.00;2024.67;2387.99;2306.33;1790.00;0.00;80.00;2882.33;790.00;850.00;3204.67;3215.01;1000.00;1190.00;2054.67;2120.00;480.00;630.00;1440.00;1024.67;0.00;480.00;480.00;1810.00;1210.00
1772828397.9541547;0.00;388.00;0.00;0.00;0.00;0.00;0.00;0.00;388.00;0.00;0.00;0.00;0.00;582.00;0.00;0.00;0.00;582.00;0.00;0.00;582.00;0.00;582.00;2024.67;2387.99;2306.33;1790.00;0.00;80.00;3337.00;1090.00;1150.00;3504.67;3515.01;1300.00;1670.00;2054.67;2120.00;480.00;630.00;1440.00;1024.67;0.00;480.00;480.00;1810.00;1510.00
1772828397.9565125;0.00;388.00;0.00;0.00;0.00;0.00;0.00;0.00;388.00;0.00;0.00;0.00;0.00;582.00;0.00;0.00;0.00;582.00;0.00;0.00;582.00;0.00;582.00;2024.67;2387.99;2306.33;1790.00;0.00;80.00;3337.00;1090.00;1150.00;3504.67;3515.01;1300.00;1670.00;2054.67;2120.00;480.00;630.00;1440.00;1024.67;0.00;480.00;480.00;1810.00;1510.00
1772828398.0085084;0.00;388.00;0.00;0.00;0.00;0.00;0.00;0.00;485.00;0.00;0.00;0.00;0.00;582.00;0.00;0.00;0.00;582.00;0.00;0.00;582.00;0.00;582.00;2174.67;2537.99;2456.33;1940.00;150.00;160.00;3594.00;1250.00;1300.00;3654.67;3665.01;1450.00;1670.00;2054.67;2120.00;480.00;630.00;1440.00;1024.67;160.00;480.00;480.00;1810.00;1810.00
1772828398.0108814;0.00;388.00;0.00;0.00;0.00;0.00;0.00;0.00;485.00;0.00;0.00;0.00;0.00;582.00;0.00;0.00;0.00;582.00;0.00;0.00;582.00;0.00;582.00;2174.67;2537.99;2456.33;1940.00;150.00;160.00;3594.00;1250.00;1300.00;3654.67;3665.01;1450.00;1670.00;2054.67;2120.00;480.00;630.00;1440.00;1024.67;160.00;480.00;480.00;1810.00;1810.00
1772828398.0626187;0.00;388.00;0.00;0.00;0.00;0.00;0.00;0.00;582.00;0.00;0.00;0.00;0.00;582.00;0.00;0.00;0.00;582.00;0.00;0.00;582.00;0.00;582.00;2324.67;2687.99;2606.33;2090.00;230.00;240.00;3851.00;1410.00;1450.00;3804.67;3815.01;1600.00;1670.00;2054.67;2120.00;480.00;630.00;1440.00;1024.67;320.00;480.00;480.00;1810.00;2110.00
1772828398.0650232;0.00;388.00;0.00;0.00;0.00;0.00;0.00;0.00;582.00;0.00;0.00;0.00;0.00;582.00;0.00;0.00;0.00;582.00;0.00;0.00;582.00;0.00;582.00;2324.67;2687.99;2606.33;2090.00;230.00;240.00;3851.00;1410.00;1450.00;3804.67;3815.01;1600.00;1670.00;2054.67;2120.00;480.00;630.00;1440.00;1024.67;320.00;480.00;480.00;1810.00;2110.00
1772828421.6994634;0.00;0.00;0.00;0.00;0.00;0.00;0.00;0.00;582.00;0.00;97.00;0.00;0.00;582.00;0.00;0.00;0.00;582.00;0.00;0.00;582.00;0.00;582.00;2474.67;2837.99;2756.33;2384.67;620.00;320.00;1091.00;150.00;150.00;150.00;150.00;150.00;0.00;1744.67;2120.00;230.00;630.00;1440.00;1024.67;800.00;480.00;480.00;0.00;300.00
1772828421.7017772;0.00;0.00;0.00;0.00;0.00;0.00;0.00;0.00;582.00;0.00;97.00;0.00;0.00;582.00;0.00;0.00;0.00;582.00;0.00;0.00;582.00;0.00;582.00;2474.67;2837.99;2756.33;2384.67;620.00;320.00;1091.00;150.00;150.00;150.00;150.00;150.00;0.00;1744.67;2120.00;230.00;630.00;1440.00;1024.67;800.00;480.00;480.00;0.00;300.00
1772828421.7419784;0.00;0.00;0.00;0.00;0.00;0.00;0.00;0.00;582.00;0.00;194.00;0.00;0.00;582.00;0.00;0.00;0.00;582.00;0.00;0.00;582.00;0.00;582.00;2624.67;2987.99;2906.33;2679.34;1020.00;400.00;1241.00;300.00;300.00;300.00;300.00;300.00;230.00;1744.67;2120.00;230.00;630.00;1664.67;1024.67;960.00;480.00;480.00;0.00;600.00
1772828421.7431664;0.00;0.00;0.00;0.00;0.00;0.00;0.00;0.00;582.00;0.00;194.00;0.00;0.00;582.00;0.00;0.00;0.00;582.00;0.00;0.00;582.00;0.00;582.00;2624.67;2987.99;2906.33;2679.34;1020.00;400.00;1241.00;300.00;300.00;300.00;300.00;300.00;230.00;1744.67;2120.00;230.00;630.00;1664.67;1024.67;960.00;480.00;480.00;0.00;600.00
1772828421.77462;0.00;0.00;0.00;0.00;0.00;0.00;0.00;0.00;582.00;0.00;291.00;0.00;0.00;582.00;0.00;0.00;0.00;582.00;0.00;0.00;582.00;0.00;582.00;2774.67;3137.99;3056.33;2926.34;1324.67;480.00;1321.00;450.00;450.00;450.00;450.00;450.00;230.00;1744.67;2120.00;230.00;630.00;1664.67;1024.67;1344.67;480.00;480.00;0.00;900.00
1772828421.7758317;0.00;0.00;0.00;0.00;0.00;0.00;0.00;0.00;582.00;0.00;291.00;0.00;0.00;582.00;0.00;0.00;0.00;582.00;0.00;0.00;582.00;0.00;582.00;2774.67;3137.99;3056.33;2926.34;1324.67;480.00;1321.00;450.00;450.00;450.00;450.00;450.00;230.00;1744.67;2120.00;230.00;630.00;1664.67;1024.67;1344.67;480.00;480.00;0.00;900.00
1772828421.8770385;0.00;0.00;0.00;0.00;0.00;0.00;0.00;0.00;582.00;0.00;388.00;0.00;0.00;582.00;0.00;0.00;0.00;582.00;0.00;0.00;582.00;0.00;582.00;2924.67;3287.99;3206.33;3173.34;1629.34;560.00;1471.00;600.00;600.00;600.00;600.00;600.00;230.00;1744.67;2120.00;230.00;630.00;1664.67;1024.67;1729.34;480.00;480.00;0.00;1200.00
1772828421.8783324;0.00;0.00;0.00;0.00;0.00;0.00;0.00;0.00;582.00;0.00;388.00;0.00;0.00;582.00;0.00;0.00;0.00;582.00;0.00;0.00;582.00;0.00;582.00;2924.67;3287.99;3206.33;3173.34;1629.34;560.00;1471.00;600.00;600.00;600.00;600.00;600.00;230.00;1744.67;2120.00;230.00;630.00;1664.67;1024.67;1729.34;480.00;480.00;0.00;1200.00
1772828421.9093895;0.00;0.00;0.00;0.00;0.00;0.00;0.00;0.00;582.00;0.00;388.00;0.00;0.00;582.00;0.00;0.00;0.00;582.00;0.00;0.00;582.00;0.00;582.00;2924.67;3287.99;3206.33;3173.34;1629.34;560.00;1471.00;600.00;600.00;600.00;600.00;600.00;230.00;1744.67;2120.00;230.00;630.00;1664.67;1024.67;1729.34;480.00;480.00;0.00;1200.00
1772828421.9107993;0.00;0.00;0.00;0.00;0.00;0.00;0.00;0.00;582.00;0.00;388.00;0.00;0.00;582.00;0.00;0.00;0.00;582.00;0.00;0.00;582.00;0.00;582.00;2924.67;3287.99;3206.33;3173.34;1629.34;560.00;1471.00;600.00;600.00;600.00;600.00;600.00;230.00;1744.67;2120.00;230.00;630.00;1664.67;1024.67;1729.34;480.00;480.00;0.00;1200.00
1772828421.942476;0.00;0.00;0.00;0.00;0.00;0.00;0.00;0.00;582.00;0.00;388.00;0.00;0.00;582.00;0.00;0.00;0.00;582.00;0.00;0.00;582.00;0.00;582.00;2924.67;3287.99;3206.33;3173.34;1629.34;560.00;1471.00;600.00;600.00;600.00;600.00;600.00;230.00;1744.67;2120.00;230.00;630.00;1664.67;1024.67;1729.34;480.00;480.00;0.00;1200.00
1772828421.9437182;0.00;0.00;0.00;0.00;0.00;0.00;0.00;0.00;582.00;0.00;388.00;0.00;0.00;582.00;0.00;0.00;0.00;582.00;0.00;0.00;582.00;0.00;582.00;2924.67;3287.99;3206.33;3173.34;1629.34;560.00;1471.00;600.00;600.00;600.00;600.00;600.00;230.00;1744.67;2120.00;230.00;630.00;1664.67;1024.67;1729.34;480.00;480.00;0.00;1200.00
1772828437.7405045;0.00;0.00;0.00;0.00;0.00;0.00;0.00;0.00;582.00;0.00;388.00;0.00;0.00;679.00;0.00;0.00;0.00;582.00;0.00;0.00;0.00;0.00;582.00;3117.00;3287.99;3206.33;3173.34;1629.34;560.00;0.00;0.00;0.00;230.00;230.00;390.00;0.00;1584.67;370.00;0.00;630.00;1664.67;1024.67;1729.34;480.00;480.00;470.00;150.00
1772828437.741717;0.00;0.00;0.00;0.00;0.00;0.00;0.00;0.00;582.00;0.00;388.00;0.00;0.00;679.00;0.00;0.00;0.00;582.00;0.00;0.00;0.00;0.00;582.00;3117.00;3287.99;3206.33;3173.34;1629.34;560.00;0.00;0.00;0.00;230.00;230.00;390.00;0.00;1584.67;370.00;0.00;630.00;1664.67;1024.67;1729.34;480.00;480.00;470.00;150.00
1772828437.780053;0.00;0.00;0.00;0.00;0.00;0.00;0.00;0.00;582.00;0.00;388.00;0.00;0.00;776.00;0.00;0.00;0.00;582.00;0.00;0.00;0.00;0.00;582.00;3261.67;3287.99;3206.33;3173.34;1629.34;560.00;0.00;0.00;230.00;770.00;770.00;780.00;0.00;1904.67;530.00;0.00;630.00;1664.67;1024.67;1729.34;480.00;480.00;620.00;524.67
1772828437.7815347;0.00;0.00;0.00;0.00;0.00;0.00;0.00;0.00;582.00;0.00;388.00;0.00;0.00;776.00;0.00;0.00;0.00;582.00;0.00;0.00;0.00;0.00;582.00;3261.67;3287.99;3206.33;3173.34;1629.34;560.00;0.00;0.00;230.00;770.00;770.00;780.00;0.00;1904.67;530.00;0.00;630.00;1664.67;1024.67;1729.34;480.00;480.00;620.00;524.67
1772828437.9024446;0.00;0.00;0.00;0.00;0.00;0.00;0.00;0.00;582.00;0.00;388.00;0.00;0.00;873.00;0.00;0.00;0.00;582.00;0.00;0.00;0.00;0.00;582.00;3358.67;3287.99;3206.33;3173.34;1629.34;560.00;0.00;0.00;770.00;1310.00;1310.00;1177.00;0.00;2064.67;1080.00;0.00;630.00;1664.67;1024.67;1729.34;480.00;480.00;620.00;824.67
1772828437.9036055;0.00;0.00;0.00;0.00;0.00;0.00;0.00;0.00;582.00;0.00;388.00;0.00;0.00;873.00;0.00;0.00;0.00;582.00;0.00;0.00;0.00;0.00;582.00;3358.67;3287.99;3206.33;3173.34;1629.34;560.00;0.00;0.00;770.00;1310.00;1310.00;1177.00;0.00;2064.67;1080.00;0.00;630.00;1664.67;1024.67;1729.34;480.00;480.00;620.00;824.67
1772828437.9415908;0.00;0.00;0.00;0.00;0.00;0.00;0.00;0.00;582.00;0.00;388.00;0.00;0.00;970.00;0.00;0.00;0.00;582.00;0.00;0.00;0.00;0.00;582.00;3423.34;3320.32;3238.66;3205.67;1709.34;640.00;80.00;150.00;1230.00;1674.67;1674.67;1541.67;0.00;2064.67;1400.00;160.00;630.00;1664.67;1024.67;1729.34;480.00;480.00;620.00;1124.67
1772828437.9428556;0.00;0.00;0.00;0.00;0.00;0.00;0.00;0.00;582.00;0.00;388.00;0.00;0.00;970.00;0.00;0.00;0.00;582.00;0.00;0.00;0.00;0.00;582.00;3423.34;3320.32;3238.66;3205.67;1709.34;640.00;80.00;150.00;1230.00;1674.67;1674.67;1541.67;0.00;2064.67;1400.00;160.00;630.00;1664.67;1024.67;1729.34;480.00;480.00;620.00;1124.67
1772828437.9788427;0.00;0.00;0.00;0.00;0.00;0.00;0.00;0.00;582.00;0.00;388.00;0.00;0.00;970.00;0.00;0.00;0.00;582.00;0.00;0.00;0.00;0.00;582.00;3423.34;3320.32;3238.66;3205.67;1709.34;640.00;80.00;150.00;1230.00;1674.67;1674.67;1541.67;0.00;2064.67;1400.00;160.00;630.00;1664.67;1024.67;1729.34;480.00;480.00;620.00;1124.67
1772828437.9802737;0.00;0.00;0.00;0.00;0.00;0.00;0.00;0.00;582.00;0.00;388.00;0.00;0.00;970.00;0.00;0.00;0.00;582.00;0.00;0.00;0.00;0.00;582.00;3423.34;3320.32;3238.66;3205.67;1709.34;640.00;80.00;150.00;1230.00;1674.67;1674.67;1541.67;0.00;2064.67;1400.00;160.00;630.00;1664.67;1024.67;1729.34;480.00;480.00;620.00;1124.67
1772828438.0166523;0.00;0.00;0.00;0.00;0.00;0.00;0.00;0.00;582.00;0.00;388.00;0.00;0.00;970.00;0.00;0.00;0.00;582.00;0.00;0.00;0.00;0.00;582.00;3423.34;3320.32;3238.66;3205.67;1709.34;640.00;80.00;150.00;1230.00;1674.67;1674.67;1541.67;0.00;2064.67;1400.00;160.00;630.00;1664.67;1024.67;1729.34;480.00;480.00;620.00;1124.67
1772828438.018296;0.00;0.00;0.00;0.00;0.00;0.00;0.00;0.00;582.00;0.00;388.00;0.00;0.00;970.00;0.00;0.00;0.00;582.00;0.00;0.00;0.00;0.00;582.00;3423.34;3320.32;3238.66;3205.67;1709.34;640.00;80.00;150.00;1230.00;1674.67;1674.67;1541.67;0.00;2064.67;1400.00;160.00;630.00;1664.67;1024.67;1729.34;480.00;480.00;620.00;1124.67
1772828452.7898524;0.00;0.00;0.00;0.00;0.00;0.00;0.00;0.00;582.00;0.00;388.00;0.00;0.00;970.00;0.00;0.00;0.00;582.00;0.00;0.00;0.00;0.00;582.00;3423.34;3320.32;3238.66;3205.67;1709.34;640.00;80.00;150.00;1230.00;1674.67;1674.67;1541.67;0.00;2064.67;1400.00;160.00;630.00;1664.67;1024.67;1729.34;480.00;480.00;620.00;1124.67
1772828452.7921367;0.00;0.00;0.00;0.00;0.00;0.00;0.00;0.00;582.00;0.00;388.00;0.00;0.00;970.00;0.00;0.00;0.00;582.00;0.00;0.00;0.00;0.00;582.00;3423.34;3320.32;3238.66;3205.67;1709.34;640.00;80.00;150.00;1230.00;1674.67;1674.67;1541.67;0.00;2064.67;1400.00;160.00;630.00;1664.67;1024.67;1729.34;480.00;480.00;620.00;1124.67
1772828452.8454304;0.00;0.00;0.00;0.00;0.00;0.00;0.00;0.00;582.00;0.00;388.00;0.00;0.00;970.00;0.00;0.00;0.00;582.00;0.00;0.00;0.00;0.00;582.00;3423.34;3320.32;3238.66;3205.67;1709.34;640.00;80.00;150.00;1230.00;1674.67;1674.67;1541.67;0.00;2064.67;1400.00;160.00;630.00;1664.67;1024.67;1729.34;480.00;480.00;620.00;1124.67
1772828452.8478122;0.00;0.00;0.00;0.00;0.00;0.00;0.00;0.00;582.00;0.00;388.00;0.00;0.00;970.00;0.00;0.00;0.00;582.00;0.00;0.00;0.00;0.00;582.00;3423.34;3320.32;3238.66;3205.67;1709.34;640.00;80.00;150.00;1230.00;1674.67;1674.67;1541.67;0.00;2064.67;1400.00;160.00;630.00;1664.67;1024.67;1729.34;480.00;480.00;620.00;1124.67
1772828452.9775515;0.00;0.00;0.00;0.00;0.00;0.00;0.00;0.00;582.00;0.00;388.00;0.00;0.00;970.00;0.00;0.00;0.00;582.00;0.00;0.00;0.00;0.00;582.00;3423.34;3320.32;3238.66;3205.67;1709.34;640.00;80.00;150.00;1230.00;1674.67;1674.67;1541.67;0.00;2064.67;1400.00;160.00;630.00;1664.67;1024.67;1729.34;480.00;480.00;620.00;1124.67
1772828452.9788296;0.00;0.00;0.00;0.00;0.00;0.00;0.00;0.00;582.00;0.00;388.00;0.00;0.00;970.00;0.00;0.00;0.00;582.00;0.00;0.00;0.00;0.00;582.00;3423.34;3320.32;3238.66;3205.67;1709.34;640.00;80.00;150.00;1230.00;1674.67;1674.67;1541.67;0.00;2064.67;1400.00;160.00;630.00;1664.67;1024.67;1729.34;480.00;480.00;620.00;1124.67
1772828453.010624;0.00;0.00;0.00;0.00;0.00;0.00;0.00;0.00;582.00;0.00;388.00;0.00;0.00;970.00;0.00;0.00;0.00;582.00;0.00;0.00;0.00;0.00;582.00;3423.34;3320.32;3238.66;3205.67;1709.34;640.00;80.00;150.00;1230.00;1674.67;1674.67;1541.67;0.00;2064.67;1400.00;160.00;630.00;1664.67;1024.67;1729.34;480.00;480.00;620.00;1124.67
1772828453.0117924;0.00;0.00;0.00;0.00;0.00;0.00;0.00;0.00;582.00;0.00;388.00;0.00;0.00;970.00;0.00;0.00;0.00;582.00;0.00;0.00;0.00;0.00;582.00;3423.34;3320.32;3238.66;3205.67;1709.34;640.00;80.00;150.00;1230.00;1674.67;1674.67;1541.67;0.00;2064.67;1400.00;160.00;630.00;1664.67;1024.67;1729.34;480.00;480.00;620.00;1124.67
1772828453.0476582;0.00;0.00;0.00;0.00;0.00;0.00;0.00;0.00;582.00;0.00;388.00;0.00;0.00;970.00;0.00;0.00;0.00;582.00;0.00;0.00;0.00;0.00;582.00;3423.34;3320.32;3238.66;3205.67;1709.34;640.00;80.00;150.00;1230.00;1674.67;1674.67;1541.67;0.00;2064.67;1400.00;160.00;630.00;1664.67;1024.67;1729.34;480.00;480.00;620.00;1124.67
1772828453.0499463;0.00;0.00;0.00;0.00;0.00;0.00;0.00;0.00;582.00;0.00;388.00;0.00;0.00;970.00;0.00;0.00;0.00;582.00;0.00;0.00;0.00;0.00;582.00;3423.34;3320.32;3238.66;3205.67;1709.34;640.00;80.00;150.00;1230.00;1674.67;1674.67;1541.67;0.00;2064.67;1400.00;160.00;630.00;1664.67;1024.67;1729.34;480.00;480.00;620.00;1124.67
1772828453.102308;0.00;0.00;0.00;0.00;0.00;0.00;0.00;0.00;582.00;0.00;388.00;0.00;0.00;970.00;0.00;0.00;0.00;582.00;0.00;0.00;0.00;0.00;582.00;3423.34;3320.32;3238.66;3205.67;1709.34;640.00;80.00;150.00;1230.00;1674.67;1674.67;1541.67;0.00;2064.67;1400.00;160.00;630.00;1664.67;1024.67;1729.34;480.00;480.00;620.00;1124.67
1772828453.1046078;0.00;0.00;0.00;0.00;0.00;0.00;0.00;0.00;582.00;0.00;388.00;0.00;0.00;970.00;0.00;0.00;0.00;582.00;0.00;0.00;0.00;0.00;582.00;3423.34;3320.32;3238.66;3205.67;1709.34;640.00;80.00;150.00;1230.00;1674.67;1674.67;1541.67;0.00;2064.67;1400.00;160.00;630.00;1664.67;1024.67;1729.34;480.00;480.00;620.00;1124.67
1772828484.8411403;0.00;0.00;0.00;0.00;0.00;0.00;0.00;0.00;582.00;0.00;388.00;0.00;0.00;485.00;0.00;0.00;0.00;0.00;0.00;0.00;0.00;0.00;582.00;310.00;112.33;0.00;0.00;0.00;0.00;0.00;0.00;0.00;0.00;0.00;0.00;0.00;2064.67;440.00;160.00;0.00;0.00;320.00;929.34;160.00;480.00;620.00;300.00
1772828484.8429382;0.00;0.00;0.00;0.00;0.00;0.00;0.00;0.00;582.00;0.00;388.00;0.00;0.00;485.00;0.00;0.00;0.00;0.00;0.00;0.00;0.00;0.00;582.00;310.00;112.33;0.00;0.00;0.00;0.00;0.00;0.00;0.00;0.00;0.00;0.00;0.00;2064.67;440.00;160.00;0.00;0.00;320.00;929.34;160.00;480.00;620.00;300.00
1772828484.9673734;0.00;0.00;0.00;0.00;0.00;0.00;0.00;0.00;582.00;0.00;388.00;0.00;0.00;582.00;0.00;0.00;0.00;0.00;0.00;0.00;0.00;0.00;582.00;620.00;294.66;230.00;0.00;0.00;0.00;0.00;0.00;0.00;0.00;0.00;0.00;0.00;2064.67;440.00;160.00;0.00;0.00;640.00;929.34;320.00;480.00;620.00;600.00
1772828484.968425;0.00;0.00;0.00;0.00;0.00;0.00;0.00;0.00;582.00;0.00;388.00;0.00;0.00;582.00;0.00;0.00;0.00;0.00;0.00;0.00;0.00;0.00;582.00;620.00;294.66;230.00;0.00;0.00;0.00;0.00;0.00;0.00;0.00;0.00;0.00;0.00;2064.67;440.00;160.00;0.00;0.00;640.00;929.34;320.00;480.00;620.00;600.00
1772828485.005096;0.00;0.00;0.00;0.00;0.00;0.00;0.00;0.00;582.00;0.00;388.00;0.00;0.00;679.00;0.00;0.00;0.00;0.00;0.00;0.00;0.00;0.00;582.00;920.00;786.99;460.00;0.00;0.00;0.00;0.00;0.00;0.00;0.00;0.00;0.00;0.00;2064.67;440.00;160.00;0.00;0.00;640.00;929.34;800.00;480.00;620.00;900.00
1772828485.006336;0.00;0.00;0.00;0.00;0.00;0.00;0.00;0.00;582.00;0.00;388.00;0.00;0.00;679.00;0.00;0.00;0.00;0.00;0.00;0.00;0.00;0.00;582.00;920.00;786.99;460.00;0.00;0.00;0.00;0.00;0.00;0.00;0.00;0.00;0.00;0.00;2064.67;440.00;160.00;0.00;0.00;640.00;929.34;800.00;480.00;620.00;900.00
1772828485.0438666;0.00;0.00;0.00;0.00;0.00;0.00;0.00;0.00;582.00;0.00;388.00;0.00;0.00;776.00;0.00;0.00;0.00;0.00;0.00;0.00;0.00;0.00;582.00;1220.00;1193.99;690.00;0.00;0.00;0.00;0.00;0.00;0.00;0.00;0.00;0.00;0.00;2064.67;440.00;160.00;160.00;0.00;960.00;929.34;800.00;480.00;620.00;1200.00
1772828485.0449765;0.00;0.00;0.00;0.00;0.00;0.00;0.00;0.00;582.00;0.00;388.00;0.00;0.00;776.00;0.00;0.00;0.00;0.00;0.00;0.00;0.00;0.00;582.00;1220.00;1193.99;690.00;0.00;0.00;0.00;0.00;0.00;0.00;0.00;0.00;0.00;0.00;2064.67;440.00;160.00;160.00;0.00;960.00;929.34;800.00;480.00;620.00;1200.00
1772828485.085377;0.00;0.00;0.00;0.00;0.00;0.00;0.00;0.00;582.00;0.00;388.00;0.00;0.00;873.00;0.00;0.00;0.00;0.00;0.00;0.00;0.00;0.00;582.00;1520.00;1686.32;920.00;0.00;0.00;0.00;0.00;0.00;0.00;0.00;0.00;0.00;0.00;2064.67;440.00;160.00;320.00;0.00;1184.67;929.34;800.00;480.00;620.00;1500.00
1772828485.0864372;0.00;0.00;0.00;0.00;0.00;0.00;0.00;0.00;582.00;0.00;388.00;0.00;0.00;873.00;0.00;0.00;0.00;0.00;0.00;0.00;0.00;0.00;582.00;1520.00;1686.32;920.00;0.00;0.00;0.00;0.00;0.00;0.00;0.00;0.00;0.00;0.00;2064.67;440.00;160.00;320.00;0.00;1184.67;929.34;800.00;480.00;620.00;1500.00
1772828485.120776;0.00;0.00;0.00;0.00;0.00;0.00;0.00;0.00;582.00;0.00;388.00;0.00;0.00;970.00;0.00;0.00;0.00;0.00;0.00;0.00;0.00;0.00;582.00;1820.00;2178.65;1460.00;0.00;0.00;0.00;0.00;0.00;0.00;0.00;0.00;0.00;0.00;2064.67;440.00;160.00;800.00;0.00;1184.67;929.34;800.00;480.00;620.00;1800.00
1772828485.1218524;0.00;0.00;0.00;0.00;0.00;0.00;0.00;0.00;582.00;0.00;388.00;0.00;0.00;970.00;0.00;0.00;0.00;0.00;0.00;0.00;0.00;0.00;582.00;1820.00;2178.65;1460.00;0.00;0.00;0.00;0.00;0.00;0.00;0.00;0.00;0.00;0.00;2064.67;440.00;160.00;800.00;0.00;1184.67;929.34;800.00;480.00;620.00;1800.00
1772828500.8803618;0.00;0.00;0.00;0.00;0.00;0.00;0.00;0.00;582.00;0.00;388.00;0.00;0.00;970.00;97.00;0.00;0.00;0.00;0.00;0.00;0.00;0.00;0.00;1890.00;2478.65;1760.00;240.00;240.00;0.00;0.00;0.00;0.00;0.00;0.00;0.00;0.00;0.00;440.00;160.00;1110.00;320.00;1184.67;1089.34;800.00;0.00;0.00;300.00
1772828500.8819478;0.00;0.00;0.00;0.00;0.00;0.00;0.00;0.00;582.00;0.00;388.00;0.00;0.00;970.00;97.00;0.00;0.00;0.00;0.00;0.00;0.00;0.00;0.00;1890.00;2478.65;1760.00;240.00;240.00;0.00;0.00;0.00;0.00;0.00;0.00;0.00;0.00;0.00;440.00;160.00;1110.00;320.00;1184.67;1089.34;800.00;0.00;0.00;300.00
1772828500.9948218;0.00;0.00;0.00;0.00;0.00;0.00;0.00;0.00;582.00;0.00;388.00;0.00;0.00;970.00;194.00;0.00;0.00;0.00;0.00;0.00;0.00;0.00;0.00;2190.00;2708.65;1990.00;480.00;480.00;0.00;0.00;0.00;0.00;0.00;0.00;0.00;0.00;0.00;440.00;160.00;1110.00;800.00;1184.67;1089.34;800.00;0.00;0.00;600.00
1772828500.995768;0.00;0.00;0.00;0.00;0.00;0.00;0.00;0.00;582.00;0.00;388.00;0.00;0.00;970.00;194.00;0.00;0.00;0.00;0.00;0.00;0.00;0.00;0.00;2190.00;2708.65;1990.00;480.00;480.00;0.00;0.00;0.00;0.00;0.00;0.00;0.00;0.00;0.00;440.00;160.00;1110.00;800.00;1184.67;1089.34;800.00;0.00;0.00;600.00
1772828501.030059;0.00;0.00;0.00;0.00;0.00;0.00;0.00;0.00;582.00;0.00;388.00;0.00;0.00;970.00;291.00;0.00;0.00;0.00;0.00;0.00;0.00;0.00;0.00;2490.00;3008.65;2290.00;790.00;720.00;0.00;0.00;0.00;0.00;0.00;0.00;0.00;0.00;0.00;440.00;160.00;1110.00;960.00;1184.67;1089.34;800.00;0.00;0.00;900.00
1772828501.0310447;0.00;0.00;0.00;0.00;0.00;0.00;0.00;0.00;582.00;0.00;388.00;0.00;0.00;970.00;291.00;0.00;0.00;0.00;0.00;0.00;0.00;0.00;0.00;2490.00;3008.65;2290.00;790.00;720.00;0.00;0.00;0.00;0.00;0.00;0.00;0.00;0.00;0.00;440.00;160.00;1110.00;960.00;1184.67;1089.34;800.00;0.00;0.00;900.00
1772828501.06582;0.00;0.00;0.00;0.00;0.00;0.00;0.00;0.00;582.00;0.00;388.00;0.00;0.00;970.00;388.00;0.00;0.00;0.00;0.00;0.00;0.00;0.00;0.00;2790.00;3308.65;2590.00;1100.00;1190.00;0.00;0.00;0.00;0.00;0.00;0.00;0.00;0.00;0.00;440.00;160.00;1110.00;1120.00;1184.67;1201.67;800.00;0.00;0.00;1200.00
1772828501.066813;0.00;0.00;0.00;0.00;0.00;0.00;0.00;0.00;582.00;0.00;388.00;0.00;0.00;970.00;388.00;0.00;0.00;0.00;0.00;0.00;0.00;0.00;0.00;2790.00;3308.65;2590.00;1100.00;1190.00;0.00;0.00;0.00;0.00;0.00;0.00;0.00;0.00;0.00;440.00;160.00;1110.00;1120.00;1184.67;1201.67;800.00;0.00;0.00;1200.00
1772828501.101794;0.00;0.00;0.00;0.00;0.00;0.00;0.00;0.00;582.00;0.00;388.00;0.00;0.00;970.00;485.00;0.00;0.00;0.00;0.00;0.00;0.00;0.00;0.00;2940.00;3458.65;2740.00;1260.00;1350.00;80.00;80.00;80.00;80.00;150.00;150.00;0.00;0.00;160.00;440.00;160.00;1110.00;1120.00;1184.67;1201.67;800.00;0.00;150.00;1350.00
1772828501.1027849;0.00;0.00;0.00;0.00;0.00;0.00;0.00;0.00;582.00;0.00;388.00;0.00;0.00;970.00;485.00;0.00;0.00;0.00;0.00;0.00;0.00;0.00;0.00;2940.00;3458.65;2740.00;1260.00;1350.00;80.00;80.00;80.00;80.00;150.00;150.00;0.00;0.00;160.00;440.00;160.00;1110.00;1120.00;1184.67;1201.67;800.00;0.00;150.00;1350.00
1772828501.1370394;0.00;0.00;0.00;0.00;0.00;0.00;0.00;0.00;582.00;0.00;388.00;0.00;0.00;970.00;582.00;0.00;0.00;0.00;0.00;0.00;0.00;0.00;0.00;3100.00;3618.65;2900.00;1420.00;1414.67;160.00;160.00;160.00;160.00;300.00;300.00;0.00;160.00;390.00;440.00;160.00;1110.00;1344.67;1184.67;1201.67;800.00;0.00;300.00;1660.00
1772828501.1380644;0.00;0.00;0.00;0.00;0.00;0.00;0.00;0.00;582.00;0.00;388.00;0.00;0.00;970.00;582.00;0.00;0.00;0.00;0.00;0.00;0.00;0.00;0.00;3100.00;3618.65;2900.00;1420.00;1414.67;160.00;160.00;160.00;160.00;300.00;300.00;0.00;160.00;390.00;440.00;160.00;1110.00;1344.67;1184.67;1201.67;800.00;0.00;300.00;1660.00
1772828515.0356152;0.00;0.00;0.00;0.00;0.00;97.00;0.00;0.00;0.00;0.00;388.00;0.00;0.00;970.00;582.00;0.00;0.00;0.00;0.00;0.00;0.00;0.00;0.00;2500.00;3018.65;2300.00;820.00;1184.67;0.00;0.00;0.00;144.67;310.00;310.00;150.00;0.00;870.00;0.00;0.00;1110.00;1344.67;1184.67;561.67;800.00;0.00;150.00;150.00
1772828515.0374398;0.00;0.00;0.00;0.00;0.00;97.00;0.00;0.00;0.00;0.00;388.00;0.00;0.00;970.00;582.00;0.00;0.00;0.00;0.00;0.00;0.00;0.00;0.00;2500.00;3018.65;2300.00;820.00;1184.67;0.00;0.00;0.00;144.67;310.00;310.00;150.00;0.00;870.00;0.00;0.00;1110.00;1344.67;1184.67;561.67;800.00;0.00;150.00;150.00
1772828515.0949297;0.00;0.00;0.00;0.00;0.00;194.00;0.00;0.00;0.00;0.00;388.00;0.00;0.00;970.00;582.00;0.00;0.00;0.00;0.00;0.00;0.00;0.00;0.00;2500.00;3018.65;2300.00;820.00;1184.67;0.00;0.00;0.00;567.00;620.00;620.00;460.00;0.00;870.00;160.00;0.00;1110.00;1344.67;1184.67;561.67;800.00;320.00;150.00;450.00
1772828515.09673;0.00;0.00;0.00;0.00;0.00;194.00;0.00;0.00;0.00;0.00;388.00;0.00;0.00;970.00;582.00;0.00;0.00;0.00;0.00;0.00;0.00;0.00;0.00;2500.00;3018.65;2300.00;820.00;1184.67;0.00;0.00;0.00;567.00;620.00;620.00;460.00;0.00;870.00;160.00;0.00;1110.00;1344.67;1184.67;561.67;800.00;320.00;150.00;450.00
1772828515.1539524;0.00;0.00;0.00;0.00;0.00;291.00;0.00;0.00;0.00;0.00;388.00;0.00;0.00;970.00;582.00;0.00;0.00;0.00;0.00;0.00;0.00;0.00;0.00;2500.00;3018.65;2300.00;820.00;1184.67;0.00;0.00;0.00;989.33;920.00;920.00;610.00;0.00;1180.00;640.00;0.00;1110.00;1344.67;1184.67;561.67;800.00;320.00;300.00;600.00
1772828515.155845;0.00;0.00;0.00;0.00;0.00;291.00;0.00;0.00;0.00;0.00;388.00;0.00;0.00;970.00;582.00;0.00;0.00;0.00;0.00;0.00;0.00;0.00;0.00;2500.00;3018.65;2300.00;820.00;1184.67;0.00;0.00;0.00;989.33;920.00;920.00;610.00;0.00;1180.00;640.00;0.00;1110.00;1344.67;1184.67;561.67;800.00;320.00;300.00;600.00
1772828515.2129116;0.00;0.00;0.00;0.00;0.00;388.00;0.00;0.00;0.00;0.00;388.00;0.00;0.00;970.00;582.00;0.00;0.00;0.00;0.00;0.00;0.00;0.00;0.00;2500.00;3018.65;2300.00;820.00;1184.67;0.00;0.00;0.00;1411.66;1220.00;1220.00;760.00;0.00;1490.00;1120.00;0.00;1110.00;1344.67;1184.67;561.67;800.00;320.00;450.00;750.00
1772828515.214846;0.00;0.00;0.00;0.00;0.00;388.00;0.00;0.00;0.00;0.00;388.00;0.00;0.00;970.00;582.00;0.00;0.00;0.00;0.00;0.00;0.00;0.00;0.00;2500.00;3018.65;2300.00;820.00;1184.67;0.00;0.00;0.00;1411.66;1220.00;1220.00;760.00;0.00;1490.00;1120.00;0.00;1110.00;1344.67;1184.67;561.67;800.00;320.00;450.00;750.00
1772828515.2712843;0.00;0.00;0.00;0.00;0.00;485.00;0.00;0.00;0.00;0.00;388.00;0.00;0.00;970.00;582.00;0.00;0.00;0.00;0.00;0.00;0.00;0.00;0.00;2500.00;3018.65;2300.00;820.00;1184.67;0.00;0.00;0.00;1833.99;1520.00;1520.00;910.00;0.00;1490.00;1504.67;0.00;1110.00;1344.67;1184.67;561.67;800.00;320.00;600.00;900.00
1772828515.2732131;0.00;0.00;0.00;0.00;0.00;485.00;0.00;0.00;0.00;0.00;388.00;0.00;0.00;970.00;582.00;0.00;0.00;0.00;0.00;0.00;0.00;0.00;0.00;2500.00;3018.65;2300.00;820.00;1184.67;0.00;0.00;0.00;1833.99;1520.00;1520.00;910.00;0.00;1490.00;1504.67;0.00;1110.00;1344.67;1184.67;561.67;800.00;320.00;600.00;900.00
1772828515.4640608;0.00;0.00;0.00;0.00;0.00;582.00;0.00;0.00;0.00;0.00;388.00;0.00;0.00;970.00;582.00;0.00;0.00;0.00;0.00;0.00;0.00;0.00;0.00;2500.00;3018.65;2300.00;820.00;1184.67;0.00;0.00;0.00;2256.32;1820.00;1820.00;1060.00;0.00;1490.00;1889.34;0.00;1110.00;1344.67;1184.67;561.67;800.00;320.00;750.00;1050.00
1772828515.4667306;0.00;0.00;0.00;0.00;0.00;582.00;0.00;0.00;0.00;0.00;388.00;0.00;0.00;970.00;582.00;0.00;0.00;0.00;0.00;0.00;0.00;0.00;0.00;2500.00;3018.65;2300.00;820.00;1184.67;0.00;0.00;0.00;2256.32;1820.00;1820.00;1060.00;0.00;1490.00;1889.34;0.00;1110.00;1344.67;1184.67;561.67;800.00;320.00;750.00;1050.00
1772828529.930739;0.00;0.00;97.00;0.00;0.00;582.00;0.00;0.00;0.00;0.00;388.00;0.00;0.00;970.00;582.00;0.00;0.00;0.00;0.00;0.00;0.00;0.00;0.00;2500.00;3018.65;2300.00;820.00;1184.67;0.00;192.33;240.00;2566.32;2120.00;2120.00;1210.00;320.00;1490.00;1889.34;112.33;1110.00;1344.67;1184.67;561.67;800.00;320.00;900.00;1200.00
1772828529.9318426;0.00;0.00;97.00;0.00;0.00;582.00;0.00;0.00;0.00;0.00;388.00;0.00;0.00;970.00;582.00;0.00;0.00;0.00;0.00;0.00;0.00;0.00;0.00;2500.00;3018.65;2300.00;820.00;1184.67;0.00;192.33;240.00;2566.32;2120.00;2120.00;1210.00;320.00;1490.00;1889.34;112.33;1110.00;1344.67;1184.67;561.67;800.00;320.00;900.00;1200.00
1772828529.965204;0.00;0.00;194.00;0.00;0.00;582.00;0.00;0.00;0.00;0.00;388.00;0.00;0.00;970.00;582.00;0.00;0.00;0.00;0.00;0.00;0.00;0.00;0.00;2500.00;3018.65;2300.00;820.00;1184.67;0.00;432.33;550.00;2876.32;2420.00;2420.00;1360.00;640.00;1490.00;1889.34;272.33;1110.00;1344.67;1184.67;561.67;800.00;320.00;1050.00;1350.00
1772828529.966263;0.00;0.00;194.00;0.00;0.00;582.00;0.00;0.00;0.00;0.00;388.00;0.00;0.00;970.00;582.00;0.00;0.00;0.00;0.00;0.00;0.00;0.00;0.00;2500.00;3018.65;2300.00;820.00;1184.67;0.00;432.33;550.00;2876.32;2420.00;2420.00;1360.00;640.00;1490.00;1889.34;272.33;1110.00;1344.67;1184.67;561.67;800.00;320.00;1050.00;1350.00
1772828529.9997532;0.00;0.00;291.00;0.00;0.00;582.00;0.00;0.00;0.00;0.00;388.00;0.00;0.00;970.00;582.00;0.00;0.00;0.00;0.00;0.00;0.00;0.00;0.00;2650.00;3168.65;2450.00;970.00;1334.67;80.00;592.33;710.00;3036.32;2570.00;2570.00;1360.00;960.00;1490.00;1889.34;272.33;1110.00;1344.67;1184.67;721.67;800.00;320.00;1200.00;1500.00
1772828530.0008497;0.00;0.00;291.00;0.00;0.00;582.00;0.00;0.00;0.00;0.00;388.00;0.00;0.00;970.00;582.00;0.00;0.00;0.00;0.00;0.00;0.00;0.00;0.00;2650.00;3168.65;2450.00;970.00;1334.67;80.00;592.33;710.00;3036.32;2570.00;2570.00;1360.00;960.00;1490.00;1889.34;272.33;1110.00;1344.67;1184.67;721.67;800.00;320.00;1200.00;1500.00
1772828530.0342896;0.00;0.00;388.00;0.00;0.00;582.00;0.00;0.00;0.00;0.00;388.00;0.00;0.00;970.00;582.00;0.00;0.00;0.00;0.00;0.00;0.00;0.00;0.00;2800.00;3318.65;2600.00;1120.00;1414.67;160.00;752.33;870.00;3196.32;2720.00;2720.00;1360.00;1392.33;1490.00;1889.34;272.33;1110.00;1344.67;1184.67;721.67;800.00;320.00;1350.00;1650.00
1772828530.0353847;0.00;0.00;388.00;0.00;0.00;582.00;0.00;0.00;0.00;0.00;388.00;0.00;0.00;970.00;582.00;0.00;0.00;0.00;0.00;0.00;0.00;0.00;0.00;2800.00;3318.65;2600.00;1120.00;1414.67;160.00;752.33;870.00;3196.32;2720.00;2720.00;1360.00;1392.33;1490.00;1889.34;272.33;1110.00;1344.67;1184.67;721.67;800.00;320.00;1350.00;1650.00
1772828530.068581;0.00;0.00;485.00;0.00;0.00;582.00;0.00;0.00;0.00;0.00;388.00;0.00;0.00;970.00;582.00;0.00;0.00;0.00;0.00;0.00;0.00;0.00;0.00;2800.00;3318.65;2600.00;1120.00;1414.67;160.00;1174.66;1180.00;3506.32;3020.00;3020.00;1510.00;1712.33;1490.00;1889.34;432.33;1110.00;1344.67;1184.67;721.67;800.00;320.00;1500.00;1800.00
1772828530.0697072;0.00;0.00;485.00;0.00;0.00;582.00;0.00;0.00;0.00;0.00;388.00;0.00;0.00;970.00;582.00;0.00;0.00;0.00;0.00;0.00;0.00;0.00;0.00;2800.00;3318.65;2600.00;1120.00;1414.67;160.00;1174.66;1180.00;3506.32;3020.00;3020.00;1510.00;1712.33;1490.00;1889.34;432.33;1110.00;1344.67;1184.67;721.67;800.00;320.00;1500.00;1800.00
1772828530.1724148;0.00;0.00;582.00;0.00;0.00;582.00;0.00;0.00;0.00;0.00;388.00;0.00;0.00;970.00;582.00;0.00;0.00;0.00;0.00;0.00;0.00;0.00;0.00;2800.00;3318.65;2600.00;1120.00;1414.67;160.00;1501.66;1490.00;3816.32;3320.00;3320.00;1660.00;1712.33;1490.00;1889.34;592.33;1110.00;1344.67;1184.67;721.67;800.00;320.00;1650.00;1950.00
1772828530.1736135;0.00;0.00;582.00;0.00;0.00;582.00;0.00;0.00;0.00;0.00;388.00;0.00;0.00;970.00;582.00;0.00;0.00;0.00;0.00;0.00;0.00;0.00;0.00;2800.00;3318.65;2600.00;1120.00;1414.67;160.00;1501.66;1490.00;3816.32;3320.00;3320.00;1660.00;1712.33;1490.00;1889.34;592.33;1110.00;1344.67;1184.67;721.67;800.00;320.00;1650.00;1950.00
1772828553.9896257;0.00;0.00;582.00;0.00;0.00;679.00;0.00;0.00;0.00;0.00;388.00;0.00;0.00;970.00;582.00;0.00;0.00;0.00;0.00;0.00;0.00;0.00;0.00;2800.00;3318.65;2600.00;1120.00;1414.67;160.00;1731.66;1720.00;4126.32;3630.00;3620.00;1960.00;1712.33;1490.00;1889.34;752.33;1110.00;1344.67;1184.67;721.67;800.00;320.00;1650.00;2250.00
1772828553.9919086;0.00;0.00;582.00;0.00;0.00;679.00;0.00;0.00;0.00;0.00;388.00;0.00;0.00;970.00;582.00;0.00;0.00;0.00;0.00;0.00;0.00;0.00;0.00;2800.00;3318.65;2600.00;1120.00;1414.67;160.00;1731.66;1720.00;4126.32;3630.00;3620.00;1960.00;1712.33;1490.00;1889.34;752.33;1110.00;1344.67;1184.67;721.67;800.00;320.00;1650.00;2250.00
1772828554.0461993;0.00;0.00;582.00;0.00;0.00;679.00;0.00;0.00;0.00;0.00;388.00;0.00;0.00;970.00;582.00;0.00;0.00;0.00;0.00;0.00;0.00;0.00;0.00;2800.00;3318.65;2600.00;1120.00;1414.67;160.00;1731.66;1720.00;4126.32;3630.00;3620.00;1960.00;1712.33;1490.00;1889.34;752.33;1110.00;1344.67;1184.67;721.67;800.00;320.00;1650.00;2250.00
1772828554.0485716;0.00;0.00;582.00;0.00;0.00;679.00;0.00;0.00;0.00;0.00;388.00;0.00;0.00;970.00;582.00;0.00;0.00;0.00;0.00;0.00;0.00;0.00;0.00;2800.00;3318.65;2600.00;1120.00;1414.67;160.00;1731.66;1720.00;4126.32;3630.00;3620.00;1960.00;1712.33;1490.00;1889.34;752.33;1110.00;1344.67;1184.67;721.67;800.00;320.00;1650.00;2250.00
1772828554.1039019;0.00;0.00;582.00;0.00;0.00;679.00;0.00;0.00;0.00;0.00;388.00;0.00;0.00;970.00;582.00;0.00;0.00;0.00;0.00;0.00;0.00;0.00;0.00;2800.00;3318.65;2600.00;1120.00;1414.67;160.00;1731.66;1720.00;4126.32;3630.00;3620.00;1960.00;1712.33;1490.00;1889.34;752.33;1110.00;1344.67;1184.67;721.67;800.00;320.00;1650.00;2250.00
1772828554.1062899;0.00;0.00;582.00;0.00;0.00;679.00;0.00;0.00;0.00;0.00;388.00;0.00;0.00;970.00;582.00;0.00;0.00;0.00;0.00;0.00;0.00;0.00;0.00;2800.00;3318.65;2600.00;1120.00;1414.67;160.00;1731.66;1720.00;4126.32;3630.00;3620.00;1960.00;1712.33;1490.00;1889.34;752.33;1110.00;1344.67;1184.67;721.67;800.00;320.00;1650.00;2250.00
1772828554.1631281;0.00;0.00;582.00;0.00;0.00;679.00;0.00;0.00;0.00;0.00;388.00;0.00;0.00;970.00;582.00;0.00;0.00;0.00;0.00;0.00;0.00;0.00;0.00;2800.00;3318.65;2600.00;1120.00;1414.67;160.00;1731.66;1720.00;4126.32;3630.00;3620.00;1960.00;1712.33;1490.00;1889.34;752.33;1110.00;1344.67;1184.67;721.67;800.00;320.00;1650.00;2250.00
1772828554.1655664;0.00;0.00;582.00;0.00;0.00;679.00;0.00;0.00;0.00;0.00;388.00;0.00;0.00;970.00;582.00;0.00;0.00;0.00;0.00;0.00;0.00;0.00;0.00;2800.00;3318.65;2600.00;1120.00;1414.67;160.00;1731.66;1720.00;4126.32;3630.00;3620.00;1960.00;1712.33;1490.00;1889.34;752.33;1110.00;1344.67;1184.67;721.67;800.00;320.00;1650.00;2250.00
1772828554.3432343;0.00;0.00;582.00;0.00;0.00;679.00;0.00;0.00;0.00;0.00;388.00;0.00;0.00;970.00;582.00;0.00;0.00;0.00;0.00;0.00;0.00;0.00;0.00;2800.00;3318.65;2600.00;1120.00;1414.67;160.00;1731.66;1720.00;4126.32;3630.00;3620.00;1960.00;1712.33;1490.00;1889.34;752.33;1110.00;1344.67;1184.67;721.67;800.00;320.00;1650.00;2250.00
1772828554.3456318;0.00;0.00;582.00;0.00;0.00;679.00;0.00;0.00;0.00;0.00;388.00;0.00;0.00;970.00;582.00;0.00;0.00;0.00;0.00;0.00;0.00;0.00;0.00;2800.00;3318.65;2600.00;1120.00;1414.67;160.00;1731.66;1720.00;4126.32;3630.00;3620.00;1960.00;1712.33;1490.00;1889.34;752.33;1110.00;1344.67;1184.67;721.67;800.00;320.00;1650.00;2250.00
1772828554.4029179;0.00;0.00;582.00;0.00;0.00;679.00;0.00;0.00;0.00;0.00;388.00;0.00;0.00;970.00;582.00;0.00;0.00;0.00;0.00;0.00;0.00;0.00;0.00;2800.00;3318.65;2600.00;1120.00;1414.67;160.00;1731.66;1720.00;4126.32;3630.00;3620.00;1960.00;1712.33;1490.00;1889.34;752.33;1110.00;1344.67;1184.67;721.67;800.00;320.00;1650.00;2250.00
1772828554.4053595;0.00;0.00;582.00;0.00;0.00;679.00;0.00;0.00;0.00;0.00;388.00;0.00;0.00;970.00;582.00;0.00;0.00;0.00;0.00;0.00;0.00;0.00;0.00;2800.00;3318.65;2600.00;1120.00;1414.67;160.00;1731.66;1720.00;4126.32;3630.00;3620.00;1960.00;1712.33;1490.00;1889.34;752.33;1110.00;1344.67;1184.67;721.67;800.00;320.00;1650.00;2250.00
1772828581.0198653;0.00;0.00;582.00;0.00;0.00;679.00;0.00;0.00;0.00;0.00;0.00;0.00;0.00;582.00;582.00;0.00;97.00;0.00;0.00;0.00;0.00;0.00;0.00;150.00;1046.32;327.67;160.00;160.00;80.00;811.66;80.00;80.00;150.00;150.00;0.00;1482.33;1010.00;699.34;362.33;1110.00;1120.00;1184.67;160.00;800.00;320.00;880.00;150.00
1772828581.0209565;0.00;0.00;582.00;0.00;0.00;679.00;0.00;0.00;0.00;0.00;0.00;0.00;0.00;582.00;582.00;0.00;97.00;0.00;0.00;0.00;0.00;0.00;0.00;150.00;1046.32;327.67;160.00;160.00;80.00;811.66;80.00;80.00;150.00;150.00;0.00;1482.33;1010.00;699.34;362.33;1110.00;1120.00;1184.67;160.00;800.00;320.00;880.00;150.00
1772828581.0565283;0.00;0.00;582.00;0.00;0.00;679.00;0.00;0.00;0.00;0.00;0.00;0.00;0.00;582.00;582.00;0.00;194.00;0.00;0.00;0.00;0.00;0.00;0.00;300.00;1206.32;487.67;320.00;320.00;160.00;891.66;230.00;230.00;300.00;300.00;150.00;1482.33;1010.00;699.34;592.33;1110.00;1120.00;1184.67;320.00;800.00;320.00;880.00;450.00
1772828581.057591;0.00;0.00;582.00;0.00;0.00;679.00;0.00;0.00;0.00;0.00;0.00;0.00;0.00;582.00;582.00;0.00;194.00;0.00;0.00;0.00;0.00;0.00;0.00;300.00;1206.32;487.67;320.00;320.00;160.00;891.66;230.00;230.00;300.00;300.00;150.00;1482.33;1010.00;699.34;592.33;1110.00;1120.00;1184.67;320.00;800.00;320.00;880.00;450.00
1772828581.0935762;0.00;0.00;582.00;0.00;0.00;679.00;0.00;0.00;0.00;0.00;0.00;0.00;0.00;582.00;582.00;0.00;291.00;0.00;0.00;0.00;0.00;0.00;0.00;450.00;1366.32;647.67;480.00;480.00;240.00;971.66;310.00;380.00;450.00;450.00;300.00;1482.33;1010.00;929.34;592.33;1110.00;1120.00;1184.67;480.00;800.00;320.00;880.00;750.00
1772828581.094664;0.00;0.00;582.00;0.00;0.00;679.00;0.00;0.00;0.00;0.00;0.00;0.00;0.00;582.00;582.00;0.00;291.00;0.00;0.00;0.00;0.00;0.00;0.00;450.00;1366.32;647.67;480.00;480.00;240.00;971.66;310.00;380.00;450.00;450.00;300.00;1482.33;1010.00;929.34;592.33;1110.00;1120.00;1184.67;480.00;800.00;320.00;880.00;750.00
1772828581.195741;0.00;0.00;582.00;0.00;0.00;679.00;0.00;0.00;0.00;0.00;0.00;0.00;0.00;582.00;582.00;0.00;388.00;0.00;0.00;0.00;0.00;0.00;0.00;610.00;1526.32;807.67;640.00;640.00;320.00;1121.66;460.00;530.00;600.00;600.00;760.00;1712.33;1010.00;929.34;592.33;1110.00;1120.00;1184.67;640.00;800.00;320.00;1200.00;1050.00
1772828581.1969075;0.00;0.00;582.00;0.00;0.00;679.00;0.00;0.00;0.00;0.00;0.00;0.00;0.00;582.00;582.00;0.00;388.00;0.00;0.00;0.00;0.00;0.00;0.00;610.00;1526.32;807.67;640.00;640.00;320.00;1121.66;460.00;530.00;600.00;600.00;760.00;1712.33;1010.00;929.34;592.33;1110.00;1120.00;1184.67;640.00;800.00;320.00;1200.00;1050.00
1772828581.232298;0.00;0.00;582.00;0.00;0.00;679.00;0.00;0.00;0.00;0.00;0.00;0.00;0.00;582.00;582.00;0.00;485.00;0.00;0.00;0.00;0.00;0.00;0.00;770.00;1686.32;967.67;800.00;800.00;400.00;1201.66;610.00;680.00;750.00;750.00;1220.00;1712.33;1010.00;929.34;592.33;1110.00;1120.00;1184.67;800.00;800.00;320.00;1200.00;1350.00
1772828581.2334287;0.00;0.00;582.00;0.00;0.00;679.00;0.00;0.00;0.00;0.00;0.00;0.00;0.00;582.00;582.00;0.00;485.00;0.00;0.00;0.00;0.00;0.00;0.00;770.00;1686.32;967.67;800.00;800.00;400.00;1201.66;610.00;680.00;750.00;750.00;1220.00;1712.33;1010.00;929.34;592.33;1110.00;1120.00;1184.67;800.00;800.00;320.00;1200.00;1350.00
1772828581.2686777;0.00;0.00;582.00;0.00;0.00;679.00;0.00;0.00;0.00;0.00;0.00;0.00;0.00;582.00;582.00;0.00;582.00;0.00;0.00;0.00;0.00;0.00;0.00;920.00;1836.32;1117.67;950.00;1174.67;480.00;1281.66;760.00;830.00;900.00;900.00;1370.00;1712.33;1010.00;929.34;592.33;1110.00;1344.67;1184.67;1280.00;800.00;320.00;1200.00;1650.00
1772828581.2697713;0.00;0.00;582.00;0.00;0.00;679.00;0.00;0.00;0.00;0.00;0.00;0.00;0.00;582.00;582.00;0.00;582.00;0.00;0.00;0.00;0.00;0.00;0.00;920.00;1836.32;1117.67;950.00;1174.67;480.00;1281.66;760.00;830.00;900.00;900.00;1370.00;1712.33;1010.00;929.34;592.33;1110.00;1344.67;1184.67;1280.00;800.00;320.00;1200.00;1650.00
1772828595.072796;0.00;0.00;582.00;0.00;0.00;679.00;0.00;0.00;0.00;0.00;0.00;0.00;0.00;582.00;582.00;0.00;679.00;0.00;0.00;0.00;0.00;0.00;0.00;920.00;1836.32;1117.67;950.00;1174.67;720.00;1521.66;1070.00;1140.00;1200.00;1200.00;1520.00;1712.33;1330.00;929.34;752.33;1110.00;1344.67;1184.67;1617.00;800.00;320.00;1350.00;1800.00
1772828595.0750318;0.00;0.00;582.00;0.00;0.00;679.00;0.00;0.00;0.00;0.00;0.00;0.00;0.00;582.00;582.00;0.00;679.00;0.00;0.00;0.00;0.00;0.00;0.00;920.00;1836.32;1117.67;950.00;1174.67;720.00;1521.66;1070.00;1140.00;1200.00;1200.00;1520.00;1712.33;1330.00;929.34;752.33;1110.00;1344.67;1184.67;1617.00;800.00;320.00;1350.00;1800.00
1772828595.1332169;0.00;0.00;582.00;0.00;0.00;679.00;0.00;0.00;0.00;0.00;0.00;0.00;0.00;582.00;582.00;0.00;776.00;0.00;0.00;0.00;0.00;0.00;0.00;920.00;1836.32;1117.67;950.00;1174.67;864.67;1666.33;1310.00;1440.00;1500.00;1500.00;1820.00;1712.33;1330.00;1239.34;1232.33;1110.00;1344.67;1184.67;1729.33;800.00;320.00;1350.00;2100.00
1772828595.1355531;0.00;0.00;582.00;0.00;0.00;679.00;0.00;0.00;0.00;0.00;0.00;0.00;0.00;582.00;582.00;0.00;776.00;0.00;0.00;0.00;0.00;0.00;0.00;920.00;1836.32;1117.67;950.00;1174.67;864.67;1666.33;1310.00;1440.00;1500.00;1500.00;1820.00;1712.33;1330.00;1239.34;1232.33;1110.00;1344.67;1184.67;1729.33;800.00;320.00;1350.00;2100.00
1772828595.309528;0.00;0.00;582.00;0.00;0.00;679.00;0.00;0.00;0.00;0.00;0.00;0.00;0.00;582.00;582.00;0.00;873.00;0.00;0.00;0.00;0.00;0.00;0.00;920.00;1836.32;1117.67;950.00;1174.67;961.67;1993.33;1620.00;1740.00;1800.00;1800.00;2120.00;1712.33;1330.00;1549.34;1712.33;1110.00;1344.67;1184.67;1729.33;800.00;320.00;1350.00;2400.00
1772828595.311981;0.00;0.00;582.00;0.00;0.00;679.00;0.00;0.00;0.00;0.00;0.00;0.00;0.00;582.00;582.00;0.00;873.00;0.00;0.00;0.00;0.00;0.00;0.00;920.00;1836.32;1117.67;950.00;1174.67;961.67;1993.33;1620.00;1740.00;1800.00;1800.00;2120.00;1712.33;1330.00;1549.34;1712.33;1110.00;1344.67;1184.67;1729.33;800.00;320.00;1350.00;2400.00
1772828595.3673606;0.00;0.00;582.00;0.00;0.00;679.00;0.00;0.00;0.00;0.00;0.00;0.00;0.00;582.00;582.00;0.00;873.00;0.00;0.00;0.00;0.00;0.00;0.00;920.00;1836.32;1117.67;950.00;1174.67;961.67;1993.33;1620.00;1740.00;1800.00;1800.00;2120.00;1712.33;1330.00;1549.34;1712.33;1110.00;1344.67;1184.67;1729.33;800.00;320.00;1350.00;2400.00
1772828595.3696628;0.00;0.00;582.00;0.00;0.00;679.00;0.00;0.00;0.00;0.00;0.00;0.00;0.00;582.00;582.00;0.00;873.00;0.00;0.00;0.00;0.00;0.00;0.00;920.00;1836.32;1117.67;950.00;1174.67;961.67;1993.33;1620.00;1740.00;1800.00;1800.00;2120.00;1712.33;1330.00;1549.34;1712.33;1110.00;1344.67;1184.67;1729.33;800.00;320.00;1350.00;2400.00
1772828595.4255338;0.00;0.00;582.00;0.00;0.00;679.00;0.00;0.00;0.00;0.00;0.00;0.00;0.00;582.00;582.00;0.00;873.00;0.00;0.00;0.00;0.00;0.00;0.00;920.00;1836.32;1117.67;950.00;1174.67;961.67;1993.33;1620.00;1740.00;1800.00;1800.00;2120.00;1712.33;1330.00;1549.34;1712.33;1110.00;1344.67;1184.67;1729.33;800.00;320.00;1350.00;2400.00
1772828595.4279132;0.00;0.00;582.00;0.00;0.00;679.00;0.00;0.00;0.00;0.00;0.00;0.00;0.00;582.00;582.00;0.00;873.00;0.00;0.00;0.00;0.00;0.00;0.00;920.00;1836.32;1117.67;950.00;1174.67;961.67;1993.33;1620.00;1740.00;1800.00;1800.00;2120.00;1712.33;1330.00;1549.34;1712.33;1110.00;1344.67;1184.67;1729.33;800.00;320.00;1350.00;2400.00
1772828595.4832742;0.00;0.00;582.00;0.00;0.00;679.00;0.00;0.00;0.00;0.00;0.00;0.00;0.00;582.00;582.00;0.00;873.00;0.00;0.00;0.00;0.00;0.00;0.00;920.00;1836.32;1117.67;950.00;1174.67;961.67;1993.33;1620.00;1740.00;1800.00;1800.00;2120.00;1712.33;1330.00;1549.34;1712.33;1110.00;1344.67;1184.67;1729.33;800.00;320.00;1350.00;2400.00
1772828595.4856331;0.00;0.00;582.00;0.00;0.00;679.00;0.00;0.00;0.00;0.00;0.00;0.00;0.00;582.00;582.00;0.00;873.00;0.00;0.00;0.00;0.00;0.00;0.00;920.00;1836.32;1117.67;950.00;1174.67;961.67;1993.33;1620.00;1740.00;1800.00;1800.00;2120.00;1712.33;1330.00;1549.34;1712.33;1110.00;1344.67;1184.67;1729.33;800.00;320.00;1350.00;2400.00
1772828615.221759;0.00;0.00;582.00;0.00;0.00;679.00;0.00;0.00;0.00;0.00;0.00;0.00;0.00;97.00;582.00;0.00;873.00;0.00;0.00;0.00;0.00;0.00;0.00;310.00;112.33;0.00;950.00;1174.67;961.67;1993.33;1620.00;1740.00;1800.00;1800.00;2120.00;1712.33;1330.00;1549.34;1712.33;0.00;1344.67;320.00;1729.33;160.00;320.00;1350.00;300.00
1772828615.2238889;0.00;0.00;582.00;0.00;0.00;679.00;0.00;0.00;0.00;0.00;0.00;0.00;0.00;97.00;582.00;0.00;873.00;0.00;0.00;0.00;0.00;0.00;0.00;310.00;112.33;0.00;950.00;1174.67;961.67;1993.33;1620.00;1740.00;1800.00;1800.00;2120.00;1712.33;1330.00;1549.34;1712.33;0.00;1344.67;320.00;1729.33;160.00;320.00;1350.00;300.00
1772828615.283992;0.00;0.00;582.00;0.00;0.00;679.00;0.00;0.00;0.00;0.00;0.00;0.00;0.00;194.00;582.00;0.00;873.00;0.00;0.00;0.00;0.00;0.00;0.00;620.00;294.66;230.00;950.00;1174.67;961.67;1993.33;1620.00;1740.00;1800.00;1800.00;2120.00;1712.33;1330.00;1549.34;1712.33;0.00;1344.67;640.00;1729.33;320.00;320.00;1350.00;600.00
1772828615.2860985;0.00;0.00;582.00;0.00;0.00;679.00;0.00;0.00;0.00;0.00;0.00;0.00;0.00;194.00;582.00;0.00;873.00;0.00;0.00;0.00;0.00;0.00;0.00;620.00;294.66;230.00;950.00;1174.67;961.67;1993.33;1620.00;1740.00;1800.00;1800.00;2120.00;1712.33;1330.00;1549.34;1712.33;0.00;1344.67;640.00;1729.33;320.00;320.00;1350.00;600.00
1772828615.343336;0.00;0.00;582.00;0.00;0.00;679.00;0.00;0.00;0.00;0.00;0.00;0.00;0.00;194.00;582.00;0.00;873.00;0.00;0.00;0.00;0.00;0.00;0.00;620.00;294.66;230.00;950.00;1174.67;961.67;1993.33;1620.00;1740.00;1800.00;1800.00;2120.00;1712.33;1330.00;1549.34;1712.33;0.00;1344.67;640.00;1729.33;320.00;320.00;1350.00;600.00
1772828615.3454945;0.00;0.00;582.00;0.00;0.00;679.00;0.00;0.00;0.00;0.00;0.00;0.00;0.00;194.00;582.00;0.00;873.00;0.00;0.00;0.00;0.00;0.00;0.00;620.00;294.66;230.00;950.00;1174.67;961.67;1993.33;1620.00;1740.00;1800.00;1800.00;2120.00;1712.33;1330.00;1549.34;1712.33;0.00;1344.67;640.00;1729.33;320.00;320.00;1350.00;600.00
1772828615.4025085;0.00;0.00;582.00;0.00;0.00;679.00;0.00;0.00;0.00;0.00;0.00;0.00;0.00;194.00;582.00;0.00;873.00;0.00;0.00;0.00;0.00;0.00;0.00;620.00;294.66;230.00;950.00;1174.67;961.67;1993.33;1620.00;1740.00;1800.00;1800.00;2120.00;1712.33;1330.00;1549.34;1712.33;0.00;1344.67;640.00;1729.33;320.00;320.00;1350.00;600.00
1772828615.4046257;0.00;0.00;582.00;0.00;0.00;679.00;0.00;0.00;0.00;0.00;0.00;0.00;0.00;194.00;582.00;0.00;873.00;0.00;0.00;0.00;0.00;0.00;0.00;620.00;294.66;230.00;950.00;1174.67;961.67;1993.33;1620.00;1740.00;1800.00;1800.00;2120.00;1712.33;1330.00;1549.34;1712.33;0.00;1344.67;640.00;1729.33;320.00;320.00;1350.00;600.00
1772828615.4623258;0.00;0.00;582.00;0.00;0.00;679.00;0.00;0.00;0.00;0.00;0.00;0.00;0.00;194.00;582.00;0.00;873.00;0.00;0.00;0.00;0.00;0.00;0.00;620.00;294.66;230.00;950.00;1174.67;961.67;1993.33;1620.00;1740.00;1800.00;1800.00;2120.00;1712.33;1330.00;1549.34;1712.33;0.00;1344.67;640.00;1729.33;320.00;320.00;1350.00;600.00
1772828615.4644914;0.00;0.00;582.00;0.00;0.00;679.00;0.00;0.00;0.00;0.00;0.00;0.00;0.00;194.00;582.00;0.00;873.00;0.00;0.00;0.00;0.00;0.00;0.00;620.00;294.66;230.00;950.00;1174.67;961.67;1993.33;1620.00;1740.00;1800.00;1800.00;2120.00;1712.33;1330.00;1549.34;1712.33;0.00;1344.67;640.00;1729.33;320.00;320.00;1350.00;600.00
1772828615.6873562;0.00;0.00;582.00;0.00;0.00;679.00;0.00;0.00;0.00;0.00;0.00;0.00;0.00;194.00;582.00;0.00;873.00;0.00;0.00;0.00;0.00;0.00;0.00;620.00;294.66;230.00;950.00;1174.67;961.67;1993.33;1620.00;1740.00;1800.00;1800.00;2120.00;1712.33;1330.00;1549.34;1712.33;0.00;1344.67;640.00;1729.33;320.00;320.00;1350.00;600.00
1772828615.6902287;0.00;0.00;582.00;0.00;0.00;679.00;0.00;0.00;0.00;0.00;0.00;0.00;0.00;194.00;582.00;0.00;873.00;0.00;0.00;0.00;0.00;0.00;0.00;620.00;294.66;230.00;950.00;1174.67;961.67;1993.33;1620.00;1740.00;1800.00;1800.00;2120.00;1712.33;1330.00;1549.34;1712.33;0.00;1344.67;640.00;1729.33;320.00;320.00;1350.00;600.00
1772828629.1185124;0.00;0.00;582.00;97.00;0.00;679.00;0.00;0.00;0.00;0.00;0.00;0.00;0.00;194.00;0.00;0.00;873.00;0.00;0.00;0.00;0.00;0.00;0.00;0.00;0.00;0.00;0.00;0.00;641.67;1833.33;1460.00;1740.00;1510.00;1510.00;2280.00;1552.33;1010.00;1709.34;1712.33;0.00;0.00;640.00;1297.00;320.00;320.00;900.00;310.00
1772828629.1195889;0.00;0.00;582.00;97.00;0.00;679.00;0.00;0.00;0.00;0.00;0.00;0.00;0.00;194.00;0.00;0.00;873.00;0.00;0.00;0.00;0.00;0.00;0.00;0.00;0.00;0.00;0.00;0.00;641.67;1833.33;1460.00;1740.00;1510.00;1510.00;2280.00;1552.33;1010.00;1709.34;1712.33;0.00;0.00;640.00;1297.00;320.00;320.00;900.00;310.00
1772828629.1595972;0.00;0.00;582.00;194.00;0.00;679.00;0.00;0.00;0.00;0.00;0.00;0.00;0.00;194.00;0.00;0.00;873.00;0.00;0.00;0.00;0.00;0.00;0.00;0.00;0.00;0.00;0.00;0.00;641.67;1833.33;1460.00;2220.00;1810.00;1810.00;2280.00;1552.33;1432.33;1709.34;1712.33;0.00;0.00;640.00;1297.00;320.00;320.00;1200.00;310.00
1772828629.160836;0.00;0.00;582.00;194.00;0.00;679.00;0.00;0.00;0.00;0.00;0.00;0.00;0.00;194.00;0.00;0.00;873.00;0.00;0.00;0.00;0.00;0.00;0.00;0.00;0.00;0.00;0.00;0.00;641.67;1833.33;1460.00;2220.00;1810.00;1810.00;2280.00;1552.33;1432.33;1709.34;1712.33;0.00;0.00;640.00;1297.00;320.00;320.00;1200.00;310.00
1772828629.1993086;0.00;0.00;582.00;291.00;0.00;679.00;0.00;0.00;0.00;0.00;0.00;0.00;0.00;194.00;0.00;0.00;873.00;0.00;0.00;0.00;0.00;0.00;0.00;230.00;0.00;0.00;0.00;0.00;641.67;1833.33;1460.00;2540.00;2050.00;2040.00;2510.00;1552.33;1432.33;1709.34;1712.33;0.00;0.00;640.00;1297.00;320.00;320.00;1360.00;610.00
1772828629.2004306;0.00;0.00;582.00;291.00;0.00;679.00;0.00;0.00;0.00;0.00;0.00;0.00;0.00;194.00;0.00;0.00;873.00;0.00;0.00;0.00;0.00;0.00;0.00;230.00;0.00;0.00;0.00;0.00;641.67;1833.33;1460.00;2540.00;2050.00;2040.00;2510.00;1552.33;1432.33;1709.34;1712.33;0.00;0.00;640.00;1297.00;320.00;320.00;1360.00;610.00
1772828629.2397006;0.00;0.00;582.00;388.00;0.00;679.00;0.00;0.00;0.00;0.00;0.00;0.00;0.00;194.00;0.00;0.00;873.00;0.00;0.00;0.00;0.00;0.00;0.00;690.00;150.00;150.00;80.00;80.00;721.67;1913.33;1540.00;2620.00;2114.67;2200.00;2670.00;1552.33;1432.33;1709.34;1712.33;0.00;0.00;960.00;1457.00;320.00;320.00;1360.00;910.00
1772828629.240802;0.00;0.00;582.00;388.00;0.00;679.00;0.00;0.00;0.00;0.00;0.00;0.00;0.00;194.00;0.00;0.00;873.00;0.00;0.00;0.00;0.00;0.00;0.00;690.00;150.00;150.00;80.00;80.00;721.67;1913.33;1540.00;2620.00;2114.67;2200.00;2670.00;1552.33;1432.33;1709.34;1712.33;0.00;0.00;960.00;1457.00;320.00;320.00;1360.00;910.00
1772828629.3545978;0.00;0.00;582.00;485.00;0.00;679.00;0.00;0.00;0.00;0.00;0.00;0.00;0.00;194.00;0.00;0.00;873.00;0.00;0.00;0.00;0.00;0.00;0.00;840.00;300.00;300.00;230.00;160.00;801.67;1945.66;1882.33;2867.00;2264.67;2350.00;2820.00;1552.33;1432.33;1709.34;2032.33;0.00;160.00;960.00;1457.00;320.00;320.00;1360.00;1210.00
1772828629.3557355;0.00;0.00;582.00;485.00;0.00;679.00;0.00;0.00;0.00;0.00;0.00;0.00;0.00;194.00;0.00;0.00;873.00;0.00;0.00;0.00;0.00;0.00;0.00;840.00;300.00;300.00;230.00;160.00;801.67;1945.66;1882.33;2867.00;2264.67;2350.00;2820.00;1552.33;1432.33;1709.34;2032.33;0.00;160.00;960.00;1457.00;320.00;320.00;1360.00;1210.00
1772828629.39394;0.00;0.00;582.00;582.00;0.00;679.00;0.00;0.00;0.00;0.00;0.00;0.00;0.00;194.00;0.00;0.00;873.00;0.00;0.00;0.00;0.00;0.00;0.00;990.00;450.00;450.00;380.00;310.00;881.67;1977.99;2224.66;3114.00;2414.67;2500.00;2970.00;1712.33;1432.33;1709.34;2352.33;0.00;160.00;960.00;1457.00;320.00;320.00;1360.00;1510.00
1772828629.3954191;0.00;0.00;582.00;582.00;0.00;679.00;0.00;0.00;0.00;0.00;0.00;0.00;0.00;194.00;0.00;0.00;873.00;0.00;0.00;0.00;0.00;0.00;0.00;990.00;450.00;450.00;380.00;310.00;881.67;1977.99;2224.66;3114.00;2414.67;2500.00;2970.00;1712.33;1432.33;1709.34;2352.33;0.00;160.00;960.00;1457.00;320.00;320.00;1360.00;1510.00
