timestamp,(0,34);(14,17);(25,24);(8,13);(8,22);(14,10);(14,11);(28,27);(28,29);(28,30);(2,3);(2,32);(5,4);(9,12);(23,15);(23,19);(23,20);(18,21);(6,7);(2,16);(25,26);(33,1);(33,31);(34,9);(9,18);(18,2);(2,5);(5,23);(23,25);(25,28);(28,14);(14,8);(8,6);(6,33);(33,34);(25,25.1);(8,8.1);(14,14.1);(28,28.1);(2,2.1);(5,5.1);(9,9.1);(23,23.1);(18,18.1);(6,6.1);(33,33.1);(34,34.1)
1772830730.5946126;0.00;0.00;97.00;0.00;0.00;0.00;0.00;0.00;0.00;0.00;0.00;0.00;0.00;0.00;0.00;0.00;0.00;0.00;0.00;0.00;0.00;0.00;0.00;0.00;0.00;0.00;0.00;0.00;0.00;0.00;0.00;0.00;0.00;0.00;0.00;97.00;0.00;0.00;0.00;0.00;0.00;0.00;0.00;0.00;0.00;0.00;0.00
1772830730.595437;0.00;0.00;97.00;0.00;0.00;0.00;0.00;0.00;0.00;0.00;0.00;0.00;0.00;0.00;0.00;0.00;0.00;0.00;0.00;0.00;0.00;0.00;0.00;0.00;0.00;0.00;0.00;0.00;0.00;0.00;0.00;0.00;0.00;0.00;0.00;97.00;0.00;0.00;0.00;0.00;0.00;0.00;0.00;0.00;0.00;0.00;0.00
1772830730.6251087;0.00;0.00;194.00;0.00;0.00;0.00;0.00;0.00;0.00;0.00;0.00;0.00;0.00;0.00;0.00;0.00;0.00;0.00;0.00;0.00;0.00;0.00;0.00;0.00;0.00;0.00;0.00;0.00;0.00;80.00;0.00;0.00;0.00;0.00;0.00;274.00;0.00;0.00;80.00;0.00;0.00;0.00;0.00;0.00;0.00;0.00;0.00
1772830730.6257575;0.00;0.00;194.00;0.00;0.00;0.00;0.00;0.00;0.00;0.00;0.00;0.00;0.00;0.00;0.00;0.00;0.00;0.00;0.00;0.00;0.00;0.00;0.00;0.00;0.00;0.00;0.00;0.00;0.00;80.00;0.00;0.00;0.00;0.00;0.00;274.00;0.00;0.00;80.00;0.00;0.00;0.00;0.00;0.00;0.00;0.00;0.00
1772830730.654766;0.00;0.00;291.00;0.00;0.00;0.00;0.00;0.00;0.00;0.00;0.00;0.00;0.00;0.00;0.00;0.00;0.00;0.00;0.00;0.00;0.00;0.00;0.00;0.00;0.00;0.00;0.00;0.00;0.00;224.67;80.00;0.00;0.00;0.00;0.00;386.33;0.00;80.00;304.67;0.00;0.00;0.00;0.00;0.00;0.00;0.00;0.00
1772830730.6554995;0.00;0.00;291.00;0.00;0.00;0.00;0.00;0.00;0.00;0.00;0.00;0.00;0.00;0.00;0.00;0.00;0.00;0.00;0.00;0.00;0.00;0.00;0.00;0.00;0.00;0.00;0.00;0.00;0.00;224.67;80.00;0.00;0.00;0.00;0.00;386.33;0.00;80.00;304.67;0.00;0.00;0.00;0.00;0.00;0.00;0.00;0.00
1772830730.6842217;0.00;0.00;388.00;0.00;0.00;0.00;0.00;0.00;0.00;0.00;0.00;0.00;0.00;0.00;0.00;0.00;0.00;0.00;0.00;0.00;0.00;0.00;0.00;0.00;0.00;0.00;0.00;0.00;0.00;321.67;80.00;0.00;0.00;0.00;0.00;386.33;0.00;80.00;631.67;0.00;0.00;0.00;0.00;0.00;0.00;0.00;0.00
1772830730.685004;0.00;0.00;388.00;0.00;0.00;0.00;0.00;0.00;0.00;0.00;0.00;0.00;0.00;0.00;0.00;0.00;0.00;0.00;0.00;0.00;0.00;0.00;0.00;0.00;0.00;0.00;0.00;0.00;0.00;321.67;80.00;0.00;0.00;0.00;0.00;386.33;0.00;80.00;631.67;0.00;0.00;0.00;0.00;0.00;0.00;0.00;0.00
1772830730.7135987;0.00;0.00;485.00;0.00;0.00;0.00;0.00;0.00;0.00;0.00;0.00;0.00;0.00;0.00;0.00;0.00;0.00;0.00;0.00;0.00;0.00;0.00;0.00;0.00;0.00;0.00;0.00;0.00;0.00;418.67;224.67;80.00;0.00;0.00;0.00;386.33;80.00;304.67;744.00;0.00;0.00;0.00;0.00;0.00;0.00;0.00;0.00
1772830730.7142944;0.00;0.00;485.00;0.00;0.00;0.00;0.00;0.00;0.00;0.00;0.00;0.00;0.00;0.00;0.00;0.00;0.00;0.00;0.00;0.00;0.00;0.00;0.00;0.00;0.00;0.00;0.00;0.00;0.00;418.67;224.67;80.00;0.00;0.00;0.00;386.33;80.00;304.67;744.00;0.00;0.00;0.00;0.00;0.00;0.00;0.00;0.00
1772830730.7441666;0.00;0.00;582.00;0.00;0.00;0.00;0.00;0.00;0.00;0.00;0.00;0.00;0.00;0.00;0.00;0.00;0.00;0.00;0.00;0.00;0.00;0.00;0.00;0.00;0.00;0.00;0.00;0.00;0.00;515.67;449.34;80.00;0.00;0.00;0.00;386.33;80.00;529.34;1006.33;0.00;0.00;0.00;0.00;0.00;0.00;0.00;0.00
1772830730.7449641;0.00;0.00;582.00;0.00;0.00;0.00;0.00;0.00;0.00;0.00;0.00;0.00;0.00;0.00;0.00;0.00;0.00;0.00;0.00;0.00;0.00;0.00;0.00;0.00;0.00;0.00;0.00;0.00;0.00;515.67;449.34;80.00;0.00;0.00;0.00;386.33;80.00;529.34;1006.33;0.00;0.00;0.00;0.00;0.00;0.00;0.00;0.00
1772830747.6416018;0.00;0.00;582.00;0.00;0.00;0.00;0.00;0.00;0.00;0.00;0.00;0.00;0.00;0.00;0.00;0.00;0.00;0.00;0.00;0.00;0.00;97.00;0.00;0.00;0.00;0.00;0.00;0.00;0.00;515.67;449.34;80.00;240.00;240.00;0.00;386.33;390.00;529.34;1006.33;0.00;0.00;0.00;0.00;0.00;320.00;337.00;0.00
1772830747.6427422;0.00;0.00;582.00;0.00;0.00;0.00;0.00;0.00;0.00;0.00;0.00;0.00;0.00;0.00;0.00;0.00;0.00;0.00;0.00;0.00;0.00;97.00;0.00;0.00;0.00;0.00;0.00;0.00;0.00;515.67;449.34;80.00;240.00;240.00;0.00;386.33;390.00;529.34;1006.33;0.00;0.00;0.00;0.00;0.00;320.00;337.00;0.00
1772830747.679427;0.00;0.00;582.00;0.00;0.00;0.00;0.00;0.00;0.00;0.00;0.00;0.00;0.00;0.00;0.00;0.00;0.00;0.00;0.00;0.00;0.00;194.00;0.00;160.00;0.00;0.00;0.00;0.00;0.00;515.67;449.34;80.00;320.00;320.00;64.67;386.33;540.00;529.34;1006.33;0.00;0.00;160.00;0.00;0.00;480.00;449.33;224.67
1772830747.6805153;0.00;0.00;582.00;0.00;0.00;0.00;0.00;0.00;0.00;0.00;0.00;0.00;0.00;0.00;0.00;0.00;0.00;0.00;0.00;0.00;0.00;194.00;0.00;160.00;0.00;0.00;0.00;0.00;0.00;515.67;449.34;80.00;320.00;320.00;64.67;386.33;540.00;529.34;1006.33;0.00;0.00;160.00;0.00;0.00;480.00;449.33;224.67
1772830747.7181406;0.00;0.00;582.00;0.00;0.00;0.00;0.00;0.00;0.00;0.00;0.00;0.00;0.00;0.00;0.00;0.00;0.00;0.00;0.00;0.00;0.00;291.00;0.00;240.00;0.00;0.00;0.00;0.00;0.00;515.67;449.34;80.00;384.67;384.67;144.67;386.33;604.67;529.34;1006.33;0.00;0.00;470.00;0.00;0.00;480.00;561.66;224.67
1772830747.719237;0.00;0.00;582.00;0.00;0.00;0.00;0.00;0.00;0.00;0.00;0.00;0.00;0.00;0.00;0.00;0.00;0.00;0.00;0.00;0.00;0.00;291.00;0.00;240.00;0.00;0.00;0.00;0.00;0.00;515.67;449.34;80.00;384.67;384.67;144.67;386.33;604.67;529.34;1006.33;0.00;0.00;470.00;0.00;0.00;480.00;561.66;224.67
1772830747.7562885;0.00;0.00;582.00;0.00;0.00;0.00;0.00;0.00;0.00;0.00;0.00;0.00;0.00;0.00;0.00;0.00;0.00;0.00;0.00;0.00;0.00;388.00;0.00;320.00;0.00;0.00;0.00;0.00;0.00;515.67;449.34;80.00;449.34;449.34;177.00;386.33;669.34;529.34;1006.33;0.00;0.00;780.00;0.00;0.00;480.00;561.66;337.00
1772830747.7574277;0.00;0.00;582.00;0.00;0.00;0.00;0.00;0.00;0.00;0.00;0.00;0.00;0.00;0.00;0.00;0.00;0.00;0.00;0.00;0.00;0.00;388.00;0.00;320.00;0.00;0.00;0.00;0.00;0.00;515.67;449.34;80.00;449.34;449.34;177.00;386.33;669.34;529.34;1006.33;0.00;0.00;780.00;0.00;0.00;480.00;561.66;337.00
1772830747.7932725;0.00;0.00;582.00;0.00;0.00;0.00;0.00;0.00;0.00;0.00;0.00;0.00;0.00;0.00;0.00;0.00;0.00;0.00;0.00;0.00;0.00;485.00;0.00;417.00;160.00;0.00;0.00;0.00;0.00;515.67;449.34;80.00;449.34;449.34;274.00;386.33;669.34;529.34;1006.33;0.00;0.00;1267.00;0.00;160.00;480.00;561.66;337.00
1772830747.7944374;0.00;0.00;582.00;0.00;0.00;0.00;0.00;0.00;0.00;0.00;0.00;0.00;0.00;0.00;0.00;0.00;0.00;0.00;0.00;0.00;0.00;485.00;0.00;417.00;160.00;0.00;0.00;0.00;0.00;515.67;449.34;80.00;449.34;449.34;274.00;386.33;669.34;529.34;1006.33;0.00;0.00;1267.00;0.00;160.00;480.00;561.66;337.00
1772830747.8308692;0.00;0.00;582.00;0.00;0.00;0.00;0.00;0.00;0.00;0.00;0.00;0.00;0.00;0.00;0.00;0.00;0.00;0.00;0.00;0.00;0.00;582.00;0.00;449.33;320.00;0.00;0.00;0.00;160.00;675.67;609.34;144.67;514.01;514.01;306.33;386.33;669.34;754.01;1006.33;0.00;0.00;1529.33;160.00;320.00;480.00;561.66;337.00
1772830747.8321164;0.00;0.00;582.00;0.00;0.00;0.00;0.00;0.00;0.00;0.00;0.00;0.00;0.00;0.00;0.00;0.00;0.00;0.00;0.00;0.00;0.00;582.00;0.00;449.33;320.00;0.00;0.00;0.00;160.00;675.67;609.34;144.67;514.01;514.01;306.33;386.33;669.34;754.01;1006.33;0.00;0.00;1529.33;160.00;320.00;480.00;561.66;337.00
1772830767.6881766;0.00;0.00;582.00;0.00;0.00;0.00;0.00;0.00;0.00;0.00;0.00;0.00;0.00;0.00;97.00;0.00;0.00;0.00;0.00;0.00;0.00;582.00;0.00;449.33;320.00;0.00;0.00;160.00;240.00;755.67;609.34;144.67;514.01;514.01;306.33;386.33;669.34;754.01;1156.33;0.00;160.00;1529.33;497.00;320.00;480.00;561.66;337.00
1772830767.6895447;0.00;0.00;582.00;0.00;0.00;0.00;0.00;0.00;0.00;0.00;0.00;0.00;0.00;0.00;97.00;0.00;0.00;0.00;0.00;0.00;0.00;582.00;0.00;449.33;320.00;0.00;0.00;160.00;240.00;755.67;609.34;144.67;514.01;514.01;306.33;386.33;669.34;754.01;1156.33;0.00;160.00;1529.33;497.00;320.00;480.00;561.66;337.00
1772830767.7258332;0.00;0.00;582.00;0.00;0.00;0.00;0.00;0.00;0.00;0.00;0.00;0.00;0.00;0.00;194.00;0.00;0.00;0.00;0.00;0.00;0.00;582.00;0.00;449.33;320.00;0.00;160.00;384.67;320.00;835.67;609.34;144.67;514.01;514.01;306.33;386.33;669.34;754.01;1306.33;160.00;544.67;1529.33;609.33;320.00;480.00;561.66;337.00
1772830767.7272427;0.00;0.00;582.00;0.00;0.00;0.00;0.00;0.00;0.00;0.00;0.00;0.00;0.00;0.00;194.00;0.00;0.00;0.00;0.00;0.00;0.00;582.00;0.00;449.33;320.00;0.00;160.00;384.67;320.00;835.67;609.34;144.67;514.01;514.01;306.33;386.33;669.34;754.01;1306.33;160.00;544.67;1529.33;609.33;320.00;480.00;561.66;337.00
1772830767.7623224;0.00;0.00;582.00;0.00;0.00;0.00;0.00;0.00;0.00;0.00;0.00;0.00;0.00;0.00;291.00;0.00;0.00;0.00;0.00;0.00;0.00;582.00;0.00;449.33;320.00;0.00;304.67;481.67;320.00;835.67;609.34;144.67;514.01;514.01;306.33;386.33;669.34;754.01;1306.33;844.67;657.00;1529.33;609.33;320.00;480.00;561.66;337.00
1772830767.7637374;0.00;0.00;582.00;0.00;0.00;0.00;0.00;0.00;0.00;0.00;0.00;0.00;0.00;0.00;291.00;0.00;0.00;0.00;0.00;0.00;0.00;582.00;0.00;449.33;320.00;0.00;304.67;481.67;320.00;835.67;609.34;144.67;514.01;514.01;306.33;386.33;669.34;754.01;1306.33;844.67;657.00;1529.33;609.33;320.00;480.00;561.66;337.00
1772830767.8002446;0.00;0.00;582.00;0.00;0.00;0.00;0.00;0.00;0.00;0.00;0.00;0.00;0.00;0.00;388.00;0.00;0.00;0.00;0.00;0.00;0.00;582.00;0.00;449.33;320.00;0.00;449.34;578.67;320.00;835.67;609.34;144.67;514.01;514.01;306.33;386.33;669.34;754.01;1306.33;1529.34;769.33;1529.33;609.33;320.00;480.00;561.66;337.00
1772830767.8018007;0.00;0.00;582.00;0.00;0.00;0.00;0.00;0.00;0.00;0.00;0.00;0.00;0.00;0.00;388.00;0.00;0.00;0.00;0.00;0.00;0.00;582.00;0.00;449.33;320.00;0.00;449.34;578.67;320.00;835.67;609.34;144.67;514.01;514.01;306.33;386.33;669.34;754.01;1306.33;1529.34;769.33;1529.33;609.33;320.00;480.00;561.66;337.00
1772830767.8378978;0.00;0.00;582.00;0.00;0.00;0.00;0.00;0.00;0.00;0.00;0.00;0.00;0.00;0.00;485.00;0.00;0.00;0.00;0.00;0.00;0.00;582.00;0.00;449.33;320.00;0.00;449.34;578.67;417.00;932.67;721.67;144.67;514.01;514.01;306.33;386.33;669.34;866.34;1606.33;1529.34;769.33;1529.33;609.33;320.00;480.00;561.66;337.00
1772830767.839489;0.00;0.00;582.00;0.00;0.00;0.00;0.00;0.00;0.00;0.00;0.00;0.00;0.00;0.00;485.00;0.00;0.00;0.00;0.00;0.00;0.00;582.00;0.00;449.33;320.00;0.00;449.34;578.67;417.00;932.67;721.67;144.67;514.01;514.01;306.33;386.33;669.34;866.34;1606.33;1529.34;769.33;1529.33;609.33;320.00;480.00;561.66;337.00
1772830767.875501;0.00;0.00;582.00;0.00;0.00;0.00;0.00;0.00;0.00;0.00;0.00;0.00;0.00;0.00;582.00;0.00;0.00;0.00;0.00;0.00;0.00;582.00;0.00;449.33;320.00;0.00;449.34;578.67;561.67;1077.34;721.67;144.67;514.01;514.01;306.33;386.33;669.34;866.34;1906.33;1529.34;769.33;1529.33;609.33;320.00;480.00;561.66;337.00
1772830767.8770251;0.00;0.00;582.00;0.00;0.00;0.00;0.00;0.00;0.00;0.00;0.00;0.00;0.00;0.00;582.00;0.00;0.00;0.00;0.00;0.00;0.00;582.00;0.00;449.33;320.00;0.00;449.34;578.67;561.67;1077.34;721.67;144.67;514.01;514.01;306.33;386.33;669.34;866.34;1906.33;1529.34;769.33;1529.33;609.33;320.00;480.00;561.66;337.00
1772830782.7304645;0.00;0.00;582.00;0.00;0.00;97.00;0.00;0.00;0.00;0.00;0.00;0.00;0.00;0.00;582.00;0.00;0.00;0.00;0.00;0.00;0.00;582.00;0.00;449.33;320.00;0.00;449.34;578.67;561.67;1077.34;818.67;144.67;514.01;514.01;306.33;386.33;669.34;866.34;2206.33;1529.34;769.33;1529.33;609.33;320.00;480.00;561.66;337.00
1772830782.7321746;0.00;0.00;582.00;0.00;0.00;97.00;0.00;0.00;0.00;0.00;0.00;0.00;0.00;0.00;582.00;0.00;0.00;0.00;0.00;0.00;0.00;582.00;0.00;449.33;320.00;0.00;449.34;578.67;561.67;1077.34;818.67;144.67;514.01;514.01;306.33;386.33;669.34;866.34;2206.33;1529.34;769.33;1529.33;609.33;320.00;480.00;561.66;337.00
1772830782.7690282;0.00;0.00;582.00;0.00;0.00;194.00;0.00;0.00;0.00;0.00;0.00;0.00;0.00;0.00;582.00;0.00;0.00;0.00;0.00;0.00;0.00;582.00;0.00;449.33;320.00;0.00;449.34;578.67;561.67;1157.34;915.67;144.67;514.01;514.01;306.33;536.33;669.34;866.34;2356.33;1529.34;769.33;1529.33;609.33;320.00;480.00;561.66;337.00
1772830782.7706282;0.00;0.00;582.00;0.00;0.00;194.00;0.00;0.00;0.00;0.00;0.00;0.00;0.00;0.00;582.00;0.00;0.00;0.00;0.00;0.00;0.00;582.00;0.00;449.33;320.00;0.00;449.34;578.67;561.67;1157.34;915.67;144.67;514.01;514.01;306.33;536.33;669.34;866.34;2356.33;1529.34;769.33;1529.33;609.33;320.00;480.00;561.66;337.00
1772830782.8067975;0.00;0.00;582.00;0.00;0.00;291.00;0.00;0.00;0.00;0.00;0.00;0.00;0.00;0.00;582.00;0.00;0.00;0.00;0.00;0.00;0.00;582.00;0.00;449.33;320.00;0.00;449.34;578.67;561.67;1397.34;1012.67;144.67;514.01;514.01;306.33;836.33;669.34;866.34;2356.33;1529.34;769.33;1529.33;609.33;320.00;480.00;561.66;337.00
1772830782.808431;0.00;0.00;582.00;0.00;0.00;291.00;0.00;0.00;0.00;0.00;0.00;0.00;0.00;0.00;582.00;0.00;0.00;0.00;0.00;0.00;0.00;582.00;0.00;449.33;320.00;0.00;449.34;578.67;561.67;1397.34;1012.67;144.67;514.01;514.01;306.33;836.33;669.34;866.34;2356.33;1529.34;769.33;1529.33;609.33;320.00;480.00;561.66;337.00
1772830782.8453357;0.00;0.00;582.00;0.00;0.00;388.00;0.00;0.00;0.00;0.00;0.00;0.00;0.00;0.00;582.00;0.00;0.00;0.00;0.00;0.00;0.00;582.00;0.00;449.33;320.00;0.00;449.34;578.67;561.67;1637.34;1109.67;144.67;514.01;514.01;306.33;1136.33;669.34;866.34;2356.33;1529.34;769.33;1529.33;609.33;320.00;480.00;561.66;337.00
1772830782.8470292;0.00;0.00;582.00;0.00;0.00;388.00;0.00;0.00;0.00;0.00;0.00;0.00;0.00;0.00;582.00;0.00;0.00;0.00;0.00;0.00;0.00;582.00;0.00;449.33;320.00;0.00;449.34;578.67;561.67;1637.34;1109.67;144.67;514.01;514.01;306.33;1136.33;669.34;866.34;2356.33;1529.34;769.33;1529.33;609.33;320.00;480.00;561.66;337.00
1772830782.8835301;0.00;0.00;582.00;0.00;0.00;485.00;0.00;0.00;0.00;0.00;0.00;0.00;0.00;0.00;582.00;0.00;0.00;0.00;0.00;0.00;0.00;582.00;0.00;449.33;320.00;0.00;449.34;578.67;561.67;1782.01;1206.67;144.67;514.01;514.01;306.33;1436.33;669.34;866.34;2356.33;1529.34;769.33;1529.33;609.33;320.00;480.00;561.66;337.00
1772830782.8852575;0.00;0.00;582.00;0.00;0.00;485.00;0.00;0.00;0.00;0.00;0.00;0.00;0.00;0.00;582.00;0.00;0.00;0.00;0.00;0.00;0.00;582.00;0.00;449.33;320.00;0.00;449.34;578.67;561.67;1782.01;1206.67;144.67;514.01;514.01;306.33;1436.33;669.34;866.34;2356.33;1529.34;769.33;1529.33;609.33;320.00;480.00;561.66;337.00
1772830782.9242263;0.00;0.00;582.00;0.00;0.00;582.00;0.00;0.00;0.00;0.00;0.00;0.00;0.00;0.00;582.00;0.00;0.00;0.00;0.00;0.00;0.00;582.00;0.00;449.33;320.00;0.00;449.34;578.67;561.67;1926.68;1351.34;144.67;514.01;514.01;306.33;1736.33;669.34;866.34;2356.33;1529.34;769.33;1529.33;609.33;320.00;480.00;561.66;337.00
1772830782.9255197;0.00;0.00;582.00;0.00;0.00;582.00;0.00;0.00;0.00;0.00;0.00;0.00;0.00;0.00;582.00;0.00;0.00;0.00;0.00;0.00;0.00;582.00;0.00;449.33;320.00;0.00;449.34;578.67;561.67;1926.68;1351.34;144.67;514.01;514.01;306.33;1736.33;669.34;866.34;2356.33;1529.34;769.33;1529.33;609.33;320.00;480.00;561.66;337.00
1772830800.7582548;0.00;0.00;582.00;0.00;0.00;582.00;0.00;0.00;0.00;0.00;0.00;0.00;0.00;97.00;582.00;0.00;0.00;0.00;0.00;0.00;0.00;582.00;0.00;449.33;320.00;0.00;449.34;578.67;561.67;1926.68;1351.34;144.67;514.01;514.01;306.33;1736.33;669.34;866.34;2356.33;1529.34;769.33;1829.33;609.33;320.00;480.00;561.66;337.00
1772830800.7591028;0.00;0.00;582.00;0.00;0.00;582.00;0.00;0.00;0.00;0.00;0.00;0.00;0.00;97.00;582.00;0.00;0.00;0.00;0.00;0.00;0.00;582.00;0.00;449.33;320.00;0.00;449.34;578.67;561.67;1926.68;1351.34;144.67;514.01;514.01;306.33;1736.33;669.34;866.34;2356.33;1529.34;769.33;1829.33;609.33;320.00;480.00;561.66;337.00
1772830800.7772028;0.00;0.00;582.00;0.00;0.00;582.00;0.00;0.00;0.00;0.00;0.00;0.00;0.00;194.00;582.00;0.00;0.00;0.00;0.00;0.00;0.00;582.00;0.00;529.33;320.00;0.00;449.34;578.67;561.67;1926.68;1351.34;144.67;594.01;594.01;386.33;1736.33;819.34;866.34;2356.33;1529.34;769.33;1979.33;609.33;320.00;480.00;561.66;337.00
1772830800.777949;0.00;0.00;582.00;0.00;0.00;582.00;0.00;0.00;0.00;0.00;0.00;0.00;0.00;194.00;582.00;0.00;0.00;0.00;0.00;0.00;0.00;582.00;0.00;529.33;320.00;0.00;449.34;578.67;561.67;1926.68;1351.34;144.67;594.01;594.01;386.33;1736.33;819.34;866.34;2356.33;1529.34;769.33;1979.33;609.33;320.00;480.00;561.66;337.00
1772830800.8477347;0.00;0.00;582.00;0.00;0.00;582.00;0.00;0.00;0.00;0.00;0.00;0.00;0.00;291.00;582.00;0.00;0.00;0.00;0.00;0.00;0.00;582.00;0.00;769.33;320.00;0.00;449.34;578.67;561.67;1926.68;1351.34;144.67;834.01;834.01;626.33;1736.33;1119.34;866.34;2356.33;1529.34;769.33;1979.33;609.33;320.00;480.00;561.66;337.00
1772830800.8490279;0.00;0.00;582.00;0.00;0.00;582.00;0.00;0.00;0.00;0.00;0.00;0.00;0.00;291.00;582.00;0.00;0.00;0.00;0.00;0.00;0.00;582.00;0.00;769.33;320.00;0.00;449.34;578.67;561.67;1926.68;1351.34;144.67;834.01;834.01;626.33;1736.33;1119.34;866.34;2356.33;1529.34;769.33;1979.33;609.33;320.00;480.00;561.66;337.00
1772830800.8762445;0.00;0.00;582.00;0.00;0.00;582.00;0.00;0.00;0.00;0.00;0.00;0.00;0.00;388.00;582.00;0.00;0.00;0.00;0.00;0.00;0.00;582.00;0.00;1009.33;320.00;0.00;449.34;578.67;561.67;1926.68;1351.34;144.67;1074.01;1074.01;866.33;1736.33;1419.34;866.34;2356.33;1529.34;769.33;1979.33;609.33;320.00;480.00;561.66;337.00
1772830800.877141;0.00;0.00;582.00;0.00;0.00;582.00;0.00;0.00;0.00;0.00;0.00;0.00;0.00;388.00;582.00;0.00;0.00;0.00;0.00;0.00;0.00;582.00;0.00;1009.33;320.00;0.00;449.34;578.67;561.67;1926.68;1351.34;144.67;1074.01;1074.01;866.33;1736.33;1419.34;866.34;2356.33;1529.34;769.33;1979.33;609.33;320.00;480.00;561.66;337.00
1772830800.8956335;0.00;0.00;582.00;0.00;0.00;582.00;0.00;0.00;0.00;0.00;0.00;0.00;0.00;485.00;582.00;0.00;0.00;0.00;0.00;0.00;0.00;582.00;0.00;1074.00;400.00;80.00;449.34;578.67;561.67;1926.68;1351.34;144.67;1138.68;1138.68;931.00;1736.33;1569.34;866.34;2356.33;1679.34;769.33;1979.33;609.33;320.00;480.00;561.66;337.00
1772830800.8964596;0.00;0.00;582.00;0.00;0.00;582.00;0.00;0.00;0.00;0.00;0.00;0.00;0.00;485.00;582.00;0.00;0.00;0.00;0.00;0.00;0.00;582.00;0.00;1074.00;400.00;80.00;449.34;578.67;561.67;1926.68;1351.34;144.67;1138.68;1138.68;931.00;1736.33;1569.34;866.34;2356.33;1679.34;769.33;1979.33;609.33;320.00;480.00;561.66;337.00
1772830800.9145958;0.00;0.00;582.00;0.00;0.00;582.00;0.00;0.00;0.00;0.00;0.00;0.00;0.00;582.00;582.00;0.00;0.00;0.00;0.00;0.00;0.00;582.00;0.00;1138.67;432.33;112.33;529.34;578.67;561.67;1926.68;1351.34;144.67;1203.35;1203.35;995.67;1736.33;1719.34;866.34;2356.33;1679.34;919.33;1979.33;609.33;320.00;480.00;561.66;337.00
1772830800.915447;0.00;0.00;582.00;0.00;0.00;582.00;0.00;0.00;0.00;0.00;0.00;0.00;0.00;582.00;582.00;0.00;0.00;0.00;0.00;0.00;0.00;582.00;0.00;1138.67;432.33;112.33;529.34;578.67;561.67;1926.68;1351.34;144.67;1203.35;1203.35;995.67;1736.33;1719.34;866.34;2356.33;1679.34;919.33;1979.33;609.33;320.00;480.00;561.66;337.00
1772830818.7960606;0.00;0.00;582.00;0.00;0.00;582.00;0.00;0.00;0.00;0.00;0.00;0.00;97.00;582.00;582.00;0.00;0.00;0.00;0.00;0.00;0.00;582.00;0.00;1138.67;432.33;112.33;529.34;578.67;561.67;1926.68;1351.34;144.67;1203.35;1203.35;995.67;1736.33;1719.34;866.34;2356.33;1679.34;1219.33;1979.33;609.33;320.00;480.00;561.66;337.00
1772830818.797791;0.00;0.00;582.00;0.00;0.00;582.00;0.00;0.00;0.00;0.00;0.00;0.00;97.00;582.00;582.00;0.00;0.00;0.00;0.00;0.00;0.00;582.00;0.00;1138.67;432.33;112.33;529.34;578.67;561.67;1926.68;1351.34;144.67;1203.35;1203.35;995.67;1736.33;1719.34;866.34;2356.33;1679.34;1219.33;1979.33;609.33;320.00;480.00;561.66;337.00
1772830818.8279166;0.00;0.00;582.00;0.00;0.00;582.00;0.00;0.00;0.00;0.00;0.00;0.00;194.00;582.00;582.00;0.00;0.00;0.00;0.00;0.00;0.00;582.00;0.00;1138.67;432.33;112.33;529.34;658.67;641.67;1926.68;1351.34;144.67;1203.35;1203.35;995.67;1886.33;1719.34;866.34;2356.33;1679.34;1369.33;1979.33;609.33;320.00;480.00;561.66;337.00
1772830818.8295887;0.00;0.00;582.00;0.00;0.00;582.00;0.00;0.00;0.00;0.00;0.00;0.00;194.00;582.00;582.00;0.00;0.00;0.00;0.00;0.00;0.00;582.00;0.00;1138.67;432.33;112.33;529.34;658.67;641.67;1926.68;1351.34;144.67;1203.35;1203.35;995.67;1886.33;1719.34;866.34;2356.33;1679.34;1369.33;1979.33;609.33;320.00;480.00;561.66;337.00
1772830818.8596153;0.00;0.00;582.00;0.00;0.00;582.00;0.00;0.00;0.00;0.00;0.00;0.00;291.00;582.00;582.00;0.00;0.00;0.00;0.00;0.00;0.00;582.00;0.00;1138.67;432.33;112.33;529.34;898.67;881.67;1926.68;1351.34;144.67;1203.35;1203.35;995.67;2186.33;1719.34;866.34;2356.33;1679.34;1369.33;1979.33;609.33;320.00;480.00;561.66;337.00
1772830818.861295;0.00;0.00;582.00;0.00;0.00;582.00;0.00;0.00;0.00;0.00;0.00;0.00;291.00;582.00;582.00;0.00;0.00;0.00;0.00;0.00;0.00;582.00;0.00;1138.67;432.33;112.33;529.34;898.67;881.67;1926.68;1351.34;144.67;1203.35;1203.35;995.67;2186.33;1719.34;866.34;2356.33;1679.34;1369.33;1979.33;609.33;320.00;480.00;561.66;337.00
1772830818.8912866;0.00;0.00;582.00;0.00;0.00;582.00;0.00;0.00;0.00;0.00;0.00;0.00;388.00;582.00;582.00;0.00;0.00;0.00;0.00;0.00;0.00;582.00;0.00;1138.67;432.33;112.33;529.34;1138.67;1121.67;1926.68;1351.34;144.67;1203.35;1203.35;995.67;2486.33;1719.34;866.34;2356.33;1679.34;1369.33;1979.33;609.33;320.00;480.00;561.66;337.00
1772830818.8930438;0.00;0.00;582.00;0.00;0.00;582.00;0.00;0.00;0.00;0.00;0.00;0.00;388.00;582.00;582.00;0.00;0.00;0.00;0.00;0.00;0.00;582.00;0.00;1138.67;432.33;112.33;529.34;1138.67;1121.67;1926.68;1351.34;144.67;1203.35;1203.35;995.67;2486.33;1719.34;866.34;2356.33;1679.34;1369.33;1979.33;609.33;320.00;480.00;561.66;337.00
1772830818.9222634;0.00;0.00;582.00;0.00;0.00;582.00;0.00;0.00;0.00;0.00;0.00;0.00;485.00;582.00;582.00;0.00;0.00;0.00;0.00;0.00;0.00;582.00;0.00;1138.67;432.33;112.33;689.34;1283.34;1266.34;2086.68;1511.34;144.67;1203.35;1203.35;995.67;2636.33;1719.34;1016.34;2356.33;1679.34;1369.33;1979.33;609.33;320.00;480.00;561.66;337.00
1772830818.9239955;0.00;0.00;582.00;0.00;0.00;582.00;0.00;0.00;0.00;0.00;0.00;0.00;485.00;582.00;582.00;0.00;0.00;0.00;0.00;0.00;0.00;582.00;0.00;1138.67;432.33;112.33;689.34;1283.34;1266.34;2086.68;1511.34;144.67;1203.35;1203.35;995.67;2636.33;1719.34;1016.34;2356.33;1679.34;1369.33;1979.33;609.33;320.00;480.00;561.66;337.00
1772830818.9536068;0.00;0.00;582.00;0.00;0.00;582.00;0.00;0.00;0.00;0.00;0.00;0.00;582.00;582.00;582.00;0.00;0.00;0.00;0.00;0.00;0.00;582.00;0.00;1138.67;432.33;112.33;1026.34;1523.34;1266.34;2086.68;1511.34;144.67;1203.35;1203.35;995.67;2636.33;1719.34;1016.34;2356.33;1679.34;1369.33;1979.33;909.33;320.00;480.00;561.66;337.00
1772830818.955398;0.00;0.00;582.00;0.00;0.00;582.00;0.00;0.00;0.00;0.00;0.00;0.00;582.00;582.00;582.00;0.00;0.00;0.00;0.00;0.00;0.00;582.00;0.00;1138.67;432.33;112.33;1026.34;1523.34;1266.34;2086.68;1511.34;144.67;1203.35;1203.35;995.67;2636.33;1719.34;1016.34;2356.33;1679.34;1369.33;1979.33;909.33;320.00;480.00;561.66;337.00
1772830838.8401878;0.00;0.00;582.00;0.00;0.00;582.00;97.00;0.00;0.00;0.00;0.00;0.00;582.00;582.00;582.00;0.00;0.00;0.00;0.00;0.00;0.00;582.00;0.00;1138.67;432.33;112.33;1026.34;1523.34;1266.34;2086.68;1511.34;144.67;1203.35;1203.35;995.67;2636.33;1719.34;1316.34;2356.33;1679.34;1369.33;1979.33;909.33;320.00;480.00;561.66;337.00
1772830838.8420866;0.00;0.00;582.00;0.00;0.00;582.00;97.00;0.00;0.00;0.00;0.00;0.00;582.00;582.00;582.00;0.00;0.00;0.00;0.00;0.00;0.00;582.00;0.00;1138.67;432.33;112.33;1026.34;1523.34;1266.34;2086.68;1511.34;144.67;1203.35;1203.35;995.67;2636.33;1719.34;1316.34;2356.33;1679.34;1369.33;1979.33;909.33;320.00;480.00;561.66;337.00
1772830838.8714967;0.00;0.00;582.00;0.00;0.00;582.00;194.00;0.00;0.00;0.00;0.00;0.00;582.00;582.00;582.00;0.00;0.00;0.00;0.00;0.00;0.00;582.00;0.00;1138.67;432.33;112.33;1026.34;1523.34;1266.34;2086.68;1511.34;144.67;1203.35;1203.35;995.67;2636.33;1719.34;1616.34;2356.33;1679.34;1369.33;1979.33;909.33;320.00;480.00;561.66;337.00
1772830838.873316;0.00;0.00;582.00;0.00;0.00;582.00;194.00;0.00;0.00;0.00;0.00;0.00;582.00;582.00;582.00;0.00;0.00;0.00;0.00;0.00;0.00;582.00;0.00;1138.67;432.33;112.33;1026.34;1523.34;1266.34;2086.68;1511.34;144.67;1203.35;1203.35;995.67;2636.33;1719.34;1616.34;2356.33;1679.34;1369.33;1979.33;909.33;320.00;480.00;561.66;337.00
1772830838.9029925;0.00;0.00;582.00;0.00;0.00;582.00;291.00;0.00;0.00;0.00;0.00;0.00;582.00;582.00;582.00;0.00;0.00;0.00;0.00;0.00;0.00;582.00;0.00;1138.67;432.33;112.33;1026.34;1523.34;1266.34;2086.68;1511.34;144.67;1203.35;1203.35;995.67;2636.33;1719.34;1916.34;2356.33;1679.34;1369.33;1979.33;909.33;320.00;480.00;561.66;337.00
1772830838.9048736;0.00;0.00;582.00;0.00;0.00;582.00;291.00;0.00;0.00;0.00;0.00;0.00;582.00;582.00;582.00;0.00;0.00;0.00;0.00;0.00;0.00;582.00;0.00;1138.67;432.33;112.33;1026.34;1523.34;1266.34;2086.68;1511.34;144.67;1203.35;1203.35;995.67;2636.33;1719.34;1916.34;2356.33;1679.34;1369.33;1979.33;909.33;320.00;480.00;561.66;337.00
1772830838.9347608;0.00;0.00;582.00;0.00;0.00;582.00;388.00;0.00;0.00;0.00;0.00;0.00;582.00;582.00;582.00;0.00;0.00;0.00;0.00;0.00;0.00;582.00;0.00;1138.67;432.33;112.33;1026.34;1523.34;1266.34;2086.68;1511.34;144.67;1203.35;1203.35;995.67;2636.33;1719.34;2216.34;2356.33;1679.34;1369.33;1979.33;909.33;320.00;480.00;561.66;337.00
1772830838.936621;0.00;0.00;582.00;0.00;0.00;582.00;388.00;0.00;0.00;0.00;0.00;0.00;582.00;582.00;582.00;0.00;0.00;0.00;0.00;0.00;0.00;582.00;0.00;1138.67;432.33;112.33;1026.34;1523.34;1266.34;2086.68;1511.34;144.67;1203.35;1203.35;995.67;2636.33;1719.34;2216.34;2356.33;1679.34;1369.33;1979.33;909.33;320.00;480.00;561.66;337.00
1772830838.9664624;0.00;0.00;582.00;0.00;0.00;582.00;485.00;0.00;0.00;0.00;0.00;0.00;582.00;582.00;582.00;0.00;0.00;0.00;0.00;0.00;0.00;582.00;0.00;1138.67;432.33;112.33;1026.34;1523.34;1266.34;2086.68;1511.34;304.67;1203.35;1203.35;995.67;2636.33;1869.34;2366.34;2356.33;1679.34;1369.33;1979.33;909.33;320.00;480.00;561.66;337.00
1772830838.9684749;0.00;0.00;582.00;0.00;0.00;582.00;485.00;0.00;0.00;0.00;0.00;0.00;582.00;582.00;582.00;0.00;0.00;0.00;0.00;0.00;0.00;582.00;0.00;1138.67;432.33;112.33;1026.34;1523.34;1266.34;2086.68;1511.34;304.67;1203.35;1203.35;995.67;2636.33;1869.34;2366.34;2356.33;1679.34;1369.33;1979.33;909.33;320.00;480.00;561.66;337.00
1772830838.9978983;0.00;0.00;582.00;0.00;0.00;582.00;582.00;0.00;0.00;0.00;0.00;0.00;582.00;582.00;582.00;0.00;0.00;0.00;0.00;0.00;0.00;582.00;0.00;1138.67;432.33;112.33;1026.34;1523.34;1266.34;2086.68;1511.34;401.67;1203.35;1203.35;995.67;2636.33;2169.34;2366.34;2356.33;1679.34;1369.33;1979.33;909.33;320.00;480.00;561.66;337.00
1772830838.9998598;0.00;0.00;582.00;0.00;0.00;582.00;582.00;0.00;0.00;0.00;0.00;0.00;582.00;582.00;582.00;0.00;0.00;0.00;0.00;0.00;0.00;582.00;0.00;1138.67;432.33;112.33;1026.34;1523.34;1266.34;2086.68;1511.34;401.67;1203.35;1203.35;995.67;2636.33;2169.34;2366.34;2356.33;1679.34;1369.33;1979.33;909.33;320.00;480.00;561.66;337.00
1772830854.8780832;0.00;0.00;582.00;0.00;0.00;582.00;582.00;0.00;0.00;0.00;0.00;97.00;582.00;582.00;582.00;0.00;0.00;0.00;0.00;0.00;0.00;582.00;0.00;1138.67;432.33;112.33;1171.01;1668.01;1266.34;2086.68;1511.34;401.67;1203.35;1203.35;995.67;2636.33;2169.34;2366.34;2356.33;1679.34;1369.33;1979.33;1209.33;320.00;480.00;561.66;337.00
1772830854.8803153;0.00;0.00;582.00;0.00;0.00;582.00;582.00;0.00;0.00;0.00;0.00;97.00;582.00;582.00;582.00;0.00;0.00;0.00;0.00;0.00;0.00;582.00;0.00;1138.67;432.33;112.33;1171.01;1668.01;1266.34;2086.68;1511.34;401.67;1203.35;1203.35;995.67;2636.33;2169.34;2366.34;2356.33;1679.34;1369.33;1979.33;1209.33;320.00;480.00;561.66;337.00
1772830854.9077096;0.00;0.00;582.00;0.00;0.00;582.00;582.00;0.00;0.00;0.00;0.00;97.00;582.00;582.00;582.00;0.00;0.00;0.00;0.00;0.00;0.00;582.00;0.00;1138.67;432.33;112.33;1171.01;1668.01;1266.34;2086.68;1511.34;401.67;1203.35;1203.35;995.67;2636.33;2169.34;2366.34;2356.33;1679.34;1369.33;1979.33;1209.33;320.00;480.00;561.66;337.00
1772830854.9099638;0.00;0.00;582.00;0.00;0.00;582.00;582.00;0.00;0.00;0.00;0.00;97.00;582.00;582.00;582.00;0.00;0.00;0.00;0.00;0.00;0.00;582.00;0.00;1138.67;432.33;112.33;1171.01;1668.01;1266.34;2086.68;1511.34;401.67;1203.35;1203.35;995.67;2636.33;2169.34;2366.34;2356.33;1679.34;1369.33;1979.33;1209.33;320.00;480.00;561.66;337.00
1772830854.9370039;0.00;0.00;582.00;0.00;0.00;582.00;582.00;0.00;0.00;0.00;0.00;97.00;582.00;582.00;582.00;0.00;0.00;0.00;0.00;0.00;0.00;582.00;0.00;1138.67;432.33;112.33;1171.01;1668.01;1266.34;2086.68;1511.34;401.67;1203.35;1203.35;995.67;2636.33;2169.34;2366.34;2356.33;1679.34;1369.33;1979.33;1209.33;320.00;480.00;561.66;337.00
1772830854.9392009;0.00;0.00;582.00;0.00;0.00;582.00;582.00;0.00;0.00;0.00;0.00;97.00;582.00;582.00;582.00;0.00;0.00;0.00;0.00;0.00;0.00;582.00;0.00;1138.67;432.33;112.33;1171.01;1668.01;1266.34;2086.68;1511.34;401.67;1203.35;1203.35;995.67;2636.33;2169.34;2366.34;2356.33;1679.34;1369.33;1979.33;1209.33;320.00;480.00;561.66;337.00
1772830854.9664042;0.00;0.00;582.00;0.00;0.00;582.00;582.00;0.00;0.00;0.00;0.00;97.00;582.00;582.00;582.00;0.00;0.00;0.00;0.00;0.00;0.00;582.00;0.00;1138.67;432.33;112.33;1171.01;1668.01;1266.34;2086.68;1511.34;401.67;1203.35;1203.35;995.67;2636.33;2169.34;2366.34;2356.33;1679.34;1369.33;1979.33;1209.33;320.00;480.00;561.66;337.00
1772830854.9685612;0.00;0.00;582.00;0.00;0.00;582.00;582.00;0.00;0.00;0.00;0.00;97.00;582.00;582.00;582.00;0.00;0.00;0.00;0.00;0.00;0.00;582.00;0.00;1138.67;432.33;112.33;1171.01;1668.01;1266.34;2086.68;1511.34;401.67;1203.35;1203.35;995.67;2636.33;2169.34;2366.34;2356.33;1679.34;1369.33;1979.33;1209.33;320.00;480.00;561.66;337.00
1772830854.9954424;0.00;0.00;582.00;0.00;0.00;582.00;582.00;0.00;0.00;0.00;0.00;97.00;582.00;582.00;582.00;0.00;0.00;0.00;0.00;0.00;0.00;582.00;0.00;1138.67;432.33;112.33;1171.01;1668.01;1266.34;2086.68;1511.34;401.67;1203.35;1203.35;995.67;2636.33;2169.34;2366.34;2356.33;1679.34;1369.33;1979.33;1209.33;320.00;480.00;561.66;337.00
1772830854.9975884;0.00;0.00;582.00;0.00;0.00;582.00;582.00;0.00;0.00;0.00;0.00;97.00;582.00;582.00;582.00;0.00;0.00;0.00;0.00;0.00;0.00;582.00;0.00;1138.67;432.33;112.33;1171.01;1668.01;1266.34;2086.68;1511.34;401.67;1203.35;1203.35;995.67;2636.33;2169.34;2366.34;2356.33;1679.34;1369.33;1979.33;1209.33;320.00;480.00;561.66;337.00
1772830855.024358;0.00;0.00;582.00;0.00;0.00;582.00;582.00;0.00;0.00;0.00;0.00;97.00;582.00;582.00;582.00;0.00;0.00;0.00;0.00;0.00;0.00;582.00;0.00;1138.67;432.33;112.33;1171.01;1668.01;1266.34;2086.68;1511.34;401.67;1203.35;1203.35;995.67;2636.33;2169.34;2366.34;2356.33;1679.34;1369.33;1979.33;1209.33;320.00;480.00;561.66;337.00
1772830855.026524;0.00;0.00;582.00;0.00;0.00;582.00;582.00;0.00;0.00;0.00;0.00;97.00;582.00;582.00;582.00;0.00;0.00;0.00;0.00;0.00;0.00;582.00;0.00;1138.67;432.33;112.33;1171.01;1668.01;1266.34;2086.68;1511.34;401.67;1203.35;1203.35;995.67;2636.33;2169.34;2366.34;2356.33;1679.34;1369.33;1979.33;1209.33;320.00;480.00;561.66;337.00
1772830871.9178252;0.00;0.00;0.00;0.00;0.00;582.00;582.00;0.00;0.00;0.00;0.00;97.00;679.00;582.00;582.00;0.00;0.00;0.00;0.00;0.00;0.00;582.00;0.00;1138.67;432.33;112.33;1171.01;1765.01;1363.34;1571.01;742.00;321.67;1203.35;1203.35;995.67;2347.00;2089.34;1197.00;90.00;1679.34;1369.33;1979.33;1209.33;320.00;480.00;561.66;337.00
1772830871.9198656;0.00;0.00;0.00;0.00;0.00;582.00;582.00;0.00;0.00;0.00;0.00;97.00;679.00;582.00;582.00;0.00;0.00;0.00;0.00;0.00;0.00;582.00;0.00;1138.67;432.33;112.33;1171.01;1765.01;1363.34;1571.01;742.00;321.67;1203.35;1203.35;995.67;2347.00;2089.34;1197.00;90.00;1679.34;1369.33;1979.33;1209.33;320.00;480.00;561.66;337.00
1772830871.9536097;0.00;0.00;0.00;0.00;0.00;582.00;582.00;0.00;0.00;0.00;0.00;97.00;776.00;582.00;582.00;0.00;0.00;0.00;0.00;0.00;0.00;582.00;0.00;1138.67;432.33;112.33;1171.01;1862.01;1460.34;1651.01;742.00;321.67;1203.35;1203.35;995.67;2524.00;2089.34;1197.00;170.00;1679.34;1369.33;1979.33;1209.33;320.00;480.00;561.66;337.00
1772830871.9555857;0.00;0.00;0.00;0.00;0.00;582.00;582.00;0.00;0.00;0.00;0.00;97.00;776.00;582.00;582.00;0.00;0.00;0.00;0.00;0.00;0.00;582.00;0.00;1138.67;432.33;112.33;1171.01;1862.01;1460.34;1651.01;742.00;321.67;1203.35;1203.35;995.67;2524.00;2089.34;1197.00;170.00;1679.34;1369.33;1979.33;1209.33;320.00;480.00;561.66;337.00
1772830871.98875;0.00;0.00;0.00;0.00;0.00;582.00;582.00;0.00;0.00;0.00;0.00;97.00;873.00;582.00;582.00;0.00;0.00;0.00;0.00;0.00;0.00;582.00;0.00;1138.67;432.33;112.33;1171.01;1959.01;1557.34;1795.68;822.00;321.67;1203.35;1203.35;995.67;2636.33;2089.34;1277.00;394.67;1679.34;1369.33;1979.33;1209.33;320.00;480.00;561.66;337.00
1772830871.9907966;0.00;0.00;0.00;0.00;0.00;582.00;582.00;0.00;0.00;0.00;0.00;97.00;873.00;582.00;582.00;0.00;0.00;0.00;0.00;0.00;0.00;582.00;0.00;1138.67;432.33;112.33;1171.01;1959.01;1557.34;1795.68;822.00;321.67;1203.35;1203.35;995.67;2636.33;2089.34;1277.00;394.67;1679.34;1369.33;1979.33;1209.33;320.00;480.00;561.66;337.00
1772830872.0236125;0.00;0.00;0.00;0.00;0.00;582.00;582.00;0.00;0.00;0.00;0.00;97.00;970.00;582.00;582.00;0.00;0.00;0.00;0.00;0.00;0.00;582.00;0.00;1138.67;432.33;112.33;1171.01;2056.01;1654.34;1892.68;822.00;321.67;1203.35;1203.35;995.67;2636.33;2089.34;1277.00;721.67;1679.34;1369.33;1979.33;1209.33;320.00;480.00;561.66;337.00
1772830872.02565;0.00;0.00;0.00;0.00;0.00;582.00;582.00;0.00;0.00;0.00;0.00;97.00;970.00;582.00;582.00;0.00;0.00;0.00;0.00;0.00;0.00;582.00;0.00;1138.67;432.33;112.33;1171.01;2056.01;1654.34;1892.68;822.00;321.67;1203.35;1203.35;995.67;2636.33;2089.34;1277.00;721.67;1679.34;1369.33;1979.33;1209.33;320.00;480.00;561.66;337.00
1772830872.0514765;0.00;0.00;0.00;0.00;0.00;582.00;582.00;0.00;0.00;0.00;0.00;97.00;1067.00;582.00;582.00;0.00;0.00;0.00;0.00;0.00;0.00;582.00;0.00;1138.67;432.33;112.33;1171.01;2153.01;1751.34;1989.68;966.67;401.67;1203.35;1203.35;995.67;2636.33;2169.34;1501.67;834.00;1679.34;1369.33;1979.33;1209.33;320.00;480.00;561.66;337.00
1772830872.0525029;0.00;0.00;0.00;0.00;0.00;582.00;582.00;0.00;0.00;0.00;0.00;97.00;1067.00;582.00;582.00;0.00;0.00;0.00;0.00;0.00;0.00;582.00;0.00;1138.67;432.33;112.33;1171.01;2153.01;1751.34;1989.68;966.67;401.67;1203.35;1203.35;995.67;2636.33;2169.34;1501.67;834.00;1679.34;1369.33;1979.33;1209.33;320.00;480.00;561.66;337.00
1772830872.0704224;0.00;0.00;0.00;0.00;0.00;582.00;582.00;0.00;0.00;0.00;0.00;97.00;1067.00;582.00;582.00;0.00;0.00;0.00;0.00;0.00;0.00;582.00;0.00;1138.67;432.33;112.33;1171.01;2153.01;1751.34;1989.68;966.67;401.67;1203.35;1203.35;995.67;2636.33;2169.34;1501.67;834.00;1679.34;1369.33;1979.33;1209.33;320.00;480.00;561.66;337.00
1772830872.0714796;0.00;0.00;0.00;0.00;0.00;582.00;582.00;0.00;0.00;0.00;0.00;97.00;1067.00;582.00;582.00;0.00;0.00;0.00;0.00;0.00;0.00;582.00;0.00;1138.67;432.33;112.33;1171.01;2153.01;1751.34;1989.68;966.67;401.67;1203.35;1203.35;995.67;2636.33;2169.34;1501.67;834.00;1679.34;1369.33;1979.33;1209.33;320.00;480.00;561.66;337.00
1772830894.9391224;0.00;0.00;0.00;0.00;0.00;582.00;582.00;97.00;0.00;0.00;0.00;97.00;1067.00;582.00;0.00;0.00;0.00;0.00;0.00;0.00;0.00;0.00;0.00;529.34;112.33;112.33;561.67;1574.34;709.67;948.01;919.01;337.00;529.34;689.34;689.34;2636.33;1280.00;1389.34;262.33;0.00;120.00;0.00;600.00;0.00;0.00;0.00;0.00
1772830894.9408748;0.00;0.00;0.00;0.00;0.00;582.00;582.00;97.00;0.00;0.00;0.00;97.00;1067.00;582.00;0.00;0.00;0.00;0.00;0.00;0.00;0.00;0.00;0.00;529.34;112.33;112.33;561.67;1574.34;709.67;948.01;919.01;337.00;529.34;689.34;689.34;2636.33;1280.00;1389.34;262.33;0.00;120.00;0.00;600.00;0.00;0.00;0.00;0.00
1772830894.9689474;0.00;0.00;0.00;0.00;0.00;582.00;582.00;194.00;0.00;0.00;0.00;97.00;1067.00;582.00;0.00;0.00;0.00;0.00;0.00;0.00;0.00;0.00;0.00;529.34;112.33;112.33;561.67;1574.34;774.34;1012.68;999.01;417.00;529.34;689.34;689.34;2636.33;1430.00;1389.34;262.33;0.00;120.00;0.00;664.67;0.00;0.00;0.00;0.00
1772830894.97;0.00;0.00;0.00;0.00;0.00;582.00;582.00;194.00;0.00;0.00;0.00;97.00;1067.00;582.00;0.00;0.00;0.00;0.00;0.00;0.00;0.00;0.00;0.00;529.34;112.33;112.33;561.67;1574.34;774.34;1012.68;999.01;417.00;529.34;689.34;689.34;2636.33;1430.00;1389.34;262.33;0.00;120.00;0.00;664.67;0.00;0.00;0.00;0.00
1772830894.9937642;0.00;0.00;0.00;0.00;0.00;582.00;582.00;291.00;0.00;0.00;0.00;97.00;1067.00;582.00;0.00;0.00;0.00;0.00;0.00;0.00;0.00;0.00;0.00;529.34;112.33;112.33;641.67;1814.34;919.01;1157.35;999.01;417.00;529.34;689.34;689.34;2636.33;1430.00;1389.34;262.33;150.00;280.00;0.00;889.34;0.00;0.00;0.00;0.00
1772830894.9946637;0.00;0.00;0.00;0.00;0.00;582.00;582.00;291.00;0.00;0.00;0.00;97.00;1067.00;582.00;0.00;0.00;0.00;0.00;0.00;0.00;0.00;0.00;0.00;529.34;112.33;112.33;641.67;1814.34;919.01;1157.35;999.01;417.00;529.34;689.34;689.34;2636.33;1430.00;1389.34;262.33;150.00;280.00;0.00;889.34;0.00;0.00;0.00;0.00
1772830895.0837355;0.00;0.00;0.00;0.00;0.00;582.00;582.00;388.00;0.00;0.00;0.00;97.00;1067.00;582.00;0.00;0.00;0.00;0.00;0.00;0.00;0.00;0.00;0.00;529.34;192.33;192.33;881.67;2054.34;1063.68;1302.02;999.01;417.00;529.34;689.34;689.34;2636.33;1430.00;1389.34;262.33;310.00;600.00;150.00;1114.01;0.00;0.00;0.00;0.00
1772830895.0847309;0.00;0.00;0.00;0.00;0.00;582.00;582.00;388.00;0.00;0.00;0.00;97.00;1067.00;582.00;0.00;0.00;0.00;0.00;0.00;0.00;0.00;0.00;0.00;529.34;192.33;192.33;881.67;2054.34;1063.68;1302.02;999.01;417.00;529.34;689.34;689.34;2636.33;1430.00;1389.34;262.33;310.00;600.00;150.00;1114.01;0.00;0.00;0.00;0.00
1772830895.1050973;0.00;0.00;0.00;0.00;0.00;582.00;582.00;388.00;0.00;0.00;0.00;97.00;1067.00;582.00;0.00;0.00;0.00;0.00;0.00;0.00;0.00;0.00;0.00;529.34;192.33;192.33;881.67;2054.34;1063.68;1302.02;999.01;417.00;529.34;689.34;689.34;2636.33;1430.00;1389.34;262.33;310.00;600.00;150.00;1114.01;0.00;0.00;0.00;0.00
1772830895.1060543;0.00;0.00;0.00;0.00;0.00;582.00;582.00;388.00;0.00;0.00;0.00;97.00;1067.00;582.00;0.00;0.00;0.00;0.00;0.00;0.00;0.00;0.00;0.00;529.34;192.33;192.33;881.67;2054.34;1063.68;1302.02;999.01;417.00;529.34;689.34;689.34;2636.33;1430.00;1389.34;262.33;310.00;600.00;150.00;1114.01;0.00;0.00;0.00;0.00
1772830895.1269367;0.00;0.00;0.00;0.00;0.00;582.00;582.00;388.00;0.00;0.00;0.00;97.00;1067.00;582.00;0.00;0.00;0.00;0.00;0.00;0.00;0.00;0.00;0.00;529.34;192.33;192.33;881.67;2054.34;1063.68;1302.02;999.01;417.00;529.34;689.34;689.34;2636.33;1430.00;1389.34;262.33;310.00;600.00;150.00;1114.01;0.00;0.00;0.00;0.00
1772830895.1278727;0.00;0.00;0.00;0.00;0.00;582.00;582.00;388.00;0.00;0.00;0.00;97.00;1067.00;582.00;0.00;0.00;0.00;0.00;0.00;0.00;0.00;0.00;0.00;529.34;192.33;192.33;881.67;2054.34;1063.68;1302.02;999.01;417.00;529.34;689.34;689.34;2636.33;1430.00;1389.34;262.33;310.00;600.00;150.00;1114.01;0.00;0.00;0.00;0.00
1772830912.9936404;0.00;0.00;0.00;0.00;0.00;582.00;582.00;388.00;0.00;0.00;0.00;97.00;1067.00;0.00;0.00;0.00;0.00;0.00;0.00;0.00;0.00;0.00;97.00;0.00;80.00;80.00;801.67;2054.34;1063.68;1302.02;999.01;417.00;240.00;240.00;0.00;2636.33;310.00;1389.34;262.33;160.00;450.00;0.00;1114.01;0.00;320.00;337.00;0.00
1772830912.9958017;0.00;0.00;0.00;0.00;0.00;582.00;582.00;388.00;0.00;0.00;0.00;97.00;1067.00;0.00;0.00;0.00;0.00;0.00;0.00;0.00;0.00;0.00;97.00;0.00;80.00;80.00;801.67;2054.34;1063.68;1302.02;999.01;417.00;240.00;240.00;0.00;2636.33;310.00;1389.34;262.33;160.00;450.00;0.00;1114.01;0.00;320.00;337.00;0.00
1772830913.0474868;0.00;0.00;0.00;0.00;0.00;582.00;582.00;388.00;0.00;0.00;0.00;97.00;1067.00;0.00;0.00;0.00;0.00;0.00;0.00;0.00;0.00;0.00;194.00;240.00;80.00;80.00;801.67;2054.34;1063.68;1302.02;999.01;417.00;240.00;400.00;144.67;2636.33;310.00;1389.34;262.33;160.00;450.00;310.00;1114.01;0.00;480.00;449.33;224.67
1772830913.0490117;0.00;0.00;0.00;0.00;0.00;582.00;582.00;388.00;0.00;0.00;0.00;97.00;1067.00;0.00;0.00;0.00;0.00;0.00;0.00;0.00;0.00;0.00;194.00;240.00;80.00;80.00;801.67;2054.34;1063.68;1302.02;999.01;417.00;240.00;400.00;144.67;2636.33;310.00;1389.34;262.33;160.00;450.00;310.00;1114.01;0.00;480.00;449.33;224.67
1772830913.0845227;0.00;0.00;0.00;0.00;0.00;582.00;582.00;388.00;0.00;0.00;0.00;97.00;1067.00;0.00;0.00;0.00;0.00;0.00;0.00;0.00;0.00;0.00;291.00;320.00;160.00;160.00;801.67;2054.34;1063.68;1302.02;999.01;417.00;304.67;464.67;224.67;2636.33;374.67;1389.34;262.33;310.00;450.00;470.00;1114.01;0.00;480.00;561.66;224.67
1772830913.0861042;0.00;0.00;0.00;0.00;0.00;582.00;582.00;388.00;0.00;0.00;0.00;97.00;1067.00;0.00;0.00;0.00;0.00;0.00;0.00;0.00;0.00;0.00;291.00;320.00;160.00;160.00;801.67;2054.34;1063.68;1302.02;999.01;417.00;304.67;464.67;224.67;2636.33;374.67;1389.34;262.33;310.00;450.00;470.00;1114.01;0.00;480.00;561.66;224.67
1772830913.1216624;0.00;0.00;0.00;0.00;0.00;582.00;582.00;388.00;0.00;0.00;0.00;97.00;1067.00;0.00;0.00;0.00;0.00;0.00;0.00;0.00;0.00;0.00;388.00;400.00;240.00;240.00;881.67;2054.34;1063.68;1302.02;999.01;417.00;369.34;529.34;257.00;2636.33;439.34;1389.34;262.33;310.00;600.00;630.00;1114.01;0.00;480.00;561.66;337.00
1772830913.123244;0.00;0.00;0.00;0.00;0.00;582.00;582.00;388.00;0.00;0.00;0.00;97.00;1067.00;0.00;0.00;0.00;0.00;0.00;0.00;0.00;0.00;0.00;388.00;400.00;240.00;240.00;881.67;2054.34;1063.68;1302.02;999.01;417.00;369.34;529.34;257.00;2636.33;439.34;1389.34;262.33;310.00;600.00;630.00;1114.01;0.00;480.00;561.66;337.00
1772830913.1543808;0.00;0.00;0.00;0.00;0.00;582.00;582.00;388.00;0.00;0.00;0.00;97.00;1067.00;0.00;0.00;0.00;0.00;0.00;0.00;0.00;0.00;0.00;388.00;400.00;240.00;240.00;881.67;2054.34;1063.68;1302.02;999.01;417.00;369.34;529.34;257.00;2636.33;439.34;1389.34;262.33;310.00;600.00;630.00;1114.01;0.00;480.00;561.66;337.00
1772830913.1561098;0.00;0.00;0.00;0.00;0.00;582.00;582.00;388.00;0.00;0.00;0.00;97.00;1067.00;0.00;0.00;0.00;0.00;0.00;0.00;0.00;0.00;0.00;388.00;400.00;240.00;240.00;881.67;2054.34;1063.68;1302.02;999.01;417.00;369.34;529.34;257.00;2636.33;439.34;1389.34;262.33;310.00;600.00;630.00;1114.01;0.00;480.00;561.66;337.00
1772830913.1875906;0.00;0.00;0.00;0.00;0.00;582.00;582.00;388.00;0.00;0.00;0.00;97.00;1067.00;0.00;0.00;0.00;0.00;0.00;0.00;0.00;0.00;0.00;388.00;400.00;240.00;240.00;881.67;2054.34;1063.68;1302.02;999.01;417.00;369.34;529.34;257.00;2636.33;439.34;1389.34;262.33;310.00;600.00;630.00;1114.01;0.00;480.00;561.66;337.00
1772830913.189305;0.00;0.00;0.00;0.00;0.00;582.00;582.00;388.00;0.00;0.00;0.00;97.00;1067.00;0.00;0.00;0.00;0.00;0.00;0.00;0.00;0.00;0.00;388.00;400.00;240.00;240.00;881.67;2054.34;1063.68;1302.02;999.01;417.00;369.34;529.34;257.00;2636.33;439.34;1389.34;262.33;310.00;600.00;630.00;1114.01;0.00;480.00;561.66;337.00
1772830933.0380979;0.00;0.00;0.00;0.00;0.00;0.00;582.00;388.00;0.00;0.00;0.00;97.00;1067.00;0.00;0.00;0.00;0.00;0.00;0.00;97.00;0.00;0.00;388.00;400.00;240.00;400.00;961.67;2134.34;1143.68;80.00;369.34;417.00;369.34;529.34;257.00;0.00;439.34;1389.34;150.00;647.00;600.00;630.00;1114.01;160.00;480.00;561.66;337.00
1772830933.0401895;0.00;0.00;0.00;0.00;0.00;0.00;582.00;388.00;0.00;0.00;0.00;97.00;1067.00;0.00;0.00;0.00;0.00;0.00;0.00;97.00;0.00;0.00;388.00;400.00;240.00;400.00;961.67;2134.34;1143.68;80.00;369.34;417.00;369.34;529.34;257.00;0.00;439.34;1389.34;150.00;647.00;600.00;630.00;1114.01;160.00;480.00;561.66;337.00
1772830933.084127;0.00;0.00;0.00;0.00;0.00;0.00;582.00;388.00;0.00;0.00;0.00;97.00;1067.00;0.00;0.00;0.00;0.00;0.00;0.00;194.00;0.00;0.00;388.00;400.00;400.00;720.00;1266.34;2214.34;1223.68;80.00;369.34;417.00;369.34;529.34;257.00;150.00;439.34;1389.34;150.00;759.33;824.67;1100.00;1114.01;320.00;480.00;561.66;337.00
1772830933.0857005;0.00;0.00;0.00;0.00;0.00;0.00;582.00;388.00;0.00;0.00;0.00;97.00;1067.00;0.00;0.00;0.00;0.00;0.00;0.00;194.00;0.00;0.00;388.00;400.00;400.00;720.00;1266.34;2214.34;1223.68;80.00;369.34;417.00;369.34;529.34;257.00;150.00;439.34;1389.34;150.00;759.33;824.67;1100.00;1114.01;320.00;480.00;561.66;337.00
1772830933.1199644;0.00;0.00;0.00;0.00;0.00;0.00;582.00;388.00;0.00;0.00;0.00;97.00;1067.00;0.00;0.00;0.00;0.00;0.00;0.00;291.00;0.00;0.00;388.00;400.00;512.33;832.33;1346.34;2294.34;1303.68;80.00;369.34;417.00;369.34;529.34;257.00;300.00;439.34;1389.34;150.00;909.33;824.67;1212.33;1114.01;320.00;480.00;561.66;337.00
1772830933.121489;0.00;0.00;0.00;0.00;0.00;0.00;582.00;388.00;0.00;0.00;0.00;97.00;1067.00;0.00;0.00;0.00;0.00;0.00;0.00;291.00;0.00;0.00;388.00;400.00;512.33;832.33;1346.34;2294.34;1303.68;80.00;369.34;417.00;369.34;529.34;257.00;300.00;439.34;1389.34;150.00;909.33;824.67;1212.33;1114.01;320.00;480.00;561.66;337.00
1772830933.1566076;0.00;0.00;0.00;0.00;0.00;0.00;582.00;388.00;0.00;0.00;0.00;97.00;1067.00;0.00;0.00;0.00;0.00;0.00;0.00;388.00;0.00;0.00;388.00;400.00;624.66;944.66;1426.34;2374.34;1383.68;80.00;369.34;417.00;369.34;529.34;257.00;450.00;439.34;1389.34;150.00;1059.33;824.67;1324.66;1114.01;320.00;480.00;561.66;337.00
1772830933.1581748;0.00;0.00;0.00;0.00;0.00;0.00;582.00;388.00;0.00;0.00;0.00;97.00;1067.00;0.00;0.00;0.00;0.00;0.00;0.00;388.00;0.00;0.00;388.00;400.00;624.66;944.66;1426.34;2374.34;1383.68;80.00;369.34;417.00;369.34;529.34;257.00;450.00;439.34;1389.34;150.00;1059.33;824.67;1324.66;1114.01;320.00;480.00;561.66;337.00
1772830933.1931686;0.00;0.00;0.00;0.00;0.00;0.00;582.00;388.00;0.00;0.00;0.00;97.00;1067.00;0.00;0.00;0.00;0.00;0.00;0.00;485.00;0.00;0.00;388.00;400.00;689.33;1009.33;1458.67;2406.67;1463.68;80.00;369.34;417.00;369.34;529.34;257.00;600.00;439.34;1389.34;150.00;1059.33;824.67;1474.66;1226.34;320.00;480.00;561.66;337.00
1772830933.194813;0.00;0.00;0.00;0.00;0.00;0.00;582.00;388.00;0.00;0.00;0.00;97.00;1067.00;0.00;0.00;0.00;0.00;0.00;0.00;485.00;0.00;0.00;388.00;400.00;689.33;1009.33;1458.67;2406.67;1463.68;80.00;369.34;417.00;369.34;529.34;257.00;600.00;439.34;1389.34;150.00;1059.33;824.67;1474.66;1226.34;320.00;480.00;561.66;337.00
1772830933.229927;0.00;0.00;0.00;0.00;0.00;0.00;582.00;388.00;0.00;0.00;0.00;97.00;1067.00;0.00;0.00;0.00;0.00;0.00;0.00;582.00;0.00;0.00;388.00;400.00;866.33;1186.33;1538.67;2486.67;1543.68;80.00;369.34;417.00;369.34;529.34;257.00;750.00;439.34;1389.34;150.00;1059.33;824.67;1624.66;1226.34;320.00;480.00;561.66;337.00
1772830933.2316124;0.00;0.00;0.00;0.00;0.00;0.00;582.00;388.00;0.00;0.00;0.00;97.00;1067.00;0.00;0.00;0.00;0.00;0.00;0.00;582.00;0.00;0.00;388.00;400.00;866.33;1186.33;1538.67;2486.67;1543.68;80.00;369.34;417.00;369.34;529.34;257.00;750.00;439.34;1389.34;150.00;1059.33;824.67;1624.66;1226.34;320.00;480.00;561.66;337.00
1772830950.0681064;0.00;0.00;0.00;97.00;0.00;0.00;0.00;388.00;0.00;0.00;0.00;97.00;485.00;0.00;0.00;0.00;0.00;0.00;0.00;582.00;0.00;0.00;388.00;400.00;866.33;1186.33;881.67;0.00;0.00;0.00;209.34;160.00;369.34;529.34;257.00;0.00;300.00;0.00;150.00;1059.33;0.00;1624.66;626.34;320.00;480.00;561.66;337.00
1772830950.0696282;0.00;0.00;0.00;97.00;0.00;0.00;0.00;388.00;0.00;0.00;0.00;97.00;485.00;0.00;0.00;0.00;0.00;0.00;0.00;582.00;0.00;0.00;388.00;400.00;866.33;1186.33;881.67;0.00;0.00;0.00;209.34;160.00;369.34;529.34;257.00;0.00;300.00;0.00;150.00;1059.33;0.00;1624.66;626.34;320.00;480.00;561.66;337.00
1772830950.1057725;0.00;0.00;0.00;194.00;0.00;0.00;0.00;388.00;0.00;0.00;0.00;97.00;485.00;0.00;0.00;0.00;0.00;0.00;0.00;582.00;0.00;0.00;388.00;400.00;866.33;1186.33;881.67;0.00;0.00;80.00;289.34;240.00;369.34;529.34;257.00;150.00;450.00;0.00;150.00;1059.33;0.00;1624.66;626.34;320.00;480.00;561.66;337.00
1772830950.1071472;0.00;0.00;0.00;194.00;0.00;0.00;0.00;388.00;0.00;0.00;0.00;97.00;485.00;0.00;0.00;0.00;0.00;0.00;0.00;582.00;0.00;0.00;388.00;400.00;866.33;1186.33;881.67;0.00;0.00;80.00;289.34;240.00;369.34;529.34;257.00;150.00;450.00;0.00;150.00;1059.33;0.00;1624.66;626.34;320.00;480.00;561.66;337.00
1772830950.143617;0.00;0.00;0.00;291.00;0.00;0.00;0.00;388.00;0.00;0.00;0.00;97.00;485.00;0.00;0.00;0.00;0.00;0.00;0.00;582.00;0.00;0.00;388.00;400.00;866.33;1186.33;881.67;0.00;0.00;160.00;369.34;320.00;369.34;529.34;257.00;300.00;600.00;0.00;150.00;1059.33;0.00;1624.66;626.34;320.00;480.00;561.66;337.00
1772830950.1451762;0.00;0.00;0.00;291.00;0.00;0.00;0.00;388.00;0.00;0.00;0.00;97.00;485.00;0.00;0.00;0.00;0.00;0.00;0.00;582.00;0.00;0.00;388.00;400.00;866.33;1186.33;881.67;0.00;0.00;160.00;369.34;320.00;369.34;529.34;257.00;300.00;600.00;0.00;150.00;1059.33;0.00;1624.66;626.34;320.00;480.00;561.66;337.00
1772830950.1813126;0.00;0.00;0.00;388.00;0.00;0.00;0.00;388.00;0.00;0.00;0.00;97.00;485.00;0.00;0.00;0.00;0.00;0.00;0.00;582.00;0.00;0.00;388.00;400.00;866.33;1186.33;881.67;0.00;0.00;240.00;449.34;400.00;369.34;529.34;257.00;450.00;750.00;0.00;150.00;1059.33;0.00;1624.66;626.34;320.00;480.00;561.66;337.00
1772830950.1827295;0.00;0.00;0.00;388.00;0.00;0.00;0.00;388.00;0.00;0.00;0.00;97.00;485.00;0.00;0.00;0.00;0.00;0.00;0.00;582.00;0.00;0.00;388.00;400.00;866.33;1186.33;881.67;0.00;0.00;240.00;449.34;400.00;369.34;529.34;257.00;450.00;750.00;0.00;150.00;1059.33;0.00;1624.66;626.34;320.00;480.00;561.66;337.00
1772830950.218287;0.00;0.00;0.00;485.00;0.00;0.00;0.00;388.00;0.00;0.00;0.00;97.00;485.00;0.00;0.00;0.00;0.00;0.00;0.00;582.00;0.00;0.00;388.00;400.00;866.33;1186.33;881.67;0.00;0.00;320.00;689.34;640.00;369.34;529.34;257.00;600.00;750.00;0.00;300.00;1059.33;0.00;1624.66;626.34;320.00;480.00;561.66;337.00
1772830950.2197459;0.00;0.00;0.00;485.00;0.00;0.00;0.00;388.00;0.00;0.00;0.00;97.00;485.00;0.00;0.00;0.00;0.00;0.00;0.00;582.00;0.00;0.00;388.00;400.00;866.33;1186.33;881.67;0.00;0.00;320.00;689.34;640.00;369.34;529.34;257.00;600.00;750.00;0.00;300.00;1059.33;0.00;1624.66;626.34;320.00;480.00;561.66;337.00
1772830950.256035;0.00;0.00;0.00;582.00;0.00;0.00;0.00;388.00;0.00;0.00;0.00;97.00;485.00;0.00;0.00;0.00;0.00;0.00;0.00;582.00;0.00;0.00;388.00;400.00;866.33;1186.33;881.67;0.00;0.00;400.00;929.34;880.00;369.34;529.34;257.00;750.00;750.00;0.00;450.00;1059.33;0.00;1624.66;626.34;320.00;480.00;561.66;337.00
1772830950.2575;0.00;0.00;0.00;582.00;0.00;0.00;0.00;388.00;0.00;0.00;0.00;97.00;485.00;0.00;0.00;0.00;0.00;0.00;0.00;582.00;0.00;0.00;388.00;400.00;866.33;1186.33;881.67;0.00;0.00;400.00;929.34;880.00;369.34;529.34;257.00;750.00;750.00;0.00;450.00;1059.33;0.00;1624.66;626.34;320.00;480.00;561.66;337.00
1772830969.1102357;0.00;0.00;0.00;582.00;0.00;0.00;0.00;388.00;0.00;97.00;0.00;97.00;485.00;0.00;0.00;0.00;0.00;0.00;0.00;582.00;0.00;0.00;388.00;400.00;866.33;1186.33;881.67;0.00;0.00;480.00;929.34;880.00;369.34;529.34;257.00;900.00;750.00;0.00;600.00;1059.33;0.00;1624.66;626.34;320.00;480.00;561.66;337.00
1772830969.1119313;0.00;0.00;0.00;582.00;0.00;0.00;0.00;388.00;0.00;97.00;0.00;97.00;485.00;0.00;0.00;0.00;0.00;0.00;0.00;582.00;0.00;0.00;388.00;400.00;866.33;1186.33;881.67;0.00;0.00;480.00;929.34;880.00;369.34;529.34;257.00;900.00;750.00;0.00;600.00;1059.33;0.00;1624.66;626.34;320.00;480.00;561.66;337.00
1772830969.265898;0.00;0.00;0.00;582.00;0.00;0.00;0.00;388.00;0.00;194.00;0.00;97.00;485.00;0.00;0.00;0.00;0.00;0.00;0.00;582.00;0.00;0.00;388.00;400.00;866.33;1186.33;881.67;0.00;0.00;480.00;1009.34;880.00;369.34;529.34;257.00;900.00;750.00;150.00;750.00;1059.33;0.00;1624.66;626.34;320.00;480.00;561.66;337.00
1772830969.2675903;0.00;0.00;0.00;582.00;0.00;0.00;0.00;388.00;0.00;194.00;0.00;97.00;485.00;0.00;0.00;0.00;0.00;0.00;0.00;582.00;0.00;0.00;388.00;400.00;866.33;1186.33;881.67;0.00;0.00;480.00;1009.34;880.00;369.34;529.34;257.00;900.00;750.00;150.00;750.00;1059.33;0.00;1624.66;626.34;320.00;480.00;561.66;337.00
1772830969.3042471;0.00;0.00;0.00;582.00;0.00;0.00;0.00;388.00;0.00;291.00;0.00;97.00;485.00;0.00;0.00;0.00;0.00;0.00;0.00;582.00;0.00;0.00;388.00;400.00;866.33;1186.33;881.67;0.00;0.00;480.00;1089.34;880.00;369.34;529.34;257.00;900.00;750.00;300.00;900.00;1059.33;0.00;1624.66;626.34;320.00;480.00;561.66;337.00
1772830969.3058286;0.00;0.00;0.00;582.00;0.00;0.00;0.00;388.00;0.00;291.00;0.00;97.00;485.00;0.00;0.00;0.00;0.00;0.00;0.00;582.00;0.00;0.00;388.00;400.00;866.33;1186.33;881.67;0.00;0.00;480.00;1089.34;880.00;369.34;529.34;257.00;900.00;750.00;300.00;900.00;1059.33;0.00;1624.66;626.34;320.00;480.00;561.66;337.00
1772830969.3340595;0.00;0.00;0.00;582.00;0.00;0.00;0.00;388.00;0.00;388.00;0.00;97.00;485.00;0.00;0.00;0.00;0.00;0.00;0.00;582.00;0.00;0.00;388.00;400.00;866.33;1186.33;881.67;0.00;0.00;640.00;1169.34;880.00;369.34;529.34;257.00;1050.00;750.00;450.00;900.00;1059.33;0.00;1624.66;626.34;320.00;480.00;561.66;337.00
1772830969.334923;0.00;0.00;0.00;582.00;0.00;0.00;0.00;388.00;0.00;388.00;0.00;97.00;485.00;0.00;0.00;0.00;0.00;0.00;0.00;582.00;0.00;0.00;388.00;400.00;866.33;1186.33;881.67;0.00;0.00;640.00;1169.34;880.00;369.34;529.34;257.00;1050.00;750.00;450.00;900.00;1059.33;0.00;1624.66;626.34;320.00;480.00;561.66;337.00
1772830969.3575325;0.00;0.00;0.00;582.00;0.00;0.00;0.00;388.00;0.00;485.00;0.00;97.00;485.00;0.00;0.00;0.00;0.00;0.00;0.00;582.00;0.00;0.00;388.00;400.00;866.33;1186.33;881.67;0.00;0.00;864.67;1249.34;880.00;369.34;529.34;257.00;1200.00;750.00;600.00;900.00;1059.33;0.00;1624.66;626.34;320.00;480.00;561.66;337.00
1772830969.3584228;0.00;0.00;0.00;582.00;0.00;0.00;0.00;388.00;0.00;485.00;0.00;97.00;485.00;0.00;0.00;0.00;0.00;0.00;0.00;582.00;0.00;0.00;388.00;400.00;866.33;1186.33;881.67;0.00;0.00;864.67;1249.34;880.00;369.34;529.34;257.00;1200.00;750.00;600.00;900.00;1059.33;0.00;1624.66;626.34;320.00;480.00;561.66;337.00
1772830969.381288;0.00;0.00;0.00;582.00;0.00;0.00;0.00;388.00;0.00;582.00;0.00;97.00;485.00;0.00;0.00;0.00;0.00;0.00;0.00;582.00;0.00;0.00;388.00;400.00;866.33;1186.33;881.67;0.00;0.00;1089.34;1329.34;880.00;369.34;529.34;257.00;1350.00;750.00;750.00;900.00;1059.33;0.00;1624.66;626.34;320.00;480.00;561.66;337.00
1772830969.3821712;0.00;0.00;0.00;582.00;0.00;0.00;0.00;388.00;0.00;582.00;0.00;97.00;485.00;0.00;0.00;0.00;0.00;0.00;0.00;582.00;0.00;0.00;388.00;400.00;866.33;1186.33;881.67;0.00;0.00;1089.34;1329.34;880.00;369.34;529.34;257.00;1350.00;750.00;750.00;900.00;1059.33;0.00;1624.66;626.34;320.00;480.00;561.66;337.00
1772830990.1568778;0.00;0.00;0.00;582.00;0.00;0.00;0.00;485.00;0.00;582.00;0.00;0.00;485.00;0.00;0.00;0.00;0.00;0.00;0.00;582.00;0.00;0.00;388.00;400.00;866.33;1186.33;737.00;0.00;0.00;1266.34;1409.34;880.00;369.34;529.34;257.00;1500.00;750.00;900.00;900.00;1059.33;0.00;1624.66;26.34;320.00;480.00;561.66;337.00
1772830990.1587963;0.00;0.00;0.00;582.00;0.00;0.00;0.00;485.00;0.00;582.00;0.00;0.00;485.00;0.00;0.00;0.00;0.00;0.00;0.00;582.00;0.00;0.00;388.00;400.00;866.33;1186.33;737.00;0.00;0.00;1266.34;1409.34;880.00;369.34;529.34;257.00;1500.00;750.00;900.00;900.00;1059.33;0.00;1624.66;26.34;320.00;480.00;561.66;337.00
1772830990.1995556;0.00;0.00;0.00;582.00;0.00;0.00;0.00;582.00;0.00;582.00;0.00;0.00;485.00;0.00;0.00;0.00;0.00;0.00;0.00;582.00;0.00;0.00;388.00;400.00;866.33;1186.33;737.00;0.00;0.00;1443.34;1489.34;880.00;369.34;529.34;257.00;1650.00;750.00;1050.00;900.00;1059.33;0.00;1624.66;26.34;320.00;480.00;561.66;337.00
1772830990.2014394;0.00;0.00;0.00;582.00;0.00;0.00;0.00;582.00;0.00;582.00;0.00;0.00;485.00;0.00;0.00;0.00;0.00;0.00;0.00;582.00;0.00;0.00;388.00;400.00;866.33;1186.33;737.00;0.00;0.00;1443.34;1489.34;880.00;369.34;529.34;257.00;1650.00;750.00;1050.00;900.00;1059.33;0.00;1624.66;26.34;320.00;480.00;561.66;337.00
1772830990.2390304;0.00;0.00;0.00;582.00;0.00;0.00;0.00;679.00;0.00;582.00;0.00;0.00;485.00;0.00;0.00;0.00;0.00;0.00;0.00;582.00;0.00;0.00;388.00;400.00;866.33;1186.33;737.00;0.00;0.00;1555.67;1634.01;880.00;369.34;529.34;257.00;1650.00;750.00;1350.00;900.00;1059.33;0.00;1624.66;26.34;320.00;480.00;561.66;337.00
1772830990.2407906;0.00;0.00;0.00;582.00;0.00;0.00;0.00;679.00;0.00;582.00;0.00;0.00;485.00;0.00;0.00;0.00;0.00;0.00;0.00;582.00;0.00;0.00;388.00;400.00;866.33;1186.33;737.00;0.00;0.00;1555.67;1634.01;880.00;369.34;529.34;257.00;1650.00;750.00;1350.00;900.00;1059.33;0.00;1624.66;26.34;320.00;480.00;561.66;337.00
1772830990.2799287;0.00;0.00;0.00;582.00;0.00;0.00;0.00;776.00;0.00;582.00;0.00;0.00;485.00;0.00;0.00;0.00;0.00;0.00;0.00;582.00;0.00;0.00;388.00;400.00;866.33;1186.33;737.00;0.00;0.00;1668.00;1778.68;880.00;369.34;529.34;257.00;1650.00;750.00;1650.00;900.00;1059.33;0.00;1624.66;26.34;320.00;480.00;561.66;337.00
1772830990.2819607;0.00;0.00;0.00;582.00;0.00;0.00;0.00;776.00;0.00;582.00;0.00;0.00;485.00;0.00;0.00;0.00;0.00;0.00;0.00;582.00;0.00;0.00;388.00;400.00;866.33;1186.33;737.00;0.00;0.00;1668.00;1778.68;880.00;369.34;529.34;257.00;1650.00;750.00;1650.00;900.00;1059.33;0.00;1624.66;26.34;320.00;480.00;561.66;337.00
1772830990.3198357;0.00;0.00;0.00;582.00;0.00;0.00;0.00;873.00;0.00;582.00;0.00;0.00;485.00;0.00;0.00;0.00;0.00;0.00;0.00;582.00;0.00;0.00;388.00;400.00;866.33;1186.33;737.00;0.00;0.00;1668.00;1875.68;880.00;369.34;529.34;257.00;1650.00;750.00;1950.00;900.00;1059.33;0.00;1624.66;26.34;320.00;480.00;561.66;337.00
1772830990.3216865;0.00;0.00;0.00;582.00;0.00;0.00;0.00;873.00;0.00;582.00;0.00;0.00;485.00;0.00;0.00;0.00;0.00;0.00;0.00;582.00;0.00;0.00;388.00;400.00;866.33;1186.33;737.00;0.00;0.00;1668.00;1875.68;880.00;369.34;529.34;257.00;1650.00;750.00;1950.00;900.00;1059.33;0.00;1624.66;26.34;320.00;480.00;561.66;337.00
1772830990.359585;0.00;0.00;0.00;582.00;0.00;0.00;0.00;970.00;0.00;582.00;0.00;0.00;485.00;0.00;0.00;0.00;0.00;0.00;0.00;582.00;0.00;0.00;388.00;400.00;866.33;1186.33;737.00;0.00;0.00;1668.00;1972.68;880.00;369.34;529.34;257.00;1650.00;750.00;2250.00;900.00;1059.33;0.00;1624.66;26.34;320.00;480.00;561.66;337.00
1772830990.361539;0.00;0.00;0.00;582.00;0.00;0.00;0.00;970.00;0.00;582.00;0.00;0.00;485.00;0.00;0.00;0.00;0.00;0.00;0.00;582.00;0.00;0.00;388.00;400.00;866.33;1186.33;737.00;0.00;0.00;1668.00;1972.68;880.00;369.34;529.34;257.00;1650.00;750.00;2250.00;900.00;1059.33;0.00;1624.66;26.34;320.00;480.00;561.66;337.00
1772831010.1901395;0.00;0.00;0.00;582.00;0.00;0.00;0.00;970.00;0.00;582.00;0.00;0.00;0.00;97.00;0.00;0.00;0.00;0.00;0.00;582.00;0.00;0.00;388.00;640.00;866.33;1186.33;737.00;0.00;0.00;1249.33;1748.01;1040.00;609.34;769.34;497.00;1263.67;830.00;2025.33;0.00;1059.33;0.00;1624.66;26.34;320.00;480.00;561.66;337.00
1772831010.1920857;0.00;0.00;0.00;582.00;0.00;0.00;0.00;970.00;0.00;582.00;0.00;0.00;0.00;97.00;0.00;0.00;0.00;0.00;0.00;582.00;0.00;0.00;388.00;640.00;866.33;1186.33;737.00;0.00;0.00;1249.33;1748.01;1040.00;609.34;769.34;497.00;1263.67;830.00;2025.33;0.00;1059.33;0.00;1624.66;26.34;320.00;480.00;561.66;337.00
1772831010.2315505;0.00;0.00;0.00;582.00;0.00;0.00;0.00;970.00;0.00;582.00;0.00;0.00;0.00;194.00;0.00;0.00;0.00;0.00;0.00;582.00;0.00;0.00;388.00;704.67;898.66;1218.66;817.00;80.00;80.00;1249.33;1908.01;1104.67;674.01;834.01;561.67;1343.67;830.00;2250.00;160.00;1059.33;0.00;1624.66;26.34;320.00;480.00;561.66;337.00
1772831010.2335255;0.00;0.00;0.00;582.00;0.00;0.00;0.00;970.00;0.00;582.00;0.00;0.00;0.00;194.00;0.00;0.00;0.00;0.00;0.00;582.00;0.00;0.00;388.00;704.67;898.66;1218.66;817.00;80.00;80.00;1249.33;1908.01;1104.67;674.01;834.01;561.67;1343.67;830.00;2250.00;160.00;1059.33;0.00;1624.66;26.34;320.00;480.00;561.66;337.00
1772831010.2739072;0.00;0.00;0.00;582.00;0.00;0.00;0.00;970.00;0.00;582.00;0.00;0.00;0.00;291.00;0.00;0.00;0.00;0.00;0.00;582.00;0.00;0.00;388.00;769.34;930.99;1250.99;897.00;160.00;160.00;1329.33;2068.01;1169.34;738.68;898.68;626.34;1343.67;830.00;2474.67;400.00;1059.33;0.00;1624.66;26.34;320.00;480.00;561.66;337.00
1772831010.2758546;0.00;0.00;0.00;582.00;0.00;0.00;0.00;970.00;0.00;582.00;0.00;0.00;0.00;291.00;0.00;0.00;0.00;0.00;0.00;582.00;0.00;0.00;388.00;769.34;930.99;1250.99;897.00;160.00;160.00;1329.33;2068.01;1169.34;738.68;898.68;626.34;1343.67;830.00;2474.67;400.00;1059.33;0.00;1624.66;26.34;320.00;480.00;561.66;337.00
1772831010.3150418;0.00;0.00;0.00;582.00;0.00;0.00;0.00;970.00;0.00;582.00;0.00;0.00;0.00;388.00;0.00;0.00;0.00;0.00;0.00;582.00;0.00;0.00;388.00;769.34;1027.99;1347.99;1041.67;304.67;304.67;1409.33;2068.01;1169.34;738.68;898.68;626.34;1408.34;830.00;2474.67;550.00;1059.33;0.00;1624.66;26.34;320.00;480.00;561.66;337.00
1772831010.3169436;0.00;0.00;0.00;582.00;0.00;0.00;0.00;970.00;0.00;582.00;0.00;0.00;0.00;388.00;0.00;0.00;0.00;0.00;0.00;582.00;0.00;0.00;388.00;769.34;1027.99;1347.99;1041.67;304.67;304.67;1409.33;2068.01;1169.34;738.68;898.68;626.34;1408.34;830.00;2474.67;550.00;1059.33;0.00;1624.66;26.34;320.00;480.00;561.66;337.00
1772831010.3567572;0.00;0.00;0.00;582.00;0.00;0.00;0.00;970.00;0.00;582.00;0.00;0.00;0.00;485.00;0.00;0.00;0.00;0.00;0.00;582.00;0.00;0.00;388.00;769.34;1124.99;1444.99;1186.34;369.34;369.34;1409.33;2068.01;1169.34;738.68;898.68;626.34;1473.01;830.00;2474.67;550.00;1059.33;150.00;1624.66;26.34;320.00;480.00;561.66;337.00
1772831010.3587837;0.00;0.00;0.00;582.00;0.00;0.00;0.00;970.00;0.00;582.00;0.00;0.00;0.00;485.00;0.00;0.00;0.00;0.00;0.00;582.00;0.00;0.00;388.00;769.34;1124.99;1444.99;1186.34;369.34;369.34;1409.33;2068.01;1169.34;738.68;898.68;626.34;1473.01;830.00;2474.67;550.00;1059.33;150.00;1624.66;26.34;320.00;480.00;561.66;337.00
1772831010.3979256;0.00;0.00;0.00;582.00;0.00;0.00;0.00;970.00;0.00;582.00;0.00;0.00;0.00;582.00;0.00;0.00;0.00;0.00;0.00;582.00;0.00;0.00;388.00;769.34;1221.99;1541.99;1331.01;514.01;434.01;1569.33;2228.01;1169.34;738.68;898.68;626.34;1697.68;830.00;2624.67;870.00;1059.33;150.00;1624.66;176.34;320.00;480.00;561.66;337.00
1772831010.3999877;0.00;0.00;0.00;582.00;0.00;0.00;0.00;970.00;0.00;582.00;0.00;0.00;0.00;582.00;0.00;0.00;0.00;0.00;0.00;582.00;0.00;0.00;388.00;769.34;1221.99;1541.99;1331.01;514.01;434.01;1569.33;2228.01;1169.34;738.68;898.68;626.34;1697.68;830.00;2624.67;870.00;1059.33;150.00;1624.66;176.34;320.00;480.00;561.66;337.00
1772831036.3529692;0.00;0.00;0.00;582.00;0.00;0.00;0.00;582.00;0.00;582.00;0.00;0.00;0.00;679.00;0.00;0.00;0.00;0.00;0.00;582.00;0.00;0.00;388.00;769.34;1286.66;1606.66;1011.01;0.00;0.00;735.32;1283.34;1089.34;738.68;898.68;626.34;1697.68;680.00;2400.00;607.67;1284.00;160.00;1474.66;0.00;320.00;480.00;561.66;337.00
1772831036.354938;0.00;0.00;0.00;582.00;0.00;0.00;0.00;582.00;0.00;582.00;0.00;0.00;0.00;679.00;0.00;0.00;0.00;0.00;0.00;582.00;0.00;0.00;388.00;769.34;1286.66;1606.66;1011.01;0.00;0.00;735.32;1283.34;1089.34;738.68;898.68;626.34;1697.68;680.00;2400.00;607.67;1284.00;160.00;1474.66;0.00;320.00;480.00;561.66;337.00
1772831036.397848;0.00;0.00;0.00;582.00;0.00;0.00;0.00;582.00;0.00;582.00;0.00;0.00;0.00;776.00;0.00;0.00;0.00;0.00;0.00;582.00;0.00;0.00;388.00;769.34;1431.33;1751.33;1155.68;240.00;80.00;815.32;1283.34;1089.34;738.68;898.68;626.34;1697.68;680.00;2400.00;757.67;1284.00;544.67;1474.66;160.00;320.00;480.00;561.66;337.00
1772831036.3998916;0.00;0.00;0.00;582.00;0.00;0.00;0.00;582.00;0.00;582.00;0.00;0.00;0.00;776.00;0.00;0.00;0.00;0.00;0.00;582.00;0.00;0.00;388.00;769.34;1431.33;1751.33;1155.68;240.00;80.00;815.32;1283.34;1089.34;738.68;898.68;626.34;1697.68;680.00;2400.00;757.67;1284.00;544.67;1474.66;160.00;320.00;480.00;561.66;337.00
1772831036.4422295;0.00;0.00;0.00;582.00;0.00;0.00;0.00;582.00;0.00;582.00;0.00;0.00;0.00;873.00;0.00;0.00;0.00;0.00;0.00;582.00;0.00;0.00;388.00;769.34;1528.33;1848.33;1300.35;384.67;240.00;975.32;1443.34;1089.34;738.68;898.68;626.34;1697.68;680.00;2560.00;757.67;1396.33;544.67;1474.66;694.67;320.00;480.00;561.66;337.00
1772831036.444219;0.00;0.00;0.00;582.00;0.00;0.00;0.00;582.00;0.00;582.00;0.00;0.00;0.00;873.00;0.00;0.00;0.00;0.00;0.00;582.00;0.00;0.00;388.00;769.34;1528.33;1848.33;1300.35;384.67;240.00;975.32;1443.34;1089.34;738.68;898.68;626.34;1697.68;680.00;2560.00;757.67;1396.33;544.67;1474.66;694.67;320.00;480.00;561.66;337.00
1772831036.486397;0.00;0.00;0.00;582.00;0.00;0.00;0.00;582.00;0.00;582.00;0.00;0.00;0.00;970.00;0.00;0.00;0.00;0.00;0.00;582.00;0.00;0.00;388.00;834.01;1560.66;1880.66;1332.68;417.00;320.00;1055.32;1843.34;1154.01;803.35;963.35;691.01;1857.68;680.00;3084.67;757.67;1396.33;544.67;1474.66;807.00;320.00;480.00;561.66;337.00
1772831036.4884882;0.00;0.00;0.00;582.00;0.00;0.00;0.00;582.00;0.00;582.00;0.00;0.00;0.00;970.00;0.00;0.00;0.00;0.00;0.00;582.00;0.00;0.00;388.00;834.01;1560.66;1880.66;1332.68;417.00;320.00;1055.32;1843.34;1154.01;803.35;963.35;691.01;1857.68;680.00;3084.67;757.67;1396.33;544.67;1474.66;807.00;320.00;480.00;561.66;337.00
1772831036.529474;0.00;0.00;0.00;582.00;0.00;0.00;0.00;582.00;0.00;582.00;0.00;0.00;0.00;1067.00;0.00;0.00;0.00;0.00;0.00;582.00;0.00;0.00;388.00;978.68;1672.99;1992.99;1332.68;417.00;480.00;1215.32;2003.34;1218.68;948.02;1108.02;835.68;1857.68;830.00;3309.34;757.67;1396.33;544.67;1474.66;957.00;320.00;480.00;561.66;337.00
1772831036.53165;0.00;0.00;0.00;582.00;0.00;0.00;0.00;582.00;0.00;582.00;0.00;0.00;0.00;1067.00;0.00;0.00;0.00;0.00;0.00;582.00;0.00;0.00;388.00;978.68;1672.99;1992.99;1332.68;417.00;480.00;1215.32;2003.34;1218.68;948.02;1108.02;835.68;1857.68;830.00;3309.34;757.67;1396.33;544.67;1474.66;957.00;320.00;480.00;561.66;337.00
1772831036.5694363;0.00;0.00;0.00;582.00;0.00;0.00;0.00;582.00;0.00;582.00;0.00;0.00;0.00;1067.00;0.00;0.00;0.00;0.00;0.00;582.00;0.00;0.00;388.00;978.68;1672.99;1992.99;1332.68;417.00;480.00;1215.32;2003.34;1218.68;948.02;1108.02;835.68;1857.68;830.00;3309.34;757.67;1396.33;544.67;1474.66;957.00;320.00;480.00;561.66;337.00
1772831036.5716858;0.00;0.00;0.00;582.00;0.00;0.00;0.00;582.00;0.00;582.00;0.00;0.00;0.00;1067.00;0.00;0.00;0.00;0.00;0.00;582.00;0.00;0.00;388.00;978.68;1672.99;1992.99;1332.68;417.00;480.00;1215.32;2003.34;1218.68;948.02;1108.02;835.68;1857.68;830.00;3309.34;757.67;1396.33;544.67;1474.66;957.00;320.00;480.00;561.66;337.00
1772831069.2685575;0.00;97.00;0.00;582.00;0.00;0.00;0.00;582.00;0.00;582.00;0.00;0.00;0.00;1067.00;0.00;0.00;0.00;0.00;0.00;0.00;0.00;0.00;0.00;418.68;246.66;0.00;0.00;0.00;0.00;1135.32;2083.34;1283.35;578.68;418.68;578.68;0.00;455.33;3421.67;917.67;197.00;170.00;0.00;844.67;0.00;0.00;0.00;0.00
1772831069.2704165;0.00;97.00;0.00;582.00;0.00;0.00;0.00;582.00;0.00;582.00;0.00;0.00;0.00;1067.00;0.00;0.00;0.00;0.00;0.00;0.00;0.00;0.00;0.00;418.68;246.66;0.00;0.00;0.00;0.00;1135.32;2083.34;1283.35;578.68;418.68;578.68;0.00;455.33;3421.67;917.67;197.00;170.00;0.00;844.67;0.00;0.00;0.00;0.00
1772831069.317071;0.00;194.00;0.00;582.00;0.00;0.00;0.00;582.00;0.00;582.00;0.00;0.00;0.00;1067.00;0.00;0.00;0.00;0.00;0.00;0.00;0.00;0.00;0.00;418.68;246.66;0.00;0.00;0.00;0.00;1135.32;2195.67;1428.02;578.68;418.68;578.68;0.00;600.00;3421.67;1030.00;197.00;170.00;0.00;844.67;0.00;0.00;0.00;0.00
1772831069.3188834;0.00;194.00;0.00;582.00;0.00;0.00;0.00;582.00;0.00;582.00;0.00;0.00;0.00;1067.00;0.00;0.00;0.00;0.00;0.00;0.00;0.00;0.00;0.00;418.68;246.66;0.00;0.00;0.00;0.00;1135.32;2195.67;1428.02;578.68;418.68;578.68;0.00;600.00;3421.67;1030.00;197.00;170.00;0.00;844.67;0.00;0.00;0.00;0.00
1772831069.3592792;0.00;291.00;0.00;582.00;0.00;0.00;0.00;582.00;0.00;582.00;0.00;0.00;0.00;1067.00;0.00;0.00;0.00;0.00;0.00;0.00;0.00;0.00;0.00;418.68;246.66;0.00;0.00;0.00;0.00;1327.65;2388.00;1492.69;643.35;578.68;578.68;262.33;600.00;3421.67;1030.00;197.00;170.00;0.00;844.67;0.00;224.67;160.00;0.00
1772831069.3603513;0.00;291.00;0.00;582.00;0.00;0.00;0.00;582.00;0.00;582.00;0.00;0.00;0.00;1067.00;0.00;0.00;0.00;0.00;0.00;0.00;0.00;0.00;0.00;418.68;246.66;0.00;0.00;0.00;0.00;1327.65;2388.00;1492.69;643.35;578.68;578.68;262.33;600.00;3421.67;1030.00;197.00;170.00;0.00;844.67;0.00;224.67;160.00;0.00
1772831069.3876655;0.00;388.00;0.00;582.00;0.00;0.00;0.00;582.00;0.00;582.00;0.00;0.00;0.00;1067.00;0.00;0.00;0.00;0.00;0.00;0.00;0.00;0.00;0.00;498.68;246.66;0.00;160.00;64.67;64.67;1392.32;2452.67;1572.69;723.35;658.68;658.68;262.33;600.00;3421.67;1030.00;357.00;394.67;150.00;844.67;0.00;224.67;160.00;0.00
1772831069.3885777;0.00;388.00;0.00;582.00;0.00;0.00;0.00;582.00;0.00;582.00;0.00;0.00;0.00;1067.00;0.00;0.00;0.00;0.00;0.00;0.00;0.00;0.00;0.00;498.68;246.66;0.00;160.00;64.67;64.67;1392.32;2452.67;1572.69;723.35;658.68;658.68;262.33;600.00;3421.67;1030.00;357.00;394.67;150.00;844.67;0.00;224.67;160.00;0.00
1772831069.4146855;0.00;485.00;0.00;582.00;0.00;0.00;0.00;582.00;0.00;582.00;0.00;0.00;0.00;1067.00;0.00;0.00;0.00;0.00;0.00;0.00;0.00;0.00;0.00;658.68;246.66;0.00;160.00;144.67;97.00;1424.65;2485.00;1637.36;788.02;723.35;818.68;262.33;600.00;3421.67;1030.00;357.00;544.67;310.00;957.00;0.00;224.67;384.67;320.00
1772831069.4156213;0.00;485.00;0.00;582.00;0.00;0.00;0.00;582.00;0.00;582.00;0.00;0.00;0.00;1067.00;0.00;0.00;0.00;0.00;0.00;0.00;0.00;0.00;0.00;658.68;246.66;0.00;160.00;144.67;97.00;1424.65;2485.00;1637.36;788.02;723.35;818.68;262.33;600.00;3421.67;1030.00;357.00;544.67;310.00;957.00;0.00;224.67;384.67;320.00
1772831069.4419198;0.00;582.00;0.00;582.00;0.00;0.00;0.00;582.00;0.00;582.00;0.00;0.00;0.00;1067.00;0.00;0.00;0.00;0.00;0.00;0.00;0.00;0.00;0.00;803.35;396.66;0.00;160.00;144.67;97.00;1424.65;2485.00;1734.36;885.02;868.02;963.35;262.33;600.00;3421.67;1030.00;357.00;544.67;674.67;957.00;150.00;337.00;384.67;480.00
1772831069.4430044;0.00;582.00;0.00;582.00;0.00;0.00;0.00;582.00;0.00;582.00;0.00;0.00;0.00;1067.00;0.00;0.00;0.00;0.00;0.00;0.00;0.00;0.00;0.00;803.35;396.66;0.00;160.00;144.67;97.00;1424.65;2485.00;1734.36;885.02;868.02;963.35;262.33;600.00;3421.67;1030.00;357.00;544.67;674.67;957.00;150.00;337.00;384.67;480.00
1772831087.2960827;0.00;582.00;0.00;0.00;0.00;0.00;0.00;582.00;0.00;679.00;0.00;0.00;0.00;1067.00;0.00;0.00;0.00;0.00;0.00;0.00;0.00;0.00;0.00;803.35;396.66;0.00;160.00;144.67;97.00;80.00;165.00;0.00;885.02;868.02;963.35;150.00;0.00;3421.67;580.00;357.00;544.67;674.67;957.00;150.00;337.00;384.67;480.00
1772831087.2978814;0.00;582.00;0.00;0.00;0.00;0.00;0.00;582.00;0.00;679.00;0.00;0.00;0.00;1067.00;0.00;0.00;0.00;0.00;0.00;0.00;0.00;0.00;0.00;803.35;396.66;0.00;160.00;144.67;97.00;80.00;165.00;0.00;885.02;868.02;963.35;150.00;0.00;3421.67;580.00;357.00;544.67;674.67;957.00;150.00;337.00;384.67;480.00
1772831087.3399434;0.00;582.00;0.00;0.00;0.00;0.00;0.00;582.00;0.00;776.00;0.00;0.00;0.00;1067.00;0.00;0.00;0.00;0.00;0.00;0.00;0.00;0.00;0.00;803.35;396.66;0.00;160.00;144.67;97.00;80.00;262.00;97.00;885.02;868.02;963.35;150.00;300.00;3421.67;580.00;357.00;544.67;674.67;957.00;150.00;337.00;384.67;480.00
1772831087.3416398;0.00;582.00;0.00;0.00;0.00;0.00;0.00;582.00;0.00;776.00;0.00;0.00;0.00;1067.00;0.00;0.00;0.00;0.00;0.00;0.00;0.00;0.00;0.00;803.35;396.66;0.00;160.00;144.67;97.00;80.00;262.00;97.00;885.02;868.02;963.35;150.00;300.00;3421.67;580.00;357.00;544.67;674.67;957.00;150.00;337.00;384.67;480.00
1772831087.501683;0.00;582.00;0.00;0.00;0.00;0.00;0.00;582.00;0.00;873.00;0.00;0.00;0.00;1067.00;0.00;0.00;0.00;0.00;0.00;0.00;0.00;0.00;0.00;803.35;396.66;0.00;160.00;144.67;97.00;80.00;359.00;194.00;885.02;868.02;963.35;150.00;600.00;3421.67;580.00;357.00;544.67;674.67;957.00;150.00;337.00;384.67;480.00
1772831087.5035074;0.00;582.00;0.00;0.00;0.00;0.00;0.00;582.00;0.00;873.00;0.00;0.00;0.00;1067.00;0.00;0.00;0.00;0.00;0.00;0.00;0.00;0.00;0.00;803.35;396.66;0.00;160.00;144.67;97.00;80.00;359.00;194.00;885.02;868.02;963.35;150.00;600.00;3421.67;580.00;357.00;544.67;674.67;957.00;150.00;337.00;384.67;480.00
1772831087.5460756;0.00;582.00;0.00;0.00;0.00;0.00;0.00;582.00;0.00;970.00;0.00;0.00;0.00;1067.00;0.00;0.00;0.00;0.00;0.00;0.00;0.00;0.00;0.00;803.35;396.66;0.00;160.00;144.67;97.00;80.00;456.00;291.00;885.02;868.02;963.35;150.00;900.00;3421.67;580.00;357.00;544.67;674.67;957.00;150.00;337.00;384.67;480.00
1772831087.5478113;0.00;582.00;0.00;0.00;0.00;0.00;0.00;582.00;0.00;970.00;0.00;0.00;0.00;1067.00;0.00;0.00;0.00;0.00;0.00;0.00;0.00;0.00;0.00;803.35;396.66;0.00;160.00;144.67;97.00;80.00;456.00;291.00;885.02;868.02;963.35;150.00;900.00;3421.67;580.00;357.00;544.67;674.67;957.00;150.00;337.00;384.67;480.00
1772831087.5905986;0.00;582.00;0.00;0.00;0.00;0.00;0.00;582.00;0.00;1067.00;0.00;0.00;0.00;1067.00;0.00;0.00;0.00;0.00;0.00;0.00;0.00;0.00;0.00;803.35;396.66;0.00;160.00;144.67;97.00;80.00;553.00;388.00;885.02;868.02;963.35;150.00;1200.00;3421.67;580.00;357.00;544.67;674.67;957.00;150.00;337.00;384.67;480.00
1772831087.592375;0.00;582.00;0.00;0.00;0.00;0.00;0.00;582.00;0.00;1067.00;0.00;0.00;0.00;1067.00;0.00;0.00;0.00;0.00;0.00;0.00;0.00;0.00;0.00;803.35;396.66;0.00;160.00;144.67;97.00;80.00;553.00;388.00;885.02;868.02;963.35;150.00;1200.00;3421.67;580.00;357.00;544.67;674.67;957.00;150.00;337.00;384.67;480.00
1772831087.6348147;0.00;582.00;0.00;0.00;0.00;0.00;0.00;582.00;0.00;1164.00;0.00;0.00;0.00;1067.00;0.00;0.00;0.00;0.00;0.00;0.00;0.00;0.00;0.00;963.35;556.66;0.00;160.00;144.67;97.00;80.00;650.00;485.00;1045.02;1028.02;1123.35;150.00;1350.00;3421.67;580.00;357.00;544.67;674.67;957.00;310.00;337.00;384.67;480.00
1772831087.6365979;0.00;582.00;0.00;0.00;0.00;0.00;0.00;582.00;0.00;1164.00;0.00;0.00;0.00;1067.00;0.00;0.00;0.00;0.00;0.00;0.00;0.00;0.00;0.00;963.35;556.66;0.00;160.00;144.67;97.00;80.00;650.00;485.00;1045.02;1028.02;1123.35;150.00;1350.00;3421.67;580.00;357.00;544.67;674.67;957.00;310.00;337.00;384.67;480.00
1772831116.3257132;0.00;582.00;0.00;0.00;0.00;0.00;0.00;582.00;0.00;582.00;0.00;0.00;0.00;485.00;0.00;0.00;0.00;97.00;0.00;0.00;0.00;0.00;0.00;658.68;495.67;0.00;0.00;0.00;0.00;0.00;0.00;275.66;740.35;723.35;818.68;0.00;1414.67;160.00;0.00;357.00;394.67;674.67;807.00;572.33;337.00;384.67;480.00
1772831116.3272486;0.00;582.00;0.00;0.00;0.00;0.00;0.00;582.00;0.00;582.00;0.00;0.00;0.00;485.00;0.00;0.00;0.00;97.00;0.00;0.00;0.00;0.00;0.00;658.68;495.67;0.00;0.00;0.00;0.00;0.00;0.00;275.66;740.35;723.35;818.68;0.00;1414.67;160.00;0.00;357.00;394.67;674.67;807.00;572.33;337.00;384.67;480.00
1772831116.3740315;0.00;582.00;0.00;0.00;0.00;0.00;0.00;582.00;0.00;582.00;0.00;0.00;0.00;485.00;0.00;0.00;0.00;194.00;0.00;0.00;0.00;0.00;0.00;738.68;790.34;0.00;0.00;0.00;0.00;0.00;0.00;355.66;820.35;803.35;898.68;0.00;1414.67;240.00;0.00;357.00;394.67;674.67;807.00;834.66;337.00;384.67;480.00
1772831116.3755627;0.00;582.00;0.00;0.00;0.00;0.00;0.00;582.00;0.00;582.00;0.00;0.00;0.00;485.00;0.00;0.00;0.00;194.00;0.00;0.00;0.00;0.00;0.00;738.68;790.34;0.00;0.00;0.00;0.00;0.00;0.00;355.66;820.35;803.35;898.68;0.00;1414.67;240.00;0.00;357.00;394.67;674.67;807.00;834.66;337.00;384.67;480.00
1772831116.4223447;0.00;582.00;0.00;0.00;0.00;0.00;0.00;582.00;0.00;582.00;0.00;0.00;0.00;485.00;0.00;0.00;0.00;291.00;0.00;0.00;0.00;0.00;0.00;738.68;1005.01;32.33;80.00;80.00;80.00;0.00;0.00;355.66;820.35;803.35;898.68;80.00;1414.67;240.00;0.00;469.33;394.67;674.67;807.00;984.66;337.00;384.67;480.00
1772831116.4240234;0.00;582.00;0.00;0.00;0.00;0.00;0.00;582.00;0.00;582.00;0.00;0.00;0.00;485.00;0.00;0.00;0.00;291.00;0.00;0.00;0.00;0.00;0.00;738.68;1005.01;32.33;80.00;80.00;80.00;0.00;0.00;355.66;820.35;803.35;898.68;80.00;1414.67;240.00;0.00;469.33;394.67;674.67;807.00;984.66;337.00;384.67;480.00
1772831116.4713535;0.00;582.00;0.00;0.00;0.00;0.00;0.00;582.00;0.00;582.00;0.00;0.00;0.00;485.00;0.00;0.00;0.00;388.00;0.00;0.00;0.00;0.00;0.00;738.68;1342.01;272.33;320.00;320.00;320.00;80.00;0.00;355.66;820.35;803.35;898.68;240.00;1414.67;240.00;80.00;469.33;394.67;674.67;807.00;984.66;337.00;384.67;480.00
1772831116.4731176;0.00;582.00;0.00;0.00;0.00;0.00;0.00;582.00;0.00;582.00;0.00;0.00;0.00;485.00;0.00;0.00;0.00;388.00;0.00;0.00;0.00;0.00;0.00;738.68;1342.01;272.33;320.00;320.00;320.00;80.00;0.00;355.66;820.35;803.35;898.68;240.00;1414.67;240.00;80.00;469.33;394.67;674.67;807.00;984.66;337.00;384.67;480.00
1772831116.5203037;0.00;582.00;0.00;0.00;0.00;0.00;0.00;582.00;0.00;582.00;0.00;0.00;0.00;485.00;0.00;0.00;0.00;485.00;0.00;0.00;0.00;0.00;0.00;818.68;1599.01;432.33;480.00;480.00;480.00;80.00;0.00;355.66;900.35;883.35;978.68;400.00;1564.67;240.00;80.00;469.33;394.67;674.67;807.00;984.66;337.00;384.67;480.00
1772831116.5220544;0.00;582.00;0.00;0.00;0.00;0.00;0.00;582.00;0.00;582.00;0.00;0.00;0.00;485.00;0.00;0.00;0.00;485.00;0.00;0.00;0.00;0.00;0.00;818.68;1599.01;432.33;480.00;480.00;480.00;80.00;0.00;355.66;900.35;883.35;978.68;400.00;1564.67;240.00;80.00;469.33;394.67;674.67;807.00;984.66;337.00;384.67;480.00
1772831116.5688407;0.00;582.00;0.00;0.00;0.00;0.00;0.00;582.00;0.00;582.00;0.00;0.00;0.00;485.00;0.00;0.00;0.00;582.00;0.00;0.00;0.00;0.00;0.00;818.68;1711.34;577.00;544.67;544.67;544.67;240.00;0.00;355.66;900.35;883.35;978.68;624.67;1564.67;240.00;240.00;619.33;394.67;674.67;807.00;984.66;337.00;384.67;480.00
1772831116.5705373;0.00;582.00;0.00;0.00;0.00;0.00;0.00;582.00;0.00;582.00;0.00;0.00;0.00;485.00;0.00;0.00;0.00;582.00;0.00;0.00;0.00;0.00;0.00;818.68;1711.34;577.00;544.67;544.67;544.67;240.00;0.00;355.66;900.35;883.35;978.68;624.67;1564.67;240.00;240.00;619.33;394.67;674.67;807.00;984.66;337.00;384.67;480.00
1772831135.3559291;0.00;582.00;0.00;0.00;0.00;0.00;0.00;0.00;0.00;582.00;0.00;0.00;0.00;485.00;0.00;0.00;0.00;582.00;0.00;97.00;0.00;0.00;0.00;818.68;1711.34;577.00;689.34;689.34;689.34;240.00;0.00;355.66;900.35;883.35;978.68;249.34;1564.67;0.00;550.00;619.33;394.67;674.67;807.00;984.66;337.00;384.67;480.00
1772831135.3575912;0.00;582.00;0.00;0.00;0.00;0.00;0.00;0.00;0.00;582.00;0.00;0.00;0.00;485.00;0.00;0.00;0.00;582.00;0.00;97.00;0.00;0.00;0.00;818.68;1711.34;577.00;689.34;689.34;689.34;240.00;0.00;355.66;900.35;883.35;978.68;249.34;1564.67;0.00;550.00;619.33;394.67;674.67;807.00;984.66;337.00;384.67;480.00
1772831135.4037776;0.00;582.00;0.00;0.00;0.00;0.00;0.00;0.00;0.00;582.00;0.00;0.00;0.00;485.00;0.00;0.00;0.00;582.00;0.00;194.00;0.00;0.00;0.00;818.68;1711.34;577.00;834.01;754.01;754.01;400.00;0.00;355.66;900.35;883.35;978.68;474.01;1564.67;0.00;1020.00;619.33;544.67;674.67;807.00;984.66;337.00;384.67;480.00
1772831135.4053833;0.00;582.00;0.00;0.00;0.00;0.00;0.00;0.00;0.00;582.00;0.00;0.00;0.00;485.00;0.00;0.00;0.00;582.00;0.00;194.00;0.00;0.00;0.00;818.68;1711.34;577.00;834.01;754.01;754.01;400.00;0.00;355.66;900.35;883.35;978.68;474.01;1564.67;0.00;1020.00;619.33;544.67;674.67;807.00;984.66;337.00;384.67;480.00
1772831135.5764747;0.00;582.00;0.00;0.00;0.00;0.00;0.00;0.00;0.00;582.00;0.00;0.00;0.00;485.00;0.00;0.00;0.00;582.00;0.00;291.00;0.00;0.00;0.00;818.68;1711.34;577.00;978.68;898.68;898.68;464.67;224.67;355.66;900.35;883.35;978.68;624.01;1564.67;224.67;1170.00;619.33;544.67;674.67;807.00;984.66;337.00;384.67;480.00
1772831135.5780752;0.00;582.00;0.00;0.00;0.00;0.00;0.00;0.00;0.00;582.00;0.00;0.00;0.00;485.00;0.00;0.00;0.00;582.00;0.00;291.00;0.00;0.00;0.00;818.68;1711.34;577.00;978.68;898.68;898.68;464.67;224.67;355.66;900.35;883.35;978.68;624.01;1564.67;224.67;1170.00;619.33;544.67;674.67;807.00;984.66;337.00;384.67;480.00
1772831135.6232429;0.00;582.00;0.00;0.00;0.00;0.00;0.00;0.00;0.00;582.00;0.00;0.00;0.00;485.00;0.00;0.00;0.00;582.00;0.00;388.00;0.00;0.00;0.00;818.68;1711.34;577.00;1123.35;1043.35;963.35;529.34;449.34;355.66;900.35;883.35;978.68;624.01;1564.67;449.34;1320.00;619.33;544.67;674.67;957.00;984.66;337.00;384.67;480.00
1772831135.6249206;0.00;582.00;0.00;0.00;0.00;0.00;0.00;0.00;0.00;582.00;0.00;0.00;0.00;485.00;0.00;0.00;0.00;582.00;0.00;388.00;0.00;0.00;0.00;818.68;1711.34;577.00;1123.35;1043.35;963.35;529.34;449.34;355.66;900.35;883.35;978.68;624.01;1564.67;449.34;1320.00;619.33;544.67;674.67;957.00;984.66;337.00;384.67;480.00
1772831135.6700368;0.00;582.00;0.00;0.00;0.00;0.00;0.00;0.00;0.00;582.00;0.00;0.00;0.00;485.00;0.00;0.00;0.00;582.00;0.00;485.00;0.00;0.00;0.00;818.68;1711.34;577.00;1203.35;1123.35;1043.35;609.34;529.34;355.66;900.35;883.35;978.68;624.01;1564.67;599.34;1320.00;769.33;544.67;674.67;957.00;984.66;337.00;384.67;480.00
1772831135.6716692;0.00;582.00;0.00;0.00;0.00;0.00;0.00;0.00;0.00;582.00;0.00;0.00;0.00;485.00;0.00;0.00;0.00;582.00;0.00;485.00;0.00;0.00;0.00;818.68;1711.34;577.00;1203.35;1123.35;1043.35;609.34;529.34;355.66;900.35;883.35;978.68;624.01;1564.67;599.34;1320.00;769.33;544.67;674.67;957.00;984.66;337.00;384.67;480.00
1772831135.7181487;0.00;582.00;0.00;0.00;0.00;0.00;0.00;0.00;0.00;582.00;0.00;0.00;0.00;485.00;0.00;0.00;0.00;582.00;0.00;582.00;0.00;0.00;0.00;818.68;1711.34;577.00;1443.35;1363.35;1283.35;849.34;609.34;355.66;900.35;883.35;978.68;624.01;1564.67;749.34;1470.00;769.33;544.67;674.67;957.00;984.66;337.00;384.67;480.00
1772831135.7199776;0.00;582.00;0.00;0.00;0.00;0.00;0.00;0.00;0.00;582.00;0.00;0.00;0.00;485.00;0.00;0.00;0.00;582.00;0.00;582.00;0.00;0.00;0.00;818.68;1711.34;577.00;1443.35;1363.35;1283.35;849.34;609.34;355.66;900.35;883.35;978.68;624.01;1564.67;749.34;1470.00;769.33;544.67;674.67;957.00;984.66;337.00;384.67;480.00
1772831155.4005108;0.00;582.00;0.00;97.00;0.00;0.00;0.00;0.00;0.00;582.00;0.00;0.00;0.00;485.00;0.00;0.00;0.00;582.00;0.00;582.00;0.00;0.00;0.00;818.68;1711.34;577.00;1443.35;1363.35;1283.35;849.34;929.34;595.66;900.35;883.35;978.68;624.01;1677.00;899.34;1620.00;769.33;544.67;674.67;957.00;984.66;337.00;384.67;480.00
1772831155.4023223;0.00;582.00;0.00;97.00;0.00;0.00;0.00;0.00;0.00;582.00;0.00;0.00;0.00;485.00;0.00;0.00;0.00;582.00;0.00;582.00;0.00;0.00;0.00;818.68;1711.34;577.00;1443.35;1363.35;1283.35;849.34;929.34;595.66;900.35;883.35;978.68;624.01;1677.00;899.34;1620.00;769.33;544.67;674.67;957.00;984.66;337.00;384.67;480.00
1772831155.4439933;0.00;582.00;0.00;97.00;0.00;0.00;0.00;0.00;0.00;582.00;0.00;0.00;0.00;485.00;0.00;0.00;0.00;582.00;0.00;582.00;0.00;0.00;0.00;818.68;1711.34;577.00;1443.35;1363.35;1283.35;849.34;929.34;595.66;900.35;883.35;978.68;624.01;1677.00;899.34;1620.00;769.33;544.67;674.67;957.00;984.66;337.00;384.67;480.00
1772831155.4458017;0.00;582.00;0.00;97.00;0.00;0.00;0.00;0.00;0.00;582.00;0.00;0.00;0.00;485.00;0.00;0.00;0.00;582.00;0.00;582.00;0.00;0.00;0.00;818.68;1711.34;577.00;1443.35;1363.35;1283.35;849.34;929.34;595.66;900.35;883.35;978.68;624.01;1677.00;899.34;1620.00;769.33;544.67;674.67;957.00;984.66;337.00;384.67;480.00
1772831155.4875183;0.00;582.00;0.00;97.00;0.00;0.00;0.00;0.00;0.00;582.00;0.00;0.00;0.00;485.00;0.00;0.00;0.00;582.00;0.00;582.00;0.00;0.00;0.00;818.68;1711.34;577.00;1443.35;1363.35;1283.35;849.34;929.34;595.66;900.35;883.35;978.68;624.01;1677.00;899.34;1620.00;769.33;544.67;674.67;957.00;984.66;337.00;384.67;480.00
1772831155.4892838;0.00;582.00;0.00;97.00;0.00;0.00;0.00;0.00;0.00;582.00;0.00;0.00;0.00;485.00;0.00;0.00;0.00;582.00;0.00;582.00;0.00;0.00;0.00;818.68;1711.34;577.00;1443.35;1363.35;1283.35;849.34;929.34;595.66;900.35;883.35;978.68;624.01;1677.00;899.34;1620.00;769.33;544.67;674.67;957.00;984.66;337.00;384.67;480.00
1772831155.530615;0.00;582.00;0.00;97.00;0.00;0.00;0.00;0.00;0.00;582.00;0.00;0.00;0.00;485.00;0.00;0.00;0.00;582.00;0.00;582.00;0.00;0.00;0.00;818.68;1711.34;577.00;1443.35;1363.35;1283.35;849.34;929.34;595.66;900.35;883.35;978.68;624.01;1677.00;899.34;1620.00;769.33;544.67;674.67;957.00;984.66;337.00;384.67;480.00
1772831155.5323308;0.00;582.00;0.00;97.00;0.00;0.00;0.00;0.00;0.00;582.00;0.00;0.00;0.00;485.00;0.00;0.00;0.00;582.00;0.00;582.00;0.00;0.00;0.00;818.68;1711.34;577.00;1443.35;1363.35;1283.35;849.34;929.34;595.66;900.35;883.35;978.68;624.01;1677.00;899.34;1620.00;769.33;544.67;674.67;957.00;984.66;337.00;384.67;480.00
1772831155.573625;0.00;582.00;0.00;97.00;0.00;0.00;0.00;0.00;0.00;582.00;0.00;0.00;0.00;485.00;0.00;0.00;0.00;582.00;0.00;582.00;0.00;0.00;0.00;818.68;1711.34;577.00;1443.35;1363.35;1283.35;849.34;929.34;595.66;900.35;883.35;978.68;624.01;1677.00;899.34;1620.00;769.33;544.67;674.67;957.00;984.66;337.00;384.67;480.00
1772831155.575369;0.00;582.00;0.00;97.00;0.00;0.00;0.00;0.00;0.00;582.00;0.00;0.00;0.00;485.00;0.00;0.00;0.00;582.00;0.00;582.00;0.00;0.00;0.00;818.68;1711.34;577.00;1443.35;1363.35;1283.35;849.34;929.34;595.66;900.35;883.35;978.68;624.01;1677.00;899.34;1620.00;769.33;544.67;674.67;957.00;984.66;337.00;384.67;480.00
1772831155.7360137;0.00;582.00;0.00;97.00;0.00;0.00;0.00;0.00;0.00;582.00;0.00;0.00;0.00;485.00;0.00;0.00;0.00;582.00;0.00;582.00;0.00;0.00;0.00;818.68;1711.34;577.00;1443.35;1363.35;1283.35;849.34;929.34;595.66;900.35;883.35;978.68;624.01;1677.00;899.34;1620.00;769.33;544.67;674.67;957.00;984.66;337.00;384.67;480.00
1772831155.737763;0.00;582.00;0.00;97.00;0.00;0.00;0.00;0.00;0.00;582.00;0.00;0.00;0.00;485.00;0.00;0.00;0.00;582.00;0.00;582.00;0.00;0.00;0.00;818.68;1711.34;577.00;1443.35;1363.35;1283.35;849.34;929.34;595.66;900.35;883.35;978.68;624.01;1677.00;899.34;1620.00;769.33;544.67;674.67;957.00;984.66;337.00;384.67;480.00
1772831168.4237273;0.00;679.00;0.00;97.00;0.00;0.00;0.00;0.00;0.00;582.00;0.00;0.00;0.00;0.00;0.00;0.00;0.00;582.00;0.00;582.00;0.00;0.00;0.00;609.34;1020.34;0.00;801.68;626.35;723.35;160.00;449.34;466.32;691.01;674.01;769.34;384.01;1527.00;337.00;1620.00;0.00;0.00;674.67;160.00;984.66;337.00;384.67;480.00
1772831168.4246104;0.00;679.00;0.00;97.00;0.00;0.00;0.00;0.00;0.00;582.00;0.00;0.00;0.00;0.00;0.00;0.00;0.00;582.00;0.00;582.00;0.00;0.00;0.00;609.34;1020.34;0.00;801.68;626.35;723.35;160.00;449.34;466.32;691.01;674.01;769.34;384.01;1527.00;337.00;1620.00;0.00;0.00;674.67;160.00;984.66;337.00;384.67;480.00
1772831168.4535835;0.00;776.00;0.00;97.00;0.00;0.00;0.00;0.00;0.00;582.00;0.00;0.00;0.00;0.00;0.00;0.00;0.00;582.00;0.00;582.00;0.00;0.00;0.00;609.34;1020.34;0.00;801.68;626.35;883.35;320.00;609.34;466.32;691.01;674.01;769.34;384.01;1527.00;824.00;1620.00;0.00;0.00;674.67;320.00;984.66;337.00;384.67;480.00
1772831168.4544554;0.00;776.00;0.00;97.00;0.00;0.00;0.00;0.00;0.00;582.00;0.00;0.00;0.00;0.00;0.00;0.00;0.00;582.00;0.00;582.00;0.00;0.00;0.00;609.34;1020.34;0.00;801.68;626.35;883.35;320.00;609.34;466.32;691.01;674.01;769.34;384.01;1527.00;824.00;1620.00;0.00;0.00;674.67;320.00;984.66;337.00;384.67;480.00
1772831168.4830184;0.00;873.00;0.00;97.00;0.00;0.00;0.00;0.00;0.00;582.00;0.00;0.00;0.00;0.00;0.00;0.00;0.00;582.00;0.00;582.00;0.00;0.00;0.00;609.34;1020.34;0.00;801.68;626.35;883.35;640.00;834.01;546.32;691.01;674.01;769.34;694.01;1677.00;936.33;1620.00;0.00;0.00;674.67;320.00;984.66;337.00;384.67;480.00
1772831168.4839592;0.00;873.00;0.00;97.00;0.00;0.00;0.00;0.00;0.00;582.00;0.00;0.00;0.00;0.00;0.00;0.00;0.00;582.00;0.00;582.00;0.00;0.00;0.00;609.34;1020.34;0.00;801.68;626.35;883.35;640.00;834.01;546.32;691.01;674.01;769.34;694.01;1677.00;936.33;1620.00;0.00;0.00;674.67;320.00;984.66;337.00;384.67;480.00
1772831168.5125036;0.00;970.00;0.00;97.00;0.00;0.00;0.00;0.00;0.00;582.00;0.00;0.00;0.00;0.00;0.00;0.00;0.00;582.00;0.00;582.00;0.00;0.00;0.00;609.34;1020.34;0.00;801.68;691.02;1028.02;784.67;931.01;546.32;691.01;674.01;769.34;694.01;1677.00;936.33;1620.00;0.00;64.67;674.67;470.00;984.66;337.00;384.67;480.00
1772831168.5134318;0.00;970.00;0.00;97.00;0.00;0.00;0.00;0.00;0.00;582.00;0.00;0.00;0.00;0.00;0.00;0.00;0.00;582.00;0.00;582.00;0.00;0.00;0.00;609.34;1020.34;0.00;801.68;691.02;1028.02;784.67;931.01;546.32;691.01;674.01;769.34;694.01;1677.00;936.33;1620.00;0.00;64.67;674.67;470.00;984.66;337.00;384.67;480.00
1772831168.5420067;0.00;1067.00;0.00;97.00;0.00;0.00;0.00;0.00;0.00;582.00;0.00;0.00;0.00;0.00;0.00;0.00;0.00;582.00;0.00;582.00;0.00;0.00;0.00;609.34;1020.34;0.00;1041.68;835.69;1172.69;929.34;1075.68;546.32;691.01;674.01;769.34;694.01;1677.00;936.33;1620.00;620.00;289.34;674.67;470.00;984.66;337.00;384.67;480.00
1772831168.542938;0.00;1067.00;0.00;97.00;0.00;0.00;0.00;0.00;0.00;582.00;0.00;0.00;0.00;0.00;0.00;0.00;0.00;582.00;0.00;582.00;0.00;0.00;0.00;609.34;1020.34;0.00;1041.68;835.69;1172.69;929.34;1075.68;546.32;691.01;674.01;769.34;694.01;1677.00;936.33;1620.00;620.00;289.34;674.67;470.00;984.66;337.00;384.67;480.00
1772831168.5712595;0.00;1067.00;0.00;97.00;0.00;0.00;0.00;0.00;0.00;582.00;0.00;0.00;0.00;0.00;0.00;0.00;0.00;582.00;0.00;582.00;0.00;0.00;0.00;609.34;1020.34;0.00;1041.68;835.69;1172.69;929.34;1075.68;546.32;691.01;674.01;769.34;694.01;1677.00;936.33;1620.00;620.00;289.34;674.67;470.00;984.66;337.00;384.67;480.00
1772831168.5722542;0.00;1067.00;0.00;97.00;0.00;0.00;0.00;0.00;0.00;582.00;0.00;0.00;0.00;0.00;0.00;0.00;0.00;582.00;0.00;582.00;0.00;0.00;0.00;609.34;1020.34;0.00;1041.68;835.69;1172.69;929.34;1075.68;546.32;691.01;674.01;769.34;694.01;1677.00;936.33;1620.00;620.00;289.34;674.67;470.00;984.66;337.00;384.67;480.00
1772831183.4588335;0.00;485.00;0.00;194.00;0.00;0.00;0.00;0.00;0.00;582.00;0.00;0.00;0.00;0.00;0.00;0.00;0.00;582.00;0.00;582.00;0.00;0.00;0.00;64.67;870.34;0.00;881.68;611.02;1075.69;320.01;0.00;0.00;384.67;224.67;384.67;351.68;1564.66;744.00;1037.67;460.00;0.00;0.00;357.67;834.66;0.00;0.00;0.00
1772831183.4604504;0.00;485.00;0.00;194.00;0.00;0.00;0.00;0.00;0.00;582.00;0.00;0.00;0.00;0.00;0.00;0.00;0.00;582.00;0.00;582.00;0.00;0.00;0.00;64.67;870.34;0.00;881.68;611.02;1075.69;320.01;0.00;0.00;384.67;224.67;384.67;351.68;1564.66;744.00;1037.67;460.00;0.00;0.00;357.67;834.66;0.00;0.00;0.00
1772831183.5096178;0.00;485.00;0.00;291.00;0.00;0.00;0.00;0.00;0.00;582.00;0.00;0.00;0.00;0.00;0.00;0.00;0.00;582.00;0.00;582.00;0.00;0.00;0.00;64.67;870.34;0.00;881.68;611.02;1075.69;320.01;80.00;80.00;544.67;224.67;384.67;351.68;1901.66;744.00;1187.67;460.00;0.00;0.00;357.67;834.66;160.00;0.00;0.00
1772831183.51121;0.00;485.00;0.00;291.00;0.00;0.00;0.00;0.00;0.00;582.00;0.00;0.00;0.00;0.00;0.00;0.00;0.00;582.00;0.00;582.00;0.00;0.00;0.00;64.67;870.34;0.00;881.68;611.02;1075.69;320.01;80.00;80.00;544.67;224.67;384.67;351.68;1901.66;744.00;1187.67;460.00;0.00;0.00;357.67;834.66;160.00;0.00;0.00
1772831183.5596967;0.00;485.00;0.00;388.00;0.00;0.00;0.00;0.00;0.00;582.00;0.00;0.00;0.00;0.00;0.00;0.00;0.00;582.00;0.00;582.00;0.00;0.00;0.00;64.67;870.34;0.00;881.68;611.02;1075.69;400.01;160.00;160.00;864.67;384.67;544.67;501.68;2238.66;744.00;1187.67;460.00;0.00;0.00;357.67;834.66;320.00;320.00;160.00
1772831183.5612774;0.00;485.00;0.00;388.00;0.00;0.00;0.00;0.00;0.00;582.00;0.00;0.00;0.00;0.00;0.00;0.00;0.00;582.00;0.00;582.00;0.00;0.00;0.00;64.67;870.34;0.00;881.68;611.02;1075.69;400.01;160.00;160.00;864.67;384.67;544.67;501.68;2238.66;744.00;1187.67;460.00;0.00;0.00;357.67;834.66;320.00;320.00;160.00
1772831183.7418756;0.00;485.00;0.00;485.00;0.00;0.00;0.00;0.00;0.00;582.00;0.00;0.00;0.00;0.00;0.00;0.00;0.00;582.00;0.00;582.00;0.00;0.00;0.00;224.67;870.34;0.00;881.68;691.02;1155.69;480.01;240.00;192.33;929.34;449.34;704.67;501.68;2238.66;856.33;1347.67;460.00;150.00;160.00;357.67;834.66;320.00;544.67;160.00
1772831183.7435815;0.00;485.00;0.00;485.00;0.00;0.00;0.00;0.00;0.00;582.00;0.00;0.00;0.00;0.00;0.00;0.00;0.00;582.00;0.00;582.00;0.00;0.00;0.00;224.67;870.34;0.00;881.68;691.02;1155.69;480.01;240.00;192.33;929.34;449.34;704.67;501.68;2238.66;856.33;1347.67;460.00;150.00;160.00;357.67;834.66;320.00;544.67;160.00
1772831183.7920635;0.00;485.00;0.00;582.00;0.00;0.00;0.00;0.00;0.00;582.00;0.00;0.00;0.00;0.00;0.00;0.00;0.00;582.00;0.00;582.00;0.00;0.00;0.00;464.67;1030.34;160.00;881.68;691.02;1155.69;480.01;240.00;192.33;1169.34;689.34;944.67;501.68;2238.66;856.33;1347.67;620.00;150.00;630.00;357.67;834.66;320.00;544.67;320.00
1772831183.7937508;0.00;485.00;0.00;582.00;0.00;0.00;0.00;0.00;0.00;582.00;0.00;0.00;0.00;0.00;0.00;0.00;0.00;582.00;0.00;582.00;0.00;0.00;0.00;464.67;1030.34;160.00;881.68;691.02;1155.69;480.01;240.00;192.33;1169.34;689.34;944.67;501.68;2238.66;856.33;1347.67;620.00;150.00;630.00;357.67;834.66;320.00;544.67;320.00
1772831183.838084;0.00;485.00;0.00;582.00;0.00;0.00;0.00;0.00;0.00;582.00;0.00;0.00;0.00;0.00;0.00;0.00;0.00;582.00;0.00;582.00;0.00;0.00;0.00;464.67;1030.34;160.00;881.68;691.02;1155.69;480.01;240.00;192.33;1169.34;689.34;944.67;501.68;2238.66;856.33;1347.67;620.00;150.00;630.00;357.67;834.66;320.00;544.67;320.00
1772831183.839844;0.00;485.00;0.00;582.00;0.00;0.00;0.00;0.00;0.00;582.00;0.00;0.00;0.00;0.00;0.00;0.00;0.00;582.00;0.00;582.00;0.00;0.00;0.00;464.67;1030.34;160.00;881.68;691.02;1155.69;480.01;240.00;192.33;1169.34;689.34;944.67;501.68;2238.66;856.33;1347.67;620.00;150.00;630.00;357.67;834.66;320.00;544.67;320.00
1772831198.4938207;0.00;485.00;0.00;582.00;0.00;0.00;0.00;0.00;0.00;582.00;0.00;0.00;0.00;0.00;0.00;0.00;0.00;582.00;0.00;582.00;0.00;0.00;0.00;464.67;1030.34;160.00;881.68;691.02;1155.69;480.01;240.00;192.33;1169.34;689.34;944.67;501.68;2238.66;856.33;1347.67;620.00;150.00;630.00;357.67;834.66;320.00;544.67;320.00
1772831198.4955425;0.00;485.00;0.00;582.00;0.00;0.00;0.00;0.00;0.00;582.00;0.00;0.00;0.00;0.00;0.00;0.00;0.00;582.00;0.00;582.00;0.00;0.00;0.00;464.67;1030.34;160.00;881.68;691.02;1155.69;480.01;240.00;192.33;1169.34;689.34;944.67;501.68;2238.66;856.33;1347.67;620.00;150.00;630.00;357.67;834.66;320.00;544.67;320.00
1772831198.5391939;0.00;485.00;0.00;582.00;0.00;0.00;0.00;0.00;0.00;582.00;0.00;0.00;0.00;0.00;0.00;0.00;0.00;582.00;0.00;582.00;0.00;0.00;0.00;464.67;1030.34;160.00;881.68;691.02;1155.69;480.01;240.00;192.33;1169.34;689.34;944.67;501.68;2238.66;856.33;1347.67;620.00;150.00;630.00;357.67;834.66;320.00;544.67;320.00
1772831198.5409515;0.00;485.00;0.00;582.00;0.00;0.00;0.00;0.00;0.00;582.00;0.00;0.00;0.00;0.00;0.00;0.00;0.00;582.00;0.00;582.00;0.00;0.00;0.00;464.67;1030.34;160.00;881.68;691.02;1155.69;480.01;240.00;192.33;1169.34;689.34;944.67;501.68;2238.66;856.33;1347.67;620.00;150.00;630.00;357.67;834.66;320.00;544.67;320.00
1772831198.5847435;0.00;485.00;0.00;582.00;0.00;0.00;0.00;0.00;0.00;582.00;0.00;0.00;0.00;0.00;0.00;0.00;0.00;582.00;0.00;582.00;0.00;0.00;0.00;464.67;1030.34;160.00;881.68;691.02;1155.69;480.01;240.00;192.33;1169.34;689.34;944.67;501.68;2238.66;856.33;1347.67;620.00;150.00;630.00;357.67;834.66;320.00;544.67;320.00
1772831198.5863705;0.00;485.00;0.00;582.00;0.00;0.00;0.00;0.00;0.00;582.00;0.00;0.00;0.00;0.00;0.00;0.00;0.00;582.00;0.00;582.00;0.00;0.00;0.00;464.67;1030.34;160.00;881.68;691.02;1155.69;480.01;240.00;192.33;1169.34;689.34;944.67;501.68;2238.66;856.33;1347.67;620.00;150.00;630.00;357.67;834.66;320.00;544.67;320.00
1772831198.6296651;0.00;485.00;0.00;582.00;0.00;0.00;0.00;0.00;0.00;582.00;0.00;0.00;0.00;0.00;0.00;0.00;0.00;582.00;0.00;582.00;0.00;0.00;0.00;464.67;1030.34;160.00;881.68;691.02;1155.69;480.01;240.00;192.33;1169.34;689.34;944.67;501.68;2238.66;856.33;1347.67;620.00;150.00;630.00;357.67;834.66;320.00;544.67;320.00
1772831198.6308753;0.00;485.00;0.00;582.00;0.00;0.00;0.00;0.00;0.00;582.00;0.00;0.00;0.00;0.00;0.00;0.00;0.00;582.00;0.00;582.00;0.00;0.00;0.00;464.67;1030.34;160.00;881.68;691.02;1155.69;480.01;240.00;192.33;1169.34;689.34;944.67;501.68;2238.66;856.33;1347.67;620.00;150.00;630.00;357.67;834.66;320.00;544.67;320.00
1772831198.6592617;0.00;485.00;0.00;582.00;0.00;0.00;0.00;0.00;0.00;582.00;0.00;0.00;0.00;0.00;0.00;0.00;0.00;582.00;0.00;582.00;0.00;0.00;0.00;464.67;1030.34;160.00;881.68;691.02;1155.69;480.01;240.00;192.33;1169.34;689.34;944.67;501.68;2238.66;856.33;1347.67;620.00;150.00;630.00;357.67;834.66;320.00;544.67;320.00
1772831198.660297;0.00;485.00;0.00;582.00;0.00;0.00;0.00;0.00;0.00;582.00;0.00;0.00;0.00;0.00;0.00;0.00;0.00;582.00;0.00;582.00;0.00;0.00;0.00;464.67;1030.34;160.00;881.68;691.02;1155.69;480.01;240.00;192.33;1169.34;689.34;944.67;501.68;2238.66;856.33;1347.67;620.00;150.00;630.00;357.67;834.66;320.00;544.67;320.00
1772831198.6884222;0.00;485.00;0.00;582.00;0.00;0.00;0.00;0.00;0.00;582.00;0.00;0.00;0.00;0.00;0.00;0.00;0.00;582.00;0.00;582.00;0.00;0.00;0.00;464.67;1030.34;160.00;881.68;691.02;1155.69;480.01;240.00;192.33;1169.34;689.34;944.67;501.68;2238.66;856.33;1347.67;620.00;150.00;630.00;357.67;834.66;320.00;544.67;320.00
1772831198.6895916;0.00;485.00;0.00;582.00;0.00;0.00;0.00;0.00;0.00;582.00;0.00;0.00;0.00;0.00;0.00;0.00;0.00;582.00;0.00;582.00;0.00;0.00;0.00;464.67;1030.34;160.00;881.68;691.02;1155.69;480.01;240.00;192.33;1169.34;689.34;944.67;501.68;2238.66;856.33;1347.67;620.00;150.00;630.00;357.67;834.66;320.00;544.67;320.00
1772831221.6653311;0.00;485.00;0.00;582.00;0.00;0.00;0.00;0.00;0.00;0.00;0.00;0.00;97.00;0.00;0.00;0.00;0.00;582.00;0.00;582.00;0.00;0.00;0.00;304.67;870.34;480.00;1361.68;931.02;1395.69;320.01;0.00;0.00;1009.34;529.34;784.67;501.68;0.00;856.33;1347.67;780.00;487.00;630.00;357.67;994.66;320.00;544.67;320.00
1772831221.6670883;0.00;485.00;0.00;582.00;0.00;0.00;0.00;0.00;0.00;0.00;0.00;0.00;97.00;0.00;0.00;0.00;0.00;582.00;0.00;582.00;0.00;0.00;0.00;304.67;870.34;480.00;1361.68;931.02;1395.69;320.01;0.00;0.00;1009.34;529.34;784.67;501.68;0.00;856.33;1347.67;780.00;487.00;630.00;357.67;994.66;320.00;544.67;320.00
1772831221.7156968;0.00;485.00;0.00;582.00;0.00;0.00;0.00;0.00;0.00;0.00;0.00;0.00;194.00;0.00;0.00;0.00;0.00;582.00;0.00;582.00;0.00;0.00;0.00;384.67;950.34;560.00;1618.68;1091.02;1555.69;480.01;0.00;0.00;1089.34;609.34;864.67;501.68;150.00;856.33;1497.67;1117.00;487.00;630.00;357.67;994.66;320.00;544.67;320.00
1772831221.7173338;0.00;485.00;0.00;582.00;0.00;0.00;0.00;0.00;0.00;0.00;0.00;0.00;194.00;0.00;0.00;0.00;0.00;582.00;0.00;582.00;0.00;0.00;0.00;384.67;950.34;560.00;1618.68;1091.02;1555.69;480.01;0.00;0.00;1089.34;609.34;864.67;501.68;150.00;856.33;1497.67;1117.00;487.00;630.00;357.67;994.66;320.00;544.67;320.00
1772831221.7606397;0.00;485.00;0.00;582.00;0.00;0.00;0.00;0.00;0.00;0.00;0.00;0.00;194.00;0.00;0.00;0.00;0.00;582.00;0.00;582.00;0.00;0.00;0.00;384.67;950.34;560.00;1618.68;1091.02;1555.69;480.01;0.00;0.00;1089.34;609.34;864.67;501.68;150.00;856.33;1497.67;1117.00;487.00;630.00;357.67;994.66;320.00;544.67;320.00
1772831221.7622736;0.00;485.00;0.00;582.00;0.00;0.00;0.00;0.00;0.00;0.00;0.00;0.00;194.00;0.00;0.00;0.00;0.00;582.00;0.00;582.00;0.00;0.00;0.00;384.67;950.34;560.00;1618.68;1091.02;1555.69;480.01;0.00;0.00;1089.34;609.34;864.67;501.68;150.00;856.33;1497.67;1117.00;487.00;630.00;357.67;994.66;320.00;544.67;320.00
1772831221.806153;0.00;485.00;0.00;582.00;0.00;0.00;0.00;0.00;0.00;0.00;0.00;0.00;194.00;0.00;0.00;0.00;0.00;582.00;0.00;582.00;0.00;0.00;0.00;384.67;950.34;560.00;1618.68;1091.02;1555.69;480.01;0.00;0.00;1089.34;609.34;864.67;501.68;150.00;856.33;1497.67;1117.00;487.00;630.00;357.67;994.66;320.00;544.67;320.00
1772831221.8078341;0.00;485.00;0.00;582.00;0.00;0.00;0.00;0.00;0.00;0.00;0.00;0.00;194.00;0.00;0.00;0.00;0.00;582.00;0.00;582.00;0.00;0.00;0.00;384.67;950.34;560.00;1618.68;1091.02;1555.69;480.01;0.00;0.00;1089.34;609.34;864.67;501.68;150.00;856.33;1497.67;1117.00;487.00;630.00;357.67;994.66;320.00;544.67;320.00
1772831221.8519602;0.00;485.00;0.00;582.00;0.00;0.00;0.00;0.00;0.00;0.00;0.00;0.00;194.00;0.00;0.00;0.00;0.00;582.00;0.00;582.00;0.00;0.00;0.00;384.67;950.34;560.00;1618.68;1091.02;1555.69;480.01;0.00;0.00;1089.34;609.34;864.67;501.68;150.00;856.33;1497.67;1117.00;487.00;630.00;357.67;994.66;320.00;544.67;320.00
1772831221.8536003;0.00;485.00;0.00;582.00;0.00;0.00;0.00;0.00;0.00;0.00;0.00;0.00;194.00;0.00;0.00;0.00;0.00;582.00;0.00;582.00;0.00;0.00;0.00;384.67;950.34;560.00;1618.68;1091.02;1555.69;480.01;0.00;0.00;1089.34;609.34;864.67;501.68;150.00;856.33;1497.67;1117.00;487.00;630.00;357.67;994.66;320.00;544.67;320.00
1772831221.8978956;0.00;485.00;0.00;582.00;0.00;0.00;0.00;0.00;0.00;0.00;0.00;0.00;194.00;0.00;0.00;0.00;0.00;582.00;0.00;582.00;0.00;0.00;0.00;384.67;950.34;560.00;1618.68;1091.02;1555.69;480.01;0.00;0.00;1089.34;609.34;864.67;501.68;150.00;856.33;1497.67;1117.00;487.00;630.00;357.67;994.66;320.00;544.67;320.00
1772831221.8995821;0.00;485.00;0.00;582.00;0.00;0.00;0.00;0.00;0.00;0.00;0.00;0.00;194.00;0.00;0.00;0.00;0.00;582.00;0.00;582.00;0.00;0.00;0.00;384.67;950.34;560.00;1618.68;1091.02;1555.69;480.01;0.00;0.00;1089.34;609.34;864.67;501.68;150.00;856.33;1497.67;1117.00;487.00;630.00;357.67;994.66;320.00;544.67;320.00
1772831237.5763237;0.00;485.00;0.00;582.00;0.00;0.00;0.00;0.00;0.00;0.00;0.00;0.00;194.00;0.00;0.00;0.00;0.00;582.00;0.00;582.00;0.00;0.00;0.00;384.67;950.34;560.00;1618.68;1091.02;1555.69;480.01;0.00;0.00;1089.34;609.34;864.67;501.68;150.00;856.33;1497.67;1117.00;487.00;630.00;357.67;994.66;320.00;544.67;320.00
1772831237.5780685;0.00;485.00;0.00;582.00;0.00;0.00;0.00;0.00;0.00;0.00;0.00;0.00;194.00;0.00;0.00;0.00;0.00;582.00;0.00;582.00;0.00;0.00;0.00;384.67;950.34;560.00;1618.68;1091.02;1555.69;480.01;0.00;0.00;1089.34;609.34;864.67;501.68;150.00;856.33;1497.67;1117.00;487.00;630.00;357.67;994.66;320.00;544.67;320.00
1772831237.6221874;0.00;485.00;0.00;582.00;0.00;0.00;0.00;0.00;0.00;0.00;0.00;0.00;194.00;0.00;0.00;0.00;0.00;582.00;0.00;582.00;0.00;0.00;0.00;384.67;950.34;560.00;1618.68;1091.02;1555.69;480.01;0.00;0.00;1089.34;609.34;864.67;501.68;150.00;856.33;1497.67;1117.00;487.00;630.00;357.67;994.66;320.00;544.67;320.00
1772831237.6238031;0.00;485.00;0.00;582.00;0.00;0.00;0.00;0.00;0.00;0.00;0.00;0.00;194.00;0.00;0.00;0.00;0.00;582.00;0.00;582.00;0.00;0.00;0.00;384.67;950.34;560.00;1618.68;1091.02;1555.69;480.01;0.00;0.00;1089.34;609.34;864.67;501.68;150.00;856.33;1497.67;1117.00;487.00;630.00;357.67;994.66;320.00;544.67;320.00
1772831237.6669726;0.00;485.00;0.00;582.00;0.00;0.00;0.00;0.00;0.00;0.00;0.00;0.00;194.00;0.00;0.00;0.00;0.00;582.00;0.00;582.00;0.00;0.00;0.00;384.67;950.34;560.00;1618.68;1091.02;1555.69;480.01;0.00;0.00;1089.34;609.34;864.67;501.68;150.00;856.33;1497.67;1117.00;487.00;630.00;357.67;994.66;320.00;544.67;320.00
1772831237.668783;0.00;485.00;0.00;582.00;0.00;0.00;0.00;0.00;0.00;0.00;0.00;0.00;194.00;0.00;0.00;0.00;0.00;582.00;0.00;582.00;0.00;0.00;0.00;384.67;950.34;560.00;1618.68;1091.02;1555.69;480.01;0.00;0.00;1089.34;609.34;864.67;501.68;150.00;856.33;1497.67;1117.00;487.00;630.00;357.67;994.66;320.00;544.67;320.00
1772831237.7129865;0.00;485.00;0.00;582.00;0.00;0.00;0.00;0.00;0.00;0.00;0.00;0.00;194.00;0.00;0.00;0.00;0.00;582.00;0.00;582.00;0.00;0.00;0.00;384.67;950.34;560.00;1618.68;1091.02;1555.69;480.01;0.00;0.00;1089.34;609.34;864.67;501.68;150.00;856.33;1497.67;1117.00;487.00;630.00;357.67;994.66;320.00;544.67;320.00
1772831237.7146792;0.00;485.00;0.00;582.00;0.00;0.00;0.00;0.00;0.00;0.00;0.00;0.00;194.00;0.00;0.00;0.00;0.00;582.00;0.00;582.00;0.00;0.00;0.00;384.67;950.34;560.00;1618.68;1091.02;1555.69;480.01;0.00;0.00;1089.34;609.34;864.67;501.68;150.00;856.33;1497.67;1117.00;487.00;630.00;357.67;994.66;320.00;544.67;320.00
1772831237.7583725;0.00;485.00;0.00;582.00;0.00;0.00;0.00;0.00;0.00;0.00;0.00;0.00;194.00;0.00;0.00;0.00;0.00;582.00;0.00;582.00;0.00;0.00;0.00;384.67;950.34;560.00;1618.68;1091.02;1555.69;480.01;0.00;0.00;1089.34;609.34;864.67;501.68;150.00;856.33;1497.67;1117.00;487.00;630.00;357.67;994.66;320.00;544.67;320.00
1772831237.7601278;0.00;485.00;0.00;582.00;0.00;0.00;0.00;0.00;0.00;0.00;0.00;0.00;194.00;0.00;0.00;0.00;0.00;582.00;0.00;582.00;0.00;0.00;0.00;384.67;950.34;560.00;1618.68;1091.02;1555.69;480.01;0.00;0.00;1089.34;609.34;864.67;501.68;150.00;856.33;1497.67;1117.00;487.00;630.00;357.67;994.66;320.00;544.67;320.00
1772831237.8042767;0.00;485.00;0.00;582.00;0.00;0.00;0.00;0.00;0.00;0.00;0.00;0.00;194.00;0.00;0.00;0.00;0.00;582.00;0.00;582.00;0.00;0.00;0.00;384.67;950.34;560.00;1618.68;1091.02;1555.69;480.01;0.00;0.00;1089.34;609.34;864.67;501.68;150.00;856.33;1497.67;1117.00;487.00;630.00;357.67;994.66;320.00;544.67;320.00
1772831237.805956;0.00;485.00;0.00;582.00;0.00;0.00;0.00;0.00;0.00;0.00;0.00;0.00;194.00;0.00;0.00;0.00;0.00;582.00;0.00;582.00;0.00;0.00;0.00;384.67;950.34;560.00;1618.68;1091.02;1555.69;480.01;0.00;0.00;1089.34;609.34;864.67;501.68;150.00;856.33;1497.67;1117.00;487.00;630.00;357.67;994.66;320.00;544.67;320.00
1772831260.6283333;0.00;485.00;0.00;582.00;0.00;0.00;0.00;0.00;97.00;0.00;0.00;0.00;194.00;0.00;0.00;0.00;0.00;0.00;0.00;0.00;0.00;0.00;0.00;0.00;0.00;0.00;0.00;0.00;0.00;0.00;0.00;0.00;704.67;224.67;480.00;0.00;0.00;0.00;97.00;704.67;337.00;630.00;207.67;0.00;320.00;544.67;320.00
1772831260.629573;0.00;485.00;0.00;582.00;0.00;0.00;0.00;0.00;97.00;0.00;0.00;0.00;194.00;0.00;0.00;0.00;0.00;0.00;0.00;0.00;0.00;0.00;0.00;0.00;0.00;0.00;0.00;0.00;0.00;0.00;0.00;0.00;704.67;224.67;480.00;0.00;0.00;0.00;97.00;704.67;337.00;630.00;207.67;0.00;320.00;544.67;320.00
1772831260.7979195;0.00;485.00;0.00;582.00;0.00;0.00;0.00;0.00;194.00;0.00;0.00;0.00;194.00;0.00;0.00;0.00;0.00;0.00;0.00;0.00;0.00;0.00;0.00;0.00;0.00;0.00;0.00;0.00;0.00;240.00;0.00;0.00;704.67;224.67;480.00;240.00;0.00;0.00;434.00;704.67;337.00;630.00;207.67;0.00;320.00;544.67;320.00
1772831260.79922;0.00;485.00;0.00;582.00;0.00;0.00;0.00;0.00;194.00;0.00;0.00;0.00;194.00;0.00;0.00;0.00;0.00;0.00;0.00;0.00;0.00;0.00;0.00;0.00;0.00;0.00;0.00;0.00;0.00;240.00;0.00;0.00;704.67;224.67;480.00;240.00;0.00;0.00;434.00;704.67;337.00;630.00;207.67;0.00;320.00;544.67;320.00
1772831260.8475497;0.00;485.00;0.00;582.00;0.00;0.00;0.00;0.00;291.00;0.00;0.00;0.00;194.00;0.00;0.00;0.00;0.00;0.00;0.00;0.00;0.00;0.00;0.00;0.00;0.00;0.00;0.00;0.00;0.00;400.00;80.00;0.00;704.67;224.67;480.00;400.00;0.00;80.00;771.00;704.67;337.00;630.00;207.67;0.00;320.00;544.67;320.00
1772831260.8487608;0.00;485.00;0.00;582.00;0.00;0.00;0.00;0.00;291.00;0.00;0.00;0.00;194.00;0.00;0.00;0.00;0.00;0.00;0.00;0.00;0.00;0.00;0.00;0.00;0.00;0.00;0.00;0.00;0.00;400.00;80.00;0.00;704.67;224.67;480.00;400.00;0.00;80.00;771.00;704.67;337.00;630.00;207.67;0.00;320.00;544.67;320.00
1772831260.8975205;0.00;485.00;0.00;582.00;0.00;0.00;0.00;0.00;388.00;0.00;0.00;0.00;194.00;0.00;0.00;0.00;0.00;0.00;0.00;0.00;0.00;0.00;0.00;0.00;0.00;0.00;0.00;0.00;0.00;737.00;240.00;0.00;704.67;224.67;480.00;737.00;0.00;240.00;921.00;704.67;337.00;630.00;207.67;0.00;320.00;544.67;320.00
1772831260.8988187;0.00;485.00;0.00;582.00;0.00;0.00;0.00;0.00;388.00;0.00;0.00;0.00;194.00;0.00;0.00;0.00;0.00;0.00;0.00;0.00;0.00;0.00;0.00;0.00;0.00;0.00;0.00;0.00;0.00;737.00;240.00;0.00;704.67;224.67;480.00;737.00;0.00;240.00;921.00;704.67;337.00;630.00;207.67;0.00;320.00;544.67;320.00
1772831260.9480784;0.00;485.00;0.00;582.00;0.00;0.00;0.00;0.00;485.00;0.00;0.00;0.00;194.00;0.00;0.00;0.00;0.00;0.00;0.00;0.00;0.00;0.00;0.00;0.00;0.00;0.00;0.00;0.00;0.00;929.33;624.67;0.00;704.67;224.67;480.00;999.33;0.00;624.67;1071.00;704.67;337.00;630.00;207.67;0.00;320.00;544.67;320.00
1772831260.9493718;0.00;485.00;0.00;582.00;0.00;0.00;0.00;0.00;485.00;0.00;0.00;0.00;194.00;0.00;0.00;0.00;0.00;0.00;0.00;0.00;0.00;0.00;0.00;0.00;0.00;0.00;0.00;0.00;0.00;929.33;624.67;0.00;704.67;224.67;480.00;999.33;0.00;624.67;1071.00;704.67;337.00;630.00;207.67;0.00;320.00;544.67;320.00
1772831260.9983068;0.00;485.00;0.00;582.00;0.00;0.00;0.00;0.00;582.00;0.00;0.00;0.00;194.00;0.00;0.00;0.00;0.00;0.00;0.00;0.00;0.00;0.00;0.00;0.00;0.00;0.00;0.00;0.00;0.00;929.33;881.67;0.00;704.67;224.67;480.00;999.33;0.00;1111.67;1221.00;704.67;337.00;630.00;207.67;0.00;320.00;544.67;320.00
1772831260.999664;0.00;485.00;0.00;582.00;0.00;0.00;0.00;0.00;582.00;0.00;0.00;0.00;194.00;0.00;0.00;0.00;0.00;0.00;0.00;0.00;0.00;0.00;0.00;0.00;0.00;0.00;0.00;0.00;0.00;929.33;881.67;0.00;704.67;224.67;480.00;999.33;0.00;1111.67;1221.00;704.67;337.00;630.00;207.67;0.00;320.00;544.67;320.00
1772831280.6578798;0.00;485.00;0.00;485.00;0.00;0.00;0.00;0.00;582.00;0.00;0.00;0.00;194.00;97.00;0.00;0.00;0.00;0.00;0.00;0.00;0.00;0.00;0.00;64.67;160.00;0.00;0.00;0.00;0.00;929.33;321.67;0.00;769.34;289.34;544.67;999.33;374.67;961.67;1071.00;704.67;337.00;892.33;207.67;160.00;320.00;544.67;320.00
1772831280.659259;0.00;485.00;0.00;485.00;0.00;0.00;0.00;0.00;582.00;0.00;0.00;0.00;194.00;97.00;0.00;0.00;0.00;0.00;0.00;0.00;0.00;0.00;0.00;64.67;160.00;0.00;0.00;0.00;0.00;929.33;321.67;0.00;769.34;289.34;544.67;999.33;374.67;961.67;1071.00;704.67;337.00;892.33;207.67;160.00;320.00;544.67;320.00
1772831280.7077782;0.00;485.00;0.00;485.00;0.00;0.00;0.00;0.00;582.00;0.00;0.00;0.00;194.00;194.00;0.00;0.00;0.00;0.00;0.00;0.00;0.00;0.00;0.00;144.67;160.00;0.00;0.00;0.00;0.00;929.33;321.67;0.00;849.34;369.34;624.67;999.33;524.67;961.67;1071.00;704.67;337.00;1154.66;207.67;160.00;320.00;544.67;320.00
1772831280.709092;0.00;485.00;0.00;485.00;0.00;0.00;0.00;0.00;582.00;0.00;0.00;0.00;194.00;194.00;0.00;0.00;0.00;0.00;0.00;0.00;0.00;0.00;0.00;144.67;160.00;0.00;0.00;0.00;0.00;929.33;321.67;0.00;849.34;369.34;624.67;999.33;524.67;961.67;1071.00;704.67;337.00;1154.66;207.67;160.00;320.00;544.67;320.00
1772831280.757132;0.00;485.00;0.00;485.00;0.00;0.00;0.00;0.00;582.00;0.00;0.00;0.00;194.00;291.00;0.00;0.00;0.00;0.00;0.00;0.00;0.00;0.00;0.00;144.67;240.00;80.00;0.00;0.00;0.00;929.33;321.67;0.00;849.34;369.34;624.67;999.33;524.67;961.67;1071.00;854.67;337.00;1304.66;207.67;160.00;320.00;544.67;320.00
1772831280.7584937;0.00;485.00;0.00;485.00;0.00;0.00;0.00;0.00;582.00;0.00;0.00;0.00;194.00;291.00;0.00;0.00;0.00;0.00;0.00;0.00;0.00;0.00;0.00;144.67;240.00;80.00;0.00;0.00;0.00;929.33;321.67;0.00;849.34;369.34;624.67;999.33;524.67;961.67;1071.00;854.67;337.00;1304.66;207.67;160.00;320.00;544.67;320.00
1772831280.806614;0.00;485.00;0.00;485.00;0.00;0.00;0.00;0.00;582.00;0.00;0.00;0.00;194.00;388.00;0.00;0.00;0.00;0.00;0.00;0.00;0.00;0.00;0.00;304.67;320.00;160.00;80.00;0.00;0.00;929.33;321.67;0.00;1009.34;529.34;784.67;999.33;674.67;961.67;1071.00;854.67;487.00;1304.66;207.67;160.00;320.00;544.67;320.00
1772831280.8080597;0.00;485.00;0.00;485.00;0.00;0.00;0.00;0.00;582.00;0.00;0.00;0.00;194.00;388.00;0.00;0.00;0.00;0.00;0.00;0.00;0.00;0.00;0.00;304.67;320.00;160.00;80.00;0.00;0.00;929.33;321.67;0.00;1009.34;529.34;784.67;999.33;674.67;961.67;1071.00;854.67;487.00;1304.66;207.67;160.00;320.00;544.67;320.00
1772831280.8565445;0.00;485.00;0.00;485.00;0.00;0.00;0.00;0.00;582.00;0.00;0.00;0.00;194.00;485.00;0.00;0.00;0.00;0.00;0.00;0.00;0.00;0.00;0.00;304.67;417.00;257.00;224.67;144.67;160.00;1089.33;321.67;0.00;1009.34;529.34;784.67;999.33;674.67;961.67;1221.00;967.00;487.00;1304.66;582.34;160.00;320.00;544.67;320.00
1772831280.8582509;0.00;485.00;0.00;485.00;0.00;0.00;0.00;0.00;582.00;0.00;0.00;0.00;194.00;485.00;0.00;0.00;0.00;0.00;0.00;0.00;0.00;0.00;0.00;304.67;417.00;257.00;224.67;144.67;160.00;1089.33;321.67;0.00;1009.34;529.34;784.67;999.33;674.67;961.67;1221.00;967.00;487.00;1304.66;582.34;160.00;320.00;544.67;320.00
1772831281.0475044;0.00;485.00;0.00;485.00;0.00;0.00;0.00;0.00;582.00;0.00;0.00;0.00;194.00;582.00;0.00;0.00;0.00;0.00;0.00;0.00;0.00;0.00;0.00;401.67;417.00;257.00;224.67;144.67;160.00;1089.33;481.67;144.67;1154.01;674.01;881.67;999.33;674.67;1336.34;1371.00;967.00;487.00;1304.66;582.34;160.00;320.00;657.00;320.00
1772831281.0491884;0.00;485.00;0.00;485.00;0.00;0.00;0.00;0.00;582.00;0.00;0.00;0.00;194.00;582.00;0.00;0.00;0.00;0.00;0.00;0.00;0.00;0.00;0.00;401.67;417.00;257.00;224.67;144.67;160.00;1089.33;481.67;144.67;1154.01;674.01;881.67;999.33;674.67;1336.34;1371.00;967.00;487.00;1304.66;582.34;160.00;320.00;657.00;320.00
1772831295.6924043;0.00;0.00;0.00;0.00;0.00;0.00;0.00;0.00;582.00;0.00;0.00;0.00;194.00;582.00;0.00;0.00;97.00;0.00;0.00;0.00;0.00;0.00;0.00;1.67;257.00;97.00;0.00;160.00;80.00;80.00;0.00;0.00;209.34;209.34;321.67;459.33;0.00;47.68;1061.00;0.00;207.66;674.66;449.34;160.00;0.00;112.33;0.00
1772831295.693123;0.00;0.00;0.00;0.00;0.00;0.00;0.00;0.00;582.00;0.00;0.00;0.00;194.00;582.00;0.00;0.00;97.00;0.00;0.00;0.00;0.00;0.00;0.00;1.67;257.00;97.00;0.00;160.00;80.00;80.00;0.00;0.00;209.34;209.34;321.67;459.33;0.00;47.68;1061.00;0.00;207.66;674.66;449.34;160.00;0.00;112.33;0.00
1772831295.7255554;0.00;0.00;0.00;0.00;0.00;0.00;0.00;0.00;582.00;0.00;0.00;0.00;194.00;582.00;0.00;0.00;194.00;0.00;0.00;0.00;0.00;0.00;0.00;1.67;257.00;97.00;160.00;320.00;160.00;160.00;0.00;0.00;209.34;209.34;321.67;459.33;0.00;47.68;1211.00;160.00;527.66;674.66;786.34;160.00;0.00;112.33;0.00
1772831295.7262425;0.00;0.00;0.00;0.00;0.00;0.00;0.00;0.00;582.00;0.00;0.00;0.00;194.00;582.00;0.00;0.00;194.00;0.00;0.00;0.00;0.00;0.00;0.00;1.67;257.00;97.00;160.00;320.00;160.00;160.00;0.00;0.00;209.34;209.34;321.67;459.33;0.00;47.68;1211.00;160.00;527.66;674.66;786.34;160.00;0.00;112.33;0.00
1772831295.758771;0.00;0.00;0.00;0.00;0.00;0.00;0.00;0.00;582.00;0.00;0.00;0.00;194.00;582.00;0.00;0.00;291.00;0.00;0.00;0.00;0.00;0.00;0.00;1.67;257.00;97.00;160.00;480.00;304.67;400.00;160.00;0.00;209.34;209.34;321.67;684.00;0.00;207.68;1361.00;160.00;687.66;674.66;898.67;160.00;0.00;112.33;0.00
1772831295.7594547;0.00;0.00;0.00;0.00;0.00;0.00;0.00;0.00;582.00;0.00;0.00;0.00;194.00;582.00;0.00;0.00;291.00;0.00;0.00;0.00;0.00;0.00;0.00;1.67;257.00;97.00;160.00;480.00;304.67;400.00;160.00;0.00;209.34;209.34;321.67;684.00;0.00;207.68;1361.00;160.00;687.66;674.66;898.67;160.00;0.00;112.33;0.00
1772831295.7917101;0.00;0.00;0.00;0.00;0.00;0.00;0.00;0.00;582.00;0.00;0.00;0.00;194.00;582.00;0.00;0.00;388.00;0.00;0.00;0.00;0.00;0.00;0.00;1.67;257.00;97.00;160.00;480.00;449.34;544.67;224.67;160.00;209.34;209.34;321.67;684.00;160.00;432.35;1671.00;160.00;687.66;674.66;1011.00;160.00;0.00;112.33;0.00
1772831295.7924383;0.00;0.00;0.00;0.00;0.00;0.00;0.00;0.00;582.00;0.00;0.00;0.00;194.00;582.00;0.00;0.00;388.00;0.00;0.00;0.00;0.00;0.00;0.00;1.67;257.00;97.00;160.00;480.00;449.34;544.67;224.67;160.00;209.34;209.34;321.67;684.00;160.00;432.35;1671.00;160.00;687.66;674.66;1011.00;160.00;0.00;112.33;0.00
1772831295.8244174;0.00;0.00;0.00;0.00;0.00;0.00;0.00;0.00;582.00;0.00;0.00;0.00;194.00;582.00;0.00;0.00;485.00;0.00;0.00;0.00;0.00;0.00;0.00;1.67;257.00;97.00;240.00;512.33;514.01;609.34;289.34;320.00;209.34;209.34;321.67;684.00;320.00;657.02;1671.00;470.00;799.99;674.66;1011.00;160.00;0.00;112.33;0.00
1772831295.8251836;0.00;0.00;0.00;0.00;0.00;0.00;0.00;0.00;582.00;0.00;0.00;0.00;194.00;582.00;0.00;0.00;485.00;0.00;0.00;0.00;0.00;0.00;0.00;1.67;257.00;97.00;240.00;512.33;514.01;609.34;289.34;320.00;209.34;209.34;321.67;684.00;320.00;657.02;1671.00;470.00;799.99;674.66;1011.00;160.00;0.00;112.33;0.00
1772831295.8571653;0.00;0.00;0.00;0.00;0.00;0.00;0.00;0.00;582.00;0.00;0.00;0.00;194.00;582.00;0.00;0.00;582.00;0.00;0.00;0.00;0.00;0.00;0.00;1.67;417.00;257.00;304.67;577.00;546.34;689.34;289.34;320.00;209.34;209.34;321.67;796.33;320.00;657.02;1821.00;694.67;799.99;834.66;1011.00;160.00;0.00;112.33;0.00
1772831295.8579438;0.00;0.00;0.00;0.00;0.00;0.00;0.00;0.00;582.00;0.00;0.00;0.00;194.00;582.00;0.00;0.00;582.00;0.00;0.00;0.00;0.00;0.00;0.00;1.67;417.00;257.00;304.67;577.00;546.34;689.34;289.34;320.00;209.34;209.34;321.67;796.33;320.00;657.02;1821.00;694.67;799.99;834.66;1011.00;160.00;0.00;112.33;0.00
1772831315.7408175;0.00;0.00;97.00;0.00;0.00;0.00;0.00;0.00;582.00;0.00;0.00;0.00;194.00;582.00;0.00;0.00;582.00;0.00;0.00;0.00;0.00;0.00;0.00;1.67;417.00;257.00;304.67;577.00;546.34;786.34;386.34;464.67;369.34;369.34;321.67;796.33;624.67;769.35;1821.00;694.67;799.99;834.66;1011.00;160.00;320.00;272.33;0.00
1772831315.7423172;0.00;0.00;97.00;0.00;0.00;0.00;0.00;0.00;582.00;0.00;0.00;0.00;194.00;582.00;0.00;0.00;582.00;0.00;0.00;0.00;0.00;0.00;0.00;1.67;417.00;257.00;304.67;577.00;546.34;786.34;386.34;464.67;369.34;369.34;321.67;796.33;624.67;769.35;1821.00;694.67;799.99;834.66;1011.00;160.00;320.00;272.33;0.00
1772831315.794403;0.00;0.00;194.00;0.00;0.00;0.00;0.00;0.00;582.00;0.00;0.00;0.00;194.00;582.00;0.00;0.00;582.00;0.00;0.00;0.00;0.00;0.00;0.00;1.67;417.00;257.00;304.67;577.00;546.34;883.34;451.01;529.34;369.34;369.34;321.67;796.33;999.34;769.35;1971.00;694.67;799.99;834.66;1011.00;160.00;320.00;272.33;0.00
1772831315.7959075;0.00;0.00;194.00;0.00;0.00;0.00;0.00;0.00;582.00;0.00;0.00;0.00;194.00;582.00;0.00;0.00;582.00;0.00;0.00;0.00;0.00;0.00;0.00;1.67;417.00;257.00;304.67;577.00;546.34;883.34;451.01;529.34;369.34;369.34;321.67;796.33;999.34;769.35;1971.00;694.67;799.99;834.66;1011.00;160.00;320.00;272.33;0.00
1772831315.8469594;0.00;0.00;291.00;0.00;0.00;0.00;0.00;0.00;582.00;0.00;0.00;0.00;194.00;582.00;0.00;0.00;582.00;0.00;0.00;0.00;0.00;0.00;0.00;1.67;417.00;257.00;304.67;577.00;546.34;1220.34;451.01;529.34;369.34;369.34;321.67;1096.33;999.34;769.35;1971.00;694.67;799.99;834.66;1011.00;160.00;320.00;272.33;0.00
1772831315.8484895;0.00;0.00;291.00;0.00;0.00;0.00;0.00;0.00;582.00;0.00;0.00;0.00;194.00;582.00;0.00;0.00;582.00;0.00;0.00;0.00;0.00;0.00;0.00;1.67;417.00;257.00;304.67;577.00;546.34;1220.34;451.01;529.34;369.34;369.34;321.67;1096.33;999.34;769.35;1971.00;694.67;799.99;834.66;1011.00;160.00;320.00;272.33;0.00
1772831315.8998237;0.00;0.00;388.00;0.00;0.00;0.00;0.00;0.00;582.00;0.00;0.00;0.00;194.00;582.00;0.00;0.00;582.00;0.00;0.00;0.00;0.00;0.00;0.00;1.67;417.00;257.00;304.67;577.00;546.34;1412.67;531.01;529.34;369.34;369.34;321.67;1246.33;999.34;919.35;1971.00;694.67;799.99;834.66;1011.00;160.00;320.00;272.33;0.00
1772831315.9014661;0.00;0.00;388.00;0.00;0.00;0.00;0.00;0.00;582.00;0.00;0.00;0.00;194.00;582.00;0.00;0.00;582.00;0.00;0.00;0.00;0.00;0.00;0.00;1.67;417.00;257.00;304.67;577.00;546.34;1412.67;531.01;529.34;369.34;369.34;321.67;1246.33;999.34;919.35;1971.00;694.67;799.99;834.66;1011.00;160.00;320.00;272.33;0.00
1772831316.0762243;0.00;0.00;485.00;0.00;0.00;0.00;0.00;0.00;582.00;0.00;0.00;0.00;194.00;582.00;0.00;0.00;582.00;0.00;0.00;0.00;0.00;0.00;0.00;1.67;417.00;257.00;304.67;577.00;546.34;1605.00;611.01;609.34;369.34;369.34;321.67;1396.33;1149.34;919.35;1971.00;694.67;799.99;834.66;1011.00;160.00;320.00;272.33;0.00
1772831316.0778801;0.00;0.00;485.00;0.00;0.00;0.00;0.00;0.00;582.00;0.00;0.00;0.00;194.00;582.00;0.00;0.00;582.00;0.00;0.00;0.00;0.00;0.00;0.00;1.67;417.00;257.00;304.67;577.00;546.34;1605.00;611.01;609.34;369.34;369.34;321.67;1396.33;1149.34;919.35;1971.00;694.67;799.99;834.66;1011.00;160.00;320.00;272.33;0.00
1772831316.1293788;0.00;0.00;582.00;0.00;0.00;0.00;0.00;0.00;582.00;0.00;0.00;0.00;194.00;582.00;0.00;0.00;582.00;0.00;0.00;0.00;0.00;0.00;0.00;1.67;417.00;257.00;304.67;577.00;626.34;1605.00;611.01;609.34;369.34;369.34;321.67;1546.33;1149.34;919.35;1971.00;694.67;799.99;834.66;1161.00;160.00;320.00;272.33;0.00
1772831316.1309552;0.00;0.00;582.00;0.00;0.00;0.00;0.00;0.00;582.00;0.00;0.00;0.00;194.00;582.00;0.00;0.00;582.00;0.00;0.00;0.00;0.00;0.00;0.00;1.67;417.00;257.00;304.67;577.00;626.34;1605.00;611.01;609.34;369.34;369.34;321.67;1546.33;1149.34;919.35;1971.00;694.67;799.99;834.66;1161.00;160.00;320.00;272.33;0.00
1772831338.7714322;0.00;0.00;582.00;0.00;0.00;0.00;0.00;0.00;582.00;0.00;0.00;0.00;194.00;582.00;0.00;0.00;582.00;0.00;0.00;0.00;0.00;97.00;0.00;81.67;417.00;257.00;304.67;577.00;626.34;1605.00;611.01;609.34;529.34;689.34;626.34;1546.33;1299.34;919.35;1971.00;694.67;799.99;984.66;1161.00;160.00;480.00;384.66;224.67
1772831338.773195;0.00;0.00;582.00;0.00;0.00;0.00;0.00;0.00;582.00;0.00;0.00;0.00;194.00;582.00;0.00;0.00;582.00;0.00;0.00;0.00;0.00;97.00;0.00;81.67;417.00;257.00;304.67;577.00;626.34;1605.00;611.01;609.34;529.34;689.34;626.34;1546.33;1299.34;919.35;1971.00;694.67;799.99;984.66;1161.00;160.00;480.00;384.66;224.67
1772831338.8243341;0.00;0.00;582.00;0.00;0.00;0.00;0.00;0.00;582.00;0.00;0.00;0.00;194.00;582.00;0.00;0.00;582.00;0.00;0.00;0.00;0.00;194.00;0.00;386.34;497.00;337.00;384.67;577.00;626.34;1605.00;611.01;609.34;689.34;849.34;883.34;1546.33;1449.34;919.35;1971.00;694.67;949.99;1369.33;1161.00;160.00;480.00;384.66;337.00
1772831338.8261302;0.00;0.00;582.00;0.00;0.00;0.00;0.00;0.00;582.00;0.00;0.00;0.00;194.00;582.00;0.00;0.00;582.00;0.00;0.00;0.00;0.00;194.00;0.00;386.34;497.00;337.00;384.67;577.00;626.34;1605.00;611.01;609.34;689.34;849.34;883.34;1546.33;1449.34;919.35;1971.00;694.67;949.99;1369.33;1161.00;160.00;480.00;384.66;337.00
1772831338.8731654;0.00;0.00;582.00;0.00;0.00;0.00;0.00;0.00;582.00;0.00;0.00;0.00;194.00;582.00;0.00;0.00;582.00;0.00;0.00;0.00;0.00;194.00;0.00;386.34;497.00;337.00;384.67;577.00;626.34;1605.00;611.01;609.34;689.34;849.34;883.34;1546.33;1449.34;919.35;1971.00;694.67;949.99;1369.33;1161.00;160.00;480.00;384.66;337.00
1772831338.8748527;0.00;0.00;582.00;0.00;0.00;0.00;0.00;0.00;582.00;0.00;0.00;0.00;194.00;582.00;0.00;0.00;582.00;0.00;0.00;0.00;0.00;194.00;0.00;386.34;497.00;337.00;384.67;577.00;626.34;1605.00;611.01;609.34;689.34;849.34;883.34;1546.33;1449.34;919.35;1971.00;694.67;949.99;1369.33;1161.00;160.00;480.00;384.66;337.00
1772831338.9210594;0.00;0.00;582.00;0.00;0.00;0.00;0.00;0.00;582.00;0.00;0.00;0.00;194.00;582.00;0.00;0.00;582.00;0.00;0.00;0.00;0.00;194.00;0.00;386.34;497.00;337.00;384.67;577.00;626.34;1605.00;611.01;609.34;689.34;849.34;883.34;1546.33;1449.34;919.35;1971.00;694.67;949.99;1369.33;1161.00;160.00;480.00;384.66;337.00
1772831338.9227295;0.00;0.00;582.00;0.00;0.00;0.00;0.00;0.00;582.00;0.00;0.00;0.00;194.00;582.00;0.00;0.00;582.00;0.00;0.00;0.00;0.00;194.00;0.00;386.34;497.00;337.00;384.67;577.00;626.34;1605.00;611.01;609.34;689.34;849.34;883.34;1546.33;1449.34;919.35;1971.00;694.67;949.99;1369.33;1161.00;160.00;480.00;384.66;337.00
1772831338.9689682;0.00;0.00;582.00;0.00;0.00;0.00;0.00;0.00;582.00;0.00;0.00;0.00;194.00;582.00;0.00;0.00;582.00;0.00;0.00;0.00;0.00;194.00;0.00;386.34;497.00;337.00;384.67;577.00;626.34;1605.00;611.01;609.34;689.34;849.34;883.34;1546.33;1449.34;919.35;1971.00;694.67;949.99;1369.33;1161.00;160.00;480.00;384.66;337.00
1772831338.9706395;0.00;0.00;582.00;0.00;0.00;0.00;0.00;0.00;582.00;0.00;0.00;0.00;194.00;582.00;0.00;0.00;582.00;0.00;0.00;0.00;0.00;194.00;0.00;386.34;497.00;337.00;384.67;577.00;626.34;1605.00;611.01;609.34;689.34;849.34;883.34;1546.33;1449.34;919.35;1971.00;694.67;949.99;1369.33;1161.00;160.00;480.00;384.66;337.00
1772831339.016794;0.00;0.00;582.00;0.00;0.00;0.00;0.00;0.00;582.00;0.00;0.00;0.00;194.00;582.00;0.00;0.00;582.00;0.00;0.00;0.00;0.00;194.00;0.00;386.34;497.00;337.00;384.67;577.00;626.34;1605.00;611.01;609.34;689.34;849.34;883.34;1546.33;1449.34;919.35;1971.00;694.67;949.99;1369.33;1161.00;160.00;480.00;384.66;337.00
1772831339.0184653;0.00;0.00;582.00;0.00;0.00;0.00;0.00;0.00;582.00;0.00;0.00;0.00;194.00;582.00;0.00;0.00;582.00;0.00;0.00;0.00;0.00;194.00;0.00;386.34;497.00;337.00;384.67;577.00;626.34;1605.00;611.01;609.34;689.34;849.34;883.34;1546.33;1449.34;919.35;1971.00;694.67;949.99;1369.33;1161.00;160.00;480.00;384.66;337.00
1772831361.8062682;0.00;0.00;582.00;0.00;0.00;0.00;0.00;0.00;582.00;0.00;0.00;0.00;194.00;582.00;0.00;0.00;582.00;0.00;0.00;0.00;0.00;194.00;0.00;386.34;497.00;337.00;384.67;577.00;626.34;1605.00;611.01;609.34;689.34;849.34;883.34;1546.33;1449.34;919.35;1971.00;694.67;949.99;1369.33;1161.00;160.00;480.00;384.66;337.00
1772831361.808065;0.00;0.00;582.00;0.00;0.00;0.00;0.00;0.00;582.00;0.00;0.00;0.00;194.00;582.00;0.00;0.00;582.00;0.00;0.00;0.00;0.00;194.00;0.00;386.34;497.00;337.00;384.67;577.00;626.34;1605.00;611.01;609.34;689.34;849.34;883.34;1546.33;1449.34;919.35;1971.00;694.67;949.99;1369.33;1161.00;160.00;480.00;384.66;337.00
1772831361.987802;0.00;0.00;582.00;0.00;0.00;0.00;0.00;0.00;582.00;0.00;0.00;0.00;194.00;582.00;0.00;0.00;582.00;0.00;0.00;0.00;0.00;194.00;0.00;386.34;497.00;337.00;384.67;577.00;626.34;1605.00;611.01;609.34;689.34;849.34;883.34;1546.33;1449.34;919.35;1971.00;694.67;949.99;1369.33;1161.00;160.00;480.00;384.66;337.00
1772831361.989584;0.00;0.00;582.00;0.00;0.00;0.00;0.00;0.00;582.00;0.00;0.00;0.00;194.00;582.00;0.00;0.00;582.00;0.00;0.00;0.00;0.00;194.00;0.00;386.34;497.00;337.00;384.67;577.00;626.34;1605.00;611.01;609.34;689.34;849.34;883.34;1546.33;1449.34;919.35;1971.00;694.67;949.99;1369.33;1161.00;160.00;480.00;384.66;337.00
1772831362.0376434;0.00;0.00;582.00;0.00;0.00;0.00;0.00;0.00;582.00;0.00;0.00;0.00;194.00;582.00;0.00;0.00;582.00;0.00;0.00;0.00;0.00;194.00;0.00;386.34;497.00;337.00;384.67;577.00;626.34;1605.00;611.01;609.34;689.34;849.34;883.34;1546.33;1449.34;919.35;1971.00;694.67;949.99;1369.33;1161.00;160.00;480.00;384.66;337.00
1772831362.0394275;0.00;0.00;582.00;0.00;0.00;0.00;0.00;0.00;582.00;0.00;0.00;0.00;194.00;582.00;0.00;0.00;582.00;0.00;0.00;0.00;0.00;194.00;0.00;386.34;497.00;337.00;384.67;577.00;626.34;1605.00;611.01;609.34;689.34;849.34;883.34;1546.33;1449.34;919.35;1971.00;694.67;949.99;1369.33;1161.00;160.00;480.00;384.66;337.00
1772831362.0865958;0.00;0.00;582.00;0.00;0.00;0.00;0.00;0.00;582.00;0.00;0.00;0.00;194.00;582.00;0.00;0.00;582.00;0.00;0.00;0.00;0.00;194.00;0.00;386.34;497.00;337.00;384.67;577.00;626.34;1605.00;611.01;609.34;689.34;849.34;883.34;1546.33;1449.34;919.35;1971.00;694.67;949.99;1369.33;1161.00;160.00;480.00;384.66;337.00
1772831362.0883448;0.00;0.00;582.00;0.00;0.00;0.00;0.00;0.00;582.00;0.00;0.00;0.00;194.00;582.00;0.00;0.00;582.00;0.00;0.00;0.00;0.00;194.00;0.00;386.34;497.00;337.00;384.67;577.00;626.34;1605.00;611.01;609.34;689.34;849.34;883.34;1546.33;1449.34;919.35;1971.00;694.67;949.99;1369.33;1161.00;160.00;480.00;384.66;337.00
1772831362.1363375;0.00;0.00;582.00;0.00;0.00;0.00;0.00;0.00;582.00;0.00;0.00;0.00;194.00;582.00;0.00;0.00;582.00;0.00;0.00;0.00;0.00;194.00;0.00;386.34;497.00;337.00;384.67;577.00;626.34;1605.00;611.01;609.34;689.34;849.34;883.34;1546.33;1449.34;919.35;1971.00;694.67;949.99;1369.33;1161.00;160.00;480.00;384.66;337.00
1772831362.1380267;0.00;0.00;582.00;0.00;0.00;0.00;0.00;0.00;582.00;0.00;0.00;0.00;194.00;582.00;0.00;0.00;582.00;0.00;0.00;0.00;0.00;194.00;0.00;386.34;497.00;337.00;384.67;577.00;626.34;1605.00;611.01;609.34;689.34;849.34;883.34;1546.33;1449.34;919.35;1971.00;694.67;949.99;1369.33;1161.00;160.00;480.00;384.66;337.00
1772831362.1848097;0.00;0.00;582.00;0.00;0.00;0.00;0.00;0.00;582.00;0.00;0.00;0.00;194.00;582.00;0.00;0.00;582.00;0.00;0.00;0.00;0.00;194.00;0.00;386.34;497.00;337.00;384.67;577.00;626.34;1605.00;611.01;609.34;689.34;849.34;883.34;1546.33;1449.34;919.35;1971.00;694.67;949.99;1369.33;1161.00;160.00;480.00;384.66;337.00
1772831362.1864622;0.00;0.00;582.00;0.00;0.00;0.00;0.00;0.00;582.00;0.00;0.00;0.00;194.00;582.00;0.00;0.00;582.00;0.00;0.00;0.00;0.00;194.00;0.00;386.34;497.00;337.00;384.67;577.00;626.34;1605.00;611.01;609.34;689.34;849.34;883.34;1546.33;1449.34;919.35;1971.00;694.67;949.99;1369.33;1161.00;160.00;480.00;384.66;337.00
1772831377.8606527;0.00;0.00;582.00;0.00;0.00;0.00;0.00;0.00;0.00;0.00;0.00;0.00;0.00;582.00;0.00;97.00;582.00;0.00;0.00;0.00;0.00;194.00;0.00;306.34;417.00;0.00;0.00;289.33;371.01;0.00;0.00;609.34;609.34;769.34;803.34;381.67;1299.34;0.00;0.00;37.67;725.32;1369.33;1161.00;0.00;480.00;384.66;337.00
1772831377.8621936;0.00;0.00;582.00;0.00;0.00;0.00;0.00;0.00;0.00;0.00;0.00;0.00;0.00;582.00;0.00;97.00;582.00;0.00;0.00;0.00;0.00;194.00;0.00;306.34;417.00;0.00;0.00;289.33;371.01;0.00;0.00;609.34;609.34;769.34;803.34;381.67;1299.34;0.00;0.00;37.67;725.32;1369.33;1161.00;0.00;480.00;384.66;337.00
1772831377.9159687;0.00;0.00;582.00;0.00;0.00;0.00;0.00;0.00;0.00;0.00;0.00;0.00;0.00;582.00;0.00;194.00;582.00;0.00;0.00;0.00;0.00;194.00;0.00;306.34;417.00;0.00;0.00;289.33;468.01;240.00;0.00;609.34;609.34;769.34;803.34;718.67;1299.34;0.00;240.00;37.67;725.32;1369.33;1161.00;0.00;480.00;384.66;337.00
1772831377.9173844;0.00;0.00;582.00;0.00;0.00;0.00;0.00;0.00;0.00;0.00;0.00;0.00;0.00;582.00;0.00;194.00;582.00;0.00;0.00;0.00;0.00;194.00;0.00;306.34;417.00;0.00;0.00;289.33;468.01;240.00;0.00;609.34;609.34;769.34;803.34;718.67;1299.34;0.00;240.00;37.67;725.32;1369.33;1161.00;0.00;480.00;384.66;337.00
1772831377.971038;0.00;0.00;582.00;0.00;0.00;0.00;0.00;0.00;0.00;0.00;0.00;0.00;0.00;582.00;0.00;291.00;582.00;0.00;0.00;0.00;0.00;194.00;0.00;306.34;417.00;0.00;0.00;289.33;565.01;480.00;80.00;609.34;609.34;769.34;803.34;1055.67;1299.34;80.00;400.00;37.67;725.32;1369.33;1161.00;0.00;480.00;384.66;337.00
1772831377.9725037;0.00;0.00;582.00;0.00;0.00;0.00;0.00;0.00;0.00;0.00;0.00;0.00;0.00;582.00;0.00;291.00;582.00;0.00;0.00;0.00;0.00;194.00;0.00;306.34;417.00;0.00;0.00;289.33;565.01;480.00;80.00;609.34;609.34;769.34;803.34;1055.67;1299.34;80.00;400.00;37.67;725.32;1369.33;1161.00;0.00;480.00;384.66;337.00
1772831378.1449866;0.00;0.00;582.00;0.00;0.00;0.00;0.00;0.00;0.00;0.00;0.00;0.00;0.00;582.00;0.00;388.00;582.00;0.00;0.00;0.00;0.00;194.00;0.00;306.34;417.00;0.00;0.00;289.33;662.01;624.67;240.00;609.34;609.34;769.34;803.34;1168.00;1299.34;240.00;934.67;37.67;725.32;1369.33;1161.00;0.00;480.00;384.66;337.00
1772831378.1465898;0.00;0.00;582.00;0.00;0.00;0.00;0.00;0.00;0.00;0.00;0.00;0.00;0.00;582.00;0.00;388.00;582.00;0.00;0.00;0.00;0.00;194.00;0.00;306.34;417.00;0.00;0.00;289.33;662.01;624.67;240.00;609.34;609.34;769.34;803.34;1168.00;1299.34;240.00;934.67;37.67;725.32;1369.33;1161.00;0.00;480.00;384.66;337.00
1772831378.2064593;0.00;0.00;582.00;0.00;0.00;0.00;0.00;0.00;0.00;0.00;0.00;0.00;0.00;582.00;0.00;485.00;582.00;0.00;0.00;0.00;0.00;194.00;0.00;306.34;417.00;0.00;0.00;289.33;759.01;801.67;624.67;609.34;609.34;769.34;803.34;1318.00;1299.34;624.67;1197.00;37.67;725.32;1369.33;1161.00;0.00;480.00;384.66;337.00
1772831378.2084606;0.00;0.00;582.00;0.00;0.00;0.00;0.00;0.00;0.00;0.00;0.00;0.00;0.00;582.00;0.00;485.00;582.00;0.00;0.00;0.00;0.00;194.00;0.00;306.34;417.00;0.00;0.00;289.33;759.01;801.67;624.67;609.34;609.34;769.34;803.34;1318.00;1299.34;624.67;1197.00;37.67;725.32;1369.33;1161.00;0.00;480.00;384.66;337.00
1772831378.277017;0.00;0.00;582.00;0.00;0.00;0.00;0.00;0.00;0.00;0.00;0.00;0.00;0.00;582.00;0.00;582.00;582.00;0.00;0.00;0.00;0.00;194.00;0.00;306.34;417.00;0.00;0.00;289.33;856.01;978.67;1009.34;609.34;609.34;769.34;803.34;1468.00;1299.34;1009.34;1459.33;37.67;725.32;1369.33;1161.00;0.00;480.00;384.66;337.00
1772831378.279161;0.00;0.00;582.00;0.00;0.00;0.00;0.00;0.00;0.00;0.00;0.00;0.00;0.00;582.00;0.00;582.00;582.00;0.00;0.00;0.00;0.00;194.00;0.00;306.34;417.00;0.00;0.00;289.33;856.01;978.67;1009.34;609.34;609.34;769.34;803.34;1468.00;1299.34;1009.34;1459.33;37.67;725.32;1369.33;1161.00;0.00;480.00;384.66;337.00
1772831403.8894234;0.00;0.00;582.00;0.00;0.00;0.00;0.00;0.00;0.00;0.00;0.00;0.00;97.00;0.00;0.00;582.00;0.00;0.00;0.00;0.00;0.00;194.00;0.00;0.00;0.00;0.00;160.00;80.00;80.00;80.00;560.00;144.67;160.00;320.00;401.67;1131.00;0.00;25.33;150.00;160.00;337.00;0.00;0.00;0.00;480.00;272.33;337.00
1772831403.8906658;0.00;0.00;582.00;0.00;0.00;0.00;0.00;0.00;0.00;0.00;0.00;0.00;97.00;0.00;0.00;582.00;0.00;0.00;0.00;0.00;0.00;194.00;0.00;0.00;0.00;0.00;160.00;80.00;80.00;80.00;560.00;144.67;160.00;320.00;401.67;1131.00;0.00;25.33;150.00;160.00;337.00;0.00;0.00;0.00;480.00;272.33;337.00
1772831403.9451542;0.00;0.00;582.00;0.00;0.00;0.00;0.00;0.00;0.00;0.00;0.00;0.00;194.00;0.00;0.00;582.00;0.00;0.00;0.00;0.00;0.00;194.00;0.00;0.00;0.00;0.00;470.00;80.00;80.00;80.00;560.00;144.67;160.00;320.00;401.67;1131.00;0.00;25.33;150.00;470.00;674.00;0.00;0.00;0.00;480.00;272.33;337.00
1772831403.9464025;0.00;0.00;582.00;0.00;0.00;0.00;0.00;0.00;0.00;0.00;0.00;0.00;194.00;0.00;0.00;582.00;0.00;0.00;0.00;0.00;0.00;194.00;0.00;0.00;0.00;0.00;470.00;80.00;80.00;80.00;560.00;144.67;160.00;320.00;401.67;1131.00;0.00;25.33;150.00;470.00;674.00;0.00;0.00;0.00;480.00;272.33;337.00
1772831404.0001884;0.00;0.00;582.00;0.00;0.00;0.00;0.00;0.00;0.00;0.00;0.00;0.00;291.00;0.00;0.00;582.00;0.00;0.00;0.00;0.00;0.00;194.00;0.00;0.00;80.00;80.00;502.33;144.67;80.00;80.00;560.00;144.67;160.00;320.00;401.67;1131.00;0.00;25.33;150.00;582.33;674.00;150.00;64.67;160.00;480.00;272.33;337.00
1772831404.0014377;0.00;0.00;582.00;0.00;0.00;0.00;0.00;0.00;0.00;0.00;0.00;0.00;291.00;0.00;0.00;582.00;0.00;0.00;0.00;0.00;0.00;194.00;0.00;0.00;80.00;80.00;502.33;144.67;80.00;80.00;560.00;144.67;160.00;320.00;401.67;1131.00;0.00;25.33;150.00;582.33;674.00;150.00;64.67;160.00;480.00;272.33;337.00
1772831404.0547566;0.00;0.00;582.00;0.00;0.00;0.00;0.00;0.00;0.00;0.00;0.00;0.00;388.00;0.00;0.00;582.00;0.00;0.00;0.00;0.00;0.00;194.00;0.00;0.00;80.00;80.00;502.33;241.67;224.67;240.00;720.00;144.67;160.00;320.00;401.67;1505.67;0.00;185.33;150.00;582.33;674.00;150.00;177.00;160.00;480.00;272.33;337.00
1772831404.056175;0.00;0.00;582.00;0.00;0.00;0.00;0.00;0.00;0.00;0.00;0.00;0.00;388.00;0.00;0.00;582.00;0.00;0.00;0.00;0.00;0.00;194.00;0.00;0.00;80.00;80.00;502.33;241.67;224.67;240.00;720.00;144.67;160.00;320.00;401.67;1505.67;0.00;185.33;150.00;582.33;674.00;150.00;177.00;160.00;480.00;272.33;337.00
1772831404.1098003;0.00;0.00;582.00;0.00;0.00;0.00;0.00;0.00;0.00;0.00;0.00;0.00;485.00;0.00;0.00;582.00;0.00;0.00;0.00;0.00;0.00;194.00;0.00;0.00;240.00;144.67;567.00;274.00;304.67;320.00;800.00;144.67;160.00;320.00;401.67;1505.67;0.00;335.33;310.00;582.33;674.00;310.00;289.33;384.67;480.00;272.33;337.00
1772831404.1112366;0.00;0.00;582.00;0.00;0.00;0.00;0.00;0.00;0.00;0.00;0.00;0.00;485.00;0.00;0.00;582.00;0.00;0.00;0.00;0.00;0.00;194.00;0.00;0.00;240.00;144.67;567.00;274.00;304.67;320.00;800.00;144.67;160.00;320.00;401.67;1505.67;0.00;335.33;310.00;582.33;674.00;310.00;289.33;384.67;480.00;272.33;337.00
1772831404.1650712;0.00;0.00;582.00;0.00;0.00;0.00;0.00;0.00;0.00;0.00;0.00;0.00;582.00;0.00;0.00;582.00;0.00;0.00;0.00;0.00;0.00;194.00;0.00;160.00;400.00;321.67;664.00;274.00;304.67;320.00;800.00;144.67;320.00;480.00;561.67;1505.67;160.00;335.33;310.00;732.33;674.00;310.00;289.33;721.67;480.00;272.33;337.00
1772831404.166482;0.00;0.00;582.00;0.00;0.00;0.00;0.00;0.00;0.00;0.00;0.00;0.00;582.00;0.00;0.00;582.00;0.00;0.00;0.00;0.00;0.00;194.00;0.00;160.00;400.00;321.67;664.00;274.00;304.67;320.00;800.00;144.67;320.00;480.00;561.67;1505.67;160.00;335.33;310.00;732.33;674.00;310.00;289.33;721.67;480.00;272.33;337.00
1772831421.0534172;0.00;0.00;0.00;0.00;0.00;0.00;0.00;0.00;0.00;0.00;0.00;0.00;582.00;0.00;0.00;582.00;0.00;0.00;0.00;97.00;0.00;194.00;0.00;240.00;432.33;354.00;728.67;338.67;289.34;64.67;383.00;160.00;240.00;400.00;641.67;0.00;240.00;297.67;160.00;732.33;674.00;422.33;139.33;721.67;160.00;112.33;337.00
1772831421.0547569;0.00;0.00;0.00;0.00;0.00;0.00;0.00;0.00;0.00;0.00;0.00;0.00;582.00;0.00;0.00;582.00;0.00;0.00;0.00;97.00;0.00;194.00;0.00;240.00;432.33;354.00;728.67;338.67;289.34;64.67;383.00;160.00;240.00;400.00;641.67;0.00;240.00;297.67;160.00;732.33;674.00;422.33;139.33;721.67;160.00;112.33;337.00
1772831421.1068137;0.00;0.00;0.00;0.00;0.00;0.00;0.00;0.00;0.00;0.00;0.00;0.00;582.00;0.00;0.00;582.00;0.00;0.00;0.00;194.00;0.00;194.00;0.00;384.67;529.33;451.00;728.67;338.67;289.34;64.67;383.00;160.00;320.00;640.00;786.34;0.00;390.00;297.67;160.00;732.33;674.00;534.66;139.33;721.67;320.00;337.00;337.00
1772831421.108033;0.00;0.00;0.00;0.00;0.00;0.00;0.00;0.00;0.00;0.00;0.00;0.00;582.00;0.00;0.00;582.00;0.00;0.00;0.00;194.00;0.00;194.00;0.00;384.67;529.33;451.00;728.67;338.67;289.34;64.67;383.00;160.00;320.00;640.00;786.34;0.00;390.00;297.67;160.00;732.33;674.00;534.66;139.33;721.67;320.00;337.00;337.00
1772831421.1596296;0.00;0.00;0.00;0.00;0.00;0.00;0.00;0.00;0.00;0.00;0.00;0.00;582.00;0.00;0.00;582.00;0.00;0.00;0.00;291.00;0.00;194.00;0.00;384.67;529.33;451.00;728.67;338.67;289.34;64.67;383.00;160.00;320.00;640.00;786.34;0.00;390.00;297.67;160.00;1032.33;674.00;534.66;139.33;721.67;320.00;337.00;337.00
1772831421.1609256;0.00;0.00;0.00;0.00;0.00;0.00;0.00;0.00;0.00;0.00;0.00;0.00;582.00;0.00;0.00;582.00;0.00;0.00;0.00;291.00;0.00;194.00;0.00;384.67;529.33;451.00;728.67;338.67;289.34;64.67;383.00;160.00;320.00;640.00;786.34;0.00;390.00;297.67;160.00;1032.33;674.00;534.66;139.33;721.67;320.00;337.00;337.00
1772831421.213439;0.00;0.00;0.00;0.00;0.00;0.00;0.00;0.00;0.00;0.00;0.00;0.00;582.00;0.00;0.00;582.00;0.00;0.00;0.00;388.00;0.00;194.00;0.00;384.67;529.33;451.00;808.67;418.67;369.34;144.67;383.00;160.00;320.00;640.00;786.34;0.00;390.00;297.67;310.00;1182.33;674.00;534.66;139.33;721.67;320.00;337.00;337.00
1772831421.2147086;0.00;0.00;0.00;0.00;0.00;0.00;0.00;0.00;0.00;0.00;0.00;0.00;582.00;0.00;0.00;582.00;0.00;0.00;0.00;388.00;0.00;194.00;0.00;384.67;529.33;451.00;808.67;418.67;369.34;144.67;383.00;160.00;320.00;640.00;786.34;0.00;390.00;297.67;310.00;1182.33;674.00;534.66;139.33;721.67;320.00;337.00;337.00
1772831421.2669206;0.00;0.00;0.00;0.00;0.00;0.00;0.00;0.00;0.00;0.00;0.00;0.00;582.00;0.00;0.00;582.00;0.00;0.00;0.00;485.00;0.00;194.00;0.00;544.67;689.33;611.00;888.67;498.67;449.34;144.67;383.00;160.00;480.00;800.00;946.34;150.00;550.00;297.67;310.00;1182.33;674.00;534.66;139.33;721.67;320.00;337.00;337.00
1772831421.268287;0.00;0.00;0.00;0.00;0.00;0.00;0.00;0.00;0.00;0.00;0.00;0.00;582.00;0.00;0.00;582.00;0.00;0.00;0.00;485.00;0.00;194.00;0.00;544.67;689.33;611.00;888.67;498.67;449.34;144.67;383.00;160.00;480.00;800.00;946.34;150.00;550.00;297.67;310.00;1182.33;674.00;534.66;139.33;721.67;320.00;337.00;337.00
1772831421.3207695;0.00;0.00;0.00;0.00;0.00;0.00;0.00;0.00;0.00;0.00;0.00;0.00;582.00;0.00;0.00;582.00;0.00;0.00;0.00;582.00;0.00;194.00;0.00;544.67;849.33;771.00;968.67;578.67;449.34;144.67;383.00;160.00;480.00;800.00;946.34;150.00;550.00;297.67;310.00;1182.33;674.00;684.66;289.33;721.67;320.00;337.00;337.00
1772831421.3221722;0.00;0.00;0.00;0.00;0.00;0.00;0.00;0.00;0.00;0.00;0.00;0.00;582.00;0.00;0.00;582.00;0.00;0.00;0.00;582.00;0.00;194.00;0.00;544.67;849.33;771.00;968.67;578.67;449.34;144.67;383.00;160.00;480.00;800.00;946.34;150.00;550.00;297.67;310.00;1182.33;674.00;684.66;289.33;721.67;320.00;337.00;337.00
1772831443.9543498;0.00;0.00;0.00;0.00;0.00;0.00;0.00;0.00;0.00;0.00;0.00;0.00;582.00;0.00;0.00;582.00;0.00;0.00;0.00;582.00;97.00;194.00;0.00;544.67;849.33;771.00;968.67;578.67;449.34;289.34;527.67;224.67;480.00;800.00;946.34;262.33;924.67;447.67;310.00;1182.33;674.00;684.66;289.33;721.67;320.00;337.00;337.00
1772831443.9551945;0.00;0.00;0.00;0.00;0.00;0.00;0.00;0.00;0.00;0.00;0.00;0.00;582.00;0.00;0.00;582.00;0.00;0.00;0.00;582.00;97.00;194.00;0.00;544.67;849.33;771.00;968.67;578.67;449.34;289.34;527.67;224.67;480.00;800.00;946.34;262.33;924.67;447.67;310.00;1182.33;674.00;684.66;289.33;721.67;320.00;337.00;337.00
1772831443.9875743;0.00;0.00;0.00;0.00;0.00;0.00;0.00;0.00;0.00;0.00;0.00;0.00;582.00;0.00;0.00;582.00;0.00;0.00;0.00;582.00;194.00;194.00;0.00;544.67;849.33;771.00;968.67;578.67;449.34;386.34;784.67;289.34;480.00;800.00;946.34;262.33;1299.34;710.00;310.00;1182.33;674.00;684.66;289.33;721.67;320.00;337.00;337.00
1772831443.988338;0.00;0.00;0.00;0.00;0.00;0.00;0.00;0.00;0.00;0.00;0.00;0.00;582.00;0.00;0.00;582.00;0.00;0.00;0.00;582.00;194.00;194.00;0.00;544.67;849.33;771.00;968.67;578.67;449.34;386.34;784.67;289.34;480.00;800.00;946.34;262.33;1299.34;710.00;310.00;1182.33;674.00;684.66;289.33;721.67;320.00;337.00;337.00
1772831444.0884924;0.00;0.00;0.00;0.00;0.00;0.00;0.00;0.00;0.00;0.00;0.00;0.00;582.00;0.00;0.00;582.00;0.00;0.00;0.00;582.00;291.00;194.00;0.00;544.67;849.33;771.00;968.67;578.67;449.34;483.34;864.67;289.34;480.00;800.00;946.34;262.33;1299.34;860.00;460.00;1182.33;674.00;684.66;289.33;721.67;320.00;337.00;337.00
1772831444.0893512;0.00;0.00;0.00;0.00;0.00;0.00;0.00;0.00;0.00;0.00;0.00;0.00;582.00;0.00;0.00;582.00;0.00;0.00;0.00;582.00;291.00;194.00;0.00;544.67;849.33;771.00;968.67;578.67;449.34;483.34;864.67;289.34;480.00;800.00;946.34;262.33;1299.34;860.00;460.00;1182.33;674.00;684.66;289.33;721.67;320.00;337.00;337.00
1772831444.1214414;0.00;0.00;0.00;0.00;0.00;0.00;0.00;0.00;0.00;0.00;0.00;0.00;582.00;0.00;0.00;582.00;0.00;0.00;0.00;582.00;388.00;194.00;0.00;544.67;849.33;771.00;968.67;578.67;449.34;580.34;944.67;289.34;480.00;800.00;946.34;262.33;1299.34;1010.00;610.00;1182.33;674.00;684.66;289.33;721.67;320.00;337.00;337.00
1772831444.1222546;0.00;0.00;0.00;0.00;0.00;0.00;0.00;0.00;0.00;0.00;0.00;0.00;582.00;0.00;0.00;582.00;0.00;0.00;0.00;582.00;388.00;194.00;0.00;544.67;849.33;771.00;968.67;578.67;449.34;580.34;944.67;289.34;480.00;800.00;946.34;262.33;1299.34;1010.00;610.00;1182.33;674.00;684.66;289.33;721.67;320.00;337.00;337.00
1772831444.1537669;0.00;0.00;0.00;0.00;0.00;0.00;0.00;0.00;0.00;0.00;0.00;0.00;582.00;0.00;0.00;582.00;0.00;0.00;0.00;582.00;485.00;194.00;0.00;544.67;849.33;771.00;968.67;578.67;449.34;677.34;1024.67;289.34;480.00;800.00;946.34;262.33;1299.34;1160.00;760.00;1182.33;674.00;684.66;289.33;721.67;320.00;337.00;337.00
1772831444.1545413;0.00;0.00;0.00;0.00;0.00;0.00;0.00;0.00;0.00;0.00;0.00;0.00;582.00;0.00;0.00;582.00;0.00;0.00;0.00;582.00;485.00;194.00;0.00;544.67;849.33;771.00;968.67;578.67;449.34;677.34;1024.67;289.34;480.00;800.00;946.34;262.33;1299.34;1160.00;760.00;1182.33;674.00;684.66;289.33;721.67;320.00;337.00;337.00
1772831444.1867874;0.00;0.00;0.00;0.00;0.00;0.00;0.00;0.00;0.00;0.00;0.00;0.00;582.00;0.00;0.00;582.00;0.00;0.00;0.00;582.00;582.00;194.00;0.00;544.67;849.33;771.00;968.67;578.67;449.34;934.34;1104.67;289.34;480.00;800.00;946.34;412.33;1299.34;1310.00;760.00;1182.33;674.00;684.66;289.33;721.67;320.00;337.00;337.00
1772831444.187595;0.00;0.00;0.00;0.00;0.00;0.00;0.00;0.00;0.00;0.00;0.00;0.00;582.00;0.00;0.00;582.00;0.00;0.00;0.00;582.00;582.00;194.00;0.00;544.67;849.33;771.00;968.67;578.67;449.34;934.34;1104.67;289.34;480.00;800.00;946.34;412.33;1299.34;1310.00;760.00;1182.33;674.00;684.66;289.33;721.67;320.00;337.00;337.00
1772831464.0057487;0.00;0.00;0.00;0.00;97.00;0.00;0.00;0.00;0.00;0.00;0.00;0.00;582.00;0.00;0.00;582.00;0.00;0.00;0.00;582.00;582.00;0.00;0.00;240.00;769.33;691.00;888.67;578.67;449.34;934.34;1104.67;289.34;192.33;400.00;464.67;412.33;849.34;1310.00;760.00;1182.33;524.00;299.99;289.33;721.67;272.33;224.67;160.00
1772831464.007363;0.00;0.00;0.00;0.00;97.00;0.00;0.00;0.00;0.00;0.00;0.00;0.00;582.00;0.00;0.00;582.00;0.00;0.00;0.00;582.00;582.00;0.00;0.00;240.00;769.33;691.00;888.67;578.67;449.34;934.34;1104.67;289.34;192.33;400.00;464.67;412.33;849.34;1310.00;760.00;1182.33;524.00;299.99;289.33;721.67;272.33;224.67;160.00
1772831464.0659022;0.00;0.00;0.00;0.00;194.00;0.00;0.00;0.00;0.00;0.00;0.00;0.00;582.00;0.00;0.00;582.00;0.00;0.00;0.00;582.00;582.00;0.00;0.00;240.00;769.33;691.00;888.67;578.67;449.34;934.34;1104.67;289.34;304.66;560.00;624.67;412.33;1149.34;1310.00;760.00;1182.33;524.00;299.99;289.33;721.67;384.66;224.67;320.00
1772831464.06766;0.00;0.00;0.00;0.00;194.00;0.00;0.00;0.00;0.00;0.00;0.00;0.00;582.00;0.00;0.00;582.00;0.00;0.00;0.00;582.00;582.00;0.00;0.00;240.00;769.33;691.00;888.67;578.67;449.34;934.34;1104.67;289.34;304.66;560.00;624.67;412.33;1149.34;1310.00;760.00;1182.33;524.00;299.99;289.33;721.67;384.66;224.67;320.00
1772831464.123754;0.00;0.00;0.00;0.00;291.00;0.00;0.00;0.00;0.00;0.00;0.00;0.00;582.00;0.00;0.00;582.00;0.00;0.00;0.00;582.00;582.00;0.00;0.00;240.00;769.33;691.00;888.67;578.67;449.34;934.34;1104.67;289.34;304.66;560.00;624.67;412.33;1449.34;1310.00;760.00;1182.33;524.00;299.99;289.33;721.67;384.66;224.67;320.00
1772831464.1256065;0.00;0.00;0.00;0.00;291.00;0.00;0.00;0.00;0.00;0.00;0.00;0.00;582.00;0.00;0.00;582.00;0.00;0.00;0.00;582.00;582.00;0.00;0.00;240.00;769.33;691.00;888.67;578.67;449.34;934.34;1104.67;289.34;304.66;560.00;624.67;412.33;1449.34;1310.00;760.00;1182.33;524.00;299.99;289.33;721.67;384.66;224.67;320.00
1772831464.1874876;0.00;0.00;0.00;0.00;388.00;0.00;0.00;0.00;0.00;0.00;0.00;0.00;582.00;0.00;0.00;582.00;0.00;0.00;0.00;582.00;582.00;0.00;0.00;240.00;769.33;691.00;888.67;578.67;449.34;934.34;1104.67;289.34;464.66;720.00;784.67;412.33;1599.34;1310.00;760.00;1182.33;524.00;299.99;289.33;721.67;384.66;224.67;480.00
1772831464.1893125;0.00;0.00;0.00;0.00;388.00;0.00;0.00;0.00;0.00;0.00;0.00;0.00;582.00;0.00;0.00;582.00;0.00;0.00;0.00;582.00;582.00;0.00;0.00;240.00;769.33;691.00;888.67;578.67;449.34;934.34;1104.67;289.34;464.66;720.00;784.67;412.33;1599.34;1310.00;760.00;1182.33;524.00;299.99;289.33;721.67;384.66;224.67;480.00
1772831464.3782728;0.00;0.00;0.00;0.00;485.00;0.00;0.00;0.00;0.00;0.00;0.00;0.00;582.00;0.00;0.00;582.00;0.00;0.00;0.00;582.00;582.00;0.00;0.00;304.67;769.33;691.00;888.67;578.67;449.34;934.34;1264.67;369.34;529.33;784.67;849.34;412.33;1599.34;1460.00;760.00;1182.33;524.00;674.66;289.33;721.67;384.66;224.67;480.00
1772831464.3800426;0.00;0.00;0.00;0.00;485.00;0.00;0.00;0.00;0.00;0.00;0.00;0.00;582.00;0.00;0.00;582.00;0.00;0.00;0.00;582.00;582.00;0.00;0.00;304.67;769.33;691.00;888.67;578.67;449.34;934.34;1264.67;369.34;529.33;784.67;849.34;412.33;1599.34;1460.00;760.00;1182.33;524.00;674.66;289.33;721.67;384.66;224.67;480.00
1772831464.4335175;0.00;0.00;0.00;0.00;582.00;0.00;0.00;0.00;0.00;0.00;0.00;0.00;582.00;0.00;0.00;582.00;0.00;0.00;0.00;582.00;582.00;0.00;0.00;384.67;849.33;771.00;968.67;578.67;449.34;999.01;1329.34;434.01;561.66;817.00;929.34;562.33;1599.34;1460.00;760.00;1182.33;674.00;834.66;289.33;721.67;384.66;337.00;480.00
1772831464.435162;0.00;0.00;0.00;0.00;582.00;0.00;0.00;0.00;0.00;0.00;0.00;0.00;582.00;0.00;0.00;582.00;0.00;0.00;0.00;582.00;582.00;0.00;0.00;384.67;849.33;771.00;968.67;578.67;449.34;999.01;1329.34;434.01;561.66;817.00;929.34;562.33;1599.34;1460.00;760.00;1182.33;674.00;834.66;289.33;721.67;384.66;337.00;480.00
1772831491.0620549;0.00;0.00;0.00;97.00;582.00;0.00;0.00;0.00;0.00;0.00;0.00;0.00;582.00;0.00;0.00;0.00;0.00;0.00;0.00;582.00;582.00;0.00;0.00;384.67;849.33;771.00;968.67;466.34;0.00;0.00;160.00;531.01;561.66;817.00;929.34;0.00;1599.34;257.00;160.00;1182.33;561.67;834.66;289.33;721.67;384.66;337.00;480.00
1772831491.0637226;0.00;0.00;0.00;97.00;582.00;0.00;0.00;0.00;0.00;0.00;0.00;0.00;582.00;0.00;0.00;0.00;0.00;0.00;0.00;582.00;582.00;0.00;0.00;384.67;849.33;771.00;968.67;466.34;0.00;0.00;160.00;531.01;561.66;817.00;929.34;0.00;1599.34;257.00;160.00;1182.33;561.67;834.66;289.33;721.67;384.66;337.00;480.00
1772831491.12101;0.00;0.00;0.00;194.00;582.00;0.00;0.00;0.00;0.00;0.00;0.00;0.00;582.00;0.00;0.00;0.00;0.00;0.00;0.00;582.00;582.00;0.00;0.00;384.67;849.33;771.00;968.67;466.34;0.00;0.00;304.67;628.01;561.66;817.00;929.34;0.00;1599.34;369.33;304.67;1182.33;561.67;834.66;289.33;721.67;384.66;337.00;480.00
1772831491.122499;0.00;0.00;0.00;194.00;582.00;0.00;0.00;0.00;0.00;0.00;0.00;0.00;582.00;0.00;0.00;0.00;0.00;0.00;0.00;582.00;582.00;0.00;0.00;384.67;849.33;771.00;968.67;466.34;0.00;0.00;304.67;628.01;561.66;817.00;929.34;0.00;1599.34;369.33;304.67;1182.33;561.67;834.66;289.33;721.67;384.66;337.00;480.00
1772831491.1794224;0.00;0.00;0.00;291.00;582.00;0.00;0.00;0.00;0.00;0.00;0.00;0.00;582.00;0.00;0.00;0.00;0.00;0.00;0.00;582.00;582.00;0.00;0.00;384.67;849.33;771.00;968.67;466.34;0.00;240.00;401.67;725.01;561.66;817.00;929.34;240.00;1599.34;369.33;641.67;1182.33;561.67;834.66;289.33;721.67;384.66;337.00;480.00
1772831491.1809654;0.00;0.00;0.00;291.00;582.00;0.00;0.00;0.00;0.00;0.00;0.00;0.00;582.00;0.00;0.00;0.00;0.00;0.00;0.00;582.00;582.00;0.00;0.00;384.67;849.33;771.00;968.67;466.34;0.00;240.00;401.67;725.01;561.66;817.00;929.34;240.00;1599.34;369.33;641.67;1182.33;561.67;834.66;289.33;721.67;384.66;337.00;480.00
1772831491.238268;0.00;0.00;0.00;388.00;582.00;0.00;0.00;0.00;0.00;0.00;0.00;0.00;582.00;0.00;0.00;0.00;0.00;0.00;0.00;582.00;582.00;0.00;0.00;384.67;849.33;771.00;968.67;466.34;0.00;400.00;498.67;822.01;561.66;817.00;929.34;400.00;1599.34;369.33;1128.67;1182.33;561.67;834.66;289.33;721.67;384.66;337.00;480.00
1772831491.2398634;0.00;0.00;0.00;388.00;582.00;0.00;0.00;0.00;0.00;0.00;0.00;0.00;582.00;0.00;0.00;0.00;0.00;0.00;0.00;582.00;582.00;0.00;0.00;384.67;849.33;771.00;968.67;466.34;0.00;400.00;498.67;822.01;561.66;817.00;929.34;400.00;1599.34;369.33;1128.67;1182.33;561.67;834.66;289.33;721.67;384.66;337.00;480.00
1772831491.296206;0.00;0.00;0.00;485.00;582.00;0.00;0.00;0.00;0.00;0.00;0.00;0.00;582.00;0.00;0.00;0.00;0.00;0.00;0.00;582.00;582.00;0.00;0.00;384.67;849.33;771.00;968.67;466.34;0.00;704.67;595.67;919.01;561.66;817.00;929.34;934.67;1599.34;369.33;1391.00;1182.33;561.67;834.66;289.33;721.67;384.66;337.00;480.00
1772831491.2978675;0.00;0.00;0.00;485.00;582.00;0.00;0.00;0.00;0.00;0.00;0.00;0.00;582.00;0.00;0.00;0.00;0.00;0.00;0.00;582.00;582.00;0.00;0.00;384.67;849.33;771.00;968.67;466.34;0.00;704.67;595.67;919.01;561.66;817.00;929.34;934.67;1599.34;369.33;1391.00;1182.33;561.67;834.66;289.33;721.67;384.66;337.00;480.00
1772831491.4755905;0.00;0.00;0.00;582.00;582.00;0.00;0.00;0.00;0.00;0.00;0.00;0.00;582.00;0.00;0.00;0.00;0.00;0.00;0.00;582.00;582.00;0.00;0.00;384.67;849.33;771.00;968.67;466.34;80.00;1057.00;692.67;1016.01;561.66;817.00;929.34;1197.00;1599.34;369.33;1391.00;1182.33;561.67;834.66;439.33;721.67;384.66;337.00;480.00
1772831491.4773314;0.00;0.00;0.00;582.00;582.00;0.00;0.00;0.00;0.00;0.00;0.00;0.00;582.00;0.00;0.00;0.00;0.00;0.00;0.00;582.00;582.00;0.00;0.00;384.67;849.33;771.00;968.67;466.34;80.00;1057.00;692.67;1016.01;561.66;817.00;929.34;1197.00;1599.34;369.33;1391.00;1182.33;561.67;834.66;439.33;721.67;384.66;337.00;480.00
1772831519.0870214;0.00;0.00;0.00;582.00;582.00;0.00;0.00;0.00;0.00;0.00;0.00;0.00;582.00;0.00;0.00;0.00;0.00;0.00;0.00;582.00;582.00;0.00;0.00;384.67;849.33;771.00;968.67;466.34;80.00;1057.00;692.67;1016.01;561.66;817.00;929.34;1197.00;1599.34;369.33;1391.00;1182.33;561.67;834.66;439.33;721.67;384.66;337.00;480.00
1772831519.0887682;0.00;0.00;0.00;582.00;582.00;0.00;0.00;0.00;0.00;0.00;0.00;0.00;582.00;0.00;0.00;0.00;0.00;0.00;0.00;582.00;582.00;0.00;0.00;384.67;849.33;771.00;968.67;466.34;80.00;1057.00;692.67;1016.01;561.66;817.00;929.34;1197.00;1599.34;369.33;1391.00;1182.33;561.67;834.66;439.33;721.67;384.66;337.00;480.00
1772831519.1411374;0.00;0.00;0.00;582.00;582.00;0.00;0.00;0.00;0.00;0.00;0.00;0.00;582.00;0.00;0.00;0.00;0.00;0.00;0.00;582.00;582.00;0.00;0.00;384.67;849.33;771.00;968.67;466.34;80.00;1057.00;692.67;1016.01;561.66;817.00;929.34;1197.00;1599.34;369.33;1391.00;1182.33;561.67;834.66;439.33;721.67;384.66;337.00;480.00
1772831519.1428094;0.00;0.00;0.00;582.00;582.00;0.00;0.00;0.00;0.00;0.00;0.00;0.00;582.00;0.00;0.00;0.00;0.00;0.00;0.00;582.00;582.00;0.00;0.00;384.67;849.33;771.00;968.67;466.34;80.00;1057.00;692.67;1016.01;561.66;817.00;929.34;1197.00;1599.34;369.33;1391.00;1182.33;561.67;834.66;439.33;721.67;384.66;337.00;480.00
1772831519.1955843;0.00;0.00;0.00;582.00;582.00;0.00;0.00;0.00;0.00;0.00;0.00;0.00;582.00;0.00;0.00;0.00;0.00;0.00;0.00;582.00;582.00;0.00;0.00;384.67;849.33;771.00;968.67;466.34;80.00;1057.00;692.67;1016.01;561.66;817.00;929.34;1197.00;1599.34;369.33;1391.00;1182.33;561.67;834.66;439.33;721.67;384.66;337.00;480.00
1772831519.1972818;0.00;0.00;0.00;582.00;582.00;0.00;0.00;0.00;0.00;0.00;0.00;0.00;582.00;0.00;0.00;0.00;0.00;0.00;0.00;582.00;582.00;0.00;0.00;384.67;849.33;771.00;968.67;466.34;80.00;1057.00;692.67;1016.01;561.66;817.00;929.34;1197.00;1599.34;369.33;1391.00;1182.33;561.67;834.66;439.33;721.67;384.66;337.00;480.00
1772831519.2496164;0.00;0.00;0.00;582.00;582.00;0.00;0.00;0.00;0.00;0.00;0.00;0.00;582.00;0.00;0.00;0.00;0.00;0.00;0.00;582.00;582.00;0.00;0.00;384.67;849.33;771.00;968.67;466.34;80.00;1057.00;692.67;1016.01;561.66;817.00;929.34;1197.00;1599.34;369.33;1391.00;1182.33;561.67;834.66;439.33;721.67;384.66;337.00;480.00
1772831519.2512848;0.00;0.00;0.00;582.00;582.00;0.00;0.00;0.00;0.00;0.00;0.00;0.00;582.00;0.00;0.00;0.00;0.00;0.00;0.00;582.00;582.00;0.00;0.00;384.67;849.33;771.00;968.67;466.34;80.00;1057.00;692.67;1016.01;561.66;817.00;929.34;1197.00;1599.34;369.33;1391.00;1182.33;561.67;834.66;439.33;721.67;384.66;337.00;480.00
1772831519.3033204;0.00;0.00;0.00;582.00;582.00;0.00;0.00;0.00;0.00;0.00;0.00;0.00;582.00;0.00;0.00;0.00;0.00;0.00;0.00;582.00;582.00;0.00;0.00;384.67;849.33;771.00;968.67;466.34;80.00;1057.00;692.67;1016.01;561.66;817.00;929.34;1197.00;1599.34;369.33;1391.00;1182.33;561.67;834.66;439.33;721.67;384.66;337.00;480.00
1772831519.3049972;0.00;0.00;0.00;582.00;582.00;0.00;0.00;0.00;0.00;0.00;0.00;0.00;582.00;0.00;0.00;0.00;0.00;0.00;0.00;582.00;582.00;0.00;0.00;384.67;849.33;771.00;968.67;466.34;80.00;1057.00;692.67;1016.01;561.66;817.00;929.34;1197.00;1599.34;369.33;1391.00;1182.33;561.67;834.66;439.33;721.67;384.66;337.00;480.00
1772831519.3570924;0.00;0.00;0.00;582.00;582.00;0.00;0.00;0.00;0.00;0.00;0.00;0.00;582.00;0.00;0.00;0.00;0.00;0.00;0.00;582.00;582.00;0.00;0.00;384.67;849.33;771.00;968.67;466.34;80.00;1057.00;692.67;1016.01;561.66;817.00;929.34;1197.00;1599.34;369.33;1391.00;1182.33;561.67;834.66;439.33;721.67;384.66;337.00;480.00
1772831519.3587723;0.00;0.00;0.00;582.00;582.00;0.00;0.00;0.00;0.00;0.00;0.00;0.00;582.00;0.00;0.00;0.00;0.00;0.00;0.00;582.00;582.00;0.00;0.00;384.67;849.33;771.00;968.67;466.34;80.00;1057.00;692.67;1016.01;561.66;817.00;929.34;1197.00;1599.34;369.33;1391.00;1182.33;561.67;834.66;439.33;721.67;384.66;337.00;480.00
1772831547.2858355;0.00;0.00;0.00;582.00;582.00;0.00;0.00;0.00;0.00;0.00;0.00;0.00;0.00;0.00;0.00;0.00;0.00;0.00;97.00;0.00;582.00;0.00;0.00;0.00;0.00;0.00;0.00;0.00;0.00;592.33;388.00;856.01;240.00;17.00;224.67;672.33;1129.34;0.00;931.00;0.00;0.00;0.00;0.00;0.00;561.66;112.33;480.00
1772831547.2872388;0.00;0.00;0.00;582.00;582.00;0.00;0.00;0.00;0.00;0.00;0.00;0.00;0.00;0.00;0.00;0.00;0.00;0.00;97.00;0.00;582.00;0.00;0.00;0.00;0.00;0.00;0.00;0.00;0.00;592.33;388.00;856.01;240.00;17.00;224.67;672.33;1129.34;0.00;931.00;0.00;0.00;0.00;0.00;0.00;561.66;112.33;480.00
1772831547.3475757;0.00;0.00;0.00;582.00;582.00;0.00;0.00;0.00;0.00;0.00;0.00;0.00;0.00;0.00;0.00;0.00;0.00;0.00;194.00;0.00;582.00;0.00;0.00;0.00;0.00;0.00;0.00;0.00;0.00;592.33;388.00;856.01;384.67;129.33;224.67;672.33;1344.01;0.00;931.00;0.00;0.00;0.00;0.00;0.00;561.66;224.66;480.00
1772831547.3489385;0.00;0.00;0.00;582.00;582.00;0.00;0.00;0.00;0.00;0.00;0.00;0.00;0.00;0.00;0.00;0.00;0.00;0.00;194.00;0.00;582.00;0.00;0.00;0.00;0.00;0.00;0.00;0.00;0.00;592.33;388.00;856.01;384.67;129.33;224.67;672.33;1344.01;0.00;931.00;0.00;0.00;0.00;0.00;0.00;561.66;224.66;480.00
1772831547.4089394;0.00;0.00;0.00;582.00;582.00;0.00;0.00;0.00;0.00;0.00;0.00;0.00;0.00;0.00;0.00;0.00;0.00;0.00;291.00;0.00;582.00;0.00;0.00;80.00;0.00;0.00;0.00;0.00;0.00;592.33;388.00;1016.01;449.34;161.66;304.67;672.33;1568.68;160.00;931.00;0.00;0.00;150.00;0.00;0.00;561.66;336.99;480.00
1772831547.4103503;0.00;0.00;0.00;582.00;582.00;0.00;0.00;0.00;0.00;0.00;0.00;0.00;0.00;0.00;0.00;0.00;0.00;0.00;291.00;0.00;582.00;0.00;0.00;80.00;0.00;0.00;0.00;0.00;0.00;592.33;388.00;1016.01;449.34;161.66;304.67;672.33;1568.68;160.00;931.00;0.00;0.00;150.00;0.00;0.00;561.66;336.99;480.00
1772831547.4711637;0.00;0.00;0.00;582.00;582.00;0.00;0.00;0.00;0.00;0.00;0.00;0.00;0.00;0.00;0.00;0.00;0.00;0.00;388.00;0.00;582.00;0.00;0.00;160.00;80.00;80.00;0.00;0.00;160.00;752.33;548.00;1080.68;514.01;193.99;384.67;672.33;1568.68;384.67;931.00;150.00;0.00;310.00;160.00;0.00;561.66;449.32;480.00
1772831547.4726505;0.00;0.00;0.00;582.00;582.00;0.00;0.00;0.00;0.00;0.00;0.00;0.00;0.00;0.00;0.00;0.00;0.00;0.00;388.00;0.00;582.00;0.00;0.00;160.00;80.00;80.00;0.00;0.00;160.00;752.33;548.00;1080.68;514.01;193.99;384.67;672.33;1568.68;384.67;931.00;150.00;0.00;310.00;160.00;0.00;561.66;449.32;480.00
1772831547.5340357;0.00;0.00;0.00;582.00;582.00;0.00;0.00;0.00;0.00;0.00;0.00;0.00;0.00;0.00;0.00;0.00;0.00;0.00;485.00;0.00;582.00;0.00;0.00;304.67;320.00;160.00;0.00;0.00;160.00;752.33;548.00;1080.68;514.01;290.99;529.34;672.33;1568.68;384.67;931.00;300.00;0.00;694.67;160.00;160.00;561.66;561.65;480.00
1772831547.5356278;0.00;0.00;0.00;582.00;582.00;0.00;0.00;0.00;0.00;0.00;0.00;0.00;0.00;0.00;0.00;0.00;0.00;0.00;485.00;0.00;582.00;0.00;0.00;304.67;320.00;160.00;0.00;0.00;160.00;752.33;548.00;1080.68;514.01;290.99;529.34;672.33;1568.68;384.67;931.00;300.00;0.00;694.67;160.00;160.00;561.66;561.65;480.00
1772831547.596384;0.00;0.00;0.00;582.00;582.00;0.00;0.00;0.00;0.00;0.00;0.00;0.00;0.00;0.00;0.00;0.00;0.00;0.00;582.00;0.00;582.00;0.00;0.00;369.34;480.00;320.00;0.00;0.00;160.00;752.33;628.00;1160.68;546.34;355.66;594.01;672.33;1681.01;384.67;1241.00;460.00;0.00;919.34;160.00;160.00;561.66;561.65;480.00
1772831547.5980582;0.00;0.00;0.00;582.00;582.00;0.00;0.00;0.00;0.00;0.00;0.00;0.00;0.00;0.00;0.00;0.00;0.00;0.00;582.00;0.00;582.00;0.00;0.00;369.34;480.00;320.00;0.00;0.00;160.00;752.33;628.00;1160.68;546.34;355.66;594.01;672.33;1681.01;384.67;1241.00;460.00;0.00;919.34;160.00;160.00;561.66;561.65;480.00
1772831564.191099;0.00;0.00;0.00;582.00;679.00;0.00;0.00;0.00;0.00;0.00;0.00;0.00;0.00;0.00;0.00;0.00;0.00;0.00;582.00;0.00;582.00;0.00;0.00;369.34;480.00;320.00;0.00;0.00;320.00;1009.33;725.00;1257.68;546.34;355.66;594.01;1159.33;1681.01;384.67;1241.00;460.00;0.00;919.34;320.00;160.00;561.66;561.65;480.00
1772831564.1927214;0.00;0.00;0.00;582.00;679.00;0.00;0.00;0.00;0.00;0.00;0.00;0.00;0.00;0.00;0.00;0.00;0.00;0.00;582.00;0.00;582.00;0.00;0.00;369.34;480.00;320.00;0.00;0.00;320.00;1009.33;725.00;1257.68;546.34;355.66;594.01;1159.33;1681.01;384.67;1241.00;460.00;0.00;919.34;320.00;160.00;561.66;561.65;480.00
1772831564.2505667;0.00;0.00;0.00;582.00;776.00;0.00;0.00;0.00;0.00;0.00;0.00;0.00;0.00;0.00;0.00;0.00;0.00;0.00;582.00;0.00;582.00;0.00;0.00;369.34;480.00;320.00;0.00;160.00;384.67;1154.00;869.67;1354.68;546.34;355.66;594.01;1309.33;1681.01;384.67;1241.00;460.00;160.00;919.34;544.67;160.00;561.66;561.65;480.00
1772831564.2520578;0.00;0.00;0.00;582.00;776.00;0.00;0.00;0.00;0.00;0.00;0.00;0.00;0.00;0.00;0.00;0.00;0.00;0.00;582.00;0.00;582.00;0.00;0.00;369.34;480.00;320.00;0.00;160.00;384.67;1154.00;869.67;1354.68;546.34;355.66;594.01;1309.33;1681.01;384.67;1241.00;460.00;160.00;919.34;544.67;160.00;561.66;561.65;480.00
1772831564.4369502;0.00;0.00;0.00;582.00;873.00;0.00;0.00;0.00;0.00;0.00;0.00;0.00;0.00;0.00;0.00;0.00;0.00;0.00;582.00;0.00;582.00;0.00;0.00;369.34;480.00;320.00;160.00;224.67;449.34;1298.67;1014.34;1451.68;546.34;355.66;594.01;1459.33;1681.01;384.67;1241.00;620.00;384.67;919.34;544.67;160.00;561.66;561.65;480.00
1772831564.438621;0.00;0.00;0.00;582.00;873.00;0.00;0.00;0.00;0.00;0.00;0.00;0.00;0.00;0.00;0.00;0.00;0.00;0.00;582.00;0.00;582.00;0.00;0.00;369.34;480.00;320.00;160.00;224.67;449.34;1298.67;1014.34;1451.68;546.34;355.66;594.01;1459.33;1681.01;384.67;1241.00;620.00;384.67;919.34;544.67;160.00;561.66;561.65;480.00
1772831564.4965076;0.00;0.00;0.00;582.00;970.00;0.00;0.00;0.00;0.00;0.00;0.00;0.00;0.00;0.00;0.00;0.00;0.00;0.00;582.00;0.00;582.00;0.00;0.00;369.34;480.00;320.00;160.00;224.67;449.34;1443.34;1159.01;1548.68;546.34;355.66;594.01;1759.33;1681.01;384.67;1241.00;620.00;384.67;919.34;544.67;160.00;561.66;561.65;480.00
1772831564.498314;0.00;0.00;0.00;582.00;970.00;0.00;0.00;0.00;0.00;0.00;0.00;0.00;0.00;0.00;0.00;0.00;0.00;0.00;582.00;0.00;582.00;0.00;0.00;369.34;480.00;320.00;160.00;224.67;449.34;1443.34;1159.01;1548.68;546.34;355.66;594.01;1759.33;1681.01;384.67;1241.00;620.00;384.67;919.34;544.67;160.00;561.66;561.65;480.00
1772831564.5576441;0.00;0.00;0.00;582.00;1067.00;0.00;0.00;0.00;0.00;0.00;0.00;0.00;0.00;0.00;0.00;0.00;0.00;0.00;582.00;0.00;582.00;0.00;0.00;369.34;480.00;320.00;160.00;224.67;449.34;1588.01;1303.68;1645.68;546.34;355.66;594.01;2059.33;1681.01;384.67;1241.00;620.00;384.67;919.34;544.67;160.00;561.66;561.65;480.00
1772831564.5594532;0.00;0.00;0.00;582.00;1067.00;0.00;0.00;0.00;0.00;0.00;0.00;0.00;0.00;0.00;0.00;0.00;0.00;0.00;582.00;0.00;582.00;0.00;0.00;369.34;480.00;320.00;160.00;224.67;449.34;1588.01;1303.68;1645.68;546.34;355.66;594.01;2059.33;1681.01;384.67;1241.00;620.00;384.67;919.34;544.67;160.00;561.66;561.65;480.00
1772831564.617403;0.00;0.00;0.00;582.00;1164.00;0.00;0.00;0.00;0.00;0.00;0.00;0.00;0.00;0.00;0.00;0.00;0.00;0.00;582.00;0.00;582.00;0.00;0.00;369.34;480.00;320.00;160.00;224.67;449.34;1732.68;1448.35;1742.68;546.34;355.66;594.01;2359.33;1681.01;384.67;1241.00;620.00;384.67;919.34;544.67;160.00;561.66;561.65;480.00
1772831564.6191978;0.00;0.00;0.00;582.00;1164.00;0.00;0.00;0.00;0.00;0.00;0.00;0.00;0.00;0.00;0.00;0.00;0.00;0.00;582.00;0.00;582.00;0.00;0.00;369.34;480.00;320.00;160.00;224.67;449.34;1732.68;1448.35;1742.68;546.34;355.66;594.01;2359.33;1681.01;384.67;1241.00;620.00;384.67;919.34;544.67;160.00;561.66;561.65;480.00
1772831588.2210147;0.00;0.00;0.00;582.00;582.00;0.00;0.00;97.00;0.00;0.00;0.00;0.00;0.00;0.00;0.00;0.00;0.00;0.00;582.00;0.00;0.00;0.00;0.00;144.67;400.00;240.00;80.00;224.67;449.34;990.67;64.67;1533.34;144.68;0.00;0.00;2059.33;374.67;0.00;150.00;620.00;234.67;0.00;544.67;160.00;177.00;449.32;0.00
1772831588.2224298;0.00;0.00;0.00;582.00;582.00;0.00;0.00;97.00;0.00;0.00;0.00;0.00;0.00;0.00;0.00;0.00;0.00;0.00;582.00;0.00;0.00;0.00;0.00;144.67;400.00;240.00;80.00;224.67;449.34;990.67;64.67;1533.34;144.68;0.00;0.00;2059.33;374.67;0.00;150.00;620.00;234.67;0.00;544.67;160.00;177.00;449.32;0.00
1772831588.260141;0.00;0.00;0.00;582.00;582.00;0.00;0.00;194.00;0.00;0.00;0.00;0.00;0.00;0.00;0.00;0.00;0.00;0.00;582.00;0.00;0.00;0.00;0.00;144.67;400.00;240.00;80.00;224.67;449.34;990.67;97.00;1613.34;144.68;0.00;0.00;2059.33;684.67;112.33;300.00;620.00;234.67;0.00;544.67;160.00;177.00;449.32;0.00
1772831588.260876;0.00;0.00;0.00;582.00;582.00;0.00;0.00;194.00;0.00;0.00;0.00;0.00;0.00;0.00;0.00;0.00;0.00;0.00;582.00;0.00;0.00;0.00;0.00;144.67;400.00;240.00;80.00;224.67;449.34;990.67;97.00;1613.34;144.68;0.00;0.00;2059.33;684.67;112.33;300.00;620.00;234.67;0.00;544.67;160.00;177.00;449.32;0.00
1772831588.3649476;0.00;0.00;0.00;582.00;582.00;0.00;0.00;291.00;0.00;0.00;0.00;0.00;0.00;0.00;0.00;0.00;0.00;0.00;582.00;0.00;0.00;0.00;0.00;144.67;400.00;240.00;80.00;224.67;449.34;1070.67;97.00;1613.34;144.68;0.00;0.00;2209.33;684.67;112.33;450.00;620.00;234.67;0.00;544.67;160.00;177.00;449.32;0.00
1772831588.3657336;0.00;0.00;0.00;582.00;582.00;0.00;0.00;291.00;0.00;0.00;0.00;0.00;0.00;0.00;0.00;0.00;0.00;0.00;582.00;0.00;0.00;0.00;0.00;144.67;400.00;240.00;80.00;224.67;449.34;1070.67;97.00;1613.34;144.68;0.00;0.00;2209.33;684.67;112.33;450.00;620.00;234.67;0.00;544.67;160.00;177.00;449.32;0.00
1772831588.4095607;0.00;0.00;0.00;582.00;582.00;0.00;0.00;388.00;0.00;0.00;0.00;0.00;0.00;0.00;0.00;0.00;0.00;0.00;582.00;0.00;0.00;0.00;0.00;144.67;400.00;240.00;80.00;224.67;449.34;1070.67;177.00;1613.34;144.68;0.00;0.00;2209.33;684.67;262.33;600.00;620.00;234.67;0.00;544.67;160.00;177.00;449.32;0.00
1772831588.4110298;0.00;0.00;0.00;582.00;582.00;0.00;0.00;388.00;0.00;0.00;0.00;0.00;0.00;0.00;0.00;0.00;0.00;0.00;582.00;0.00;0.00;0.00;0.00;144.67;400.00;240.00;80.00;224.67;449.34;1070.67;177.00;1613.34;144.68;0.00;0.00;2209.33;684.67;262.33;600.00;620.00;234.67;0.00;544.67;160.00;177.00;449.32;0.00
1772831588.4893625;0.00;0.00;0.00;582.00;582.00;0.00;0.00;485.00;0.00;0.00;0.00;0.00;0.00;0.00;0.00;0.00;0.00;0.00;582.00;0.00;0.00;0.00;0.00;144.67;400.00;240.00;80.00;224.67;449.34;1230.67;257.00;1613.34;144.68;0.00;0.00;2359.33;684.67;412.33;600.00;620.00;234.67;0.00;544.67;160.00;177.00;449.32;0.00
1772831588.4913368;0.00;0.00;0.00;582.00;582.00;0.00;0.00;485.00;0.00;0.00;0.00;0.00;0.00;0.00;0.00;0.00;0.00;0.00;582.00;0.00;0.00;0.00;0.00;144.67;400.00;240.00;80.00;224.67;449.34;1230.67;257.00;1613.34;144.68;0.00;0.00;2359.33;684.67;412.33;600.00;620.00;234.67;0.00;544.67;160.00;177.00;449.32;0.00
1772831588.5693402;0.00;0.00;0.00;582.00;582.00;0.00;0.00;582.00;0.00;0.00;0.00;0.00;0.00;0.00;0.00;0.00;0.00;0.00;582.00;0.00;0.00;0.00;0.00;144.67;400.00;240.00;80.00;224.67;449.34;1455.34;337.00;1613.34;144.68;0.00;0.00;2509.33;684.67;562.33;600.00;620.00;234.67;0.00;544.67;160.00;177.00;449.32;0.00
1772831588.5713158;0.00;0.00;0.00;582.00;582.00;0.00;0.00;582.00;0.00;0.00;0.00;0.00;0.00;0.00;0.00;0.00;0.00;0.00;582.00;0.00;0.00;0.00;0.00;144.67;400.00;240.00;80.00;224.67;449.34;1455.34;337.00;1613.34;144.68;0.00;0.00;2509.33;684.67;562.33;600.00;620.00;234.67;0.00;544.67;160.00;177.00;449.32;0.00
1772831601.2779298;0.00;0.00;0.00;582.00;582.00;0.00;0.00;582.00;0.00;0.00;0.00;0.00;97.00;0.00;0.00;0.00;0.00;0.00;582.00;0.00;0.00;0.00;0.00;464.67;544.67;384.67;177.00;224.67;449.34;1455.34;337.00;1613.34;144.68;0.00;0.00;2509.33;684.67;562.33;600.00;732.33;234.67;524.67;544.67;320.00;177.00;449.32;320.00
1772831601.279552;0.00;0.00;0.00;582.00;582.00;0.00;0.00;582.00;0.00;0.00;0.00;0.00;97.00;0.00;0.00;0.00;0.00;0.00;582.00;0.00;0.00;0.00;0.00;464.67;544.67;384.67;177.00;224.67;449.34;1455.34;337.00;1613.34;144.68;0.00;0.00;2509.33;684.67;562.33;600.00;732.33;234.67;524.67;544.67;320.00;177.00;449.32;320.00
1772831601.3374572;0.00;0.00;0.00;582.00;582.00;0.00;0.00;582.00;0.00;0.00;0.00;0.00;194.00;0.00;0.00;0.00;0.00;0.00;582.00;0.00;0.00;0.00;0.00;464.67;609.34;449.34;241.67;224.67;449.34;1455.34;337.00;1613.34;144.68;0.00;0.00;2509.33;684.67;562.33;600.00;732.33;384.67;899.34;544.67;320.00;177.00;449.32;320.00
1772831601.3390236;0.00;0.00;0.00;582.00;582.00;0.00;0.00;582.00;0.00;0.00;0.00;0.00;194.00;0.00;0.00;0.00;0.00;0.00;582.00;0.00;0.00;0.00;0.00;464.67;609.34;449.34;241.67;224.67;449.34;1455.34;337.00;1613.34;144.68;0.00;0.00;2509.33;684.67;562.33;600.00;732.33;384.67;899.34;544.67;320.00;177.00;449.32;320.00
1772831601.3967752;0.00;0.00;0.00;582.00;582.00;0.00;0.00;582.00;0.00;0.00;0.00;0.00;291.00;0.00;0.00;0.00;0.00;0.00;582.00;0.00;0.00;0.00;0.00;464.67;674.01;514.01;306.34;224.67;449.34;1455.34;337.00;1613.34;144.68;0.00;0.00;2509.33;684.67;562.33;600.00;732.33;534.67;1274.01;544.67;320.00;177.00;449.32;320.00
1772831601.3983479;0.00;0.00;0.00;582.00;582.00;0.00;0.00;582.00;0.00;0.00;0.00;0.00;291.00;0.00;0.00;0.00;0.00;0.00;582.00;0.00;0.00;0.00;0.00;464.67;674.01;514.01;306.34;224.67;449.34;1455.34;337.00;1613.34;144.68;0.00;0.00;2509.33;684.67;562.33;600.00;732.33;534.67;1274.01;544.67;320.00;177.00;449.32;320.00
1772831601.584911;0.00;0.00;0.00;582.00;582.00;0.00;0.00;582.00;0.00;0.00;0.00;0.00;388.00;0.00;0.00;0.00;0.00;0.00;582.00;0.00;0.00;0.00;0.00;849.34;738.68;578.68;371.01;224.67;449.34;1455.34;337.00;1613.34;304.68;160.00;160.00;2509.33;834.67;562.33;600.00;732.33;684.67;1274.01;544.67;320.00;177.00;449.32;544.67
1772831601.5866122;0.00;0.00;0.00;582.00;582.00;0.00;0.00;582.00;0.00;0.00;0.00;0.00;388.00;0.00;0.00;0.00;0.00;0.00;582.00;0.00;0.00;0.00;0.00;849.34;738.68;578.68;371.01;224.67;449.34;1455.34;337.00;1613.34;304.68;160.00;160.00;2509.33;834.67;562.33;600.00;732.33;684.67;1274.01;544.67;320.00;177.00;449.32;544.67
1772831601.6441648;0.00;0.00;0.00;582.00;582.00;0.00;0.00;582.00;0.00;0.00;0.00;0.00;485.00;0.00;0.00;0.00;0.00;0.00;582.00;0.00;0.00;0.00;0.00;849.34;738.68;578.68;371.01;224.67;449.34;1455.34;337.00;1613.34;304.68;160.00;160.00;2509.33;834.67;562.33;600.00;732.33;984.67;1274.01;544.67;320.00;177.00;449.32;544.67
1772831601.645812;0.00;0.00;0.00;582.00;582.00;0.00;0.00;582.00;0.00;0.00;0.00;0.00;485.00;0.00;0.00;0.00;0.00;0.00;582.00;0.00;0.00;0.00;0.00;849.34;738.68;578.68;371.01;224.67;449.34;1455.34;337.00;1613.34;304.68;160.00;160.00;2509.33;834.67;562.33;600.00;732.33;984.67;1274.01;544.67;320.00;177.00;449.32;544.67
1772831601.7037117;0.00;0.00;0.00;582.00;582.00;0.00;0.00;582.00;0.00;0.00;0.00;0.00;582.00;0.00;0.00;0.00;0.00;0.00;582.00;0.00;0.00;0.00;0.00;849.34;738.68;578.68;371.01;224.67;449.34;1455.34;337.00;1613.34;304.68;160.00;160.00;2509.33;834.67;562.33;600.00;732.33;1284.67;1274.01;544.67;320.00;177.00;449.32;544.67
1772831601.705397;0.00;0.00;0.00;582.00;582.00;0.00;0.00;582.00;0.00;0.00;0.00;0.00;582.00;0.00;0.00;0.00;0.00;0.00;582.00;0.00;0.00;0.00;0.00;849.34;738.68;578.68;371.01;224.67;449.34;1455.34;337.00;1613.34;304.68;160.00;160.00;2509.33;834.67;562.33;600.00;732.33;1284.67;1274.01;544.67;320.00;177.00;449.32;544.67
1772831623.3223946;0.00;0.00;0.00;0.00;582.00;0.00;0.00;582.00;0.00;0.00;97.00;0.00;582.00;0.00;0.00;0.00;0.00;0.00;582.00;0.00;0.00;0.00;0.00;849.34;738.68;578.68;515.68;369.34;514.01;78.34;0.00;1031.34;304.68;160.00;160.00;837.00;834.67;193.00;0.00;732.33;1284.67;1274.01;394.67;320.00;177.00;449.32;544.67
1772831623.3240373;0.00;0.00;0.00;0.00;582.00;0.00;0.00;582.00;0.00;0.00;97.00;0.00;582.00;0.00;0.00;0.00;0.00;0.00;582.00;0.00;0.00;0.00;0.00;849.34;738.68;578.68;515.68;369.34;514.01;78.34;0.00;1031.34;304.68;160.00;160.00;837.00;834.67;193.00;0.00;732.33;1284.67;1274.01;394.67;320.00;177.00;449.32;544.67
1772831623.3857653;0.00;0.00;0.00;0.00;582.00;0.00;0.00;582.00;0.00;0.00;194.00;0.00;582.00;0.00;0.00;0.00;0.00;0.00;582.00;0.00;0.00;0.00;0.00;849.34;738.68;578.68;660.35;514.01;658.68;158.34;0.00;1031.34;304.68;160.00;160.00;901.67;834.67;193.00;80.00;732.33;1284.67;1274.01;394.67;320.00;177.00;449.32;544.67
1772831623.3874514;0.00;0.00;0.00;0.00;582.00;0.00;0.00;582.00;0.00;0.00;194.00;0.00;582.00;0.00;0.00;0.00;0.00;0.00;582.00;0.00;0.00;0.00;0.00;849.34;738.68;578.68;660.35;514.01;658.68;158.34;0.00;1031.34;304.68;160.00;160.00;901.67;834.67;193.00;80.00;732.33;1284.67;1274.01;394.67;320.00;177.00;449.32;544.67
1772831623.4487226;0.00;0.00;0.00;0.00;582.00;0.00;0.00;582.00;0.00;0.00;291.00;0.00;582.00;0.00;0.00;0.00;0.00;0.00;582.00;0.00;0.00;0.00;0.00;849.34;738.68;578.68;805.02;658.68;803.35;303.01;80.00;1031.34;304.68;160.00;160.00;901.67;834.67;273.00;144.67;732.33;1284.67;1274.01;394.67;320.00;177.00;449.32;544.67
1772831623.4503684;0.00;0.00;0.00;0.00;582.00;0.00;0.00;582.00;0.00;0.00;291.00;0.00;582.00;0.00;0.00;0.00;0.00;0.00;582.00;0.00;0.00;0.00;0.00;849.34;738.68;578.68;805.02;658.68;803.35;303.01;80.00;1031.34;304.68;160.00;160.00;901.67;834.67;273.00;144.67;732.33;1284.67;1274.01;394.67;320.00;177.00;449.32;544.67
1772831623.5165293;0.00;0.00;0.00;0.00;582.00;0.00;0.00;582.00;0.00;0.00;388.00;0.00;582.00;0.00;0.00;0.00;0.00;0.00;582.00;0.00;0.00;0.00;0.00;849.34;738.68;578.68;869.69;723.35;868.02;367.68;80.00;1031.34;304.68;160.00;160.00;901.67;834.67;273.00;209.34;882.33;1284.67;1274.01;394.67;320.00;177.00;449.32;544.67
1772831623.5187266;0.00;0.00;0.00;0.00;582.00;0.00;0.00;582.00;0.00;0.00;388.00;0.00;582.00;0.00;0.00;0.00;0.00;0.00;582.00;0.00;0.00;0.00;0.00;849.34;738.68;578.68;869.69;723.35;868.02;367.68;80.00;1031.34;304.68;160.00;160.00;901.67;834.67;273.00;209.34;882.33;1284.67;1274.01;394.67;320.00;177.00;449.32;544.67
1772831623.7306464;0.00;0.00;0.00;0.00;582.00;0.00;0.00;582.00;0.00;0.00;485.00;0.00;582.00;0.00;0.00;0.00;0.00;0.00;582.00;0.00;0.00;0.00;0.00;849.34;738.68;578.68;1014.36;868.02;1012.69;512.35;240.00;1031.34;304.68;160.00;160.00;901.67;834.67;433.00;584.01;882.33;1284.67;1274.01;394.67;320.00;177.00;449.32;544.67
1772831623.7322595;0.00;0.00;0.00;0.00;582.00;0.00;0.00;582.00;0.00;0.00;485.00;0.00;582.00;0.00;0.00;0.00;0.00;0.00;582.00;0.00;0.00;0.00;0.00;849.34;738.68;578.68;1014.36;868.02;1012.69;512.35;240.00;1031.34;304.68;160.00;160.00;901.67;834.67;433.00;584.01;882.33;1284.67;1274.01;394.67;320.00;177.00;449.32;544.67
1772831623.7909615;0.00;0.00;0.00;0.00;582.00;0.00;0.00;582.00;0.00;0.00;582.00;0.00;582.00;0.00;0.00;0.00;0.00;0.00;582.00;0.00;0.00;0.00;0.00;914.01;803.35;643.35;1094.36;868.02;1012.69;512.35;240.00;1031.34;464.68;224.67;224.67;901.67;984.67;433.00;584.01;882.33;1434.67;1274.01;394.67;320.00;401.67;449.32;544.67
1772831623.7927768;0.00;0.00;0.00;0.00;582.00;0.00;0.00;582.00;0.00;0.00;582.00;0.00;582.00;0.00;0.00;0.00;0.00;0.00;582.00;0.00;0.00;0.00;0.00;914.01;803.35;643.35;1094.36;868.02;1012.69;512.35;240.00;1031.34;464.68;224.67;224.67;901.67;984.67;433.00;584.01;882.33;1434.67;1274.01;394.67;320.00;401.67;449.32;544.67
1772831644.3616254;0.00;0.00;0.00;0.00;582.00;97.00;0.00;582.00;0.00;0.00;582.00;0.00;582.00;0.00;0.00;0.00;0.00;0.00;582.00;0.00;0.00;0.00;0.00;914.01;803.35;643.35;1094.36;868.02;1012.69;592.35;384.67;1031.34;464.68;224.67;224.67;1051.67;984.67;545.33;734.01;882.33;1434.67;1274.01;394.67;320.00;401.67;449.32;544.67
1772831644.3633764;0.00;0.00;0.00;0.00;582.00;97.00;0.00;582.00;0.00;0.00;582.00;0.00;582.00;0.00;0.00;0.00;0.00;0.00;582.00;0.00;0.00;0.00;0.00;914.01;803.35;643.35;1094.36;868.02;1012.69;592.35;384.67;1031.34;464.68;224.67;224.67;1051.67;984.67;545.33;734.01;882.33;1434.67;1274.01;394.67;320.00;401.67;449.32;544.67
1772831644.4234369;0.00;0.00;0.00;0.00;582.00;194.00;0.00;582.00;0.00;0.00;582.00;0.00;582.00;0.00;0.00;0.00;0.00;0.00;582.00;0.00;0.00;0.00;0.00;914.01;803.35;643.35;1094.36;868.02;1012.69;912.35;721.67;1031.34;464.68;224.67;224.67;1051.67;984.67;845.33;846.34;882.33;1434.67;1274.01;394.67;320.00;401.67;449.32;544.67
1772831644.4251306;0.00;0.00;0.00;0.00;582.00;194.00;0.00;582.00;0.00;0.00;582.00;0.00;582.00;0.00;0.00;0.00;0.00;0.00;582.00;0.00;0.00;0.00;0.00;914.01;803.35;643.35;1094.36;868.02;1012.69;912.35;721.67;1031.34;464.68;224.67;224.67;1051.67;984.67;845.33;846.34;882.33;1434.67;1274.01;394.67;320.00;401.67;449.32;544.67
1772831644.4849708;0.00;0.00;0.00;0.00;582.00;291.00;0.00;582.00;0.00;0.00;582.00;0.00;582.00;0.00;0.00;0.00;0.00;0.00;582.00;0.00;0.00;0.00;0.00;914.01;803.35;643.35;1094.36;868.02;1012.69;1024.68;1058.67;1031.34;464.68;224.67;224.67;1164.00;984.67;1145.33;846.34;882.33;1434.67;1274.01;394.67;320.00;401.67;449.32;544.67
1772831644.4867182;0.00;0.00;0.00;0.00;582.00;291.00;0.00;582.00;0.00;0.00;582.00;0.00;582.00;0.00;0.00;0.00;0.00;0.00;582.00;0.00;0.00;0.00;0.00;914.01;803.35;643.35;1094.36;868.02;1012.69;1024.68;1058.67;1031.34;464.68;224.67;224.67;1164.00;984.67;1145.33;846.34;882.33;1434.67;1274.01;394.67;320.00;401.67;449.32;544.67
1772831644.5460434;0.00;0.00;0.00;0.00;582.00;388.00;0.00;582.00;0.00;0.00;582.00;0.00;582.00;0.00;0.00;0.00;0.00;0.00;582.00;0.00;0.00;0.00;0.00;914.01;803.35;643.35;1094.36;868.02;1012.69;1024.68;1171.00;1031.34;464.68;224.67;224.67;1164.00;984.67;1445.33;846.34;882.33;1434.67;1274.01;394.67;320.00;401.67;449.32;544.67
1772831644.5479882;0.00;0.00;0.00;0.00;582.00;388.00;0.00;582.00;0.00;0.00;582.00;0.00;582.00;0.00;0.00;0.00;0.00;0.00;582.00;0.00;0.00;0.00;0.00;914.01;803.35;643.35;1094.36;868.02;1012.69;1024.68;1171.00;1031.34;464.68;224.67;224.67;1164.00;984.67;1445.33;846.34;882.33;1434.67;1274.01;394.67;320.00;401.67;449.32;544.67
1772831644.6707618;0.00;0.00;0.00;0.00;582.00;485.00;0.00;582.00;0.00;0.00;582.00;0.00;582.00;0.00;0.00;0.00;0.00;0.00;582.00;0.00;0.00;0.00;0.00;914.01;803.35;643.35;1094.36;868.02;1012.69;1024.68;1283.33;1031.34;464.68;224.67;224.67;1164.00;984.67;1745.33;846.34;882.33;1434.67;1274.01;394.67;320.00;401.67;449.32;544.67
1772831644.6718745;0.00;0.00;0.00;0.00;582.00;485.00;0.00;582.00;0.00;0.00;582.00;0.00;582.00;0.00;0.00;0.00;0.00;0.00;582.00;0.00;0.00;0.00;0.00;914.01;803.35;643.35;1094.36;868.02;1012.69;1024.68;1283.33;1031.34;464.68;224.67;224.67;1164.00;984.67;1745.33;846.34;882.33;1434.67;1274.01;394.67;320.00;401.67;449.32;544.67
1772831644.7092712;0.00;0.00;0.00;0.00;582.00;582.00;0.00;582.00;0.00;0.00;582.00;0.00;582.00;0.00;0.00;0.00;0.00;0.00;582.00;0.00;0.00;0.00;0.00;914.01;803.35;643.35;1094.36;868.02;1012.69;1024.68;1283.33;1031.34;464.68;224.67;224.67;1164.00;984.67;2045.33;846.34;882.33;1434.67;1274.01;394.67;320.00;401.67;449.32;544.67
1772831644.7102952;0.00;0.00;0.00;0.00;582.00;582.00;0.00;582.00;0.00;0.00;582.00;0.00;582.00;0.00;0.00;0.00;0.00;0.00;582.00;0.00;0.00;0.00;0.00;914.01;803.35;643.35;1094.36;868.02;1012.69;1024.68;1283.33;1031.34;464.68;224.67;224.67;1164.00;984.67;2045.33;846.34;882.33;1434.67;1274.01;394.67;320.00;401.67;449.32;544.67
1772831660.392807;0.00;0.00;0.00;0.00;582.00;582.00;0.00;582.00;0.00;0.00;582.00;0.00;582.00;0.00;0.00;0.00;0.00;0.00;97.00;0.00;0.00;0.00;0.00;384.67;163.35;163.35;1094.36;868.02;852.69;864.68;1043.33;726.67;240.00;0.00;0.00;1164.00;433.00;1660.66;536.34;122.33;1434.67;34.67;234.67;160.00;401.67;0.00;544.67
1772831660.3946593;0.00;0.00;0.00;0.00;582.00;582.00;0.00;582.00;0.00;0.00;582.00;0.00;582.00;0.00;0.00;0.00;0.00;0.00;97.00;0.00;0.00;0.00;0.00;384.67;163.35;163.35;1094.36;868.02;852.69;864.68;1043.33;726.67;240.00;0.00;0.00;1164.00;433.00;1660.66;536.34;122.33;1434.67;34.67;234.67;160.00;401.67;0.00;544.67
1772831660.459582;0.00;0.00;0.00;0.00;582.00;582.00;0.00;582.00;0.00;0.00;582.00;0.00;582.00;0.00;0.00;0.00;0.00;0.00;194.00;0.00;0.00;0.00;0.00;384.67;163.35;163.35;1094.36;868.02;852.69;864.68;1043.33;726.67;384.67;112.33;0.00;1164.00;647.67;1660.66;536.34;122.33;1434.67;34.67;234.67;160.00;401.67;112.33;544.67
1772831660.461522;0.00;0.00;0.00;0.00;582.00;582.00;0.00;582.00;0.00;0.00;582.00;0.00;582.00;0.00;0.00;0.00;0.00;0.00;194.00;0.00;0.00;0.00;0.00;384.67;163.35;163.35;1094.36;868.02;852.69;864.68;1043.33;726.67;384.67;112.33;0.00;1164.00;647.67;1660.66;536.34;122.33;1434.67;34.67;234.67;160.00;401.67;112.33;544.67
1772831660.5308027;0.00;0.00;0.00;0.00;582.00;582.00;0.00;582.00;0.00;0.00;582.00;0.00;582.00;0.00;0.00;0.00;0.00;0.00;291.00;0.00;0.00;0.00;0.00;384.67;163.35;163.35;1094.36;868.02;852.69;864.68;1043.33;886.67;529.34;224.66;0.00;1164.00;1022.34;1820.66;536.34;122.33;1434.67;34.67;234.67;160.00;401.67;224.66;544.67
1772831660.5327122;0.00;0.00;0.00;0.00;582.00;582.00;0.00;582.00;0.00;0.00;582.00;0.00;582.00;0.00;0.00;0.00;0.00;0.00;291.00;0.00;0.00;0.00;0.00;384.67;163.35;163.35;1094.36;868.02;852.69;864.68;1043.33;886.67;529.34;224.66;0.00;1164.00;1022.34;1820.66;536.34;122.33;1434.67;34.67;234.67;160.00;401.67;224.66;544.67
1772831660.6019695;0.00;0.00;0.00;0.00;582.00;582.00;0.00;582.00;0.00;0.00;582.00;0.00;582.00;0.00;0.00;0.00;0.00;0.00;388.00;0.00;0.00;0.00;0.00;544.67;163.35;163.35;1094.36;868.02;852.69;864.68;1043.33;886.67;609.34;401.66;160.00;1164.00;1172.34;1820.66;536.34;122.33;1434.67;194.67;234.67;160.00;401.67;561.66;544.67
1772831660.6039298;0.00;0.00;0.00;0.00;582.00;582.00;0.00;582.00;0.00;0.00;582.00;0.00;582.00;0.00;0.00;0.00;0.00;0.00;388.00;0.00;0.00;0.00;0.00;544.67;163.35;163.35;1094.36;868.02;852.69;864.68;1043.33;886.67;609.34;401.66;160.00;1164.00;1172.34;1820.66;536.34;122.33;1434.67;194.67;234.67;160.00;401.67;561.66;544.67
1772831660.8111737;0.00;0.00;0.00;0.00;582.00;582.00;0.00;582.00;0.00;0.00;582.00;0.00;582.00;0.00;0.00;0.00;0.00;0.00;485.00;0.00;0.00;0.00;0.00;544.67;163.35;163.35;1254.36;1028.02;1012.69;1024.68;1283.33;1031.34;706.34;401.66;160.00;1164.00;1284.67;2205.33;686.34;282.33;1434.67;194.67;554.67;160.00;401.67;561.66;544.67
1772831660.813176;0.00;0.00;0.00;0.00;582.00;582.00;0.00;582.00;0.00;0.00;582.00;0.00;582.00;0.00;0.00;0.00;0.00;0.00;485.00;0.00;0.00;0.00;0.00;544.67;163.35;163.35;1254.36;1028.02;1012.69;1024.68;1283.33;1031.34;706.34;401.66;160.00;1164.00;1284.67;2205.33;686.34;282.33;1434.67;194.67;554.67;160.00;401.67;561.66;544.67
1772831660.8741584;0.00;0.00;0.00;0.00;582.00;582.00;0.00;582.00;0.00;0.00;582.00;0.00;582.00;0.00;0.00;0.00;0.00;0.00;582.00;0.00;0.00;0.00;0.00;624.67;323.35;163.35;1254.36;1028.02;1012.69;1024.68;1283.33;1256.01;771.01;433.99;192.33;1164.00;1434.67;2430.00;686.34;282.33;1434.67;344.67;554.67;320.00;401.67;561.66;657.00
1772831660.875273;0.00;0.00;0.00;0.00;582.00;582.00;0.00;582.00;0.00;0.00;582.00;0.00;582.00;0.00;0.00;0.00;0.00;0.00;582.00;0.00;0.00;0.00;0.00;624.67;323.35;163.35;1254.36;1028.02;1012.69;1024.68;1283.33;1256.01;771.01;433.99;192.33;1164.00;1434.67;2430.00;686.34;282.33;1434.67;344.67;554.67;320.00;401.67;561.66;657.00
1772831678.4252052;0.00;0.00;0.00;0.00;582.00;582.00;0.00;582.00;0.00;0.00;582.00;0.00;582.00;97.00;0.00;0.00;0.00;0.00;582.00;0.00;0.00;0.00;0.00;624.67;468.02;308.02;1254.36;1028.02;1012.69;1024.68;1283.33;1256.01;771.01;433.99;192.33;1164.00;1434.67;2430.00;686.34;807.00;1434.67;457.00;554.67;480.00;401.67;561.66;657.00
1772831678.427198;0.00;0.00;0.00;0.00;582.00;582.00;0.00;582.00;0.00;0.00;582.00;0.00;582.00;97.00;0.00;0.00;0.00;0.00;582.00;0.00;0.00;0.00;0.00;624.67;468.02;308.02;1254.36;1028.02;1012.69;1024.68;1283.33;1256.01;771.01;433.99;192.33;1164.00;1434.67;2430.00;686.34;807.00;1434.67;457.00;554.67;480.00;401.67;561.66;657.00
1772831678.4887745;0.00;0.00;0.00;0.00;582.00;582.00;0.00;582.00;0.00;0.00;582.00;0.00;582.00;194.00;0.00;0.00;0.00;0.00;582.00;0.00;0.00;0.00;0.00;704.67;532.69;372.69;1254.36;1028.02;1012.69;1024.68;1283.33;1256.01;851.01;513.99;272.33;1164.00;1584.67;2430.00;686.34;1181.67;1434.67;457.00;554.67;480.00;401.67;561.66;657.00
1772831678.4906838;0.00;0.00;0.00;0.00;582.00;582.00;0.00;582.00;0.00;0.00;582.00;0.00;582.00;194.00;0.00;0.00;0.00;0.00;582.00;0.00;0.00;0.00;0.00;704.67;532.69;372.69;1254.36;1028.02;1012.69;1024.68;1283.33;1256.01;851.01;513.99;272.33;1164.00;1584.67;2430.00;686.34;1181.67;1434.67;457.00;554.67;480.00;401.67;561.66;657.00
1772831678.5515633;0.00;0.00;0.00;0.00;582.00;582.00;0.00;582.00;0.00;0.00;582.00;0.00;582.00;291.00;0.00;0.00;0.00;0.00;582.00;0.00;0.00;0.00;0.00;704.67;677.36;517.36;1494.36;1268.02;1012.69;1024.68;1283.33;1256.01;851.01;513.99;272.33;1164.00;1584.67;2430.00;686.34;1406.34;1434.67;457.00;854.67;480.00;401.67;561.66;657.00
1772831678.5535662;0.00;0.00;0.00;0.00;582.00;582.00;0.00;582.00;0.00;0.00;582.00;0.00;582.00;291.00;0.00;0.00;0.00;0.00;582.00;0.00;0.00;0.00;0.00;704.67;677.36;517.36;1494.36;1268.02;1012.69;1024.68;1283.33;1256.01;851.01;513.99;272.33;1164.00;1584.67;2430.00;686.34;1406.34;1434.67;457.00;854.67;480.00;401.67;561.66;657.00
1772831678.614528;0.00;0.00;0.00;0.00;582.00;582.00;0.00;582.00;0.00;0.00;582.00;0.00;582.00;388.00;0.00;0.00;0.00;0.00;582.00;0.00;0.00;0.00;0.00;704.67;774.36;614.36;1639.03;1412.69;1077.36;1089.35;1443.33;1416.01;851.01;513.99;272.33;1164.00;1734.67;2430.00;911.01;1406.34;1434.67;457.00;1004.67;480.00;401.67;561.66;657.00
1772831678.6165512;0.00;0.00;0.00;0.00;582.00;582.00;0.00;582.00;0.00;0.00;582.00;0.00;582.00;388.00;0.00;0.00;0.00;0.00;582.00;0.00;0.00;0.00;0.00;704.67;774.36;614.36;1639.03;1412.69;1077.36;1089.35;1443.33;1416.01;851.01;513.99;272.33;1164.00;1734.67;2430.00;911.01;1406.34;1434.67;457.00;1004.67;480.00;401.67;561.66;657.00
1772831678.8060436;0.00;0.00;0.00;0.00;582.00;582.00;0.00;582.00;0.00;0.00;582.00;0.00;582.00;485.00;0.00;0.00;0.00;0.00;582.00;0.00;0.00;0.00;0.00;769.34;806.69;646.69;1719.03;1492.69;1077.36;1089.35;1443.33;1416.01;915.68;578.66;337.00;1164.00;1884.67;2430.00;911.01;1406.34;1434.67;457.00;1154.67;480.00;401.67;561.66;657.00
1772831678.8081753;0.00;0.00;0.00;0.00;582.00;582.00;0.00;582.00;0.00;0.00;582.00;0.00;582.00;485.00;0.00;0.00;0.00;0.00;582.00;0.00;0.00;0.00;0.00;769.34;806.69;646.69;1719.03;1492.69;1077.36;1089.35;1443.33;1416.01;915.68;578.66;337.00;1164.00;1884.67;2430.00;911.01;1406.34;1434.67;457.00;1154.67;480.00;401.67;561.66;657.00
1772831678.8677344;0.00;0.00;0.00;0.00;582.00;582.00;0.00;582.00;0.00;0.00;582.00;0.00;582.00;582.00;0.00;0.00;0.00;0.00;582.00;0.00;0.00;0.00;0.00;834.01;839.02;679.02;1799.03;1572.69;1077.36;1089.35;1443.33;1416.01;980.35;643.33;401.67;1164.00;2034.67;2430.00;911.01;1406.34;1434.67;457.00;1304.67;480.00;401.67;561.66;657.00
1772831678.8698518;0.00;0.00;0.00;0.00;582.00;582.00;0.00;582.00;0.00;0.00;582.00;0.00;582.00;582.00;0.00;0.00;0.00;0.00;582.00;0.00;0.00;0.00;0.00;834.01;839.02;679.02;1799.03;1572.69;1077.36;1089.35;1443.33;1416.01;980.35;643.33;401.67;1164.00;2034.67;2430.00;911.01;1406.34;1434.67;457.00;1304.67;480.00;401.67;561.66;657.00
1772831699.4437141;0.00;0.00;0.00;0.00;0.00;582.00;0.00;582.00;0.00;0.00;582.00;0.00;582.00;582.00;0.00;0.00;0.00;0.00;582.00;0.00;0.00;0.00;97.00;898.68;903.69;743.69;1799.03;1348.02;788.02;80.00;80.00;866.34;1012.68;675.66;466.34;310.00;2034.67;2542.33;911.01;1471.01;1210.00;457.00;920.00;480.00;401.67;561.66;657.00
1772831699.44484;0.00;0.00;0.00;0.00;0.00;582.00;0.00;582.00;0.00;0.00;582.00;0.00;582.00;582.00;0.00;0.00;0.00;0.00;582.00;0.00;0.00;0.00;97.00;898.68;903.69;743.69;1799.03;1348.02;788.02;80.00;80.00;866.34;1012.68;675.66;466.34;310.00;2034.67;2542.33;911.01;1471.01;1210.00;457.00;920.00;480.00;401.67;561.66;657.00
1772831699.4833782;0.00;0.00;0.00;0.00;0.00;582.00;0.00;582.00;0.00;0.00;582.00;0.00;582.00;582.00;0.00;0.00;0.00;0.00;582.00;0.00;0.00;0.00;194.00;963.35;968.36;808.36;1959.03;1508.02;788.02;80.00;240.00;946.34;1045.01;707.99;531.01;310.00;2034.67;2692.33;911.01;1695.68;1530.00;457.00;1080.00;480.00;401.67;561.66;657.00
1772831699.4844332;0.00;0.00;0.00;0.00;0.00;582.00;0.00;582.00;0.00;0.00;582.00;0.00;582.00;582.00;0.00;0.00;0.00;0.00;582.00;0.00;0.00;0.00;194.00;963.35;968.36;808.36;1959.03;1508.02;788.02;80.00;240.00;946.34;1045.01;707.99;531.01;310.00;2034.67;2692.33;911.01;1695.68;1530.00;457.00;1080.00;480.00;401.67;561.66;657.00
1772831699.522263;0.00;0.00;0.00;0.00;0.00;582.00;0.00;582.00;0.00;0.00;582.00;0.00;582.00;582.00;0.00;0.00;0.00;0.00;582.00;0.00;0.00;0.00;291.00;1028.02;1033.03;873.03;2023.70;1668.02;1028.02;160.00;320.00;1026.34;1077.34;740.32;595.68;460.00;2034.67;2692.33;911.01;1695.68;1754.67;457.00;1550.00;480.00;401.67;561.66;657.00
1772831699.5233283;0.00;0.00;0.00;0.00;0.00;582.00;0.00;582.00;0.00;0.00;582.00;0.00;582.00;582.00;0.00;0.00;0.00;0.00;582.00;0.00;0.00;0.00;291.00;1028.02;1033.03;873.03;2023.70;1668.02;1028.02;160.00;320.00;1026.34;1077.34;740.32;595.68;460.00;2034.67;2692.33;911.01;1695.68;1754.67;457.00;1550.00;480.00;401.67;561.66;657.00
1772831699.5582716;0.00;0.00;0.00;0.00;0.00;582.00;0.00;582.00;0.00;0.00;582.00;0.00;582.00;582.00;0.00;0.00;0.00;0.00;582.00;0.00;0.00;0.00;291.00;1028.02;1033.03;873.03;2023.70;1668.02;1028.02;160.00;320.00;1026.34;1077.34;740.32;595.68;460.00;2034.67;2692.33;911.01;1695.68;1754.67;457.00;1550.00;480.00;401.67;561.66;657.00
1772831699.5593486;0.00;0.00;0.00;0.00;0.00;582.00;0.00;582.00;0.00;0.00;582.00;0.00;582.00;582.00;0.00;0.00;0.00;0.00;582.00;0.00;0.00;0.00;291.00;1028.02;1033.03;873.03;2023.70;1668.02;1028.02;160.00;320.00;1026.34;1077.34;740.32;595.68;460.00;2034.67;2692.33;911.01;1695.68;1754.67;457.00;1550.00;480.00;401.67;561.66;657.00
1772831699.6648254;0.00;0.00;0.00;0.00;0.00;582.00;0.00;582.00;0.00;0.00;582.00;0.00;582.00;582.00;0.00;0.00;0.00;0.00;582.00;0.00;0.00;0.00;291.00;1028.02;1033.03;873.03;2023.70;1668.02;1028.02;160.00;320.00;1026.34;1077.34;740.32;595.68;460.00;2034.67;2692.33;911.01;1695.68;1754.67;457.00;1550.00;480.00;401.67;561.66;657.00
1772831699.6659608;0.00;0.00;0.00;0.00;0.00;582.00;0.00;582.00;0.00;0.00;582.00;0.00;582.00;582.00;0.00;0.00;0.00;0.00;582.00;0.00;0.00;0.00;291.00;1028.02;1033.03;873.03;2023.70;1668.02;1028.02;160.00;320.00;1026.34;1077.34;740.32;595.68;460.00;2034.67;2692.33;911.01;1695.68;1754.67;457.00;1550.00;480.00;401.67;561.66;657.00
1772831699.700915;0.00;0.00;0.00;0.00;0.00;582.00;0.00;582.00;0.00;0.00;582.00;0.00;582.00;582.00;0.00;0.00;0.00;0.00;582.00;0.00;0.00;0.00;291.00;1028.02;1033.03;873.03;2023.70;1668.02;1028.02;160.00;320.00;1026.34;1077.34;740.32;595.68;460.00;2034.67;2692.33;911.01;1695.68;1754.67;457.00;1550.00;480.00;401.67;561.66;657.00
1772831699.702026;0.00;0.00;0.00;0.00;0.00;582.00;0.00;582.00;0.00;0.00;582.00;0.00;582.00;582.00;0.00;0.00;0.00;0.00;582.00;0.00;0.00;0.00;291.00;1028.02;1033.03;873.03;2023.70;1668.02;1028.02;160.00;320.00;1026.34;1077.34;740.32;595.68;460.00;2034.67;2692.33;911.01;1695.68;1754.67;457.00;1550.00;480.00;401.67;561.66;657.00
