timestamp,(0,34);(14,17);(25,24);(8,13);(8,22);(14,10);(14,11);(28,27);(28,29);(28,30);(2,3);(2,32);(5,4);(9,12);(23,15);(23,19);(23,20);(18,21);(6,7);(2,16);(25,26);(33,1);(33,31);(34,9);(9,18);(18,2);(2,5);(5,23);(23,25);(25,28);(28,14);(14,8);(8,6);(6,33);(33,34);(25,25.1);(8,8.1);(14,14.1);(28,28.1);(2,2.1);(5,5.1);(9,9.1);(23,23.1);(18,18.1);(6,6.1);(33,33.1);(34,34.1)
1772830614.5805502;0.00;0.00;0.00;0.00;0.00;0.00;0.00;97.00;0.00;0.00;0.00;0.00;0.00;0.00;0.00;0.00;0.00;0.00;0.00;0.00;0.00;0.00;0.00;0.00;0.00;0.00;0.00;0.00;0.00;0.00;0.00;0.00;0.00;0.00;0.00;0.00;0.00;0.00;97.00;0.00;0.00;0.00;0.00;0.00;0.00;0.00;0.00
1772830614.5814555;0.00;0.00;0.00;0.00;0.00;0.00;0.00;97.00;0.00;0.00;0.00;0.00;0.00;0.00;0.00;0.00;0.00;0.00;0.00;0.00;0.00;0.00;0.00;0.00;0.00;0.00;0.00;0.00;0.00;0.00;0.00;0.00;0.00;0.00;0.00;0.00;0.00;0.00;97.00;0.00;0.00;0.00;0.00;0.00;0.00;0.00;0.00
1772830614.6114888;0.00;0.00;0.00;0.00;0.00;0.00;0.00;194.00;0.00;0.00;0.00;0.00;0.00;0.00;0.00;0.00;0.00;0.00;0.00;0.00;0.00;0.00;0.00;0.00;0.00;0.00;0.00;0.00;0.00;80.00;0.00;0.00;0.00;0.00;0.00;80.00;0.00;0.00;274.00;0.00;0.00;0.00;0.00;0.00;0.00;0.00;0.00
1772830614.612242;0.00;0.00;0.00;0.00;0.00;0.00;0.00;194.00;0.00;0.00;0.00;0.00;0.00;0.00;0.00;0.00;0.00;0.00;0.00;0.00;0.00;0.00;0.00;0.00;0.00;0.00;0.00;0.00;0.00;80.00;0.00;0.00;0.00;0.00;0.00;80.00;0.00;0.00;274.00;0.00;0.00;0.00;0.00;0.00;0.00;0.00;0.00
1772830614.6412435;0.00;0.00;0.00;0.00;0.00;0.00;0.00;291.00;0.00;0.00;0.00;0.00;0.00;0.00;0.00;0.00;0.00;0.00;0.00;0.00;0.00;0.00;0.00;0.00;0.00;0.00;0.00;0.00;0.00;304.67;80.00;0.00;0.00;0.00;0.00;304.67;0.00;80.00;386.33;0.00;0.00;0.00;0.00;0.00;0.00;0.00;0.00
1772830614.6420088;0.00;0.00;0.00;0.00;0.00;0.00;0.00;291.00;0.00;0.00;0.00;0.00;0.00;0.00;0.00;0.00;0.00;0.00;0.00;0.00;0.00;0.00;0.00;0.00;0.00;0.00;0.00;0.00;0.00;304.67;80.00;0.00;0.00;0.00;0.00;304.67;0.00;80.00;386.33;0.00;0.00;0.00;0.00;0.00;0.00;0.00;0.00
1772830614.6794758;0.00;0.00;0.00;0.00;0.00;0.00;0.00;388.00;0.00;0.00;0.00;0.00;0.00;0.00;0.00;0.00;0.00;0.00;0.00;0.00;0.00;0.00;0.00;0.00;0.00;0.00;0.00;0.00;0.00;481.67;160.00;80.00;0.00;0.00;0.00;481.67;80.00;80.00;386.33;0.00;0.00;0.00;0.00;0.00;0.00;0.00;0.00
1772830614.6820714;0.00;0.00;0.00;0.00;0.00;0.00;0.00;388.00;0.00;0.00;0.00;0.00;0.00;0.00;0.00;0.00;0.00;0.00;0.00;0.00;0.00;0.00;0.00;0.00;0.00;0.00;0.00;0.00;0.00;481.67;160.00;80.00;0.00;0.00;0.00;481.67;80.00;80.00;386.33;0.00;0.00;0.00;0.00;0.00;0.00;0.00;0.00
1772830614.750907;0.00;0.00;0.00;0.00;0.00;0.00;0.00;485.00;0.00;0.00;0.00;0.00;0.00;0.00;0.00;0.00;0.00;0.00;0.00;0.00;0.00;0.00;0.00;0.00;0.00;0.00;0.00;0.00;160.00;594.00;224.67;80.00;0.00;0.00;0.00;594.00;80.00;144.67;536.33;0.00;0.00;0.00;160.00;0.00;0.00;0.00;0.00
1772830614.7529273;0.00;0.00;0.00;0.00;0.00;0.00;0.00;485.00;0.00;0.00;0.00;0.00;0.00;0.00;0.00;0.00;0.00;0.00;0.00;0.00;0.00;0.00;0.00;0.00;0.00;0.00;0.00;0.00;160.00;594.00;224.67;80.00;0.00;0.00;0.00;594.00;80.00;144.67;536.33;0.00;0.00;0.00;160.00;0.00;0.00;0.00;0.00
1772830614.7821047;0.00;0.00;0.00;0.00;0.00;0.00;0.00;582.00;0.00;0.00;0.00;0.00;0.00;0.00;0.00;0.00;0.00;0.00;0.00;0.00;0.00;0.00;0.00;0.00;0.00;0.00;0.00;0.00;320.00;706.33;289.34;80.00;0.00;0.00;0.00;706.33;80.00;209.34;686.33;0.00;0.00;0.00;320.00;0.00;0.00;0.00;0.00
1772830614.7829409;0.00;0.00;0.00;0.00;0.00;0.00;0.00;582.00;0.00;0.00;0.00;0.00;0.00;0.00;0.00;0.00;0.00;0.00;0.00;0.00;0.00;0.00;0.00;0.00;0.00;0.00;0.00;0.00;320.00;706.33;289.34;80.00;0.00;0.00;0.00;706.33;80.00;209.34;686.33;0.00;0.00;0.00;320.00;0.00;0.00;0.00;0.00
1772830631.6350756;0.00;0.00;0.00;0.00;0.00;0.00;0.00;582.00;0.00;0.00;0.00;0.00;0.00;0.00;0.00;0.00;97.00;0.00;0.00;0.00;0.00;0.00;0.00;0.00;0.00;0.00;0.00;160.00;400.00;786.33;289.34;80.00;0.00;0.00;0.00;706.33;80.00;209.34;836.33;0.00;160.00;0.00;657.00;0.00;0.00;0.00;0.00
1772830631.6359396;0.00;0.00;0.00;0.00;0.00;0.00;0.00;582.00;0.00;0.00;0.00;0.00;0.00;0.00;0.00;0.00;97.00;0.00;0.00;0.00;0.00;0.00;0.00;0.00;0.00;0.00;0.00;160.00;400.00;786.33;289.34;80.00;0.00;0.00;0.00;706.33;80.00;209.34;836.33;0.00;160.00;0.00;657.00;0.00;0.00;0.00;0.00
1772830631.6659353;0.00;0.00;0.00;0.00;0.00;0.00;0.00;582.00;0.00;0.00;0.00;0.00;0.00;0.00;0.00;0.00;194.00;0.00;0.00;0.00;0.00;0.00;0.00;0.00;0.00;0.00;0.00;320.00;480.00;866.33;289.34;80.00;0.00;0.00;0.00;706.33;80.00;209.34;986.33;0.00;320.00;0.00;994.00;0.00;0.00;0.00;0.00
1772830631.6667438;0.00;0.00;0.00;0.00;0.00;0.00;0.00;582.00;0.00;0.00;0.00;0.00;0.00;0.00;0.00;0.00;194.00;0.00;0.00;0.00;0.00;0.00;0.00;0.00;0.00;0.00;0.00;320.00;480.00;866.33;289.34;80.00;0.00;0.00;0.00;706.33;80.00;209.34;986.33;0.00;320.00;0.00;994.00;0.00;0.00;0.00;0.00
1772830631.6966438;0.00;0.00;0.00;0.00;0.00;0.00;0.00;582.00;0.00;0.00;0.00;0.00;0.00;0.00;0.00;0.00;291.00;0.00;0.00;0.00;0.00;0.00;0.00;0.00;0.00;0.00;320.00;464.67;480.00;866.33;289.34;80.00;0.00;0.00;0.00;706.33;80.00;209.34;986.33;320.00;694.67;0.00;1106.33;0.00;0.00;0.00;0.00
1772830631.697477;0.00;0.00;0.00;0.00;0.00;0.00;0.00;582.00;0.00;0.00;0.00;0.00;0.00;0.00;0.00;0.00;291.00;0.00;0.00;0.00;0.00;0.00;0.00;0.00;0.00;0.00;320.00;464.67;480.00;866.33;289.34;80.00;0.00;0.00;0.00;706.33;80.00;209.34;986.33;320.00;694.67;0.00;1106.33;0.00;0.00;0.00;0.00
1772830631.7265556;0.00;0.00;0.00;0.00;0.00;0.00;0.00;582.00;0.00;0.00;0.00;0.00;0.00;0.00;0.00;0.00;388.00;0.00;0.00;0.00;0.00;0.00;0.00;0.00;160.00;160.00;497.00;711.67;480.00;866.33;289.34;80.00;0.00;0.00;0.00;706.33;80.00;209.34;986.33;657.00;694.67;160.00;1256.33;320.00;0.00;0.00;0.00
1772830631.7274387;0.00;0.00;0.00;0.00;0.00;0.00;0.00;582.00;0.00;0.00;0.00;0.00;0.00;0.00;0.00;0.00;388.00;0.00;0.00;0.00;0.00;0.00;0.00;0.00;160.00;160.00;497.00;711.67;480.00;866.33;289.34;80.00;0.00;0.00;0.00;706.33;80.00;209.34;986.33;657.00;694.67;160.00;1256.33;320.00;0.00;0.00;0.00
1772830631.7564592;0.00;0.00;0.00;0.00;0.00;0.00;0.00;582.00;0.00;0.00;0.00;0.00;0.00;0.00;0.00;0.00;485.00;0.00;0.00;0.00;0.00;0.00;0.00;0.00;160.00;320.00;609.33;894.00;544.67;931.00;354.01;240.00;0.00;0.00;0.00;706.33;240.00;434.01;986.33;769.33;694.67;160.00;1406.33;480.00;0.00;0.00;0.00
1772830631.7573915;0.00;0.00;0.00;0.00;0.00;0.00;0.00;582.00;0.00;0.00;0.00;0.00;0.00;0.00;0.00;0.00;485.00;0.00;0.00;0.00;0.00;0.00;0.00;0.00;160.00;320.00;609.33;894.00;544.67;931.00;354.01;240.00;0.00;0.00;0.00;706.33;240.00;434.01;986.33;769.33;694.67;160.00;1406.33;480.00;0.00;0.00;0.00
1772830631.7869291;0.00;0.00;0.00;0.00;0.00;0.00;0.00;582.00;0.00;0.00;0.00;0.00;0.00;0.00;0.00;0.00;582.00;0.00;0.00;0.00;0.00;0.00;0.00;0.00;160.00;320.00;609.33;894.00;641.67;1028.00;451.01;304.67;0.00;0.00;0.00;706.33;304.67;696.34;986.33;769.33;694.67;160.00;1406.33;480.00;0.00;0.00;0.00
1772830631.7879267;0.00;0.00;0.00;0.00;0.00;0.00;0.00;582.00;0.00;0.00;0.00;0.00;0.00;0.00;0.00;0.00;582.00;0.00;0.00;0.00;0.00;0.00;0.00;0.00;160.00;320.00;609.33;894.00;641.67;1028.00;451.01;304.67;0.00;0.00;0.00;706.33;304.67;696.34;986.33;769.33;694.67;160.00;1406.33;480.00;0.00;0.00;0.00
1772830655.6646395;0.00;0.00;0.00;0.00;0.00;0.00;0.00;582.00;0.00;0.00;97.00;0.00;0.00;0.00;0.00;0.00;582.00;0.00;0.00;0.00;0.00;0.00;0.00;240.00;257.00;417.00;609.33;894.00;641.67;1028.00;451.01;304.67;80.00;80.00;80.00;706.33;454.67;696.34;986.33;769.33;694.67;497.00;1406.33;480.00;0.00;0.00;160.00
1772830655.6657407;0.00;0.00;0.00;0.00;0.00;0.00;0.00;582.00;0.00;0.00;97.00;0.00;0.00;0.00;0.00;0.00;582.00;0.00;0.00;0.00;0.00;0.00;0.00;240.00;257.00;417.00;609.33;894.00;641.67;1028.00;451.01;304.67;80.00;80.00;80.00;706.33;454.67;696.34;986.33;769.33;694.67;497.00;1406.33;480.00;0.00;0.00;160.00
1772830655.6949286;0.00;0.00;0.00;0.00;0.00;0.00;0.00;582.00;0.00;0.00;194.00;0.00;0.00;0.00;0.00;0.00;582.00;0.00;0.00;0.00;0.00;0.00;0.00;384.67;354.00;514.00;609.33;894.00;641.67;1028.00;451.01;304.67;160.00;470.00;224.67;706.33;604.67;696.34;986.33;769.33;694.67;609.33;1406.33;480.00;310.00;374.67;320.00
1772830655.6960166;0.00;0.00;0.00;0.00;0.00;0.00;0.00;582.00;0.00;0.00;194.00;0.00;0.00;0.00;0.00;0.00;582.00;0.00;0.00;0.00;0.00;0.00;0.00;384.67;354.00;514.00;609.33;894.00;641.67;1028.00;451.01;304.67;160.00;470.00;224.67;706.33;604.67;696.34;986.33;769.33;694.67;609.33;1406.33;480.00;310.00;374.67;320.00
1772830655.7241397;0.00;0.00;0.00;0.00;0.00;0.00;0.00;582.00;0.00;0.00;291.00;0.00;0.00;0.00;0.00;0.00;582.00;0.00;0.00;0.00;0.00;0.00;0.00;449.34;418.67;578.67;689.33;1044.00;641.67;1028.00;451.01;304.67;320.00;534.67;289.34;706.33;1074.67;696.34;986.33;769.33;694.67;609.33;1556.33;480.00;534.67;374.67;320.00
1772830655.7252328;0.00;0.00;0.00;0.00;0.00;0.00;0.00;582.00;0.00;0.00;291.00;0.00;0.00;0.00;0.00;0.00;582.00;0.00;0.00;0.00;0.00;0.00;0.00;449.34;418.67;578.67;689.33;1044.00;641.67;1028.00;451.01;304.67;320.00;534.67;289.34;706.33;1074.67;696.34;986.33;769.33;694.67;609.33;1556.33;480.00;534.67;374.67;320.00
1772830655.7529738;0.00;0.00;0.00;0.00;0.00;0.00;0.00;582.00;0.00;0.00;388.00;0.00;0.00;0.00;0.00;0.00;582.00;0.00;0.00;0.00;0.00;0.00;0.00;449.34;418.67;578.67;834.00;1188.67;786.34;1172.67;515.68;369.34;320.00;534.67;289.34;706.33;1449.34;696.34;1136.33;769.33;694.67;609.33;1556.33;480.00;534.67;374.67;320.00
1772830655.7540882;0.00;0.00;0.00;0.00;0.00;0.00;0.00;582.00;0.00;0.00;388.00;0.00;0.00;0.00;0.00;0.00;582.00;0.00;0.00;0.00;0.00;0.00;0.00;449.34;418.67;578.67;834.00;1188.67;786.34;1172.67;515.68;369.34;320.00;534.67;289.34;706.33;1449.34;696.34;1136.33;769.33;694.67;609.33;1556.33;480.00;534.67;374.67;320.00
1772830655.7813141;0.00;0.00;0.00;0.00;0.00;0.00;0.00;582.00;0.00;0.00;485.00;0.00;0.00;0.00;0.00;0.00;582.00;0.00;0.00;0.00;0.00;0.00;0.00;449.34;418.67;578.67;898.67;1253.34;851.01;1237.34;515.68;369.34;320.00;534.67;289.34;706.33;1449.34;696.34;1286.33;919.33;694.67;609.33;1556.33;480.00;534.67;374.67;320.00
1772830655.782456;0.00;0.00;0.00;0.00;0.00;0.00;0.00;582.00;0.00;0.00;485.00;0.00;0.00;0.00;0.00;0.00;582.00;0.00;0.00;0.00;0.00;0.00;0.00;449.34;418.67;578.67;898.67;1253.34;851.01;1237.34;515.68;369.34;320.00;534.67;289.34;706.33;1449.34;696.34;1286.33;919.33;694.67;609.33;1556.33;480.00;534.67;374.67;320.00
1772830655.8107743;0.00;0.00;0.00;0.00;0.00;0.00;0.00;582.00;0.00;0.00;582.00;0.00;0.00;0.00;0.00;0.00;582.00;0.00;0.00;0.00;0.00;0.00;0.00;449.34;418.67;578.67;963.34;1318.01;915.68;1302.01;515.68;369.34;320.00;534.67;289.34;706.33;1449.34;696.34;1436.33;1069.33;694.67;609.33;1556.33;480.00;534.67;374.67;320.00
1772830655.8119664;0.00;0.00;0.00;0.00;0.00;0.00;0.00;582.00;0.00;0.00;582.00;0.00;0.00;0.00;0.00;0.00;582.00;0.00;0.00;0.00;0.00;0.00;0.00;449.34;418.67;578.67;963.34;1318.01;915.68;1302.01;515.68;369.34;320.00;534.67;289.34;706.33;1449.34;696.34;1436.33;1069.33;694.67;609.33;1556.33;480.00;534.67;374.67;320.00
1772830673.6950784;0.00;0.00;0.00;0.00;0.00;97.00;0.00;582.00;0.00;0.00;582.00;0.00;0.00;0.00;0.00;0.00;582.00;0.00;0.00;0.00;0.00;0.00;0.00;449.34;418.67;578.67;963.34;1318.01;915.68;1302.01;515.68;369.34;320.00;534.67;289.34;706.33;1449.34;996.34;1436.33;1069.33;694.67;609.33;1556.33;480.00;534.67;374.67;320.00
1772830673.6958098;0.00;0.00;0.00;0.00;0.00;97.00;0.00;582.00;0.00;0.00;582.00;0.00;0.00;0.00;0.00;0.00;582.00;0.00;0.00;0.00;0.00;0.00;0.00;449.34;418.67;578.67;963.34;1318.01;915.68;1302.01;515.68;369.34;320.00;534.67;289.34;706.33;1449.34;996.34;1436.33;1069.33;694.67;609.33;1556.33;480.00;534.67;374.67;320.00
1772830673.7134788;0.00;0.00;0.00;0.00;0.00;194.00;0.00;582.00;0.00;0.00;582.00;0.00;0.00;0.00;0.00;0.00;582.00;0.00;0.00;0.00;0.00;0.00;0.00;449.34;418.67;578.67;963.34;1318.01;915.68;1302.01;515.68;369.34;320.00;534.67;289.34;706.33;1449.34;1296.34;1436.33;1069.33;694.67;609.33;1556.33;480.00;534.67;374.67;320.00
1772830673.7141747;0.00;0.00;0.00;0.00;0.00;194.00;0.00;582.00;0.00;0.00;582.00;0.00;0.00;0.00;0.00;0.00;582.00;0.00;0.00;0.00;0.00;0.00;0.00;449.34;418.67;578.67;963.34;1318.01;915.68;1302.01;515.68;369.34;320.00;534.67;289.34;706.33;1449.34;1296.34;1436.33;1069.33;694.67;609.33;1556.33;480.00;534.67;374.67;320.00
1772830673.732201;0.00;0.00;0.00;0.00;0.00;291.00;0.00;582.00;0.00;0.00;582.00;0.00;0.00;0.00;0.00;0.00;582.00;0.00;0.00;0.00;0.00;0.00;0.00;449.34;418.67;578.67;963.34;1318.01;915.68;1302.01;515.68;369.34;320.00;534.67;289.34;706.33;1449.34;1596.34;1436.33;1069.33;694.67;609.33;1556.33;480.00;534.67;374.67;320.00
1772830673.7328868;0.00;0.00;0.00;0.00;0.00;291.00;0.00;582.00;0.00;0.00;582.00;0.00;0.00;0.00;0.00;0.00;582.00;0.00;0.00;0.00;0.00;0.00;0.00;449.34;418.67;578.67;963.34;1318.01;915.68;1302.01;515.68;369.34;320.00;534.67;289.34;706.33;1449.34;1596.34;1436.33;1069.33;694.67;609.33;1556.33;480.00;534.67;374.67;320.00
1772830673.7505622;0.00;0.00;0.00;0.00;0.00;388.00;0.00;582.00;0.00;0.00;582.00;0.00;0.00;0.00;0.00;0.00;582.00;0.00;0.00;0.00;0.00;0.00;0.00;449.34;418.67;578.67;963.34;1318.01;915.68;1302.01;515.68;369.34;320.00;534.67;289.34;706.33;1449.34;1896.34;1436.33;1069.33;694.67;609.33;1556.33;480.00;534.67;374.67;320.00
1772830673.751265;0.00;0.00;0.00;0.00;0.00;388.00;0.00;582.00;0.00;0.00;582.00;0.00;0.00;0.00;0.00;0.00;582.00;0.00;0.00;0.00;0.00;0.00;0.00;449.34;418.67;578.67;963.34;1318.01;915.68;1302.01;515.68;369.34;320.00;534.67;289.34;706.33;1449.34;1896.34;1436.33;1069.33;694.67;609.33;1556.33;480.00;534.67;374.67;320.00
1772830673.7694416;0.00;0.00;0.00;0.00;0.00;485.00;0.00;582.00;0.00;0.00;582.00;0.00;0.00;0.00;0.00;0.00;582.00;0.00;0.00;0.00;0.00;0.00;0.00;449.34;418.67;578.67;963.34;1318.01;915.68;1302.01;515.68;369.34;320.00;534.67;289.34;706.33;1449.34;2196.34;1436.33;1069.33;694.67;609.33;1556.33;480.00;534.67;374.67;320.00
1772830673.770196;0.00;0.00;0.00;0.00;0.00;485.00;0.00;582.00;0.00;0.00;582.00;0.00;0.00;0.00;0.00;0.00;582.00;0.00;0.00;0.00;0.00;0.00;0.00;449.34;418.67;578.67;963.34;1318.01;915.68;1302.01;515.68;369.34;320.00;534.67;289.34;706.33;1449.34;2196.34;1436.33;1069.33;694.67;609.33;1556.33;480.00;534.67;374.67;320.00
1772830673.7882493;0.00;0.00;0.00;0.00;0.00;582.00;0.00;582.00;0.00;0.00;582.00;0.00;0.00;0.00;0.00;0.00;582.00;0.00;0.00;0.00;0.00;0.00;0.00;449.34;418.67;578.67;963.34;1318.01;915.68;1302.01;515.68;514.01;320.00;534.67;289.34;706.33;1749.34;2196.34;1436.33;1069.33;694.67;609.33;1556.33;480.00;534.67;374.67;320.00
1772830673.7890954;0.00;0.00;0.00;0.00;0.00;582.00;0.00;582.00;0.00;0.00;582.00;0.00;0.00;0.00;0.00;0.00;582.00;0.00;0.00;0.00;0.00;0.00;0.00;449.34;418.67;578.67;963.34;1318.01;915.68;1302.01;515.68;514.01;320.00;534.67;289.34;706.33;1749.34;2196.34;1436.33;1069.33;694.67;609.33;1556.33;480.00;534.67;374.67;320.00
1772830695.7319937;0.00;0.00;0.00;0.00;0.00;582.00;0.00;582.00;0.00;0.00;582.00;97.00;0.00;0.00;0.00;0.00;582.00;0.00;0.00;0.00;0.00;0.00;0.00;449.34;418.67;578.67;1028.01;1382.68;980.35;1366.68;515.68;514.01;320.00;534.67;289.34;706.33;1749.34;2196.34;1586.33;1219.33;694.67;609.33;1556.33;480.00;534.67;374.67;320.00
1772830695.7335556;0.00;0.00;0.00;0.00;0.00;582.00;0.00;582.00;0.00;0.00;582.00;97.00;0.00;0.00;0.00;0.00;582.00;0.00;0.00;0.00;0.00;0.00;0.00;449.34;418.67;578.67;1028.01;1382.68;980.35;1366.68;515.68;514.01;320.00;534.67;289.34;706.33;1749.34;2196.34;1586.33;1219.33;694.67;609.33;1556.33;480.00;534.67;374.67;320.00
1772830695.7627318;0.00;0.00;0.00;0.00;0.00;582.00;0.00;582.00;0.00;0.00;582.00;194.00;0.00;0.00;0.00;0.00;582.00;0.00;0.00;0.00;0.00;0.00;0.00;449.34;418.67;578.67;1172.68;1527.35;1125.02;1431.35;515.68;514.01;320.00;534.67;289.34;856.33;1749.34;2196.34;1736.33;1219.33;694.67;609.33;1556.33;480.00;534.67;374.67;320.00
1772830695.7642698;0.00;0.00;0.00;0.00;0.00;582.00;0.00;582.00;0.00;0.00;582.00;194.00;0.00;0.00;0.00;0.00;582.00;0.00;0.00;0.00;0.00;0.00;0.00;449.34;418.67;578.67;1172.68;1527.35;1125.02;1431.35;515.68;514.01;320.00;534.67;289.34;856.33;1749.34;2196.34;1736.33;1219.33;694.67;609.33;1556.33;480.00;534.67;374.67;320.00
1772830695.8932047;0.00;0.00;0.00;0.00;0.00;582.00;0.00;582.00;0.00;0.00;582.00;291.00;0.00;0.00;0.00;0.00;582.00;0.00;0.00;0.00;0.00;0.00;0.00;449.34;418.67;578.67;1317.35;1672.02;1269.69;1496.02;515.68;514.01;320.00;534.67;289.34;1006.33;1749.34;2196.34;1886.33;1219.33;694.67;609.33;1556.33;480.00;534.67;374.67;320.00
1772830695.894751;0.00;0.00;0.00;0.00;0.00;582.00;0.00;582.00;0.00;0.00;582.00;291.00;0.00;0.00;0.00;0.00;582.00;0.00;0.00;0.00;0.00;0.00;0.00;449.34;418.67;578.67;1317.35;1672.02;1269.69;1496.02;515.68;514.01;320.00;534.67;289.34;1006.33;1749.34;2196.34;1886.33;1219.33;694.67;609.33;1556.33;480.00;534.67;374.67;320.00
1772830695.920664;0.00;0.00;0.00;0.00;0.00;582.00;0.00;582.00;0.00;0.00;582.00;388.00;0.00;0.00;0.00;0.00;582.00;0.00;0.00;0.00;0.00;0.00;0.00;449.34;418.67;578.67;1462.02;1816.69;1414.36;1560.69;675.68;674.01;320.00;534.67;289.34;1156.33;1899.34;2196.34;1886.33;1219.33;694.67;609.33;1556.33;480.00;534.67;374.67;320.00
1772830695.9215093;0.00;0.00;0.00;0.00;0.00;582.00;0.00;582.00;0.00;0.00;582.00;388.00;0.00;0.00;0.00;0.00;582.00;0.00;0.00;0.00;0.00;0.00;0.00;449.34;418.67;578.67;1462.02;1816.69;1414.36;1560.69;675.68;674.01;320.00;534.67;289.34;1156.33;1899.34;2196.34;1886.33;1219.33;694.67;609.33;1556.33;480.00;534.67;374.67;320.00
1772830695.939837;0.00;0.00;0.00;0.00;0.00;582.00;0.00;582.00;0.00;0.00;582.00;485.00;0.00;0.00;0.00;0.00;582.00;0.00;0.00;0.00;0.00;0.00;0.00;449.34;418.67;578.67;1606.69;2046.69;1494.36;1560.69;675.68;674.01;320.00;534.67;289.34;1306.33;1899.34;2196.34;1886.33;1219.33;694.67;609.33;1706.33;480.00;534.67;374.67;320.00
1772830695.9406507;0.00;0.00;0.00;0.00;0.00;582.00;0.00;582.00;0.00;0.00;582.00;485.00;0.00;0.00;0.00;0.00;582.00;0.00;0.00;0.00;0.00;0.00;0.00;449.34;418.67;578.67;1606.69;2046.69;1494.36;1560.69;675.68;674.01;320.00;534.67;289.34;1306.33;1899.34;2196.34;1886.33;1219.33;694.67;609.33;1706.33;480.00;534.67;374.67;320.00
1772830695.9588675;0.00;0.00;0.00;0.00;0.00;582.00;0.00;582.00;0.00;0.00;582.00;582.00;0.00;0.00;0.00;0.00;582.00;0.00;0.00;0.00;0.00;0.00;0.00;449.34;418.67;578.67;1751.36;2276.69;1574.36;1560.69;675.68;674.01;320.00;534.67;289.34;1456.33;1899.34;2196.34;1886.33;1219.33;694.67;609.33;1856.33;480.00;534.67;374.67;320.00
1772830695.9596577;0.00;0.00;0.00;0.00;0.00;582.00;0.00;582.00;0.00;0.00;582.00;582.00;0.00;0.00;0.00;0.00;582.00;0.00;0.00;0.00;0.00;0.00;0.00;449.34;418.67;578.67;1751.36;2276.69;1574.36;1560.69;675.68;674.01;320.00;534.67;289.34;1456.33;1899.34;2196.34;1886.33;1219.33;694.67;609.33;1856.33;480.00;534.67;374.67;320.00
1772830719.778331;0.00;0.00;0.00;0.00;0.00;582.00;0.00;0.00;0.00;0.00;582.00;582.00;97.00;0.00;0.00;0.00;582.00;0.00;0.00;0.00;0.00;0.00;0.00;449.34;418.67;578.67;1751.36;2373.69;1174.36;0.00;226.34;594.01;320.00;534.67;289.34;240.00;1819.34;1987.00;900.00;1219.33;694.67;609.33;1553.33;480.00;534.67;374.67;320.00
1772830719.7798803;0.00;0.00;0.00;0.00;0.00;582.00;0.00;0.00;0.00;0.00;582.00;582.00;97.00;0.00;0.00;0.00;582.00;0.00;0.00;0.00;0.00;0.00;0.00;449.34;418.67;578.67;1751.36;2373.69;1174.36;0.00;226.34;594.01;320.00;534.67;289.34;240.00;1819.34;1987.00;900.00;1219.33;694.67;609.33;1553.33;480.00;534.67;374.67;320.00
1772830719.8133762;0.00;0.00;0.00;0.00;0.00;582.00;0.00;0.00;0.00;0.00;582.00;582.00;194.00;0.00;0.00;0.00;582.00;0.00;0.00;0.00;0.00;0.00;0.00;449.34;418.67;578.67;1751.36;2470.69;1271.36;80.00;226.34;594.01;320.00;534.67;289.34;417.00;1819.34;1987.00;980.00;1219.33;694.67;609.33;1553.33;480.00;534.67;374.67;320.00
1772830719.8148415;0.00;0.00;0.00;0.00;0.00;582.00;0.00;0.00;0.00;0.00;582.00;582.00;194.00;0.00;0.00;0.00;582.00;0.00;0.00;0.00;0.00;0.00;0.00;449.34;418.67;578.67;1751.36;2470.69;1271.36;80.00;226.34;594.01;320.00;534.67;289.34;417.00;1819.34;1987.00;980.00;1219.33;694.67;609.33;1553.33;480.00;534.67;374.67;320.00
1772830719.8482704;0.00;0.00;0.00;0.00;0.00;582.00;0.00;0.00;0.00;0.00;582.00;582.00;291.00;0.00;0.00;0.00;582.00;0.00;0.00;0.00;0.00;0.00;0.00;449.34;418.67;578.67;1751.36;2567.69;1368.36;320.00;306.34;594.01;320.00;534.67;289.34;754.00;1819.34;2067.00;1140.00;1219.33;694.67;609.33;1553.33;480.00;534.67;374.67;320.00
1772830719.8497784;0.00;0.00;0.00;0.00;0.00;582.00;0.00;0.00;0.00;0.00;582.00;582.00;291.00;0.00;0.00;0.00;582.00;0.00;0.00;0.00;0.00;0.00;0.00;449.34;418.67;578.67;1751.36;2567.69;1368.36;320.00;306.34;594.01;320.00;534.67;289.34;754.00;1819.34;2067.00;1140.00;1219.33;694.67;609.33;1553.33;480.00;534.67;374.67;320.00
1772830719.8824313;0.00;0.00;0.00;0.00;0.00;582.00;0.00;0.00;0.00;0.00;582.00;582.00;388.00;0.00;0.00;0.00;582.00;0.00;0.00;0.00;0.00;0.00;0.00;449.34;418.67;578.67;1751.36;2664.69;1465.36;464.67;386.34;674.01;320.00;534.67;289.34;866.33;1899.34;2067.00;1364.67;1219.33;694.67;609.33;1553.33;480.00;534.67;374.67;320.00
1772830719.8839526;0.00;0.00;0.00;0.00;0.00;582.00;0.00;0.00;0.00;0.00;582.00;582.00;388.00;0.00;0.00;0.00;582.00;0.00;0.00;0.00;0.00;0.00;0.00;449.34;418.67;578.67;1751.36;2664.69;1465.36;464.67;386.34;674.01;320.00;534.67;289.34;866.33;1899.34;2067.00;1364.67;1219.33;694.67;609.33;1553.33;480.00;534.67;374.67;320.00
1772830719.91652;0.00;0.00;0.00;0.00;0.00;582.00;0.00;0.00;0.00;0.00;582.00;582.00;485.00;0.00;0.00;0.00;582.00;0.00;0.00;0.00;0.00;0.00;0.00;449.34;418.67;578.67;1751.36;2761.69;1562.36;561.67;546.34;674.01;320.00;534.67;289.34;866.33;1899.34;2227.00;1851.67;1219.33;694.67;609.33;1553.33;480.00;534.67;374.67;320.00
1772830719.9180665;0.00;0.00;0.00;0.00;0.00;582.00;0.00;0.00;0.00;0.00;582.00;582.00;485.00;0.00;0.00;0.00;582.00;0.00;0.00;0.00;0.00;0.00;0.00;449.34;418.67;578.67;1751.36;2761.69;1562.36;561.67;546.34;674.01;320.00;534.67;289.34;866.33;1899.34;2227.00;1851.67;1219.33;694.67;609.33;1553.33;480.00;534.67;374.67;320.00
1772830719.9502916;0.00;0.00;0.00;0.00;0.00;582.00;0.00;0.00;0.00;0.00;582.00;582.00;582.00;0.00;0.00;0.00;582.00;0.00;0.00;0.00;0.00;0.00;0.00;449.34;418.67;578.67;1751.36;2858.69;1659.36;658.67;691.01;914.01;320.00;534.67;289.34;866.33;2199.34;2611.67;1964.00;1219.33;694.67;609.33;1553.33;480.00;534.67;374.67;320.00
1772830719.9518769;0.00;0.00;0.00;0.00;0.00;582.00;0.00;0.00;0.00;0.00;582.00;582.00;582.00;0.00;0.00;0.00;582.00;0.00;0.00;0.00;0.00;0.00;0.00;449.34;418.67;578.67;1751.36;2858.69;1659.36;658.67;691.01;914.01;320.00;534.67;289.34;866.33;2199.34;2611.67;1964.00;1219.33;694.67;609.33;1553.33;480.00;534.67;374.67;320.00
1772830735.8184276;0.00;0.00;0.00;0.00;0.00;582.00;0.00;0.00;0.00;0.00;582.00;582.00;582.00;97.00;0.00;0.00;582.00;0.00;0.00;0.00;0.00;0.00;0.00;546.34;418.67;578.67;1751.36;2858.69;1659.36;738.67;771.01;1218.68;464.67;679.34;386.34;1016.33;2349.34;2996.34;1964.00;1219.33;694.67;609.33;1553.33;480.00;534.67;487.00;320.00
1772830735.8202167;0.00;0.00;0.00;0.00;0.00;582.00;0.00;0.00;0.00;0.00;582.00;582.00;582.00;97.00;0.00;0.00;582.00;0.00;0.00;0.00;0.00;0.00;0.00;546.34;418.67;578.67;1751.36;2858.69;1659.36;738.67;771.01;1218.68;464.67;679.34;386.34;1016.33;2349.34;2996.34;1964.00;1219.33;694.67;609.33;1553.33;480.00;534.67;487.00;320.00
1772830735.8530107;0.00;0.00;0.00;0.00;0.00;582.00;0.00;0.00;0.00;0.00;582.00;582.00;582.00;194.00;0.00;0.00;582.00;0.00;0.00;0.00;0.00;0.00;0.00;611.01;418.67;578.67;1751.36;2858.69;1659.36;738.67;771.01;1218.68;529.34;744.01;451.01;1016.33;2499.34;2996.34;1964.00;1219.33;694.67;759.33;1553.33;480.00;534.67;487.00;320.00
1772830735.8547413;0.00;0.00;0.00;0.00;0.00;582.00;0.00;0.00;0.00;0.00;582.00;582.00;582.00;194.00;0.00;0.00;582.00;0.00;0.00;0.00;0.00;0.00;0.00;611.01;418.67;578.67;1751.36;2858.69;1659.36;738.67;771.01;1218.68;529.34;744.01;451.01;1016.33;2499.34;2996.34;1964.00;1219.33;694.67;759.33;1553.33;480.00;534.67;487.00;320.00
1772830735.887348;0.00;0.00;0.00;0.00;0.00;582.00;0.00;0.00;0.00;0.00;582.00;582.00;582.00;291.00;0.00;0.00;582.00;0.00;0.00;0.00;0.00;0.00;0.00;675.68;418.67;578.67;1751.36;2858.69;1659.36;898.67;931.01;1378.68;594.01;808.68;515.68;1166.33;2499.34;2996.34;1964.00;1219.33;694.67;909.33;1553.33;480.00;534.67;487.00;320.00
1772830735.8892198;0.00;0.00;0.00;0.00;0.00;582.00;0.00;0.00;0.00;0.00;582.00;582.00;582.00;291.00;0.00;0.00;582.00;0.00;0.00;0.00;0.00;0.00;0.00;675.68;418.67;578.67;1751.36;2858.69;1659.36;898.67;931.01;1378.68;594.01;808.68;515.68;1166.33;2499.34;2996.34;1964.00;1219.33;694.67;909.33;1553.33;480.00;534.67;487.00;320.00
1772830735.92263;0.00;0.00;0.00;0.00;0.00;582.00;0.00;0.00;0.00;0.00;582.00;582.00;582.00;388.00;0.00;0.00;582.00;0.00;0.00;0.00;0.00;0.00;0.00;740.35;418.67;578.67;1751.36;2858.69;1659.36;1058.67;1091.01;1538.68;658.68;873.35;580.35;1316.33;2499.34;2996.34;1964.00;1219.33;694.67;1059.33;1553.33;480.00;534.67;487.00;320.00
1772830735.9245532;0.00;0.00;0.00;0.00;0.00;582.00;0.00;0.00;0.00;0.00;582.00;582.00;582.00;388.00;0.00;0.00;582.00;0.00;0.00;0.00;0.00;0.00;0.00;740.35;418.67;578.67;1751.36;2858.69;1659.36;1058.67;1091.01;1538.68;658.68;873.35;580.35;1316.33;2499.34;2996.34;1964.00;1219.33;694.67;1059.33;1553.33;480.00;534.67;487.00;320.00
1772830735.9572866;0.00;0.00;0.00;0.00;0.00;582.00;0.00;0.00;0.00;0.00;582.00;582.00;582.00;485.00;0.00;0.00;582.00;0.00;0.00;0.00;0.00;0.00;0.00;740.35;483.34;643.34;1816.03;3018.69;1819.36;1058.67;1091.01;1538.68;658.68;873.35;580.35;1466.33;2499.34;2996.34;1964.00;1219.33;694.67;1209.33;1553.33;480.00;534.67;487.00;320.00
1772830735.9591243;0.00;0.00;0.00;0.00;0.00;582.00;0.00;0.00;0.00;0.00;582.00;582.00;582.00;485.00;0.00;0.00;582.00;0.00;0.00;0.00;0.00;0.00;0.00;740.35;483.34;643.34;1816.03;3018.69;1819.36;1058.67;1091.01;1538.68;658.68;873.35;580.35;1466.33;2499.34;2996.34;1964.00;1219.33;694.67;1209.33;1553.33;480.00;534.67;487.00;320.00
1772830735.9919682;0.00;0.00;0.00;0.00;0.00;582.00;0.00;0.00;0.00;0.00;582.00;582.00;582.00;582.00;0.00;0.00;582.00;0.00;0.00;0.00;0.00;0.00;0.00;740.35;548.01;708.01;1880.70;3178.69;1979.36;1058.67;1091.01;1538.68;658.68;873.35;580.35;1616.33;2499.34;2996.34;1964.00;1219.33;694.67;1359.33;1553.33;480.00;534.67;487.00;320.00
1772830735.9939332;0.00;0.00;0.00;0.00;0.00;582.00;0.00;0.00;0.00;0.00;582.00;582.00;582.00;582.00;0.00;0.00;582.00;0.00;0.00;0.00;0.00;0.00;0.00;740.35;548.01;708.01;1880.70;3178.69;1979.36;1058.67;1091.01;1538.68;658.68;873.35;580.35;1616.33;2499.34;2996.34;1964.00;1219.33;694.67;1359.33;1553.33;480.00;534.67;487.00;320.00
1772830752.869309;0.00;0.00;0.00;0.00;0.00;582.00;0.00;0.00;0.00;0.00;582.00;582.00;582.00;582.00;0.00;0.00;679.00;0.00;0.00;0.00;0.00;0.00;0.00;740.35;548.01;708.01;1880.70;3403.36;2171.69;1171.00;1091.01;1538.68;658.68;873.35;580.35;1916.33;2499.34;2996.34;2076.33;1219.33;694.67;1359.33;1553.33;480.00;534.67;487.00;320.00
1772830752.878024;0.00;0.00;0.00;0.00;0.00;582.00;0.00;0.00;0.00;0.00;582.00;582.00;582.00;582.00;0.00;0.00;679.00;0.00;0.00;0.00;0.00;0.00;0.00;740.35;548.01;708.01;1880.70;3403.36;2171.69;1171.00;1091.01;1538.68;658.68;873.35;580.35;1916.33;2499.34;2996.34;2076.33;1219.33;694.67;1359.33;1553.33;480.00;534.67;487.00;320.00
1772830752.9108222;0.00;0.00;0.00;0.00;0.00;582.00;0.00;0.00;0.00;0.00;582.00;582.00;582.00;582.00;0.00;0.00;776.00;0.00;0.00;0.00;0.00;0.00;0.00;740.35;548.01;708.01;1880.70;3403.36;2348.69;1171.00;1091.01;1538.68;658.68;873.35;580.35;2066.33;2499.34;2996.34;2076.33;1219.33;694.67;1359.33;1703.33;480.00;534.67;487.00;320.00
1772830752.9126182;0.00;0.00;0.00;0.00;0.00;582.00;0.00;0.00;0.00;0.00;582.00;582.00;582.00;582.00;0.00;0.00;776.00;0.00;0.00;0.00;0.00;0.00;0.00;740.35;548.01;708.01;1880.70;3403.36;2348.69;1171.00;1091.01;1538.68;658.68;873.35;580.35;2066.33;2499.34;2996.34;2076.33;1219.33;694.67;1359.33;1703.33;480.00;534.67;487.00;320.00
1772830752.9437;0.00;0.00;0.00;0.00;0.00;582.00;0.00;0.00;0.00;0.00;582.00;582.00;582.00;582.00;0.00;0.00;873.00;0.00;0.00;0.00;0.00;0.00;0.00;740.35;548.01;708.01;1880.70;3403.36;2685.69;1171.00;1091.01;1538.68;658.68;873.35;580.35;2066.33;2499.34;2996.34;2076.33;1219.33;694.67;1359.33;2003.33;480.00;534.67;487.00;320.00
1772830752.9455297;0.00;0.00;0.00;0.00;0.00;582.00;0.00;0.00;0.00;0.00;582.00;582.00;582.00;582.00;0.00;0.00;873.00;0.00;0.00;0.00;0.00;0.00;0.00;740.35;548.01;708.01;1880.70;3403.36;2685.69;1171.00;1091.01;1538.68;658.68;873.35;580.35;2066.33;2499.34;2996.34;2076.33;1219.33;694.67;1359.33;2003.33;480.00;534.67;487.00;320.00
1772830752.9769628;0.00;0.00;0.00;0.00;0.00;582.00;0.00;0.00;0.00;0.00;582.00;582.00;582.00;582.00;0.00;0.00;970.00;0.00;0.00;0.00;0.00;0.00;0.00;740.35;548.01;708.01;1880.70;3403.36;3022.69;1171.00;1091.01;1538.68;658.68;873.35;580.35;2066.33;2499.34;2996.34;2076.33;1219.33;694.67;1359.33;2303.33;480.00;534.67;487.00;320.00
1772830752.9788122;0.00;0.00;0.00;0.00;0.00;582.00;0.00;0.00;0.00;0.00;582.00;582.00;582.00;582.00;0.00;0.00;970.00;0.00;0.00;0.00;0.00;0.00;0.00;740.35;548.01;708.01;1880.70;3403.36;3022.69;1171.00;1091.01;1538.68;658.68;873.35;580.35;2066.33;2499.34;2996.34;2076.33;1219.33;694.67;1359.33;2303.33;480.00;534.67;487.00;320.00
1772830753.0102868;0.00;0.00;0.00;0.00;0.00;582.00;0.00;0.00;0.00;0.00;582.00;582.00;582.00;582.00;0.00;0.00;1067.00;0.00;0.00;0.00;0.00;0.00;0.00;740.35;548.01;708.01;1880.70;3403.36;3022.69;1171.00;1091.01;1538.68;658.68;873.35;580.35;2066.33;2499.34;2996.34;2076.33;1219.33;694.67;1359.33;2603.33;480.00;534.67;487.00;320.00
1772830753.0122108;0.00;0.00;0.00;0.00;0.00;582.00;0.00;0.00;0.00;0.00;582.00;582.00;582.00;582.00;0.00;0.00;1067.00;0.00;0.00;0.00;0.00;0.00;0.00;740.35;548.01;708.01;1880.70;3403.36;3022.69;1171.00;1091.01;1538.68;658.68;873.35;580.35;2066.33;2499.34;2996.34;2076.33;1219.33;694.67;1359.33;2603.33;480.00;534.67;487.00;320.00
1772830753.043445;0.00;0.00;0.00;0.00;0.00;582.00;0.00;0.00;0.00;0.00;582.00;582.00;582.00;582.00;0.00;0.00;1164.00;0.00;0.00;0.00;0.00;0.00;0.00;740.35;628.01;788.01;2025.37;3548.03;3022.69;1171.00;1091.01;1538.68;658.68;873.35;580.35;2066.33;2499.34;2996.34;2076.33;1369.33;694.67;1509.33;2603.33;480.00;534.67;487.00;320.00
1772830753.045482;0.00;0.00;0.00;0.00;0.00;582.00;0.00;0.00;0.00;0.00;582.00;582.00;582.00;582.00;0.00;0.00;1164.00;0.00;0.00;0.00;0.00;0.00;0.00;740.35;628.01;788.01;2025.37;3548.03;3022.69;1171.00;1091.01;1538.68;658.68;873.35;580.35;2066.33;2499.34;2996.34;2076.33;1369.33;694.67;1509.33;2603.33;480.00;534.67;487.00;320.00
1772830773.907315;0.00;0.00;0.00;0.00;0.00;582.00;0.00;0.00;0.00;0.00;0.00;582.00;582.00;582.00;0.00;0.00;582.00;0.00;0.00;0.00;97.00;0.00;0.00;291.01;209.34;129.34;342.03;2010.02;2124.01;495.32;864.67;1249.34;178.68;178.68;131.01;2066.33;0.00;2509.34;276.33;0.00;160.00;900.00;1244.00;0.00;0.00;112.33;0.00
1772830773.909045;0.00;0.00;0.00;0.00;0.00;582.00;0.00;0.00;0.00;0.00;0.00;582.00;582.00;582.00;0.00;0.00;582.00;0.00;0.00;0.00;97.00;0.00;0.00;291.01;209.34;129.34;342.03;2010.02;2124.01;495.32;864.67;1249.34;178.68;178.68;131.01;2066.33;0.00;2509.34;276.33;0.00;160.00;900.00;1244.00;0.00;0.00;112.33;0.00
1772830773.9489267;0.00;0.00;0.00;0.00;0.00;582.00;0.00;0.00;0.00;0.00;0.00;582.00;582.00;582.00;0.00;0.00;582.00;0.00;0.00;0.00;194.00;0.00;0.00;291.01;209.34;129.34;342.03;2170.02;2301.01;575.32;864.67;1249.34;178.68;178.68;131.01;2066.33;0.00;2509.34;426.33;0.00;320.00;900.00;1581.00;0.00;0.00;112.33;0.00
1772830773.9505954;0.00;0.00;0.00;0.00;0.00;582.00;0.00;0.00;0.00;0.00;0.00;582.00;582.00;582.00;0.00;0.00;582.00;0.00;0.00;0.00;194.00;0.00;0.00;291.01;209.34;129.34;342.03;2170.02;2301.01;575.32;864.67;1249.34;178.68;178.68;131.01;2066.33;0.00;2509.34;426.33;0.00;320.00;900.00;1581.00;0.00;0.00;112.33;0.00
1772830773.9894729;0.00;0.00;0.00;0.00;0.00;582.00;0.00;0.00;0.00;0.00;0.00;582.00;582.00;582.00;0.00;0.00;582.00;0.00;0.00;0.00;291.00;0.00;0.00;291.01;209.34;129.34;662.03;2314.69;2398.01;575.32;864.67;1249.34;178.68;178.68;131.01;2066.33;0.00;2509.34;426.33;320.00;694.67;900.00;1693.33;0.00;0.00;112.33;0.00
1772830773.9911757;0.00;0.00;0.00;0.00;0.00;582.00;0.00;0.00;0.00;0.00;0.00;582.00;582.00;582.00;0.00;0.00;582.00;0.00;0.00;0.00;291.00;0.00;0.00;291.01;209.34;129.34;662.03;2314.69;2398.01;575.32;864.67;1249.34;178.68;178.68;131.01;2066.33;0.00;2509.34;426.33;320.00;694.67;900.00;1693.33;0.00;0.00;112.33;0.00
1772830774.029412;0.00;0.00;0.00;0.00;0.00;582.00;0.00;0.00;0.00;0.00;0.00;582.00;582.00;582.00;0.00;0.00;582.00;0.00;0.00;0.00;388.00;0.00;0.00;291.01;209.34;129.34;662.03;2314.69;2398.01;672.32;961.67;1409.34;178.68;178.68;131.01;2066.33;160.00;2996.34;426.33;320.00;694.67;900.00;1693.33;0.00;0.00;112.33;0.00
1772830774.031123;0.00;0.00;0.00;0.00;0.00;582.00;0.00;0.00;0.00;0.00;0.00;582.00;582.00;582.00;0.00;0.00;582.00;0.00;0.00;0.00;388.00;0.00;0.00;291.01;209.34;129.34;662.03;2314.69;2398.01;672.32;961.67;1409.34;178.68;178.68;131.01;2066.33;160.00;2996.34;426.33;320.00;694.67;900.00;1693.33;0.00;0.00;112.33;0.00
1772830774.0687985;0.00;0.00;0.00;0.00;0.00;582.00;0.00;0.00;0.00;0.00;0.00;582.00;582.00;582.00;0.00;0.00;582.00;0.00;0.00;0.00;485.00;0.00;0.00;291.01;209.34;129.34;662.03;2314.69;2398.01;769.32;1026.34;1474.01;178.68;178.68;131.01;2066.33;224.67;2996.34;576.33;320.00;694.67;900.00;1693.33;0.00;0.00;112.33;0.00
1772830774.0705333;0.00;0.00;0.00;0.00;0.00;582.00;0.00;0.00;0.00;0.00;0.00;582.00;582.00;582.00;0.00;0.00;582.00;0.00;0.00;0.00;485.00;0.00;0.00;291.01;209.34;129.34;662.03;2314.69;2398.01;769.32;1026.34;1474.01;178.68;178.68;131.01;2066.33;224.67;2996.34;576.33;320.00;694.67;900.00;1693.33;0.00;0.00;112.33;0.00
1772830774.1082304;0.00;0.00;0.00;0.00;0.00;582.00;0.00;0.00;0.00;0.00;0.00;582.00;582.00;582.00;0.00;0.00;582.00;0.00;0.00;0.00;582.00;0.00;0.00;291.01;209.34;129.34;662.03;2314.69;2398.01;866.32;1091.01;1538.68;338.68;338.68;131.01;2066.33;449.34;2996.34;726.33;320.00;694.67;900.00;1693.33;0.00;0.00;272.33;0.00
1772830774.1100075;0.00;0.00;0.00;0.00;0.00;582.00;0.00;0.00;0.00;0.00;0.00;582.00;582.00;582.00;0.00;0.00;582.00;0.00;0.00;0.00;582.00;0.00;0.00;291.01;209.34;129.34;662.03;2314.69;2398.01;866.32;1091.01;1538.68;338.68;338.68;131.01;2066.33;449.34;2996.34;726.33;320.00;694.67;900.00;1693.33;0.00;0.00;272.33;0.00
1772830786.9466097;0.00;0.00;0.00;97.00;0.00;0.00;0.00;0.00;0.00;0.00;0.00;582.00;582.00;582.00;0.00;0.00;582.00;0.00;0.00;0.00;582.00;0.00;0.00;291.01;209.34;129.34;662.03;2314.69;2398.01;866.32;1091.01;1394.01;403.35;498.68;291.01;2066.33;150.00;0.00;726.33;320.00;694.67;900.00;1693.33;0.00;224.67;272.33;160.00
1772830786.948382;0.00;0.00;0.00;97.00;0.00;0.00;0.00;0.00;0.00;0.00;0.00;582.00;582.00;582.00;0.00;0.00;582.00;0.00;0.00;0.00;582.00;0.00;0.00;291.01;209.34;129.34;662.03;2314.69;2398.01;866.32;1091.01;1394.01;403.35;498.68;291.01;2066.33;150.00;0.00;726.33;320.00;694.67;900.00;1693.33;0.00;224.67;272.33;160.00
1772830786.9822588;0.00;0.00;0.00;194.00;0.00;0.00;0.00;0.00;0.00;0.00;0.00;582.00;582.00;582.00;0.00;0.00;582.00;0.00;0.00;0.00;582.00;0.00;0.00;291.01;209.34;129.34;662.03;2314.69;2398.01;866.32;1091.01;1394.01;403.35;498.68;291.01;2066.33;450.00;0.00;726.33;320.00;694.67;900.00;1693.33;0.00;224.67;272.33;160.00
1772830786.9831862;0.00;0.00;0.00;194.00;0.00;0.00;0.00;0.00;0.00;0.00;0.00;582.00;582.00;582.00;0.00;0.00;582.00;0.00;0.00;0.00;582.00;0.00;0.00;291.01;209.34;129.34;662.03;2314.69;2398.01;866.32;1091.01;1394.01;403.35;498.68;291.01;2066.33;450.00;0.00;726.33;320.00;694.67;900.00;1693.33;0.00;224.67;272.33;160.00
1772830787.0715773;0.00;0.00;0.00;291.00;0.00;0.00;0.00;0.00;0.00;0.00;0.00;582.00;582.00;582.00;0.00;0.00;582.00;0.00;0.00;0.00;582.00;0.00;0.00;291.01;209.34;129.34;662.03;2314.69;2398.01;866.32;1091.01;1394.01;403.35;498.68;291.01;2066.33;750.00;0.00;726.33;320.00;694.67;900.00;1693.33;0.00;224.67;272.33;160.00
1772830787.072555;0.00;0.00;0.00;291.00;0.00;0.00;0.00;0.00;0.00;0.00;0.00;582.00;582.00;582.00;0.00;0.00;582.00;0.00;0.00;0.00;582.00;0.00;0.00;291.01;209.34;129.34;662.03;2314.69;2398.01;866.32;1091.01;1394.01;403.35;498.68;291.01;2066.33;750.00;0.00;726.33;320.00;694.67;900.00;1693.33;0.00;224.67;272.33;160.00
1772830787.095335;0.00;0.00;0.00;388.00;0.00;0.00;0.00;0.00;0.00;0.00;0.00;582.00;582.00;582.00;0.00;0.00;582.00;0.00;0.00;0.00;582.00;0.00;0.00;291.01;209.34;129.34;662.03;2314.69;2398.01;866.32;1091.01;1634.01;403.35;498.68;291.01;2066.33;750.00;300.00;726.33;320.00;694.67;900.00;1693.33;0.00;224.67;272.33;160.00
1772830787.0962706;0.00;0.00;0.00;388.00;0.00;0.00;0.00;0.00;0.00;0.00;0.00;582.00;582.00;582.00;0.00;0.00;582.00;0.00;0.00;0.00;582.00;0.00;0.00;291.01;209.34;129.34;662.03;2314.69;2398.01;866.32;1091.01;1634.01;403.35;498.68;291.01;2066.33;750.00;300.00;726.33;320.00;694.67;900.00;1693.33;0.00;224.67;272.33;160.00
1772830787.119322;0.00;0.00;0.00;485.00;0.00;0.00;0.00;0.00;0.00;0.00;0.00;582.00;582.00;582.00;0.00;0.00;582.00;0.00;0.00;0.00;582.00;0.00;0.00;291.01;209.34;129.34;662.03;2314.69;2398.01;866.32;1091.01;1731.01;403.35;498.68;291.01;2066.33;750.00;600.00;726.33;320.00;694.67;900.00;1693.33;0.00;224.67;272.33;160.00
1772830787.120237;0.00;0.00;0.00;485.00;0.00;0.00;0.00;0.00;0.00;0.00;0.00;582.00;582.00;582.00;0.00;0.00;582.00;0.00;0.00;0.00;582.00;0.00;0.00;291.01;209.34;129.34;662.03;2314.69;2398.01;866.32;1091.01;1731.01;403.35;498.68;291.01;2066.33;750.00;600.00;726.33;320.00;694.67;900.00;1693.33;0.00;224.67;272.33;160.00
1772830787.1431775;0.00;0.00;0.00;582.00;0.00;0.00;0.00;0.00;0.00;0.00;0.00;582.00;582.00;582.00;0.00;0.00;582.00;0.00;0.00;0.00;582.00;0.00;0.00;291.01;209.34;129.34;662.03;2314.69;2398.01;866.32;1091.01;1828.01;403.35;498.68;291.01;2066.33;750.00;900.00;726.33;320.00;694.67;900.00;1693.33;0.00;224.67;272.33;160.00
1772830787.1440911;0.00;0.00;0.00;582.00;0.00;0.00;0.00;0.00;0.00;0.00;0.00;582.00;582.00;582.00;0.00;0.00;582.00;0.00;0.00;0.00;582.00;0.00;0.00;291.01;209.34;129.34;662.03;2314.69;2398.01;866.32;1091.01;1828.01;403.35;498.68;291.01;2066.33;750.00;900.00;726.33;320.00;694.67;900.00;1693.33;0.00;224.67;272.33;160.00
1772830811.973974;0.00;0.00;0.00;582.00;0.00;97.00;0.00;0.00;0.00;0.00;0.00;582.00;582.00;582.00;0.00;0.00;582.00;0.00;0.00;0.00;582.00;0.00;0.00;291.01;209.34;129.34;662.03;2314.69;2398.01;866.32;1091.01;1828.01;403.35;498.68;291.01;2066.33;750.00;1200.00;726.33;320.00;694.67;900.00;1693.33;0.00;224.67;272.33;160.00
1772830811.9750502;0.00;0.00;0.00;582.00;0.00;97.00;0.00;0.00;0.00;0.00;0.00;582.00;582.00;582.00;0.00;0.00;582.00;0.00;0.00;0.00;582.00;0.00;0.00;291.01;209.34;129.34;662.03;2314.69;2398.01;866.32;1091.01;1828.01;403.35;498.68;291.01;2066.33;750.00;1200.00;726.33;320.00;694.67;900.00;1693.33;0.00;224.67;272.33;160.00
1772830811.998407;0.00;0.00;0.00;582.00;0.00;194.00;0.00;0.00;0.00;0.00;0.00;582.00;582.00;582.00;0.00;0.00;582.00;0.00;0.00;0.00;582.00;0.00;0.00;291.01;209.34;129.34;662.03;2314.69;2398.01;866.32;1171.01;1828.01;403.35;498.68;291.01;2066.33;750.00;1350.00;876.33;320.00;694.67;900.00;1693.33;0.00;224.67;272.33;160.00
1772830811.9994204;0.00;0.00;0.00;582.00;0.00;194.00;0.00;0.00;0.00;0.00;0.00;582.00;582.00;582.00;0.00;0.00;582.00;0.00;0.00;0.00;582.00;0.00;0.00;291.01;209.34;129.34;662.03;2314.69;2398.01;866.32;1171.01;1828.01;403.35;498.68;291.01;2066.33;750.00;1350.00;876.33;320.00;694.67;900.00;1693.33;0.00;224.67;272.33;160.00
1772830812.022174;0.00;0.00;0.00;582.00;0.00;291.00;0.00;0.00;0.00;0.00;0.00;582.00;582.00;582.00;0.00;0.00;582.00;0.00;0.00;0.00;582.00;0.00;0.00;371.01;289.34;209.34;742.03;2464.69;2398.01;866.32;1235.68;1860.34;435.68;578.68;371.01;2066.33;750.00;1350.00;1026.33;320.00;694.67;900.00;1843.33;0.00;337.00;272.33;320.00
1772830812.023165;0.00;0.00;0.00;582.00;0.00;291.00;0.00;0.00;0.00;0.00;0.00;582.00;582.00;582.00;0.00;0.00;582.00;0.00;0.00;0.00;582.00;0.00;0.00;371.01;289.34;209.34;742.03;2464.69;2398.01;866.32;1235.68;1860.34;435.68;578.68;371.01;2066.33;750.00;1350.00;1026.33;320.00;694.67;900.00;1843.33;0.00;337.00;272.33;320.00
1772830812.0455673;0.00;0.00;0.00;582.00;0.00;388.00;0.00;0.00;0.00;0.00;0.00;582.00;582.00;582.00;0.00;0.00;582.00;0.00;0.00;0.00;582.00;0.00;0.00;451.01;369.34;449.34;902.03;2624.69;2558.01;1026.32;1300.35;1892.67;468.01;611.01;451.01;2066.33;750.00;1350.00;1026.33;470.00;694.67;1060.00;1843.33;160.00;337.00;384.66;320.00
1772830812.046551;0.00;0.00;0.00;582.00;0.00;388.00;0.00;0.00;0.00;0.00;0.00;582.00;582.00;582.00;0.00;0.00;582.00;0.00;0.00;0.00;582.00;0.00;0.00;451.01;369.34;449.34;902.03;2624.69;2558.01;1026.32;1300.35;1892.67;468.01;611.01;451.01;2066.33;750.00;1350.00;1026.33;470.00;694.67;1060.00;1843.33;160.00;337.00;384.66;320.00
1772830812.0662062;0.00;0.00;0.00;582.00;0.00;388.00;0.00;0.00;0.00;0.00;0.00;582.00;582.00;582.00;0.00;0.00;582.00;0.00;0.00;0.00;582.00;0.00;0.00;451.01;369.34;449.34;902.03;2624.69;2558.01;1026.32;1300.35;1892.67;468.01;611.01;451.01;2066.33;750.00;1350.00;1026.33;470.00;694.67;1060.00;1843.33;160.00;337.00;384.66;320.00
1772830812.0672054;0.00;0.00;0.00;582.00;0.00;388.00;0.00;0.00;0.00;0.00;0.00;582.00;582.00;582.00;0.00;0.00;582.00;0.00;0.00;0.00;582.00;0.00;0.00;451.01;369.34;449.34;902.03;2624.69;2558.01;1026.32;1300.35;1892.67;468.01;611.01;451.01;2066.33;750.00;1350.00;1026.33;470.00;694.67;1060.00;1843.33;160.00;337.00;384.66;320.00
1772830812.0870981;0.00;0.00;0.00;582.00;0.00;388.00;0.00;0.00;0.00;0.00;0.00;582.00;582.00;582.00;0.00;0.00;582.00;0.00;0.00;0.00;582.00;0.00;0.00;451.01;369.34;449.34;902.03;2624.69;2558.01;1026.32;1300.35;1892.67;468.01;611.01;451.01;2066.33;750.00;1350.00;1026.33;470.00;694.67;1060.00;1843.33;160.00;337.00;384.66;320.00
1772830812.0880911;0.00;0.00;0.00;582.00;0.00;388.00;0.00;0.00;0.00;0.00;0.00;582.00;582.00;582.00;0.00;0.00;582.00;0.00;0.00;0.00;582.00;0.00;0.00;451.01;369.34;449.34;902.03;2624.69;2558.01;1026.32;1300.35;1892.67;468.01;611.01;451.01;2066.33;750.00;1350.00;1026.33;470.00;694.67;1060.00;1843.33;160.00;337.00;384.66;320.00
1772830839.0219245;0.00;0.00;0.00;582.00;0.00;388.00;0.00;0.00;0.00;0.00;0.00;0.00;582.00;582.00;0.00;0.00;582.00;0.00;97.00;0.00;582.00;0.00;0.00;628.01;529.34;609.34;160.00;150.00;299.33;767.64;1140.35;1732.67;548.01;788.01;628.01;0.00;750.00;1350.00;0.00;320.00;694.67;1397.00;1393.33;160.00;337.00;384.66;320.00
1772830839.0237734;0.00;0.00;0.00;582.00;0.00;388.00;0.00;0.00;0.00;0.00;0.00;0.00;582.00;582.00;0.00;0.00;582.00;0.00;97.00;0.00;582.00;0.00;0.00;628.01;529.34;609.34;160.00;150.00;299.33;767.64;1140.35;1732.67;548.01;788.01;628.01;0.00;750.00;1350.00;0.00;320.00;694.67;1397.00;1393.33;160.00;337.00;384.66;320.00
1772830839.0613487;0.00;0.00;0.00;582.00;0.00;388.00;0.00;0.00;0.00;0.00;0.00;0.00;582.00;582.00;0.00;0.00;582.00;0.00;194.00;0.00;582.00;0.00;0.00;725.01;769.34;849.34;320.00;310.00;459.33;927.64;1140.35;1732.67;548.01;885.01;725.01;0.00;750.00;1350.00;150.00;470.00;694.67;1734.00;1393.33;160.00;337.00;384.66;320.00
1772830839.0631278;0.00;0.00;0.00;582.00;0.00;388.00;0.00;0.00;0.00;0.00;0.00;0.00;582.00;582.00;0.00;0.00;582.00;0.00;194.00;0.00;582.00;0.00;0.00;725.01;769.34;849.34;320.00;310.00;459.33;927.64;1140.35;1732.67;548.01;885.01;725.01;0.00;750.00;1350.00;150.00;470.00;694.67;1734.00;1393.33;160.00;337.00;384.66;320.00
1772830839.1011164;0.00;0.00;0.00;582.00;0.00;388.00;0.00;0.00;0.00;0.00;0.00;0.00;582.00;582.00;0.00;0.00;582.00;0.00;291.00;0.00;582.00;0.00;0.00;757.34;849.34;929.34;400.00;390.00;539.33;927.64;1300.35;1892.67;612.68;917.34;757.34;150.00;750.00;1350.00;300.00;470.00;694.67;1846.33;1393.33;320.00;337.00;384.66;320.00
1772830839.1029832;0.00;0.00;0.00;582.00;0.00;388.00;0.00;0.00;0.00;0.00;0.00;0.00;582.00;582.00;0.00;0.00;582.00;0.00;291.00;0.00;582.00;0.00;0.00;757.34;849.34;929.34;400.00;390.00;539.33;927.64;1300.35;1892.67;612.68;917.34;757.34;150.00;750.00;1350.00;300.00;470.00;694.67;1846.33;1393.33;320.00;337.00;384.66;320.00
1772830839.1363204;0.00;0.00;0.00;582.00;0.00;388.00;0.00;0.00;0.00;0.00;0.00;0.00;582.00;582.00;0.00;0.00;582.00;0.00;291.00;0.00;582.00;0.00;0.00;757.34;849.34;929.34;400.00;390.00;539.33;927.64;1300.35;1892.67;612.68;917.34;757.34;150.00;750.00;1350.00;300.00;470.00;694.67;1846.33;1393.33;320.00;337.00;384.66;320.00
1772830839.1382182;0.00;0.00;0.00;582.00;0.00;388.00;0.00;0.00;0.00;0.00;0.00;0.00;582.00;582.00;0.00;0.00;582.00;0.00;291.00;0.00;582.00;0.00;0.00;757.34;849.34;929.34;400.00;390.00;539.33;927.64;1300.35;1892.67;612.68;917.34;757.34;150.00;750.00;1350.00;300.00;470.00;694.67;1846.33;1393.33;320.00;337.00;384.66;320.00
1772830839.174928;0.00;0.00;0.00;582.00;0.00;388.00;0.00;0.00;0.00;0.00;0.00;0.00;582.00;582.00;0.00;0.00;582.00;0.00;291.00;0.00;582.00;0.00;0.00;757.34;849.34;929.34;400.00;390.00;539.33;927.64;1300.35;1892.67;612.68;917.34;757.34;150.00;750.00;1350.00;300.00;470.00;694.67;1846.33;1393.33;320.00;337.00;384.66;320.00
1772830839.177115;0.00;0.00;0.00;582.00;0.00;388.00;0.00;0.00;0.00;0.00;0.00;0.00;582.00;582.00;0.00;0.00;582.00;0.00;291.00;0.00;582.00;0.00;0.00;757.34;849.34;929.34;400.00;390.00;539.33;927.64;1300.35;1892.67;612.68;917.34;757.34;150.00;750.00;1350.00;300.00;470.00;694.67;1846.33;1393.33;320.00;337.00;384.66;320.00
1772830839.2112374;0.00;0.00;0.00;582.00;0.00;388.00;0.00;0.00;0.00;0.00;0.00;0.00;582.00;582.00;0.00;0.00;582.00;0.00;291.00;0.00;582.00;0.00;0.00;757.34;849.34;929.34;400.00;390.00;539.33;927.64;1300.35;1892.67;612.68;917.34;757.34;150.00;750.00;1350.00;300.00;470.00;694.67;1846.33;1393.33;320.00;337.00;384.66;320.00
1772830839.2132297;0.00;0.00;0.00;582.00;0.00;388.00;0.00;0.00;0.00;0.00;0.00;0.00;582.00;582.00;0.00;0.00;582.00;0.00;291.00;0.00;582.00;0.00;0.00;757.34;849.34;929.34;400.00;390.00;539.33;927.64;1300.35;1892.67;612.68;917.34;757.34;150.00;750.00;1350.00;300.00;470.00;694.67;1846.33;1393.33;320.00;337.00;384.66;320.00
1772830862.0477831;0.00;0.00;0.00;582.00;0.00;388.00;0.00;0.00;0.00;0.00;0.00;0.00;0.00;0.00;97.00;0.00;582.00;0.00;291.00;0.00;582.00;0.00;0.00;466.33;720.00;800.00;270.66;0.00;240.00;0.00;275.68;788.00;274.00;578.66;466.33;240.00;0.00;180.66;0.00;470.00;694.67;0.00;1393.33;320.00;337.00;272.33;320.00
1772830862.0494165;0.00;0.00;0.00;582.00;0.00;388.00;0.00;0.00;0.00;0.00;0.00;0.00;0.00;0.00;97.00;0.00;582.00;0.00;291.00;0.00;582.00;0.00;0.00;466.33;720.00;800.00;270.66;0.00;240.00;0.00;275.68;788.00;274.00;578.66;466.33;240.00;0.00;180.66;0.00;470.00;694.67;0.00;1393.33;320.00;337.00;272.33;320.00
1772830862.0903108;0.00;0.00;0.00;582.00;0.00;388.00;0.00;0.00;0.00;0.00;0.00;0.00;0.00;0.00;194.00;0.00;582.00;0.00;291.00;0.00;582.00;0.00;0.00;466.33;720.00;800.00;270.66;0.00;337.00;80.00;275.68;788.00;274.00;578.66;466.33;417.00;0.00;180.66;80.00;470.00;694.67;0.00;1393.33;320.00;337.00;272.33;320.00
1772830862.0918672;0.00;0.00;0.00;582.00;0.00;388.00;0.00;0.00;0.00;0.00;0.00;0.00;0.00;0.00;194.00;0.00;582.00;0.00;291.00;0.00;582.00;0.00;0.00;466.33;720.00;800.00;270.66;0.00;337.00;80.00;275.68;788.00;274.00;578.66;466.33;417.00;0.00;180.66;80.00;470.00;694.67;0.00;1393.33;320.00;337.00;272.33;320.00
1772830862.2544637;0.00;0.00;0.00;582.00;0.00;388.00;0.00;0.00;0.00;0.00;0.00;0.00;0.00;0.00;291.00;0.00;582.00;0.00;291.00;0.00;582.00;0.00;0.00;466.33;720.00;800.00;270.66;0.00;434.00;320.00;355.68;788.00;274.00;578.66;466.33;754.00;0.00;260.66;240.00;470.00;694.67;0.00;1393.33;320.00;337.00;272.33;320.00
1772830862.2561345;0.00;0.00;0.00;582.00;0.00;388.00;0.00;0.00;0.00;0.00;0.00;0.00;0.00;0.00;291.00;0.00;582.00;0.00;291.00;0.00;582.00;0.00;0.00;466.33;720.00;800.00;270.66;0.00;434.00;320.00;355.68;788.00;274.00;578.66;466.33;754.00;0.00;260.66;240.00;470.00;694.67;0.00;1393.33;320.00;337.00;272.33;320.00
1772830862.296699;0.00;0.00;0.00;582.00;0.00;388.00;0.00;0.00;0.00;0.00;0.00;0.00;0.00;0.00;388.00;0.00;582.00;0.00;291.00;0.00;582.00;0.00;0.00;466.33;720.00;800.00;270.66;0.00;531.00;464.67;435.68;868.00;274.00;578.66;466.33;866.33;80.00;260.66;464.67;470.00;694.67;0.00;1393.33;320.00;337.00;272.33;320.00
1772830862.298294;0.00;0.00;0.00;582.00;0.00;388.00;0.00;0.00;0.00;0.00;0.00;0.00;0.00;0.00;388.00;0.00;582.00;0.00;291.00;0.00;582.00;0.00;0.00;466.33;720.00;800.00;270.66;0.00;531.00;464.67;435.68;868.00;274.00;578.66;466.33;866.33;80.00;260.66;464.67;470.00;694.67;0.00;1393.33;320.00;337.00;272.33;320.00
1772830862.337829;0.00;0.00;0.00;582.00;0.00;388.00;0.00;0.00;0.00;0.00;0.00;0.00;0.00;0.00;485.00;0.00;582.00;0.00;291.00;0.00;582.00;0.00;0.00;466.33;720.00;800.00;270.66;0.00;628.00;561.67;595.68;868.00;274.00;578.66;466.33;866.33;80.00;420.66;951.67;470.00;694.67;0.00;1393.33;320.00;337.00;272.33;320.00
1772830862.3394167;0.00;0.00;0.00;582.00;0.00;388.00;0.00;0.00;0.00;0.00;0.00;0.00;0.00;0.00;485.00;0.00;582.00;0.00;291.00;0.00;582.00;0.00;0.00;466.33;720.00;800.00;270.66;0.00;628.00;561.67;595.68;868.00;274.00;578.66;466.33;866.33;80.00;420.66;951.67;470.00;694.67;0.00;1393.33;320.00;337.00;272.33;320.00
1772830862.379144;0.00;0.00;0.00;582.00;0.00;388.00;0.00;0.00;0.00;0.00;0.00;0.00;0.00;0.00;582.00;0.00;582.00;0.00;291.00;0.00;582.00;0.00;0.00;466.33;720.00;800.00;495.33;224.67;820.33;754.00;835.68;948.00;274.00;578.66;466.33;866.33;230.00;740.66;1064.00;694.67;694.67;0.00;1393.33;320.00;337.00;272.33;320.00
1772830862.3807805;0.00;0.00;0.00;582.00;0.00;388.00;0.00;0.00;0.00;0.00;0.00;0.00;0.00;0.00;582.00;0.00;582.00;0.00;291.00;0.00;582.00;0.00;0.00;466.33;720.00;800.00;495.33;224.67;820.33;754.00;835.68;948.00;274.00;578.66;466.33;866.33;230.00;740.66;1064.00;694.67;694.67;0.00;1393.33;320.00;337.00;272.33;320.00
1772830886.0842957;0.00;0.00;0.00;582.00;0.00;388.00;0.00;0.00;0.00;0.00;0.00;0.00;0.00;0.00;582.00;0.00;0.00;0.00;291.00;0.00;582.00;97.00;0.00;531.00;704.67;704.67;430.66;160.00;160.00;881.67;915.68;1028.00;354.00;658.66;531.00;150.00;230.00;740.66;1101.67;769.34;694.67;0.00;0.00;320.00;337.00;384.66;320.00
1772830886.0859084;0.00;0.00;0.00;582.00;0.00;388.00;0.00;0.00;0.00;0.00;0.00;0.00;0.00;0.00;582.00;0.00;0.00;0.00;291.00;0.00;582.00;97.00;0.00;531.00;704.67;704.67;430.66;160.00;160.00;881.67;915.68;1028.00;354.00;658.66;531.00;150.00;230.00;740.66;1101.67;769.34;694.67;0.00;0.00;320.00;337.00;384.66;320.00
1772830886.125402;0.00;0.00;0.00;582.00;0.00;388.00;0.00;0.00;0.00;0.00;0.00;0.00;0.00;0.00;582.00;0.00;0.00;0.00;291.00;0.00;582.00;194.00;0.00;531.00;704.67;704.67;430.66;160.00;160.00;961.67;995.68;1220.33;451.00;755.66;531.00;300.00;380.00;852.99;1101.67;769.34;694.67;0.00;0.00;320.00;337.00;384.66;320.00
1772830886.1269715;0.00;0.00;0.00;582.00;0.00;388.00;0.00;0.00;0.00;0.00;0.00;0.00;0.00;0.00;582.00;0.00;0.00;0.00;291.00;0.00;582.00;194.00;0.00;531.00;704.67;704.67;430.66;160.00;160.00;961.67;995.68;1220.33;451.00;755.66;531.00;300.00;380.00;852.99;1101.67;769.34;694.67;0.00;0.00;320.00;337.00;384.66;320.00
1772830886.166339;0.00;0.00;0.00;582.00;0.00;388.00;0.00;0.00;0.00;0.00;0.00;0.00;0.00;0.00;582.00;0.00;0.00;0.00;291.00;0.00;582.00;291.00;0.00;531.00;704.67;704.67;430.66;160.00;160.00;1041.67;1075.68;1300.33;548.00;852.66;531.00;450.00;530.00;852.99;1101.67;769.34;694.67;0.00;0.00;320.00;337.00;384.66;320.00
1772830886.167883;0.00;0.00;0.00;582.00;0.00;388.00;0.00;0.00;0.00;0.00;0.00;0.00;0.00;0.00;582.00;0.00;0.00;0.00;291.00;0.00;582.00;291.00;0.00;531.00;704.67;704.67;430.66;160.00;160.00;1041.67;1075.68;1300.33;548.00;852.66;531.00;450.00;530.00;852.99;1101.67;769.34;694.67;0.00;0.00;320.00;337.00;384.66;320.00
1772830886.2070286;0.00;0.00;0.00;582.00;0.00;388.00;0.00;0.00;0.00;0.00;0.00;0.00;0.00;0.00;582.00;0.00;0.00;0.00;291.00;0.00;582.00;388.00;0.00;531.00;704.67;704.67;430.66;160.00;160.00;1121.67;1315.68;1540.33;645.00;949.66;531.00;600.00;530.00;852.99;1251.67;769.34;694.67;0.00;0.00;320.00;337.00;384.66;320.00
1772830886.208637;0.00;0.00;0.00;582.00;0.00;388.00;0.00;0.00;0.00;0.00;0.00;0.00;0.00;0.00;582.00;0.00;0.00;0.00;291.00;0.00;582.00;388.00;0.00;531.00;704.67;704.67;430.66;160.00;160.00;1121.67;1315.68;1540.33;645.00;949.66;531.00;600.00;530.00;852.99;1251.67;769.34;694.67;0.00;0.00;320.00;337.00;384.66;320.00
1772830886.2472188;0.00;0.00;0.00;582.00;0.00;388.00;0.00;0.00;0.00;0.00;0.00;0.00;0.00;0.00;582.00;0.00;0.00;0.00;291.00;0.00;582.00;485.00;0.00;531.00;704.67;704.67;430.66;160.00;160.00;1266.34;1460.35;1685.00;742.00;1046.66;531.00;900.00;530.00;852.99;1251.67;769.34;694.67;0.00;0.00;320.00;337.00;384.66;320.00
1772830886.2488606;0.00;0.00;0.00;582.00;0.00;388.00;0.00;0.00;0.00;0.00;0.00;0.00;0.00;0.00;582.00;0.00;0.00;0.00;291.00;0.00;582.00;485.00;0.00;531.00;704.67;704.67;430.66;160.00;160.00;1266.34;1460.35;1685.00;742.00;1046.66;531.00;900.00;530.00;852.99;1251.67;769.34;694.67;0.00;0.00;320.00;337.00;384.66;320.00
1772830886.2876894;0.00;0.00;0.00;582.00;0.00;388.00;0.00;0.00;0.00;0.00;0.00;0.00;0.00;0.00;582.00;0.00;0.00;0.00;291.00;0.00;582.00;582.00;0.00;531.00;704.67;704.67;430.66;160.00;160.00;1411.01;1605.02;1829.67;839.00;1143.66;531.00;1200.00;530.00;852.99;1251.67;769.34;694.67;0.00;0.00;320.00;337.00;384.66;320.00
1772830886.2893565;0.00;0.00;0.00;582.00;0.00;388.00;0.00;0.00;0.00;0.00;0.00;0.00;0.00;0.00;582.00;0.00;0.00;0.00;291.00;0.00;582.00;582.00;0.00;531.00;704.67;704.67;430.66;160.00;160.00;1411.01;1605.02;1829.67;839.00;1143.66;531.00;1200.00;530.00;852.99;1251.67;769.34;694.67;0.00;0.00;320.00;337.00;384.66;320.00
1772830908.1262267;0.00;0.00;0.00;97.00;0.00;388.00;0.00;0.00;0.00;0.00;0.00;0.00;0.00;0.00;582.00;0.00;0.00;0.00;291.00;0.00;582.00;582.00;0.00;531.00;704.67;704.67;430.66;160.00;160.00;1411.01;1605.02;1395.67;839.00;1143.66;531.00;1200.00;150.00;0.00;1251.67;769.34;694.67;0.00;0.00;320.00;337.00;384.66;320.00
1772830908.1278555;0.00;0.00;0.00;97.00;0.00;388.00;0.00;0.00;0.00;0.00;0.00;0.00;0.00;0.00;582.00;0.00;0.00;0.00;291.00;0.00;582.00;582.00;0.00;531.00;704.67;704.67;430.66;160.00;160.00;1411.01;1605.02;1395.67;839.00;1143.66;531.00;1200.00;150.00;0.00;1251.67;769.34;694.67;0.00;0.00;320.00;337.00;384.66;320.00
1772830908.1673949;0.00;0.00;0.00;194.00;0.00;388.00;0.00;0.00;0.00;0.00;0.00;0.00;0.00;0.00;582.00;0.00;0.00;0.00;291.00;0.00;582.00;582.00;0.00;531.00;704.67;704.67;430.66;160.00;160.00;1411.01;1605.02;1475.67;839.00;1143.66;531.00;1200.00;300.00;150.00;1251.67;769.34;694.67;0.00;0.00;320.00;337.00;384.66;320.00
1772830908.1691663;0.00;0.00;0.00;194.00;0.00;388.00;0.00;0.00;0.00;0.00;0.00;0.00;0.00;0.00;582.00;0.00;0.00;0.00;291.00;0.00;582.00;582.00;0.00;531.00;704.67;704.67;430.66;160.00;160.00;1411.01;1605.02;1475.67;839.00;1143.66;531.00;1200.00;300.00;150.00;1251.67;769.34;694.67;0.00;0.00;320.00;337.00;384.66;320.00
1772830908.2097797;0.00;0.00;0.00;291.00;0.00;388.00;0.00;0.00;0.00;0.00;0.00;0.00;0.00;0.00;582.00;0.00;0.00;0.00;291.00;0.00;582.00;582.00;0.00;531.00;704.67;704.67;430.66;160.00;160.00;1491.01;1685.02;1555.67;839.00;1143.66;531.00;1350.00;450.00;150.00;1251.67;769.34;694.67;0.00;0.00;320.00;337.00;384.66;320.00
1772830908.2114732;0.00;0.00;0.00;291.00;0.00;388.00;0.00;0.00;0.00;0.00;0.00;0.00;0.00;0.00;582.00;0.00;0.00;0.00;291.00;0.00;582.00;582.00;0.00;531.00;704.67;704.67;430.66;160.00;160.00;1491.01;1685.02;1555.67;839.00;1143.66;531.00;1350.00;450.00;150.00;1251.67;769.34;694.67;0.00;0.00;320.00;337.00;384.66;320.00
1772830908.2513115;0.00;0.00;0.00;388.00;0.00;388.00;0.00;0.00;0.00;0.00;0.00;0.00;0.00;0.00;582.00;0.00;0.00;0.00;291.00;0.00;582.00;582.00;0.00;531.00;704.67;704.67;430.66;160.00;240.00;1571.01;1765.02;1795.67;839.00;1143.66;531.00;1350.00;450.00;300.00;1251.67;769.34;694.67;0.00;150.00;320.00;337.00;384.66;320.00
1772830908.2531333;0.00;0.00;0.00;388.00;0.00;388.00;0.00;0.00;0.00;0.00;0.00;0.00;0.00;0.00;582.00;0.00;0.00;0.00;291.00;0.00;582.00;582.00;0.00;531.00;704.67;704.67;430.66;160.00;240.00;1571.01;1765.02;1795.67;839.00;1143.66;531.00;1350.00;450.00;300.00;1251.67;769.34;694.67;0.00;150.00;320.00;337.00;384.66;320.00
1772830908.2935503;0.00;0.00;0.00;485.00;0.00;388.00;0.00;0.00;0.00;0.00;0.00;0.00;0.00;0.00;582.00;0.00;0.00;0.00;291.00;0.00;582.00;582.00;0.00;531.00;704.67;704.67;430.66;160.00;320.00;1651.01;1957.35;1892.67;839.00;1143.66;531.00;1350.00;450.00;450.00;1364.00;769.34;694.67;0.00;300.00;320.00;337.00;384.66;320.00
1772830908.2953088;0.00;0.00;0.00;485.00;0.00;388.00;0.00;0.00;0.00;0.00;0.00;0.00;0.00;0.00;582.00;0.00;0.00;0.00;291.00;0.00;582.00;582.00;0.00;531.00;704.67;704.67;430.66;160.00;320.00;1651.01;1957.35;1892.67;839.00;1143.66;531.00;1350.00;450.00;450.00;1364.00;769.34;694.67;0.00;300.00;320.00;337.00;384.66;320.00
1772830908.4486208;0.00;0.00;0.00;582.00;0.00;388.00;0.00;0.00;0.00;0.00;0.00;0.00;0.00;0.00;582.00;0.00;0.00;0.00;291.00;0.00;582.00;582.00;0.00;531.00;704.67;704.67;430.66;160.00;400.00;1731.01;2037.35;1989.67;839.00;1143.66;531.00;1350.00;450.00;600.00;1364.00;769.34;694.67;0.00;450.00;320.00;337.00;384.66;320.00
1772830908.4495976;0.00;0.00;0.00;582.00;0.00;388.00;0.00;0.00;0.00;0.00;0.00;0.00;0.00;0.00;582.00;0.00;0.00;0.00;291.00;0.00;582.00;582.00;0.00;531.00;704.67;704.67;430.66;160.00;400.00;1731.01;2037.35;1989.67;839.00;1143.66;531.00;1350.00;450.00;600.00;1364.00;769.34;694.67;0.00;450.00;320.00;337.00;384.66;320.00
1772830928.1624467;0.00;0.00;0.00;582.00;0.00;0.00;0.00;0.00;0.00;0.00;97.00;0.00;0.00;0.00;582.00;0.00;0.00;0.00;291.00;0.00;0.00;582.00;0.00;371.00;384.67;384.67;80.00;0.00;0.00;960.01;1601.67;1635.67;614.34;871.33;211.00;1350.00;0.66;0.00;0.00;636.34;150.00;0.00;0.00;320.00;224.67;112.33;160.00
1772830928.1639264;0.00;0.00;0.00;582.00;0.00;0.00;0.00;0.00;0.00;0.00;97.00;0.00;0.00;0.00;582.00;0.00;0.00;0.00;291.00;0.00;0.00;582.00;0.00;371.00;384.67;384.67;80.00;0.00;0.00;960.01;1601.67;1635.67;614.34;871.33;211.00;1350.00;0.66;0.00;0.00;636.34;150.00;0.00;0.00;320.00;224.67;112.33;160.00
1772830928.2081037;0.00;0.00;0.00;582.00;0.00;0.00;0.00;0.00;0.00;0.00;194.00;0.00;0.00;0.00;582.00;0.00;0.00;0.00;291.00;0.00;0.00;582.00;0.00;371.00;384.67;384.67;320.00;0.00;0.00;960.01;1601.67;1635.67;614.34;871.33;211.00;1350.00;0.66;0.00;0.00;973.34;620.00;0.00;0.00;320.00;224.67;112.33;160.00
1772830928.2095199;0.00;0.00;0.00;582.00;0.00;0.00;0.00;0.00;0.00;0.00;194.00;0.00;0.00;0.00;582.00;0.00;0.00;0.00;291.00;0.00;0.00;582.00;0.00;371.00;384.67;384.67;320.00;0.00;0.00;960.01;1601.67;1635.67;614.34;871.33;211.00;1350.00;0.66;0.00;0.00;973.34;620.00;0.00;0.00;320.00;224.67;112.33;160.00
1772830928.2532742;0.00;0.00;0.00;582.00;0.00;0.00;0.00;0.00;0.00;0.00;291.00;0.00;0.00;0.00;582.00;0.00;0.00;0.00;291.00;0.00;0.00;582.00;0.00;371.00;384.67;384.67;417.00;160.00;0.00;960.01;1601.67;1635.67;614.34;871.33;211.00;1350.00;0.66;0.00;0.00;973.34;1107.00;0.00;160.00;320.00;224.67;112.33;160.00
1772830928.2546835;0.00;0.00;0.00;582.00;0.00;0.00;0.00;0.00;0.00;0.00;291.00;0.00;0.00;0.00;582.00;0.00;0.00;0.00;291.00;0.00;0.00;582.00;0.00;371.00;384.67;384.67;417.00;160.00;0.00;960.01;1601.67;1635.67;614.34;871.33;211.00;1350.00;0.66;0.00;0.00;973.34;1107.00;0.00;160.00;320.00;224.67;112.33;160.00
1772830928.2985103;0.00;0.00;0.00;582.00;0.00;0.00;0.00;0.00;0.00;0.00;388.00;0.00;0.00;0.00;582.00;0.00;0.00;0.00;291.00;0.00;0.00;582.00;0.00;531.00;449.34;449.34;449.33;240.00;80.00;1040.01;1601.67;1635.67;774.34;1031.33;371.00;1350.00;160.66;0.00;150.00;973.34;1219.33;224.67;320.00;320.00;224.67;432.33;160.00
1772830928.3000107;0.00;0.00;0.00;582.00;0.00;0.00;0.00;0.00;0.00;0.00;388.00;0.00;0.00;0.00;582.00;0.00;0.00;0.00;291.00;0.00;0.00;582.00;0.00;531.00;449.34;449.34;449.33;240.00;80.00;1040.01;1601.67;1635.67;774.34;1031.33;371.00;1350.00;160.66;0.00;150.00;973.34;1219.33;224.67;320.00;320.00;224.67;432.33;160.00
1772830928.3437994;0.00;0.00;0.00;582.00;0.00;0.00;0.00;0.00;0.00;0.00;485.00;0.00;0.00;0.00;582.00;0.00;0.00;0.00;291.00;0.00;0.00;582.00;0.00;675.67;546.34;546.34;449.33;240.00;80.00;1040.01;1601.67;1715.67;1014.34;1271.33;515.67;1350.00;320.66;150.00;150.00;973.34;1219.33;337.00;320.00;320.00;224.67;657.00;320.00
1772830928.345309;0.00;0.00;0.00;582.00;0.00;0.00;0.00;0.00;0.00;0.00;485.00;0.00;0.00;0.00;582.00;0.00;0.00;0.00;291.00;0.00;0.00;582.00;0.00;675.67;546.34;546.34;449.33;240.00;80.00;1040.01;1601.67;1715.67;1014.34;1271.33;515.67;1350.00;320.66;150.00;150.00;973.34;1219.33;337.00;320.00;320.00;224.67;657.00;320.00
1772830928.387989;0.00;0.00;0.00;582.00;0.00;0.00;0.00;0.00;0.00;0.00;582.00;0.00;0.00;0.00;582.00;0.00;0.00;0.00;291.00;0.00;0.00;582.00;0.00;675.67;546.34;546.34;546.33;337.00;224.67;1184.68;1746.34;1875.67;1014.34;1271.33;515.67;1350.00;480.66;684.67;150.00;973.34;1219.33;337.00;432.33;320.00;224.67;657.00;320.00
1772830928.389516;0.00;0.00;0.00;582.00;0.00;0.00;0.00;0.00;0.00;0.00;582.00;0.00;0.00;0.00;582.00;0.00;0.00;0.00;291.00;0.00;0.00;582.00;0.00;675.67;546.34;546.34;546.33;337.00;224.67;1184.68;1746.34;1875.67;1014.34;1271.33;515.67;1350.00;480.66;684.67;150.00;973.34;1219.33;337.00;432.33;320.00;224.67;657.00;320.00
1772830951.207272;0.00;0.00;0.00;582.00;0.00;0.00;0.00;0.00;0.00;97.00;582.00;0.00;0.00;0.00;582.00;0.00;0.00;0.00;291.00;0.00;0.00;582.00;0.00;675.67;546.34;546.34;546.33;337.00;224.67;1184.68;1778.67;2035.67;1014.34;1271.33;515.67;1350.00;640.66;947.00;300.00;973.34;1219.33;337.00;432.33;320.00;224.67;657.00;320.00
1772830951.209027;0.00;0.00;0.00;582.00;0.00;0.00;0.00;0.00;0.00;97.00;582.00;0.00;0.00;0.00;582.00;0.00;0.00;0.00;291.00;0.00;0.00;582.00;0.00;675.67;546.34;546.34;546.33;337.00;224.67;1184.68;1778.67;2035.67;1014.34;1271.33;515.67;1350.00;640.66;947.00;300.00;973.34;1219.33;337.00;432.33;320.00;224.67;657.00;320.00
1772830951.2520025;0.00;0.00;0.00;582.00;0.00;0.00;0.00;0.00;0.00;194.00;582.00;0.00;0.00;0.00;582.00;0.00;0.00;0.00;291.00;0.00;0.00;582.00;0.00;675.67;546.34;546.34;546.33;337.00;224.67;1184.68;1938.67;2035.67;1014.34;1271.33;515.67;1350.00;640.66;1097.00;450.00;973.34;1219.33;337.00;432.33;320.00;224.67;657.00;320.00
1772830951.2536528;0.00;0.00;0.00;582.00;0.00;0.00;0.00;0.00;0.00;194.00;582.00;0.00;0.00;0.00;582.00;0.00;0.00;0.00;291.00;0.00;0.00;582.00;0.00;675.67;546.34;546.34;546.33;337.00;224.67;1184.68;1938.67;2035.67;1014.34;1271.33;515.67;1350.00;640.66;1097.00;450.00;973.34;1219.33;337.00;432.33;320.00;224.67;657.00;320.00
1772830951.2961528;0.00;0.00;0.00;582.00;0.00;0.00;0.00;0.00;0.00;291.00;582.00;0.00;0.00;0.00;582.00;0.00;0.00;0.00;291.00;0.00;0.00;582.00;0.00;675.67;546.34;546.34;546.33;417.00;304.67;1264.68;2163.34;2035.67;1014.34;1271.33;515.67;1350.00;640.66;1247.00;450.00;973.34;1369.33;337.00;432.33;320.00;224.67;657.00;320.00
1772830951.2978406;0.00;0.00;0.00;582.00;0.00;0.00;0.00;0.00;0.00;291.00;582.00;0.00;0.00;0.00;582.00;0.00;0.00;0.00;291.00;0.00;0.00;582.00;0.00;675.67;546.34;546.34;546.33;417.00;304.67;1264.68;2163.34;2035.67;1014.34;1271.33;515.67;1350.00;640.66;1247.00;450.00;973.34;1369.33;337.00;432.33;320.00;224.67;657.00;320.00
1772830951.34101;0.00;0.00;0.00;582.00;0.00;0.00;0.00;0.00;0.00;388.00;582.00;0.00;0.00;0.00;582.00;0.00;0.00;0.00;291.00;0.00;0.00;582.00;0.00;675.67;546.34;546.34;546.33;417.00;384.67;1504.68;2500.34;2148.00;1014.34;1271.33;515.67;1500.00;752.99;1247.00;450.00;973.34;1369.33;337.00;582.33;320.00;224.67;657.00;320.00
1772830951.3427625;0.00;0.00;0.00;582.00;0.00;0.00;0.00;0.00;0.00;388.00;582.00;0.00;0.00;0.00;582.00;0.00;0.00;0.00;291.00;0.00;0.00;582.00;0.00;675.67;546.34;546.34;546.33;417.00;384.67;1504.68;2500.34;2148.00;1014.34;1271.33;515.67;1500.00;752.99;1247.00;450.00;973.34;1369.33;337.00;582.33;320.00;224.67;657.00;320.00
1772830951.385896;0.00;0.00;0.00;582.00;0.00;0.00;0.00;0.00;0.00;485.00;582.00;0.00;0.00;0.00;582.00;0.00;0.00;0.00;291.00;0.00;0.00;582.00;0.00;675.67;546.34;546.34;626.33;497.00;464.67;1744.68;2837.34;2148.00;1014.34;1271.33;515.67;1650.00;752.99;1247.00;450.00;1123.34;1369.33;337.00;582.33;320.00;224.67;657.00;320.00
1772830951.387743;0.00;0.00;0.00;582.00;0.00;0.00;0.00;0.00;0.00;485.00;582.00;0.00;0.00;0.00;582.00;0.00;0.00;0.00;291.00;0.00;0.00;582.00;0.00;675.67;546.34;546.34;626.33;497.00;464.67;1744.68;2837.34;2148.00;1014.34;1271.33;515.67;1650.00;752.99;1247.00;450.00;1123.34;1369.33;337.00;582.33;320.00;224.67;657.00;320.00
1772830951.4309607;0.00;0.00;0.00;582.00;0.00;0.00;0.00;0.00;0.00;582.00;582.00;0.00;0.00;0.00;582.00;0.00;0.00;0.00;291.00;0.00;0.00;582.00;0.00;675.67;626.34;626.34;706.33;577.00;544.67;1841.68;2837.34;2148.00;1014.34;1271.33;515.67;1800.00;752.99;1247.00;450.00;1123.34;1369.33;487.00;582.33;320.00;224.67;657.00;320.00
1772830951.4328482;0.00;0.00;0.00;582.00;0.00;0.00;0.00;0.00;0.00;582.00;582.00;0.00;0.00;0.00;582.00;0.00;0.00;0.00;291.00;0.00;0.00;582.00;0.00;675.67;626.34;626.34;706.33;577.00;544.67;1841.68;2837.34;2148.00;1014.34;1271.33;515.67;1800.00;752.99;1247.00;450.00;1123.34;1369.33;487.00;582.33;320.00;224.67;657.00;320.00
1772830967.2966783;0.00;0.00;0.00;582.00;97.00;0.00;0.00;0.00;0.00;582.00;582.00;0.00;0.00;0.00;582.00;0.00;0.00;0.00;291.00;0.00;0.00;582.00;0.00;755.67;626.34;626.34;706.33;737.00;704.67;1906.35;2902.01;2212.67;1046.67;1351.33;595.67;1800.00;752.99;1247.00;450.00;1123.34;1519.33;637.00;582.33;320.00;337.00;657.00;320.00
1772830967.297725;0.00;0.00;0.00;582.00;97.00;0.00;0.00;0.00;0.00;582.00;582.00;0.00;0.00;0.00;582.00;0.00;0.00;0.00;291.00;0.00;0.00;582.00;0.00;755.67;626.34;626.34;706.33;737.00;704.67;1906.35;2902.01;2212.67;1046.67;1351.33;595.67;1800.00;752.99;1247.00;450.00;1123.34;1519.33;637.00;582.33;320.00;337.00;657.00;320.00
1772830967.3217204;0.00;0.00;0.00;582.00;97.00;0.00;0.00;0.00;0.00;582.00;582.00;0.00;0.00;0.00;582.00;0.00;0.00;0.00;291.00;0.00;0.00;582.00;0.00;755.67;626.34;626.34;706.33;737.00;704.67;1906.35;2902.01;2212.67;1046.67;1351.33;595.67;1800.00;752.99;1247.00;450.00;1123.34;1519.33;637.00;582.33;320.00;337.00;657.00;320.00
1772830967.3226929;0.00;0.00;0.00;582.00;97.00;0.00;0.00;0.00;0.00;582.00;582.00;0.00;0.00;0.00;582.00;0.00;0.00;0.00;291.00;0.00;0.00;582.00;0.00;755.67;626.34;626.34;706.33;737.00;704.67;1906.35;2902.01;2212.67;1046.67;1351.33;595.67;1800.00;752.99;1247.00;450.00;1123.34;1519.33;637.00;582.33;320.00;337.00;657.00;320.00
1772830967.3471193;0.00;0.00;0.00;582.00;97.00;0.00;0.00;0.00;0.00;582.00;582.00;0.00;0.00;0.00;582.00;0.00;0.00;0.00;291.00;0.00;0.00;582.00;0.00;755.67;626.34;626.34;706.33;737.00;704.67;1906.35;2902.01;2212.67;1046.67;1351.33;595.67;1800.00;752.99;1247.00;450.00;1123.34;1519.33;637.00;582.33;320.00;337.00;657.00;320.00
1772830967.3482313;0.00;0.00;0.00;582.00;97.00;0.00;0.00;0.00;0.00;582.00;582.00;0.00;0.00;0.00;582.00;0.00;0.00;0.00;291.00;0.00;0.00;582.00;0.00;755.67;626.34;626.34;706.33;737.00;704.67;1906.35;2902.01;2212.67;1046.67;1351.33;595.67;1800.00;752.99;1247.00;450.00;1123.34;1519.33;637.00;582.33;320.00;337.00;657.00;320.00
1772830967.373359;0.00;0.00;0.00;582.00;97.00;0.00;0.00;0.00;0.00;582.00;582.00;0.00;0.00;0.00;582.00;0.00;0.00;0.00;291.00;0.00;0.00;582.00;0.00;755.67;626.34;626.34;706.33;737.00;704.67;1906.35;2902.01;2212.67;1046.67;1351.33;595.67;1800.00;752.99;1247.00;450.00;1123.34;1519.33;637.00;582.33;320.00;337.00;657.00;320.00
1772830967.3744981;0.00;0.00;0.00;582.00;97.00;0.00;0.00;0.00;0.00;582.00;582.00;0.00;0.00;0.00;582.00;0.00;0.00;0.00;291.00;0.00;0.00;582.00;0.00;755.67;626.34;626.34;706.33;737.00;704.67;1906.35;2902.01;2212.67;1046.67;1351.33;595.67;1800.00;752.99;1247.00;450.00;1123.34;1519.33;637.00;582.33;320.00;337.00;657.00;320.00
1772830967.3993118;0.00;0.00;0.00;582.00;97.00;0.00;0.00;0.00;0.00;582.00;582.00;0.00;0.00;0.00;582.00;0.00;0.00;0.00;291.00;0.00;0.00;582.00;0.00;755.67;626.34;626.34;706.33;737.00;704.67;1906.35;2902.01;2212.67;1046.67;1351.33;595.67;1800.00;752.99;1247.00;450.00;1123.34;1519.33;637.00;582.33;320.00;337.00;657.00;320.00
1772830967.4004188;0.00;0.00;0.00;582.00;97.00;0.00;0.00;0.00;0.00;582.00;582.00;0.00;0.00;0.00;582.00;0.00;0.00;0.00;291.00;0.00;0.00;582.00;0.00;755.67;626.34;626.34;706.33;737.00;704.67;1906.35;2902.01;2212.67;1046.67;1351.33;595.67;1800.00;752.99;1247.00;450.00;1123.34;1519.33;637.00;582.33;320.00;337.00;657.00;320.00
1772830967.4251049;0.00;0.00;0.00;582.00;97.00;0.00;0.00;0.00;0.00;582.00;582.00;0.00;0.00;0.00;582.00;0.00;0.00;0.00;291.00;0.00;0.00;582.00;0.00;755.67;626.34;626.34;706.33;737.00;704.67;1906.35;2902.01;2212.67;1046.67;1351.33;595.67;1800.00;752.99;1247.00;450.00;1123.34;1519.33;637.00;582.33;320.00;337.00;657.00;320.00
1772830967.4262145;0.00;0.00;0.00;582.00;97.00;0.00;0.00;0.00;0.00;582.00;582.00;0.00;0.00;0.00;582.00;0.00;0.00;0.00;291.00;0.00;0.00;582.00;0.00;755.67;626.34;626.34;706.33;737.00;704.67;1906.35;2902.01;2212.67;1046.67;1351.33;595.67;1800.00;752.99;1247.00;450.00;1123.34;1519.33;637.00;582.33;320.00;337.00;657.00;320.00
1772830985.3515198;0.00;0.00;0.00;582.00;97.00;0.00;0.00;0.00;97.00;582.00;582.00;0.00;0.00;0.00;582.00;0.00;0.00;0.00;0.00;0.00;0.00;582.00;0.00;449.34;146.34;0.00;306.33;347.00;464.67;1746.35;2822.01;2132.67;902.00;1045.00;289.34;1650.00;752.99;1247.00;150.00;973.34;1519.33;0.00;432.33;160.00;337.00;657.00;320.00
1772830985.3533955;0.00;0.00;0.00;582.00;97.00;0.00;0.00;0.00;97.00;582.00;582.00;0.00;0.00;0.00;582.00;0.00;0.00;0.00;0.00;0.00;0.00;582.00;0.00;449.34;146.34;0.00;306.33;347.00;464.67;1746.35;2822.01;2132.67;902.00;1045.00;289.34;1650.00;752.99;1247.00;150.00;973.34;1519.33;0.00;432.33;160.00;337.00;657.00;320.00
1772830985.3985994;0.00;0.00;0.00;582.00;97.00;0.00;0.00;0.00;194.00;582.00;582.00;0.00;0.00;0.00;582.00;0.00;0.00;0.00;0.00;0.00;0.00;582.00;0.00;449.34;306.34;160.00;466.33;507.00;624.67;1986.35;2822.01;2132.67;902.00;1045.00;289.34;1800.00;752.99;1247.00;150.00;973.34;1519.33;160.00;432.33;160.00;337.00;657.00;320.00
1772830985.4003723;0.00;0.00;0.00;582.00;97.00;0.00;0.00;0.00;194.00;582.00;582.00;0.00;0.00;0.00;582.00;0.00;0.00;0.00;0.00;0.00;0.00;582.00;0.00;449.34;306.34;160.00;466.33;507.00;624.67;1986.35;2822.01;2132.67;902.00;1045.00;289.34;1800.00;752.99;1247.00;150.00;973.34;1519.33;160.00;432.33;160.00;337.00;657.00;320.00
1772830985.4450274;0.00;0.00;0.00;582.00;97.00;0.00;0.00;0.00;291.00;582.00;582.00;0.00;0.00;0.00;582.00;0.00;0.00;0.00;0.00;0.00;0.00;582.00;0.00;449.34;306.34;384.67;771.00;651.67;769.34;2131.02;2982.01;2292.67;902.00;1045.00;289.34;1800.00;752.99;1247.00;150.00;1123.34;1669.33;160.00;432.33;384.67;337.00;657.00;320.00
1772830985.4469037;0.00;0.00;0.00;582.00;97.00;0.00;0.00;0.00;291.00;582.00;582.00;0.00;0.00;0.00;582.00;0.00;0.00;0.00;0.00;0.00;0.00;582.00;0.00;449.34;306.34;384.67;771.00;651.67;769.34;2131.02;2982.01;2292.67;902.00;1045.00;289.34;1800.00;752.99;1247.00;150.00;1123.34;1669.33;160.00;432.33;384.67;337.00;657.00;320.00
1772830985.4878669;0.00;0.00;0.00;582.00;97.00;0.00;0.00;0.00;291.00;582.00;582.00;0.00;0.00;0.00;582.00;0.00;0.00;0.00;0.00;0.00;0.00;582.00;0.00;449.34;306.34;384.67;771.00;651.67;769.34;2131.02;2982.01;2292.67;902.00;1045.00;289.34;1800.00;752.99;1247.00;150.00;1123.34;1669.33;160.00;432.33;384.67;337.00;657.00;320.00
1772830985.4896872;0.00;0.00;0.00;582.00;97.00;0.00;0.00;0.00;291.00;582.00;582.00;0.00;0.00;0.00;582.00;0.00;0.00;0.00;0.00;0.00;0.00;582.00;0.00;449.34;306.34;384.67;771.00;651.67;769.34;2131.02;2982.01;2292.67;902.00;1045.00;289.34;1800.00;752.99;1247.00;150.00;1123.34;1669.33;160.00;432.33;384.67;337.00;657.00;320.00
1772830985.6197243;0.00;0.00;0.00;582.00;97.00;0.00;0.00;0.00;291.00;582.00;582.00;0.00;0.00;0.00;582.00;0.00;0.00;0.00;0.00;0.00;0.00;582.00;0.00;449.34;306.34;384.67;771.00;651.67;769.34;2131.02;2982.01;2292.67;902.00;1045.00;289.34;1800.00;752.99;1247.00;150.00;1123.34;1669.33;160.00;432.33;384.67;337.00;657.00;320.00
1772830985.621711;0.00;0.00;0.00;582.00;97.00;0.00;0.00;0.00;291.00;582.00;582.00;0.00;0.00;0.00;582.00;0.00;0.00;0.00;0.00;0.00;0.00;582.00;0.00;449.34;306.34;384.67;771.00;651.67;769.34;2131.02;2982.01;2292.67;902.00;1045.00;289.34;1800.00;752.99;1247.00;150.00;1123.34;1669.33;160.00;432.33;384.67;337.00;657.00;320.00
1772830985.663402;0.00;0.00;0.00;582.00;97.00;0.00;0.00;0.00;291.00;582.00;582.00;0.00;0.00;0.00;582.00;0.00;0.00;0.00;0.00;0.00;0.00;582.00;0.00;449.34;306.34;384.67;771.00;651.67;769.34;2131.02;2982.01;2292.67;902.00;1045.00;289.34;1800.00;752.99;1247.00;150.00;1123.34;1669.33;160.00;432.33;384.67;337.00;657.00;320.00
1772830985.665319;0.00;0.00;0.00;582.00;97.00;0.00;0.00;0.00;291.00;582.00;582.00;0.00;0.00;0.00;582.00;0.00;0.00;0.00;0.00;0.00;0.00;582.00;0.00;449.34;306.34;384.67;771.00;651.67;769.34;2131.02;2982.01;2292.67;902.00;1045.00;289.34;1800.00;752.99;1247.00;150.00;1123.34;1669.33;160.00;432.33;384.67;337.00;657.00;320.00
1772830991.559216;0.00;0.00;0.00;194.00;97.00;0.00;0.00;0.00;291.00;97.00;388.00;0.00;0.00;0.00;388.00;0.00;0.00;0.00;0.00;0.00;0.00;485.00;0.00;304.67;209.34;287.67;289.33;0.00;144.67;240.00;0.00;34.01;565.00;708.00;144.67;384.67;0.00;0.00;310.00;748.67;1519.33;47.67;112.33;384.67;337.00;432.33;160.00
1772830991.5600235;0.00;0.00;0.00;194.00;97.00;0.00;0.00;0.00;291.00;97.00;388.00;0.00;0.00;0.00;388.00;0.00;0.00;0.00;0.00;0.00;0.00;485.00;0.00;304.67;209.34;287.67;289.33;0.00;144.67;240.00;0.00;34.01;565.00;708.00;144.67;384.67;0.00;0.00;310.00;748.67;1519.33;47.67;112.33;384.67;337.00;432.33;160.00
1772830991.5884516;0.00;0.00;0.00;291.00;97.00;0.00;0.00;0.00;291.00;97.00;388.00;0.00;0.00;0.00;388.00;0.00;0.00;0.00;0.00;0.00;0.00;485.00;0.00;304.67;209.34;287.67;289.33;0.00;144.67;240.00;0.00;34.01;565.00;708.00;144.67;384.67;327.00;0.00;310.00;748.67;1519.33;47.67;112.33;384.67;337.00;432.33;160.00
1772830991.5891647;0.00;0.00;0.00;291.00;97.00;0.00;0.00;0.00;291.00;97.00;388.00;0.00;0.00;0.00;388.00;0.00;0.00;0.00;0.00;0.00;0.00;485.00;0.00;304.67;209.34;287.67;289.33;0.00;144.67;240.00;0.00;34.01;565.00;708.00;144.67;384.67;327.00;0.00;310.00;748.67;1519.33;47.67;112.33;384.67;337.00;432.33;160.00
1772830991.6175036;0.00;0.00;0.00;291.00;97.00;0.00;0.00;0.00;291.00;194.00;388.00;0.00;0.00;0.00;388.00;0.00;0.00;0.00;0.00;0.00;0.00;485.00;0.00;304.67;209.34;287.67;289.33;0.00;144.67;240.00;64.67;98.68;565.00;708.00;144.67;384.67;701.67;0.00;572.33;748.67;1519.33;47.67;112.33;384.67;337.00;432.33;160.00
1772830991.6182966;0.00;0.00;0.00;291.00;97.00;0.00;0.00;0.00;291.00;194.00;388.00;0.00;0.00;0.00;388.00;0.00;0.00;0.00;0.00;0.00;0.00;485.00;0.00;304.67;209.34;287.67;289.33;0.00;144.67;240.00;64.67;98.68;565.00;708.00;144.67;384.67;701.67;0.00;572.33;748.67;1519.33;47.67;112.33;384.67;337.00;432.33;160.00
1772830991.6467822;0.00;0.00;0.00;291.00;97.00;0.00;0.00;0.00;291.00;194.00;485.00;0.00;0.00;0.00;388.00;0.00;0.00;0.00;0.00;0.00;0.00;485.00;0.00;544.67;354.01;432.34;289.33;0.00;144.67;240.00;64.67;98.68;805.00;948.00;384.67;384.67;1001.67;0.00;572.33;861.00;1519.33;432.34;112.33;384.67;337.00;432.33;160.00
1772830991.6476305;0.00;0.00;0.00;291.00;97.00;0.00;0.00;0.00;291.00;194.00;485.00;0.00;0.00;0.00;388.00;0.00;0.00;0.00;0.00;0.00;0.00;485.00;0.00;544.67;354.01;432.34;289.33;0.00;144.67;240.00;64.67;98.68;805.00;948.00;384.67;384.67;1001.67;0.00;572.33;861.00;1519.33;432.34;112.33;384.67;337.00;432.33;160.00
1772830991.6755867;0.00;0.00;0.00;388.00;97.00;0.00;0.00;0.00;291.00;194.00;485.00;0.00;0.00;0.00;388.00;0.00;0.00;0.00;0.00;0.00;0.00;485.00;0.00;544.67;354.01;432.34;289.33;80.00;224.67;320.00;144.67;178.68;1029.67;1172.67;384.67;384.67;1264.00;0.00;572.33;861.00;1669.33;432.34;112.33;384.67;337.00;657.00;160.00
1772830991.676378;0.00;0.00;0.00;388.00;97.00;0.00;0.00;0.00;291.00;194.00;485.00;0.00;0.00;0.00;388.00;0.00;0.00;0.00;0.00;0.00;0.00;485.00;0.00;544.67;354.01;432.34;289.33;80.00;224.67;320.00;144.67;178.68;1029.67;1172.67;384.67;384.67;1264.00;0.00;572.33;861.00;1669.33;432.34;112.33;384.67;337.00;657.00;160.00
1772830991.7038338;0.00;0.00;0.00;388.00;97.00;0.00;0.00;0.00;291.00;194.00;485.00;0.00;0.00;0.00;485.00;0.00;0.00;0.00;0.00;0.00;0.00;485.00;0.00;544.67;354.01;432.34;289.33;80.00;401.67;544.67;144.67;178.68;1029.67;1172.67;384.67;497.00;1264.00;0.00;722.33;861.00;1669.33;432.34;262.33;384.67;337.00;657.00;160.00
1772830991.7046325;0.00;0.00;0.00;388.00;97.00;0.00;0.00;0.00;291.00;194.00;485.00;0.00;0.00;0.00;485.00;0.00;0.00;0.00;0.00;0.00;0.00;485.00;0.00;544.67;354.01;432.34;289.33;80.00;401.67;544.67;144.67;178.68;1029.67;1172.67;384.67;497.00;1264.00;0.00;722.33;861.00;1669.33;432.34;262.33;384.67;337.00;657.00;160.00
1772830991.7322927;0.00;0.00;0.00;388.00;97.00;0.00;0.00;0.00;291.00;291.00;485.00;0.00;0.00;0.00;485.00;0.00;0.00;0.00;0.00;0.00;0.00;485.00;0.00;544.67;354.01;432.34;289.33;80.00;481.67;784.67;144.67;178.68;1029.67;1172.67;384.67;647.00;1264.00;0.00;834.66;861.00;1669.33;432.34;412.33;384.67;337.00;657.00;160.00
1772830991.733114;0.00;0.00;0.00;388.00;97.00;0.00;0.00;0.00;291.00;291.00;485.00;0.00;0.00;0.00;485.00;0.00;0.00;0.00;0.00;0.00;0.00;485.00;0.00;544.67;354.01;432.34;289.33;80.00;481.67;784.67;144.67;178.68;1029.67;1172.67;384.67;647.00;1264.00;0.00;834.66;861.00;1669.33;432.34;412.33;384.67;337.00;657.00;160.00
1772830991.7602708;0.00;0.00;0.00;388.00;97.00;0.00;0.00;0.00;291.00;291.00;582.00;0.00;0.00;0.00;485.00;0.00;0.00;0.00;0.00;0.00;0.00;485.00;0.00;704.67;514.01;592.34;354.00;80.00;481.67;784.67;144.67;178.68;1029.67;1172.67;384.67;647.00;1264.00;0.00;834.66;1123.33;1819.33;432.34;412.33;384.67;337.00;657.00;320.00
1772830991.7611108;0.00;0.00;0.00;388.00;97.00;0.00;0.00;0.00;291.00;291.00;582.00;0.00;0.00;0.00;485.00;0.00;0.00;0.00;0.00;0.00;0.00;485.00;0.00;704.67;514.01;592.34;354.00;80.00;481.67;784.67;144.67;178.68;1029.67;1172.67;384.67;647.00;1264.00;0.00;834.66;1123.33;1819.33;432.34;412.33;384.67;337.00;657.00;320.00
1772830991.8585339;0.00;0.00;0.00;388.00;97.00;0.00;0.00;0.00;291.00;291.00;582.00;0.00;0.00;0.00;485.00;0.00;0.00;0.00;0.00;0.00;0.00;485.00;0.00;704.67;514.01;592.34;354.00;80.00;481.67;784.67;144.67;178.68;1029.67;1172.67;384.67;647.00;1264.00;0.00;834.66;1123.33;1819.33;432.34;412.33;384.67;337.00;657.00;320.00
1772830991.8594732;0.00;0.00;0.00;388.00;97.00;0.00;0.00;0.00;291.00;291.00;582.00;0.00;0.00;0.00;485.00;0.00;0.00;0.00;0.00;0.00;0.00;485.00;0.00;704.67;514.01;592.34;354.00;80.00;481.67;784.67;144.67;178.68;1029.67;1172.67;384.67;647.00;1264.00;0.00;834.66;1123.33;1819.33;432.34;412.33;384.67;337.00;657.00;320.00
1772830991.8845048;0.00;0.00;0.00;388.00;97.00;0.00;0.00;0.00;291.00;291.00;582.00;0.00;0.00;0.00;485.00;0.00;0.00;0.00;0.00;0.00;0.00;485.00;0.00;704.67;514.01;592.34;354.00;80.00;481.67;784.67;144.67;178.68;1029.67;1172.67;384.67;647.00;1264.00;0.00;834.66;1123.33;1819.33;432.34;412.33;384.67;337.00;657.00;320.00
1772830991.88535;0.00;0.00;0.00;388.00;97.00;0.00;0.00;0.00;291.00;291.00;582.00;0.00;0.00;0.00;485.00;0.00;0.00;0.00;0.00;0.00;0.00;485.00;0.00;704.67;514.01;592.34;354.00;80.00;481.67;784.67;144.67;178.68;1029.67;1172.67;384.67;647.00;1264.00;0.00;834.66;1123.33;1819.33;432.34;412.33;384.67;337.00;657.00;320.00
1772830991.9101796;0.00;0.00;0.00;388.00;97.00;0.00;0.00;0.00;291.00;291.00;582.00;0.00;0.00;0.00;485.00;0.00;0.00;0.00;0.00;0.00;0.00;485.00;0.00;704.67;514.01;592.34;354.00;80.00;481.67;784.67;144.67;178.68;1029.67;1172.67;384.67;647.00;1264.00;0.00;834.66;1123.33;1819.33;432.34;412.33;384.67;337.00;657.00;320.00
1772830991.91103;0.00;0.00;0.00;388.00;97.00;0.00;0.00;0.00;291.00;291.00;582.00;0.00;0.00;0.00;485.00;0.00;0.00;0.00;0.00;0.00;0.00;485.00;0.00;704.67;514.01;592.34;354.00;80.00;481.67;784.67;144.67;178.68;1029.67;1172.67;384.67;647.00;1264.00;0.00;834.66;1123.33;1819.33;432.34;412.33;384.67;337.00;657.00;320.00
1772830991.935789;0.00;0.00;0.00;388.00;97.00;0.00;0.00;0.00;291.00;291.00;582.00;0.00;0.00;0.00;485.00;0.00;0.00;0.00;0.00;0.00;0.00;485.00;0.00;704.67;514.01;592.34;354.00;80.00;481.67;784.67;144.67;178.68;1029.67;1172.67;384.67;647.00;1264.00;0.00;834.66;1123.33;1819.33;432.34;412.33;384.67;337.00;657.00;320.00
1772830991.9366608;0.00;0.00;0.00;388.00;97.00;0.00;0.00;0.00;291.00;291.00;582.00;0.00;0.00;0.00;485.00;0.00;0.00;0.00;0.00;0.00;0.00;485.00;0.00;704.67;514.01;592.34;354.00;80.00;481.67;784.67;144.67;178.68;1029.67;1172.67;384.67;647.00;1264.00;0.00;834.66;1123.33;1819.33;432.34;412.33;384.67;337.00;657.00;320.00
1772830991.96178;0.00;0.00;0.00;388.00;97.00;0.00;0.00;0.00;291.00;291.00;582.00;0.00;0.00;0.00;485.00;0.00;0.00;0.00;0.00;0.00;0.00;485.00;0.00;704.67;514.01;592.34;354.00;80.00;481.67;784.67;144.67;178.68;1029.67;1172.67;384.67;647.00;1264.00;0.00;834.66;1123.33;1819.33;432.34;412.33;384.67;337.00;657.00;320.00
1772830991.9626863;0.00;0.00;0.00;388.00;97.00;0.00;0.00;0.00;291.00;291.00;582.00;0.00;0.00;0.00;485.00;0.00;0.00;0.00;0.00;0.00;0.00;485.00;0.00;704.67;514.01;592.34;354.00;80.00;481.67;784.67;144.67;178.68;1029.67;1172.67;384.67;647.00;1264.00;0.00;834.66;1123.33;1819.33;432.34;412.33;384.67;337.00;657.00;320.00
1772830991.9880106;0.00;0.00;0.00;388.00;97.00;0.00;0.00;0.00;291.00;291.00;582.00;0.00;0.00;0.00;485.00;0.00;0.00;0.00;0.00;0.00;0.00;485.00;0.00;704.67;514.01;592.34;354.00;80.00;481.67;784.67;144.67;178.68;1029.67;1172.67;384.67;647.00;1264.00;0.00;834.66;1123.33;1819.33;432.34;412.33;384.67;337.00;657.00;320.00
1772830991.988897;0.00;0.00;0.00;388.00;97.00;0.00;0.00;0.00;291.00;291.00;582.00;0.00;0.00;0.00;485.00;0.00;0.00;0.00;0.00;0.00;0.00;485.00;0.00;704.67;514.01;592.34;354.00;80.00;481.67;784.67;144.67;178.68;1029.67;1172.67;384.67;647.00;1264.00;0.00;834.66;1123.33;1819.33;432.34;412.33;384.67;337.00;657.00;320.00
1772830992.014117;0.00;0.00;0.00;388.00;97.00;0.00;0.00;0.00;291.00;291.00;582.00;0.00;0.00;0.00;485.00;0.00;0.00;0.00;0.00;0.00;0.00;485.00;0.00;704.67;514.01;592.34;354.00;80.00;481.67;784.67;144.67;178.68;1029.67;1172.67;384.67;647.00;1264.00;0.00;834.66;1123.33;1819.33;432.34;412.33;384.67;337.00;657.00;320.00
1772830992.015119;0.00;0.00;0.00;388.00;97.00;0.00;0.00;0.00;291.00;291.00;582.00;0.00;0.00;0.00;485.00;0.00;0.00;0.00;0.00;0.00;0.00;485.00;0.00;704.67;514.01;592.34;354.00;80.00;481.67;784.67;144.67;178.68;1029.67;1172.67;384.67;647.00;1264.00;0.00;834.66;1123.33;1819.33;432.34;412.33;384.67;337.00;657.00;320.00
1772831005.404847;0.00;0.00;0.00;388.00;97.00;0.00;0.00;0.00;291.00;291.00;582.00;97.00;0.00;0.00;194.00;0.00;0.00;0.00;0.00;0.00;0.00;0.00;0.00;640.00;449.34;527.67;338.67;144.67;144.67;0.00;0.00;0.00;561.67;704.67;320.00;144.67;884.00;0.00;0.00;1010.99;1819.33;432.34;160.00;384.67;337.00;544.67;320.00
1772831005.4063323;0.00;0.00;0.00;388.00;97.00;0.00;0.00;0.00;291.00;291.00;582.00;97.00;0.00;0.00;194.00;0.00;0.00;0.00;0.00;0.00;0.00;0.00;0.00;640.00;449.34;527.67;338.67;144.67;144.67;0.00;0.00;0.00;561.67;704.67;320.00;144.67;884.00;0.00;0.00;1010.99;1819.33;432.34;160.00;384.67;337.00;544.67;320.00
1772831005.452839;0.00;0.00;0.00;388.00;97.00;0.00;0.00;0.00;291.00;291.00;582.00;194.00;0.00;0.00;194.00;0.00;0.00;0.00;0.00;0.00;0.00;0.00;0.00;640.00;449.34;527.67;483.34;289.34;289.34;240.00;0.00;0.00;561.67;704.67;320.00;529.34;884.00;0.00;240.00;1123.32;1819.33;432.34;160.00;384.67;337.00;544.67;320.00
1772831005.4542074;0.00;0.00;0.00;388.00;97.00;0.00;0.00;0.00;291.00;291.00;582.00;194.00;0.00;0.00;194.00;0.00;0.00;0.00;0.00;0.00;0.00;0.00;0.00;640.00;449.34;527.67;483.34;289.34;289.34;240.00;0.00;0.00;561.67;704.67;320.00;529.34;884.00;0.00;240.00;1123.32;1819.33;432.34;160.00;384.67;337.00;544.67;320.00
1772831005.4995372;0.00;0.00;0.00;388.00;97.00;0.00;0.00;0.00;291.00;291.00;582.00;291.00;0.00;0.00;194.00;0.00;0.00;0.00;0.00;0.00;0.00;0.00;0.00;640.00;449.34;527.67;580.34;386.34;434.01;480.00;80.00;80.00;561.67;704.67;320.00;914.01;964.00;0.00;710.00;1123.32;1819.33;432.34;272.33;384.67;337.00;544.67;320.00
1772831005.500981;0.00;0.00;0.00;388.00;97.00;0.00;0.00;0.00;291.00;291.00;582.00;291.00;0.00;0.00;194.00;0.00;0.00;0.00;0.00;0.00;0.00;0.00;0.00;640.00;449.34;527.67;580.34;386.34;434.01;480.00;80.00;80.00;561.67;704.67;320.00;914.01;964.00;0.00;710.00;1123.32;1819.33;432.34;272.33;384.67;337.00;544.67;320.00
1772831005.6721938;0.00;0.00;0.00;388.00;97.00;0.00;0.00;0.00;291.00;291.00;582.00;388.00;0.00;0.00;194.00;0.00;0.00;0.00;0.00;0.00;0.00;0.00;0.00;640.00;449.34;527.67;725.01;531.01;578.68;544.67;80.00;80.00;561.67;704.67;320.00;1064.01;964.00;0.00;1084.67;1123.32;1819.33;432.34;272.33;384.67;337.00;544.67;320.00
1772831005.6737347;0.00;0.00;0.00;388.00;97.00;0.00;0.00;0.00;291.00;291.00;582.00;388.00;0.00;0.00;194.00;0.00;0.00;0.00;0.00;0.00;0.00;0.00;0.00;640.00;449.34;527.67;725.01;531.01;578.68;544.67;80.00;80.00;561.67;704.67;320.00;1064.01;964.00;0.00;1084.67;1123.32;1819.33;432.34;272.33;384.67;337.00;544.67;320.00
1772831005.7158077;0.00;0.00;0.00;388.00;97.00;0.00;0.00;0.00;291.00;291.00;582.00;388.00;0.00;0.00;194.00;0.00;0.00;0.00;0.00;0.00;0.00;0.00;0.00;640.00;449.34;527.67;725.01;531.01;578.68;544.67;80.00;80.00;561.67;704.67;320.00;1064.01;964.00;0.00;1084.67;1123.32;1819.33;432.34;272.33;384.67;337.00;544.67;320.00
1772831005.7173302;0.00;0.00;0.00;388.00;97.00;0.00;0.00;0.00;291.00;291.00;582.00;388.00;0.00;0.00;194.00;0.00;0.00;0.00;0.00;0.00;0.00;0.00;0.00;640.00;449.34;527.67;725.01;531.01;578.68;544.67;80.00;80.00;561.67;704.67;320.00;1064.01;964.00;0.00;1084.67;1123.32;1819.33;432.34;272.33;384.67;337.00;544.67;320.00
1772831005.7593024;0.00;0.00;0.00;388.00;97.00;0.00;0.00;0.00;291.00;291.00;582.00;388.00;0.00;0.00;194.00;0.00;0.00;0.00;0.00;0.00;0.00;0.00;0.00;640.00;449.34;527.67;725.01;531.01;578.68;544.67;80.00;80.00;561.67;704.67;320.00;1064.01;964.00;0.00;1084.67;1123.32;1819.33;432.34;272.33;384.67;337.00;544.67;320.00
1772831005.7608027;0.00;0.00;0.00;388.00;97.00;0.00;0.00;0.00;291.00;291.00;582.00;388.00;0.00;0.00;194.00;0.00;0.00;0.00;0.00;0.00;0.00;0.00;0.00;640.00;449.34;527.67;725.01;531.01;578.68;544.67;80.00;80.00;561.67;704.67;320.00;1064.01;964.00;0.00;1084.67;1123.32;1819.33;432.34;272.33;384.67;337.00;544.67;320.00
1772831032.4554622;0.00;0.00;0.00;0.00;97.00;0.00;0.00;0.00;291.00;291.00;582.00;388.00;0.00;0.00;0.00;0.00;97.00;0.00;0.00;0.00;0.00;0.00;0.00;640.00;449.34;527.67;725.01;451.01;241.68;240.00;80.00;0.00;272.33;320.00;160.00;384.67;0.00;80.00;484.67;1123.32;1669.33;432.34;112.33;384.67;112.33;320.00;160.00
1772831032.4568937;0.00;0.00;0.00;0.00;97.00;0.00;0.00;0.00;291.00;291.00;582.00;388.00;0.00;0.00;0.00;0.00;97.00;0.00;0.00;0.00;0.00;0.00;0.00;640.00;449.34;527.67;725.01;451.01;241.68;240.00;80.00;0.00;272.33;320.00;160.00;384.67;0.00;80.00;484.67;1123.32;1669.33;432.34;112.33;384.67;112.33;320.00;160.00
1772831032.5070126;0.00;0.00;0.00;0.00;97.00;0.00;0.00;0.00;291.00;291.00;582.00;388.00;0.00;0.00;0.00;0.00;194.00;0.00;0.00;0.00;0.00;0.00;0.00;640.00;449.34;527.67;725.01;451.01;338.68;384.67;144.67;0.00;272.33;320.00;160.00;497.00;0.00;144.67;794.67;1123.32;1669.33;432.34;112.33;384.67;112.33;320.00;160.00
1772831032.5083501;0.00;0.00;0.00;0.00;97.00;0.00;0.00;0.00;291.00;291.00;582.00;388.00;0.00;0.00;0.00;0.00;194.00;0.00;0.00;0.00;0.00;0.00;0.00;640.00;449.34;527.67;725.01;451.01;338.68;384.67;144.67;0.00;272.33;320.00;160.00;497.00;0.00;144.67;794.67;1123.32;1669.33;432.34;112.33;384.67;112.33;320.00;160.00
1772831032.55825;0.00;0.00;0.00;0.00;97.00;0.00;0.00;0.00;291.00;291.00;582.00;388.00;0.00;0.00;0.00;0.00;291.00;0.00;0.00;0.00;0.00;0.00;0.00;640.00;449.34;527.67;725.01;451.01;435.68;481.67;241.67;0.00;272.33;320.00;160.00;497.00;0.00;471.67;794.67;1123.32;1669.33;432.34;112.33;384.67;112.33;320.00;160.00
1772831032.559736;0.00;0.00;0.00;0.00;97.00;0.00;0.00;0.00;291.00;291.00;582.00;388.00;0.00;0.00;0.00;0.00;291.00;0.00;0.00;0.00;0.00;0.00;0.00;640.00;449.34;527.67;725.01;451.01;435.68;481.67;241.67;0.00;272.33;320.00;160.00;497.00;0.00;471.67;794.67;1123.32;1669.33;432.34;112.33;384.67;112.33;320.00;160.00
1772831032.60944;0.00;0.00;0.00;0.00;97.00;0.00;0.00;0.00;291.00;291.00;582.00;388.00;0.00;0.00;0.00;0.00;388.00;0.00;0.00;0.00;0.00;0.00;0.00;640.00;449.34;527.67;725.01;451.01;532.68;578.67;338.67;144.67;272.33;320.00;160.00;497.00;374.67;584.00;794.67;1123.32;1669.33;432.34;112.33;384.67;112.33;320.00;160.00
1772831032.6108987;0.00;0.00;0.00;0.00;97.00;0.00;0.00;0.00;291.00;291.00;582.00;388.00;0.00;0.00;0.00;0.00;388.00;0.00;0.00;0.00;0.00;0.00;0.00;640.00;449.34;527.67;725.01;451.01;532.68;578.67;338.67;144.67;272.33;320.00;160.00;497.00;374.67;584.00;794.67;1123.32;1669.33;432.34;112.33;384.67;112.33;320.00;160.00
1772831032.6607854;0.00;0.00;0.00;0.00;97.00;0.00;0.00;0.00;291.00;291.00;582.00;388.00;0.00;0.00;0.00;0.00;485.00;0.00;0.00;0.00;0.00;0.00;0.00;640.00;449.34;527.67;725.01;451.01;629.68;675.67;435.67;369.34;432.33;480.00;320.00;497.00;759.34;846.33;794.67;1123.32;1669.33;432.34;112.33;384.67;432.33;320.00;320.00
1772831032.6623917;0.00;0.00;0.00;0.00;97.00;0.00;0.00;0.00;291.00;291.00;582.00;388.00;0.00;0.00;0.00;0.00;485.00;0.00;0.00;0.00;0.00;0.00;0.00;640.00;449.34;527.67;725.01;451.01;629.68;675.67;435.67;369.34;432.33;480.00;320.00;497.00;759.34;846.33;794.67;1123.32;1669.33;432.34;112.33;384.67;432.33;320.00;320.00
1772831032.7097976;0.00;0.00;0.00;0.00;97.00;0.00;0.00;0.00;291.00;291.00;582.00;388.00;0.00;0.00;0.00;0.00;582.00;0.00;0.00;0.00;0.00;0.00;0.00;640.00;449.34;527.67;725.01;451.01;726.68;772.67;515.67;369.34;432.33;480.00;320.00;497.00;759.34;996.33;944.67;1123.32;1669.33;432.34;112.33;384.67;432.33;320.00;320.00
1772831032.7112727;0.00;0.00;0.00;0.00;97.00;0.00;0.00;0.00;291.00;291.00;582.00;388.00;0.00;0.00;0.00;0.00;582.00;0.00;0.00;0.00;0.00;0.00;0.00;640.00;449.34;527.67;725.01;451.01;726.68;772.67;515.67;369.34;432.33;480.00;320.00;497.00;759.34;996.33;944.67;1123.32;1669.33;432.34;112.33;384.67;432.33;320.00;320.00
1772831053.495281;0.00;0.00;0.00;0.00;97.00;0.00;0.00;0.00;291.00;291.00;0.00;388.00;0.00;97.00;0.00;0.00;582.00;0.00;0.00;0.00;0.00;0.00;0.00;80.00;160.00;160.00;211.01;211.01;646.68;692.67;515.67;369.34;112.33;160.00;80.00;497.00;150.00;996.33;794.67;160.00;0.00;337.00;0.00;544.67;432.33;0.00;160.00
1772831053.496643;0.00;0.00;0.00;0.00;97.00;0.00;0.00;0.00;291.00;291.00;0.00;388.00;0.00;97.00;0.00;0.00;582.00;0.00;0.00;0.00;0.00;0.00;0.00;80.00;160.00;160.00;211.01;211.01;646.68;692.67;515.67;369.34;112.33;160.00;80.00;497.00;150.00;996.33;794.67;160.00;0.00;337.00;0.00;544.67;432.33;0.00;160.00
1772831053.6706986;0.00;0.00;0.00;0.00;97.00;0.00;0.00;0.00;291.00;291.00;0.00;388.00;0.00;194.00;0.00;0.00;582.00;0.00;0.00;0.00;0.00;0.00;0.00;80.00;304.67;304.67;451.01;211.01;646.68;692.67;515.67;369.34;112.33;160.00;80.00;497.00;150.00;996.33;794.67;544.67;310.00;449.33;0.00;544.67;432.33;0.00;160.00
1772831053.6720812;0.00;0.00;0.00;0.00;97.00;0.00;0.00;0.00;291.00;291.00;0.00;388.00;0.00;194.00;0.00;0.00;582.00;0.00;0.00;0.00;0.00;0.00;0.00;80.00;304.67;304.67;451.01;211.01;646.68;692.67;515.67;369.34;112.33;160.00;80.00;497.00;150.00;996.33;794.67;544.67;310.00;449.33;0.00;544.67;432.33;0.00;160.00
1772831053.7219687;0.00;0.00;0.00;0.00;97.00;0.00;0.00;0.00;291.00;291.00;0.00;388.00;0.00;291.00;0.00;0.00;582.00;0.00;0.00;0.00;0.00;0.00;0.00;144.67;337.00;384.67;531.01;211.01;646.68;692.67;515.67;369.34;272.33;320.00;240.00;497.00;310.00;996.33;794.67;544.67;620.00;449.33;0.00;657.00;432.33;320.00;384.67
1772831053.7233534;0.00;0.00;0.00;0.00;97.00;0.00;0.00;0.00;291.00;291.00;0.00;388.00;0.00;291.00;0.00;0.00;582.00;0.00;0.00;0.00;0.00;0.00;0.00;144.67;337.00;384.67;531.01;211.01;646.68;692.67;515.67;369.34;272.33;320.00;240.00;497.00;310.00;996.33;794.67;544.67;620.00;449.33;0.00;657.00;432.33;320.00;384.67
1772831053.7721996;0.00;0.00;0.00;0.00;97.00;0.00;0.00;0.00;291.00;291.00;0.00;388.00;0.00;388.00;0.00;0.00;582.00;0.00;0.00;0.00;0.00;0.00;0.00;144.67;434.00;481.67;628.01;371.01;646.68;692.67;515.67;369.34;272.33;320.00;240.00;497.00;310.00;996.33;794.67;544.67;1107.00;449.33;160.00;657.00;432.33;320.00;384.67
1772831053.773581;0.00;0.00;0.00;0.00;97.00;0.00;0.00;0.00;291.00;291.00;0.00;388.00;0.00;388.00;0.00;0.00;582.00;0.00;0.00;0.00;0.00;0.00;0.00;144.67;434.00;481.67;628.01;371.01;646.68;692.67;515.67;369.34;272.33;320.00;240.00;497.00;310.00;996.33;794.67;544.67;1107.00;449.33;160.00;657.00;432.33;320.00;384.67
1772831053.8229427;0.00;0.00;0.00;0.00;97.00;0.00;0.00;0.00;291.00;291.00;0.00;388.00;0.00;485.00;0.00;0.00;582.00;0.00;0.00;0.00;0.00;0.00;0.00;209.34;466.33;514.00;660.34;451.01;726.68;772.67;515.67;369.34;432.33;480.00;304.67;497.00;460.00;996.33;944.67;544.67;1219.33;449.33;320.00;657.00;432.33;544.67;384.67
1772831053.8244138;0.00;0.00;0.00;0.00;97.00;0.00;0.00;0.00;291.00;291.00;0.00;388.00;0.00;485.00;0.00;0.00;582.00;0.00;0.00;0.00;0.00;0.00;0.00;209.34;466.33;514.00;660.34;451.01;726.68;772.67;515.67;369.34;432.33;480.00;304.67;497.00;460.00;996.33;944.67;544.67;1219.33;449.33;320.00;657.00;432.33;544.67;384.67
1772831053.8732555;0.00;0.00;0.00;0.00;97.00;0.00;0.00;0.00;291.00;291.00;0.00;388.00;0.00;582.00;0.00;0.00;582.00;0.00;0.00;0.00;0.00;0.00;0.00;306.34;466.33;514.00;660.34;451.01;726.68;772.67;515.67;449.34;672.33;624.67;401.67;497.00;610.00;1146.33;944.67;544.67;1219.33;449.33;320.00;657.00;657.00;657.00;384.67
1772831053.8747466;0.00;0.00;0.00;0.00;97.00;0.00;0.00;0.00;291.00;291.00;0.00;388.00;0.00;582.00;0.00;0.00;582.00;0.00;0.00;0.00;0.00;0.00;0.00;306.34;466.33;514.00;660.34;451.01;726.68;772.67;515.67;449.34;672.33;624.67;401.67;497.00;610.00;1146.33;944.67;544.67;1219.33;449.33;320.00;657.00;657.00;657.00;384.67
1772831070.53898;0.00;0.00;0.00;0.00;97.00;0.00;0.00;0.00;291.00;97.00;0.00;388.00;0.00;582.00;0.00;0.00;582.00;0.00;0.00;0.00;0.00;0.00;0.00;306.34;386.33;434.00;500.34;211.01;0.00;435.67;515.67;449.34;672.33;624.67;401.67;0.00;610.00;1146.33;832.34;544.67;1219.33;299.33;170.00;657.00;657.00;657.00;384.67
1772831070.5398104;0.00;0.00;0.00;0.00;97.00;0.00;0.00;0.00;291.00;97.00;0.00;388.00;0.00;582.00;0.00;0.00;582.00;0.00;0.00;0.00;0.00;0.00;0.00;306.34;386.33;434.00;500.34;211.01;0.00;435.67;515.67;449.34;672.33;624.67;401.67;0.00;610.00;1146.33;832.34;544.67;1219.33;299.33;170.00;657.00;657.00;657.00;384.67
1772831070.569279;0.00;0.00;0.00;0.00;97.00;0.00;0.00;0.00;291.00;194.00;0.00;388.00;0.00;582.00;0.00;0.00;582.00;0.00;0.00;0.00;0.00;0.00;0.00;306.34;386.33;434.00;500.34;211.01;224.67;660.34;595.67;449.34;672.33;624.67;401.67;0.00;610.00;1296.33;1094.67;544.67;1219.33;299.33;394.67;657.00;657.00;657.00;384.67
1772831070.5700822;0.00;0.00;0.00;0.00;97.00;0.00;0.00;0.00;291.00;194.00;0.00;388.00;0.00;582.00;0.00;0.00;582.00;0.00;0.00;0.00;0.00;0.00;0.00;306.34;386.33;434.00;500.34;211.01;224.67;660.34;595.67;449.34;672.33;624.67;401.67;0.00;610.00;1296.33;1094.67;544.67;1219.33;299.33;394.67;657.00;657.00;657.00;384.67
1772831070.5992706;0.00;0.00;0.00;0.00;97.00;0.00;0.00;0.00;291.00;291.00;0.00;388.00;0.00;582.00;0.00;0.00;582.00;0.00;0.00;0.00;0.00;0.00;0.00;306.34;386.33;434.00;500.34;371.01;289.34;805.01;595.67;449.34;672.33;624.67;401.67;150.00;610.00;1296.33;1094.67;544.67;1369.33;299.33;619.34;657.00;657.00;657.00;384.67
1772831070.6000328;0.00;0.00;0.00;0.00;97.00;0.00;0.00;0.00;291.00;291.00;0.00;388.00;0.00;582.00;0.00;0.00;582.00;0.00;0.00;0.00;0.00;0.00;0.00;306.34;386.33;434.00;500.34;371.01;289.34;805.01;595.67;449.34;672.33;624.67;401.67;150.00;610.00;1296.33;1094.67;544.67;1369.33;299.33;619.34;657.00;657.00;657.00;384.67
1772831070.709973;0.00;0.00;0.00;0.00;97.00;0.00;0.00;0.00;291.00;388.00;0.00;388.00;0.00;582.00;0.00;0.00;582.00;0.00;0.00;0.00;0.00;0.00;0.00;306.34;386.33;434.00;500.34;451.01;369.34;885.01;755.67;449.34;672.33;624.67;401.67;150.00;610.00;1446.33;1094.67;544.67;1519.33;299.33;619.34;657.00;657.00;657.00;384.67
1772831070.710878;0.00;0.00;0.00;0.00;97.00;0.00;0.00;0.00;291.00;388.00;0.00;388.00;0.00;582.00;0.00;0.00;582.00;0.00;0.00;0.00;0.00;0.00;0.00;306.34;386.33;434.00;500.34;451.01;369.34;885.01;755.67;449.34;672.33;624.67;401.67;150.00;610.00;1446.33;1094.67;544.67;1519.33;299.33;619.34;657.00;657.00;657.00;384.67
1772831070.7414417;0.00;0.00;0.00;0.00;97.00;0.00;0.00;0.00;291.00;485.00;0.00;388.00;0.00;582.00;0.00;0.00;582.00;0.00;0.00;0.00;0.00;0.00;0.00;306.34;386.33;434.00;500.34;451.01;449.34;965.01;932.67;561.67;672.33;624.67;401.67;150.00;722.33;1596.33;1094.67;544.67;1519.33;299.33;769.34;657.00;657.00;657.00;384.67
1772831070.742391;0.00;0.00;0.00;0.00;97.00;0.00;0.00;0.00;291.00;485.00;0.00;388.00;0.00;582.00;0.00;0.00;582.00;0.00;0.00;0.00;0.00;0.00;0.00;306.34;386.33;434.00;500.34;451.01;449.34;965.01;932.67;561.67;672.33;624.67;401.67;150.00;722.33;1596.33;1094.67;544.67;1519.33;299.33;769.34;657.00;657.00;657.00;384.67
1772831070.772445;0.00;0.00;0.00;0.00;97.00;0.00;0.00;0.00;291.00;582.00;0.00;388.00;0.00;582.00;0.00;0.00;582.00;0.00;0.00;0.00;0.00;0.00;0.00;306.34;386.33;434.00;500.34;611.01;481.67;997.34;997.34;561.67;672.33;624.67;401.67;150.00;722.33;1746.33;1094.67;544.67;1519.33;299.33;1031.67;657.00;657.00;657.00;384.67
1772831070.7733972;0.00;0.00;0.00;0.00;97.00;0.00;0.00;0.00;291.00;582.00;0.00;388.00;0.00;582.00;0.00;0.00;582.00;0.00;0.00;0.00;0.00;0.00;0.00;306.34;386.33;434.00;500.34;611.01;481.67;997.34;997.34;561.67;672.33;624.67;401.67;150.00;722.33;1746.33;1094.67;544.67;1519.33;299.33;1031.67;657.00;657.00;657.00;384.67
1772831095.5762925;0.00;0.00;0.00;0.00;97.00;0.00;0.00;0.00;291.00;582.00;0.00;388.00;0.00;582.00;0.00;97.00;582.00;0.00;0.00;0.00;0.00;0.00;0.00;306.34;386.33;434.00;500.34;948.01;641.67;1157.34;1157.34;561.67;672.33;624.67;401.67;150.00;722.33;1896.33;1094.67;544.67;1519.33;299.33;1181.67;657.00;657.00;657.00;384.67
1772831095.5780096;0.00;0.00;0.00;0.00;97.00;0.00;0.00;0.00;291.00;582.00;0.00;388.00;0.00;582.00;0.00;97.00;582.00;0.00;0.00;0.00;0.00;0.00;0.00;306.34;386.33;434.00;500.34;948.01;641.67;1157.34;1157.34;561.67;672.33;624.67;401.67;150.00;722.33;1896.33;1094.67;544.67;1519.33;299.33;1181.67;657.00;657.00;657.00;384.67
1772831095.626882;0.00;0.00;0.00;0.00;97.00;0.00;0.00;0.00;291.00;582.00;0.00;388.00;0.00;582.00;0.00;194.00;582.00;0.00;0.00;0.00;0.00;0.00;0.00;306.34;386.33;434.00;580.34;1140.34;866.34;1222.01;1222.01;561.67;672.33;624.67;401.67;150.00;722.33;2046.33;1094.67;694.67;1519.33;299.33;1181.67;657.00;657.00;657.00;384.67
1772831095.6286862;0.00;0.00;0.00;0.00;97.00;0.00;0.00;0.00;291.00;582.00;0.00;388.00;0.00;582.00;0.00;194.00;582.00;0.00;0.00;0.00;0.00;0.00;0.00;306.34;386.33;434.00;580.34;1140.34;866.34;1222.01;1222.01;561.67;672.33;624.67;401.67;150.00;722.33;2046.33;1094.67;694.67;1519.33;299.33;1181.67;657.00;657.00;657.00;384.67
1772831095.6780555;0.00;0.00;0.00;0.00;97.00;0.00;0.00;0.00;291.00;582.00;0.00;388.00;0.00;582.00;0.00;291.00;582.00;0.00;0.00;0.00;0.00;0.00;0.00;306.34;466.33;514.00;660.34;1332.67;1091.01;1286.68;1286.68;721.67;672.33;624.67;401.67;150.00;872.33;2046.33;1094.67;694.67;1519.33;449.33;1181.67;657.00;657.00;657.00;384.67
1772831095.6799326;0.00;0.00;0.00;0.00;97.00;0.00;0.00;0.00;291.00;582.00;0.00;388.00;0.00;582.00;0.00;291.00;582.00;0.00;0.00;0.00;0.00;0.00;0.00;306.34;466.33;514.00;660.34;1332.67;1091.01;1286.68;1286.68;721.67;672.33;624.67;401.67;150.00;872.33;2046.33;1094.67;694.67;1519.33;449.33;1181.67;657.00;657.00;657.00;384.67
1772831095.7270036;0.00;0.00;0.00;0.00;97.00;0.00;0.00;0.00;291.00;582.00;0.00;388.00;0.00;582.00;0.00;291.00;582.00;0.00;0.00;0.00;0.00;0.00;0.00;306.34;466.33;514.00;660.34;1332.67;1091.01;1286.68;1286.68;721.67;672.33;624.67;401.67;150.00;872.33;2046.33;1094.67;694.67;1519.33;449.33;1181.67;657.00;657.00;657.00;384.67
1772831095.7289002;0.00;0.00;0.00;0.00;97.00;0.00;0.00;0.00;291.00;582.00;0.00;388.00;0.00;582.00;0.00;291.00;582.00;0.00;0.00;0.00;0.00;0.00;0.00;306.34;466.33;514.00;660.34;1332.67;1091.01;1286.68;1286.68;721.67;672.33;624.67;401.67;150.00;872.33;2046.33;1094.67;694.67;1519.33;449.33;1181.67;657.00;657.00;657.00;384.67
1772831095.7750316;0.00;0.00;0.00;0.00;97.00;0.00;0.00;0.00;291.00;582.00;0.00;388.00;0.00;582.00;0.00;291.00;582.00;0.00;0.00;0.00;0.00;0.00;0.00;306.34;466.33;514.00;660.34;1332.67;1091.01;1286.68;1286.68;721.67;672.33;624.67;401.67;150.00;872.33;2046.33;1094.67;694.67;1519.33;449.33;1181.67;657.00;657.00;657.00;384.67
1772831095.7768462;0.00;0.00;0.00;0.00;97.00;0.00;0.00;0.00;291.00;582.00;0.00;388.00;0.00;582.00;0.00;291.00;582.00;0.00;0.00;0.00;0.00;0.00;0.00;306.34;466.33;514.00;660.34;1332.67;1091.01;1286.68;1286.68;721.67;672.33;624.67;401.67;150.00;872.33;2046.33;1094.67;694.67;1519.33;449.33;1181.67;657.00;657.00;657.00;384.67
1772831095.8221943;0.00;0.00;0.00;0.00;97.00;0.00;0.00;0.00;291.00;582.00;0.00;388.00;0.00;582.00;0.00;291.00;582.00;0.00;0.00;0.00;0.00;0.00;0.00;306.34;466.33;514.00;660.34;1332.67;1091.01;1286.68;1286.68;721.67;672.33;624.67;401.67;150.00;872.33;2046.33;1094.67;694.67;1519.33;449.33;1181.67;657.00;657.00;657.00;384.67
1772831095.8241289;0.00;0.00;0.00;0.00;97.00;0.00;0.00;0.00;291.00;582.00;0.00;388.00;0.00;582.00;0.00;291.00;582.00;0.00;0.00;0.00;0.00;0.00;0.00;306.34;466.33;514.00;660.34;1332.67;1091.01;1286.68;1286.68;721.67;672.33;624.67;401.67;150.00;872.33;2046.33;1094.67;694.67;1519.33;449.33;1181.67;657.00;657.00;657.00;384.67
1772831111.6322665;0.00;0.00;0.00;0.00;0.00;0.00;0.00;0.00;0.00;194.00;0.00;194.00;0.00;485.00;0.00;291.00;291.00;0.00;0.00;0.00;0.00;0.00;0.00;241.67;674.00;401.67;160.00;161.66;0.00;0.00;0.00;112.33;560.00;464.67;337.00;0.00;80.00;171.66;0.00;464.67;427.00;619.33;427.67;657.00;544.67;432.33;384.67
1772831111.6335828;0.00;0.00;0.00;0.00;0.00;0.00;0.00;0.00;0.00;194.00;0.00;194.00;0.00;485.00;0.00;291.00;291.00;0.00;0.00;0.00;0.00;0.00;0.00;241.67;674.00;401.67;160.00;161.66;0.00;0.00;0.00;112.33;560.00;464.67;337.00;0.00;80.00;171.66;0.00;464.67;427.00;619.33;427.67;657.00;544.67;432.33;384.67
1772831111.682035;0.00;0.00;0.00;0.00;0.00;0.00;0.00;0.00;0.00;194.00;0.00;291.00;0.00;485.00;0.00;291.00;291.00;0.00;0.00;0.00;0.00;0.00;0.00;241.67;898.67;626.34;352.33;401.66;240.00;80.00;80.00;112.33;560.00;464.67;337.00;160.00;80.00;251.66;0.00;464.67;539.33;844.00;587.67;657.00;544.67;432.33;384.67
1772831111.6832783;0.00;0.00;0.00;0.00;0.00;0.00;0.00;0.00;0.00;194.00;0.00;291.00;0.00;485.00;0.00;291.00;291.00;0.00;0.00;0.00;0.00;0.00;0.00;241.67;898.67;626.34;352.33;401.66;240.00;80.00;80.00;112.33;560.00;464.67;337.00;160.00;80.00;251.66;0.00;464.67;539.33;844.00;587.67;657.00;544.67;432.33;384.67
1772831111.730891;0.00;0.00;0.00;0.00;0.00;0.00;0.00;0.00;0.00;194.00;0.00;291.00;0.00;485.00;0.00;291.00;388.00;0.00;0.00;0.00;0.00;0.00;0.00;241.67;898.67;626.34;352.33;481.66;304.67;240.00;240.00;112.33;560.00;464.67;337.00;384.67;80.00;411.66;0.00;464.67;689.33;844.00;700.00;657.00;544.67;432.33;384.67
1772831111.732277;0.00;0.00;0.00;0.00;0.00;0.00;0.00;0.00;0.00;194.00;0.00;291.00;0.00;485.00;0.00;291.00;388.00;0.00;0.00;0.00;0.00;0.00;0.00;241.67;898.67;626.34;352.33;481.66;304.67;240.00;240.00;112.33;560.00;464.67;337.00;384.67;80.00;411.66;0.00;464.67;689.33;844.00;700.00;657.00;544.67;432.33;384.67
1772831111.7786784;0.00;0.00;0.00;0.00;0.00;0.00;0.00;0.00;0.00;194.00;0.00;291.00;0.00;485.00;0.00;291.00;485.00;0.00;0.00;0.00;0.00;0.00;0.00;241.67;898.67;626.34;352.33;481.66;401.67;337.00;337.00;272.33;560.00;464.67;337.00;384.67;550.00;898.66;0.00;464.67;689.33;844.00;700.00;657.00;544.67;432.33;384.67
1772831111.7800293;0.00;0.00;0.00;0.00;0.00;0.00;0.00;0.00;0.00;194.00;0.00;291.00;0.00;485.00;0.00;291.00;485.00;0.00;0.00;0.00;0.00;0.00;0.00;241.67;898.67;626.34;352.33;481.66;401.67;337.00;337.00;272.33;560.00;464.67;337.00;384.67;550.00;898.66;0.00;464.67;689.33;844.00;700.00;657.00;544.67;432.33;384.67
1772831111.8264816;0.00;0.00;0.00;0.00;0.00;0.00;0.00;0.00;0.00;194.00;0.00;291.00;0.00;582.00;0.00;291.00;485.00;0.00;0.00;0.00;0.00;0.00;0.00;386.34;898.67;626.34;352.33;481.66;401.67;337.00;337.00;272.33;800.00;704.67;481.67;384.67;850.00;898.66;0.00;464.67;689.33;956.33;700.00;657.00;544.67;657.00;384.67
1772831111.827999;0.00;0.00;0.00;0.00;0.00;0.00;0.00;0.00;0.00;194.00;0.00;291.00;0.00;582.00;0.00;291.00;485.00;0.00;0.00;0.00;0.00;0.00;0.00;386.34;898.67;626.34;352.33;481.66;401.67;337.00;337.00;272.33;800.00;704.67;481.67;384.67;850.00;898.66;0.00;464.67;689.33;956.33;700.00;657.00;544.67;657.00;384.67
1772831111.8743062;0.00;0.00;0.00;0.00;0.00;0.00;0.00;0.00;0.00;291.00;0.00;291.00;0.00;582.00;0.00;291.00;485.00;0.00;0.00;0.00;0.00;0.00;0.00;386.34;898.67;626.34;352.33;481.66;401.67;337.00;434.00;337.00;800.00;704.67;481.67;384.67;1224.67;1160.99;0.00;464.67;689.33;956.33;700.00;657.00;544.67;657.00;384.67
1772831111.8756871;0.00;0.00;0.00;0.00;0.00;0.00;0.00;0.00;0.00;291.00;0.00;291.00;0.00;582.00;0.00;291.00;485.00;0.00;0.00;0.00;0.00;0.00;0.00;386.34;898.67;626.34;352.33;481.66;401.67;337.00;434.00;337.00;800.00;704.67;481.67;384.67;1224.67;1160.99;0.00;464.67;689.33;956.33;700.00;657.00;544.67;657.00;384.67
1772831111.9215674;0.00;0.00;0.00;0.00;0.00;0.00;0.00;0.00;0.00;388.00;0.00;291.00;0.00;582.00;0.00;291.00;485.00;0.00;0.00;0.00;0.00;0.00;0.00;386.34;898.67;626.34;352.33;481.66;401.67;337.00;531.00;577.00;800.00;704.67;481.67;384.67;1524.67;1160.99;0.00;464.67;689.33;956.33;700.00;657.00;544.67;657.00;384.67
1772831111.923152;0.00;0.00;0.00;0.00;0.00;0.00;0.00;0.00;0.00;388.00;0.00;291.00;0.00;582.00;0.00;291.00;485.00;0.00;0.00;0.00;0.00;0.00;0.00;386.34;898.67;626.34;352.33;481.66;401.67;337.00;531.00;577.00;800.00;704.67;481.67;384.67;1524.67;1160.99;0.00;464.67;689.33;956.33;700.00;657.00;544.67;657.00;384.67
1772831111.9693122;0.00;0.00;0.00;0.00;0.00;0.00;0.00;0.00;0.00;485.00;0.00;291.00;0.00;582.00;0.00;291.00;485.00;0.00;0.00;0.00;0.00;0.00;0.00;386.34;898.67;626.34;352.33;481.66;401.67;417.00;708.00;737.00;800.00;704.67;481.67;534.67;1674.67;1160.99;0.00;464.67;689.33;956.33;700.00;657.00;544.67;657.00;384.67
1772831111.9708807;0.00;0.00;0.00;0.00;0.00;0.00;0.00;0.00;0.00;485.00;0.00;291.00;0.00;582.00;0.00;291.00;485.00;0.00;0.00;0.00;0.00;0.00;0.00;386.34;898.67;626.34;352.33;481.66;401.67;417.00;708.00;737.00;800.00;704.67;481.67;534.67;1674.67;1160.99;0.00;464.67;689.33;956.33;700.00;657.00;544.67;657.00;384.67
1772831112.0169764;0.00;0.00;0.00;0.00;0.00;0.00;0.00;0.00;0.00;485.00;0.00;291.00;0.00;582.00;0.00;291.00;582.00;0.00;0.00;0.00;0.00;0.00;0.00;386.34;898.67;626.34;352.33;658.66;481.67;417.00;708.00;737.00;800.00;704.67;481.67;684.67;1674.67;1160.99;0.00;464.67;839.33;956.33;700.00;657.00;544.67;657.00;384.67
1772831112.018613;0.00;0.00;0.00;0.00;0.00;0.00;0.00;0.00;0.00;485.00;0.00;291.00;0.00;582.00;0.00;291.00;582.00;0.00;0.00;0.00;0.00;0.00;0.00;386.34;898.67;626.34;352.33;658.66;481.67;417.00;708.00;737.00;800.00;704.67;481.67;684.67;1674.67;1160.99;0.00;464.67;839.33;956.33;700.00;657.00;544.67;657.00;384.67
1772831112.064603;0.00;0.00;0.00;0.00;0.00;0.00;0.00;0.00;0.00;485.00;0.00;388.00;0.00;582.00;0.00;291.00;582.00;0.00;0.00;0.00;0.00;0.00;0.00;386.34;898.67;626.34;417.00;818.66;641.67;417.00;708.00;737.00;800.00;704.67;481.67;834.67;1674.67;1160.99;0.00;614.67;839.33;956.33;700.00;657.00;544.67;657.00;384.67
1772831112.066187;0.00;0.00;0.00;0.00;0.00;0.00;0.00;0.00;0.00;485.00;0.00;388.00;0.00;582.00;0.00;291.00;582.00;0.00;0.00;0.00;0.00;0.00;0.00;386.34;898.67;626.34;417.00;818.66;641.67;417.00;708.00;737.00;800.00;704.67;481.67;834.67;1674.67;1160.99;0.00;614.67;839.33;956.33;700.00;657.00;544.67;657.00;384.67
1772831112.249853;0.00;0.00;0.00;0.00;0.00;0.00;0.00;0.00;0.00;582.00;0.00;388.00;0.00;582.00;0.00;291.00;582.00;0.00;0.00;0.00;0.00;0.00;0.00;386.34;898.67;626.34;417.00;818.66;641.67;657.00;1045.00;1074.00;800.00;704.67;481.67;1134.67;1674.67;1160.99;0.00;614.67;839.33;956.33;700.00;657.00;544.67;657.00;384.67
1772831112.2515564;0.00;0.00;0.00;0.00;0.00;0.00;0.00;0.00;0.00;582.00;0.00;388.00;0.00;582.00;0.00;291.00;582.00;0.00;0.00;0.00;0.00;0.00;0.00;386.34;898.67;626.34;417.00;818.66;641.67;657.00;1045.00;1074.00;800.00;704.67;481.67;1134.67;1674.67;1160.99;0.00;614.67;839.33;956.33;700.00;657.00;544.67;657.00;384.67
1772831112.2992744;0.00;0.00;0.00;0.00;0.00;0.00;0.00;0.00;0.00;582.00;0.00;388.00;0.00;582.00;0.00;291.00;582.00;0.00;0.00;0.00;0.00;0.00;97.00;386.34;898.67;626.34;417.00;818.66;641.67;801.67;1189.67;1218.67;944.67;801.67;481.67;1434.67;1674.67;1160.99;0.00;614.67;839.33;956.33;700.00;657.00;657.00;657.00;384.67
1772831112.3009953;0.00;0.00;0.00;0.00;0.00;0.00;0.00;0.00;0.00;582.00;0.00;388.00;0.00;582.00;0.00;291.00;582.00;0.00;0.00;0.00;0.00;0.00;97.00;386.34;898.67;626.34;417.00;818.66;641.67;801.67;1189.67;1218.67;944.67;801.67;481.67;1434.67;1674.67;1160.99;0.00;614.67;839.33;956.33;700.00;657.00;657.00;657.00;384.67
1772831112.347857;0.00;0.00;0.00;0.00;0.00;0.00;0.00;0.00;0.00;582.00;0.00;388.00;0.00;582.00;0.00;291.00;582.00;0.00;0.00;0.00;0.00;0.00;194.00;466.34;898.67;626.34;417.00;818.66;641.67;866.34;1254.34;1283.34;1009.34;866.34;561.67;1584.67;1674.67;1160.99;0.00;614.67;839.33;1106.33;700.00;657.00;657.00;657.00;384.67
1772831112.3495495;0.00;0.00;0.00;0.00;0.00;0.00;0.00;0.00;0.00;582.00;0.00;388.00;0.00;582.00;0.00;291.00;582.00;0.00;0.00;0.00;0.00;0.00;194.00;466.34;898.67;626.34;417.00;818.66;641.67;866.34;1254.34;1283.34;1009.34;866.34;561.67;1584.67;1674.67;1160.99;0.00;614.67;839.33;1106.33;700.00;657.00;657.00;657.00;384.67
1772831112.393204;0.00;0.00;0.00;0.00;0.00;0.00;0.00;0.00;0.00;582.00;0.00;388.00;0.00;582.00;0.00;291.00;582.00;0.00;0.00;0.00;0.00;0.00;194.00;466.34;898.67;626.34;417.00;818.66;641.67;866.34;1254.34;1283.34;1009.34;866.34;561.67;1584.67;1674.67;1160.99;0.00;614.67;839.33;1106.33;700.00;657.00;657.00;657.00;384.67
1772831112.3948417;0.00;0.00;0.00;0.00;0.00;0.00;0.00;0.00;0.00;582.00;0.00;388.00;0.00;582.00;0.00;291.00;582.00;0.00;0.00;0.00;0.00;0.00;194.00;466.34;898.67;626.34;417.00;818.66;641.67;866.34;1254.34;1283.34;1009.34;866.34;561.67;1584.67;1674.67;1160.99;0.00;614.67;839.33;1106.33;700.00;657.00;657.00;657.00;384.67
1772831112.4379396;0.00;0.00;0.00;0.00;0.00;0.00;0.00;0.00;0.00;582.00;0.00;388.00;0.00;582.00;0.00;291.00;582.00;0.00;0.00;0.00;0.00;0.00;194.00;466.34;898.67;626.34;417.00;818.66;641.67;866.34;1254.34;1283.34;1009.34;866.34;561.67;1584.67;1674.67;1160.99;0.00;614.67;839.33;1106.33;700.00;657.00;657.00;657.00;384.67
1772831112.439582;0.00;0.00;0.00;0.00;0.00;0.00;0.00;0.00;0.00;582.00;0.00;388.00;0.00;582.00;0.00;291.00;582.00;0.00;0.00;0.00;0.00;0.00;194.00;466.34;898.67;626.34;417.00;818.66;641.67;866.34;1254.34;1283.34;1009.34;866.34;561.67;1584.67;1674.67;1160.99;0.00;614.67;839.33;1106.33;700.00;657.00;657.00;657.00;384.67
1772831112.4831789;0.00;0.00;0.00;0.00;0.00;0.00;0.00;0.00;0.00;582.00;0.00;388.00;0.00;582.00;0.00;291.00;582.00;0.00;0.00;0.00;0.00;0.00;194.00;466.34;898.67;626.34;417.00;818.66;641.67;866.34;1254.34;1283.34;1009.34;866.34;561.67;1584.67;1674.67;1160.99;0.00;614.67;839.33;1106.33;700.00;657.00;657.00;657.00;384.67
1772831112.4848661;0.00;0.00;0.00;0.00;0.00;0.00;0.00;0.00;0.00;582.00;0.00;388.00;0.00;582.00;0.00;291.00;582.00;0.00;0.00;0.00;0.00;0.00;194.00;466.34;898.67;626.34;417.00;818.66;641.67;866.34;1254.34;1283.34;1009.34;866.34;561.67;1584.67;1674.67;1160.99;0.00;614.67;839.33;1106.33;700.00;657.00;657.00;657.00;384.67
1772831112.5284598;0.00;0.00;0.00;0.00;0.00;0.00;0.00;0.00;0.00;582.00;0.00;388.00;0.00;582.00;0.00;291.00;582.00;0.00;0.00;0.00;0.00;0.00;194.00;466.34;898.67;626.34;417.00;818.66;641.67;866.34;1254.34;1283.34;1009.34;866.34;561.67;1584.67;1674.67;1160.99;0.00;614.67;839.33;1106.33;700.00;657.00;657.00;657.00;384.67
1772831112.5302918;0.00;0.00;0.00;0.00;0.00;0.00;0.00;0.00;0.00;582.00;0.00;388.00;0.00;582.00;0.00;291.00;582.00;0.00;0.00;0.00;0.00;0.00;194.00;466.34;898.67;626.34;417.00;818.66;641.67;866.34;1254.34;1283.34;1009.34;866.34;561.67;1584.67;1674.67;1160.99;0.00;614.67;839.33;1106.33;700.00;657.00;657.00;657.00;384.67
1772831123.706769;0.00;0.00;0.00;0.00;0.00;0.00;0.00;0.00;0.00;582.00;0.00;0.00;0.00;582.00;0.00;291.00;582.00;0.00;0.00;97.00;0.00;0.00;194.00;386.34;754.00;481.67;240.00;240.00;80.00;786.34;1174.34;1283.34;929.34;786.34;481.67;1050.00;1594.67;1080.99;0.00;112.33;727.00;881.66;160.00;657.00;657.00;657.00;384.67
1772831123.7083647;0.00;0.00;0.00;0.00;0.00;0.00;0.00;0.00;0.00;582.00;0.00;0.00;0.00;582.00;0.00;291.00;582.00;0.00;0.00;97.00;0.00;0.00;194.00;386.34;754.00;481.67;240.00;240.00;80.00;786.34;1174.34;1283.34;929.34;786.34;481.67;1050.00;1594.67;1080.99;0.00;112.33;727.00;881.66;160.00;657.00;657.00;657.00;384.67
1772831123.7568936;0.00;0.00;0.00;0.00;0.00;0.00;0.00;0.00;0.00;582.00;0.00;0.00;0.00;582.00;0.00;291.00;582.00;0.00;0.00;194.00;0.00;0.00;194.00;466.34;1058.67;786.34;400.00;400.00;240.00;786.34;1174.34;1283.34;1009.34;866.34;561.67;1210.00;1674.67;1080.99;0.00;224.66;727.00;1266.33;160.00;657.00;657.00;657.00;384.67
1772831123.7584348;0.00;0.00;0.00;0.00;0.00;0.00;0.00;0.00;0.00;582.00;0.00;0.00;0.00;582.00;0.00;291.00;582.00;0.00;0.00;194.00;0.00;0.00;194.00;466.34;1058.67;786.34;400.00;400.00;240.00;786.34;1174.34;1283.34;1009.34;866.34;561.67;1210.00;1674.67;1080.99;0.00;224.66;727.00;1266.33;160.00;657.00;657.00;657.00;384.67
1772831123.9236825;0.00;0.00;0.00;0.00;0.00;0.00;0.00;0.00;0.00;582.00;0.00;0.00;0.00;582.00;0.00;291.00;582.00;0.00;0.00;291.00;0.00;0.00;194.00;466.34;1058.67;786.34;497.00;544.67;384.67;866.34;1254.34;1283.34;1009.34;866.34;561.67;1274.67;1674.67;1160.99;0.00;224.66;839.33;1266.33;320.00;657.00;657.00;657.00;384.67
1772831123.9253826;0.00;0.00;0.00;0.00;0.00;0.00;0.00;0.00;0.00;582.00;0.00;0.00;0.00;582.00;0.00;291.00;582.00;0.00;0.00;291.00;0.00;0.00;194.00;466.34;1058.67;786.34;497.00;544.67;384.67;866.34;1254.34;1283.34;1009.34;866.34;561.67;1274.67;1674.67;1160.99;0.00;224.66;839.33;1266.33;320.00;657.00;657.00;657.00;384.67
1772831123.9717038;0.00;0.00;0.00;0.00;0.00;0.00;0.00;0.00;0.00;582.00;0.00;0.00;0.00;582.00;0.00;291.00;582.00;0.00;0.00;388.00;0.00;0.00;194.00;466.34;1058.67;786.34;561.67;704.67;544.67;866.34;1254.34;1283.34;1009.34;866.34;561.67;1424.67;1674.67;1160.99;0.00;374.66;839.33;1266.33;320.00;657.00;657.00;657.00;384.67
1772831123.9733052;0.00;0.00;0.00;0.00;0.00;0.00;0.00;0.00;0.00;582.00;0.00;0.00;0.00;582.00;0.00;291.00;582.00;0.00;0.00;388.00;0.00;0.00;194.00;466.34;1058.67;786.34;561.67;704.67;544.67;866.34;1254.34;1283.34;1009.34;866.34;561.67;1424.67;1674.67;1160.99;0.00;374.66;839.33;1266.33;320.00;657.00;657.00;657.00;384.67
1772831124.01743;0.00;0.00;0.00;0.00;0.00;0.00;0.00;0.00;0.00;582.00;0.00;0.00;0.00;582.00;0.00;291.00;582.00;0.00;0.00;388.00;0.00;0.00;194.00;466.34;1058.67;786.34;561.67;704.67;544.67;866.34;1254.34;1283.34;1009.34;866.34;561.67;1424.67;1674.67;1160.99;0.00;374.66;839.33;1266.33;320.00;657.00;657.00;657.00;384.67
1772831124.0190556;0.00;0.00;0.00;0.00;0.00;0.00;0.00;0.00;0.00;582.00;0.00;0.00;0.00;582.00;0.00;291.00;582.00;0.00;0.00;388.00;0.00;0.00;194.00;466.34;1058.67;786.34;561.67;704.67;544.67;866.34;1254.34;1283.34;1009.34;866.34;561.67;1424.67;1674.67;1160.99;0.00;374.66;839.33;1266.33;320.00;657.00;657.00;657.00;384.67
1772831124.061757;0.00;0.00;0.00;0.00;0.00;0.00;0.00;0.00;0.00;582.00;0.00;0.00;0.00;582.00;0.00;291.00;582.00;0.00;0.00;388.00;0.00;0.00;194.00;466.34;1058.67;786.34;561.67;704.67;544.67;866.34;1254.34;1283.34;1009.34;866.34;561.67;1424.67;1674.67;1160.99;0.00;374.66;839.33;1266.33;320.00;657.00;657.00;657.00;384.67
1772831124.0633667;0.00;0.00;0.00;0.00;0.00;0.00;0.00;0.00;0.00;582.00;0.00;0.00;0.00;582.00;0.00;291.00;582.00;0.00;0.00;388.00;0.00;0.00;194.00;466.34;1058.67;786.34;561.67;704.67;544.67;866.34;1254.34;1283.34;1009.34;866.34;561.67;1424.67;1674.67;1160.99;0.00;374.66;839.33;1266.33;320.00;657.00;657.00;657.00;384.67
1772831142.7364361;0.00;0.00;0.00;0.00;0.00;97.00;0.00;0.00;0.00;582.00;0.00;0.00;0.00;582.00;0.00;291.00;582.00;0.00;0.00;388.00;0.00;0.00;194.00;466.34;1058.67;786.34;561.67;704.67;544.67;866.34;1351.34;1283.34;1009.34;866.34;561.67;1424.67;1674.67;1160.99;97.00;374.66;839.33;1266.33;320.00;657.00;657.00;657.00;384.67
1772831142.7381866;0.00;0.00;0.00;0.00;0.00;97.00;0.00;0.00;0.00;582.00;0.00;0.00;0.00;582.00;0.00;291.00;582.00;0.00;0.00;388.00;0.00;0.00;194.00;466.34;1058.67;786.34;561.67;704.67;544.67;866.34;1351.34;1283.34;1009.34;866.34;561.67;1424.67;1674.67;1160.99;97.00;374.66;839.33;1266.33;320.00;657.00;657.00;657.00;384.67
1772831142.7869327;0.00;0.00;0.00;0.00;0.00;194.00;0.00;0.00;0.00;582.00;0.00;0.00;0.00;582.00;0.00;291.00;582.00;0.00;0.00;388.00;0.00;0.00;194.00;466.34;1058.67;786.34;561.67;704.67;544.67;866.34;1448.34;1283.34;1009.34;866.34;561.67;1424.67;1674.67;1160.99;424.00;374.66;839.33;1266.33;320.00;657.00;657.00;657.00;384.67
1772831142.788631;0.00;0.00;0.00;0.00;0.00;194.00;0.00;0.00;0.00;582.00;0.00;0.00;0.00;582.00;0.00;291.00;582.00;0.00;0.00;388.00;0.00;0.00;194.00;466.34;1058.67;786.34;561.67;704.67;544.67;866.34;1448.34;1283.34;1009.34;866.34;561.67;1424.67;1674.67;1160.99;424.00;374.66;839.33;1266.33;320.00;657.00;657.00;657.00;384.67
1772831142.8367481;0.00;0.00;0.00;0.00;0.00;291.00;0.00;0.00;0.00;582.00;0.00;0.00;0.00;582.00;0.00;291.00;582.00;0.00;0.00;388.00;0.00;0.00;194.00;466.34;1058.67;786.34;561.67;704.67;544.67;866.34;1545.34;1283.34;1009.34;866.34;561.67;1424.67;1674.67;1160.99;836.33;374.66;839.33;1266.33;320.00;657.00;657.00;657.00;384.67
1772831142.8384118;0.00;0.00;0.00;0.00;0.00;291.00;0.00;0.00;0.00;582.00;0.00;0.00;0.00;582.00;0.00;291.00;582.00;0.00;0.00;388.00;0.00;0.00;194.00;466.34;1058.67;786.34;561.67;704.67;544.67;866.34;1545.34;1283.34;1009.34;866.34;561.67;1424.67;1674.67;1160.99;836.33;374.66;839.33;1266.33;320.00;657.00;657.00;657.00;384.67
1772831142.88625;0.00;0.00;0.00;0.00;0.00;388.00;0.00;0.00;0.00;582.00;0.00;0.00;0.00;582.00;0.00;291.00;582.00;0.00;0.00;388.00;0.00;0.00;194.00;466.34;1058.67;786.34;561.67;704.67;544.67;866.34;1642.34;1283.34;1009.34;866.34;561.67;1424.67;1674.67;1160.99;1136.33;374.66;839.33;1266.33;320.00;657.00;657.00;657.00;384.67
1772831142.887971;0.00;0.00;0.00;0.00;0.00;388.00;0.00;0.00;0.00;582.00;0.00;0.00;0.00;582.00;0.00;291.00;582.00;0.00;0.00;388.00;0.00;0.00;194.00;466.34;1058.67;786.34;561.67;704.67;544.67;866.34;1642.34;1283.34;1009.34;866.34;561.67;1424.67;1674.67;1160.99;1136.33;374.66;839.33;1266.33;320.00;657.00;657.00;657.00;384.67
1772831142.9360836;0.00;0.00;0.00;0.00;0.00;485.00;0.00;0.00;0.00;582.00;0.00;0.00;0.00;582.00;0.00;291.00;582.00;0.00;0.00;388.00;0.00;0.00;194.00;466.34;1058.67;786.34;561.67;704.67;544.67;866.34;1739.34;1283.34;1009.34;866.34;561.67;1424.67;1674.67;1160.99;1436.33;374.66;839.33;1266.33;320.00;657.00;657.00;657.00;384.67
1772831142.9377723;0.00;0.00;0.00;0.00;0.00;485.00;0.00;0.00;0.00;582.00;0.00;0.00;0.00;582.00;0.00;291.00;582.00;0.00;0.00;388.00;0.00;0.00;194.00;466.34;1058.67;786.34;561.67;704.67;544.67;866.34;1739.34;1283.34;1009.34;866.34;561.67;1424.67;1674.67;1160.99;1436.33;374.66;839.33;1266.33;320.00;657.00;657.00;657.00;384.67
1772831143.1388335;0.00;0.00;0.00;0.00;0.00;582.00;0.00;0.00;0.00;582.00;0.00;0.00;0.00;582.00;0.00;291.00;582.00;0.00;0.00;388.00;0.00;0.00;194.00;466.34;1058.67;786.34;561.67;704.67;544.67;866.34;1836.34;1283.34;1009.34;866.34;561.67;1424.67;1674.67;1160.99;1736.33;374.66;839.33;1266.33;320.00;657.00;657.00;657.00;384.67
1772831143.1411982;0.00;0.00;0.00;0.00;0.00;582.00;0.00;0.00;0.00;582.00;0.00;0.00;0.00;582.00;0.00;291.00;582.00;0.00;0.00;388.00;0.00;0.00;194.00;466.34;1058.67;786.34;561.67;704.67;544.67;866.34;1836.34;1283.34;1009.34;866.34;561.67;1424.67;1674.67;1160.99;1736.33;374.66;839.33;1266.33;320.00;657.00;657.00;657.00;384.67
1772831165.786042;0.00;0.00;0.00;0.00;0.00;582.00;0.00;97.00;0.00;582.00;0.00;0.00;0.00;582.00;0.00;291.00;0.00;0.00;0.00;388.00;0.00;0.00;194.00;466.34;1058.67;786.34;561.67;287.67;12.00;655.34;1448.34;594.00;849.34;706.34;401.67;1387.00;0.00;160.00;1886.33;374.66;239.33;1266.33;207.67;657.00;337.00;657.00;224.67
1772831165.7877333;0.00;0.00;0.00;0.00;0.00;582.00;0.00;97.00;0.00;582.00;0.00;0.00;0.00;582.00;0.00;291.00;0.00;0.00;0.00;388.00;0.00;0.00;194.00;466.34;1058.67;786.34;561.67;287.67;12.00;655.34;1448.34;594.00;849.34;706.34;401.67;1387.00;0.00;160.00;1886.33;374.66;239.33;1266.33;207.67;657.00;337.00;657.00;224.67
1772831165.8419254;0.00;0.00;0.00;0.00;0.00;582.00;0.00;194.00;0.00;582.00;0.00;0.00;0.00;582.00;0.00;291.00;0.00;0.00;0.00;388.00;0.00;0.00;194.00;466.34;1058.67;786.34;561.67;287.67;172.00;767.67;1513.01;594.00;849.34;706.34;401.67;1499.33;0.00;224.67;2036.33;374.66;239.33;1266.33;367.67;657.00;337.00;657.00;224.67
1772831165.8434992;0.00;0.00;0.00;0.00;0.00;582.00;0.00;194.00;0.00;582.00;0.00;0.00;0.00;582.00;0.00;291.00;0.00;0.00;0.00;388.00;0.00;0.00;194.00;466.34;1058.67;786.34;561.67;287.67;172.00;767.67;1513.01;594.00;849.34;706.34;401.67;1499.33;0.00;224.67;2036.33;374.66;239.33;1266.33;367.67;657.00;337.00;657.00;224.67
1772831165.8969352;0.00;0.00;0.00;0.00;0.00;582.00;0.00;291.00;0.00;582.00;0.00;0.00;0.00;582.00;0.00;291.00;0.00;0.00;0.00;388.00;0.00;0.00;194.00;466.34;1058.67;786.34;561.67;287.67;172.00;880.00;1657.68;658.67;849.34;706.34;401.67;1611.66;64.67;534.67;2036.33;374.66;239.33;1266.33;367.67;657.00;337.00;657.00;224.67
1772831165.8987107;0.00;0.00;0.00;0.00;0.00;582.00;0.00;291.00;0.00;582.00;0.00;0.00;0.00;582.00;0.00;291.00;0.00;0.00;0.00;388.00;0.00;0.00;194.00;466.34;1058.67;786.34;561.67;287.67;172.00;880.00;1657.68;658.67;849.34;706.34;401.67;1611.66;64.67;534.67;2036.33;374.66;239.33;1266.33;367.67;657.00;337.00;657.00;224.67
1772831165.952166;0.00;0.00;0.00;0.00;0.00;582.00;0.00;388.00;0.00;582.00;0.00;0.00;0.00;582.00;0.00;291.00;0.00;0.00;0.00;388.00;0.00;0.00;194.00;466.34;1058.67;786.34;561.67;287.67;172.00;880.00;1754.68;803.34;849.34;706.34;401.67;1611.66;749.34;647.00;2036.33;374.66;239.33;1266.33;367.67;657.00;337.00;657.00;224.67
1772831165.9538937;0.00;0.00;0.00;0.00;0.00;582.00;0.00;388.00;0.00;582.00;0.00;0.00;0.00;582.00;0.00;291.00;0.00;0.00;0.00;388.00;0.00;0.00;194.00;466.34;1058.67;786.34;561.67;287.67;172.00;880.00;1754.68;803.34;849.34;706.34;401.67;1611.66;749.34;647.00;2036.33;374.66;239.33;1266.33;367.67;657.00;337.00;657.00;224.67
1772831166.0060582;0.00;0.00;0.00;0.00;0.00;582.00;0.00;485.00;0.00;582.00;0.00;0.00;0.00;582.00;0.00;291.00;0.00;0.00;0.00;388.00;0.00;0.00;194.00;466.34;1058.67;786.34;561.67;287.67;172.00;880.00;1754.68;803.34;849.34;706.34;401.67;1611.66;749.34;647.00;2336.33;374.66;239.33;1266.33;367.67;657.00;337.00;657.00;224.67
1772831166.0077515;0.00;0.00;0.00;0.00;0.00;582.00;0.00;485.00;0.00;582.00;0.00;0.00;0.00;582.00;0.00;291.00;0.00;0.00;0.00;388.00;0.00;0.00;194.00;466.34;1058.67;786.34;561.67;287.67;172.00;880.00;1754.68;803.34;849.34;706.34;401.67;1611.66;749.34;647.00;2336.33;374.66;239.33;1266.33;367.67;657.00;337.00;657.00;224.67
1772831166.0584643;0.00;0.00;0.00;0.00;0.00;582.00;0.00;582.00;0.00;582.00;0.00;0.00;0.00;582.00;0.00;291.00;0.00;0.00;0.00;388.00;0.00;0.00;194.00;626.34;1218.67;946.34;721.67;367.67;204.33;912.33;1819.35;868.01;914.01;866.34;561.67;1611.66;749.34;647.00;2336.33;374.66;539.33;1266.33;480.00;657.00;561.67;657.00;544.67
1772831166.0601904;0.00;0.00;0.00;0.00;0.00;582.00;0.00;582.00;0.00;582.00;0.00;0.00;0.00;582.00;0.00;291.00;0.00;0.00;0.00;388.00;0.00;0.00;194.00;626.34;1218.67;946.34;721.67;367.67;204.33;912.33;1819.35;868.01;914.01;866.34;561.67;1611.66;749.34;647.00;2336.33;374.66;539.33;1266.33;480.00;657.00;561.67;657.00;544.67
1772831182.8073292;0.00;0.00;0.00;0.00;0.00;582.00;0.00;582.00;0.00;485.00;0.00;0.00;0.00;0.00;0.00;291.00;0.00;0.00;0.00;388.00;0.00;97.00;194.00;80.00;784.67;304.67;304.67;207.67;44.33;512.33;1402.35;515.68;274.01;321.67;0.00;1611.66;310.00;0.00;2336.33;0.00;0.00;544.67;20.00;224.67;657.00;337.00;320.00
1772831182.809056;0.00;0.00;0.00;0.00;0.00;582.00;0.00;582.00;0.00;485.00;0.00;0.00;0.00;0.00;0.00;291.00;0.00;0.00;0.00;388.00;0.00;97.00;194.00;80.00;784.67;304.67;304.67;207.67;44.33;512.33;1402.35;515.68;274.01;321.67;0.00;1611.66;310.00;0.00;2336.33;0.00;0.00;544.67;20.00;224.67;657.00;337.00;320.00
1772831182.8635666;0.00;0.00;0.00;0.00;0.00;582.00;0.00;582.00;0.00;485.00;0.00;0.00;0.00;0.00;0.00;291.00;0.00;0.00;0.00;388.00;0.00;194.00;194.00;144.67;944.67;304.67;304.67;207.67;44.33;512.33;1402.35;595.68;354.01;401.67;224.67;1611.66;310.00;150.00;2336.33;0.00;0.00;769.34;20.00;384.67;657.00;449.33;480.00
1772831182.8651187;0.00;0.00;0.00;0.00;0.00;582.00;0.00;582.00;0.00;485.00;0.00;0.00;0.00;0.00;0.00;291.00;0.00;0.00;0.00;388.00;0.00;194.00;194.00;144.67;944.67;304.67;304.67;207.67;44.33;512.33;1402.35;595.68;354.01;401.67;224.67;1611.66;310.00;150.00;2336.33;0.00;0.00;769.34;20.00;384.67;657.00;449.33;480.00
1772831183.059204;0.00;0.00;0.00;0.00;0.00;582.00;0.00;582.00;0.00;485.00;0.00;0.00;0.00;0.00;0.00;291.00;0.00;0.00;0.00;388.00;0.00;291.00;194.00;209.34;1009.34;369.34;304.67;207.67;44.33;592.33;1482.35;675.68;434.01;481.67;289.34;1761.66;310.00;150.00;2336.33;64.67;0.00;769.34;20.00;384.67;657.00;561.66;480.00
1772831183.0614576;0.00;0.00;0.00;0.00;0.00;582.00;0.00;582.00;0.00;485.00;0.00;0.00;0.00;0.00;0.00;291.00;0.00;0.00;0.00;388.00;0.00;291.00;194.00;209.34;1009.34;369.34;304.67;207.67;44.33;592.33;1482.35;675.68;434.01;481.67;289.34;1761.66;310.00;150.00;2336.33;64.67;0.00;769.34;20.00;384.67;657.00;561.66;480.00
1772831183.132237;0.00;0.00;0.00;0.00;0.00;582.00;0.00;582.00;0.00;485.00;0.00;0.00;0.00;0.00;0.00;291.00;0.00;0.00;0.00;388.00;0.00;388.00;194.00;274.01;1074.01;434.01;464.67;287.67;124.33;672.33;1562.35;755.68;466.34;514.00;354.01;1761.66;422.33;150.00;2336.33;289.34;310.00;769.34;20.00;384.67;657.00;561.66;480.00
1772831183.13447;0.00;0.00;0.00;0.00;0.00;582.00;0.00;582.00;0.00;485.00;0.00;0.00;0.00;0.00;0.00;291.00;0.00;0.00;0.00;388.00;0.00;388.00;194.00;274.01;1074.01;434.01;464.67;287.67;124.33;672.33;1562.35;755.68;466.34;514.00;354.01;1761.66;422.33;150.00;2336.33;289.34;310.00;769.34;20.00;384.67;657.00;561.66;480.00
1772831183.200021;0.00;0.00;0.00;0.00;0.00;582.00;0.00;582.00;0.00;485.00;0.00;0.00;0.00;0.00;0.00;291.00;0.00;0.00;0.00;388.00;0.00;388.00;194.00;274.01;1074.01;434.01;464.67;287.67;124.33;672.33;1562.35;755.68;466.34;514.00;354.01;1761.66;422.33;150.00;2336.33;289.34;310.00;769.34;20.00;384.67;657.00;561.66;480.00
1772831183.2022805;0.00;0.00;0.00;0.00;0.00;582.00;0.00;582.00;0.00;485.00;0.00;0.00;0.00;0.00;0.00;291.00;0.00;0.00;0.00;388.00;0.00;388.00;194.00;274.01;1074.01;434.01;464.67;287.67;124.33;672.33;1562.35;755.68;466.34;514.00;354.01;1761.66;422.33;150.00;2336.33;289.34;310.00;769.34;20.00;384.67;657.00;561.66;480.00
1772831183.2676477;0.00;0.00;0.00;0.00;0.00;582.00;0.00;582.00;0.00;485.00;0.00;0.00;0.00;0.00;0.00;291.00;0.00;0.00;0.00;388.00;0.00;388.00;194.00;274.01;1074.01;434.01;464.67;287.67;124.33;672.33;1562.35;755.68;466.34;514.00;354.01;1761.66;422.33;150.00;2336.33;289.34;310.00;769.34;20.00;384.67;657.00;561.66;480.00
1772831183.2698603;0.00;0.00;0.00;0.00;0.00;582.00;0.00;582.00;0.00;485.00;0.00;0.00;0.00;0.00;0.00;291.00;0.00;0.00;0.00;388.00;0.00;388.00;194.00;274.01;1074.01;434.01;464.67;287.67;124.33;672.33;1562.35;755.68;466.34;514.00;354.01;1761.66;422.33;150.00;2336.33;289.34;310.00;769.34;20.00;384.67;657.00;561.66;480.00
1772831200.8383503;0.00;0.00;0.00;0.00;0.00;582.00;0.00;582.00;97.00;0.00;0.00;0.00;0.00;0.00;0.00;291.00;0.00;0.00;0.00;388.00;0.00;388.00;194.00;274.01;1074.01;434.01;464.67;47.67;92.00;0.00;406.68;64.67;466.34;514.00;354.01;411.66;374.67;262.33;2336.33;289.34;310.00;769.34;0.00;384.67;657.00;561.66;480.00
1772831200.8392434;0.00;0.00;0.00;0.00;0.00;582.00;0.00;582.00;97.00;0.00;0.00;0.00;0.00;0.00;0.00;291.00;0.00;0.00;0.00;388.00;0.00;388.00;194.00;274.01;1074.01;434.01;464.67;47.67;92.00;0.00;406.68;64.67;466.34;514.00;354.01;411.66;374.67;262.33;2336.33;289.34;310.00;769.34;0.00;384.67;657.00;561.66;480.00
1772831200.872347;0.00;0.00;0.00;0.00;0.00;582.00;0.00;582.00;194.00;0.00;0.00;0.00;0.00;0.00;0.00;291.00;0.00;0.00;0.00;388.00;0.00;388.00;194.00;274.01;1074.01;434.01;464.67;207.67;269.00;97.00;406.68;64.67;466.34;514.00;354.01;561.66;374.67;262.33;2336.33;289.34;780.00;769.34;337.00;384.67;657.00;561.66;480.00
1772831200.8732448;0.00;0.00;0.00;0.00;0.00;582.00;0.00;582.00;194.00;0.00;0.00;0.00;0.00;0.00;0.00;291.00;0.00;0.00;0.00;388.00;0.00;388.00;194.00;274.01;1074.01;434.01;464.67;207.67;269.00;97.00;406.68;64.67;466.34;514.00;354.01;561.66;374.67;262.33;2336.33;289.34;780.00;769.34;337.00;384.67;657.00;561.66;480.00
1772831200.905901;0.00;0.00;0.00;0.00;0.00;582.00;0.00;582.00;291.00;0.00;0.00;0.00;0.00;0.00;0.00;291.00;0.00;0.00;0.00;388.00;0.00;388.00;194.00;274.01;1074.01;434.01;464.67;320.00;381.33;209.33;551.35;144.67;466.34;514.00;354.01;561.66;524.67;412.33;2336.33;289.34;892.33;769.34;337.00;384.67;657.00;561.66;480.00
1772831200.9068377;0.00;0.00;0.00;0.00;0.00;582.00;0.00;582.00;291.00;0.00;0.00;0.00;0.00;0.00;0.00;291.00;0.00;0.00;0.00;388.00;0.00;388.00;194.00;274.01;1074.01;434.01;464.67;320.00;381.33;209.33;551.35;144.67;466.34;514.00;354.01;561.66;524.67;412.33;2336.33;289.34;892.33;769.34;337.00;384.67;657.00;561.66;480.00
1772831201.011147;0.00;0.00;0.00;0.00;0.00;582.00;0.00;582.00;388.00;0.00;0.00;0.00;0.00;0.00;0.00;291.00;0.00;0.00;0.00;388.00;0.00;388.00;194.00;274.01;1074.01;434.01;464.67;320.00;461.33;289.33;728.35;144.67;466.34;514.00;354.01;561.66;524.67;562.33;2336.33;289.34;892.33;769.34;487.00;384.67;657.00;561.66;480.00
1772831201.012126;0.00;0.00;0.00;0.00;0.00;582.00;0.00;582.00;388.00;0.00;0.00;0.00;0.00;0.00;0.00;291.00;0.00;0.00;0.00;388.00;0.00;388.00;194.00;274.01;1074.01;434.01;464.67;320.00;461.33;289.33;728.35;144.67;466.34;514.00;354.01;561.66;524.67;562.33;2336.33;289.34;892.33;769.34;487.00;384.67;657.00;561.66;480.00
1772831201.0431306;0.00;0.00;0.00;0.00;0.00;582.00;0.00;582.00;388.00;0.00;0.00;0.00;0.00;0.00;0.00;291.00;0.00;0.00;0.00;388.00;0.00;388.00;194.00;274.01;1074.01;434.01;464.67;320.00;461.33;289.33;728.35;144.67;466.34;514.00;354.01;561.66;524.67;562.33;2336.33;289.34;892.33;769.34;487.00;384.67;657.00;561.66;480.00
1772831201.0441284;0.00;0.00;0.00;0.00;0.00;582.00;0.00;582.00;388.00;0.00;0.00;0.00;0.00;0.00;0.00;291.00;0.00;0.00;0.00;388.00;0.00;388.00;194.00;274.01;1074.01;434.01;464.67;320.00;461.33;289.33;728.35;144.67;466.34;514.00;354.01;561.66;524.67;562.33;2336.33;289.34;892.33;769.34;487.00;384.67;657.00;561.66;480.00
1772831201.07499;0.00;0.00;0.00;0.00;0.00;582.00;0.00;582.00;388.00;0.00;0.00;0.00;0.00;0.00;0.00;291.00;0.00;0.00;0.00;388.00;0.00;388.00;194.00;274.01;1074.01;434.01;464.67;320.00;461.33;289.33;728.35;144.67;466.34;514.00;354.01;561.66;524.67;562.33;2336.33;289.34;892.33;769.34;487.00;384.67;657.00;561.66;480.00
1772831201.075895;0.00;0.00;0.00;0.00;0.00;582.00;0.00;582.00;388.00;0.00;0.00;0.00;0.00;0.00;0.00;291.00;0.00;0.00;0.00;388.00;0.00;388.00;194.00;274.01;1074.01;434.01;464.67;320.00;461.33;289.33;728.35;144.67;466.34;514.00;354.01;561.66;524.67;562.33;2336.33;289.34;892.33;769.34;487.00;384.67;657.00;561.66;480.00
1772831227.882946;0.00;0.00;0.00;0.00;97.00;582.00;0.00;582.00;388.00;0.00;0.00;0.00;0.00;0.00;0.00;0.00;0.00;0.00;0.00;388.00;0.00;388.00;194.00;274.01;994.01;354.01;144.67;0.00;80.00;80.00;519.01;80.00;466.34;514.00;354.01;561.66;524.67;0.00;2336.33;139.34;892.33;619.34;487.00;384.67;657.00;561.66;480.00
1772831227.8846157;0.00;0.00;0.00;0.00;97.00;582.00;0.00;582.00;388.00;0.00;0.00;0.00;0.00;0.00;0.00;0.00;0.00;0.00;0.00;388.00;0.00;388.00;194.00;274.01;994.01;354.01;144.67;0.00;80.00;80.00;519.01;80.00;466.34;514.00;354.01;561.66;524.67;0.00;2336.33;139.34;892.33;619.34;487.00;384.67;657.00;561.66;480.00
1772831227.9375813;0.00;0.00;0.00;0.00;194.00;582.00;0.00;582.00;388.00;0.00;0.00;0.00;0.00;0.00;0.00;0.00;0.00;0.00;0.00;388.00;0.00;388.00;194.00;274.01;994.01;354.01;224.67;80.00;160.00;160.00;599.01;160.00;466.34;514.00;354.01;561.66;674.67;0.00;2336.33;289.34;892.33;619.34;487.00;384.67;657.00;561.66;480.00
1772831227.9391494;0.00;0.00;0.00;0.00;194.00;582.00;0.00;582.00;388.00;0.00;0.00;0.00;0.00;0.00;0.00;0.00;0.00;0.00;0.00;388.00;0.00;388.00;194.00;274.01;994.01;354.01;224.67;80.00;160.00;160.00;599.01;160.00;466.34;514.00;354.01;561.66;674.67;0.00;2336.33;289.34;892.33;619.34;487.00;384.67;657.00;561.66;480.00
1772831227.9922264;0.00;0.00;0.00;0.00;291.00;582.00;0.00;582.00;388.00;0.00;0.00;0.00;0.00;0.00;0.00;0.00;0.00;0.00;0.00;388.00;0.00;388.00;194.00;354.01;994.01;354.01;224.67;80.00;160.00;160.00;599.01;160.00;546.34;594.00;434.01;561.66;824.67;0.00;2336.33;289.34;892.33;769.34;487.00;384.67;657.00;561.66;480.00
1772831227.9939835;0.00;0.00;0.00;0.00;291.00;582.00;0.00;582.00;388.00;0.00;0.00;0.00;0.00;0.00;0.00;0.00;0.00;0.00;0.00;388.00;0.00;388.00;194.00;354.01;994.01;354.01;224.67;80.00;160.00;160.00;599.01;160.00;546.34;594.00;434.01;561.66;824.67;0.00;2336.33;289.34;892.33;769.34;487.00;384.67;657.00;561.66;480.00
1772831228.046786;0.00;0.00;0.00;0.00;291.00;582.00;0.00;582.00;388.00;0.00;0.00;0.00;0.00;0.00;0.00;0.00;0.00;0.00;0.00;388.00;0.00;388.00;194.00;354.01;994.01;354.01;224.67;80.00;160.00;160.00;599.01;160.00;546.34;594.00;434.01;561.66;824.67;0.00;2336.33;289.34;892.33;769.34;487.00;384.67;657.00;561.66;480.00
1772831228.0491097;0.00;0.00;0.00;0.00;291.00;582.00;0.00;582.00;388.00;0.00;0.00;0.00;0.00;0.00;0.00;0.00;0.00;0.00;0.00;388.00;0.00;388.00;194.00;354.01;994.01;354.01;224.67;80.00;160.00;160.00;599.01;160.00;546.34;594.00;434.01;561.66;824.67;0.00;2336.33;289.34;892.33;769.34;487.00;384.67;657.00;561.66;480.00
1772831228.1146479;0.00;0.00;0.00;0.00;291.00;582.00;0.00;582.00;388.00;0.00;0.00;0.00;0.00;0.00;0.00;0.00;0.00;0.00;0.00;388.00;0.00;388.00;194.00;354.01;994.01;354.01;224.67;80.00;160.00;160.00;599.01;160.00;546.34;594.00;434.01;561.66;824.67;0.00;2336.33;289.34;892.33;769.34;487.00;384.67;657.00;561.66;480.00
1772831228.1169074;0.00;0.00;0.00;0.00;291.00;582.00;0.00;582.00;388.00;0.00;0.00;0.00;0.00;0.00;0.00;0.00;0.00;0.00;0.00;388.00;0.00;388.00;194.00;354.01;994.01;354.01;224.67;80.00;160.00;160.00;599.01;160.00;546.34;594.00;434.01;561.66;824.67;0.00;2336.33;289.34;892.33;769.34;487.00;384.67;657.00;561.66;480.00
1772831228.3323393;0.00;0.00;0.00;0.00;291.00;582.00;0.00;582.00;388.00;0.00;0.00;0.00;0.00;0.00;0.00;0.00;0.00;0.00;0.00;388.00;0.00;388.00;194.00;354.01;994.01;354.01;224.67;80.00;160.00;160.00;599.01;160.00;546.34;594.00;434.01;561.66;824.67;0.00;2336.33;289.34;892.33;769.34;487.00;384.67;657.00;561.66;480.00
1772831228.3344362;0.00;0.00;0.00;0.00;291.00;582.00;0.00;582.00;388.00;0.00;0.00;0.00;0.00;0.00;0.00;0.00;0.00;0.00;0.00;388.00;0.00;388.00;194.00;354.01;994.01;354.01;224.67;80.00;160.00;160.00;599.01;160.00;546.34;594.00;434.01;561.66;824.67;0.00;2336.33;289.34;892.33;769.34;487.00;384.67;657.00;561.66;480.00
1772831231.563358;0.00;0.00;0.00;0.00;194.00;582.00;0.00;388.00;194.00;0.00;0.00;0.00;0.00;0.00;0.00;0.00;0.00;0.00;0.00;291.00;0.00;388.00;194.00;194.01;274.01;160.00;144.67;240.00;240.00;0.00;0.00;0.00;481.67;434.00;274.01;314.66;374.67;0.00;1736.33;209.34;224.67;129.34;0.00;320.00;432.33;561.66;160.00
1772831231.5641937;0.00;0.00;0.00;0.00;194.00;582.00;0.00;388.00;194.00;0.00;0.00;0.00;0.00;0.00;0.00;0.00;0.00;0.00;0.00;291.00;0.00;388.00;194.00;194.01;274.01;160.00;144.67;240.00;240.00;0.00;0.00;0.00;481.67;434.00;274.01;314.66;374.67;0.00;1736.33;209.34;224.67;129.34;0.00;320.00;432.33;561.66;160.00
1772831231.5973387;0.00;0.00;0.00;0.00;194.00;582.00;0.00;485.00;194.00;0.00;0.00;0.00;0.00;0.00;0.00;0.00;0.00;0.00;0.00;291.00;0.00;388.00;194.00;194.01;274.01;160.00;144.67;400.00;400.00;337.00;240.00;0.00;481.67;434.00;274.01;651.66;374.67;240.00;1736.33;209.34;384.67;129.34;0.00;320.00;432.33;561.66;160.00
1772831231.598103;0.00;0.00;0.00;0.00;194.00;582.00;0.00;485.00;194.00;0.00;0.00;0.00;0.00;0.00;0.00;0.00;0.00;0.00;0.00;291.00;0.00;388.00;194.00;194.01;274.01;160.00;144.67;400.00;400.00;337.00;240.00;0.00;481.67;434.00;274.01;651.66;374.67;240.00;1736.33;209.34;384.67;129.34;0.00;320.00;432.33;561.66;160.00
1772831231.6310458;0.00;0.00;0.00;0.00;194.00;582.00;0.00;485.00;291.00;0.00;0.00;0.00;0.00;0.00;0.00;0.00;0.00;0.00;0.00;291.00;0.00;388.00;194.00;354.01;274.01;160.00;144.67;400.00;400.00;417.00;417.00;64.67;546.34;594.00;434.01;801.66;374.67;352.33;1736.33;209.34;384.67;289.34;0.00;320.00;657.00;561.66;480.00
1772831231.6318812;0.00;0.00;0.00;0.00;194.00;582.00;0.00;485.00;291.00;0.00;0.00;0.00;0.00;0.00;0.00;0.00;0.00;0.00;0.00;291.00;0.00;388.00;194.00;354.01;274.01;160.00;144.67;400.00;400.00;417.00;417.00;64.67;546.34;594.00;434.01;801.66;374.67;352.33;1736.33;209.34;384.67;289.34;0.00;320.00;657.00;561.66;480.00
1772831231.663722;0.00;0.00;0.00;0.00;194.00;582.00;0.00;485.00;291.00;0.00;0.00;0.00;0.00;0.00;0.00;0.00;0.00;0.00;0.00;388.00;0.00;388.00;194.00;354.01;274.01;160.00;289.34;400.00;400.00;417.00;417.00;64.67;546.34;594.00;434.01;801.66;374.67;352.33;1736.33;321.67;684.67;289.34;0.00;320.00;657.00;561.66;480.00
1772831231.6645107;0.00;0.00;0.00;0.00;194.00;582.00;0.00;485.00;291.00;0.00;0.00;0.00;0.00;0.00;0.00;0.00;0.00;0.00;0.00;388.00;0.00;388.00;194.00;354.01;274.01;160.00;289.34;400.00;400.00;417.00;417.00;64.67;546.34;594.00;434.01;801.66;374.67;352.33;1736.33;321.67;684.67;289.34;0.00;320.00;657.00;561.66;480.00
1772831231.693867;0.00;0.00;0.00;0.00;194.00;582.00;0.00;485.00;291.00;0.00;0.00;0.00;0.00;0.00;0.00;0.00;0.00;0.00;0.00;388.00;0.00;388.00;194.00;354.01;274.01;160.00;289.34;400.00;400.00;417.00;417.00;64.67;546.34;594.00;434.01;801.66;374.67;352.33;1736.33;321.67;684.67;289.34;0.00;320.00;657.00;561.66;480.00
1772831231.6946936;0.00;0.00;0.00;0.00;194.00;582.00;0.00;485.00;291.00;0.00;0.00;0.00;0.00;0.00;0.00;0.00;0.00;0.00;0.00;388.00;0.00;388.00;194.00;354.01;274.01;160.00;289.34;400.00;400.00;417.00;417.00;64.67;546.34;594.00;434.01;801.66;374.67;352.33;1736.33;321.67;684.67;289.34;0.00;320.00;657.00;561.66;480.00
1772831231.7241008;0.00;0.00;0.00;0.00;194.00;582.00;0.00;485.00;291.00;0.00;0.00;0.00;0.00;0.00;0.00;0.00;0.00;0.00;0.00;388.00;0.00;388.00;194.00;354.01;274.01;160.00;289.34;400.00;400.00;417.00;417.00;64.67;546.34;594.00;434.01;801.66;374.67;352.33;1736.33;321.67;684.67;289.34;0.00;320.00;657.00;561.66;480.00
1772831231.7249403;0.00;0.00;0.00;0.00;194.00;582.00;0.00;485.00;291.00;0.00;0.00;0.00;0.00;0.00;0.00;0.00;0.00;0.00;0.00;388.00;0.00;388.00;194.00;354.01;274.01;160.00;289.34;400.00;400.00;417.00;417.00;64.67;546.34;594.00;434.01;801.66;374.67;352.33;1736.33;321.67;684.67;289.34;0.00;320.00;657.00;561.66;480.00
1772831231.8216958;0.00;0.00;0.00;0.00;194.00;582.00;0.00;485.00;291.00;0.00;0.00;0.00;0.00;0.00;0.00;0.00;0.00;0.00;0.00;388.00;0.00;388.00;194.00;354.01;274.01;160.00;289.34;400.00;400.00;417.00;417.00;64.67;546.34;594.00;434.01;801.66;374.67;352.33;1736.33;321.67;684.67;289.34;0.00;320.00;657.00;561.66;480.00
1772831231.8225842;0.00;0.00;0.00;0.00;194.00;582.00;0.00;485.00;291.00;0.00;0.00;0.00;0.00;0.00;0.00;0.00;0.00;0.00;0.00;388.00;0.00;388.00;194.00;354.01;274.01;160.00;289.34;400.00;400.00;417.00;417.00;64.67;546.34;594.00;434.01;801.66;374.67;352.33;1736.33;321.67;684.67;289.34;0.00;320.00;657.00;561.66;480.00
1772831245.927475;0.00;0.00;0.00;0.00;194.00;582.00;0.00;485.00;291.00;0.00;0.00;0.00;0.00;0.00;0.00;0.00;97.00;0.00;0.00;0.00;0.00;388.00;194.00;274.01;0.00;0.00;0.00;112.33;144.67;417.00;417.00;64.67;466.34;514.00;354.01;396.33;294.67;352.33;1736.33;0.00;112.33;0.00;0.00;160.00;657.00;561.66;480.00
1772831245.929068;0.00;0.00;0.00;0.00;194.00;582.00;0.00;485.00;291.00;0.00;0.00;0.00;0.00;0.00;0.00;0.00;97.00;0.00;0.00;0.00;0.00;388.00;194.00;274.01;0.00;0.00;0.00;112.33;144.67;417.00;417.00;64.67;466.34;514.00;354.01;396.33;294.67;352.33;1736.33;0.00;112.33;0.00;0.00;160.00;657.00;561.66;480.00
1772831245.9705634;0.00;0.00;0.00;0.00;194.00;582.00;0.00;485.00;291.00;0.00;0.00;0.00;0.00;0.00;0.00;0.00;194.00;0.00;0.00;0.00;0.00;388.00;194.00;434.01;160.00;160.00;160.00;272.33;401.67;497.00;497.00;144.67;626.34;674.00;514.01;733.33;524.67;352.33;1736.33;0.00;112.33;320.00;0.00;160.00;657.00;561.66;480.00
1772831245.971349;0.00;0.00;0.00;0.00;194.00;582.00;0.00;485.00;291.00;0.00;0.00;0.00;0.00;0.00;0.00;0.00;194.00;0.00;0.00;0.00;0.00;388.00;194.00;434.01;160.00;160.00;160.00;272.33;401.67;497.00;497.00;144.67;626.34;674.00;514.01;733.33;524.67;352.33;1736.33;0.00;112.33;320.00;0.00;160.00;657.00;561.66;480.00
1772831246.0043297;0.00;0.00;0.00;0.00;194.00;582.00;0.00;485.00;291.00;0.00;0.00;0.00;0.00;0.00;0.00;0.00;291.00;0.00;0.00;0.00;0.00;388.00;194.00;434.01;160.00;160.00;160.00;352.33;578.67;657.00;657.00;144.67;626.34;674.00;514.01;1070.33;524.67;502.33;1736.33;0.00;262.33;320.00;0.00;160.00;657.00;561.66;480.00
1772831246.0051103;0.00;0.00;0.00;0.00;194.00;582.00;0.00;485.00;291.00;0.00;0.00;0.00;0.00;0.00;0.00;0.00;291.00;0.00;0.00;0.00;0.00;388.00;194.00;434.01;160.00;160.00;160.00;352.33;578.67;657.00;657.00;144.67;626.34;674.00;514.01;1070.33;524.67;502.33;1736.33;0.00;262.33;320.00;0.00;160.00;657.00;561.66;480.00
1772831246.0380266;0.00;0.00;0.00;0.00;194.00;582.00;0.00;485.00;291.00;0.00;0.00;0.00;0.00;0.00;0.00;0.00;388.00;0.00;0.00;0.00;0.00;388.00;194.00;434.01;160.00;320.00;417.00;449.33;578.67;657.00;657.00;144.67;626.34;674.00;514.01;1070.33;524.67;502.33;1736.33;487.00;412.33;320.00;0.00;320.00;657.00;561.66;480.00
1772831246.0388374;0.00;0.00;0.00;0.00;194.00;582.00;0.00;485.00;291.00;0.00;0.00;0.00;0.00;0.00;0.00;0.00;388.00;0.00;0.00;0.00;0.00;388.00;194.00;434.01;160.00;320.00;417.00;449.33;578.67;657.00;657.00;144.67;626.34;674.00;514.01;1070.33;524.67;502.33;1736.33;487.00;412.33;320.00;0.00;320.00;657.00;561.66;480.00
1772831246.0688589;0.00;0.00;0.00;0.00;194.00;582.00;0.00;485.00;291.00;0.00;0.00;0.00;0.00;0.00;0.00;0.00;388.00;0.00;0.00;0.00;0.00;388.00;194.00;434.01;160.00;320.00;417.00;449.33;578.67;657.00;657.00;144.67;626.34;674.00;514.01;1070.33;524.67;502.33;1736.33;487.00;412.33;320.00;0.00;320.00;657.00;561.66;480.00
1772831246.0696788;0.00;0.00;0.00;0.00;194.00;582.00;0.00;485.00;291.00;0.00;0.00;0.00;0.00;0.00;0.00;0.00;388.00;0.00;0.00;0.00;0.00;388.00;194.00;434.01;160.00;320.00;417.00;449.33;578.67;657.00;657.00;144.67;626.34;674.00;514.01;1070.33;524.67;502.33;1736.33;487.00;412.33;320.00;0.00;320.00;657.00;561.66;480.00
1772831246.0999084;0.00;0.00;0.00;0.00;194.00;582.00;0.00;485.00;291.00;0.00;0.00;0.00;0.00;0.00;0.00;0.00;388.00;0.00;0.00;0.00;0.00;388.00;194.00;434.01;160.00;320.00;417.00;449.33;578.67;657.00;657.00;144.67;626.34;674.00;514.01;1070.33;524.67;502.33;1736.33;487.00;412.33;320.00;0.00;320.00;657.00;561.66;480.00
1772831246.100698;0.00;0.00;0.00;0.00;194.00;582.00;0.00;485.00;291.00;0.00;0.00;0.00;0.00;0.00;0.00;0.00;388.00;0.00;0.00;0.00;0.00;388.00;194.00;434.01;160.00;320.00;417.00;449.33;578.67;657.00;657.00;144.67;626.34;674.00;514.01;1070.33;524.67;502.33;1736.33;487.00;412.33;320.00;0.00;320.00;657.00;561.66;480.00
1772831263.9367504;0.00;0.00;0.00;0.00;194.00;0.00;0.00;485.00;291.00;0.00;0.00;0.00;0.00;0.00;0.00;0.00;485.00;0.00;0.00;0.00;0.00;388.00;0.00;354.01;160.00;320.00;417.00;449.33;658.67;527.66;0.00;0.00;417.00;512.33;434.01;0.00;524.67;502.33;80.00;487.00;412.33;170.00;177.00;320.00;544.67;561.66;480.00
1772831263.9376295;0.00;0.00;0.00;0.00;194.00;0.00;0.00;485.00;291.00;0.00;0.00;0.00;0.00;0.00;0.00;0.00;485.00;0.00;0.00;0.00;0.00;388.00;0.00;354.01;160.00;320.00;417.00;449.33;658.67;527.66;0.00;0.00;417.00;512.33;434.01;0.00;524.67;502.33;80.00;487.00;412.33;170.00;177.00;320.00;544.67;561.66;480.00
1772831264.0527887;0.00;0.00;0.00;0.00;194.00;0.00;0.00;485.00;291.00;0.00;0.00;0.00;0.00;0.00;0.00;0.00;582.00;0.00;0.00;0.00;0.00;388.00;0.00;354.01;160.00;320.00;417.00;449.33;803.34;672.33;0.00;0.00;417.00;512.33;434.01;0.00;524.67;502.33;454.67;487.00;412.33;170.00;289.33;320.00;544.67;561.66;480.00
1772831264.0535955;0.00;0.00;0.00;0.00;194.00;0.00;0.00;485.00;291.00;0.00;0.00;0.00;0.00;0.00;0.00;0.00;582.00;0.00;0.00;0.00;0.00;388.00;0.00;354.01;160.00;320.00;417.00;449.33;803.34;672.33;0.00;0.00;417.00;512.33;434.01;0.00;524.67;502.33;454.67;487.00;412.33;170.00;289.33;320.00;544.67;561.66;480.00
1772831264.0880966;0.00;0.00;0.00;0.00;194.00;0.00;0.00;485.00;291.00;0.00;0.00;0.00;0.00;0.00;0.00;0.00;679.00;0.00;0.00;0.00;0.00;388.00;0.00;354.01;160.00;320.00;417.00;449.33;900.34;769.33;0.00;0.00;417.00;512.33;434.01;0.00;524.67;502.33;781.67;487.00;412.33;170.00;289.33;320.00;544.67;561.66;480.00
1772831264.0888698;0.00;0.00;0.00;0.00;194.00;0.00;0.00;485.00;291.00;0.00;0.00;0.00;0.00;0.00;0.00;0.00;679.00;0.00;0.00;0.00;0.00;388.00;0.00;354.01;160.00;320.00;417.00;449.33;900.34;769.33;0.00;0.00;417.00;512.33;434.01;0.00;524.67;502.33;781.67;487.00;412.33;170.00;289.33;320.00;544.67;561.66;480.00
1772831264.1241288;0.00;0.00;0.00;0.00;194.00;0.00;0.00;485.00;291.00;0.00;0.00;0.00;0.00;0.00;0.00;0.00;776.00;0.00;0.00;0.00;0.00;388.00;0.00;354.01;160.00;320.00;417.00;449.33;997.34;866.33;0.00;0.00;417.00;512.33;434.01;0.00;524.67;502.33;1194.00;487.00;412.33;170.00;289.33;320.00;544.67;561.66;480.00
1772831264.1250162;0.00;0.00;0.00;0.00;194.00;0.00;0.00;485.00;291.00;0.00;0.00;0.00;0.00;0.00;0.00;0.00;776.00;0.00;0.00;0.00;0.00;388.00;0.00;354.01;160.00;320.00;417.00;449.33;997.34;866.33;0.00;0.00;417.00;512.33;434.01;0.00;524.67;502.33;1194.00;487.00;412.33;170.00;289.33;320.00;544.67;561.66;480.00
1772831264.1604044;0.00;0.00;0.00;0.00;194.00;0.00;0.00;485.00;291.00;0.00;0.00;0.00;0.00;0.00;0.00;0.00;873.00;0.00;0.00;0.00;0.00;388.00;0.00;354.01;160.00;320.00;417.00;449.33;1094.34;963.33;0.00;0.00;417.00;512.33;434.01;0.00;524.67;502.33;1606.33;487.00;412.33;170.00;289.33;320.00;544.67;561.66;480.00
1772831264.1613135;0.00;0.00;0.00;0.00;194.00;0.00;0.00;485.00;291.00;0.00;0.00;0.00;0.00;0.00;0.00;0.00;873.00;0.00;0.00;0.00;0.00;388.00;0.00;354.01;160.00;320.00;417.00;449.33;1094.34;963.33;0.00;0.00;417.00;512.33;434.01;0.00;524.67;502.33;1606.33;487.00;412.33;170.00;289.33;320.00;544.67;561.66;480.00
1772831264.19664;0.00;0.00;0.00;0.00;194.00;0.00;0.00;485.00;291.00;0.00;0.00;0.00;0.00;0.00;0.00;0.00;970.00;0.00;0.00;0.00;0.00;388.00;0.00;354.01;160.00;320.00;417.00;449.33;1191.34;1060.33;112.33;0.00;417.00;512.33;434.01;0.00;524.67;614.66;1906.33;487.00;412.33;170.00;289.33;320.00;544.67;561.66;480.00
1772831264.1975534;0.00;0.00;0.00;0.00;194.00;0.00;0.00;485.00;291.00;0.00;0.00;0.00;0.00;0.00;0.00;0.00;970.00;0.00;0.00;0.00;0.00;388.00;0.00;354.01;160.00;320.00;417.00;449.33;1191.34;1060.33;112.33;0.00;417.00;512.33;434.01;0.00;524.67;614.66;1906.33;487.00;412.33;170.00;289.33;320.00;544.67;561.66;480.00
1772831282.995109;0.00;0.00;0.00;0.00;194.00;0.00;0.00;485.00;291.00;0.00;0.00;0.00;0.00;0.00;0.00;0.00;1067.00;0.00;0.00;0.00;0.00;388.00;0.00;354.01;160.00;320.00;417.00;449.33;1288.34;1157.33;272.33;0.00;417.00;512.33;434.01;0.00;524.67;764.66;2056.33;487.00;412.33;170.00;289.33;320.00;544.67;561.66;480.00
1772831282.9959612;0.00;0.00;0.00;0.00;194.00;0.00;0.00;485.00;291.00;0.00;0.00;0.00;0.00;0.00;0.00;0.00;1067.00;0.00;0.00;0.00;0.00;388.00;0.00;354.01;160.00;320.00;417.00;449.33;1288.34;1157.33;272.33;0.00;417.00;512.33;434.01;0.00;524.67;764.66;2056.33;487.00;412.33;170.00;289.33;320.00;544.67;561.66;480.00
1772831283.0304615;0.00;0.00;0.00;0.00;194.00;0.00;0.00;485.00;291.00;0.00;0.00;0.00;0.00;0.00;0.00;0.00;1164.00;0.00;0.00;0.00;0.00;388.00;0.00;354.01;160.00;320.00;417.00;514.00;1320.67;1269.66;432.33;0.00;417.00;512.33;434.01;150.00;524.67;764.66;2056.33;487.00;562.33;170.00;289.33;320.00;544.67;561.66;480.00
1772831283.0312917;0.00;0.00;0.00;0.00;194.00;0.00;0.00;485.00;291.00;0.00;0.00;0.00;0.00;0.00;0.00;0.00;1164.00;0.00;0.00;0.00;0.00;388.00;0.00;354.01;160.00;320.00;417.00;514.00;1320.67;1269.66;432.33;0.00;417.00;512.33;434.01;150.00;524.67;764.66;2056.33;487.00;562.33;170.00;289.33;320.00;544.67;561.66;480.00
1772831283.153745;0.00;0.00;0.00;0.00;194.00;0.00;0.00;485.00;291.00;0.00;0.00;0.00;0.00;0.00;0.00;0.00;1261.00;0.00;0.00;0.00;0.00;388.00;0.00;354.01;160.00;320.00;417.00;738.67;1593.00;1381.99;592.33;0.00;417.00;512.33;434.01;300.00;524.67;764.66;2056.33;487.00;562.33;170.00;439.33;320.00;544.67;561.66;480.00
1772831283.1549878;0.00;0.00;0.00;0.00;194.00;0.00;0.00;485.00;291.00;0.00;0.00;0.00;0.00;0.00;0.00;0.00;1261.00;0.00;0.00;0.00;0.00;388.00;0.00;354.01;160.00;320.00;417.00;738.67;1593.00;1381.99;592.33;0.00;417.00;512.33;434.01;300.00;524.67;764.66;2056.33;487.00;562.33;170.00;439.33;320.00;544.67;561.66;480.00
1772831283.2026412;0.00;0.00;0.00;0.00;194.00;0.00;0.00;485.00;291.00;0.00;0.00;0.00;0.00;0.00;0.00;0.00;1358.00;0.00;0.00;0.00;0.00;388.00;0.00;354.01;160.00;320.00;417.00;851.00;1657.67;1446.66;657.00;0.00;417.00;512.33;434.01;300.00;524.67;914.66;2056.33;487.00;562.33;170.00;589.33;320.00;544.67;561.66;480.00
1772831283.203903;0.00;0.00;0.00;0.00;194.00;0.00;0.00;485.00;291.00;0.00;0.00;0.00;0.00;0.00;0.00;0.00;1358.00;0.00;0.00;0.00;0.00;388.00;0.00;354.01;160.00;320.00;417.00;851.00;1657.67;1446.66;657.00;0.00;417.00;512.33;434.01;300.00;524.67;914.66;2056.33;487.00;562.33;170.00;589.33;320.00;544.67;561.66;480.00
1772831283.25089;0.00;0.00;0.00;0.00;194.00;0.00;0.00;485.00;291.00;0.00;0.00;0.00;0.00;0.00;0.00;0.00;1455.00;0.00;0.00;0.00;0.00;388.00;0.00;354.01;160.00;320.00;417.00;851.00;1834.67;1511.33;721.67;0.00;417.00;512.33;434.01;300.00;524.67;1064.66;2056.33;487.00;562.33;170.00;739.33;320.00;544.67;561.66;480.00
1772831283.252149;0.00;0.00;0.00;0.00;194.00;0.00;0.00;485.00;291.00;0.00;0.00;0.00;0.00;0.00;0.00;0.00;1455.00;0.00;0.00;0.00;0.00;388.00;0.00;354.01;160.00;320.00;417.00;851.00;1834.67;1511.33;721.67;0.00;417.00;512.33;434.01;300.00;524.67;1064.66;2056.33;487.00;562.33;170.00;739.33;320.00;544.67;561.66;480.00
1772831283.2995691;0.00;0.00;0.00;0.00;194.00;0.00;0.00;485.00;291.00;0.00;0.00;0.00;0.00;0.00;0.00;0.00;1552.00;0.00;0.00;0.00;0.00;388.00;0.00;354.01;160.00;320.00;417.00;851.00;2011.67;1576.00;786.34;160.00;417.00;512.33;434.01;300.00;674.67;1064.66;2056.33;487.00;562.33;170.00;889.33;320.00;544.67;561.66;480.00
1772831283.30081;0.00;0.00;0.00;0.00;194.00;0.00;0.00;485.00;291.00;0.00;0.00;0.00;0.00;0.00;0.00;0.00;1552.00;0.00;0.00;0.00;0.00;388.00;0.00;354.01;160.00;320.00;417.00;851.00;2011.67;1576.00;786.34;160.00;417.00;512.33;434.01;300.00;674.67;1064.66;2056.33;487.00;562.33;170.00;889.33;320.00;544.67;561.66;480.00
1772831304.0272355;0.00;97.00;0.00;0.00;194.00;0.00;0.00;485.00;291.00;0.00;0.00;0.00;0.00;0.00;0.00;0.00;1552.00;0.00;0.00;0.00;0.00;0.00;0.00;160.00;0.00;190.66;257.00;771.00;1931.67;1256.00;466.34;97.00;160.00;470.00;80.00;150.00;739.34;914.66;2056.33;197.66;252.33;0.00;889.33;160.00;534.67;470.00;320.00
1772831304.0281575;0.00;97.00;0.00;0.00;194.00;0.00;0.00;485.00;291.00;0.00;0.00;0.00;0.00;0.00;0.00;0.00;1552.00;0.00;0.00;0.00;0.00;0.00;0.00;160.00;0.00;190.66;257.00;771.00;1931.67;1256.00;466.34;97.00;160.00;470.00;80.00;150.00;739.34;914.66;2056.33;197.66;252.33;0.00;889.33;160.00;534.67;470.00;320.00
1772831304.0662262;0.00;194.00;0.00;0.00;194.00;0.00;0.00;485.00;291.00;0.00;0.00;0.00;0.00;0.00;0.00;0.00;1552.00;0.00;0.00;0.00;0.00;0.00;0.00;320.00;160.00;190.66;257.00;771.00;1931.67;1336.00;546.34;161.67;224.67;534.67;240.00;300.00;739.34;914.66;2056.33;197.66;252.33;320.00;889.33;320.00;534.67;694.67;320.00
1772831304.067176;0.00;194.00;0.00;0.00;194.00;0.00;0.00;485.00;291.00;0.00;0.00;0.00;0.00;0.00;0.00;0.00;1552.00;0.00;0.00;0.00;0.00;0.00;0.00;320.00;160.00;190.66;257.00;771.00;1931.67;1336.00;546.34;161.67;224.67;534.67;240.00;300.00;739.34;914.66;2056.33;197.66;252.33;320.00;889.33;320.00;534.67;694.67;320.00
1772831304.1802716;0.00;291.00;0.00;0.00;194.00;0.00;0.00;485.00;291.00;0.00;0.00;0.00;0.00;0.00;0.00;0.00;1552.00;0.00;0.00;0.00;0.00;0.00;0.00;320.00;160.00;190.66;257.00;1011.00;2171.67;1576.00;786.34;498.67;224.67;534.67;240.00;300.00;739.34;914.66;2056.33;197.66;562.33;320.00;889.33;320.00;534.67;694.67;320.00
1772831304.181194;0.00;291.00;0.00;0.00;194.00;0.00;0.00;485.00;291.00;0.00;0.00;0.00;0.00;0.00;0.00;0.00;1552.00;0.00;0.00;0.00;0.00;0.00;0.00;320.00;160.00;190.66;257.00;1011.00;2171.67;1576.00;786.34;498.67;224.67;534.67;240.00;300.00;739.34;914.66;2056.33;197.66;562.33;320.00;889.33;320.00;534.67;694.67;320.00
1772831304.2169902;0.00;388.00;0.00;0.00;194.00;0.00;0.00;485.00;291.00;0.00;0.00;0.00;0.00;0.00;0.00;0.00;1552.00;0.00;0.00;0.00;0.00;0.00;0.00;400.00;160.00;190.66;417.00;1075.67;2236.34;1640.67;851.01;531.00;304.67;614.67;320.00;300.00;739.34;914.66;2056.33;357.66;787.00;470.00;889.33;320.00;534.67;694.67;480.00
1772831304.2179961;0.00;388.00;0.00;0.00;194.00;0.00;0.00;485.00;291.00;0.00;0.00;0.00;0.00;0.00;0.00;0.00;1552.00;0.00;0.00;0.00;0.00;0.00;0.00;400.00;160.00;190.66;417.00;1075.67;2236.34;1640.67;851.01;531.00;304.67;614.67;320.00;300.00;739.34;914.66;2056.33;357.66;787.00;470.00;889.33;320.00;534.67;694.67;480.00
1772831304.2542737;0.00;485.00;0.00;0.00;194.00;0.00;0.00;485.00;291.00;0.00;0.00;0.00;0.00;0.00;0.00;0.00;1552.00;0.00;0.00;0.00;0.00;0.00;0.00;464.67;160.00;190.66;417.00;1235.67;2316.34;1720.67;931.01;708.00;369.34;679.34;384.67;300.00;739.34;914.66;2056.33;357.66;947.00;844.67;1039.33;320.00;534.67;694.67;480.00
1772831304.255302;0.00;485.00;0.00;0.00;194.00;0.00;0.00;485.00;291.00;0.00;0.00;0.00;0.00;0.00;0.00;0.00;1552.00;0.00;0.00;0.00;0.00;0.00;0.00;464.67;160.00;190.66;417.00;1235.67;2316.34;1720.67;931.01;708.00;369.34;679.34;384.67;300.00;739.34;914.66;2056.33;357.66;947.00;844.67;1039.33;320.00;534.67;694.67;480.00
1772831304.288488;0.00;485.00;0.00;0.00;194.00;0.00;0.00;485.00;291.00;0.00;0.00;0.00;0.00;0.00;0.00;0.00;1552.00;0.00;0.00;0.00;0.00;0.00;0.00;464.67;160.00;190.66;417.00;1235.67;2316.34;1720.67;931.01;708.00;369.34;679.34;384.67;300.00;739.34;914.66;2056.33;357.66;947.00;844.67;1039.33;320.00;534.67;694.67;480.00
1772831304.2893863;0.00;485.00;0.00;0.00;194.00;0.00;0.00;485.00;291.00;0.00;0.00;0.00;0.00;0.00;0.00;0.00;1552.00;0.00;0.00;0.00;0.00;0.00;0.00;464.67;160.00;190.66;417.00;1235.67;2316.34;1720.67;931.01;708.00;369.34;679.34;384.67;300.00;739.34;914.66;2056.33;357.66;947.00;844.67;1039.33;320.00;534.67;694.67;480.00
1772831321.0695903;0.00;485.00;0.00;0.00;194.00;0.00;0.00;97.00;0.00;0.00;0.00;0.00;0.00;0.00;0.00;0.00;1552.00;0.00;0.00;0.00;0.00;0.00;0.00;304.67;160.00;190.66;417.00;963.34;1884.01;439.01;240.00;289.32;304.67;519.34;224.67;337.00;0.00;240.00;256.33;357.66;674.67;684.67;1039.33;320.00;310.00;694.67;160.00
1772831321.0712512;0.00;485.00;0.00;0.00;194.00;0.00;0.00;97.00;0.00;0.00;0.00;0.00;0.00;0.00;0.00;0.00;1552.00;0.00;0.00;0.00;0.00;0.00;0.00;304.67;160.00;190.66;417.00;963.34;1884.01;439.01;240.00;289.32;304.67;519.34;224.67;337.00;0.00;240.00;256.33;357.66;674.67;684.67;1039.33;320.00;310.00;694.67;160.00
1772831321.1346996;0.00;485.00;0.00;0.00;194.00;0.00;0.00;194.00;0.00;0.00;0.00;0.00;0.00;0.00;0.00;0.00;1552.00;0.00;0.00;0.00;0.00;0.00;0.00;304.67;160.00;190.66;417.00;963.34;1884.01;776.01;400.00;289.32;304.67;519.34;224.67;674.00;0.00;400.00;406.33;357.66;674.67;684.67;1039.33;320.00;310.00;694.67;160.00
1772831321.1363933;0.00;485.00;0.00;0.00;194.00;0.00;0.00;194.00;0.00;0.00;0.00;0.00;0.00;0.00;0.00;0.00;1552.00;0.00;0.00;0.00;0.00;0.00;0.00;304.67;160.00;190.66;417.00;963.34;1884.01;776.01;400.00;289.32;304.67;519.34;224.67;674.00;0.00;400.00;406.33;357.66;674.67;684.67;1039.33;320.00;310.00;694.67;160.00
1772831321.1996393;0.00;485.00;0.00;0.00;194.00;0.00;0.00;291.00;0.00;0.00;0.00;0.00;0.00;0.00;0.00;0.00;1552.00;0.00;0.00;0.00;0.00;0.00;0.00;304.67;160.00;190.66;417.00;1123.34;2044.01;808.34;464.67;449.32;304.67;519.34;224.67;936.33;160.00;624.67;406.33;357.66;834.67;684.67;1039.33;320.00;310.00;694.67;160.00
1772831321.2012932;0.00;485.00;0.00;0.00;194.00;0.00;0.00;291.00;0.00;0.00;0.00;0.00;0.00;0.00;0.00;0.00;1552.00;0.00;0.00;0.00;0.00;0.00;0.00;304.67;160.00;190.66;417.00;1123.34;2044.01;808.34;464.67;449.32;304.67;519.34;224.67;936.33;160.00;624.67;406.33;357.66;834.67;684.67;1039.33;320.00;310.00;694.67;160.00
1772831321.3367448;0.00;485.00;0.00;0.00;194.00;0.00;0.00;388.00;0.00;0.00;0.00;0.00;0.00;0.00;0.00;0.00;1552.00;0.00;0.00;0.00;0.00;0.00;0.00;304.67;160.00;190.66;417.00;1123.34;2044.01;808.34;561.67;593.99;304.67;519.34;224.67;936.33;534.67;737.00;406.33;357.66;834.67;684.67;1039.33;320.00;310.00;694.67;160.00
1772831321.3376887;0.00;485.00;0.00;0.00;194.00;0.00;0.00;388.00;0.00;0.00;0.00;0.00;0.00;0.00;0.00;0.00;1552.00;0.00;0.00;0.00;0.00;0.00;0.00;304.67;160.00;190.66;417.00;1123.34;2044.01;808.34;561.67;593.99;304.67;519.34;224.67;936.33;534.67;737.00;406.33;357.66;834.67;684.67;1039.33;320.00;310.00;694.67;160.00
1772831321.3771405;0.00;485.00;0.00;0.00;194.00;0.00;0.00;485.00;0.00;0.00;0.00;0.00;0.00;0.00;0.00;0.00;1552.00;0.00;0.00;0.00;0.00;0.00;0.00;304.67;160.00;190.66;417.00;1123.34;2044.01;808.34;706.34;658.66;304.67;519.34;224.67;936.33;909.34;887.00;406.33;357.66;834.67;684.67;1039.33;320.00;310.00;694.67;160.00
1772831321.3783655;0.00;485.00;0.00;0.00;194.00;0.00;0.00;485.00;0.00;0.00;0.00;0.00;0.00;0.00;0.00;0.00;1552.00;0.00;0.00;0.00;0.00;0.00;0.00;304.67;160.00;190.66;417.00;1123.34;2044.01;808.34;706.34;658.66;304.67;519.34;224.67;936.33;909.34;887.00;406.33;357.66;834.67;684.67;1039.33;320.00;310.00;694.67;160.00
1772831321.4182477;0.00;485.00;0.00;0.00;194.00;0.00;0.00;582.00;0.00;0.00;0.00;0.00;0.00;0.00;0.00;0.00;1552.00;0.00;0.00;0.00;0.00;0.00;0.00;304.67;160.00;190.66;417.00;1123.34;2044.01;808.34;851.01;883.33;304.67;519.34;224.67;936.33;1134.01;1187.00;406.33;357.66;834.67;684.67;1039.33;320.00;310.00;694.67;160.00
1772831321.4192555;0.00;485.00;0.00;0.00;194.00;0.00;0.00;582.00;0.00;0.00;0.00;0.00;0.00;0.00;0.00;0.00;1552.00;0.00;0.00;0.00;0.00;0.00;0.00;304.67;160.00;190.66;417.00;1123.34;2044.01;808.34;851.01;883.33;304.67;519.34;224.67;936.33;1134.01;1187.00;406.33;357.66;834.67;684.67;1039.33;320.00;310.00;694.67;160.00
1772831354.0976593;0.00;485.00;0.00;0.00;0.00;0.00;0.00;582.00;0.00;97.00;0.00;0.00;0.00;0.00;0.00;0.00;1552.00;0.00;0.00;0.00;0.00;0.00;0.00;224.67;160.00;190.66;337.00;1043.34;1884.01;648.34;931.01;723.33;224.67;439.34;144.67;936.33;234.01;1487.00;406.33;207.66;834.67;534.67;1039.33;320.00;310.00;694.67;160.00
1772831354.0994582;0.00;485.00;0.00;0.00;0.00;0.00;0.00;582.00;0.00;97.00;0.00;0.00;0.00;0.00;0.00;0.00;1552.00;0.00;0.00;0.00;0.00;0.00;0.00;224.67;160.00;190.66;337.00;1043.34;1884.01;648.34;931.01;723.33;224.67;439.34;144.67;936.33;234.01;1487.00;406.33;207.66;834.67;534.67;1039.33;320.00;310.00;694.67;160.00
1772831354.1609945;0.00;485.00;0.00;0.00;0.00;0.00;0.00;582.00;0.00;194.00;0.00;0.00;0.00;0.00;0.00;0.00;1552.00;0.00;0.00;0.00;0.00;0.00;0.00;384.67;160.00;190.66;337.00;1043.34;1884.01;648.34;1075.68;868.00;289.34;599.34;304.67;936.33;384.01;1487.00;406.33;207.66;834.67;694.67;1039.33;320.00;534.67;694.67;480.00
1772831354.1628191;0.00;485.00;0.00;0.00;0.00;0.00;0.00;582.00;0.00;194.00;0.00;0.00;0.00;0.00;0.00;0.00;1552.00;0.00;0.00;0.00;0.00;0.00;0.00;384.67;160.00;190.66;337.00;1043.34;1884.01;648.34;1075.68;868.00;289.34;599.34;304.67;936.33;384.01;1487.00;406.33;207.66;834.67;694.67;1039.33;320.00;534.67;694.67;480.00
1772831354.2231238;0.00;485.00;0.00;0.00;0.00;0.00;0.00;582.00;0.00;291.00;0.00;0.00;0.00;0.00;0.00;0.00;1552.00;0.00;0.00;0.00;0.00;0.00;0.00;384.67;160.00;190.66;417.00;1075.67;1916.34;680.67;1140.35;1028.00;289.34;599.34;304.67;936.33;534.01;1487.00;406.33;517.66;947.00;694.67;1039.33;320.00;534.67;694.67;480.00
1772831354.2249455;0.00;485.00;0.00;0.00;0.00;0.00;0.00;582.00;0.00;291.00;0.00;0.00;0.00;0.00;0.00;0.00;1552.00;0.00;0.00;0.00;0.00;0.00;0.00;384.67;160.00;190.66;417.00;1075.67;1916.34;680.67;1140.35;1028.00;289.34;599.34;304.67;936.33;534.01;1487.00;406.33;517.66;947.00;694.67;1039.33;320.00;534.67;694.67;480.00
1772831354.284183;0.00;485.00;0.00;0.00;0.00;0.00;0.00;582.00;0.00;388.00;0.00;0.00;0.00;0.00;0.00;0.00;1552.00;0.00;0.00;0.00;0.00;0.00;0.00;464.67;160.00;190.66;417.00;1075.67;1916.34;680.67;1237.35;1125.00;369.34;679.34;384.67;936.33;684.01;1487.00;406.33;517.66;947.00;844.67;1039.33;320.00;534.67;694.67;480.00
1772831354.2861125;0.00;485.00;0.00;0.00;0.00;0.00;0.00;582.00;0.00;388.00;0.00;0.00;0.00;0.00;0.00;0.00;1552.00;0.00;0.00;0.00;0.00;0.00;0.00;464.67;160.00;190.66;417.00;1075.67;1916.34;680.67;1237.35;1125.00;369.34;679.34;384.67;936.33;684.01;1487.00;406.33;517.66;947.00;844.67;1039.33;320.00;534.67;694.67;480.00
1772831354.4709978;0.00;485.00;0.00;0.00;0.00;0.00;0.00;582.00;0.00;388.00;0.00;0.00;0.00;0.00;0.00;0.00;1552.00;0.00;0.00;0.00;0.00;0.00;0.00;464.67;160.00;190.66;417.00;1075.67;1916.34;680.67;1237.35;1125.00;369.34;679.34;384.67;936.33;684.01;1487.00;406.33;517.66;947.00;844.67;1039.33;320.00;534.67;694.67;480.00
1772831354.4728558;0.00;485.00;0.00;0.00;0.00;0.00;0.00;582.00;0.00;388.00;0.00;0.00;0.00;0.00;0.00;0.00;1552.00;0.00;0.00;0.00;0.00;0.00;0.00;464.67;160.00;190.66;417.00;1075.67;1916.34;680.67;1237.35;1125.00;369.34;679.34;384.67;936.33;684.01;1487.00;406.33;517.66;947.00;844.67;1039.33;320.00;534.67;694.67;480.00
1772831354.5280507;0.00;485.00;0.00;0.00;0.00;0.00;0.00;582.00;0.00;388.00;0.00;0.00;0.00;0.00;0.00;0.00;1552.00;0.00;0.00;0.00;0.00;0.00;0.00;464.67;160.00;190.66;417.00;1075.67;1916.34;680.67;1237.35;1125.00;369.34;679.34;384.67;936.33;684.01;1487.00;406.33;517.66;947.00;844.67;1039.33;320.00;534.67;694.67;480.00
1772831354.5298085;0.00;485.00;0.00;0.00;0.00;0.00;0.00;582.00;0.00;388.00;0.00;0.00;0.00;0.00;0.00;0.00;1552.00;0.00;0.00;0.00;0.00;0.00;0.00;464.67;160.00;190.66;417.00;1075.67;1916.34;680.67;1237.35;1125.00;369.34;679.34;384.67;936.33;684.01;1487.00;406.33;517.66;947.00;844.67;1039.33;320.00;534.67;694.67;480.00
1772831372.1295862;0.00;485.00;0.00;0.00;0.00;0.00;0.00;582.00;0.00;388.00;97.00;0.00;0.00;0.00;0.00;0.00;1164.00;0.00;0.00;0.00;0.00;0.00;0.00;304.67;320.00;224.67;240.00;546.34;777.67;200.67;757.35;1045.00;209.34;519.34;224.67;240.00;454.01;1337.00;406.33;142.99;234.67;844.67;1039.33;384.67;534.67;694.67;480.00
1772831372.1313186;0.00;485.00;0.00;0.00;0.00;0.00;0.00;582.00;0.00;388.00;97.00;0.00;0.00;0.00;0.00;0.00;1164.00;0.00;0.00;0.00;0.00;0.00;0.00;304.67;320.00;224.67;240.00;546.34;777.67;200.67;757.35;1045.00;209.34;519.34;224.67;240.00;454.01;1337.00;406.33;142.99;234.67;844.67;1039.33;384.67;534.67;694.67;480.00
1772831372.1924975;0.00;485.00;0.00;0.00;0.00;0.00;0.00;582.00;0.00;388.00;194.00;0.00;0.00;0.00;0.00;0.00;1164.00;0.00;0.00;0.00;0.00;0.00;0.00;304.67;320.00;224.67;384.67;691.01;922.34;280.67;837.35;1125.00;209.34;519.34;224.67;304.67;534.01;1337.00;406.33;255.32;394.67;844.67;1039.33;384.67;534.67;694.67;480.00
1772831372.1941311;0.00;485.00;0.00;0.00;0.00;0.00;0.00;582.00;0.00;388.00;194.00;0.00;0.00;0.00;0.00;0.00;1164.00;0.00;0.00;0.00;0.00;0.00;0.00;304.67;320.00;224.67;384.67;691.01;922.34;280.67;837.35;1125.00;209.34;519.34;224.67;304.67;534.01;1337.00;406.33;255.32;394.67;844.67;1039.33;384.67;534.67;694.67;480.00
1772831372.2539635;0.00;485.00;0.00;0.00;0.00;0.00;0.00;582.00;0.00;388.00;291.00;0.00;0.00;0.00;0.00;0.00;1164.00;0.00;0.00;0.00;0.00;0.00;0.00;304.67;320.00;224.67;481.67;771.01;1002.34;360.67;917.35;1125.00;209.34;519.34;224.67;464.67;534.01;1487.00;406.33;255.32;657.00;844.67;1039.33;384.67;534.67;694.67;480.00
1772831372.255643;0.00;485.00;0.00;0.00;0.00;0.00;0.00;582.00;0.00;388.00;291.00;0.00;0.00;0.00;0.00;0.00;1164.00;0.00;0.00;0.00;0.00;0.00;0.00;304.67;320.00;224.67;481.67;771.01;1002.34;360.67;917.35;1125.00;209.34;519.34;224.67;464.67;534.01;1487.00;406.33;255.32;657.00;844.67;1039.33;384.67;534.67;694.67;480.00
1772831372.4279506;0.00;485.00;0.00;0.00;0.00;0.00;0.00;582.00;0.00;388.00;388.00;0.00;0.00;0.00;0.00;0.00;1164.00;0.00;0.00;0.00;0.00;0.00;0.00;304.67;320.00;224.67;561.67;771.01;1002.34;360.67;917.35;1125.00;209.34;519.34;224.67;464.67;534.01;1487.00;406.33;405.32;807.00;844.67;1039.33;384.67;534.67;694.67;480.00
1772831372.4297147;0.00;485.00;0.00;0.00;0.00;0.00;0.00;582.00;0.00;388.00;388.00;0.00;0.00;0.00;0.00;0.00;1164.00;0.00;0.00;0.00;0.00;0.00;0.00;304.67;320.00;224.67;561.67;771.01;1002.34;360.67;917.35;1125.00;209.34;519.34;224.67;464.67;534.01;1487.00;406.33;405.32;807.00;844.67;1039.33;384.67;534.67;694.67;480.00
1772831372.4897034;0.00;485.00;0.00;0.00;0.00;0.00;0.00;582.00;0.00;388.00;485.00;0.00;0.00;0.00;0.00;0.00;1164.00;0.00;0.00;0.00;0.00;0.00;0.00;304.67;320.00;224.67;561.67;771.01;1002.34;360.67;917.35;1125.00;209.34;519.34;224.67;464.67;534.01;1487.00;406.33;705.32;807.00;844.67;1039.33;384.67;534.67;694.67;480.00
1772831372.4914317;0.00;485.00;0.00;0.00;0.00;0.00;0.00;582.00;0.00;388.00;485.00;0.00;0.00;0.00;0.00;0.00;1164.00;0.00;0.00;0.00;0.00;0.00;0.00;304.67;320.00;224.67;561.67;771.01;1002.34;360.67;917.35;1125.00;209.34;519.34;224.67;464.67;534.01;1487.00;406.33;705.32;807.00;844.67;1039.33;384.67;534.67;694.67;480.00
1772831372.5474453;0.00;485.00;0.00;0.00;0.00;0.00;0.00;582.00;0.00;388.00;485.00;0.00;0.00;0.00;0.00;0.00;1164.00;0.00;0.00;0.00;0.00;0.00;0.00;304.67;320.00;224.67;561.67;771.01;1002.34;360.67;917.35;1125.00;209.34;519.34;224.67;464.67;534.01;1487.00;406.33;705.32;807.00;844.67;1039.33;384.67;534.67;694.67;480.00
1772831372.5492141;0.00;485.00;0.00;0.00;0.00;0.00;0.00;582.00;0.00;388.00;485.00;0.00;0.00;0.00;0.00;0.00;1164.00;0.00;0.00;0.00;0.00;0.00;0.00;304.67;320.00;224.67;561.67;771.01;1002.34;360.67;917.35;1125.00;209.34;519.34;224.67;464.67;534.01;1487.00;406.33;705.32;807.00;844.67;1039.33;384.67;534.67;694.67;480.00
1772831392.15048;0.00;485.00;0.00;0.00;0.00;0.00;0.00;582.00;0.00;388.00;485.00;0.00;0.00;0.00;0.00;0.00;582.00;0.00;0.00;0.00;0.00;97.00;0.00;304.67;320.00;224.67;561.67;771.01;0.00;0.00;709.69;1269.67;354.01;664.01;224.67;464.67;534.01;1374.67;144.67;705.32;807.00;844.67;750.00;384.67;534.67;807.00;480.00
1772831392.152257;0.00;485.00;0.00;0.00;0.00;0.00;0.00;582.00;0.00;388.00;485.00;0.00;0.00;0.00;0.00;0.00;582.00;0.00;0.00;0.00;0.00;97.00;0.00;304.67;320.00;224.67;561.67;771.01;0.00;0.00;709.69;1269.67;354.01;664.01;224.67;464.67;534.01;1374.67;144.67;705.32;807.00;844.67;750.00;384.67;534.67;807.00;480.00
1772831392.2166836;0.00;485.00;0.00;0.00;0.00;0.00;0.00;582.00;0.00;388.00;485.00;0.00;0.00;0.00;0.00;0.00;582.00;0.00;0.00;0.00;0.00;194.00;0.00;304.67;320.00;224.67;561.67;771.01;0.00;0.00;854.36;1366.67;451.01;761.01;224.67;464.67;534.01;1487.00;519.34;705.32;807.00;844.67;750.00;384.67;534.67;807.00;480.00
1772831392.218501;0.00;485.00;0.00;0.00;0.00;0.00;0.00;582.00;0.00;388.00;485.00;0.00;0.00;0.00;0.00;0.00;582.00;0.00;0.00;0.00;0.00;194.00;0.00;304.67;320.00;224.67;561.67;771.01;0.00;0.00;854.36;1366.67;451.01;761.01;224.67;464.67;534.01;1487.00;519.34;705.32;807.00;844.67;750.00;384.67;534.67;807.00;480.00
1772831392.2775908;0.00;485.00;0.00;0.00;0.00;0.00;0.00;582.00;0.00;388.00;485.00;0.00;0.00;0.00;0.00;0.00;582.00;0.00;0.00;0.00;0.00;194.00;0.00;304.67;320.00;224.67;561.67;771.01;0.00;0.00;854.36;1366.67;451.01;761.01;224.67;464.67;534.01;1487.00;519.34;705.32;807.00;844.67;750.00;384.67;534.67;807.00;480.00
1772831392.2794106;0.00;485.00;0.00;0.00;0.00;0.00;0.00;582.00;0.00;388.00;485.00;0.00;0.00;0.00;0.00;0.00;582.00;0.00;0.00;0.00;0.00;194.00;0.00;304.67;320.00;224.67;561.67;771.01;0.00;0.00;854.36;1366.67;451.01;761.01;224.67;464.67;534.01;1487.00;519.34;705.32;807.00;844.67;750.00;384.67;534.67;807.00;480.00
1772831392.4613323;0.00;485.00;0.00;0.00;0.00;0.00;0.00;582.00;0.00;388.00;485.00;0.00;0.00;0.00;0.00;0.00;582.00;0.00;0.00;0.00;0.00;194.00;0.00;304.67;320.00;224.67;561.67;771.01;0.00;0.00;854.36;1366.67;451.01;761.01;224.67;464.67;534.01;1487.00;519.34;705.32;807.00;844.67;750.00;384.67;534.67;807.00;480.00
1772831392.4630451;0.00;485.00;0.00;0.00;0.00;0.00;0.00;582.00;0.00;388.00;485.00;0.00;0.00;0.00;0.00;0.00;582.00;0.00;0.00;0.00;0.00;194.00;0.00;304.67;320.00;224.67;561.67;771.01;0.00;0.00;854.36;1366.67;451.01;761.01;224.67;464.67;534.01;1487.00;519.34;705.32;807.00;844.67;750.00;384.67;534.67;807.00;480.00
1772831392.521439;0.00;485.00;0.00;0.00;0.00;0.00;0.00;582.00;0.00;388.00;485.00;0.00;0.00;0.00;0.00;0.00;582.00;0.00;0.00;0.00;0.00;194.00;0.00;304.67;320.00;224.67;561.67;771.01;0.00;0.00;854.36;1366.67;451.01;761.01;224.67;464.67;534.01;1487.00;519.34;705.32;807.00;844.67;750.00;384.67;534.67;807.00;480.00
1772831392.5230803;0.00;485.00;0.00;0.00;0.00;0.00;0.00;582.00;0.00;388.00;485.00;0.00;0.00;0.00;0.00;0.00;582.00;0.00;0.00;0.00;0.00;194.00;0.00;304.67;320.00;224.67;561.67;771.01;0.00;0.00;854.36;1366.67;451.01;761.01;224.67;464.67;534.01;1487.00;519.34;705.32;807.00;844.67;750.00;384.67;534.67;807.00;480.00
1772831392.5813909;0.00;485.00;0.00;0.00;0.00;0.00;0.00;582.00;0.00;388.00;485.00;0.00;0.00;0.00;0.00;0.00;582.00;0.00;0.00;0.00;0.00;194.00;0.00;304.67;320.00;224.67;561.67;771.01;0.00;0.00;854.36;1366.67;451.01;761.01;224.67;464.67;534.01;1487.00;519.34;705.32;807.00;844.67;750.00;384.67;534.67;807.00;480.00
1772831392.5830564;0.00;485.00;0.00;0.00;0.00;0.00;0.00;582.00;0.00;388.00;485.00;0.00;0.00;0.00;0.00;0.00;582.00;0.00;0.00;0.00;0.00;194.00;0.00;304.67;320.00;224.67;561.67;771.01;0.00;0.00;854.36;1366.67;451.01;761.01;224.67;464.67;534.01;1487.00;519.34;705.32;807.00;844.67;750.00;384.67;534.67;807.00;480.00
1772831419.188653;0.00;0.00;0.00;0.00;0.00;0.00;0.00;582.00;0.00;388.00;485.00;0.00;0.00;0.00;0.00;0.00;0.00;97.00;0.00;0.00;0.00;194.00;0.00;0.00;160.00;464.67;481.67;0.00;0.00;0.00;0.00;498.67;81.67;81.67;0.00;0.00;0.00;137.00;369.34;705.32;150.00;0.00;0.00;561.67;224.67;112.33;320.00
1772831419.1899848;0.00;0.00;0.00;0.00;0.00;0.00;0.00;582.00;0.00;388.00;485.00;0.00;0.00;0.00;0.00;0.00;0.00;97.00;0.00;0.00;0.00;194.00;0.00;0.00;160.00;464.67;481.67;0.00;0.00;0.00;0.00;498.67;81.67;81.67;0.00;0.00;0.00;137.00;369.34;705.32;150.00;0.00;0.00;561.67;224.67;112.33;320.00
1772831419.253032;0.00;0.00;0.00;0.00;0.00;0.00;0.00;582.00;0.00;388.00;485.00;0.00;0.00;0.00;0.00;0.00;0.00;194.00;0.00;0.00;0.00;194.00;0.00;80.00;417.00;624.67;641.67;0.00;0.00;0.00;0.00;498.67;161.67;161.67;80.00;0.00;150.00;137.00;369.34;705.32;310.00;337.00;0.00;561.67;224.67;112.33;320.00
1772831419.2542963;0.00;0.00;0.00;0.00;0.00;0.00;0.00;582.00;0.00;388.00;485.00;0.00;0.00;0.00;0.00;0.00;0.00;194.00;0.00;0.00;0.00;194.00;0.00;80.00;417.00;624.67;641.67;0.00;0.00;0.00;0.00;498.67;161.67;161.67;80.00;0.00;150.00;137.00;369.34;705.32;310.00;337.00;0.00;561.67;224.67;112.33;320.00
1772831419.316649;0.00;0.00;0.00;0.00;0.00;0.00;0.00;582.00;0.00;388.00;485.00;0.00;0.00;0.00;0.00;0.00;0.00;291.00;0.00;0.00;0.00;194.00;0.00;160.00;449.33;689.34;706.34;64.67;0.00;0.00;80.00;578.67;241.67;241.67;160.00;0.00;150.00;137.00;519.34;705.32;310.00;449.33;64.67;561.67;224.67;112.33;480.00
1772831419.317933;0.00;0.00;0.00;0.00;0.00;0.00;0.00;582.00;0.00;388.00;485.00;0.00;0.00;0.00;0.00;0.00;0.00;291.00;0.00;0.00;0.00;194.00;0.00;160.00;449.33;689.34;706.34;64.67;0.00;0.00;80.00;578.67;241.67;241.67;160.00;0.00;150.00;137.00;519.34;705.32;310.00;449.33;64.67;561.67;224.67;112.33;480.00
1772831419.499205;0.00;0.00;0.00;0.00;0.00;0.00;0.00;582.00;0.00;388.00;485.00;0.00;0.00;0.00;0.00;0.00;0.00;388.00;0.00;0.00;0.00;194.00;0.00;224.67;514.00;721.67;738.67;97.00;80.00;0.00;80.00;578.67;241.67;551.67;224.67;150.00;150.00;137.00;519.34;705.32;310.00;449.33;177.00;561.67;534.67;487.00;480.00
1772831419.5006332;0.00;0.00;0.00;0.00;0.00;0.00;0.00;582.00;0.00;388.00;485.00;0.00;0.00;0.00;0.00;0.00;0.00;388.00;0.00;0.00;0.00;194.00;0.00;224.67;514.00;721.67;738.67;97.00;80.00;0.00;80.00;578.67;241.67;551.67;224.67;150.00;150.00;137.00;519.34;705.32;310.00;449.33;177.00;561.67;534.67;487.00;480.00
1772831419.5604625;0.00;0.00;0.00;0.00;0.00;0.00;0.00;582.00;0.00;388.00;485.00;0.00;0.00;0.00;0.00;0.00;0.00;485.00;0.00;0.00;0.00;194.00;0.00;289.34;578.67;754.00;771.00;129.33;160.00;160.00;80.00;578.67;306.34;616.34;289.34;300.00;524.67;137.00;679.34;705.32;310.00;449.33;289.33;561.67;534.67;487.00;480.00
1772831419.56185;0.00;0.00;0.00;0.00;0.00;0.00;0.00;582.00;0.00;388.00;485.00;0.00;0.00;0.00;0.00;0.00;0.00;485.00;0.00;0.00;0.00;194.00;0.00;289.34;578.67;754.00;771.00;129.33;160.00;160.00;80.00;578.67;306.34;616.34;289.34;300.00;524.67;137.00;679.34;705.32;310.00;449.33;289.33;561.67;534.67;487.00;480.00
1772831419.6217089;0.00;0.00;0.00;0.00;0.00;0.00;0.00;582.00;0.00;388.00;485.00;0.00;0.00;0.00;0.00;0.00;0.00;582.00;0.00;0.00;0.00;194.00;0.00;354.01;643.34;786.33;851.00;209.33;240.00;160.00;80.00;578.67;371.01;681.01;354.01;450.00;899.34;137.00;679.34;705.32;310.00;449.33;289.33;561.67;534.67;487.00;480.00
1772831419.6231055;0.00;0.00;0.00;0.00;0.00;0.00;0.00;582.00;0.00;388.00;485.00;0.00;0.00;0.00;0.00;0.00;0.00;582.00;0.00;0.00;0.00;194.00;0.00;354.01;643.34;786.33;851.00;209.33;240.00;160.00;80.00;578.67;371.01;681.01;354.01;450.00;899.34;137.00;679.34;705.32;310.00;449.33;289.33;561.67;534.67;487.00;480.00
1772831435.2131164;0.00;0.00;0.00;0.00;0.00;0.00;0.00;0.00;0.00;388.00;485.00;0.00;0.00;0.00;0.00;0.00;0.00;582.00;0.00;97.00;0.00;194.00;0.00;354.01;643.34;786.33;948.00;194.00;224.67;240.00;240.00;0.00;371.01;681.01;354.01;384.67;0.00;240.00;529.34;705.32;262.33;449.33;289.33;561.67;534.67;487.00;480.00
1772831435.2139556;0.00;0.00;0.00;0.00;0.00;0.00;0.00;0.00;0.00;388.00;485.00;0.00;0.00;0.00;0.00;0.00;0.00;582.00;0.00;97.00;0.00;194.00;0.00;354.01;643.34;786.33;948.00;194.00;224.67;240.00;240.00;0.00;371.01;681.01;354.01;384.67;0.00;240.00;529.34;705.32;262.33;449.33;289.33;561.67;534.67;487.00;480.00
1772831435.2519612;0.00;0.00;0.00;0.00;0.00;0.00;0.00;0.00;0.00;388.00;485.00;0.00;0.00;0.00;0.00;0.00;0.00;582.00;0.00;194.00;0.00;194.00;0.00;354.01;643.34;786.33;1045.00;338.67;369.34;384.67;304.67;0.00;371.01;681.01;354.01;384.67;0.00;304.67;679.34;705.32;374.66;449.33;289.33;561.67;534.67;487.00;480.00
1772831435.2526987;0.00;0.00;0.00;0.00;0.00;0.00;0.00;0.00;0.00;388.00;485.00;0.00;0.00;0.00;0.00;0.00;0.00;582.00;0.00;194.00;0.00;194.00;0.00;354.01;643.34;786.33;1045.00;338.67;369.34;384.67;304.67;0.00;371.01;681.01;354.01;384.67;0.00;304.67;679.34;705.32;374.66;449.33;289.33;561.67;534.67;487.00;480.00
1772831435.2901473;0.00;0.00;0.00;0.00;0.00;0.00;0.00;0.00;0.00;388.00;485.00;0.00;0.00;0.00;0.00;0.00;0.00;582.00;0.00;291.00;0.00;194.00;0.00;354.01;643.34;786.33;1189.67;483.34;514.01;449.34;369.34;160.00;371.01;681.01;354.01;534.67;160.00;529.34;679.34;705.32;374.66;449.33;289.33;561.67;534.67;487.00;480.00
1772831435.291009;0.00;0.00;0.00;0.00;0.00;0.00;0.00;0.00;0.00;388.00;485.00;0.00;0.00;0.00;0.00;0.00;0.00;582.00;0.00;291.00;0.00;194.00;0.00;354.01;643.34;786.33;1189.67;483.34;514.01;449.34;369.34;160.00;371.01;681.01;354.01;534.67;160.00;529.34;679.34;705.32;374.66;449.33;289.33;561.67;534.67;487.00;480.00
1772831435.3967152;0.00;0.00;0.00;0.00;0.00;0.00;0.00;0.00;0.00;388.00;485.00;0.00;0.00;0.00;0.00;0.00;0.00;582.00;0.00;388.00;0.00;194.00;0.00;354.01;643.34;786.33;1286.67;628.01;658.68;514.01;434.01;320.00;371.01;681.01;354.01;684.67;320.00;754.01;679.34;705.32;374.66;449.33;289.33;561.67;534.67;487.00;480.00
1772831435.39759;0.00;0.00;0.00;0.00;0.00;0.00;0.00;0.00;0.00;388.00;485.00;0.00;0.00;0.00;0.00;0.00;0.00;582.00;0.00;388.00;0.00;194.00;0.00;354.01;643.34;786.33;1286.67;628.01;658.68;514.01;434.01;320.00;371.01;681.01;354.01;684.67;320.00;754.01;679.34;705.32;374.66;449.33;289.33;561.67;534.67;487.00;480.00
1772831435.4351864;0.00;0.00;0.00;0.00;0.00;0.00;0.00;0.00;0.00;388.00;485.00;0.00;0.00;0.00;0.00;0.00;0.00;582.00;0.00;485.00;0.00;194.00;0.00;354.01;643.34;786.33;1383.67;772.68;803.35;578.68;498.68;480.00;371.01;681.01;354.01;834.67;480.00;978.68;679.34;705.32;374.66;449.33;289.33;561.67;534.67;487.00;480.00
1772831435.4360256;0.00;0.00;0.00;0.00;0.00;0.00;0.00;0.00;0.00;388.00;485.00;0.00;0.00;0.00;0.00;0.00;0.00;582.00;0.00;485.00;0.00;194.00;0.00;354.01;643.34;786.33;1383.67;772.68;803.35;578.68;498.68;480.00;371.01;681.01;354.01;834.67;480.00;978.68;679.34;705.32;374.66;449.33;289.33;561.67;534.67;487.00;480.00
1772831435.4727936;0.00;0.00;0.00;0.00;0.00;0.00;0.00;0.00;0.00;388.00;485.00;0.00;0.00;0.00;0.00;0.00;0.00;582.00;0.00;582.00;0.00;194.00;0.00;354.01;643.34;786.33;1480.67;917.35;948.02;643.35;498.68;480.00;371.01;681.01;354.01;984.67;480.00;978.68;829.34;705.32;374.66;449.33;289.33;561.67;534.67;487.00;480.00
1772831435.4736485;0.00;0.00;0.00;0.00;0.00;0.00;0.00;0.00;0.00;388.00;485.00;0.00;0.00;0.00;0.00;0.00;0.00;582.00;0.00;582.00;0.00;194.00;0.00;354.01;643.34;786.33;1480.67;917.35;948.02;643.35;498.68;480.00;371.01;681.01;354.01;984.67;480.00;978.68;829.34;705.32;374.66;449.33;289.33;561.67;534.67;487.00;480.00
1772831454.2363114;0.00;0.00;0.00;0.00;0.00;0.00;0.00;0.00;0.00;388.00;485.00;0.00;0.00;0.00;0.00;0.00;0.00;582.00;0.00;582.00;0.00;291.00;0.00;354.01;643.34;786.33;1480.67;917.35;948.02;643.35;498.68;480.00;468.01;778.01;354.01;984.67;780.00;978.68;829.34;705.32;374.66;449.33;289.33;561.67;534.67;487.00;480.00
1772831454.2371993;0.00;0.00;0.00;0.00;0.00;0.00;0.00;0.00;0.00;388.00;485.00;0.00;0.00;0.00;0.00;0.00;0.00;582.00;0.00;582.00;0.00;291.00;0.00;354.01;643.34;786.33;1480.67;917.35;948.02;643.35;498.68;480.00;468.01;778.01;354.01;984.67;780.00;978.68;829.34;705.32;374.66;449.33;289.33;561.67;534.67;487.00;480.00
1772831454.2750905;0.00;0.00;0.00;0.00;0.00;0.00;0.00;0.00;0.00;388.00;485.00;0.00;0.00;0.00;0.00;0.00;0.00;582.00;0.00;582.00;0.00;388.00;0.00;354.01;643.34;786.33;1480.67;917.35;948.02;643.35;498.68;720.00;565.01;875.01;354.01;984.67;780.00;1278.68;829.34;705.32;374.66;449.33;289.33;561.67;534.67;487.00;480.00
1772831454.2760663;0.00;0.00;0.00;0.00;0.00;0.00;0.00;0.00;0.00;388.00;485.00;0.00;0.00;0.00;0.00;0.00;0.00;582.00;0.00;582.00;0.00;388.00;0.00;354.01;643.34;786.33;1480.67;917.35;948.02;643.35;498.68;720.00;565.01;875.01;354.01;984.67;780.00;1278.68;829.34;705.32;374.66;449.33;289.33;561.67;534.67;487.00;480.00
1772831454.3132997;0.00;0.00;0.00;0.00;0.00;0.00;0.00;0.00;0.00;388.00;485.00;0.00;0.00;0.00;0.00;0.00;0.00;582.00;0.00;582.00;0.00;485.00;0.00;354.01;643.34;786.33;1480.67;917.35;948.02;723.35;578.68;817.00;662.01;972.01;354.01;1134.67;780.00;1428.68;829.34;705.32;374.66;449.33;289.33;561.67;534.67;487.00;480.00
1772831454.3142161;0.00;0.00;0.00;0.00;0.00;0.00;0.00;0.00;0.00;388.00;485.00;0.00;0.00;0.00;0.00;0.00;0.00;582.00;0.00;582.00;0.00;485.00;0.00;354.01;643.34;786.33;1480.67;917.35;948.02;723.35;578.68;817.00;662.01;972.01;354.01;1134.67;780.00;1428.68;829.34;705.32;374.66;449.33;289.33;561.67;534.67;487.00;480.00
1772831454.4313664;0.00;0.00;0.00;0.00;0.00;0.00;0.00;0.00;0.00;388.00;485.00;0.00;0.00;0.00;0.00;0.00;0.00;582.00;0.00;582.00;0.00;582.00;0.00;354.01;643.34;786.33;1480.67;917.35;1028.02;803.35;658.68;914.00;759.01;1069.01;354.01;1134.67;780.00;1578.68;829.34;705.32;374.66;449.33;439.33;561.67;534.67;487.00;480.00
1772831454.4323018;0.00;0.00;0.00;0.00;0.00;0.00;0.00;0.00;0.00;388.00;485.00;0.00;0.00;0.00;0.00;0.00;0.00;582.00;0.00;582.00;0.00;582.00;0.00;354.01;643.34;786.33;1480.67;917.35;1028.02;803.35;658.68;914.00;759.01;1069.01;354.01;1134.67;780.00;1578.68;829.34;705.32;374.66;449.33;439.33;561.67;534.67;487.00;480.00
1772831454.470136;0.00;0.00;0.00;0.00;0.00;0.00;0.00;0.00;0.00;388.00;485.00;0.00;0.00;0.00;0.00;0.00;0.00;582.00;0.00;582.00;0.00;679.00;0.00;354.01;643.34;786.33;1480.67;917.35;1108.02;883.35;738.68;1011.00;856.01;1166.01;354.01;1134.67;780.00;1728.68;829.34;705.32;374.66;449.33;589.33;561.67;534.67;487.00;480.00
1772831454.4711018;0.00;0.00;0.00;0.00;0.00;0.00;0.00;0.00;0.00;388.00;485.00;0.00;0.00;0.00;0.00;0.00;0.00;582.00;0.00;582.00;0.00;679.00;0.00;354.01;643.34;786.33;1480.67;917.35;1108.02;883.35;738.68;1011.00;856.01;1166.01;354.01;1134.67;780.00;1728.68;829.34;705.32;374.66;449.33;589.33;561.67;534.67;487.00;480.00
1772831454.508249;0.00;0.00;0.00;0.00;0.00;0.00;0.00;0.00;0.00;388.00;485.00;0.00;0.00;0.00;0.00;0.00;0.00;582.00;0.00;582.00;0.00;776.00;0.00;354.01;643.34;786.33;1480.67;917.35;1188.02;963.35;978.68;1108.00;953.01;1263.01;354.01;1134.67;780.00;1728.68;979.34;705.32;374.66;449.33;739.33;561.67;534.67;487.00;480.00
1772831454.5091612;0.00;0.00;0.00;0.00;0.00;0.00;0.00;0.00;0.00;388.00;485.00;0.00;0.00;0.00;0.00;0.00;0.00;582.00;0.00;582.00;0.00;776.00;0.00;354.01;643.34;786.33;1480.67;917.35;1188.02;963.35;978.68;1108.00;953.01;1263.01;354.01;1134.67;780.00;1728.68;979.34;705.32;374.66;449.33;739.33;561.67;534.67;487.00;480.00
1772831475.306783;0.00;0.00;0.00;0.00;0.00;0.00;0.00;97.00;0.00;0.00;485.00;0.00;0.00;0.00;0.00;0.00;0.00;582.00;0.00;582.00;0.00;776.00;0.00;114.01;643.34;786.33;1400.67;885.02;1155.69;931.02;512.34;706.33;808.34;1023.01;114.01;1134.67;0.00;1278.68;1129.34;395.32;262.33;139.33;739.33;561.67;310.00;487.00;160.00
1772831475.308466;0.00;0.00;0.00;0.00;0.00;0.00;0.00;97.00;0.00;0.00;485.00;0.00;0.00;0.00;0.00;0.00;0.00;582.00;0.00;582.00;0.00;776.00;0.00;114.01;643.34;786.33;1400.67;885.02;1155.69;931.02;512.34;706.33;808.34;1023.01;114.01;1134.67;0.00;1278.68;1129.34;395.32;262.33;139.33;739.33;561.67;310.00;487.00;160.00
1772831475.3749843;0.00;0.00;0.00;0.00;0.00;0.00;0.00;194.00;0.00;0.00;485.00;0.00;0.00;0.00;0.00;0.00;0.00;582.00;0.00;582.00;0.00;776.00;0.00;114.01;643.34;786.33;1400.67;885.02;1155.69;931.02;592.34;786.33;808.34;1023.01;114.01;1134.67;150.00;1278.68;1279.34;395.32;262.33;139.33;739.33;561.67;310.00;487.00;160.00
1772831475.3767304;0.00;0.00;0.00;0.00;0.00;0.00;0.00;194.00;0.00;0.00;485.00;0.00;0.00;0.00;0.00;0.00;0.00;582.00;0.00;582.00;0.00;776.00;0.00;114.01;643.34;786.33;1400.67;885.02;1155.69;931.02;592.34;786.33;808.34;1023.01;114.01;1134.67;150.00;1278.68;1279.34;395.32;262.33;139.33;739.33;561.67;310.00;487.00;160.00
1772831475.5748672;0.00;0.00;0.00;0.00;0.00;0.00;0.00;291.00;0.00;0.00;485.00;0.00;0.00;0.00;0.00;0.00;0.00;582.00;0.00;582.00;0.00;776.00;0.00;114.01;643.34;786.33;1400.67;885.02;1235.69;1011.02;592.34;786.33;808.34;1023.01;114.01;1134.67;150.00;1278.68;1429.34;395.32;262.33;139.33;889.33;561.67;310.00;487.00;160.00
1772831475.5766623;0.00;0.00;0.00;0.00;0.00;0.00;0.00;291.00;0.00;0.00;485.00;0.00;0.00;0.00;0.00;0.00;0.00;582.00;0.00;582.00;0.00;776.00;0.00;114.01;643.34;786.33;1400.67;885.02;1235.69;1011.02;592.34;786.33;808.34;1023.01;114.01;1134.67;150.00;1278.68;1429.34;395.32;262.33;139.33;889.33;561.67;310.00;487.00;160.00
1772831475.6439013;0.00;0.00;0.00;0.00;0.00;0.00;0.00;388.00;0.00;0.00;485.00;0.00;0.00;0.00;0.00;0.00;0.00;582.00;0.00;582.00;0.00;776.00;0.00;114.01;643.34;786.33;1480.67;965.02;1315.69;1091.02;752.34;786.33;808.34;1023.01;114.01;1134.67;150.00;1428.68;1429.34;545.32;262.33;139.33;889.33;561.67;310.00;487.00;160.00
1772831475.6457965;0.00;0.00;0.00;0.00;0.00;0.00;0.00;388.00;0.00;0.00;485.00;0.00;0.00;0.00;0.00;0.00;0.00;582.00;0.00;582.00;0.00;776.00;0.00;114.01;643.34;786.33;1480.67;965.02;1315.69;1091.02;752.34;786.33;808.34;1023.01;114.01;1134.67;150.00;1428.68;1429.34;545.32;262.33;139.33;889.33;561.67;310.00;487.00;160.00
1772831475.7127926;0.00;0.00;0.00;0.00;0.00;0.00;0.00;485.00;0.00;0.00;485.00;0.00;0.00;0.00;0.00;0.00;0.00;582.00;0.00;582.00;0.00;776.00;0.00;274.01;723.34;866.33;1560.67;997.35;1348.02;1123.35;817.01;851.00;873.01;1183.01;274.01;1134.67;150.00;1428.68;1429.34;705.32;374.66;449.33;889.33;561.67;534.67;487.00;480.00
1772831475.7146332;0.00;0.00;0.00;0.00;0.00;0.00;0.00;485.00;0.00;0.00;485.00;0.00;0.00;0.00;0.00;0.00;0.00;582.00;0.00;582.00;0.00;776.00;0.00;274.01;723.34;866.33;1560.67;997.35;1348.02;1123.35;817.01;851.00;873.01;1183.01;274.01;1134.67;150.00;1428.68;1429.34;705.32;374.66;449.33;889.33;561.67;534.67;487.00;480.00
1772831475.7704296;0.00;0.00;0.00;0.00;0.00;0.00;0.00;582.00;0.00;0.00;485.00;0.00;0.00;0.00;0.00;0.00;0.00;582.00;0.00;582.00;0.00;776.00;0.00;354.01;723.34;866.33;1560.67;997.35;1348.02;1123.35;914.01;995.67;953.01;1263.01;354.01;1134.67;300.00;1428.68;1429.34;705.32;374.66;599.33;889.33;561.67;534.67;487.00;480.00
1772831475.7714725;0.00;0.00;0.00;0.00;0.00;0.00;0.00;582.00;0.00;0.00;485.00;0.00;0.00;0.00;0.00;0.00;0.00;582.00;0.00;582.00;0.00;776.00;0.00;354.01;723.34;866.33;1560.67;997.35;1348.02;1123.35;914.01;995.67;953.01;1263.01;354.01;1134.67;300.00;1428.68;1429.34;705.32;374.66;599.33;889.33;561.67;534.67;487.00;480.00
1772831492.3382325;0.00;97.00;0.00;0.00;0.00;0.00;0.00;582.00;0.00;0.00;0.00;0.00;0.00;0.00;0.00;0.00;0.00;582.00;0.00;582.00;0.00;776.00;0.00;354.01;403.34;641.66;839.00;372.68;723.35;948.02;738.68;1028.00;953.01;1263.01;354.01;654.67;332.33;1278.68;1429.34;0.00;0.00;279.33;889.33;337.00;534.67;487.00;480.00
1772831492.3399367;0.00;97.00;0.00;0.00;0.00;0.00;0.00;582.00;0.00;0.00;0.00;0.00;0.00;0.00;0.00;0.00;0.00;582.00;0.00;582.00;0.00;776.00;0.00;354.01;403.34;641.66;839.00;372.68;723.35;948.02;738.68;1028.00;953.01;1263.01;354.01;654.67;332.33;1278.68;1429.34;0.00;0.00;279.33;889.33;337.00;534.67;487.00;480.00
1772831492.4058452;0.00;194.00;0.00;0.00;0.00;0.00;0.00;582.00;0.00;0.00;0.00;0.00;0.00;0.00;0.00;0.00;0.00;582.00;0.00;582.00;0.00;776.00;0.00;354.01;563.34;801.66;999.00;532.68;883.35;1012.69;803.35;1140.33;953.01;1263.01;354.01;879.34;444.66;1428.68;1429.34;0.00;0.00;439.33;889.33;337.00;534.67;487.00;480.00
1772831492.407456;0.00;194.00;0.00;0.00;0.00;0.00;0.00;582.00;0.00;0.00;0.00;0.00;0.00;0.00;0.00;0.00;0.00;582.00;0.00;582.00;0.00;776.00;0.00;354.01;563.34;801.66;999.00;532.68;883.35;1012.69;803.35;1140.33;953.01;1263.01;354.01;879.34;444.66;1428.68;1429.34;0.00;0.00;439.33;889.33;337.00;534.67;487.00;480.00
1772831492.5918477;0.00;291.00;0.00;0.00;0.00;0.00;0.00;582.00;0.00;0.00;0.00;0.00;0.00;0.00;0.00;0.00;0.00;582.00;0.00;582.00;0.00;776.00;0.00;354.01;563.34;801.66;999.00;612.68;963.35;1252.69;1043.35;1525.00;953.01;1263.01;354.01;1029.34;444.66;1428.68;1429.34;0.00;150.00;439.33;889.33;337.00;534.67;487.00;480.00
1772831492.5935628;0.00;291.00;0.00;0.00;0.00;0.00;0.00;582.00;0.00;0.00;0.00;0.00;0.00;0.00;0.00;0.00;0.00;582.00;0.00;582.00;0.00;776.00;0.00;354.01;563.34;801.66;999.00;612.68;963.35;1252.69;1043.35;1525.00;953.01;1263.01;354.01;1029.34;444.66;1428.68;1429.34;0.00;150.00;439.33;889.33;337.00;534.67;487.00;480.00
1772831492.6572938;0.00;388.00;0.00;0.00;0.00;0.00;0.00;582.00;0.00;0.00;0.00;0.00;0.00;0.00;0.00;0.00;0.00;582.00;0.00;582.00;0.00;776.00;0.00;354.01;563.34;801.66;1303.67;757.35;1108.02;1397.36;1188.02;1637.33;953.01;1263.01;354.01;1029.34;444.66;1428.68;1429.34;374.67;460.00;439.33;889.33;337.00;534.67;487.00;480.00
1772831492.6590152;0.00;388.00;0.00;0.00;0.00;0.00;0.00;582.00;0.00;0.00;0.00;0.00;0.00;0.00;0.00;0.00;0.00;582.00;0.00;582.00;0.00;776.00;0.00;354.01;563.34;801.66;1303.67;757.35;1108.02;1397.36;1188.02;1637.33;953.01;1263.01;354.01;1029.34;444.66;1428.68;1429.34;374.67;460.00;439.33;889.33;337.00;534.67;487.00;480.00
1772831492.7183053;0.00;485.00;0.00;0.00;0.00;0.00;0.00;582.00;0.00;0.00;0.00;0.00;0.00;0.00;0.00;0.00;0.00;582.00;0.00;582.00;0.00;776.00;0.00;354.01;643.34;881.66;1608.34;902.02;1252.69;1542.03;1332.69;1749.66;953.01;1263.01;354.01;1029.34;444.66;1428.68;1429.34;599.34;610.00;589.33;889.33;337.00;534.67;487.00;480.00
1772831492.7192192;0.00;485.00;0.00;0.00;0.00;0.00;0.00;582.00;0.00;0.00;0.00;0.00;0.00;0.00;0.00;0.00;0.00;582.00;0.00;582.00;0.00;776.00;0.00;354.01;643.34;881.66;1608.34;902.02;1252.69;1542.03;1332.69;1749.66;953.01;1263.01;354.01;1029.34;444.66;1428.68;1429.34;599.34;610.00;589.33;889.33;337.00;534.67;487.00;480.00
1772831492.7556124;0.00;485.00;0.00;0.00;0.00;0.00;0.00;582.00;0.00;0.00;0.00;0.00;0.00;0.00;0.00;0.00;0.00;582.00;0.00;582.00;0.00;776.00;0.00;354.01;643.34;881.66;1608.34;902.02;1252.69;1542.03;1332.69;1749.66;953.01;1263.01;354.01;1029.34;444.66;1428.68;1429.34;599.34;610.00;589.33;889.33;337.00;534.67;487.00;480.00
1772831492.756494;0.00;485.00;0.00;0.00;0.00;0.00;0.00;582.00;0.00;0.00;0.00;0.00;0.00;0.00;0.00;0.00;0.00;582.00;0.00;582.00;0.00;776.00;0.00;354.01;643.34;881.66;1608.34;902.02;1252.69;1542.03;1332.69;1749.66;953.01;1263.01;354.01;1029.34;444.66;1428.68;1429.34;599.34;610.00;589.33;889.33;337.00;534.67;487.00;480.00
1772831509.3509836;0.00;485.00;0.00;0.00;0.00;0.00;0.00;582.00;0.00;0.00;0.00;0.00;0.00;0.00;0.00;0.00;0.00;582.00;0.00;582.00;0.00;776.00;0.00;354.01;643.34;881.66;1608.34;902.02;1252.69;1542.03;1332.69;1749.66;953.01;1263.01;354.01;1029.34;444.66;1428.68;1429.34;599.34;610.00;589.33;889.33;337.00;534.67;487.00;480.00
1772831509.3519933;0.00;485.00;0.00;0.00;0.00;0.00;0.00;582.00;0.00;0.00;0.00;0.00;0.00;0.00;0.00;0.00;0.00;582.00;0.00;582.00;0.00;776.00;0.00;354.01;643.34;881.66;1608.34;902.02;1252.69;1542.03;1332.69;1749.66;953.01;1263.01;354.01;1029.34;444.66;1428.68;1429.34;599.34;610.00;589.33;889.33;337.00;534.67;487.00;480.00
1772831509.4571872;0.00;485.00;0.00;0.00;0.00;0.00;0.00;582.00;0.00;0.00;0.00;0.00;0.00;0.00;0.00;0.00;0.00;582.00;0.00;582.00;0.00;776.00;0.00;354.01;643.34;881.66;1608.34;902.02;1252.69;1542.03;1332.69;1749.66;953.01;1263.01;354.01;1029.34;444.66;1428.68;1429.34;599.34;610.00;589.33;889.33;337.00;534.67;487.00;480.00
1772831509.4582038;0.00;485.00;0.00;0.00;0.00;0.00;0.00;582.00;0.00;0.00;0.00;0.00;0.00;0.00;0.00;0.00;0.00;582.00;0.00;582.00;0.00;776.00;0.00;354.01;643.34;881.66;1608.34;902.02;1252.69;1542.03;1332.69;1749.66;953.01;1263.01;354.01;1029.34;444.66;1428.68;1429.34;599.34;610.00;589.33;889.33;337.00;534.67;487.00;480.00
1772831509.4941473;0.00;485.00;0.00;0.00;0.00;0.00;0.00;582.00;0.00;0.00;0.00;0.00;0.00;0.00;0.00;0.00;0.00;582.00;0.00;582.00;0.00;776.00;0.00;354.01;643.34;881.66;1608.34;902.02;1252.69;1542.03;1332.69;1749.66;953.01;1263.01;354.01;1029.34;444.66;1428.68;1429.34;599.34;610.00;589.33;889.33;337.00;534.67;487.00;480.00
1772831509.4951313;0.00;485.00;0.00;0.00;0.00;0.00;0.00;582.00;0.00;0.00;0.00;0.00;0.00;0.00;0.00;0.00;0.00;582.00;0.00;582.00;0.00;776.00;0.00;354.01;643.34;881.66;1608.34;902.02;1252.69;1542.03;1332.69;1749.66;953.01;1263.01;354.01;1029.34;444.66;1428.68;1429.34;599.34;610.00;589.33;889.33;337.00;534.67;487.00;480.00
1772831509.5315607;0.00;485.00;0.00;0.00;0.00;0.00;0.00;582.00;0.00;0.00;0.00;0.00;0.00;0.00;0.00;0.00;0.00;582.00;0.00;582.00;0.00;776.00;0.00;354.01;643.34;881.66;1608.34;902.02;1252.69;1542.03;1332.69;1749.66;953.01;1263.01;354.01;1029.34;444.66;1428.68;1429.34;599.34;610.00;589.33;889.33;337.00;534.67;487.00;480.00
1772831509.5325048;0.00;485.00;0.00;0.00;0.00;0.00;0.00;582.00;0.00;0.00;0.00;0.00;0.00;0.00;0.00;0.00;0.00;582.00;0.00;582.00;0.00;776.00;0.00;354.01;643.34;881.66;1608.34;902.02;1252.69;1542.03;1332.69;1749.66;953.01;1263.01;354.01;1029.34;444.66;1428.68;1429.34;599.34;610.00;589.33;889.33;337.00;534.67;487.00;480.00
1772831509.5684865;0.00;485.00;0.00;0.00;0.00;0.00;0.00;582.00;0.00;0.00;0.00;0.00;0.00;0.00;0.00;0.00;0.00;582.00;0.00;582.00;0.00;776.00;0.00;354.01;643.34;881.66;1608.34;902.02;1252.69;1542.03;1332.69;1749.66;953.01;1263.01;354.01;1029.34;444.66;1428.68;1429.34;599.34;610.00;589.33;889.33;337.00;534.67;487.00;480.00
1772831509.5694656;0.00;485.00;0.00;0.00;0.00;0.00;0.00;582.00;0.00;0.00;0.00;0.00;0.00;0.00;0.00;0.00;0.00;582.00;0.00;582.00;0.00;776.00;0.00;354.01;643.34;881.66;1608.34;902.02;1252.69;1542.03;1332.69;1749.66;953.01;1263.01;354.01;1029.34;444.66;1428.68;1429.34;599.34;610.00;589.33;889.33;337.00;534.67;487.00;480.00
1772831509.606379;0.00;485.00;0.00;0.00;0.00;0.00;0.00;582.00;0.00;0.00;0.00;0.00;0.00;0.00;0.00;0.00;0.00;582.00;0.00;582.00;0.00;776.00;0.00;354.01;643.34;881.66;1608.34;902.02;1252.69;1542.03;1332.69;1749.66;953.01;1263.01;354.01;1029.34;444.66;1428.68;1429.34;599.34;610.00;589.33;889.33;337.00;534.67;487.00;480.00
1772831509.6073563;0.00;485.00;0.00;0.00;0.00;0.00;0.00;582.00;0.00;0.00;0.00;0.00;0.00;0.00;0.00;0.00;0.00;582.00;0.00;582.00;0.00;776.00;0.00;354.01;643.34;881.66;1608.34;902.02;1252.69;1542.03;1332.69;1749.66;953.01;1263.01;354.01;1029.34;444.66;1428.68;1429.34;599.34;610.00;589.33;889.33;337.00;534.67;487.00;480.00
1772831536.4064689;0.00;485.00;0.00;0.00;0.00;0.00;0.00;582.00;0.00;97.00;0.00;0.00;0.00;0.00;0.00;0.00;0.00;582.00;0.00;0.00;0.00;582.00;0.00;354.01;643.34;881.66;978.67;0.00;0.00;738.68;224.67;1027.99;711.34;1021.34;354.01;0.00;0.00;337.67;247.00;599.34;225.34;589.33;889.33;337.00;534.67;374.67;480.00
1772831536.4073718;0.00;485.00;0.00;0.00;0.00;0.00;0.00;582.00;0.00;97.00;0.00;0.00;0.00;0.00;0.00;0.00;0.00;582.00;0.00;0.00;0.00;582.00;0.00;354.01;643.34;881.66;978.67;0.00;0.00;738.68;224.67;1027.99;711.34;1021.34;354.01;0.00;0.00;337.67;247.00;599.34;225.34;589.33;889.33;337.00;534.67;374.67;480.00
1772831536.5230896;0.00;485.00;0.00;0.00;0.00;0.00;0.00;582.00;0.00;194.00;0.00;0.00;0.00;0.00;0.00;0.00;0.00;582.00;0.00;0.00;0.00;582.00;0.00;354.01;643.34;881.66;978.67;0.00;0.00;898.68;304.67;1027.99;711.34;1021.34;354.01;160.00;0.00;417.67;584.00;599.34;225.34;589.33;889.33;337.00;534.67;374.67;480.00
1772831536.5240097;0.00;485.00;0.00;0.00;0.00;0.00;0.00;582.00;0.00;194.00;0.00;0.00;0.00;0.00;0.00;0.00;0.00;582.00;0.00;0.00;0.00;582.00;0.00;354.01;643.34;881.66;978.67;0.00;0.00;898.68;304.67;1027.99;711.34;1021.34;354.01;160.00;0.00;417.67;584.00;599.34;225.34;589.33;889.33;337.00;534.67;374.67;480.00
1772831536.5654457;0.00;485.00;0.00;0.00;0.00;0.00;0.00;582.00;0.00;291.00;0.00;0.00;0.00;0.00;0.00;0.00;0.00;582.00;0.00;0.00;0.00;582.00;0.00;354.01;643.34;881.66;978.67;0.00;0.00;1218.68;544.67;1107.99;711.34;1021.34;354.01;480.00;80.00;577.67;921.00;599.34;225.34;589.33;889.33;337.00;534.67;374.67;480.00
1772831536.566298;0.00;485.00;0.00;0.00;0.00;0.00;0.00;582.00;0.00;291.00;0.00;0.00;0.00;0.00;0.00;0.00;0.00;582.00;0.00;0.00;0.00;582.00;0.00;354.01;643.34;881.66;978.67;0.00;0.00;1218.68;544.67;1107.99;711.34;1021.34;354.01;480.00;80.00;577.67;921.00;599.34;225.34;589.33;889.33;337.00;534.67;374.67;480.00
1772831536.6071153;0.00;485.00;0.00;0.00;0.00;0.00;0.00;582.00;0.00;388.00;0.00;0.00;0.00;0.00;0.00;0.00;0.00;582.00;0.00;0.00;0.00;582.00;0.00;354.01;643.34;881.66;978.67;0.00;0.00;1218.68;721.67;1107.99;711.34;1021.34;354.01;480.00;80.00;754.67;1071.00;599.34;225.34;589.33;889.33;337.00;534.67;374.67;480.00
1772831536.6079702;0.00;485.00;0.00;0.00;0.00;0.00;0.00;582.00;0.00;388.00;0.00;0.00;0.00;0.00;0.00;0.00;0.00;582.00;0.00;0.00;0.00;582.00;0.00;354.01;643.34;881.66;978.67;0.00;0.00;1218.68;721.67;1107.99;711.34;1021.34;354.01;480.00;80.00;754.67;1071.00;599.34;225.34;589.33;889.33;337.00;534.67;374.67;480.00
1772831536.648597;0.00;485.00;0.00;0.00;0.00;0.00;0.00;582.00;0.00;485.00;0.00;0.00;0.00;0.00;0.00;0.00;0.00;582.00;0.00;0.00;0.00;582.00;0.00;354.01;643.34;881.66;978.67;0.00;0.00;1218.68;898.67;1267.99;711.34;1021.34;354.01;480.00;240.00;1091.67;1221.00;599.34;225.34;589.33;889.33;337.00;534.67;374.67;480.00
1772831536.6495135;0.00;485.00;0.00;0.00;0.00;0.00;0.00;582.00;0.00;485.00;0.00;0.00;0.00;0.00;0.00;0.00;0.00;582.00;0.00;0.00;0.00;582.00;0.00;354.01;643.34;881.66;978.67;0.00;0.00;1218.68;898.67;1267.99;711.34;1021.34;354.01;480.00;240.00;1091.67;1221.00;599.34;225.34;589.33;889.33;337.00;534.67;374.67;480.00
1772831536.6914127;0.00;485.00;0.00;0.00;0.00;0.00;0.00;582.00;0.00;582.00;0.00;0.00;0.00;0.00;0.00;0.00;0.00;582.00;0.00;0.00;0.00;582.00;0.00;354.01;643.34;881.66;978.67;0.00;0.00;1218.68;1075.67;1492.66;711.34;1021.34;354.01;480.00;464.67;1204.00;1371.00;599.34;225.34;589.33;889.33;337.00;534.67;374.67;480.00
1772831536.6924238;0.00;485.00;0.00;0.00;0.00;0.00;0.00;582.00;0.00;582.00;0.00;0.00;0.00;0.00;0.00;0.00;0.00;582.00;0.00;0.00;0.00;582.00;0.00;354.01;643.34;881.66;978.67;0.00;0.00;1218.68;1075.67;1492.66;711.34;1021.34;354.01;480.00;464.67;1204.00;1371.00;599.34;225.34;589.33;889.33;337.00;534.67;374.67;480.00
1772831554.5357268;0.00;485.00;0.00;0.00;0.00;0.00;0.00;582.00;0.00;582.00;0.00;0.00;0.00;0.00;97.00;0.00;0.00;582.00;0.00;0.00;0.00;582.00;0.00;354.01;643.34;1106.33;1203.34;337.00;240.00;1458.68;1075.67;1492.66;711.34;1021.34;354.01;480.00;464.67;1204.00;1671.00;599.34;337.67;589.33;889.33;561.67;534.67;374.67;480.00
1772831554.5367332;0.00;485.00;0.00;0.00;0.00;0.00;0.00;582.00;0.00;582.00;0.00;0.00;0.00;0.00;97.00;0.00;0.00;582.00;0.00;0.00;0.00;582.00;0.00;354.01;643.34;1106.33;1203.34;337.00;240.00;1458.68;1075.67;1492.66;711.34;1021.34;354.01;480.00;464.67;1204.00;1671.00;599.34;337.67;589.33;889.33;561.67;534.67;374.67;480.00
1772831554.5809915;0.00;485.00;0.00;0.00;0.00;0.00;0.00;582.00;0.00;582.00;0.00;0.00;0.00;0.00;194.00;0.00;0.00;582.00;0.00;0.00;0.00;582.00;0.00;354.01;643.34;1106.33;1203.34;401.67;272.33;1571.01;1235.67;1652.66;711.34;1021.34;354.01;630.00;624.67;1204.00;1671.00;599.34;487.67;589.33;889.33;561.67;534.67;374.67;480.00
1772831554.5820413;0.00;485.00;0.00;0.00;0.00;0.00;0.00;582.00;0.00;582.00;0.00;0.00;0.00;0.00;194.00;0.00;0.00;582.00;0.00;0.00;0.00;582.00;0.00;354.01;643.34;1106.33;1203.34;401.67;272.33;1571.01;1235.67;1652.66;711.34;1021.34;354.01;630.00;624.67;1204.00;1671.00;599.34;487.67;589.33;889.33;561.67;534.67;374.67;480.00
1772831554.6214795;0.00;485.00;0.00;0.00;0.00;0.00;0.00;582.00;0.00;582.00;0.00;0.00;0.00;0.00;194.00;0.00;0.00;582.00;0.00;0.00;0.00;582.00;0.00;354.01;643.34;1106.33;1203.34;401.67;272.33;1571.01;1235.67;1652.66;711.34;1021.34;354.01;630.00;624.67;1204.00;1671.00;599.34;487.67;589.33;889.33;561.67;534.67;374.67;480.00
1772831554.622508;0.00;485.00;0.00;0.00;0.00;0.00;0.00;582.00;0.00;582.00;0.00;0.00;0.00;0.00;194.00;0.00;0.00;582.00;0.00;0.00;0.00;582.00;0.00;354.01;643.34;1106.33;1203.34;401.67;272.33;1571.01;1235.67;1652.66;711.34;1021.34;354.01;630.00;624.67;1204.00;1671.00;599.34;487.67;589.33;889.33;561.67;534.67;374.67;480.00
1772831554.661242;0.00;485.00;0.00;0.00;0.00;0.00;0.00;582.00;0.00;582.00;0.00;0.00;0.00;0.00;194.00;0.00;0.00;582.00;0.00;0.00;0.00;582.00;0.00;354.01;643.34;1106.33;1203.34;401.67;272.33;1571.01;1235.67;1652.66;711.34;1021.34;354.01;630.00;624.67;1204.00;1671.00;599.34;487.67;589.33;889.33;561.67;534.67;374.67;480.00
1772831554.6622667;0.00;485.00;0.00;0.00;0.00;0.00;0.00;582.00;0.00;582.00;0.00;0.00;0.00;0.00;194.00;0.00;0.00;582.00;0.00;0.00;0.00;582.00;0.00;354.01;643.34;1106.33;1203.34;401.67;272.33;1571.01;1235.67;1652.66;711.34;1021.34;354.01;630.00;624.67;1204.00;1671.00;599.34;487.67;589.33;889.33;561.67;534.67;374.67;480.00
1772831554.700608;0.00;485.00;0.00;0.00;0.00;0.00;0.00;582.00;0.00;582.00;0.00;0.00;0.00;0.00;194.00;0.00;0.00;582.00;0.00;0.00;0.00;582.00;0.00;354.01;643.34;1106.33;1203.34;401.67;272.33;1571.01;1235.67;1652.66;711.34;1021.34;354.01;630.00;624.67;1204.00;1671.00;599.34;487.67;589.33;889.33;561.67;534.67;374.67;480.00
1772831554.7016542;0.00;485.00;0.00;0.00;0.00;0.00;0.00;582.00;0.00;582.00;0.00;0.00;0.00;0.00;194.00;0.00;0.00;582.00;0.00;0.00;0.00;582.00;0.00;354.01;643.34;1106.33;1203.34;401.67;272.33;1571.01;1235.67;1652.66;711.34;1021.34;354.01;630.00;624.67;1204.00;1671.00;599.34;487.67;589.33;889.33;561.67;534.67;374.67;480.00
1772831554.8100538;0.00;485.00;0.00;0.00;0.00;0.00;0.00;582.00;0.00;582.00;0.00;0.00;0.00;0.00;194.00;0.00;0.00;582.00;0.00;0.00;0.00;582.00;0.00;354.01;643.34;1106.33;1203.34;401.67;272.33;1571.01;1235.67;1652.66;711.34;1021.34;354.01;630.00;624.67;1204.00;1671.00;599.34;487.67;589.33;889.33;561.67;534.67;374.67;480.00
1772831554.8110592;0.00;485.00;0.00;0.00;0.00;0.00;0.00;582.00;0.00;582.00;0.00;0.00;0.00;0.00;194.00;0.00;0.00;582.00;0.00;0.00;0.00;582.00;0.00;354.01;643.34;1106.33;1203.34;401.67;272.33;1571.01;1235.67;1652.66;711.34;1021.34;354.01;630.00;624.67;1204.00;1671.00;599.34;487.67;589.33;889.33;561.67;534.67;374.67;480.00
1772831575.5978448;0.00;485.00;0.00;0.00;97.00;0.00;0.00;582.00;0.00;582.00;0.00;0.00;0.00;0.00;194.00;0.00;0.00;0.00;0.00;0.00;0.00;582.00;0.00;0.00;160.00;544.67;594.01;192.34;0.00;1411.01;1155.67;1572.66;422.00;732.00;0.00;0.00;487.00;1204.00;1361.00;439.34;177.67;140.00;600.00;224.67;534.67;470.00;320.00
1772831575.5995376;0.00;485.00;0.00;0.00;97.00;0.00;0.00;582.00;0.00;582.00;0.00;0.00;0.00;0.00;194.00;0.00;0.00;0.00;0.00;0.00;0.00;582.00;0.00;0.00;160.00;544.67;594.01;192.34;0.00;1411.01;1155.67;1572.66;422.00;732.00;0.00;0.00;487.00;1204.00;1361.00;439.34;177.67;140.00;600.00;224.67;534.67;470.00;320.00
1772831575.6642337;0.00;485.00;0.00;0.00;194.00;0.00;0.00;582.00;0.00;582.00;0.00;0.00;0.00;0.00;194.00;0.00;0.00;0.00;0.00;0.00;0.00;582.00;0.00;0.00;160.00;544.67;594.01;192.34;160.00;1571.01;1300.34;1717.33;422.00;732.00;0.00;0.00;487.00;1204.00;1735.67;439.34;177.67;140.00;760.00;224.67;534.67;470.00;320.00
1772831575.6651163;0.00;485.00;0.00;0.00;194.00;0.00;0.00;582.00;0.00;582.00;0.00;0.00;0.00;0.00;194.00;0.00;0.00;0.00;0.00;0.00;0.00;582.00;0.00;0.00;160.00;544.67;594.01;192.34;160.00;1571.01;1300.34;1717.33;422.00;732.00;0.00;0.00;487.00;1204.00;1735.67;439.34;177.67;140.00;760.00;224.67;534.67;470.00;320.00
1772831575.7078836;0.00;485.00;0.00;0.00;291.00;0.00;0.00;582.00;0.00;582.00;0.00;0.00;0.00;0.00;194.00;0.00;0.00;0.00;0.00;0.00;0.00;582.00;0.00;160.00;320.00;544.67;594.01;192.34;160.00;1651.01;1380.34;1797.33;486.67;796.67;160.00;150.00;487.00;1204.00;1735.67;439.34;177.67;460.00;760.00;384.67;534.67;694.67;320.00
1772831575.7087698;0.00;485.00;0.00;0.00;291.00;0.00;0.00;582.00;0.00;582.00;0.00;0.00;0.00;0.00;194.00;0.00;0.00;0.00;0.00;0.00;0.00;582.00;0.00;160.00;320.00;544.67;594.01;192.34;160.00;1651.01;1380.34;1797.33;486.67;796.67;160.00;150.00;487.00;1204.00;1735.67;439.34;177.67;460.00;760.00;384.67;534.67;694.67;320.00
1772831575.7508166;0.00;485.00;0.00;0.00;388.00;0.00;0.00;582.00;0.00;582.00;0.00;0.00;0.00;0.00;194.00;0.00;0.00;0.00;0.00;0.00;0.00;582.00;0.00;160.00;320.00;544.67;594.01;272.34;240.00;1731.01;1460.34;1877.33;486.67;796.67;160.00;150.00;637.00;1204.00;1735.67;439.34;327.67;460.00;760.00;384.67;534.67;694.67;320.00
1772831575.7517164;0.00;485.00;0.00;0.00;388.00;0.00;0.00;582.00;0.00;582.00;0.00;0.00;0.00;0.00;194.00;0.00;0.00;0.00;0.00;0.00;0.00;582.00;0.00;160.00;320.00;544.67;594.01;272.34;240.00;1731.01;1460.34;1877.33;486.67;796.67;160.00;150.00;637.00;1204.00;1735.67;439.34;327.67;460.00;760.00;384.67;534.67;694.67;320.00
1772831575.860098;0.00;485.00;0.00;0.00;388.00;0.00;0.00;582.00;0.00;582.00;0.00;0.00;0.00;0.00;194.00;0.00;0.00;0.00;0.00;0.00;0.00;582.00;0.00;160.00;320.00;544.67;594.01;272.34;240.00;1731.01;1460.34;1877.33;486.67;796.67;160.00;150.00;637.00;1204.00;1735.67;439.34;327.67;460.00;760.00;384.67;534.67;694.67;320.00
1772831575.8610904;0.00;485.00;0.00;0.00;388.00;0.00;0.00;582.00;0.00;582.00;0.00;0.00;0.00;0.00;194.00;0.00;0.00;0.00;0.00;0.00;0.00;582.00;0.00;160.00;320.00;544.67;594.01;272.34;240.00;1731.01;1460.34;1877.33;486.67;796.67;160.00;150.00;637.00;1204.00;1735.67;439.34;327.67;460.00;760.00;384.67;534.67;694.67;320.00
1772831575.901144;0.00;485.00;0.00;0.00;388.00;0.00;0.00;582.00;0.00;582.00;0.00;0.00;0.00;0.00;194.00;0.00;0.00;0.00;0.00;0.00;0.00;582.00;0.00;160.00;320.00;544.67;594.01;272.34;240.00;1731.01;1460.34;1877.33;486.67;796.67;160.00;150.00;637.00;1204.00;1735.67;439.34;327.67;460.00;760.00;384.67;534.67;694.67;320.00
1772831575.9021425;0.00;485.00;0.00;0.00;388.00;0.00;0.00;582.00;0.00;582.00;0.00;0.00;0.00;0.00;194.00;0.00;0.00;0.00;0.00;0.00;0.00;582.00;0.00;160.00;320.00;544.67;594.01;272.34;240.00;1731.01;1460.34;1877.33;486.67;796.67;160.00;150.00;637.00;1204.00;1735.67;439.34;327.67;460.00;760.00;384.67;534.67;694.67;320.00
1772831589.6380944;0.00;485.00;0.00;0.00;388.00;97.00;0.00;582.00;0.00;582.00;0.00;0.00;0.00;0.00;194.00;0.00;0.00;0.00;0.00;0.00;0.00;0.00;0.00;160.00;320.00;544.67;594.01;272.34;0.00;451.01;112.33;1249.33;0.00;214.67;160.00;0.00;37.00;300.00;1698.00;439.34;327.67;460.00;0.00;384.67;534.67;694.67;320.00
1772831589.6398811;0.00;485.00;0.00;0.00;388.00;97.00;0.00;582.00;0.00;582.00;0.00;0.00;0.00;0.00;194.00;0.00;0.00;0.00;0.00;0.00;0.00;0.00;0.00;160.00;320.00;544.67;594.01;272.34;0.00;451.01;112.33;1249.33;0.00;214.67;160.00;0.00;37.00;300.00;1698.00;439.34;327.67;460.00;0.00;384.67;534.67;694.67;320.00
1772831589.712341;0.00;485.00;0.00;0.00;388.00;194.00;0.00;582.00;0.00;582.00;0.00;0.00;0.00;0.00;194.00;0.00;0.00;0.00;0.00;0.00;0.00;0.00;0.00;160.00;320.00;544.67;594.01;272.34;0.00;451.01;112.33;1329.33;0.00;214.67;160.00;0.00;187.00;450.00;1698.00;439.34;327.67;460.00;0.00;384.67;534.67;694.67;320.00
1772831589.7140708;0.00;485.00;0.00;0.00;388.00;194.00;0.00;582.00;0.00;582.00;0.00;0.00;0.00;0.00;194.00;0.00;0.00;0.00;0.00;0.00;0.00;0.00;0.00;160.00;320.00;544.67;594.01;272.34;0.00;451.01;112.33;1329.33;0.00;214.67;160.00;0.00;187.00;450.00;1698.00;439.34;327.67;460.00;0.00;384.67;534.67;694.67;320.00
1772831589.78593;0.00;485.00;0.00;0.00;388.00;291.00;0.00;582.00;0.00;582.00;0.00;0.00;0.00;0.00;194.00;0.00;0.00;0.00;0.00;0.00;0.00;0.00;0.00;160.00;320.00;544.67;594.01;272.34;0.00;531.01;192.33;1329.33;0.00;214.67;160.00;150.00;187.00;600.00;1698.00;439.34;327.67;460.00;0.00;384.67;534.67;694.67;320.00
1772831589.787666;0.00;485.00;0.00;0.00;388.00;291.00;0.00;582.00;0.00;582.00;0.00;0.00;0.00;0.00;194.00;0.00;0.00;0.00;0.00;0.00;0.00;0.00;0.00;160.00;320.00;544.67;594.01;272.34;0.00;531.01;192.33;1329.33;0.00;214.67;160.00;150.00;187.00;600.00;1698.00;439.34;327.67;460.00;0.00;384.67;534.67;694.67;320.00
1772831589.99094;0.00;485.00;0.00;0.00;388.00;388.00;0.00;582.00;0.00;582.00;0.00;0.00;0.00;0.00;194.00;0.00;0.00;0.00;0.00;0.00;0.00;0.00;0.00;160.00;320.00;544.67;594.01;272.34;80.00;611.01;272.33;1329.33;0.00;214.67;160.00;150.00;187.00;750.00;1698.00;439.34;327.67;460.00;150.00;384.67;534.67;694.67;320.00
1772831589.9926574;0.00;485.00;0.00;0.00;388.00;388.00;0.00;582.00;0.00;582.00;0.00;0.00;0.00;0.00;194.00;0.00;0.00;0.00;0.00;0.00;0.00;0.00;0.00;160.00;320.00;544.67;594.01;272.34;80.00;611.01;272.33;1329.33;0.00;214.67;160.00;150.00;187.00;750.00;1698.00;439.34;327.67;460.00;150.00;384.67;534.67;694.67;320.00
1772831590.0586178;0.00;485.00;0.00;0.00;388.00;388.00;0.00;582.00;0.00;582.00;0.00;0.00;0.00;0.00;194.00;0.00;0.00;0.00;0.00;0.00;0.00;0.00;0.00;160.00;320.00;544.67;594.01;272.34;80.00;611.01;272.33;1329.33;0.00;214.67;160.00;150.00;187.00;750.00;1698.00;439.34;327.67;460.00;150.00;384.67;534.67;694.67;320.00
1772831590.0602365;0.00;485.00;0.00;0.00;388.00;388.00;0.00;582.00;0.00;582.00;0.00;0.00;0.00;0.00;194.00;0.00;0.00;0.00;0.00;0.00;0.00;0.00;0.00;160.00;320.00;544.67;594.01;272.34;80.00;611.01;272.33;1329.33;0.00;214.67;160.00;150.00;187.00;750.00;1698.00;439.34;327.67;460.00;150.00;384.67;534.67;694.67;320.00
1772831590.125674;0.00;485.00;0.00;0.00;388.00;388.00;0.00;582.00;0.00;582.00;0.00;0.00;0.00;0.00;194.00;0.00;0.00;0.00;0.00;0.00;0.00;0.00;0.00;160.00;320.00;544.67;594.01;272.34;80.00;611.01;272.33;1329.33;0.00;214.67;160.00;150.00;187.00;750.00;1698.00;439.34;327.67;460.00;150.00;384.67;534.67;694.67;320.00
1772831590.1272724;0.00;485.00;0.00;0.00;388.00;388.00;0.00;582.00;0.00;582.00;0.00;0.00;0.00;0.00;194.00;0.00;0.00;0.00;0.00;0.00;0.00;0.00;0.00;160.00;320.00;544.67;594.01;272.34;80.00;611.01;272.33;1329.33;0.00;214.67;160.00;150.00;187.00;750.00;1698.00;439.34;327.67;460.00;150.00;384.67;534.67;694.67;320.00
