No.,timestamp,time_seconds,users,cpu_utilization,gpu_utilization,bandwidth_utilization,cache_utilization,network_cpu_utilization,network_gpu_utilization,network_cache_utilization,mobile_cpu_utilization,mobile_gpu_utilization,mobile_cache_utilization,latency,comp_latency,comm_latency,latency_diff,queue_time,decision_time_ms,success,fail_reason,sfc_id,recovery_time,sfc_recovered,cpu_saved,gpu_saved,cache_saved,shared_vnfs,running_sfcs,running_players,running_sessions,trascode_bw,crashing,acceptance_rate,cpu_per_flow,gpu_per_flow,cache_per_flow,jain_cpu,jain_gpu,jain_cache,jain_bw,server_energy_consumption,mobile_energy_consumption,total_energy_consumption,avg_sfc_reliability,high_risk_sfcs,medium_risk_sfcs,low_risk_sfcs
0,1772829602.6479466,0,1,0.0326,0.0,0.0033,0.0249,2.9883,0.0,2.4947,13.32,0.0,0.0,4.51,3.58,0.93,None,0.00023293495178222656,4.872,True,None,sfc_cache_p1_1,0,None,0.0,0.0,0.0,1,2,1,1,0,False,100.0,15.5,0.0,16.5,0.1459,1.0,0.04,0.0245,2066.059820461229,2056.059820461229,10.0,0.9860421451787649,0,0,2
0,1772829602.648732,0.0,1,0.0326,0.0,0.0033,0.0249,2.9883,0.0,2.4947,13.32,0.0,0.0,8.88,6.24,2.64,None,0.00023293495178222656,3.884,True,None,sfc_unique_p1_1,0,None,0.0,0.0,0.0,1,2,1,1,0,False,100.0,15.5,0.0,16.5,0.1459,1.0,0.04,0.0245,2066.059820461229,2056.059820461229,10.0,0.9860421451787649,0,0,2
0,1772829602.65652,0.0,2,0.0553,0.0,0.005,0.0249,5.4365,0.0,2.4947,7.6114,0.0,0.0,4.51,3.58,0.93,None,0.012781858444213867,2.364,True,None,sfc_cache_p2_1,0,None,8.33,0.0,33.0,5,4,2,1,0,False,100.0,13.4175,0.0,8.25,0.1152,1.0,0.0385,0.0245,2092.591704070577,2072.591704070577,20.0,0.988578315276273,0,0,4
0,1772829602.6568966,0.0,2,0.0553,0.0,0.005,0.0249,5.4365,0.0,2.4947,7.6114,0.0,0.0,6.18,4.82,1.36,None,0.012781858444213867,2.37,True,None,sfc_unique_p2_1,0,None,8.33,0.0,33.0,5,4,2,1,0,False,100.0,13.4175,0.0,8.25,0.1152,1.0,0.0385,0.0245,2092.591704070577,2072.591704070577,20.0,0.988578315276273,0,0,4
0,1772829602.6633892,0.0,3,0.0806,0.0,0.0092,0.0249,6.4085,0.0,2.4947,28.44,0.0,0.0,6.03,4.47,1.57,None,0.02064061164855957,2.28,True,None,sfc_cache_p3_1,0,None,12.33,0.0,66.0,8,6,3,1,0,False,100.0,13.445,0.0,5.5,0.1624,1.0,0.037,0.0245,2119.9942733323014,2081.9942733323014,38.0,0.9826452546045505,0,0,6
0,1772829602.6637492,0.0,3,0.0806,0.0,0.0092,0.0249,6.4085,0.0,2.4947,28.44,0.0,0.0,9.24,6.6,2.64,None,0.02064061164855957,2.385,True,None,sfc_unique_p3_1,0,None,12.33,0.0,66.0,8,6,3,1,0,False,100.0,13.445,0.0,5.5,0.1624,1.0,0.037,0.0245,2119.9942733323014,2081.9942733323014,38.0,0.9826452546045505,0,0,6
0,1772829602.6702497,0.0,4,0.1043,0.0,0.0134,0.0249,7.3804,0.0,2.4947,37.0165,0.0,0.0,6.03,4.47,1.57,None,0.027463912963867188,2.292,True,None,sfc_cache_p4_1,0,None,16.33,0.0,99.0,11,8,4,1,0,False,100.0,13.45875,0.0,4.125,0.214,1.0,0.0357,0.0245,2147.3968425940257,2091.3968425940257,56.0,0.9816799241603467,0,0,6
0,1772829602.6706352,0.0,4,0.1043,0.0,0.0134,0.0249,7.3804,0.0,2.4947,37.0165,0.0,0.0,9.24,6.6,2.64,None,0.027463912963867188,2.331,True,None,sfc_unique_p4_1,0,None,16.33,0.0,99.0,11,8,4,1,0,False,100.0,13.45875,0.0,4.125,0.214,1.0,0.0357,0.0245,2147.3968425940257,2091.3968425940257,56.0,0.9816799241603467,0,0,6
0,1772829602.677169,0.0,5,0.124,0.0,0.0189,0.0249,9.2887,0.0,2.4947,35.464,0.0,0.0,6.3,4.73,1.57,None,0.02925896644592285,2.316,True,None,sfc_cache_p5_1,0,None,24.66,0.0,132.0,14,10,5,1,0,False,100.0,13.034,0.0,3.3,0.2753,1.0,0.0345,0.0267,2172.052607955425,2101.652607955425,70.4,0.9816799241603467,0,0,6
0,1772829602.6775417,0.0,5,0.124,0.0,0.0189,0.0249,9.2887,0.0,2.4947,35.464,0.0,0.0,10.07,6.99,3.07,None,0.02925896644592285,2.365,True,None,sfc_unique_p5_1,0,None,24.66,0.0,132.0,14,10,5,1,0,False,100.0,13.034,0.0,3.3,0.2753,1.0,0.0345,0.0267,2172.052607955425,2101.652607955425,70.4,0.9816799241603467,0,0,6
0,1772829602.684345,0.0,6,0.1471,0.0,0.0229,0.0249,11.5567,0.0,2.4947,35.0122,0.0,0.0,7.46,5.89,1.57,None,0.03609180450439453,2.333,True,None,sfc_cache_p6_1,0,None,28.66,0.0,165.0,17,12,6,1,0,False,100.0,13.111666666666666,0.0,2.75,0.3154,1.0,0.0333,0.0282,2204.213016560904,2119.413016560904,84.80000000000001,0.9812572756800826,0,0,7
0,1772829602.6848812,0.0,6,0.1471,0.0,0.0229,0.0249,11.5567,0.0,2.4947,35.0122,0.0,0.0,6.53,4.73,1.8,None,0.03609180450439453,2.363,True,None,sfc_unique_p6_1,0,None,28.66,0.0,165.0,17,12,6,1,0,False,100.0,13.111666666666666,0.0,2.75,0.3154,1.0,0.0333,0.0282,2204.213016560904,2119.413016560904,84.80000000000001,0.9812572756800826,0,0,7
0,1772829621.680601,19.0,6,0.172,0.0,0.0291,0.0499,13.8969,0.0,4.9894,35.3541,0.0,0.0,7.37,5.84,1.53,None,0.0002617835998535156,3.618,True,None,sfc_cache_p1_2,0,None,28.66,0.0,165.0,17,14,6,2,0,False,100.0,13.452857142857143,0.0,4.714285714285714,0.4041,1.0,0.0593,0.042,2241.8308737037605,2142.6308737037607,99.20000000000002,0.9747346277511755,0,0,9
0,1772829621.6817205,19.0,6,0.172,0.0,0.0291,0.0499,13.8969,0.0,4.9894,35.3541,0.0,0.0,9.55,7.23,2.31,None,0.0002617835998535156,5.016,True,None,sfc_unique_p1_2,0,None,28.66,0.0,165.0,17,14,6,2,0,False,100.0,13.452857142857143,0.0,4.714285714285714,0.4041,1.0,0.0593,0.042,2241.8308737037605,2142.6308737037607,99.20000000000002,0.9747346277511755,0,0,9
0,1772829621.6969826,19.0,7,0.1923,0.0,0.0354,0.0499,15.8052,0.0,4.9894,35.6077,0.0,0.0,7.37,5.84,1.53,None,0.014264345169067383,4.873,True,None,sfc_cache_p2_2,0,None,32.66,0.0,198.0,20,16,6,2,0,False,100.0,13.458749999999998,0.0,4.125,0.4665,1.0,0.0574,0.0533,2275.1630165609035,2161.5630165609036,113.60000000000002,0.9677799827055069,0,0,11
0,1772829621.6980498,19.1,7,0.1923,0.0,0.0354,0.0499,15.8052,0.0,4.9894,35.6077,0.0,0.0,10.13,7.54,2.59,None,0.014264345169067383,4.941,True,None,sfc_unique_p2_2,0,None,32.66,0.0,198.0,20,16,6,2,0,False,100.0,13.458749999999998,0.0,4.125,0.4665,1.0,0.0574,0.0533,2275.1630165609035,2161.5630165609036,113.60000000000002,0.9677799827055069,0,0,11
0,1772829621.7133842,19.1,8,0.2117,0.0,0.0416,0.0499,16.7772,0.0,4.9894,39.7669,0.0,0.0,7.37,5.84,1.53,None,0.030579090118408203,4.896,True,None,sfc_cache_p3_2,0,None,36.66,0.0,231.0,23,18,6,2,0,False,100.0,13.463333333333331,0.0,3.6666666666666665,0.4838,1.0,0.0557,0.0607,2302.090873703761,2170.4908737037613,131.60000000000002,0.9631865576738904,0,0,13
0,1772829621.714468,19.1,8,0.2117,0.0,0.0416,0.0499,16.7772,0.0,4.9894,39.7669,0.0,0.0,10.62,8.31,2.31,None,0.030579090118408203,4.89,True,None,sfc_unique_p3_2,0,None,36.66,0.0,231.0,23,18,6,2,0,False,100.0,13.463333333333331,0.0,3.6666666666666665,0.4838,1.0,0.0557,0.0607,2302.090873703761,2170.4908737037613,131.60000000000002,0.9631865576738904,0,0,13
0,1772829621.7299511,19.1,9,0.2315,0.0,0.0493,0.0499,18.6855,0.0,4.9894,40.5558,0.0,0.0,8.26,6.73,1.53,None,0.04697418212890625,4.899,True,None,sfc_cache_p4_2,0,None,40.66,0.0,264.0,25,20,6,2,0,False,100.0,13.467000000000002,0.0,3.3,0.5336,1.0,0.054,0.0667,2333.9215879894755,2187.9215879894755,146.00000000000003,0.96109508690466,0,0,13
0,1772829621.7310677,19.1,9,0.2315,0.0,0.0493,0.0499,18.6855,0.0,4.9894,40.5558,0.0,0.0,11.49,8.4,3.08,None,0.04697418212890625,4.992,True,None,sfc_unique_p4_2,0,None,40.66,0.0,264.0,25,20,6,2,0,False,100.0,13.467000000000002,0.0,3.3,0.5336,1.0,0.054,0.0667,2333.9215879894755,2187.9215879894755,146.00000000000003,0.96109508690466,0,0,13
0,1772829621.7476861,19.1,10,0.248,0.0,0.0514,0.0499,18.6855,0.0,4.9894,45.8865,0.0,0.0,6.84,5.31,1.53,None,0.06356668472290039,4.842,True,None,sfc_cache_p5_2,0,None,44.66,0.0,297.0,27,22,6,2,0,False,100.0,13.47,0.0,3.0,0.5316,1.0,0.0525,0.0672,2363.9215879894755,2187.9215879894755,176.00000000000003,0.96109508690466,0,0,13
0,1772829621.7487974,19.1,10,0.248,0.0,0.0514,0.0499,18.6855,0.0,4.9894,45.8865,0.0,0.0,8.27,8.27,0,None,0.06356668472290039,4.84,True,None,sfc_unique_p5_2,0,None,44.66,0.0,297.0,27,22,6,2,0,False,100.0,13.47,0.0,3.0,0.5316,1.0,0.0525,0.0672,2363.9215879894755,2187.9215879894755,176.00000000000003,0.96109508690466,0,0,13
0,1772829621.7600129,19.1,11,0.2665,0.0,0.0576,0.0499,20.5938,0.0,4.9894,46.1391,0.0,0.0,8.26,6.73,1.53,None,0.08128499984741211,3.032,True,None,sfc_cache_p6_2,0,None,48.66,0.0,330.0,30,24,6,2,0,False,100.0,13.472500000000002,0.0,2.75,0.5858,1.0,0.051,0.068,2394.0959914601913,2203.695991460191,190.40000000000003,0.9600095484431215,0,2,11
0,1772829621.7607303,19.1,11,0.2665,0.0,0.0576,0.0499,20.5938,0.0,4.9894,46.1391,0.0,0.0,12.25,9.94,2.31,None,0.08128499984741211,3.141,True,None,sfc_unique_p6_2,0,None,48.66,0.0,330.0,30,24,6,2,0,False,100.0,13.472500000000002,0.0,2.75,0.5858,1.0,0.051,0.068,2394.0959914601913,2203.695991460191,190.40000000000003,0.9600095484431215,0,2,11
0,1772829638.7083788,36.1,11,0.2876,0.0,0.0593,0.0748,23.9416,0.0,7.4841,43.3143,0.0,0.0,4.17,3.44,0.73,None,0.00021648406982421875,2.655,True,None,sfc_cache_p1_3,0,None,48.66,0.0,330.0,31,26,6,3,0,False,100.0,13.62846153846154,0.0,3.8076923076923075,0.5762,1.0,0.0739,0.0723,2428.8661508782384,2228.4661508782383,200.40000000000003,0.9641534600843342,0,2,13
0,1772829638.7090287,36.1,11,0.2876,0.0,0.0593,0.0748,23.9416,0.0,7.4841,43.3143,0.0,0.0,5.8,4.63,1.16,None,0.00021648406982421875,2.753,True,None,sfc_unique_p1_3,0,None,48.66,0.0,330.0,31,26,6,3,0,False,100.0,13.62846153846154,0.0,3.8076923076923075,0.5762,1.0,0.0739,0.0723,2428.8661508782384,2228.4661508782383,200.40000000000003,0.9641534600843342,0,2,13
0,1772829638.7200096,36.1,12,0.3014,0.0,0.0624,0.0748,26.3899,0.0,7.4841,40.8154,0.0,0.0,4.17,3.44,0.73,None,0.00990915298461914,2.762,True,None,sfc_cache_p2_3,0,None,56.99,0.0,363.0,34,28,6,3,0,False,100.0,13.464642857142858,0.0,3.5357142857142856,0.5644,1.0,0.072,0.0785,2458.3712584467257,2247.9712584467256,210.40000000000003,0.9669680602748931,0,2,15
0,1772829638.7208586,36.1,12,0.3014,0.0,0.0624,0.0748,26.3899,0.0,7.4841,40.8154,0.0,0.0,5.85,4.32,1.53,None,0.00990915298461914,3.973,True,None,sfc_unique_p2_3,0,None,56.99,0.0,363.0,34,28,6,3,0,False,100.0,13.464642857142858,0.0,3.5357142857142856,0.5644,1.0,0.072,0.0785,2458.3712584467257,2247.9712584467256,210.40000000000003,0.9669680602748931,0,2,15
0,1772829638.7333379,36.1,13,0.3148,0.0,0.0646,0.0748,28.8382,0.0,7.4841,38.5891,0.0,0.0,4.17,3.44,0.73,None,0.022027969360351562,3.955,True,None,sfc_cache_p3_3,0,None,65.32,0.0,396.0,38,30,6,3,0,False,100.0,13.322666666666665,0.0,3.3,0.5597,1.0,0.0701,0.0829,2482.3044731193772,2261.904473119377,220.40000000000003,0.9695862744697962,0,2,17
0,1772829638.7338722,36.1,13,0.3148,0.0,0.0646,0.0748,28.8382,0.0,7.4841,38.5891,0.0,0.0,5.51,3.98,1.53,None,0.022027969360351562,2.38,True,None,sfc_unique_p3_3,0,None,65.32,0.0,396.0,38,30,6,3,0,False,100.0,13.322666666666665,0.0,3.3,0.5597,1.0,0.0701,0.0829,2482.3044731193772,2261.904473119377,220.40000000000003,0.9695862744697962,0,2,17
0,1772829638.742222,36.1,14,0.328,0.0,0.0688,0.0748,29.8101,0.0,7.4841,40.1733,0.0,0.0,5.74,4.37,1.37,None,0.03469061851501465,2.356,True,None,sfc_cache_p4_3,0,None,69.32,0.0,429.0,41,32,6,3,0,False,100.0,13.333749999999998,0.0,3.09375,0.5739,1.0,0.0684,0.0899,2509.7070423811015,2271.3070423811014,238.40000000000003,0.9692790702185894,0,2,17
0,1772829638.7427602,36.1,14,0.328,0.0,0.0688,0.0748,29.8101,0.0,7.4841,40.1733,0.0,0.0,8.95,6.51,2.44,None,0.03469061851501465,2.526,True,None,sfc_unique_p4_3,0,None,69.32,0.0,429.0,41,32,6,3,0,False,100.0,13.333749999999998,0.0,3.09375,0.5739,1.0,0.0684,0.0899,2509.7070423811015,2271.3070423811014,238.40000000000003,0.9692790702185894,0,2,17
0,1772829638.751209,36.1,15,0.3339,0.0218,0.0772,0.0748,30.7821,2.1848,7.4841,39.5302,0.0,0.0,5.99,4.62,1.37,None,0.04357790946960449,2.501,True,None,sfc_cache_p5_3,0,None,77.65,0.0,462.0,45,34,6,3,0,False,100.0,12.961176470588233,0.255,2.911764705882353,0.5846,0.0833,0.0667,0.0959,2541.072295437904,2288.2722954379037,252.80000000000004,0.9688810455042739,0,2,17
0,1772829638.751829,36.1,15,0.3339,0.0218,0.0772,0.0748,30.7821,2.1848,7.4841,39.5302,0.0,0.0,8.36,5.55,2.81,None,0.04357790946960449,2.467,True,None,sfc_unique_p5_3,0,None,77.65,0.0,462.0,45,34,6,3,0,False,100.0,12.961176470588233,0.255,2.911764705882353,0.5846,0.0833,0.0667,0.0959,2541.072295437904,2288.2722954379037,252.80000000000004,0.9688810455042739,0,2,17
0,1772829638.7609541,36.1,16,0.3462,0.0218,0.0827,0.0748,31.7541,2.1848,7.4841,40.8588,0.0,0.0,5.74,4.37,1.37,None,0.052655935287475586,2.491,True,None,sfc_cache_p6_3,0,None,81.65,0.0,495.0,48,36,6,3,0,False,100.0,12.99111111111111,0.24083333333333334,2.75,0.6014,0.0833,0.0651,0.0989,2566.583516611097,2295.7835166110967,270.80000000000007,0.9687789608852876,0,2,17
0,1772829638.7615867,36.1,16,0.3462,0.0218,0.0827,0.0748,31.7541,2.1848,7.4841,40.8588,0.0,0.0,9.0,6.19,2.81,None,0.052655935287475586,2.544,True,None,sfc_unique_p6_3,0,None,81.65,0.0,495.0,48,36,6,3,0,False,100.0,12.99111111111111,0.24083333333333334,2.75,0.6014,0.0833,0.0651,0.0989,2566.583516611097,2295.7835166110967,270.80000000000007,0.9687789608852876,0,2,17
0,1772829661.752349,59.1,16,0.3624,0.0218,0.0869,0.0998,33.158,2.1848,9.9788,42.5889,0.0,0.0,6.93,5.64,1.29,None,0.00022745132446289062,5.527,True,None,sfc_cache_p1_4,0,None,81.65,0.0,495.0,49,38,6,4,0,False,100.0,13.12315789473684,0.22815789473684212,3.473684210526316,0.6085,0.0833,0.0855,0.1093,2594.0092308968115,2305.2092308968113,288.80000000000007,0.9646130594077947,0,2,19
0,1772829661.753769,59.1,16,0.3624,0.0218,0.0869,0.0998,33.158,2.1848,9.9788,42.5889,0.0,0.0,10.67,8.31,2.36,None,0.00022745132446289062,5.607,True,None,sfc_unique_p1_4,0,None,81.65,0.0,495.0,49,38,6,4,0,False,100.0,13.12315789473684,0.22815789473684212,3.473684210526316,0.6085,0.0833,0.0855,0.1093,2594.0092308968115,2305.2092308968113,288.80000000000007,0.9646130594077947,0,2,19
0,1772829661.7733867,59.1,17,0.3683,0.0521,0.0928,0.0998,34.13,5.2086,9.9788,42.1653,0.0,0.0,7.82,6.53,1.29,None,0.02096843719482422,5.435,True,None,sfc_cache_p2_4,0,None,85.65,0.0,528.0,51,40,6,4,0,False,100.0,12.841999999999999,0.51675,3.3,0.6389,0.1399,0.0835,0.1165,2645.7761351422405,2342.57613514224,303.20000000000005,0.9560619856760068,1,5,17
0,1772829661.7748394,59.1,17,0.3683,0.0521,0.0928,0.0998,34.13,5.2086,9.9788,42.1653,0.0,0.0,9.25,8.14,1.11,None,0.02096843719482422,5.027,True,None,sfc_unique_p2_4,0,None,85.65,0.0,528.0,51,40,6,4,0,False,100.0,12.841999999999999,0.51675,3.3,0.6389,0.1399,0.0835,0.1165,2645.7761351422405,2342.57613514224,303.20000000000005,0.9560619856760068,1,5,17
0,1772829661.7936826,59.1,18,0.3808,0.0521,0.1025,0.0998,35.1019,5.2086,9.9788,43.6759,0.0,0.0,6.93,5.64,1.29,None,0.04207944869995117,4.717,True,None,sfc_cache_p3_4,0,None,89.65,0.0,561.0,53,42,6,4,0,False,100.0,12.873333333333331,0.49214285714285716,3.142857142857143,0.654,0.1399,0.0817,0.1312,2668.9997847320865,2347.7997847320867,321.20000000000005,0.950637466870565,2,6,17
0,1772829661.7950869,59.1,18,0.3808,0.0521,0.1025,0.0998,35.1019,5.2086,9.9788,43.6759,0.0,0.0,10.41,7.56,2.85,None,0.04207944869995117,4.851,True,None,sfc_unique_p3_4,0,None,89.65,0.0,561.0,53,42,6,4,0,False,100.0,12.873333333333331,0.49214285714285716,3.142857142857143,0.654,0.1399,0.0817,0.1312,2668.9997847320865,2347.7997847320867,321.20000000000005,0.950637466870565,2,6,17
0,1772829661.8134327,59.2,19,0.3929,0.0521,0.1122,0.0998,36.0739,5.2086,9.9788,45.041,0.0,0.0,6.93,5.64,1.29,None,0.06231808662414551,4.735,True,None,sfc_cache_p4_4,0,None,93.65,0.0,594.0,56,44,6,4,0,False,100.0,12.90181818181818,0.4697727272727273,3.0,0.6676,0.1399,0.0799,0.1419,2692.2234343219334,2353.0234343219336,339.20000000000005,0.9506015559604186,2,6,17
0,1772829661.8148737,59.2,19,0.3929,0.0521,0.1122,0.0998,36.0739,5.2086,9.9788,45.041,0.0,0.0,10.41,7.56,2.85,None,0.06231808662414551,4.82,True,None,sfc_unique_p4_4,0,None,93.65,0.0,594.0,56,44,6,4,0,False,100.0,12.90181818181818,0.4697727272727273,3.0,0.6676,0.1399,0.0799,0.1419,2692.2234343219334,2353.0234343219336,339.20000000000005,0.9506015559604186,2,6,17
0,1772829661.83335,59.2,20,0.4029,0.0521,0.1136,0.0998,36.0739,5.2086,9.9788,47.3909,0.0,0.0,6.4,5.11,1.29,None,0.08211064338684082,4.713,True,None,sfc_cache_p5_4,0,None,97.65,0.0,627.0,58,46,6,4,0,False,100.0,12.92782608695652,0.44934782608695656,2.869565217391304,0.6693,0.1399,0.0782,0.1421,2722.2234343219334,2353.0234343219336,369.20000000000005,0.9506015559604186,2,6,17
0,1772829661.8348992,59.2,20,0.4029,0.0521,0.1136,0.0998,36.0739,5.2086,9.9788,47.3909,0.0,0.0,8.27,8.27,0,None,0.08211064338684082,4.82,True,None,sfc_unique_p5_4,0,None,97.65,0.0,627.0,58,46,6,4,0,False,100.0,12.92782608695652,0.44934782608695656,2.869565217391304,0.6693,0.1399,0.0782,0.1421,2722.2234343219334,2353.0234343219336,369.20000000000005,0.9506015559604186,2,6,17
0,1772829661.8587685,59.2,21,0.4159,0.0521,0.122,0.0998,37.9822,5.2086,9.9788,47.469,0.0,0.0,7.82,6.53,1.29,None,0.10214090347290039,4.966,True,None,sfc_cache_p6_4,0,None,101.65,0.0,660.0,60,48,6,4,0,False,100.0,12.951666666666668,0.43062500000000004,2.75,0.6879,0.1399,0.0766,0.1458,2753.6977200362194,2370.0977200362195,383.6,0.9495139911604186,2,10,13
0,1772829661.8598762,59.2,21,0.4159,0.0521,0.122,0.0998,37.9822,5.2086,9.9788,47.469,0.0,0.0,11.75,8.4,3.34,None,0.10214090347290039,3.643,True,None,sfc_unique_p6_4,0,None,101.65,0.0,660.0,60,48,6,4,0,False,100.0,12.951666666666668,0.43062500000000004,2.75,0.6879,0.1399,0.0766,0.1458,2753.6977200362194,2370.0977200362195,383.6,0.9495139911604186,2,10,13
0,1772829680.7793841,78.1,21,0.4277,0.0521,0.1234,0.1247,38.4142,5.2086,12.4735,49.4967,0.0,0.0,6.4,5.11,1.29,None,0.00020241737365722656,3.709,True,None,sfc_cache_p1_5,0,None,101.65,0.0,660.0,60,50,6,5,0,False,100.0,13.053600000000001,0.41340000000000005,3.3,0.6891,0.1399,0.0609,0.1448,2783.6977200362194,2370.0977200362195,413.6,0.9483662074236717,2,11,14
0,1772829680.7807004,78.1,21,0.4277,0.0521,0.1234,0.1247,38.4142,5.2086,12.4735,49.4967,0.0,0.0,8.27,8.27,0,None,0.00020241737365722656,3.851,True,None,sfc_unique_p1_5,0,None,101.65,0.0,660.0,60,50,6,5,0,False,100.0,13.053600000000001,0.41340000000000005,3.3,0.6891,0.1399,0.0609,0.1448,2783.6977200362194,2370.0977200362195,413.6,0.9483662074236717,2,11,14
0,1772829680.7963552,78.1,22,0.4382,0.0521,0.1331,0.1247,39.3862,5.2086,12.4735,50.3968,0.0,0.0,6.93,5.64,1.29,None,0.016736745834350586,3.686,True,None,sfc_cache_p2_5,0,None,105.65,0.0,693.0,62,52,6,5,0,False,100.0,13.070769230769232,0.3975,3.173076923076923,0.7005,0.1399,0.0597,0.1478,2806.9213696260663,2375.3213696260664,431.6,0.9486432540334796,2,12,15
0,1772829680.7975712,78.1,22,0.4382,0.0521,0.1331,0.1247,39.3862,5.2086,12.4735,50.3968,0.0,0.0,10.41,7.56,2.85,None,0.016736745834350586,4.323,True,None,sfc_unique_p2_5,0,None,105.65,0.0,693.0,62,52,6,5,0,False,100.0,13.070769230769232,0.3975,3.173076923076923,0.7005,0.1399,0.0597,0.1478,2806.9213696260663,2375.3213696260664,431.6,0.9486432540334796,2,12,15
0,1772829680.813124,78.2,23,0.4502,0.0521,0.1429,0.1247,40.3581,5.2086,12.4735,51.725,0.0,0.0,7.82,6.53,1.29,None,0.03362083435058594,3.707,True,None,sfc_cache_p3_5,0,None,109.65,0.0,726.0,65,54,6,5,0,False,100.0,13.086666666666668,0.38277777777777783,3.0555555555555554,0.7033,0.1399,0.0585,0.1484,2842.1450192159127,2380.545019215913,461.6,0.9485789991506457,2,12,15
0,1772829680.8143644,78.2,23,0.4502,0.0521,0.1429,0.1247,40.3581,5.2086,12.4735,51.725,0.0,0.0,12.18,9.34,2.85,None,0.03362083435058594,3.898,True,None,sfc_unique_p3_5,0,None,109.65,0.0,726.0,65,54,6,5,0,False,100.0,13.086666666666668,0.38277777777777783,3.0555555555555554,0.7033,0.1399,0.0585,0.1484,2842.1450192159127,2380.545019215913,461.6,0.9485789991506457,2,12,15
0,1772829680.8300664,78.2,24,0.4619,0.0521,0.1512,0.1247,41.3301,5.2086,12.4735,52.9781,0.0,0.0,7.82,6.53,1.29,None,0.05038952827453613,3.717,True,None,sfc_cache_p4_5,0,None,113.65,0.0,759.0,67,56,6,5,0,False,100.0,13.101428571428572,0.3691071428571429,2.9464285714285716,0.7089,0.1399,0.0574,0.1462,2881.0021620730554,2389.4021620730555,491.6,0.9485789991506457,2,12,15
0,1772829680.8313758,78.2,24,0.4619,0.0521,0.1512,0.1247,41.3301,5.2086,12.4735,52.9781,0.0,0.0,13.61,10.27,3.34,None,0.05038952827453613,3.942,True,None,sfc_unique_p4_5,0,None,113.65,0.0,759.0,67,56,6,5,0,False,100.0,13.101428571428572,0.3691071428571429,2.9464285714285716,0.7089,0.1399,0.0574,0.1462,2881.0021620730554,2389.4021620730555,491.6,0.9485789991506457,2,12,15
0,1772829680.845718,78.2,25,0.4619,0.0521,0.1512,0.1247,41.3301,5.2086,12.4735,52.9781,0.0,0.0,None,None,None,None,0.06741142272949219,2.45,False,None,sfc_cache_p5_5,0,None,113.65,0.0,759.0,67,56,6,5,0,False,98.24561403508771,13.101428571428572,0.3691071428571429,2.9464285714285716,0.7089,0.1399,0.0574,0.1462,2881.0021620730554,2389.4021620730555,491.6,0.9485789991506457,2,12,15
0,1772829680.8470962,78.2,25,0.4619,0.0521,0.1512,0.1247,41.3301,5.2086,12.4735,52.9781,0.0,0.0,8.27,8.27,0,None,0.06741142272949219,3.087,False,None,sfc_unique_p5_5,0,None,113.65,0.0,759.0,67,56,6,5,0,False,96.55172413793103,13.101428571428572,0.3691071428571429,2.9464285714285716,0.7089,0.1399,0.0574,0.1462,2881.0021620730554,2389.4021620730555,491.6,0.9485789991506457,2,12,15
0,1772829680.8604462,78.2,26,0.4619,0.0521,0.1512,0.1247,41.3301,5.2086,12.4735,52.9781,0.0,0.0,None,None,None,None,0.08313655853271484,2.365,False,None,sfc_cache_p6_5,0,None,113.65,0.0,759.0,67,56,6,5,0,False,94.91525423728814,13.101428571428572,0.3691071428571429,2.9464285714285716,0.7089,0.1399,0.0574,0.1462,2881.0021620730554,2389.4021620730555,491.6,0.9485789991506457,2,12,15
0,1772829680.8617465,78.2,26,0.4619,0.0521,0.1512,0.1247,41.3301,5.2086,12.4735,52.9781,0.0,0.0,10.33,10.33,0,None,0.08313655853271484,3.027,False,None,sfc_unique_p6_5,0,None,113.65,0.0,759.0,67,56,6,5,0,False,93.33333333333333,13.101428571428572,0.3691071428571429,2.9464285714285716,0.7089,0.1399,0.0574,0.1462,2881.0021620730554,2389.4021620730555,491.6,0.9485789991506457,2,12,15
0,1772829702.8234105,100.2,26,0.4758,0.0521,0.1557,0.1497,44.03,5.2086,14.9682,52.4007,0.0,0.0,8.29,6.73,1.55,None,0.00020122528076171875,4.839,True,None,sfc_cache_p1_6,0,None,113.65,0.0,759.0,67,58,6,6,0,False,93.44262295081968,13.184137931034483,0.3563793103448276,3.413793103448276,0.7272,0.1399,0.0568,0.1543,2920.6171620730556,2414.6171620730556,506.0,0.9466463913313783,2,14,15
0,1772829702.825277,100.2,26,0.4758,0.0521,0.1557,0.1497,44.03,5.2086,14.9682,52.4007,0.0,0.0,7.63,5.53,2.1,None,0.00020122528076171875,4.255,True,None,sfc_unique_p1_6,0,None,113.65,0.0,759.0,67,58,6,6,0,False,93.54838709677419,13.184137931034483,0.3563793103448276,3.413793103448276,0.7272,0.1399,0.0568,0.1543,2920.6171620730556,2414.6171620730556,506.0,0.9466463913313783,2,14,15
0,1772829702.8426845,100.2,27,0.4849,0.0605,0.1629,0.1497,45.9383,6.0478,14.9682,51.8543,0.0,0.0,8.29,6.73,1.55,None,0.021838903427124023,4.307,True,None,sfc_cache_p2_6,0,None,117.65,0.0,792.0,70,60,6,6,0,False,93.65079365079364,13.139166666666666,0.4,3.3,0.7347,0.1887,0.0557,0.1624,2959.7014477873417,2439.3014477873417,520.4,0.942460369969615,3,15,15
0,1772829702.843503,100.2,27,0.4849,0.0605,0.1629,0.1497,45.9383,6.0478,14.9682,51.8543,0.0,0.0,6.43,4.33,2.1,None,0.021838903427124023,3.025,True,None,sfc_unique_p2_6,0,None,117.65,0.0,792.0,70,60,6,6,0,False,93.75,13.139166666666666,0.4,3.3,0.7347,0.1887,0.0557,0.1624,2959.7014477873417,2439.3014477873417,520.4,0.942460369969615,3,15,15
0,1772829702.8556685,100.2,28,0.4939,0.0605,0.1671,0.1497,46.9102,6.0478,14.9682,52.549,0.0,0.0,7.4,5.84,1.55,None,0.039238929748535156,2.759,True,None,sfc_cache_p3_6,0,None,121.65,0.0,825.0,73,62,6,6,0,False,93.84615384615384,13.150806451612903,0.3870967741935484,3.193548387096774,0.7397,0.1887,0.0547,0.1691,2980.835733501627,2442.435733501627,538.4,0.9409790069725532,3,15,15
0,1772829702.8567538,100.2,28,0.4939,0.0605,0.1671,0.1497,46.9102,6.0478,14.9682,52.549,0.0,0.0,11.13,8.51,2.62,None,0.039238929748535156,2.769,True,None,sfc_unique_p3_6,0,None,121.65,0.0,825.0,73,62,6,6,0,False,93.93939393939394,13.150806451612903,0.3870967741935484,3.193548387096774,0.7397,0.1887,0.0547,0.1691,2980.835733501627,2442.435733501627,538.4,0.9409790069725532,3,15,15
0,1772829702.8699782,100.2,29,0.5007,0.0605,0.1685,0.1497,46.9102,6.0478,14.9682,53.9478,0.0,0.0,6.86,5.31,1.55,None,0.05261540412902832,3.014,True,None,sfc_cache_p4_6,0,None,125.65,0.0,858.0,75,64,6,6,0,False,94.02985074626866,13.16171875,0.375,3.09375,0.7429,0.1887,0.0537,0.1708,3010.835733501627,2442.435733501627,568.4,0.9409790069725532,3,15,15
0,1772829702.8707948,100.2,29,0.5007,0.0605,0.1685,0.1497,46.9102,6.0478,14.9682,53.9478,0.0,0.0,8.27,8.27,0,None,0.05261540412902832,2.411,True,None,sfc_unique_p4_6,0,None,125.65,0.0,858.0,75,64,6,6,0,False,94.11764705882352,13.16171875,0.375,3.09375,0.7429,0.1887,0.0537,0.1708,3010.835733501627,2442.435733501627,568.4,0.9409790069725532,3,15,15
0,1772829702.881499,100.2,30,0.504,0.0832,0.1741,0.1497,46.9102,8.3157,14.9682,54.5254,0.0,0.0,7.4,5.84,1.55,None,0.06645989418029785,2.342,True,None,sfc_cache_p5_6,0,None,129.65,0.0,891.0,77,66,6,6,0,False,94.20289855072464,13.03560606060606,0.5,3.0,0.7483,0.2207,0.0528,0.1745,3050.170733501627,2463.770733501627,586.4,0.9394976439754913,3,15,15
0,1772829702.8822436,100.2,30,0.504,0.0832,0.1741,0.1497,46.9102,8.3157,14.9682,54.5254,0.0,0.0,8.21,5.58,2.62,None,0.06645989418029785,2.38,True,None,sfc_unique_p5_6,0,None,129.65,0.0,891.0,77,66,6,6,0,False,94.28571428571428,13.03560606060606,0.5,3.0,0.7483,0.2207,0.0528,0.1745,3050.170733501627,2463.770733501627,586.4,0.9394976439754913,3,15,15
0,1772829702.8925147,100.2,31,0.5123,0.0832,0.181,0.1497,47.8822,8.3157,14.9682,55.0673,0.0,0.0,7.4,5.84,1.55,None,0.07786917686462402,2.329,True,None,sfc_cache_p6_6,0,None,133.65,0.0,924.0,80,68,6,6,0,False,94.36619718309859,13.049264705882353,0.4852941176470588,2.911764705882353,0.7562,0.2207,0.0519,0.179,3075.885019215913,2471.485019215913,604.4,0.939098417641004,3,15,15
0,1772829702.8932462,100.2,31,0.5123,0.0832,0.181,0.1497,47.8822,8.3157,14.9682,55.0673,0.0,0.0,11.22,7.84,3.38,None,0.07786917686462402,2.372,True,None,sfc_unique_p6_6,0,None,133.65,0.0,924.0,80,68,6,6,0,False,94.44444444444444,13.049264705882353,0.4852941176470588,2.911764705882353,0.7562,0.2207,0.0519,0.179,3075.885019215913,2471.485019215913,604.4,0.939098417641004,3,15,15
0,1772829715.8559327,113.2,31,0.5123,0.0832,0.181,0.1497,47.8822,8.3157,14.9682,55.0673,0.0,0.0,None,None,None,None,0.00021767616271972656,2.486,False,None,sfc_cache_p1_7,0,None,133.65,0.0,924.0,80,68,6,6,0,False,93.15068493150685,13.049264705882353,0.4852941176470588,2.911764705882353,0.7562,0.2207,0.0519,0.179,3075.885019215913,2471.485019215913,604.4,0.939098417641004,3,15,15
0,1772829715.8575184,113.2,31,0.5123,0.0832,0.181,0.1497,47.8822,8.3157,14.9682,55.0673,0.0,0.0,8.27,8.27,0,None,0.00021767616271972656,3.127,False,None,sfc_unique_p1_7,0,None,133.65,0.0,924.0,80,68,6,6,0,False,91.8918918918919,13.049264705882353,0.4852941176470588,2.911764705882353,0.7562,0.2207,0.0519,0.179,3075.885019215913,2471.485019215913,604.4,0.939098417641004,3,15,15
0,1772829715.8724508,113.2,32,0.5123,0.0832,0.181,0.1497,47.8822,8.3157,14.9682,55.0673,0.0,0.0,None,None,None,None,0.018136024475097656,2.493,False,None,sfc_cache_p2_7,0,None,133.65,0.0,924.0,80,68,6,6,0,False,90.66666666666666,13.049264705882353,0.4852941176470588,2.911764705882353,0.7562,0.2207,0.0519,0.179,3075.885019215913,2471.485019215913,604.4,0.939098417641004,3,15,15
0,1772829715.8739252,113.2,32,0.5123,0.0832,0.181,0.1497,47.8822,8.3157,14.9682,55.0673,0.0,0.0,10.33,10.33,0,None,0.018136024475097656,3.103,False,None,sfc_unique_p2_7,0,None,133.65,0.0,924.0,80,68,6,6,0,False,89.47368421052632,13.049264705882353,0.4852941176470588,2.911764705882353,0.7562,0.2207,0.0519,0.179,3075.885019215913,2471.485019215913,604.4,0.939098417641004,3,15,15
0,1772829715.88889,113.2,33,0.5123,0.0832,0.181,0.1497,47.8822,8.3157,14.9682,55.0673,0.0,0.0,None,None,None,None,0.034549713134765625,2.48,False,None,sfc_cache_p3_7,0,None,133.65,0.0,924.0,80,68,6,6,0,False,88.31168831168831,13.049264705882353,0.4852941176470588,2.911764705882353,0.7562,0.2207,0.0519,0.179,3075.885019215913,2471.485019215913,604.4,0.939098417641004,3,15,15
0,1772829715.8903549,113.2,33,0.5123,0.0832,0.181,0.1497,47.8822,8.3157,14.9682,55.0673,0.0,0.0,None,None,None,None,0.034549713134765625,2.45,False,None,sfc_unique_p3_7,0,None,133.65,0.0,924.0,80,68,6,6,0,False,87.17948717948718,13.049264705882353,0.4852941176470588,2.911764705882353,0.7562,0.2207,0.0519,0.179,3075.885019215913,2471.485019215913,604.4,0.939098417641004,3,15,15
0,1772829715.9051616,113.3,34,0.5123,0.0832,0.181,0.1497,47.8822,8.3157,14.9682,55.0673,0.0,0.0,None,None,None,None,0.050954341888427734,2.467,False,None,sfc_cache_p4_7,0,None,133.65,0.0,924.0,80,68,6,6,0,False,86.07594936708861,13.049264705882353,0.4852941176470588,2.911764705882353,0.7562,0.2207,0.0519,0.179,3075.885019215913,2471.485019215913,604.4,0.939098417641004,3,15,15
0,1772829715.906617,113.3,34,0.5123,0.0832,0.181,0.1497,47.8822,8.3157,14.9682,55.0673,0.0,0.0,10.33,10.33,0,None,0.050954341888427734,3.09,False,None,sfc_unique_p4_7,0,None,133.65,0.0,924.0,80,68,6,6,0,False,85.0,13.049264705882353,0.4852941176470588,2.911764705882353,0.7562,0.2207,0.0519,0.179,3075.885019215913,2471.485019215913,604.4,0.939098417641004,3,15,15
0,1772829716.0184317,113.4,35,0.5123,0.0832,0.181,0.1497,47.8822,8.3157,14.9682,55.0673,0.0,0.0,None,None,None,None,0.06715869903564453,2.478,False,None,sfc_cache_p5_7,0,None,133.65,0.0,924.0,80,68,6,6,0,False,83.9506172839506,13.049264705882353,0.4852941176470588,2.911764705882353,0.7562,0.2207,0.0519,0.179,3075.885019215913,2471.485019215913,604.4,0.939098417641004,3,15,15
0,1772829716.0199928,113.4,35,0.5123,0.0832,0.181,0.1497,47.8822,8.3157,14.9682,55.0673,0.0,0.0,None,None,None,None,0.06715869903564453,2.479,False,None,sfc_unique_p5_7,0,None,133.65,0.0,924.0,80,68,6,6,0,False,82.92682926829268,13.049264705882353,0.4852941176470588,2.911764705882353,0.7562,0.2207,0.0519,0.179,3075.885019215913,2471.485019215913,604.4,0.939098417641004,3,15,15
0,1772829716.0347333,113.4,36,0.5123,0.0832,0.181,0.1497,47.8822,8.3157,14.9682,55.0673,0.0,0.0,None,None,None,None,0.1805126667022705,2.427,False,None,sfc_cache_p6_7,0,None,133.65,0.0,924.0,80,68,6,6,0,False,81.92771084337349,13.049264705882353,0.4852941176470588,2.911764705882353,0.7562,0.2207,0.0519,0.179,3075.885019215913,2471.485019215913,604.4,0.939098417641004,3,15,15
0,1772829716.0361571,113.4,36,0.5123,0.0832,0.181,0.1497,47.8822,8.3157,14.9682,55.0673,0.0,0.0,10.33,10.33,0,None,0.1805126667022705,3.067,False,None,sfc_unique_p6_7,0,None,133.65,0.0,924.0,80,68,6,6,0,False,80.95238095238095,13.049264705882353,0.4852941176470588,2.911764705882353,0.7562,0.2207,0.0519,0.179,3075.885019215913,2471.485019215913,604.4,0.939098417641004,3,15,15
0,1772829730.892874,128.2,36,0.4717,0.0832,0.1602,0.1497,38.6658,8.3157,14.9682,58.6153,0.0,0.0,6.45,4.89,1.56,None,0.0002028942108154297,3.871,True,None,sfc_cache_p1_8,0,None,104.99,0.0,759.0,64,58,6,6,0,False,81.17647058823529,13.120862068965517,0.5689655172413793,3.413793103448276,0.7559,0.2207,0.0568,0.1621,2933.0434467039177,2399.0434467039177,533.9999999999999,0.9280426832338753,3,17,8
0,1772829730.8942633,128.2,36,0.4717,0.0832,0.1602,0.1497,38.6658,8.3157,14.9682,58.6153,0.0,0.0,8.71,6.08,2.63,None,0.0002028942108154297,4.088,True,None,sfc_unique_p1_8,0,None,104.99,0.0,759.0,64,58,6,6,0,False,81.3953488372093,13.120862068965517,0.5689655172413793,3.413793103448276,0.7559,0.2207,0.0568,0.1621,2933.0434467039177,2399.0434467039177,533.9999999999999,0.9280426832338753,3,17,8
0,1772829730.9117484,128.3,37,0.4828,0.0832,0.1665,0.1497,41.0417,8.3157,14.9682,57.7671,0.0,0.0,6.16,4.6,1.56,None,0.019818782806396484,3.966,True,None,sfc_cache_p2_8,0,None,108.99,0.0,792.0,67,60,6,6,0,False,81.60919540229885,13.1335,0.55,3.3,0.7556,0.2207,0.0557,0.1708,2970.427504899243,2422.0275048992435,548.3999999999999,0.9313748263154964,3,17,10
0,1772829730.9132273,128.3,37,0.4828,0.0832,0.1665,0.1497,41.0417,8.3157,14.9682,57.7671,0.0,0.0,9.6,6.97,2.63,None,0.019818782806396484,3.932,True,None,sfc_unique_p2_8,0,None,108.99,0.0,792.0,67,60,6,6,0,False,81.81818181818183,13.1335,0.55,3.3,0.7556,0.2207,0.0557,0.1708,2970.427504899243,2422.0275048992435,548.3999999999999,0.9313748263154964,3,17,10
0,1772829730.931346,128.3,38,0.4864,0.1058,0.1742,0.1497,41.0417,10.5836,14.9682,58.2537,0.0,0.0,6.45,4.89,1.56,None,0.03870391845703125,3.848,True,None,sfc_cache_p3_8,0,None,112.99,0.0,825.0,69,62,6,6,0,False,82.02247191011236,13.00016129032258,0.6774193548387096,3.193548387096774,0.7611,0.2802,0.0547,0.1771,3000.616020608886,2434.216020608886,566.3999999999999,0.931188019435052,3,17,10
0,1772829730.93275,128.3,38,0.4864,0.1058,0.1742,0.1497,41.0417,10.5836,14.9682,58.2537,0.0,0.0,8.1,5.48,2.63,None,0.03870391845703125,3.805,True,None,sfc_unique_p3_8,0,None,112.99,0.0,825.0,69,62,6,6,0,False,82.22222222222221,13.00016129032258,0.6774193548387096,3.193548387096774,0.7611,0.2802,0.0547,0.1771,3000.616020608886,2434.216020608886,566.3999999999999,0.931188019435052,3,17,10
0,1772829730.9506562,128.3,39,0.4952,0.1058,0.179,0.1497,42.0137,10.5836,14.9682,58.7081,0.0,0.0,6.45,4.89,1.56,None,0.05818986892700195,3.885,True,None,sfc_cache_p4_8,0,None,116.99,0.0,858.0,71,64,6,6,0,False,82.41758241758241,13.01578125,0.65625,3.09375,0.7815,0.2802,0.0537,0.1802,3026.9829248543147,2442.582924854315,584.3999999999999,0.931188019435052,3,17,10
0,1772829730.9520679,128.3,39,0.4952,0.1058,0.179,0.1497,42.0137,10.5836,14.9682,58.7081,0.0,0.0,13.19,10.88,2.3,None,0.05818986892700195,3.862,True,None,sfc_unique_p4_8,0,None,116.99,0.0,858.0,71,64,6,6,0,False,82.6086956521739,13.01578125,0.65625,3.09375,0.7815,0.2802,0.0537,0.1802,3026.9829248543147,2442.582924854315,584.3999999999999,0.931188019435052,3,17,10
0,1772829730.9708765,128.3,40,0.5038,0.1058,0.1853,0.1497,42.9857,10.5836,14.9682,59.1334,0.0,0.0,6.45,4.89,1.56,None,0.07752180099487305,3.812,True,None,sfc_cache_p5_8,0,None,120.99,0.0,891.0,74,66,6,6,0,False,82.79569892473118,13.030454545454546,0.6363636363636364,3.0,0.7862,0.2802,0.0528,0.1819,3051.7492922896963,2449.3492922896967,602.3999999999999,0.9310012125546071,3,17,10
0,1772829730.9722872,128.3,40,0.5038,0.1058,0.1853,0.1497,42.9857,10.5836,14.9682,59.1334,0.0,0.0,10.19,7.56,2.63,None,0.07752180099487305,3.964,True,None,sfc_unique_p5_8,0,None,120.99,0.0,891.0,74,66,6,6,0,False,82.97872340425532,13.030454545454546,0.6363636363636364,3.0,0.7862,0.2802,0.0528,0.1819,3051.7492922896963,2449.3492922896967,602.3999999999999,0.9310012125546071,3,17,10
0,1772829730.9905353,128.3,41,0.5139,0.1058,0.1929,0.1497,44.8939,10.5836,14.9682,58.9138,0.0,0.0,7.34,5.78,1.56,None,0.0977022647857666,3.836,True,None,sfc_cache_p6_8,0,None,124.99,0.0,924.0,76,68,6,6,0,False,83.15789473684211,13.044264705882354,0.6176470588235294,2.911764705882353,0.7926,0.2802,0.0519,0.1835,3084.609669940215,2467.8096699402154,616.7999999999998,0.9307556197831889,3,17,10
0,1772829730.9919493,128.3,41,0.5139,0.1058,0.1929,0.1497,44.8939,10.5836,14.9682,58.9138,0.0,0.0,9.56,6.51,3.05,None,0.0977022647857666,3.949,True,None,sfc_unique_p6_8,0,None,124.99,0.0,924.0,76,68,6,6,0,False,83.33333333333334,13.044264705882354,0.6176470588235294,2.911764705882353,0.7926,0.2802,0.0519,0.1835,3084.609669940215,2467.8096699402154,616.7999999999998,0.9307556197831889,3,17,10
0,1772829750.9188097,148.3,41,0.4795,0.084,0.1769,0.1497,36.0739,8.3989,14.9682,63.9476,0.0,0.0,6.9,4.59,2.31,None,0.0028133392333984375,3.927,True,None,sfc_cache_p1_9,0,None,92.0,0.0,759.0,59,58,6,6,0,False,83.50515463917526,13.339137931034482,0.574655172413793,3.413793103448276,0.831,0.2223,0.0568,0.1677,2946.306453847396,2395.506453847396,550.7999999999998,0.9182488635991569,3,18,5
0,1772829750.9202302,148.3,41,0.4795,0.084,0.1769,0.1497,36.0739,8.3989,14.9682,63.9476,0.0,0.0,11.44,8.06,3.38,None,0.0028133392333984375,3.825,True,None,sfc_unique_p1_9,0,None,92.0,0.0,759.0,59,58,6,6,0,False,83.6734693877551,13.339137931034482,0.574655172413793,3.413793103448276,0.831,0.2223,0.0568,0.1677,2946.306453847396,2395.506453847396,550.7999999999998,0.9182488635991569,3,18,5
0,1772829750.9390836,148.3,42,0.4887,0.084,0.1831,0.1497,37.0459,8.3989,14.9682,64.2302,0.0,0.0,6.9,4.59,2.31,None,0.023541927337646484,3.832,True,None,sfc_cache_p2_9,0,None,96.0,0.0,792.0,61,60,6,6,0,False,83.83838383838383,13.3445,0.5555,3.3,0.8426,0.2223,0.0557,0.176,2972.6733580928253,2403.8733580928256,568.7999999999998,0.9177255336800407,3,19,6
0,1772829750.940447,148.3,42,0.4887,0.084,0.1831,0.1497,37.0459,8.3989,14.9682,64.2302,0.0,0.0,14.44,11.83,2.61,None,0.023541927337646484,3.819,True,None,sfc_unique_p2_9,0,None,96.0,0.0,792.0,61,60,6,6,0,False,84.0,13.3445,0.5555,3.3,0.8426,0.2223,0.0557,0.176,2972.6733580928253,2403.8733580928256,568.7999999999998,0.9177255336800407,3,19,6
0,1772829750.959121,148.3,43,0.4976,0.084,0.1936,0.1497,38.0178,8.3989,14.9682,64.4936,0.0,0.0,6.9,4.59,2.31,None,0.04376792907714844,3.786,True,None,sfc_cache_p3_9,0,None,100.0,0.0,825.0,64,62,6,6,0,False,84.15841584158416,13.349516129032258,0.5375806451612903,3.193548387096774,0.849,0.2223,0.0547,0.1847,2995.8970076826718,2409.097007682672,586.7999999999998,0.917562166361395,3,19,6
0,1772829750.9605305,148.3,43,0.4976,0.084,0.1936,0.1497,38.0178,8.3989,14.9682,64.4936,0.0,0.0,10.64,7.26,3.38,None,0.04376792907714844,3.896,True,None,sfc_unique_p3_9,0,None,100.0,0.0,825.0,64,62,6,6,0,False,84.31372549019608,13.349516129032258,0.5375806451612903,3.193548387096774,0.849,0.2223,0.0547,0.1847,2995.8970076826718,2409.097007682672,586.7999999999998,0.917562166361395,3,19,6
0,1772829750.9795961,148.3,44,0.5062,0.084,0.204,0.1497,38.9898,8.3989,14.9682,64.7397,0.0,0.0,6.9,4.59,2.31,None,0.06386327743530273,3.806,True,None,sfc_cache_p4_9,0,None,104.0,0.0,858.0,67,64,6,6,0,False,84.46601941747572,13.35421875,0.52078125,3.09375,0.8546,0.2223,0.0537,0.1908,3021.7193262092155,2416.919326209216,604.7999999999998,0.9173987990427491,3,19,6
0,1772829750.980962,148.3,44,0.5062,0.084,0.204,0.1497,38.9898,8.3989,14.9682,64.7397,0.0,0.0,10.64,7.26,3.38,None,0.06386327743530273,3.85,True,None,sfc_unique_p4_9,0,None,104.0,0.0,858.0,67,64,6,6,0,False,84.61538461538461,13.35421875,0.52078125,3.09375,0.8546,0.2223,0.0537,0.1908,3021.7193262092155,2416.919326209216,604.7999999999998,0.9173987990427491,3,19,6
0,1772829751.0000408,148.4,45,0.5093,0.1067,0.2145,0.1497,38.9898,10.6668,14.9682,64.9702,0.0,0.0,6.9,4.59,2.31,None,0.08429622650146484,3.796,True,None,sfc_cache_p5_9,0,None,108.0,0.0,891.0,69,66,6,6,0,False,84.76190476190476,13.222272727272726,0.6413636363636364,3.0,0.8577,0.2475,0.0528,0.1934,3051.907841918858,2429.1078419188584,622.7999999999998,0.9171981658006131,3,19,6
0,1772829751.0014117,148.4,45,0.5093,0.1067,0.2145,0.1497,38.9898,10.6668,14.9682,64.9702,0.0,0.0,8.44,5.48,2.96,None,0.08429622650146484,4.33,True,None,sfc_unique_p5_9,0,None,108.0,0.0,891.0,69,66,6,6,0,False,84.90566037735849,13.222272727272726,0.6413636363636364,3.0,0.8577,0.2475,0.0528,0.1934,3051.907841918858,2429.1078419188584,622.7999999999998,0.9171981658006131,3,19,6
0,1772829751.0203757,148.4,46,0.5157,0.1067,0.2179,0.1497,38.9898,10.6668,14.9682,65.7881,0.0,0.0,6.37,4.06,2.31,None,0.1047511100769043,3.84,True,None,sfc_cache_p6_9,0,None,112.0,0.0,924.0,71,68,6,6,0,False,85.04672897196261,13.230441176470588,0.6224999999999999,2.911764705882353,0.8591,0.2475,0.0519,0.1941,3081.907841918858,2429.1078419188584,652.7999999999998,0.9171981658006131,3,19,6
0,1772829751.0217888,148.4,46,0.5157,0.1067,0.2179,0.1497,38.9898,10.6668,14.9682,65.7881,0.0,0.0,8.27,8.27,0,None,0.1047511100769043,3.833,True,None,sfc_unique_p6_9,0,None,112.0,0.0,924.0,71,68,6,6,0,False,85.18518518518519,13.230441176470588,0.6224999999999999,2.911764705882353,0.8591,0.2475,0.0519,0.1941,3081.907841918858,2429.1078419188584,652.7999999999998,0.9171981658006131,3,19,6
0,1772829770.9339952,168.3,46,0.4583,0.1067,0.1414,0.1247,29.9527,10.6668,12.4735,67.603,0.0,0.0,None,None,None,None,0.00018095970153808594,1.536,False,None,sfc_cache_p1_10,0,None,92.0,0.0,759.0,58,56,6,5,0,False,84.40366972477065,13.101249999999997,0.7558928571428571,2.9464285714285716,0.8179,0.2475,0.0574,0.1547,2911.965581305285,2364.765581305285,547.1999999999999,0.9342997855566427,0,7,15
0,1772829770.934793,168.3,46,0.4583,0.1067,0.1414,0.1247,29.9527,10.6668,12.4735,67.603,0.0,0.0,10.33,10.33,0,None,0.00018095970153808594,1.85,False,None,sfc_unique_p1_10,0,None,92.0,0.0,759.0,58,56,6,5,0,False,83.63636363636363,13.101249999999997,0.7558928571428571,2.9464285714285716,0.8179,0.2475,0.0574,0.1547,2911.965581305285,2364.765581305285,547.1999999999999,0.9342997855566427,0,7,15
0,1772829770.9446688,168.3,47,0.4583,0.1067,0.1414,0.1247,29.9527,10.6668,12.4735,67.603,0.0,0.0,None,None,None,None,0.011681079864501953,1.612,False,None,sfc_cache_p2_10,0,None,92.0,0.0,759.0,58,56,6,5,0,False,82.88288288288288,13.101249999999997,0.7558928571428571,2.9464285714285716,0.8179,0.2475,0.0574,0.1547,2911.965581305285,2364.765581305285,547.1999999999999,0.9342997855566427,0,7,15
0,1772829770.9454818,168.3,47,0.4583,0.1067,0.1414,0.1247,29.9527,10.6668,12.4735,67.603,0.0,0.0,None,None,None,None,0.011681079864501953,1.538,False,None,sfc_unique_p2_10,0,None,92.0,0.0,759.0,58,56,6,5,0,False,82.14285714285714,13.101249999999997,0.7558928571428571,2.9464285714285716,0.8179,0.2475,0.0574,0.1547,2911.965581305285,2364.765581305285,547.1999999999999,0.9342997855566427,0,7,15
0,1772829770.956766,168.3,48,0.4583,0.1067,0.1414,0.1247,29.9527,10.6668,12.4735,67.603,0.0,0.0,None,None,None,None,0.02241969108581543,1.639,False,None,sfc_cache_p3_10,0,None,92.0,0.0,759.0,58,56,6,5,0,False,81.41592920353983,13.101249999999997,0.7558928571428571,2.9464285714285716,0.8179,0.2475,0.0574,0.1547,2911.965581305285,2364.765581305285,547.1999999999999,0.9342997855566427,0,7,15
0,1772829770.957702,168.3,48,0.4583,0.1067,0.1414,0.1247,29.9527,10.6668,12.4735,67.603,0.0,0.0,8.27,8.27,0,None,0.02241969108581543,2.055,False,None,sfc_unique_p3_10,0,None,92.0,0.0,759.0,58,56,6,5,0,False,80.7017543859649,13.101249999999997,0.7558928571428571,2.9464285714285716,0.8179,0.2475,0.0574,0.1547,2911.965581305285,2364.765581305285,547.1999999999999,0.9342997855566427,0,7,15
0,1772829770.9681163,168.3,49,0.4583,0.1067,0.1414,0.1247,29.9527,10.6668,12.4735,67.603,0.0,0.0,None,None,None,None,0.034705400466918945,1.472,False,None,sfc_cache_p4_10,0,None,92.0,0.0,759.0,58,56,6,5,0,False,80.0,13.101249999999997,0.7558928571428571,2.9464285714285716,0.8179,0.2475,0.0574,0.1547,2911.965581305285,2364.765581305285,547.1999999999999,0.9342997855566427,0,7,15
0,1772829770.9689407,168.3,49,0.4583,0.1067,0.1414,0.1247,29.9527,10.6668,12.4735,67.603,0.0,0.0,None,None,None,None,0.034705400466918945,1.972,False,None,sfc_unique_p4_10,0,None,92.0,0.0,759.0,58,56,6,5,0,False,79.3103448275862,13.101249999999997,0.7558928571428571,2.9464285714285716,0.8179,0.2475,0.0574,0.1547,2911.965581305285,2364.765581305285,547.1999999999999,0.9342997855566427,0,7,15
0,1772829770.9786613,168.3,50,0.4583,0.1067,0.1414,0.1247,29.9527,10.6668,12.4735,67.603,0.0,0.0,None,None,None,None,0.04578042030334473,1.441,False,None,sfc_cache_p5_10,0,None,92.0,0.0,759.0,58,56,6,5,0,False,78.63247863247864,13.101249999999997,0.7558928571428571,2.9464285714285716,0.8179,0.2475,0.0574,0.1547,2911.965581305285,2364.765581305285,547.1999999999999,0.9342997855566427,0,7,15
0,1772829770.9800253,168.3,50,0.4583,0.1067,0.1414,0.1247,29.9527,10.6668,12.4735,67.603,0.0,0.0,8.27,8.27,0,None,0.04578042030334473,1.862,False,None,sfc_unique_p5_10,0,None,92.0,0.0,759.0,58,56,6,5,0,False,77.96610169491525,13.101249999999997,0.7558928571428571,2.9464285714285716,0.8179,0.2475,0.0574,0.1547,2911.965581305285,2364.765581305285,547.1999999999999,0.9342997855566427,0,7,15
0,1772829770.9976165,168.3,51,0.4583,0.1067,0.1414,0.1247,29.9527,10.6668,12.4735,67.603,0.0,0.0,None,None,None,None,0.057456016540527344,2.516,False,None,sfc_cache_p6_10,0,None,92.0,0.0,759.0,58,56,6,5,0,False,77.31092436974791,13.101249999999997,0.7558928571428571,2.9464285714285716,0.8179,0.2475,0.0574,0.1547,2911.965581305285,2364.765581305285,547.1999999999999,0.9342997855566427,0,7,15
0,1772829770.999004,168.4,51,0.4583,0.1067,0.1414,0.1247,29.9527,10.6668,12.4735,67.603,0.0,0.0,10.33,10.33,0,None,0.057456016540527344,3.211,False,None,sfc_unique_p6_10,0,None,92.0,0.0,759.0,58,56,6,5,0,False,76.66666666666667,13.101249999999997,0.7558928571428571,2.9464285714285716,0.8179,0.2475,0.0574,0.1547,2911.965581305285,2364.765581305285,547.1999999999999,0.9342997855566427,0,7,15
0,1772829789.9788244,187.3,51,0.4703,0.1067,0.1448,0.1497,32.9409,10.6668,14.9682,65.6643,0.0,0.0,4.51,3.58,0.93,None,0.00018095970153808594,4.213,True,None,sfc_cache_p1_11,0,None,92.0,0.0,759.0,59,58,6,6,0,False,76.85950413223141,13.18396551724138,0.7298275862068965,3.413793103448276,0.8198,0.2475,0.0686,0.1614,2938.0254017665143,2380.8254017665145,557.1999999999999,0.9367290840265404,0,7,16
0,1772829789.980369,187.3,51,0.4703,0.1067,0.1448,0.1497,32.9409,10.6668,14.9682,65.6643,0.0,0.0,8.88,6.24,2.64,None,0.00018095970153808594,4.119,True,None,sfc_unique_p1_11,0,None,92.0,0.0,759.0,59,58,6,6,0,False,77.04918032786885,13.18396551724138,0.7298275862068965,3.413793103448276,0.8198,0.2475,0.0686,0.1614,2938.0254017665143,2380.8254017665145,557.1999999999999,0.9367290840265404,0,7,16
0,1772829790.0009518,187.4,52,0.4787,0.1067,0.1464,0.1497,35.3892,10.6668,14.9682,63.9513,0.0,0.0,4.51,3.58,0.93,None,0.02213740348815918,4.154,True,None,sfc_cache_p2_11,0,None,100.33,0.0,792.0,63,60,6,6,0,False,77.23577235772358,13.122333333333332,0.7055,3.3,0.8071,0.2475,0.0674,0.1644,2964.5572853758626,2397.357285375863,567.1999999999999,0.9409851842100019,0,7,18
0,1772829790.0024462,187.4,52,0.4787,0.1067,0.1464,0.1497,35.3892,10.6668,14.9682,63.9513,0.0,0.0,6.18,4.82,1.36,None,0.02213740348815918,4.14,True,None,sfc_unique_p2_11,0,None,100.33,0.0,792.0,63,60,6,6,0,False,77.41935483870968,13.122333333333332,0.7055,3.3,0.8071,0.2475,0.0674,0.1644,2964.5572853758626,2397.357285375863,567.1999999999999,0.9409851842100019,0,7,18
0,1772829790.0230827,187.4,53,0.4859,0.1067,0.1506,0.1497,36.3612,10.6668,14.9682,63.6867,0.0,0.0,6.03,4.47,1.57,None,0.044162750244140625,4.112,True,None,sfc_cache_p3_11,0,None,104.33,0.0,825.0,66,62,6,6,0,False,77.60000000000001,13.134516129032257,0.682741935483871,3.193548387096774,0.813,0.2475,0.0661,0.1707,2991.959854637587,2406.759854637587,585.1999999999999,0.9407923426581829,0,7,18
0,1772829790.024586,187.4,53,0.4859,0.1067,0.1506,0.1497,36.3612,10.6668,14.9682,63.6867,0.0,0.0,9.24,6.6,2.64,None,0.044162750244140625,4.016,True,None,sfc_unique_p3_11,0,None,104.33,0.0,825.0,66,62,6,6,0,False,77.77777777777779,13.134516129032257,0.682741935483871,3.193548387096774,0.813,0.2475,0.0661,0.1707,2991.959854637587,2406.759854637587,585.1999999999999,0.9407923426581829,0,7,18
0,1772829790.0447655,187.4,54,0.4946,0.1067,0.1562,0.1497,38.2695,10.6668,14.9682,62.8361,0.0,0.0,6.57,5.0,1.57,None,0.06629776954650879,4.083,True,None,sfc_cache_p4_11,0,None,108.33,0.0,858.0,68,64,6,6,0,False,77.95275590551181,13.1459375,0.66140625,3.09375,0.8186,0.2475,0.065,0.1769,3020.6413126162283,2421.0413126162284,599.5999999999999,0.9405295449809676,0,7,18
0,1772829790.0464025,187.4,54,0.4946,0.1067,0.1562,0.1497,38.2695,10.6668,14.9682,62.8361,0.0,0.0,9.23,6.15,3.07,None,0.06629776954650879,4.184,True,None,sfc_unique_p4_11,0,None,108.33,0.0,858.0,68,64,6,6,0,False,78.125,13.1459375,0.66140625,3.09375,0.8186,0.2475,0.065,0.1769,3020.6413126162283,2421.0413126162284,599.5999999999999,0.9405295449809676,0,7,18
0,1772829790.0674489,187.4,55,0.5013,0.1067,0.1604,0.1497,39.2414,10.6668,14.9682,62.6332,0.0,0.0,6.03,4.47,1.57,None,0.08812069892883301,4.03,True,None,sfc_cache_p5_11,0,None,112.33,0.0,891.0,71,66,6,6,0,False,78.29457364341084,13.156666666666666,0.6413636363636364,3.0,0.823,0.2475,0.0638,0.1797,3048.043881877952,2430.443881877952,617.5999999999999,0.9403367034291482,0,7,18
0,1772829790.0690782,187.4,55,0.5013,0.1067,0.1604,0.1497,39.2414,10.6668,14.9682,62.6332,0.0,0.0,9.24,6.6,2.64,None,0.08812069892883301,4.106,True,None,sfc_unique_p5_11,0,None,112.33,0.0,891.0,71,66,6,6,0,False,78.46153846153847,13.156666666666666,0.6413636363636364,3.0,0.823,0.2475,0.0638,0.1797,3048.043881877952,2430.443881877952,617.5999999999999,0.9403367034291482,0,7,18
0,1772829790.090001,187.4,56,0.5077,0.1067,0.1659,0.1497,40.2134,10.6668,14.9682,62.4454,0.0,0.0,6.03,4.47,1.57,None,0.11077427864074707,4.033,True,None,sfc_cache_p6_11,0,None,116.33,0.0,924.0,74,68,6,6,0,False,78.62595419847328,13.166764705882354,0.6224999999999999,2.911764705882353,0.8303,0.2475,0.0627,0.1824,3071.267531467799,2435.667531467799,635.5999999999999,0.9402596764468528,0,7,18
0,1772829790.0915637,187.4,56,0.5077,0.1067,0.1659,0.1497,40.2134,10.6668,14.9682,62.4454,0.0,0.0,9.58,6.51,3.07,None,0.11077427864074707,4.048,True,None,sfc_unique_p6_11,0,None,116.33,0.0,924.0,74,68,6,6,0,False,78.78787878787878,13.166764705882354,0.6224999999999999,2.911764705882353,0.8303,0.2475,0.0627,0.1824,3071.267531467799,2435.667531467799,635.5999999999999,0.9402596764468528,0,7,18
0,1772829813.020534,210.4,56,0.4241,0.0764,0.039,0.1247,32.9777,7.6429,12.4735,56.2345,0.0,0.0,5.74,4.36,1.38,None,0.00022864341735839844,4.028,True,None,sfc_cache_p1_12,0,None,84.33,0.0,660.0,56,50,6,5,0,False,78.94736842105263,13.206800000000001,0.6065999999999999,3.3,0.7599,0.1644,0.0741,0.1537,2769.8051350384976,2340.605135038498,429.19999999999993,0.9470169501222879,0,4,11
0,1772829813.0219362,210.4,56,0.4241,0.0764,0.039,0.1247,32.9777,7.6429,12.4735,56.2345,0.0,0.0,8.0,5.55,2.45,None,0.00022864341735839844,4.105,True,None,sfc_unique_p1_12,0,None,84.33,0.0,660.0,56,50,6,5,0,False,79.1044776119403,13.206800000000001,0.6065999999999999,3.3,0.7599,0.1644,0.0741,0.1537,2769.8051350384976,2340.605135038498,429.19999999999993,0.9470169501222879,0,4,11
0,1772829813.0417013,210.4,57,0.4361,0.0764,0.0429,0.1247,35.7132,7.6429,12.4735,54.8692,0.0,0.0,5.98,4.6,1.38,None,0.021392822265625,3.975,True,None,sfc_cache_p2_12,0,None,88.33,0.0,693.0,58,52,6,5,0,False,79.25925925925927,13.218076923076922,0.5832692307692308,3.173076923076923,0.7484,0.1644,0.0727,0.1593,2801.5424821983797,2362.34248219838,439.19999999999993,0.9484794742034823,0,4,12
0,1772829813.0431287,210.4,57,0.4361,0.0764,0.0429,0.1247,35.7132,7.6429,12.4735,54.8692,0.0,0.0,5.9,4.3,1.6,None,0.021392822265625,4.098,True,None,sfc_unique_p2_12,0,None,88.33,0.0,693.0,58,52,6,5,0,False,79.41176470588235,13.218076923076922,0.5832692307692308,3.173076923076923,0.7484,0.1644,0.0727,0.1593,2801.5424821983797,2362.34248219838,439.19999999999993,0.9484794742034823,0,4,12
0,1772829813.0636797,210.4,58,0.4462,0.0764,0.0485,0.1247,37.6215,7.6429,12.4735,54.2193,0.0,0.0,6.27,4.89,1.38,None,0.04256272315979004,3.972,True,None,sfc_cache_p3_12,0,None,92.33,0.0,726.0,61,54,6,5,0,False,79.56204379562044,13.22851851851852,0.5616666666666666,3.0555555555555554,0.7528,0.1644,0.0712,0.1659,2834.402859848898,2380.802859848898,453.5999999999999,0.9480221837746923,0,4,12
0,1772829813.0650349,210.4,58,0.4462,0.0764,0.0485,0.1247,37.6215,7.6429,12.4735,54.2193,0.0,0.0,8.49,5.62,2.87,None,0.04256272315979004,4.051,True,None,sfc_unique_p3_12,0,None,92.33,0.0,726.0,61,54,6,5,0,False,79.71014492753623,13.22851851851852,0.5616666666666666,3.0555555555555554,0.7528,0.1644,0.0712,0.1659,2834.402859848898,2380.802859848898,453.5999999999999,0.9480221837746923,0,4,12
0,1772829813.084694,210.4,59,0.4559,0.0764,0.0527,0.1247,38.5935,7.6429,12.4735,54.8543,0.0,0.0,6.27,4.89,1.38,None,0.06443309783935547,3.898,True,None,sfc_cache_p4_12,0,None,96.33,0.0,759.0,64,56,6,5,0,False,79.85611510791367,13.238214285714287,0.5416071428571428,2.9464285714285716,0.757,0.1644,0.0699,0.1693,2852.402859848898,2380.802859848898,471.5999999999999,0.9477244831080286,0,4,12
0,1772829813.0860822,210.4,59,0.4559,0.0764,0.0527,0.1247,38.5935,7.6429,12.4735,54.8543,0.0,0.0,10.01,7.56,2.45,None,0.06443309783935547,3.95,True,None,sfc_unique_p4_12,0,None,96.33,0.0,759.0,64,56,6,5,0,False,80.0,13.238214285714287,0.5416071428571428,2.9464285714285716,0.757,0.1644,0.0699,0.1693,2852.402859848898,2380.802859848898,471.5999999999999,0.9477244831080286,0,4,12
0,1772829813.1061876,210.5,60,0.4599,0.0991,0.0582,0.1247,38.5935,9.9108,12.4735,55.4455,0.0,0.0,6.27,4.89,1.38,None,0.08550453186035156,3.909,True,None,sfc_cache_p5_12,0,None,100.33,0.0,792.0,66,58,6,5,0,False,80.1418439716312,13.092068965517242,0.678103448275862,2.8448275862068964,0.7622,0.1655,0.0685,0.1706,2891.8438132616825,2402.2438132616826,489.5999999999999,0.947426782441365,0,4,12
0,1772829813.107575,210.5,60,0.4599,0.0991,0.0582,0.1247,38.5935,9.9108,12.4735,55.4455,0.0,0.0,7.93,5.48,2.45,None,0.08550453186035156,3.967,True,None,sfc_unique_p5_12,0,None,100.33,0.0,792.0,66,58,6,5,0,False,80.28169014084507,13.092068965517242,0.678103448275862,2.8448275862068964,0.7622,0.1655,0.0685,0.1706,2891.8438132616825,2402.2438132616826,489.5999999999999,0.947426782441365,0,4,12
0,1772829813.1282818,210.5,61,0.4674,0.0991,0.0596,0.1247,38.5935,9.9108,12.4735,56.7246,0.0,0.0,5.74,4.36,1.38,None,0.10699152946472168,3.89,True,None,sfc_cache_p6_12,0,None,104.33,0.0,825.0,68,60,6,5,0,False,80.41958041958041,13.105666666666668,0.6555,2.75,0.7643,0.1655,0.0673,0.1706,2921.8438132616825,2402.2438132616826,519.5999999999999,0.947426782441365,0,4,12
0,1772829813.12975,210.5,61,0.4674,0.0991,0.0596,0.1247,38.5935,9.9108,12.4735,56.7246,0.0,0.0,8.27,8.27,0,None,0.10699152946472168,3.953,True,None,sfc_unique_p6_12,0,None,104.33,0.0,825.0,68,60,6,5,0,False,80.55555555555556,13.105666666666668,0.6555,2.75,0.7643,0.1655,0.0673,0.1706,2921.8438132616825,2402.2438132616826,519.5999999999999,0.947426782441365,0,4,12
0,1772829833.0627556,230.4,61,0.4219,0.0781,0.0127,0.1247,34.3093,7.8117,12.4735,53.6439,0.0,0.0,4.05,2.75,1.3,None,0.00020241737365722656,4.625,True,None,sfc_cache_p1_13,0,None,84.33,0.0,660.0,55,50,6,5,0,False,80.6896551724138,13.193400000000002,0.62,3.3,0.6974,0.1075,0.0715,0.1432,2744.6294470645,2327.8294470644996,416.79999999999995,0.9582274024192434,1,1,11
0,1772829833.0640604,230.4,61,0.4219,0.0781,0.0127,0.1247,34.3093,7.8117,12.4735,53.6439,0.0,0.0,6.09,4.63,1.46,None,0.00020241737365722656,5.156,True,None,sfc_unique_p1_13,0,None,84.33,0.0,660.0,55,50,6,5,0,False,80.82191780821918,13.193400000000002,0.62,3.3,0.6974,0.1075,0.0715,0.1432,2744.6294470645,2327.8294470644996,416.79999999999995,0.9582274024192434,1,1,11
0,1772829833.0881457,230.4,62,0.4285,0.1,0.0209,0.1247,35.9292,9.9965,12.4735,52.6187,0.0,0.0,1.77,1.12,0.66,None,0.027143478393554688,4.157,True,None,sfc_cache_p2_13,0,None,84.33,4.0,693.0,58,52,6,5,0,False,80.95238095238095,13.038461538461538,0.7628846153846154,3.173076923076923,0.6948,0.1474,0.0701,0.1515,2780.1506512124643,2353.350651212464,426.79999999999995,0.9589816391718392,1,1,12
0,1772829833.089522,230.4,62,0.4285,0.1,0.0209,0.1247,35.9292,9.9965,12.4735,52.6187,0.0,0.0,8.58,5.84,2.73,None,0.027143478393554688,3.971,True,None,sfc_unique_p2_13,0,None,84.33,4.0,693.0,58,52,6,5,0,False,81.08108108108108,13.038461538461538,0.7628846153846154,3.173076923076923,0.6948,0.1474,0.0701,0.1515,2780.1506512124643,2353.350651212464,426.79999999999995,0.9589816391718392,1,1,12
0,1772829833.1102328,230.5,63,0.436,0.1,0.0258,0.1247,36.9012,9.9965,12.4735,52.6943,0.0,0.0,3.23,1.93,1.3,None,0.052216529846191406,3.896,True,None,sfc_cache_p3_13,0,None,88.66,8.0,726.0,61,54,6,5,0,False,81.20805369127517,12.975370370370372,0.7346296296296296,3.0555555555555554,0.7018,0.1474,0.0687,0.1577,2803.172319684837,2358.372319684837,444.79999999999995,0.9585779147191321,1,1,12
0,1772829833.111554,230.5,63,0.436,0.1,0.0258,0.1247,36.9012,9.9965,12.4735,52.6943,0.0,0.0,9.62,7.26,2.36,None,0.052216529846191406,3.906,True,None,sfc_unique_p3_13,0,None,88.66,8.0,726.0,61,54,6,5,0,False,81.33333333333333,12.975370370370372,0.7346296296296296,3.0555555555555554,0.7018,0.1474,0.0687,0.1577,2803.172319684837,2358.372319684837,444.79999999999995,0.9585779147191321,1,1,12
0,1772829833.1328585,230.5,64,0.4449,0.1,0.0321,0.1247,38.8095,9.9965,12.4735,51.9971,0.0,0.0,3.67,2.38,1.3,None,0.07426834106445312,3.936,True,None,sfc_cache_p4_13,0,None,92.99,12.0,759.0,65,56,6,5,0,False,81.45695364238411,12.916785714285714,0.7083928571428572,2.9464285714285716,0.7044,0.1474,0.0674,0.1634,2836.032697335355,2376.832697335355,459.19999999999993,0.9581717108537193,1,1,12
0,1772829833.1342332,230.5,64,0.4449,0.1,0.0321,0.1247,38.8095,9.9965,12.4735,51.9971,0.0,0.0,9.72,6.99,2.73,None,0.07426834106445312,4.034,True,None,sfc_unique_p4_13,0,None,92.99,12.0,759.0,65,56,6,5,0,False,81.57894736842105,12.916785714285714,0.7083928571428572,2.9464285714285716,0.7044,0.1474,0.0674,0.1634,2836.032697335355,2376.832697335355,459.19999999999993,0.9581717108537193,1,1,12
0,1772829833.1550577,230.5,65,0.4473,0.1226,0.0383,0.1247,38.8095,12.2644,12.4735,52.2366,0.0,0.0,3.52,2.22,1.3,None,0.09695148468017578,4.023,True,None,sfc_cache_p5_13,0,None,92.99,16.0,792.0,68,58,6,5,0,False,81.69934640522875,12.781724137931034,0.8391379310344828,2.8448275862068964,0.7115,0.1647,0.0661,0.1653,2869.6990028608157,2392.499002860816,477.19999999999993,0.9577681222272206,1,1,12
0,1772829833.156377,230.5,65,0.4473,0.1226,0.0383,0.1247,38.8095,12.2644,12.4735,52.2366,0.0,0.0,6.72,4.35,2.36,None,0.09695148468017578,3.959,True,None,sfc_unique_p5_13,0,None,92.99,16.0,792.0,68,58,6,5,0,False,81.81818181818183,12.781724137931034,0.8391379310344828,2.8448275862068964,0.7115,0.1647,0.0661,0.1653,2869.6990028608157,2392.499002860816,477.19999999999993,0.9577681222272206,1,1,12
0,1772829833.1774817,230.5,66,0.4551,0.1226,0.0404,0.1247,38.8095,12.2644,12.4735,53.6367,0.0,0.0,3.52,2.22,1.3,None,0.1190941333770752,3.953,True,None,sfc_cache_p6_13,0,None,92.99,20.0,825.0,70,60,6,5,0,False,81.93548387096774,12.805666666666667,0.8111666666666667,2.75,0.7147,0.1647,0.0649,0.1655,2899.6990028608157,2392.499002860816,507.19999999999993,0.9577681222272206,1,1,12
0,1772829833.1788774,230.5,66,0.4551,0.1226,0.0404,0.1247,38.8095,12.2644,12.4735,53.6367,0.0,0.0,8.27,8.27,0,None,0.1190941333770752,3.934,True,None,sfc_unique_p6_13,0,None,92.99,20.0,825.0,70,60,6,5,0,False,82.05128205128204,12.805666666666667,0.8111666666666667,2.75,0.7147,0.1647,0.0649,0.1655,2899.6990028608157,2392.499002860816,507.19999999999993,0.9577681222272206,1,1,12
0,1772829850.0972557,247.4,66,0.4642,0.1327,0.0453,0.1497,39.7814,13.2724,14.9682,54.2197,0.0,0.0,4.35,2.78,1.57,None,0.00021791458129882812,4.508,True,None,sfc_cache_p1_14,0,None,92.99,20.0,825.0,70,62,6,6,0,False,82.16560509554141,12.828064516129032,0.849516129032258,3.193548387096774,0.7208,0.1903,0.0809,0.164,2932.5186902157143,2407.3186902157145,525.1999999999999,0.9574663113620295,1,1,12
0,1772829850.098836,247.5,66,0.4642,0.1327,0.0453,0.1497,39.7814,13.2724,14.9682,54.2197,0.0,0.0,10.3,7.67,2.64,None,0.00021791458129882812,4.144,True,None,sfc_unique_p1_14,0,None,92.99,20.0,825.0,70,62,6,6,0,False,82.27848101265823,12.828064516129032,0.849516129032258,3.193548387096774,0.7208,0.1903,0.0809,0.164,2932.5186902157143,2407.3186902157145,525.1999999999999,0.9574663113620295,1,1,12
0,1772829850.120917,247.5,67,0.4679,0.1554,0.0515,0.1497,39.7814,15.5403,14.9682,54.7668,0.0,0.0,4.35,2.78,1.57,None,0.02571845054626465,3.983,True,None,sfc_cache_p2_14,0,None,92.99,24.0,858.0,73,64,6,6,0,False,82.38993710691824,12.7084375,0.96359375,3.09375,0.7268,0.2317,0.0794,0.1613,2962.7072059253564,2419.5072059253566,543.1999999999999,0.9572573653784356,1,1,12
0,1772829850.1223056,247.5,67,0.4679,0.1554,0.0515,0.1497,39.7814,15.5403,14.9682,54.7668,0.0,0.0,8.08,5.45,2.64,None,0.02571845054626465,4.044,True,None,sfc_unique_p2_14,0,None,92.99,24.0,858.0,73,64,6,6,0,False,82.5,12.7084375,0.96359375,3.09375,0.7268,0.2317,0.0794,0.1613,2962.7072059253564,2419.5072059253566,543.1999999999999,0.9572573653784356,1,1,12
0,1772829850.1439674,247.5,68,0.4782,0.1554,0.0578,0.1497,40.7534,15.5403,14.9682,55.6968,0.0,0.0,5.24,3.67,1.57,None,0.04917263984680176,4.009,True,None,sfc_cache_p3_14,0,None,92.99,28.0,891.0,75,66,6,6,0,False,82.6086956521739,12.732424242424242,0.9343939393939394,3.0,0.7353,0.2317,0.078,0.1592,3002.350063068214,2429.150063068214,573.1999999999999,0.9572573653784356,1,1,12
0,1772829850.1454787,247.5,68,0.4782,0.1554,0.0578,0.1497,40.7534,15.5403,14.9682,55.6968,0.0,0.0,12.66,9.62,3.03,None,0.04917263984680176,3.905,True,None,sfc_unique_p3_14,0,None,92.99,28.0,891.0,75,66,6,6,0,False,82.71604938271605,12.732424242424242,0.9343939393939394,3.0,0.7353,0.2317,0.078,0.1592,3002.350063068214,2429.150063068214,573.1999999999999,0.9572573653784356,1,1,12
0,1772829850.1655807,247.5,69,0.4782,0.1554,0.0578,0.1497,40.7534,15.5403,14.9682,55.6968,0.0,0.0,None,None,None,None,0.0723426342010498,2.619,False,None,sfc_cache_p4_14,0,None,92.99,28.0,891.0,75,66,6,6,0,False,82.20858895705521,12.732424242424242,0.9343939393939394,3.0,0.7353,0.2317,0.078,0.1592,3002.350063068214,2429.150063068214,573.1999999999999,0.9572573653784356,1,1,12
0,1772829850.1671028,247.5,69,0.4782,0.1554,0.0578,0.1497,40.7534,15.5403,14.9682,55.6968,0.0,0.0,8.27,8.27,0,None,0.0723426342010498,3.268,False,None,sfc_unique_p4_14,0,None,92.99,28.0,891.0,75,66,6,6,0,False,81.70731707317073,12.732424242424242,0.9343939393939394,3.0,0.7353,0.2317,0.078,0.1592,3002.350063068214,2429.150063068214,573.1999999999999,0.9572573653784356,1,1,12
0,1772829850.1869242,247.5,70,0.4782,0.1554,0.0578,0.1497,40.7534,15.5403,14.9682,55.6968,0.0,0.0,None,None,None,None,0.0939478874206543,2.548,False,None,sfc_cache_p5_14,0,None,92.99,28.0,891.0,75,66,6,6,0,False,81.21212121212122,12.732424242424242,0.9343939393939394,3.0,0.7353,0.2317,0.078,0.1592,3002.350063068214,2429.150063068214,573.1999999999999,0.9572573653784356,1,1,12
0,1772829850.1883748,247.5,70,0.4782,0.1554,0.0578,0.1497,40.7534,15.5403,14.9682,55.6968,0.0,0.0,10.33,10.33,0,None,0.0939478874206543,3.336,False,None,sfc_unique_p5_14,0,None,92.99,28.0,891.0,75,66,6,6,0,False,80.72289156626506,12.732424242424242,0.9343939393939394,3.0,0.7353,0.2317,0.078,0.1592,3002.350063068214,2429.150063068214,573.1999999999999,0.9572573653784356,1,1,12
0,1772829850.207837,247.6,71,0.4782,0.1554,0.0578,0.1497,40.7534,15.5403,14.9682,55.6968,0.0,0.0,None,None,None,None,0.11519670486450195,2.618,False,None,sfc_cache_p6_14,0,None,92.99,28.0,891.0,75,66,6,6,0,False,80.23952095808383,12.732424242424242,0.9343939393939394,3.0,0.7353,0.2317,0.078,0.1592,3002.350063068214,2429.150063068214,573.1999999999999,0.9572573653784356,1,1,12
0,1772829850.2092898,247.6,71,0.4782,0.1554,0.0578,0.1497,40.7534,15.5403,14.9682,55.6968,0.0,0.0,None,None,None,None,0.11519670486450195,2.62,False,None,sfc_unique_p6_14,0,None,92.99,28.0,891.0,75,66,6,6,0,False,79.76190476190477,12.732424242424242,0.9343939393939394,3.0,0.7353,0.2317,0.078,0.1592,3002.350063068214,2429.150063068214,573.1999999999999,0.9572573653784356,1,1,12
0,1772829874.128405,271.5,71,0.376,0.11,0.0038,0.1247,30.0963,11.0044,12.4735,50.0962,0.0,0.0,7.33,5.8,1.53,None,0.00019478797912597656,3.94,True,None,sfc_cache_p1_15,0,None,52.989999999999995,28.0,561.0,49,44,6,5,0,False,79.88165680473372,12.666818181818183,0.9925,3.75,0.6296,0.2209,0.0967,0.0824,2685.0394714440486,2315.4394714440486,369.6,0.9841953171248508,0,0,7
0,1772829874.1296988,271.5,71,0.376,0.11,0.0038,0.1247,30.0963,11.0044,12.4735,50.0962,0.0,0.0,7.19,6.15,1.04,None,0.00019478797912597656,3.79,True,None,sfc_unique_p1_15,0,None,52.989999999999995,28.0,561.0,49,44,6,5,0,False,80.0,12.666818181818183,0.9925,3.75,0.6296,0.2209,0.0967,0.0824,2685.0394714440486,2315.4394714440486,369.6,0.9841953171248508,0,0,7
0,1772829874.1498384,271.5,72,0.3864,0.11,0.01,0.1247,32.0046,11.0044,12.4735,49.3322,0.0,0.0,7.33,5.8,1.53,None,0.021613121032714844,3.81,True,None,sfc_cache_p2_15,0,None,61.32,28.0,594.0,53,46,6,5,0,False,80.11695906432749,12.60891304347826,0.9493478260869566,3.5869565217391304,0.6457,0.2209,0.0946,0.0915,2717.800185729763,2333.800185729763,384.0,0.9841953171248508,0,0,7
0,1772829874.151008,271.5,72,0.3864,0.11,0.01,0.1247,32.0046,11.0044,12.4735,49.3322,0.0,0.0,11.02,8.43,2.59,None,0.021613121032714844,3.8,True,None,sfc_unique_p2_15,0,None,61.32,28.0,594.0,53,46,6,5,0,False,80.23255813953489,12.60891304347826,0.9493478260869566,3.5869565217391304,0.6457,0.2209,0.0946,0.0915,2717.800185729763,2333.800185729763,384.0,0.9841953171248508,0,0,7
0,1772829874.1713946,271.5,73,0.3978,0.11,0.0163,0.1247,32.9766,11.0044,12.4735,50.2767,0.0,0.0,7.37,5.84,1.53,None,0.04293966293334961,3.786,True,None,sfc_cache_p3_15,0,None,65.32,28.0,627.0,56,48,6,5,0,False,80.34682080924856,12.646041666666667,0.9097916666666667,3.4375,0.659,0.2209,0.0926,0.0993,2744.014471444049,2342.014471444049,402.0,0.9831667456962795,0,0,7
0,1772829874.1726208,271.5,73,0.3978,0.11,0.0163,0.1247,32.9766,11.0044,12.4735,50.2767,0.0,0.0,10.62,8.31,2.31,None,0.04293966293334961,3.852,True,None,sfc_unique_p3_15,0,None,65.32,28.0,627.0,56,48,6,5,0,False,80.45977011494253,12.646041666666667,0.9097916666666667,3.4375,0.659,0.2209,0.0926,0.0993,2744.014471444049,2342.014471444049,402.0,0.9831667456962795,0,0,7
0,1772829874.192809,271.5,74,0.4088,0.11,0.0212,0.1247,33.9486,11.0044,12.4735,51.1456,0.0,0.0,7.37,5.84,1.53,None,0.06453347206115723,3.803,True,None,sfc_cache_p4_15,0,None,69.32,28.0,660.0,58,50,6,5,0,False,80.57142857142857,12.6802,0.8734000000000001,3.3,0.6864,0.2209,0.0907,0.1039,2770.381375689478,2350.381375689478,420.0,0.9831667456962795,0,0,7
0,1772829874.1940577,271.5,74,0.4088,0.11,0.0212,0.1247,33.9486,11.0044,12.4735,51.1456,0.0,0.0,13.92,11.72,2.2,None,0.06453347206115723,3.871,True,None,sfc_unique_p4_15,0,None,69.32,28.0,660.0,58,50,6,5,0,False,80.68181818181817,12.6802,0.8734000000000001,3.3,0.6864,0.2209,0.0907,0.1039,2770.381375689478,2350.381375689478,420.0,0.9831667456962795,0,0,7
0,1772829874.2144778,271.6,75,0.4194,0.11,0.0288,0.1247,34.9205,11.0044,12.4735,51.9477,0.0,0.0,7.37,5.84,1.53,None,0.08594107627868652,3.789,True,None,sfc_cache_p5_15,0,None,73.32,28.0,693.0,60,52,6,5,0,False,80.7909604519774,12.711730769230769,0.8398076923076924,3.173076923076923,0.7037,0.2209,0.0889,0.1098,2798.024232832335,2360.024232832335,438.0,0.9831667456962795,0,0,7
0,1772829874.2157605,271.6,75,0.4194,0.11,0.0288,0.1247,34.9205,11.0044,12.4735,51.9477,0.0,0.0,11.57,8.49,3.08,None,0.08594107627868652,3.919,True,None,sfc_unique_p5_15,0,None,73.32,28.0,693.0,60,52,6,5,0,False,80.89887640449437,12.711730769230769,0.8398076923076924,3.173076923076923,0.7037,0.2209,0.0889,0.1098,2798.024232832335,2360.024232832335,438.0,0.9831667456962795,0,0,7
0,1772829874.236519,271.6,76,0.4297,0.11,0.0351,0.1247,35.8925,11.0044,12.4735,52.6904,0.0,0.0,7.37,5.84,1.53,None,0.10762548446655273,3.84,True,None,sfc_cache_p6_15,0,None,77.32,28.0,726.0,63,54,6,5,0,False,81.00558659217877,12.740925925925925,0.8087037037037037,3.0555555555555554,0.7134,0.2209,0.0872,0.1124,2823.7385185466205,2367.7385185466205,456.0,0.9831667456962795,0,0,7
0,1772829874.2377942,271.6,76,0.4297,0.11,0.0351,0.1247,35.8925,11.0044,12.4735,52.6904,0.0,0.0,11.1,8.51,2.59,None,0.10762548446655273,3.877,True,None,sfc_unique_p6_15,0,None,77.32,28.0,726.0,63,54,6,5,0,False,81.11111111111111,12.740925925925925,0.8087037037037037,3.0555555555555554,0.7134,0.2209,0.0872,0.1124,2823.7385185466205,2367.7385185466205,456.0,0.9831667456962795,0,0,7
0,1772829893.159803,290.5,76,0.4363,0.1411,0.0401,0.1497,37.9088,14.1115,14.9682,51.2663,0.0,0.0,3.98,3.44,0.55,None,0.00029850006103515625,4.076,True,None,sfc_cache_p1_16,0,None,77.32,28.0,726.0,63,56,6,6,0,False,81.21546961325967,12.619285714285715,1.0,3.5357142857142856,0.6962,0.2998,0.1006,0.1158,2869.941892637319,2403.941892637319,466.0,0.9827244309430583,0,0,9
0,1772829893.1612723,290.5,76,0.4363,0.1411,0.0401,0.1497,37.9088,14.1115,14.9682,51.2663,0.0,0.0,2.37,1.39,0.98,None,0.00029850006103515625,4.171,True,None,sfc_unique_p1_16,0,None,77.32,28.0,726.0,63,56,6,6,0,False,81.31868131868131,12.619285714285715,1.0,3.5357142857142856,0.6962,0.2998,0.1006,0.1158,2869.941892637319,2403.941892637319,466.0,0.9827244309430583,0,0,9
0,1772829893.1840358,290.5,77,0.4444,0.1411,0.0457,0.1497,38.8807,14.1115,14.9682,51.5393,0.0,0.0,5.56,4.37,1.18,None,0.0249483585357666,4.057,True,None,sfc_cache_p2_16,0,None,81.32,28.0,759.0,65,58,6,6,0,False,81.4207650273224,12.649655172413794,0.9655172413793104,3.413793103448276,0.7058,0.2998,0.0987,0.1246,2896.6928599798357,2412.6928599798357,484.0,0.9824019788373077,0,0,9
0,1772829893.1856327,290.5,77,0.4444,0.1411,0.0457,0.1497,38.8807,14.1115,14.9682,51.5393,0.0,0.0,8.81,6.19,2.62,None,0.0249483585357666,4.108,True,None,sfc_unique_p2_16,0,None,81.32,28.0,759.0,65,58,6,6,0,False,81.52173913043478,12.649655172413794,0.9655172413793104,3.413793103448276,0.7058,0.2998,0.0987,0.1246,2896.6928599798357,2412.6928599798357,484.0,0.9824019788373077,0,0,9
0,1772829893.2087972,290.6,78,0.453,0.1411,0.0512,0.1497,40.789,14.1115,14.9682,50.9123,0.0,0.0,5.8,4.62,1.18,None,0.04913520812988281,4.047,True,None,sfc_cache_p3_16,0,None,89.65,28.0,792.0,69,60,6,6,0,False,81.62162162162161,12.605833333333333,0.9333333333333333,3.3,0.7062,0.2998,0.0969,0.1318,2922.382907960024,2423.982907960024,498.4,0.9816647517847404,0,0,9
0,1772829893.2104197,290.6,78,0.453,0.1411,0.0512,0.1497,40.789,14.1115,14.9682,50.9123,0.0,0.0,9.3,6.68,2.62,None,0.04913520812988281,4.211,True,None,sfc_unique_p3_16,0,None,89.65,28.0,792.0,69,60,6,6,0,False,81.72043010752688,12.605833333333333,0.9333333333333333,3.3,0.7062,0.2998,0.0969,0.1318,2922.382907960024,2423.982907960024,498.4,0.9816647517847404,0,0,9
0,1772829893.3530679,290.7,79,0.4562,0.163,0.0596,0.1497,41.761,16.2962,14.9682,50.3161,0.0,0.0,5.8,4.62,1.18,None,0.07395291328430176,4.117,True,None,sfc_cache_p4_16,0,None,97.98,28.0,825.0,73,62,6,6,0,False,81.81818181818183,12.425,1.0430645161290324,3.193548387096774,0.7067,0.3003,0.0951,0.1372,2960.6789766800366,2447.8789766800364,512.8,0.980927932092411,0,0,9
0,1772829893.3549175,290.7,79,0.4562,0.163,0.0596,0.1497,41.761,16.2962,14.9682,50.3161,0.0,0.0,8.17,5.55,2.62,None,0.07395291328430176,4.247,True,None,sfc_unique_p4_16,0,None,97.98,28.0,825.0,73,62,6,6,0,False,81.91489361702128,12.425,1.0430645161290324,3.193548387096774,0.7067,0.3003,0.0951,0.1372,2960.6789766800366,2447.8789766800364,512.8,0.980927932092411,0,0,9
0,1772829893.378494,290.7,80,0.4637,0.163,0.0652,0.1497,42.7329,16.2962,14.9682,50.6028,0.0,0.0,5.56,4.37,1.18,None,0.21839642524719238,4.063,True,None,sfc_cache_p5_16,0,None,101.98,28.0,858.0,76,64,6,6,0,False,82.01058201058201,12.45859375,1.01046875,3.09375,0.7136,0.3003,0.0934,0.1408,2988.081545941761,2457.2815459417607,530.8,0.9806061138422986,0,0,9
0,1772829893.3800442,290.7,80,0.4637,0.163,0.0652,0.1497,42.7329,16.2962,14.9682,50.6028,0.0,0.0,8.81,6.19,2.62,None,0.21839642524719238,4.134,True,None,sfc_unique_p5_16,0,None,101.98,28.0,858.0,76,64,6,6,0,False,82.10526315789474,12.45859375,1.01046875,3.09375,0.7136,0.3003,0.0934,0.1408,2988.081545941761,2457.2815459417607,530.8,0.9806061138422986,0,0,9
0,1772829893.4026303,290.8,81,0.469,0.1856,0.0707,0.1497,43.6693,18.5642,14.9682,50.5834,0.0,0.0,6.98,5.8,1.18,None,0.24322128295898438,3.928,True,None,sfc_cache_p6_16,0,None,105.98,28.0,891.0,79,66,6,6,0,False,82.19895287958116,12.353787878787879,1.1162121212121212,3.0,0.7181,0.2793,0.0918,0.1418,3024.420874219117,2479.2208742191174,545.1999999999999,0.9797613526924062,0,0,9
0,1772829893.4040282,290.8,81,0.469,0.1856,0.0707,0.1497,43.6693,18.5642,14.9682,50.5834,0.0,0.0,7.13,4.88,2.25,None,0.24322128295898438,4.107,True,None,sfc_unique_p6_16,0,None,105.98,28.0,891.0,79,66,6,6,0,False,82.29166666666666,12.353787878787879,1.1162121212121212,3.0,0.7181,0.2793,0.0918,0.1418,3024.420874219117,2479.2208742191174,545.1999999999999,0.9797613526924062,0,0,9
0,1772829919.1861944,316.5,81,0.4782,0.1856,0.0728,0.1746,44.1013,18.5642,17.463,51.9099,0.0,0.0,6.35,5.11,1.24,None,0.00021839141845703125,3.956,True,None,sfc_cache_p1_17,0,None,105.98,28.0,891.0,79,68,6,7,0,False,82.38341968911918,12.446323529411766,1.0833823529411766,3.3970588235294117,0.7217,0.2793,0.1074,0.1424,3057.8494456476883,2482.6494456476885,575.1999999999999,0.9794057971368506,0,0,9
0,1772829919.1878173,316.5,81,0.4782,0.1856,0.0728,0.1746,44.1013,18.5642,17.463,51.9099,0.0,0.0,8.27,8.27,0,None,0.00021839141845703125,4.023,True,None,sfc_unique_p1_17,0,None,105.98,28.0,891.0,79,68,6,7,0,False,82.4742268041237,12.446323529411766,1.0833823529411766,3.3970588235294117,0.7217,0.2793,0.1074,0.1424,3057.8494456476883,2482.6494456476885,575.1999999999999,0.9794057971368506,0,0,9
0,1772829919.2110817,316.6,82,0.4883,0.1856,0.0805,0.1746,45.0732,18.5642,17.463,52.8684,0.0,0.0,7.78,6.53,1.24,None,0.024825572967529297,3.813,True,None,sfc_cache_p2_17,0,None,109.98,28.0,924.0,81,70,6,7,0,False,82.56410256410255,12.476428571428572,1.0524285714285715,3.3,0.7277,0.2793,0.1056,0.1446,3097.4923027905456,2492.292302790546,605.1999999999999,0.9794057971368506,0,0,9
0,1772829919.2126992,316.6,82,0.4883,0.1856,0.0805,0.1746,45.0732,18.5642,17.463,52.8684,0.0,0.0,13.35,10.27,3.08,None,0.024825572967529297,4.01,True,None,sfc_unique_p2_17,0,None,109.98,28.0,924.0,81,70,6,7,0,False,82.6530612244898,12.476428571428572,1.0524285714285715,3.3,0.7277,0.2793,0.1056,0.1446,3097.4923027905456,2492.292302790546,605.1999999999999,0.9794057971368506,0,0,9
0,1772829919.2358468,316.6,83,0.4965,0.1856,0.0867,0.1746,46.0452,18.5642,17.463,53.4073,0.0,0.0,6.89,5.64,1.24,None,0.049672842025756836,3.77,True,None,sfc_cache_p3_17,0,None,113.98,28.0,957.0,84,72,6,7,0,False,82.74111675126903,12.504861111111111,1.0231944444444445,3.2083333333333335,0.7341,0.2793,0.1039,0.1444,3123.2065885048314,2500.0065885048316,623.1999999999999,0.9786057971368507,0,0,9
0,1772829919.2374892,316.6,83,0.4965,0.1856,0.0867,0.1746,46.0452,18.5642,17.463,53.4073,0.0,0.0,10.62,8.31,2.31,None,0.049672842025756836,3.914,True,None,sfc_unique_p3_17,0,None,113.98,28.0,957.0,84,72,6,7,0,False,82.82828282828282,12.504861111111111,1.0231944444444445,3.2083333333333335,0.7341,0.2793,0.1039,0.1444,3123.2065885048314,2500.0065885048316,623.1999999999999,0.9786057971368507,0,0,9
0,1772829919.2600543,316.6,84,0.4965,0.1856,0.0867,0.1746,46.0452,18.5642,17.463,53.4073,0.0,0.0,6.89,5.64,1.24,None,0.07451939582824707,3.996,False,None,sfc_cache_p4_17,0,None,113.98,28.0,957.0,84,72,6,7,0,False,82.41206030150754,12.504861111111111,1.0231944444444445,3.2083333333333335,0.7341,0.2793,0.1039,0.1444,3123.2065885048314,2500.0065885048316,623.1999999999999,0.9786057971368507,0,0,9
0,1772829919.2616796,316.6,84,0.4965,0.1856,0.0867,0.1746,46.0452,18.5642,17.463,53.4073,0.0,0.0,None,None,None,None,0.07451939582824707,2.558,False,None,sfc_unique_p4_17,0,None,113.98,28.0,957.0,84,72,6,7,0,False,82.0,12.504861111111111,1.0231944444444445,3.2083333333333335,0.7341,0.2793,0.1039,0.1444,3123.2065885048314,2500.0065885048316,623.1999999999999,0.9786057971368507,0,0,9
0,1772829919.283011,316.6,85,0.4965,0.1856,0.0867,0.1746,46.0452,18.5642,17.463,53.4073,0.0,0.0,6.89,5.64,1.24,None,0.09864163398742676,3.784,False,None,sfc_cache_p5_17,0,None,113.98,28.0,957.0,84,72,6,7,0,False,81.59203980099502,12.504861111111111,1.0231944444444445,3.2083333333333335,0.7341,0.2793,0.1039,0.1444,3123.2065885048314,2500.0065885048316,623.1999999999999,0.9786057971368507,0,0,9
0,1772829919.2846377,316.6,85,0.4965,0.1856,0.0867,0.1746,46.0452,18.5642,17.463,53.4073,0.0,0.0,None,None,None,None,0.09864163398742676,2.427,False,None,sfc_unique_p5_17,0,None,113.98,28.0,957.0,84,72,6,7,0,False,81.1881188118812,12.504861111111111,1.0231944444444445,3.2083333333333335,0.7341,0.2793,0.1039,0.1444,3123.2065885048314,2500.0065885048316,623.1999999999999,0.9786057971368507,0,0,9
0,1772829919.307346,316.7,86,0.5027,0.1856,0.0888,0.1746,46.0452,18.5642,17.463,54.5295,0.0,0.0,6.35,5.11,1.24,None,0.12157106399536133,3.797,True,None,sfc_cache_p6_17,0,None,117.98,28.0,990.0,86,74,6,7,0,False,81.2807881773399,12.531756756756756,0.9955405405405405,3.1216216216216215,0.7371,0.2793,0.1022,0.1441,3153.2065885048314,2500.0065885048316,653.1999999999999,0.9786057971368507,0,0,9
0,1772829919.30897,316.7,86,0.5027,0.1856,0.0888,0.1746,46.0452,18.5642,17.463,54.5295,0.0,0.0,8.27,8.27,0,None,0.12157106399536133,3.132,True,None,sfc_unique_p6_17,0,None,117.98,28.0,990.0,86,74,6,7,0,False,81.37254901960785,12.531756756756756,0.9955405405405405,3.1216216216216215,0.7371,0.2793,0.1022,0.1441,3153.2065885048314,2500.0065885048316,653.1999999999999,0.9786057971368507,0,0,9
0,1772829936.2283993,333.6,86,0.4124,0.163,0.0145,0.1497,30.1687,16.2962,14.9682,57.6528,0.0,0.0,7.34,5.84,1.49,None,0.00017881393432617188,4.053,True,None,sfc_cache_p1_18,0,None,73.65,28.0,660.0,57,52,6,6,0,False,81.46341463414633,12.301538461538463,1.2436538461538462,3.8076923076923075,0.7049,0.2265,0.0868,0.1189,2857.759391476508,2383.359391476508,474.3999999999999,0.974968828430773,0,0,5
0,1772829936.2297964,333.6,86,0.4124,0.163,0.0145,0.1497,30.1687,16.2962,14.9682,57.6528,0.0,0.0,10.55,7.5,3.05,None,0.00017881393432617188,3.994,True,None,sfc_unique_p1_18,0,None,73.65,28.0,660.0,57,52,6,6,0,False,81.55339805825243,12.301538461538463,1.2436538461538462,3.8076923076923075,0.7049,0.2265,0.0868,0.1189,2857.759391476508,2383.359391476508,474.3999999999999,0.974968828430773,0,0,5
0,1772829936.2522533,333.6,87,0.4214,0.163,0.0186,0.1497,31.1407,16.2962,14.9682,57.6503,0.0,0.0,6.8,5.31,1.49,None,0.02447032928466797,3.82,True,None,sfc_cache_p2_18,0,None,77.65,28.0,693.0,60,54,6,6,0,False,81.64251207729468,12.345925925925927,1.1975925925925925,3.6666666666666665,0.7126,0.2265,0.0851,0.1256,2882.330820047937,2389.930820047937,492.3999999999999,0.974968828430773,0,0,5
0,1772829936.2536561,333.6,87,0.4214,0.163,0.0186,0.1497,31.1407,16.2962,14.9682,57.6503,0.0,0.0,10.01,7.44,2.56,None,0.02447032928466797,3.914,True,None,sfc_unique_p2_18,0,None,77.65,28.0,693.0,60,54,6,6,0,False,81.73076923076923,12.345925925925927,1.1975925925925925,3.6666666666666665,0.7126,0.2265,0.0851,0.1256,2882.330820047937,2389.930820047937,492.3999999999999,0.974968828430773,0,0,5
0,1772829936.2755926,333.6,88,0.4244,0.1856,0.0242,0.1497,31.1407,18.5642,14.9682,57.648,0.0,0.0,6.8,5.31,1.49,None,0.04838442802429199,3.824,True,None,sfc_cache_p3_18,0,None,81.65,28.0,726.0,62,56,6,6,0,False,81.81818181818183,12.226428571428572,1.3155357142857143,3.5357142857142856,0.7194,0.3034,0.0835,0.1305,2922.830820047937,2412.430820047937,510.3999999999999,0.974968828430773,0,0,5
0,1772829936.2769566,333.6,88,0.4244,0.1856,0.0242,0.1497,31.1407,18.5642,14.9682,57.648,0.0,0.0,7.08,4.52,2.56,None,0.04838442802429199,3.876,True,None,sfc_unique_p3_18,0,None,81.65,28.0,726.0,62,56,6,6,0,False,81.9047619047619,12.226428571428572,1.3155357142857143,3.5357142857142856,0.7194,0.3034,0.0835,0.1305,2922.830820047937,2412.430820047937,510.3999999999999,0.974968828430773,0,0,5
0,1772829936.299426,333.7,89,0.4344,0.1856,0.0312,0.1497,32.1126,18.5642,14.9682,58.1516,0.0,0.0,7.34,5.84,1.49,None,0.07161593437194824,3.703,True,None,sfc_cache_p4_18,0,None,85.65,28.0,759.0,64,58,6,6,0,False,81.99052132701422,12.270344827586207,1.2701724137931034,3.413793103448276,0.7328,0.3034,0.0819,0.1367,2950.4736771907938,2422.0736771907937,528.3999999999999,0.974968828430773,0,0,5
0,1772829936.3007638,333.7,89,0.4344,0.1856,0.0312,0.1497,32.1126,18.5642,14.9682,58.1516,0.0,0.0,11.16,7.84,3.32,None,0.07161593437194824,3.933,True,None,sfc_unique_p4_18,0,None,85.65,28.0,759.0,64,58,6,6,0,False,82.0754716981132,12.270344827586207,1.2701724137931034,3.413793103448276,0.7328,0.3034,0.0819,0.1367,2950.4736771907938,2422.0736771907937,528.3999999999999,0.974968828430773,0,0,5
0,1772829936.3236706,333.7,90,0.4441,0.1856,0.0395,0.1497,33.0846,18.5642,14.9682,58.621,0.0,0.0,7.34,5.84,1.49,None,0.09542703628540039,3.815,True,None,sfc_cache_p5_18,0,None,89.65,28.0,792.0,66,60,6,6,0,False,82.15962441314554,12.311333333333334,1.2278333333333333,3.3,0.7432,0.3034,0.0804,0.1425,2973.6973267806407,2427.2973267806406,546.3999999999999,0.974968828430773,0,0,5
0,1772829936.3250434,333.7,90,0.4441,0.1856,0.0395,0.1497,33.0846,18.5642,14.9682,58.621,0.0,0.0,11.38,7.67,3.71,None,0.09542703628540039,3.884,True,None,sfc_unique_p5_18,0,None,89.65,28.0,792.0,66,60,6,6,0,False,82.2429906542056,12.311333333333334,1.2278333333333333,3.3,0.7432,0.3034,0.0804,0.1425,2973.6973267806407,2427.2973267806406,546.3999999999999,0.974968828430773,0,0,5
0,1772829936.3482015,333.7,91,0.4518,0.1856,0.0409,0.1497,33.0846,18.5642,14.9682,59.7502,0.0,0.0,6.8,5.31,1.49,None,0.11971807479858398,3.834,True,None,sfc_cache_p6_18,0,None,93.65,28.0,825.0,68,62,6,6,0,False,82.32558139534883,12.34967741935484,1.188225806451613,3.193548387096774,0.7468,0.3034,0.0789,0.1426,3003.6973267806407,2427.2973267806406,576.3999999999999,0.974968828430773,0,0,5
0,1772829936.3495421,333.7,91,0.4518,0.1856,0.0409,0.1497,33.0846,18.5642,14.9682,59.7502,0.0,0.0,8.27,8.27,0,None,0.11971807479858398,3.802,True,None,sfc_unique_p6_18,0,None,93.65,28.0,825.0,68,62,6,6,0,False,82.4074074074074,12.34967741935484,1.188225806451613,3.193548387096774,0.7468,0.3034,0.0789,0.1426,3003.6973267806407,2427.2973267806406,576.3999999999999,0.974968828430773,0,0,5
0,1772829946.2570841,343.6,91,0.4633,0.1856,0.0493,0.1746,35.4249,18.5642,17.463,59.0438,0.0,0.0,6.78,4.89,1.89,None,0.0001990795135498047,2.351,True,None,sfc_cache_p1_19,0,None,93.65,28.0,825.0,69,64,6,7,0,False,82.48847926267281,12.448125000000001,1.15109375,3.609375,0.7585,0.3034,0.0889,0.1562,3030.6747141819715,2439.8747141819717,590.7999999999998,0.974968828430773,0,0,5
0,1772829946.2582226,343.6,91,0.4633,0.1856,0.0493,0.1746,35.4249,18.5642,17.463,59.0438,0.0,0.0,9.04,6.08,2.96,None,0.0001990795135498047,2.519,True,None,sfc_unique_p1_19,0,None,93.65,28.0,825.0,69,64,6,7,0,False,82.56880733944955,12.448125000000001,1.15109375,3.609375,0.7585,0.3034,0.0889,0.1562,3030.6747141819715,2439.8747141819717,590.7999999999998,0.974968828430773,0,0,5
0,1772829946.273028,343.6,92,0.4704,0.1856,0.0576,0.1746,36.3968,18.5642,17.463,58.9891,0.0,0.0,6.25,4.36,1.89,None,0.016448259353637695,2.395,True,None,sfc_cache_p2_19,0,None,97.65,28.0,858.0,72,66,6,7,0,False,82.64840182648402,12.48,1.1162121212121212,3.5,0.7668,0.3034,0.0873,0.1678,3053.8983637718184,2445.0983637718186,608.7999999999998,0.974968828430773,0,0,5
0,1772829946.2739487,343.6,92,0.4704,0.1856,0.0576,0.1746,36.3968,18.5642,17.463,58.9891,0.0,0.0,9.45,6.49,2.96,None,0.016448259353637695,2.419,True,None,sfc_unique_p2_19,0,None,97.65,28.0,858.0,72,66,6,7,0,False,82.72727272727273,12.48,1.1162121212121212,3.5,0.7668,0.3034,0.0873,0.1678,3053.8983637718184,2445.0983637718186,608.7999999999998,0.974968828430773,0,0,5
0,1772829946.2885938,343.6,93,0.4773,0.1856,0.066,0.1746,37.3688,18.5642,17.463,58.9384,0.0,0.0,6.25,4.36,1.89,None,0.032117366790771484,2.341,True,None,sfc_cache_p3_19,0,None,101.65,28.0,891.0,75,68,6,7,0,False,82.80542986425338,12.510000000000002,1.0833823529411766,3.3970588235294117,0.7743,0.3034,0.0858,0.177,3077.122013361665,2450.322013361665,626.7999999999998,0.974968828430773,0,0,5
0,1772829946.2894447,343.6,93,0.4773,0.1856,0.066,0.1746,37.3688,18.5642,17.463,58.9384,0.0,0.0,9.45,6.49,2.96,None,0.032117366790771484,2.368,True,None,sfc_unique_p3_19,0,None,101.65,28.0,891.0,75,68,6,7,0,False,82.88288288288288,12.510000000000002,1.0833823529411766,3.3970588235294117,0.7743,0.3034,0.0858,0.177,3077.122013361665,2450.322013361665,626.7999999999998,0.974968828430773,0,0,5
0,1772829946.3042128,343.7,94,0.484,0.1856,0.0743,0.1746,38.3407,18.5642,17.463,58.8913,0.0,0.0,6.25,4.36,1.89,None,0.047614097595214844,2.362,True,None,sfc_cache_p4_19,0,None,105.65,28.0,924.0,78,70,6,7,0,False,82.95964125560538,12.538285714285713,1.0524285714285715,3.3,0.781,0.3034,0.0844,0.1836,3102.944331888209,2458.1443318882093,644.7999999999998,0.974968828430773,0,0,5
0,1772829946.3051176,343.7,94,0.484,0.1856,0.0743,0.1746,38.3407,18.5642,17.463,58.8913,0.0,0.0,9.45,6.49,2.96,None,0.047614097595214844,2.475,True,None,sfc_unique_p4_19,0,None,105.65,28.0,924.0,78,70,6,7,0,False,83.03571428571429,12.538285714285713,1.0524285714285715,3.3,0.781,0.3034,0.0844,0.1836,3102.944331888209,2458.1443318882093,644.7999999999998,0.974968828430773,0,0,5
0,1772829946.3198469,343.7,95,0.4938,0.1856,0.0826,0.1746,40.249,18.5642,17.463,58.7023,0.0,0.0,7.67,5.78,1.89,None,0.06325531005859375,2.38,True,None,sfc_cache_p5_19,0,None,109.65,28.0,957.0,81,72,6,7,0,False,83.11111111111111,12.565000000000001,1.0231944444444445,3.2083333333333335,0.7999,0.3034,0.083,0.1878,3134.8070189063633,2475.6070189063635,659.1999999999998,0.974968828430773,0,0,5
0,1772829946.3206754,343.7,95,0.4938,0.1856,0.0826,0.1746,40.249,18.5642,17.463,58.7023,0.0,0.0,12.21,9.25,2.96,None,0.06325531005859375,2.481,True,None,sfc_unique_p5_19,0,None,109.65,28.0,957.0,81,72,6,7,0,False,83.1858407079646,12.565000000000001,1.0231944444444445,3.2083333333333335,0.7999,0.3034,0.083,0.1878,3134.8070189063633,2475.6070189063635,659.1999999999998,0.974968828430773,0,0,5
0,1772829946.3352165,343.7,96,0.5033,0.1856,0.091,0.1746,41.221,18.5642,17.463,59.4584,0.0,0.0,7.67,5.78,1.89,None,0.07882809638977051,2.399,True,None,sfc_cache_p6_19,0,None,113.65,28.0,990.0,84,74,6,7,0,False,83.25991189427313,12.59027027027027,0.9955405405405405,3.1216216216216215,0.8003,0.3034,0.0816,0.1897,3174.2095881680875,2485.0095881680877,689.1999999999998,0.974968828430773,0,0,5
0,1772829946.336085,343.7,96,0.5033,0.1856,0.091,0.1746,41.221,18.5642,17.463,59.4584,0.0,0.0,12.3,9.34,2.96,None,0.07882809638977051,2.39,True,None,sfc_unique_p6_19,0,None,113.65,28.0,990.0,84,74,6,7,0,False,83.33333333333334,12.59027027027027,0.9955405405405405,3.1216216216216215,0.8003,0.3034,0.0816,0.1897,3174.2095881680875,2485.0095881680877,689.1999999999998,0.974968828430773,0,0,5
0,1772829962.3062341,359.7,96,0.4792,0.131,0.0373,0.1746,36.7932,13.1035,17.463,60.79,0.0,0.0,6.57,5.0,1.57,None,0.00022602081298828125,3.986,True,None,sfc_cache_p1_20,0,None,104.99,8.0,825.0,70,64,6,7,0,False,83.4061135371179,12.92203125,0.8125,3.609375,0.8021,0.2202,0.0828,0.1664,3009.052723905589,2405.8527239055893,603.1999999999999,0.9737371373185638,0,0,3
0,1772829962.30785,359.7,96,0.4792,0.131,0.0373,0.1746,36.7932,13.1035,17.463,60.79,0.0,0.0,8.88,6.24,2.64,None,0.00022602081298828125,3.981,True,None,sfc_unique_p1_20,0,None,104.99,8.0,825.0,70,64,6,7,0,False,83.47826086956522,12.92203125,0.8125,3.609375,0.8021,0.2202,0.0828,0.1664,3009.052723905589,2405.8527239055893,603.1999999999999,0.9737371373185638,0,0,3
0,1772829962.3316817,359.7,97,0.4895,0.131,0.0398,0.1746,39.0611,13.1035,17.463,60.1307,0.0,0.0,7.46,5.89,1.57,None,0.026562213897705078,3.94,True,None,sfc_cache_p2_20,0,None,108.99,8.0,858.0,73,66,6,7,0,False,83.54978354978356,12.939545454545454,0.7878787878787878,3.5,0.8053,0.2202,0.0814,0.1679,3043.8118014477654,2426.2118014477655,617.5999999999999,0.9780574575393021,0,0,4
0,1772829962.3331041,359.7,97,0.4895,0.131,0.0398,0.1746,39.0611,13.1035,17.463,60.1307,0.0,0.0,6.18,4.82,1.36,None,0.026562213897705078,4.008,True,None,sfc_unique_p2_20,0,None,108.99,8.0,858.0,73,66,6,7,0,False,83.62068965517241,12.939545454545454,0.7878787878787878,3.5,0.8053,0.2202,0.0814,0.1679,3043.8118014477654,2426.2118014477655,617.5999999999999,0.9780574575393021,0,0,4
0,1772829962.3570035,359.7,98,0.4978,0.131,0.044,0.1746,40.033,13.1035,17.463,60.4824,0.0,0.0,6.57,5.0,1.57,None,0.05181002616882324,3.923,True,None,sfc_cache_p3_20,0,None,112.99,8.0,891.0,76,68,6,7,0,False,83.69098712446352,12.956029411764705,0.7647058823529411,3.3970588235294117,0.8103,0.2202,0.08,0.1692,3071.2143707094897,2435.61437070949,635.5999999999999,0.9778136872251092,0,0,4
0,1772829962.3586457,359.7,98,0.4978,0.131,0.044,0.1746,40.033,13.1035,17.463,60.4824,0.0,0.0,10.3,7.67,2.64,None,0.05181002616882324,4.009,True,None,sfc_unique_p3_20,0,None,112.99,8.0,891.0,76,68,6,7,0,False,83.76068376068376,12.956029411764705,0.7647058823529411,3.3970588235294117,0.8103,0.2202,0.08,0.1692,3071.2143707094897,2435.61437070949,635.5999999999999,0.9778136872251092,0,0,4
0,1772829962.3825958,359.7,99,0.5077,0.131,0.0495,0.1746,41.9413,13.1035,17.463,60.2493,0.0,0.0,7.46,5.89,1.57,None,0.07739448547363281,3.879,True,None,sfc_cache_p4_20,0,None,116.99,8.0,924.0,78,70,6,7,0,False,83.82978723404256,12.971571428571428,0.7428571428571429,3.3,0.816,0.2202,0.0786,0.1706,3100.7950702915978,2450.7950702915978,649.9999999999999,0.9768517561839073,0,0,4
0,1772829962.3841257,359.7,99,0.5077,0.131,0.0495,0.1746,41.9413,13.1035,17.463,60.2493,0.0,0.0,10.12,7.04,3.07,None,0.07739448547363281,3.912,True,None,sfc_unique_p4_20,0,None,116.99,8.0,924.0,78,70,6,7,0,False,83.89830508474576,12.971571428571428,0.7428571428571429,3.3,0.816,0.2202,0.0786,0.1706,3100.7950702915978,2450.7950702915978,649.9999999999999,0.9768517561839073,0,0,4
0,1772829962.4078088,359.8,100,0.5156,0.131,0.0537,0.1746,42.9133,13.1035,17.463,60.5803,0.0,0.0,6.57,5.0,1.57,None,0.10279226303100586,3.843,True,None,sfc_cache_p5_20,0,None,120.99,8.0,957.0,81,72,6,7,0,False,83.96624472573839,12.98625,0.7222222222222222,3.2083333333333335,0.8197,0.2202,0.0773,0.1691,3126.9509285178783,2458.9509285178783,667.9999999999999,0.9766079858697145,0,0,4
0,1772829962.4092627,359.8,100,0.5156,0.131,0.0537,0.1746,42.9133,13.1035,17.463,60.5803,0.0,0.0,10.3,7.67,2.64,None,0.10279226303100586,4.015,True,None,sfc_unique_p5_20,0,None,120.99,8.0,957.0,81,72,6,7,0,False,84.03361344537815,12.98625,0.7222222222222222,3.2083333333333335,0.8197,0.2202,0.0773,0.1691,3126.9509285178783,2458.9509285178783,667.9999999999999,0.9766079858697145,0,0,4
0,1772829962.4321694,359.8,101,0.5156,0.131,0.0537,0.1746,42.9133,13.1035,17.463,60.5803,0.0,0.0,7.46,5.89,1.57,None,0.12792420387268066,4.009,False,None,sfc_cache_p6_20,0,None,120.99,8.0,957.0,81,72,6,7,0,False,83.68200836820083,12.98625,0.7222222222222222,3.2083333333333335,0.8197,0.2202,0.0773,0.1691,3126.9509285178783,2458.9509285178783,667.9999999999999,0.9766079858697145,0,0,4
0,1772829962.4338121,359.8,101,0.5156,0.131,0.0537,0.1746,42.9133,13.1035,17.463,60.5803,0.0,0.0,None,None,None,None,0.12792420387268066,2.717,False,None,sfc_unique_p6_20,0,None,120.99,8.0,957.0,81,72,6,7,0,False,83.33333333333334,12.98625,0.7222222222222222,3.2083333333333335,0.8197,0.2202,0.0773,0.1691,3126.9509285178783,2458.9509285178783,667.9999999999999,0.9766079858697145,0,0,4
0,1772829985.3503652,382.7,101,0.5091,0.1349,0.0168,0.1746,41.9413,13.0204,18.0935,58.8633,0.0,0.0,5.24,3.67,1.57,None,0.0018301010131835938,4.166,True,None,sfc_cache_p1_21,0,None,120.99,0.0,891.0,76,68,6,7,0,True,83.40248962655602,12.960882352941177,0.7598529411764706,3.3970588235294117,0.8285,0.2391,0.0828,0.1658,3005.261159132334,2388.8611591323343,616.3999999999999,0.9766169241145682,0,0,4
0,1772829985.351959,382.7,101,0.5091,0.1349,0.0168,0.1746,41.9413,13.0204,18.0935,58.8633,0.0,0.0,8.58,5.95,2.64,None,0.0018301010131835938,4.02,True,None,sfc_unique_p1_21,0,None,120.99,0.0,891.0,76,68,6,7,0,True,83.47107438016529,12.960882352941177,0.7598529411764706,3.3970588235294117,0.8285,0.2391,0.0828,0.1658,3005.261159132334,2388.8611591323343,616.3999999999999,0.9766169241145682,0,0,4
0,1772829985.4680421,382.8,102,0.5154,0.1349,0.0189,0.1746,41.9413,13.0204,18.0935,59.8538,0.0,0.0,3.81,2.25,1.57,None,0.03089761734008789,4.085,True,None,sfc_cache_p2_21,0,None,120.99,4.0,924.0,78,70,6,7,0,True,83.53909465020575,12.976285714285714,0.7381428571428572,3.3,0.8296,0.2391,0.0814,0.166,3035.261159132334,2388.8611591323343,646.3999999999999,0.9766169241145682,0,0,4
0,1772829985.4688845,382.8,102,0.5154,0.1349,0.0189,0.1746,41.9413,13.0204,18.0935,59.8538,0.0,0.0,8.27,8.27,0,None,0.03089761734008789,2.426,True,None,sfc_unique_p2_21,0,None,120.99,4.0,924.0,78,70,6,7,0,True,83.60655737704919,12.976285714285714,0.7381428571428572,3.3,0.8296,0.2391,0.0814,0.166,3035.261159132334,2388.8611591323343,646.3999999999999,0.9766169241145682,0,0,4
0,1772829985.483178,382.8,103,0.5233,0.1349,0.0252,0.1746,42.9133,13.0204,18.0935,60.1936,0.0,0.0,4.35,2.78,1.57,None,0.14661574363708496,2.412,True,None,sfc_cache_p3_21,0,None,120.99,8.0,957.0,80,72,6,7,0,True,83.6734693877551,12.990833333333335,0.7176388888888889,3.2083333333333335,0.8347,0.2391,0.08,0.1673,3062.663728394058,2398.2637283940585,664.3999999999999,0.9758903005344342,0,0,4
0,1772829985.4839377,382.8,103,0.5233,0.1349,0.0252,0.1746,42.9133,13.0204,18.0935,60.1936,0.0,0.0,10.65,7.57,3.07,None,0.14661574363708496,2.42,True,None,sfc_unique_p3_21,0,None,120.99,8.0,957.0,80,72,6,7,0,True,83.73983739837398,12.990833333333335,0.7176388888888889,3.2083333333333335,0.8347,0.2391,0.08,0.1673,3062.663728394058,2398.2637283940585,664.3999999999999,0.9758903005344342,0,0,4
0,1772829985.4984398,382.9,104,0.5328,0.1349,0.0314,0.1746,43.8853,13.0204,18.0935,60.9293,0.0,0.0,5.24,3.67,1.57,None,0.16163897514343262,2.405,True,None,sfc_cache_p4_21,0,None,120.99,12.0,990.0,83,74,6,7,0,True,83.80566801619433,13.004594594594595,0.6982432432432433,3.1216216216216215,0.8349,0.2391,0.0786,0.1672,3102.0662976557824,2407.6662976557827,694.3999999999999,0.9751641523460288,0,0,4
0,1772829985.499232,382.9,104,0.5328,0.1349,0.0314,0.1746,43.8853,13.0204,18.0935,60.9293,0.0,0.0,12.43,9.35,3.07,None,0.16163897514343262,2.414,True,None,sfc_unique_p4_21,0,None,120.99,12.0,990.0,83,74,6,7,0,True,83.87096774193549,13.004594594594595,0.6982432432432433,3.1216216216216215,0.8349,0.2391,0.0786,0.1672,3102.0662976557824,2407.6662976557827,694.3999999999999,0.9751641523460288,0,0,4
0,1772829985.51342,382.9,105,0.5384,0.1349,0.0335,0.1746,43.8853,13.0204,18.0935,61.7727,0.0,0.0,3.81,2.25,1.57,None,0.17693376541137695,2.379,True,None,sfc_cache_p5_21,0,None,120.99,16.0,1023.0,85,76,6,7,0,True,83.93574297188755,13.017631578947368,0.6798684210526316,3.039473684210526,0.8363,0.2391,0.0773,0.1665,3132.0662976557824,2407.6662976557827,724.3999999999999,0.9751641523460288,0,0,4
0,1772829985.514223,382.9,105,0.5384,0.1349,0.0335,0.1746,43.8853,13.0204,18.0935,61.7727,0.0,0.0,8.27,8.27,0,None,0.17693376541137695,2.005,True,None,sfc_unique_p5_21,0,None,120.99,16.0,1023.0,85,76,6,7,0,True,84.0,13.017631578947368,0.6798684210526316,3.039473684210526,0.8363,0.2391,0.0773,0.1665,3132.0662976557824,2407.6662976557827,724.3999999999999,0.9751641523460288,0,0,4
0,1772829985.5275884,382.9,106,0.5384,0.1349,0.0335,0.1746,43.8853,13.0204,18.0935,61.7727,0.0,0.0,None,None,None,None,0.19194602966308594,1.608,False,None,sfc_cache_p6_21,0,None,120.99,16.0,1023.0,85,76,6,7,0,True,83.66533864541833,13.017631578947368,0.6798684210526316,3.039473684210526,0.8363,0.2391,0.0773,0.1665,3132.0662976557824,2407.6662976557827,724.3999999999999,0.9751641523460288,0,0,4
0,1772829985.5284398,382.9,106,0.5384,0.1349,0.0335,0.1746,43.8853,13.0204,18.0935,61.7727,0.0,0.0,10.33,10.33,0,None,0.19194602966308594,2.014,False,None,sfc_unique_p6_21,0,None,120.99,16.0,1023.0,85,76,6,7,0,True,83.33333333333334,13.017631578947368,0.6798684210526316,3.039473684210526,0.8363,0.2391,0.0773,0.1665,3132.0662976557824,2407.6662976557827,724.3999999999999,0.9751641523460288,0,0,4
0,1772830011.3836167,408.7,106,0.4869,0.1302,0.0042,0.1746,36.3255,13.0204,17.463,62.3654,0.0,0.0,6.73,5.31,1.42,None,0.0001995563507080078,3.884,True,None,sfc_cache_p1_22,0,None,96.66,16.0,858.0,72,66,6,7,0,False,83.399209486166,13.010151515151515,0.782878787878788,3.5,0.7912,0.2191,0.0814,0.1549,3051.9422505532107,2405.9422505532107,645.9999999999999,0.9850188697947052,0,0,3
0,1772830011.3851852,408.7,106,0.4869,0.1302,0.0042,0.1746,36.3255,13.0204,17.463,62.3654,0.0,0.0,9.94,7.44,2.49,None,0.0001995563507080078,3.859,True,None,sfc_unique_p1_22,0,None,96.66,16.0,858.0,72,66,6,7,0,False,83.46456692913385,13.010151515151515,0.782878787878788,3.5,0.7912,0.2191,0.0814,0.1549,3051.9422505532107,2405.9422505532107,645.9999999999999,0.9850188697947052,0,0,3
0,1772830011.409195,408.8,107,0.4952,0.1302,0.0083,0.1746,38.2338,13.0204,17.463,61.6394,0.0,0.0,7.27,5.84,1.42,None,0.024181604385375977,3.823,True,None,sfc_cache_p2_22,0,None,100.66,16.0,891.0,75,68,6,7,0,False,83.52941176470588,13.02455882352941,0.7598529411764706,3.3970588235294117,0.7957,0.2191,0.08,0.1616,3081.487964838925,2421.087964838925,660.3999999999999,0.9850188697947052,0,0,3
0,1772830011.4106731,408.8,107,0.4952,0.1302,0.0083,0.1746,38.2338,13.0204,17.463,61.6394,0.0,0.0,10.03,7.54,2.49,None,0.024181604385375977,3.914,True,None,sfc_unique_p2_22,0,None,100.66,16.0,891.0,75,68,6,7,0,False,83.59375,13.02455882352941,0.7598529411764706,3.3970588235294117,0.7957,0.2191,0.08,0.1616,3081.487964838925,2421.087964838925,660.3999999999999,0.9850188697947052,0,0,3
0,1772830011.4346411,408.8,108,0.5033,0.1302,0.0139,0.1746,39.2058,13.0204,17.463,61.9313,0.0,0.0,7.27,5.84,1.42,None,0.04966568946838379,3.872,True,None,sfc_cache_p3_22,0,None,104.66,16.0,924.0,77,70,6,7,0,False,83.65758754863813,13.038142857142857,0.7381428571428572,3.3,0.8026,0.2191,0.0786,0.1678,3107.2022505532104,2428.802250553211,678.3999999999999,0.9850188697947052,0,0,3
0,1772830011.436131,408.8,108,0.5033,0.1302,0.0139,0.1746,39.2058,13.0204,17.463,61.9313,0.0,0.0,11.47,8.49,2.98,None,0.04966568946838379,3.955,True,None,sfc_unique_p3_22,0,None,104.66,16.0,924.0,77,70,6,7,0,False,83.72093023255815,13.038142857142857,0.7381428571428572,3.3,0.8026,0.2191,0.0786,0.1678,3107.2022505532104,2428.802250553211,678.3999999999999,0.9850188697947052,0,0,3
0,1772830011.4601645,408.8,109,0.5094,0.1302,0.0153,0.1746,39.2058,13.0204,17.463,62.7635,0.0,0.0,6.73,5.31,1.42,None,0.0750894546508789,3.802,True,None,sfc_cache_p4_22,0,None,108.66,16.0,957.0,79,72,6,7,0,False,83.78378378378379,13.05097222222222,0.7176388888888889,3.2083333333333335,0.8047,0.2191,0.0773,0.169,3137.2022505532104,2428.802250553211,708.3999999999999,0.9850188697947052,0,0,3
0,1772830011.4616053,408.8,109,0.5094,0.1302,0.0153,0.1746,39.2058,13.0204,17.463,62.7635,0.0,0.0,8.27,8.27,0,None,0.0750894546508789,3.878,True,None,sfc_unique_p4_22,0,None,108.66,16.0,957.0,79,72,6,7,0,False,83.84615384615385,13.05097222222222,0.7176388888888889,3.2083333333333335,0.8047,0.2191,0.0773,0.169,3137.2022505532104,2428.802250553211,708.3999999999999,0.9850188697947052,0,0,3
0,1772830011.4858878,408.8,110,0.5188,0.1302,0.0223,0.1746,41.1141,13.0204,17.463,62.5035,0.0,0.0,8.16,6.73,1.42,None,0.10052800178527832,3.833,True,None,sfc_cache_p5_22,0,None,112.66,16.0,990.0,81,74,6,7,0,False,83.9080459770115,13.063108108108109,0.6982432432432433,3.1216216216216215,0.8157,0.2191,0.076,0.1746,3168.96225055321,2446.1622505532105,722.7999999999998,0.9850188697947052,0,0,3
0,1772830011.4873724,408.8,110,0.5188,0.1302,0.0223,0.1746,41.1141,13.0204,17.463,62.5035,0.0,0.0,11.12,8.12,2.99,None,0.10052800178527832,3.863,True,None,sfc_unique_p5_22,0,None,112.66,16.0,990.0,81,74,6,7,0,False,83.96946564885496,13.063108108108109,0.6982432432432433,3.1216216216216215,0.8157,0.2191,0.076,0.1746,3168.96225055321,2446.1622505532105,722.7999999999998,0.9850188697947052,0,0,3
0,1772830011.5119922,408.9,111,0.5262,0.1302,0.0292,0.1746,42.0861,13.0204,17.463,62.7501,0.0,0.0,7.27,5.84,1.42,None,0.12631797790527344,3.802,True,None,sfc_cache_p6_22,0,None,116.66,16.0,1023.0,83,76,6,7,0,False,84.03041825095056,13.074605263157896,0.6798684210526316,3.039473684210526,0.8247,0.2191,0.0748,0.1781,3196.6051076960675,2455.805107696068,740.7999999999998,0.9850188697947052,0,0,3
0,1772830011.5135145,408.9,111,0.5262,0.1302,0.0292,0.1746,42.0861,13.0204,17.463,62.7501,0.0,0.0,11.09,7.84,3.25,None,0.12631797790527344,3.914,True,None,sfc_unique_p6_22,0,None,116.66,16.0,1023.0,83,76,6,7,0,False,84.0909090909091,13.074605263157896,0.6798684210526316,3.039473684210526,0.8247,0.2191,0.0748,0.1781,3196.6051076960675,2455.805107696068,740.7999999999998,0.9850188697947052,0,0,3
0,1772830034.4177608,431.8,111,0.4703,0.0546,0.0063,0.1497,33.3373,5.4606,14.9682,64.0861,0.0,0.0,7.86,5.82,2.04,None,0.00015306472778320312,3.915,True,None,sfc_cache_p1_23,0,None,76.0,16.0,759.0,61,58,6,6,0,False,84.15094339622642,13.540172413793103,0.3736206896551724,3.413793103448276,0.8082,0.1637,0.0751,0.1364,2904.2940745742603,2342.6940745742604,561.5999999999999,0.9881646803900325,0,0,1
0,1772830034.4192152,431.8,111,0.4703,0.0546,0.0063,0.1497,33.3373,5.4606,14.9682,64.0861,0.0,0.0,11.6,8.49,3.11,None,0.00015306472778320312,3.994,True,None,sfc_unique_p1_23,0,None,76.0,16.0,759.0,61,58,6,6,0,False,84.21052631578947,13.540172413793103,0.3736206896551724,3.413793103448276,0.8082,0.1637,0.0751,0.1364,2904.2940745742603,2342.6940745742604,561.5999999999999,0.9881646803900325,0,0,1
0,1772830034.444098,431.8,112,0.4776,0.0546,0.0139,0.1497,34.3093,5.4606,14.9682,63.8245,0.0,0.0,7.33,5.29,2.04,None,0.0270688533782959,3.878,True,None,sfc_cache_p2_23,0,None,80.0,16.0,792.0,63,60,6,6,0,False,84.26966292134831,13.538833333333333,0.3611666666666667,3.3,0.8172,0.1637,0.0737,0.1467,2931.221931717117,2351.621931717117,579.5999999999999,0.9881646803900325,0,0,1
0,1772830034.445573,431.8,112,0.4776,0.0546,0.0139,0.1497,34.3093,5.4606,14.9682,63.8245,0.0,0.0,10.37,7.24,3.12,None,0.0270688533782959,3.906,True,None,sfc_unique_p2_23,0,None,80.0,16.0,792.0,63,60,6,6,0,False,84.32835820895522,13.538833333333333,0.3611666666666667,3.3,0.8172,0.1637,0.0737,0.1467,2931.221931717117,2351.621931717117,579.5999999999999,0.9881646803900325,0,0,1
0,1772830034.4703958,431.8,113,0.4845,0.0546,0.016,0.1497,34.3093,5.4606,14.9682,64.6995,0.0,0.0,7.33,5.29,2.04,None,0.053407907485961914,3.802,True,None,sfc_cache_p3_23,0,None,84.0,16.0,825.0,65,62,6,6,0,False,84.38661710037175,13.53758064516129,0.3495161290322581,3.193548387096774,0.8192,0.1637,0.0724,0.1491,2961.221931717117,2351.621931717117,609.5999999999999,0.9881646803900325,0,0,1
0,1772830034.4718397,431.8,113,0.4845,0.0546,0.016,0.1497,34.3093,5.4606,14.9682,64.6995,0.0,0.0,8.27,8.27,0,None,0.053407907485961914,3.86,True,None,sfc_unique_p3_23,0,None,84.0,16.0,825.0,65,62,6,6,0,False,84.44444444444444,13.53758064516129,0.3495161290322581,3.193548387096774,0.8192,0.1637,0.0724,0.1491,2961.221931717117,2351.621931717117,609.5999999999999,0.9881646803900325,0,0,1
0,1772830034.4967616,431.8,114,0.4913,0.0546,0.0181,0.1497,34.3093,5.4606,14.9682,65.5093,0.0,0.0,7.33,5.29,2.04,None,0.07457733154296875,3.922,True,None,sfc_cache_p4_23,0,None,88.0,16.0,858.0,67,64,6,6,0,False,84.50184501845018,13.536406249999999,0.33859375,3.09375,0.8213,0.1637,0.0711,0.1511,2991.221931717117,2351.621931717117,639.5999999999999,0.9881646803900325,0,0,1
0,1772830034.4981544,431.9,114,0.4913,0.0546,0.0181,0.1497,34.3093,5.4606,14.9682,65.5093,0.0,0.0,8.27,8.27,0,None,0.07457733154296875,3.892,True,None,sfc_unique_p4_23,0,None,88.0,16.0,858.0,67,64,6,6,0,False,84.55882352941177,13.536406249999999,0.33859375,3.09375,0.8213,0.1637,0.0711,0.1511,2991.221931717117,2351.621931717117,639.5999999999999,0.9881646803900325,0,0,1
0,1772830034.5229995,431.9,115,0.5012,0.0546,0.0243,0.1497,36.2175,5.4606,14.9682,65.1644,0.0,0.0,8.75,6.71,2.04,None,0.10087060928344727,3.867,True,None,sfc_cache_p5_23,0,None,92.0,16.0,891.0,69,66,6,6,0,False,84.61538461538461,13.53530303030303,0.32833333333333337,3.0,0.8383,0.1637,0.0698,0.1569,3016.557407391118,2362.557407391118,653.9999999999999,0.9881646803900325,0,0,1
0,1772830034.5244548,431.9,115,0.5012,0.0546,0.0243,0.1497,36.2175,5.4606,14.9682,65.1644,0.0,0.0,14.65,11.64,3.01,None,0.10087060928344727,3.973,True,None,sfc_unique_p5_23,0,None,92.0,16.0,891.0,69,66,6,6,0,False,84.67153284671532,13.53530303030303,0.32833333333333337,3.0,0.8383,0.1637,0.0698,0.1569,3016.557407391118,2362.557407391118,653.9999999999999,0.9881646803900325,0,0,1
0,1772830034.5498228,431.9,116,0.5075,0.0546,0.0264,0.1497,36.2175,5.4606,14.9682,65.9121,0.0,0.0,7.33,5.29,2.04,None,0.12711429595947266,3.893,True,None,sfc_cache_p6_23,0,None,96.0,16.0,924.0,71,68,6,6,0,False,84.72727272727273,13.534264705882354,0.31867647058823534,2.911764705882353,0.84,0.1637,0.0686,0.1582,3046.557407391118,2362.557407391118,683.9999999999999,0.9881646803900325,0,0,1
0,1772830034.5513372,431.9,116,0.5075,0.0546,0.0264,0.1497,36.2175,5.4606,14.9682,65.9121,0.0,0.0,8.27,8.27,0,None,0.12711429595947266,3.845,True,None,sfc_unique_p6_23,0,None,96.0,16.0,924.0,71,68,6,6,0,False,84.78260869565217,13.534264705882354,0.31867647058823534,2.911764705882353,0.84,0.1637,0.0686,0.1582,3046.557407391118,2362.557407391118,683.9999999999999,0.9881646803900325,0,0,1
0,1772830049.458522,446.8,116,0.5157,0.0546,0.0348,0.1746,37.6215,5.4606,17.463,65.6294,0.0,0.0,6.63,5.11,1.52,None,0.00018715858459472656,2.322,True,None,sfc_cache_p1_24,0,None,96.0,16.0,924.0,71,70,6,7,0,False,84.83754512635379,13.590428571428571,0.3095714285714286,3.3,0.8451,0.1637,0.0834,0.1698,3077.3885480814133,2375.3885480814133,701.9999999999999,0.9881646803900325,0,0,1
0,1772830049.459362,446.8,116,0.5157,0.0546,0.0348,0.1746,37.6215,5.4606,17.463,65.6294,0.0,0.0,9.29,6.49,2.8,None,0.00018715858459472656,2.393,True,None,sfc_unique_p1_24,0,None,96.0,16.0,924.0,71,70,6,7,0,False,84.89208633093526,13.590428571428571,0.3095714285714286,3.3,0.8451,0.1637,0.0834,0.1698,3077.3885480814133,2375.3885480814133,701.9999999999999,0.9881646803900325,0,0,1
0,1772830049.478861,446.8,117,0.5215,0.0546,0.0417,0.1746,38.5935,5.4606,17.463,65.3653,0.0,0.0,6.63,5.11,1.52,None,0.016896486282348633,3.159,True,None,sfc_cache_p2_24,0,None,100.0,16.0,957.0,73,72,6,7,0,False,84.94623655913979,13.587916666666667,0.30097222222222225,3.2083333333333335,0.8617,0.1637,0.082,0.1799,3103.7554523268427,2383.7554523268427,719.9999999999999,0.9881646803900325,0,0,1
0,1772830049.4800675,446.8,117,0.5215,0.0546,0.0417,0.1746,38.5935,5.4606,17.463,65.3653,0.0,0.0,14.77,12.22,2.56,None,0.016896486282348633,3.509,True,None,sfc_unique_p2_24,0,None,100.0,16.0,957.0,73,72,6,7,0,False,85.0,13.587916666666667,0.30097222222222225,3.2083333333333335,0.8617,0.1637,0.082,0.1799,3103.7554523268427,2383.7554523268427,719.9999999999999,0.9881646803900325,0,0,1
0,1772830049.5054996,446.9,118,0.5289,0.0546,0.0515,0.1746,39.5654,5.4606,17.463,65.5354,0.0,0.0,7.16,5.64,1.52,None,0.03803086280822754,3.75,True,None,sfc_cache_p3_24,0,None,104.0,16.0,990.0,75,74,6,7,0,False,85.05338078291815,13.58554054054054,0.29283783783783784,3.1216216216216215,0.8685,0.1637,0.0807,0.1894,3126.9791019166896,2388.9791019166896,737.9999999999999,0.9881646803900325,0,0,1
0,1772830049.5069945,446.9,118,0.5289,0.0546,0.0515,0.1746,39.5654,5.4606,17.463,65.5354,0.0,0.0,10.48,7.26,3.22,None,0.03803086280822754,3.882,True,None,sfc_unique_p3_24,0,None,104.0,16.0,990.0,75,74,6,7,0,False,85.1063829787234,13.58554054054054,0.29283783783783784,3.1216216216216215,0.8685,0.1637,0.0807,0.1894,3126.9791019166896,2388.9791019166896,737.9999999999999,0.9881646803900325,0,0,1
0,1772830049.5332794,446.9,119,0.5343,0.0546,0.0543,0.1746,39.5654,5.4606,17.463,66.1834,0.0,0.0,6.63,5.11,1.52,None,0.06517529487609863,3.813,True,None,sfc_cache_p4_24,0,None,108.0,16.0,1023.0,77,76,6,7,0,False,85.15901060070671,13.583289473684209,0.28513157894736846,3.039473684210526,0.8694,0.1637,0.0794,0.1922,3156.9791019166896,2388.9791019166896,767.9999999999999,0.9881646803900325,0,0,1
0,1772830049.5348153,446.9,119,0.5343,0.0546,0.0543,0.1746,39.5654,5.4606,17.463,66.1834,0.0,0.0,8.27,8.27,0,None,0.06517529487609863,3.768,True,None,sfc_unique_p4_24,0,None,108.0,16.0,1023.0,77,76,6,7,0,False,85.2112676056338,13.583289473684209,0.28513157894736846,3.039473684210526,0.8694,0.1637,0.0794,0.1922,3156.9791019166896,2388.9791019166896,767.9999999999999,0.9881646803900325,0,0,1
0,1772830049.5604222,446.9,120,0.5412,0.0546,0.0598,0.1746,40.5374,5.4606,17.463,66.3244,0.0,0.0,7.16,5.64,1.52,None,0.09303641319274902,3.77,True,None,sfc_cache_p5_24,0,None,112.0,16.0,1056.0,79,78,6,7,0,False,85.26315789473684,13.581153846153844,0.27782051282051284,2.9615384615384617,0.8782,0.1637,0.0781,0.1961,3183.3460061621186,2397.3460061621186,785.9999999999999,0.9881646803900325,0,0,1
0,1772830049.5612023,446.9,120,0.5412,0.0546,0.0598,0.1746,40.5374,5.4606,17.463,66.3244,0.0,0.0,14.28,11.83,2.45,None,0.09303641319274902,3.513,True,None,sfc_unique_p5_24,0,None,112.0,16.0,1056.0,79,78,6,7,0,False,85.3146853146853,13.581153846153844,0.27782051282051284,2.9615384615384617,0.8782,0.1637,0.0781,0.1961,3183.3460061621186,2397.3460061621186,785.9999999999999,0.9881646803900325,0,0,1
0,1772830049.5846126,446.9,121,0.548,0.0546,0.0696,0.1746,41.5094,5.4606,17.463,66.4587,0.0,0.0,7.16,5.64,1.52,None,0.11866188049316406,3.992,True,None,sfc_cache_p6_24,0,None,116.0,16.0,1089.0,82,80,6,7,0,False,85.36585365853658,13.579125,0.27087500000000003,2.8875,0.8838,0.1637,0.0769,0.2008,3206.5696557519655,2402.5696557519655,803.9999999999999,0.9881646803900325,0,0,1
0,1772830049.5861733,446.9,121,0.548,0.0546,0.0696,0.1746,41.5094,5.4606,17.463,66.4587,0.0,0.0,10.48,7.26,3.22,None,0.11866188049316406,3.873,True,None,sfc_unique_p6_24,0,None,116.0,16.0,1089.0,82,80,6,7,0,False,85.41666666666666,13.579125,0.27087500000000003,2.8875,0.8838,0.1637,0.0769,0.2008,3206.5696557519655,2402.5696557519655,803.9999999999999,0.9881646803900325,0,0,1
0,1772830074.499671,471.9,121,0.4704,0.0319,0.0021,0.1497,28.5487,3.1927,14.9682,69.5056,0.0,0.0,7.2,5.29,1.91,None,0.00018835067749023438,2.366,True,None,sfc_cache_p1_25,0,None,76.0,16.0,759.0,55,58,6,6,0,False,85.46712802768167,13.695344827586208,0.218448275862069,3.413793103448276,0.833,0.0833,0.0806,0.1182,2887.1826164663607,2282.3826164663606,604.8,0.989139761646804,0,0,1
0,1772830074.5004513,471.9,121,0.4704,0.0319,0.0021,0.1497,28.5487,3.1927,14.9682,69.5056,0.0,0.0,8.27,8.27,0,None,0.00018835067749023438,2.363,True,None,sfc_unique_p1_25,0,None,76.0,16.0,759.0,55,58,6,6,0,False,85.51724137931035,13.695344827586208,0.218448275862069,3.413793103448276,0.833,0.0833,0.0806,0.1182,2887.1826164663607,2282.3826164663606,604.8,0.989139761646804,0,0,1
0,1772830074.515586,471.9,122,0.4776,0.0319,0.0042,0.1497,28.5487,3.1927,14.9682,70.1707,0.0,0.0,7.2,5.29,1.91,None,0.01689887046813965,2.331,True,None,sfc_cache_p2_25,0,None,80.0,16.0,792.0,57,60,6,6,0,False,85.56701030927834,13.688833333333333,0.2111666666666667,3.3,0.8352,0.0833,0.0791,0.1185,2917.1826164663607,2282.3826164663606,634.8,0.989139761646804,0,0,1
0,1772830074.5162969,471.9,122,0.4776,0.0319,0.0042,0.1497,28.5487,3.1927,14.9682,70.1707,0.0,0.0,8.27,8.27,0,None,0.01689887046813965,2.37,True,None,sfc_unique_p2_25,0,None,80.0,16.0,792.0,57,60,6,6,0,False,85.61643835616438,13.688833333333333,0.2111666666666667,3.3,0.8352,0.0833,0.0791,0.1185,2917.1826164663607,2282.3826164663606,634.8,0.989139761646804,0,0,1
0,1772830074.5987597,472.0,123,0.4845,0.0319,0.0063,0.1497,28.5487,3.1927,14.9682,70.7855,0.0,0.0,7.2,5.29,1.91,None,0.032698631286621094,2.319,True,None,sfc_cache_p3_25,0,None,84.0,16.0,825.0,59,62,6,6,0,False,85.6655290102389,13.682741935483872,0.20435483870967744,3.193548387096774,0.8375,0.0833,0.0777,0.1187,2947.1826164663607,2282.3826164663606,664.8,0.989139761646804,0,0,1
0,1772830074.599515,472.0,123,0.4845,0.0319,0.0063,0.1497,28.5487,3.1927,14.9682,70.7855,0.0,0.0,8.27,8.27,0,None,0.032698631286621094,2.271,True,None,sfc_unique_p3_25,0,None,84.0,16.0,825.0,59,62,6,6,0,False,85.71428571428571,13.682741935483872,0.20435483870967744,3.193548387096774,0.8375,0.0833,0.0777,0.1187,2947.1826164663607,2282.3826164663606,664.8,0.989139761646804,0,0,1
0,1772830074.614377,472.0,124,0.4911,0.0319,0.0083,0.1497,28.5487,3.1927,14.9682,71.3553,0.0,0.0,7.2,5.29,1.91,None,0.11588120460510254,2.308,True,None,sfc_cache_p4_25,0,None,88.0,16.0,858.0,61,64,6,6,0,False,85.76271186440678,13.67703125,0.19796875000000003,3.09375,0.8397,0.0833,0.0763,0.1187,2977.1826164663607,2282.3826164663606,694.8,0.989139761646804,0,0,1
0,1772830074.6150827,472.0,124,0.4911,0.0319,0.0083,0.1497,28.5487,3.1927,14.9682,71.3553,0.0,0.0,8.27,8.27,0,None,0.11588120460510254,2.341,True,None,sfc_unique_p4_25,0,None,88.0,16.0,858.0,61,64,6,6,0,False,85.8108108108108,13.67703125,0.19796875000000003,3.09375,0.8397,0.0833,0.0763,0.1187,2977.1826164663607,2282.3826164663606,694.8,0.989139761646804,0,0,1
0,1772830074.6300273,472.0,125,0.4993,0.0319,0.0132,0.1497,29.5207,3.1927,14.9682,71.3736,0.0,0.0,7.73,5.82,1.91,None,0.13141465187072754,2.304,True,None,sfc_cache_p5_25,0,None,92.0,16.0,891.0,63,66,6,6,0,False,85.85858585858585,13.671666666666667,0.19196969696969698,3.0,0.8441,0.0833,0.0749,0.1172,3001.4626164663605,2288.6626164663603,712.8,0.989139761646804,0,0,1
0,1772830074.6307466,472.0,125,0.4993,0.0319,0.0132,0.1497,29.5207,3.1927,14.9682,71.3736,0.0,0.0,11.0,8.51,2.49,None,0.13141465187072754,2.345,True,None,sfc_unique_p5_25,0,None,92.0,16.0,891.0,63,66,6,6,0,False,85.90604026845638,13.671666666666667,0.19196969696969698,3.0,0.8441,0.0833,0.0749,0.1172,3001.4626164663605,2288.6626164663603,712.8,0.989139761646804,0,0,1
0,1772830074.6456535,472.0,126,0.5055,0.0319,0.0153,0.1497,29.5207,3.1927,14.9682,71.8882,0.0,0.0,7.2,5.29,1.91,None,0.14708471298217773,2.299,True,None,sfc_cache_p6_25,0,None,96.0,16.0,924.0,65,68,6,6,0,False,85.95317725752508,13.666617647058825,0.18632352941176472,2.911764705882353,0.8463,0.0833,0.0736,0.1168,3031.4626164663605,2288.6626164663603,742.8,0.989139761646804,0,0,1
0,1772830074.6463966,472.0,126,0.5055,0.0319,0.0153,0.1497,29.5207,3.1927,14.9682,71.8882,0.0,0.0,8.27,8.27,0,None,0.14708471298217773,1.99,True,None,sfc_unique_p6_25,0,None,96.0,16.0,924.0,65,68,6,6,0,False,86.0,13.666617647058825,0.18632352941176472,2.911764705882353,0.8463,0.0833,0.0736,0.1168,3031.4626164663605,2288.6626164663603,742.8,0.989139761646804,0,0,1
0,1772830093.5430784,490.9,126,0.4579,0.0319,0.0,0.1247,21.0603,3.1927,12.4735,74.415,0.0,0.0,None,None,None,None,0.0001952648162841797,2.721,False,None,sfc_cache_p1_26,0,None,80.0,16.0,792.0,53,58,6,5,0,False,85.71428571428571,13.626379310344827,0.218448275862069,2.8448275862068964,0.8197,0.0833,0.0688,0.1156,2890.4184746926408,2226.818474692641,663.6,0.0,0,0,0
0,1772830093.5445075,490.9,126,0.4579,0.0319,0.0,0.1247,21.0603,3.1927,12.4735,74.415,0.0,0.0,8.27,8.27,0,None,0.0001952648162841797,3.333,False,None,sfc_unique_p1_26,0,None,80.0,16.0,792.0,53,58,6,5,0,False,85.43046357615894,13.626379310344827,0.218448275862069,2.8448275862068964,0.8197,0.0833,0.0688,0.1156,2890.4184746926408,2226.818474692641,663.6,0.0,0,0,0
0,1772830093.567568,490.9,127,0.4579,0.0319,0.0,0.1247,21.0603,3.1927,12.4735,74.415,0.0,0.0,None,None,None,None,0.025572776794433594,2.65,False,None,sfc_cache_p2_26,0,None,80.0,16.0,792.0,53,58,6,5,0,False,85.14851485148515,13.626379310344827,0.218448275862069,2.8448275862068964,0.8197,0.0833,0.0688,0.1156,2890.4184746926408,2226.818474692641,663.6,0.0,0,0,0
0,1772830093.5688226,490.9,127,0.4579,0.0319,0.0,0.1247,21.0603,3.1927,12.4735,74.415,0.0,0.0,8.27,8.27,0,None,0.025572776794433594,3.245,False,None,sfc_unique_p2_26,0,None,80.0,16.0,792.0,53,58,6,5,0,False,84.86842105263158,13.626379310344827,0.218448275862069,2.8448275862068964,0.8197,0.0833,0.0688,0.1156,2890.4184746926408,2226.818474692641,663.6,0.0,0,0,0
0,1772830093.5909855,490.9,128,0.4579,0.0319,0.0,0.1247,21.0603,3.1927,12.4735,74.415,0.0,0.0,None,None,None,None,0.0498504638671875,2.633,False,None,sfc_cache_p3_26,0,None,80.0,16.0,792.0,53,58,6,5,0,False,84.59016393442623,13.626379310344827,0.218448275862069,2.8448275862068964,0.8197,0.0833,0.0688,0.1156,2890.4184746926408,2226.818474692641,663.6,0.0,0,0,0
0,1772830093.5921862,490.9,128,0.4579,0.0319,0.0,0.1247,21.0603,3.1927,12.4735,74.415,0.0,0.0,None,None,None,None,0.0498504638671875,2.633,False,None,sfc_unique_p3_26,0,None,80.0,16.0,792.0,53,58,6,5,0,False,84.31372549019608,13.626379310344827,0.218448275862069,2.8448275862068964,0.8197,0.0833,0.0688,0.1156,2890.4184746926408,2226.818474692641,663.6,0.0,0,0,0
0,1772830093.6140475,491.0,129,0.4579,0.0319,0.0,0.1247,21.0603,3.1927,12.4735,74.415,0.0,0.0,None,None,None,None,0.07314181327819824,2.657,False,None,sfc_cache_p4_26,0,None,80.0,16.0,792.0,53,58,6,5,0,False,84.03908794788273,13.626379310344827,0.218448275862069,2.8448275862068964,0.8197,0.0833,0.0688,0.1156,2890.4184746926408,2226.818474692641,663.6,0.0,0,0,0
0,1772830093.6152947,491.0,129,0.4579,0.0319,0.0,0.1247,21.0603,3.1927,12.4735,74.415,0.0,0.0,None,None,None,None,0.07314181327819824,2.611,False,None,sfc_unique_p4_26,0,None,80.0,16.0,792.0,53,58,6,5,0,False,83.76623376623377,13.626379310344827,0.218448275862069,2.8448275862068964,0.8197,0.0833,0.0688,0.1156,2890.4184746926408,2226.818474692641,663.6,0.0,0,0,0
0,1772830093.6380372,491.0,130,0.4579,0.0319,0.0,0.1247,21.0603,3.1927,12.4735,74.415,0.0,0.0,None,None,None,None,0.09625005722045898,2.621,False,None,sfc_cache_p5_26,0,None,80.0,16.0,792.0,53,58,6,5,0,False,83.49514563106796,13.626379310344827,0.218448275862069,2.8448275862068964,0.8197,0.0833,0.0688,0.1156,2890.4184746926408,2226.818474692641,663.6,0.0,0,0,0
0,1772830093.639267,491.0,130,0.4579,0.0319,0.0,0.1247,21.0603,3.1927,12.4735,74.415,0.0,0.0,8.27,8.27,0,None,0.09625005722045898,3.302,False,None,sfc_unique_p5_26,0,None,80.0,16.0,792.0,53,58,6,5,0,False,83.22580645161291,13.626379310344827,0.218448275862069,2.8448275862068964,0.8197,0.0833,0.0688,0.1156,2890.4184746926408,2226.818474692641,663.6,0.0,0,0,0
0,1772830093.6618893,491.0,131,0.4579,0.0319,0.0,0.1247,21.0603,3.1927,12.4735,74.415,0.0,0.0,None,None,None,None,0.12022614479064941,2.634,False,None,sfc_cache_p6_26,0,None,80.0,16.0,792.0,53,58,6,5,0,False,82.95819935691318,13.626379310344827,0.218448275862069,2.8448275862068964,0.8197,0.0833,0.0688,0.1156,2890.4184746926408,2226.818474692641,663.6,0.0,0,0,0
0,1772830093.6630912,491.0,131,0.4579,0.0319,0.0,0.1247,21.0603,3.1927,12.4735,74.415,0.0,0.0,8.27,8.27,0,None,0.12022614479064941,3.217,False,None,sfc_unique_p6_26,0,None,80.0,16.0,792.0,53,58,6,5,0,False,82.6923076923077,13.626379310344827,0.218448275862069,2.8448275862068964,0.8197,0.0833,0.0688,0.1156,2890.4184746926408,2226.818474692641,663.6,0.0,0,0,0
0,1772830115.5901115,512.9,131,0.4761,0.0331,0.0056,0.1497,22.4643,3.1927,15.5087,73.7829,0.0,0.0,6.07,4.64,1.43,None,0.00019502639770507812,3.896,True,None,sfc_cache_p1_27,0,None,80.0,16.0,792.0,53,60,6,6,0,True,82.74760383386581,13.688833333333333,0.2111666666666667,3.3,0.8503,0.0909,0.0878,0.1261,2857.9278385682023,2176.3278385682024,681.6,0.0,0,0,0
0,1772830115.5916336,512.9,131,0.4761,0.0331,0.0056,0.1497,22.4643,3.1927,15.5087,73.7829,0.0,0.0,9.5,6.6,2.9,None,0.00019502639770507812,3.998,True,None,sfc_unique_p1_27,0,None,80.0,16.0,792.0,53,60,6,6,0,True,82.80254777070064,13.688833333333333,0.2111666666666667,3.3,0.8503,0.0909,0.0878,0.1261,2857.9278385682023,2176.3278385682024,681.6,0.0,0,0,0
0,1772830115.6181448,513.0,132,0.4888,0.0331,0.011,0.1746,25.4525,3.1927,18.0935,72.5471,0.0,0.0,4.82,3.62,1.19,None,0.02806711196899414,3.986,True,None,sfc_cache_p2_27,0,None,80.0,16.0,792.0,55,62,6,6,0,True,82.85714285714286,13.747258064516128,0.20435483870967744,3.725806451612903,0.8531,0.0909,0.0983,0.1343,2889.0634089133496,2197.4634089133497,691.6,0.9553673497898159,0,0,1
0,1772830115.6196496,513.0,132,0.4888,0.0331,0.011,0.1746,25.4525,3.1927,18.0935,72.5471,0.0,0.0,10.12,7.23,2.9,None,0.02806711196899414,3.895,True,None,sfc_unique_p2_27,0,None,80.0,16.0,792.0,55,62,6,6,0,True,82.91139240506328,13.747258064516128,0.20435483870967744,3.725806451612903,0.8531,0.0909,0.0983,0.1343,2889.0634089133496,2197.4634089133497,691.6,0.9553673497898159,0,0,1
0,1772830115.64669,513.0,133,0.4965,0.0331,0.0173,0.1746,27.3608,3.1927,18.0935,71.5568,0.0,0.0,6.56,4.73,1.83,None,0.05606341361999512,3.989,True,None,sfc_cache_p3_27,0,None,88.33,16.0,825.0,59,64,6,6,0,True,82.96529968454259,13.671875,0.19796875000000003,3.609375,0.8522,0.0909,0.0965,0.1418,2918.328367898027,2212.328367898027,706.0,0.9535269743011917,0,0,1
0,1772830115.6481946,513.0,133,0.4965,0.0331,0.0173,0.1746,27.3608,3.1927,18.0935,71.5568,0.0,0.0,10.03,7.13,2.9,None,0.05606341361999512,3.971,True,None,sfc_unique_p3_27,0,None,88.33,16.0,825.0,59,64,6,6,0,True,83.01886792452831,13.671875,0.19796875000000003,3.609375,0.8522,0.0909,0.0965,0.1418,2918.328367898027,2212.328367898027,706.0,0.9535269743011917,0,0,1
0,1772830115.6746233,513.0,134,0.5029,0.0331,0.0214,0.1746,28.3328,3.1927,18.0935,71.0722,0.0,0.0,6.07,4.64,1.43,None,0.08457112312316895,4.017,True,None,sfc_cache_p4_27,0,None,92.33,16.0,858.0,62,66,6,6,0,True,83.07210031347962,13.666666666666666,0.19196969696969698,3.5,0.8585,0.0909,0.0947,0.1451,2944.042653612313,2220.042653612313,724.0,0.9463854011700974,0,0,1
0,1772830115.675949,513.0,134,0.5029,0.0331,0.0214,0.1746,28.3328,3.1927,18.0935,71.0722,0.0,0.0,9.28,6.78,2.5,None,0.08457112312316895,3.864,True,None,sfc_unique_p4_27,0,None,92.33,16.0,858.0,62,66,6,6,0,True,83.125,13.666666666666666,0.19196969696969698,3.5,0.8585,0.0909,0.0947,0.1451,2944.042653612313,2220.042653612313,724.0,0.9463854011700974,0,0,1
0,1772830115.702435,513.1,135,0.5091,0.0331,0.027,0.1746,29.3047,3.1927,18.0935,70.6201,0.0,0.0,6.07,4.64,1.43,None,0.11233067512512207,3.903,True,None,sfc_cache_p5_27,0,None,96.33,16.0,891.0,65,68,6,6,0,True,83.17757009345794,13.661764705882353,0.18632352941176472,3.3970588235294117,0.8625,0.0909,0.093,0.1477,2971.4452228740374,2229.4452228740374,742.0,0.9454550488407367,0,0,1
0,1772830115.7039812,513.1,135,0.5091,0.0331,0.027,0.1746,29.3047,3.1927,18.0935,70.6201,0.0,0.0,9.5,6.6,2.9,None,0.11233067512512207,3.909,True,None,sfc_unique_p5_27,0,None,96.33,16.0,891.0,65,68,6,6,0,True,83.22981366459628,13.661764705882353,0.18632352941176472,3.3970588235294117,0.8625,0.0909,0.093,0.1477,2971.4452228740374,2229.4452228740374,742.0,0.9454550488407367,0,0,1
0,1772830115.730913,513.1,136,0.515,0.0331,0.0284,0.1746,29.3047,3.1927,18.0935,71.1325,0.0,0.0,6.07,4.64,1.43,None,0.14035987854003906,3.88,True,None,sfc_cache_p6_27,0,None,100.33,16.0,924.0,67,70,6,6,0,True,83.28173374613003,13.657142857142857,0.18100000000000002,3.3,0.8643,0.0909,0.0914,0.1478,3001.4452228740374,2229.4452228740374,772.0,0.9454550488407367,0,0,1
0,1772830115.732484,513.1,136,0.515,0.0331,0.0284,0.1746,29.3047,3.1927,18.0935,71.1325,0.0,0.0,8.27,8.27,0,None,0.14035987854003906,3.982,True,None,sfc_unique_p6_27,0,None,100.33,16.0,924.0,67,70,6,6,0,True,83.33333333333334,13.657142857142857,0.18100000000000002,3.3,0.8643,0.0909,0.0914,0.1478,3001.4452228740374,2229.4452228740374,772.0,0.9454550488407367,0,0,1
0,1772830134.6257849,532.0,136,0.4256,0.0,0.0042,0.1497,21.5646,0.0,14.9682,70.0871,0.0,0.0,7.34,5.84,1.49,None,0.00031256675720214844,3.798,True,None,sfc_cache_p1_28,0,None,80.33,0.0,627.0,47,50,6,5,0,False,83.38461538461537,13.893400000000002,3.552713678800501e-17,3.96,0.7851,1.0,0.0859,0.135,2763.210918586775,2212.010918586775,551.1999999999999,0.9548465870595882,0,0,1
0,1772830134.627058,532.0,136,0.4256,0.0,0.0042,0.1497,21.5646,0.0,14.9682,70.0871,0.0,0.0,10.1,7.54,2.56,None,0.00031256675720214844,3.856,True,None,sfc_unique_p1_28,0,None,80.33,0.0,627.0,47,50,6,5,0,False,83.43558282208589,13.893400000000002,3.552713678800501e-17,3.96,0.7851,1.0,0.0859,0.135,2763.210918586775,2212.010918586775,551.1999999999999,0.9548465870595882,0,0,1
0,1772830134.651964,532.0,137,0.4371,0.0,0.0073,0.1497,23.8326,0.0,14.9682,69.1021,0.0,0.0,8.23,6.73,1.49,None,0.027266740798950195,3.782,True,None,sfc_cache_p2_28,0,None,84.33,0.0,660.0,49,52,6,5,0,False,83.4862385321101,13.878269230769233,3.416070845000482e-17,3.8076923076923075,0.7932,1.0,0.0842,0.1405,2796.968061443918,2231.368061443918,565.5999999999999,0.9522232935297941,0,0,2
0,1772830134.653153,532.0,137,0.4371,0.0,0.0073,0.1497,23.8326,0.0,14.9682,69.1021,0.0,0.0,8.3,6.52,1.78,None,0.027266740798950195,3.928,True,None,sfc_unique_p2_28,0,None,84.33,0.0,660.0,49,52,6,5,0,False,83.53658536585365,13.878269230769233,3.416070845000482e-17,3.8076923076923075,0.7932,1.0,0.0842,0.1405,2796.968061443918,2231.368061443918,565.5999999999999,0.9522232935297941,0,0,2
0,1772830134.6781158,532.0,138,0.4451,0.0,0.0114,0.1497,24.8045,0.0,14.9682,68.6268,0.0,0.0,6.8,5.31,1.49,None,0.053327083587646484,3.769,True,None,sfc_cache_p3_28,0,None,88.33,0.0,693.0,52,54,6,5,0,False,83.58662613981764,13.86425925925926,3.289549702593056e-17,3.6666666666666665,0.7987,1.0,0.0826,0.1463,2821.248061443918,2237.648061443918,583.5999999999999,0.9522232935297941,0,0,2
0,1772830134.6793025,532.0,138,0.4451,0.0,0.0114,0.1497,24.8045,0.0,14.9682,68.6268,0.0,0.0,10.01,7.44,2.56,None,0.053327083587646484,3.784,True,None,sfc_unique_p3_28,0,None,88.33,0.0,693.0,52,54,6,5,0,False,83.63636363636363,13.86425925925926,3.289549702593056e-17,3.6666666666666665,0.7987,1.0,0.0826,0.1463,2821.248061443918,2237.648061443918,583.5999999999999,0.9522232935297941,0,0,2
0,1772830134.7043068,532.1,139,0.4474,0.0227,0.017,0.1497,24.8045,2.2679,14.9682,68.1892,0.0,0.0,6.8,5.31,1.49,None,0.07942986488342285,3.794,True,None,sfc_cache_p4_28,0,None,92.33,0.0,726.0,54,56,6,5,0,False,83.68580060422961,13.690535714285716,0.16071428571428573,3.5357142857142856,0.8031,0.0833,0.081,0.1489,2861.748061443918,2260.148061443918,601.5999999999999,0.9522232935297941,0,0,2
0,1772830134.7055092,532.1,139,0.4474,0.0227,0.017,0.1497,24.8045,2.2679,14.9682,68.1892,0.0,0.0,7.08,4.52,2.56,None,0.07942986488342285,3.744,True,None,sfc_unique_p4_28,0,None,92.33,0.0,726.0,54,56,6,5,0,False,83.73493975903614,13.690535714285716,0.16071428571428573,3.5357142857142856,0.8031,0.0833,0.081,0.1489,2861.748061443918,2260.148061443918,601.5999999999999,0.9522232935297941,0,0,2
0,1772830134.730972,532.1,140,0.4549,0.0227,0.0184,0.1497,24.8045,2.2679,14.9682,68.8843,0.0,0.0,6.8,5.31,1.49,None,0.10567283630371094,3.815,True,None,sfc_cache_p5_28,0,None,96.33,0.0,759.0,56,58,6,5,0,False,83.78378378378379,13.683965517241381,0.15517241379310345,3.413793103448276,0.8061,0.0833,0.0794,0.1492,2891.748061443918,2260.148061443918,631.5999999999999,0.9522232935297941,0,0,2
0,1772830134.7321932,532.1,140,0.4549,0.0227,0.0184,0.1497,24.8045,2.2679,14.9682,68.8843,0.0,0.0,8.27,8.27,0,None,0.10567283630371094,3.712,True,None,sfc_unique_p5_28,0,None,96.33,0.0,759.0,56,58,6,5,0,False,83.8323353293413,13.683965517241381,0.15517241379310345,3.413793103448276,0.8061,0.0833,0.0794,0.1492,2891.748061443918,2260.148061443918,631.5999999999999,0.9522232935297941,0,0,2
0,1772830134.7576797,532.1,141,0.4621,0.0227,0.0198,0.1497,24.8045,2.2679,14.9682,69.5282,0.0,0.0,6.8,5.31,1.49,None,0.1323244571685791,3.785,True,None,sfc_cache_p6_28,0,None,100.33,0.0,792.0,58,60,6,5,0,False,83.88059701492537,13.677833333333334,0.15,3.3,0.8091,0.0833,0.078,0.1491,2921.748061443918,2260.148061443918,661.5999999999999,0.9522232935297941,0,0,2
0,1772830134.7589307,532.1,141,0.4621,0.0227,0.0198,0.1497,24.8045,2.2679,14.9682,69.5282,0.0,0.0,8.27,8.27,0,None,0.1323244571685791,3.785,True,None,sfc_unique_p6_28,0,None,100.33,0.0,792.0,58,60,6,5,0,False,83.92857142857143,13.677833333333334,0.15,3.3,0.8091,0.0833,0.078,0.1491,2921.748061443918,2260.148061443918,661.5999999999999,0.9522232935297941,0,0,2
0,1772830155.7371073,553.1,141,0.4745,0.0227,0.0223,0.1746,28.1524,2.2679,17.463,68.0276,0.0,0.0,4.34,3.41,0.92,None,0.0003886222839355469,2.472,True,None,sfc_cache_p1_29,0,None,100.33,0.0,792.0,59,62,6,6,0,False,83.97626112759644,13.736612903225808,0.14516129032258066,3.725806451612903,0.8021,0.0833,0.0887,0.1551,2949.7406322533902,2278.1406322533903,671.5999999999999,0.9734447995276273,0,0,4
0,1772830155.7379243,553.1,141,0.4745,0.0227,0.0223,0.1746,28.1524,2.2679,17.463,68.0276,0.0,0.0,5.95,4.6,1.35,None,0.0003886222839355469,2.41,True,None,sfc_unique_p1_29,0,None,100.33,0.0,792.0,59,62,6,6,0,False,84.02366863905326,13.736612903225808,0.14516129032258066,3.725806451612903,0.8021,0.0833,0.0887,0.1551,2949.7406322533902,2278.1406322533903,671.5999999999999,0.9734447995276273,0,0,4
0,1772830155.7534235,553.1,142,0.4829,0.0227,0.0286,0.1746,30.0607,2.2679,17.463,67.1687,0.0,0.0,6.45,4.89,1.56,None,0.12188506126403809,2.325,True,None,sfc_cache_p2_29,0,None,104.33,0.0,825.0,62,64,6,6,0,False,84.070796460177,13.729218750000001,0.140625,3.609375,0.8059,0.0833,0.0871,0.1678,2981.1739862233635,2295.1739862233635,685.9999999999999,0.9724875947605633,0,0,4
0,1772830155.7541804,553.1,142,0.4829,0.0227,0.0286,0.1746,30.0607,2.2679,17.463,67.1687,0.0,0.0,8.71,6.08,2.63,None,0.12188506126403809,2.333,True,None,sfc_unique_p2_29,0,None,104.33,0.0,825.0,62,64,6,6,0,False,84.11764705882354,13.729218750000001,0.140625,3.609375,0.8059,0.0833,0.0871,0.1678,2981.1739862233635,2295.1739862233635,685.9999999999999,0.9724875947605633,0,0,4
0,1772830155.770373,553.1,143,0.4903,0.0227,0.0348,0.1746,31.969,2.2679,17.463,66.3364,0.0,0.0,6.16,4.6,1.56,None,0.1381070613861084,2.507,True,None,sfc_cache_p3_29,0,None,112.66,0.0,858.0,66,66,6,6,0,False,84.1642228739003,13.656666666666666,0.13636363636363635,3.5,0.8042,0.0833,0.0856,0.177,3014.0343638738823,2313.634363873882,700.3999999999999,0.9715303899934994,0,0,4
0,1772830155.7712026,553.1,143,0.4903,0.0227,0.0348,0.1746,31.969,2.2679,17.463,66.3364,0.0,0.0,9.6,6.97,2.63,None,0.1381070613861084,2.406,True,None,sfc_unique_p3_29,0,None,112.66,0.0,858.0,66,66,6,6,0,False,84.21052631578947,13.656666666666666,0.13636363636363635,3.5,0.8042,0.0833,0.0856,0.177,3014.0343638738823,2313.634363873882,700.3999999999999,0.9715303899934994,0,0,4
0,1772830155.7871623,553.1,144,0.4965,0.0227,0.0425,0.1746,32.9409,2.2679,17.463,66.0472,0.0,0.0,5.92,4.36,1.56,None,0.15514707565307617,2.323,True,None,sfc_cache_p4_29,0,None,116.66,0.0,891.0,68,68,6,6,0,False,84.25655976676384,13.652058823529412,0.1323529411764706,3.3970588235294117,0.8113,0.0833,0.0841,0.1844,3037.258013463729,2318.858013463729,718.3999999999999,0.9715303899934994,0,0,4
0,1772830155.7880225,553.1,144,0.4965,0.0227,0.0425,0.1746,32.9409,2.2679,17.463,66.0472,0.0,0.0,9.24,6.19,3.05,None,0.15514707565307617,2.351,True,None,sfc_unique_p4_29,0,None,116.66,0.0,891.0,68,68,6,6,0,False,84.30232558139535,13.652058823529412,0.1323529411764706,3.3970588235294117,0.8113,0.0833,0.0841,0.1844,3037.258013463729,2318.858013463729,718.3999999999999,0.9715303899934994,0,0,4
0,1772830155.8047576,553.2,145,0.5013,0.0445,0.0515,0.1746,33.9129,4.4527,17.463,65.7299,0.0,0.0,7.34,5.78,1.56,None,0.1719038486480713,2.47,True,None,sfc_cache_p5_29,0,None,120.66,0.0,924.0,71,70,6,6,0,False,84.34782608695653,13.523857142857143,0.25242857142857145,3.3,0.8142,0.1517,0.0827,0.1865,3072.8021861924085,2340.0021861924088,732.7999999999998,0.9705731852264355,0,0,4
0,1772830155.8056264,553.2,145,0.5013,0.0445,0.0515,0.1746,33.9129,4.4527,17.463,65.7299,0.0,0.0,8.49,5.86,2.63,None,0.1719038486480713,2.402,True,None,sfc_unique_p5_29,0,None,120.66,0.0,924.0,71,70,6,6,0,False,84.39306358381504,13.523857142857143,0.25242857142857145,3.3,0.8142,0.1517,0.0827,0.1865,3072.8021861924085,2340.0021861924088,732.7999999999998,0.9705731852264355,0,0,4
0,1772830155.8219492,553.2,146,0.5072,0.0445,0.0536,0.1746,33.9129,4.4527,17.463,66.3799,0.0,0.0,5.92,4.36,1.56,None,0.18948793411254883,2.374,True,None,sfc_cache_p6_29,0,None,124.66,0.0,957.0,73,72,6,6,0,False,84.43804034582134,13.523194444444444,0.2454166666666667,3.2083333333333335,0.8165,0.1517,0.0813,0.1865,3102.8021861924085,2340.0021861924088,762.7999999999998,0.9705731852264355,0,0,4
0,1772830155.8230221,553.2,146,0.5072,0.0445,0.0536,0.1746,33.9129,4.4527,17.463,66.3799,0.0,0.0,8.27,8.27,0,None,0.18948793411254883,2.334,True,None,sfc_unique_p6_29,0,None,124.66,0.0,957.0,73,72,6,6,0,False,84.48275862068965,13.523194444444444,0.2454166666666667,3.2083333333333335,0.8165,0.1517,0.0813,0.1865,3102.8021861924085,2340.0021861924088,762.7999999999998,0.9705731852264355,0,0,4
0,1772830164.648804,562.0,146,0.5166,0.0445,0.0578,0.1996,36.7208,4.4527,19.9577,65.2417,0.0,0.0,5.3,3.77,1.53,None,0.0003871917724609375,3.949,True,None,sfc_cache_p1_30,0,None,124.66,0.0,957.0,74,74,6,7,0,False,84.5272206303725,13.576621621621621,0.23878378378378382,3.5675675675675675,0.8167,0.1517,0.0913,0.1971,3132.501923075244,2359.7019230752444,772.7999999999998,0.9705731852264355,0,0,4
0,1772830164.650389,562.0,146,0.5166,0.0445,0.0578,0.1996,36.7208,4.4527,19.9577,65.2417,0.0,0.0,8.22,5.62,2.6,None,0.0003871917724609375,4.027,True,None,sfc_unique_p1_30,0,None,124.66,0.0,957.0,74,74,6,7,0,False,84.57142857142857,13.576621621621621,0.23878378378378382,3.5675675675675675,0.8167,0.1517,0.0913,0.1971,3132.501923075244,2359.7019230752444,772.7999999999998,0.9705731852264355,0,0,4
0,1772830164.6776607,562.0,147,0.5216,0.0445,0.062,0.1996,38.6291,4.4527,19.9577,64.1581,0.0,0.0,5.3,3.77,1.53,None,0.029446125030517578,3.99,True,None,sfc_cache_p2_30,0,None,132.99,0.0,990.0,78,76,6,7,0,False,84.61538461538461,13.517631578947368,0.2325,3.473684210526316,0.8128,0.1517,0.0898,0.2048,3160.962300725763,2378.162300725763,782.7999999999998,0.9705731852264355,0,0,4
0,1772830164.679124,562.0,147,0.5216,0.0445,0.062,0.1996,38.6291,4.4527,19.9577,64.1581,0.0,0.0,8.22,5.62,2.6,None,0.029446125030517578,4.042,True,None,sfc_unique_p2_30,0,None,132.99,0.0,990.0,78,76,6,7,0,False,84.6590909090909,13.517631578947368,0.2325,3.473684210526316,0.8128,0.1517,0.0898,0.2048,3160.962300725763,2378.162300725763,782.7999999999998,0.9705731852264355,0,0,4
0,1772830164.706686,562.1,148,0.5269,0.0445,0.0675,0.1996,39.6011,4.4527,19.9577,63.9674,0.0,0.0,5.59,4.06,1.53,None,0.05816245079040527,3.95,True,None,sfc_cache_p3_30,0,None,136.99,0.0,1023.0,80,78,6,7,0,False,84.70254957507082,13.517179487179487,0.22653846153846155,3.3846153846153846,0.8199,0.1517,0.0884,0.2116,3184.1859503156097,2383.38595031561,800.7999999999998,0.9705731852264355,0,0,4
0,1772830164.7081518,562.1,148,0.5269,0.0445,0.0675,0.1996,39.6011,4.4527,19.9577,63.9674,0.0,0.0,9.47,6.51,2.97,None,0.05816245079040527,4.019,True,None,sfc_unique_p3_30,0,None,136.99,0.0,1023.0,80,78,6,7,0,False,84.7457627118644,13.517179487179487,0.22653846153846155,3.3846153846153846,0.8199,0.1517,0.0884,0.2116,3184.1859503156097,2383.38595031561,800.7999999999998,0.9705731852264355,0,0,4
0,1772830164.7355554,562.1,149,0.5332,0.0445,0.0731,0.1996,41.5094,4.4527,19.9577,63.328,0.0,0.0,5.74,4.22,1.53,None,0.08716344833374023,3.993,True,None,sfc_cache_p4_30,0,None,145.32,0.0,1056.0,84,80,6,7,0,False,84.78873239436619,13.462625,0.22087500000000002,3.3,0.8203,0.1517,0.087,0.2152,3212.8674082942507,2397.667408294251,815.1999999999998,0.9705731852264355,0,0,4
0,1772830164.7370307,562.1,149,0.5332,0.0445,0.0731,0.1996,41.5094,4.4527,19.9577,63.328,0.0,0.0,9.79,6.82,2.97,None,0.08716344833374023,4.021,True,None,sfc_unique_p4_30,0,None,145.32,0.0,1056.0,84,80,6,7,0,False,84.8314606741573,13.462625,0.22087500000000002,3.3,0.8203,0.1517,0.087,0.2152,3212.8674082942507,2397.667408294251,815.1999999999998,0.9705731852264355,0,0,4
0,1772830164.7647336,562.1,150,0.5399,0.0445,0.0787,0.1996,42.4813,4.4527,19.9577,63.5218,0.0,0.0,6.12,4.59,1.53,None,0.1160440444946289,3.924,True,None,sfc_cache_p5_30,0,None,149.32,0.0,1089.0,87,82,6,7,0,False,84.87394957983193,13.463536585365853,0.2154878048780488,3.2195121951219514,0.8265,0.1517,0.0857,0.2159,3236.091057884097,2402.8910578840973,833.1999999999998,0.9705731852264355,0,0,4
0,1772830164.7663295,562.1,150,0.5399,0.0445,0.0787,0.1996,42.4813,4.4527,19.9577,63.5218,0.0,0.0,10.54,7.57,2.97,None,0.1160440444946289,4.031,True,None,sfc_unique_p5_30,0,None,149.32,0.0,1089.0,87,82,6,7,0,False,84.91620111731844,13.463536585365853,0.2154878048780488,3.2195121951219514,0.8265,0.1517,0.0857,0.2159,3236.091057884097,2402.8910578840973,833.1999999999998,0.9705731852264355,0,0,4
0,1772830164.794232,562.1,151,0.5421,0.0672,0.0842,0.1996,42.4813,6.7206,19.9577,63.7071,0.0,0.0,6.12,4.59,1.53,None,0.14536118507385254,4.004,True,None,sfc_cache_p6_30,0,None,153.32,0.0,1122.0,89,84,6,7,0,False,84.958217270195,13.357261904761904,0.3175,3.142857142857143,0.8296,0.2266,0.0844,0.2125,3266.2795735937398,2415.07957359374,851.1999999999998,0.9705731852264355,0,0,4
0,1772830164.795788,562.1,151,0.5421,0.0672,0.0842,0.1996,42.4813,6.7206,19.9577,63.7071,0.0,0.0,8.02,5.42,2.6,None,0.14536118507385254,3.964,True,None,sfc_unique_p6_30,0,None,153.32,0.0,1122.0,89,84,6,7,0,False,85.0,13.357261904761904,0.3175,3.142857142857143,0.8296,0.2266,0.0844,0.2125,3266.2795735937398,2415.07957359374,851.1999999999998,0.9705731852264355,0,0,4
0,1772830182.674373,580.0,151,0.4656,0.0672,0.0042,0.1746,35.2456,6.7206,17.463,59.0627,0.0,0.0,5.77,4.37,1.4,None,0.00020051002502441406,4.112,True,None,sfc_cache_p1_31,0,None,113.32,0.0,792.0,68,62,6,6,0,False,85.0415512465374,13.242096774193548,0.43016129032258066,3.725806451612903,0.7337,0.2266,0.1163,0.141,2951.0786379817364,2345.8786379817366,605.1999999999998,0.9736607258548211,0,0,4
0,1772830182.6758547,580.0,151,0.4656,0.0672,0.0042,0.1746,35.2456,6.7206,17.463,59.0627,0.0,0.0,8.04,5.57,2.47,None,0.00020051002502441406,4.016,True,None,sfc_unique_p1_31,0,None,113.32,0.0,792.0,68,62,6,6,0,False,85.0828729281768,13.242096774193548,0.43016129032258066,3.725806451612903,0.7337,0.2266,0.1163,0.141,2951.0786379817364,2345.8786379817366,605.1999999999998,0.9736607258548211,0,0,4
0,1772830182.702748,580.1,152,0.4758,0.0672,0.0059,0.1746,38.1615,6.7206,17.463,57.7693,0.0,0.0,4.2,3.44,0.76,None,0.028844594955444336,4.046,True,None,sfc_cache_p2_31,0,None,117.32,0.0,825.0,71,64,6,6,0,False,85.12396694214877,13.25015625,0.41671875,3.609375,0.7208,0.2266,0.1142,0.1442,2989.286345766909,2374.0863457669093,615.1999999999998,0.9793743950624774,0,0,6
0,1772830182.7040548,580.1,152,0.4758,0.0672,0.0059,0.1746,38.1615,6.7206,17.463,57.7693,0.0,0.0,5.82,4.63,1.19,None,0.028844594955444336,4.06,True,None,sfc_unique_p2_31,0,None,117.32,0.0,825.0,71,64,6,6,0,False,85.16483516483517,13.25015625,0.41671875,3.609375,0.7208,0.2266,0.1142,0.1442,2989.286345766909,2374.0863457669093,615.1999999999998,0.9793743950624774,0,0,6
0,1772830182.7306626,580.1,153,0.4768,0.0899,0.0114,0.1746,38.1615,8.9885,17.463,57.6817,0.0,0.0,5.57,4.17,1.4,None,0.05701112747192383,4.029,True,None,sfc_cache_p3_31,0,None,125.65,0.0,858.0,74,66,6,6,0,False,85.2054794520548,13.055757575757577,0.5404545454545455,3.5,0.7265,0.3042,0.1122,0.1505,3019.4748614765513,2386.2748614765515,633.1999999999998,0.9790493679768869,0,0,6
0,1772830182.7320354,580.1,153,0.4768,0.0899,0.0114,0.1746,38.1615,8.9885,17.463,57.6817,0.0,0.0,7.93,5.46,2.47,None,0.05701112747192383,4.015,True,None,sfc_unique_p3_31,0,None,125.65,0.0,858.0,74,66,6,6,0,False,85.24590163934425,13.055757575757577,0.5404545454545455,3.5,0.7265,0.3042,0.1122,0.1505,3019.4748614765513,2386.2748614765515,633.1999999999998,0.9790493679768869,0,0,6
0,1772830182.7588842,580.1,154,0.485,0.0899,0.017,0.1746,40.0698,8.9885,17.463,57.12,0.0,0.0,6.31,4.91,1.4,None,0.08507800102233887,3.931,True,None,sfc_cache_p4_31,0,None,129.65,0.0,891.0,76,68,6,6,0,False,85.28610354223434,13.068823529411764,0.5245588235294117,3.3970588235294117,0.7302,0.3042,0.1103,0.1564,3052.33523912707,2404.73523912707,647.5999999999998,0.9785800297320333,0,0,6
0,1772830182.760252,580.1,154,0.485,0.0899,0.017,0.1746,40.0698,8.9885,17.463,57.12,0.0,0.0,9.1,6.19,2.91,None,0.08507800102233887,3.98,True,None,sfc_unique_p4_31,0,None,129.65,0.0,891.0,76,68,6,6,0,False,85.32608695652173,13.068823529411764,0.5245588235294117,3.3970588235294117,0.7302,0.3042,0.1103,0.1564,3052.33523912707,2404.73523912707,647.5999999999998,0.9785800297320333,0,0,6
0,1772830182.7872796,580.1,155,0.4877,0.1117,0.0239,0.1746,41.0417,11.1733,17.463,56.5027,0.0,0.0,6.01,4.62,1.4,None,0.11319661140441895,3.915,True,None,sfc_cache_p5_31,0,None,137.98,0.0,924.0,80,70,6,6,0,False,85.36585365853658,12.895428571428571,0.6334285714285715,3.3,0.7284,0.3022,0.1084,0.1577,3080.3643213124906,2418.3643213124906,661.9999999999998,0.9779418932206574,0,0,6
0,1772830182.788677,580.1,155,0.4877,0.1117,0.0239,0.1746,41.0417,11.1733,17.463,56.5027,0.0,0.0,8.33,5.86,2.47,None,0.11319661140441895,4.086,True,None,sfc_unique_p5_31,0,None,137.98,0.0,924.0,80,70,6,6,0,False,85.4054054054054,12.895428571428571,0.6334285714285715,3.3,0.7284,0.3022,0.1084,0.1577,3080.3643213124906,2418.3643213124906,661.9999999999998,0.9779418932206574,0,0,6
0,1772830182.8161879,580.2,156,0.4972,0.1117,0.0295,0.1746,42.95,11.1733,17.463,56.3687,0.0,0.0,7.2,5.8,1.4,None,0.14163637161254883,3.886,True,None,sfc_cache_p6_31,0,None,141.98,0.0,957.0,83,72,6,6,0,False,85.44474393530997,12.912222222222223,0.6158333333333333,3.2083333333333335,0.7343,0.3022,0.1066,0.1588,3113.2246989630084,2436.824698963009,676.3999999999997,0.9776351639725532,0,0,6
0,1772830182.8175898,580.2,156,0.4972,0.1117,0.0295,0.1746,42.95,11.1733,17.463,56.3687,0.0,0.0,10.04,7.13,2.91,None,0.14163637161254883,4.003,True,None,sfc_unique_p6_31,0,None,141.98,0.0,957.0,83,72,6,6,0,False,85.48387096774194,12.912222222222223,0.6158333333333333,3.2083333333333335,0.7343,0.3022,0.1066,0.1588,3113.2246989630084,2436.824698963009,676.3999999999997,0.9776351639725532,0,0,6
0,1772830209.7710414,607.1,156,0.4638,0.1117,0.0056,0.1746,43.8863,11.1733,17.463,49.3092,0.0,0.0,7.27,5.84,1.42,None,0.00018286705017089844,2.689,True,None,sfc_cache_p1_32,0,None,121.97999999999999,0.0,792.0,73,62,6,6,0,False,85.52278820375335,12.81741935483871,0.7151612903225807,3.725806451612903,0.7227,0.3022,0.0786,0.1571,2967.056127534437,2444.2561275344374,522.7999999999998,0.9769684973058866,0,0,6
0,1772830209.7725298,607.1,156,0.4638,0.1117,0.0056,0.1746,43.8863,11.1733,17.463,49.3092,0.0,0.0,10.5,7.52,2.98,None,0.00018286705017089844,4.04,True,None,sfc_unique_p1_32,0,None,121.97999999999999,0.0,792.0,73,62,6,6,0,False,85.56149732620321,12.81741935483871,0.7151612903225807,3.725806451612903,0.7227,0.3022,0.0786,0.1571,2967.056127534437,2444.2561275344374,522.7999999999998,0.9769684973058866,0,0,6
0,1772830209.800036,607.2,157,0.471,0.1117,0.0125,0.1746,44.8583,11.1733,17.463,49.6256,0.0,0.0,6.73,5.31,1.42,None,0.09382081031799316,3.824,True,None,sfc_cache_p2_32,0,None,125.98,0.0,825.0,75,64,6,6,0,False,85.6,12.838750000000001,0.6928125,3.609375,0.738,0.3022,0.0772,0.1682,2994.6989846772944,2453.8989846772947,540.7999999999998,0.9769684973058866,0,0,6
0,1772830209.8013873,607.2,157,0.471,0.1117,0.0125,0.1746,44.8583,11.1733,17.463,49.6256,0.0,0.0,10.24,7.24,2.99,None,0.09382081031799316,3.828,True,None,sfc_unique_p2_32,0,None,125.98,0.0,825.0,75,64,6,6,0,False,85.63829787234043,12.838750000000001,0.6928125,3.609375,0.738,0.3022,0.0772,0.1682,2994.6989846772944,2453.8989846772947,540.7999999999998,0.9769684973058866,0,0,6
0,1772830209.829287,607.2,158,0.4813,0.1117,0.017,0.1746,47.1262,11.1733,17.463,49.231,0.0,0.0,8.16,6.73,1.42,None,0.12262129783630371,3.765,True,None,sfc_cache_p3_32,0,None,129.98,0.0,858.0,77,66,6,6,0,False,85.6763925729443,12.85878787878788,0.6718181818181819,3.5,0.744,0.3022,0.0759,0.1742,3027.0989846772945,2471.8989846772947,555.1999999999998,0.9640095815449002,0,1,6
0,1772830209.830646,607.2,158,0.4813,0.1117,0.017,0.1746,47.1262,11.1733,17.463,49.231,0.0,0.0,7.85,5.87,1.97,None,0.12262129783630371,4.032,True,None,sfc_unique_p3_32,0,None,129.98,0.0,858.0,77,66,6,6,0,False,85.71428571428571,12.85878787878788,0.6718181818181819,3.5,0.744,0.3022,0.0759,0.1742,3027.0989846772945,2471.8989846772947,555.1999999999998,0.9640095815449002,0,1,6
0,1772830209.8591883,607.2,159,0.4896,0.1117,0.0239,0.1746,48.0982,11.1733,17.463,49.891,0.0,0.0,7.27,5.84,1.42,None,0.151885986328125,3.798,True,None,sfc_cache_p4_32,0,None,133.98,0.0,891.0,80,68,6,6,0,False,85.75197889182058,12.87764705882353,0.6520588235294118,3.3970588235294117,0.7547,0.3022,0.0746,0.1813,3054.7418418201514,2481.5418418201516,573.1999999999998,0.9640095815449002,0,1,6
0,1772830209.8607023,607.2,159,0.4896,0.1117,0.0239,0.1746,48.0982,11.1733,17.463,49.891,0.0,0.0,11.3,8.31,2.99,None,0.151885986328125,3.857,True,None,sfc_unique_p4_32,0,None,133.98,0.0,891.0,80,68,6,6,0,False,85.78947368421052,12.87764705882353,0.6520588235294118,3.3970588235294117,0.7547,0.3022,0.0746,0.1813,3054.7418418201514,2481.5418418201516,573.1999999999998,0.9640095815449002,0,1,6
0,1772830209.8887541,607.2,160,0.4978,0.1117,0.0309,0.1746,49.0702,11.1733,17.463,50.5138,0.0,0.0,7.27,5.84,1.42,None,0.1819450855255127,3.869,True,None,sfc_cache_p5_32,0,None,137.98,0.0,924.0,83,70,6,6,0,False,85.8267716535433,12.895428571428573,0.6334285714285715,3.3,0.7629,0.3022,0.0733,0.1857,3081.5989846772945,2490.3989846772947,591.1999999999998,0.9640095815449002,0,1,6
0,1772830209.8902009,607.2,160,0.4978,0.1117,0.0309,0.1746,49.0702,11.1733,17.463,50.5138,0.0,0.0,11.3,8.31,2.99,None,0.1819450855255127,3.816,True,None,sfc_unique_p5_32,0,None,137.98,0.0,924.0,83,70,6,6,0,False,85.86387434554975,12.895428571428573,0.6334285714285715,3.3,0.7629,0.3022,0.0733,0.1857,3081.5989846772945,2490.3989846772947,591.1999999999998,0.9640095815449002,0,1,6
0,1772830209.9184227,607.3,161,0.504,0.1117,0.0323,0.1746,49.0702,11.1733,17.463,51.7344,0.0,0.0,6.73,5.31,1.42,None,0.2114403247833252,3.785,True,None,sfc_cache_p6_32,0,None,141.98,0.0,957.0,85,72,6,6,0,False,85.90078328981723,12.912222222222223,0.6158333333333333,3.2083333333333335,0.7635,0.3022,0.0721,0.1855,3111.5989846772945,2490.3989846772947,621.1999999999998,0.9640095815449002,0,1,6
0,1772830209.9198616,607.3,161,0.504,0.1117,0.0323,0.1746,49.0702,11.1733,17.463,51.7344,0.0,0.0,8.27,8.27,0,None,0.2114403247833252,3.861,True,None,sfc_unique_p6_32,0,None,141.98,0.0,957.0,85,72,6,6,0,False,85.9375,12.912222222222223,0.6158333333333333,3.2083333333333335,0.7635,0.3022,0.0721,0.1855,3111.5989846772945,2490.3989846772947,621.1999999999998,0.9640095815449002,0,1,6
0,1772830224.641391,622.0,161,0.4917,0.1209,0.0052,0.1746,47.1262,11.1733,18.8911,47.493,0.0,0.0,6.73,5.31,1.42,None,0.00011610984802246094,2.374,True,None,sfc_cache_p5_32,0,None,133.98,0.0,891.0,80,68,6,6,0,True,85.97402597402596,12.87764705882353,0.6520588235294118,3.3970588235294117,0.719,0.3296,0.0746,0.1669,2920.307556105866,2315.107556105866,605.1999999999998,0.9640095815449002,0,1,6
0,1772830224.642251,622.0,161,0.4917,0.1209,0.0052,0.1746,47.1262,11.1733,18.8911,47.493,0.0,0.0,9.94,7.44,2.49,None,0.00011610984802246094,2.359,True,None,sfc_unique_p5_32,0,None,133.98,0.0,891.0,80,68,6,6,0,True,86.01036269430051,12.87764705882353,0.6520588235294118,3.3970588235294117,0.719,0.3296,0.0746,0.1669,2920.307556105866,2315.107556105866,605.1999999999998,0.9640095815449002,0,1,6
0,1772830224.6594508,622.0,161,0.5069,0.1209,0.0107,0.1746,48.0982,11.1733,18.8911,49.4389,0.0,0.0,7.27,5.84,1.42,None,0.018726825714111328,2.305,True,None,sfc_cache_p4_32,0,None,137.98,0.0,924.0,82,70,6,6,0,True,86.04651162790698,12.895428571428573,0.6334285714285715,3.3,0.7546,0.3296,0.0746,0.1722,2936.6744603512952,2323.4744603512954,613.1999999999998,0.9640095815449002,0,1,6
0,1772830224.6602354,622.0,161,0.5069,0.1209,0.0107,0.1746,48.0982,11.1733,18.8911,49.4389,0.0,0.0,14.61,11.72,2.88,None,0.018726825714111328,2.313,True,None,sfc_unique_p4_32,0,None,137.98,0.0,924.0,82,70,6,6,0,True,86.08247422680412,12.895428571428573,0.6334285714285715,3.3,0.7546,0.3296,0.0746,0.1722,2936.6744603512952,2323.4744603512954,613.1999999999998,0.9640095815449002,0,1,6
0,1772830224.6774514,622.0,161,0.5208,0.1445,0.0205,0.1746,49.0702,13.358,18.8911,51.1386,0.0,0.0,8.16,6.73,1.42,None,0.03682589530944824,2.303,True,None,sfc_cache_p2_32,0,None,141.98,0.0,957.0,85,72,6,6,0,True,86.11825192802056,12.791805555555555,0.73625,3.2083333333333335,0.7764,0.4196,0.0746,0.1768,2970.463746065581,2352.863746065581,617.5999999999998,0.960088349426469,0,1,6
0,1772830224.6782167,622.0,161,0.5208,0.1445,0.0205,0.1746,49.0702,13.358,18.8911,51.1386,0.0,0.0,9.4,6.16,3.25,None,0.03682589530944824,2.456,True,None,sfc_unique_p2_32,0,None,141.98,0.0,957.0,85,72,6,6,0,True,86.15384615384616,12.791805555555555,0.73625,3.2083333333333335,0.7764,0.4196,0.0746,0.1768,2970.463746065581,2352.863746065581,617.5999999999998,0.960088349426469,0,1,6
0,1772830228.8046167,626.2,161,0.5268,0.1554,0.0233,0.1996,49.0702,14.366,21.5898,52.3062,0.0,0.0,4.07,2.25,1.83,None,0.00016880035400390625,3.914,True,None,sfc_cache_p1_33,0,None,141.98,0.0,957.0,85,74,6,7,0,True,86.18925831202046,12.810945945945946,0.7704054054054054,3.5675675675675675,0.7772,0.4631,0.0902,0.177,3005.8808641587552,2358.2808641587553,647.5999999999998,0.960029725188735,0,1,6
0,1772830228.806235,626.2,161,0.5268,0.1554,0.0233,0.1996,49.0702,14.366,21.5898,52.3062,0.0,0.0,8.27,8.27,0,None,0.00016880035400390625,3.986,True,None,sfc_unique_p1_33,0,None,141.98,0.0,957.0,85,74,6,7,0,True,86.22448979591837,12.810945945945946,0.7704054054054054,3.5675675675675675,0.7772,0.4631,0.0902,0.177,3005.8808641587552,2358.2808641587553,647.5999999999998,0.960029725188735,0,1,6
0,1772830228.8359807,626.2,162,0.5325,0.1554,0.026,0.1996,49.0702,14.366,21.5898,53.399,0.0,0.0,4.07,2.25,1.83,None,0.03165793418884277,3.963,True,None,sfc_cache_p2_33,0,None,141.98,4.0,990.0,87,76,6,7,0,True,86.25954198473282,12.829078947368421,0.7501315789473684,3.473684210526316,0.7783,0.4631,0.0887,0.177,3035.8808641587552,2358.2808641587553,677.5999999999998,0.960029725188735,0,1,6
0,1772830228.8376486,626.2,162,0.5325,0.1554,0.026,0.1996,49.0702,14.366,21.5898,53.399,0.0,0.0,8.27,8.27,0,None,0.03165793418884277,3.861,True,None,sfc_unique_p2_33,0,None,141.98,4.0,990.0,87,76,6,7,0,True,86.29441624365482,12.829078947368421,0.7501315789473684,3.473684210526316,0.7783,0.4631,0.0887,0.177,3035.8808641587552,2358.2808641587553,677.5999999999998,0.960029725188735,0,1,6
0,1772830228.867855,626.2,163,0.5368,0.1799,0.0344,0.1996,49.0702,16.6339,21.5898,54.2028,0.0,0.0,5.5,3.67,1.83,None,0.06308674812316895,3.948,True,None,sfc_cache_p3_33,0,None,141.98,8.0,1023.0,90,78,6,7,0,True,86.32911392405063,12.730897435897436,0.8462820512820514,3.3846153846153846,0.7769,0.5095,0.0872,0.1757,3078.069379868398,2370.469379868398,707.5999999999998,0.9598978206538332,0,1,6
0,1772830228.869471,626.2,163,0.5368,0.1799,0.0344,0.1996,49.0702,16.6339,21.5898,54.2028,0.0,0.0,10.12,7.22,2.9,None,0.06308674812316895,3.988,True,None,sfc_unique_p3_33,0,None,141.98,8.0,1023.0,90,78,6,7,0,True,86.36363636363636,12.730897435897436,0.8462820512820514,3.3846153846153846,0.7769,0.5095,0.0872,0.1757,3078.069379868398,2370.469379868398,707.5999999999998,0.9598978206538332,0,1,6
0,1772830228.8991358,626.3,164,0.5459,0.1799,0.0413,0.1996,50.0421,16.6339,21.5898,54.9768,0.0,0.0,5.5,3.67,1.83,None,0.09488868713378906,3.889,True,None,sfc_cache_p4_33,0,None,141.98,12.0,1056.0,92,80,6,7,0,True,86.39798488664987,12.750125,0.8251250000000001,3.3,0.7762,0.5095,0.0858,0.173,3114.8357473037795,2377.2357473037796,737.5999999999998,0.9597659161189315,0,1,6
0,1772830228.9008036,626.3,164,0.5459,0.1799,0.0413,0.1996,50.0421,16.6339,21.5898,54.9768,0.0,0.0,12.34,9.44,2.9,None,0.09488868713378906,3.965,True,None,sfc_unique_p4_33,0,None,141.98,12.0,1056.0,92,80,6,7,0,True,86.4321608040201,12.750125,0.8251250000000001,3.3,0.7762,0.5095,0.0858,0.173,3114.8357473037795,2377.2357473037796,737.5999999999998,0.9597659161189315,0,1,6
0,1772830228.9294162,626.3,165,0.5459,0.1799,0.0413,0.1996,50.0421,16.6339,21.5898,54.9768,0.0,0.0,5.5,3.67,1.83,None,0.12625455856323242,3.882,False,None,sfc_cache_p5_33,0,None,141.98,12.0,1056.0,92,80,6,7,0,True,86.21553884711778,12.750125,0.8251250000000001,3.3,0.7762,0.5095,0.0858,0.173,3114.8357473037795,2377.2357473037796,737.5999999999998,0.9597659161189315,0,1,6
0,1772830228.9311602,626.3,165,0.5459,0.1799,0.0413,0.1996,50.0421,16.6339,21.5898,54.9768,0.0,0.0,None,None,None,None,0.12625455856323242,2.643,False,None,sfc_unique_p5_33,0,None,141.98,12.0,1056.0,92,80,6,7,0,True,86.0,12.750125,0.8251250000000001,3.3,0.7762,0.5095,0.0858,0.173,3114.8357473037795,2377.2357473037796,737.5999999999998,0.9597659161189315,0,1,6
0,1772830228.9601278,626.3,166,0.5459,0.1799,0.0413,0.1996,50.0421,16.6339,21.5898,54.9768,0.0,0.0,5.5,3.67,1.83,None,0.15659427642822266,4.001,False,None,sfc_cache_p6_33,0,None,141.98,12.0,1056.0,92,80,6,7,0,True,85.785536159601,12.750125,0.8251250000000001,3.3,0.7762,0.5095,0.0858,0.173,3114.8357473037795,2377.2357473037796,737.5999999999998,0.9597659161189315,0,1,6
0,1772830228.9619098,626.3,166,0.5459,0.1799,0.0413,0.1996,50.0421,16.6339,21.5898,54.9768,0.0,0.0,None,None,None,None,0.15659427642822266,2.533,False,None,sfc_unique_p6_33,0,None,141.98,12.0,1056.0,92,80,6,7,0,True,85.57213930348259,12.750125,0.8251250000000001,3.3,0.7762,0.5095,0.0858,0.173,3114.8357473037795,2377.2357473037796,737.5999999999998,0.9597659161189315,0,1,6
0,1772830247.8338013,645.2,166,0.4885,0.1882,0.0061,0.1746,43.8496,18.8187,17.463,54.1744,0.0,0.0,4.16,3.41,0.74,None,0.0001971721649169922,2.362,True,None,sfc_cache_p1_34,0,None,121.65,12.0,924.0,79,70,6,7,0,False,85.60794044665012,12.523857142857143,1.066857142857143,3.3,0.7318,0.4799,0.0679,0.1708,3119.021891863445,2479.821891863445,639.1999999999998,0.9687510346143321,0,1,6
0,1772830247.835367,645.2,166,0.4885,0.1882,0.0061,0.1746,43.8496,18.8187,17.463,54.1744,0.0,0.0,8.31,5.86,2.45,None,0.0001971721649169922,4.03,True,None,sfc_unique_p1_34,0,None,121.65,12.0,924.0,79,70,6,7,0,False,85.64356435643565,12.523857142857143,1.066857142857143,3.3,0.7318,0.4799,0.0679,0.1708,3119.021891863445,2479.821891863445,639.1999999999998,0.9687510346143321,0,1,6
0,1772830247.8564188,645.2,167,0.4949,0.1882,0.0117,0.1746,44.8216,18.8187,17.463,54.2933,0.0,0.0,5.74,4.36,1.38,None,0.024792194366455078,2.365,True,None,sfc_cache_p2_34,0,None,125.65,12.0,957.0,81,72,6,7,0,False,85.67901234567901,12.55097222222222,1.0372222222222223,3.2083333333333335,0.7381,0.4799,0.0668,0.1805,3146.4244611251693,2489.2244611251695,657.1999999999998,0.9687510346143321,0,1,6
0,1772830247.8573291,645.2,167,0.4949,0.1882,0.0117,0.1746,44.8216,18.8187,17.463,54.2933,0.0,0.0,9.06,6.19,2.87,None,0.024792194366455078,2.425,True,None,sfc_unique_p2_34,0,None,125.65,12.0,957.0,81,72,6,7,0,False,85.71428571428571,12.55097222222222,1.0372222222222223,3.2083333333333335,0.7381,0.4799,0.0668,0.1805,3146.4244611251693,2489.2244611251695,657.1999999999998,0.9687510346143321,0,1,6
0,1772830247.9479027,645.3,168,0.5022,0.1882,0.0173,0.1746,46.7299,18.8187,17.463,53.7295,0.0,0.0,5.98,4.6,1.38,None,0.0460817813873291,2.36,True,None,sfc_cache_p3_34,0,None,133.98,12.0,990.0,85,74,6,7,0,False,85.74938574938575,12.518108108108107,1.0091891891891893,3.1216216216216215,0.7369,0.4799,0.0657,0.1876,3177.3381586952046,2505.7381586952047,671.5999999999998,0.9687510346143321,0,1,6
0,1772830247.9488275,645.3,168,0.5022,0.1882,0.0173,0.1746,46.7299,18.8187,17.463,53.7295,0.0,0.0,9.38,6.51,2.87,None,0.0460817813873291,2.485,True,None,sfc_unique_p3_34,0,None,133.98,12.0,990.0,85,74,6,7,0,False,85.7843137254902,12.518108108108107,1.0091891891891893,3.1216216216216215,0.7369,0.4799,0.0657,0.1876,3177.3381586952046,2505.7381586952047,671.5999999999998,0.9687510346143321,0,1,6
0,1772830247.9671385,645.3,169,0.5046,0.21,0.0242,0.1746,47.7018,21.0034,17.463,53.1883,0.0,0.0,5.98,4.6,1.38,None,0.13759636878967285,2.414,True,None,sfc_cache_p4_34,0,None,142.31,12.0,1023.0,89,76,6,7,0,False,85.81907090464547,12.372894736842104,1.0967105263157895,3.039473684210526,0.7345,0.4547,0.0646,0.1903,3211.659610482853,2525.6596104828536,685.9999999999998,0.9679305733854202,0,1,6
0,1772830247.968073,645.3,169,0.5046,0.21,0.0242,0.1746,47.7018,21.0034,17.463,53.1883,0.0,0.0,8.31,5.86,2.45,None,0.13759636878967285,2.434,True,None,sfc_unique_p4_34,0,None,142.31,12.0,1023.0,89,76,6,7,0,False,85.85365853658537,12.372894736842104,1.0967105263157895,3.039473684210526,0.7345,0.4547,0.0646,0.1903,3211.659610482853,2525.6596104828536,685.9999999999998,0.9679305733854202,0,1,6
0,1772830247.9860249,645.3,170,0.5075,0.2327,0.0312,0.1746,47.7018,23.2713,17.463,53.6769,0.0,0.0,6.27,4.89,1.38,None,0.15679597854614258,2.376,True,None,sfc_cache_p5_34,0,None,146.31,12.0,1056.0,91,78,6,7,0,False,85.88807785888078,12.286410256410255,1.183974358974359,2.9615384615384617,0.7394,0.4764,0.0636,0.1923,3241.8481261924962,2537.8481261924962,703.9999999999998,0.9679305733854202,0,1,6
0,1772830247.9868646,645.3,170,0.5075,0.2327,0.0312,0.1746,47.7018,23.2713,17.463,53.6769,0.0,0.0,8.29,5.42,2.87,None,0.15679597854614258,2.438,True,None,sfc_unique_p5_34,0,None,146.31,12.0,1056.0,91,78,6,7,0,False,85.92233009708737,12.286410256410255,1.183974358974359,2.9615384615384617,0.7394,0.4764,0.0636,0.1923,3241.8481261924962,2537.8481261924962,703.9999999999998,0.9679305733854202,0,1,6
0,1772830248.0053015,645.4,171,0.5121,0.2546,0.0395,0.1746,48.6738,25.4561,17.463,53.602,0.0,0.0,7.16,5.78,1.38,None,0.1755831241607666,2.403,True,None,sfc_cache_p6_34,0,None,150.31,12.0,1089.0,94,80,6,7,0,False,85.95641646489103,12.208375,1.26275,2.8875,0.743,0.4412,0.0626,0.1921,3277.383012433016,2558.9830124330165,718.3999999999997,0.967528004123696,0,1,6
0,1772830248.0061162,645.4,171,0.5121,0.2546,0.0395,0.1746,48.6738,25.4561,17.463,53.602,0.0,0.0,8.43,5.56,2.87,None,0.1755831241607666,2.46,True,None,sfc_unique_p6_34,0,None,150.31,12.0,1089.0,94,80,6,7,0,False,85.99033816425121,12.208375,1.26275,2.8875,0.743,0.4412,0.0626,0.1921,3277.383012433016,2558.9830124330165,718.3999999999997,0.967528004123696,0,1,6
0,1772830266.8730314,664.2,171,0.4818,0.242,0.0081,0.1746,45.3616,24.1961,17.463,51.3251,0.0,0.0,5.44,3.64,1.8,None,0.00019669532775878906,4.057,True,None,sfc_cache_p1_35,0,None,130.31,12.0,924.0,82,70,6,7,0,False,86.02409638554217,12.095285714285714,1.3717142857142857,3.3,0.7184,0.3672,0.0923,0.178,3128.476136562408,2520.476136562408,607.9999999999998,0.9748576735549547,0,1,6
0,1772830266.8746212,664.2,171,0.4818,0.242,0.0081,0.1746,45.3616,24.1961,17.463,51.3251,0.0,0.0,7.17,4.76,2.4,None,0.00019669532775878906,4.109,True,None,sfc_unique_p1_35,0,None,130.31,12.0,924.0,82,70,6,7,0,False,86.0576923076923,12.095285714285714,1.3717142857142857,3.3,0.7184,0.3672,0.0923,0.178,3128.476136562408,2520.476136562408,607.9999999999998,0.9748576735549547,0,1,6
0,1772830266.904502,664.3,172,0.4885,0.242,0.015,0.1746,46.3335,24.1961,17.463,51.5525,0.0,0.0,4.02,2.22,1.8,None,0.03256845474243164,3.963,True,None,sfc_cache_p2_35,0,None,130.31,16.0,957.0,84,72,6,7,0,False,86.09112709832134,12.134305555555555,1.333611111111111,3.2083333333333335,0.7388,0.3672,0.0908,0.188,3154.8430408078375,2528.8430408078375,625.9999999999998,0.9748576735549547,0,1,6
0,1772830266.9059646,664.3,172,0.4885,0.242,0.015,0.1746,46.3335,24.1961,17.463,51.5525,0.0,0.0,12.59,9.82,2.77,None,0.03256845474243164,3.909,True,None,sfc_unique_p2_35,0,None,130.31,16.0,957.0,84,72,6,7,0,False,86.1244019138756,12.134305555555555,1.333611111111111,3.2083333333333335,0.7388,0.3672,0.0908,0.188,3154.8430408078375,2528.8430408078375,625.9999999999998,0.9748576735549547,0,1,6
0,1772830266.9364736,664.3,173,0.4917,0.2646,0.0234,0.1746,46.3335,26.4641,17.463,52.1285,0.0,0.0,4.55,2.75,1.8,None,0.06389546394348145,3.937,True,None,sfc_cache_p3_35,0,None,130.31,20.0,990.0,87,74,6,7,0,False,86.15751789976133,12.049594594594595,1.4191891891891892,3.1216216216216215,0.7435,0.3626,0.0893,0.1952,3194.7823690851937,2550.7823690851937,643.9999999999998,0.9748576735549547,0,1,6
0,1772830266.937973,664.3,173,0.4917,0.2646,0.0234,0.1746,46.3335,26.4641,17.463,52.1285,0.0,0.0,8.29,5.42,2.87,None,0.06389546394348145,3.995,True,None,sfc_unique_p3_35,0,None,130.31,20.0,990.0,87,74,6,7,0,False,86.19047619047619,12.049594594594595,1.4191891891891892,3.1216216216216215,0.7435,0.3626,0.0893,0.1952,3194.7823690851937,2550.7823690851937,643.9999999999998,0.9748576735549547,0,1,6
0,1772830266.9685903,664.3,174,0.5014,0.2646,0.0331,0.1746,48.2418,26.4641,17.463,52.0794,0.0,0.0,5.44,3.64,1.8,None,0.09591245651245117,3.96,True,None,sfc_cache_p4_35,0,None,130.31,24.0,1023.0,90,76,6,7,0,False,86.22327790973871,12.087763157894738,1.3818421052631578,3.039473684210526,0.748,0.3626,0.0878,0.2027,3218.5849383469176,2560.184938346918,658.3999999999997,0.9747206487559398,0,1,6
0,1772830266.9702253,664.3,174,0.5014,0.2646,0.0331,0.1746,48.2418,26.4641,17.463,52.0794,0.0,0.0,10.59,6.92,3.68,None,0.09591245651245117,4.026,True,None,sfc_unique_p4_35,0,None,130.31,24.0,1023.0,90,76,6,7,0,False,86.25592417061611,12.087763157894738,1.3818421052631578,3.039473684210526,0.748,0.3626,0.0878,0.2027,3218.5849383469176,2560.184938346918,658.3999999999997,0.9747206487559398,0,1,6
0,1772830267.0022573,664.4,175,0.5075,0.2646,0.0359,0.1746,48.2418,26.4641,17.463,53.2235,0.0,0.0,4.02,2.22,1.8,None,0.12826871871948242,3.977,True,None,sfc_cache_p5_35,0,None,130.31,28.0,1056.0,92,78,6,7,0,False,86.28841607565012,12.12397435897436,1.3464102564102565,2.9615384615384617,0.75,0.3626,0.0864,0.2036,3248.5849383469176,2560.184938346918,688.3999999999997,0.9747206487559398,0,1,6
0,1772830267.0039673,664.4,175,0.5075,0.2646,0.0359,0.1746,48.2418,26.4641,17.463,53.2235,0.0,0.0,8.27,8.27,0,None,0.12826871871948242,4.034,True,None,sfc_unique_p5_35,0,None,130.31,28.0,1056.0,92,78,6,7,0,False,86.32075471698113,12.12397435897436,1.3464102564102565,2.9615384615384617,0.75,0.3626,0.0864,0.2036,3248.5849383469176,2560.184938346918,688.3999999999997,0.9747206487559398,0,1,6
0,1772830267.035785,664.4,176,0.5168,0.2646,0.0456,0.1746,50.1501,26.4641,17.463,53.1556,0.0,0.0,5.44,3.64,1.8,None,0.16196060180664062,3.994,True,None,sfc_cache_p6_35,0,None,130.31,32.0,1089.0,95,80,6,7,0,False,86.3529411764706,12.158375000000001,1.3127499999999999,2.8875,0.7532,0.3626,0.0851,0.2074,3272.387507608642,2569.587507608642,702.7999999999997,0.974048225302644,0,1,6
0,1772830267.0373976,664.4,176,0.5168,0.2646,0.0456,0.1746,50.1501,26.4641,17.463,53.1556,0.0,0.0,10.75,7.08,3.68,None,0.16196060180664062,4.165,True,None,sfc_unique_p6_35,0,None,130.31,32.0,1089.0,95,80,6,7,0,False,86.3849765258216,12.158375000000001,1.3127499999999999,2.8875,0.7532,0.3626,0.0851,0.2074,3272.387507608642,2569.587507608642,702.7999999999997,0.974048225302644,0,1,6
0,1772830291.9176054,689.3,176,0.4353,0.2201,0.0039,0.1497,35.1732,22.0114,14.9682,54.784,0.0,0.0,6.09,4.91,1.18,None,0.0002071857452392578,4.055,True,None,sfc_cache_p1_36,0,None,77.32000000000001,32.0,759.0,64,58,6,6,0,False,86.41686182669788,12.109137931034482,1.5060344827586205,3.413793103448276,0.7499,0.3936,0.0885,0.1551,2964.6784687601667,2441.478468760167,523.1999999999999,0.9754083620520789,0,1,5
0,1772830291.919154,689.3,176,0.4353,0.2201,0.0039,0.1497,35.1732,22.0114,14.9682,54.784,0.0,0.0,5.66,4.32,1.35,None,0.0002071857452392578,4.045,True,None,sfc_unique_p1_36,0,None,77.32000000000001,32.0,759.0,64,58,6,6,0,False,86.44859813084112,12.109137931034482,1.5060344827586205,3.413793103448276,0.7499,0.3936,0.0885,0.1551,2964.6784687601667,2441.478468760167,523.1999999999999,0.9754083620520789,0,1,5
0,1772830291.949591,689.3,177,0.4434,0.2201,0.0081,0.1497,36.1452,22.0114,14.9682,54.9064,0.0,0.0,5.56,4.37,1.18,None,0.033036231994628906,4.063,True,None,sfc_cache_p2_36,0,None,81.32,32.0,792.0,67,60,6,6,0,False,86.48018648018649,12.155499999999998,1.4558333333333333,3.3,0.7552,0.3936,0.0868,0.1634,2986.65540731457,2445.45540731457,541.1999999999999,0.97492231045623,0,1,5
0,1772830291.950981,689.3,177,0.4434,0.2201,0.0081,0.1497,36.1452,22.0114,14.9682,54.9064,0.0,0.0,8.76,6.51,2.25,None,0.033036231994628906,4.078,True,None,sfc_unique_p2_36,0,None,81.32,32.0,792.0,67,60,6,6,0,False,86.51162790697674,12.155499999999998,1.4558333333333333,3.3,0.7552,0.3936,0.0868,0.1634,2986.65540731457,2445.45540731457,541.1999999999999,0.97492231045623,0,1,5
0,1772830291.981802,689.3,178,0.4547,0.2201,0.0112,0.1497,38.4131,22.0114,14.9682,54.3241,0.0,0.0,6.98,5.8,1.18,None,0.06483697891235352,4.091,True,None,sfc_cache_p3_36,0,None,85.32,32.0,825.0,70,62,6,6,0,False,86.5429234338747,12.198870967741934,1.4088709677419353,3.193548387096774,0.758,0.3936,0.0853,0.1678,3022.994735591926,2467.3947355919263,555.5999999999999,0.976550016583876,0,1,6
0,1772830291.9833844,689.3,178,0.4547,0.2201,0.0112,0.1497,38.4131,22.0114,14.9682,54.3241,0.0,0.0,5.33,3.98,1.35,None,0.06483697891235352,4.142,True,None,sfc_unique_p3_36,0,None,85.32,32.0,825.0,70,62,6,6,0,False,86.57407407407408,12.198870967741934,1.4088709677419353,3.193548387096774,0.758,0.3936,0.0853,0.1678,3022.994735591926,2467.3947355919263,555.5999999999999,0.976550016583876,0,1,6
0,1772830292.0141742,689.4,179,0.4622,0.2201,0.0153,0.1497,39.3851,22.0114,14.9682,54.4572,0.0,0.0,5.56,4.37,1.18,None,0.09725666046142578,4.055,True,None,sfc_cache_p4_36,0,None,89.32,32.0,858.0,73,64,6,6,0,False,86.60508083140877,12.239531249999999,1.36484375,3.09375,0.7623,0.3936,0.0837,0.1721,3040.994735591926,2467.3947355919263,573.5999999999999,0.9761337178581101,0,1,6
0,1772830292.0156658,689.4,179,0.4622,0.2201,0.0153,0.1497,39.3851,22.0114,14.9682,54.4572,0.0,0.0,8.76,6.51,2.25,None,0.09725666046142578,4.112,True,None,sfc_unique_p4_36,0,None,89.32,32.0,858.0,73,64,6,6,0,False,86.63594470046083,12.239531249999999,1.36484375,3.09375,0.7623,0.3936,0.0837,0.1721,3040.994735591926,2467.3947355919263,573.5999999999999,0.9761337178581101,0,1,6
0,1772830292.046413,689.4,180,0.471,0.2285,0.0212,0.1497,41.2934,22.8505,14.9682,53.9225,0.0,0.0,6.98,5.8,1.18,None,0.12949180603027344,3.992,True,None,sfc_cache_p5_36,0,None,93.32,32.0,891.0,75,66,6,6,0,False,86.66666666666667,12.227272727272727,1.373939393939394,3.0,0.7624,0.395,0.0823,0.1748,3078.125350047893,2490.125350047893,587.9999999999999,0.9754914039645606,0,1,7
0,1772830292.047902,689.4,180,0.471,0.2285,0.0212,0.1497,41.2934,22.8505,14.9682,53.9225,0.0,0.0,5.06,3.65,1.42,None,0.12949180603027344,4.023,True,None,sfc_unique_p5_36,0,None,93.32,32.0,891.0,75,66,6,6,0,False,86.69724770642202,12.227272727272727,1.373939393939394,3.0,0.7624,0.395,0.0823,0.1748,3078.125350047893,2490.125350047893,587.9999999999999,0.9754914039645606,0,1,7
0,1772830292.2227495,689.6,181,0.478,0.2285,0.0226,0.1497,41.2934,22.8505,14.9682,55.1621,0.0,0.0,5.56,4.37,1.18,None,0.16174674034118652,5.262,True,None,sfc_cache_p6_36,0,None,97.32,32.0,924.0,77,68,6,6,0,False,86.72768878718536,12.264705882352942,1.333529411764706,2.911764705882353,0.7638,0.395,0.0809,0.1752,3108.125350047893,2490.125350047893,617.9999999999999,0.9754914039645606,0,1,7
0,1772830292.2248087,689.6,181,0.478,0.2285,0.0226,0.1497,41.2934,22.8505,14.9682,55.1621,0.0,0.0,8.27,8.27,0,None,0.16174674034118652,5.267,True,None,sfc_unique_p6_36,0,None,97.32,32.0,924.0,77,68,6,6,0,False,86.7579908675799,12.264705882352942,1.333529411764706,2.911764705882353,0.7638,0.395,0.0809,0.1752,3108.125350047893,2490.125350047893,617.9999999999999,0.9754914039645606,0,1,7
0,1772830309.9626417,707.3,181,0.4888,0.2285,0.0268,0.1746,43.6336,22.8505,17.463,54.6335,0.0,0.0,6.31,5.18,1.13,None,0.0001914501190185547,4.137,True,None,sfc_cache_p1_37,0,None,97.32,32.0,924.0,78,70,6,7,0,False,86.78815489749431,12.357142857142858,1.2954285714285716,3.3,0.7726,0.395,0.0963,0.185,3142.2424929050358,2509.842492905036,632.3999999999999,0.9734191798765606,0,1,7
0,1772830309.964258,707.3,181,0.4888,0.2285,0.0268,0.1746,43.6336,22.8505,17.463,54.6335,0.0,0.0,8.72,6.51,2.2,None,0.0001914501190185547,4.029,True,None,sfc_unique_p1_37,0,None,97.32,32.0,924.0,78,70,6,7,0,False,86.81818181818181,12.357142857142858,1.2954285714285716,3.3,0.7726,0.395,0.0963,0.185,3142.2424929050358,2509.842492905036,632.3999999999999,0.9734191798765606,0,1,7
0,1772830309.9962063,707.3,182,0.4953,0.2285,0.0323,0.1746,44.6056,22.8505,17.463,54.7394,0.0,0.0,5.78,4.64,1.13,None,0.03382992744445801,4.004,True,None,sfc_cache_p2_37,0,None,101.32,32.0,957.0,80,72,6,7,0,False,86.84807256235828,12.38888888888889,1.2594444444444446,3.2083333333333335,0.7808,0.395,0.0947,0.1941,3168.456778619322,2518.056778619322,650.3999999999999,0.9725657422765606,0,1,7
0,1772830309.9977434,707.3,182,0.4953,0.2285,0.0323,0.1746,44.6056,22.8505,17.463,54.7394,0.0,0.0,9.89,7.42,2.47,None,0.03382992744445801,3.975,True,None,sfc_unique_p2_37,0,None,101.32,32.0,957.0,80,72,6,7,0,False,86.87782805429865,12.38888888888889,1.2594444444444446,3.2083333333333335,0.7808,0.395,0.0947,0.1941,3168.456778619322,2518.056778619322,650.3999999999999,0.9725657422765606,0,1,7
0,1772830310.029752,707.4,183,0.4967,0.2512,0.0393,0.1746,44.6056,25.1184,17.463,54.8381,0.0,0.0,5.78,4.64,1.13,None,0.0673060417175293,3.961,True,None,sfc_cache_p3_37,0,None,105.32,32.0,990.0,82,74,6,7,0,False,86.90744920993228,12.297297297297296,1.347027027027027,3.1216216216216215,0.7852,0.4075,0.0932,0.2005,3202.480613938931,2534.0806139389315,668.3999999999999,0.9723246897504699,0,1,7
0,1772830310.0313072,707.4,183,0.4967,0.2512,0.0393,0.1746,44.6056,25.1184,17.463,54.8381,0.0,0.0,6.98,4.38,2.6,None,0.0673060417175293,3.994,True,None,sfc_unique_p3_37,0,None,105.32,32.0,990.0,82,74,6,7,0,False,86.93693693693693,12.297297297297296,1.347027027027027,3.1216216216216215,0.7852,0.4075,0.0932,0.2005,3202.480613938931,2534.0806139389315,668.3999999999999,0.9723246897504699,0,1,7
0,1772830310.0636156,707.4,184,0.5028,0.2512,0.0407,0.1746,44.6056,25.1184,17.463,55.8901,0.0,0.0,5.78,4.64,1.13,None,0.10085725784301758,3.957,True,None,sfc_cache_p4_37,0,None,109.32,32.0,1023.0,84,76,6,7,0,False,86.96629213483146,12.328947368421053,1.3115789473684212,3.039473684210526,0.7863,0.4075,0.0917,0.2015,3232.480613938931,2534.0806139389315,698.3999999999999,0.9723246897504699,0,1,7
0,1772830310.0651982,707.4,184,0.5028,0.2512,0.0407,0.1746,44.6056,25.1184,17.463,55.8901,0.0,0.0,8.27,8.27,0,None,0.10085725784301758,3.967,True,None,sfc_unique_p4_37,0,None,109.32,32.0,1023.0,84,76,6,7,0,False,86.99551569506725,12.328947368421053,1.3115789473684212,3.039473684210526,0.7863,0.4075,0.0917,0.2015,3232.480613938931,2534.0806139389315,698.3999999999999,0.9723246897504699,0,1,7
0,1772830310.0966752,707.4,185,0.5088,0.2512,0.0421,0.1746,44.6056,25.1184,17.463,56.8743,0.0,0.0,5.78,4.64,1.13,None,0.13476133346557617,3.857,True,None,sfc_cache_p5_37,0,None,113.32,32.0,1056.0,86,78,6,7,0,False,87.02460850111858,12.35897435897436,1.2779487179487181,2.9615384615384617,0.7877,0.4075,0.0902,0.2022,3262.480613938931,2534.0806139389315,728.3999999999999,0.9723246897504699,0,1,7
0,1772830310.0982058,707.5,185,0.5088,0.2512,0.0421,0.1746,44.6056,25.1184,17.463,56.8743,0.0,0.0,8.27,8.27,0,None,0.13476133346557617,3.92,True,None,sfc_unique_p5_37,0,None,113.32,32.0,1056.0,86,78,6,7,0,False,87.05357142857143,12.35897435897436,1.2779487179487181,2.9615384615384617,0.7877,0.4075,0.0902,0.2022,3262.480613938931,2534.0806139389315,728.3999999999999,0.9723246897504699,0,1,7
0,1772830310.129704,707.5,186,0.5145,0.2512,0.0435,0.1746,44.6056,25.1184,17.463,57.797,0.0,0.0,5.78,4.64,1.13,None,0.16766786575317383,3.847,True,None,sfc_cache_p6_37,0,None,117.32,32.0,1089.0,88,80,6,7,0,False,87.08240534521158,12.3875,1.246,2.8875,0.7893,0.4075,0.0888,0.2027,3292.480613938931,2534.0806139389315,758.3999999999999,0.9723246897504699,0,1,7
0,1772830310.1312976,707.5,186,0.5145,0.2512,0.0435,0.1746,44.6056,25.1184,17.463,57.797,0.0,0.0,8.27,8.27,0,None,0.16766786575317383,3.95,True,None,sfc_unique_p6_37,0,None,117.32,32.0,1089.0,88,80,6,7,0,False,87.1111111111111,12.3875,1.246,2.8875,0.7893,0.4075,0.0888,0.2027,3292.480613938931,2534.0806139389315,758.3999999999999,0.9723246897504699,0,1,7
0,1772830327.991346,725.3,186,0.4375,0.1848,0.0022,0.1497,30.3847,18.481,14.9682,60.6701,0.0,0.0,3.61,2.95,0.66,None,0.00019097328186035156,2.388,True,None,sfc_cache_p1_38,0,None,68.66,32.0,759.0,60,58,6,6,0,False,87.13968957871397,12.5,1.2644827586206897,3.413793103448276,0.7133,0.2707,0.0987,0.1518,2943.918316565503,2370.318316565503,573.5999999999999,0.9863068190041994,0,0,7
0,1772830327.992122,725.3,186,0.4375,0.1848,0.0022,0.1497,30.3847,18.481,14.9682,60.6701,0.0,0.0,6.09,4.63,1.46,None,0.00019097328186035156,2.687,True,None,sfc_unique_p1_38,0,None,68.66,32.0,759.0,60,58,6,6,0,False,87.16814159292035,12.5,1.2644827586206897,3.413793103448276,0.7133,0.2707,0.0987,0.1518,2943.918316565503,2370.318316565503,573.5999999999999,0.9863068190041994,0,0,7
0,1772830328.0110986,725.4,187,0.4454,0.1848,0.0064,0.1497,31.3566,18.481,14.9682,60.5443,0.0,0.0,5.35,4.06,1.3,None,0.01979851722717285,2.402,True,None,sfc_cache_p2_38,0,None,72.66,32.0,792.0,63,60,6,6,0,False,87.19646799116998,12.533333333333333,1.2223333333333335,3.3,0.7195,0.2707,0.0969,0.1611,2963.8057952839677,2372.2057952839677,591.5999999999999,0.985889946639081,0,0,7
0,1772830328.0118277,725.4,187,0.4454,0.1848,0.0064,0.1497,31.3566,18.481,14.9682,60.5443,0.0,0.0,8.56,6.19,2.36,None,0.01979851722717285,2.474,True,None,sfc_unique_p2_38,0,None,72.66,32.0,792.0,63,60,6,6,0,False,87.22466960352423,12.533333333333333,1.2223333333333335,3.3,0.7195,0.2707,0.0969,0.1611,2963.8057952839677,2372.2057952839677,591.5999999999999,0.985889946639081,0,0,7
0,1772830328.0304565,725.4,188,0.453,0.1848,0.012,0.1497,32.3286,18.481,14.9682,60.4283,0.0,0.0,5.35,4.06,1.3,None,0.039536237716674805,2.437,True,None,sfc_cache_p3_38,0,None,76.66,32.0,825.0,66,62,6,6,0,False,87.25274725274726,12.564516129032258,1.1829032258064516,3.193548387096774,0.7272,0.2707,0.0951,0.1688,2991.208364545692,2381.608364545692,609.5999999999999,0.9854753467973438,0,0,7
0,1772830328.03121,725.4,188,0.453,0.1848,0.012,0.1497,32.3286,18.481,14.9682,60.4283,0.0,0.0,9.24,6.51,2.73,None,0.039536237716674805,2.445,True,None,sfc_unique_p3_38,0,None,76.66,32.0,825.0,66,62,6,6,0,False,87.28070175438597,12.564516129032258,1.1829032258064516,3.193548387096774,0.7272,0.2707,0.0951,0.1688,2991.208364545692,2381.608364545692,609.5999999999999,0.9854753467973438,0,0,7
0,1772830328.0503676,725.4,189,0.4603,0.1848,0.0176,0.1497,33.3006,18.481,14.9682,60.3212,0.0,0.0,5.35,4.06,1.3,None,0.058873891830444336,2.384,True,None,sfc_cache_p4_38,0,None,80.66,32.0,858.0,68,64,6,6,0,False,87.30853391684902,12.59375,1.1459375,3.09375,0.7353,0.2707,0.0934,0.1725,3017.1839101268715,2389.5839101268716,627.5999999999999,0.9851981642923631,0,0,7
0,1772830328.0511882,725.4,189,0.4603,0.1848,0.0176,0.1497,33.3006,18.481,14.9682,60.3212,0.0,0.0,9.28,6.49,2.78,None,0.058873891830444336,2.443,True,None,sfc_unique_p4_38,0,None,80.66,32.0,858.0,68,64,6,6,0,False,87.33624454148472,12.59375,1.1459375,3.09375,0.7353,0.2707,0.0934,0.1725,3017.1839101268715,2389.5839101268716,627.5999999999999,0.9851981642923631,0,0,7
0,1772830328.0703027,725.4,190,0.469,0.1848,0.0231,0.1497,34.2725,18.481,14.9682,60.6647,0.0,0.0,5.89,4.59,1.3,None,0.07881402969360352,2.413,True,None,sfc_cache_p5_38,0,None,84.66,32.0,891.0,71,66,6,6,0,False,87.36383442265794,12.621212121212121,1.1112121212121213,3.0,0.7419,0.2707,0.0918,0.1745,3044.5864793885953,2398.9864793885954,645.5999999999999,0.9847835644506259,0,0,7
0,1772830328.0711765,725.4,190,0.469,0.1848,0.0231,0.1497,34.2725,18.481,14.9682,60.6647,0.0,0.0,10.31,7.57,2.73,None,0.07881402969360352,2.434,True,None,sfc_unique_p5_38,0,None,84.66,32.0,891.0,71,66,6,6,0,False,87.39130434782608,12.621212121212121,1.1112121212121213,3.0,0.7419,0.2707,0.0918,0.1745,3044.5864793885953,2398.9864793885954,645.5999999999999,0.9847835644506259,0,0,7
0,1772830328.0905843,725.4,191,0.4792,0.1848,0.0287,0.1497,36.1808,18.481,14.9682,60.4294,0.0,0.0,6.78,5.48,1.3,None,0.0987861156463623,2.434,True,None,sfc_cache_p6_38,0,None,88.66,32.0,924.0,74,68,6,6,0,False,87.41865509761388,12.647058823529411,1.078529411764706,2.911764705882353,0.7491,0.2707,0.0902,0.1733,3077.4468570391145,2417.4468570391145,659.9999999999999,0.9842393627991803,0,0,7
0,1772830328.0913787,725.4,191,0.4792,0.1848,0.0287,0.1497,36.1808,18.481,14.9682,60.4294,0.0,0.0,9.75,6.97,2.78,None,0.0987861156463623,2.41,True,None,sfc_unique_p6_38,0,None,88.66,32.0,924.0,74,68,6,6,0,False,87.44588744588745,12.647058823529411,1.078529411764706,2.911764705882353,0.7491,0.2707,0.0902,0.1733,3077.4468570391145,2417.4468570391145,659.9999999999999,0.9842393627991803,0,0,7
0,1772830345.1719098,742.5,191,0.4847,0.2075,0.0356,0.1746,37.5491,20.7489,17.463,59.7829,0.0,0.0,6.12,4.59,1.53,None,0.00023365020751953125,4.03,True,None,sfc_cache_p1_39,0,None,88.66,32.0,924.0,74,70,6,7,0,False,87.47300215982722,12.6,1.1762857142857144,3.3,0.7506,0.3145,0.0923,0.1842,3113.0931811375503,2438.6931811375507,674.3999999999999,0.9832403277585338,0,0,7
0,1772830345.173578,742.5,191,0.4847,0.2075,0.0356,0.1746,37.5491,20.7489,17.463,59.7829,0.0,0.0,6.96,3.99,2.97,None,0.00023365020751953125,4.076,True,None,sfc_unique_p1_39,0,None,88.66,32.0,924.0,74,70,6,7,0,False,87.5,12.6,1.1762857142857144,3.3,0.7506,0.3145,0.0923,0.1842,3113.0931811375503,2438.6931811375507,674.3999999999999,0.9832403277585338,0,0,7
0,1772830345.2063725,742.6,192,0.4926,0.2159,0.0415,0.1746,39.4574,21.588,17.463,59.2121,0.0,0.0,7.01,5.48,1.53,None,0.1648731231689453,4.052,True,None,sfc_cache_p2_39,0,None,92.66,32.0,957.0,76,72,6,7,0,False,87.52688172043011,12.57875,1.189861111111111,3.2083333333333335,0.7513,0.313,0.0908,0.1889,3154.0711102506916,2465.271110250692,688.7999999999998,0.9813417225360036,0,0,8
0,1772830345.2080715,742.6,192,0.4926,0.2159,0.0415,0.1746,39.4574,21.588,17.463,59.2121,0.0,0.0,5.2,3.46,1.74,None,0.1648731231689453,3.987,True,None,sfc_unique_p2_39,0,None,92.66,32.0,957.0,76,72,6,7,0,False,87.55364806866953,12.57875,1.189861111111111,3.2083333333333335,0.7513,0.313,0.0908,0.1889,3154.0711102506916,2465.271110250692,688.7999999999998,0.9813417225360036,0,0,8
0,1772830345.240445,742.6,193,0.5005,0.2159,0.0457,0.1746,40.4294,21.588,17.463,59.5531,0.0,0.0,6.12,4.59,1.53,None,0.19937396049499512,3.981,True,None,sfc_cache_p3_39,0,None,96.66,32.0,990.0,79,74,6,7,0,False,87.58029978586723,12.603648648648647,1.1577027027027027,3.1216216216216215,0.7553,0.313,0.0893,0.1947,3172.0711102506916,2465.271110250692,706.7999999999998,0.9808571241862585,0,0,8
0,1772830345.241959,742.6,193,0.5005,0.2159,0.0457,0.1746,40.4294,21.588,17.463,59.5531,0.0,0.0,9.86,7.26,2.6,None,0.19937396049499512,3.983,True,None,sfc_unique_p3_39,0,None,96.66,32.0,990.0,79,74,6,7,0,False,87.6068376068376,12.603648648648647,1.1577027027027027,3.1216216216216215,0.7553,0.313,0.0893,0.1947,3172.0711102506916,2465.271110250692,706.7999999999998,0.9808571241862585,0,0,8
0,1772830345.2746193,742.6,194,0.5082,0.2159,0.0512,0.1746,41.4014,21.588,17.463,59.8764,0.0,0.0,6.12,4.59,1.53,None,0.2332463264465332,3.898,True,None,sfc_cache_p4_39,0,None,100.66,32.0,1023.0,81,76,6,7,0,False,87.63326226012794,12.627236842105262,1.1272368421052632,3.039473684210526,0.76,0.313,0.0878,0.1988,3194.748017850134,2469.9480178501344,724.7999999999998,0.9804945649677087,0,0,8
0,1772830345.2763534,742.6,194,0.5082,0.2159,0.0512,0.1746,41.4014,21.588,17.463,59.8764,0.0,0.0,10.54,7.57,2.97,None,0.2332463264465332,4.024,True,None,sfc_unique_p4_39,0,None,100.66,32.0,1023.0,81,76,6,7,0,False,87.65957446808511,12.627236842105262,1.1272368421052632,3.039473684210526,0.76,0.313,0.0878,0.1988,3194.748017850134,2469.9480178501344,724.7999999999998,0.9804945649677087,0,0,8
0,1772830345.3094692,742.7,195,0.514,0.2159,0.0526,0.1746,41.4014,21.588,17.463,60.7104,0.0,0.0,5.59,4.06,1.53,None,0.2676243782043457,4.013,True,None,sfc_cache_p5_39,0,None,104.66,32.0,1056.0,83,78,6,7,0,False,87.68577494692144,12.649615384615384,1.0983333333333334,2.9615384615384617,0.7629,0.313,0.0864,0.1994,3224.748017850134,2469.9480178501344,754.7999999999998,0.9804945649677087,0,0,8
0,1772830345.3111157,742.7,195,0.514,0.2159,0.0526,0.1746,41.4014,21.588,17.463,60.7104,0.0,0.0,8.27,8.27,0,None,0.2676243782043457,3.922,True,None,sfc_unique_p5_39,0,None,104.66,32.0,1056.0,83,78,6,7,0,False,87.71186440677965,12.649615384615384,1.0983333333333334,2.9615384615384617,0.7629,0.313,0.0864,0.1994,3224.748017850134,2469.9480178501344,754.7999999999998,0.9804945649677087,0,0,8
0,1772830345.344094,742.7,196,0.5166,0.2386,0.0582,0.1746,41.4014,23.856,17.463,60.9875,0.0,0.0,6.12,4.59,1.53,None,0.3023569583892822,3.984,True,None,sfc_cache_p6_39,0,None,108.66,32.0,1089.0,85,80,6,7,0,False,87.73784355179704,12.558375,1.183375,2.8875,0.7673,0.2998,0.0851,0.1995,3264.6873461274904,2491.8873461274907,772.7999999999998,0.9800100854658955,0,0,8
0,1772830345.3456352,742.7,196,0.5166,0.2386,0.0582,0.1746,41.4014,23.856,17.463,60.9875,0.0,0.0,8.02,5.42,2.6,None,0.3023569583892822,4.014,True,None,sfc_unique_p6_39,0,None,108.66,32.0,1089.0,85,80,6,7,0,False,87.76371308016878,12.558375,1.183375,2.8875,0.7673,0.2998,0.0851,0.1995,3264.6873461274904,2491.8873461274907,772.7999999999998,0.9800100854658955,0,0,8
0,1772830363.209669,760.6,196,0.5005,0.2159,0.0062,0.1746,42.6973,21.588,17.463,57.3131,0.0,0.0,5.3,3.68,1.62,None,0.00020813941955566406,2.435,True,None,sfc_cache_p1_40,0,None,108.66,20.0,990.0,78,74,6,7,0,False,87.78947368421053,12.603648648648647,1.1577027027027027,3.1216216216216215,0.7629,0.2777,0.0893,0.1866,3155.600269823513,2488.400269823513,667.1999999999999,0.9809974079095792,0,0,9
0,1772830363.2113223,760.6,196,0.5005,0.2159,0.0062,0.1746,42.6973,21.588,17.463,57.3131,0.0,0.0,6.67,4.82,1.85,None,0.00020813941955566406,4.114,True,None,sfc_unique_p1_40,0,None,108.66,20.0,990.0,78,74,6,7,0,False,87.81512605042016,12.603648648648647,1.1577027027027027,3.1216216216216215,0.7629,0.2777,0.0893,0.1866,3155.600269823513,2488.400269823513,667.1999999999999,0.9809974079095792,0,0,9
0,1772830363.2460065,760.6,197,0.5082,0.2159,0.0131,0.1746,43.6693,21.588,17.463,57.6945,0.0,0.0,4.41,2.8,1.62,None,0.02784562110900879,4.021,True,None,sfc_cache_p2_40,0,None,108.66,24.0,1023.0,80,76,6,7,0,False,87.84067085953879,12.627236842105262,1.1272368421052632,3.039473684210526,0.7668,0.2777,0.0878,0.195,3175.4877485419775,2490.2877485419776,685.1999999999999,0.9806752269531851,0,0,9
0,1772830363.247712,760.6,197,0.5082,0.2159,0.0131,0.1746,43.6693,21.588,17.463,57.6945,0.0,0.0,10.3,7.56,2.74,None,0.02784562110900879,3.944,True,None,sfc_unique_p2_40,0,None,108.66,24.0,1023.0,80,76,6,7,0,False,87.86610878661088,12.627236842105262,1.1272368421052632,3.039473684210526,0.7668,0.2777,0.0878,0.195,3175.4877485419775,2490.2877485419776,685.1999999999999,0.9806752269531851,0,0,9
0,1772830363.2825942,760.6,198,0.5128,0.2377,0.0229,0.1746,44.6412,23.7728,17.463,57.5429,0.0,0.0,5.3,3.68,1.62,None,0.06428265571594238,4.077,True,None,sfc_cache_p3_40,0,None,108.66,28.0,1056.0,82,78,6,7,0,False,87.89144050104383,12.538461538461538,1.2094871794871795,2.9615384615384617,0.7698,0.2896,0.0864,0.2014,3208.714942474805,2509.114942474805,699.5999999999999,0.9800426783421309,0,0,9
0,1772830363.2842133,760.6,198,0.5128,0.2377,0.0229,0.1746,44.6412,23.7728,17.463,57.5429,0.0,0.0,8.55,5.86,2.69,None,0.06428265571594238,4.162,True,None,sfc_unique_p3_40,0,None,108.66,28.0,1056.0,82,78,6,7,0,False,87.91666666666667,12.538461538461538,1.2094871794871795,2.9615384615384617,0.7698,0.2896,0.0864,0.2014,3208.714942474805,2509.114942474805,699.5999999999999,0.9800426783421309,0,0,9
0,1772830363.3184888,760.7,199,0.5171,0.2604,0.0326,0.1746,45.5776,26.0407,17.463,57.397,0.0,0.0,5.3,3.68,1.62,None,0.10075640678405762,4.007,True,None,sfc_cache_p4_40,0,None,108.66,32.0,1089.0,84,80,6,7,0,False,87.94178794178794,12.45,1.29175,2.8875,0.7735,0.3174,0.0851,0.2067,3244.361266573242,2530.361266573242,713.9999999999999,0.9794105908763133,0,0,9
0,1772830363.3200898,760.7,199,0.5171,0.2604,0.0326,0.1746,45.5776,26.0407,17.463,57.397,0.0,0.0,8.04,4.91,3.13,None,0.10075640678405762,4.076,True,None,sfc_unique_p4_40,0,None,108.66,32.0,1089.0,84,80,6,7,0,False,87.96680497925311,12.45,1.29175,2.8875,0.7735,0.3174,0.0851,0.2067,3244.361266573242,2530.361266573242,713.9999999999999,0.9794105908763133,0,0,9
0,1772830363.3552146,760.7,200,0.5244,0.2604,0.0382,0.1746,46.5495,26.0407,17.463,57.7532,0.0,0.0,4.41,2.8,1.62,None,0.13668465614318848,4.098,True,None,sfc_cache_p5_40,0,None,108.66,36.0,1122.0,86,82,6,7,0,False,87.99171842650104,12.475609756097562,1.2602439024390244,2.817073170731707,0.776,0.3174,0.0838,0.2081,3262.361266573242,2530.361266573242,731.9999999999999,0.9789803024367836,0,0,9
0,1772830363.3569062,760.7,200,0.5244,0.2604,0.0382,0.1746,46.5495,26.0407,17.463,57.7532,0.0,0.0,9.58,7.26,2.32,None,0.13668465614318848,4.049,True,None,sfc_unique_p5_40,0,None,108.66,36.0,1122.0,86,82,6,7,0,False,88.01652892561982,12.475609756097562,1.2602439024390244,2.817073170731707,0.776,0.3174,0.0838,0.2081,3262.361266573242,2530.361266573242,731.9999999999999,0.9789803024367836,0,0,9
0,1772830363.3917449,760.7,201,0.5331,0.2604,0.0451,0.1746,47.5215,26.0407,17.463,58.4402,0.0,0.0,5.3,3.68,1.62,None,0.17348289489746094,3.937,True,None,sfc_cache_p6_40,0,None,108.66,40.0,1155.0,89,84,6,7,0,False,88.04123711340206,12.5,1.2302380952380954,2.75,0.7749,0.3174,0.0825,0.2076,3292.361266573242,2530.361266573242,761.9999999999999,0.9786584345346463,0,0,9
0,1772830363.3933861,760.7,201,0.5331,0.2604,0.0451,0.1746,47.5215,26.0407,17.463,58.4402,0.0,0.0,12.08,9.34,2.74,None,0.17348289489746094,4.033,True,None,sfc_unique_p6_40,0,None,108.66,40.0,1155.0,89,84,6,7,0,False,88.06584362139918,12.5,1.2302380952380954,2.75,0.7749,0.3174,0.0825,0.2076,3292.361266573242,2530.361266573242,761.9999999999999,0.9786584345346463,0,0,9
0,1772830381.2570982,778.6,201,0.5162,0.1722,0.0042,0.1746,42.0493,17.2185,17.463,61.134,0.0,0.0,6.73,5.48,1.25,None,0.0002167224884033203,4.064,True,None,sfc_cache_p1_41,0,None,80.0,40.0,990.0,74,74,6,7,0,False,88.09034907597535,12.955,0.9233783783783783,3.1216216216216215,0.7775,0.2446,0.0746,0.1809,3155.4825016761674,2452.6825016761677,702.7999999999998,0.9810010168114068,0,0,8
0,1772830381.2587714,778.6,201,0.5162,0.1722,0.0042,0.1746,42.0493,17.2185,17.463,61.134,0.0,0.0,11.36,9.04,2.32,None,0.0002167224884033203,4.037,True,None,sfc_unique_p1_41,0,None,80.0,40.0,990.0,74,74,6,7,0,False,88.11475409836066,12.955,0.9233783783783783,3.1216216216216215,0.7775,0.2446,0.0746,0.1809,3155.4825016761674,2452.6825016761677,702.7999999999998,0.9810010168114068,0,0,8
0,1772830381.426096,778.8,202,0.5237,0.1722,0.0084,0.1746,43.0213,17.2185,17.463,61.418,0.0,0.0,5.84,4.59,1.25,None,0.03722047805786133,3.962,True,None,sfc_cache_p2_41,0,None,84.0,40.0,1023.0,77,76,6,7,0,False,88.13905930470347,12.969342105263157,0.899078947368421,3.039473684210526,0.7813,0.2446,0.0734,0.1769,3173.4825016761674,2452.6825016761677,720.7999999999998,0.9805163479452219,0,0,8
0,1772830381.4277835,778.8,202,0.5237,0.1722,0.0084,0.1746,43.0213,17.2185,17.463,61.418,0.0,0.0,9.58,7.26,2.32,None,0.03722047805786133,4.029,True,None,sfc_unique_p2_41,0,None,84.0,40.0,1023.0,77,76,6,7,0,False,88.16326530612245,12.969342105263157,0.899078947368421,3.039473684210526,0.7813,0.2446,0.0734,0.1769,3173.4825016761674,2452.6825016761677,720.7999999999998,0.9805163479452219,0,0,8
0,1772830381.461072,778.8,203,0.5237,0.1722,0.0084,0.1746,43.0213,17.2185,17.463,61.418,0.0,0.0,5.84,4.59,1.25,None,0.20621609687805176,3.979,False,None,sfc_cache_p3_41,0,None,84.0,40.0,1023.0,77,76,6,7,0,False,87.9837067209776,12.969342105263157,0.899078947368421,3.039473684210526,0.7813,0.2446,0.0734,0.1769,3173.4825016761674,2452.6825016761677,720.7999999999998,0.9805163479452219,0,0,8
0,1772830381.4625468,778.8,203,0.5237,0.1722,0.0084,0.1746,43.0213,17.2185,17.463,61.418,0.0,0.0,None,None,None,None,0.20621609687805176,2.701,False,None,sfc_unique_p3_41,0,None,84.0,40.0,1023.0,77,76,6,7,0,False,87.8048780487805,12.969342105263157,0.899078947368421,3.039473684210526,0.7813,0.2446,0.0734,0.1769,3173.4825016761674,2452.6825016761677,720.7999999999998,0.9805163479452219,0,0,8
0,1772830381.4956458,778.8,204,0.5237,0.1722,0.0084,0.1746,43.0213,17.2185,17.463,61.418,0.0,0.0,5.84,4.59,1.25,None,0.24091601371765137,4.038,False,None,sfc_cache_p4_41,0,None,84.0,40.0,1023.0,77,76,6,7,0,False,87.62677484787018,12.969342105263157,0.899078947368421,3.039473684210526,0.7813,0.2446,0.0734,0.1769,3173.4825016761674,2452.6825016761677,720.7999999999998,0.9805163479452219,0,0,8
0,1772830381.4972289,778.8,204,0.5237,0.1722,0.0084,0.1746,43.0213,17.2185,17.463,61.418,0.0,0.0,None,None,None,None,0.24091601371765137,2.689,False,None,sfc_unique_p4_41,0,None,84.0,40.0,1023.0,77,76,6,7,0,False,87.4493927125506,12.969342105263157,0.899078947368421,3.039473684210526,0.7813,0.2446,0.0734,0.1769,3173.4825016761674,2452.6825016761677,720.7999999999998,0.9805163479452219,0,0,8
0,1772830381.5300438,778.9,205,0.5237,0.1722,0.0084,0.1746,43.0213,17.2185,17.463,61.418,0.0,0.0,6.73,5.48,1.25,None,0.27555203437805176,3.961,False,None,sfc_cache_p5_41,0,None,84.0,40.0,1023.0,77,76,6,7,0,False,87.27272727272727,12.969342105263157,0.899078947368421,3.039473684210526,0.7813,0.2446,0.0734,0.1769,3173.4825016761674,2452.6825016761677,720.7999999999998,0.9805163479452219,0,0,8
0,1772830381.5317574,778.9,205,0.5237,0.1722,0.0084,0.1746,43.0213,17.2185,17.463,61.418,0.0,0.0,None,None,None,None,0.27555203437805176,2.733,False,None,sfc_unique_p5_41,0,None,84.0,40.0,1023.0,77,76,6,7,0,False,87.09677419354838,12.969342105263157,0.899078947368421,3.039473684210526,0.7813,0.2446,0.0734,0.1769,3173.4825016761674,2452.6825016761677,720.7999999999998,0.9805163479452219,0,0,8
0,1772830381.564969,778.9,206,0.5237,0.1722,0.0084,0.1746,43.0213,17.2185,17.463,61.418,0.0,0.0,5.84,4.59,1.25,None,0.3101363182067871,3.907,False,None,sfc_cache_p6_41,0,None,84.0,40.0,1023.0,77,76,6,7,0,False,86.92152917505031,12.969342105263157,0.899078947368421,3.039473684210526,0.7813,0.2446,0.0734,0.1769,3173.4825016761674,2452.6825016761677,720.7999999999998,0.9805163479452219,0,0,8
0,1772830381.566511,778.9,206,0.5237,0.1722,0.0084,0.1746,43.0213,17.2185,17.463,61.418,0.0,0.0,None,None,None,None,0.3101363182067871,2.753,False,None,sfc_unique_p6_41,0,None,84.0,40.0,1023.0,77,76,6,7,0,False,86.74698795180723,12.969342105263157,0.899078947368421,3.039473684210526,0.7813,0.2446,0.0734,0.1769,3173.4825016761674,2452.6825016761677,720.7999999999998,0.9805163479452219,0,0,8
0,1772830397.313248,794.7,206,0.4915,0.1394,0.0063,0.1746,38.3051,13.9426,17.463,61.2307,0.0,0.0,7.51,5.89,1.62,None,0.0002002716064453125,5.213,True,None,sfc_cache_p1_42,0,None,84.0,20.0,858.0,65,66,6,7,0,False,86.77354709418837,13.085909090909093,0.8383333333333333,3.5,0.7506,0.2317,0.0745,0.137,3018.103865500697,2392.103865500697,625.9999999999999,0.982664547128089,0,0,7
0,1772830397.3152697,794.7,206,0.4915,0.1394,0.0063,0.1746,38.3051,13.9426,17.463,61.2307,0.0,0.0,9.82,7.13,2.69,None,0.0002002716064453125,5.385,True,None,sfc_unique_p1_42,0,None,84.0,20.0,858.0,65,66,6,7,0,False,86.8,13.085909090909093,0.8383333333333333,3.5,0.7506,0.2317,0.0745,0.137,3018.103865500697,2392.103865500697,625.9999999999999,0.982664547128089,0,0,7
0,1772830397.359734,794.7,207,0.498,0.1394,0.0083,0.1746,38.3051,13.9426,17.463,62.1426,0.0,0.0,6.09,4.47,1.62,None,0.04789113998413086,5.175,True,None,sfc_cache_p2_42,0,None,88.0,20.0,891.0,67,68,6,7,0,False,86.82634730538922,13.098088235294119,0.8136764705882352,3.3970588235294117,0.7543,0.2317,0.0732,0.1377,3048.103865500697,2392.103865500697,655.9999999999999,0.982664547128089,0,0,7
0,1772830397.3615708,794.7,207,0.498,0.1394,0.0083,0.1746,38.3051,13.9426,17.463,62.1426,0.0,0.0,8.27,8.27,0,None,0.04789113998413086,5.236,True,None,sfc_unique_p2_42,0,None,88.0,20.0,891.0,67,68,6,7,0,False,86.85258964143426,13.098088235294119,0.8136764705882352,3.3970588235294117,0.7543,0.2317,0.0732,0.1377,3048.103865500697,2392.103865500697,655.9999999999999,0.982664547128089,0,0,7
0,1772830397.405452,794.8,208,0.506,0.1394,0.0146,0.1746,39.2771,13.9426,17.463,62.4203,0.0,0.0,6.62,5.0,1.62,None,0.09412074089050293,5.152,True,None,sfc_cache_p3_42,0,None,92.0,20.0,924.0,70,70,6,7,0,False,86.87872763419483,13.10957142857143,0.7904285714285714,3.3,0.7601,0.2317,0.0719,0.1388,3075.506434762421,2401.506434762421,673.9999999999999,0.982387973275439,0,0,7
0,1772830397.4073203,794.8,208,0.506,0.1394,0.0146,0.1746,39.2771,13.9426,17.463,62.4203,0.0,0.0,10.36,7.67,2.69,None,0.09412074089050293,5.199,True,None,sfc_unique_p3_42,0,None,92.0,20.0,924.0,70,70,6,7,0,False,86.90476190476191,13.10957142857143,0.7904285714285714,3.3,0.7601,0.2317,0.0719,0.1388,3075.506434762421,2401.506434762421,673.9999999999999,0.982387973275439,0,0,7
0,1772830397.4520404,794.8,209,0.5138,0.1394,0.0209,0.1746,40.249,13.9426,17.463,62.6827,0.0,0.0,6.62,5.0,1.62,None,0.13986539840698242,5.207,True,None,sfc_cache_p4_42,0,None,96.0,20.0,957.0,73,72,6,7,0,False,86.93069306930693,13.120416666666667,0.7684722222222222,3.2083333333333335,0.7652,0.2317,0.0707,0.1385,3102.0070538616314,2410.0070538616314,691.9999999999999,0.9821113994227889,0,0,7
0,1772830397.454093,794.8,209,0.5138,0.1394,0.0209,0.1746,40.249,13.9426,17.463,62.6827,0.0,0.0,10.36,7.67,2.69,None,0.13986539840698242,5.239,True,None,sfc_unique_p4_42,0,None,96.0,20.0,957.0,73,72,6,7,0,False,86.95652173913044,13.120416666666667,0.7684722222222222,3.2083333333333335,0.7652,0.2317,0.0707,0.1385,3102.0070538616314,2410.0070538616314,691.9999999999999,0.9821113994227889,0,0,7
0,1772830397.4971106,794.8,210,0.5138,0.1394,0.0209,0.1746,40.249,13.9426,17.463,62.6827,0.0,0.0,6.62,5.0,1.62,None,0.18664884567260742,5.157,False,None,sfc_cache_p5_42,0,None,96.0,20.0,957.0,73,72,6,7,0,False,86.78500986193293,13.120416666666667,0.7684722222222222,3.2083333333333335,0.7652,0.2317,0.0707,0.1385,3102.0070538616314,2410.0070538616314,691.9999999999999,0.9821113994227889,0,0,7
0,1772830397.4990745,794.9,210,0.5138,0.1394,0.0209,0.1746,40.249,13.9426,17.463,62.6827,0.0,0.0,None,None,None,None,0.18664884567260742,3.613,False,None,sfc_unique_p5_42,0,None,96.0,20.0,957.0,73,72,6,7,0,False,86.61417322834646,13.120416666666667,0.7684722222222222,3.2083333333333335,0.7652,0.2317,0.0707,0.1385,3102.0070538616314,2410.0070538616314,691.9999999999999,0.9821113994227889,0,0,7
0,1772830397.5487978,794.9,211,0.5138,0.1394,0.0209,0.1746,40.249,13.9426,17.463,62.6827,0.0,0.0,6.62,5.0,1.62,None,0.23161029815673828,5.206,False,None,sfc_cache_p6_42,0,None,96.0,20.0,957.0,73,72,6,7,0,False,86.44400785854617,13.120416666666667,0.7684722222222222,3.2083333333333335,0.7652,0.2317,0.0707,0.1385,3102.0070538616314,2410.0070538616314,691.9999999999999,0.9821113994227889,0,0,7
0,1772830397.5509856,794.9,211,0.5138,0.1394,0.0209,0.1746,40.249,13.9426,17.463,62.6827,0.0,0.0,None,None,None,None,0.23161029815673828,10.7,False,None,sfc_unique_p6_42,0,None,96.0,20.0,957.0,73,72,6,7,0,False,86.27450980392157,13.120416666666667,0.7684722222222222,3.2083333333333335,0.7652,0.2317,0.0707,0.1385,3102.0070538616314,2410.0070538616314,691.9999999999999,0.9821113994227889,0,0,7
0,1772830407.3390498,804.7,211,0.4762,0.131,0.0025,0.1746,34.1289,13.1035,17.463,63.6134,0.0,0.0,7.4,5.84,1.55,None,0.0002529621124267578,4.989,True,None,sfc_cache_p1_43,0,None,76.0,20.0,792.0,61,62,6,7,0,False,86.3013698630137,13.112903225806452,0.8387096774193549,3.725806451612903,0.7682,0.2383,0.0821,0.1336,2962.3850448846924,2365.1850448846926,597.1999999999999,0.9826137742915197,0,0,5
0,1772830407.3410048,804.7,211,0.4762,0.131,0.0025,0.1746,34.1289,13.1035,17.463,63.6134,0.0,0.0,7.91,6.57,1.35,None,0.0002529621124267578,5.08,True,None,sfc_unique_p1_43,0,None,76.0,20.0,792.0,61,62,6,7,0,False,86.328125,13.112903225806452,0.8387096774193549,3.725806451612903,0.7682,0.2383,0.0821,0.1336,2962.3850448846924,2365.1850448846926,597.1999999999999,0.9826137742915197,0,0,5
0,1772830407.5287235,804.9,212,0.4867,0.131,0.0081,0.1746,36.5048,13.1035,17.463,62.7475,0.0,0.0,7.36,5.8,1.55,None,0.047556161880493164,4.941,True,None,sfc_cache_p2_43,0,None,80.0,20.0,825.0,63,64,6,7,0,False,86.35477582846003,13.125,0.8125,3.609375,0.7757,0.2383,0.0806,0.1429,2997.5707591704067,2385.970759170407,611.5999999999999,0.9805337742915196,0,0,5
0,1772830407.5306003,804.9,212,0.4867,0.131,0.0081,0.1746,36.5048,13.1035,17.463,62.7475,0.0,0.0,11.51,8.4,3.11,None,0.047556161880493164,5.221,True,None,sfc_unique_p2_43,0,None,80.0,20.0,825.0,63,64,6,7,0,False,86.38132295719845,13.125,0.8125,3.609375,0.7757,0.2383,0.0806,0.1429,2997.5707591704067,2385.970759170407,611.5999999999999,0.9805337742915196,0,0,5
0,1772830407.5764463,804.9,213,0.4934,0.131,0.0136,0.1746,37.4768,13.1035,17.463,62.554,0.0,0.0,6.86,5.31,1.55,None,0.23709416389465332,3.871,True,None,sfc_cache_p3_43,0,None,84.0,20.0,858.0,66,66,6,7,0,False,86.40776699029125,13.136363636363637,0.7878787878787878,3.5,0.7847,0.2383,0.0792,0.1503,3024.42790202755,2394.82790202755,629.5999999999999,0.9805337742915196,0,0,5
0,1772830407.5777674,804.9,213,0.4934,0.131,0.0136,0.1746,37.4768,13.1035,17.463,62.554,0.0,0.0,10.53,7.42,3.11,None,0.23709416389465332,3.711,True,None,sfc_unique_p3_43,0,None,84.0,20.0,858.0,66,66,6,7,0,False,86.43410852713178,13.136363636363637,0.7878787878787878,3.5,0.7847,0.2383,0.0792,0.1503,3024.42790202755,2394.82790202755,629.5999999999999,0.9805337742915196,0,0,5
0,1772830407.6103745,805.0,214,0.4999,0.131,0.0206,0.1746,38.4487,13.1035,17.463,62.3745,0.0,0.0,6.86,5.31,1.55,None,0.2837698459625244,3.623,True,None,sfc_cache_p4_43,0,None,88.0,20.0,891.0,68,68,6,7,0,False,86.46034816247582,13.147058823529411,0.7647058823529411,3.3970588235294117,0.7967,0.2383,0.0778,0.1576,3052.0707591704067,2404.470759170407,647.5999999999999,0.9805337742915196,0,0,5
0,1772830407.6117382,805.0,214,0.4999,0.131,0.0206,0.1746,38.4487,13.1035,17.463,62.3745,0.0,0.0,10.37,7.24,3.12,None,0.2837698459625244,3.693,True,None,sfc_unique_p4_43,0,None,88.0,20.0,891.0,68,68,6,7,0,False,86.48648648648648,13.147058823529411,0.7647058823529411,3.3970588235294117,0.7967,0.2383,0.0778,0.1576,3052.0707591704067,2404.470759170407,647.5999999999999,0.9805337742915196,0,0,5
0,1772830407.6459012,805.0,215,0.5061,0.131,0.022,0.1746,38.4487,13.1035,17.463,63.2145,0.0,0.0,6.86,5.31,1.55,None,0.3177952766418457,3.757,True,None,sfc_cache_p5_43,0,None,92.0,20.0,924.0,70,70,6,7,0,False,86.51252408477842,13.157142857142857,0.7428571428571429,3.3,0.799,0.2383,0.0765,0.1584,3082.0707591704067,2404.470759170407,677.5999999999999,0.9805337742915196,0,0,5
0,1772830407.6474035,805.0,215,0.5061,0.131,0.022,0.1746,38.4487,13.1035,17.463,63.2145,0.0,0.0,8.27,8.27,0,None,0.3177952766418457,3.753,True,None,sfc_unique_p5_43,0,None,92.0,20.0,924.0,70,70,6,7,0,False,86.53846153846155,13.157142857142857,0.7428571428571429,3.3,0.799,0.2383,0.0765,0.1584,3082.0707591704067,2404.470759170407,677.5999999999999,0.9805337742915196,0,0,5
0,1772830407.6807575,805.0,216,0.5139,0.131,0.0262,0.1746,39.4207,13.1035,17.463,63.4536,0.0,0.0,7.4,5.84,1.55,None,0.353426456451416,3.693,True,None,sfc_cache_p6_43,0,None,96.0,20.0,957.0,73,72,6,7,0,False,86.56429942418427,13.166666666666666,0.7222222222222222,3.2083333333333335,0.8037,0.2383,0.0753,0.1596,3107.4993305989783,2411.8993305989784,695.5999999999999,0.9790937742915196,0,0,5
0,1772830407.682183,805.0,216,0.5139,0.131,0.0262,0.1746,39.4207,13.1035,17.463,63.4536,0.0,0.0,11.13,8.51,2.62,None,0.353426456451416,3.771,True,None,sfc_unique_p6_43,0,None,96.0,20.0,957.0,73,72,6,7,0,False,86.59003831417624,13.166666666666666,0.7222222222222222,3.2083333333333335,0.8037,0.2383,0.0753,0.1596,3107.4993305989783,2411.8993305989784,695.5999999999999,0.9790937742915196,0,0,5
0,1772830420.3703835,817.7,216,0.4886,0.1084,0.0052,0.1746,38.8084,10.8356,17.463,61.1769,0.0,0.0,8.69,6.71,1.98,None,0.00020503997802734375,3.948,True,None,sfc_cache_p1_44,0,None,76.0,20.0,792.0,62,62,6,7,0,False,86.61567877629062,13.258064516129032,0.6935483870967742,3.725806451612903,0.7805,0.2193,0.0821,0.1431,2961.7358148893354,2392.1358148893355,569.5999999999999,0.9705546321190616,0,1,5
0,1772830420.3712096,817.7,216,0.4886,0.1084,0.0052,0.1746,38.8084,10.8356,17.463,61.1769,0.0,0.0,7.92,5.87,2.04,None,0.00020503997802734375,3.127,True,None,sfc_unique_p1_44,0,None,76.0,20.0,792.0,62,62,6,7,0,False,86.64122137404581,13.258064516129032,0.6935483870967742,3.725806451612903,0.7805,0.2193,0.0821,0.1431,2961.7358148893354,2392.1358148893355,569.5999999999999,0.9705546321190616,0,1,5
0,1772830420.3927512,817.7,217,0.4902,0.131,0.0114,0.1746,38.8084,13.1035,17.463,61.0349,0.0,0.0,7.27,5.29,1.98,None,0.03563714027404785,2.346,True,None,sfc_cache_p2_44,0,None,80.0,20.0,825.0,64,64,6,7,0,False,86.66666666666667,13.125,0.8125,3.609375,0.7852,0.3026,0.0806,0.1514,3002.2358148893354,2414.6358148893355,587.5999999999999,0.9693546321190617,0,1,5
0,1772830420.393619,817.7,217,0.4902,0.131,0.0114,0.1746,38.8084,13.1035,17.463,61.0349,0.0,0.0,7.08,4.52,2.56,None,0.03563714027404785,2.451,True,None,sfc_unique_p2_44,0,None,80.0,20.0,825.0,64,64,6,7,0,False,86.69201520912547,13.125,0.8125,3.609375,0.7852,0.3026,0.0806,0.1514,3002.2358148893354,2414.6358148893355,587.5999999999999,0.9693546321190617,0,1,5
0,1772830420.4158626,817.8,218,0.4987,0.131,0.0191,0.1746,39.7803,13.1035,17.463,61.3723,0.0,0.0,7.8,5.82,1.98,None,0.058022260665893555,2.567,True,None,sfc_cache_p3_44,0,None,84.0,20.0,858.0,66,66,6,7,0,False,86.71726755218216,13.136363636363637,0.7878787878787878,3.5,0.7959,0.3026,0.0792,0.1611,3029.8786720321928,2424.278672032193,605.5999999999999,0.9693546321190617,0,1,5
0,1772830420.4167585,817.8,218,0.4987,0.131,0.0191,0.1746,39.7803,13.1035,17.463,61.3723,0.0,0.0,11.37,8.31,3.06,None,0.058022260665893555,2.379,True,None,sfc_unique_p3_44,0,None,84.0,20.0,858.0,66,66,6,7,0,False,86.74242424242425,13.136363636363637,0.7878787878787878,3.5,0.7959,0.3026,0.0792,0.1611,3029.8786720321928,2424.278672032193,605.5999999999999,0.9693546321190617,0,1,5
0,1772830420.438882,817.8,219,0.507,0.131,0.0267,0.1746,40.7523,13.1035,17.463,61.6896,0.0,0.0,7.8,5.82,1.98,None,0.0811319351196289,2.408,True,None,sfc_cache_p4_44,0,None,88.0,20.0,891.0,69,68,6,7,0,False,86.76748582230623,13.147058823529411,0.7647058823529411,3.3970588235294117,0.8061,0.3026,0.0778,0.1685,3057.52152917505,2433.92152917505,623.5999999999999,0.9682112721190617,0,1,5
0,1772830420.4398205,817.8,219,0.507,0.131,0.0267,0.1746,40.7523,13.1035,17.463,61.6896,0.0,0.0,11.16,7.84,3.32,None,0.0811319351196289,2.424,True,None,sfc_unique_p4_44,0,None,88.0,20.0,891.0,69,68,6,7,0,False,86.79245283018868,13.147058823529411,0.7647058823529411,3.3970588235294117,0.8061,0.3026,0.0778,0.1685,3057.52152917505,2433.92152917505,623.5999999999999,0.9682112721190617,0,1,5
0,1772830420.4620042,817.8,220,0.5168,0.131,0.0344,0.1746,42.6606,13.1035,17.463,61.4283,0.0,0.0,8.69,6.71,1.98,None,0.10416293144226074,2.398,True,None,sfc_cache_p5_44,0,None,92.0,20.0,924.0,72,70,6,7,0,False,86.81732580037664,13.157142857142857,0.7428571428571429,3.3,0.8158,0.3026,0.0765,0.174,3088.2101006036214,2450.2101006036214,637.9999999999999,0.9682112721190617,0,1,5
0,1772830420.4629164,817.8,220,0.5168,0.131,0.0344,0.1746,42.6606,13.1035,17.463,61.4283,0.0,0.0,11.18,8.12,3.06,None,0.10416293144226074,2.345,True,None,sfc_unique_p5_44,0,None,92.0,20.0,924.0,72,70,6,7,0,False,86.8421052631579,13.157142857142857,0.7428571428571429,3.3,0.8158,0.3026,0.0765,0.174,3088.2101006036214,2450.2101006036214,637.9999999999999,0.9682112721190617,0,1,5
0,1772830420.4852273,817.8,221,0.5264,0.131,0.042,0.1746,44.5689,13.1035,17.463,61.1783,0.0,0.0,8.69,6.71,1.98,None,0.1272721290588379,2.416,True,None,sfc_cache_p6_44,0,None,96.0,20.0,957.0,75,72,6,7,0,False,86.86679174484053,13.166666666666666,0.7222222222222222,3.2083333333333335,0.8239,0.3026,0.0753,0.177,3118.8986720321927,2466.4986720321926,652.3999999999999,0.9659600017190617,0,1,5
0,1772830420.48615,817.8,221,0.5264,0.131,0.042,0.1746,44.5689,13.1035,17.463,61.1783,0.0,0.0,11.06,7.75,3.32,None,0.1272721290588379,2.499,True,None,sfc_unique_p6_44,0,None,96.0,20.0,957.0,75,72,6,7,0,False,86.89138576779027,13.166666666666666,0.7222222222222222,3.2083333333333335,0.8239,0.3026,0.0753,0.177,3118.8986720321927,2466.4986720321926,652.3999999999999,0.9659600017190617,0,1,5
0,1772830438.4716644,835.8,221,0.5358,0.1411,0.0469,0.1996,46.4772,14.1115,19.9577,60.9387,0.0,0.0,4.94,3.64,1.3,None,0.00018525123596191406,2.375,True,None,sfc_cache_p1_45,0,None,96.0,20.0,957.0,75,74,6,8,0,False,86.91588785046729,13.175675675675675,0.7567567567567568,3.5675675675675675,0.8277,0.3085,0.0904,0.1758,3157.1761677758855,2490.3761677758857,666.7999999999998,0.9651804428628267,0,1,5
0,1772830438.472635,835.8,221,0.5358,0.1411,0.0469,0.1996,46.4772,14.1115,19.9577,60.9387,0.0,0.0,8.87,6.51,2.36,None,0.00018525123596191406,2.522,True,None,sfc_unique_p1_45,0,None,96.0,20.0,957.0,75,74,6,8,0,False,86.94029850746269,13.175675675675675,0.7567567567567568,3.5675675675675675,0.8277,0.3085,0.0904,0.1758,3157.1761677758855,2490.3761677758857,666.7999999999998,0.9651804428628267,0,1,5
0,1772830438.494759,835.8,222,0.5432,0.1411,0.0518,0.1996,47.4491,14.1115,19.9577,61.2397,0.0,0.0,4.05,2.75,1.3,None,0.09607267379760742,2.382,True,None,sfc_cache_p2_45,0,None,96.0,24.0,990.0,78,76,6,8,0,False,86.96461824953445,13.18421052631579,0.7368421052631579,3.473684210526316,0.8308,0.3085,0.0889,0.1733,3180.8978052932976,2496.097805293298,684.7999999999998,0.9648566759174592,0,1,5
0,1772830438.4957287,835.8,222,0.5432,0.1411,0.0518,0.1996,47.4491,14.1115,19.9577,61.2397,0.0,0.0,9.62,7.26,2.36,None,0.09607267379760742,2.431,True,None,sfc_unique_p2_45,0,None,96.0,24.0,990.0,78,76,6,8,0,False,86.98884758364312,13.18421052631579,0.7368421052631579,3.473684210526316,0.8308,0.3085,0.0889,0.1733,3180.8978052932976,2496.097805293298,684.7999999999998,0.9648566759174592,0,1,5
0,1772830438.5173051,835.9,223,0.5432,0.1411,0.0518,0.1996,47.4491,14.1115,19.9577,61.2397,0.0,0.0,4.05,2.75,1.3,None,0.11916351318359375,2.401,False,None,sfc_cache_p3_45,0,None,96.0,24.0,990.0,78,76,6,8,0,False,86.82745825602969,13.18421052631579,0.7368421052631579,3.473684210526316,0.8308,0.3085,0.0889,0.1733,3180.8978052932976,2496.097805293298,684.7999999999998,0.9648566759174592,0,1,5
0,1772830438.518334,835.9,223,0.5432,0.1411,0.0518,0.1996,47.4491,14.1115,19.9577,61.2397,0.0,0.0,None,None,None,None,0.11916351318359375,1.695,False,None,sfc_unique_p3_45,0,None,96.0,24.0,990.0,78,76,6,8,0,False,86.66666666666667,13.18421052631579,0.7368421052631579,3.473684210526316,0.8308,0.3085,0.0889,0.1733,3180.8978052932976,2496.097805293298,684.7999999999998,0.9648566759174592,0,1,5
0,1772830438.5398123,835.9,224,0.5432,0.1411,0.0518,0.1996,47.4491,14.1115,19.9577,61.2397,0.0,0.0,4.05,2.75,1.3,None,0.14176607131958008,2.466,False,None,sfc_cache_p4_45,0,None,96.0,24.0,990.0,78,76,6,8,0,False,86.50646950092421,13.18421052631579,0.7368421052631579,3.473684210526316,0.8308,0.3085,0.0889,0.1733,3180.8978052932976,2496.097805293298,684.7999999999998,0.9648566759174592,0,1,5
0,1772830438.540828,835.9,224,0.5432,0.1411,0.0518,0.1996,47.4491,14.1115,19.9577,61.2397,0.0,0.0,None,None,None,None,0.14176607131958008,1.687,False,None,sfc_unique_p4_45,0,None,96.0,24.0,990.0,78,76,6,8,0,False,86.34686346863468,13.18421052631579,0.7368421052631579,3.473684210526316,0.8308,0.3085,0.0889,0.1733,3180.8978052932976,2496.097805293298,684.7999999999998,0.9648566759174592,0,1,5
0,1772830438.5623186,835.9,225,0.5432,0.1411,0.0518,0.1996,47.4491,14.1115,19.9577,61.2397,0.0,0.0,4.05,2.75,1.3,None,0.16422057151794434,2.404,False,None,sfc_cache_p5_45,0,None,96.0,24.0,990.0,78,76,6,8,0,False,86.1878453038674,13.18421052631579,0.7368421052631579,3.473684210526316,0.8308,0.3085,0.0889,0.1733,3180.8978052932976,2496.097805293298,684.7999999999998,0.9648566759174592,0,1,5
0,1772830438.5632598,835.9,225,0.5432,0.1411,0.0518,0.1996,47.4491,14.1115,19.9577,61.2397,0.0,0.0,None,None,None,None,0.16422057151794434,1.669,False,None,sfc_unique_p5_45,0,None,96.0,24.0,990.0,78,76,6,8,0,False,86.02941176470588,13.18421052631579,0.7368421052631579,3.473684210526316,0.8308,0.3085,0.0889,0.1733,3180.8978052932976,2496.097805293298,684.7999999999998,0.9648566759174592,0,1,5
0,1772830438.584551,835.9,226,0.5432,0.1411,0.0518,0.1996,47.4491,14.1115,19.9577,61.2397,0.0,0.0,4.05,2.75,1.3,None,0.18660807609558105,2.456,False,None,sfc_cache_p6_45,0,None,96.0,24.0,990.0,78,76,6,8,0,False,85.87155963302753,13.18421052631579,0.7368421052631579,3.473684210526316,0.8308,0.3085,0.0889,0.1733,3180.8978052932976,2496.097805293298,684.7999999999998,0.9648566759174592,0,1,5
0,1772830438.5854492,835.9,226,0.5432,0.1411,0.0518,0.1996,47.4491,14.1115,19.9577,61.2397,0.0,0.0,None,None,None,None,0.18660807609558105,1.685,False,None,sfc_unique_p6_45,0,None,96.0,24.0,990.0,78,76,6,8,0,False,85.71428571428571,13.18421052631579,0.7368421052631579,3.473684210526316,0.8308,0.3085,0.0889,0.1733,3180.8978052932976,2496.097805293298,684.7999999999998,0.9648566759174592,0,1,5
0,1772830456.5285904,853.9,226,0.506,0.1411,0.0061,0.1996,41.005,14.1115,19.9577,61.8806,0.0,0.0,6.57,5.0,1.57,None,0.00021004676818847656,4.015,True,None,sfc_cache_p1_46,0,None,76.0,24.0,825.0,64,66,6,8,0,False,85.74040219378428,13.136363636363637,0.8484848484848485,4.0,0.8158,0.3085,0.1042,0.1679,3042.71479956663,2444.3147995666304,598.3999999999999,0.959380591822584,0,1,4
0,1772830456.530147,853.9,226,0.506,0.1411,0.0061,0.1996,41.005,14.1115,19.9577,61.8806,0.0,0.0,6.53,4.73,1.8,None,0.00021004676818847656,4.102,True,None,sfc_unique_p1_46,0,None,76.0,24.0,825.0,64,66,6,8,0,False,85.76642335766424,13.136363636363637,0.8484848484848485,4.0,0.8158,0.3085,0.1042,0.1679,3042.71479956663,2444.3147995666304,598.3999999999999,0.959380591822584,0,1,4
0,1772830456.5668213,853.9,227,0.5072,0.1638,0.0117,0.1996,41.005,16.3794,19.9577,61.7173,0.0,0.0,6.03,4.47,1.57,None,0.039402008056640625,3.985,True,None,sfc_cache_p2_46,0,None,80.0,24.0,858.0,66,68,6,8,0,False,85.79234972677595,13.014705882352942,0.9558823529411765,3.8823529411764706,0.8195,0.3288,0.1024,0.1757,3072.903315276273,2456.503315276273,616.3999999999999,0.9589919658455367,0,1,4
0,1772830456.5682929,853.9,227,0.5072,0.1638,0.0117,0.1996,41.005,16.3794,19.9577,61.7173,0.0,0.0,7.02,4.38,2.64,None,0.039402008056640625,4.054,True,None,sfc_unique_p2_46,0,None,80.0,24.0,858.0,66,68,6,8,0,False,85.81818181818181,13.014705882352942,0.9558823529411765,3.8823529411764706,0.8195,0.3288,0.1024,0.1757,3072.903315276273,2456.503315276273,616.3999999999999,0.9589919658455367,0,1,4
0,1772830456.605289,854.0,228,0.5153,0.1638,0.0173,0.1996,42.9133,16.3794,19.9577,60.9944,0.0,0.0,6.57,5.0,1.57,None,0.07760024070739746,3.963,True,None,sfc_cache_p3_46,0,None,84.0,24.0,891.0,69,70,6,8,0,False,85.84392014519057,13.028571428571428,0.9285714285714286,3.7714285714285714,0.8237,0.3288,0.1007,0.1824,3102.3261445596654,2471.5261445596657,630.7999999999998,0.9586137536046104,0,1,4
0,1772830456.6067886,854.0,228,0.5153,0.1638,0.0173,0.1996,42.9133,16.3794,19.9577,60.9944,0.0,0.0,9.18,6.1,3.07,None,0.07760024070739746,4.039,True,None,sfc_unique_p3_46,0,None,84.0,24.0,891.0,69,70,6,8,0,False,85.86956521739131,13.028571428571428,0.9285714285714286,3.7714285714285714,0.8237,0.3288,0.1007,0.1824,3102.3261445596654,2471.5261445596657,630.7999999999998,0.9586137536046104,0,1,4
0,1772830456.6435707,854.0,229,0.5232,0.1638,0.0214,0.1996,43.8853,16.3794,19.9577,61.3111,0.0,0.0,6.57,5.0,1.57,None,0.11606335639953613,3.933,True,None,sfc_cache_p4_46,0,None,88.0,24.0,924.0,72,72,6,8,0,False,85.89511754068717,13.041666666666666,0.9027777777777778,3.6666666666666665,0.8268,0.3288,0.099,0.186,3121.168893360161,2472.368893360161,648.7999999999998,0.9582255009685339,0,1,4
0,1772830456.6451075,854.0,229,0.5232,0.1638,0.0214,0.1996,43.8853,16.3794,19.9577,61.3111,0.0,0.0,10.3,7.67,2.64,None,0.11606335639953613,3.95,True,None,sfc_unique_p4_46,0,None,88.0,24.0,924.0,72,72,6,8,0,False,85.92057761732852,13.041666666666666,0.9027777777777778,3.6666666666666665,0.8268,0.3288,0.099,0.186,3121.168893360161,2472.368893360161,648.7999999999998,0.9582255009685339,0,1,4
0,1772830456.8050191,854.2,230,0.5309,0.1638,0.027,0.1996,44.8572,16.3794,19.9577,61.6101,0.0,0.0,6.57,5.0,1.57,None,0.15439820289611816,4.034,True,None,sfc_cache_p5_46,0,None,92.0,24.0,957.0,75,74,6,8,0,False,85.94594594594595,13.054054054054054,0.8783783783783784,3.5675675675675675,0.8315,0.3288,0.0974,0.1883,3148.571462621885,2481.7714626218853,666.7999999999998,0.9580330533115109,0,1,4
0,1772830456.8066266,854.2,230,0.5309,0.1638,0.027,0.1996,44.8572,16.3794,19.9577,61.6101,0.0,0.0,10.65,7.57,3.07,None,0.15439820289611816,4.02,True,None,sfc_unique_p5_46,0,None,92.0,24.0,957.0,75,74,6,8,0,False,85.97122302158273,13.054054054054054,0.8783783783783784,3.5675675675675675,0.8315,0.3288,0.0974,0.1883,3148.571462621885,2481.7714626218853,666.7999999999998,0.9580330533115109,0,1,4
0,1772830456.8437588,854.2,231,0.5334,0.1865,0.0326,0.1996,44.8572,18.6473,19.9577,61.8928,0.0,0.0,6.57,5.0,1.57,None,0.31589722633361816,3.977,True,None,sfc_cache_p6_46,0,None,96.0,24.0,990.0,78,76,6,8,0,False,85.99640933572711,12.947368421052632,0.9736842105263158,3.473684210526316,0.8346,0.3188,0.0958,0.1881,3188.012416034669,2503.2124160346693,684.7999999999998,0.9576449908321258,0,1,4
0,1772830456.8453064,854.2,231,0.5334,0.1865,0.0326,0.1996,44.8572,18.6473,19.9577,61.8928,0.0,0.0,8.08,5.45,2.64,None,0.31589722633361816,4.053,True,None,sfc_unique_p6_46,0,None,96.0,24.0,990.0,78,76,6,8,0,False,86.02150537634408,12.947368421052632,0.9736842105263158,3.473684210526316,0.8346,0.3188,0.0958,0.1881,3188.012416034669,2503.2124160346693,684.7999999999998,0.9576449908321258,0,1,4
0,1772830476.5696642,873.9,231,0.4973,0.1319,0.0042,0.1996,39.1691,13.1867,19.9577,61.5733,0.0,0.0,5.56,4.37,1.18,None,0.00019478797912597656,4.126,True,None,sfc_cache_p1_47,0,None,96.0,4.0,825.0,68,66,6,8,0,False,86.04651162790698,13.191969696969698,0.7928787878787878,4.0,0.822,0.316,0.1003,0.1741,3016.6266862714747,2423.026686271475,593.5999999999999,0.9525876346312635,0,1,3
0,1772830476.571198,873.9,231,0.4973,0.1319,0.0042,0.1996,39.1691,13.1867,19.9577,61.5733,0.0,0.0,8.76,6.51,2.25,None,0.00019478797912597656,4.128,True,None,sfc_unique_p1_47,0,None,96.0,4.0,825.0,68,66,6,8,0,False,86.07142857142858,13.191969696969698,0.7928787878787878,4.0,0.822,0.316,0.1003,0.1741,3016.6266862714747,2423.026686271475,593.5999999999999,0.9525876346312635,0,1,3
0,1772830476.6075358,874.0,232,0.5072,0.1319,0.0067,0.1996,41.437,13.1867,19.9577,60.9161,0.0,0.0,6.98,5.8,1.18,None,0.03941679000854492,4.039,True,None,sfc_cache_p2_47,0,None,100.0,4.0,858.0,71,68,6,8,0,False,86.09625668449198,13.201029411764708,0.7695588235294117,3.8823529411764706,0.8212,0.316,0.0986,0.1747,3051.719303513388,2443.719303513388,607.9999999999999,0.9593320598160435,0,1,4
0,1772830476.608987,874.0,232,0.5072,0.1319,0.0067,0.1996,41.437,13.1867,19.9577,60.9161,0.0,0.0,5.61,4.63,0.98,None,0.03941679000854492,4.011,True,None,sfc_unique_p2_47,0,None,100.0,4.0,858.0,71,68,6,8,0,False,86.12099644128114,13.201029411764708,0.7695588235294117,3.8823529411764706,0.8212,0.316,0.0986,0.1747,3051.719303513388,2443.719303513388,607.9999999999999,0.9593320598160435,0,1,4
0,1772830476.6455402,874.0,233,0.5102,0.1545,0.0123,0.1996,41.437,15.4546,19.9577,61.2351,0.0,0.0,6.09,4.91,1.18,None,0.07715678215026855,4.034,True,None,sfc_cache_p3_47,0,None,104.0,4.0,891.0,73,70,6,8,0,False,86.14564831261102,13.081000000000001,0.8761428571428571,3.7714285714285714,0.8247,0.3327,0.0969,0.1739,3081.9078192230304,2455.9078192230304,625.9999999999999,0.9589439690244401,0,1,4
0,1772830476.647082,874.0,233,0.5102,0.1545,0.0123,0.1996,41.437,15.4546,19.9577,61.2351,0.0,0.0,7.71,5.46,2.25,None,0.07715678215026855,4.048,True,None,sfc_unique_p3_47,0,None,104.0,4.0,891.0,73,70,6,8,0,False,86.17021276595744,13.081000000000001,0.8761428571428571,3.7714285714285714,0.8247,0.3327,0.0969,0.1739,3081.9078192230304,2455.9078192230304,625.9999999999999,0.9589439690244401,0,1,4
0,1772830476.6838224,874.0,234,0.5163,0.1545,0.0136,0.1996,41.437,15.4546,19.9577,62.1089,0.0,0.0,5.56,4.37,1.18,None,0.11525893211364746,4.021,True,None,sfc_cache_p4_47,0,None,108.0,4.0,924.0,75,72,6,8,0,False,86.19469026548673,13.09263888888889,0.8518055555555555,3.6666666666666665,0.826,0.3327,0.0953,0.1733,3111.9078192230304,2455.9078192230304,655.9999999999999,0.9589439690244401,0,1,4
0,1772830476.6853297,874.0,234,0.5163,0.1545,0.0136,0.1996,41.437,15.4546,19.9577,62.1089,0.0,0.0,8.27,8.27,0,None,0.11525893211364746,4.07,True,None,sfc_unique_p4_47,0,None,108.0,4.0,924.0,75,72,6,8,0,False,86.21908127208481,13.09263888888889,0.8518055555555555,3.6666666666666665,0.826,0.3327,0.0953,0.1733,3111.9078192230304,2455.9078192230304,655.9999999999999,0.9589439690244401,0,1,4
0,1772830476.7215545,874.1,235,0.5256,0.1545,0.0192,0.1996,42.409,15.4546,19.9577,62.8005,0.0,0.0,6.98,5.8,1.18,None,0.15350580215454102,3.989,True,None,sfc_cache_p5_47,0,None,112.0,4.0,957.0,77,74,6,8,0,False,86.24338624338624,13.10364864864865,0.8287837837837838,3.5675675675675675,0.8261,0.3327,0.0937,0.1722,3151.3103884847546,2465.3103884847546,685.9999999999999,0.9587495211303081,0,1,4
0,1772830476.723065,874.1,235,0.5256,0.1545,0.0192,0.1996,42.409,15.4546,19.9577,62.8005,0.0,0.0,11.66,9.04,2.62,None,0.15350580215454102,3.962,True,None,sfc_unique_p5_47,0,None,112.0,4.0,957.0,77,74,6,8,0,False,86.26760563380282,13.10364864864865,0.8287837837837838,3.5675675675675675,0.8261,0.3327,0.0937,0.1722,3151.3103884847546,2465.3103884847546,685.9999999999999,0.9587495211303081,0,1,4
0,1772830476.7600644,874.1,236,0.5331,0.1545,0.0234,0.1996,43.3809,15.4546,19.9577,63.0442,0.0,0.0,6.09,4.91,1.18,None,0.19122815132141113,4.004,True,None,sfc_cache_p6_47,0,None,116.0,4.0,990.0,80,76,6,8,0,False,86.29173989455184,13.114078947368421,0.8069736842105263,3.473684210526316,0.8292,0.3327,0.0922,0.1681,3169.3103884847546,2465.3103884847546,703.9999999999999,0.9583614303387045,0,1,4
0,1772830476.7616045,874.1,236,0.5331,0.1545,0.0234,0.1996,43.3809,15.4546,19.9577,63.0442,0.0,0.0,9.83,7.57,2.25,None,0.19122815132141113,4.072,True,None,sfc_unique_p6_47,0,None,116.0,4.0,990.0,80,76,6,8,0,False,86.31578947368422,13.114078947368421,0.8069736842105263,3.473684210526316,0.8292,0.3327,0.0922,0.1681,3169.3103884847546,2465.3103884847546,703.9999999999999,0.9583614303387045,0,1,4
0,1772830499.6039655,897.0,236,0.485,0.1008,0.0056,0.1746,37.1884,10.0796,17.463,62.0194,0.0,0.0,7.34,5.84,1.49,None,0.0002052783966064453,3.863,True,None,sfc_cache_p1_48,0,None,92.0,4.0,792.0,65,62,6,7,0,False,86.33975481611208,13.306451612903226,0.6451612903225806,3.725806451612903,0.8196,0.271,0.0782,0.1325,2954.7956490217794,2393.5956490217795,561.1999999999999,0.951916793399189,0,2,2
0,1772830499.6054688,897.0,236,0.485,0.1008,0.0056,0.1746,37.1884,10.0796,17.463,62.0194,0.0,0.0,14.68,11.72,2.95,None,0.0002052783966064453,3.997,True,None,sfc_unique_p1_48,0,None,92.0,4.0,792.0,65,62,6,7,0,False,86.36363636363636,13.306451612903226,0.6451612903225806,3.725806451612903,0.8196,0.271,0.0782,0.1325,2954.7956490217794,2393.5956490217795,561.1999999999999,0.951916793399189,0,2,2
0,1772830499.6436837,897.0,237,0.4919,0.1008,0.007,0.1746,37.1884,10.0796,17.463,62.9643,0.0,0.0,6.8,5.31,1.49,None,0.0426173210144043,3.993,True,None,sfc_cache_p2_48,0,None,96.0,4.0,825.0,67,64,6,7,0,False,86.38743455497382,13.3125,0.625,3.609375,0.8212,0.271,0.0768,0.132,2984.7956490217794,2393.5956490217795,591.1999999999999,0.951916793399189,0,2,2
0,1772830499.6452498,897.0,237,0.4919,0.1008,0.007,0.1746,37.1884,10.0796,17.463,62.9643,0.0,0.0,8.27,8.27,0,None,0.0426173210144043,3.958,True,None,sfc_unique_p2_48,0,None,96.0,4.0,825.0,67,64,6,7,0,False,86.41114982578398,13.3125,0.625,3.609375,0.8212,0.271,0.0768,0.132,2984.7956490217794,2393.5956490217795,591.1999999999999,0.951916793399189,0,2,2
0,1772830499.8211308,897.2,238,0.4985,0.1008,0.0083,0.1746,37.1884,10.0796,17.463,63.8388,0.0,0.0,6.8,5.31,1.49,None,0.08232665061950684,3.824,True,None,sfc_cache_p3_48,0,None,100.0,4.0,858.0,69,66,6,7,0,False,86.43478260869564,13.318181818181818,0.6060606060606061,3.5,0.8229,0.271,0.0754,0.1314,3014.7956490217794,2393.5956490217795,621.1999999999999,0.951916793399189,0,2,2
0,1772830499.8226674,897.2,238,0.4985,0.1008,0.0083,0.1746,37.1884,10.0796,17.463,63.8388,0.0,0.0,8.27,8.27,0,None,0.08232665061950684,3.838,True,None,sfc_unique_p3_48,0,None,100.0,4.0,858.0,69,66,6,7,0,False,86.45833333333334,13.318181818181818,0.6060606060606061,3.5,0.8229,0.271,0.0754,0.1314,3014.7956490217794,2393.5956490217795,621.1999999999999,0.951916793399189,0,2,2
0,1772830499.8600726,897.2,239,0.5066,0.1008,0.0153,0.1746,38.1604,10.0796,17.463,64.0754,0.0,0.0,7.34,5.84,1.49,None,0.25984811782836914,3.876,True,None,sfc_cache_p4_48,0,None,104.0,4.0,891.0,71,68,6,7,0,False,86.48180242634315,13.323529411764707,0.5882352941176471,3.3970588235294117,0.8293,0.271,0.0741,0.1311,3040.509934736065,2401.3099347360653,639.1999999999999,0.9502142381991889,0,2,2
0,1772830499.8615348,897.2,239,0.5066,0.1008,0.0153,0.1746,38.1604,10.0796,17.463,64.0754,0.0,0.0,11.16,7.84,3.32,None,0.25984811782836914,3.954,True,None,sfc_unique_p4_48,0,None,104.0,4.0,891.0,71,68,6,7,0,False,86.50519031141869,13.323529411764707,0.5882352941176471,3.3970588235294117,0.8293,0.271,0.0741,0.1311,3040.509934736065,2401.3099347360653,639.1999999999999,0.9502142381991889,0,2,2
0,1772830499.895176,897.2,240,0.5066,0.1008,0.0153,0.1746,38.1604,10.0796,17.463,64.0754,0.0,0.0,None,None,None,None,0.29859471321105957,2.533,False,None,sfc_cache_p5_48,0,None,104.0,4.0,891.0,71,68,6,7,0,False,86.35578583765113,13.323529411764707,0.5882352941176471,3.3970588235294117,0.8293,0.271,0.0741,0.1311,3040.509934736065,2401.3099347360653,639.1999999999999,0.9502142381991889,0,2,2
0,1772830499.8966086,897.2,240,0.5066,0.1008,0.0153,0.1746,38.1604,10.0796,17.463,64.0754,0.0,0.0,10.33,10.33,0,None,0.29859471321105957,3.196,False,None,sfc_unique_p5_48,0,None,104.0,4.0,891.0,71,68,6,7,0,False,86.20689655172413,13.323529411764707,0.5882352941176471,3.3970588235294117,0.8293,0.271,0.0741,0.1311,3040.509934736065,2401.3099347360653,639.1999999999999,0.9502142381991889,0,2,2
0,1772830499.9311097,897.3,241,0.5066,0.1008,0.0153,0.1746,38.1604,10.0796,17.463,64.0754,0.0,0.0,None,None,None,None,0.33371901512145996,2.542,False,None,sfc_cache_p6_48,0,None,104.0,4.0,891.0,71,68,6,7,0,False,86.05851979345955,13.323529411764707,0.5882352941176471,3.3970588235294117,0.8293,0.271,0.0741,0.1311,3040.509934736065,2401.3099347360653,639.1999999999999,0.9502142381991889,0,2,2
0,1772830499.9325657,897.3,241,0.5066,0.1008,0.0153,0.1746,38.1604,10.0796,17.463,64.0754,0.0,0.0,10.33,10.33,0,None,0.33371901512145996,3.142,False,None,sfc_unique_p6_48,0,None,104.0,4.0,891.0,71,68,6,7,0,False,85.91065292096219,13.323529411764707,0.5882352941176471,3.3970588235294117,0.8293,0.271,0.0741,0.1311,3040.509934736065,2401.3099347360653,639.1999999999999,0.9502142381991889,0,2,2
0,1772830519.6315956,917.0,241,0.5167,0.1008,0.0195,0.1996,40.9683,10.0796,19.9577,62.8338,0.0,0.0,5.02,3.77,1.25,None,0.0001850128173828125,4.065,True,None,sfc_cache_p1_49,0,None,104.0,4.0,891.0,72,70,6,8,0,False,85.93481989708405,13.385714285714286,0.5714285714285714,3.7714285714285714,0.8281,0.271,0.0839,0.1385,3074.2353642361422,2425.0353642361424,649.1999999999999,0.9502142381991889,0,2,2
0,1772830519.633226,917.0,241,0.5167,0.1008,0.0195,0.1996,40.9683,10.0796,19.9577,62.8338,0.0,0.0,7.94,5.62,2.32,None,0.0001850128173828125,4.054,True,None,sfc_unique_p1_49,0,None,104.0,4.0,891.0,72,70,6,8,0,False,85.95890410958904,13.385714285714286,0.5714285714285714,3.7714285714285714,0.8281,0.271,0.0839,0.1385,3074.2353642361422,2425.0353642361424,649.1999999999999,0.9502142381991889,0,2,2
0,1772830519.6695418,917.0,242,0.5238,0.1008,0.0226,0.1996,43.4166,10.0796,19.9577,61.5338,0.0,0.0,3.57,2.95,0.61,None,0.03947710990905762,4.005,True,None,sfc_cache_p2_49,0,None,112.33,4.0,924.0,75,72,6,8,0,False,85.98290598290599,13.32875,0.5555555555555556,3.6666666666666665,0.8164,0.271,0.0825,0.1427,3103.74047180463,2444.54047180463,659.1999999999999,0.9632848430346871,0,2,4
0,1772830519.671003,917.0,242,0.5238,0.1008,0.0226,0.1996,43.4166,10.0796,19.9577,61.5338,0.0,0.0,5.75,4.28,1.47,None,0.03947710990905762,3.934,True,None,sfc_unique_p2_49,0,None,112.33,4.0,924.0,75,72,6,8,0,False,86.00682593856655,13.32875,0.5555555555555556,3.6666666666666665,0.8164,0.271,0.0825,0.1427,3103.74047180463,2444.54047180463,659.1999999999999,0.9632848430346871,0,2,4
0,1772830519.7077744,917.1,243,0.5307,0.1008,0.0256,0.1996,45.6845,10.0796,19.9577,60.467,0.0,0.0,5.47,4.22,1.25,None,0.07724857330322266,3.966,True,None,sfc_cache_p3_49,0,None,120.66,4.0,957.0,79,74,6,8,0,False,86.03066439522998,13.274864864864865,0.5405405405405406,3.5675675675675675,0.8126,0.271,0.0811,0.1469,3125.9289875142726,2456.728987514273,669.1999999999999,0.9676007757437511,0,2,5
0,1772830519.70924,917.1,243,0.5307,0.1008,0.0256,0.1996,45.6845,10.0796,19.9577,60.467,0.0,0.0,6.07,4.6,1.47,None,0.07724857330322266,3.942,True,None,sfc_unique_p3_49,0,None,120.66,4.0,957.0,79,74,6,8,0,False,86.05442176870748,13.274864864864865,0.5405405405405406,3.5675675675675675,0.8126,0.271,0.0811,0.1469,3125.9289875142726,2456.728987514273,669.1999999999999,0.9676007757437511,0,2,5
0,1772830519.7460346,917.1,244,0.538,0.1008,0.0312,0.1996,47.5928,10.0796,19.9577,59.8579,0.0,0.0,5.84,4.59,1.25,None,0.11549544334411621,3.997,True,None,sfc_cache_p4_49,0,None,124.66,4.0,990.0,82,76,6,8,0,False,86.07809847198642,13.280789473684209,0.5263157894736842,3.473684210526316,0.8154,0.271,0.0798,0.1531,3154.610445492914,2471.010445492914,683.5999999999999,0.9670558394606638,0,2,5
0,1772830519.7475393,917.1,244,0.538,0.1008,0.0312,0.1996,47.5928,10.0796,19.9577,59.8579,0.0,0.0,8.66,5.92,2.74,None,0.11549544334411621,4.013,True,None,sfc_unique_p4_49,0,None,124.66,4.0,990.0,82,76,6,8,0,False,86.10169491525423,13.280789473684209,0.5263157894736842,3.473684210526316,0.8154,0.271,0.0798,0.1531,3154.610445492914,2471.010445492914,683.5999999999999,0.9670558394606638,0,2,5
0,1772830519.7842426,917.1,245,0.5404,0.1235,0.0368,0.1996,47.5928,12.3475,19.9577,60.1692,0.0,0.0,5.84,4.59,1.25,None,0.15380144119262695,3.946,True,None,sfc_cache_p5_49,0,None,128.66,4.0,1023.0,84,78,6,8,0,False,86.12521150592217,13.17102564102564,0.6282051282051282,3.3846153846153846,0.8189,0.3142,0.0785,0.1564,3184.7989612025563,2483.1989612025563,701.5999999999999,0.96677797269343,0,2,5
0,1772830519.7857947,917.1,245,0.5404,0.1235,0.0368,0.1996,47.5928,12.3475,19.9577,60.1692,0.0,0.0,7.74,5.42,2.32,None,0.15380144119262695,3.983,True,None,sfc_unique_p5_49,0,None,128.66,4.0,1023.0,84,78,6,8,0,False,86.14864864864865,13.17102564102564,0.6282051282051282,3.3846153846153846,0.8189,0.3142,0.0785,0.1564,3184.7989612025563,2483.1989612025563,701.5999999999999,0.96677797269343,0,2,5
0,1772830519.9430346,917.3,246,0.5492,0.1235,0.0423,0.1996,49.5011,12.3475,19.9577,59.9728,0.0,0.0,6.73,5.48,1.25,None,0.1920166015625,3.923,True,None,sfc_cache_p6_49,0,None,132.66,4.0,1056.0,87,80,6,8,0,False,86.17200674536257,13.179250000000001,0.6125,3.3,0.8247,0.3142,0.0773,0.1597,3215.767990764544,2499.767990764544,715.9999999999999,0.966234146457072,0,2,5
0,1772830519.9447112,917.3,246,0.5492,0.1235,0.0423,0.1996,49.5011,12.3475,19.9577,59.9728,0.0,0.0,9.71,6.97,2.74,None,0.1920166015625,4.084,True,None,sfc_unique_p6_49,0,None,132.66,4.0,1056.0,87,80,6,8,0,False,86.19528619528619,13.179250000000001,0.6125,3.3,0.8247,0.3142,0.0773,0.1597,3215.767990764544,2499.767990764544,715.9999999999999,0.966234146457072,0,2,5
