No.,timestamp,time_seconds,users,cpu_utilization,gpu_utilization,bandwidth_utilization,cache_utilization,network_cpu_utilization,network_gpu_utilization,network_cache_utilization,mobile_cpu_utilization,mobile_gpu_utilization,mobile_cache_utilization,latency,comp_latency,comm_latency,latency_diff,queue_time,decision_time_ms,success,fail_reason,sfc_id,recovery_time,sfc_recovered,cpu_saved,gpu_saved,cache_saved,shared_vnfs,running_sfcs,running_players,running_sessions,trascode_bw,crashing,acceptance_rate,cpu_per_flow,gpu_per_flow,cache_per_flow,jain_cpu,jain_gpu,jain_cache,jain_bw,server_energy_consumption,mobile_energy_consumption,total_energy_consumption,avg_sfc_reliability,high_risk_sfcs,medium_risk_sfcs,low_risk_sfcs
0,1772829676.022129,0,1,0.0326,0.0,0.0025,0.0249,2.6999,0.0,2.4947,24.0,0.0,0.0,8.25,7.15,1.1,None,0.0002856254577636719,2.624,True,None,sfc_cache_p1_1,0,None,0.0,0.0,0.0,1,2,1,1,0,False,100.0,15.5,0.0,16.5,0.1481,1.0,0.04,0.0245,2076.4285714285716,2066.4285714285716,10.0,0.9503999999999999,0,0,2
0,1772829676.0226617,0.0,1,0.0326,0.0,0.0025,0.0249,2.6999,0.0,2.4947,24.0,0.0,0.0,10.16,9.26,0.9,None,0.0002856254577636719,3.671,True,None,sfc_unique_p1_1,0,None,0.0,0.0,0.0,1,2,1,1,0,False,100.0,15.5,0.0,16.5,0.1481,1.0,0.04,0.0245,2076.4285714285716,2066.4285714285716,10.0,0.9503999999999999,0,0,2
0,1772829676.0293589,0.0,2,0.0591,0.0,0.0067,0.0249,3.6719,0.0,2.4947,42.6667,0.0,0.0,7.72,6.61,1.1,None,0.009407520294189453,2.198,True,None,sfc_cache_p2_1,0,None,4.0,0.0,33.0,4,4,2,1,0,False,100.0,14.5,0.0,8.25,0.1936,1.0,0.0385,0.0245,2102.142857142857,2074.142857142857,28.0,0.938508,0,0,4
0,1772829676.0297515,0.0,2,0.0591,0.0,0.0067,0.0249,3.6719,0.0,2.4947,42.6667,0.0,0.0,10.92,8.75,2.17,None,0.009407520294189453,2.305,True,None,sfc_unique_p2_1,0,None,4.0,0.0,33.0,4,4,2,1,0,False,100.0,14.5,0.0,8.25,0.1936,1.0,0.0385,0.0245,2102.142857142857,2074.142857142857,28.0,0.938508,0,0,4
0,1772829676.0358865,0.0,3,0.0839,0.0,0.0109,0.0249,4.6438,0.0,2.4947,48.0,0.0,0.0,7.72,6.61,1.1,None,0.016431570053100586,2.142,True,None,sfc_cache_p3_1,0,None,8.0,0.0,66.0,7,6,3,1,0,False,100.0,14.166666666666666,0.0,5.5,0.2443,1.0,0.037,0.0245,2127.857142857143,2081.857142857143,46.0,0.9298399999999999,0,5,1
0,1772829676.0362523,0.0,3,0.0839,0.0,0.0109,0.0249,4.6438,0.0,2.4947,48.0,0.0,0.0,10.92,8.75,2.17,None,0.016431570053100586,2.147,True,None,sfc_unique_p3_1,0,None,8.0,0.0,66.0,7,6,3,1,0,False,100.0,14.166666666666666,0.0,5.5,0.2443,1.0,0.037,0.0245,2127.857142857143,2081.857142857143,46.0,0.9298399999999999,0,5,1
0,1772829676.0424936,0.0,4,0.1072,0.0,0.0178,0.0249,5.6158,0.0,2.4947,50.5263,0.0,0.0,7.72,6.61,1.1,None,0.022867202758789062,2.126,True,None,sfc_cache_p4_1,0,None,12.0,0.0,99.0,9,8,4,1,0,False,100.0,14.0,0.0,4.125,0.3175,1.0,0.0357,0.0297,2155.5,2091.5,64.0,0.9298399999999999,0,5,1
0,1772829676.042878,0.0,4,0.1072,0.0,0.0178,0.0249,5.6158,0.0,2.4947,50.5263,0.0,0.0,10.48,7.7,2.78,None,0.022867202758789062,2.283,True,None,sfc_unique_p4_1,0,None,12.0,0.0,99.0,9,8,4,1,0,False,100.0,14.0,0.0,4.125,0.3175,1.0,0.0357,0.0297,2155.5,2091.5,64.0,0.9298399999999999,0,5,1
0,1772829676.0493,0.0,5,0.1292,0.0,0.0192,0.0249,5.6158,0.0,2.4947,58.0,0.0,0.0,7.72,6.61,1.1,None,0.029482603073120117,2.154,True,None,sfc_cache_p5_1,0,None,16.0,0.0,132.0,11,10,5,1,0,False,100.0,13.9,0.0,3.3,0.3427,1.0,0.0345,0.0292,2185.5,2091.5,94.0,0.9298399999999999,0,5,1
0,1772829676.0496767,0.0,5,0.1292,0.0,0.0192,0.0249,5.6158,0.0,2.4947,58.0,0.0,0.0,8.27,8.27,0,None,0.029482603073120117,2.218,True,None,sfc_unique_p5_1,0,None,16.0,0.0,132.0,11,10,5,1,0,False,100.0,13.9,0.0,3.3,0.3427,1.0,0.0345,0.0292,2185.5,2091.5,94.0,0.9298399999999999,0,5,1
0,1772829676.0561054,0.0,6,0.1499,0.0,0.0206,0.0249,5.6158,0.0,2.4947,62.8966,0.0,0.0,7.72,6.61,1.1,None,0.036246299743652344,2.165,True,None,sfc_cache_p6_1,0,None,20.0,0.0,165.0,13,12,6,1,0,False,100.0,13.833333333333334,0.0,2.75,0.3724,1.0,0.0333,0.0289,2215.5,2091.5,124.0,0.9298399999999999,0,5,1
0,1772829676.0565064,0.0,6,0.1499,0.0,0.0206,0.0249,5.6158,0.0,2.4947,62.8966,0.0,0.0,8.27,8.27,0,None,0.036246299743652344,2.222,True,None,sfc_unique_p6_1,0,None,20.0,0.0,165.0,13,12,6,1,0,False,100.0,13.833333333333334,0.0,2.75,0.3724,1.0,0.0333,0.0289,2215.5,2091.5,124.0,0.9298399999999999,0,5,1
0,1772829702.051349,26.0,6,0.174,0.0,0.0239,0.0499,8.604,0.0,4.9894,56.8873,0.0,0.0,3.04,2.49,0.55,None,0.0001983642578125,3.166,True,None,sfc_cache_p1_2,0,None,20.0,0.0,165.0,14,14,6,2,0,False,100.0,14.071428571428571,0.0,4.714285714285714,0.4014,1.0,0.0593,0.0383,2241.559820461229,2107.559820461229,134.0,0.9438905362946911,0,5,3
0,1772829702.0519123,26.0,6,0.174,0.0,0.0239,0.0499,8.604,0.0,4.9894,56.8873,0.0,0.0,7.41,5.16,2.25,None,0.0001983642578125,2.754,True,None,sfc_unique_p1_2,0,None,20.0,0.0,165.0,14,14,6,2,0,False,100.0,14.071428571428571,0.0,4.714285714285714,0.4014,1.0,0.0593,0.0383,2241.559820461229,2107.559820461229,134.0,0.9438905362946911,0,5,3
0,1772829702.0592415,26.0,7,0.1909,0.0,0.0256,0.0499,11.0523,0.0,4.9894,52.1467,0.0,0.0,3.04,2.49,0.55,None,0.009186029434204102,2.648,True,None,sfc_cache_p2_2,0,None,28.33,0.0,198.0,18,16,6,2,0,False,100.0,13.729375000000001,0.0,4.125,0.3959,1.0,0.0574,0.0424,2268.091704070577,2124.091704070577,144.0,0.953335326110509,0,5,5
0,1772829702.059904,26.0,7,0.1909,0.0,0.0256,0.0499,11.0523,0.0,4.9894,52.1467,0.0,0.0,4.34,3.36,0.98,None,0.009186029434204102,2.366,True,None,sfc_unique_p2_2,0,None,28.33,0.0,198.0,18,16,6,2,0,False,100.0,13.729375000000001,0.0,4.125,0.3959,1.0,0.0574,0.0424,2268.091704070577,2124.091704070577,144.0,0.953335326110509,0,5,5
0,1772829702.0684428,26.0,8,0.2061,0.0,0.0298,0.0499,12.9606,0.0,4.9894,48.932,0.0,0.0,4.58,3.39,1.18,None,0.017361164093017578,2.718,True,None,sfc_cache_p3_2,0,None,36.66,0.0,231.0,22,18,6,2,0,False,100.0,13.463333333333333,0.0,3.6666666666666665,0.4082,1.0,0.0557,0.0496,2296.552081721096,2142.552081721096,154.0,0.9557776598049835,0,5,7
0,1772829702.0692177,26.0,8,0.2061,0.0,0.0298,0.0499,12.9606,0.0,4.9894,48.932,0.0,0.0,7.41,5.16,2.25,None,0.017361164093017578,2.568,True,None,sfc_unique_p3_2,0,None,36.66,0.0,231.0,22,18,6,2,0,False,100.0,13.463333333333333,0.0,3.6666666666666665,0.4082,1.0,0.0557,0.0496,2296.552081721096,2142.552081721096,154.0,0.9557776598049835,0,5,7
0,1772829702.0791981,26.1,9,0.2231,0.0,0.0354,0.0499,13.9326,0.0,4.9894,49.8951,0.0,0.0,4.94,3.76,1.18,None,0.026661157608032227,3.8,True,None,sfc_cache_p4_2,0,None,40.66,0.0,264.0,24,20,6,2,0,False,100.0,13.467000000000002,0.0,3.3,0.4447,1.0,0.054,0.0553,2319.775731310943,2147.775731310943,172.0,0.9557776598049835,0,5,7
0,1772829702.0797365,26.1,9,0.2231,0.0,0.0354,0.0499,13.9326,0.0,4.9894,49.8951,0.0,0.0,8.36,5.7,2.67,None,0.026661157608032227,2.449,True,None,sfc_unique_p4_2,0,None,40.66,0.0,264.0,24,20,6,2,0,False,100.0,13.467000000000002,0.0,3.3,0.4447,1.0,0.054,0.0553,2319.775731310943,2147.775731310943,172.0,0.9557776598049835,0,5,7
0,1772829702.0894346,26.1,10,0.2405,0.0,0.0395,0.0499,14.9045,0.0,4.9894,51.6996,0.0,0.0,5.48,4.29,1.18,None,0.03693366050720215,3.966,True,None,sfc_cache_p5_2,0,None,44.66,0.0,297.0,27,22,6,2,0,False,100.0,13.47,0.0,3.0,0.4685,1.0,0.0525,0.0555,2347.1783005726666,2157.1783005726666,190.0,0.9552949945828818,0,5,7
0,1772829702.0899904,26.1,10,0.2405,0.0,0.0395,0.0499,14.9045,0.0,4.9894,51.6996,0.0,0.0,9.21,6.96,2.25,None,0.03693366050720215,2.893,True,None,sfc_unique_p5_2,0,None,44.66,0.0,297.0,27,22,6,2,0,False,100.0,13.47,0.0,3.0,0.4685,1.0,0.0525,0.0555,2347.1783005726666,2157.1783005726666,190.0,0.9552949945828818,0,5,7
0,1772829702.0980294,26.1,11,0.2572,0.0,0.0451,0.0499,15.8765,0.0,4.9894,53.2317,0.0,0.0,5.48,4.29,1.18,None,0.04717612266540527,2.978,True,None,sfc_cache_p6_2,0,None,48.66,0.0,330.0,30,24,6,2,0,False,100.0,13.472500000000002,0.0,2.75,0.4975,1.0,0.051,0.0562,2370.4019501625135,2162.4019501625135,208.0,0.9552949945828818,0,5,7
0,1772829702.0987604,26.1,11,0.2572,0.0,0.0451,0.0499,15.8765,0.0,4.9894,53.2317,0.0,0.0,9.43,6.76,2.67,None,0.04717612266540527,2.414,True,None,sfc_unique_p6_2,0,None,48.66,0.0,330.0,30,24,6,2,0,False,100.0,13.472500000000002,0.0,2.75,0.4975,1.0,0.051,0.0562,2370.4019501625135,2162.4019501625135,208.0,0.9552949945828818,0,5,7
0,1772829725.0888155,49.1,11,0.275,0.0,0.0493,0.0748,18.2168,0.0,7.4841,51.2166,0.0,0.0,5.06,3.82,1.24,None,0.0001995563507080078,3.925,True,None,sfc_cache_p1_3,0,None,48.66,0.0,330.0,31,26,6,3,0,False,100.0,13.62846153846154,0.0,3.8076923076923075,0.5256,1.0,0.0739,0.0662,2397.3793375638447,2174.9793375638446,222.4,0.9583555920136201,0,5,9
0,1772829725.089738,49.1,11,0.275,0.0,0.0493,0.0748,18.2168,0.0,7.4841,51.2166,0.0,0.0,7.02,4.72,2.31,None,0.0001995563507080078,3.964,True,None,sfc_unique_p1_3,0,None,48.66,0.0,330.0,31,26,6,3,0,False,100.0,13.62846153846154,0.0,3.8076923076923075,0.5256,1.0,0.0739,0.0662,2397.3793375638447,2174.9793375638446,222.4,0.9583555920136201,0,5,9
0,1772829725.1037328,49.1,12,0.289,0.0,0.0535,0.0748,20.1251,0.0,7.4841,49.5213,0.0,0.0,5.06,3.82,1.24,None,0.013654708862304688,4.305,True,None,sfc_cache_p2_3,0,None,52.66,0.0,363.0,34,28,6,3,0,False,100.0,13.619285714285715,0.0,3.5357142857142856,0.5447,1.0,0.072,0.0738,2422.0351029252442,2185.235102925244,236.8,0.9601820097508125,0,5,11
0,1772829725.1046221,49.1,12,0.289,0.0,0.0535,0.0748,20.1251,0.0,7.4841,49.5213,0.0,0.0,7.02,4.72,2.31,None,0.013654708862304688,4.426,True,None,sfc_unique_p2_3,0,None,52.66,0.0,363.0,34,28,6,3,0,False,100.0,13.619285714285715,0.0,3.5357142857142856,0.5447,1.0,0.072,0.0738,2422.0351029252442,2185.235102925244,236.8,0.9601820097508125,0,5,11
0,1772829725.1177206,49.1,13,0.3037,0.0,0.0576,0.0748,22.0333,0.0,7.4841,48.7928,0.0,0.0,5.59,4.35,1.24,None,0.028525590896606445,3.881,True,None,sfc_cache_p3_3,0,None,56.66,0.0,396.0,37,30,6,3,0,False,100.0,13.611333333333334,0.0,3.3,0.5629,1.0,0.0701,0.0784,2453.1620027859462,2201.9620027859464,251.20000000000002,0.957876229685807,0,5,13
0,1772829725.118276,49.1,13,0.3037,0.0,0.0576,0.0748,22.0333,0.0,7.4841,48.7928,0.0,0.0,7.56,5.25,2.31,None,0.028525590896606445,3.529,True,None,sfc_unique_p3_3,0,None,56.66,0.0,396.0,37,30,6,3,0,False,100.0,13.611333333333334,0.0,3.3,0.5629,1.0,0.0701,0.0784,2453.1620027859462,2201.9620027859464,251.20000000000002,0.957876229685807,0,5,13
0,1772829725.1258714,49.1,14,0.3164,0.0,0.0618,0.0748,23.0053,0.0,7.4841,49.4044,0.0,0.0,5.06,3.82,1.24,None,0.04184865951538086,2.376,True,None,sfc_cache_p4_3,0,None,60.66,0.0,429.0,40,32,6,3,0,False,100.0,13.604375000000001,0.0,3.09375,0.5801,1.0,0.0684,0.0805,2480.5645720476705,2211.3645720476707,269.20000000000005,0.9575609534127845,0,5,13
0,1772829725.1263802,49.1,14,0.3164,0.0,0.0618,0.0748,23.0053,0.0,7.4841,49.4044,0.0,0.0,8.26,5.95,2.31,None,0.04184865951538086,2.347,True,None,sfc_unique_p4_3,0,None,60.66,0.0,429.0,40,32,6,3,0,False,100.0,13.604375000000001,0.0,3.09375,0.5801,1.0,0.0684,0.0805,2480.5645720476705,2211.3645720476707,269.20000000000005,0.9575609534127845,0,5,13
0,1772829725.1340473,49.1,15,0.3315,0.0,0.0657,0.0748,25.2732,0.0,7.4841,48.7083,0.0,0.0,6.48,5.24,1.24,None,0.04991602897644043,2.391,True,None,sfc_cache_p5_3,0,None,64.66,0.0,462.0,42,34,6,3,0,False,100.0,13.598235294117648,0.0,2.911764705882353,0.6021,1.0,0.0667,0.0826,2508.6992880359076,2225.0992880359076,283.6,0.9590839663862523,0,5,14
0,1772829725.134572,49.1,15,0.3315,0.0,0.0657,0.0748,25.2732,0.0,7.4841,48.7083,0.0,0.0,5.47,4.41,1.06,None,0.04991602897644043,2.381,True,None,sfc_unique_p5_3,0,None,64.66,0.0,462.0,42,34,6,3,0,False,100.0,13.598235294117648,0.0,2.911764705882353,0.6021,1.0,0.0667,0.0826,2508.6992880359076,2225.0992880359076,283.6,0.9590839663862523,0,5,14
0,1772829725.1429682,49.1,16,0.3447,0.0,0.0699,0.0748,26.2452,0.0,7.4841,49.8876,0.0,0.0,5.59,4.35,1.24,None,0.05811452865600586,2.369,True,None,sfc_cache_p6_3,0,None,68.66,0.0,495.0,45,36,6,3,0,False,100.0,13.592777777777778,0.0,2.75,0.6137,1.0,0.0651,0.0816,2536.101857297632,2234.501857297632,301.6,0.9587341131028279,0,5,14
0,1772829725.1435816,49.1,16,0.3447,0.0,0.0699,0.0748,26.2452,0.0,7.4841,49.8876,0.0,0.0,9.33,7.02,2.31,None,0.05811452865600586,2.733,True,None,sfc_unique_p6_3,0,None,68.66,0.0,495.0,45,36,6,3,0,False,100.0,13.592777777777778,0.0,2.75,0.6137,1.0,0.0651,0.0816,2536.101857297632,2234.501857297632,301.6,0.9587341131028279,0,5,14
0,1772829744.1176007,68.1,16,0.3617,0.0,0.0716,0.0998,29.5931,0.0,9.9788,48.0624,0.0,0.0,4.57,3.86,0.71,None,0.00016450881958007812,4.166,True,None,sfc_cache_p1_4,0,None,68.66,0.0,495.0,46,38,6,4,0,False,100.0,13.69315789473684,0.0,3.473684210526316,0.6242,1.0,0.0855,0.0855,2577.6732858690607,2266.073285869061,311.6,0.9560580348080427,0,5,16
0,1772829744.1187449,68.1,16,0.3617,0.0,0.0716,0.0998,29.5931,0.0,9.9788,48.0624,0.0,0.0,6.34,5.2,1.15,None,0.00016450881958007812,3.92,True,None,sfc_unique_p1_4,0,None,68.66,0.0,495.0,46,38,6,4,0,False,100.0,13.69315789473684,0.0,3.473684210526316,0.6242,1.0,0.0855,0.0855,2577.6732858690607,2266.073285869061,311.6,0.9560580348080427,0,5,16
0,1772829744.1320438,68.1,17,0.3724,0.0,0.0771,0.0998,30.565,0.0,9.9788,48.6106,0.0,0.0,6.0,4.65,1.35,None,0.01566481590270996,3.827,True,None,sfc_cache_p2_4,0,None,72.66,0.0,528.0,48,40,6,4,0,False,100.0,13.683499999999999,0.0,3.3,0.6483,1.0,0.0835,0.0961,2605.3161430119176,2275.7161430119177,329.6,0.9550721187377782,0,5,18
0,1772829744.133114,68.1,17,0.3724,0.0,0.0771,0.0998,30.565,0.0,9.9788,48.6106,0.0,0.0,11.28,8.8,2.48,None,0.01566481590270996,3.835,True,None,sfc_unique_p2_4,0,None,72.66,0.0,528.0,48,40,6,4,0,False,100.0,13.683499999999999,0.0,3.3,0.6483,1.0,0.0835,0.0961,2605.3161430119176,2275.7161430119177,329.6,0.9550721187377782,0,5,18
0,1772829744.146728,68.1,18,0.383,0.0,0.0827,0.0998,32.4733,0.0,9.9788,47.8791,0.0,0.0,6.32,4.96,1.35,None,0.03003859519958496,3.802,True,None,sfc_cache_p3_4,0,None,80.99,0.0,561.0,52,42,6,4,0,False,100.0,13.571666666666667,0.0,3.142857142857143,0.6651,1.0,0.0817,0.1042,2637.9332858690605,2293.9332858690605,344.0,0.9508390500387559,0,7,18
0,1772829744.1478102,68.1,18,0.383,0.0,0.0827,0.0998,32.4733,0.0,9.9788,47.8791,0.0,0.0,12.99,10.5,2.48,None,0.03003859519958496,3.907,True,None,sfc_unique_p3_4,0,None,80.99,0.0,561.0,52,42,6,4,0,False,100.0,13.571666666666667,0.0,3.142857142857143,0.6651,1.0,0.0817,0.1042,2637.9332858690605,2293.9332858690605,344.0,0.9508390500387559,0,7,18
0,1772829744.1621857,68.1,19,0.3945,0.0,0.0869,0.0998,33.4453,0.0,9.9788,48.9055,0.0,0.0,6.53,5.18,1.35,None,0.04473590850830078,3.806,True,None,sfc_cache_p4_4,0,None,84.99,0.0,594.0,55,44,6,4,0,False,100.0,13.56840909090909,0.0,3.0,0.6747,1.0,0.0799,0.1081,2663.6475715833467,2301.6475715833467,362.0,0.9491366748621577,0,8,17
0,1772829744.163293,68.1,19,0.3945,0.0,0.0869,0.0998,33.4453,0.0,9.9788,48.9055,0.0,0.0,10.27,7.85,2.42,None,0.04473590850830078,3.839,True,None,sfc_unique_p4_4,0,None,84.99,0.0,594.0,55,44,6,4,0,False,100.0,13.56840909090909,0.0,3.0,0.6747,1.0,0.0799,0.1081,2663.6475715833467,2301.6475715833467,362.0,0.9491366748621577,0,8,17
0,1772829744.177065,68.2,20,0.404,0.0,0.0938,0.0998,34.4173,0.0,9.9788,49.3446,0.0,0.0,6.0,4.65,1.35,None,0.06021404266357422,3.79,True,None,sfc_cache_p5_4,0,None,88.99,0.0,627.0,57,46,6,4,0,False,100.0,13.565434782608696,0.0,2.869565217391304,0.6888,1.0,0.0782,0.1132,2686.871221173193,2306.871221173193,380.0,0.9491366748621577,0,8,17
0,1772829744.1781962,68.2,20,0.404,0.0,0.0938,0.0998,34.4173,0.0,9.9788,49.3446,0.0,0.0,8.88,5.7,3.18,None,0.06021404266357422,3.875,True,None,sfc_unique_p5_4,0,None,88.99,0.0,627.0,57,46,6,4,0,False,100.0,13.565434782608696,0.0,2.869565217391304,0.6888,1.0,0.0782,0.1132,2686.871221173193,2306.871221173193,380.0,0.9491366748621577,0,8,17
0,1772829744.1924953,68.2,21,0.4108,0.0218,0.1036,0.0998,35.3892,2.1848,9.9788,49.3569,0.0,0.0,7.42,6.07,1.35,None,0.0750892162322998,3.842,True,None,sfc_cache_p6_4,0,None,92.99,0.0,660.0,60,48,6,4,0,False,100.0,13.382083333333332,0.180625,2.75,0.7007,0.0833,0.0766,0.116,2718.2364742299956,2323.8364742299955,394.4,0.9489134904634579,0,8,17
0,1772829744.193655,68.2,21,0.4108,0.0218,0.1036,0.0998,35.3892,2.1848,9.9788,49.3569,0.0,0.0,8.25,5.07,3.18,None,0.0750892162322998,3.962,True,None,sfc_unique_p6_4,0,None,92.99,0.0,660.0,60,48,6,4,0,False,100.0,13.382083333333332,0.180625,2.75,0.7007,0.0833,0.0766,0.116,2718.2364742299956,2323.8364742299955,394.4,0.9489134904634579,0,8,17
0,1772829760.1464984,84.1,21,0.4222,0.0218,0.1078,0.1247,37.7295,2.1848,12.4735,48.4456,0.0,0.0,5.61,4.42,1.19,None,0.0001709461212158203,2.836,True,None,sfc_cache_p1_5,0,None,92.99,0.0,660.0,61,50,6,5,0,False,100.0,13.466800000000001,0.1734,3.3,0.7123,0.0833,0.0931,0.1254,2745.213861631327,2336.4138616313267,408.79999999999995,0.9507480691763908,0,8,19
0,1772829760.1474104,84.1,21,0.4222,0.0218,0.1078,0.1247,37.7295,2.1848,12.4735,48.4456,0.0,0.0,7.9,5.64,2.25,None,0.0001709461212158203,3.015,True,None,sfc_unique_p1_5,0,None,92.99,0.0,660.0,61,50,6,5,0,False,100.0,13.466800000000001,0.1734,3.3,0.7123,0.0833,0.0931,0.1254,2745.213861631327,2336.4138616313267,408.79999999999995,0.9507480691763908,0,8,19
0,1772829760.1572773,84.1,22,0.4307,0.0218,0.1119,0.1247,38.7015,2.1848,12.4735,48.8543,0.0,0.0,5.61,4.42,1.19,None,0.01318502426147461,2.424,True,None,sfc_cache_p2_5,0,None,96.99,0.0,693.0,64,52,6,5,0,False,100.0,13.468076923076923,0.16673076923076924,3.173076923076923,0.7225,0.0833,0.0912,0.1326,2770.882953103235,2344.082953103235,426.79999999999995,0.9529106573985214,0,8,21
0,1772829760.1580424,84.1,22,0.4307,0.0218,0.1119,0.1247,38.7015,2.1848,12.4735,48.8543,0.0,0.0,8.81,6.56,2.25,None,0.01318502426147461,2.701,True,None,sfc_unique_p2_5,0,None,96.99,0.0,693.0,64,52,6,5,0,False,100.0,13.468076923076923,0.16673076923076924,3.173076923076923,0.7225,0.0833,0.0912,0.1326,2770.882953103235,2344.082953103235,426.79999999999995,0.9529106573985214,0,8,21
0,1772829760.1678946,84.1,23,0.4389,0.0218,0.1161,0.1247,39.6734,2.1848,12.4735,49.228,0.0,0.0,5.61,4.42,1.19,None,0.02373790740966797,2.614,True,None,sfc_cache_p3_5,0,None,100.99,0.0,726.0,67,54,6,5,0,False,100.0,13.46925925925926,0.16055555555555556,3.0555555555555554,0.7314,0.0833,0.0895,0.1374,2798.2855223649594,2353.4855223649593,444.79999999999995,0.9527448953698658,0,8,21
0,1772829760.1686177,84.1,23,0.4389,0.0218,0.1161,0.1247,39.6734,2.1848,12.4735,49.228,0.0,0.0,8.81,6.56,2.25,None,0.02373790740966797,2.774,True,None,sfc_unique_p3_5,0,None,100.99,0.0,726.0,67,54,6,5,0,False,100.0,13.46925925925926,0.16055555555555556,3.0555555555555554,0.7314,0.0833,0.0895,0.1374,2798.2855223649594,2353.4855223649593,444.79999999999995,0.9527448953698658,0,8,21
0,1772829760.1782873,84.2,24,0.4484,0.0218,0.1203,0.1247,41.5817,2.1848,12.4735,48.8344,0.0,0.0,6.14,4.96,1.19,None,0.034285545349121094,2.368,True,None,sfc_cache_p4_5,0,None,104.99,0.0,759.0,70,56,6,5,0,False,100.0,13.470357142857141,0.15482142857142858,2.9464285714285716,0.7363,0.0833,0.0877,0.14,2831.1459000154773,2371.9459000154775,459.19999999999993,0.9524194492536059,0,8,21
0,1772829760.1790802,84.2,24,0.4484,0.0218,0.1203,0.1247,41.5817,2.1848,12.4735,48.8344,0.0,0.0,8.43,6.18,2.25,None,0.034285545349121094,2.542,True,None,sfc_unique_p4_5,0,None,104.99,0.0,759.0,70,56,6,5,0,False,100.0,13.470357142857141,0.15482142857142858,2.9464285714285716,0.7363,0.0833,0.0877,0.14,2831.1459000154773,2371.9459000154775,459.19999999999993,0.9524194492536059,0,8,21
0,1772829760.1891062,84.2,25,0.4521,0.0529,0.1261,0.1247,42.518,5.2918,12.4735,48.4271,0.0,0.0,7.03,5.84,1.19,None,0.0447697639465332,2.622,True,None,sfc_cache_p5_5,0,None,108.99,0.0,792.0,72,58,6,5,0,False,100.0,13.258793103448276,0.3620689655172414,2.8448275862068964,0.7376,0.1618,0.0861,0.1405,2871.3019749264818,2397.701974926482,473.5999999999999,0.9528757856186011,0,8,22
0,1772829760.1899638,84.2,25,0.4521,0.0529,0.1261,0.1247,42.518,5.2918,12.4735,48.4271,0.0,0.0,2.33,1.35,0.98,None,0.0447697639465332,2.754,True,None,sfc_unique_p5_5,0,None,108.99,0.0,792.0,72,58,6,5,0,False,100.0,13.258793103448276,0.3620689655172414,2.8448275862068964,0.7376,0.1618,0.0861,0.1405,2871.3019749264818,2397.701974926482,473.5999999999999,0.9528757856186011,0,8,22
0,1772829760.2008464,84.2,26,0.4612,0.0529,0.1303,0.1247,43.49,5.2918,12.4735,49.1638,0.0,0.0,6.14,4.96,1.19,None,0.05564475059509277,2.601,True,None,sfc_cache_p6_5,0,None,112.99,0.0,825.0,75,60,6,5,0,False,100.0,13.266833333333333,0.35,2.75,0.7412,0.1618,0.0845,0.1399,2891.8789753908063,2400.2789753908064,491.5999999999999,0.9526513164550909,0,8,22
0,1772829760.2017143,84.2,26,0.4612,0.0529,0.1303,0.1247,43.49,5.2918,12.4735,49.1638,0.0,0.0,9.88,7.62,2.25,None,0.05564475059509277,2.738,True,None,sfc_unique_p6_5,0,None,112.99,0.0,825.0,75,60,6,5,0,False,100.0,13.266833333333333,0.35,2.75,0.7412,0.1618,0.0845,0.1399,2891.8789753908063,2400.2789753908064,491.5999999999999,0.9526513164550909,0,8,22
0,1772829790.1807034,114.2,26,0.4706,0.0529,0.1331,0.1497,43.922,5.2918,14.9682,50.5636,0.0,0.0,7.28,5.57,1.71,None,8.106231689453125e-05,2.33,True,None,sfc_cache_p1_6,0,None,112.99,0.0,825.0,75,62,6,6,0,False,100.0,13.338870967741935,0.3387096774193548,3.193548387096774,0.7453,0.1618,0.1002,0.142,2926.164689676521,2404.564689676521,521.5999999999999,0.9534296091766478,0,8,24
0,1772829790.1815033,114.2,26,0.4706,0.0529,0.1331,0.1497,43.922,5.2918,14.9682,50.5636,0.0,0.0,8.27,8.27,0,None,8.106231689453125e-05,2.251,True,None,sfc_unique_p1_6,0,None,112.99,0.0,825.0,75,62,6,6,0,False,100.0,13.338870967741935,0.3387096774193548,3.193548387096774,0.7453,0.1618,0.1002,0.142,2926.164689676521,2404.564689676521,521.5999999999999,0.9534296091766478,0,8,24
0,1772829790.1907105,114.2,27,0.476,0.0748,0.1442,0.1497,44.8939,7.4766,14.9682,50.5459,0.0,0.0,8.7,6.99,1.71,None,0.01028299331665039,2.203,True,None,sfc_cache_p2_6,0,None,116.99,0.0,858.0,78,64,6,6,0,False,100.0,13.208437499999999,0.46359375,3.09375,0.7562,0.2361,0.0984,0.1466,2971.882546819378,2435.882546819378,535.9999999999999,0.9497124683111979,0,9,25
0,1772829790.1914442,114.2,27,0.476,0.0748,0.1442,0.1497,44.8939,7.4766,14.9682,50.5459,0.0,0.0,9.85,7.07,2.78,None,0.01028299331665039,2.336,True,None,sfc_unique_p2_6,0,None,116.99,0.0,858.0,78,64,6,6,0,False,100.0,13.208437499999999,0.46359375,3.09375,0.7562,0.2361,0.0984,0.1466,2971.882546819378,2435.882546819378,535.9999999999999,0.9497124683111979,0,9,25
0,1772829790.2014983,114.2,28,0.4861,0.0748,0.1498,0.1497,45.8659,7.4766,14.9682,51.5269,0.0,0.0,8.7,6.99,1.71,None,0.020318269729614258,2.387,True,None,sfc_cache_p3_6,0,None,120.99,0.0,891.0,80,66,6,6,0,False,100.0,13.217272727272727,0.4495454545454546,3.0,0.7523,0.2361,0.0967,0.1463,3005.025403962235,2439.025403962235,565.9999999999999,0.9482633302406097,0,10,24
0,1772829790.2023017,114.2,28,0.4861,0.0748,0.1498,0.1497,45.8659,7.4766,14.9682,51.5269,0.0,0.0,13.77,11.59,2.17,None,0.020318269729614258,2.414,True,None,sfc_unique_p3_6,0,None,120.99,0.0,891.0,80,66,6,6,0,False,100.0,13.217272727272727,0.4495454545454546,3.0,0.7523,0.2361,0.0967,0.1463,3005.025403962235,2439.025403962235,565.9999999999999,0.9482633302406097,0,10,24
0,1772829790.212078,114.2,29,0.4925,0.0748,0.1526,0.1497,45.8659,7.4766,14.9682,52.7378,0.0,0.0,7.28,5.57,1.71,None,0.026170969009399414,2.297,True,None,sfc_cache_p4_6,0,None,124.99,0.0,924.0,82,68,6,6,0,False,100.0,13.225588235294117,0.4363235294117647,2.911764705882353,0.7542,0.2361,0.095,0.1468,3035.025403962235,2439.025403962235,595.9999999999999,0.9482633302406097,0,10,24
0,1772829790.2128754,114.2,29,0.4925,0.0748,0.1526,0.1497,45.8659,7.4766,14.9682,52.7378,0.0,0.0,8.27,8.27,0,None,0.026170969009399414,2.483,True,None,sfc_unique_p4_6,0,None,124.99,0.0,924.0,82,68,6,6,0,False,100.0,13.225588235294117,0.4363235294117647,2.911764705882353,0.7542,0.2361,0.095,0.1468,3035.025403962235,2439.025403962235,595.9999999999999,0.9482633302406097,0,10,24
0,1772829790.2231672,114.2,30,0.4988,0.0748,0.1554,0.1497,45.8659,7.4766,14.9682,53.8674,0.0,0.0,7.28,5.57,1.71,None,0.03673434257507324,2.367,True,None,sfc_cache_p5_6,0,None,128.99,0.0,957.0,84,70,6,6,0,False,100.0,13.23342857142857,0.4238571428571429,2.8285714285714287,0.7563,0.2361,0.0934,0.1471,3065.025403962235,2439.025403962235,625.9999999999999,0.9482633302406097,0,10,24
0,1772829790.2239752,114.2,30,0.4988,0.0748,0.1554,0.1497,45.8659,7.4766,14.9682,53.8674,0.0,0.0,8.27,8.27,0,None,0.03673434257507324,2.437,True,None,sfc_unique_p5_6,0,None,128.99,0.0,957.0,84,70,6,6,0,False,100.0,13.23342857142857,0.4238571428571429,2.8285714285714287,0.7563,0.2361,0.0934,0.1471,3065.025403962235,2439.025403962235,625.9999999999999,0.9482633302406097,0,10,24
0,1772829790.2336903,114.2,31,0.5065,0.0748,0.1623,0.1497,46.8379,7.4766,14.9682,54.3414,0.0,0.0,7.81,6.1,1.71,None,0.04788565635681152,2.31,True,None,sfc_cache_p6_6,0,None,132.99,0.0,990.0,86,72,6,6,0,False,100.0,13.240833333333333,0.41208333333333336,2.75,0.7753,0.2361,0.0919,0.1464,3091.3923082076644,2447.3923082076644,643.9999999999999,0.946621122508059,0,10,24
0,1772829790.2344778,114.2,31,0.5065,0.0748,0.1623,0.1497,46.8379,7.4766,14.9682,54.3414,0.0,0.0,18.58,16.06,2.52,None,0.04788565635681152,2.343,True,None,sfc_unique_p6_6,0,None,132.99,0.0,990.0,86,72,6,6,0,False,100.0,13.240833333333333,0.41208333333333336,2.75,0.7753,0.2361,0.0919,0.1464,3091.3923082076644,2447.3923082076644,643.9999999999999,0.946621122508059,0,10,24
0,1772829819.2177882,143.2,31,0.4759,0.0748,0.0975,0.1497,44.57,7.4766,14.9682,51.1043,0.0,0.0,3.11,2.19,0.91,None,0.00020599365234375,4.124,True,None,sfc_cache_p1_7,0,None,112.99,0.0,825.0,74,62,6,6,0,False,100.0,13.199032258064515,0.4785483870967742,3.193548387096774,0.7292,0.2361,0.0995,0.1457,2961.494614352224,2431.494614352224,529.9999999999999,0.9575444751322765,0,4,26
0,1772829819.2192788,143.2,31,0.4759,0.0748,0.0975,0.1497,44.57,7.4766,14.9682,51.1043,0.0,0.0,4.3,2.96,1.34,None,0.00020599365234375,4.106,True,None,sfc_unique_p1_7,0,None,112.99,0.0,825.0,74,62,6,6,0,False,100.0,13.199032258064515,0.4785483870967742,3.193548387096774,0.7292,0.2361,0.0995,0.1457,2961.494614352224,2431.494614352224,529.9999999999999,0.9575444751322765,0,4,26
0,1772829819.2357447,143.2,32,0.4828,0.0748,0.1017,0.1497,45.5419,7.4766,14.9682,51.3503,0.0,0.0,5.11,3.56,1.55,None,0.019408464431762695,3.971,True,None,sfc_cache_p2_7,0,None,116.99,0.0,858.0,77,64,6,6,0,False,100.0,13.208437499999999,0.46359375,3.09375,0.7357,0.2361,0.0977,0.154,2988.897183613948,2440.897183613948,547.9999999999999,0.9583214191634863,0,4,28
0,1772829819.237202,143.2,32,0.4828,0.0748,0.1017,0.1497,45.5419,7.4766,14.9682,51.3503,0.0,0.0,8.32,5.7,2.62,None,0.019408464431762695,4.086,True,None,sfc_unique_p2_7,0,None,116.99,0.0,858.0,77,64,6,6,0,False,100.0,13.208437499999999,0.46359375,3.09375,0.7357,0.2361,0.0977,0.154,2988.897183613948,2440.897183613948,547.9999999999999,0.9583214191634863,0,4,28
0,1772829819.254053,143.2,33,0.4844,0.0974,0.1072,0.1497,45.5419,9.7445,14.9682,51.5784,0.0,0.0,5.11,3.56,1.55,None,0.037305593490600586,4.009,True,None,sfc_cache_p3_7,0,None,120.99,0.0,891.0,79,66,6,6,0,False,100.0,13.08090909090909,0.5859090909090909,3.0,0.7415,0.3125,0.096,0.1602,3019.0856993235907,2453.0856993235907,565.9999999999999,0.9582007528579611,0,4,28
0,1772829819.2554948,143.2,33,0.4844,0.0974,0.1072,0.1497,45.5419,9.7445,14.9682,51.5784,0.0,0.0,7.0,4.38,2.62,None,0.037305593490600586,4.098,True,None,sfc_unique_p3_7,0,None,120.99,0.0,891.0,79,66,6,6,0,False,100.0,13.08090909090909,0.5859090909090909,3.0,0.7415,0.3125,0.096,0.1602,3019.0856993235907,2453.0856993235907,565.9999999999999,0.9582007528579611,0,4,28
0,1772829819.2732725,143.3,34,0.4877,0.1201,0.1128,0.1497,46.4782,12.0124,14.9682,51.1739,0.0,0.0,5.65,4.1,1.55,None,0.0555577278137207,4.009,True,None,sfc_cache_p4_7,0,None,124.99,0.0,924.0,82,68,6,6,0,False,100.0,12.960882352941177,0.7010294117647059,2.911764705882353,0.7438,0.3123,0.0943,0.1642,3054.732023422027,2474.3320234220273,580.3999999999999,0.9579638446781126,0,4,28
0,1772829819.274768,143.3,34,0.4877,0.1201,0.1128,0.1497,46.4782,12.0124,14.9682,51.1739,0.0,0.0,6.17,3.55,2.62,None,0.0555577278137207,4.093,True,None,sfc_unique_p4_7,0,None,124.99,0.0,924.0,82,68,6,6,0,False,100.0,12.960882352941177,0.7010294117647059,2.911764705882353,0.7438,0.3123,0.0943,0.1642,3054.732023422027,2474.3320234220273,580.3999999999999,0.9579638446781126,0,4,28
0,1772829819.29172,143.3,35,0.4902,0.1428,0.1197,0.1497,47.4146,14.2803,14.9682,50.6633,0.0,0.0,5.14,3.59,1.55,None,0.07485270500183105,4.086,True,None,sfc_cache_p5_7,0,None,133.32,0.0,957.0,85,70,6,6,0,False,100.0,12.785857142857143,0.8095714285714286,2.8285714285714287,0.7419,0.3843,0.0927,0.1679,3082.8632569772044,2488.0632569772047,594.7999999999998,0.9576421159175587,0,4,28
0,1772829819.2931685,143.3,35,0.4902,0.1428,0.1197,0.1497,47.4146,14.2803,14.9682,50.6633,0.0,0.0,7.28,4.41,2.87,None,0.07485270500183105,4.075,True,None,sfc_unique_p5_7,0,None,133.32,0.0,957.0,85,70,6,6,0,False,100.0,12.785857142857143,0.8095714285714286,2.8285714285714287,0.7419,0.3843,0.0927,0.1679,3082.8632569772044,2488.0632569772047,594.7999999999998,0.9576421159175587,0,4,28
0,1772829819.3111742,143.3,36,0.4951,0.1647,0.1267,0.1497,48.3865,16.4651,14.9682,50.6449,0.0,0.0,6.54,4.99,1.55,None,0.09328079223632812,4.117,True,None,sfc_cache_p6_7,0,None,137.32,0.0,990.0,88,72,6,6,0,False,100.0,12.685277777777777,0.9075000000000001,2.75,0.7454,0.345,0.0912,0.1678,3117.8997683531525,2508.6997683531526,609.1999999999998,0.9574052077377103,0,4,28
0,1772829819.312734,143.3,36,0.4951,0.1647,0.1267,0.1497,48.3865,16.4651,14.9682,50.6449,0.0,0.0,7.67,5.05,2.62,None,0.09328079223632812,4.047,True,None,sfc_unique_p6_7,0,None,137.32,0.0,990.0,88,72,6,6,0,False,100.0,12.685277777777777,0.9075000000000001,2.75,0.7454,0.345,0.0912,0.1678,3117.8997683531525,2508.6997683531526,609.1999999999998,0.9574052077377103,0,4,28
0,1772829840.242364,164.2,36,0.4576,0.1647,0.1018,0.1497,40.8257,16.4651,14.9682,51.5238,0.0,0.0,5.76,4.29,1.47,None,0.0001957416534423828,3.992,True,None,sfc_cache_p1_8,0,None,108.66,0.0,825.0,72,62,6,6,0,False,100.0,12.693548387096774,1.0538709677419356,3.193548387096774,0.7485,0.345,0.0995,0.1475,2996.0677764014426,2460.867776401443,535.1999999999999,0.9542084240001623,0,4,24
0,1772829840.243907,164.2,36,0.4576,0.1647,0.1018,0.1497,40.8257,16.4651,14.9682,51.5238,0.0,0.0,4.63,3.36,1.27,None,0.0001957416534423828,4.034,True,None,sfc_unique_p1_8,0,None,108.66,0.0,825.0,72,62,6,6,0,False,100.0,12.693548387096774,1.0538709677419356,3.193548387096774,0.7485,0.345,0.0995,0.1475,2996.0677764014426,2460.867776401443,535.1999999999999,0.9542084240001623,0,4,24
0,1772829840.2621856,164.2,37,0.4666,0.1647,0.108,0.1497,42.734,16.4651,14.9682,51.0901,0.0,0.0,5.76,4.29,1.47,None,0.01932668685913086,3.982,True,None,sfc_cache_p2_8,0,None,112.66,0.0,858.0,75,64,6,6,0,False,100.0,12.71875,1.0209375,3.09375,0.757,0.345,0.0977,0.1577,3020.7235417628413,2471.1235417628413,549.5999999999999,0.9557104518022417,0,4,26
0,1772829840.2636516,164.2,37,0.4666,0.1647,0.108,0.1497,42.734,16.4651,14.9682,51.0901,0.0,0.0,7.7,5.16,2.54,None,0.01932668685913086,4.019,True,None,sfc_unique_p2_8,0,None,112.66,0.0,858.0,75,64,6,6,0,False,100.0,12.71875,1.0209375,3.09375,0.757,0.345,0.0977,0.1577,3020.7235417628413,2471.1235417628413,549.5999999999999,0.9557104518022417,0,4,26
0,1772829840.2810864,164.3,38,0.4769,0.1647,0.1143,0.1497,45.1099,16.4651,14.9682,50.5433,0.0,0.0,5.31,3.84,1.47,None,0.03913092613220215,3.893,True,None,sfc_cache_p3_8,0,None,116.66,0.0,891.0,78,66,6,6,0,False,100.0,12.742424242424242,0.9900000000000001,3.0,0.7595,0.345,0.096,0.1654,3057.920322446946,2493.920322446946,563.9999999999999,0.955241754731633,0,4,26
0,1772829840.2825656,164.3,38,0.4769,0.1647,0.1143,0.1497,45.1099,16.4651,14.9682,50.5433,0.0,0.0,8.59,6.05,2.54,None,0.03913092613220215,4.001,True,None,sfc_unique_p3_8,0,None,116.66,0.0,891.0,78,66,6,6,0,False,100.0,12.742424242424242,0.9900000000000001,3.0,0.7595,0.345,0.096,0.1654,3057.920322446946,2493.920322446946,563.9999999999999,0.955241754731633,0,4,26
0,1772829840.3010995,164.3,39,0.4846,0.1647,0.1206,0.1497,47.0182,16.4651,14.9682,50.0204,0.0,0.0,5.31,3.84,1.47,None,0.05800199508666992,3.99,True,None,sfc_cache_p4_8,0,None,124.99,0.0,924.0,82,68,6,6,0,False,100.0,12.701029411764708,0.9608823529411765,2.911764705882353,0.7586,0.345,0.0943,0.1705,3090.7807000974644,2512.380700097465,578.3999999999999,0.9548653057662848,0,4,26
0,1772829840.3025906,164.3,39,0.4846,0.1647,0.1206,0.1497,47.0182,16.4651,14.9682,50.0204,0.0,0.0,8.59,6.05,2.54,None,0.05800199508666992,4.01,True,None,sfc_unique_p4_8,0,None,124.99,0.0,924.0,82,68,6,6,0,False,100.0,12.701029411764708,0.9608823529411765,2.911764705882353,0.7586,0.345,0.0943,0.1705,3090.7807000974644,2512.380700097465,578.3999999999999,0.9548653057662848,0,4,26
0,1772829840.3204527,164.3,40,0.4928,0.1647,0.1268,0.1497,47.9902,16.4651,14.9682,50.644,0.0,0.0,5.76,4.29,1.47,None,0.07797527313232422,3.97,True,None,sfc_cache_p5_8,0,None,128.99,0.0,957.0,84,70,6,6,0,False,100.0,12.723857142857144,0.9334285714285715,2.8285714285714287,0.7649,0.345,0.0927,0.174,3116.4949858117498,2520.09498581175,596.3999999999999,0.954409133965851,0,5,25
0,1772829840.32204,164.3,40,0.4928,0.1647,0.1268,0.1497,47.9902,16.4651,14.9682,50.644,0.0,0.0,12.12,9.87,2.26,None,0.07797527313232422,4.005,True,None,sfc_unique_p5_8,0,None,128.99,0.0,957.0,84,70,6,6,0,False,100.0,12.723857142857144,0.9334285714285715,2.8285714285714287,0.7649,0.345,0.0927,0.174,3116.4949858117498,2520.09498581175,596.3999999999999,0.954409133965851,0,5,25
0,1772829840.3411553,164.3,41,0.4976,0.1873,0.1345,0.1497,48.9265,18.733,14.9682,50.6256,0.0,0.0,6.65,5.18,1.47,None,0.09747004508972168,3.943,True,None,sfc_cache_p6_8,0,None,132.99,0.0,990.0,86,72,6,6,0,False,100.0,12.620416666666667,1.0325,2.75,0.7687,0.3675,0.0912,0.1747,3147.0604400757957,2536.260440075796,610.7999999999998,0.954032685000503,0,5,25
0,1772829840.3427033,164.3,41,0.4976,0.1873,0.1345,0.1497,48.9265,18.733,14.9682,50.6256,0.0,0.0,7.12,4.58,2.54,None,0.09747004508972168,4.004,True,None,sfc_unique_p6_8,0,None,132.99,0.0,990.0,86,72,6,6,0,False,100.0,12.620416666666667,1.0325,2.75,0.7687,0.3675,0.0912,0.1747,3147.0604400757957,2536.260440075796,610.7999999999998,0.954032685000503,0,5,25
0,1772829859.2796,183.3,41,0.4579,0.1957,0.0961,0.1497,40.8981,19.5721,14.9682,51.7871,0.0,0.0,7.44,6.07,1.37,None,0.0001823902130126953,2.726,True,None,sfc_cache_p1_9,0,None,112.99000000000001,0.0,825.0,71,62,6,6,0,False,100.0,12.424838709677418,1.252741935483871,3.193548387096774,0.7447,0.4145,0.0661,0.1581,3023.4950608775293,2491.8950608775294,531.5999999999999,0.9487496148904578,0,7,18
0,1772829859.280589,183.3,41,0.4579,0.1957,0.0961,0.1497,40.8981,19.5721,14.9682,51.7871,0.0,0.0,6.96,5.38,1.58,None,0.0001823902130126953,2.634,True,None,sfc_unique_p1_9,0,None,112.99000000000001,0.0,825.0,71,62,6,6,0,False,100.0,12.424838709677418,1.252741935483871,3.193548387096774,0.7447,0.4145,0.0661,0.1581,3023.4950608775293,2491.8950608775294,531.5999999999999,0.9487496148904578,0,7,18
0,1772829859.3457124,183.3,42,0.4668,0.2041,0.1047,0.1497,42.8064,20.4112,14.9682,51.3084,0.0,0.0,7.44,6.07,1.37,None,0.01361227035522461,2.491,True,None,sfc_cache_p2_9,0,None,116.99,0.0,858.0,73,64,6,6,0,False,100.0,12.40640625,1.265625,3.09375,0.7549,0.4423,0.065,0.1672,3056.4758262389287,2510.4758262389287,545.9999999999999,0.9466553067217899,1,7,19
0,1772829859.3466215,183.3,42,0.4668,0.2041,0.1047,0.1497,42.8064,20.4112,14.9682,51.3084,0.0,0.0,4.87,2.69,2.18,None,0.01361227035522461,2.497,True,None,sfc_unique_p2_9,0,None,116.99,0.0,858.0,73,64,6,6,0,False,100.0,12.40640625,1.265625,3.09375,0.7549,0.4423,0.065,0.1672,3056.4758262389287,2510.4758262389287,545.9999999999999,0.9466553067217899,1,7,19
0,1772829859.359313,183.3,43,0.4757,0.2041,0.1089,0.1497,43.7783,20.4112,14.9682,51.955,0.0,0.0,6.55,5.18,1.37,None,0.0796205997467041,2.565,True,None,sfc_cache_p3_9,0,None,120.99,0.0,891.0,76,66,6,6,0,False,100.0,12.439545454545454,1.2272727272727273,3.0,0.7578,0.4423,0.0638,0.1739,3076.7615405246434,2512.7615405246434,563.9999999999999,0.9445720292966299,1,10,16
0,1772829859.3603442,183.3,43,0.4757,0.2041,0.1089,0.1497,43.7783,20.4112,14.9682,51.955,0.0,0.0,10.29,7.85,2.44,None,0.0796205997467041,2.734,True,None,sfc_unique_p3_9,0,None,120.99,0.0,891.0,76,66,6,6,0,False,100.0,12.439545454545454,1.2272727272727273,3.0,0.7578,0.4423,0.0638,0.1739,3076.7615405246434,2512.7615405246434,563.9999999999999,0.9445720292966299,1,10,16
0,1772829859.3729894,183.4,44,0.4843,0.2041,0.1145,0.1497,44.7503,20.4112,14.9682,52.5624,0.0,0.0,6.55,5.18,1.37,None,0.09341120719909668,2.602,True,None,sfc_cache_p4_9,0,None,124.99,0.0,924.0,78,68,6,6,0,False,100.0,12.470735294117647,1.1911764705882353,2.911764705882353,0.7611,0.4423,0.0627,0.1788,3094.7615405246434,2512.7615405246434,581.9999999999999,0.9443588468991921,1,10,16
0,1772829859.373917,183.4,44,0.4843,0.2041,0.1145,0.1497,44.7503,20.4112,14.9682,52.5624,0.0,0.0,9.74,6.96,2.79,None,0.09341120719909668,2.601,True,None,sfc_unique_p4_9,0,None,124.99,0.0,924.0,78,68,6,6,0,False,100.0,12.470735294117647,1.1911764705882353,2.911764705882353,0.7611,0.4423,0.0627,0.1788,3094.7615405246434,2512.7615405246434,581.9999999999999,0.9443588468991921,1,10,16
0,1772829859.3864264,183.4,45,0.4927,0.2041,0.12,0.1497,45.7223,20.4112,14.9682,53.1341,0.0,0.0,6.55,5.18,1.37,None,0.10685133934020996,2.51,True,None,sfc_cache_p5_9,0,None,128.99,0.0,957.0,80,70,6,6,0,False,100.0,12.500142857142857,1.1571428571428573,2.8285714285714287,0.7661,0.4423,0.0617,0.1823,3120.4758262389287,2520.4758262389287,599.9999999999999,0.9438519893431546,1,10,16
0,1772829859.3872359,183.4,45,0.4927,0.2041,0.12,0.1497,45.7223,20.4112,14.9682,53.1341,0.0,0.0,12.37,9.87,2.5,None,0.10685133934020996,2.441,True,None,sfc_unique_p5_9,0,None,128.99,0.0,957.0,80,70,6,6,0,False,100.0,12.500142857142857,1.1571428571428573,2.8285714285714287,0.7661,0.4423,0.0617,0.1823,3120.4758262389287,2520.4758262389287,599.9999999999999,0.9438519893431546,1,10,16
0,1772829859.399239,183.4,46,0.4959,0.2268,0.127,0.1497,45.7223,22.6792,14.9682,53.6731,0.0,0.0,6.55,5.18,1.37,None,0.12009477615356445,2.392,True,None,sfc_cache_p6_9,0,None,132.99,0.0,990.0,82,72,6,6,0,False,100.0,12.402916666666666,1.25,2.75,0.7704,0.4283,0.0606,0.1829,3159.559249857564,2541.559249857564,617.9999999999999,0.9436388069457168,1,10,16
0,1772829859.4000268,183.4,46,0.4959,0.2268,0.127,0.1497,45.7223,22.6792,14.9682,53.6731,0.0,0.0,8.28,5.49,2.79,None,0.12009477615356445,2.41,True,None,sfc_unique_p6_9,0,None,132.99,0.0,990.0,82,72,6,6,0,False,100.0,12.402916666666666,1.25,2.75,0.7704,0.4283,0.0606,0.1829,3159.559249857564,2541.559249857564,617.9999999999999,0.9436388069457168,1,10,16
0,1772829875.318548,199.3,46,0.4614,0.1957,0.0829,0.1497,38.0535,19.5721,14.9682,56.199,0.0,0.0,6.18,3.82,2.36,None,0.00018453598022460938,2.476,True,None,sfc_cache_p1_10,0,None,112.99000000000001,0.0,825.0,67,62,6,6,0,False,100.0,12.42483870967742,1.252741935483871,3.193548387096774,0.7357,0.3583,0.0661,0.1603,3019.617414228404,2468.8174142284042,550.7999999999998,0.9367833195393768,1,10,11
0,1772829875.3194396,199.3,46,0.4614,0.1957,0.0829,0.1497,38.0535,19.5721,14.9682,56.199,0.0,0.0,8.27,8.27,0,None,0.00018453598022460938,2.45,True,None,sfc_unique_p1_10,0,None,112.99000000000001,0.0,825.0,67,62,6,6,0,False,100.0,12.42483870967742,1.252741935483871,3.193548387096774,0.7357,0.3583,0.0661,0.1603,3019.617414228404,2468.8174142284042,550.7999999999998,0.9367833195393768,1,10,11
0,1772829875.3330522,199.3,47,0.4722,0.1957,0.0933,0.1497,39.0254,19.5721,14.9682,57.1777,0.0,0.0,7.6,5.24,2.36,None,0.015066146850585938,2.394,True,None,sfc_cache_p2_10,0,None,116.99,0.0,858.0,70,64,6,6,0,False,100.0,12.4584375,1.21359375,3.09375,0.7398,0.3583,0.065,0.1621,3054.841063818251,2474.041063818251,580.7999999999998,0.9367419994960398,1,10,11
0,1772829875.3345609,199.3,47,0.4722,0.1957,0.0933,0.1497,39.0254,19.5721,14.9682,57.1777,0.0,0.0,12.23,8.8,3.43,None,0.015066146850585938,3.827,True,None,sfc_unique_p2_10,0,None,116.99,0.0,858.0,70,64,6,6,0,False,100.0,12.4584375,1.21359375,3.09375,0.7398,0.3583,0.065,0.1621,3054.841063818251,2474.041063818251,580.7999999999998,0.9367419994960398,1,10,11
0,1772829875.355112,199.3,48,0.4793,0.1957,0.0968,0.1497,39.0254,19.5721,14.9682,58.3282,0.0,0.0,6.18,3.82,2.36,None,0.030783653259277344,4.025,True,None,sfc_cache_p3_10,0,None,120.99,0.0,891.0,72,66,6,6,0,False,100.0,12.49,1.1768181818181818,3.0,0.7434,0.3583,0.0638,0.1623,3084.841063818251,2474.041063818251,610.7999999999998,0.9367419994960398,1,10,11
0,1772829875.356662,199.3,48,0.4793,0.1957,0.0968,0.1497,39.0254,19.5721,14.9682,58.3282,0.0,0.0,8.27,8.27,0,None,0.030783653259277344,4.094,True,None,sfc_unique_p3_10,0,None,120.99,0.0,891.0,72,66,6,6,0,False,100.0,12.49,1.1768181818181818,3.0,0.7434,0.3583,0.0638,0.1623,3084.841063818251,2474.041063818251,610.7999999999998,0.9367419994960398,1,10,11
0,1772829875.3793237,199.4,49,0.4828,0.2184,0.1044,0.1497,39.0254,21.84,14.9682,58.7456,0.0,0.0,6.71,4.35,2.36,None,0.05287885665893555,4.541,True,None,sfc_cache_p4_10,0,None,124.99,0.0,924.0,74,68,6,6,0,False,100.0,12.387352941176472,1.2745588235294119,2.911764705882353,0.7488,0.3693,0.0627,0.1594,3122.511063818251,2493.711063818251,628.7999999999998,0.9341857108763011,1,10,11
0,1772829875.3809865,199.4,49,0.4828,0.2184,0.1044,0.1497,39.0254,21.84,14.9682,58.7456,0.0,0.0,7.96,5.54,2.42,None,0.05287885665893555,4.207,True,None,sfc_unique_p4_10,0,None,124.99,0.0,924.0,74,68,6,6,0,False,100.0,12.387352941176472,1.2745588235294119,2.911764705882353,0.7488,0.3693,0.0627,0.1594,3122.511063818251,2493.711063818251,628.7999999999998,0.9341857108763011,1,10,11
0,1772829875.3988564,199.4,50,0.4828,0.2184,0.1044,0.1497,39.0254,21.84,14.9682,58.7456,0.0,0.0,None,None,None,None,0.07722878456115723,2.791,False,None,sfc_cache_p5_10,0,None,124.99,0.0,924.0,74,68,6,6,0,False,99.14529914529915,12.387352941176472,1.2745588235294119,2.911764705882353,0.7488,0.3693,0.0627,0.1594,3122.511063818251,2493.711063818251,628.7999999999998,0.9341857108763011,1,10,11
0,1772829875.4004447,199.4,50,0.4828,0.2184,0.1044,0.1497,39.0254,21.84,14.9682,58.7456,0.0,0.0,None,None,None,None,0.07722878456115723,2.532,False,None,sfc_unique_p5_10,0,None,124.99,0.0,924.0,74,68,6,6,0,False,98.30508474576271,12.387352941176472,1.2745588235294119,2.911764705882353,0.7488,0.3693,0.0627,0.1594,3122.511063818251,2493.711063818251,628.7999999999998,0.9341857108763011,1,10,11
0,1772829875.4183514,199.4,51,0.4828,0.2184,0.1044,0.1497,39.0254,21.84,14.9682,58.7456,0.0,0.0,None,None,None,None,0.09665870666503906,2.728,False,None,sfc_cache_p6_10,0,None,124.99,0.0,924.0,74,68,6,6,0,False,97.47899159663865,12.387352941176472,1.2745588235294119,2.911764705882353,0.7488,0.3693,0.0627,0.1594,3122.511063818251,2493.711063818251,628.7999999999998,0.9341857108763011,1,10,11
0,1772829875.4198866,199.4,51,0.4828,0.2184,0.1044,0.1497,39.0254,21.84,14.9682,58.7456,0.0,0.0,None,None,None,None,0.09665870666503906,2.58,False,None,sfc_unique_p6_10,0,None,124.99,0.0,924.0,74,68,6,6,0,False,96.66666666666667,12.387352941176472,1.2745588235294119,2.911764705882353,0.7488,0.3693,0.0627,0.1594,3122.511063818251,2493.711063818251,628.7999999999998,0.9341857108763011,1,10,11
0,1772829903.3637657,227.3,51,0.443,0.1966,0.0554,0.1497,31.2854,19.6553,14.9682,61.5214,0.0,0.0,6.55,5.18,1.37,None,0.0002181529998779297,4.032,True,None,sfc_cache_p1_11,0,None,100.66,0.0,759.0,60,58,6,6,0,False,96.69421487603306,12.419655172413792,1.3448275862068966,3.413793103448276,0.7391,0.3668,0.0686,0.1494,2966.552271061712,2412.552271061712,553.9999999999999,0.9530362352336749,0,4,12
0,1772829903.3652487,227.3,51,0.443,0.1966,0.0554,0.1497,31.2854,19.6553,14.9682,61.5214,0.0,0.0,10.29,7.85,2.44,None,0.0002181529998779297,4.104,True,None,sfc_unique_p1_11,0,None,100.66,0.0,759.0,60,58,6,6,0,False,96.72131147540983,12.419655172413792,1.3448275862068966,3.413793103448276,0.7391,0.3668,0.0686,0.1494,2966.552271061712,2412.552271061712,553.9999999999999,0.9530362352336749,0,4,12
0,1772829903.3856068,227.4,52,0.4527,0.1966,0.0596,0.1497,32.2573,19.6553,14.9682,61.8828,0.0,0.0,6.55,5.18,1.37,None,0.02223372459411621,3.985,True,None,sfc_cache_p2_11,0,None,104.66,0.0,792.0,63,60,6,6,0,False,96.7479674796748,12.455666666666666,1.3,3.3,0.7483,0.3668,0.0674,0.1455,2992.2665567759973,2420.2665567759973,571.9999999999999,0.9512766605073477,0,4,12
0,1772829903.387028,227.4,52,0.4527,0.1966,0.0596,0.1497,32.2573,19.6553,14.9682,61.8828,0.0,0.0,10.29,7.85,2.44,None,0.02223372459411621,3.955,True,None,sfc_unique_p2_11,0,None,104.66,0.0,792.0,63,60,6,6,0,False,96.7741935483871,12.455666666666666,1.3,3.3,0.7483,0.3668,0.0674,0.1455,2992.2665567759973,2420.2665567759973,571.9999999999999,0.9512766605073477,0,4,12
0,1772829903.407487,227.4,53,0.4603,0.1966,0.061,0.1497,32.2573,19.6553,14.9682,62.8959,0.0,0.0,6.02,4.65,1.37,None,0.04402947425842285,3.955,True,None,sfc_cache_p3_11,0,None,108.66,0.0,825.0,65,62,6,6,0,False,96.8,12.489354838709676,1.2580645161290323,3.193548387096774,0.7522,0.3668,0.0661,0.1441,3022.2665567759973,2420.2665567759973,601.9999999999999,0.9512766605073477,0,4,12
0,1772829903.4089057,227.4,53,0.4603,0.1966,0.061,0.1497,32.2573,19.6553,14.9682,62.8959,0.0,0.0,8.27,8.27,0,None,0.04402947425842285,3.967,True,None,sfc_unique_p3_11,0,None,108.66,0.0,825.0,65,62,6,6,0,False,96.82539682539682,12.489354838709676,1.2580645161290323,3.193548387096774,0.7522,0.3668,0.0661,0.1441,3022.2665567759973,2420.2665567759973,601.9999999999999,0.9512766605073477,0,4,12
0,1772829903.428556,227.4,54,0.4677,0.1966,0.0624,0.1497,32.2573,19.6553,14.9682,63.8286,0.0,0.0,6.02,4.65,1.37,None,0.0658721923828125,3.994,True,None,sfc_cache_p4_11,0,None,112.66,0.0,858.0,67,64,6,6,0,False,96.8503937007874,12.520937499999999,1.21875,3.09375,0.7561,0.3668,0.065,0.1425,3052.2665567759973,2420.2665567759973,631.9999999999999,0.9512766605073477,0,4,12
0,1772829903.4299293,227.4,54,0.4677,0.1966,0.0624,0.1497,32.2573,19.6553,14.9682,63.8286,0.0,0.0,8.27,8.27,0,None,0.0658721923828125,3.399,True,None,sfc_unique_p4_11,0,None,112.66,0.0,858.0,67,64,6,6,0,False,96.875,12.520937499999999,1.21875,3.09375,0.7561,0.3668,0.065,0.1425,3052.2665567759973,2420.2665567759973,631.9999999999999,0.9512766605073477,0,4,12
0,1772829903.4495673,227.4,55,0.4748,0.1966,0.0638,0.1497,32.2573,19.6553,14.9682,64.6901,0.0,0.0,6.02,4.65,1.37,None,0.08689236640930176,3.983,True,None,sfc_cache_p5_11,0,None,116.66,0.0,891.0,69,66,6,6,0,False,96.89922480620154,12.550606060606059,1.1818181818181819,3.0,0.76,0.3668,0.0638,0.1409,3082.2665567759973,2420.2665567759973,661.9999999999999,0.9512766605073477,0,4,12
0,1772829903.4509277,227.4,55,0.4748,0.1966,0.0638,0.1497,32.2573,19.6553,14.9682,64.6901,0.0,0.0,8.27,8.27,0,None,0.08689236640930176,3.278,True,None,sfc_unique_p5_11,0,None,116.66,0.0,891.0,69,66,6,6,0,False,96.92307692307692,12.550606060606059,1.1818181818181819,3.0,0.76,0.3668,0.0638,0.1409,3082.2665567759973,2420.2665567759973,661.9999999999999,0.9512766605073477,0,4,12
0,1772829903.4690135,227.4,56,0.4748,0.1966,0.0638,0.1497,32.2573,19.6553,14.9682,64.6901,0.0,0.0,None,None,None,None,0.10787367820739746,3.057,False,None,sfc_cache_p6_11,0,None,116.66,0.0,891.0,69,66,6,6,0,False,96.18320610687023,12.550606060606059,1.1818181818181819,3.0,0.76,0.3668,0.0638,0.1409,3082.2665567759973,2420.2665567759973,661.9999999999999,0.9512766605073477,0,4,12
0,1772829903.4704854,227.4,56,0.4748,0.1966,0.0638,0.1497,32.2573,19.6553,14.9682,64.6901,0.0,0.0,8.27,8.27,0,None,0.10787367820739746,3.276,False,None,sfc_unique_p6_11,0,None,116.66,0.0,891.0,69,66,6,6,0,False,95.45454545454545,12.550606060606059,1.1818181818181819,3.0,0.76,0.3668,0.0638,0.1409,3082.2665567759973,2420.2665567759973,661.9999999999999,0.9512766605073477,0,4,12
0,1772829919.406256,243.4,56,0.4351,0.1747,0.0042,0.1497,31.7174,17.4705,14.9682,59.392,0.0,0.0,4.76,3.47,1.3,None,0.00022935867309570312,4.054,True,None,sfc_cache_p1_12,0,None,96.66,0.0,726.0,59,56,6,6,0,False,95.48872180451127,12.535892857142857,1.2380357142857144,3.5357142857142856,0.7057,0.2911,0.058,0.121,2909.2291742764282,2389.6291742764283,519.6,0.9558708268032904,0,4,8
0,1772829919.4077277,243.4,56,0.4351,0.1747,0.0042,0.1497,31.7174,17.4705,14.9682,59.392,0.0,0.0,7.61,5.25,2.36,None,0.00022935867309570312,4.361,True,None,sfc_unique_p1_12,0,None,96.66,0.0,726.0,59,56,6,6,0,False,95.52238805970148,12.535892857142857,1.2380357142857144,3.5357142857142856,0.7057,0.2911,0.058,0.121,2909.2291742764282,2389.6291742764283,519.6,0.9558708268032904,0,4,8
0,1772829919.4283528,243.4,57,0.4432,0.1747,0.0083,0.1497,32.6893,17.4705,14.9682,59.3141,0.0,0.0,5.11,3.82,1.3,None,0.022270917892456055,3.995,True,None,sfc_cache_p2_12,0,None,100.66,0.0,759.0,62,58,6,6,0,False,95.55555555555556,12.569137931034483,1.1953448275862069,3.413793103448276,0.7139,0.2911,0.0569,0.1275,2936.6317435381525,2399.0317435381526,537.6,0.955794488341752,0,4,8
0,1772829919.429735,243.4,57,0.4432,0.1747,0.0083,0.1497,32.6893,17.4705,14.9682,59.3141,0.0,0.0,8.32,5.95,2.36,None,0.022270917892456055,4.015,True,None,sfc_unique_p2_12,0,None,100.66,0.0,759.0,62,58,6,6,0,False,95.58823529411765,12.569137931034483,1.1953448275862069,3.413793103448276,0.7139,0.2911,0.0569,0.1275,2936.6317435381525,2399.0317435381526,537.6,0.955794488341752,0,4,8
0,1772829919.4498234,243.4,58,0.4502,0.1747,0.0125,0.1497,33.6613,17.4705,14.9682,59.1583,0.0,0.0,4.76,3.47,1.3,None,0.04428720474243164,4.009,True,None,sfc_cache_p3_12,0,None,108.99,0.0,792.0,66,60,6,6,0,False,95.62043795620438,12.528,1.1555,3.3,0.721,0.2911,0.0558,0.1323,2964.0343127998763,2408.4343127998764,555.6,0.9557181498802135,0,4,8
0,1772829919.4511545,243.4,58,0.4502,0.1747,0.0125,0.1497,33.6613,17.4705,14.9682,59.1583,0.0,0.0,9.38,7.02,2.36,None,0.04428720474243164,4.044,True,None,sfc_unique_p3_12,0,None,108.99,0.0,792.0,66,60,6,6,0,False,95.65217391304348,12.528,1.1555,3.3,0.721,0.2911,0.0558,0.1323,2964.0343127998763,2408.4343127998764,555.6,0.9557181498802135,0,4,8
0,1772829919.4710195,243.4,59,0.4595,0.1747,0.0181,0.1497,35.5696,17.4705,14.9682,58.4481,0.0,0.0,5.65,4.35,1.3,None,0.06565618515014648,3.945,True,None,sfc_cache_p4_12,0,None,112.99,0.0,825.0,68,62,6,6,0,False,95.68345323741008,12.559354838709679,1.1182258064516128,3.193548387096774,0.732,0.2911,0.0548,0.1372,2988.6900781612753,2418.6900781612753,570.0,0.9557181498802135,0,4,8
0,1772829919.472436,243.5,59,0.4595,0.1747,0.0181,0.1497,35.5696,17.4705,14.9682,58.4481,0.0,0.0,8.57,6.18,2.39,None,0.06565618515014648,4.006,True,None,sfc_unique_p4_12,0,None,112.99,0.0,825.0,68,62,6,6,0,False,95.71428571428572,12.559354838709679,1.1182258064516128,3.193548387096774,0.732,0.2911,0.0548,0.1372,2988.6900781612753,2418.6900781612753,570.0,0.9557181498802135,0,4,8
0,1772829919.492966,243.5,60,0.4677,0.1747,0.0237,0.1497,36.5415,17.4705,14.9682,58.7924,0.0,0.0,5.21,3.91,1.3,None,0.08693361282348633,3.961,True,None,sfc_cache_p5_12,0,None,121.32,0.0,858.0,72,64,6,6,0,False,95.74468085106383,12.52109375,1.08328125,3.09375,0.7413,0.2911,0.0538,0.1403,3011.913727751122,2423.913727751122,588.0,0.9557181498802135,0,4,8
0,1772829919.4944189,243.5,60,0.4677,0.1747,0.0237,0.1497,36.5415,17.4705,14.9682,58.7924,0.0,0.0,11.79,9.4,2.39,None,0.08693361282348633,3.951,True,None,sfc_unique_p5_12,0,None,121.32,0.0,858.0,72,64,6,6,0,False,95.77464788732394,12.52109375,1.08328125,3.09375,0.7413,0.2911,0.0538,0.1403,3011.913727751122,2423.913727751122,588.0,0.9557181498802135,0,4,8
0,1772829919.515104,243.5,61,0.4782,0.1747,0.0292,0.1497,38.4498,17.4705,14.9682,58.5823,0.0,0.0,6.54,5.24,1.3,None,0.10891437530517578,4.0,True,None,sfc_cache_p6_12,0,None,125.32,0.0,891.0,75,66,6,6,0,False,95.8041958041958,12.550757575757574,1.0504545454545455,3.0,0.7491,0.2911,0.0529,0.1419,3040.595185729763,2438.195185729763,602.4,0.955644610495598,0,4,8
0,1772829919.5165503,243.5,61,0.4782,0.1747,0.0292,0.1497,38.4498,17.4705,14.9682,58.5823,0.0,0.0,9.13,6.74,2.39,None,0.10891437530517578,4.025,True,None,sfc_unique_p6_12,0,None,125.32,0.0,891.0,75,66,6,6,0,False,95.83333333333334,12.550757575757574,1.0504545454545455,3.0,0.7491,0.2911,0.0529,0.1419,3040.595185729763,2438.195185729763,602.4,0.955644610495598,0,4,8
0,1772829938.448829,262.4,61,0.4873,0.1747,0.0313,0.1746,38.8818,17.4705,17.463,59.6203,0.0,0.0,7.85,6.67,1.19,None,0.00020241737365722656,4.098,True,None,sfc_cache_p1_13,0,None,125.32,0.0,891.0,75,68,6,7,0,False,95.86206896551724,12.6375,1.0195588235294117,3.3970588235294117,0.7544,0.2911,0.0681,0.1425,3074.880900015478,2442.480900015478,632.4,0.955644610495598,0,4,8
0,1772829938.450451,262.4,61,0.4873,0.1747,0.0313,0.1746,38.8818,17.4705,17.463,59.6203,0.0,0.0,8.27,8.27,0,None,0.00020241737365722656,4.05,True,None,sfc_unique_p1_13,0,None,125.32,0.0,891.0,75,68,6,7,0,False,95.8904109589041,12.6375,1.0195588235294117,3.3970588235294117,0.7544,0.2911,0.0681,0.1425,3074.880900015478,2442.480900015478,632.4,0.955644610495598,0,4,8
0,1772829938.471734,262.4,62,0.4956,0.1747,0.0362,0.1746,39.8538,17.4705,17.463,59.9791,0.0,0.0,8.39,7.2,1.19,None,0.02293848991394043,3.965,True,None,sfc_cache_p2_13,0,None,129.32,0.0,924.0,77,70,6,7,0,False,95.91836734693877,12.662142857142857,0.9904285714285714,3.3,0.7606,0.2911,0.0669,0.1422,3100.595185729763,2450.195185729763,650.4,0.9532956946958148,0,4,8
0,1772829938.4733195,262.5,62,0.4956,0.1747,0.0362,0.1746,39.8538,17.4705,17.463,59.9791,0.0,0.0,10.04,7.85,2.2,None,0.02293848991394043,3.969,True,None,sfc_unique_p2_13,0,None,129.32,0.0,924.0,77,70,6,7,0,False,95.94594594594594,12.662142857142857,0.9904285714285714,3.3,0.7606,0.2911,0.0669,0.1422,3100.595185729763,2450.195185729763,650.4,0.9532956946958148,0,4,8
0,1772829938.4949346,262.5,63,0.5019,0.1747,0.0383,0.1746,39.8538,17.4705,17.463,60.9029,0.0,0.0,7.85,6.67,1.19,None,0.04576754570007324,3.977,True,None,sfc_cache_p3_13,0,None,133.32,0.0,957.0,79,72,6,7,0,False,95.9731543624161,12.685416666666667,0.9629166666666666,3.2083333333333335,0.7636,0.2911,0.0658,0.1423,3130.595185729763,2450.195185729763,680.4,0.9532956946958148,0,4,8
0,1772829938.4964783,262.5,63,0.5019,0.1747,0.0383,0.1746,39.8538,17.4705,17.463,60.9029,0.0,0.0,8.27,8.27,0,None,0.04576754570007324,3.968,True,None,sfc_unique_p3_13,0,None,133.32,0.0,957.0,79,72,6,7,0,False,96.0,12.685416666666667,0.9629166666666666,3.2083333333333335,0.7636,0.2911,0.0658,0.1423,3130.595185729763,2450.195185729763,680.4,0.9532956946958148,0,4,8
0,1772829938.5187638,262.5,64,0.5098,0.1747,0.0445,0.1746,40.8257,17.4705,17.463,61.2049,0.0,0.0,8.39,7.2,1.19,None,0.06892848014831543,4.15,True,None,sfc_cache_p4_13,0,None,137.32,0.0,990.0,82,74,6,7,0,False,96.02649006622516,12.707432432432432,0.9368918918918918,3.1216216216216215,0.7717,0.2911,0.0647,0.1417,3156.595185729763,2458.195185729763,698.4,0.9532956946958148,0,4,8
0,1772829938.5205379,262.5,64,0.5098,0.1747,0.0445,0.1746,40.8257,17.4705,17.463,61.2049,0.0,0.0,12.12,9.87,2.26,None,0.06892848014831543,4.158,True,None,sfc_unique_p4_13,0,None,137.32,0.0,990.0,82,74,6,7,0,False,96.05263157894737,12.707432432432432,0.9368918918918918,3.1216216216216215,0.7717,0.2911,0.0647,0.1417,3156.595185729763,2458.195185729763,698.4,0.9532956946958148,0,4,8
0,1772829938.5403218,262.5,65,0.5098,0.1747,0.0445,0.1746,40.8257,17.4705,17.463,61.2049,0.0,0.0,None,None,None,None,0.09301233291625977,2.631,False,None,sfc_cache_p5_13,0,None,137.32,0.0,990.0,82,74,6,7,0,False,95.42483660130719,12.707432432432432,0.9368918918918918,3.1216216216216215,0.7717,0.2911,0.0647,0.1417,3156.595185729763,2458.195185729763,698.4,0.9532956946958148,0,4,8
0,1772829938.542094,262.5,65,0.5098,0.1747,0.0445,0.1746,40.8257,17.4705,17.463,61.2049,0.0,0.0,10.33,10.33,0,None,0.09301233291625977,3.396,False,None,sfc_unique_p5_13,0,None,137.32,0.0,990.0,82,74,6,7,0,False,94.8051948051948,12.707432432432432,0.9368918918918918,3.1216216216216215,0.7717,0.2911,0.0647,0.1417,3156.595185729763,2458.195185729763,698.4,0.9532956946958148,0,4,8
0,1772829938.5618804,262.5,66,0.5098,0.1747,0.0445,0.1746,40.8257,17.4705,17.463,61.2049,0.0,0.0,None,None,None,None,0.11474871635437012,2.573,False,None,sfc_cache_p6_13,0,None,137.32,0.0,990.0,82,74,6,7,0,False,94.19354838709677,12.707432432432432,0.9368918918918918,3.1216216216216215,0.7717,0.2911,0.0647,0.1417,3156.595185729763,2458.195185729763,698.4,0.9532956946958148,0,4,8
0,1772829938.5635786,262.5,66,0.5098,0.1747,0.0445,0.1746,40.8257,17.4705,17.463,61.2049,0.0,0.0,10.33,10.33,0,None,0.11474871635437012,3.22,False,None,sfc_unique_p6_13,0,None,137.32,0.0,990.0,82,74,6,7,0,False,93.58974358974359,12.707432432432432,0.9368918918918918,3.1216216216216215,0.7717,0.2911,0.0647,0.1417,3156.595185729763,2458.195185729763,698.4,0.9532956946958148,0,4,8
0,1772829956.477085,280.5,66,0.4788,0.0848,0.0053,0.1497,33.6613,8.482,14.9682,64.8594,0.0,0.0,None,None,None,None,0.00019121170043945312,2.497,False,None,sfc_cache_p1_14,0,None,112.98999999999998,0.0,825.0,67,62,6,6,0,False,92.99363057324841,13.134677419354839,0.5429032258064516,3.193548387096774,0.7571,0.1581,0.0601,0.1166,2960.8857444668006,2351.6857444668008,609.1999999999999,0.9430247510444724,0,4,4
0,1772829956.4779153,280.5,66,0.4788,0.0848,0.0053,0.1497,33.6613,8.482,14.9682,64.8594,0.0,0.0,None,None,None,None,0.00019121170043945312,1.473,False,None,sfc_unique_p1_14,0,None,112.98999999999998,0.0,825.0,67,62,6,6,0,False,92.40506329113924,13.134677419354839,0.5429032258064516,3.193548387096774,0.7571,0.1581,0.0601,0.1166,2960.8857444668006,2351.6857444668008,609.1999999999999,0.9430247510444724,0,4,4
0,1772829956.4879627,280.5,67,0.4788,0.0848,0.0053,0.1497,33.6613,8.482,14.9682,64.8594,0.0,0.0,None,None,None,None,0.012179136276245117,1.535,False,None,sfc_cache_p2_14,0,None,112.98999999999998,0.0,825.0,67,62,6,6,0,False,91.82389937106919,13.134677419354839,0.5429032258064516,3.193548387096774,0.7571,0.1581,0.0601,0.1166,2960.8857444668006,2351.6857444668008,609.1999999999999,0.9430247510444724,0,4,4
0,1772829956.4887366,280.5,67,0.4788,0.0848,0.0053,0.1497,33.6613,8.482,14.9682,64.8594,0.0,0.0,None,None,None,None,0.012179136276245117,1.506,False,None,sfc_unique_p2_14,0,None,112.98999999999998,0.0,825.0,67,62,6,6,0,False,91.25,13.134677419354839,0.5429032258064516,3.193548387096774,0.7571,0.1581,0.0601,0.1166,2960.8857444668006,2351.6857444668008,609.1999999999999,0.9430247510444724,0,4,4
0,1772829956.499431,280.5,68,0.4788,0.0848,0.0053,0.1497,33.6613,8.482,14.9682,64.8594,0.0,0.0,None,None,None,None,0.02296590805053711,1.508,False,None,sfc_cache_p3_14,0,None,112.98999999999998,0.0,825.0,67,62,6,6,0,False,90.6832298136646,13.134677419354839,0.5429032258064516,3.193548387096774,0.7571,0.1581,0.0601,0.1166,2960.8857444668006,2351.6857444668008,609.1999999999999,0.9430247510444724,0,4,4
0,1772829956.5001447,280.5,68,0.4788,0.0848,0.0053,0.1497,33.6613,8.482,14.9682,64.8594,0.0,0.0,8.27,8.27,0,None,0.02296590805053711,1.945,False,None,sfc_unique_p3_14,0,None,112.98999999999998,0.0,825.0,67,62,6,6,0,False,90.12345679012346,13.134677419354839,0.5429032258064516,3.193548387096774,0.7571,0.1581,0.0601,0.1166,2960.8857444668006,2351.6857444668008,609.1999999999999,0.9430247510444724,0,4,4
0,1772829956.510824,280.5,69,0.4788,0.0848,0.0053,0.1497,33.6613,8.482,14.9682,64.8594,0.0,0.0,None,None,None,None,0.034330129623413086,1.831,False,None,sfc_cache_p4_14,0,None,112.98999999999998,0.0,825.0,67,62,6,6,0,False,89.57055214723927,13.134677419354839,0.5429032258064516,3.193548387096774,0.7571,0.1581,0.0601,0.1166,2960.8857444668006,2351.6857444668008,609.1999999999999,0.9430247510444724,0,4,4
0,1772829956.5115254,280.5,69,0.4788,0.0848,0.0053,0.1497,33.6613,8.482,14.9682,64.8594,0.0,0.0,10.33,10.33,0,None,0.034330129623413086,1.946,False,None,sfc_unique_p4_14,0,None,112.98999999999998,0.0,825.0,67,62,6,6,0,False,89.02439024390245,13.134677419354839,0.5429032258064516,3.193548387096774,0.7571,0.1581,0.0601,0.1166,2960.8857444668006,2351.6857444668008,609.1999999999999,0.9430247510444724,0,4,4
0,1772829956.5220087,280.5,70,0.4788,0.0848,0.0053,0.1497,33.6613,8.482,14.9682,64.8594,0.0,0.0,None,None,None,None,0.045690059661865234,1.534,False,None,sfc_cache_p5_14,0,None,112.98999999999998,0.0,825.0,67,62,6,6,0,False,88.48484848484848,13.134677419354839,0.5429032258064516,3.193548387096774,0.7571,0.1581,0.0601,0.1166,2960.8857444668006,2351.6857444668008,609.1999999999999,0.9430247510444724,0,4,4
0,1772829956.5227764,280.5,70,0.4788,0.0848,0.0053,0.1497,33.6613,8.482,14.9682,64.8594,0.0,0.0,8.27,8.27,0,None,0.045690059661865234,1.964,False,None,sfc_unique_p5_14,0,None,112.98999999999998,0.0,825.0,67,62,6,6,0,False,87.95180722891565,13.134677419354839,0.5429032258064516,3.193548387096774,0.7571,0.1581,0.0601,0.1166,2960.8857444668006,2351.6857444668008,609.1999999999999,0.9430247510444724,0,4,4
0,1772829956.5331655,280.5,71,0.4788,0.0848,0.0053,0.1497,33.6613,8.482,14.9682,64.8594,0.0,0.0,None,None,None,None,0.056911468505859375,1.524,False,None,sfc_cache_p6_14,0,None,112.98999999999998,0.0,825.0,67,62,6,6,0,False,87.42514970059881,13.134677419354839,0.5429032258064516,3.193548387096774,0.7571,0.1581,0.0601,0.1166,2960.8857444668006,2351.6857444668008,609.1999999999999,0.9430247510444724,0,4,4
0,1772829956.5338852,280.5,71,0.4788,0.0848,0.0053,0.1497,33.6613,8.482,14.9682,64.8594,0.0,0.0,None,None,None,None,0.056911468505859375,1.529,False,None,sfc_unique_p6_14,0,None,112.98999999999998,0.0,825.0,67,62,6,6,0,False,86.90476190476191,13.134677419354839,0.5429032258064516,3.193548387096774,0.7571,0.1581,0.0601,0.1166,2960.8857444668006,2351.6857444668008,609.1999999999999,0.9430247510444724,0,4,4
0,1772829989.5090113,313.5,71,0.3706,0.0227,0.0083,0.1247,17.1001,2.2679,12.4735,71.4419,0.0,0.0,6.13,4.42,1.71,None,0.00019025802612304688,2.31,True,None,sfc_cache_p1_15,0,None,68.66,0.0,495.0,42,40,6,5,0,False,86.98224852071006,13.5585,0.225,4.125,0.6753,0.0833,0.0861,0.1029,2628.2544188206157,2187.454418820616,440.79999999999995,0.0,0,0,0
0,1772829989.509696,313.5,71,0.3706,0.0227,0.0083,0.1247,17.1001,2.2679,12.4735,71.4419,0.0,0.0,9.33,6.56,2.78,None,0.00019025802612304688,2.285,True,None,sfc_unique_p1_15,0,None,68.66,0.0,495.0,42,40,6,5,0,False,87.05882352941177,13.5585,0.225,4.125,0.6753,0.0833,0.0861,0.1029,2628.2544188206157,2187.454418820616,440.79999999999995,0.0,0,0,0
0,1772829989.5202765,313.5,72,0.3825,0.0227,0.0167,0.1247,18.0721,2.2679,12.4735,71.4667,0.0,0.0,6.66,4.96,1.71,None,0.012096166610717773,2.318,True,None,sfc_cache_p2_15,0,None,72.66,0.0,528.0,45,42,6,5,0,False,87.13450292397661,13.555714285714286,0.21428571428571427,3.9285714285714284,0.6876,0.0833,0.0842,0.1168,2655.65698808234,2196.85698808234,458.79999999999995,0.0,0,0,0
0,1772829989.5208573,313.5,72,0.3825,0.0227,0.0167,0.1247,18.0721,2.2679,12.4735,71.4667,0.0,0.0,10.4,7.62,2.78,None,0.012096166610717773,2.287,True,None,sfc_unique_p2_15,0,None,72.66,0.0,528.0,45,42,6,5,0,False,87.20930232558139,13.555714285714286,0.21428571428571427,3.9285714285714284,0.6876,0.0833,0.0842,0.1168,2655.65698808234,2196.85698808234,458.79999999999995,0.0,0,0,0
0,1772829989.5319207,313.5,73,0.3957,0.0227,0.0234,0.1247,20.34,2.2679,12.4735,70.1935,0.0,0.0,7.55,5.84,1.71,None,0.023259878158569336,2.263,True,None,sfc_cache_p3_15,0,None,76.66,0.0,561.0,47,44,6,5,0,False,87.28323699421965,13.55318181818182,0.20454545454545456,3.75,0.7129,0.0833,0.0824,0.1265,2692.0848855102918,2218.884885510292,473.19999999999993,0.9071055273752711,0,1,0
0,1772829989.5325594,313.5,73,0.3957,0.0227,0.0234,0.1247,20.34,2.2679,12.4735,70.1935,0.0,0.0,13.41,11.92,1.49,None,0.023259878158569336,2.275,True,None,sfc_unique_p3_15,0,None,76.66,0.0,561.0,47,44,6,5,0,False,87.35632183908046,13.55318181818182,0.20454545454545456,3.75,0.7129,0.0833,0.0824,0.1265,2692.0848855102918,2218.884885510292,473.19999999999993,0.9071055273752711,0,1,0
0,1772829989.543248,313.5,74,0.4052,0.0227,0.0317,0.1247,21.3119,2.2679,12.4735,69.551,0.0,0.0,6.13,4.42,1.71,None,0.03490781784057617,2.312,True,None,sfc_cache_p4_15,0,None,80.66,0.0,594.0,50,46,6,5,0,False,87.42857142857143,13.550869565217392,0.1956521739130435,3.5869565217391304,0.7219,0.0833,0.0806,0.1333,2719.487454772016,2228.287454772016,491.19999999999993,0.9071055273752711,0,1,0
0,1772829989.543863,313.5,74,0.4052,0.0227,0.0317,0.1247,21.3119,2.2679,12.4735,69.551,0.0,0.0,9.33,6.56,2.78,None,0.03490781784057617,2.298,True,None,sfc_unique_p4_15,0,None,80.66,0.0,594.0,50,46,6,5,0,False,87.5,13.550869565217392,0.1956521739130435,3.5869565217391304,0.7219,0.0833,0.0806,0.1333,2719.487454772016,2228.287454772016,491.19999999999993,0.9071055273752711,0,1,0
0,1772829989.5549169,313.5,75,0.4143,0.0227,0.0345,0.1247,21.3119,2.2679,12.4735,70.3689,0.0,0.0,6.13,4.42,1.71,None,0.046178340911865234,2.275,True,None,sfc_cache_p5_15,0,None,84.66,0.0,627.0,52,48,6,5,0,False,87.57062146892656,13.54875,0.1875,3.4375,0.7283,0.0833,0.079,0.1347,2749.487454772016,2228.287454772016,521.1999999999999,0.9071055273752711,0,1,0
0,1772829989.5555463,313.5,75,0.4143,0.0227,0.0345,0.1247,21.3119,2.2679,12.4735,70.3689,0.0,0.0,8.27,8.27,0,None,0.046178340911865234,2.27,True,None,sfc_unique_p5_15,0,None,84.66,0.0,627.0,52,48,6,5,0,False,87.64044943820225,13.54875,0.1875,3.4375,0.7283,0.0833,0.079,0.1347,2749.487454772016,2228.287454772016,521.1999999999999,0.9071055273752711,0,1,0
0,1772829989.5662224,313.5,76,0.4247,0.0227,0.0401,0.1247,22.2839,2.2679,12.4735,70.4299,0.0,0.0,6.66,4.96,1.71,None,0.057860612869262695,2.321,True,None,sfc_cache_p6_15,0,None,88.66,0.0,660.0,54,50,6,5,0,False,87.70949720670392,13.546800000000001,0.18,3.3,0.7496,0.0833,0.0774,0.1341,2775.854359017445,2236.654359017445,539.1999999999999,0.8788210067678958,0,1,0
0,1772829989.5668502,313.5,76,0.4247,0.0227,0.0401,0.1247,22.2839,2.2679,12.4735,70.4299,0.0,0.0,17.11,14.8,2.3,None,0.057860612869262695,2.269,True,None,sfc_unique_p6_15,0,None,88.66,0.0,660.0,54,50,6,5,0,False,87.77777777777777,13.546800000000001,0.18,3.3,0.7496,0.0833,0.0774,0.1341,2775.854359017445,2236.654359017445,539.1999999999999,0.8788210067678958,0,1,0
0,1772830008.5407605,332.5,76,0.4,0.0,0.0025,0.1247,23.5799,0.0,12.4735,65.8723,0.0,0.0,7.25,6.1,1.14,None,0.0001678466796875,2.323,True,None,sfc_cache_p1_16,0,None,76.66,0.0,561.0,48,44,6,5,0,False,87.84530386740332,13.757727272727273,0.0,3.75,0.744,1.0,0.1011,0.1148,2668.201441512415,2227.001441512415,441.2,0.9194105033839479,0,1,1
0,1772830008.5419877,332.5,76,0.4,0.0,0.0025,0.1247,23.5799,0.0,12.4735,65.8723,0.0,0.0,8.04,7.1,0.94,None,0.0001678466796875,2.334,True,None,sfc_unique_p1_16,0,None,76.66,0.0,561.0,48,44,6,5,0,False,87.91208791208791,13.757727272727273,0.0,3.75,0.744,1.0,0.1011,0.1148,2668.201441512415,2227.001441512415,441.2,0.9194105033839479,0,1,1
0,1772830008.5602248,332.5,77,0.4127,0.0,0.0081,0.1247,25.9558,0.0,12.4735,64.6598,0.0,0.0,7.27,6.13,1.14,None,0.013625383377075195,3.84,True,None,sfc_cache_p2_16,0,None,80.66,0.0,594.0,50,46,6,5,0,False,87.97814207650273,13.746521739130435,0.0,3.5869565217391304,0.7532,1.0,0.0989,0.1258,2703.387155798129,2247.787155798129,455.59999999999997,0.9142105033839478,0,1,1
0,1772830008.5613441,332.5,77,0.4127,0.0,0.0081,0.1247,25.9558,0.0,12.4735,64.6598,0.0,0.0,12.48,9.92,2.56,None,0.013625383377075195,3.893,True,None,sfc_unique_p2_16,0,None,80.66,0.0,594.0,50,46,6,5,0,False,88.04347826086956,13.746521739130435,0.0,3.5869565217391304,0.7532,1.0,0.0989,0.1258,2703.387155798129,2247.787155798129,455.59999999999997,0.9142105033839478,0,1,1
0,1772830008.5803595,332.6,78,0.4217,0.0,0.0136,0.1247,26.9277,0.0,12.4735,64.3137,0.0,0.0,6.71,5.57,1.14,None,0.032952070236206055,3.735,True,None,sfc_cache_p3_16,0,None,84.66,0.0,627.0,53,48,6,5,0,False,88.10810810810811,13.73625,0.0,3.4375,0.7643,1.0,0.0968,0.1336,2729.387155798129,2255.787155798129,473.59999999999997,0.9142105033839478,0,1,1
0,1772830008.581471,332.6,78,0.4217,0.0,0.0136,0.1247,26.9277,0.0,12.4735,64.3137,0.0,0.0,11.36,8.8,2.56,None,0.032952070236206055,3.858,True,None,sfc_unique_p3_16,0,None,84.66,0.0,627.0,53,48,6,5,0,False,88.17204301075269,13.73625,0.0,3.4375,0.7643,1.0,0.0968,0.1336,2729.387155798129,2255.787155798129,473.59999999999997,0.9142105033839478,0,1,1
0,1772830008.6004248,332.6,79,0.4304,0.0,0.0178,0.1247,27.8997,0.0,12.4735,64.0,0.0,0.0,6.71,5.57,1.14,None,0.05308890342712402,3.723,True,None,sfc_cache_p4_16,0,None,88.66,0.0,660.0,56,50,6,5,0,False,88.23529411764706,13.726799999999999,0.0,3.3,0.771,1.0,0.0949,0.1364,2754.8157272267003,2263.2157272267004,491.59999999999997,0.9106105033839479,0,1,1
0,1772830008.601556,332.6,79,0.4304,0.0,0.0178,0.1247,27.8997,0.0,12.4735,64.0,0.0,0.0,9.91,7.7,2.21,None,0.05308890342712402,4.314,True,None,sfc_unique_p4_16,0,None,88.66,0.0,660.0,56,50,6,5,0,False,88.29787234042553,13.726799999999999,0.0,3.3,0.771,1.0,0.0949,0.1364,2754.8157272267003,2263.2157272267004,491.59999999999997,0.9106105033839479,0,1,1
0,1772830008.6202903,332.6,80,0.4349,0.0227,0.0234,0.1247,27.8997,2.2679,12.4735,64.2883,0.0,0.0,7.25,6.1,1.14,None,0.07313990592956543,3.77,True,None,sfc_cache_p5_16,0,None,92.66,0.0,693.0,58,52,6,5,0,False,88.35978835978835,13.544999999999998,0.17307692307692307,3.173076923076923,0.7768,0.0833,0.093,0.1366,2795.3157272267003,2285.7157272267004,509.59999999999997,0.907010503383948,0,1,1
0,1772830008.621527,332.6,80,0.4349,0.0227,0.0234,0.1247,27.8997,2.2679,12.4735,64.2883,0.0,0.0,7.71,5.5,2.21,None,0.07313990592956543,3.903,True,None,sfc_unique_p5_16,0,None,92.66,0.0,693.0,58,52,6,5,0,False,88.42105263157895,13.544999999999998,0.17307692307692307,3.173076923076923,0.7768,0.0833,0.093,0.1366,2795.3157272267003,2285.7157272267004,509.59999999999997,0.907010503383948,0,1,1
0,1772830008.6416154,332.6,81,0.4447,0.0227,0.0317,0.1247,28.8717,2.2679,12.4735,64.5565,0.0,0.0,7.25,6.1,1.14,None,0.09316706657409668,3.807,True,None,sfc_cache_p6_16,0,None,96.66,0.0,726.0,60,54,6,5,0,False,88.48167539267016,13.543333333333331,0.16666666666666666,3.0555555555555554,0.7874,0.0833,0.0912,0.1401,2818.5393768165472,2290.9393768165473,527.5999999999999,0.907010503383948,0,1,1
0,1772830008.6428998,332.6,81,0.4447,0.0227,0.0317,0.1247,28.8717,2.2679,12.4735,64.5565,0.0,0.0,9.93,6.96,2.97,None,0.09316706657409668,3.896,True,None,sfc_unique_p6_16,0,None,96.66,0.0,726.0,60,54,6,5,0,False,88.54166666666666,13.543333333333331,0.16666666666666666,3.0555555555555554,0.7874,0.0833,0.0912,0.1401,2818.5393768165472,2290.9393768165473,527.5999999999999,0.907010503383948,0,1,1
0,1772830036.5735686,360.6,81,0.4068,0.0227,0.0042,0.1247,28.836,2.2679,12.4735,58.7761,0.0,0.0,5.01,3.82,1.2,None,0.000179290771484375,2.464,True,None,sfc_cache_p1_17,0,None,80.66,0.0,594.0,51,46,6,5,0,False,88.60103626943005,13.55086956521739,0.1956521739130435,3.5869565217391304,0.7547,0.0833,0.0806,0.1359,2707.6501027103723,2291.6501027103723,416.0,0.907010503383948,0,1,1
0,1772830036.5744407,360.6,81,0.4068,0.0227,0.0042,0.1247,28.836,2.2679,12.4735,58.7761,0.0,0.0,6.98,4.72,2.27,None,0.000179290771484375,2.412,True,None,sfc_unique_p1_17,0,None,80.66,0.0,594.0,51,46,6,5,0,False,88.65979381443299,13.55086956521739,0.1956521739130435,3.5869565217391304,0.7547,0.0833,0.0806,0.1359,2707.6501027103723,2291.6501027103723,416.0,0.907010503383948,0,1,1
0,1772830036.586635,360.6,82,0.416,0.0227,0.0097,0.1247,29.808,2.2679,12.4735,58.7184,0.0,0.0,5.01,3.82,1.2,None,0.013987302780151367,2.373,True,None,sfc_cache_p2_17,0,None,84.66,0.0,627.0,53,48,6,5,0,False,88.71794871794872,13.548749999999998,0.1875,3.4375,0.7673,0.0833,0.079,0.1454,2730.873752300219,2296.873752300219,434.0,0.907010503383948,0,1,1
0,1772830036.5872648,360.6,82,0.416,0.0227,0.0097,0.1247,29.808,2.2679,12.4735,58.7184,0.0,0.0,8.21,5.7,2.52,None,0.013987302780151367,2.416,True,None,sfc_unique_p2_17,0,None,84.66,0.0,627.0,53,48,6,5,0,False,88.77551020408163,13.548749999999998,0.1875,3.4375,0.7673,0.0833,0.079,0.1454,2730.873752300219,2296.873752300219,434.0,0.907010503383948,0,1,1
0,1772830036.5996237,360.6,83,0.4306,0.0227,0.016,0.1497,32.6159,2.2679,14.9682,57.8027,0.0,0.0,5.04,3.59,1.45,None,0.026751995086669922,2.356,True,None,sfc_cache_p3_17,0,None,84.66,0.0,627.0,55,50,6,5,0,False,88.83248730964468,13.626799999999998,0.18,3.96,0.7779,0.0833,0.0942,0.153,2760.3642955597766,2311.9642955597765,448.4,0.907010503383948,0,1,1
0,1772830036.600262,360.6,83,0.4306,0.0227,0.016,0.1497,32.6159,2.2679,14.9682,57.8027,0.0,0.0,8.27,5.75,2.52,None,0.026751995086669922,2.418,True,None,sfc_unique_p3_17,0,None,84.66,0.0,627.0,55,50,6,5,0,False,88.88888888888889,13.626799999999998,0.18,3.96,0.7779,0.0833,0.0942,0.153,2760.3642955597766,2311.9642955597765,448.4,0.907010503383948,0,1,1
0,1772830036.6130757,360.6,84,0.4334,0.0454,0.0216,0.1497,32.6159,4.5358,14.9682,57.7935,0.0,0.0,5.01,3.82,1.2,None,0.03978729248046875,2.39,True,None,sfc_cache_p4_17,0,None,88.66,0.0,660.0,57,52,6,5,0,False,88.94472361809045,13.448846153846151,0.34615384615384615,3.8076923076923075,0.7837,0.1531,0.0923,0.1551,2790.5528112694187,2324.1528112694186,466.4,0.907010503383948,0,1,1
0,1772830036.6137705,360.6,84,0.4334,0.0454,0.0216,0.1497,32.6159,4.5358,14.9682,57.7935,0.0,0.0,6.63,4.36,2.27,None,0.03978729248046875,2.457,True,None,sfc_unique_p4_17,0,None,88.66,0.0,660.0,57,52,6,5,0,False,89.0,13.448846153846151,0.34615384615384615,3.8076923076923075,0.7837,0.1531,0.0923,0.1551,2790.5528112694187,2324.1528112694186,466.4,0.907010503383948,0,1,1
0,1772830036.6272624,360.6,85,0.445,0.0454,0.0255,0.1497,34.8838,4.5358,14.9682,57.1087,0.0,0.0,6.44,5.24,1.2,None,0.05323529243469238,2.415,True,None,sfc_cache_p5_17,0,None,92.66,0.0,693.0,60,54,6,5,0,False,89.05472636815921,13.45074074074074,0.3333333333333333,3.6666666666666665,0.7863,0.1531,0.0905,0.157,2822.941512708824,2342.141512708824,480.79999999999995,0.9323299730712171,0,1,2
0,1772830036.6280246,360.6,85,0.445,0.0454,0.0255,0.1497,34.8838,4.5358,14.9682,57.1087,0.0,0.0,4.47,3.23,1.24,None,0.05323529243469238,2.483,True,None,sfc_unique_p5_17,0,None,92.66,0.0,693.0,60,54,6,5,0,False,89.10891089108911,13.45074074074074,0.3333333333333333,3.6666666666666665,0.7863,0.1531,0.0905,0.157,2822.941512708824,2342.141512708824,480.79999999999995,0.9323299730712171,0,1,2
0,1772830036.7110915,360.7,86,0.4546,0.0454,0.031,0.1497,35.8558,4.5358,14.9682,57.6178,0.0,0.0,5.55,4.35,1.2,None,0.0674893856048584,2.664,True,None,sfc_cache_p6_17,0,None,96.66,0.0,726.0,63,56,6,5,0,False,89.16256157635468,13.452499999999999,0.32142857142857145,3.5357142857142856,0.7929,0.1531,0.0888,0.1571,2850.3440819705484,2351.544081970548,498.79999999999995,0.9320086283347426,0,1,2
0,1772830036.711908,360.7,86,0.4546,0.0454,0.031,0.1497,35.8558,4.5358,14.9682,57.6178,0.0,0.0,9.28,6.76,2.52,None,0.0674893856048584,2.557,True,None,sfc_unique_p6_17,0,None,96.66,0.0,726.0,63,56,6,5,0,False,89.2156862745098,13.452499999999999,0.32142857142857145,3.5357142857142856,0.7929,0.1531,0.0888,0.1571,2850.3440819705484,2351.544081970548,498.79999999999995,0.9320086283347426,0,1,2
0,1772830056.008375,380.0,86,0.3825,0.047,0.0083,0.1247,24.0475,4.5358,12.9239,58.3293,0.0,0.0,6.13,4.42,1.71,None,9.965896606445312e-05,2.36,True,None,sfc_cache_p6_15,0,None,64.0,0.0,528.0,45,42,6,4,0,True,89.26829268292683,13.547619047619047,0.42857142857142855,3.9285714285714284,0.7154,0.1671,0.1037,0.1048,2585.8556105865964,2184.2556105865965,401.5999999999999,0.9614363985555134,0,0,2
0,1772830056.0090532,380.0,86,0.3825,0.047,0.0083,0.1247,24.0475,4.5358,12.9239,58.3293,0.0,0.0,9.33,6.56,2.78,None,9.965896606445312e-05,2.341,True,None,sfc_unique_p6_15,0,None,64.0,0.0,528.0,45,42,6,4,0,True,89.32038834951457,13.547619047619047,0.42857142857142855,3.9285714285714284,0.7154,0.1671,0.1037,0.1048,2585.8556105865964,2184.2556105865965,401.5999999999999,0.9614363985555134,0,0,2
0,1772830056.0210612,380.0,86,0.3973,0.047,0.0111,0.1247,24.0475,4.5358,12.9239,61.5802,0.0,0.0,6.13,4.42,1.71,None,0.013403654098510742,2.239,True,None,sfc_cache_p3_15,0,None,68.0,0.0,561.0,47,44,6,4,0,True,89.3719806763285,13.545454545454545,0.4090909090909091,3.75,0.7414,0.1671,0.1037,0.107,2605.8556105865964,2184.2556105865965,421.5999999999999,0.9614363985555134,0,0,2
0,1772830056.0216448,380.0,86,0.3973,0.047,0.0111,0.1247,24.0475,4.5358,12.9239,61.5802,0.0,0.0,8.27,8.27,0,None,0.013403654098510742,2.309,True,None,sfc_unique_p3_15,0,None,68.0,0.0,561.0,47,44,6,4,0,True,89.42307692307693,13.545454545454545,0.4090909090909091,3.75,0.7414,0.1671,0.1037,0.107,2605.8556105865964,2184.2556105865965,421.5999999999999,0.9614363985555134,0,0,2
0,1772830064.6186266,388.6,86,0.3646,0.047,0.0063,0.1247,24.0118,4.5358,12.9239,56.4164,0.0,0.0,8.99,7.15,1.84,None,0.00020313262939453125,3.781,True,None,sfc_cache_p1_18,0,None,56.0,0.0,462.0,41,38,6,4,0,True,89.47368421052632,13.552631578947368,0.47368421052631576,4.342105263157895,0.7288,0.1671,0.1113,0.0992,2525.544896300882,2185.544896300882,339.99999999999994,0.9614363985555134,0,0,2
0,1772830064.619817,388.6,86,0.3646,0.047,0.0063,0.1247,24.0118,4.5358,12.9239,56.4164,0.0,0.0,12.45,9.54,2.91,None,0.00020313262939453125,3.827,True,None,sfc_unique_p1_18,0,None,56.0,0.0,462.0,41,38,6,4,0,True,89.52380952380953,13.552631578947368,0.47368421052631576,4.342105263157895,0.7288,0.1671,0.1113,0.0992,2525.544896300882,2185.544896300882,339.99999999999994,0.9614363985555134,0,0,2
0,1772830064.6392956,388.6,87,0.3754,0.047,0.0125,0.1247,24.9838,4.5358,12.9239,56.4836,0.0,0.0,8.46,6.61,1.84,None,0.021871328353881836,3.783,True,None,sfc_cache_p2_18,0,None,60.0,0.0,495.0,44,40,6,4,0,True,89.57345971563981,13.55,0.45,4.125,0.7426,0.1671,0.1086,0.109,2551.6156105865966,2193.6156105865966,357.99999999999994,0.9614363985555134,0,0,2
0,1772830064.6403656,388.6,87,0.3754,0.047,0.0125,0.1247,24.9838,4.5358,12.9239,56.4836,0.0,0.0,11.66,8.75,2.91,None,0.021871328353881836,3.683,True,None,sfc_unique_p2_18,0,None,60.0,0.0,495.0,44,40,6,4,0,True,89.62264150943396,13.55,0.45,4.125,0.7426,0.1671,0.1086,0.109,2551.6156105865966,2193.6156105865966,357.99999999999994,0.9614363985555134,0,0,2
0,1772830064.6603963,388.6,88,0.3858,0.047,0.0174,0.1247,25.9558,4.5358,12.9239,56.5437,0.0,0.0,8.46,6.61,1.84,None,0.04243302345275879,3.77,True,None,sfc_cache_p3_18,0,None,64.0,0.0,528.0,46,42,6,4,0,True,89.67136150234741,13.547619047619047,0.42857142857142855,3.9285714285714284,0.7735,0.1671,0.1061,0.1147,2577.9825148320256,2201.9825148320256,375.99999999999994,0.9614363985555134,0,0,2
0,1772830064.6614773,388.6,88,0.3858,0.047,0.0174,0.1247,25.9558,4.5358,12.9239,56.5437,0.0,0.0,17.35,14.85,2.5,None,0.04243302345275879,3.838,True,None,sfc_unique_p3_18,0,None,64.0,0.0,528.0,46,42,6,4,0,True,89.7196261682243,13.547619047619047,0.42857142857142855,3.9285714285714284,0.7735,0.1671,0.1061,0.1147,2577.9825148320256,2201.9825148320256,375.99999999999994,0.9614363985555134,0,0,2
0,1772830064.6818237,388.7,89,0.3973,0.047,0.0237,0.1247,26.9277,4.5358,12.9239,57.181,0.0,0.0,8.99,7.15,1.84,None,0.06351494789123535,3.766,True,None,sfc_cache_p4_18,0,None,68.0,0.0,561.0,49,44,6,4,0,True,89.76744186046511,13.545454545454545,0.4090909090909091,3.75,0.7805,0.1671,0.1037,0.1193,2603.6968005463114,2209.6968005463114,393.99999999999994,0.9614363985555134,0,0,2
0,1772830064.6829135,388.7,89,0.3973,0.047,0.0237,0.1247,26.9277,4.5358,12.9239,57.181,0.0,0.0,12.73,9.81,2.91,None,0.06351494789123535,3.797,True,None,sfc_unique_p4_18,0,None,68.0,0.0,561.0,49,44,6,4,0,True,89.81481481481481,13.545454545454545,0.4090909090909091,3.75,0.7805,0.1671,0.1037,0.1193,2603.6968005463114,2209.6968005463114,393.99999999999994,0.9614363985555134,0,0,2
0,1772830064.7034101,388.7,90,0.4102,0.047,0.0327,0.1247,28.836,4.5358,12.9239,56.9584,0.0,0.0,9.88,8.04,1.84,None,0.08494853973388672,3.789,True,None,sfc_cache_p5_18,0,None,72.0,0.0,594.0,51,46,6,4,0,True,89.86175115207374,13.543478260869565,0.391304347826087,3.5869565217391304,0.8035,0.1671,0.1014,0.1256,2636.3139434034542,2227.913943403454,408.3999999999999,0.9614363985555134,0,0,2
0,1772830064.7045715,388.7,90,0.4102,0.047,0.0327,0.1247,28.836,4.5358,12.9239,56.9584,0.0,0.0,11.6,8.49,3.12,None,0.08494853973388672,3.933,True,None,sfc_unique_p5_18,0,None,72.0,0.0,594.0,51,46,6,4,0,True,89.90825688073394,13.543478260869565,0.391304347826087,3.5869565217391304,0.8035,0.1671,0.1014,0.1256,2636.3139434034542,2227.913943403454,408.3999999999999,0.9614363985555134,0,0,2
0,1772830064.72505,388.7,91,0.4211,0.047,0.0403,0.1247,29.808,4.5358,12.9239,57.5369,0.0,0.0,8.99,7.15,1.84,None,0.10660099983215332,3.791,True,None,sfc_cache_p6_18,0,None,76.0,0.0,627.0,53,48,6,4,0,True,89.95433789954338,13.541666666666666,0.375,3.4375,0.8106,0.1671,0.0992,0.1277,2662.02822911774,2235.62822911774,426.3999999999999,0.9614363985555134,0,0,2
0,1772830064.7262168,388.7,91,0.4211,0.047,0.0403,0.1247,29.808,4.5358,12.9239,57.5369,0.0,0.0,12.92,9.87,3.05,None,0.10660099983215332,3.865,True,None,sfc_unique_p6_18,0,None,76.0,0.0,627.0,53,48,6,4,0,True,90.0,13.541666666666666,0.375,3.4375,0.8106,0.1671,0.0992,0.1277,2662.02822911774,2235.62822911774,426.3999999999999,0.9614363985555134,0,0,2
0,1772830085.657619,409.6,91,0.4254,0.0454,0.0445,0.1497,32.6159,4.5358,14.9682,56.1467,0.0,0.0,5.42,4.23,1.19,None,0.0001876354217529297,4.037,True,None,sfc_cache_p1_19,0,None,76.0,0.0,627.0,54,50,6,5,0,False,90.04524886877829,13.62,0.36,3.96,0.7876,0.1531,0.0942,0.1369,2757.7641833043986,2321.3641833043985,436.3999999999999,0.9614363985555134,0,0,2
0,1772830085.658955,409.6,91,0.4254,0.0454,0.0445,0.1497,32.6159,4.5358,14.9682,56.1467,0.0,0.0,8.43,6.18,2.25,None,0.0001876354217529297,3.971,True,None,sfc_unique_p1_19,0,None,76.0,0.0,627.0,54,50,6,5,0,False,90.09009009009009,13.62,0.36,3.96,0.7876,0.1531,0.0942,0.1369,2757.7641833043986,2321.3641833043985,436.3999999999999,0.9614363985555134,0,0,2
0,1772830085.6811018,409.7,92,0.4338,0.0454,0.0487,0.1497,33.5878,4.5358,14.9682,56.211,0.0,0.0,5.61,4.42,1.19,None,0.024117231369018555,3.966,True,None,sfc_cache_p2_19,0,None,80.0,0.0,660.0,57,52,6,5,0,False,90.13452914798206,13.615384615384615,0.34615384615384615,3.8076923076923075,0.7936,0.1531,0.0923,0.144,2785.166752566123,2330.7667525661227,454.3999999999999,0.9614363985555134,0,0,2
0,1772830085.6824632,409.7,92,0.4338,0.0454,0.0487,0.1497,33.5878,4.5358,14.9682,56.211,0.0,0.0,8.81,6.56,2.25,None,0.024117231369018555,4.02,True,None,sfc_unique_p2_19,0,None,80.0,0.0,660.0,57,52,6,5,0,False,90.17857142857143,13.615384615384615,0.34615384615384615,3.8076923076923075,0.7936,0.1531,0.0923,0.144,2785.166752566123,2330.7667525661227,454.3999999999999,0.9614363985555134,0,0,2
0,1772830085.704435,409.7,93,0.4373,0.0672,0.0557,0.1497,34.5598,6.7206,14.9682,55.4469,0.0,0.0,5.86,4.68,1.19,None,0.04762840270996094,3.973,True,None,sfc_cache_p3_19,0,None,88.33,0.0,693.0,61,54,6,5,0,False,90.22222222222223,13.37037037037037,0.49388888888888893,3.6666666666666665,0.791,0.2266,0.0905,0.1489,2820.710925294802,2351.9109252948024,468.7999999999999,0.9614363985555134,0,0,2
0,1772830085.7056792,409.7,93,0.4373,0.0672,0.0557,0.1497,34.5598,6.7206,14.9682,55.4469,0.0,0.0,8.14,5.89,2.25,None,0.04762840270996094,3.981,True,None,sfc_unique_p3_19,0,None,88.33,0.0,693.0,61,54,6,5,0,False,90.2654867256637,13.37037037037037,0.49388888888888893,3.6666666666666665,0.791,0.2266,0.0905,0.1489,2820.710925294802,2351.9109252948024,468.7999999999999,0.9614363985555134,0,0,2
0,1772830085.7270103,409.7,94,0.446,0.0672,0.0612,0.1497,36.4681,6.7206,14.9682,54.7213,0.0,0.0,5.86,4.68,1.19,None,0.07087492942810059,3.953,True,None,sfc_cache_p4_19,0,None,96.66,0.0,726.0,64,56,6,5,0,False,90.30837004405286,13.297678571428573,0.47625,3.5357142857142856,0.7939,0.2266,0.0888,0.1534,2849.205105762222,2366.0051057622222,483.1999999999999,0.9604856474019549,0,0,2
0,1772830085.7282634,409.7,94,0.446,0.0672,0.0612,0.1497,36.4681,6.7206,14.9682,54.7213,0.0,0.0,8.42,6.14,2.28,None,0.07087492942810059,3.913,True,None,sfc_unique_p4_19,0,None,96.66,0.0,726.0,64,56,6,5,0,False,90.35087719298247,13.297678571428573,0.47625,3.5357142857142856,0.7939,0.2266,0.0888,0.1534,2849.205105762222,2366.0051057622222,483.1999999999999,0.9604856474019549,0,0,2
0,1772830085.750508,409.7,95,0.4484,0.0899,0.0668,0.1497,36.4681,8.9885,14.9682,54.8374,0.0,0.0,5.61,4.42,1.19,None,0.09339523315429688,3.944,True,None,sfc_cache_p5_19,0,None,100.66,0.0,759.0,66,58,6,5,0,False,90.39301310043668,13.14948275862069,0.615,3.413793103448276,0.799,0.2333,0.0871,0.1541,2879.393621471864,2378.1936214718644,501.1999999999999,0.9604856474019549,0,0,2
0,1772830085.751773,409.7,95,0.4484,0.0899,0.0668,0.1497,36.4681,8.9885,14.9682,54.8374,0.0,0.0,6.61,4.35,2.25,None,0.09339523315429688,3.961,True,None,sfc_unique_p5_19,0,None,100.66,0.0,759.0,66,58,6,5,0,False,90.43478260869566,13.14948275862069,0.615,3.413793103448276,0.799,0.2333,0.0871,0.1541,2879.393621471864,2378.1936214718644,501.1999999999999,0.9604856474019549,0,0,2
0,1772830085.7742963,409.8,96,0.4575,0.0899,0.0723,0.1497,37.4401,8.9885,14.9682,55.3738,0.0,0.0,6.14,4.96,1.19,None,0.11686515808105469,3.918,True,None,sfc_cache_p6_19,0,None,104.66,0.0,792.0,69,60,6,5,0,False,90.47619047619048,13.161166666666668,0.5945,3.3,0.804,0.2333,0.0855,0.1547,2906.7961907335884,2387.5961907335886,519.1999999999998,0.9600013938432663,0,0,2
0,1772830085.7756147,409.8,96,0.4575,0.0899,0.0723,0.1497,37.4401,8.9885,14.9682,55.3738,0.0,0.0,9.3,7.02,2.28,None,0.11686515808105469,3.984,True,None,sfc_unique_p6_19,0,None,104.66,0.0,792.0,69,60,6,5,0,False,90.51724137931035,13.161166666666668,0.5945,3.3,0.804,0.2333,0.0855,0.1547,2906.7961907335884,2387.5961907335886,519.1999999999998,0.9600013938432663,0,0,2
0,1772830102.698081,426.7,96,0.4687,0.0899,0.0779,0.1746,38.844,8.9885,17.463,55.8776,0.0,0.0,6.66,4.96,1.71,None,0.0001838207244873047,4.359,True,None,sfc_cache_p1_20,0,None,104.66,0.0,792.0,69,62,6,6,0,False,90.55793991416309,13.236612903225808,0.5753225806451613,3.725806451612903,0.8239,0.2333,0.0771,0.1569,2935.405781869592,2398.205781869592,537.1999999999998,0.9600013938432663,0,0,2
0,1772830102.699616,426.7,96,0.4687,0.0899,0.0779,0.1746,38.844,8.9885,17.463,55.8776,0.0,0.0,17.11,14.8,2.3,None,0.0001838207244873047,4.007,True,None,sfc_unique_p1_20,0,None,104.66,0.0,792.0,69,62,6,6,0,False,90.5982905982906,13.236612903225808,0.5753225806451613,3.725806451612903,0.8239,0.2333,0.0771,0.1569,2935.405781869592,2398.205781869592,537.1999999999998,0.9600013938432663,0,0,2
0,1772830102.7232528,426.7,97,0.4756,0.0899,0.0807,0.1746,38.844,8.9885,17.463,56.9915,0.0,0.0,6.13,4.42,1.71,None,0.025870800018310547,3.962,True,None,sfc_cache_p2_20,0,None,108.66,0.0,825.0,71,64,6,6,0,False,90.63829787234042,13.244843750000001,0.55734375,3.609375,0.8232,0.2333,0.0757,0.1583,2965.405781869592,2398.205781869592,567.1999999999998,0.9600013938432663,0,0,2
0,1772830102.724874,426.7,97,0.4756,0.0899,0.0807,0.1746,38.844,8.9885,17.463,56.9915,0.0,0.0,8.27,8.27,0,None,0.025870800018310547,3.939,True,None,sfc_unique_p2_20,0,None,108.66,0.0,825.0,71,64,6,6,0,False,90.67796610169492,13.244843750000001,0.55734375,3.609375,0.8232,0.2333,0.0757,0.1583,2965.405781869592,2398.205781869592,567.1999999999998,0.9600013938432663,0,0,2
0,1772830102.74832,426.7,98,0.4857,0.0899,0.0877,0.1746,39.816,8.9885,17.463,57.8274,0.0,0.0,7.55,5.84,1.71,None,0.051141977310180664,3.866,True,None,sfc_cache_p3_20,0,None,112.66,0.0,858.0,73,66,6,6,0,False,90.71729957805907,13.252575757575759,0.5404545454545455,3.5,0.8353,0.2333,0.0744,0.1601,3003.7726861150213,2406.5726861150215,597.1999999999998,0.9600013938432663,0,0,2
0,1772830102.7498178,426.7,98,0.4857,0.0899,0.0877,0.1746,39.816,8.9885,17.463,57.8274,0.0,0.0,20.25,17.84,2.41,None,0.051141977310180664,3.835,True,None,sfc_unique_p3_20,0,None,112.66,0.0,858.0,73,66,6,6,0,False,90.75630252100841,13.252575757575759,0.5404545454545455,3.5,0.8353,0.2333,0.0744,0.1601,3003.7726861150213,2406.5726861150215,597.1999999999998,0.9600013938432663,0,0,2
0,1772830102.7727213,426.8,99,0.4955,0.0899,0.0946,0.1746,40.7879,8.9885,17.463,58.6283,0.0,0.0,7.55,5.84,1.71,None,0.07597804069519043,3.834,True,None,sfc_cache_p4_20,0,None,116.66,0.0,891.0,75,68,6,6,0,False,90.7949790794979,13.259852941176472,0.5245588235294117,3.3970588235294117,0.8474,0.2333,0.0731,0.16,3042.1395903604507,2414.939590360451,627.1999999999998,0.9600013938432663,0,0,2
0,1772830102.7741554,426.8,99,0.4955,0.0899,0.0946,0.1746,40.7879,8.9885,17.463,58.6283,0.0,0.0,17.75,15.19,2.56,None,0.07597804069519043,3.792,True,None,sfc_unique_p4_20,0,None,116.66,0.0,891.0,75,68,6,6,0,False,90.83333333333333,13.259852941176472,0.5245588235294117,3.3970588235294117,0.8474,0.2333,0.0731,0.16,3042.1395903604507,2414.939590360451,627.1999999999998,0.9600013938432663,0,0,2
0,1772830102.7967496,426.8,100,0.4955,0.0899,0.0946,0.1746,40.7879,8.9885,17.463,58.6283,0.0,0.0,None,None,None,None,0.1003410816192627,2.698,False,None,sfc_cache_p5_20,0,None,116.66,0.0,891.0,75,68,6,6,0,False,90.45643153526972,13.259852941176472,0.5245588235294117,3.3970588235294117,0.8474,0.2333,0.0731,0.16,3042.1395903604507,2414.939590360451,627.1999999999998,0.9600013938432663,0,0,2
0,1772830102.7984219,426.8,100,0.4955,0.0899,0.0946,0.1746,40.7879,8.9885,17.463,58.6283,0.0,0.0,8.27,8.27,0,None,0.1003410816192627,3.517,False,None,sfc_unique_p5_20,0,None,116.66,0.0,891.0,75,68,6,6,0,False,90.08264462809917,13.259852941176472,0.5245588235294117,3.3970588235294117,0.8474,0.2333,0.0731,0.16,3042.1395903604507,2414.939590360451,627.1999999999998,0.9600013938432663,0,0,2
0,1772830102.8203452,426.8,101,0.4955,0.0899,0.0946,0.1746,40.7879,8.9885,17.463,58.6283,0.0,0.0,None,None,None,None,0.12464213371276855,2.745,False,None,sfc_cache_p6_20,0,None,116.66,0.0,891.0,75,68,6,6,0,False,89.7119341563786,13.259852941176472,0.5245588235294117,3.3970588235294117,0.8474,0.2333,0.0731,0.16,3042.1395903604507,2414.939590360451,627.1999999999998,0.9600013938432663,0,0,2
0,1772830102.8218727,426.8,101,0.4955,0.0899,0.0946,0.1746,40.7879,8.9885,17.463,58.6283,0.0,0.0,None,None,None,None,0.12464213371276855,2.663,False,None,sfc_unique_p6_20,0,None,116.66,0.0,891.0,75,68,6,6,0,False,89.34426229508196,13.259852941176472,0.5245588235294117,3.3970588235294117,0.8474,0.2333,0.0731,0.16,3042.1395903604507,2414.939590360451,627.1999999999998,0.9600013938432663,0,0,2
0,1772830121.7257912,445.7,101,0.4045,0.0672,0.0025,0.1497,31.1763,6.7206,14.9682,55.2241,0.0,0.0,7.42,6.1,1.32,None,0.0002040863037109375,2.387,True,None,sfc_cache_p1_21,0,None,76.66,0.0,561.0,49,46,6,5,0,False,89.38775510204081,13.253695652173915,0.5797826086956522,4.304347826086956,0.7993,0.1507,0.0982,0.1192,2720.9494054045617,2312.1494054045615,408.80000000000007,0.9724013938432663,0,0,2
0,1772830121.7271512,445.7,101,0.4045,0.0672,0.0025,0.1497,31.1763,6.7206,14.9682,55.2241,0.0,0.0,8.22,7.1,1.12,None,0.0002040863037109375,2.69,True,None,sfc_unique_p1_21,0,None,76.66,0.0,561.0,49,46,6,5,0,False,89.43089430894308,13.253695652173915,0.5797826086956522,4.304347826086956,0.7993,0.1507,0.0982,0.1192,2720.9494054045617,2312.1494054045615,408.80000000000007,0.9724013938432663,0,0,2
0,1772830121.7508202,445.7,102,0.4155,0.0672,0.0067,0.1497,33.0846,6.7206,14.9682,54.4858,0.0,0.0,7.42,6.1,1.32,None,0.016781091690063477,3.947,True,None,sfc_cache_p2_21,0,None,80.66,0.0,594.0,52,48,6,5,0,False,89.47368421052632,13.263958333333335,0.555625,4.125,0.8053,0.1507,0.0962,0.127,2750.4951196902757,2327.295119690276,423.20000000000005,0.9653333938432663,0,0,2
0,1772830121.7521446,445.7,102,0.4155,0.0672,0.0067,0.1497,33.0846,6.7206,14.9682,54.4858,0.0,0.0,10.33,7.94,2.39,None,0.016781091690063477,3.93,True,None,sfc_unique_p2_21,0,None,80.66,0.0,594.0,52,48,6,5,0,False,89.51612903225806,13.263958333333335,0.555625,4.125,0.8053,0.1507,0.0962,0.127,2750.4951196902757,2327.295119690276,423.20000000000005,0.9653333938432663,0,0,2
0,1772830121.7753198,445.8,103,0.4262,0.0672,0.0123,0.1497,34.0565,6.7206,14.9682,55.1794,0.0,0.0,7.42,6.1,1.32,None,0.04175257682800293,3.898,True,None,sfc_cache_p3_21,0,None,84.66,0.0,627.0,54,50,6,5,0,False,89.5582329317269,13.273400000000002,0.5334,3.96,0.8146,0.1507,0.0942,0.1343,2777.4229768331325,2336.2229768331326,441.20000000000005,0.9653333938432663,0,0,2
0,1772830121.77667,445.8,103,0.4262,0.0672,0.0123,0.1497,34.0565,6.7206,14.9682,55.1794,0.0,0.0,12.61,9.87,2.74,None,0.04175257682800293,3.932,True,None,sfc_unique_p3_21,0,None,84.66,0.0,627.0,54,50,6,5,0,False,89.60000000000001,13.273400000000002,0.5334,3.96,0.8146,0.1507,0.0942,0.1343,2777.4229768331325,2336.2229768331326,441.20000000000005,0.9653333938432663,0,0,2
0,1772830121.80008,445.8,104,0.4365,0.0672,0.0178,0.1497,35.0285,6.7206,14.9682,55.8202,0.0,0.0,7.42,6.1,1.32,None,0.06629419326782227,3.815,True,None,sfc_cache_p4_21,0,None,88.66,0.0,660.0,57,52,6,5,0,False,89.64143426294821,13.282115384615386,0.5128846153846154,3.8076923076923075,0.8211,0.1507,0.0923,0.1394,2803.1372625474187,2343.937262547419,459.20000000000005,0.9653333938432663,0,0,2
0,1772830121.8013997,445.8,104,0.4365,0.0672,0.0178,0.1497,35.0285,6.7206,14.9682,55.8202,0.0,0.0,12.61,9.87,2.74,None,0.06629419326782227,3.948,True,None,sfc_unique_p4_21,0,None,88.66,0.0,660.0,57,52,6,5,0,False,89.68253968253968,13.282115384615386,0.5128846153846154,3.8076923076923075,0.8211,0.1507,0.0923,0.1394,2803.1372625474187,2343.937262547419,459.20000000000005,0.9653333938432663,0,0,2
0,1772830121.824476,445.8,105,0.4448,0.0672,0.0192,0.1497,35.0285,6.7206,14.9682,57.2102,0.0,0.0,6.89,5.57,1.32,None,0.09100890159606934,3.831,True,None,sfc_cache_p5_21,0,None,92.66,0.0,693.0,59,54,6,5,0,False,89.72332015810277,13.290185185185187,0.49388888888888893,3.6666666666666665,0.8207,0.1507,0.0905,0.1401,2833.1372625474187,2343.937262547419,489.20000000000005,0.9653333938432663,0,0,2
0,1772830121.825756,445.8,105,0.4448,0.0672,0.0192,0.1497,35.0285,6.7206,14.9682,57.2102,0.0,0.0,8.27,8.27,0,None,0.09100890159606934,3.919,True,None,sfc_unique_p5_21,0,None,92.66,0.0,693.0,59,54,6,5,0,False,89.76377952755905,13.290185185185187,0.49388888888888893,3.6666666666666665,0.8207,0.1507,0.0905,0.1401,2833.1372625474187,2343.937262547419,489.20000000000005,0.9653333938432663,0,0,2
0,1772830121.8481774,445.8,106,0.4528,0.0672,0.0206,0.1497,35.0285,6.7206,14.9682,58.4793,0.0,0.0,6.89,5.57,1.32,None,0.1153569221496582,3.778,True,None,sfc_cache_p6_21,0,None,96.66,0.0,726.0,61,56,6,5,0,False,89.80392156862746,13.297678571428573,0.47625,3.5357142857142856,0.821,0.1507,0.0888,0.1407,2863.1372625474187,2343.937262547419,519.2,0.9653333938432663,0,0,2
0,1772830121.849435,445.8,106,0.4528,0.0672,0.0206,0.1497,35.0285,6.7206,14.9682,58.4793,0.0,0.0,8.27,8.27,0,None,0.1153569221496582,3.809,True,None,sfc_unique_p6_21,0,None,96.66,0.0,726.0,61,56,6,5,0,False,89.84375,13.297678571428573,0.47625,3.5357142857142856,0.821,0.1507,0.0888,0.1407,2863.1372625474187,2343.937262547419,519.2,0.9653333938432663,0,0,2
0,1772830140.7647722,464.7,106,0.4646,0.0672,0.0237,0.1746,37.7284,6.7206,17.463,57.3203,0.0,0.0,6.55,5.18,1.37,None,0.0001556873321533203,2.445,True,None,sfc_cache_p1_22,0,None,96.66,0.0,726.0,61,58,6,6,0,False,89.88326848249028,13.373620689655173,0.45982758620689657,3.9827586206896552,0.8309,0.1507,0.1058,0.1472,2889.6114925427755,2360.4114925427752,529.2,0.9757971993624664,0,0,3
0,1772830140.7662246,464.7,106,0.4646,0.0672,0.0237,0.1746,37.7284,6.7206,17.463,57.3203,0.0,0.0,4.87,3.36,1.51,None,0.0001556873321533203,4.059,True,None,sfc_unique_p1_22,0,None,96.66,0.0,726.0,61,58,6,6,0,False,89.92248062015504,13.373620689655173,0.45982758620689657,3.9827586206896552,0.8309,0.1507,0.1058,0.1472,2889.6114925427755,2360.4114925427752,529.2,0.9757971993624664,0,0,3
0,1772830140.790297,464.8,107,0.4736,0.0672,0.0276,0.1746,39.9963,6.7206,17.463,56.2367,0.0,0.0,6.55,5.18,1.37,None,0.02042865753173828,3.935,True,None,sfc_cache_p2_22,0,None,100.66,0.0,759.0,64,60,6,6,0,False,89.96138996138995,13.377833333333335,0.4445,3.85,0.8353,0.1507,0.1038,0.1541,2913.435115047031,2374.2351150470313,539.2,0.9718487945814381,0,0,4
0,1772830140.7916038,464.8,107,0.4736,0.0672,0.0276,0.1746,39.9963,6.7206,17.463,56.2367,0.0,0.0,5.35,3.83,1.51,None,0.02042865753173828,3.922,True,None,sfc_unique_p2_22,0,None,100.66,0.0,759.0,64,60,6,6,0,False,90.0,13.377833333333335,0.4445,3.85,0.8353,0.1507,0.1038,0.1541,2913.435115047031,2374.2351150470313,539.2,0.9718487945814381,0,0,4
0,1772830140.815275,464.8,108,0.4824,0.0672,0.0332,0.1746,41.9046,6.7206,17.463,55.6409,0.0,0.0,6.55,5.18,1.37,None,0.0458073616027832,3.959,True,None,sfc_cache_p3_22,0,None,104.66,0.0,792.0,67,62,6,6,0,False,90.03831417624522,13.381774193548386,0.43016129032258066,3.725806451612903,0.8431,0.1507,0.102,0.1625,2944.125252022732,2390.5252520227323,553.6,0.9696460035305172,0,0,4
0,1772830140.8166173,464.8,108,0.4824,0.0672,0.0332,0.1746,41.9046,6.7206,17.463,55.6409,0.0,0.0,8.42,5.63,2.79,None,0.0458073616027832,3.934,True,None,sfc_unique_p3_22,0,None,104.66,0.0,792.0,67,62,6,6,0,False,90.07633587786259,13.381774193548386,0.43016129032258066,3.725806451612903,0.8431,0.1507,0.102,0.1625,2944.125252022732,2390.5252520227323,553.6,0.9696460035305172,0,0,4
0,1772830140.8406403,464.8,109,0.491,0.0672,0.0387,0.1746,43.8129,6.7206,17.463,55.0815,0.0,0.0,6.55,5.18,1.37,None,0.07082962989807129,3.875,True,None,sfc_cache_p4_22,0,None,108.66,0.0,825.0,70,64,6,6,0,False,90.11406844106465,13.385468750000001,0.41671875,3.609375,0.8462,0.1507,0.1001,0.1685,2976.9856296732505,2408.9856296732505,568.0,0.9687079428587946,0,0,4
0,1772830140.8421483,464.8,109,0.491,0.0672,0.0387,0.1746,43.8129,6.7206,17.463,55.0815,0.0,0.0,7.94,5.16,2.79,None,0.07082962989807129,4.064,True,None,sfc_unique_p4_22,0,None,108.66,0.0,825.0,70,64,6,6,0,False,90.15151515151516,13.385468750000001,0.41671875,3.609375,0.8462,0.1507,0.1001,0.1685,2976.9856296732505,2408.9856296732505,568.0,0.9687079428587946,0,0,4
0,1772830140.8667533,464.8,110,0.4976,0.0672,0.0429,0.1746,44.7849,6.7206,17.463,55.1741,0.0,0.0,6.02,4.65,1.37,None,0.09639191627502441,3.938,True,None,sfc_cache_p5_22,0,None,112.66,0.0,858.0,73,66,6,6,0,False,90.18867924528303,13.388939393939395,0.4040909090909091,3.5,0.8524,0.1507,0.0984,0.1707,3002.699915387536,2416.699915387536,586.0,0.966922485220658,0,0,4
0,1772830140.8682194,464.8,110,0.4976,0.0672,0.0429,0.1746,44.7849,6.7206,17.463,55.1741,0.0,0.0,9.22,6.78,2.44,None,0.09639191627502441,3.967,True,None,sfc_unique_p5_22,0,None,112.66,0.0,858.0,73,66,6,6,0,False,90.22556390977444,13.388939393939395,0.4040909090909091,3.5,0.8524,0.1507,0.0984,0.1707,3002.699915387536,2416.699915387536,586.0,0.966922485220658,0,0,4
0,1772830140.8920884,464.9,111,0.5039,0.0672,0.0443,0.1746,44.7849,6.7206,17.463,56.2814,0.0,0.0,6.02,4.65,1.37,None,0.12243080139160156,3.909,True,None,sfc_cache_p6_22,0,None,116.66,0.0,891.0,75,68,6,6,0,False,90.2621722846442,13.392205882352942,0.3922058823529412,3.3970588235294117,0.8516,0.1507,0.0967,0.1709,3032.699915387536,2416.699915387536,616.0,0.966922485220658,0,0,4
0,1772830140.8935122,464.9,111,0.5039,0.0672,0.0443,0.1746,44.7849,6.7206,17.463,56.2814,0.0,0.0,8.27,8.27,0,None,0.12243080139160156,3.855,True,None,sfc_unique_p6_22,0,None,116.66,0.0,891.0,75,68,6,6,0,False,90.29850746268657,13.392205882352942,0.3922058823529412,3.3970588235294117,0.8516,0.1507,0.0967,0.1709,3032.699915387536,2416.699915387536,616.0,0.966922485220658,0,0,4
0,1772830169.8049235,493.8,111,0.4658,0.0445,0.0042,0.1497,36.8288,4.4527,14.9682,58.62,0.0,0.0,6.14,4.96,1.19,None,0.0002033710479736328,3.955,True,None,sfc_cache_p1_23,0,None,100.66,0.0,759.0,63,58,6,6,0,False,90.33457249070632,13.459827586206895,0.30465517241379314,3.413793103448276,0.8252,0.0833,0.0716,0.1362,2891.962614660095,2355.1626146600947,536.8,0.9609623843986999,0,0,3
0,1772830169.806297,493.8,111,0.4658,0.0445,0.0042,0.1497,36.8288,4.4527,14.9682,58.62,0.0,0.0,9.88,7.62,2.25,None,0.0002033710479736328,4.038,True,None,sfc_unique_p1_23,0,None,100.66,0.0,759.0,63,58,6,6,0,False,90.37037037037037,13.459827586206895,0.30465517241379314,3.413793103448276,0.8252,0.0833,0.0716,0.1362,2891.962614660095,2355.1626146600947,536.8,0.9609623843986999,0,0,3
0,1772830169.8302114,493.8,112,0.4766,0.0445,0.0083,0.1497,37.8008,4.4527,14.9682,59.5317,0.0,0.0,7.03,5.84,1.19,None,0.02615070343017578,3.944,True,None,sfc_cache_p2_23,0,None,104.66,0.0,792.0,66,60,6,6,0,False,90.40590405904058,13.461166666666665,0.29450000000000004,3.3,0.8242,0.0833,0.0702,0.1319,2931.365183921819,2364.565183921819,566.8,0.9609623843986999,0,0,3
0,1772830169.8316317,493.8,112,0.4766,0.0445,0.0083,0.1497,37.8008,4.4527,14.9682,59.5317,0.0,0.0,11.65,9.4,2.25,None,0.02615070343017578,3.977,True,None,sfc_unique_p2_23,0,None,104.66,0.0,792.0,66,60,6,6,0,False,90.44117647058823,13.461166666666665,0.29450000000000004,3.3,0.8242,0.0833,0.0702,0.1319,2931.365183921819,2364.565183921819,566.8,0.9609623843986999,0,0,3
0,1772830169.8527098,493.8,113,0.4766,0.0445,0.0083,0.1497,37.8008,4.4527,14.9682,59.5317,0.0,0.0,None,None,None,None,0.051497697830200195,2.666,False,None,sfc_cache_p3_23,0,None,104.66,0.0,792.0,66,60,6,6,0,False,90.10989010989012,13.461166666666665,0.29450000000000004,3.3,0.8242,0.0833,0.0702,0.1319,2931.365183921819,2364.565183921819,566.8,0.9609623843986999,0,0,3
0,1772830169.853987,493.8,113,0.4766,0.0445,0.0083,0.1497,37.8008,4.4527,14.9682,59.5317,0.0,0.0,None,None,None,None,0.051497697830200195,2.667,False,None,sfc_unique_p3_23,0,None,104.66,0.0,792.0,66,60,6,6,0,False,89.78102189781022,13.461166666666665,0.29450000000000004,3.3,0.8242,0.0833,0.0702,0.1319,2931.365183921819,2364.565183921819,566.8,0.9609623843986999,0,0,3
0,1772830169.875619,493.9,114,0.4766,0.0445,0.0083,0.1497,37.8008,4.4527,14.9682,59.5317,0.0,0.0,None,None,None,None,0.07380461692810059,2.738,False,None,sfc_cache_p4_23,0,None,104.66,0.0,792.0,66,60,6,6,0,False,89.45454545454545,13.461166666666665,0.29450000000000004,3.3,0.8242,0.0833,0.0702,0.1319,2931.365183921819,2364.565183921819,566.8,0.9609623843986999,0,0,3
0,1772830169.876939,493.9,114,0.4766,0.0445,0.0083,0.1497,37.8008,4.4527,14.9682,59.5317,0.0,0.0,10.33,10.33,0,None,0.07380461692810059,3.424,False,None,sfc_unique_p4_23,0,None,104.66,0.0,792.0,66,60,6,6,0,False,89.13043478260869,13.461166666666665,0.29450000000000004,3.3,0.8242,0.0833,0.0702,0.1319,2931.365183921819,2364.565183921819,566.8,0.9609623843986999,0,0,3
0,1772830170.0343804,494.0,115,0.4766,0.0445,0.0083,0.1497,37.8008,4.4527,14.9682,59.5317,0.0,0.0,None,None,None,None,0.09672784805297852,2.792,False,None,sfc_cache_p5_23,0,None,104.66,0.0,792.0,66,60,6,6,0,False,88.8086642599278,13.461166666666665,0.29450000000000004,3.3,0.8242,0.0833,0.0702,0.1319,2931.365183921819,2364.565183921819,566.8,0.9609623843986999,0,0,3
0,1772830170.0358536,494.0,115,0.4766,0.0445,0.0083,0.1497,37.8008,4.4527,14.9682,59.5317,0.0,0.0,None,None,None,None,0.09672784805297852,2.633,False,None,sfc_unique_p5_23,0,None,104.66,0.0,792.0,66,60,6,6,0,False,88.48920863309353,13.461166666666665,0.29450000000000004,3.3,0.8242,0.0833,0.0702,0.1319,2931.365183921819,2364.565183921819,566.8,0.9609623843986999,0,0,3
0,1772830170.0573366,494.0,116,0.4766,0.0445,0.0083,0.1497,37.8008,4.4527,14.9682,59.5317,0.0,0.0,None,None,None,None,0.2556302547454834,2.741,False,None,sfc_cache_p6_23,0,None,104.66,0.0,792.0,66,60,6,6,0,False,88.17204301075269,13.461166666666665,0.29450000000000004,3.3,0.8242,0.0833,0.0702,0.1319,2931.365183921819,2364.565183921819,566.8,0.9609623843986999,0,0,3
0,1772830170.0586064,494.0,116,0.4766,0.0445,0.0083,0.1497,37.8008,4.4527,14.9682,59.5317,0.0,0.0,10.33,10.33,0,None,0.2556302547454834,3.412,False,None,sfc_unique_p6_23,0,None,104.66,0.0,792.0,66,60,6,6,0,False,87.85714285714286,13.461166666666665,0.29450000000000004,3.3,0.8242,0.0833,0.0702,0.1319,2931.365183921819,2364.565183921819,566.8,0.9609623843986999,0,0,3
0,1772830176.0190983,500.0,116,0.4858,0.0461,0.0064,0.1497,39.0967,4.4527,15.5087,57.9707,0.0,0.0,7.55,5.84,1.71,None,0.0001628398895263672,3.879,True,None,sfc_cache_p3_20,0,None,104.66,0.0,792.0,66,60,6,6,0,True,87.90035587188612,13.461166666666665,0.29450000000000004,3.3,0.8317,0.0909,0.0729,0.1356,2865.1586882818683,2313.9586882818685,551.1999999999999,0.9665703731282771,0,0,4
0,1772830176.020501,500.0,116,0.4858,0.0461,0.0064,0.1497,39.0967,4.4527,15.5087,57.9707,0.0,0.0,5.66,4.13,1.53,None,0.0001628398895263672,3.922,True,None,sfc_unique_p3_20,0,None,104.66,0.0,792.0,66,60,6,6,0,True,87.94326241134752,13.461166666666665,0.29450000000000004,3.3,0.8317,0.0909,0.0729,0.1356,2865.1586882818683,2313.9586882818685,551.1999999999999,0.9665703731282771,0,0,4
0,1772830188.8380253,512.8,116,0.3859,0.0,0.0033,0.1247,26.3165,0.0,12.9239,59.3477,0.0,0.0,3.11,2.19,0.92,None,9.107589721679688e-05,4.019,True,None,sfc_cache_p1_24,0,None,56.0,0.0,462.0,38,38,6,5,0,True,87.98586572438163,14.026315789473685,4.674623261579606e-17,4.342105263157895,0.7202,1.0,0.0924,0.1051,2543.223912189976,2175.623912189976,367.6,0.9757898332196697,0,0,5
0,1772830188.8391438,512.8,116,0.3859,0.0,0.0033,0.1247,26.3165,0.0,12.9239,59.3477,0.0,0.0,7.49,4.86,2.63,None,9.107589721679688e-05,3.979,True,None,sfc_unique_p1_24,0,None,56.0,0.0,462.0,38,38,6,5,0,True,88.02816901408451,14.026315789473685,4.674623261579606e-17,4.342105263157895,0.7202,1.0,0.0924,0.1051,2543.223912189976,2175.623912189976,367.6,0.9757898332196697,0,0,5
0,1772830188.860645,512.8,117,0.3952,0.0,0.0075,0.1247,28.2248,0.0,12.9239,57.4283,0.0,0.0,4.7,3.15,1.56,None,0.023761510848999023,3.9,True,None,sfc_cache_p2_24,0,None,64.33,0.0,495.0,42,40,6,5,0,True,88.0701754385965,13.891750000000002,4.4408920985006264e-17,4.125,0.7215,1.0,0.0902,0.114,2564.5321462094776,2186.9321462094777,377.6,0.975406951312844,0,0,5
0,1772830188.8617246,512.8,117,0.3952,0.0,0.0075,0.1247,28.2248,0.0,12.9239,57.4283,0.0,0.0,7.49,4.86,2.63,None,0.023761510848999023,3.914,True,None,sfc_unique_p2_24,0,None,64.33,0.0,495.0,42,40,6,5,0,True,88.11188811188812,13.891750000000002,4.4408920985006264e-17,4.125,0.7215,1.0,0.0902,0.114,2564.5321462094776,2186.9321462094777,377.6,0.975406951312844,0,0,5
0,1772830188.8837206,512.9,118,0.4041,0.0,0.0117,0.1247,29.1967,0.0,12.9239,57.3005,0.0,0.0,4.7,3.15,1.56,None,0.04131484031677246,3.952,True,None,sfc_cache_p3_24,0,None,72.66,0.0,528.0,46,42,6,5,0,True,88.15331010452961,13.770000000000001,4.229421046191072e-17,3.9285714285714284,0.7323,1.0,0.0881,0.1187,2591.934715471202,2196.334715471202,395.6,0.9752119350614897,0,0,5
0,1772830188.8847692,512.9,118,0.4041,0.0,0.0117,0.1247,29.1967,0.0,12.9239,57.3005,0.0,0.0,9.39,6.76,2.63,None,0.04131484031677246,3.93,True,None,sfc_unique_p3_24,0,None,72.66,0.0,528.0,46,42,6,5,0,True,88.19444444444444,13.770000000000001,4.229421046191072e-17,3.9285714285714284,0.7323,1.0,0.0881,0.1187,2591.934715471202,2196.334715471202,395.6,0.9752119350614897,0,0,5
0,1772830188.9069443,512.9,119,0.4139,0.0,0.0159,0.1247,30.1687,0.0,12.9239,57.3169,0.0,0.0,5.12,3.56,1.56,None,0.06430745124816895,3.837,True,None,sfc_cache_p4_24,0,None,76.66,0.0,561.0,49,44,6,5,0,True,88.23529411764706,13.757727272727273,4.0371746350005693e-17,3.75,0.742,1.0,0.0861,0.1197,2619.337284732926,2205.737284732926,413.6,0.9750169188101356,0,0,5
0,1772830188.908038,512.9,119,0.4139,0.0,0.0159,0.1247,30.1687,0.0,12.9239,57.3169,0.0,0.0,8.32,5.7,2.63,None,0.06430745124816895,3.958,True,None,sfc_unique_p4_24,0,None,76.66,0.0,561.0,49,44,6,5,0,True,88.27586206896552,13.757727272727273,4.0371746350005693e-17,3.75,0.742,1.0,0.0861,0.1197,2619.337284732926,2205.737284732926,413.6,0.9750169188101356,0,0,5
0,1772830188.9300463,512.9,120,0.4251,0.0,0.02,0.1247,31.1407,0.0,12.9239,57.9352,0.0,0.0,5.65,4.1,1.56,None,0.0875697135925293,3.823,True,None,sfc_cache_p5_24,0,None,80.66,0.0,594.0,52,46,6,5,0,True,88.31615120274914,13.746521739130435,3.8616453030440226e-17,3.5869565217391304,0.7503,1.0,0.0842,0.118,2646.7398539946503,2215.1398539946504,431.6,0.9748219025587813,0,0,5
0,1772830188.9311557,512.9,120,0.4251,0.0,0.02,0.1247,31.1407,0.0,12.9239,57.9352,0.0,0.0,9.39,6.76,2.63,None,0.0875697135925293,3.906,True,None,sfc_unique_p5_24,0,None,80.66,0.0,594.0,52,46,6,5,0,True,88.35616438356165,13.746521739130435,3.8616453030440226e-17,3.5869565217391304,0.7503,1.0,0.0842,0.118,2646.7398539946503,2215.1398539946504,431.6,0.9748219025587813,0,0,5
0,1772830188.9527757,512.9,121,0.4342,0.0,0.0214,0.1247,31.1407,0.0,12.9239,59.3584,0.0,0.0,5.12,3.56,1.56,None,0.11070632934570312,3.918,True,None,sfc_cache_p6_24,0,None,84.66,0.0,627.0,54,48,6,5,0,True,88.39590443686008,13.73625,3.700743415417188e-17,3.4375,0.7542,1.0,0.0824,0.1169,2676.7398539946503,2215.1398539946504,461.6,0.9748219025587813,0,0,5
0,1772830188.9539154,512.9,121,0.4342,0.0,0.0214,0.1247,31.1407,0.0,12.9239,59.3584,0.0,0.0,8.27,8.27,0,None,0.11070632934570312,3.841,True,None,sfc_unique_p6_24,0,None,84.66,0.0,627.0,54,48,6,5,0,True,88.43537414965986,13.73625,3.700743415417188e-17,3.4375,0.7542,1.0,0.0824,0.1169,2676.7398539946503,2215.1398539946504,461.6,0.9748219025587813,0,0,5
0,1772830211.8761804,535.9,121,0.3885,0.0,0.0063,0.1247,27.9008,0.0,12.4735,56.8871,0.0,0.0,8.16,6.67,1.49,None,0.0001881122589111328,3.873,True,None,sfc_cache_p1_25,0,None,72.66,0.0,528.0,49,42,6,5,0,False,88.47457627118645,13.770000000000001,4.229421046191072e-17,3.9285714285714284,0.6807,1.0,0.1033,0.1077,2643.381622039932,2256.181622039932,387.20000000000005,0.9702978743228603,0,0,4
0,1772830211.877412,535.9,121,0.3885,0.0,0.0063,0.1247,27.9008,0.0,12.4735,56.8871,0.0,0.0,11.36,8.8,2.56,None,0.0001881122589111328,3.862,True,None,sfc_unique_p1_25,0,None,72.66,0.0,528.0,49,42,6,5,0,False,88.51351351351352,13.770000000000001,4.229421046191072e-17,3.9285714285714284,0.6807,1.0,0.1033,0.1077,2643.381622039932,2256.181622039932,387.20000000000005,0.9702978743228603,0,0,4
0,1772830211.8990538,535.9,122,0.4016,0.0,0.0106,0.1247,30.1687,0.0,12.4735,56.0843,0.0,0.0,9.58,8.09,1.49,None,0.023590564727783203,3.929,True,None,sfc_cache_p2_25,0,None,76.66,0.0,561.0,51,44,6,5,0,False,88.55218855218855,13.757727272727273,4.0371746350005693e-17,3.75,0.7041,1.0,0.1011,0.1154,2680.281622039932,2278.681622039932,401.6,0.9688782994582882,0,0,5
0,1772830211.900119,535.9,122,0.4016,0.0,0.0106,0.1247,30.1687,0.0,12.4735,56.0843,0.0,0.0,10.8,9.26,1.54,None,0.023590564727783203,3.784,True,None,sfc_unique_p2_25,0,None,76.66,0.0,561.0,51,44,6,5,0,False,88.59060402684564,13.757727272727273,4.0371746350005693e-17,3.75,0.7041,1.0,0.1011,0.1154,2680.281622039932,2278.681622039932,401.6,0.9688782994582882,0,0,5
0,1772830211.922057,535.9,123,0.4052,0.0227,0.0169,0.1247,30.1687,2.2679,12.4735,56.1616,0.0,0.0,8.16,6.67,1.49,None,0.04626274108886719,3.837,True,None,sfc_cache_p3_25,0,None,80.66,0.0,594.0,53,46,6,5,0,False,88.62876254180601,13.550869565217392,0.1956521739130435,3.5869565217391304,0.7124,0.0833,0.0989,0.122,2720.781622039932,2301.181622039932,419.6,0.9674382994582882,0,0,5
0,1772830211.9231825,535.9,123,0.4052,0.0227,0.0169,0.1247,30.1687,2.2679,12.4735,56.1616,0.0,0.0,6.65,4.43,2.21,None,0.04626274108886719,3.929,True,None,sfc_unique_p3_25,0,None,80.66,0.0,594.0,53,46,6,5,0,False,88.66666666666667,13.550869565217392,0.1956521739130435,3.5869565217391304,0.7124,0.0833,0.0989,0.122,2720.781622039932,2301.181622039932,419.6,0.9674382994582882,0,0,5
0,1772830211.9448876,535.9,124,0.416,0.0227,0.0231,0.1247,31.1407,2.2679,12.4735,56.7827,0.0,0.0,8.69,7.2,1.49,None,0.06933903694152832,3.873,True,None,sfc_cache_p4_25,0,None,84.66,0.0,627.0,56,48,6,5,0,False,88.70431893687709,13.54875,0.1875,3.4375,0.722,0.0833,0.0968,0.1267,2746.4959077542176,2308.8959077542177,437.6,0.9674382994582882,0,0,5
0,1772830211.9461348,535.9,124,0.416,0.0227,0.0231,0.1247,31.1407,2.2679,12.4735,56.7827,0.0,0.0,12.43,9.87,2.56,None,0.06933903694152832,3.86,True,None,sfc_unique_p4_25,0,None,84.66,0.0,627.0,56,48,6,5,0,False,88.74172185430463,13.54875,0.1875,3.4375,0.722,0.0833,0.0968,0.1267,2746.4959077542176,2308.8959077542177,437.6,0.9674382994582882,0,0,5
0,1772830211.9687448,535.9,125,0.4247,0.0227,0.0252,0.1247,31.1407,2.2679,12.4735,58.1667,0.0,0.0,8.16,6.67,1.49,None,0.09227800369262695,3.866,True,None,sfc_cache_p5_25,0,None,88.66,0.0,660.0,58,50,6,5,0,False,88.77887788778878,13.546800000000001,0.18,3.3,0.7261,0.0833,0.0949,0.1276,2776.4959077542176,2308.8959077542177,467.6,0.9674382994582882,0,0,5
0,1772830211.9700243,535.9,125,0.4247,0.0227,0.0252,0.1247,31.1407,2.2679,12.4735,58.1667,0.0,0.0,8.27,8.27,0,None,0.09227800369262695,3.859,True,None,sfc_unique_p5_25,0,None,88.66,0.0,660.0,58,50,6,5,0,False,88.81578947368422,13.546800000000001,0.18,3.3,0.7261,0.0833,0.0949,0.1276,2776.4959077542176,2308.8959077542177,467.6,0.9674382994582882,0,0,5
0,1772830211.9922523,536.0,126,0.4332,0.0227,0.0273,0.1247,31.1407,2.2679,12.4735,59.4271,0.0,0.0,8.16,6.67,1.49,None,0.11617803573608398,3.931,True,None,sfc_cache_p6_25,0,None,92.66,0.0,693.0,60,52,6,5,0,False,88.85245901639345,13.545,0.17307692307692307,3.173076923076923,0.7304,0.0833,0.093,0.1282,2806.4959077542176,2308.8959077542177,497.6,0.9674382994582882,0,0,5
0,1772830211.993511,536.0,126,0.4332,0.0227,0.0273,0.1247,31.1407,2.2679,12.4735,59.4271,0.0,0.0,8.27,8.27,0,None,0.11617803573608398,3.769,True,None,sfc_unique_p6_25,0,None,92.66,0.0,693.0,60,52,6,5,0,False,88.88888888888889,13.545,0.17307692307692307,3.173076923076923,0.7304,0.0833,0.093,0.1282,2806.4959077542176,2308.8959077542177,497.6,0.9674382994582882,0,0,5
0,1772830228.9111695,552.9,126,0.4437,0.0227,0.0336,0.1497,32.5446,2.2679,14.9682,59.3491,0.0,0.0,5.27,3.82,1.46,None,0.0001201629638671875,4.058,True,None,sfc_cache_p1_26,0,None,92.66,0.0,693.0,61,54,6,6,0,False,88.92508143322475,13.617407407407407,0.16666666666666666,3.6666666666666665,0.7443,0.0833,0.1081,0.142,2832.041179383996,2316.4411793839963,515.6,0.9674382994582882,0,0,5
0,1772830228.912525,552.9,126,0.4437,0.0227,0.0336,0.1497,32.5446,2.2679,14.9682,59.3491,0.0,0.0,8.48,5.95,2.53,None,0.0001201629638671875,4.04,True,None,sfc_unique_p1_26,0,None,92.66,0.0,693.0,61,54,6,6,0,False,88.96103896103897,13.617407407407407,0.16666666666666666,3.6666666666666665,0.7443,0.0833,0.1081,0.142,2832.041179383996,2316.4411793839963,515.6,0.9674382994582882,0,0,5
0,1772830228.9361718,552.9,127,0.4515,0.0227,0.0398,0.1497,33.5166,2.2679,14.9682,59.2774,0.0,0.0,5.27,3.82,1.46,None,0.02515721321105957,4.082,True,None,sfc_cache_p2_26,0,None,96.66,0.0,726.0,64,56,6,6,0,False,88.9967637540453,13.613214285714287,0.16071428571428573,3.5357142857142856,0.7547,0.0833,0.106,0.1526,2855.264828973843,2321.664828973843,533.6,0.9674382994582882,0,0,5
0,1772830228.9375217,552.9,127,0.4515,0.0227,0.0398,0.1497,33.5166,2.2679,14.9682,59.2774,0.0,0.0,8.48,5.95,2.53,None,0.02515721321105957,4.072,True,None,sfc_unique_p2_26,0,None,96.66,0.0,726.0,64,56,6,6,0,False,89.03225806451613,13.613214285714287,0.16071428571428573,3.5357142857142856,0.7547,0.0833,0.106,0.1526,2855.264828973843,2321.664828973843,533.6,0.9674382994582882,0,0,5
0,1772830228.9604511,552.9,128,0.4554,0.0454,0.0461,0.1497,34.4529,4.5358,14.9682,58.5803,0.0,0.0,5.81,4.35,1.46,None,0.05014181137084961,3.995,True,None,sfc_cache_p3_26,0,None,100.66,0.0,759.0,66,58,6,6,0,False,89.06752411575563,13.45413793103448,0.3103448275862069,3.413793103448276,0.7567,0.1531,0.104,0.158,2890.91115307228,2342.91115307228,548.0,0.9670554175514626,0,0,5
0,1772830228.9618485,552.9,128,0.4554,0.0454,0.0461,0.1497,34.4529,4.5358,14.9682,58.5803,0.0,0.0,5.82,3.55,2.28,None,0.05014181137084961,4.089,True,None,sfc_unique_p3_26,0,None,100.66,0.0,759.0,66,58,6,6,0,False,89.1025641025641,13.45413793103448,0.3103448275862069,3.413793103448276,0.7567,0.1531,0.104,0.158,2890.91115307228,2342.91115307228,548.0,0.9670554175514626,0,0,5
0,1772830228.9854429,553.0,129,0.4644,0.0454,0.0523,0.1497,35.4249,4.5358,14.9682,58.9932,0.0,0.0,5.81,4.35,1.46,None,0.07445120811462402,3.989,True,None,sfc_cache_p4_26,0,None,104.66,0.0,792.0,69,60,6,6,0,False,89.1373801916933,13.455666666666666,0.3,3.3,0.7657,0.1531,0.1021,0.1618,2914.1348026621263,2348.1348026621263,566.0,0.9670554175514626,0,0,5
0,1772830228.986752,553.0,129,0.4644,0.0454,0.0523,0.1497,35.4249,4.5358,14.9682,58.9932,0.0,0.0,9.54,7.02,2.53,None,0.07445120811462402,4.009,True,None,sfc_unique_p4_26,0,None,104.66,0.0,792.0,69,60,6,6,0,False,89.171974522293,13.455666666666666,0.3,3.3,0.7657,0.1531,0.1021,0.1618,2914.1348026621263,2348.1348026621263,566.0,0.9670554175514626,0,0,5
0,1772830229.0099266,553.0,130,0.4731,0.0454,0.0586,0.1497,36.3968,4.5358,14.9682,59.3815,0.0,0.0,5.81,4.35,1.46,None,0.09939742088317871,3.976,True,None,sfc_cache_p5_26,0,None,108.66,0.0,825.0,72,62,6,6,0,False,89.20634920634922,13.457096774193547,0.2903225806451613,3.193548387096774,0.7737,0.1531,0.1002,0.1626,2937.358452251973,2353.358452251973,584.0,0.9670554175514626,0,0,5
0,1772830229.01124,553.0,130,0.4731,0.0454,0.0586,0.1497,36.3968,4.5358,14.9682,59.3815,0.0,0.0,9.54,7.02,2.53,None,0.09939742088317871,4.024,True,None,sfc_unique_p5_26,0,None,108.66,0.0,825.0,72,62,6,6,0,False,89.24050632911393,13.457096774193547,0.2903225806451613,3.193548387096774,0.7737,0.1531,0.1002,0.1626,2937.358452251973,2353.358452251973,584.0,0.9670554175514626,0,0,5
0,1772830229.0350273,553.0,131,0.4799,0.0454,0.0607,0.1497,36.3968,4.5358,14.9682,60.3534,0.0,0.0,5.27,3.82,1.46,None,0.1238710880279541,3.982,True,None,sfc_cache_p6_26,0,None,112.66,0.0,858.0,74,64,6,6,0,False,89.27444794952682,13.4584375,0.28125,3.09375,0.7764,0.1531,0.0984,0.1623,2967.358452251973,2353.358452251973,614.0,0.9670554175514626,0,0,5
0,1772830229.036549,553.0,131,0.4799,0.0454,0.0607,0.1497,36.3968,4.5358,14.9682,60.3534,0.0,0.0,8.27,8.27,0,None,0.1238710880279541,4.128,True,None,sfc_unique_p6_26,0,None,112.66,0.0,858.0,74,64,6,6,0,False,89.30817610062893,13.4584375,0.28125,3.09375,0.7764,0.1531,0.0984,0.1623,2967.358452251973,2353.358452251973,614.0,0.9670554175514626,0,0,5
0,1772830242.937456,566.9,131,0.4312,0.068,0.0248,0.1497,30.2767,6.8037,14.9682,59.2529,0.0,0.0,5.11,3.56,1.55,None,0.00018143653869628906,4.087,True,None,sfc_cache_p1_27,0,None,92.66,0.0,693.0,61,54,6,6,0,False,89.34169278996865,13.284074074074075,0.5,3.6666666666666665,0.7367,0.1664,0.0905,0.1456,2824.037316204922,2312.437316204922,511.59999999999997,0.9738011592632719,0,0,4
0,1772830242.938833,566.9,131,0.4312,0.068,0.0248,0.1497,30.2767,6.8037,14.9682,59.2529,0.0,0.0,7.0,4.38,2.62,None,0.00018143653869628906,4.077,True,None,sfc_unique_p1_27,0,None,92.66,0.0,693.0,61,54,6,6,0,False,89.375,13.284074074074075,0.5,3.6666666666666665,0.7367,0.1664,0.0905,0.1456,2824.037316204922,2312.437316204922,511.59999999999997,0.9738011592632719,0,0,4
0,1772830242.9626105,566.9,132,0.4408,0.068,0.0303,0.1497,32.185,6.8037,14.9682,58.5338,0.0,0.0,5.65,4.1,1.55,None,0.025705337524414062,3.953,True,None,sfc_cache_p2_27,0,None,96.66,0.0,726.0,63,56,6,6,0,False,89.40809968847351,13.291785714285712,0.48214285714285715,3.5357142857142856,0.7433,0.1664,0.0888,0.1541,2855.4706701748955,2329.4706701748955,526.0,0.9738011592632719,0,0,4
0,1772830242.9638288,566.9,132,0.4408,0.068,0.0303,0.1497,32.185,6.8037,14.9682,58.5338,0.0,0.0,8.12,5.25,2.87,None,0.025705337524414062,4.024,True,None,sfc_unique_p2_27,0,None,96.66,0.0,726.0,63,56,6,6,0,False,89.44099378881988,13.291785714285712,0.48214285714285715,3.5357142857142856,0.7433,0.1664,0.0888,0.1541,2855.4706701748955,2329.4706701748955,526.0,0.9738011592632719,0,0,4
0,1772830242.9876792,567.0,133,0.4465,0.0907,0.0356,0.1497,33.4809,9.0717,14.9682,57.897,0.0,0.0,6.54,4.99,1.55,None,0.0507044792175293,3.994,True,None,sfc_cache_p3_27,0,None,100.66,0.0,759.0,65,58,6,6,0,False,89.47368421052632,13.143793103448274,0.6206896551724138,3.413793103448276,0.7443,0.2328,0.0871,0.1595,2892.3045039467574,2351.9045039467574,540.4,0.9717864735834298,0,0,5
0,1772830242.988997,567.0,133,0.4465,0.0907,0.0356,0.1497,33.4809,9.0717,14.9682,57.897,0.0,0.0,3.54,1.79,1.76,None,0.0507044792175293,4.013,True,None,sfc_unique_p3_27,0,None,100.66,0.0,759.0,65,58,6,6,0,False,89.50617283950618,13.143793103448274,0.6206896551724138,3.413793103448276,0.7443,0.2328,0.0871,0.1595,2892.3045039467574,2351.9045039467574,540.4,0.9717864735834298,0,0,5
0,1772830243.0134602,567.0,134,0.454,0.0907,0.0398,0.1497,34.4529,9.0717,14.9682,57.8855,0.0,0.0,5.11,3.56,1.55,None,0.07583975791931152,4.032,True,None,sfc_cache_p4_27,0,None,104.66,0.0,792.0,68,60,6,6,0,False,89.53846153846153,13.155666666666665,0.6,3.3,0.7495,0.2328,0.0855,0.1624,2910.3045039467574,2351.9045039467574,558.4,0.9714003193940467,0,0,5
0,1772830243.0147674,567.0,134,0.454,0.0907,0.0398,0.1497,34.4529,9.0717,14.9682,57.8855,0.0,0.0,8.32,5.7,2.62,None,0.07583975791931152,4.013,True,None,sfc_unique_p4_27,0,None,104.66,0.0,792.0,68,60,6,6,0,False,89.57055214723927,13.155666666666665,0.6,3.3,0.7495,0.2328,0.0855,0.1624,2910.3045039467574,2351.9045039467574,558.4,0.9714003193940467,0,0,5
0,1772830243.039204,567.0,135,0.4629,0.0907,0.0454,0.1497,35.4249,9.0717,14.9682,58.3069,0.0,0.0,5.65,4.1,1.55,None,0.10164070129394531,4.017,True,None,sfc_cache_p5_27,0,None,108.66,0.0,825.0,71,62,6,6,0,False,89.60244648318043,13.166774193548386,0.5806451612903226,3.193548387096774,0.7561,0.2328,0.0839,0.1636,2937.7070732084817,2361.3070732084816,576.4,0.9714003193940467,0,0,5
0,1772830243.0404918,567.0,135,0.4629,0.0907,0.0454,0.1497,35.4249,9.0717,14.9682,58.3069,0.0,0.0,9.88,7.02,2.87,None,0.10164070129394531,4.049,True,None,sfc_unique_p5_27,0,None,108.66,0.0,825.0,71,62,6,6,0,False,89.63414634146342,13.166774193548386,0.5806451612903226,3.193548387096774,0.7561,0.2328,0.0839,0.1636,2937.7070732084817,2361.3070732084816,576.4,0.9714003193940467,0,0,5
0,1772830243.0648916,567.0,136,0.4699,0.0907,0.0468,0.1497,35.4249,9.0717,14.9682,59.3174,0.0,0.0,5.11,3.56,1.55,None,0.12734675407409668,3.988,True,None,sfc_cache_p6_27,0,None,112.66,0.0,858.0,73,64,6,6,0,False,89.66565349544074,13.1771875,0.5625,3.09375,0.7589,0.2328,0.0824,0.1633,2967.7070732084817,2361.3070732084816,606.4,0.9714003193940467,0,0,5
0,1772830243.0662029,567.0,136,0.4699,0.0907,0.0468,0.1497,35.4249,9.0717,14.9682,59.3174,0.0,0.0,8.27,8.27,0,None,0.12734675407409668,4.031,True,None,sfc_unique_p6_27,0,None,112.66,0.0,858.0,73,64,6,6,0,False,89.6969696969697,13.1771875,0.5625,3.09375,0.7589,0.2328,0.0824,0.1633,2967.7070732084817,2361.3070732084816,606.4,0.9714003193940467,0,0,5
0,1772830268.973137,593.0,136,0.4805,0.0907,0.0551,0.1746,37.7651,9.0717,17.463,58.7021,0.0,0.0,6.88,4.96,1.92,None,0.00020813941955566406,3.095,True,None,sfc_cache_p1_28,0,None,112.66,0.0,858.0,74,66,6,7,0,False,89.72809667673715,13.247575757575756,0.5454545454545454,3.5,0.7674,0.2328,0.0838,0.1795,2994.9615075065776,2374.161507506578,620.8,0.9714003193940467,0,0,5
0,1772830268.9741406,593.0,136,0.4805,0.0907,0.0551,0.1746,37.7651,9.0717,17.463,58.7021,0.0,0.0,9.17,6.18,2.99,None,0.00020813941955566406,2.56,True,None,sfc_unique_p1_28,0,None,112.66,0.0,858.0,74,66,6,7,0,False,89.7590361445783,13.247575757575756,0.5454545454545454,3.5,0.7674,0.2328,0.0838,0.1795,2994.9615075065776,2374.161507506578,620.8,0.9714003193940467,0,0,5
0,1772830268.9995563,593.0,137,0.4886,0.0907,0.0635,0.1746,38.7371,9.0717,17.463,59.0639,0.0,0.0,6.88,4.96,1.92,None,0.025402069091796875,3.85,True,None,sfc_cache_p2_28,0,None,116.66,0.0,891.0,77,68,6,7,0,False,89.7897897897898,13.254999999999999,0.5294117647058824,3.3970588235294117,0.7741,0.2328,0.0824,0.1926,3022.364076768302,2383.564076768302,638.8,0.9714003193940467,0,0,5
0,1772830269.0011175,593.0,137,0.4886,0.0907,0.0635,0.1746,38.7371,9.0717,17.463,59.0639,0.0,0.0,10.61,7.62,2.99,None,0.025402069091796875,3.822,True,None,sfc_unique_p2_28,0,None,116.66,0.0,891.0,77,68,6,7,0,False,89.82035928143712,13.254999999999999,0.5294117647058824,3.3970588235294117,0.7741,0.2328,0.0824,0.1926,3022.364076768302,2383.564076768302,638.8,0.9714003193940467,0,0,5
0,1772830269.0182183,593.0,138,0.4982,0.0907,0.0702,0.1746,41.005,9.0717,17.463,58.5227,0.0,0.0,7.76,5.84,1.92,None,0.05220484733581543,2.393,True,None,sfc_cache_p3_28,0,None,120.66,0.0,924.0,80,70,6,7,0,False,89.8507462686567,13.261999999999999,0.5142857142857142,3.3,0.7822,0.2328,0.081,0.2005,3058.3202089896295,2405.1202089896296,653.1999999999999,0.964678350321316,0,1,5
0,1772830269.0190241,593.0,138,0.4982,0.0907,0.0702,0.1746,41.005,9.0717,17.463,58.5227,0.0,0.0,10.28,8.56,1.71,None,0.05220484733581543,2.454,True,None,sfc_unique_p3_28,0,None,120.66,0.0,924.0,80,70,6,7,0,False,89.88095238095238,13.261999999999999,0.5142857142857142,3.3,0.7822,0.2328,0.081,0.2005,3058.3202089896295,2405.1202089896296,653.1999999999999,0.964678350321316,0,1,5
0,1772830269.0341845,593.0,139,0.5076,0.0907,0.0785,0.1746,42.9133,9.0717,17.463,58.3508,0.0,0.0,7.76,5.84,1.92,None,0.06945943832397461,2.351,True,None,sfc_cache_p4_28,0,None,124.66,0.0,957.0,83,72,6,7,0,False,89.91097922848664,13.268611111111111,0.5,3.2083333333333335,0.7972,0.2328,0.0796,0.2075,3090.1828960077837,2422.582896007784,667.5999999999999,0.9598691052572388,0,1,5
0,1772830269.034998,593.0,139,0.5076,0.0907,0.0785,0.1746,42.9133,9.0717,17.463,58.3508,0.0,0.0,13.88,10.89,2.99,None,0.06945943832397461,2.441,True,None,sfc_unique_p4_28,0,None,124.66,0.0,957.0,83,72,6,7,0,False,89.94082840236686,13.268611111111111,0.5,3.2083333333333335,0.7972,0.2328,0.0796,0.2075,3090.1828960077837,2422.582896007784,667.5999999999999,0.9598691052572388,0,1,5
0,1772830269.1210792,593.1,140,0.5168,0.0907,0.0869,0.1746,44.8216,9.0717,17.463,58.1856,0.0,0.0,7.76,5.84,1.92,None,0.0854179859161377,2.326,True,None,sfc_cache_p5_28,0,None,128.66,0.0,990.0,85,74,6,7,0,False,89.97050147492625,13.274864864864863,0.4864864864864865,3.1216216216216215,0.8057,0.2328,0.0783,0.2132,3120.2286102934977,2438.2286102934977,681.9999999999999,0.9575131052572389,0,1,5
0,1772830269.12199,593.1,140,0.5168,0.0907,0.0869,0.1746,44.8216,9.0717,17.463,58.1856,0.0,0.0,13.4,10.43,2.97,None,0.0854179859161377,2.445,True,None,sfc_unique_p5_28,0,None,128.66,0.0,990.0,85,74,6,7,0,False,90.0,13.274864864864863,0.4864864864864865,3.1216216216216215,0.8057,0.2328,0.0783,0.2132,3120.2286102934977,2438.2286102934977,681.9999999999999,0.9575131052572389,0,1,5
0,1772830269.1371324,593.1,141,0.5224,0.0907,0.0896,0.1746,44.8216,9.0717,17.463,59.0619,0.0,0.0,6.34,4.42,1.92,None,0.17241501808166504,2.419,True,None,sfc_cache_p6_28,0,None,132.66,0.0,1023.0,87,76,6,7,0,False,90.02932551319648,13.280789473684209,0.47368421052631576,3.039473684210526,0.8071,0.2328,0.077,0.2138,3150.2286102934977,2438.2286102934977,711.9999999999999,0.9575131052572389,0,1,5
0,1772830269.1379669,593.1,141,0.5224,0.0907,0.0896,0.1746,44.8216,9.0717,17.463,59.0619,0.0,0.0,8.27,8.27,0,None,0.17241501808166504,2.42,True,None,sfc_unique_p6_28,0,None,132.66,0.0,1023.0,87,76,6,7,0,False,90.05847953216374,13.280789473684209,0.47368421052631576,3.039473684210526,0.8071,0.2328,0.077,0.2138,3150.2286102934977,2438.2286102934977,711.9999999999999,0.9575131052572389,0,1,5
0,1772830288.002267,612.0,141,0.4627,0.1134,0.0388,0.1497,34.5252,11.3396,14.9682,59.5603,0.0,0.0,6.16,4.68,1.49,None,0.00021195411682128906,3.855,True,None,sfc_cache_p1_29,0,None,108.66,0.0,825.0,69,62,6,6,0,False,90.0874635568513,13.021612903225805,0.7258064516129032,3.193548387096774,0.766,0.3027,0.0687,0.1826,2948.076559527363,2366.476559527363,581.5999999999998,0.9545370164371743,0,1,3
0,1772830288.0037239,612.0,141,0.4627,0.1134,0.0388,0.1497,34.5252,11.3396,14.9682,59.5603,0.0,0.0,7.42,4.86,2.56,None,0.00021195411682128906,5.66,True,None,sfc_unique_p1_29,0,None,108.66,0.0,825.0,69,62,6,6,0,False,90.11627906976744,13.021612903225805,0.7258064516129032,3.193548387096774,0.766,0.3027,0.0687,0.1826,2948.076559527363,2366.476559527363,581.5999999999998,0.9545370164371743,0,1,3
0,1772830288.028886,612.0,142,0.4656,0.1361,0.0465,0.1497,35.4616,13.6075,14.9682,58.8239,0.0,0.0,6.16,4.68,1.49,None,0.028931140899658203,3.827,True,None,sfc_cache_p2_29,0,None,116.99,0.0,858.0,73,64,6,6,0,False,90.14492753623189,12.82828125,0.84375,3.09375,0.7639,0.3148,0.0675,0.1911,2983.722883625799,2387.7228836257996,595.9999999999998,0.9541010314676206,0,1,3
0,1772830288.0302932,612.0,142,0.4656,0.1361,0.0465,0.1497,35.4616,13.6075,14.9682,58.8239,0.0,0.0,7.42,4.86,2.56,None,0.028931140899658203,3.919,True,None,sfc_unique_p2_29,0,None,116.99,0.0,858.0,73,64,6,6,0,False,90.17341040462428,12.82828125,0.84375,3.09375,0.7639,0.3148,0.0675,0.1911,2983.722883625799,2387.7228836257996,595.9999999999998,0.9541010314676206,0,1,3
0,1772830288.0554132,612.0,143,0.4725,0.1361,0.0513,0.1497,36.4335,13.6075,14.9682,58.7799,0.0,0.0,5.91,4.42,1.49,None,0.055454254150390625,3.811,True,None,sfc_cache_p3_29,0,None,120.99,0.0,891.0,75,66,6,6,0,False,90.20172910662824,12.848636363636363,0.8181818181818182,3.0,0.7843,0.3148,0.0663,0.1961,3010.0897878712285,2396.0897878712285,613.9999999999998,0.9541010314676206,0,1,3
0,1772830288.05692,612.0,143,0.4725,0.1361,0.0513,0.1497,36.4335,13.6075,14.9682,58.7799,0.0,0.0,14.68,12.34,2.34,None,0.055454254150390625,3.846,True,None,sfc_unique_p3_29,0,None,120.99,0.0,891.0,75,66,6,6,0,False,90.22988505747126,12.848636363636363,0.8181818181818182,3.0,0.7843,0.3148,0.0663,0.1961,3010.0897878712285,2396.0897878712285,613.9999999999998,0.9541010314676206,0,1,3
0,1772830288.0825748,612.1,144,0.4825,0.1361,0.059,0.1497,38.3418,13.6075,14.9682,58.5893,0.0,0.0,7.33,5.84,1.49,None,0.08208680152893066,3.783,True,None,sfc_cache_p4_29,0,None,124.99,0.0,924.0,77,68,6,6,0,False,90.25787965616045,12.867794117647058,0.7941176470588235,2.911764705882353,0.7883,0.3148,0.0651,0.2008,3037.1693266423163,2408.7693266423166,628.3999999999997,0.953887110149792,0,1,3
0,1772830288.083963,612.1,144,0.4825,0.1361,0.059,0.1497,38.3418,13.6075,14.9682,58.5893,0.0,0.0,9.04,6.46,2.58,None,0.08208680152893066,3.921,True,None,sfc_unique_p4_29,0,None,124.99,0.0,924.0,77,68,6,6,0,False,90.28571428571428,12.867794117647058,0.7941176470588235,2.911764705882353,0.7883,0.3148,0.0651,0.2008,3037.1693266423163,2408.7693266423166,628.3999999999997,0.953887110149792,0,1,3
0,1772830288.1100044,612.1,145,0.4874,0.1588,0.068,0.1497,39.2782,15.8754,14.9682,58.4066,0.0,0.0,7.33,5.84,1.49,None,0.1091163158416748,3.74,True,None,sfc_cache_p5_29,0,None,128.99,0.0,957.0,79,70,6,6,0,False,90.31339031339031,12.757285714285715,0.9,2.8285714285714287,0.7911,0.3826,0.064,0.2028,3063.7578423519585,2420.957842351959,642.7999999999997,0.9536731888319634,0,1,3
0,1772830288.1115015,612.1,145,0.4874,0.1588,0.068,0.1497,39.2782,15.8754,14.9682,58.4066,0.0,0.0,7.45,4.87,2.58,None,0.1091163158416748,3.905,True,None,sfc_unique_p5_29,0,None,128.99,0.0,957.0,79,70,6,6,0,False,90.3409090909091,12.757285714285715,0.9,2.8285714285714287,0.7911,0.3826,0.064,0.2028,3063.7578423519585,2420.957842351959,642.7999999999997,0.9536731888319634,0,1,3
0,1772830288.1382477,612.1,146,0.4905,0.1814,0.0757,0.1497,39.2782,18.1433,14.9682,58.7715,0.0,0.0,6.44,4.96,1.49,None,0.1366891860961914,3.838,True,None,sfc_cache_p6_29,0,None,132.99,0.0,990.0,82,72,6,6,0,False,90.36827195467421,12.652916666666666,1.0,2.75,0.795,0.3543,0.063,0.2007,3103.198795764743,2442.398795764743,660.7999999999997,0.9534511251802382,0,1,3
0,1772830288.1398551,612.1,146,0.4905,0.1814,0.0757,0.1497,39.2782,18.1433,14.9682,58.7715,0.0,0.0,7.97,5.42,2.56,None,0.1366891860961914,3.881,True,None,sfc_unique_p6_29,0,None,132.99,0.0,990.0,82,72,6,6,0,False,90.3954802259887,12.652916666666666,1.0,2.75,0.795,0.3543,0.063,0.2007,3103.198795764743,2442.398795764743,660.7999999999997,0.9534511251802382,0,1,3
0,1772830296.011942,620.0,146,0.4371,0.188,0.0211,0.1247,29.1978,18.1433,12.9239,59.3574,0.0,0.0,7.76,5.84,1.92,None,0.00011587142944335938,2.341,True,None,sfc_cache_p4_28,0,None,100.33,0.0,792.0,62,58,6,5,0,True,90.4225352112676,12.528793103448278,1.2413793103448276,2.8448275862068964,0.7668,0.3865,0.0699,0.159,2868.1530611870785,2315.753061187079,552.3999999999999,0.9688089443773631,0,0,2
0,1772830296.0127404,620.0,146,0.4371,0.188,0.0211,0.1247,29.1978,18.1433,12.9239,59.3574,0.0,0.0,10.05,7.07,2.99,None,0.00011587142944335938,2.403,True,None,sfc_unique_p4_28,0,None,100.33,0.0,792.0,62,58,6,5,0,True,90.4494382022472,12.528793103448278,1.2413793103448276,2.8448275862068964,0.7668,0.3865,0.0699,0.159,2868.1530611870785,2315.753061187079,552.3999999999999,0.9688089443773631,0,0,2
0,1772830296.0284448,620.0,146,0.4517,0.188,0.0281,0.1247,30.1698,18.1433,12.9239,61.2013,0.0,0.0,6.88,4.96,1.92,None,0.01717686653137207,2.357,True,None,sfc_cache_p3_28,0,None,104.33,0.0,825.0,64,60,6,5,0,True,90.47619047619048,12.561166666666669,1.2,2.75,0.8075,0.3865,0.0699,0.1627,2884.519965432508,2324.119965432508,560.3999999999999,0.9688089443773631,0,0,2
0,1772830296.0291448,620.0,146,0.4517,0.188,0.0281,0.1247,30.1698,18.1433,12.9239,61.2013,0.0,0.0,18.68,16.06,2.62,None,0.01717686653137207,2.36,True,None,sfc_unique_p3_28,0,None,104.33,0.0,825.0,64,60,6,5,0,True,90.5027932960894,12.561166666666669,1.2,2.75,0.8075,0.3865,0.0699,0.1627,2884.519965432508,2324.119965432508,560.3999999999999,0.9688089443773631,0,0,2
0,1772830326.0433095,650.0,146,0.4047,0.1588,0.0042,0.1247,27.8662,15.8754,12.4735,59.1424,0.0,0.0,6.54,4.99,1.55,None,0.00017905235290527344,4.247,True,None,sfc_cache_p1_30,0,None,84.33,0.0,660.0,53,50,6,5,0,False,90.5292479108635,12.5534,1.26,3.3,0.7534,0.2722,0.0567,0.1279,2779.4823729545633,2333.0823729545637,446.39999999999986,0.9862197746105151,0,0,1
0,1772830326.0446482,650.0,146,0.4047,0.1588,0.0042,0.1247,27.8662,15.8754,12.4735,59.1424,0.0,0.0,8.37,5.75,2.62,None,0.00017905235290527344,4.131,True,None,sfc_unique_p1_30,0,None,84.33,0.0,660.0,53,50,6,5,0,False,90.55555555555556,12.5534,1.26,3.3,0.7534,0.2722,0.0567,0.1279,2779.4823729545633,2333.0823729545637,446.39999999999986,0.9862197746105151,0,0,1
0,1772830326.0714924,650.0,147,0.4154,0.1588,0.0083,0.1247,28.8382,15.8754,12.4735,59.6369,0.0,0.0,5.65,4.1,1.55,None,0.029059410095214844,4.063,True,None,sfc_cache_p2_30,0,None,88.33,0.0,693.0,56,52,6,5,0,False,90.58171745152355,12.58980769230769,1.2115384615384615,3.173076923076923,0.761,0.2722,0.0556,0.1257,2806.8849422162875,2342.484942216288,464.39999999999986,0.9852503686438376,0,0,1
0,1772830326.072779,650.1,147,0.4154,0.1588,0.0083,0.1247,28.8382,15.8754,12.4735,59.6369,0.0,0.0,9.38,6.76,2.62,None,0.029059410095214844,3.969,True,None,sfc_unique_p2_30,0,None,88.33,0.0,693.0,56,52,6,5,0,False,90.60773480662984,12.58980769230769,1.2115384615384615,3.173076923076923,0.761,0.2722,0.0556,0.1257,2806.8849422162875,2342.484942216288,464.39999999999986,0.9852503686438376,0,0,1
0,1772830326.0989892,650.1,148,0.4241,0.1588,0.0097,0.1247,28.8382,15.8754,12.4735,60.8646,0.0,0.0,5.11,3.56,1.55,None,0.057189226150512695,4.007,True,None,sfc_cache_p3_30,0,None,92.33,0.0,726.0,58,54,6,5,0,False,90.633608815427,12.623518518518518,1.1666666666666667,3.0555555555555554,0.7629,0.2722,0.0545,0.1248,2836.8849422162875,2342.484942216288,494.39999999999986,0.9852503686438376,0,0,1
0,1772830326.100231,650.1,148,0.4241,0.1588,0.0097,0.1247,28.8382,15.8754,12.4735,60.8646,0.0,0.0,8.27,8.27,0,None,0.057189226150512695,4.064,True,None,sfc_unique_p3_30,0,None,92.33,0.0,726.0,58,54,6,5,0,False,90.65934065934066,12.623518518518518,1.1666666666666667,3.0555555555555554,0.7629,0.2722,0.0545,0.1248,2836.8849422162875,2342.484942216288,494.39999999999986,0.9852503686438376,0,0,1
0,1772830326.12623,650.1,149,0.4325,0.1588,0.0111,0.1247,28.8382,15.8754,12.4735,61.9846,0.0,0.0,5.11,3.56,1.55,None,0.08459854125976562,3.989,True,None,sfc_cache_p4_30,0,None,96.33,0.0,759.0,60,56,6,5,0,False,90.68493150684932,12.654821428571427,1.125,2.9464285714285716,0.7651,0.2722,0.0534,0.1238,2866.8849422162875,2342.484942216288,524.3999999999999,0.9852503686438376,0,0,1
0,1772830326.127498,650.1,149,0.4325,0.1588,0.0111,0.1247,28.8382,15.8754,12.4735,61.9846,0.0,0.0,8.27,8.27,0,None,0.08459854125976562,4.026,True,None,sfc_unique_p4_30,0,None,96.33,0.0,759.0,60,56,6,5,0,False,90.7103825136612,12.654821428571427,1.125,2.9464285714285716,0.7651,0.2722,0.0534,0.1238,2866.8849422162875,2342.484942216288,524.3999999999999,0.9852503686438376,0,0,1
0,1772830326.1523523,650.1,150,0.4325,0.1588,0.0111,0.1247,28.8382,15.8754,12.4735,61.9846,0.0,0.0,6.54,4.99,1.55,None,0.11184477806091309,4.012,False,None,sfc_cache_p5_30,0,None,96.33,0.0,759.0,60,56,6,5,0,False,90.46321525885558,12.654821428571427,1.125,2.9464285714285716,0.7651,0.2722,0.0534,0.1238,2866.8849422162875,2342.484942216288,524.3999999999999,0.9852503686438376,0,0,1
0,1772830326.1536853,650.1,150,0.4325,0.1588,0.0111,0.1247,28.8382,15.8754,12.4735,61.9846,0.0,0.0,None,None,None,None,0.11184477806091309,2.77,False,None,sfc_unique_p5_30,0,None,96.33,0.0,759.0,60,56,6,5,0,False,90.21739130434783,12.654821428571427,1.125,2.9464285714285716,0.7651,0.2722,0.0534,0.1238,2866.8849422162875,2342.484942216288,524.3999999999999,0.9852503686438376,0,0,1
0,1772830326.1786313,650.2,151,0.4325,0.1588,0.0111,0.1247,28.8382,15.8754,12.4735,61.9846,0.0,0.0,6.54,4.99,1.55,None,0.13806605339050293,3.984,False,None,sfc_cache_p6_30,0,None,96.33,0.0,759.0,60,56,6,5,0,False,89.97289972899729,12.654821428571427,1.125,2.9464285714285716,0.7651,0.2722,0.0534,0.1238,2866.8849422162875,2342.484942216288,524.3999999999999,0.9852503686438376,0,0,1
0,1772830326.179962,650.2,151,0.4325,0.1588,0.0111,0.1247,28.8382,15.8754,12.4735,61.9846,0.0,0.0,None,None,None,None,0.13806605339050293,2.688,False,None,sfc_unique_p6_30,0,None,96.33,0.0,759.0,60,56,6,5,0,False,89.72972972972974,12.654821428571427,1.125,2.9464285714285716,0.7651,0.2722,0.0534,0.1238,2866.8849422162875,2342.484942216288,524.3999999999999,0.9852503686438376,0,0,1
0,1772830344.0742626,668.1,151,0.3915,0.1361,0.0017,0.1247,26.9299,13.6075,12.4735,59.2551,0.0,0.0,3.04,2.49,0.55,None,0.00020074844360351562,2.463,True,None,sfc_cache_p1_31,0,None,76.33,0.0,594.0,47,46,6,5,0,False,89.75741239892183,12.666739130434784,1.173913043478261,3.5869565217391304,0.7182,0.25,0.0591,0.0917,2718.8795405756746,2300.8795405756746,417.99999999999994,0.9893228248361111,0,0,3
0,1772830344.0755663,668.1,151,0.3915,0.1361,0.0017,0.1247,26.9299,13.6075,12.4735,59.2551,0.0,0.0,4.34,3.36,0.98,None,0.00020074844360351562,3.212,True,None,sfc_unique_p1_31,0,None,76.33,0.0,594.0,47,46,6,5,0,False,89.78494623655914,12.666739130434784,1.173913043478261,3.5869565217391304,0.7182,0.25,0.0591,0.0917,2718.8795405756746,2300.8795405756746,417.99999999999994,0.9893228248361111,0,0,3
0,1772830344.0970168,668.1,152,0.4,0.1361,0.0059,0.1247,28.8382,13.6075,12.4735,57.5847,0.0,0.0,4.58,3.39,1.18,None,0.018857240676879883,3.137,True,None,sfc_cache_p2_31,0,None,84.66,0.0,627.0,51,48,6,5,0,False,89.81233243967829,12.611249999999998,1.125,3.4375,0.7183,0.25,0.0579,0.099,2745.759667491013,2317.759667491013,427.99999999999994,0.9867884609621876,0,0,3
0,1772830344.0976655,668.1,152,0.4,0.1361,0.0059,0.1247,28.8382,13.6075,12.4735,57.5847,0.0,0.0,7.41,5.16,2.25,None,0.018857240676879883,2.458,True,None,sfc_unique_p2_31,0,None,84.66,0.0,627.0,51,48,6,5,0,False,89.83957219251337,12.611249999999998,1.125,3.4375,0.7183,0.25,0.0579,0.099,2745.759667491013,2317.759667491013,427.99999999999994,0.9867884609621876,0,0,3
0,1772830344.1131983,668.1,153,0.4082,0.1361,0.01,0.1247,29.8101,13.6075,12.4735,57.4661,0.0,0.0,4.58,3.39,1.18,None,0.04039740562438965,2.356,True,None,sfc_cache_p3_31,0,None,92.99,0.0,660.0,55,50,6,5,0,False,89.86666666666666,12.5602,1.08,3.3,0.7269,0.25,0.0567,0.1048,2773.162236752737,2327.162236752737,445.99999999999994,0.9854985460137483,0,0,3
0,1772830344.1138568,668.1,153,0.4082,0.1361,0.01,0.1247,29.8101,13.6075,12.4735,57.4661,0.0,0.0,9.21,6.96,2.25,None,0.04039740562438965,2.439,True,None,sfc_unique_p3_31,0,None,92.99,0.0,660.0,55,50,6,5,0,False,89.8936170212766,12.5602,1.08,3.3,0.7269,0.25,0.0567,0.1048,2773.162236752737,2327.162236752737,445.99999999999994,0.9854985460137483,0,0,3
0,1772830344.129434,668.1,154,0.4178,0.1361,0.0142,0.1247,31.7184,13.6075,12.4735,56.5513,0.0,0.0,5.02,3.84,1.18,None,0.05656290054321289,2.413,True,None,sfc_cache_p4_31,0,None,101.32,0.0,693.0,59,52,6,5,0,False,89.92042440318302,12.513076923076925,1.0384615384615385,3.173076923076923,0.7264,0.25,0.0556,0.109,2806.0226144032554,2345.6226144032553,460.3999999999999,0.9829678438568,0,0,3
0,1772830344.1300855,668.1,154,0.4178,0.1361,0.0142,0.1247,31.7184,13.6075,12.4735,56.5513,0.0,0.0,8.3,6.05,2.25,None,0.05656290054321289,2.424,True,None,sfc_unique_p4_31,0,None,101.32,0.0,693.0,59,52,6,5,0,False,89.94708994708994,12.513076923076925,1.0384615384615385,3.173076923076923,0.7264,0.25,0.0556,0.109,2806.0226144032554,2345.6226144032553,460.3999999999999,0.9829678438568,0,0,3
0,1772830344.1455884,668.1,155,0.4283,0.1361,0.0198,0.1247,32.6904,13.6075,12.4735,57.1398,0.0,0.0,5.48,4.29,1.18,None,0.07277655601501465,2.35,True,None,sfc_cache_p5_31,0,None,105.32,0.0,726.0,61,54,6,5,0,False,89.9736147757256,12.549629629629631,1.0,3.0555555555555554,0.7345,0.25,0.0545,0.1131,2833.4251836649796,2355.0251836649795,478.3999999999999,0.9826499774910132,0,0,3
0,1772830344.1462386,668.1,155,0.4283,0.1361,0.0198,0.1247,32.6904,13.6075,12.4735,57.1398,0.0,0.0,9.43,6.76,2.67,None,0.07277655601501465,2.386,True,None,sfc_unique_p5_31,0,None,105.32,0.0,726.0,61,54,6,5,0,False,90.0,12.549629629629631,1.0,3.0555555555555554,0.7345,0.25,0.0545,0.1131,2833.4251836649796,2355.0251836649795,478.3999999999999,0.9826499774910132,0,0,3
0,1772830344.161979,668.1,156,0.4368,0.1361,0.0212,0.1247,32.6904,13.6075,12.4735,58.4698,0.0,0.0,4.94,3.76,1.18,None,0.08890390396118164,2.419,True,None,sfc_cache_p6_31,0,None,109.32,0.0,759.0,63,56,6,5,0,False,90.02624671916011,12.58357142857143,0.9642857142857143,2.9464285714285716,0.7371,0.25,0.0534,0.1137,2863.4251836649796,2355.0251836649795,508.3999999999999,0.9826499774910132,0,0,3
0,1772830344.1626437,668.1,156,0.4368,0.1361,0.0212,0.1247,32.6904,13.6075,12.4735,58.4698,0.0,0.0,8.27,8.27,0,None,0.08890390396118164,2.378,True,None,sfc_unique_p6_31,0,None,109.32,0.0,759.0,63,56,6,5,0,False,90.0523560209424,12.58357142857143,0.9642857142857143,2.9464285714285716,0.7371,0.25,0.0534,0.1137,2863.4251836649796,2355.0251836649795,508.3999999999999,0.9826499774910132,0,0,3
0,1772830365.2594132,689.2,156,0.449,0.1361,0.0274,0.1497,35.0307,13.6075,14.9682,57.7277,0.0,0.0,7.74,6.1,1.63,None,0.00019025802612304688,4.075,True,None,sfc_cache_p1_32,0,None,109.32,0.0,759.0,64,58,6,6,0,False,90.07832898172323,12.684137931034483,0.9310344827586207,3.413793103448276,0.758,0.25,0.0713,0.1242,2901.0430408078364,2378.2430408078367,522.8,0.9826499774910132,0,0,3
0,1772830365.2608323,689.2,156,0.449,0.1361,0.0274,0.1497,35.0307,13.6075,14.9682,57.7277,0.0,0.0,10.64,7.94,2.7,None,0.00019025802612304688,3.849,True,None,sfc_unique_p1_32,0,None,109.32,0.0,759.0,64,58,6,6,0,False,90.10416666666666,12.684137931034483,0.9310344827586207,3.413793103448276,0.758,0.25,0.0713,0.1242,2901.0430408078364,2378.2430408078367,522.8,0.9826499774910132,0,0,3
0,1772830365.2870638,689.3,157,0.4602,0.1361,0.0312,0.1497,37.2986,13.6075,14.9682,57.068,0.0,0.0,8.63,6.99,1.63,None,0.16377925872802734,3.839,True,None,sfc_cache_p2_32,0,None,113.32,0.0,792.0,66,60,6,6,0,False,90.12987012987013,12.711333333333334,0.9,3.3,0.7664,0.25,0.07,0.1298,2934.6566122364084,2397.4566122364085,537.1999999999999,0.9742534831182599,0,0,4
0,1772830365.288337,689.3,157,0.4602,0.1361,0.0312,0.1497,37.2986,13.6075,14.9682,57.068,0.0,0.0,10.9,9.26,1.64,None,0.16377925872802734,3.774,True,None,sfc_unique_p2_32,0,None,113.32,0.0,792.0,66,60,6,6,0,False,90.15544041450777,12.711333333333334,0.9,3.3,0.7664,0.25,0.07,0.1298,2934.6566122364084,2397.4566122364085,537.1999999999999,0.9742534831182599,0,0,4
0,1772830365.315216,689.3,158,0.4694,0.1361,0.0375,0.1497,38.2706,13.6075,14.9682,57.5617,0.0,0.0,7.74,6.1,1.63,None,0.19124484062194824,3.811,True,None,sfc_cache_p3_32,0,None,117.32,0.0,825.0,69,62,6,6,0,False,90.18087855297158,12.736774193548388,0.8709677419354839,3.193548387096774,0.7749,0.25,0.0687,0.1376,2960.7273265221224,2405.5273265221226,555.1999999999999,0.9742534831182599,0,0,4
0,1772830365.3166685,689.3,158,0.4694,0.1361,0.0375,0.1497,38.2706,13.6075,14.9682,57.5617,0.0,0.0,11.47,8.77,2.7,None,0.19124484062194824,3.926,True,None,sfc_unique_p3_32,0,None,117.32,0.0,825.0,69,62,6,6,0,False,90.20618556701031,12.736774193548388,0.8709677419354839,3.193548387096774,0.7749,0.25,0.0687,0.1376,2960.7273265221224,2405.5273265221226,555.1999999999999,0.9742534831182599,0,0,4
0,1772830365.3438,689.3,159,0.4784,0.1361,0.0423,0.1497,39.2425,13.6075,14.9682,58.0237,0.0,0.0,7.74,6.1,1.63,None,0.21959829330444336,3.86,True,None,sfc_cache_p4_32,0,None,121.32,0.0,858.0,71,64,6,6,0,False,90.23136246786633,12.760625000000001,0.84375,3.09375,0.7953,0.25,0.0675,0.1421,2987.094230767552,2413.894230767552,573.1999999999999,0.9742534831182599,0,0,4
0,1772830365.3452077,689.3,159,0.4784,0.1361,0.0423,0.1497,39.2425,13.6075,14.9682,58.0237,0.0,0.0,18.42,15.91,2.5,None,0.21959829330444336,3.887,True,None,sfc_unique_p4_32,0,None,121.32,0.0,858.0,71,64,6,6,0,False,90.25641025641026,12.760625000000001,0.84375,3.09375,0.7953,0.25,0.0675,0.1421,2987.094230767552,2413.894230767552,573.1999999999999,0.9742534831182599,0,0,4
0,1772830365.3729644,689.4,160,0.4871,0.1361,0.05,0.1497,40.2145,13.6075,14.9682,58.4571,0.0,0.0,7.74,6.1,1.63,None,0.24812650680541992,3.83,True,None,sfc_cache_p5_32,0,None,125.32,0.0,891.0,73,66,6,6,0,False,90.28132992327366,12.783030303030303,0.8181818181818182,3.0,0.8075,0.25,0.0663,0.1477,3014.7370879104087,2423.537087910409,591.1999999999999,0.9742534831182599,0,0,4
0,1772830365.374328,689.4,160,0.4871,0.1361,0.05,0.1497,40.2145,13.6075,14.9682,58.4571,0.0,0.0,12.92,9.87,3.05,None,0.24812650680541992,3.91,True,None,sfc_unique_p5_32,0,None,125.32,0.0,891.0,73,66,6,6,0,False,90.3061224489796,12.783030303030303,0.8181818181818182,3.0,0.8075,0.25,0.0663,0.1477,3014.7370879104087,2423.537087910409,591.1999999999999,0.9742534831182599,0,0,4
0,1772830365.402286,689.4,161,0.4937,0.1361,0.0521,0.1497,40.2145,13.6075,14.9682,59.4997,0.0,0.0,7.2,5.57,1.63,None,0.27722597122192383,3.802,True,None,sfc_cache_p6_32,0,None,129.32,0.0,924.0,75,68,6,6,0,False,90.33078880407125,12.804117647058824,0.7941176470588235,2.911764705882353,0.8083,0.25,0.0651,0.1486,3044.7370879104087,2423.537087910409,621.1999999999999,0.9742534831182599,0,0,4
0,1772830365.403813,689.4,161,0.4937,0.1361,0.0521,0.1497,40.2145,13.6075,14.9682,59.4997,0.0,0.0,8.27,8.27,0,None,0.27722597122192383,3.933,True,None,sfc_unique_p6_32,0,None,129.32,0.0,924.0,75,68,6,6,0,False,90.35532994923858,12.804117647058824,0.7941176470588235,2.911764705882353,0.8083,0.25,0.0651,0.1486,3044.7370879104087,2423.537087910409,621.1999999999999,0.9742534831182599,0,0,4
0,1772830381.3024647,705.3,161,0.3982,0.0907,0.0017,0.1247,29.8814,9.0717,12.4735,56.5436,0.0,0.0,4.06,3.51,0.55,None,0.00019741058349609375,4.239,True,None,sfc_cache_p1_33,0,None,89.32,0.0,594.0,51,46,6,5,0,False,90.37974683544304,12.775652173913045,0.782608695652174,3.5869565217391304,0.7037,0.1333,0.0773,0.1065,2731.650487023593,2322.4504870235933,409.19999999999993,0.9841975297941495,0,0,5
0,1772830381.3039055,705.3,161,0.3982,0.0907,0.0017,0.1247,29.8814,9.0717,12.4735,56.5436,0.0,0.0,5.71,4.73,0.98,None,0.00019741058349609375,4.185,True,None,sfc_unique_p1_33,0,None,89.32,0.0,594.0,51,46,6,5,0,False,90.40404040404042,12.775652173913045,0.782608695652174,3.5869565217391304,0.7037,0.1333,0.0773,0.1065,2731.650487023593,2322.4504870235933,409.19999999999993,0.9841975297941495,0,0,5
0,1772830381.3321316,705.3,162,0.4066,0.0907,0.0073,0.1247,30.8534,9.0717,12.4735,56.4626,0.0,0.0,5.42,4.23,1.19,None,0.03038644790649414,4.081,True,None,sfc_cache_p2_33,0,None,97.65,0.0,627.0,54,48,6,5,0,False,90.42821158690177,12.715625000000001,0.75,3.4375,0.7169,0.1333,0.0757,0.1168,2754.87413661344,2327.67413661344,427.19999999999993,0.9841975297941495,0,0,5
0,1772830381.3335023,705.3,162,0.4066,0.0907,0.0073,0.1247,30.8534,9.0717,12.4735,56.4626,0.0,0.0,9.3,7.02,2.28,None,0.03038644790649414,4.013,True,None,sfc_unique_p2_33,0,None,97.65,0.0,627.0,54,48,6,5,0,False,90.45226130653266,12.715625000000001,0.75,3.4375,0.7169,0.1333,0.0757,0.1168,2754.87413661344,2327.67413661344,427.19999999999993,0.9841975297941495,0,0,5
0,1772830381.360847,705.3,163,0.416,0.0907,0.0114,0.1247,31.8253,9.0717,12.4735,56.5212,0.0,0.0,5.61,4.42,1.19,None,0.059899091720581055,3.967,True,None,sfc_cache_p3_33,0,None,101.65,0.0,660.0,57,50,6,5,0,False,90.47619047619048,12.747,0.72,3.3,0.7245,0.1333,0.0741,0.1231,2782.276705875164,2337.0767058751644,445.19999999999993,0.9838074972914409,0,0,5
0,1772830381.362188,705.3,163,0.416,0.0907,0.0114,0.1247,31.8253,9.0717,12.4735,56.5212,0.0,0.0,8.81,6.56,2.25,None,0.059899091720581055,4.13,True,None,sfc_unique_p3_33,0,None,101.65,0.0,660.0,57,50,6,5,0,False,90.5,12.747,0.72,3.3,0.7245,0.1333,0.0741,0.1231,2782.276705875164,2337.0767058751644,445.19999999999993,0.9838074972914409,0,0,5
0,1772830381.390271,705.4,164,0.4249,0.0907,0.017,0.1247,32.7973,9.0717,12.4735,56.5741,0.0,0.0,5.61,4.42,1.19,None,0.08858442306518555,4.041,True,None,sfc_cache_p4_33,0,None,105.65,0.0,693.0,60,52,6,5,0,False,90.52369077306733,12.775961538461539,0.6923076923076923,3.173076923076923,0.736,0.1333,0.0727,0.1285,2805.50035546501,2342.3003554650104,463.19999999999993,0.9838074972914409,0,0,5
0,1772830381.3917162,705.4,164,0.4249,0.0907,0.017,0.1247,32.7973,9.0717,12.4735,56.5741,0.0,0.0,8.23,5.95,2.28,None,0.08858442306518555,4.039,True,None,sfc_unique_p4_33,0,None,105.65,0.0,693.0,60,52,6,5,0,False,90.54726368159204,12.775961538461539,0.6923076923076923,3.173076923076923,0.736,0.1333,0.0727,0.1285,2805.50035546501,2342.3003554650104,463.19999999999993,0.9838074972914409,0,0,5
0,1772830381.421033,705.4,165,0.4335,0.0907,0.0226,0.1247,33.7693,9.0717,12.4735,56.6221,0.0,0.0,5.61,4.42,1.19,None,0.11817550659179688,4.014,True,None,sfc_cache_p5_33,0,None,109.65,0.0,726.0,63,54,6,5,0,False,90.57071960297766,12.802777777777779,0.6666666666666666,3.0555555555555554,0.7462,0.1333,0.0712,0.1314,2828.724005054857,2347.5240050548573,481.19999999999993,0.9838074972914409,0,0,5
0,1772830381.4225454,705.4,165,0.4335,0.0907,0.0226,0.1247,33.7693,9.0717,12.4735,56.6221,0.0,0.0,8.23,5.95,2.28,None,0.11817550659179688,4.154,True,None,sfc_unique_p5_33,0,None,109.65,0.0,726.0,63,54,6,5,0,False,90.5940594059406,12.802777777777779,0.6666666666666666,3.0555555555555554,0.7462,0.1333,0.0712,0.1314,2828.724005054857,2347.5240050548573,481.19999999999993,0.9838074972914409,0,0,5
0,1772830381.4496305,705.4,166,0.4452,0.0907,0.0281,0.1247,35.6776,9.0717,12.4735,56.4349,0.0,0.0,7.03,5.84,1.19,None,0.1489255428314209,3.915,True,None,sfc_cache_p6_33,0,None,113.65,0.0,759.0,66,56,6,5,0,False,90.61728395061729,12.827678571428573,0.6428571428571429,2.9464285714285716,0.7566,0.1333,0.0699,0.1321,2858.3000613928857,2362.700061392886,495.5999999999999,0.9838074972914409,0,0,5
0,1772830381.4508867,705.4,166,0.4452,0.0907,0.0281,0.1247,35.6776,9.0717,12.4735,56.4349,0.0,0.0,8.42,6.14,2.28,None,0.1489255428314209,3.955,True,None,sfc_unique_p6_33,0,None,113.65,0.0,759.0,66,56,6,5,0,False,90.64039408866995,12.827678571428573,0.6428571428571429,2.9464285714285716,0.7566,0.1333,0.0699,0.1321,2858.3000613928857,2362.700061392886,495.5999999999999,0.9838074972914409,0,0,5
0,1772830403.3428593,727.3,166,0.4591,0.0907,0.0298,0.1497,39.0254,9.0717,14.9682,54.9366,0.0,0.0,4.35,3.86,0.49,None,0.00020360946655273438,4.225,True,None,sfc_cache_p1_34,0,None,113.65,0.0,759.0,67,58,6,6,0,False,90.66339066339066,12.919827586206896,0.6206896551724138,3.413793103448276,0.7609,0.1333,0.0871,0.1361,2899.871489964314,2394.2714899643142,505.5999999999999,0.9756339266367434,0,0,7
0,1772830403.344248,727.3,166,0.4591,0.0907,0.0298,0.1497,39.0254,9.0717,14.9682,54.9366,0.0,0.0,6.12,5.2,0.92,None,0.00020360946655273438,4.006,True,None,sfc_unique_p1_34,0,None,113.65,0.0,759.0,67,58,6,6,0,False,90.68627450980392,12.919827586206896,0.6206896551724138,3.413793103448276,0.7609,0.1333,0.0871,0.1361,2899.871489964314,2394.2714899643142,505.5999999999999,0.9756339266367434,0,0,7
0,1772830403.3717086,727.3,167,0.4667,0.0907,0.0354,0.1497,39.9974,9.0717,14.9682,55.0495,0.0,0.0,5.78,4.65,1.13,None,0.029645442962646484,3.93,True,None,sfc_cache_p2_34,0,None,117.65,0.0,792.0,69,60,6,6,0,False,90.70904645476773,12.939166666666667,0.6,3.3,0.7735,0.1333,0.0855,0.1466,2927.514347107171,2403.914347107171,523.5999999999999,0.9756339266367434,0,0,7
0,1772830403.373011,727.4,167,0.4667,0.0907,0.0354,0.1497,39.9974,9.0717,14.9682,55.0495,0.0,0.0,11.06,8.8,2.26,None,0.029645442962646484,3.823,True,None,sfc_unique_p2_34,0,None,117.65,0.0,792.0,69,60,6,6,0,False,90.73170731707317,12.939166666666667,0.6,3.3,0.7735,0.1333,0.0855,0.1466,2927.514347107171,2403.914347107171,523.5999999999999,0.9756339266367434,0,0,7
0,1772830403.400312,727.4,168,0.4696,0.1134,0.0423,0.1497,40.9337,11.3396,14.9682,54.3458,0.0,0.0,6.09,4.96,1.13,None,0.05840754508972168,3.931,True,None,sfc_cache_p3_34,0,None,125.98,0.0,825.0,72,62,6,6,0,False,90.75425790754258,12.742258064516129,0.7258064516129032,3.193548387096774,0.7731,0.1894,0.0839,0.1548,2961.5342913882423,2423.5342913882423,537.9999999999999,0.9733736177062374,0,0,7
0,1772830403.4016285,727.4,168,0.4696,0.1134,0.0423,0.1497,40.9337,11.3396,14.9682,54.3458,0.0,0.0,7.59,5.05,2.54,None,0.05840754508972168,3.951,True,None,sfc_unique_p3_34,0,None,125.98,0.0,825.0,72,62,6,6,0,False,90.77669902912622,12.742258064516129,0.7258064516129032,3.193548387096774,0.7731,0.1894,0.0839,0.1548,2961.5342913882423,2423.5342913882423,537.9999999999999,0.9733736177062374,0,0,7
0,1772830403.4291718,727.4,169,0.4786,0.1134,0.0479,0.1497,41.9057,11.3396,14.9682,54.9107,0.0,0.0,6.31,5.18,1.13,None,0.08701658248901367,3.892,True,None,sfc_cache_p4_34,0,None,129.98,0.0,858.0,74,64,6,6,0,False,90.79903147699758,12.7659375,0.703125,3.09375,0.7772,0.1894,0.0824,0.1605,2988.9368606499665,2432.9368606499665,555.9999999999999,0.9730950230614457,0,0,7
0,1772830403.4305155,727.4,169,0.4786,0.1134,0.0479,0.1497,41.9057,11.3396,14.9682,54.9107,0.0,0.0,9.5,6.96,2.54,None,0.08701658248901367,3.845,True,None,sfc_unique_p4_34,0,None,129.98,0.0,858.0,74,64,6,6,0,False,90.82125603864735,12.7659375,0.703125,3.09375,0.7772,0.1894,0.0824,0.1605,2988.9368606499665,2432.9368606499665,555.9999999999999,0.9730950230614457,0,0,7
0,1772830403.458414,727.4,170,0.4865,0.1134,0.0535,0.1497,42.8777,11.3396,14.9682,55.3325,0.0,0.0,6.09,4.96,1.13,None,0.11589860916137695,3.942,True,None,sfc_cache_p5_34,0,None,138.31,0.0,891.0,78,66,6,6,0,False,90.8433734939759,12.722575757575758,0.6818181818181818,3.0,0.7856,0.1894,0.081,0.1639,3015.7940035071097,2441.7940035071097,573.9999999999999,0.9730950230614457,0,0,7
0,1772830403.4597878,727.4,170,0.4865,0.1134,0.0535,0.1497,42.8777,11.3396,14.9682,55.3325,0.0,0.0,13.9,11.64,2.26,None,0.11589860916137695,3.917,True,None,sfc_unique_p5_34,0,None,138.31,0.0,891.0,78,66,6,6,0,False,90.86538461538461,12.722575757575758,0.6818181818181818,3.0,0.7856,0.1894,0.081,0.1639,3015.7940035071097,2441.7940035071097,573.9999999999999,0.9730950230614457,0,0,7
0,1772830403.6149228,727.6,171,0.4932,0.1134,0.0549,0.1497,42.8777,11.3396,14.9682,56.5005,0.0,0.0,5.78,4.65,1.13,None,0.14516091346740723,3.904,True,None,sfc_cache_p6_34,0,None,142.31,0.0,924.0,80,68,6,6,0,False,90.88729016786571,12.745441176470589,0.6617647058823529,2.911764705882353,0.7865,0.1894,0.0796,0.164,3045.7940035071097,2441.7940035071097,603.9999999999999,0.9730950230614457,0,0,7
0,1772830403.616408,727.6,171,0.4932,0.1134,0.0549,0.1497,42.8777,11.3396,14.9682,56.5005,0.0,0.0,8.27,8.27,0,None,0.14516091346740723,3.944,True,None,sfc_unique_p6_34,0,None,142.31,0.0,924.0,80,68,6,6,0,False,90.9090909090909,12.745441176470589,0.6617647058823529,2.911764705882353,0.7865,0.1894,0.0796,0.164,3045.7940035071097,2441.7940035071097,603.9999999999999,0.9730950230614457,0,0,7
0,1772830419.385112,743.4,171,0.5037,0.1134,0.0632,0.1746,45.2179,11.3396,17.463,55.9404,0.0,0.0,6.23,4.1,2.13,None,0.00019931793212890625,4.053,True,None,sfc_cache_p1_35,0,None,142.31,0.0,924.0,81,70,6,7,0,False,90.9307875894988,12.824142857142858,0.6428571428571429,3.3,0.792,0.1894,0.081,0.1786,3081.253050094325,2462.853050094325,618.3999999999999,0.9730950230614457,0,0,7
0,1772830419.386698,743.4,171,0.5037,0.1134,0.0632,0.1746,45.2179,11.3396,17.463,55.9404,0.0,0.0,8.06,4.86,3.2,None,0.00019931793212890625,4.04,True,None,sfc_unique_p1_35,0,None,142.31,0.0,924.0,81,70,6,7,0,False,90.95238095238095,12.824142857142858,0.6428571428571429,3.3,0.792,0.1894,0.081,0.1786,3081.253050094325,2462.853050094325,618.3999999999999,0.9730950230614457,0,0,7
0,1772830419.4158907,743.4,172,0.5066,0.1445,0.071,0.1746,46.1543,14.4466,17.463,55.4274,0.0,0.0,7.12,4.99,2.13,None,0.03117966651916504,3.999,True,None,sfc_cache_p2_35,0,None,146.31,0.0,957.0,83,72,6,7,0,False,90.97387173396675,12.671666666666667,0.79625,3.2083333333333335,0.791,0.2165,0.0796,0.1855,3117.3482211204814,2484.5482211204817,632.7999999999998,0.9725647857334649,0,0,8
0,1772830419.4173589,743.4,172,0.5066,0.1445,0.071,0.1746,46.1543,14.4466,17.463,55.4274,0.0,0.0,2.62,1.11,1.51,None,0.03117966651916504,4.039,True,None,sfc_unique_p2_35,0,None,146.31,0.0,957.0,83,72,6,7,0,False,90.99526066350711,12.671666666666667,0.79625,3.2083333333333335,0.791,0.2165,0.0796,0.1855,3117.3482211204814,2484.5482211204817,632.7999999999998,0.9725647857334649,0,0,8
0,1772830419.4473314,743.4,173,0.5127,0.1445,0.078,0.1746,47.1262,14.4466,17.463,55.5023,0.0,0.0,5.7,3.56,2.13,None,0.06182575225830078,3.899,True,None,sfc_cache_p3_35,0,None,150.31,0.0,990.0,85,74,6,7,0,False,91.01654846335697,12.694054054054055,0.7747297297297298,3.1216216216216215,0.7975,0.2165,0.0783,0.1945,3143.0625068347676,2492.262506834768,650.7999999999998,0.9725647857334649,0,0,8
0,1772830419.4489264,743.4,173,0.5127,0.1445,0.078,0.1746,47.1262,14.4466,17.463,55.5023,0.0,0.0,11.3,8.8,2.5,None,0.06182575225830078,3.934,True,None,sfc_unique_p3_35,0,None,150.31,0.0,990.0,85,74,6,7,0,False,91.0377358490566,12.694054054054055,0.7747297297297298,3.1216216216216215,0.7975,0.2165,0.0783,0.1945,3143.0625068347676,2492.262506834768,650.7999999999998,0.9725647857334649,0,0,8
0,1772830419.4786458,743.5,174,0.5172,0.1671,0.0849,0.1746,48.0626,16.7145,17.463,55.3859,0.0,0.0,7.12,4.99,2.13,None,0.09340381622314453,3.937,True,None,sfc_cache_p4_35,0,None,154.31,0.0,1023.0,87,76,6,7,0,False,91.05882352941177,12.596842105263159,0.8727631578947368,3.039473684210526,0.8006,0.2957,0.077,0.1993,3185.9596496919103,2520.7596496919105,665.1999999999998,0.969030785733465,0,0,8
0,1772830419.4801269,743.5,174,0.5172,0.1671,0.0849,0.1746,48.0626,16.7145,17.463,55.3859,0.0,0.0,7.54,5.1,2.44,None,0.09340381622314453,4.009,True,None,sfc_unique_p4_35,0,None,154.31,0.0,1023.0,87,76,6,7,0,False,91.07981220657277,12.596842105263159,0.8727631578947368,3.039473684210526,0.8006,0.2957,0.077,0.1993,3185.9596496919103,2520.7596496919105,665.1999999999998,0.969030785733465,0,0,8
0,1772830419.5099452,743.5,175,0.523,0.1671,0.0877,0.1746,48.0626,16.7145,17.463,56.3995,0.0,0.0,5.7,3.56,2.13,None,0.12454748153686523,3.964,True,None,sfc_cache_p5_35,0,None,158.31,0.0,1056.0,89,78,6,7,0,False,91.10070257611241,12.620000000000001,0.8503846153846154,2.9615384615384617,0.8014,0.2957,0.0758,0.2012,3215.9596496919103,2520.7596496919105,695.1999999999998,0.969030785733465,0,0,8
0,1772830419.5114605,743.5,175,0.523,0.1671,0.0877,0.1746,48.0626,16.7145,17.463,56.3995,0.0,0.0,8.27,8.27,0,None,0.12454748153686523,3.968,True,None,sfc_unique_p5_35,0,None,158.31,0.0,1056.0,89,78,6,7,0,False,91.1214953271028,12.620000000000001,0.8503846153846154,2.9615384615384617,0.8014,0.2957,0.0758,0.2012,3215.9596496919103,2520.7596496919105,695.1999999999998,0.969030785733465,0,0,8
0,1772830419.5415735,743.5,176,0.5303,0.1671,0.0961,0.1746,49.0345,16.7145,17.463,56.7969,0.0,0.0,6.23,4.1,2.13,None,0.15585708618164062,3.973,True,None,sfc_cache_p6_35,0,None,162.31,0.0,1089.0,92,80,6,7,0,False,91.14219114219114,12.642000000000001,0.829125,2.8875,0.8055,0.2957,0.0746,0.205,3243.3622189536345,2530.1622189536347,713.1999999999998,0.969030785733465,0,0,8
0,1772830419.5431535,743.5,176,0.5303,0.1671,0.0961,0.1746,49.0345,16.7145,17.463,56.7969,0.0,0.0,9.97,6.76,3.2,None,0.15585708618164062,3.958,True,None,sfc_unique_p6_35,0,None,162.31,0.0,1089.0,92,80,6,7,0,False,91.16279069767442,12.642000000000001,0.829125,2.8875,0.8055,0.2957,0.0746,0.205,3243.3622189536345,2530.1622189536347,713.1999999999998,0.969030785733465,0,0,8
0,1772830436.423968,760.4,176,0.504,0.0991,0.0376,0.1746,43.814,9.9108,17.463,57.3703,0.0,0.0,7.42,6.1,1.32,None,0.00019502639770507812,4.163,True,None,sfc_cache_p1_36,0,None,137.98,0.0,924.0,79,70,6,7,0,False,91.1832946635731,12.967,0.5618571428571428,3.3,0.7779,0.2463,0.0669,0.1908,3078.2394348134526,2444.2394348134526,633.9999999999999,0.9709270479219807,0,0,8
0,1772830436.4254918,760.4,176,0.504,0.0991,0.0376,0.1746,43.814,9.9108,17.463,57.3703,0.0,0.0,7.06,4.67,2.39,None,0.00019502639770507812,4.01,True,None,sfc_unique_p1_36,0,None,137.98,0.0,924.0,79,70,6,7,0,False,91.20370370370371,12.967,0.5618571428571428,3.3,0.7779,0.2463,0.0669,0.1908,3078.2394348134526,2444.2394348134526,633.9999999999999,0.9709270479219807,0,0,8
0,1772830436.4554935,760.4,177,0.5087,0.1218,0.0429,0.1746,45.1099,12.1787,17.463,56.838,0.0,0.0,8.31,6.99,1.32,None,0.031847476959228516,3.897,True,None,sfc_cache_p2_36,0,None,141.98,0.0,957.0,81,72,6,7,0,False,91.22401847575058,12.856805555555557,0.67125,3.2083333333333335,0.7781,0.329,0.0658,0.1977,3125.42229195631,2477.02229195631,648.3999999999999,0.9543152195148679,1,0,8
0,1772830436.4571755,760.4,177,0.5087,0.1218,0.0429,0.1746,45.1099,12.1787,17.463,56.838,0.0,0.0,5.91,4.44,1.47,None,0.031847476959228516,4.083,True,None,sfc_unique_p2_36,0,None,141.98,0.0,957.0,81,72,6,7,0,False,91.24423963133641,12.856805555555557,0.67125,3.2083333333333335,0.7781,0.329,0.0658,0.1977,3125.42229195631,2477.02229195631,648.3999999999999,0.9543152195148679,1,0,8
0,1772830436.4883914,760.5,178,0.5182,0.1218,0.0499,0.1746,47.0182,12.1787,17.463,56.6926,0.0,0.0,8.31,6.99,1.32,None,0.0634908676147461,3.874,True,None,sfc_cache_p3_36,0,None,145.98,0.0,990.0,83,74,6,7,0,False,91.26436781609195,12.87418918918919,0.653108108108108,3.1216216216216215,0.787,0.329,0.0647,0.2067,3155.4680062420234,2492.6680062420237,662.7999999999998,0.9527445528482011,1,0,8
0,1772830436.4900355,760.5,178,0.5182,0.1218,0.0499,0.1746,47.0182,12.1787,17.463,56.6926,0.0,0.0,13.42,10.43,3.0,None,0.0634908676147461,3.843,True,None,sfc_unique_p3_36,0,None,145.98,0.0,990.0,83,74,6,7,0,False,91.28440366972477,12.87418918918919,0.653108108108108,3.1216216216216215,0.787,0.329,0.0647,0.2067,3155.4680062420234,2492.6680062420237,662.7999999999998,0.9527445528482011,1,0,8
0,1772830436.5201488,760.5,179,0.5257,0.1218,0.0541,0.1746,47.9902,12.1787,17.463,57.1008,0.0,0.0,7.42,6.1,1.32,None,0.09634590148925781,3.857,True,None,sfc_cache_p4_36,0,None,149.98,0.0,1023.0,86,76,6,7,0,False,91.30434782608695,12.890657894736842,0.6359210526315789,3.039473684210526,0.7898,0.329,0.0637,0.2097,3173.4680062420234,2492.6680062420237,680.7999999999998,0.9520420816961244,1,0,8
0,1772830436.5218263,760.5,179,0.5257,0.1218,0.0541,0.1746,47.9902,12.1787,17.463,57.1008,0.0,0.0,11.16,8.77,2.39,None,0.09634590148925781,3.853,True,None,sfc_unique_p4_36,0,None,149.98,0.0,1023.0,86,76,6,7,0,False,91.32420091324201,12.890657894736842,0.6359210526315789,3.039473684210526,0.7898,0.329,0.0637,0.2097,3173.4680062420234,2492.6680062420237,680.7999999999998,0.9520420816961244,1,0,8
0,1772830436.5521708,760.5,180,0.5313,0.1218,0.0554,0.1746,47.9902,12.1787,17.463,58.0459,0.0,0.0,6.89,5.57,1.32,None,0.1281263828277588,3.887,True,None,sfc_cache_p5_36,0,None,153.98,0.0,1056.0,88,78,6,7,0,False,91.34396355353076,12.906282051282052,0.6196153846153846,2.9615384615384617,0.7916,0.329,0.0627,0.2101,3203.4680062420234,2492.6680062420237,710.7999999999998,0.9520420816961244,1,0,8
0,1772830436.553814,760.5,180,0.5313,0.1218,0.0554,0.1746,47.9902,12.1787,17.463,58.0459,0.0,0.0,8.27,8.27,0,None,0.1281263828277588,3.836,True,None,sfc_unique_p5_36,0,None,153.98,0.0,1056.0,88,78,6,7,0,False,91.36363636363637,12.906282051282052,0.6196153846153846,2.9615384615384617,0.7916,0.329,0.0627,0.2101,3203.4680062420234,2492.6680062420237,710.7999999999998,0.9520420816961244,1,0,8
0,1772830436.5837936,760.6,181,0.5357,0.1436,0.0638,0.1746,48.9622,14.3635,17.463,57.8886,0.0,0.0,8.31,6.99,1.32,None,0.16011309623718262,3.897,True,None,sfc_cache_p6_36,0,None,157.98,0.0,1089.0,90,80,6,7,0,False,91.38321995464852,12.81275,0.7125,2.8875,0.7939,0.3058,0.0617,0.2115,3237.4194348134524,2512.2194348134526,725.1999999999998,0.9499893253873163,1,0,8
0,1772830436.5854073,760.6,181,0.5357,0.1436,0.0638,0.1746,48.9622,14.3635,17.463,57.8886,0.0,0.0,10.92,8.18,2.74,None,0.16011309623718262,3.998,True,None,sfc_unique_p6_36,0,None,157.98,0.0,1089.0,90,80,6,7,0,False,91.4027149321267,12.81275,0.7125,2.8875,0.7939,0.3058,0.0617,0.2115,3237.4194348134524,2512.2194348134526,725.1999999999998,0.9499893253873163,1,0,8
0,1772830458.4597015,782.4,181,0.5152,0.1436,0.036,0.1746,47.9902,14.3635,17.463,55.1338,0.0,0.0,6.66,4.96,1.71,None,0.00011992454528808594,2.397,True,None,sfc_cache_p1_37,0,None,145.98,0.0,990.0,83,74,6,7,0,False,91.42212189616254,12.757027027027027,0.7702702702702703,3.1216216216216215,0.7832,0.3058,0.0647,0.2142,3150.1700926063636,2502.970092606364,647.1999999999998,0.9494675967247426,1,0,8
0,1772830458.461434,782.4,181,0.5152,0.1436,0.036,0.1746,47.9902,14.3635,17.463,55.1338,0.0,0.0,8.95,6.18,2.78,None,0.00011992454528808594,4.02,True,None,sfc_unique_p1_37,0,None,145.98,0.0,990.0,83,74,6,7,0,False,91.44144144144144,12.757027027027027,0.7702702702702703,3.1216216216216215,0.7832,0.3058,0.0647,0.2142,3150.1700926063636,2502.970092606364,647.1999999999998,0.9494675967247426,1,0,8
0,1772830458.493735,782.5,182,0.5228,0.1436,0.0415,0.1746,48.9622,14.3635,17.463,55.5866,0.0,0.0,6.66,4.96,1.71,None,0.026899337768554688,3.947,True,None,sfc_cache_p2_37,0,None,149.98,0.0,1023.0,85,76,6,7,0,False,91.46067415730337,12.77657894736842,0.75,3.039473684210526,0.8009,0.3058,0.0637,0.2235,3176.536996851793,2511.336996851793,665.1999999999998,0.9494675967247426,1,0,8
0,1772830458.495425,782.5,182,0.5228,0.1436,0.0415,0.1746,48.9622,14.3635,17.463,55.5866,0.0,0.0,17.11,14.8,2.3,None,0.026899337768554688,3.903,True,None,sfc_unique_p2_37,0,None,149.98,0.0,1023.0,85,76,6,7,0,False,91.4798206278027,12.77657894736842,0.75,3.039473684210526,0.8009,0.3058,0.0637,0.2235,3176.536996851793,2511.336996851793,665.1999999999998,0.9494675967247426,1,0,8
0,1772830458.527397,782.5,183,0.532,0.1436,0.0466,0.1746,51.2301,14.3635,17.463,55.1211,0.0,0.0,7.55,5.84,1.71,None,0.060869455337524414,3.833,True,None,sfc_cache_p3_37,0,None,153.98,0.0,1056.0,88,78,6,7,0,False,91.49888143176734,12.795128205128204,0.7307692307692307,2.9615384615384617,0.8012,0.3058,0.0627,0.23,3212.87632512915,2533.27632512915,679.5999999999998,0.9530701328269163,1,0,9
0,1772830458.5290527,782.5,183,0.532,0.1436,0.0466,0.1746,51.2301,14.3635,17.463,55.1211,0.0,0.0,6.23,4.73,1.5,None,0.060869455337524414,3.98,True,None,sfc_unique_p3_37,0,None,153.98,0.0,1056.0,88,78,6,7,0,False,91.51785714285714,12.795128205128204,0.7307692307692307,2.9615384615384617,0.8012,0.3058,0.0627,0.23,3212.87632512915,2533.27632512915,679.5999999999998,0.9530701328269163,1,0,9
0,1772830458.6886737,782.7,184,0.5374,0.1436,0.0493,0.1746,51.2301,14.3635,17.463,56.1172,0.0,0.0,6.13,4.42,1.71,None,0.0944666862487793,3.947,True,None,sfc_cache_p4_37,0,None,157.98,0.0,1089.0,90,80,6,7,0,False,91.53674832962137,12.81275,0.7125,2.8875,0.8024,0.3058,0.0617,0.233,3242.87632512915,2533.27632512915,709.5999999999998,0.9530701328269163,1,0,9
0,1772830458.6904204,782.7,184,0.5374,0.1436,0.0493,0.1746,51.2301,14.3635,17.463,56.1172,0.0,0.0,8.27,8.27,0,None,0.0944666862487793,3.879,True,None,sfc_unique_p4_37,0,None,157.98,0.0,1089.0,90,80,6,7,0,False,91.55555555555556,12.81275,0.7125,2.8875,0.8024,0.3058,0.0617,0.233,3242.87632512915,2533.27632512915,709.5999999999998,0.9530701328269163,1,0,9
0,1772830458.721655,782.7,185,0.5427,0.1436,0.0521,0.1746,51.2301,14.3635,17.463,57.0519,0.0,0.0,6.13,4.42,1.71,None,0.25583791732788086,3.893,True,None,sfc_cache_p5_37,0,None,161.98,0.0,1122.0,92,82,6,7,0,False,91.57427937915743,12.829512195121952,0.6951219512195121,2.817073170731707,0.8038,0.3058,0.0607,0.2356,3272.87632512915,2533.27632512915,739.5999999999998,0.9530701328269163,1,0,9
0,1772830458.7233033,782.7,185,0.5427,0.1436,0.0521,0.1746,51.2301,14.3635,17.463,57.0519,0.0,0.0,8.27,8.27,0,None,0.25583791732788086,3.86,True,None,sfc_unique_p5_37,0,None,161.98,0.0,1122.0,92,82,6,7,0,False,91.5929203539823,12.829512195121952,0.6951219512195121,2.817073170731707,0.8038,0.3058,0.0607,0.2356,3272.87632512915,2533.27632512915,739.5999999999998,0.9530701328269163,1,0,9
0,1772830458.753967,782.7,186,0.5478,0.1436,0.0549,0.1746,51.2301,14.3635,17.463,57.9305,0.0,0.0,6.13,4.42,1.71,None,0.28874707221984863,3.844,True,None,sfc_cache_p6_37,0,None,165.98,0.0,1155.0,94,84,6,7,0,False,91.61147902869757,12.845476190476191,0.6785714285714286,2.75,0.8054,0.3058,0.0598,0.2378,3302.87632512915,2533.27632512915,769.5999999999998,0.9530701328269163,1,0,9
0,1772830458.7555192,782.7,186,0.5478,0.1436,0.0549,0.1746,51.2301,14.3635,17.463,57.9305,0.0,0.0,8.27,8.27,0,None,0.28874707221984863,3.904,True,None,sfc_unique_p6_37,0,None,165.98,0.0,1155.0,94,84,6,7,0,False,91.62995594713657,12.845476190476191,0.6785714285714286,2.75,0.8054,0.3058,0.0598,0.2378,3302.87632512915,2533.27632512915,769.5999999999998,0.9530701328269163,1,0,9
0,1772830476.5041115,800.5,186,0.517,0.1436,0.0386,0.1746,43.5256,14.3635,17.463,59.8897,0.0,0.0,6.19,4.29,1.9,None,0.00018835067749023438,4.005,True,None,sfc_cache_p1_38,0,None,132.99,0.0,990.0,78,74,6,7,0,False,91.64835164835165,12.932567567567567,0.7702702702702703,3.1216216216216215,0.815,0.3058,0.0647,0.229,3163.0537125304804,2475.8537125304806,687.1999999999998,0.9463562447062812,1,0,7
0,1772830476.5057378,800.5,186,0.517,0.1436,0.0386,0.1746,43.5256,14.3635,17.463,59.8897,0.0,0.0,9.93,6.96,2.97,None,0.00018835067749023438,3.99,True,None,sfc_unique_p1_38,0,None,132.99,0.0,990.0,78,74,6,7,0,False,91.66666666666666,12.932567567567567,0.7702702702702703,3.1216216216216215,0.815,0.3058,0.0647,0.229,3163.0537125304804,2475.8537125304806,687.1999999999998,0.9463562447062812,1,0,7
0,1772830476.536721,800.5,187,0.5245,0.1436,0.049,0.1746,44.4976,14.3635,17.463,60.2084,0.0,0.0,6.19,4.29,1.9,None,0.03379535675048828,3.938,True,None,sfc_cache_p2_38,0,None,136.99,0.0,1023.0,81,76,6,7,0,False,91.68490153172867,12.9475,0.75,3.039473684210526,0.8209,0.3058,0.0637,0.2414,3186.2773621203273,2481.0773621203275,705.1999999999998,0.9461142103642175,1,0,7
0,1772830476.5383463,800.5,187,0.5245,0.1436,0.049,0.1746,44.4976,14.3635,17.463,60.2084,0.0,0.0,9.93,6.96,2.97,None,0.03379535675048828,4.006,True,None,sfc_unique_p2_38,0,None,136.99,0.0,1023.0,81,76,6,7,0,False,91.70305676855895,12.9475,0.75,3.039473684210526,0.8209,0.3058,0.0637,0.2414,3186.2773621203273,2481.0773621203275,705.1999999999998,0.9461142103642175,1,0,7
0,1772830476.56966,800.5,188,0.5318,0.1436,0.0595,0.1746,45.4696,14.3635,17.463,60.5108,0.0,0.0,6.19,4.29,1.9,None,0.06636977195739746,3.934,True,None,sfc_cache_p3_38,0,None,140.99,0.0,1056.0,84,78,6,7,0,False,91.72113289760348,12.961666666666666,0.7307692307692307,2.9615384615384617,0.8262,0.3058,0.0627,0.2496,3212.099680646871,2488.8996806468713,723.1999999999998,0.9458724137180181,1,0,7
0,1772830476.5711937,800.5,188,0.5318,0.1436,0.0595,0.1746,45.4696,14.3635,17.463,60.5108,0.0,0.0,9.93,6.96,2.97,None,0.06636977195739746,3.985,True,None,sfc_unique_p3_38,0,None,140.99,0.0,1056.0,84,78,6,7,0,False,91.73913043478261,12.961666666666666,0.7307692307692307,2.9615384615384617,0.8262,0.3058,0.0627,0.2496,3212.099680646871,2488.8996806468713,723.1999999999998,0.9458724137180181,1,0,7
0,1772830476.6020877,800.6,189,0.5372,0.1436,0.063,0.1746,45.4696,14.3635,17.463,61.3148,0.0,0.0,5.66,3.76,1.9,None,0.09925150871276855,3.971,True,None,sfc_cache_p4_38,0,None,144.99,0.0,1089.0,86,80,6,7,0,False,91.75704989154013,12.975125,0.7125,2.8875,0.8276,0.3058,0.0617,0.2515,3242.099680646871,2488.8996806468713,753.1999999999998,0.9458724137180181,1,0,7
0,1772830476.6036413,800.6,189,0.5372,0.1436,0.063,0.1746,45.4696,14.3635,17.463,61.3148,0.0,0.0,8.27,8.27,0,None,0.09925150871276855,3.937,True,None,sfc_unique_p4_38,0,None,144.99,0.0,1089.0,86,80,6,7,0,False,91.77489177489177,12.975125,0.7125,2.8875,0.8276,0.3058,0.0617,0.2515,3242.099680646871,2488.8996806468713,753.1999999999998,0.9458724137180181,1,0,7
0,1772830476.634712,800.6,190,0.5424,0.1436,0.0664,0.1746,45.4696,14.3635,17.463,62.0704,0.0,0.0,5.66,3.76,1.9,None,0.13166260719299316,3.867,True,None,sfc_cache_p5_38,0,None,148.99,0.0,1122.0,88,82,6,7,0,False,91.792656587473,12.987926829268293,0.6951219512195121,2.817073170731707,0.829,0.3058,0.0607,0.2529,3272.099680646871,2488.8996806468713,783.1999999999998,0.9458724137180181,1,0,7
0,1772830476.6362913,800.6,190,0.5424,0.1436,0.0664,0.1746,45.4696,14.3635,17.463,62.0704,0.0,0.0,8.27,8.27,0,None,0.13166260719299316,3.889,True,None,sfc_unique_p5_38,0,None,148.99,0.0,1122.0,88,82,6,7,0,False,91.8103448275862,12.987926829268293,0.6951219512195121,2.817073170731707,0.829,0.3058,0.0607,0.2529,3272.099680646871,2488.8996806468713,783.1999999999998,0.9458724137180181,1,0,7
0,1772830476.6674225,800.6,191,0.5509,0.1436,0.0769,0.1746,47.3779,14.3635,17.463,61.8518,0.0,0.0,7.08,5.18,1.9,None,0.16431784629821777,3.986,True,None,sfc_cache_p6_38,0,None,152.99,0.0,1155.0,91,84,6,7,0,False,91.82795698924731,13.000119047619048,0.6785714285714286,2.75,0.8335,0.3058,0.0598,0.2549,3304.96005829739,2507.36005829739,797.5999999999998,0.9453983777612365,1,0,7
0,1772830476.669003,800.6,191,0.5509,0.1436,0.0769,0.1746,47.3779,14.3635,17.463,61.8518,0.0,0.0,9.02,6.05,2.97,None,0.16431784629821777,3.997,True,None,sfc_unique_p6_38,0,None,152.99,0.0,1155.0,91,84,6,7,0,False,91.84549356223177,13.000119047619048,0.6785714285714286,2.75,0.8335,0.3058,0.0598,0.2549,3304.96005829739,2507.36005829739,797.5999999999998,0.9453983777612365,1,0,7
0,1772830499.5346367,823.5,191,0.517,0.1436,0.0059,0.1746,43.2017,14.3635,17.463,60.2141,0.0,0.0,3.19,2.58,0.6,None,0.00016999244689941406,4.095,True,None,sfc_cache_p1_39,0,None,132.99,0.0,990.0,80,74,6,7,0,False,91.86295503211991,12.932567567567565,0.7702702702702703,3.1216216216216215,0.7886,0.3058,0.0896,0.2228,3186.6833529375817,2491.883352937582,694.7999999999998,0.9588506290189369,1,0,8
0,1772830499.5362296,823.5,191,0.517,0.1436,0.0059,0.1746,43.2017,14.3635,17.463,60.2141,0.0,0.0,4.52,3.48,1.04,None,0.00016999244689941406,4.094,True,None,sfc_unique_p1_39,0,None,132.99,0.0,990.0,80,74,6,7,0,False,91.88034188034187,12.932567567567565,0.7702702702702703,3.1216216216216215,0.7886,0.3058,0.0896,0.2228,3186.6833529375817,2491.883352937582,694.7999999999998,0.9588506290189369,1,0,8
0,1772830499.5666955,823.5,192,0.5213,0.1562,0.0119,0.1746,45.1099,15.6234,17.463,59.0177,0.0,0.0,2.76,2.16,0.6,None,0.033412933349609375,4.088,True,None,sfc_cache_p2_39,0,None,141.32,0.0,1023.0,83,76,6,7,0,False,91.89765458422174,12.824736842105262,0.8157894736842105,3.039473684210526,0.7755,0.3378,0.0882,0.2289,3217.736208532691,2512.936208532691,704.7999999999998,0.9617290055192277,1,0,10
0,1772830499.568203,823.5,192,0.5213,0.1562,0.0119,0.1746,45.1099,15.6234,17.463,59.0177,0.0,0.0,3.66,2.38,1.28,None,0.033412933349609375,4.02,True,None,sfc_unique_p2_39,0,None,141.32,0.0,1023.0,83,76,6,7,0,False,91.91489361702128,12.824736842105262,0.8157894736842105,3.039473684210526,0.7755,0.3378,0.0882,0.2289,3217.736208532691,2512.936208532691,704.7999999999998,0.9617290055192277,1,0,10
0,1772830499.5993898,823.6,193,0.5264,0.1562,0.0175,0.1746,46.0819,15.6234,17.463,58.9058,0.0,0.0,4.71,3.47,1.24,None,0.06540918350219727,3.94,True,None,sfc_cache_p3_39,0,None,149.65,0.0,1056.0,87,78,6,7,0,False,91.93205944798302,12.786538461538461,0.7948717948717948,2.9615384615384617,0.7814,0.3378,0.0868,0.2389,3243.5585270592346,2520.758527059235,722.7999999999998,0.9616422449665895,1,0,10
0,1772830499.6009395,823.6,193,0.5264,0.1562,0.0175,0.1746,46.0819,15.6234,17.463,58.9058,0.0,0.0,9.32,6.76,2.56,None,0.06540918350219727,4.077,True,None,sfc_unique_p3_39,0,None,149.65,0.0,1056.0,87,78,6,7,0,False,91.94915254237289,12.786538461538461,0.7948717948717948,2.9615384615384617,0.7814,0.3378,0.0868,0.2389,3243.5585270592346,2520.758527059235,722.7999999999998,0.9616422449665895,1,0,10
0,1772830499.6321602,823.6,194,0.5291,0.1781,0.0258,0.1746,47.0539,17.8082,17.463,58.3628,0.0,0.0,5.59,4.35,1.24,None,0.09815263748168945,4.087,True,None,sfc_cache_p4_39,0,None,153.65,0.0,1089.0,90,80,6,7,0,False,91.9661733615222,12.696000000000002,0.883375,2.8875,0.7837,0.3754,0.0854,0.246,3279.102699787915,2541.902699787915,737.1999999999998,0.9610481558135645,1,0,10
0,1772830499.63391,823.6,194,0.5291,0.1781,0.0258,0.1746,47.0539,17.8082,17.463,58.3628,0.0,0.0,6.71,4.15,2.56,None,0.09815263748168945,4.092,True,None,sfc_unique_p4_39,0,None,153.65,0.0,1089.0,90,80,6,7,0,False,91.9831223628692,12.696000000000002,0.883375,2.8875,0.7837,0.3754,0.0854,0.246,3279.102699787915,2541.902699787915,737.1999999999998,0.9610481558135645,1,0,10
0,1772830499.7956088,823.8,195,0.5344,0.1781,0.03,0.1746,48.0258,17.8082,17.463,58.3395,0.0,0.0,5.06,3.82,1.24,None,0.13106441497802734,4.09,True,None,sfc_cache_p5_39,0,None,157.65,0.0,1122.0,93,82,6,7,0,False,92.0,12.715609756097562,0.8618292682926829,2.817073170731707,0.7873,0.3754,0.0841,0.2484,3298.9901785063794,2543.7901785063796,755.1999999999998,0.9605218552989178,1,0,10
0,1772830499.7973251,823.8,195,0.5344,0.1781,0.03,0.1746,48.0258,17.8082,17.463,58.3395,0.0,0.0,8.26,5.95,2.31,None,0.13106441497802734,4.084,True,None,sfc_unique_p5_39,0,None,157.65,0.0,1122.0,93,82,6,7,0,False,92.01680672268907,12.715609756097562,0.8618292682926829,2.817073170731707,0.7873,0.3754,0.0841,0.2484,3298.9901785063794,2543.7901785063796,755.1999999999998,0.9605218552989178,1,0,10
0,1772830499.8286288,823.8,196,0.5413,0.1781,0.0356,0.1746,48.9978,17.8082,17.463,58.6648,0.0,0.0,5.59,4.35,1.24,None,0.2945113182067871,4.091,True,None,sfc_cache_p6_39,0,None,161.65,0.0,1155.0,96,84,6,7,0,False,92.0335429769392,12.734285714285715,0.8413095238095238,2.75,0.792,0.3754,0.0829,0.2499,3326.3927477681036,2553.192747768104,773.1999999999998,0.96043543019772,1,0,10
0,1772830499.8303294,823.8,196,0.5413,0.1781,0.0356,0.1746,48.9978,17.8082,17.463,58.6648,0.0,0.0,9.32,6.76,2.56,None,0.2945113182067871,4.05,True,None,sfc_unique_p6_39,0,None,161.65,0.0,1155.0,96,84,6,7,0,False,92.05020920502092,12.734285714285715,0.8413095238095238,2.75,0.792,0.3754,0.0829,0.2499,3326.3927477681036,2553.192747768104,773.1999999999998,0.96043543019772,1,0,10
0,1772830521.566238,845.5,196,0.509,0.1781,0.0042,0.1746,42.6617,17.8082,17.463,59.2087,0.0,0.0,4.76,3.47,1.3,None,0.00020241737365722656,4.027,True,None,sfc_cache_p1_40,0,None,137.32,0.0,990.0,81,74,6,7,0,False,92.06680584551148,12.689324324324325,0.9550000000000001,3.1216216216216215,0.7789,0.3754,0.0896,0.2301,3186.4008115353226,2499.6008115353225,686.8,0.9556718521905838,1,0,8
0,1772830521.5678923,845.5,196,0.509,0.1781,0.0042,0.1746,42.6617,17.8082,17.463,59.2087,0.0,0.0,7.61,5.25,2.36,None,0.00020241737365722656,4.109,True,None,sfc_unique_p1_40,0,None,137.32,0.0,990.0,81,74,6,7,0,False,92.08333333333333,12.689324324324325,0.9550000000000001,3.1216216216216215,0.7789,0.3754,0.0896,0.2301,3186.4008115353226,2499.6008115353225,686.8,0.9556718521905838,1,0,8
0,1772830521.5987265,845.6,197,0.5143,0.1781,0.0083,0.1746,43.6336,17.8082,17.463,59.0887,0.0,0.0,4.76,3.47,1.3,None,0.03414559364318848,4.02,True,None,sfc_cache_p2_40,0,None,145.65,0.0,1023.0,85,76,6,7,0,False,92.0997920997921,12.653684210526315,0.9298684210526316,3.039473684210526,0.7831,0.3754,0.0882,0.2377,3213.803380797047,2509.0033807970467,704.8,0.9550283525717066,1,0,8
0,1772830521.6002371,845.6,197,0.5143,0.1781,0.0083,0.1746,43.6336,17.8082,17.463,59.0887,0.0,0.0,9.38,7.02,2.36,None,0.03414559364318848,3.949,True,None,sfc_unique_p2_40,0,None,145.65,0.0,1023.0,85,76,6,7,0,False,92.11618257261411,12.653684210526315,0.9298684210526316,3.039473684210526,0.7831,0.3754,0.0882,0.2377,3213.803380797047,2509.0033807970467,704.8,0.9550283525717066,1,0,8
0,1772830521.6315982,845.6,198,0.5218,0.1781,0.0139,0.1746,45.5419,17.8082,17.463,58.527,0.0,0.0,5.65,4.35,1.3,None,0.06652975082397461,3.942,True,None,sfc_cache_p3_40,0,None,149.65,0.0,1056.0,87,78,6,7,0,False,92.13250517598344,12.675384615384615,0.9060256410256411,2.9615384615384617,0.787,0.3754,0.0868,0.2445,3246.4764809363437,2527.276480936344,719.1999999999999,0.954815640401248,1,0,8
0,1772830521.63313,845.6,198,0.5218,0.1781,0.0139,0.1746,45.5419,17.8082,17.463,58.527,0.0,0.0,8.57,6.18,2.39,None,0.06652975082397461,4.048,True,None,sfc_unique_p3_40,0,None,149.65,0.0,1056.0,87,78,6,7,0,False,92.14876033057851,12.675384615384615,0.9060256410256411,2.9615384615384617,0.787,0.3754,0.0868,0.2445,3246.4764809363437,2527.276480936344,719.1999999999999,0.954815640401248,1,0,8
0,1772830521.6644037,845.6,199,0.5291,0.1781,0.0181,0.1746,46.5139,17.8082,17.463,58.8659,0.0,0.0,5.65,4.35,1.3,None,0.09942126274108887,4.011,True,None,sfc_cache_p4_40,0,None,153.65,0.0,1089.0,90,80,6,7,0,False,92.16494845360825,12.696000000000002,0.883375,2.8875,0.7906,0.3754,0.0854,0.2463,3267.063928699848,2529.863928699848,737.1999999999999,0.9541725616153589,1,0,8
0,1772830521.6659591,845.6,199,0.5291,0.1781,0.0181,0.1746,46.5139,17.8082,17.463,58.8659,0.0,0.0,9.38,7.02,2.36,None,0.09942126274108887,4.014,True,None,sfc_unique_p4_40,0,None,153.65,0.0,1089.0,90,80,6,7,0,False,92.18106995884774,12.696000000000002,0.883375,2.8875,0.7906,0.3754,0.0854,0.2463,3267.063928699848,2529.863928699848,737.1999999999999,0.9541725616153589,1,0,8
0,1772830521.6974766,845.7,200,0.5362,0.1781,0.0237,0.1746,47.4859,17.8082,17.463,59.1882,0.0,0.0,5.65,4.35,1.3,None,0.13225793838500977,4.023,True,None,sfc_cache_p5_40,0,None,157.65,0.0,1122.0,93,82,6,7,0,False,92.1971252566735,12.715609756097562,0.8618292682926829,2.817073170731707,0.7953,0.3754,0.0841,0.2475,3294.4664979615723,2539.2664979615724,755.1999999999999,0.9540642192534955,1,0,8
0,1772830521.6990378,845.7,200,0.5362,0.1781,0.0237,0.1746,47.4859,17.8082,17.463,59.1882,0.0,0.0,10.01,7.62,2.39,None,0.13225793838500977,3.928,True,None,sfc_unique_p5_40,0,None,157.65,0.0,1122.0,93,82,6,7,0,False,92.21311475409836,12.715609756097562,0.8618292682926829,2.817073170731707,0.7953,0.3754,0.0841,0.2475,3294.4664979615723,2539.2664979615724,755.1999999999999,0.9540642192534955,1,0,8
0,1772830521.7305014,845.7,201,0.5413,0.1781,0.025,0.1746,47.4859,17.8082,17.463,59.9981,0.0,0.0,5.11,3.82,1.3,None,0.16533446311950684,4.025,True,None,sfc_cache_p6_40,0,None,161.65,0.0,1155.0,95,84,6,7,0,False,92.22903885480572,12.734285714285715,0.8413095238095238,2.75,0.7972,0.3754,0.0829,0.2467,3324.4664979615723,2539.2664979615724,785.1999999999999,0.9540642192534955,1,0,8
0,1772830521.7320678,845.7,201,0.5413,0.1781,0.025,0.1746,47.4859,17.8082,17.463,59.9981,0.0,0.0,8.27,8.27,0,None,0.16533446311950684,3.99,True,None,sfc_unique_p6_40,0,None,161.65,0.0,1155.0,95,84,6,7,0,False,92.24489795918367,12.734285714285715,0.8413095238095238,2.75,0.7972,0.3754,0.0829,0.2467,3324.4664979615723,2539.2664979615724,785.1999999999999,0.9540642192534955,1,0,8
0,1772830535.6015196,859.6,201,0.5128,0.1554,0.0042,0.1746,42.626,15.5403,17.463,59.8808,0.0,0.0,7.68,6.1,1.57,None,0.0001881122589111328,4.008,True,None,sfc_cache_p1_41,0,None,132.99,0.0,990.0,82,74,6,7,0,False,92.26069246435846,12.869459459459458,0.8333783783783784,3.1216216216216215,0.7894,0.3596,0.06,0.2316,3173.1981300618663,2481.9981300618665,691.1999999999999,0.9617448201040474,1,0,6
0,1772830535.6031506,859.6,201,0.5128,0.1554,0.0042,0.1746,42.626,15.5403,17.463,59.8808,0.0,0.0,10.58,7.94,2.64,None,0.0001881122589111328,3.926,True,None,sfc_unique_p1_41,0,None,132.99,0.0,990.0,82,74,6,7,0,False,92.27642276422763,12.869459459459458,0.8333783783783784,3.1216216216216215,0.7894,0.3596,0.06,0.2316,3173.1981300618663,2481.9981300618665,691.1999999999999,0.9617448201040474,1,0,6
0,1772830535.633531,859.6,202,0.5186,0.1554,0.0097,0.1746,43.598,15.5403,17.463,59.8068,0.0,0.0,7.14,5.57,1.57,None,0.03340768814086914,3.803,True,None,sfc_cache_p2_41,0,None,136.99,0.0,1023.0,84,76,6,7,0,False,92.2920892494929,12.886052631578947,0.8114473684210527,3.039473684210526,0.7959,0.3596,0.0591,0.2397,3198.912415776152,2489.7124157761523,709.1999999999999,0.9599342911034239,1,0,6
0,1772830535.6350155,859.6,202,0.5186,0.1554,0.0097,0.1746,43.598,15.5403,17.463,59.8068,0.0,0.0,11.79,8.8,2.99,None,0.03340768814086914,3.922,True,None,sfc_unique_p2_41,0,None,136.99,0.0,1023.0,84,76,6,7,0,False,92.3076923076923,12.886052631578947,0.8114473684210527,3.039473684210526,0.7959,0.3596,0.0591,0.2397,3198.912415776152,2489.7124157761523,709.1999999999999,0.9599342911034239,1,0,6
0,1772830535.6660151,859.6,203,0.5259,0.1554,0.0167,0.1746,44.57,15.5403,17.463,60.1154,0.0,0.0,7.68,6.1,1.57,None,0.06525278091430664,3.813,True,None,sfc_cache_p3_41,0,None,140.99,0.0,1056.0,86,78,6,7,0,False,92.32323232323232,12.901794871794872,0.7906410256410257,2.9615384615384617,0.8036,0.3596,0.0581,0.2486,3225.8402729190093,2498.6402729190095,727.1999999999999,0.9599342911034239,1,0,6
0,1772830535.667538,859.6,203,0.5259,0.1554,0.0167,0.1746,44.57,15.5403,17.463,60.1154,0.0,0.0,13.06,9.81,3.25,None,0.06525278091430664,3.82,True,None,sfc_unique_p3_41,0,None,140.99,0.0,1056.0,86,78,6,7,0,False,92.33870967741935,12.901794871794872,0.7906410256410257,2.9615384615384617,0.8036,0.3596,0.0581,0.2486,3225.8402729190093,2498.6402729190095,727.1999999999999,0.9599342911034239,1,0,6
0,1772830535.6984813,859.7,204,0.5331,0.1554,0.0223,0.1746,45.5419,15.5403,17.463,60.4089,0.0,0.0,7.68,6.1,1.57,None,0.09780383110046387,3.886,True,None,sfc_cache_p4_41,0,None,144.99,0.0,1089.0,88,80,6,7,0,False,92.35412474849095,12.916749999999999,0.770875,2.8875,0.8202,0.3596,0.0572,0.2524,3252.2071771644382,2507.0071771644384,745.1999999999999,0.9599342911034239,1,0,6
0,1772830535.7000551,859.7,204,0.5331,0.1554,0.0223,0.1746,45.5419,15.5403,17.463,60.4089,0.0,0.0,18.75,15.91,2.84,None,0.09780383110046387,3.82,True,None,sfc_unique_p4_41,0,None,144.99,0.0,1089.0,88,80,6,7,0,False,92.3694779116466,12.916749999999999,0.770875,2.8875,0.8202,0.3596,0.0572,0.2524,3252.2071771644382,2507.0071771644384,745.1999999999999,0.9599342911034239,1,0,6
0,1772830535.7322683,859.7,205,0.54,0.1554,0.0292,0.1746,46.5139,15.5403,17.463,60.6882,0.0,0.0,7.68,6.1,1.57,None,0.1303272247314453,3.811,True,None,sfc_cache_p5_41,0,None,148.99,0.0,1122.0,90,82,6,7,0,False,92.38476953907816,12.930975609756096,0.7520731707317073,2.817073170731707,0.8286,0.3596,0.0563,0.2527,3279.8500343072956,2516.6500343072958,763.1999999999999,0.9599342911034239,1,0,6
0,1772830535.73385,859.7,205,0.54,0.1554,0.0292,0.1746,46.5139,15.5403,17.463,60.6882,0.0,0.0,10.9,7.85,3.05,None,0.1303272247314453,3.937,True,None,sfc_unique_p5_41,0,None,148.99,0.0,1122.0,90,82,6,7,0,False,92.4,12.930975609756096,0.7520731707317073,2.817073170731707,0.8286,0.3596,0.0563,0.2527,3279.8500343072956,2516.6500343072958,763.1999999999999,0.9599342911034239,1,0,6
0,1772830535.7655208,859.7,206,0.5468,0.1554,0.0362,0.1746,47.4859,15.5403,17.463,60.9544,0.0,0.0,7.68,6.1,1.57,None,0.16411781311035156,3.896,True,None,sfc_cache_p6_41,0,None,152.99,0.0,1155.0,93,84,6,7,0,False,92.41516966067864,12.944523809523808,0.7341666666666666,2.75,0.8339,0.3596,0.0555,0.2532,3305.564320021581,2524.364320021581,781.1999999999999,0.9599342911034239,1,0,6
0,1772830535.76713,859.7,206,0.5468,0.1554,0.0362,0.1746,47.4859,15.5403,17.463,60.9544,0.0,0.0,13.06,9.81,3.25,None,0.16411781311035156,3.835,True,None,sfc_unique_p6_41,0,None,152.99,0.0,1155.0,93,84,6,7,0,False,92.43027888446214,12.944523809523808,0.7341666666666666,2.75,0.8339,0.3596,0.0555,0.2532,3305.564320021581,2524.364320021581,781.1999999999999,0.9599342911034239,1,0,6
0,1772830549.6445882,873.6,206,0.551,0.1865,0.0412,0.1996,49.5021,18.6473,19.9577,59.8973,0.0,0.0,3.11,2.19,0.92,None,0.0001690387725830078,4.058,True,None,sfc_cache_p1_42,0,None,152.99,0.0,1155.0,93,86,6,8,0,False,92.44532803180915,12.860581395348838,0.8604651162790697,3.0697674418604652,0.8195,0.4292,0.0593,0.2575,3351.767694112279,2560.5676941122792,791.1999999999999,0.964628194199737,1,0,8
0,1772830549.6463912,873.6,206,0.551,0.1865,0.0412,0.1996,49.5021,18.6473,19.9577,59.8973,0.0,0.0,2.3,0.94,1.35,None,0.0001690387725830078,4.196,True,None,sfc_unique_p1_42,0,None,152.99,0.0,1155.0,93,86,6,8,0,False,92.46031746031747,12.860581395348838,0.8604651162790697,3.0697674418604652,0.8195,0.4292,0.0593,0.2575,3351.767694112279,2560.5676941122792,791.1999999999999,0.964628194199737,1,0,8
0,1772830549.806124,873.8,207,0.5558,0.1865,0.0454,0.1996,50.4741,18.6473,19.9577,59.8328,0.0,0.0,5.12,3.56,1.56,None,0.03576970100402832,4.137,True,None,sfc_cache_p2_42,0,None,156.99,0.0,1188.0,96,88,6,8,0,False,92.47524752475248,12.875113636363636,0.8409090909090909,3.0,0.8222,0.4292,0.0585,0.2665,3370.6104429127745,2561.4104429127747,809.1999999999999,0.9642001361448211,1,0,8
0,1772830549.8078728,873.8,207,0.5558,0.1865,0.0454,0.1996,50.4741,18.6473,19.9577,59.8328,0.0,0.0,8.32,5.7,2.63,None,0.03576970100402832,4.061,True,None,sfc_unique_p2_42,0,None,156.99,0.0,1188.0,96,88,6,8,0,False,92.4901185770751,12.875113636363636,0.8409090909090909,3.0,0.8222,0.4292,0.0585,0.2665,3370.6104429127745,2561.4104429127747,809.1999999999999,0.9642001361448211,1,0,8
0,1772830549.8409264,873.8,208,0.5576,0.2083,0.0537,0.1996,51.4461,20.8321,19.9577,59.2831,0.0,0.0,5.15,3.59,1.56,None,0.1972343921661377,4.022,True,None,sfc_cache_p3_42,0,None,165.32,0.0,1221.0,99,90,6,8,0,False,92.50493096646942,12.744555555555555,0.9185555555555556,2.933333333333333,0.8202,0.4429,0.0576,0.2741,3408.906511632787,2585.306511632787,823.5999999999999,0.9635732465443869,1,0,8
0,1772830549.8426495,873.8,208,0.5576,0.2083,0.0537,0.1996,51.4461,20.8321,19.9577,59.2831,0.0,0.0,8.28,5.24,3.04,None,0.1972343921661377,4.175,True,None,sfc_unique_p3_42,0,None,165.32,0.0,1221.0,99,90,6,8,0,False,92.51968503937007,12.744555555555555,0.9185555555555556,2.933333333333333,0.8202,0.4429,0.0576,0.2741,3408.906511632787,2585.306511632787,823.5999999999999,0.9635732465443869,1,0,8
0,1772830549.8764846,873.9,209,0.5621,0.2083,0.0593,0.1996,52.418,20.8321,19.9577,59.2378,0.0,0.0,5.12,3.56,1.56,None,0.2319808006286621,4.025,True,None,sfc_cache_p4_42,0,None,169.32,0.0,1254.0,102,92,6,8,0,False,92.5343811394892,12.760978260869566,0.8985869565217391,2.869565217391304,0.8237,0.4429,0.0568,0.2789,3436.309080894511,2594.7090808945113,841.5999999999999,0.9633587310155107,1,0,8
0,1772830549.878203,873.9,209,0.5621,0.2083,0.0593,0.1996,52.418,20.8321,19.9577,59.2378,0.0,0.0,8.93,5.89,3.04,None,0.2319808006286621,4.064,True,None,sfc_unique_p4_42,0,None,169.32,0.0,1254.0,102,92,6,8,0,False,92.54901960784314,12.760978260869566,0.8985869565217391,2.869565217391304,0.8237,0.4429,0.0568,0.2789,3436.309080894511,2594.7090808945113,841.5999999999999,0.9633587310155107,1,0,8
0,1772830549.9118748,873.9,210,0.5666,0.2083,0.0607,0.1996,52.418,20.8321,19.9577,59.9489,0.0,0.0,5.12,3.56,1.56,None,0.26757121086120605,4.069,True,None,sfc_cache_p5_42,0,None,173.32,0.0,1287.0,104,94,6,8,0,False,92.56360078277886,12.776702127659574,0.879468085106383,2.8085106382978724,0.8248,0.4429,0.056,0.2795,3466.309080894511,2594.7090808945113,871.5999999999999,0.9633587310155107,1,0,8
0,1772830549.9135716,873.9,210,0.5666,0.2083,0.0607,0.1996,52.418,20.8321,19.9577,59.9489,0.0,0.0,8.27,8.27,0,None,0.26757121086120605,4.07,True,None,sfc_unique_p5_42,0,None,173.32,0.0,1287.0,104,94,6,8,0,False,92.578125,12.776702127659574,0.879468085106383,2.8085106382978724,0.8248,0.4429,0.056,0.2795,3466.309080894511,2594.7090808945113,871.5999999999999,0.9633587310155107,1,0,8
0,1772830549.9472458,873.9,211,0.5709,0.2083,0.0621,0.1996,52.418,20.8321,19.9577,60.6237,0.0,0.0,5.12,3.56,1.56,None,0.30289125442504883,4.014,True,None,sfc_cache_p6_42,0,None,177.32,0.0,1320.0,106,96,6,8,0,False,92.5925925925926,12.791770833333333,0.8611458333333334,2.75,0.8261,0.4429,0.0552,0.2799,3496.309080894511,2594.7090808945113,901.5999999999999,0.9633587310155107,1,0,8
0,1772830549.948985,873.9,211,0.5709,0.2083,0.0621,0.1996,52.418,20.8321,19.9577,60.6237,0.0,0.0,8.27,8.27,0,None,0.30289125442504883,4.129,True,None,sfc_unique_p6_42,0,None,177.32,0.0,1320.0,106,96,6,8,0,False,92.60700389105058,12.791770833333333,0.8611458333333334,2.75,0.8261,0.4429,0.0552,0.2799,3496.309080894511,2594.7090808945113,901.5999999999999,0.9633587310155107,1,0,8
0,1772830559.670095,883.6,211,0.5483,0.1546,0.0021,0.1996,46.6932,15.4571,19.9577,61.6479,0.0,0.0,8.34,6.67,1.67,None,0.00015854835510253906,4.01,True,None,sfc_cache_p1_43,0,None,157.32,0.0,1155.0,94,86,6,8,0,False,92.62135922330097,12.957441860465117,0.7132558139534884,3.0697674418604652,0.8126,0.2981,0.0689,0.2292,3331.795959860615,2509.395959860615,822.3999999999999,0.9639092841652,1,0,7
0,1772830559.6718626,883.6,211,0.5483,0.1546,0.0021,0.1996,46.6932,15.4571,19.9577,61.6479,0.0,0.0,8.27,8.27,0,None,0.00015854835510253906,3.865,True,None,sfc_unique_p1_43,0,None,157.32,0.0,1155.0,94,86,6,8,0,False,92.63565891472868,12.957441860465117,0.7132558139534884,3.0697674418604652,0.8126,0.2981,0.0689,0.2292,3331.795959860615,2509.395959860615,822.3999999999999,0.9639092841652,1,0,7
0,1772830559.7041106,883.7,212,0.5565,0.1546,0.0083,0.1996,47.6651,15.4571,19.9577,62.2204,0.0,0.0,9.76,8.09,1.67,None,0.03540921211242676,3.929,True,None,sfc_cache_p2_43,0,None,161.32,0.0,1188.0,97,88,6,8,0,False,92.64990328820116,12.969772727272728,0.6970454545454546,3.0,0.8143,0.2981,0.0679,0.2266,3369.510245574901,2517.110245574901,852.3999999999999,0.9623304196109345,1,0,7
0,1772830559.705712,883.7,212,0.5565,0.1546,0.0083,0.1996,47.6651,15.4571,19.9577,62.2204,0.0,0.0,14.38,11.64,2.74,None,0.03540921211242676,3.947,True,None,sfc_unique_p2_43,0,None,161.32,0.0,1188.0,97,88,6,8,0,False,92.66409266409266,12.969772727272728,0.6970454545454546,3.0,0.8143,0.2981,0.0679,0.2266,3369.510245574901,2517.110245574901,852.3999999999999,0.9623304196109345,1,0,7
0,1772830559.738229,883.7,213,0.5628,0.1546,0.016,0.1996,48.6371,15.4571,19.9577,62.433,0.0,0.0,8.87,7.2,1.67,None,0.06924748420715332,3.842,True,None,sfc_cache_p3_43,0,None,165.32,0.0,1221.0,99,90,6,8,0,False,92.67822736030828,12.981555555555557,0.6815555555555556,2.933333333333333,0.8223,0.2981,0.067,0.2231,3397.153102717758,2526.753102717758,870.3999999999999,0.9623304196109345,1,0,7
0,1772830559.7398784,883.7,213,0.5628,0.1546,0.016,0.1996,48.6371,15.4571,19.9577,62.433,0.0,0.0,10.65,7.85,2.8,None,0.06924748420715332,3.972,True,None,sfc_unique_p3_43,0,None,165.32,0.0,1221.0,99,90,6,8,0,False,92.6923076923077,12.981555555555557,0.6815555555555556,2.933333333333333,0.8223,0.2981,0.067,0.2231,3397.153102717758,2526.753102717758,870.3999999999999,0.9623304196109345,1,0,7
0,1772830559.772814,883.8,214,0.5689,0.1546,0.0209,0.1996,49.6091,15.4571,19.9577,62.6366,0.0,0.0,8.87,7.2,1.67,None,0.1034250259399414,3.892,True,None,sfc_cache_p4_43,0,None,169.32,0.0,1254.0,101,92,6,8,0,False,92.7063339731286,12.992826086956523,0.6667391304347826,2.869565217391304,0.8247,0.2981,0.066,0.2176,3415.153102717758,2526.753102717758,888.3999999999999,0.9615333783040481,1,0,7
0,1772830559.7745497,883.8,214,0.5689,0.1546,0.0209,0.1996,49.6091,15.4571,19.9577,62.6366,0.0,0.0,11.16,8.77,2.39,None,0.1034250259399414,3.97,True,None,sfc_unique_p4_43,0,None,169.32,0.0,1254.0,101,92,6,8,0,False,92.72030651340997,12.992826086956523,0.6667391304347826,2.869565217391304,0.8247,0.2981,0.066,0.2176,3415.153102717758,2526.753102717758,888.3999999999999,0.9615333783040481,1,0,7
0,1772830559.8051572,883.8,215,0.5689,0.1546,0.0209,0.1996,49.6091,15.4571,19.9577,62.6366,0.0,0.0,None,None,None,None,0.1381080150604248,2.551,False,None,sfc_cache_p5_43,0,None,169.32,0.0,1254.0,101,92,6,8,0,False,92.54302103250478,12.992826086956523,0.6667391304347826,2.869565217391304,0.8247,0.2981,0.066,0.2176,3415.153102717758,2526.753102717758,888.3999999999999,0.9615333783040481,1,0,7
0,1772830559.806789,883.8,215,0.5689,0.1546,0.0209,0.1996,49.6091,15.4571,19.9577,62.6366,0.0,0.0,8.27,8.27,0,None,0.1381080150604248,3.178,False,None,sfc_unique_p5_43,0,None,169.32,0.0,1254.0,101,92,6,8,0,False,92.36641221374046,12.992826086956523,0.6667391304347826,2.869565217391304,0.8247,0.2981,0.066,0.2176,3415.153102717758,2526.753102717758,888.3999999999999,0.9615333783040481,1,0,7
0,1772830559.8377457,883.8,216,0.5689,0.1546,0.0209,0.1996,49.6091,15.4571,19.9577,62.6366,0.0,0.0,None,None,None,None,0.17027068138122559,2.551,False,None,sfc_cache_p6_43,0,None,169.32,0.0,1254.0,101,92,6,8,0,False,92.19047619047619,12.992826086956523,0.6667391304347826,2.869565217391304,0.8247,0.2981,0.066,0.2176,3415.153102717758,2526.753102717758,888.3999999999999,0.9615333783040481,1,0,7
0,1772830559.8393884,883.8,216,0.5689,0.1546,0.0209,0.1996,49.6091,15.4571,19.9577,62.6366,0.0,0.0,10.33,10.33,0,None,0.17027068138122559,3.172,False,None,sfc_unique_p6_43,0,None,169.32,0.0,1254.0,101,92,6,8,0,False,92.01520912547528,12.992826086956523,0.6667391304347826,2.869565217391304,0.8247,0.2981,0.066,0.2176,3415.153102717758,2526.753102717758,888.3999999999999,0.9615333783040481,1,0,7
0,1772830574.7003248,898.7,216,0.5429,0.0974,0.0021,0.1996,43.0926,9.7445,19.9577,63.9991,0.0,0.0,3.47,2.23,1.24,None,0.0002167224884033203,4.057,True,None,sfc_cache_p1_44,0,None,149.32,0.0,1089.0,90,82,6,8,0,False,92.0303605313093,13.207439024390244,0.47158536585365857,3.2195121951219514,0.8072,0.1654,0.0971,0.2172,3236.6987922395033,2423.8987922395036,812.7999999999998,0.9819668830175827,0,0,7
0,1772830574.7020378,898.7,216,0.5429,0.0974,0.0021,0.1996,43.0926,9.7445,19.9577,63.9991,0.0,0.0,8.27,8.27,0,None,0.0002167224884033203,4.014,True,None,sfc_unique_p1_44,0,None,149.32,0.0,1089.0,90,82,6,8,0,False,92.04545454545455,13.207439024390244,0.47158536585365857,3.2195121951219514,0.8072,0.1654,0.0971,0.2172,3236.6987922395033,2423.8987922395036,812.7999999999998,0.9819668830175827,0,0,7
0,1772830574.7353303,898.7,217,0.5513,0.0974,0.0083,0.1996,45.0009,9.7445,19.9577,63.7536,0.0,0.0,4.89,3.65,1.24,None,0.034563302993774414,4.032,True,None,sfc_cache_p2_44,0,None,149.32,4.0,1122.0,92,84,6,8,0,False,92.06049149338375,13.214404761904762,0.46035714285714285,3.142857142857143,0.8108,0.1654,0.0956,0.2158,3269.559169890022,2442.3591698900223,827.1999999999998,0.9808860627151798,0,0,7
0,1772830574.7372952,898.7,217,0.5513,0.0974,0.0083,0.1996,45.0009,9.7445,19.9577,63.7536,0.0,0.0,8.31,5.75,2.56,None,0.034563302993774414,4.109,True,None,sfc_unique_p2_44,0,None,149.32,4.0,1122.0,92,84,6,8,0,False,92.0754716981132,13.214404761904762,0.46035714285714285,3.142857142857143,0.8108,0.1654,0.0956,0.2158,3269.559169890022,2442.3591698900223,827.1999999999998,0.9808860627151798,0,0,7
0,1772830574.8989563,898.9,218,0.5595,0.0974,0.0146,0.1996,45.9728,9.7445,19.9577,64.3001,0.0,0.0,4.89,3.65,1.24,None,0.0698709487915039,4.07,True,None,sfc_cache_p3_44,0,None,149.32,8.0,1155.0,94,86,6,8,0,False,92.09039548022598,13.221046511627907,0.44965116279069767,3.0697674418604652,0.8119,0.1654,0.0942,0.2129,3308.9617391517463,2451.7617391517465,857.1999999999998,0.9807467653927837,0,0,7
0,1772830574.9006672,898.9,218,0.5595,0.0974,0.0146,0.1996,45.9728,9.7445,19.9577,64.3001,0.0,0.0,11.73,9.4,2.33,None,0.0698709487915039,4.012,True,None,sfc_unique_p3_44,0,None,149.32,8.0,1155.0,94,86,6,8,0,False,92.10526315789474,13.221046511627907,0.44965116279069767,3.0697674418604652,0.8119,0.1654,0.0942,0.2129,3308.9617391517463,2451.7617391517465,857.1999999999998,0.9807467653927837,0,0,7
0,1772830574.9332106,898.9,219,0.5632,0.1201,0.0209,0.1996,45.9728,12.0124,19.9577,64.8284,0.0,0.0,4.89,3.65,1.24,None,0.2332611083984375,3.99,True,None,sfc_cache_p4_44,0,None,149.32,12.0,1188.0,97,88,6,8,0,False,92.12007504690432,13.125113636363636,0.5417045454545455,3.0,0.8127,0.1643,0.0928,0.2072,3360.0451627703815,2472.8451627703816,887.1999999999998,0.9799217935346244,0,0,7
0,1772830574.9348545,898.9,219,0.5632,0.1201,0.0209,0.1996,45.9728,12.0124,19.9577,64.8284,0.0,0.0,9.51,7.2,2.31,None,0.2332611083984375,4.083,True,None,sfc_unique_p4_44,0,None,149.32,12.0,1188.0,97,88,6,8,0,False,92.13483146067416,13.125113636363636,0.5417045454545455,3.0,0.8127,0.1643,0.0928,0.2072,3360.0451627703815,2472.8451627703816,887.1999999999998,0.9799217935346244,0,0,7
0,1772830574.9653666,898.9,220,0.5632,0.1201,0.0209,0.1996,45.9728,12.0124,19.9577,64.8284,0.0,0.0,None,None,None,None,0.26741504669189453,2.851,False,None,sfc_cache_p5_44,0,None,149.32,12.0,1188.0,97,88,6,8,0,False,91.96261682242991,13.125113636363636,0.5417045454545455,3.0,0.8127,0.1643,0.0928,0.2072,3360.0451627703815,2472.8451627703816,887.1999999999998,0.9799217935346244,0,0,7
0,1772830574.9670482,898.9,220,0.5632,0.1201,0.0209,0.1996,45.9728,12.0124,19.9577,64.8284,0.0,0.0,None,None,None,None,0.26741504669189453,2.568,False,None,sfc_unique_p5_44,0,None,149.32,12.0,1188.0,97,88,6,8,0,False,91.7910447761194,13.125113636363636,0.5417045454545455,3.0,0.8127,0.1643,0.0928,0.2072,3360.0451627703815,2472.8451627703816,887.1999999999998,0.9799217935346244,0,0,7
0,1772830574.9974818,899.0,221,0.5632,0.1201,0.0209,0.1996,45.9728,12.0124,19.9577,64.8284,0.0,0.0,None,None,None,None,0.29956531524658203,2.793,False,None,sfc_cache_p6_44,0,None,149.32,12.0,1188.0,97,88,6,8,0,False,91.62011173184358,13.125113636363636,0.5417045454545455,3.0,0.8127,0.1643,0.0928,0.2072,3360.0451627703815,2472.8451627703816,887.1999999999998,0.9799217935346244,0,0,7
0,1772830574.999091,899.0,221,0.5632,0.1201,0.0209,0.1996,45.9728,12.0124,19.9577,64.8284,0.0,0.0,8.27,8.27,0,None,0.29956531524658203,3.324,False,None,sfc_unique_p6_44,0,None,149.32,12.0,1188.0,97,88,6,8,0,False,91.44981412639405,13.125113636363636,0.5417045454545455,3.0,0.8127,0.1643,0.0928,0.2072,3360.0451627703815,2472.8451627703816,887.1999999999998,0.9799217935346244,0,0,7
0,1772830601.7285402,925.7,221,0.486,0.1201,0.0063,0.1746,37.4768,12.0124,17.463,60.9913,0.0,0.0,8.99,7.15,1.84,None,0.00011801719665527344,2.316,True,None,sfc_cache_p1_45,0,None,109.32,12.0,858.0,72,66,6,7,0,False,91.4656771799629,12.939545454545454,0.7222727272727273,3.5,0.7555,0.1643,0.1003,0.1324,3040.2494796981455,2403.8494796981454,636.4,0.9781566825617928,0,0,6
0,1772830601.7294157,925.7,221,0.486,0.1201,0.0063,0.1746,37.4768,12.0124,17.463,60.9913,0.0,0.0,12.45,9.54,2.91,None,0.00011801719665527344,2.43,True,None,sfc_unique_p1_45,0,None,109.32,12.0,858.0,72,66,6,7,0,False,91.48148148148148,12.939545454545454,0.7222727272727273,3.5,0.7555,0.1643,0.1003,0.1324,3040.2494796981455,2403.8494796981454,636.4,0.9781566825617928,0,0,6
0,1772830601.748479,925.7,222,0.4926,0.1201,0.0125,0.1746,38.4487,12.0124,17.463,60.8684,0.0,0.0,8.46,6.61,1.84,None,0.020905733108520508,2.293,True,None,sfc_cache_p2_45,0,None,113.32,12.0,891.0,74,68,6,7,0,False,91.49722735674676,12.956029411764705,0.7010294117647059,3.3970588235294117,0.7625,0.1643,0.0986,0.1411,3065.9637654124313,2411.563765412431,654.4,0.9781566825617928,0,0,6
0,1772830601.7492568,925.7,222,0.4926,0.1201,0.0125,0.1746,38.4487,12.0124,17.463,60.8684,0.0,0.0,10.41,7.7,2.7,None,0.020905733108520508,2.353,True,None,sfc_unique_p2_45,0,None,113.32,12.0,891.0,74,68,6,7,0,False,91.5129151291513,12.956029411764705,0.7010294117647059,3.3970588235294117,0.7625,0.1643,0.0986,0.1411,3065.9637654124313,2411.563765412431,654.4,0.9781566825617928,0,0,6
0,1772830601.768781,925.7,223,0.5007,0.1201,0.0202,0.1746,39.4207,12.0124,17.463,61.182,0.0,0.0,8.99,7.15,1.84,None,0.04071521759033203,2.32,True,None,sfc_cache_p3_45,0,None,117.32,12.0,924.0,76,70,6,7,0,False,91.52854511970534,12.971571428571428,0.681,3.3,0.771,0.1643,0.0969,0.1497,3091.9637654124313,2419.563765412431,672.4,0.9781566825617928,0,0,6
0,1772830601.769564,925.7,223,0.5007,0.1201,0.0202,0.1746,39.4207,12.0124,17.463,61.182,0.0,0.0,12.92,9.87,3.05,None,0.04071521759033203,2.419,True,None,sfc_unique_p3_45,0,None,117.32,12.0,924.0,76,70,6,7,0,False,91.54411764705883,12.971571428571428,0.681,3.3,0.771,0.1643,0.0969,0.1497,3091.9637654124313,2419.563765412431,672.4,0.9781566825617928,0,0,6
0,1772830601.7893457,925.8,224,0.5054,0.1428,0.0278,0.1746,40.357,14.2803,17.463,60.9457,0.0,0.0,9.88,8.04,1.84,None,0.06103062629699707,2.291,True,None,sfc_cache_p4_45,0,None,121.32,12.0,957.0,78,72,6,7,0,False,91.55963302752293,12.86125,0.7870833333333334,3.2083333333333335,0.7749,0.2411,0.0953,0.1547,3134.860908269574,2448.0609082695737,686.8,0.9781566825617928,0,0,6
0,1772830601.7900965,925.8,224,0.5054,0.1428,0.0278,0.1746,40.357,14.2803,17.463,60.9457,0.0,0.0,8.26,5.56,2.7,None,0.06103062629699707,2.396,True,None,sfc_unique_p4_45,0,None,121.32,12.0,957.0,78,72,6,7,0,False,91.57509157509158,12.86125,0.7870833333333334,3.2083333333333335,0.7749,0.2411,0.0953,0.1547,3134.860908269574,2448.0609082695737,686.8,0.9781566825617928,0,0,6
0,1772830601.8097663,925.8,225,0.5114,0.1428,0.0299,0.1746,40.357,14.2803,17.463,61.7941,0.0,0.0,8.46,6.61,1.84,None,0.08155202865600586,2.299,True,None,sfc_cache_p5_45,0,None,125.32,12.0,990.0,80,74,6,7,0,False,91.59049360146253,12.878513513513514,0.7658108108108108,3.1216216216216215,0.778,0.2411,0.0937,0.156,3164.860908269574,2448.0609082695737,716.8,0.9781566825617928,0,0,6
0,1772830601.8105237,925.8,225,0.5114,0.1428,0.0299,0.1746,40.357,14.2803,17.463,61.7941,0.0,0.0,8.27,8.27,0,None,0.08155202865600586,2.383,True,None,sfc_unique_p5_45,0,None,125.32,12.0,990.0,80,74,6,7,0,False,91.6058394160584,12.878513513513514,0.7658108108108108,3.1216216216216215,0.778,0.2411,0.0937,0.156,3164.860908269574,2448.0609082695737,716.8,0.9781566825617928,0,0,6
0,1772830601.8303,925.8,226,0.5172,0.1428,0.032,0.1746,40.357,14.2803,17.463,62.5879,0.0,0.0,8.46,6.61,1.84,None,0.10196852684020996,2.314,True,None,sfc_cache_p6_45,0,None,129.32,12.0,1023.0,82,76,6,7,0,False,91.62112932604735,12.894868421052632,0.7456578947368421,3.039473684210526,0.7812,0.2411,0.0922,0.1571,3194.860908269574,2448.0609082695737,746.8,0.9781566825617928,0,0,6
0,1772830601.831076,925.8,226,0.5172,0.1428,0.032,0.1746,40.357,14.2803,17.463,62.5879,0.0,0.0,8.27,8.27,0,None,0.10196852684020996,2.36,True,None,sfc_unique_p6_45,0,None,129.32,12.0,1023.0,82,76,6,7,0,False,91.63636363636364,12.894868421052632,0.7456578947368421,3.039473684210526,0.7812,0.2411,0.0922,0.1571,3194.860908269574,2448.0609082695737,746.8,0.9781566825617928,0,0,6
0,1772830624.7854843,948.8,226,0.4901,0.1084,0.0049,0.1746,32.617,10.8356,17.463,67.0009,0.0,0.0,9.88,8.04,1.84,None,0.0002052783966064453,3.888,True,None,sfc_cache_p1_46,0,None,100.66,12.0,858.0,65,66,6,7,0,False,91.65154264972777,13.141515151515152,0.6515151515151515,3.5,0.8014,0.2409,0.0864,0.15,3039.206314294913,2350.806314294913,688.4,0.9877523685946834,0,0,2
0,1772830624.7870722,948.8,226,0.4901,0.1084,0.0049,0.1746,32.617,10.8356,17.463,67.0009,0.0,0.0,20.2,17.69,2.5,None,0.0002052783966064453,3.856,True,None,sfc_unique_p1_46,0,None,100.66,12.0,858.0,65,66,6,7,0,False,91.66666666666666,13.141515151515152,0.6515151515151515,3.5,0.8014,0.2409,0.0864,0.15,3039.206314294913,2350.806314294913,688.4,0.9877523685946834,0,0,2
0,1772830624.8205905,948.8,227,0.4933,0.131,0.0125,0.1746,32.617,13.1035,17.463,67.1447,0.0,0.0,8.99,7.15,1.84,None,0.0363314151763916,3.876,True,None,sfc_cache_p2_46,0,None,104.66,12.0,891.0,67,68,6,7,0,False,91.68173598553345,13.019705882352941,0.7647058823529411,3.3970588235294117,0.8057,0.3241,0.0849,0.1488,3079.706314294913,2373.306314294913,706.4,0.9877523685946834,0,0,2
0,1772830624.8220248,948.8,227,0.4933,0.131,0.0125,0.1746,32.617,13.1035,17.463,67.1447,0.0,0.0,8.39,5.48,2.91,None,0.0363314151763916,3.884,True,None,sfc_unique_p2_46,0,None,104.66,12.0,891.0,67,68,6,7,0,False,91.69675090252709,13.019705882352941,0.7647058823529411,3.3970588235294117,0.8057,0.3241,0.0849,0.1488,3079.706314294913,2373.306314294913,706.4,0.9877523685946834,0,0,2
0,1772830624.9764392,949.0,228,0.5014,0.131,0.023,0.1746,33.5889,13.1035,17.463,67.2806,0.0,0.0,8.99,7.15,1.84,None,0.07128119468688965,3.783,True,None,sfc_cache_p3_46,0,None,108.66,12.0,924.0,69,70,6,7,0,False,91.7117117117117,13.033428571428573,0.7428571428571429,3.3,0.813,0.3241,0.0834,0.1517,3102.92996388476,2378.52996388476,724.4,0.9877523685946834,0,0,2
0,1772830624.977995,949.0,228,0.5014,0.131,0.023,0.1746,33.5889,13.1035,17.463,67.2806,0.0,0.0,10.42,6.96,3.46,None,0.07128119468688965,3.965,True,None,sfc_unique_p3_46,0,None,108.66,12.0,924.0,69,70,6,7,0,False,91.72661870503596,13.033428571428573,0.7428571428571429,3.3,0.813,0.3241,0.0834,0.1517,3102.92996388476,2378.52996388476,724.4,0.9877523685946834,0,0,2
0,1772830625.0114021,949.0,229,0.5075,0.131,0.025,0.1746,33.5889,13.1035,17.463,67.9265,0.0,0.0,8.46,6.61,1.84,None,0.22723102569580078,3.748,True,None,sfc_cache_p4_46,0,None,112.66,12.0,957.0,71,72,6,7,0,False,91.74147217235189,13.04638888888889,0.7222222222222222,3.2083333333333335,0.8159,0.3241,0.082,0.1505,3132.92996388476,2378.52996388476,754.4,0.9877523685946834,0,0,2
0,1772830625.0130384,949.0,229,0.5075,0.131,0.025,0.1746,33.5889,13.1035,17.463,67.9265,0.0,0.0,8.27,8.27,0,None,0.22723102569580078,3.332,True,None,sfc_unique_p4_46,0,None,112.66,12.0,957.0,71,72,6,7,0,False,91.75627240143369,13.04638888888889,0.7222222222222222,3.2083333333333335,0.8159,0.3241,0.082,0.1505,3132.92996388476,2378.52996388476,754.4,0.9877523685946834,0,0,2
0,1772830625.0449598,949.0,230,0.5075,0.131,0.025,0.1746,33.5889,13.1035,17.463,67.9265,0.0,0.0,None,None,None,None,0.26221513748168945,2.697,False,None,sfc_cache_p5_46,0,None,112.66,12.0,957.0,71,72,6,7,0,False,91.59212880143113,13.04638888888889,0.7222222222222222,3.2083333333333335,0.8159,0.3241,0.082,0.1505,3132.92996388476,2378.52996388476,754.4,0.9877523685946834,0,0,2
0,1772830625.0466223,949.0,230,0.5075,0.131,0.025,0.1746,33.5889,13.1035,17.463,67.9265,0.0,0.0,None,None,None,None,0.26221513748168945,2.669,False,None,sfc_unique_p5_46,0,None,112.66,12.0,957.0,71,72,6,7,0,False,91.42857142857143,13.04638888888889,0.7222222222222222,3.2083333333333335,0.8159,0.3241,0.082,0.1505,3132.92996388476,2378.52996388476,754.4,0.9877523685946834,0,0,2
0,1772830625.0791862,949.1,231,0.5075,0.131,0.025,0.1746,33.5889,13.1035,17.463,67.9265,0.0,0.0,None,None,None,None,0.29581594467163086,2.745,False,None,sfc_cache_p6_46,0,None,112.66,12.0,957.0,71,72,6,7,0,False,91.26559714795009,13.04638888888889,0.7222222222222222,3.2083333333333335,0.8159,0.3241,0.082,0.1505,3132.92996388476,2378.52996388476,754.4,0.9877523685946834,0,0,2
0,1772830625.0808246,949.1,231,0.5075,0.131,0.025,0.1746,33.5889,13.1035,17.463,67.9265,0.0,0.0,10.33,10.33,0,None,0.29581594467163086,3.388,False,None,sfc_unique_p6_46,0,None,112.66,12.0,957.0,71,72,6,7,0,False,91.10320284697508,13.04638888888889,0.7222222222222222,3.2083333333333335,0.8159,0.3241,0.082,0.1505,3132.92996388476,2378.52996388476,754.4,0.9877523685946834,0,0,2
0,1772830639.816601,963.8,231,0.4702,0.131,0.0038,0.1746,28.6567,13.1035,17.463,68.4498,0.0,0.0,6.44,4.96,1.49,None,0.0003724098205566406,3.818,True,None,sfc_cache_p1_47,0,None,88.33,12.0,792.0,57,62,6,7,0,False,91.1190053285968,13.043064516129034,0.8387096774193549,3.725806451612903,0.7865,0.3241,0.0895,0.1298,3007.592570292437,2351.592570292437,656.0,0.9902736989620027,0,0,3
0,1772830639.8180778,963.8,231,0.4702,0.131,0.0038,0.1746,28.6567,13.1035,17.463,68.4498,0.0,0.0,6.01,4.73,1.28,None,0.0003724098205566406,3.953,True,None,sfc_unique_p1_47,0,None,88.33,12.0,792.0,57,62,6,7,0,False,91.13475177304964,13.043064516129034,0.8387096774193549,3.725806451612903,0.7865,0.3241,0.0895,0.1298,3007.592570292437,2351.592570292437,656.0,0.9902736989620027,0,0,3
0,1772830639.852411,963.8,232,0.4807,0.131,0.0075,0.1746,31.3923,13.1035,17.463,67.0757,0.0,0.0,6.16,4.68,1.49,None,0.036316633224487305,3.919,True,None,sfc_cache_p2_47,0,None,92.33,12.0,825.0,60,64,6,7,0,False,91.1504424778761,13.057343750000001,0.8125,3.609375,0.7801,0.3241,0.0879,0.136,3039.8426089861377,2373.8426089861377,666.0,0.9901622081326613,0,0,4
0,1772830639.8539495,963.8,232,0.4807,0.131,0.0075,0.1746,31.3923,13.1035,17.463,67.0757,0.0,0.0,6.01,4.73,1.28,None,0.036316633224487305,3.938,True,None,sfc_unique_p2_47,0,None,92.33,12.0,825.0,60,64,6,7,0,False,91.16607773851591,13.057343750000001,0.8125,3.609375,0.7801,0.3241,0.0879,0.136,3039.8426089861377,2373.8426089861377,666.0,0.9901622081326613,0,0,4
0,1772830639.8886142,963.9,233,0.4892,0.131,0.0152,0.1746,33.3006,13.1035,17.463,66.1875,0.0,0.0,6.44,4.96,1.49,None,0.07214784622192383,3.798,True,None,sfc_cache_p3_47,0,None,96.33,12.0,858.0,62,66,6,7,0,False,91.18165784832452,13.070757575757577,0.7878787878787878,3.5,0.7853,0.3241,0.0864,0.1464,3068.5240669647787,2388.1240669647786,680.4,0.9896925439939831,0,0,4
0,1772830639.8901424,963.9,233,0.4892,0.131,0.0152,0.1746,33.3006,13.1035,17.463,66.1875,0.0,0.0,8.15,5.57,2.58,None,0.07214784622192383,3.943,True,None,sfc_unique_p3_47,0,None,96.33,12.0,858.0,62,66,6,7,0,False,91.19718309859155,13.070757575757577,0.7878787878787878,3.5,0.7853,0.3241,0.0864,0.1464,3068.5240669647787,2388.1240669647786,680.4,0.9896925439939831,0,0,4
0,1772830639.925235,963.9,234,0.4957,0.131,0.0215,0.1746,34.2725,13.1035,17.463,65.8786,0.0,0.0,5.91,4.42,1.49,None,0.10835742950439453,3.85,True,None,sfc_cache_p4_47,0,None,100.33,12.0,891.0,65,68,6,7,0,False,91.21265377855887,13.083382352941177,0.7647058823529411,3.3970588235294117,0.7901,0.3241,0.0849,0.153,3095.926636226503,2397.526636226503,698.4,0.9892050033655974,0,0,4
0,1772830639.9266884,963.9,234,0.4957,0.131,0.0215,0.1746,34.2725,13.1035,17.463,65.8786,0.0,0.0,9.11,6.56,2.56,None,0.10835742950439453,3.93,True,None,sfc_unique_p4_47,0,None,100.33,12.0,891.0,65,68,6,7,0,False,91.22807017543859,13.083382352941177,0.7647058823529411,3.3970588235294117,0.7901,0.3241,0.0849,0.153,3095.926636226503,2397.526636226503,698.4,0.9892050033655974,0,0,4
0,1772830639.9611723,963.9,235,0.5055,0.131,0.0291,0.1746,36.1808,13.1035,17.463,65.538,0.0,0.0,7.33,5.84,1.49,None,0.14493989944458008,3.791,True,None,sfc_cache_p5_47,0,None,104.33,12.0,924.0,68,70,6,7,0,False,91.24343257443083,13.095285714285714,0.7428571428571429,3.3,0.7994,0.3241,0.0834,0.1589,3120.5824015879016,2407.7824015879014,712.8,0.9892050033655974,0,0,4
0,1772830639.9626088,963.9,235,0.5055,0.131,0.0291,0.1746,36.1808,13.1035,17.463,65.538,0.0,0.0,8.72,6.14,2.58,None,0.14493989944458008,3.832,True,None,sfc_unique_p5_47,0,None,104.33,12.0,924.0,68,70,6,7,0,False,91.25874125874127,13.095285714285714,0.7428571428571429,3.3,0.7994,0.3241,0.0834,0.1589,3120.5824015879016,2407.7824015879014,712.8,0.9892050033655974,0,0,4
0,1772830639.997581,964.0,236,0.5103,0.1529,0.0395,0.1746,37.1528,15.2883,17.463,65.2116,0.0,0.0,7.33,5.84,1.49,None,0.18082046508789062,3.741,True,None,sfc_cache_p6_47,0,None,108.33,12.0,957.0,71,72,6,7,0,False,91.2739965095986,12.98611111111111,0.8426388888888889,3.2083333333333335,0.8045,0.388,0.082,0.1625,3151.947654644704,2424.747654644704,727.1999999999999,0.9887353392269191,0,0,4
0,1772830639.9990258,964.0,236,0.5103,0.1529,0.0395,0.1746,37.1528,15.2883,17.463,65.2116,0.0,0.0,7.87,5.29,2.58,None,0.18082046508789062,3.995,True,None,sfc_unique_p6_47,0,None,108.33,12.0,957.0,71,72,6,7,0,False,91.28919860627178,12.98611111111111,0.8426388888888889,3.2083333333333335,0.8045,0.388,0.082,0.1625,3151.947654644704,2424.747654644704,727.1999999999999,0.9887353392269191,0,0,4
0,1772830664.8443162,988.8,236,0.4281,0.1529,0.0056,0.1497,28.0088,15.2883,14.9682,62.9211,0.0,0.0,5.61,4.42,1.19,None,0.0002200603485107422,4.28,True,None,sfc_cache_p1_48,0,None,76.33,12.0,693.0,52,54,6,6,0,False,91.30434782608695,12.74074074074074,1.1235185185185186,3.6666666666666665,0.7208,0.388,0.0663,0.124,2888.613976680037,2343.813976680037,544.8,0.9885186545031922,0,0,4
0,1772830664.8455348,988.8,236,0.4281,0.1529,0.0056,0.1497,28.0088,15.2883,14.9682,62.9211,0.0,0.0,8.23,5.95,2.28,None,0.0002200603485107422,4.35,True,None,sfc_unique_p1_48,0,None,76.33,12.0,693.0,52,54,6,6,0,False,91.31944444444444,12.74074074074074,1.1235185185185186,3.6666666666666665,0.7208,0.388,0.0663,0.124,2888.613976680037,2343.813976680037,544.8,0.9885186545031922,0,0,4
0,1772830664.8681123,988.8,237,0.4377,0.1613,0.0114,0.1497,30.3847,16.1274,14.9682,61.4743,0.0,0.0,5.86,4.68,1.19,None,0.03770947456359863,2.431,True,None,sfc_cache_p2_48,0,None,80.33,12.0,726.0,55,56,6,6,0,False,91.33448873483535,12.708392857142858,1.1428571428571428,3.5357142857142856,0.713,0.4005,0.0651,0.1296,2926.107785687931,2371.307785687931,554.8,0.9863626236554925,0,0,5
0,1772830664.8688169,988.8,237,0.4377,0.1613,0.0114,0.1497,30.3847,16.1274,14.9682,61.4743,0.0,0.0,3.63,2.63,1.01,None,0.03770947456359863,2.53,True,None,sfc_unique_p2_48,0,None,80.33,12.0,726.0,55,56,6,6,0,False,91.34948096885813,12.708392857142858,1.1428571428571428,3.5357142857142856,0.713,0.4005,0.0651,0.1296,2926.107785687931,2371.307785687931,554.8,0.9863626236554925,0,0,5
0,1772830664.9580753,988.9,238,0.441,0.184,0.017,0.1497,31.321,18.3953,14.9682,60.5663,0.0,0.0,5.86,4.68,1.19,None,0.060501813888549805,2.45,True,None,sfc_cache_p3_48,0,None,88.66,12.0,759.0,58,58,6,6,0,False,91.36442141623489,12.505862068965516,1.2586206896551724,3.413793103448276,0.711,0.4047,0.0638,0.1353,2956.3013934885803,2387.1013934885805,569.1999999999999,0.9852174860956723,0,0,5
0,1772830664.9588654,988.9,238,0.441,0.184,0.017,0.1497,31.321,18.3953,14.9682,60.5663,0.0,0.0,7.12,4.86,2.25,None,0.060501813888549805,2.462,True,None,sfc_unique_p3_48,0,None,88.66,12.0,759.0,58,58,6,6,0,False,91.37931034482759,12.505862068965516,1.2586206896551724,3.413793103448276,0.711,0.4047,0.0638,0.1353,2956.3013934885803,2387.1013934885805,569.1999999999999,0.9852174860956723,0,0,5
0,1772830664.9792783,989.0,239,0.4489,0.184,0.0226,0.1497,32.293,18.3953,14.9682,60.4427,0.0,0.0,5.61,4.42,1.19,None,0.15056490898132324,2.38,True,None,sfc_cache_p4_48,0,None,92.66,12.0,792.0,61,60,6,6,0,False,91.39414802065404,12.538999999999998,1.2166666666666666,3.3,0.7185,0.4047,0.0627,0.1401,2983.7039627503045,2396.5039627503047,587.1999999999999,0.9850250946405158,0,0,5
0,1772830664.979998,989.0,239,0.4489,0.184,0.0226,0.1497,32.293,18.3953,14.9682,60.4427,0.0,0.0,8.23,5.95,2.28,None,0.15056490898132324,2.445,True,None,sfc_unique_p4_48,0,None,92.66,12.0,792.0,61,60,6,6,0,False,91.40893470790378,12.538999999999998,1.2166666666666666,3.3,0.7185,0.4047,0.0627,0.1401,2983.7039627503045,2396.5039627503047,587.1999999999999,0.9850250946405158,0,0,5
0,1772830665.0006967,989.0,240,0.4565,0.184,0.0239,0.1497,32.293,18.3953,14.9682,61.481,0.0,0.0,5.61,4.42,1.19,None,0.1716151237487793,2.409,True,None,sfc_cache_p5_48,0,None,96.66,12.0,825.0,63,62,6,6,0,False,91.42367066895368,12.569999999999999,1.1774193548387097,3.193548387096774,0.7232,0.4047,0.0615,0.1409,3013.7039627503045,2396.5039627503047,617.1999999999999,0.9850250946405158,0,0,5
0,1772830665.0014186,989.0,240,0.4565,0.184,0.0239,0.1497,32.293,18.3953,14.9682,61.481,0.0,0.0,8.27,8.27,0,None,0.1716151237487793,2.391,True,None,sfc_unique_p5_48,0,None,96.66,12.0,825.0,63,62,6,6,0,False,91.43835616438356,12.569999999999999,1.1774193548387097,3.193548387096774,0.7232,0.4047,0.0615,0.1409,3013.7039627503045,2396.5039627503047,617.1999999999999,0.9850250946405158,0,0,5
0,1772830665.02236,989.0,241,0.4638,0.184,0.0253,0.1497,32.293,18.3953,14.9682,62.4394,0.0,0.0,5.61,4.42,1.19,None,0.19305634498596191,2.467,True,None,sfc_cache_p6_48,0,None,100.66,12.0,858.0,65,64,6,6,0,False,91.45299145299145,12.599062499999999,1.140625,3.09375,0.7279,0.4047,0.0604,0.1415,3043.7039627503045,2396.5039627503047,647.1999999999999,0.9850250946405158,0,0,5
0,1772830665.0230784,989.0,241,0.4638,0.184,0.0253,0.1497,32.293,18.3953,14.9682,62.4394,0.0,0.0,8.27,8.27,0,None,0.19305634498596191,2.435,True,None,sfc_unique_p6_48,0,None,100.66,12.0,858.0,65,64,6,6,0,False,91.46757679180887,12.599062499999999,1.140625,3.09375,0.7279,0.4047,0.0604,0.1415,3043.7039627503045,2396.5039627503047,647.1999999999999,0.9850250946405158,0,0,5
0,1772830680.8856664,1004.9,241,0.4748,0.184,0.0295,0.1746,35.1009,18.3953,17.463,61.1725,0.0,0.0,4.35,3.15,1.21,None,0.00021076202392578125,4.056,True,None,sfc_cache_p1_49,0,None,100.66,12.0,858.0,66,66,6,7,0,False,91.48211243611584,12.686969696969697,1.106060606060606,3.5,0.7272,0.4047,0.0651,0.1504,3080.8669406175077,2423.666940617508,657.1999999999999,0.9833457660579696,0,0,5
0,1772830680.887209,1004.9,241,0.4748,0.184,0.0295,0.1746,35.1009,18.3953,17.463,61.1725,0.0,0.0,7.14,4.86,2.28,None,0.00021076202392578125,4.168,True,None,sfc_unique_p1_49,0,None,100.66,12.0,858.0,66,66,6,7,0,False,91.49659863945578,12.686969696969697,1.106060606060606,3.5,0.7272,0.4047,0.0651,0.1504,3080.8669406175077,2423.666940617508,657.1999999999999,0.9833457660579696,0,0,5
0,1772830680.9220438,1004.9,242,0.4809,0.184,0.0337,0.1746,36.0728,18.3953,17.463,60.9843,0.0,0.0,4.35,3.15,1.21,None,0.03840065002441406,3.972,True,None,sfc_cache_p2_49,0,None,108.99,12.0,891.0,70,68,6,7,0,False,91.51103565365025,12.64720588235294,1.0735294117647058,3.3970588235294117,0.7329,0.4047,0.064,0.1573,3108.269509879232,2433.069509879232,675.1999999999999,0.9827651995084097,0,0,5
0,1772830680.9234862,1004.9,242,0.4809,0.184,0.0337,0.1746,36.0728,18.3953,17.463,60.9843,0.0,0.0,9.04,6.76,2.28,None,0.03840065002441406,4.024,True,None,sfc_unique_p2_49,0,None,108.99,12.0,891.0,70,68,6,7,0,False,91.52542372881356,12.64720588235294,1.0735294117647058,3.3970588235294117,0.7329,0.4047,0.064,0.1573,3108.269509879232,2433.069509879232,675.1999999999999,0.9827651995084097,0,0,5
0,1772830680.9586723,1004.9,243,0.4891,0.184,0.0393,0.1746,37.9811,18.3953,17.463,60.3177,0.0,0.0,5.3,4.1,1.21,None,0.07470917701721191,3.949,True,None,sfc_cache_p3_49,0,None,112.99,12.0,924.0,72,70,6,7,0,False,91.53976311336717,12.67157142857143,1.042857142857143,3.3,0.7394,0.4047,0.0629,0.1641,3133.6666465453823,2444.0666465453824,689.5999999999999,0.9827651995084097,0,0,5
0,1772830680.960247,1004.9,243,0.4891,0.184,0.0393,0.1746,37.9811,18.3953,17.463,60.3177,0.0,0.0,7.85,5.16,2.69,None,0.07470917701721191,3.978,True,None,sfc_unique_p3_49,0,None,112.99,12.0,924.0,72,70,6,7,0,False,91.55405405405406,12.67157142857143,1.042857142857143,3.3,0.7394,0.4047,0.0629,0.1641,3133.6666465453823,2444.0666465453824,689.5999999999999,0.9827651995084097,0,0,5
0,1772830680.9961042,1005.0,244,0.4965,0.184,0.0448,0.1746,39.8894,18.3953,17.463,59.6215,0.0,0.0,4.8,3.59,1.21,None,0.11143279075622559,4.112,True,None,sfc_cache_p4_49,0,None,121.32,12.0,957.0,76,72,6,7,0,False,91.56829679595279,12.634444444444446,1.0138888888888888,3.2083333333333335,0.7392,0.4047,0.0619,0.1686,3163.535614197449,2459.535614197449,703.9999999999999,0.9822062800508023,0,0,5
0,1772830680.997696,1005.0,244,0.4965,0.184,0.0448,0.1746,39.8894,18.3953,17.463,59.6215,0.0,0.0,8.63,5.94,2.69,None,0.11143279075622559,4.033,True,None,sfc_unique_p4_49,0,None,121.32,12.0,957.0,76,72,6,7,0,False,91.58249158249158,12.634444444444446,1.0138888888888888,3.2083333333333335,0.7392,0.4047,0.0619,0.1686,3163.535614197449,2459.535614197449,703.9999999999999,0.9822062800508023,0,0,5
0,1772830681.0333977,1005.0,245,0.5043,0.184,0.0504,0.1746,40.8614,18.3953,17.463,59.9538,0.0,0.0,5.3,4.1,1.21,None,0.14890360832214355,3.973,True,None,sfc_cache_p5_49,0,None,125.32,12.0,990.0,79,74,6,7,0,False,91.59663865546219,12.657837837837839,0.9864864864864865,3.1216216216216215,0.7458,0.4047,0.0609,0.171,3190.938183459173,2468.938183459173,721.9999999999999,0.9822062800508023,0,0,5
0,1772830681.0350266,1005.0,245,0.5043,0.184,0.0504,0.1746,40.8614,18.3953,17.463,59.9538,0.0,0.0,9.65,6.96,2.69,None,0.14890360832214355,3.97,True,None,sfc_unique_p5_49,0,None,125.32,12.0,990.0,79,74,6,7,0,False,91.61073825503355,12.657837837837839,0.9864864864864865,3.1216216216216215,0.7458,0.4047,0.0609,0.171,3190.938183459173,2468.938183459173,721.9999999999999,0.9822062800508023,0,0,5
0,1772830681.0706098,1005.0,246,0.512,0.184,0.0559,0.1746,41.8333,18.3953,17.463,60.2688,0.0,0.0,5.3,4.1,1.21,None,0.18622970581054688,4.092,True,None,sfc_cache_p6_49,0,None,129.32,12.0,1023.0,82,76,6,7,0,False,91.62479061976549,12.680000000000001,0.9605263157894737,3.039473684210526,0.7518,0.4047,0.0599,0.1716,3218.3407527208974,2478.3407527208974,739.9999999999999,0.9822062800508023,0,0,5
0,1772830681.0722375,1005.1,246,0.512,0.184,0.0559,0.1746,41.8333,18.3953,17.463,60.2688,0.0,0.0,9.65,6.96,2.69,None,0.18622970581054688,4.045,True,None,sfc_unique_p6_49,0,None,129.32,12.0,1023.0,82,76,6,7,0,False,91.63879598662207,12.680000000000001,0.9605263157894737,3.039473684210526,0.7518,0.4047,0.0599,0.1716,3218.3407527208974,2478.3407527208974,739.9999999999999,0.9822062800508023,0,0,5
