No.,timestamp,time_seconds,users,cpu_utilization,gpu_utilization,bandwidth_utilization,cache_utilization,network_cpu_utilization,network_gpu_utilization,network_cache_utilization,mobile_cpu_utilization,mobile_gpu_utilization,mobile_cache_utilization,latency,comp_latency,comm_latency,latency_diff,queue_time,decision_time_ms,success,fail_reason,sfc_id,recovery_time,sfc_recovered,cpu_saved,gpu_saved,cache_saved,shared_vnfs,running_sfcs,running_players,running_sessions,trascode_bw,crashing,acceptance_rate,cpu_per_flow,gpu_per_flow,cache_per_flow,jain_cpu,jain_gpu,jain_cache,jain_bw,server_energy_consumption,mobile_energy_consumption,total_energy_consumption,avg_sfc_reliability,high_risk_sfcs,medium_risk_sfcs,low_risk_sfcs
0,1772828686.4139163,0,1,0.0188,0.0328,0.0132,0.0249,1.9439,3.2759,2.4947,0.0,0.0,0.0,2.08,1.42,0.66,None,0.00026297569274902344,24.363,True,None,sfc_cache_p1_1,0,None,0.0,0.0,0.0,1,2,1,1,0,False,100.0,9.0,6.5,16.5,0.1285,0.0833,0.04,0.0312,2078.0529329825104,2068.0529329825104,10.0,0.9893231943924791,0,0,2
0,1772828686.4148777,0.0,1,0.0188,0.0328,0.0132,0.0249,1.9439,3.2759,2.4947,0.0,0.0,0.0,2.98,1.89,1.09,None,0.00026297569274902344,31.351,True,None,sfc_unique_p1_1,0,None,0.0,0.0,0.0,1,2,1,1,0,False,100.0,9.0,6.5,16.5,0.1285,0.0833,0.04,0.0312,2078.0529329825104,2068.0529329825104,10.0,0.9893231943924791,0,0,2
0,1772828686.4747388,0.1,2,0.0328,0.0546,0.0263,0.0249,3.4559,5.4606,2.4947,0.0,0.0,0.0,2.08,1.42,0.66,None,0.06644392013549805,23.623,True,None,sfc_cache_p2_1,0,None,4.0,4.33,33.0,5,4,2,1,0,False,100.0,8.0,5.4175,8.25,0.1252,0.0833,0.0385,0.0312,2111.3980034050455,2091.3980034050455,20.0,0.9844552959660225,0,0,4
0,1772828686.4754832,0.1,2,0.0328,0.0546,0.0263,0.0249,3.4559,5.4606,2.4947,0.0,0.0,0.0,2.98,1.89,1.09,None,0.06644392013549805,27.412,True,None,sfc_unique_p2_1,0,None,4.0,4.33,33.0,5,4,2,1,0,False,100.0,8.0,5.4175,8.25,0.1252,0.0833,0.0385,0.0312,2111.3980034050455,2091.3980034050455,20.0,0.9844552959660225,0,0,4
0,1772828686.5351675,0.1,3,0.0462,0.0765,0.0395,0.0249,4.9678,7.6454,2.4947,0.0,0.0,0.0,2.08,1.42,0.66,None,0.12701177597045898,23.58,True,None,sfc_cache_p3_1,0,None,8.0,8.66,66.0,9,6,3,1,0,False,100.0,7.666666666666667,5.056666666666667,5.5,0.1189,0.0833,0.037,0.0312,2150.658566785328,2120.658566785328,30.0,0.9796035088841756,0,0,6
0,1772828686.53593,0.1,3,0.0462,0.0765,0.0395,0.0249,4.9678,7.6454,2.4947,0.0,0.0,0.0,2.98,1.89,1.09,None,0.12701177597045898,27.367,True,None,sfc_unique_p3_1,0,None,8.0,8.66,66.0,9,6,3,1,0,False,100.0,7.666666666666667,5.056666666666667,5.5,0.1189,0.0833,0.037,0.0312,2150.658566785328,2120.658566785328,30.0,0.9796035088841756,0,0,6
0,1772828686.5959482,0.2,4,0.0588,0.0983,0.0527,0.0249,6.4798,9.8302,2.4947,0.0,0.0,0.0,2.08,1.42,0.66,None,0.1874697208404541,23.685,True,None,sfc_cache_p4_1,0,None,12.0,12.99,99.0,13,8,4,1,0,False,100.0,7.5,4.87625,4.125,0.1125,0.0833,0.0357,0.0312,2184.8243305989786,2144.8243305989786,40.0,0.9747678026824262,0,0,8
0,1772828686.5967393,0.2,4,0.0588,0.0983,0.0527,0.0249,6.4798,9.8302,2.4947,0.0,0.0,0.0,2.98,1.89,1.09,None,0.1874697208404541,27.386,True,None,sfc_unique_p4_1,0,None,12.0,12.99,99.0,13,8,4,1,0,False,100.0,7.5,4.87625,4.125,0.1125,0.0833,0.0357,0.0312,2184.8243305989786,2144.8243305989786,40.0,0.9747678026824262,0,0,8
0,1772828686.6438124,0.2,5,0.0704,0.1201,0.0658,0.0249,7.9917,12.0149,2.4947,0.0,0.0,0.0,2.08,1.42,0.66,None,0.24831366539001465,23.213,True,None,sfc_cache_p5_1,0,None,16.0,17.32,132.0,17,10,5,1,0,False,100.0,7.4,4.768,3.3,0.1064,0.0833,0.0345,0.0312,2205.701903730073,2155.701903730073,50.0,0.969948146922075,0,0,10
0,1772828686.6443021,0.2,5,0.0704,0.1201,0.0658,0.0249,7.9917,12.0149,2.4947,0.0,0.0,0.0,2.98,1.89,1.09,None,0.24831366539001465,16.209,True,None,sfc_unique_p5_1,0,None,16.0,17.32,132.0,17,10,5,1,0,False,100.0,7.4,4.768,3.3,0.1064,0.0833,0.0345,0.0312,2205.701903730073,2155.701903730073,50.0,0.969948146922075,0,0,10
0,1772828686.679973,0.3,6,0.081,0.1428,0.0795,0.0249,9.468,14.2828,2.4947,0.0,0.0,0.0,2.08,1.42,0.66,None,0.29555296897888184,13.741,True,None,sfc_cache_p6_1,0,None,20.0,21.65,165.0,20,12,6,1,0,False,100.0,7.305833333333333,4.723333333333334,2.75,0.1071,0.1137,0.0333,0.0309,2237.370763039777,2177.370763039777,60.0,0.9651676656471898,0,0,12
0,1772828686.6804974,0.3,6,0.081,0.1428,0.0795,0.0249,9.468,14.2828,2.4947,0.0,0.0,0.0,3.04,1.95,1.1,None,0.29555296897888184,15.985,True,None,sfc_unique_p6_1,0,None,20.0,21.65,165.0,20,12,6,1,0,False,100.0,7.305833333333333,4.723333333333334,2.75,0.1071,0.1137,0.0333,0.0309,2237.370763039777,2177.370763039777,60.0,0.9651676656471898,0,0,12
0,1772828703.446248,17.0,6,0.0946,0.1764,0.0931,0.0499,11.3763,17.6419,4.9894,0.0,0.0,0.0,2.08,1.42,0.66,None,0.00043129920959472656,24.193,True,None,sfc_cache_p1_2,0,None,20.0,21.65,165.0,20,14,6,2,0,False,100.0,7.524285714285715,5.000714285714286,4.714285714285714,0.1034,0.1348,0.0323,0.0307,2274.4288809781765,2204.4288809781765,70.0,0.9586478460289847,0,0,14
0,1772828703.4471955,17.0,6,0.0946,0.1764,0.0931,0.0499,11.3763,17.6419,4.9894,0.0,0.0,0.0,3.04,1.95,1.1,None,0.00043129920959472656,26.824,True,None,sfc_unique_p1_2,0,None,20.0,21.65,165.0,20,14,6,2,0,False,100.0,7.524285714285715,5.000714285714286,4.714285714285714,0.1034,0.1348,0.0323,0.0307,2274.4288809781765,2204.4288809781765,70.0,0.9586478460289847,0,0,14
0,1772828703.4828076,17.1,7,0.1083,0.2092,0.1076,0.0748,13.3202,20.9178,7.4841,0.0,0.0,0.0,1.69,1.03,0.67,None,0.062494516372680664,13.357,True,None,sfc_cache_p2_2,0,None,20.0,21.65,165.0,22,16,6,2,0,False,100.0,7.70875,5.188125,6.1875,0.0998,0.1566,0.0621,0.0305,2334.4257854821235,2254.4257854821235,80.0,0.9521655875541106,0,0,16
0,1772828703.4834297,17.1,7,0.1083,0.2092,0.1076,0.0748,13.3202,20.9178,7.4841,0.0,0.0,0.0,3.04,1.95,1.1,None,0.062494516372680664,15.66,True,None,sfc_unique_p2_2,0,None,20.0,21.65,165.0,22,16,6,2,0,False,100.0,7.70875,5.188125,6.1875,0.0998,0.1566,0.0621,0.0305,2334.4257854821235,2254.4257854821235,80.0,0.9521655875541106,0,0,16
0,1772828703.6292746,17.2,8,0.1157,0.2361,0.1213,0.0748,14.6162,23.6065,7.4841,0.0,0.0,0.0,2.1,1.42,0.68,None,0.0987100601196289,115.892,True,None,sfc_cache_p3_2,0,None,28.33,21.65,198.0,26,18,6,2,0,False,100.0,7.518888888888889,5.204444444444444,5.5,0.1077,0.1864,0.0602,0.0334,2365.125367590156,2275.125367590156,90.0,0.9522974485551886,0,0,18
0,1772828703.630392,17.2,8,0.1157,0.2361,0.1213,0.0748,14.6162,23.6065,7.4841,0.0,0.0,0.0,3.05,1.86,1.2,None,0.0987100601196289,21.374,True,None,sfc_unique_p3_2,0,None,28.33,21.65,198.0,26,18,6,2,0,False,100.0,7.518888888888889,5.204444444444444,5.5,0.1077,0.1864,0.0602,0.0334,2365.125367590156,2275.125367590156,90.0,0.9522974485551886,0,0,18
0,1772828703.6848614,17.3,9,0.1227,0.263,0.1339,0.0748,15.9121,26.2952,7.4841,0.0,0.0,0.0,2.3,1.54,0.76,None,0.2458782196044922,21.777,True,None,sfc_cache_p4_2,0,None,36.66,21.65,231.0,29,20,6,2,0,False,100.0,7.367,5.217499999999999,4.95,0.1128,0.2124,0.0585,0.0379,2399.89591394521,2299.89591394521,100.0,0.9500782972982087,0,1,19
0,1772828703.685942,17.3,9,0.1227,0.263,0.1339,0.0748,15.9121,26.2952,7.4841,0.0,0.0,0.0,3.05,1.86,1.2,None,0.2458782196044922,21.478,True,None,sfc_unique_p4_2,0,None,36.66,21.65,231.0,29,20,6,2,0,False,100.0,7.367,5.217499999999999,4.95,0.1128,0.2124,0.0585,0.0379,2399.89591394521,2299.89591394521,100.0,0.9500782972982087,0,1,19
0,1772828703.7376063,17.3,10,0.1349,0.2957,0.1476,0.0998,17.8561,29.5711,9.9788,0.0,0.0,0.0,1.75,0.98,0.76,None,0.3014340400695801,18.437,True,None,sfc_cache_p5_2,0,None,36.66,21.65,231.0,31,22,6,2,0,False,100.0,7.515454545454546,5.334090909090909,6.0,0.1183,0.2337,0.0853,0.0424,2453.8566011453336,2343.8566011453336,110.0,0.9496245951425906,0,1,21
0,1772828703.7387514,17.3,10,0.1349,0.2957,0.1476,0.0998,17.8561,29.5711,9.9788,0.0,0.0,0.0,3.05,1.86,1.2,None,0.3014340400695801,21.463,True,None,sfc_unique_p5_2,0,None,36.66,21.65,231.0,31,22,6,2,0,False,100.0,7.515454545454546,5.334090909090909,6.0,0.1183,0.2337,0.0853,0.0424,2453.8566011453336,2343.8566011453336,110.0,0.9496245951425906,0,1,21
0,1772828703.7905788,17.4,11,0.1442,0.3226,0.161,0.1247,19.584,32.2599,12.4735,0.0,0.0,0.0,2.17,1.34,0.83,None,0.3542959690093994,18.12,True,None,sfc_cache_p6_2,0,None,40.99,21.65,231.0,33,24,6,2,0,False,100.0,7.555833333333333,5.334166666666667,6.875,0.1168,0.2413,0.1028,0.0463,2495.0487540628383,2375.0487540628383,120.0,0.9477695518839947,0,1,23
0,1772828703.791873,17.4,11,0.1442,0.3226,0.161,0.1247,19.584,32.2599,12.4735,0.0,0.0,0.0,3.05,1.86,1.2,None,0.3542959690093994,21.511,True,None,sfc_unique_p6_2,0,None,40.99,21.65,231.0,33,24,6,2,0,False,100.0,7.555833333333333,5.334166666666667,6.875,0.1168,0.2413,0.1028,0.0463,2495.0487540628383,2375.0487540628383,120.0,0.9477695518839947,0,1,23
0,1772828719.475069,33.1,11,0.1562,0.3554,0.1742,0.1497,21.5279,35.5357,14.9682,0.0,0.0,0.0,2.11,1.34,0.77,None,0.0001125335693359375,18.505,True,None,sfc_cache_p1_3,0,None,40.99,21.65,231.0,34,26,6,3,0,False,100.0,7.666923076923077,5.423846153846155,7.615384615384615,0.1108,0.2465,0.1075,0.0509,2523.5308001857297,2393.5308001857297,130.0,0.9426282939403701,0,1,25
0,1772828719.476468,33.1,11,0.1562,0.3554,0.1742,0.1497,21.5279,35.5357,14.9682,0.0,0.0,0.0,3.01,1.81,1.2,None,0.0001125335693359375,21.9,True,None,sfc_unique_p1_3,0,None,40.99,21.65,231.0,34,26,6,3,0,False,100.0,7.666923076923077,5.423846153846155,7.615384615384615,0.1108,0.2465,0.1075,0.0509,2523.5308001857297,2393.5308001857297,130.0,0.9426282939403701,0,1,25
0,1772828719.5183818,33.1,12,0.1645,0.378,0.1878,0.1497,23.0042,37.8036,14.9682,0.0,0.0,0.0,2.11,1.34,0.77,None,0.056028127670288086,17.399,True,None,sfc_cache_p2_3,0,None,44.99,25.98,264.0,37,28,6,3,0,False,100.0,7.6075,5.357857142857143,7.071428571428571,0.1093,0.2493,0.1046,0.0547,2544.333307537533,2404.333307537533,140.0,0.9409516761328449,0,1,27
0,1772828719.5193155,33.1,12,0.1645,0.378,0.1878,0.1497,23.0042,37.8036,14.9682,0.0,0.0,0.0,3.12,1.86,1.27,None,0.056028127670288086,13.108,True,None,sfc_unique_p2_3,0,None,44.99,25.98,264.0,37,28,6,3,0,False,100.0,7.6075,5.357857142857143,7.071428571428571,0.1093,0.2493,0.1046,0.0547,2544.333307537533,2404.333307537533,140.0,0.9409516761328449,0,1,27
0,1772828719.5588512,33.1,13,0.1761,0.3864,0.2021,0.1497,25.0929,38.6428,14.9682,0.0,0.0,0.0,2.11,1.34,0.77,None,0.09325265884399414,17.202,True,None,sfc_cache_p3_3,0,None,48.99,30.31,297.0,41,30,6,3,0,False,100.0,7.745,5.111666666666666,6.6,0.1054,0.2496,0.102,0.0574,2565.135814889336,2415.135814889336,150.0,0.9377585031089766,0,1,29
0,1772828719.5596862,33.1,13,0.1761,0.3864,0.2021,0.1497,25.0929,38.6428,14.9682,0.0,0.0,0.0,3.14,1.81,1.33,None,0.09325265884399414,12.513,True,None,sfc_unique_p3_3,0,None,48.99,30.31,297.0,41,30,6,3,0,False,100.0,7.745,5.111666666666666,6.6,0.1054,0.2496,0.102,0.0574,2565.135814889336,2415.135814889336,150.0,0.9377585031089766,0,1,29
0,1772828719.5928035,33.2,14,0.1863,0.3948,0.2164,0.1497,27.1815,39.4819,14.9682,0.0,0.0,0.0,2.11,1.34,0.77,None,0.1336507797241211,11.776,True,None,sfc_cache_p4_3,0,None,52.99,34.64,330.0,45,32,6,3,0,False,100.0,7.8653125,4.89625,6.1875,0.1012,0.2495,0.0994,0.0588,2585.938322241139,2425.938322241139,160.0,0.9343869286700084,0,1,31
0,1772828719.593608,33.2,14,0.1863,0.3948,0.2164,0.1497,27.1815,39.4819,14.9682,0.0,0.0,0.0,3.14,1.81,1.33,None,0.1336507797241211,11.793,True,None,sfc_unique_p4_3,0,None,52.99,34.64,330.0,45,32,6,3,0,False,100.0,7.8653125,4.89625,6.1875,0.1012,0.2495,0.0994,0.0588,2585.938322241139,2425.938322241139,160.0,0.9343869286700084,0,1,31
0,1772828719.6253874,33.2,15,0.1922,0.4377,0.2315,0.1746,28.6935,43.7657,17.463,0.0,0.0,0.0,1.64,0.63,1.01,None,0.16741609573364258,10.749,True,None,sfc_cache_p5_3,0,None,52.99,34.64,330.0,46,34,6,3,0,False,100.0,7.814411764705882,5.108235294117647,6.794117647058823,0.1049,0.2856,0.1213,0.065,2623.544342980963,2453.544342980963,170.0,0.9346686865064397,0,15,19
0,1772828719.6262424,33.2,15,0.1922,0.4377,0.2315,0.1746,28.6935,43.7657,17.463,0.0,0.0,0.0,3.59,2.15,1.45,None,0.16741609573364258,12.676,True,None,sfc_unique_p5_3,0,None,52.99,34.64,330.0,46,34,6,3,0,False,100.0,7.814411764705882,5.108235294117647,6.794117647058823,0.1049,0.2856,0.1213,0.065,2623.544342980963,2453.544342980963,170.0,0.9346686865064397,0,15,19
0,1772828719.6570742,33.2,16,0.2025,0.4704,0.2447,0.1996,30.6374,47.0416,19.9577,0.0,0.0,0.0,2.7,1.69,1.01,None,0.2000560760498047,10.188,True,None,sfc_cache_p6_3,0,None,52.99,34.64,330.0,48,36,6,3,0,False,100.0,7.880277777777778,5.185555555555556,7.333333333333333,0.1098,0.3123,0.1353,0.0709,2671.730382293763,2491.730382293763,180.0,0.9349908810621353,0,15,21
0,1772828719.6580095,33.2,16,0.2025,0.4704,0.2447,0.1996,30.6374,47.0416,19.9577,0.0,0.0,0.0,3.59,2.15,1.45,None,0.2000560760498047,11.822,True,None,sfc_unique_p6_3,0,None,52.99,34.64,330.0,48,36,6,3,0,False,100.0,7.880277777777778,5.185555555555556,7.333333333333333,0.1098,0.3123,0.1353,0.0709,2671.730382293763,2491.730382293763,180.0,0.9349908810621353,0,15,21
0,1772828738.5299447,52.1,16,0.2113,0.504,0.2581,0.2245,32.5457,50.4007,22.4524,0.0,0.0,0.0,3.42,2.36,1.06,None,0.0003826618194580078,17.914,True,None,sfc_cache_p1_4,0,None,52.99,34.64,330.0,48,38,6,4,0,False,100.0,7.930526315789474,5.263421052631578,7.815789473684211,0.1267,0.3859,0.1551,0.0782,2732.3524183562913,2542.3524183562913,190.0,0.9310067234673971,0,18,20
0,1772828738.5315647,52.1,16,0.2113,0.504,0.2581,0.2245,32.5457,50.4007,22.4524,0.0,0.0,0.0,4.58,3.14,1.44,None,0.0003826618194580078,19.967,True,None,sfc_unique_p1_4,0,None,52.99,34.64,330.0,48,38,6,4,0,False,100.0,7.930526315789474,5.263421052631578,7.815789473684211,0.1267,0.3859,0.1551,0.0782,2732.3524183562913,2542.3524183562913,190.0,0.9310067234673971,0,18,20
0,1772828738.5841897,52.2,17,0.2181,0.5267,0.2714,0.2245,34.022,52.6686,22.4524,0.0,0.0,0.0,3.42,2.36,1.06,None,0.05493664741516113,17.348,True,None,sfc_cache_p2_4,0,None,56.99,38.97,363.0,52,40,6,4,0,False,100.0,7.875749999999999,5.22525,7.425,0.1341,0.4135,0.1516,0.085,2773.863740133106,2573.863740133106,200.0,0.9245731616261127,2,21,17
0,1772828738.5858095,52.2,17,0.2181,0.5267,0.2714,0.2245,34.022,52.6686,22.4524,0.0,0.0,0.0,4.58,3.14,1.44,None,0.05493664741516113,19.881,True,None,sfc_unique_p2_4,0,None,56.99,38.97,363.0,52,40,6,4,0,False,100.0,7.875749999999999,5.22525,7.425,0.1341,0.4135,0.1516,0.085,2773.863740133106,2573.863740133106,200.0,0.9245731616261127,2,21,17
0,1772828738.6385405,52.2,18,0.2246,0.5494,0.2848,0.2245,35.4983,54.9365,22.4524,0.0,0.0,0.0,3.42,2.36,1.06,None,0.10917901992797852,17.386,True,None,sfc_cache_p3_4,0,None,60.99,43.3,396.0,56,42,6,4,0,False,100.0,7.826190476190476,5.190714285714286,7.071428571428571,0.1374,0.4205,0.1482,0.0913,2799.227919052778,2589.227919052778,210.0,0.916107037479923,6,19,17
0,1772828738.640267,52.2,18,0.2246,0.5494,0.2848,0.2245,35.4983,54.9365,22.4524,0.0,0.0,0.0,4.58,3.14,1.44,None,0.10917901992797852,19.92,True,None,sfc_unique_p3_4,0,None,60.99,43.3,396.0,56,42,6,4,0,False,100.0,7.826190476190476,5.190714285714286,7.071428571428571,0.1374,0.4205,0.1482,0.0913,2799.227919052778,2589.227919052778,210.0,0.916107037479923,6,19,17
0,1772828738.6918566,52.3,19,0.2312,0.5712,0.2988,0.2245,37.0102,57.1213,22.4524,0.0,0.0,0.0,3.42,2.36,1.06,None,0.16369104385375977,17.085,True,None,sfc_cache_p4_4,0,None,64.99,47.63,429.0,60,44,6,4,0,False,100.0,7.788636363636363,5.151818181818182,6.75,0.1448,0.4576,0.145,0.0971,2843.3314904813496,2623.3314904813496,220.0,0.9068439032115788,8,19,17
0,1772828738.69355,52.3,19,0.2312,0.5712,0.2988,0.2245,37.0102,57.1213,22.4524,0.0,0.0,0.0,4.77,3.27,1.49,None,0.16369104385375977,18.955,True,None,sfc_unique_p4_4,0,None,64.99,47.63,429.0,60,44,6,4,0,False,100.0,7.788636363636363,5.151818181818182,6.75,0.1448,0.4576,0.145,0.0971,2843.3314904813496,2623.3314904813496,220.0,0.9068439032115788,8,19,17
0,1772828738.7278872,52.3,20,0.2357,0.5931,0.3128,0.2245,38.5222,59.306,22.4524,0.0,0.0,0.0,3.42,2.36,1.06,None,0.2170274257659912,9.918,True,None,sfc_cache_p5_4,0,None,68.99,51.96,462.0,64,46,6,4,0,False,100.0,7.754347826086956,5.116304347826087,6.456521739130435,0.1484,0.4761,0.1419,0.1017,2881.260061909921,2651.260061909921,230.0,0.8958535739044795,10,19,17
0,1772828738.7289064,52.3,20,0.2357,0.5931,0.3128,0.2245,38.5222,59.306,22.4524,0.0,0.0,0.0,4.77,3.27,1.49,None,0.2170274257659912,11.167,True,None,sfc_unique_p5_4,0,None,68.99,51.96,462.0,64,46,6,4,0,False,100.0,7.754347826086956,5.116304347826087,6.456521739130435,0.1484,0.4761,0.1419,0.1017,2881.260061909921,2651.260061909921,230.0,0.8958535739044795,10,19,17
0,1772828738.7592528,52.3,21,0.2476,0.5931,0.3249,0.2245,40.9705,59.306,22.4524,0.0,0.0,0.0,3.42,2.36,1.06,None,0.25162744522094727,9.807,True,None,sfc_cache_p6_4,0,None,72.99,56.29,495.0,68,48,6,4,0,False,100.0,7.9035416666666665,4.903125,6.1875,0.1495,0.4761,0.139,0.1057,2906.0328122581645,2666.0328122581645,240.0,0.884611047954471,12,19,17
0,1772828738.7602222,52.3,21,0.2476,0.5931,0.3249,0.2245,40.9705,59.306,22.4524,0.0,0.0,0.0,5.83,4.34,1.49,None,0.25162744522094727,10.897,True,None,sfc_unique_p6_4,0,None,72.99,56.29,495.0,68,48,6,4,0,False,100.0,7.9035416666666665,4.903125,6.1875,0.1495,0.4761,0.139,0.1057,2906.0328122581645,2666.0328122581645,240.0,0.884611047954471,12,19,17
0,1772828757.5566247,71.1,21,0.2552,0.6258,0.3397,0.2495,42.9144,62.5819,24.9471,0.0,0.0,0.0,2.59,1.69,0.9,None,0.0001761913299560547,9.811,True,None,sfc_cache_p1_5,0,None,72.99,56.29,495.0,69,50,6,5,0,False,100.0,7.9474,4.967,6.6,0.1489,0.4912,0.1417,0.111,2954.6050147036062,2704.6050147036062,250.0,0.8834384713358358,12,21,17
0,1772828757.5585997,71.1,21,0.2552,0.6258,0.3397,0.2495,42.9144,62.5819,24.9471,0.0,0.0,0.0,3.5,2.17,1.33,None,0.0001761913299560547,18.197,True,None,sfc_unique_p1_5,0,None,72.99,56.29,495.0,69,50,6,5,0,False,100.0,7.9474,4.967,6.6,0.1489,0.4912,0.1417,0.111,2954.6050147036062,2704.6050147036062,250.0,0.8834384713358358,12,21,17
0,1772828757.6103158,71.2,22,0.26,0.6477,0.3545,0.2495,44.4263,64.7667,24.9471,0.0,0.0,0.0,2.59,1.69,0.9,None,0.041017770767211914,16.772,True,None,sfc_cache_p2_5,0,None,76.99,60.62,528.0,73,52,6,5,0,False,100.0,7.910961538461539,4.942692307692307,6.346153846153846,0.1463,0.4951,0.1389,0.1155,2974.0075839653305,2714.0075839653305,260.0,0.8822393241544672,12,23,17
0,1772828757.6122773,71.2,22,0.26,0.6477,0.3545,0.2495,44.4263,64.7667,24.9471,0.0,0.0,0.0,3.5,2.17,1.33,None,0.041017770767211914,18.405,True,None,sfc_unique_p2_5,0,None,76.99,60.62,528.0,73,52,6,5,0,False,100.0,7.910961538461539,4.942692307692307,6.346153846153846,0.1463,0.4951,0.1389,0.1155,2974.0075839653305,2714.0075839653305,260.0,0.8822393241544672,12,23,17
0,1772828757.6631196,71.2,23,0.2711,0.6477,0.3677,0.2495,46.8746,64.7667,24.9471,0.0,0.0,0.0,2.59,1.69,0.9,None,0.09478187561035156,16.963,True,None,sfc_cache_p3_5,0,None,80.99,64.95,561.0,77,54,6,5,0,False,100.0,8.037777777777778,4.75962962962963,6.111111111111111,0.1444,0.4951,0.1362,0.1195,2995.2008203064543,2725.2008203064543,270.0,0.8740143738381568,13,24,17
0,1772828757.6651728,71.3,23,0.2711,0.6477,0.3677,0.2495,46.8746,64.7667,24.9471,0.0,0.0,0.0,5.77,4.34,1.43,None,0.09478187561035156,16.928,True,None,sfc_unique_p3_5,0,None,80.99,64.95,561.0,77,54,6,5,0,False,100.0,8.037777777777778,4.75962962962963,6.111111111111111,0.1444,0.4951,0.1362,0.1195,2995.2008203064543,2725.2008203064543,270.0,0.8740143738381568,13,24,17
0,1772828757.7148333,71.3,24,0.2711,0.6477,0.3677,0.2495,46.8746,64.7667,24.9471,0.0,0.0,0.0,2.59,1.69,0.9,None,0.1476759910583496,16.049,False,None,sfc_cache_p4_5,0,None,80.99,64.95,561.0,77,54,6,5,0,False,98.18181818181819,8.037777777777778,4.75962962962963,6.111111111111111,0.1444,0.4951,0.1362,0.1195,2995.2008203064543,2725.2008203064543,270.0,0.8740143738381568,13,24,17
0,1772828757.7168162,71.3,24,0.2711,0.6477,0.3677,0.2495,46.8746,64.7667,24.9471,0.0,0.0,0.0,None,None,None,None,0.1476759910583496,16.871,False,None,sfc_unique_p4_5,0,None,80.99,64.95,561.0,77,54,6,5,0,False,96.42857142857143,8.037777777777778,4.75962962962963,6.111111111111111,0.1444,0.4951,0.1362,0.1195,2995.2008203064543,2725.2008203064543,270.0,0.8740143738381568,13,24,17
0,1772828757.7662268,71.4,25,0.2711,0.6477,0.3677,0.2495,46.8746,64.7667,24.9471,0.0,0.0,0.0,2.59,1.69,0.9,None,0.19925355911254883,16.031,False,None,sfc_cache_p5_5,0,None,80.99,64.95,561.0,77,54,6,5,0,False,94.73684210526315,8.037777777777778,4.75962962962963,6.111111111111111,0.1444,0.4951,0.1362,0.1195,2995.2008203064543,2725.2008203064543,270.0,0.8740143738381568,13,24,17
0,1772828757.7684262,71.4,25,0.2711,0.6477,0.3677,0.2495,46.8746,64.7667,24.9471,0.0,0.0,0.0,None,None,None,None,0.19925355911254883,16.856,False,None,sfc_unique_p5_5,0,None,80.99,64.95,561.0,77,54,6,5,0,False,93.10344827586206,8.037777777777778,4.75962962962963,6.111111111111111,0.1444,0.4951,0.1362,0.1195,2995.2008203064543,2725.2008203064543,270.0,0.8740143738381568,13,24,17
0,1772828757.8176026,71.4,26,0.2711,0.6477,0.3677,0.2495,46.8746,64.7667,24.9471,0.0,0.0,0.0,2.59,1.69,0.9,None,0.25090599060058594,15.778,False,None,sfc_cache_p6_5,0,None,80.99,64.95,561.0,77,54,6,5,0,False,91.52542372881356,8.037777777777778,4.75962962962963,6.111111111111111,0.1444,0.4951,0.1362,0.1195,2995.2008203064543,2725.2008203064543,270.0,0.8740143738381568,13,24,17
0,1772828757.8195724,71.4,26,0.2711,0.6477,0.3677,0.2495,46.8746,64.7667,24.9471,0.0,0.0,0.0,None,None,None,None,0.25090599060058594,16.607,False,None,sfc_unique_p6_5,0,None,80.99,64.95,561.0,77,54,6,5,0,False,90.0,8.037777777777778,4.75962962962963,6.111111111111111,0.1444,0.4951,0.1362,0.1195,2995.2008203064543,2725.2008203064543,270.0,0.8740143738381568,13,24,17
0,1772828778.6620286,92.2,26,0.2805,0.6746,0.3811,0.2744,49.0702,67.4554,27.4418,0.0,0.0,0.0,4.38,3.35,1.03,None,0.00018858909606933594,9.103,True,None,sfc_cache_p1_6,0,None,80.99,64.95,561.0,77,56,6,6,0,False,90.1639344262295,8.11375,4.780178571428571,6.482142857142857,0.1622,0.5717,0.1314,0.1275,3044.4669955323466,2764.4669955323466,280.0,0.8677609168987436,16,40,0
0,1772828778.664181,92.3,26,0.2805,0.6746,0.3811,0.2744,49.0702,67.4554,27.4418,0.0,0.0,0.0,7.04,5.69,1.35,None,0.00018858909606933594,16.794,True,None,sfc_unique_p1_6,0,None,80.99,64.95,561.0,77,56,6,6,0,False,90.32258064516128,8.11375,4.780178571428571,6.482142857142857,0.1622,0.5717,0.1314,0.1275,3044.4669955323466,2764.4669955323466,280.0,0.8677609168987436,16,40,0
0,1772828778.713583,92.3,27,0.2859,0.7081,0.3964,0.2994,50.9784,70.8144,29.9365,0.0,0.0,0.0,6.33,4.49,1.83,None,0.10091686248779297,15.316,True,None,sfc_cache_p2_6,0,None,80.99,64.95,561.0,78,58,6,6,0,False,90.47619047619048,8.138620689655173,4.845172413793103,6.827586206896552,0.181,0.6544,0.1471,0.1376,3091.4611077108407,2801.4611077108407,290.0,0.8586300893330999,18,40,0
0,1772828778.7155502,92.3,27,0.2859,0.7081,0.3964,0.2994,50.9784,70.8144,29.9365,0.0,0.0,0.0,10.48,8.94,1.54,None,0.10091686248779297,16.493,True,None,sfc_unique_p2_6,0,None,80.99,64.95,561.0,78,58,6,6,0,False,90.625,8.138620689655173,4.845172413793103,6.827586206896552,0.181,0.6544,0.1471,0.1376,3091.4611077108407,2801.4611077108407,290.0,0.8586300893330999,18,40,0
0,1772828778.763905,92.3,28,0.2952,0.7191,0.4112,0.2994,53.4267,71.9056,29.9365,0.0,0.0,0.0,6.29,4.45,1.83,None,0.15224981307983398,14.894,True,None,sfc_cache_p3_6,0,None,84.99,64.95,594.0,80,60,6,6,0,False,90.76923076923077,8.245166666666666,4.755833333333333,6.6,0.1838,0.6609,0.1444,0.1487,3116.743591030582,2816.743591030582,300.0,0.8436533509672687,20,40,0
0,1772828778.7661295,92.4,28,0.2952,0.7191,0.4112,0.2994,53.4267,71.9056,29.9365,0.0,0.0,0.0,11.13,9.44,1.69,None,0.15224981307983398,15.408,True,None,sfc_unique_p3_6,0,None,84.99,64.95,594.0,80,60,6,6,0,False,90.9090909090909,8.245166666666666,4.755833333333333,6.6,0.1838,0.6609,0.1444,0.1487,3116.743591030582,2816.743591030582,300.0,0.8436533509672687,20,40,0
0,1772828778.8143232,92.4,29,0.3,0.7526,0.4288,0.2994,54.903,75.2646,29.9365,0.0,0.0,0.0,6.25,4.42,1.83,None,0.2028369903564453,14.396,True,None,sfc_cache_p4_6,0,None,88.99,64.95,627.0,83,62,6,6,0,False,91.04477611940298,8.199677419354838,4.81741935483871,6.387096774193548,0.1931,0.762,0.1417,0.1594,3168.6304359865185,2858.6304359865185,310.0,0.8359956122332498,22,40,0
0,1772828778.8165054,92.4,29,0.3,0.7526,0.4288,0.2994,54.903,75.2646,29.9365,0.0,0.0,0.0,7.6,5.81,1.79,None,0.2028369903564453,14.963,True,None,sfc_unique_p4_6,0,None,88.99,64.95,627.0,83,62,6,6,0,False,91.17647058823529,8.199677419354838,4.81741935483871,6.387096774193548,0.1931,0.762,0.1417,0.1594,3168.6304359865185,2858.6304359865185,310.0,0.8359956122332498,22,40,0
0,1772828778.864756,92.5,30,0.3099,0.7526,0.445,0.2994,57.3513,75.2646,29.9365,0.0,0.0,0.0,6.25,4.42,1.83,None,0.2532966136932373,14.213,True,None,sfc_cache_p5_6,0,None,92.99,69.28,660.0,87,64,6,6,0,False,91.30434782608695,8.29765625,4.666875,6.1875,0.1968,0.762,0.1392,0.1698,3194.049268856926,2874.049268856926,320.0,0.825308763397998,24,40,0
0,1772828778.8670638,92.5,30,0.3099,0.7526,0.445,0.2994,57.3513,75.2646,29.9365,0.0,0.0,0.0,11.31,9.31,1.99,None,0.2532966136932373,14.527,True,None,sfc_unique_p5_6,0,None,92.99,69.28,660.0,87,64,6,6,0,False,91.42857142857143,8.29765625,4.666875,6.1875,0.1968,0.762,0.1392,0.1698,3194.049268856926,2874.049268856926,320.0,0.825308763397998,24,40,0
0,1772828778.9142947,92.5,31,0.3185,0.7526,0.4628,0.2994,59.7996,75.2646,29.9365,0.0,0.0,0.0,4.47,2.63,1.83,None,0.303786039352417,13.932,True,None,sfc_cache_p6_6,0,None,96.99,73.61,693.0,91,66,6,6,0,False,91.54929577464789,8.38969696969697,4.525454545454545,6.0,0.1945,0.762,0.1368,0.179,3212.282074668938,2882.282074668938,330.0,0.8164581703404815,26,40,0
0,1772828778.9166236,92.5,31,0.3185,0.7526,0.4628,0.2994,59.7996,75.2646,29.9365,0.0,0.0,0.0,11.64,9.47,2.17,None,0.303786039352417,13.97,True,None,sfc_unique_p6_6,0,None,96.99,73.61,693.0,91,66,6,6,0,False,91.66666666666666,8.38969696969697,4.525454545454545,6.0,0.1945,0.762,0.1368,0.179,3212.282074668938,2882.282074668938,330.0,0.8164581703404815,26,40,0
0,1772828795.7009547,109.3,31,0.328,0.7636,0.4751,0.3243,62.6798,76.3557,32.4312,0.0,0.0,0.0,2.7,1.69,1.01,None,0.0005259513854980469,13.814,True,None,sfc_cache_p1_7,0,None,96.99,73.61,693.0,92,68,6,7,0,False,91.78082191780823,8.53514705882353,4.456029411764706,6.3088235294117645,0.1922,0.762,0.1334,0.1814,3235.6542306819388,2895.6542306819388,340.0,0.8109206428052046,37,31,0
0,1772828795.7032323,109.3,31,0.328,0.7636,0.4751,0.3243,62.6798,76.3557,32.4312,0.0,0.0,0.0,5.89,4.34,1.55,None,0.0005259513854980469,13.351,True,None,sfc_unique_p1_7,0,None,96.99,73.61,693.0,92,68,6,7,0,False,91.8918918918919,8.53514705882353,4.456029411764706,6.3088235294117645,0.1922,0.762,0.1334,0.1814,3235.6542306819388,2895.6542306819388,340.0,0.8109206428052046,37,31,0
0,1772828795.7641435,109.4,32,0.3371,0.7745,0.4896,0.3493,65.5601,77.4468,34.9259,0.0,0.0,0.0,3.04,1.93,1.12,None,0.050457000732421875,18.115,True,None,sfc_cache_p2_7,0,None,96.99,73.61,693.0,94,70,6,7,0,False,92.0,8.672285714285714,4.390571428571429,6.6,0.19,0.7652,0.1291,0.1827,3254.712039070733,2904.712039070733,350.0,0.8057350440448984,39,31,0
0,1772828795.7675326,109.4,32,0.3371,0.7745,0.4896,0.3493,65.5601,77.4468,34.9259,0.0,0.0,0.0,5.03,3.48,1.55,None,0.050457000732421875,17.188,True,None,sfc_unique_p2_7,0,None,96.99,73.61,693.0,94,70,6,7,0,False,92.10526315789474,8.672285714285714,4.390571428571429,6.6,0.19,0.7652,0.1291,0.1827,3254.712039070733,2904.712039070733,350.0,0.8057350440448984,39,31,0
0,1772828795.8261273,109.4,33,0.345,0.8005,0.5057,0.3742,67.7913,80.0524,37.4206,0.0,0.0,0.0,2.93,1.55,1.38,None,0.1158144474029541,15.668,True,None,sfc_cache_p3_7,0,None,96.99,73.61,693.0,95,72,6,7,0,False,92.20779220779221,8.718333333333334,4.412222222222223,6.875,0.1923,0.8098,0.1372,0.1881,3300.553576758398,2940.553576758398,360.0,0.8053398799562941,41,31,0
0,1772828795.8295941,109.4,33,0.345,0.8005,0.5057,0.3742,67.7913,80.0524,37.4206,0.0,0.0,0.0,5.34,3.33,2.01,None,0.1158144474029541,16.475,True,None,sfc_unique_p3_7,0,None,96.99,73.61,693.0,95,72,6,7,0,False,92.3076923076923,8.718333333333334,4.412222222222223,6.875,0.1923,0.8098,0.1372,0.1881,3300.553576758398,2940.553576758398,360.0,0.8053398799562941,41,31,0
0,1772828795.8901896,109.5,34,0.3481,0.8266,0.5217,0.3742,69.1229,82.658,37.4206,0.0,0.0,0.0,2.93,1.55,1.38,None,0.17766976356506348,16.339,True,None,sfc_cache_p4_7,0,None,105.32,73.61,726.0,99,74,6,7,0,False,92.40506329113924,8.649324324324324,4.432702702702702,6.6891891891891895,0.1929,0.837,0.1349,0.1926,3338.201433901255,2968.201433901255,370.0,0.8046145603986191,43,31,0
0,1772828795.8934114,109.5,34,0.3481,0.8266,0.5217,0.3742,69.1229,82.658,37.4206,0.0,0.0,0.0,5.34,3.33,2.01,None,0.17766976356506348,16.062,True,None,sfc_unique_p4_7,0,None,105.32,73.61,726.0,99,74,6,7,0,False,92.5,8.649324324324324,4.432702702702702,6.6891891891891895,0.1929,0.837,0.1349,0.1926,3338.201433901255,2968.201433901255,370.0,0.8046145603986191,43,31,0
0,1772828795.952478,109.5,35,0.3501,0.8526,0.5398,0.3742,70.4544,85.2636,37.4206,0.0,0.0,0.0,2.93,1.55,1.38,None,0.24123167991638184,15.581,True,None,sfc_cache_p5_7,0,None,113.65,73.61,759.0,103,76,6,7,0,False,92.5925925925926,8.583947368421052,4.452105263157895,6.5131578947368425,0.1931,0.8474,0.1327,0.1957,3365.8575273852357,2985.8575273852357,380.0,0.8047204934795661,45,31,0
0,1772828795.9556127,109.5,35,0.3501,0.8526,0.5398,0.3742,70.4544,85.2636,37.4206,0.0,0.0,0.0,5.12,3.11,2.01,None,0.24123167991638184,15.797,True,None,sfc_unique_p5_7,0,None,113.65,73.61,759.0,103,76,6,7,0,False,92.6829268292683,8.583947368421052,4.452105263157895,6.5131578947368425,0.1931,0.8474,0.1327,0.1957,3365.8575273852357,2985.8575273852357,380.0,0.8047204934795661,45,31,0
0,1772828796.0164285,109.6,36,0.353,0.8795,0.5582,0.3742,71.7504,87.9523,37.4206,0.0,0.0,0.0,3.43,1.58,1.85,None,0.30333518981933594,14.98,True,None,sfc_cache_p6_7,0,None,121.98,73.61,792.0,106,78,6,7,0,False,92.7710843373494,8.517692307692307,4.474743589743589,6.346153846153846,0.201,0.9241,0.1306,0.1981,3406.29470742862,3016.29470742862,390.0,0.8007966649063614,47,31,0
0,1772828796.0189466,109.6,36,0.353,0.8795,0.5582,0.3742,71.7504,87.9523,37.4206,0.0,0.0,0.0,7.36,5.17,2.19,None,0.30333518981933594,17.334,True,None,sfc_unique_p6_7,0,None,121.98,73.61,792.0,106,78,6,7,0,False,92.85714285714286,8.517692307692307,4.474743589743589,6.346153846153846,0.201,0.9241,0.1306,0.1981,3406.29470742862,3016.29470742862,390.0,0.8007966649063614,47,31,0
0,1772828816.7393937,130.3,36,0.3207,0.5838,0.0175,0.2744,54.362,58.3812,27.4418,0.0,0.0,0.0,4.78,3.45,1.33,None,0.00018477439880371094,17.599,True,None,sfc_cache_p1_8,0,None,80.99000000000001,51.96000000000001,561.0,73,56,6,6,0,False,92.94117647058823,8.98875,4.137142857142857,6.482142857142857,0.2385,0.8015,0.1254,0.1678,3041.7097697833924,2761.7097697833924,280.0,0.7551948300635256,45,3,8
0,1772828816.741522,130.3,36,0.3207,0.5838,0.0175,0.2744,54.362,58.3812,27.4418,0.0,0.0,0.0,5.09,3.04,2.05,None,0.00018477439880371094,15.931,True,None,sfc_unique_p1_8,0,None,80.99000000000001,51.96000000000001,561.0,73,56,6,6,0,False,93.02325581395348,8.98875,4.137142857142857,6.482142857142857,0.2385,0.8015,0.1254,0.1678,3041.7097697833924,2761.7097697833924,280.0,0.7551948300635256,45,3,8
0,1772828816.795175,130.4,37,0.3219,0.6107,0.0351,0.2744,55.6579,61.07,27.4418,0.0,0.0,0.0,4.78,3.45,1.33,None,0.055893898010253906,17.46,True,None,sfc_cache_p2_8,0,None,89.32,51.96,594.0,77,58,6,6,0,False,93.10344827586206,8.885689655172413,4.178448275862069,6.258620689655173,0.2337,0.8122,0.123,0.1727,3076.5033837750343,2786.5033837750343,290.0,0.7543020170077205,46,4,8
0,1772828816.797384,130.4,37,0.3219,0.6107,0.0351,0.2744,55.6579,61.07,27.4418,0.0,0.0,0.0,5.09,3.04,2.05,None,0.055893898010253906,16.0,True,None,sfc_unique_p2_8,0,None,89.32,51.96,594.0,77,58,6,6,0,False,93.18181818181817,8.885689655172413,4.178448275862069,6.258620689655173,0.2337,0.8122,0.123,0.1727,3076.5033837750343,2786.5033837750343,290.0,0.7543020170077205,46,4,8
0,1772828816.850957,130.4,38,0.327,0.6426,0.0523,0.2994,57.6375,64.2627,29.9365,0.0,0.0,0.0,3.19,1.57,1.62,None,0.11182355880737305,17.195,True,None,sfc_cache_p3_8,0,None,89.32,51.96,594.0,78,60,6,6,0,False,93.25842696629213,8.895000000000001,4.250333333333334,6.6,0.2356,0.8535,0.1392,0.1796,3130.1627515199657,2830.1627515199657,300.0,0.7532929098652051,49,3,8
0,1772828816.8532047,130.4,38,0.327,0.6426,0.0523,0.2994,57.6375,64.2627,29.9365,0.0,0.0,0.0,6.2,3.97,2.23,None,0.11182355880737305,15.699,True,None,sfc_unique_p3_8,0,None,89.32,51.96,594.0,78,60,6,6,0,False,93.33333333333333,8.895000000000001,4.250333333333334,6.6,0.2356,0.8535,0.1392,0.1796,3130.1627515199657,2830.1627515199657,300.0,0.7532929098652051,49,3,8
0,1772828816.9053123,130.5,39,0.3303,0.6863,0.0719,0.3243,59.1138,68.6297,32.4312,0.0,0.0,0.0,2.63,1.0,1.63,None,0.16766691207885742,16.719,True,None,sfc_cache_p4_8,0,None,89.32,51.96,594.0,79,62,6,6,0,False,93.4065934065934,8.828548387096774,4.392741935483872,6.919354838709677,0.2316,0.8641,0.1549,0.1836,3159.551372476474,2849.551372476474,310.0,0.7568693237560263,49,4,9
0,1772828816.9075234,130.5,39,0.3303,0.6863,0.0719,0.3243,59.1138,68.6297,32.4312,0.0,0.0,0.0,4.2,2.15,2.05,None,0.16766691207885742,14.129,True,None,sfc_unique_p4_8,0,None,89.32,51.96,594.0,79,62,6,6,0,False,93.47826086956522,8.828548387096774,4.392741935483872,6.919354838709677,0.2316,0.8641,0.1549,0.1836,3159.551372476474,2849.551372476474,310.0,0.7568693237560263,49,4,9
0,1772828817.0734422,130.7,40,0.3361,0.7191,0.0878,0.3493,61.0577,71.9056,34.9259,0.0,0.0,0.0,3.06,1.42,1.64,None,0.22197270393371582,14.325,True,None,sfc_cache_p5_8,0,None,89.32,51.96,594.0,81,64,6,6,0,False,93.54838709677419,8.83390625,4.45859375,7.21875,0.2334,0.8964,0.1577,0.1912,3202.349159196796,2882.349159196796,320.0,0.7569319177375791,50,4,10
0,1772828817.0756452,130.7,40,0.3361,0.7191,0.0878,0.3493,61.0577,71.9056,34.9259,0.0,0.0,0.0,6.2,3.97,2.23,None,0.22197270393371582,13.355,True,None,sfc_unique_p5_8,0,None,89.32,51.96,594.0,81,64,6,6,0,False,93.61702127659575,8.83390625,4.45859375,7.21875,0.2334,0.8964,0.1577,0.1912,3202.349159196796,2882.349159196796,320.0,0.7569319177375791,50,4,10
0,1772828817.1241603,130.7,41,0.3425,0.7274,0.1048,0.3493,63.1464,72.7447,34.9259,0.0,0.0,0.0,3.06,1.42,1.64,None,0.3901073932647705,14.489,True,None,sfc_cache_p6_8,0,None,93.32,56.29,627.0,85,66,6,6,0,False,93.6842105263158,8.859242424242424,4.373939393939394,7.0,0.2337,0.9013,0.1549,0.1984,3222.293632477327,2892.293632477327,330.0,0.751307451937157,51,4,11
0,1772828817.1264076,130.7,41,0.3425,0.7274,0.1048,0.3493,63.1464,72.7447,34.9259,0.0,0.0,0.0,7.69,5.11,2.58,None,0.3901073932647705,12.692,True,None,sfc_unique_p6_8,0,None,93.32,56.29,627.0,85,66,6,6,0,False,93.75,8.859242424242424,4.373939393939394,7.0,0.2337,0.9013,0.1549,0.1984,3222.293632477327,2892.293632477327,330.0,0.751307451937157,51,4,11
0,1772828830.7798405,144.4,41,0.3478,0.761,0.1199,0.3742,65.0546,76.1037,37.4206,0.0,0.0,0.0,2.21,1.42,0.79,None,0.0004315376281738281,15.63,True,None,sfc_cache_p1_9,0,None,93.32,56.29,627.0,85,68,6,7,0,False,93.81443298969072,8.858529411764707,4.441323529411765,7.279411764705882,0.2311,0.9267,0.1521,0.2056,3273.2211204822793,2933.2211204822793,340.0,0.7562364952061416,51,4,13
0,1772828830.7815876,144.4,41,0.3478,0.761,0.1199,0.3742,65.0546,76.1037,37.4206,0.0,0.0,0.0,3.36,2.15,1.21,None,0.0004315376281738281,10.344,True,None,sfc_unique_p1_9,0,None,93.32,56.29,627.0,85,68,6,7,0,False,93.87755102040816,8.858529411764707,4.441323529411765,7.279411764705882,0.2311,0.9267,0.1521,0.2056,3273.2211204822793,2933.2211204822793,340.0,0.7562364952061416,51,4,13
0,1772828830.8246825,144.4,42,0.3518,0.7938,0.1355,0.3992,66.9986,79.3796,39.9153,0.0,0.0,0.0,1.81,1.03,0.79,None,0.04951357841491699,11.13,True,None,sfc_cache_p2_9,0,None,93.32,56.29,627.0,87,70,6,7,0,False,93.93939393939394,8.862571428571428,4.5001428571428574,7.542857142857143,0.2283,0.9441,0.1664,0.2115,3310.705256065007,2960.705256065007,350.0,0.7606794420996971,51,4,15
0,1772828830.8268135,144.4,42,0.3518,0.7938,0.1355,0.3992,66.9986,79.3796,39.9153,0.0,0.0,0.0,3.36,2.15,1.21,None,0.04951357841491699,12.306,True,None,sfc_unique_p2_9,0,None,93.32,56.29,627.0,87,70,6,7,0,False,94.0,8.862571428571428,4.5001428571428574,7.542857142857143,0.2283,0.9441,0.1664,0.2115,3310.705256065007,2960.705256065007,350.0,0.7606794420996971,51,4,15
0,1772828830.875166,144.5,43,0.358,0.8274,0.1507,0.4241,68.9069,82.7386,42.41,0.0,0.0,0.0,2.33,1.5,0.83,None,0.0963585376739502,12.674,True,None,sfc_cache_p3_9,0,None,93.32,56.29,627.0,88,72,6,7,0,False,94.05940594059405,8.861805555555556,4.560277777777777,7.791666666666667,0.2246,0.9448,0.169,0.216,3324.884175736884,2964.884175736884,360.0,0.7641785458489474,54,1,17
0,1772828830.8769596,144.5,43,0.358,0.8274,0.1507,0.4241,68.9069,82.7386,42.41,0.0,0.0,0.0,3.36,2.15,1.21,None,0.0963585376739502,10.448,True,None,sfc_unique_p3_9,0,None,93.32,56.29,627.0,88,72,6,7,0,False,94.11764705882352,8.861805555555556,4.560277777777777,7.791666666666667,0.2246,0.9448,0.169,0.216,3324.884175736884,2964.884175736884,360.0,0.7641785458489474,54,1,17
0,1772828830.9201334,144.5,44,0.3632,0.8492,0.1643,0.4241,70.8864,84.9234,42.41,0.0,0.0,0.0,2.73,1.9,0.83,None,0.1449735164642334,10.418,True,None,sfc_cache_p4_9,0,None,97.32,56.29,660.0,91,74,6,7,0,False,94.1747572815534,8.87,4.554189189189189,7.581081081081081,0.2227,0.963,0.1662,0.2202,3363.1476024510152,2993.1476024510152,370.0,0.7681461946134858,54,1,19
0,1772828830.9222136,144.5,44,0.3632,0.8492,0.1643,0.4241,70.8864,84.9234,42.41,0.0,0.0,0.0,3.11,1.89,1.22,None,0.1449735164642334,10.603,True,None,sfc_unique_p4_9,0,None,97.32,56.29,660.0,91,74,6,7,0,False,94.23076923076923,8.87,4.554189189189189,7.581081081081081,0.2227,0.963,0.1662,0.2202,3363.1476024510152,2993.1476024510152,370.0,0.7681461946134858,54,1,19
0,1772828830.9842155,144.6,45,0.3659,0.8711,0.1779,0.4241,72.3984,87.1082,42.41,0.0,0.0,0.0,2.73,1.9,0.83,None,0.19059276580810547,18.314,True,None,sfc_cache_p5_9,0,None,105.65,56.29,693.0,95,76,6,7,0,False,94.28571428571428,8.82078947368421,4.548421052631579,7.381578947368421,0.2204,0.976,0.1636,0.2234,3407.1640085800973,3027.1640085800973,380.0,0.7720128664166325,54,4,18
0,1772828830.9863117,144.6,45,0.3659,0.8711,0.1779,0.4241,72.3984,87.1082,42.41,0.0,0.0,0.0,3.11,1.89,1.22,None,0.19059276580810547,15.069,True,None,sfc_unique_p5_9,0,None,105.65,56.29,693.0,95,76,6,7,0,False,94.33962264150944,8.82078947368421,4.548421052631579,7.381578947368421,0.2204,0.976,0.1636,0.2234,3407.1640085800973,3027.1640085800973,380.0,0.7720128664166325,54,4,18
0,1772828831.0276396,144.6,46,0.3697,0.8929,0.1914,0.4241,73.9103,89.2929,42.41,0.0,0.0,0.0,2.73,1.9,0.83,None,0.25428247451782227,10.627,True,None,sfc_cache_p6_9,0,None,113.98,56.29,726.0,99,78,6,7,0,False,94.39252336448598,8.774102564102565,4.542948717948718,7.1923076923076925,0.2179,0.984,0.161,0.2255,3442.843469963784,3052.843469963784,390.0,0.7755569120678767,54,5,19
0,1772828831.029849,144.6,46,0.3697,0.8929,0.1914,0.4241,73.9103,89.2929,42.41,0.0,0.0,0.0,3.11,1.89,1.22,None,0.25428247451782227,9.705,True,None,sfc_unique_p6_9,0,None,113.98,56.29,726.0,99,78,6,7,0,False,94.44444444444444,8.774102564102565,4.542948717948718,7.1923076923076925,0.2179,0.984,0.161,0.2255,3442.843469963784,3052.843469963784,390.0,0.7755569120678767,54,5,19
0,1772828848.8352597,162.4,46,0.3148,0.6561,0.0134,0.3493,54.4322,65.6058,34.9259,0.0,0.0,0.0,3.16,2.36,0.81,None,0.00019288063049316406,19.107,True,None,sfc_cache_p1_10,0,None,81.98,21.650000000000013,462.0,64,56,6,6,0,False,94.4954128440367,9.000357142857142,4.649107142857143,8.25,0.2609,0.9102,0.1698,0.2259,3186.6647329261737,2906.6647329261737,280.0,0.7930990136368499,26,15,15
0,1772828848.8383245,162.4,46,0.3148,0.6561,0.0134,0.3493,54.4322,65.6058,34.9259,0.0,0.0,0.0,4.32,3.14,1.19,None,0.00019288063049316406,19.894,True,None,sfc_unique_p1_10,0,None,81.98,21.650000000000013,462.0,64,56,6,6,0,False,94.54545454545455,9.000357142857142,4.649107142857143,8.25,0.2609,0.9102,0.1698,0.2259,3186.6647329261737,2906.6647329261737,280.0,0.7930990136368499,26,15,15
0,1772828848.8999448,162.5,47,0.3196,0.6896,0.0271,0.3742,56.3404,68.9648,37.4206,0.0,0.0,0.0,2.33,1.5,0.83,None,0.0653536319732666,18.675,True,None,sfc_cache_p2_10,0,None,81.98,21.65,462.0,65,58,6,6,0,False,94.5945945945946,8.994655172413793,4.718620689655173,8.53448275862069,0.2589,0.9393,0.1726,0.231,3228.7937315332006,2938.7937315332006,290.0,0.791070976749195,29,13,16
0,1772828848.902059,162.5,47,0.3196,0.6896,0.0271,0.3742,56.3404,68.9648,37.4206,0.0,0.0,0.0,4.32,3.14,1.19,None,0.0653536319732666,19.859,True,None,sfc_unique_p2_10,0,None,81.98,21.65,462.0,65,58,6,6,0,False,94.64285714285714,8.994655172413793,4.718620689655173,8.53448275862069,0.2589,0.9393,0.1726,0.231,3228.7937315332006,2938.7937315332006,290.0,0.791070976749195,29,13,16
0,1772828848.9637055,162.5,48,0.3243,0.7123,0.0409,0.3742,57.8168,71.2327,37.4206,0.0,0.0,0.0,2.33,1.5,0.83,None,0.12911581993103027,18.451,True,None,sfc_cache_p3_10,0,None,85.98,25.98,495.0,69,60,6,6,0,False,94.69026548672566,8.922666666666666,4.711333333333333,8.25,0.2541,0.9424,0.1694,0.2346,3250.225160104629,2950.225160104629,300.0,0.7887821514115706,30,13,17
0,1772828848.9659338,162.6,48,0.3243,0.7123,0.0409,0.3742,57.8168,71.2327,37.4206,0.0,0.0,0.0,4.32,3.14,1.19,None,0.12911581993103027,19.719,True,None,sfc_unique_p3_10,0,None,85.98,25.98,495.0,69,60,6,6,0,False,94.73684210526315,8.922666666666666,4.711333333333333,8.25,0.2541,0.9424,0.1694,0.2346,3250.225160104629,2950.225160104629,300.0,0.7887821514115706,30,13,17
0,1772828849.0264766,162.6,49,0.3288,0.735,0.0547,0.3742,59.2931,73.5007,37.4206,0.0,0.0,0.0,2.33,1.5,0.83,None,0.19296646118164062,18.164,True,None,sfc_cache_p4_10,0,None,89.98,30.31,528.0,72,62,6,6,0,False,94.78260869565217,8.855322580645161,4.704516129032259,7.983870967741935,0.2495,0.9448,0.1663,0.2344,3269.2829684934236,2959.2829684934236,310.0,0.7929427464592732,30,13,19
0,1772828849.0286405,162.6,49,0.3288,0.735,0.0547,0.3742,59.2931,73.5007,37.4206,0.0,0.0,0.0,3.35,2.15,1.2,None,0.19296646118164062,18.997,True,None,sfc_unique_p4_10,0,None,89.98,30.31,528.0,72,62,6,6,0,False,94.82758620689656,8.855322580645161,4.704516129032259,7.983870967741935,0.2495,0.9448,0.1663,0.2344,3269.2829684934236,2959.2829684934236,310.0,0.7929427464592732,30,13,19
0,1772828849.0891173,162.7,50,0.332,0.7577,0.0685,0.3742,60.7694,75.7686,37.4206,0.0,0.0,0.0,2.33,1.5,0.83,None,0.2557203769683838,17.961,True,None,sfc_cache_p5_10,0,None,93.98,34.64,561.0,76,64,6,6,0,False,94.87179487179486,8.7921875,4.698125,7.734375,0.2446,0.9412,0.1633,0.2325,3288.3407768822176,2968.3407768822176,320.0,0.7966392894542919,30,13,21
0,1772828849.0914145,162.7,50,0.332,0.7577,0.0685,0.3742,60.7694,75.7686,37.4206,0.0,0.0,0.0,3.35,2.15,1.2,None,0.2557203769683838,18.808,True,None,sfc_unique_p5_10,0,None,93.98,34.64,561.0,76,64,6,6,0,False,94.91525423728814,8.7921875,4.698125,7.734375,0.2446,0.9412,0.1633,0.2325,3288.3407768822176,2968.3407768822176,320.0,0.7966392894542919,30,13,21
0,1772828849.2675025,162.9,51,0.3364,0.7804,0.0836,0.3742,62.2457,78.0365,37.4206,0.0,0.0,0.0,2.33,1.5,0.83,None,0.31844282150268555,17.344,True,None,sfc_cache_p6_10,0,None,97.98,38.97,594.0,79,66,6,6,0,False,94.9579831932773,8.732878787878787,4.692121212121212,7.5,0.2396,0.9427,0.1605,0.229,3307.398585271012,2977.398585271012,330.0,0.7998911838545945,30,13,23
0,1772828849.2698846,162.9,51,0.3364,0.7804,0.0836,0.3742,62.2457,78.0365,37.4206,0.0,0.0,0.0,3.36,2.15,1.21,None,0.31844282150268555,17.706,True,None,sfc_unique_p6_10,0,None,97.98,38.97,594.0,79,66,6,6,0,False,95.0,8.732878787878787,4.692121212121212,7.5,0.2396,0.9427,0.1605,0.229,3307.398585271012,2977.398585271012,330.0,0.7998911838545945,30,13,23
0,1772828865.8735096,179.5,51,0.3431,0.8131,0.0973,0.3992,64.1896,81.3124,39.9153,0.0,0.0,0.0,2.11,1.34,0.77,None,0.0002262592315673828,16.714,True,None,sfc_cache_p1_11,0,None,97.98,38.97,594.0,79,68,6,7,0,False,95.0413223140496,8.740735294117647,4.745294117647059,7.764705882352941,0.2376,0.9433,0.1577,0.23,3332.80022588392,2992.80022588392,340.0,0.8027687947796379,30,13,25
0,1772828865.8752766,179.5,51,0.3431,0.8131,0.0973,0.3992,64.1896,81.3124,39.9153,0.0,0.0,0.0,3.05,1.89,1.16,None,0.0002262592315673828,13.689,True,None,sfc_unique_p1_11,0,None,97.98,38.97,594.0,79,68,6,7,0,False,95.08196721311475,8.740735294117647,4.745294117647059,7.764705882352941,0.2376,0.9433,0.1577,0.23,3332.80022588392,2992.80022588392,340.0,0.8027687947796379,30,13,25
0,1772828865.9231591,179.5,52,0.3537,0.8173,0.1116,0.4241,67.3571,81.7332,42.41,0.0,0.0,0.0,2.42,1.46,0.96,None,0.06071352958679199,13.942,True,None,sfc_cache_p2_11,0,None,97.98,38.97,594.0,80,70,6,7,0,False,95.1219512195122,8.91,4.633571428571429,8.014285714285714,0.2367,0.9426,0.1605,0.2291,3367.6806623488637,3017.6806623488637,350.0,0.8025546570464067,31,13,26
0,1772828865.9249303,179.5,52,0.3537,0.8173,0.1116,0.4241,67.3571,81.7332,42.41,0.0,0.0,0.0,3.87,2.71,1.16,None,0.06071352958679199,13.141,True,None,sfc_unique_p2_11,0,None,97.98,38.97,594.0,80,70,6,7,0,False,95.16129032258065,8.91,4.633571428571429,8.014285714285714,0.2367,0.9426,0.1605,0.2291,3367.6806623488637,3017.6806623488637,350.0,0.8025546570464067,31,13,26
0,1772828865.9736037,179.6,53,0.3627,0.8282,0.1272,0.4241,69.8054,82.8243,42.41,0.0,0.0,0.0,2.46,1.48,0.98,None,0.11036300659179688,13.911,True,None,sfc_cache_p3_11,0,None,101.98,38.97,627.0,83,72,6,7,0,False,95.19999999999999,8.977361111111112,4.565,7.791666666666667,0.2338,0.9417,0.1578,0.2254,3387.6021141365127,3027.6021141365127,360.0,0.8025039662720574,36,9,27
0,1772828865.975396,179.6,53,0.3627,0.8282,0.1272,0.4241,69.8054,82.8243,42.41,0.0,0.0,0.0,3.87,2.71,1.16,None,0.11036300659179688,13.003,True,None,sfc_unique_p3_11,0,None,101.98,38.97,627.0,83,72,6,7,0,False,95.23809523809523,8.977361111111112,4.565,7.791666666666667,0.2338,0.9417,0.1578,0.2254,3387.6021141365127,3027.6021141365127,360.0,0.8025039662720574,36,9,27
0,1772828866.022472,179.6,54,0.3689,0.8282,0.1415,0.4241,72.2537,82.8243,42.41,0.0,0.0,0.0,2.88,1.9,0.98,None,0.15570783615112305,12.954,True,None,sfc_cache_p4_11,0,None,110.31,38.97,660.0,87,74,6,7,0,False,95.2755905511811,9.04108108108108,4.441621621621621,7.581081081081081,0.2304,0.9417,0.1553,0.2203,3406.659922525307,3036.659922525307,370.0,0.8025239979468377,37,9,28
0,1772828866.0242584,179.6,54,0.3689,0.8282,0.1415,0.4241,72.2537,82.8243,42.41,0.0,0.0,0.0,3.87,2.71,1.16,None,0.15570783615112305,12.652,True,None,sfc_unique_p4_11,0,None,110.31,38.97,660.0,87,74,6,7,0,False,95.3125,9.04108108108108,4.441621621621621,7.581081081081081,0.2304,0.9417,0.1553,0.2203,3406.659922525307,3036.659922525307,370.0,0.8025239979468377,37,9,28
0,1772828866.0997686,179.7,55,0.3703,0.8501,0.1571,0.4241,73.7656,85.0091,42.41,0.0,0.0,0.0,2.88,1.9,0.98,None,0.2045755386352539,21.128,True,None,sfc_cache_p5_11,0,None,118.64,38.97,693.0,90,76,6,7,0,False,95.34883720930233,8.987368421052631,4.438815789473685,7.381578947368421,0.225,0.9508,0.1528,0.2169,3435.137712341125,3055.137712341125,380.0,0.8016496487303586,38,20,18
0,1772828866.1022131,179.7,55,0.3703,0.8501,0.1571,0.4241,73.7656,85.0091,42.41,0.0,0.0,0.0,3.59,2.15,1.45,None,0.2045755386352539,14.868,True,None,sfc_unique_p5_11,0,None,118.64,38.97,693.0,90,76,6,7,0,False,95.38461538461539,8.987368421052631,4.438815789473685,7.381578947368421,0.225,0.9508,0.1528,0.2169,3435.137712341125,3055.137712341125,380.0,0.8016496487303586,38,20,18
0,1772828866.1546564,179.7,56,0.3703,0.8501,0.1571,0.4241,73.7656,85.0091,42.41,0.0,0.0,0.0,None,None,None,None,0.2830805778503418,14.589,False,None,sfc_cache_p6_11,0,None,118.64,38.97,693.0,90,76,6,7,0,False,94.65648854961832,8.987368421052631,4.438815789473685,7.381578947368421,0.225,0.9508,0.1528,0.2169,3435.137712341125,3055.137712341125,380.0,0.8016496487303586,38,20,18
0,1772828866.1572073,179.7,56,0.3703,0.8501,0.1571,0.4241,73.7656,85.0091,42.41,0.0,0.0,0.0,4.82,3.27,1.55,None,0.2830805778503418,12.335,False,None,sfc_unique_p6_11,0,None,118.64,38.97,693.0,90,76,6,7,0,False,93.93939393939394,8.987368421052631,4.438815789473685,7.381578947368421,0.225,0.9508,0.1528,0.2169,3435.137712341125,3055.137712341125,380.0,0.8016496487303586,38,20,18
0,1772828881.8708138,195.5,56,0.3703,0.8501,0.1571,0.4241,73.7656,85.0091,42.41,0.0,0.0,0.0,None,None,None,None,0.00023794174194335938,9.917,False,None,sfc_cache_p1_12,0,None,118.64,38.97,693.0,90,76,6,7,0,False,93.23308270676691,8.987368421052631,4.438815789473685,7.381578947368421,0.225,0.9508,0.1528,0.2169,3435.137712341125,3055.137712341125,380.0,0.8016496487303586,38,20,18
0,1772828881.8722389,195.5,56,0.3703,0.8501,0.1571,0.4241,73.7656,85.0091,42.41,0.0,0.0,0.0,4.77,3.27,1.5,None,0.00023794174194335938,7.468,False,None,sfc_unique_p1_12,0,None,118.64,38.97,693.0,90,76,6,7,0,False,92.53731343283582,8.987368421052631,4.438815789473685,7.381578947368421,0.225,0.9508,0.1528,0.2169,3435.137712341125,3055.137712341125,380.0,0.8016496487303586,38,20,18
0,1772828881.9164174,195.5,57,0.3703,0.8501,0.1571,0.4241,73.7656,85.0091,42.41,0.0,0.0,0.0,None,None,None,None,0.03648090362548828,11.241,False,None,sfc_cache_p2_12,0,None,118.64,38.97,693.0,90,76,6,7,0,False,91.85185185185185,8.987368421052631,4.438815789473685,7.381578947368421,0.225,0.9508,0.1528,0.2169,3435.137712341125,3055.137712341125,380.0,0.8016496487303586,38,20,18
0,1772828881.919125,195.5,57,0.3703,0.8501,0.1571,0.4241,73.7656,85.0091,42.41,0.0,0.0,0.0,4.77,3.27,1.5,None,0.03648090362548828,12.776,False,None,sfc_unique_p2_12,0,None,118.64,38.97,693.0,90,76,6,7,0,False,91.17647058823529,8.987368421052631,4.438815789473685,7.381578947368421,0.225,0.9508,0.1528,0.2169,3435.137712341125,3055.137712341125,380.0,0.8016496487303586,38,20,18
0,1772828881.9692326,195.6,58,0.3703,0.8501,0.1571,0.4241,73.7656,85.0091,42.41,0.0,0.0,0.0,None,None,None,None,0.08457064628601074,15.392,False,None,sfc_cache_p3_12,0,None,118.64,38.97,693.0,90,76,6,7,0,False,90.51094890510949,8.987368421052631,4.438815789473685,7.381578947368421,0.225,0.9508,0.1528,0.2169,3435.137712341125,3055.137712341125,380.0,0.8016496487303586,38,20,18
0,1772828881.9706066,195.6,58,0.3703,0.8501,0.1571,0.4241,73.7656,85.0091,42.41,0.0,0.0,0.0,4.77,3.27,1.5,None,0.08457064628601074,7.381,False,None,sfc_unique_p3_12,0,None,118.64,38.97,693.0,90,76,6,7,0,False,89.85507246376811,8.987368421052631,4.438815789473685,7.381578947368421,0.225,0.9508,0.1528,0.2169,3435.137712341125,3055.137712341125,380.0,0.8016496487303586,38,20,18
0,1772828882.0132568,195.6,59,0.3703,0.8501,0.1571,0.4241,73.7656,85.0091,42.41,0.0,0.0,0.0,None,None,None,None,0.1347498893737793,10.352,False,None,sfc_cache_p4_12,0,None,118.64,38.97,693.0,90,76,6,7,0,False,89.20863309352518,8.987368421052631,4.438815789473685,7.381578947368421,0.225,0.9508,0.1528,0.2169,3435.137712341125,3055.137712341125,380.0,0.8016496487303586,38,20,18
0,1772828882.0147588,195.6,59,0.3703,0.8501,0.1571,0.4241,73.7656,85.0091,42.41,0.0,0.0,0.0,4.77,3.27,1.5,None,0.1347498893737793,12.038,False,None,sfc_unique_p4_12,0,None,118.64,38.97,693.0,90,76,6,7,0,False,88.57142857142857,8.987368421052631,4.438815789473685,7.381578947368421,0.225,0.9508,0.1528,0.2169,3435.137712341125,3055.137712341125,380.0,0.8016496487303586,38,20,18
0,1772828882.0474591,195.6,60,0.3703,0.8501,0.1571,0.4241,73.7656,85.0091,42.41,0.0,0.0,0.0,None,None,None,None,0.17890477180480957,9.268,False,None,sfc_cache_p5_12,0,None,118.64,38.97,693.0,90,76,6,7,0,False,87.94326241134752,8.987368421052631,4.438815789473685,7.381578947368421,0.225,0.9508,0.1528,0.2169,3435.137712341125,3055.137712341125,380.0,0.8016496487303586,38,20,18
0,1772828882.0488715,195.6,60,0.3703,0.8501,0.1571,0.4241,73.7656,85.0091,42.41,0.0,0.0,0.0,4.77,3.27,1.5,None,0.17890477180480957,7.438,False,None,sfc_unique_p5_12,0,None,118.64,38.97,693.0,90,76,6,7,0,False,87.32394366197182,8.987368421052631,4.438815789473685,7.381578947368421,0.225,0.9508,0.1528,0.2169,3435.137712341125,3055.137712341125,380.0,0.8016496487303586,38,20,18
0,1772828882.0820959,195.7,61,0.3703,0.8501,0.1571,0.4241,73.7656,85.0091,42.41,0.0,0.0,0.0,None,None,None,None,0.21296072006225586,9.158,False,None,sfc_cache_p6_12,0,None,118.64,38.97,693.0,90,76,6,7,0,False,86.7132867132867,8.987368421052631,4.438815789473685,7.381578947368421,0.225,0.9508,0.1528,0.2169,3435.137712341125,3055.137712341125,380.0,0.8016496487303586,38,20,18
0,1772828882.0835438,195.7,61,0.3703,0.8501,0.1571,0.4241,73.7656,85.0091,42.41,0.0,0.0,0.0,4.77,3.27,1.5,None,0.21296072006225586,7.609,False,None,sfc_unique_p6_12,0,None,118.64,38.97,693.0,90,76,6,7,0,False,86.11111111111111,8.987368421052631,4.438815789473685,7.381578947368421,0.225,0.9508,0.1528,0.2169,3435.137712341125,3055.137712341125,380.0,0.8016496487303586,38,20,18
0,1772828897.99433,211.6,61,0.3178,0.7233,0.0146,0.3742,56.8804,72.3264,37.4206,0.0,0.0,0.0,3.8,2.13,1.67,None,0.00018596649169921875,11.187,True,None,sfc_cache_p1_13,0,None,94.64,21.65,495.0,68,60,6,6,0,False,86.20689655172413,8.778166666666667,4.783666666666666,8.25,0.1969,0.7023,0.158,0.1394,3183.280817210958,2883.280817210958,300.0,0.8607296339370596,23,9,28
0,1772828897.9955008,211.6,61,0.3178,0.7233,0.0146,0.3742,56.8804,72.3264,37.4206,0.0,0.0,0.0,5.04,3.3,1.74,None,0.00018596649169921875,12.455,True,None,sfc_unique_p1_13,0,None,94.64,21.65,495.0,68,60,6,6,0,False,86.3013698630137,8.778166666666667,4.783666666666666,8.25,0.1969,0.7023,0.158,0.1394,3183.280817210958,2883.280817210958,300.0,0.8607296339370596,23,9,28
0,1772828898.0342674,211.6,62,0.3202,0.7451,0.0291,0.3742,58.3924,74.5111,37.4206,0.0,0.0,0.0,3.8,2.13,1.67,None,0.1080472469329834,11.103,True,None,sfc_cache_p2_13,0,None,98.64,25.98,528.0,72,62,6,6,0,False,86.39455782312925,8.720806451612905,4.769193548387097,7.983870967741935,0.191,0.7084,0.1551,0.1478,3199.5722457823863,2889.5722457823863,310.0,0.853798757072979,25,9,28
0,1772828898.0354104,211.6,62,0.3202,0.7451,0.0291,0.3742,58.3924,74.5111,37.4206,0.0,0.0,0.0,5.04,3.3,1.74,None,0.1080472469329834,12.761,True,None,sfc_unique_p2_13,0,None,98.64,25.98,528.0,72,62,6,6,0,False,86.48648648648648,8.720806451612905,4.769193548387097,7.983870967741935,0.191,0.7084,0.1551,0.1478,3199.5722457823863,2889.5722457823863,310.0,0.853798757072979,25,9,28
0,1772828898.072681,211.7,63,0.3237,0.767,0.0452,0.3742,59.9043,76.6959,37.4206,0.0,0.0,0.0,3.63,1.96,1.67,None,0.14793038368225098,10.52,True,None,sfc_cache_p3_13,0,None,102.64,30.31,561.0,76,64,6,6,0,False,86.57718120805369,8.66703125,4.755625,7.734375,0.1856,0.7229,0.1524,0.1571,3230.7071320229065,2910.7071320229065,320.0,0.8509175321307331,27,9,28
0,1772828898.073856,211.7,63,0.3237,0.767,0.0452,0.3742,59.9043,76.6959,37.4206,0.0,0.0,0.0,4.78,2.68,2.1,None,0.14793038368225098,11.858,True,None,sfc_unique_p3_13,0,None,102.64,30.31,561.0,76,64,6,6,0,False,86.66666666666667,8.66703125,4.755625,7.734375,0.1856,0.7229,0.1524,0.1571,3230.7071320229065,2910.7071320229065,320.0,0.8509175321307331,27,9,28
0,1772828898.111272,211.7,64,0.326,0.7888,0.0613,0.3742,61.4163,78.8807,37.4206,0.0,0.0,0.0,3.63,1.96,1.67,None,0.18636274337768555,10.494,True,None,sfc_cache_p4_13,0,None,106.64,34.64,594.0,80,66,6,6,0,False,86.75496688741721,8.616515151515152,4.742878787878787,7.5,0.1799,0.7322,0.1497,0.1648,3259.1849218387247,2929.1849218387247,330.0,0.8478039613670749,29,9,28
0,1772828898.1124666,211.7,64,0.326,0.7888,0.0613,0.3742,61.4163,78.8807,37.4206,0.0,0.0,0.0,4.78,2.68,2.1,None,0.18636274337768555,11.844,True,None,sfc_unique_p4_13,0,None,106.64,34.64,594.0,80,66,6,6,0,False,86.8421052631579,8.616515151515152,4.742878787878787,7.5,0.1799,0.7322,0.1497,0.1648,3259.1849218387247,2929.1849218387247,330.0,0.8478039613670749,29,9,28
0,1772828898.1493638,211.7,65,0.3279,0.8115,0.0773,0.3742,62.8926,81.1486,37.4206,0.0,0.0,0.0,3.63,1.96,1.67,None,0.22497320175170898,10.449,True,None,sfc_cache_p5_13,0,None,110.64,38.97,627.0,84,68,6,6,0,False,86.9281045751634,8.564117647058824,4.735735294117647,7.279411764705882,0.177,0.7367,0.1471,0.1706,3276.616350410153,2936.616350410153,340.0,0.8419716171087906,31,9,28
0,1772828898.1505783,211.7,65,0.3279,0.8115,0.0773,0.3742,62.8926,81.1486,37.4206,0.0,0.0,0.0,5.4,3.29,2.1,None,0.22497320175170898,11.213,True,None,sfc_unique_p5_13,0,None,110.64,38.97,627.0,84,68,6,6,0,False,87.01298701298701,8.564117647058824,4.735735294117647,7.279411764705882,0.177,0.7367,0.1471,0.1706,3276.616350410153,2936.616350410153,340.0,0.8419716171087906,31,9,28
0,1772828898.1870565,211.8,66,0.3371,0.8115,0.0918,0.3742,65.3408,81.1486,37.4206,0.0,0.0,0.0,3.63,1.96,1.67,None,0.2631087303161621,10.501,True,None,sfc_cache_p6_13,0,None,114.64,43.3,660.0,87,70,6,6,0,False,87.09677419354838,8.643285714285714,4.600428571428571,7.071428571428571,0.174,0.7367,0.1446,0.173,3296.018919671877,2946.018919671877,350.0,0.8408354222682873,32,16,22
0,1772828898.1883016,211.8,66,0.3371,0.8115,0.0918,0.3742,65.3408,81.1486,37.4206,0.0,0.0,0.0,5.15,2.92,2.23,None,0.2631087303161621,10.701,True,None,sfc_unique_p6_13,0,None,114.64,43.3,660.0,87,70,6,6,0,False,87.17948717948718,8.643285714285714,4.600428571428571,7.071428571428571,0.174,0.7367,0.1446,0.173,3296.018919671877,2946.018919671877,350.0,0.8408354222682873,32,16,22
0,1772828919.9854913,233.6,66,0.3055,0.7182,0.0134,0.3243,55.2983,71.8199,32.4312,0.0,0.0,0.0,4.27,3.31,0.96,None,0.00018787384033203125,13.565,True,None,sfc_cache_p1_14,0,None,89.65,43.3,561.0,72,60,6,6,0,False,87.26114649681529,8.533999999999999,4.750166666666667,7.15,0.226,0.7089,0.15,0.1157,3205.297693697644,2905.297693697644,300.0,0.8739258324763501,26,5,29
0,1772828919.9876974,233.6,66,0.3055,0.7182,0.0134,0.3243,55.2983,71.8199,32.4312,0.0,0.0,0.0,10.12,8.74,1.38,None,0.00018787384033203125,19.598,True,None,sfc_unique_p1_14,0,None,89.65,43.3,561.0,72,60,6,6,0,False,87.34177215189874,8.533999999999999,4.750166666666667,7.15,0.226,0.7089,0.15,0.1157,3205.297693697644,2905.297693697644,300.0,0.8739258324763501,26,5,29
0,1772828920.0480876,233.6,67,0.3167,0.7291,0.0267,0.3493,58.1785,72.911,34.9259,0.0,0.0,0.0,3.09,1.7,1.39,None,0.05518078804016113,16.316,True,None,sfc_cache_p2_14,0,None,89.65,43.3,561.0,72,62,6,6,0,False,87.42138364779875,8.688870967741936,4.666774193548386,7.451612903225806,0.2297,0.7106,0.1528,0.1262,3230.085743706356,2920.085743706356,310.0,0.8660247668231118,27,6,29
0,1772828920.050317,233.6,67,0.3167,0.7291,0.0267,0.3493,58.1785,72.911,34.9259,0.0,0.0,0.0,11.09,9.59,1.5,None,0.05518078804016113,18.404,True,None,sfc_unique_p2_14,0,None,89.65,43.3,561.0,72,62,6,6,0,False,87.5,8.688870967741936,4.666774193548386,7.451612903225806,0.2297,0.7106,0.1528,0.1262,3230.085743706356,2920.085743706356,310.0,0.8660247668231118,27,6,29
0,1772828920.1113796,233.7,68,0.3253,0.7291,0.04,0.3493,60.6268,72.911,34.9259,0.0,0.0,0.0,3.09,1.7,1.39,None,0.1178443431854248,16.518,True,None,sfc_cache_p3_14,0,None,93.65,47.63,594.0,76,64,6,6,0,False,87.5776397515528,8.7715625,4.5209375,7.21875,0.2248,0.7106,0.15,0.1357,3247.2534361617727,2927.2534361617727,320.0,0.8576361262478123,28,7,29
0,1772828920.113581,233.7,68,0.3253,0.7291,0.04,0.3493,60.6268,72.911,34.9259,0.0,0.0,0.0,11.09,9.59,1.5,None,0.1178443431854248,18.221,True,None,sfc_unique_p3_14,0,None,93.65,47.63,594.0,76,64,6,6,0,False,87.65432098765432,8.7715625,4.5209375,7.21875,0.2248,0.7106,0.15,0.1357,3247.2534361617727,2927.2534361617727,320.0,0.8576361262478123,28,7,29
0,1772828920.1741996,233.8,69,0.3307,0.7627,0.0538,0.3742,62.5351,76.27,37.4206,0.0,0.0,0.0,5.8,4.23,1.57,None,0.1810910701751709,16.223,True,None,sfc_cache_p4_14,0,None,93.65,47.63,594.0,76,66,6,6,0,False,87.73006134969326,8.773484848484848,4.585909090909091,7.5,0.241,0.8415,0.1642,0.1454,3303.1629496417854,2973.1629496417854,330.0,0.848027306714557,30,7,29
0,1772828920.176564,233.8,69,0.3307,0.7627,0.0538,0.3742,62.5351,76.27,37.4206,0.0,0.0,0.0,10.38,8.86,1.52,None,0.1810910701751709,17.845,True,None,sfc_unique_p4_14,0,None,93.65,47.63,594.0,76,66,6,6,0,False,87.8048780487805,8.773484848484848,4.585909090909091,7.5,0.241,0.8415,0.1642,0.1454,3303.1629496417854,2973.1629496417854,330.0,0.848027306714557,30,7,29
0,1772828920.2370763,233.8,70,0.3337,0.7854,0.0681,0.3742,64.0114,78.5379,37.4206,0.0,0.0,0.0,5.8,4.23,1.57,None,0.24414753913879395,16.27,True,None,sfc_cache_p5_14,0,None,97.65,51.96,627.0,80,68,6,6,0,False,87.87878787878788,8.716470588235294,4.583382352941177,7.279411764705882,0.2341,0.8712,0.1614,0.1543,3329.834781064159,2989.834781064159,340.0,0.8321230447060649,32,7,29
0,1772828920.2395308,233.8,70,0.3337,0.7854,0.0681,0.3742,64.0114,78.5379,37.4206,0.0,0.0,0.0,10.52,8.94,1.57,None,0.24414753913879395,17.391,True,None,sfc_unique_p5_14,0,None,97.65,51.96,627.0,80,68,6,6,0,False,87.95180722891565,8.716470588235294,4.583382352941177,7.279411764705882,0.2341,0.8712,0.1614,0.1543,3329.834781064159,2989.834781064159,340.0,0.8321230447060649,32,7,29
0,1772828920.2980413,233.9,71,0.3405,0.7963,0.0833,0.3742,66.4597,79.6291,37.4206,0.0,0.0,0.0,5.72,4.16,1.57,None,0.3071756362915039,15.455,True,None,sfc_cache_p6_14,0,None,101.65,51.96,660.0,83,70,6,6,0,False,88.02395209580838,8.791285714285713,4.514285714285714,7.071428571428571,0.2329,0.8778,0.1587,0.1654,3353.214898820589,3003.214898820589,350.0,0.8209559617513598,34,7,29
0,1772828920.3004823,233.9,71,0.3405,0.7963,0.0833,0.3742,66.4597,79.6291,37.4206,0.0,0.0,0.0,11.37,9.47,1.9,None,0.3071756362915039,15.372,True,None,sfc_unique_p6_14,0,None,101.65,51.96,660.0,83,70,6,6,0,False,88.09523809523809,8.791285714285713,4.514285714285714,7.071428571428571,0.2329,0.8778,0.1587,0.1654,3353.214898820589,3003.214898820589,350.0,0.8209559617513598,34,7,29
0,1772828936.0971632,249.7,71,0.3216,0.6451,0.0155,0.2994,58.0003,64.5071,29.9365,0.0,0.0,0.0,3.94,2.98,0.96,None,0.0002605915069580078,16.537,True,None,sfc_cache_p1_15,0,None,89.32000000000001,47.63,594.0,72,60,6,6,0,False,88.16568047337277,8.950999999999999,4.2665,6.6,0.2128,0.7312,0.1186,0.1394,3148.56184585739,2848.56184585739,300.0,0.8253505341881091,28,12,20
0,1772828936.0986686,249.7,71,0.3216,0.6451,0.0155,0.2994,58.0003,64.5071,29.9365,0.0,0.0,0.0,3.3,1.89,1.41,None,0.0002605915069580078,16.314,True,None,sfc_unique_p1_15,0,None,89.32000000000001,47.63,594.0,72,60,6,6,0,False,88.23529411764706,8.950999999999999,4.2665,6.6,0.2128,0.7312,0.1186,0.1394,3148.56184585739,2848.56184585739,300.0,0.8253505341881091,28,12,20
0,1772828936.1568024,249.7,72,0.3275,0.6778,0.0323,0.3243,59.9443,67.783,32.4312,0.0,0.0,0.0,2.0,1.03,0.97,None,0.13943219184875488,15.867,True,None,sfc_cache_p2_15,0,None,89.32000000000001,47.63,594.0,73,62,6,6,0,False,88.30409356725146,8.952580645161289,4.3385483870967745,6.919354838709677,0.2079,0.746,0.1346,0.1384,3186.7587194063763,2876.7587194063763,310.0,0.8269578460118878,28,13,21
0,1772828936.1579885,249.7,72,0.3275,0.6778,0.0323,0.3243,59.9443,67.783,32.4312,0.0,0.0,0.0,3.44,1.92,1.52,None,0.13943219184875488,14.614,True,None,sfc_unique_p2_15,0,None,89.32000000000001,47.63,594.0,73,62,6,6,0,False,88.37209302325581,8.952580645161289,4.3385483870967745,6.919354838709677,0.2079,0.746,0.1346,0.1384,3186.7587194063763,2876.7587194063763,310.0,0.8269578460118878,28,13,21
0,1772828936.195046,249.8,73,0.332,0.7106,0.0489,0.3493,61.8882,71.0589,34.9259,0.0,0.0,0.0,2.1,1.01,1.09,None,0.19838500022888184,10.519,True,None,sfc_cache_p3_15,0,None,89.32000000000001,47.63,594.0,75,64,6,6,0,False,88.4393063583815,8.9540625,4.40609375,7.21875,0.2031,0.7594,0.15,0.1407,3222.828213292772,2902.828213292772,320.0,0.8285128605234029,28,22,14
0,1772828936.196147,249.8,73,0.332,0.7106,0.0489,0.3493,61.8882,71.0589,34.9259,0.0,0.0,0.0,3.38,1.86,1.52,None,0.19838500022888184,10.768,True,None,sfc_unique_p3_15,0,None,89.32000000000001,47.63,594.0,75,64,6,6,0,False,88.50574712643679,8.9540625,4.40609375,7.21875,0.2031,0.7594,0.15,0.1407,3222.828213292772,2902.828213292772,320.0,0.8285128605234029,28,22,14
0,1772828936.233277,249.8,74,0.3374,0.7442,0.0676,0.3742,63.7965,74.4179,37.4206,0.0,0.0,0.0,2.69,1.48,1.21,None,0.23649072647094727,10.3,True,None,sfc_cache_p4_15,0,None,89.32000000000001,47.63,594.0,76,66,6,6,0,False,88.57142857142857,8.950454545454546,4.474545454545455,7.5,0.1979,0.761,0.1528,0.1399,3232.828213292772,2902.828213292772,330.0,0.8270865303262155,29,31,6
0,1772828936.2345114,249.8,74,0.3374,0.7442,0.0676,0.3742,63.7965,74.4179,37.4206,0.0,0.0,0.0,3.38,1.86,1.52,None,0.23649072647094727,10.792,True,None,sfc_unique_p4_15,0,None,89.32000000000001,47.63,594.0,76,66,6,6,0,False,88.63636363636364,8.950454545454546,4.474545454545455,7.5,0.1979,0.761,0.1528,0.1399,3232.828213292772,2902.828213292772,330.0,0.8270865303262155,29,31,6
0,1772828936.2695556,249.9,75,0.3384,0.7702,0.0853,0.3742,65.1281,77.0235,37.4206,0.0,0.0,0.0,2.78,1.45,1.33,None,0.2748603820800781,9.99,True,None,sfc_cache_p5_15,0,None,97.65,47.63,627.0,79,68,6,6,0,False,88.70056497175142,8.868529411764705,4.495,7.279411764705882,0.2011,0.7971,0.1502,0.1429,3275.741825006438,2935.741825006438,340.0,0.82260477510617,31,31,6
0,1772828936.270795,249.9,75,0.3384,0.7702,0.0853,0.3742,65.1281,77.0235,37.4206,0.0,0.0,0.0,8.62,6.63,2.0,None,0.2748603820800781,8.642,True,None,sfc_unique_p5_15,0,None,97.65,47.63,627.0,79,68,6,6,0,False,88.76404494382022,8.868529411764705,4.495,7.279411764705882,0.2011,0.7971,0.1502,0.1429,3275.741825006438,2935.741825006438,340.0,0.82260477510617,31,31,6
0,1772828936.3034427,249.9,76,0.3437,0.803,0.1006,0.3992,67.072,80.2994,39.9153,0.0,0.0,0.0,3.09,1.7,1.39,None,0.3111135959625244,8.059,True,None,sfc_cache_p6_15,0,None,97.65,47.63,627.0,80,70,6,6,0,False,88.8268156424581,8.872285714285713,4.5522857142857145,7.542857142857143,0.2026,0.817,0.1473,0.149,3313.1113480012395,2963.1113480012395,350.0,0.8186107031042158,32,38,0
0,1772828936.3046868,249.9,76,0.3437,0.803,0.1006,0.3992,67.072,80.2994,39.9153,0.0,0.0,0.0,8.62,6.63,2.0,None,0.3111135959625244,8.144,True,None,sfc_unique_p6_15,0,None,97.65,47.63,627.0,80,70,6,6,0,False,88.88888888888889,8.872285714285713,4.5522857142857145,7.542857142857143,0.2026,0.817,0.1473,0.149,3313.1113480012395,2963.1113480012395,350.0,0.8186107031042158,32,38,0
0,1772828962.1566868,275.7,76,0.3193,0.6711,0.0134,0.3493,58.2163,67.1102,34.9259,0.0,0.0,0.0,2.1,1.42,0.68,None,0.00021123886108398438,20.2,True,None,sfc_cache_p1_16,0,None,76.99000000000001,47.63,528.0,66,60,6,6,0,False,88.95027624309392,8.984333333333332,4.438666666666666,7.7,0.2282,0.7937,0.1428,0.1631,3206.17356747191,2906.17356747191,300.0,0.8076489043124444,32,6,22
0,1772828962.1589594,275.7,76,0.3193,0.6711,0.0134,0.3493,58.2163,67.1102,34.9259,0.0,0.0,0.0,2.96,1.86,1.1,None,0.00021123886108398438,18.428,True,None,sfc_unique_p1_16,0,None,76.99000000000001,47.63,528.0,66,60,6,6,0,False,89.01098901098901,8.984333333333332,4.438666666666666,7.7,0.2282,0.7937,0.1428,0.1631,3206.17356747191,2906.17356747191,300.0,0.8076489043124444,32,6,22
0,1772828962.2273393,275.8,77,0.3251,0.7039,0.0273,0.3742,60.1603,70.386,37.4206,0.0,0.0,0.0,1.7,1.03,0.68,None,0.07115840911865234,19.123,True,None,sfc_cache_p2_16,0,None,76.99000000000001,47.63,528.0,68,62,6,6,0,False,89.07103825136612,8.984838709677419,4.50516129032258,7.983870967741935,0.223,0.8061,0.1584,0.176,3237.6009780894615,2927.6009780894615,310.0,0.8098547650467386,32,6,24
0,1772828962.229625,275.8,77,0.3251,0.7039,0.0273,0.3742,60.1603,70.386,37.4206,0.0,0.0,0.0,2.96,1.86,1.1,None,0.07115840911865234,18.836,True,None,sfc_unique_p2_16,0,None,76.99000000000001,47.63,528.0,68,62,6,6,0,False,89.13043478260869,8.984838709677419,4.50516129032258,7.983870967741935,0.223,0.8061,0.1584,0.176,3237.6009780894615,2927.6009780894615,310.0,0.8098547650467386,32,6,24
0,1772828962.2979364,275.9,78,0.3318,0.7375,0.0404,0.3992,62.0686,73.7451,39.9153,0.0,0.0,0.0,2.06,1.34,0.72,None,0.14179444313049316,18.941,True,None,sfc_cache_p3_16,0,None,76.99000000000001,47.63,528.0,69,64,6,6,0,False,89.1891891891892,8.98015625,4.57265625,8.25,0.2175,0.8049,0.1552,0.1864,3247.6009780894615,2927.6009780894615,320.0,0.8112284217266179,32,23,9
0,1772828962.3002849,275.9,78,0.3318,0.7375,0.0404,0.3992,62.0686,73.7451,39.9153,0.0,0.0,0.0,2.96,1.86,1.1,None,0.14179444313049316,18.885,True,None,sfc_unique_p3_16,0,None,76.99000000000001,47.63,528.0,69,64,6,6,0,False,89.24731182795699,8.98015625,4.57265625,8.25,0.2175,0.8049,0.1552,0.1864,3247.6009780894615,2927.6009780894615,320.0,0.8112284217266179,32,23,9
0,1772828962.4857483,276.1,79,0.3385,0.7593,0.058,0.4241,64.0125,75.9298,42.41,0.0,0.0,0.0,2.4,1.48,0.92,None,0.21250081062316895,17.646,True,None,sfc_cache_p4_16,0,None,76.99000000000001,51.96,528.0,71,66,6,6,0,False,89.3048128342246,8.980757575757575,4.565454545454545,8.5,0.2119,0.8141,0.1527,0.1931,3276.931964004954,2946.931964004954,330.0,0.8109558791160681,33,32,1
0,1772828962.48813,276.1,79,0.3385,0.7593,0.058,0.4241,64.0125,75.9298,42.41,0.0,0.0,0.0,3.0,1.89,1.11,None,0.21250081062316895,17.617,True,None,sfc_unique_p4_16,0,None,76.99000000000001,51.96,528.0,71,66,6,6,0,False,89.36170212765957,8.980757575757575,4.565454545454545,8.5,0.2119,0.8141,0.1527,0.1931,3276.931964004954,2946.931964004954,330.0,0.8109558791160681,33,32,1
0,1772828962.553401,276.1,80,0.3429,0.7912,0.0723,0.449,65.9921,79.1226,44.9047,0.0,0.0,0.0,2.16,1.19,0.96,None,0.40029430389404297,17.165,True,None,sfc_cache_p5_16,0,None,76.99000000000001,51.96,528.0,72,68,6,6,0,False,89.41798941798942,8.986176470588234,4.6175,8.735294117647058,0.207,0.8176,0.1672,0.1995,3291.4556445497615,2951.4556445497615,340.0,0.8120835365857612,33,35,0
0,1772828962.5557709,276.1,80,0.3429,0.7912,0.0723,0.449,65.9921,79.1226,44.9047,0.0,0.0,0.0,3.0,1.89,1.11,None,0.40029430389404297,17.452,True,None,sfc_unique_p5_16,0,None,76.99000000000001,51.96,528.0,72,68,6,6,0,False,89.47368421052632,8.986176470588234,4.6175,8.735294117647058,0.207,0.8176,0.1672,0.1995,3291.4556445497615,2951.4556445497615,340.0,0.8120835365857612,33,35,0
0,1772828962.6203823,276.2,81,0.3467,0.8248,0.0874,0.474,67.9003,82.4816,47.3995,0.0,0.0,0.0,3.42,2.36,1.07,None,0.4679889678955078,16.686,True,None,sfc_cache_p6_16,0,None,76.99000000000001,51.96,528.0,74,70,6,6,0,False,89.52879581151832,8.981857142857143,4.676,8.957142857142857,0.2031,0.8201,0.1636,0.2054,3306.315644549761,2956.315644549761,350.0,0.8094892395178199,34,36,0
0,1772828962.6228487,276.2,81,0.3467,0.8248,0.0874,0.474,67.9003,82.4816,47.3995,0.0,0.0,0.0,2.97,1.86,1.11,None,0.4679889678955078,16.858,True,None,sfc_unique_p6_16,0,None,76.99000000000001,51.96,528.0,74,70,6,6,0,False,89.58333333333334,8.981857142857143,4.676,8.957142857142857,0.2031,0.8201,0.1636,0.2054,3306.315644549761,2956.315644549761,350.0,0.8094892395178199,34,36,0
0,1772828982.2050543,295.8,81,0.3283,0.7005,0.0138,0.449,60.0868,70.0509,44.9047,0.0,0.0,0.0,4.25,2.9,1.36,None,0.00019931793212890625,19.09,True,None,sfc_cache_p1_17,0,None,60.99000000000001,34.64000000000001,396.0,59,60,6,6,0,False,89.63730569948186,9.273,4.633166666666667,9.9,0.2263,0.8363,0.1967,0.1736,3195.402286750706,2895.402286750706,300.0,0.8122388453670066,25,26,9
0,1772828982.207332,295.8,81,0.3283,0.7005,0.0138,0.449,60.0868,70.0509,44.9047,0.0,0.0,0.0,7.05,5.44,1.62,None,0.00019931793212890625,19.222,True,None,sfc_unique_p1_17,0,None,60.99000000000001,34.64000000000001,396.0,59,60,6,6,0,False,89.69072164948454,9.273,4.633166666666667,9.9,0.2263,0.8363,0.1967,0.1736,3195.402286750706,2895.402286750706,300.0,0.8122388453670066,25,26,9
0,1772828982.2763977,295.9,82,0.3327,0.7232,0.0298,0.449,61.5631,72.3188,44.9047,0.0,0.0,0.0,4.25,2.9,1.36,None,0.07266402244567871,18.517,True,None,sfc_cache_p2_17,0,None,64.99,38.97,429.0,62,62,6,6,0,False,89.74358974358975,9.194354838709677,4.6288709677419355,9.580645161290322,0.2202,0.8361,0.1932,0.1815,3206.8337153221346,2896.8337153221346,310.0,0.8117753079791422,26,33,3
0,1772828982.2787051,295.9,82,0.3327,0.7232,0.0298,0.449,61.5631,72.3188,44.9047,0.0,0.0,0.0,3.72,1.95,1.78,None,0.07266402244567871,19.012,True,None,sfc_unique_p2_17,0,None,64.99,38.97,429.0,62,62,6,6,0,False,89.79591836734694,9.194354838709677,4.6288709677419355,9.580645161290322,0.2202,0.8361,0.1932,0.1815,3206.8337153221346,2896.8337153221346,310.0,0.8117753079791422,26,33,3
0,1772828982.333143,295.9,83,0.3348,0.745,0.045,0.449,63.0751,74.5036,44.9047,0.0,0.0,0.0,4.25,2.9,1.36,None,0.14408135414123535,17.163,True,None,sfc_cache_p3_17,0,None,68.99,43.3,462.0,66,64,6,6,0,False,89.84771573604061,9.12578125,4.6196875,9.28125,0.222,0.874,0.1897,0.1932,3250.9372867507063,2930.9372867507063,320.0,0.8078913030056379,28,33,3
0,1772828982.334397,295.9,83,0.3348,0.745,0.045,0.449,63.0751,74.5036,44.9047,0.0,0.0,0.0,5.74,3.95,1.79,None,0.14408135414123535,10.421,True,None,sfc_unique_p3_17,0,None,68.99,43.3,462.0,66,64,6,6,0,False,89.8989898989899,9.12578125,4.6196875,9.28125,0.222,0.874,0.1897,0.1932,3250.9372867507063,2930.9372867507063,320.0,0.8078913030056379,28,33,3
0,1772828982.3947656,296.0,84,0.3367,0.7669,0.0603,0.449,64.587,76.6883,44.9047,0.0,0.0,0.0,4.25,2.9,1.36,None,0.19887828826904297,14.567,True,None,sfc_cache_p4_17,0,None,72.99,47.63,495.0,70,66,6,6,0,False,89.9497487437186,9.061363636363636,4.611060606060605,9.0,0.2221,0.8915,0.1864,0.2003,3287.008715322135,2957.008715322135,330.0,0.8027199860609128,30,33,3
0,1772828982.3968015,296.0,84,0.3367,0.7669,0.0603,0.449,64.587,76.6883,44.9047,0.0,0.0,0.0,5.74,3.95,1.79,None,0.19887828826904297,18.077,True,None,sfc_unique_p4_17,0,None,72.99,47.63,495.0,70,66,6,6,0,False,90.0,9.061363636363636,4.611060606060605,9.0,0.2221,0.8915,0.1864,0.2003,3287.008715322135,2957.008715322135,330.0,0.8027199860609128,30,33,3
0,1772828982.436429,296.0,85,0.3435,0.7669,0.0728,0.449,67.0353,76.6883,44.9047,0.0,0.0,0.0,4.25,2.9,1.36,None,0.2618443965911865,9.982,True,None,sfc_cache_p5_17,0,None,76.99,51.96,528.0,74,68,6,6,0,False,90.04975124378109,9.128235294117648,4.475441176470588,8.735294117647058,0.2277,0.8915,0.1832,0.203,3317.068833078565,2977.068833078565,340.0,0.7941038387226401,32,33,3
0,1772828982.4378538,296.0,85,0.3435,0.7669,0.0728,0.449,67.0353,76.6883,44.9047,0.0,0.0,0.0,8.79,7.0,1.79,None,0.2618443965911865,9.828,True,None,sfc_unique_p5_17,0,None,76.99,51.96,528.0,74,68,6,6,0,False,90.0990099009901,9.128235294117648,4.475441176470588,8.735294117647058,0.2277,0.8915,0.1832,0.203,3317.068833078565,2977.068833078565,340.0,0.7941038387226401,32,33,3
0,1772828982.4775565,296.1,86,0.3512,0.7669,0.0852,0.449,69.4836,76.6883,44.9047,0.0,0.0,0.0,4.25,2.9,1.36,None,0.3023247718811035,9.984,True,None,sfc_cache_p6_17,0,None,80.99,56.29,561.0,78,70,6,6,0,False,90.14778325123153,9.191285714285714,4.347571428571428,8.485714285714286,0.2269,0.8915,0.1801,0.2022,3338.374311851419,2988.374311851419,350.0,0.7836946738591017,34,33,3
0,1772828982.479022,296.1,86,0.3512,0.7669,0.0852,0.449,69.4836,76.6883,44.9047,0.0,0.0,0.0,8.79,7.0,1.79,None,0.3023247718811035,10.141,True,None,sfc_unique_p6_17,0,None,80.99,56.29,561.0,78,70,6,6,0,False,90.19607843137256,9.191285714285714,4.347571428571428,8.485714285714286,0.2269,0.8915,0.1801,0.2022,3338.374311851419,2988.374311851419,350.0,0.7836946738591017,34,33,3
0,1772828997.3692386,311.0,86,0.3212,0.7307,0.0162,0.4241,59.8719,73.0748,42.41,0.0,0.0,0.0,2.25,1.39,0.86,None,0.00019598007202148438,19.622,True,None,sfc_cache_p1_18,0,None,60.33,56.29,462.0,67,62,6,6,0,False,90.2439024390244,8.941774193548387,4.6772580645161295,9.048387096774194,0.2462,0.8963,0.1939,0.1732,3271.6458642426896,2961.6458642426896,310.0,0.780793175156868,30,9,23
0,1772828997.3715332,311.0,86,0.3212,0.7307,0.0162,0.4241,59.8719,73.0748,42.41,0.0,0.0,0.0,3.2,1.95,1.25,None,0.00019598007202148438,18.373,True,None,sfc_unique_p1_18,0,None,60.33,56.29,462.0,67,62,6,6,0,False,90.29126213592234,8.941774193548387,4.6772580645161295,9.048387096774194,0.2462,0.8963,0.1939,0.1732,3271.6458642426896,2961.6458642426896,310.0,0.780793175156868,30,9,23
0,1772828997.438619,311.0,87,0.3288,0.7391,0.0316,0.4241,61.9606,73.9139,42.41,0.0,0.0,0.0,2.25,1.39,0.86,None,0.18538808822631836,19.471,True,None,sfc_cache_p2_18,0,None,64.33,60.62,495.0,71,64,6,6,0,False,90.33816425120773,8.96453125,4.583125,8.765625,0.2403,0.8941,0.1904,0.1866,3281.6458642426896,2961.6458642426896,320.0,0.7842918425807526,30,18,16
0,1772828997.440977,311.0,87,0.3288,0.7391,0.0316,0.4241,61.9606,73.9139,42.41,0.0,0.0,0.0,3.14,1.89,1.25,None,0.18538808822631836,17.822,True,None,sfc_unique_p2_18,0,None,64.33,60.62,495.0,71,64,6,6,0,False,90.38461538461539,8.96453125,4.583125,8.765625,0.2403,0.8941,0.1904,0.1866,3281.6458642426896,2961.6458642426896,320.0,0.7842918425807526,30,18,16
0,1772828997.5079687,311.1,88,0.3351,0.7475,0.0475,0.4241,64.0492,74.753,42.41,0.0,0.0,0.0,2.25,1.39,0.86,None,0.2549107074737549,18.904,True,None,sfc_cache_p3_18,0,None,68.33,64.95,528.0,75,66,6,6,0,False,90.43062200956938,8.985909090909091,4.494696969696969,8.5,0.234,0.8927,0.1871,0.1973,3291.6458642426896,2961.6458642426896,330.0,0.7873705803069617,30,26,10
0,1772828997.5103245,311.1,88,0.3351,0.7475,0.0475,0.4241,64.0492,74.753,42.41,0.0,0.0,0.0,3.21,1.9,1.31,None,0.2549107074737549,17.688,True,None,sfc_unique_p3_18,0,None,68.33,64.95,528.0,75,66,6,6,0,False,90.47619047619048,8.985909090909091,4.494696969696969,8.5,0.234,0.8927,0.1871,0.1973,3291.6458642426896,2961.6458642426896,330.0,0.7873705803069617,30,26,10
0,1772828997.5763264,311.2,89,0.3396,0.7744,0.0643,0.4241,65.8128,77.4418,42.41,0.0,0.0,0.0,2.27,1.39,0.88,None,0.3242168426513672,18.575,True,None,sfc_cache_p4_18,0,None,72.33,64.95,561.0,78,68,6,6,0,False,90.52132701421802,8.961764705882352,4.5194117647058825,8.25,0.2297,0.8948,0.1839,0.2054,3310.703672631484,2970.703672631484,340.0,0.7904146156249316,30,27,11
0,1772828997.5787427,311.2,89,0.3396,0.7744,0.0643,0.4241,65.8128,77.4418,42.41,0.0,0.0,0.0,3.28,1.92,1.36,None,0.3242168426513672,16.822,True,None,sfc_unique_p4_18,0,None,72.33,64.95,561.0,78,68,6,6,0,False,90.56603773584906,8.961764705882352,4.5194117647058825,8.25,0.2297,0.8948,0.1839,0.2054,3310.703672631484,2970.703672631484,340.0,0.7904146156249316,30,27,11
0,1772828997.6449075,311.2,90,0.3427,0.8013,0.081,0.4241,67.1087,80.1305,42.41,0.0,0.0,0.0,2.27,1.39,0.88,None,0.39269351959228516,18.281,True,None,sfc_cache_p5_18,0,None,80.66,64.95,594.0,82,70,6,6,0,False,90.61032863849765,8.877142857142857,4.542714285714286,8.014285714285714,0.2255,0.8913,0.1808,0.2093,3329.7614810202786,2979.7614810202786,350.0,0.7933188954352277,30,35,5
0,1772828997.6473541,311.2,90,0.3427,0.8013,0.081,0.4241,67.1087,80.1305,42.41,0.0,0.0,0.0,3.28,1.92,1.36,None,0.39269351959228516,16.841,True,None,sfc_unique_p5_18,0,None,80.66,64.95,594.0,82,70,6,6,0,False,90.65420560747664,8.877142857142857,4.542714285714286,8.014285714285714,0.2255,0.8913,0.1808,0.2093,3329.7614810202786,2979.7614810202786,350.0,0.7933188954352277,30,35,5
0,1772828997.7110376,311.3,91,0.3492,0.8232,0.097,0.4241,69.0883,82.3153,42.41,0.0,0.0,0.0,2.77,1.79,0.99,None,0.46130943298339844,17.635,True,None,sfc_cache_p6_18,0,None,84.66,64.95,627.0,84,72,6,6,0,False,90.69767441860465,8.88513888888889,4.536944444444445,7.791666666666667,0.2234,0.8914,0.1778,0.2162,3352.016936832072,2992.016936832072,360.0,0.7960825343388982,30,39,3
0,1772828997.7135928,311.3,91,0.3492,0.8232,0.097,0.4241,69.0883,82.3153,42.41,0.0,0.0,0.0,3.81,2.15,1.66,None,0.46130943298339844,15.075,True,None,sfc_unique_p6_18,0,None,84.66,64.95,627.0,84,72,6,6,0,False,90.74074074074075,8.88513888888889,4.536944444444445,7.791666666666667,0.2234,0.8914,0.1778,0.2162,3352.016936832072,2992.016936832072,360.0,0.7960825343388982,30,39,3
0,1772829016.4068894,330.0,91,0.3552,0.8567,0.1106,0.449,70.9966,85.6743,44.9047,0.0,0.0,0.0,2.9,2.36,0.54,None,0.00042247772216796875,16.632,True,None,sfc_cache_p1_19,0,None,84.66,64.95,627.0,84,74,6,7,0,False,90.78341013824884,8.883783783783784,4.594459459459459,8.027027027027026,0.2256,0.9414,0.1715,0.2299,3401.8783654035005,3031.8783654035005,370.0,0.7905710698234184,41,32,1
0,1772829016.4093335,330.0,91,0.3552,0.8567,0.1106,0.449,70.9966,85.6743,44.9047,0.0,0.0,0.0,4.38,3.35,1.02,None,0.00042247772216796875,13.942,True,None,sfc_unique_p1_19,0,None,84.66,64.95,627.0,84,74,6,7,0,False,90.82568807339449,8.883783783783784,4.594459459459459,8.027027027027026,0.2256,0.9414,0.1715,0.2299,3401.8783654035005,3031.8783654035005,370.0,0.7905710698234184,41,32,1
0,1772829016.4711225,330.1,92,0.3634,0.8794,0.1242,0.474,73.3725,87.9422,47.3995,0.0,0.0,0.0,3.26,2.33,0.93,None,0.06538510322570801,15.94,True,None,sfc_cache_p2_19,0,None,84.66,64.95,627.0,85,76,6,7,0,False,90.8675799086758,8.939473684210526,4.591973684210527,8.25,0.226,0.9691,0.1692,0.2398,3444.904903091165,3064.904903091165,380.0,0.7863391468354114,42,33,1
0,1772829016.473549,330.1,92,0.3634,0.8794,0.1242,0.474,73.3725,87.9422,47.3995,0.0,0.0,0.0,4.38,3.35,1.02,None,0.06538510322570801,14.026,True,None,sfc_unique_p2_19,0,None,84.66,64.95,627.0,85,76,6,7,0,False,90.9090909090909,8.939473684210526,4.591973684210527,8.25,0.226,0.9691,0.1692,0.2398,3444.904903091165,3064.904903091165,380.0,0.7863391468354114,42,33,1
0,1772829016.5349436,330.1,93,0.3721,0.8987,0.1418,0.4989,75.8931,89.8725,49.8942,0.0,0.0,0.0,2.9,1.91,0.99,None,0.12969088554382324,15.468,True,None,sfc_cache_p3_19,0,None,84.66,64.95,627.0,86,78,6,7,0,False,90.9502262443439,9.009487179487179,4.572435897435897,8.461538461538462,0.2247,0.9743,0.1673,0.2483,3467.7677602340223,3077.7677602340223,390.0,0.7785405558108857,44,33,1
0,1772829016.5374694,330.1,93,0.3721,0.8987,0.1418,0.4989,75.8931,89.8725,49.8942,0.0,0.0,0.0,4.35,3.27,1.08,None,0.12969088554382324,13.463,True,None,sfc_unique_p3_19,0,None,84.66,64.95,627.0,86,78,6,7,0,False,90.990990990991,9.009487179487179,4.572435897435897,8.461538461538462,0.2247,0.9743,0.1673,0.2483,3467.7677602340223,3077.7677602340223,390.0,0.7785405558108857,44,33,1
0,1772829016.7185655,330.3,94,0.3824,0.9096,0.1557,0.5239,78.7734,90.9636,52.3889,0.0,0.0,0.0,3.75,2.75,1.0,None,0.193572998046875,15.136,True,None,sfc_cache_p4_19,0,None,84.66,64.95,627.0,87,80,6,7,0,False,91.03139013452915,9.117625,4.51225,8.6625,0.2224,0.9771,0.165,0.2549,3491.111282908531,3091.111282908531,400.0,0.7722427188813087,46,33,1
0,1772829016.72144,330.3,94,0.3824,0.9096,0.1557,0.5239,78.7734,90.9636,52.3889,0.0,0.0,0.0,5.68,4.34,1.34,None,0.193572998046875,13.275,True,None,sfc_unique_p4_19,0,None,84.66,64.95,627.0,87,80,6,7,0,False,91.07142857142857,9.117625,4.51225,8.6625,0.2224,0.9771,0.165,0.2549,3491.111282908531,3091.111282908531,400.0,0.7722427188813087,46,33,1
0,1772829016.783242,330.4,95,0.3926,0.9096,0.1756,0.5488,81.6536,90.9636,54.8836,0.0,0.0,0.0,3.65,2.55,1.09,None,0.3774726390838623,14.68,True,None,sfc_cache_p5_19,0,None,84.66,69.28,627.0,90,82,6,7,0,False,91.11111111111111,9.220487804878049,4.40219512195122,8.853658536585366,0.2204,0.9771,0.1759,0.2622,3510.431948440182,3100.431948440182,410.0,0.7667085885297014,48,34,0
0,1772829016.7860327,330.4,95,0.3926,0.9096,0.1756,0.5488,81.6536,90.9636,54.8836,0.0,0.0,0.0,5.31,3.89,1.42,None,0.3774726390838623,12.346,True,None,sfc_unique_p5_19,0,None,84.66,69.28,627.0,90,82,6,7,0,False,91.1504424778761,9.220487804878049,4.40219512195122,8.853658536585366,0.2204,0.9771,0.1759,0.2622,3510.431948440182,3100.431948440182,410.0,0.7667085885297014,48,34,0
0,1772829016.8474398,330.4,96,0.3979,0.9096,0.1955,0.5488,84.1019,90.9636,54.8836,0.0,0.0,0.0,3.8,2.45,1.35,None,0.44200968742370605,13.942,True,None,sfc_cache_p6_19,0,None,88.66,73.61,660.0,94,84,6,7,0,False,91.18942731277532,9.270833333333334,4.297380952380952,8.642857142857142,0.2177,0.9771,0.1733,0.2663,3531.2344557919855,3111.2344557919855,420.0,0.7632109836882502,50,34,0
0,1772829016.8502238,330.4,96,0.3979,0.9096,0.1955,0.5488,84.1019,90.9636,54.8836,0.0,0.0,0.0,5.31,3.89,1.42,None,0.44200968742370605,12.247,True,None,sfc_unique_p6_19,0,None,88.66,73.61,660.0,94,84,6,7,0,False,91.22807017543859,9.270833333333334,4.297380952380952,8.642857142857142,0.2177,0.9771,0.1733,0.2663,3531.2344557919855,3111.2344557919855,420.0,0.7632109836882502,50,34,0
0,1772829040.445069,354.0,96,0.3821,0.8222,0.0152,0.5488,75.6059,82.2246,54.8836,0.0,0.0,0.0,3.1,1.99,1.11,None,0.00021338462829589844,16.291,True,None,sfc_cache_p1_20,0,None,68.66,51.96,495.0,75,74,6,7,0,False,91.26637554585153,9.46054054054054,4.40945945945946,9.81081081081081,0.2347,0.9527,0.1875,0.2239,3412.372288944748,3042.372288944748,370.0,0.765677605884889,41,33,0
0,1772829040.4474833,354.0,96,0.3821,0.8222,0.0152,0.5488,75.6059,82.2246,54.8836,0.0,0.0,0.0,4.63,3.35,1.28,None,0.00021338462829589844,12.92,True,None,sfc_unique_p1_20,0,None,68.66,51.96,495.0,75,74,6,7,0,False,91.30434782608695,9.46054054054054,4.40945945945946,9.81081081081081,0.2347,0.9527,0.1875,0.2239,3412.372288944748,3042.372288944748,370.0,0.765677605884889,41,33,0
0,1772829040.5061345,354.1,97,0.3882,0.8415,0.0341,0.5738,78.1265,84.1548,57.3783,0.0,0.0,0.0,3.85,2.55,1.29,None,0.06206250190734863,13.117,True,None,sfc_cache_p2_20,0,None,68.66,51.96,495.0,76,76,6,7,0,False,91.34199134199135,9.518684210526315,4.394210526315789,9.986842105263158,0.2307,0.9534,0.1854,0.2343,3428.6608603733193,3048.6608603733193,380.0,0.7563509596870821,44,32,0
0,1772829040.5088315,354.1,97,0.3882,0.8415,0.0341,0.5738,78.1265,84.1548,57.3783,0.0,0.0,0.0,4.55,3.27,1.28,None,0.06206250190734863,15.185,True,None,sfc_unique_p2_20,0,None,68.66,51.96,495.0,76,76,6,7,0,False,91.37931034482759,9.518684210526315,4.394210526315789,9.986842105263158,0.2307,0.9534,0.1854,0.2343,3428.6608603733193,3048.6608603733193,380.0,0.7563509596870821,44,32,0
0,1772829040.5605288,354.1,98,0.3939,0.8743,0.0496,0.5987,80.0704,87.4307,59.873,0.0,0.0,0.0,5.11,3.08,2.03,None,0.12376761436462402,8.57,True,None,sfc_cache_p3_20,0,None,68.66,51.96,495.0,77,78,6,7,0,False,91.41630901287554,9.505384615384616,4.448205128205128,10.153846153846153,0.2285,0.9728,0.1842,0.244,3471.1069678743243,3081.1069678743243,390.0,0.7512310219590058,51,27,0
0,1772829040.5632007,354.1,98,0.3939,0.8743,0.0496,0.5987,80.0704,87.4307,59.873,0.0,0.0,0.0,4.22,2.68,1.54,None,0.12376761436462402,13.05,True,None,sfc_unique_p3_20,0,None,68.66,51.96,495.0,77,78,6,7,0,False,91.45299145299145,9.505384615384616,4.448205128205128,10.153846153846153,0.2285,0.9728,0.1842,0.244,3471.1069678743243,3081.1069678743243,390.0,0.7512310219590058,51,27,0
0,1772829040.6024418,354.2,99,0.3939,0.8743,0.0496,0.5987,80.0704,87.4307,59.873,0.0,0.0,0.0,None,None,None,None,0.17800045013427734,8.548,False,None,sfc_cache_p4_20,0,None,68.66,51.96,495.0,77,78,6,7,0,False,91.06382978723404,9.505384615384616,4.448205128205128,10.153846153846153,0.2285,0.9728,0.1842,0.244,3471.1069678743243,3081.1069678743243,390.0,0.7512310219590058,51,27,0
0,1772829040.6038978,354.2,99,0.3939,0.8743,0.0496,0.5987,80.0704,87.4307,59.873,0.0,0.0,0.0,4.22,2.68,1.54,None,0.17800045013427734,8.049,False,None,sfc_unique_p4_20,0,None,68.66,51.96,495.0,77,78,6,7,0,False,90.67796610169492,9.505384615384616,4.448205128205128,10.153846153846153,0.2285,0.9728,0.1842,0.244,3471.1069678743243,3081.1069678743243,390.0,0.7512310219590058,51,27,0
0,1772829040.6415164,354.2,100,0.3939,0.8743,0.0496,0.5987,80.0704,87.4307,59.873,0.0,0.0,0.0,None,None,None,None,0.21753764152526855,8.282,False,None,sfc_cache_p5_20,0,None,68.66,51.96,495.0,77,78,6,7,0,False,90.29535864978902,9.505384615384616,4.448205128205128,10.153846153846153,0.2285,0.9728,0.1842,0.244,3471.1069678743243,3081.1069678743243,390.0,0.7512310219590058,51,27,0
0,1772829040.6430047,354.2,100,0.3939,0.8743,0.0496,0.5987,80.0704,87.4307,59.873,0.0,0.0,0.0,4.22,2.68,1.54,None,0.21753764152526855,8.046,False,None,sfc_unique_p5_20,0,None,68.66,51.96,495.0,77,78,6,7,0,False,89.91596638655463,9.505384615384616,4.448205128205128,10.153846153846153,0.2285,0.9728,0.1842,0.244,3471.1069678743243,3081.1069678743243,390.0,0.7512310219590058,51,27,0
0,1772829040.7536185,354.3,101,0.3939,0.8743,0.0496,0.5987,80.0704,87.4307,59.873,0.0,0.0,0.0,None,None,None,None,0.2567117214202881,8.486,False,None,sfc_cache_p6_20,0,None,68.66,51.96,495.0,77,78,6,7,0,False,89.5397489539749,9.505384615384616,4.448205128205128,10.153846153846153,0.2285,0.9728,0.1842,0.244,3471.1069678743243,3081.1069678743243,390.0,0.7512310219590058,51,27,0
0,1772829040.7550027,354.3,101,0.3939,0.8743,0.0496,0.5987,80.0704,87.4307,59.873,0.0,0.0,0.0,4.22,2.68,1.54,None,0.2567117214202881,7.784,False,None,sfc_unique_p6_20,0,None,68.66,51.96,495.0,77,78,6,7,0,False,89.16666666666667,9.505384615384616,4.448205128205128,10.153846153846153,0.2285,0.9728,0.1842,0.244,3471.1069678743243,3081.1069678743243,390.0,0.7512310219590058,51,27,0
0,1772829065.4873576,379.1,101,0.369,0.7819,0.0137,0.5488,69.5214,78.1927,54.8836,0.0,0.0,0.0,3.53,2.13,1.39,None,0.0004305839538574219,16.728,True,None,sfc_cache_p1_21,0,None,56.66,43.3,396.0,67,68,6,7,0,False,89.21161825726142,9.466764705882353,4.563235294117647,10.676470588235293,0.203,0.7222,0.1964,0.2147,3304.8625117231,2964.8625117231,340.0,0.8045970329845228,37,31,0
0,1772829065.4898033,379.1,101,0.369,0.7819,0.0137,0.5488,69.5214,78.1927,54.8836,0.0,0.0,0.0,4.74,3.28,1.46,None,0.0004305839538574219,19.992,True,None,sfc_unique_p1_21,0,None,56.66,43.3,396.0,67,68,6,7,0,False,89.25619834710744,9.466764705882353,4.563235294117647,10.676470588235293,0.203,0.7222,0.1964,0.2147,3304.8625117231,2964.8625117231,340.0,0.8045970329845228,37,31,0
0,1772829065.557587,379.1,102,0.3739,0.8038,0.0332,0.5738,71.4653,80.3775,57.3783,0.0,0.0,0.0,3.33,1.85,1.48,None,0.07273483276367188,15.733,True,None,sfc_cache_p2_21,0,None,56.66,47.63,396.0,69,70,6,7,0,False,89.30041152263375,9.45342857142857,4.556714285714286,10.842857142857143,0.1998,0.7313,0.1948,0.2248,3341.1339867269694,2991.1339867269694,350.0,0.8037587241157198,39,31,0
0,1772829065.5599139,379.1,102,0.3739,0.8038,0.0332,0.5738,71.4653,80.3775,57.3783,0.0,0.0,0.0,4.86,3.04,1.83,None,0.07273483276367188,19.165,True,None,sfc_unique_p2_21,0,None,56.66,47.63,396.0,69,70,6,7,0,False,89.34426229508196,9.45342857142857,4.556714285714286,10.842857142857143,0.1998,0.7313,0.1948,0.2248,3341.1339867269694,2991.1339867269694,350.0,0.8037587241157198,39,31,0
0,1772829065.626715,379.2,103,0.3787,0.8365,0.0498,0.5987,73.4092,83.6534,59.873,0.0,0.0,0.0,4.67,3.03,1.63,None,0.14283418655395508,15.691,True,None,sfc_cache_p3_21,0,None,56.66,47.63,396.0,70,72,6,7,0,False,89.38775510204081,9.440833333333334,4.610694444444444,11.0,0.1963,0.7436,0.1934,0.2346,3365.856555988694,3005.856555988694,360.0,0.7997865603650053,41,31,0
0,1772829065.6291401,379.2,103,0.3787,0.8365,0.0498,0.5987,73.4092,83.6534,59.873,0.0,0.0,0.0,4.86,3.04,1.83,None,0.14283418655395508,17.927,True,None,sfc_unique_p3_21,0,None,56.66,47.63,396.0,70,72,6,7,0,False,89.43089430894308,9.440833333333334,4.610694444444444,11.0,0.1963,0.7436,0.1934,0.2346,3365.856555988694,3005.856555988694,360.0,0.7997865603650053,41,31,0
0,1772829065.6954482,379.3,104,0.3787,0.8365,0.0498,0.5987,73.4092,83.6534,59.873,0.0,0.0,0.0,None,None,None,None,0.2121140956878662,16.106,False,None,sfc_cache_p4_21,0,None,56.66,47.63,396.0,70,72,6,7,0,False,89.06882591093117,9.440833333333334,4.610694444444444,11.0,0.1963,0.7436,0.1934,0.2346,3365.856555988694,3005.856555988694,360.0,0.7997865603650053,41,31,0
0,1772829065.697922,379.3,104,0.3787,0.8365,0.0498,0.5987,73.4092,83.6534,59.873,0.0,0.0,0.0,5.8,3.89,1.91,None,0.2121140956878662,17.093,False,None,sfc_unique_p4_21,0,None,56.66,47.63,396.0,70,72,6,7,0,False,88.70967741935483,9.440833333333334,4.610694444444444,11.0,0.1963,0.7436,0.1934,0.2346,3365.856555988694,3005.856555988694,360.0,0.7997865603650053,41,31,0
0,1772829065.764761,379.4,105,0.3787,0.8365,0.0498,0.5987,73.4092,83.6534,59.873,0.0,0.0,0.0,None,None,None,None,0.2808859348297119,16.406,False,None,sfc_cache_p5_21,0,None,56.66,47.63,396.0,70,72,6,7,0,False,88.35341365461848,9.440833333333334,4.610694444444444,11.0,0.1963,0.7436,0.1934,0.2346,3365.856555988694,3005.856555988694,360.0,0.7997865603650053,41,31,0
0,1772829065.7671595,379.4,105,0.3787,0.8365,0.0498,0.5987,73.4092,83.6534,59.873,0.0,0.0,0.0,5.8,3.89,1.91,None,0.2808859348297119,17.1,False,None,sfc_unique_p5_21,0,None,56.66,47.63,396.0,70,72,6,7,0,False,88.0,9.440833333333334,4.610694444444444,11.0,0.1963,0.7436,0.1934,0.2346,3365.856555988694,3005.856555988694,360.0,0.7997865603650053,41,31,0
0,1772829065.8349848,379.4,106,0.3787,0.8365,0.0498,0.5987,73.4092,83.6534,59.873,0.0,0.0,0.0,None,None,None,None,0.3501551151275635,16.197,False,None,sfc_cache_p6_21,0,None,56.66,47.63,396.0,70,72,6,7,0,False,87.64940239043824,9.440833333333334,4.610694444444444,11.0,0.1963,0.7436,0.1934,0.2346,3365.856555988694,3005.856555988694,360.0,0.7997865603650053,41,31,0
0,1772829065.8376951,379.4,106,0.3787,0.8365,0.0498,0.5987,73.4092,83.6534,59.873,0.0,0.0,0.0,5.8,3.89,1.91,None,0.3501551151275635,17.997,False,None,sfc_unique_p6_21,0,None,56.66,47.63,396.0,70,72,6,7,0,False,87.3015873015873,9.440833333333334,4.610694444444444,11.0,0.1963,0.7436,0.1934,0.2346,3365.856555988694,3005.856555988694,360.0,0.7997865603650053,41,31,0
0,1772829066.4078586,380.0,106,0.2794,0.7206,0.0132,0.3992,52.418,66.6087,43.1796,0.0,0.0,0.0,2.92,2.12,0.8,None,0.0001862049102783203,19.216,True,None,sfc_cache_p4_19,0,None,52.66,34.64,363.0,54,54,6,6,0,True,87.35177865612648,8.988333333333333,4.895,9.777777777777779,0.1689,0.6493,0.1854,0.1604,3032.098841925237,2672.098841925237,360.0,0.8540859714769747,14,14,26
0,1772829066.4099092,380.0,106,0.2794,0.7206,0.0132,0.3992,52.418,66.6087,43.1796,0.0,0.0,0.0,4.24,3.01,1.23,None,0.0001862049102783203,20.826,True,None,sfc_unique_p4_19,0,None,52.66,34.64,363.0,54,54,6,6,0,True,87.4015748031496,8.988333333333333,4.895,9.777777777777779,0.1689,0.6493,0.1854,0.1604,3032.098841925237,2672.098841925237,360.0,0.8540859714769747,14,14,26
0,1772829066.4803648,380.1,106,0.2912,0.7442,0.0289,0.4241,54.8296,68.7935,45.8783,0.0,0.0,0.0,3.56,2.33,1.23,None,0.07297611236572266,18.77,True,None,sfc_cache_p3_20,0,None,52.66,34.64,363.0,54,56,6,7,0,True,87.45098039215686,9.066071428571428,4.875,10.017857142857142,0.1694,0.6473,0.1839,0.1854,3038.4118081843303,2678.4118081843303,360.0,0.8542732607874767,14,42,0
0,1772829066.4824576,380.1,106,0.2912,0.7442,0.0289,0.4241,54.8296,68.7935,45.8783,0.0,0.0,0.0,3.51,1.89,1.62,None,0.07297611236572266,20.25,True,None,sfc_unique_p3_20,0,None,52.66,34.64,363.0,54,56,6,7,0,True,87.5,9.066071428571428,4.875,10.017857142857142,0.1694,0.6473,0.1839,0.1854,3038.4118081843303,2678.4118081843303,360.0,0.8542732607874767,14,42,0
0,1772829066.6747181,380.3,106,0.3065,0.7442,0.0451,0.449,57.7098,68.7935,48.577,0.0,0.0,0.0,2.9,1.91,0.99,None,0.14586448669433594,17.821,True,None,sfc_cache_p3_19,0,None,52.66,38.97,363.0,56,58,6,7,0,True,87.54863813229572,9.213275862068965,4.706896551724138,10.241379310344827,0.1686,0.6473,0.1832,0.2079,3040.6990818261816,2680.6990818261816,360.0,0.853581572479932,16,42,0
0,1772829066.6768298,380.3,106,0.3065,0.7442,0.0451,0.449,57.7098,68.7935,48.577,0.0,0.0,0.0,4.02,2.71,1.32,None,0.14586448669433594,19.601,True,None,sfc_unique_p3_19,0,None,52.66,38.97,363.0,56,58,6,7,0,True,87.59689922480621,9.213275862068965,4.706896551724138,10.241379310344827,0.1686,0.6473,0.1832,0.2079,3040.6990818261816,2680.6990818261816,360.0,0.853581572479932,16,42,0
0,1772829066.7464564,380.3,106,0.3195,0.756,0.0587,0.474,60.5901,69.8846,51.2758,0.0,0.0,0.0,3.75,2.75,1.0,None,0.3403890132904053,17.985,True,None,sfc_cache_p2_19,0,None,52.66,38.97,363.0,57,60,6,7,0,True,87.64478764478764,9.350666666666665,4.622166666666667,10.45,0.1675,0.6499,0.1809,0.2153,3042.488367540467,2682.488367540467,360.0,0.8479385687759426,18,42,0
0,1772829066.7485833,380.3,106,0.3195,0.756,0.0587,0.474,60.5901,69.8846,51.2758,0.0,0.0,0.0,4.02,2.71,1.32,None,0.3403890132904053,19.579,True,None,sfc_unique_p2_19,0,None,52.66,38.97,363.0,57,60,6,7,0,True,87.6923076923077,9.350666666666665,4.622166666666667,10.45,0.1675,0.6499,0.1809,0.2153,3042.488367540467,2682.488367540467,360.0,0.8479385687759426,18,42,0
0,1772829066.8167002,380.4,106,0.3311,0.7851,0.0741,0.4989,62.7856,72.5733,53.9745,0.0,0.0,0.0,3.55,2.15,1.39,None,0.4124031066894531,16.873,True,None,sfc_cache_p1_21,0,None,52.66,38.97,363.0,58,62,6,7,0,True,87.73946360153256,9.376935483870968,4.645161290322581,10.64516129032258,0.1717,0.691,0.1818,0.229,3076.218001498059,2716.218001498059,360.0,0.840422606431339,22,40,0
0,1772829066.818887,380.4,106,0.3311,0.7851,0.0741,0.4989,62.7856,72.5733,53.9745,0.0,0.0,0.0,5.29,3.65,1.64,None,0.4124031066894531,18.061,True,None,sfc_unique_p1_21,0,None,52.66,38.97,363.0,58,62,6,7,0,True,87.78625954198473,9.376935483870968,4.645161290322581,10.64516129032258,0.1717,0.691,0.1818,0.229,3076.218001498059,2716.218001498059,360.0,0.840422606431339,22,40,0
0,1772829066.886994,380.5,106,0.3411,0.8214,0.0938,0.5239,64.6939,75.9324,56.6732,0.0,0.0,0.0,3.96,2.45,1.51,None,0.4829132556915283,16.582,True,None,sfc_cache_p6_16,0,None,52.66,38.97,363.0,60,64,6,7,0,True,87.83269961977186,9.36,4.70828125,10.828125,0.1854,0.7886,0.1821,0.2419,3117.6341662187374,2757.6341662187374,360.0,0.8313316496651895,30,34,0
0,1772829066.8893538,380.5,106,0.3411,0.8214,0.0938,0.5239,64.6939,75.9324,56.6732,0.0,0.0,0.0,7.02,5.69,1.33,None,0.4829132556915283,17.557,True,None,sfc_unique_p6_16,0,None,52.66,38.97,363.0,60,64,6,7,0,True,87.87878787878788,9.36,4.70828125,10.828125,0.1854,0.7886,0.1821,0.2419,3117.6341662187374,2757.6341662187374,360.0,0.8313316496651895,30,34,0
0,1772829066.9569013,380.5,106,0.3487,0.8578,0.1095,0.5488,66.6022,79.2914,59.3719,0.0,0.0,0.0,4.9,3.08,1.82,None,0.5536293983459473,16.221,True,None,sfc_cache_p5_19,0,None,52.66,38.97,363.0,60,66,6,7,0,True,87.9245283018868,9.344090909090909,4.767575757575758,11.0,0.1874,0.8043,0.1835,0.2434,3134.7034837491497,2774.7034837491497,360.0,0.8222383892191536,32,34,0
0,1772829066.959311,380.5,106,0.3487,0.8578,0.1095,0.5488,66.6022,79.2914,59.3719,0.0,0.0,0.0,4.49,3.08,1.42,None,0.5536293983459473,16.407,True,None,sfc_unique_p5_19,0,None,52.66,38.97,363.0,60,66,6,7,0,True,87.96992481203007,9.344090909090909,4.767575757575758,11.0,0.1874,0.8043,0.1835,0.2434,3134.7034837491497,2774.7034837491497,360.0,0.8222383892191536,32,34,0
0,1772829067.0269985,380.6,106,0.355,0.8578,0.1095,0.5488,66.6022,79.2914,59.3719,0.0,0.0,0.0,None,None,None,None,0.6238231658935547,15.685,False,None,sfc_cache_p2_20,0,None,52.66,38.97,363.0,60,66,6,7,0,True,87.64044943820225,9.344090909090909,4.767575757575758,11.0,0.1914,0.8043,0.1868,0.2434,3124.7034837491497,2774.7034837491497,350.0,0.8222383892191536,32,34,0
0,1772829067.0294616,380.6,106,0.355,0.8578,0.1095,0.5488,66.6022,79.2914,59.3719,0.0,0.0,0.0,5.61,3.89,1.73,None,0.6238231658935547,15.804,False,None,sfc_unique_p2_20,0,None,52.66,38.97,363.0,60,66,6,7,0,True,87.31343283582089,9.344090909090909,4.767575757575758,11.0,0.1914,0.8043,0.1868,0.2434,3124.7034837491497,2774.7034837491497,350.0,0.8222383892191536,32,34,0
0,1772829067.0969791,380.7,106,0.3615,0.8578,0.1095,0.5488,66.6022,79.2914,59.3719,0.0,0.0,0.0,None,None,None,None,0.6942479610443115,16.107,False,None,sfc_cache_p1_20,0,None,52.66,38.97,363.0,60,66,6,7,0,True,86.98884758364312,9.344090909090909,4.767575757575758,11.0,0.1957,0.8043,0.1901,0.2434,3114.7034837491497,2774.7034837491497,340.0,0.8222383892191536,32,34,0
0,1772829067.099388,380.7,106,0.3615,0.8578,0.1095,0.5488,66.6022,79.2914,59.3719,0.0,0.0,0.0,5.61,3.89,1.73,None,0.6942479610443115,15.94,False,None,sfc_unique_p1_20,0,None,52.66,38.97,363.0,60,66,6,7,0,True,86.66666666666667,9.344090909090909,4.767575757575758,11.0,0.1957,0.8043,0.1901,0.2434,3114.7034837491497,2774.7034837491497,340.0,0.8222383892191536,32,34,0
0,1772829067.1705136,380.8,106,0.3655,0.8578,0.1095,0.5488,66.6022,79.2914,59.3719,0.0,0.0,0.0,None,None,None,None,0.7643594741821289,16.163,False,None,sfc_cache_p1_19,0,None,52.66,38.97,363.0,60,66,6,7,0,True,86.34686346863468,9.344090909090909,4.767575757575758,11.0,0.2001,0.8043,0.1935,0.2434,3104.7034837491497,2774.7034837491497,330.0,0.8222383892191536,32,34,0
0,1772829067.1730134,380.8,106,0.3655,0.8578,0.1095,0.5488,66.6022,79.2914,59.3719,0.0,0.0,0.0,5.31,3.89,1.42,None,0.7643594741821289,16.24,False,None,sfc_unique_p1_19,0,None,52.66,38.97,363.0,60,66,6,7,0,True,86.02941176470588,9.344090909090909,4.767575757575758,11.0,0.2001,0.8043,0.1935,0.2434,3104.7034837491497,2774.7034837491497,330.0,0.8222383892191536,32,34,0
0,1772829092.5900471,406.2,106,0.2758,0.4939,0.0179,0.2994,43.9576,49.3902,29.9365,0.0,0.0,0.0,1.26,0.56,0.7,None,0.00020194053649902344,22.32,True,None,sfc_cache_p1_22,0,None,44.33,34.64,330.0,44,44,6,6,0,False,86.08058608058609,9.250681818181818,4.454545454545454,9.0,0.2157,0.5718,0.1454,0.1608,2912.922566940102,2692.922566940102,220.0,0.8234515532804491,23,4,17
0,1772829092.5919032,406.2,106,0.2758,0.4939,0.0179,0.2994,43.9576,49.3902,29.9365,0.0,0.0,0.0,2.15,1.02,1.14,None,0.00020194053649902344,23.874,True,None,sfc_unique_p1_22,0,None,44.33,34.64,330.0,44,44,6,6,0,False,86.13138686131386,9.250681818181818,4.454545454545454,9.0,0.2157,0.5718,0.1454,0.1608,2912.922566940102,2692.922566940102,220.0,0.8234515532804491,23,4,17
0,1772829092.6696258,406.3,107,0.276,0.5493,0.034,0.3243,44.9296,54.934,32.4312,0.0,0.0,0.0,2.13,1.42,0.71,None,0.1483170986175537,21.88,True,None,sfc_cache_p2_22,0,None,44.33,34.64,330.0,45,46,6,6,0,False,86.18181818181819,9.044130434782607,4.739130434782608,9.326086956521738,0.2109,0.5889,0.1493,0.1747,2966.867389722953,2736.867389722953,230.0,0.8273168329991623,23,4,19
0,1772829092.671499,406.3,107,0.276,0.5493,0.034,0.3243,44.9296,54.934,32.4312,0.0,0.0,0.0,2.15,1.02,1.14,None,0.1483170986175537,23.844,True,None,sfc_unique_p2_22,0,None,44.33,34.64,330.0,45,46,6,6,0,False,86.23188405797102,9.044130434782607,4.739130434782608,9.326086956521738,0.2109,0.5889,0.1493,0.1747,2966.867389722953,2736.867389722953,230.0,0.8273168329991623,23,4,19
0,1772829092.7495396,406.3,108,0.2737,0.5939,0.0501,0.3243,45.4696,59.3867,32.4312,0.0,0.0,0.0,2.13,1.42,0.71,None,0.22792816162109375,21.698,True,None,sfc_cache_p3_22,0,None,48.33,38.97,363.0,49,48,6,6,0,False,86.28158844765343,8.771458333333333,4.909791666666666,8.9375,0.206,0.5875,0.1462,0.1847,2982.0910393127997,2742.0910393127997,240.0,0.8310176045086237,23,4,21
0,1772829092.7514586,406.3,108,0.2737,0.5939,0.0501,0.3243,45.4696,59.3867,32.4312,0.0,0.0,0.0,2.15,1.02,1.14,None,0.22792816162109375,24.135,True,None,sfc_unique_p3_22,0,None,48.33,38.97,363.0,49,48,6,6,0,False,86.33093525179856,8.771458333333333,4.909791666666666,8.9375,0.206,0.5875,0.1462,0.1847,2982.0910393127997,2742.0910393127997,240.0,0.8310176045086237,23,4,21
0,1772829092.8283637,406.4,109,0.2771,0.6157,0.0642,0.3243,46.9815,61.5714,32.4312,0.0,0.0,0.0,2.13,1.42,0.71,None,0.3078787326812744,21.803,True,None,sfc_cache_p4_22,0,None,52.33,43.3,396.0,53,50,6,6,0,False,86.37992831541219,8.7006,4.8868,8.58,0.201,0.5986,0.1432,0.1896,3027.852144404891,2777.852144404891,250.0,0.8341478285157344,23,4,23
0,1772829092.8303444,406.4,109,0.2771,0.6157,0.0642,0.3243,46.9815,61.5714,32.4312,0.0,0.0,0.0,3.03,1.89,1.14,None,0.3078787326812744,22.478,True,None,sfc_unique_p4_22,0,None,52.33,43.3,396.0,53,50,6,6,0,False,86.42857142857143,8.7006,4.8868,8.58,0.201,0.5986,0.1432,0.1896,3027.852144404891,2777.852144404891,250.0,0.8341478285157344,23,4,23
0,1772829092.9078274,406.5,110,0.2805,0.6376,0.0782,0.3243,48.4935,63.7562,32.4312,0.0,0.0,0.0,2.13,1.42,0.71,None,0.3868086338043213,21.778,True,None,sfc_cache_p5_22,0,None,56.33,47.63,429.0,57,52,6,6,0,False,86.47686832740213,8.635192307692307,4.865576923076923,8.25,0.1957,0.604,0.1403,0.1896,3050.3471142238045,2790.3471142238045,260.0,0.8366787062198383,23,4,25
0,1772829092.909865,406.5,110,0.2805,0.6376,0.0782,0.3243,48.4935,63.7562,32.4312,0.0,0.0,0.0,3.03,1.89,1.14,None,0.3868086338043213,22.979,True,None,sfc_unique_p5_22,0,None,56.33,47.63,429.0,57,52,6,6,0,False,86.52482269503547,8.635192307692307,4.865576923076923,8.25,0.1957,0.604,0.1403,0.1896,3050.3471142238045,2790.3471142238045,260.0,0.8366787062198383,23,4,25
0,1772829092.9868731,406.6,111,0.2837,0.6594,0.0922,0.3243,50.0054,65.9409,32.4312,0.0,0.0,0.0,2.13,1.42,0.71,None,0.4662952423095703,21.648,True,None,sfc_cache_p6_22,0,None,60.33,51.96,462.0,61,54,6,6,0,False,86.57243816254417,8.574629629629628,4.845925925925926,7.944444444444445,0.1901,0.6042,0.1376,0.1861,3065.570763813651,2795.570763813651,270.0,0.8386785750314891,24,3,27
0,1772829092.9889598,406.6,111,0.2837,0.6594,0.0922,0.3243,50.0054,65.9409,32.4312,0.0,0.0,0.0,3.03,1.89,1.14,None,0.4662952423095703,22.205,True,None,sfc_unique_p6_22,0,None,60.33,51.96,462.0,61,54,6,6,0,False,86.61971830985915,8.574629629629628,4.845925925925926,7.944444444444445,0.1901,0.6042,0.1376,0.1861,3065.570763813651,2795.570763813651,270.0,0.8386785750314891,24,3,27
0,1772829109.6164672,423.2,111,0.2516,0.593,0.0131,0.3243,40.6087,59.3035,32.4312,0.0,0.0,0.0,3.4,2.37,1.03,None,0.00019502639770507812,15.129,True,None,sfc_cache_p1_23,0,None,40.33,30.31000000000001,297.0,42,44,6,6,0,False,86.66666666666667,8.54590909090909,5.348636363636364,9.75,0.2058,0.5843,0.1771,0.1715,2937.820930324144,2717.820930324144,220.0,0.9011670117296485,12,6,26
0,1772829109.6175952,423.2,111,0.2516,0.593,0.0131,0.3243,40.6087,59.3035,32.4312,0.0,0.0,0.0,6.59,5.17,1.42,None,0.00019502639770507812,16.197,True,None,sfc_unique_p1_23,0,None,40.33,30.31000000000001,297.0,42,44,6,6,0,False,86.7132867132867,8.54590909090909,5.348636363636364,9.75,0.2058,0.5843,0.1771,0.1715,2937.820930324144,2717.820930324144,220.0,0.9011670117296485,12,6,26
0,1772829109.7437367,423.3,112,0.2566,0.6149,0.0262,0.3243,42.1206,61.4883,32.4312,0.0,0.0,0.0,3.4,2.37,1.03,None,0.05640435218811035,14.76,True,None,sfc_cache_p2_23,0,None,44.33,34.64,330.0,46,46,6,6,0,False,86.7595818815331,8.478695652173913,5.304565217391304,9.326086956521738,0.212,0.6231,0.1733,0.1783,2981.9245017527155,2751.9245017527155,230.0,0.8961135083543786,14,6,26
0,1772829109.7447863,423.3,112,0.2566,0.6149,0.0262,0.3243,42.1206,61.4883,32.4312,0.0,0.0,0.0,4.76,3.3,1.46,None,0.05640435218811035,14.9,True,None,sfc_unique_p2_23,0,None,44.33,34.64,330.0,46,46,6,6,0,False,86.80555555555556,8.478695652173913,5.304565217391304,9.326086956521738,0.212,0.6231,0.1733,0.1783,2981.9245017527155,2751.9245017527155,230.0,0.8961135083543786,14,6,26
0,1772829109.792923,423.4,113,0.2605,0.6367,0.0394,0.3243,43.6326,63.673,32.4312,0.0,0.0,0.0,3.4,2.37,1.03,None,0.18333888053894043,13.006,True,None,sfc_cache_p3_23,0,None,48.33,38.97,363.0,50,48,6,6,0,False,86.85121107266436,8.417083333333332,5.264166666666667,8.9375,0.2133,0.6394,0.1697,0.1812,3019.853073181287,2779.853073181287,240.0,0.8892177446961996,18,4,26
0,1772829109.794036,423.4,113,0.2605,0.6367,0.0394,0.3243,43.6326,63.673,32.4312,0.0,0.0,0.0,4.76,3.3,1.46,None,0.18333888053894043,14.889,True,None,sfc_unique_p3_23,0,None,48.33,38.97,363.0,50,48,6,6,0,False,86.89655172413792,8.417083333333332,5.264166666666667,8.9375,0.2133,0.6394,0.1697,0.1812,3019.853073181287,2779.853073181287,240.0,0.8892177446961996,18,4,26
0,1772829109.863007,423.4,114,0.2718,0.6367,0.0526,0.3243,46.0808,63.673,32.4312,0.0,0.0,0.0,3.4,2.37,1.03,None,0.23258686065673828,19.804,True,None,sfc_cache_p4_23,0,None,52.33,43.3,396.0,54,50,6,6,0,False,86.94158075601375,8.5338,5.0536,8.58,0.2118,0.6394,0.1663,0.1796,3049.57021603843,2799.57021603843,250.0,0.8791008470817593,21,3,26
0,1772829109.864938,423.5,114,0.2718,0.6367,0.0526,0.3243,46.0808,63.673,32.4312,0.0,0.0,0.0,6.48,4.91,1.56,None,0.23258686065673828,24.156,True,None,sfc_unique_p4_23,0,None,52.33,43.3,396.0,54,50,6,6,0,False,86.98630136986301,8.5338,5.0536,8.58,0.2118,0.6394,0.1663,0.1796,3049.57021603843,2799.57021603843,250.0,0.8791008470817593,21,3,26
0,1772829109.9480515,423.5,115,0.2829,0.6367,0.0657,0.3243,48.5291,63.673,32.4312,0.0,0.0,0.0,3.4,2.37,1.03,None,0.30429553985595703,22.653,True,None,sfc_cache_p5_23,0,None,56.33,47.63,429.0,58,52,6,6,0,False,87.03071672354949,8.641538461538461,4.859230769230769,8.25,0.2058,0.6394,0.1629,0.1733,3077.564501752716,2817.564501752716,260.0,0.8682460850258532,23,3,26
0,1772829109.950052,423.5,115,0.2829,0.6367,0.0657,0.3243,48.5291,63.673,32.4312,0.0,0.0,0.0,6.48,4.91,1.56,None,0.30429553985595703,25.304,True,None,sfc_unique_p5_23,0,None,56.33,47.63,429.0,58,52,6,6,0,False,87.07482993197279,8.641538461538461,4.859230769230769,8.25,0.2058,0.6394,0.1629,0.1733,3077.564501752716,2817.564501752716,260.0,0.8682460850258532,23,3,26
0,1772829110.0314677,423.6,116,0.2937,0.6367,0.0789,0.3243,50.9774,63.673,32.4312,0.0,0.0,0.0,3.4,2.37,1.03,None,0.3895080089569092,22.898,True,None,sfc_cache_p6_23,0,None,60.33,51.96,462.0,62,54,6,6,0,False,87.11864406779661,8.741296296296296,4.6792592592592595,7.944444444444445,0.1972,0.6394,0.1597,0.1648,3093.278787467001,2823.278787467001,270.0,0.8567800513471859,25,3,26
0,1772829110.0336068,423.6,116,0.2937,0.6367,0.0789,0.3243,50.9774,63.673,32.4312,0.0,0.0,0.0,6.48,4.91,1.56,None,0.3895080089569092,23.863,True,None,sfc_unique_p6_23,0,None,60.33,51.96,462.0,62,54,6,6,0,False,87.16216216216216,8.741296296296296,4.6792592592592595,7.944444444444445,0.1972,0.6394,0.1597,0.1648,3093.278787467001,2823.278787467001,270.0,0.8567800513471859,25,3,26
0,1772829125.6819756,439.3,116,0.2539,0.5544,0.0158,0.3243,41.329,55.4405,32.4312,0.0,0.0,0.0,3.04,2.24,0.8,None,0.0001804828643798828,22.268,True,None,sfc_cache_p1_24,0,None,36.0,43.300000000000004,297.0,45,44,6,6,0,False,87.20538720538721,8.6975,5.0002272727272725,9.75,0.2471,0.7756,0.1923,0.1244,2961.9885640641783,2741.9885640641783,220.0,0.8347667017328173,27,2,15
0,1772829125.6837432,439.3,116,0.2539,0.5544,0.0158,0.3243,41.329,55.4405,32.4312,0.0,0.0,0.0,9.96,8.74,1.22,None,0.0001804828643798828,25.163,True,None,sfc_unique_p1_24,0,None,36.0,43.300000000000004,297.0,45,44,6,6,0,False,87.24832214765101,8.6975,5.0002272727272725,9.75,0.2471,0.7756,0.1923,0.1244,2961.9885640641783,2741.9885640641783,220.0,0.8347667017328173,27,2,15
0,1772829125.7357416,439.3,117,0.2615,0.5763,0.0302,0.3493,43.2729,57.6252,34.9259,0.0,0.0,0.0,3.89,3.09,0.8,None,0.08193802833557129,13.156,True,None,sfc_cache_p2_24,0,None,36.0,47.63,297.0,48,46,6,6,0,False,87.29096989966555,8.710652173913044,4.971304347826087,10.043478260869565,0.2485,0.7661,0.1868,0.1391,2990.2183331341294,2760.2183331341294,230.0,0.8320497865869438,29,2,15
0,1772829125.736908,439.3,117,0.2615,0.5763,0.0302,0.3493,43.2729,57.6252,34.9259,0.0,0.0,0.0,6.76,5.52,1.23,None,0.08193802833557129,14.711,True,None,sfc_unique_p2_24,0,None,36.0,47.63,297.0,48,46,6,6,0,False,87.33333333333333,8.710652173913044,4.971304347826087,10.043478260869565,0.2485,0.7661,0.1868,0.1391,2990.2183331341294,2760.2183331341294,230.0,0.8320497865869438,29,2,15
0,1772829125.788585,439.4,118,0.2712,0.5846,0.0445,0.3742,45.7936,58.4644,37.4206,0.0,0.0,0.0,3.87,3.01,0.86,None,0.13515758514404297,12.815,True,None,sfc_cache_p3_24,0,None,36.0,51.96,297.0,50,48,6,6,0,False,87.37541528239203,8.833958333333333,4.833541666666666,10.3125,0.2482,0.7614,0.1894,0.1533,3023.860281604528,2783.860281604528,240.0,0.823261579877617,31,2,15
0,1772829125.7896554,439.4,118,0.2712,0.5846,0.0445,0.3742,45.7936,58.4644,37.4206,0.0,0.0,0.0,6.89,5.66,1.23,None,0.13515758514404297,14.332,True,None,sfc_unique_p3_24,0,None,36.0,51.96,297.0,50,48,6,6,0,False,87.41721854304636,8.833958333333333,4.833541666666666,10.3125,0.2482,0.7614,0.1894,0.1533,3023.860281604528,2783.860281604528,240.0,0.823261579877617,31,2,15
0,1772829125.9183576,439.5,119,0.2801,0.5846,0.0577,0.3742,48.2418,58.4644,37.4206,0.0,0.0,0.0,3.87,3.01,0.86,None,0.18712329864501953,13.347,True,None,sfc_cache_p4_24,0,None,40.0,56.29,330.0,54,50,6,6,0,False,87.45874587458746,8.934,4.6402,9.9,0.2409,0.7614,0.1855,0.166,3041.5352585477826,2791.5352585477826,250.0,0.8139230685497069,33,2,15
0,1772829125.9194732,439.5,119,0.2801,0.5846,0.0577,0.3742,48.2418,58.4644,37.4206,0.0,0.0,0.0,10.71,9.48,1.23,None,0.18712329864501953,13.933,True,None,sfc_unique_p4_24,0,None,40.0,56.29,330.0,54,50,6,6,0,False,87.5,8.934,4.6402,9.9,0.2409,0.7614,0.1855,0.166,3041.5352585477826,2791.5352585477826,250.0,0.8139230685497069,33,2,15
0,1772829125.9650047,439.6,120,0.2842,0.6073,0.0732,0.3742,49.7181,60.7323,37.4206,0.0,0.0,0.0,3.87,3.01,0.86,None,0.3169410228729248,11.91,True,None,sfc_cache_p5_24,0,None,44.0,60.62,363.0,58,52,6,6,0,False,87.54098360655738,8.85326923076923,4.634807692307692,9.51923076923077,0.2377,0.7661,0.1818,0.175,3076.5767951023345,2816.5767951023345,260.0,0.8133650691371387,34,2,16
0,1772829125.96613,439.6,120,0.2842,0.6073,0.0732,0.3742,49.7181,60.7323,37.4206,0.0,0.0,0.0,3.19,1.95,1.24,None,0.3169410228729248,13.42,True,None,sfc_unique_p5_24,0,None,44.0,60.62,363.0,58,52,6,6,0,False,87.58169934640523,8.85326923076923,4.634807692307692,9.51923076923077,0.2377,0.7661,0.1818,0.175,3076.5767951023345,2816.5767951023345,260.0,0.8133650691371387,34,2,16
0,1772829126.026548,439.6,121,0.2871,0.63,0.0888,0.3742,51.1944,63.0002,37.4206,0.0,0.0,0.0,3.87,3.01,0.86,None,0.3635413646697998,15.343,True,None,sfc_cache_p6_24,0,None,48.0,64.95,396.0,62,54,6,6,0,False,87.62214983713355,8.778518518518519,4.629814814814814,9.166666666666666,0.2338,0.7635,0.1782,0.1808,3097.187129056669,2827.187129056669,270.0,0.8122939723382053,35,2,17
0,1772829126.0280716,439.6,121,0.2871,0.63,0.0888,0.3742,51.1944,63.0002,37.4206,0.0,0.0,0.0,3.19,1.95,1.24,None,0.3635413646697998,19.562,True,None,sfc_unique_p6_24,0,None,48.0,64.95,396.0,62,54,6,6,0,False,87.66233766233766,8.778518518518519,4.629814814814814,9.166666666666666,0.2338,0.7635,0.1782,0.1808,3097.187129056669,2827.187129056669,270.0,0.8122939723382053,35,2,17
0,1772829146.706498,460.3,121,0.2466,0.5746,0.0137,0.2744,40.6454,57.4589,27.4418,0.0,0.0,0.0,2.15,1.13,1.02,None,0.0015299320220947266,21.602,True,None,sfc_cache_p1_25,0,None,48.0,60.620000000000005,396.0,57,46,6,6,0,False,87.70226537216828,8.181739130434783,4.956956521739131,7.891304347826087,0.24,0.7275,0.1596,0.1195,2959.7824075640224,2729.7824075640224,230.0,0.8310135520451681,28,2,16
0,1772829146.708433,460.3,121,0.2466,0.5746,0.0137,0.2744,40.6454,57.4589,27.4418,0.0,0.0,0.0,4.58,3.14,1.44,None,0.0015299320220947266,23.016,True,None,sfc_unique_p1_25,0,None,48.0,60.620000000000005,396.0,57,46,6,6,0,False,87.74193548387098,8.181739130434783,4.956956521739131,7.891304347826087,0.24,0.7275,0.1596,0.1195,2959.7824075640224,2729.7824075640224,230.0,0.8310135520451681,28,2,16
0,1772829146.785082,460.4,122,0.253,0.6082,0.027,0.2994,42.5537,60.818,29.9365,0.0,0.0,0.0,3.42,2.36,1.06,None,0.08086681365966797,21.274,True,None,sfc_cache_p2_25,0,None,48.0,60.62,396.0,58,48,6,6,0,False,87.78135048231512,8.208958333333333,5.028125,8.25,0.232,0.7239,0.1511,0.1214,2977.1265864836946,2737.1265864836946,240.0,0.818689565106832,30,2,16
0,1772829146.7870307,460.4,122,0.253,0.6082,0.027,0.2994,42.5537,60.818,29.9365,0.0,0.0,0.0,4.58,3.14,1.44,None,0.08086681365966797,23.01,True,None,sfc_unique_p2_25,0,None,48.0,60.62,396.0,58,48,6,6,0,False,87.82051282051282,8.208958333333333,5.028125,8.25,0.232,0.7239,0.1511,0.1214,2977.1265864836946,2737.1265864836946,240.0,0.818689565106832,30,2,16
0,1772829146.8620775,460.4,123,0.2612,0.6418,0.0408,0.3243,44.462,64.177,32.4312,0.0,0.0,0.0,2.59,1.5,1.08,None,0.15947818756103516,20.502,True,None,sfc_cache_p3_25,0,None,48.0,60.62,396.0,59,50,6,6,0,False,87.8594249201278,8.234,5.0936,8.58,0.2329,0.7243,0.1488,0.1339,3005.5289235832147,2755.5289235832147,250.0,0.823171536155103,30,2,18
0,1772829146.8640604,460.5,123,0.2612,0.6418,0.0408,0.3243,44.462,64.177,32.4312,0.0,0.0,0.0,3.6,2.15,1.45,None,0.15947818756103516,21.796,True,None,sfc_unique_p3_25,0,None,48.0,60.62,396.0,59,50,6,6,0,False,87.89808917197452,8.234,5.0936,8.58,0.2329,0.7243,0.1488,0.1339,3005.5289235832147,2755.5289235832147,250.0,0.823171536155103,30,2,18
0,1772829146.940609,460.5,124,0.2738,0.6527,0.0558,0.3493,47.3422,65.2681,34.9259,0.0,0.0,0.0,2.74,1.6,1.14,None,0.2365105152130127,21.569,True,None,sfc_cache_p4_25,0,None,48.0,60.62,396.0,60,52,6,6,0,False,87.93650793650794,8.430192307692307,4.980961538461538,8.884615384615385,0.232,0.7238,0.1581,0.1515,3034.4977364604783,2774.4977364604783,260.0,0.8232963817190997,31,2,19
0,1772829146.9428186,460.5,124,0.2738,0.6527,0.0558,0.3493,47.3422,65.2681,34.9259,0.0,0.0,0.0,4.18,2.71,1.47,None,0.2365105152130127,21.157,True,None,sfc_unique_p4_25,0,None,48.0,60.62,396.0,60,52,6,6,0,False,87.9746835443038,8.430192307692307,4.980961538461538,8.884615384615385,0.232,0.7238,0.1581,0.1515,3034.4977364604783,2774.4977364604783,260.0,0.8232963817190997,31,2,19
0,1772829147.0157373,460.6,125,0.2825,0.6527,0.0707,0.3493,49.7905,65.2681,34.9259,0.0,0.0,0.0,2.74,1.6,1.14,None,0.3152792453765869,20.0,True,None,sfc_cache_p5_25,0,None,52.0,64.95,429.0,64,54,6,6,0,False,88.01261829652996,8.537777777777778,4.796481481481481,8.555555555555555,0.2284,0.7238,0.155,0.1651,3056.4575723991875,2786.4575723991875,270.0,0.8235501370198639,32,2,20
0,1772829147.017892,460.6,125,0.2825,0.6527,0.0707,0.3493,49.7905,65.2681,34.9259,0.0,0.0,0.0,4.18,2.71,1.47,None,0.3152792453765869,21.612,True,None,sfc_unique_p5_25,0,None,52.0,64.95,429.0,64,54,6,6,0,False,88.0503144654088,8.537777777777778,4.796481481481481,8.555555555555555,0.2284,0.7238,0.155,0.1651,3056.4575723991875,2786.4575723991875,270.0,0.8235501370198639,32,2,20
0,1772829147.2273738,460.8,126,0.2908,0.6527,0.0857,0.3493,52.2388,65.2681,34.9259,0.0,0.0,0.0,2.74,1.6,1.14,None,0.39041566848754883,19.836,True,None,sfc_cache_p6_25,0,None,56.0,69.28,462.0,68,56,6,6,0,False,88.08777429467085,8.637678571428571,4.625178571428571,8.25,0.224,0.7238,0.152,0.1742,3079.1587796426484,2799.1587796426484,280.0,0.823652972618616,33,2,21
0,1772829147.2296164,460.8,126,0.2908,0.6527,0.0857,0.3493,52.2388,65.2681,34.9259,0.0,0.0,0.0,4.18,2.71,1.47,None,0.39041566848754883,21.522,True,None,sfc_unique_p6_25,0,None,56.0,69.28,462.0,68,56,6,6,0,False,88.125,8.637678571428571,4.625178571428571,8.25,0.224,0.7238,0.152,0.1742,3079.1587796426484,2799.1587796426484,280.0,0.823652972618616,33,2,21
0,1772829165.7139254,479.3,126,0.3003,0.672,0.1026,0.3742,54.7594,67.1984,37.4206,0.0,0.0,0.0,2.16,1.45,0.71,None,0.00035452842712402344,19.392,True,None,sfc_cache_p1_26,0,None,56.0,69.28,462.0,68,58,6,7,0,False,88.1619937694704,8.742241379310345,4.597758620689655,8.53448275862069,0.2187,0.7198,0.1553,0.1816,3101.0153034005807,2811.0153034005807,290.0,0.8228144892519677,34,14,10
0,1772829165.7161796,479.3,126,0.3003,0.672,0.1026,0.3742,54.7594,67.1984,37.4206,0.0,0.0,0.0,2.82,1.89,0.94,None,0.00035452842712402344,21.185,True,None,sfc_unique_p1_26,0,None,56.0,69.28,462.0,68,58,6,7,0,False,88.19875776397515,8.742241379310345,4.597758620689655,8.53448275862069,0.2187,0.7198,0.1553,0.1816,3101.0153034005807,2811.0153034005807,290.0,0.8228144892519677,34,14,10
0,1772829165.7911398,479.4,127,0.3107,0.6762,0.1179,0.3742,57.4949,67.6192,37.4206,0.0,0.0,0.0,2.17,1.46,0.71,None,0.08312416076660156,18.62,True,None,sfc_cache_p2_26,0,None,60.0,69.28,495.0,71,60,6,7,0,False,88.23529411764706,8.873,4.472333333333333,8.25,0.2141,0.7187,0.1524,0.1846,3119.8765477899938,2819.8765477899938,300.0,0.822167311427377,35,14,11
0,1772829165.7934093,479.4,127,0.3107,0.6762,0.1179,0.3742,57.4949,67.6192,37.4206,0.0,0.0,0.0,3.75,2.71,1.04,None,0.08312416076660156,20.879,True,None,sfc_unique_p2_26,0,None,60.0,69.28,495.0,71,60,6,7,0,False,88.27160493827161,8.873,4.472333333333333,8.25,0.2141,0.7187,0.1524,0.1846,3119.8765477899938,2819.8765477899938,300.0,0.822167311427377,35,14,11
0,1772829165.8670263,479.5,128,0.3174,0.6846,0.137,0.3742,59.5836,68.4583,37.4206,0.0,0.0,0.0,2.63,1.9,0.73,None,0.1603851318359375,18.317,True,None,sfc_cache_p3_26,0,None,68.33,69.28,528.0,75,62,6,7,0,False,88.3076923076923,8.898709677419355,4.381774193548387,7.983870967741935,0.2104,0.7167,0.1496,0.1836,3139.279117051718,2829.279117051718,310.0,0.8192202080931624,37,18,7
0,1772829165.8695016,479.5,128,0.3174,0.6846,0.137,0.3742,59.5836,68.4583,37.4206,0.0,0.0,0.0,3.19,1.92,1.27,None,0.1603851318359375,19.808,True,None,sfc_unique_p3_26,0,None,68.33,69.28,528.0,75,62,6,7,0,False,88.34355828220859,8.898709677419355,4.381774193548387,7.983870967741935,0.2104,0.7167,0.1496,0.1836,3139.279117051718,2829.279117051718,310.0,0.8192202080931624,37,18,7
0,1772829165.9443042,479.5,129,0.324,0.7182,0.1531,0.3992,61.4919,71.8174,39.9153,0.0,0.0,0.0,2.59,1.69,0.9,None,0.2366948127746582,17.688,True,None,sfc_cache_p4_26,0,None,68.33,69.28,528.0,76,64,6,7,0,False,88.37920489296636,8.89671875,4.453125,8.25,0.2087,0.7564,0.1528,0.1905,3180.8587030274425,2860.8587030274425,320.0,0.8052110277486292,38,19,7
0,1772829165.9466348,479.5,129,0.324,0.7182,0.1531,0.3992,61.4919,71.8174,39.9153,0.0,0.0,0.0,6.63,5.31,1.32,None,0.2366948127746582,20.192,True,None,sfc_unique_p4_26,0,None,68.33,69.28,528.0,76,64,6,7,0,False,88.41463414634147,8.89671875,4.453125,8.25,0.2087,0.7564,0.1528,0.1905,3180.8587030274425,2860.8587030274425,320.0,0.8052110277486292,38,19,7
0,1772829166.017748,479.6,130,0.3285,0.74,0.168,0.3992,63.0038,74.0021,39.9153,0.0,0.0,0.0,2.59,1.69,0.9,None,0.31350088119506836,17.15,True,None,sfc_cache_p5_26,0,None,72.33,73.61,561.0,80,66,6,7,0,False,88.44984802431611,8.839242424242425,4.449545454545455,8.0,0.206,0.7676,0.1501,0.1964,3223.1408574926954,2893.1408574926954,330.0,0.8066584981243983,38,21,7
0,1772829166.02015,479.6,130,0.3285,0.74,0.168,0.3992,63.0038,74.0021,39.9153,0.0,0.0,0.0,3.5,2.17,1.33,None,0.31350088119506836,18.182,True,None,sfc_unique_p5_26,0,None,72.33,73.61,561.0,80,66,6,7,0,False,88.48484848484848,8.839242424242425,4.449545454545455,8.0,0.206,0.7676,0.1501,0.1964,3223.1408574926954,2893.1408574926954,330.0,0.8066584981243983,38,21,7
0,1772829166.1143465,479.7,131,0.3329,0.7619,0.1828,0.3992,64.5157,76.1869,39.9153,0.0,0.0,0.0,2.59,1.69,0.9,None,0.3871729373931885,23.196,True,None,sfc_cache_p6_26,0,None,76.33,77.94,594.0,84,68,6,7,0,False,88.51963746223565,8.78514705882353,4.4461764705882345,7.764705882352941,0.2031,0.7736,0.1475,0.2005,3249.772957786767,2909.772957786767,340.0,0.8078072093611812,38,23,7
0,1772829166.1175582,479.7,131,0.3329,0.7619,0.1828,0.3992,64.5157,76.1869,39.9153,0.0,0.0,0.0,3.5,2.17,1.33,None,0.3871729373931885,23.566,True,None,sfc_unique_p6_26,0,None,76.33,77.94,594.0,84,68,6,7,0,False,88.55421686746988,8.78514705882353,4.4461764705882345,7.764705882352941,0.2031,0.7736,0.1475,0.2005,3249.772957786767,2909.772957786767,340.0,0.8078072093611812,38,23,7
0,1772829184.7046726,498.3,131,0.334,0.7619,0.1807,0.3992,64.5157,76.1869,39.9153,0.0,0.0,0.0,2.98,1.9,1.08,None,0.0004973411560058594,16.039,True,None,sfc_cache_p1_27,0,None,76.33,77.94,594.0,84,68,6,7,0,False,88.58858858858859,8.78514705882353,4.4461764705882345,7.764705882352941,0.2033,0.7736,0.1475,0.1976,3251.517656749776,2911.517656749776,340.0,0.8091773430164779,38,26,4
0,1772829184.7060902,498.3,131,0.334,0.7619,0.1807,0.3992,64.5157,76.1869,39.9153,0.0,0.0,0.0,3.36,1.89,1.47,None,0.0004973411560058594,12.061,True,None,sfc_unique_p1_27,0,None,76.33,77.94,594.0,84,68,6,7,0,False,88.62275449101796,8.78514705882353,4.4461764705882345,7.764705882352941,0.2033,0.7736,0.1475,0.1976,3251.517656749776,2911.517656749776,340.0,0.8091773430164779,38,26,4
0,1772829184.8262944,498.4,132,0.3465,0.7619,0.1951,0.4241,67.8636,76.1869,42.41,0.0,0.0,0.0,3.29,2.02,1.27,None,0.06103372573852539,10.845,True,None,sfc_cache_p2_27,0,None,76.33,77.94,594.0,84,70,6,7,0,False,88.65671641791046,8.977,4.3191428571428565,8.014285714285714,0.1991,0.7736,0.1459,0.1947,3270.9202260115003,2920.9202260115003,350.0,0.8026729900353614,40,26,4
0,1772829184.827748,498.4,132,0.3465,0.7619,0.1951,0.4241,67.8636,76.1869,42.41,0.0,0.0,0.0,5.83,4.34,1.49,None,0.06103372573852539,11.313,True,None,sfc_unique_p2_27,0,None,76.33,77.94,594.0,84,70,6,7,0,False,88.69047619047619,8.977,4.3191428571428565,8.014285714285714,0.1991,0.7736,0.1459,0.1947,3270.9202260115003,2920.9202260115003,350.0,0.8026729900353614,40,26,4
0,1772829184.8707,498.5,133,0.3551,0.7728,0.2072,0.449,70.7439,77.278,44.9047,0.0,0.0,0.0,3.44,2.12,1.32,None,0.18261265754699707,10.293,True,None,sfc_cache_p3_27,0,None,76.33,77.94,594.0,86,72,6,7,0,False,88.72403560830861,9.098055555555554,4.259305555555556,8.25,0.196,0.7747,0.1447,0.195,3297.63590469901,2937.63590469901,360.0,0.8024004436877783,43,25,4
0,1772829184.872278,498.5,133,0.3551,0.7728,0.2072,0.449,70.7439,77.278,44.9047,0.0,0.0,0.0,4.44,2.92,1.52,None,0.18261265754699707,10.072,True,None,sfc_unique_p3_27,0,None,76.33,77.94,594.0,86,72,6,7,0,False,88.75739644970415,9.098055555555554,4.259305555555556,8.25,0.196,0.7747,0.1447,0.195,3297.63590469901,2937.63590469901,360.0,0.8024004436877783,43,25,4
0,1772829184.9155324,498.5,134,0.3642,0.7913,0.223,0.474,73.3001,79.1251,47.3995,0.0,0.0,0.0,2.95,1.62,1.32,None,0.22721576690673828,10.274,True,None,sfc_cache_p4_27,0,None,76.33,77.94,594.0,88,74,6,7,0,False,88.79056047197639,9.172027027027028,4.243243243243243,8.472972972972974,0.1936,0.774,0.1582,0.196,3321.8686086148127,2951.8686086148127,370.0,0.8001415177413893,48,26,0
0,1772829184.9168963,498.5,134,0.3642,0.7913,0.223,0.474,73.3001,79.1251,47.3995,0.0,0.0,0.0,3.79,2.21,1.58,None,0.22721576690673828,9.098,True,None,sfc_unique_p4_27,0,None,76.33,77.94,594.0,88,74,6,7,0,False,88.8235294117647,9.172027027027028,4.243243243243243,8.472972972972974,0.1936,0.774,0.1582,0.196,3321.8686086148127,2951.8686086148127,370.0,0.8001415177413893,48,26,0
0,1772829184.9585514,498.5,135,0.3735,0.8022,0.2385,0.4989,76.1804,80.2162,49.8942,0.0,0.0,0.0,4.11,2.58,1.52,None,0.27170348167419434,8.942,True,None,sfc_cache_p5_27,0,None,76.33,77.94,594.0,89,76,6,7,0,False,88.85630498533725,9.281578947368422,4.188552631578947,8.68421052631579,0.1906,0.7969,0.17,0.1979,3342.6936086148125,2962.6936086148125,380.0,0.7941493548372971,50,26,0
0,1772829184.960126,498.5,135,0.3735,0.8022,0.2385,0.4989,76.1804,80.2162,49.8942,0.0,0.0,0.0,5.83,3.89,1.94,None,0.27170348167419434,9.624,True,None,sfc_unique_p5_27,0,None,76.33,77.94,594.0,89,76,6,7,0,False,88.88888888888889,9.281578947368422,4.188552631578947,8.68421052631579,0.1906,0.7969,0.17,0.1979,3342.6936086148125,2962.6936086148125,380.0,0.7941493548372971,50,26,0
0,1772829185.0017774,498.6,136,0.3747,0.824,0.2534,0.4989,77.6923,82.401,49.8942,0.0,0.0,0.0,4.11,2.58,1.52,None,0.3150818347930908,8.924,True,None,sfc_cache_p6_27,0,None,80.33,82.27,627.0,93,78,6,7,0,False,88.92128279883383,9.223076923076922,4.1923076923076925,8.461538461538462,0.187,0.83,0.1673,0.2013,3372.0336086148127,2982.0336086148127,390.0,0.7872047751350075,53,25,0
0,1772829185.003175,498.6,136,0.3747,0.824,0.2534,0.4989,77.6923,82.401,49.8942,0.0,0.0,0.0,5.28,3.33,1.96,None,0.3150818347930908,8.808,True,None,sfc_unique_p6_27,0,None,80.33,82.27,627.0,93,78,6,7,0,False,88.95348837209302,9.223076923076922,4.1923076923076925,8.461538461538462,0.187,0.83,0.1673,0.2013,3372.0336086148127,2982.0336086148127,390.0,0.7872047751350075,53,25,0
0,1772829186.3968709,500.0,136,0.2865,0.6969,0.0131,0.3992,56.848,64.4239,43.1796,0.0,0.0,0.0,3.02,1.98,1.04,None,0.00018978118896484375,13.157,True,None,sfc_cache_p6_27,0,None,60.66,56.29,429.0,68,58,6,5,0,True,88.98550724637681,9.075689655172413,4.4079310344827585,9.10344827586207,0.1418,0.6497,0.1435,0.1466,3005.597979414951,2615.597979414951,390.0,0.8314709600734107,27,27,4
0,1772829186.3981795,500.0,136,0.2865,0.6969,0.0131,0.3992,56.848,64.4239,43.1796,0.0,0.0,0.0,4.58,3.14,1.44,None,0.00018978118896484375,10.36,True,None,sfc_unique_p6_27,0,None,60.66,56.29,429.0,68,58,6,5,0,True,89.01734104046243,9.075689655172413,4.4079310344827585,9.10344827586207,0.1418,0.6497,0.1435,0.1466,3005.597979414951,2615.597979414951,390.0,0.8314709600734107,27,27,4
0,1772829186.4397354,500.0,136,0.2941,0.7333,0.0287,0.4241,58.7563,67.783,45.8783,0.0,0.0,0.0,3.49,2.36,1.13,None,0.06066536903381348,9.351,True,None,sfc_cache_p6_23,0,None,60.66,56.29,429.0,69,60,6,6,0,True,89.04899135446685,9.067666666666666,4.4831666666666665,9.35,0.147,0.7029,0.1425,0.1604,3048.926550843523,2658.926550843523,390.0,0.8253799454972072,29,27,4
0,1772829186.440979,500.0,136,0.2941,0.7333,0.0287,0.4241,58.7563,67.783,45.8783,0.0,0.0,0.0,4.92,3.35,1.56,None,0.06066536903381348,9.915,True,None,sfc_unique_p6_23,0,None,60.66,56.29,429.0,69,60,6,6,0,True,89.08045977011494,9.067666666666666,4.4831666666666665,9.35,0.147,0.7029,0.1425,0.1604,3048.926550843523,2658.926550843523,390.0,0.8253799454972072,29,27,4
0,1772829186.556382,500.1,136,0.3027,0.7569,0.0427,0.4241,60.2683,69.9677,45.8783,0.0,0.0,0.0,3.44,2.12,1.32,None,0.10353541374206543,8.724,True,None,sfc_cache_p5_27,0,None,64.66,60.62,462.0,73,62,6,6,0,True,89.11174785100286,9.000967741935483,4.478387096774194,9.048387096774194,0.1508,0.714,0.1425,0.1658,3061.9644079863797,2671.9644079863797,390.0,0.8205734559479698,31,27,4
0,1772829186.557759,500.1,136,0.3027,0.7569,0.0427,0.4241,60.2683,69.9677,45.8783,0.0,0.0,0.0,4.77,3.27,1.49,None,0.10353541374206543,9.912,True,None,sfc_unique_p5_27,0,None,64.66,60.62,462.0,73,62,6,6,0,True,89.14285714285714,9.000967741935483,4.478387096774194,9.048387096774194,0.1508,0.714,0.1425,0.1658,3061.9644079863797,2671.9644079863797,390.0,0.8205734559479698,31,27,4
0,1772829186.5998085,500.2,136,0.3133,0.7778,0.0579,0.449,62.7889,71.898,48.577,0.0,0.0,0.0,3.35,1.96,1.39,None,0.22051215171813965,9.124,True,None,sfc_cache_p5_23,0,None,64.66,60.62,462.0,75,64,6,6,0,True,89.17378917378917,9.084375,4.458125,9.28125,0.1541,0.7187,0.1438,0.1757,3084.040396223495,2694.040396223495,390.0,0.8141387820121129,35,25,4
0,1772829186.6011713,500.2,136,0.3133,0.7778,0.0579,0.449,62.7889,71.898,48.577,0.0,0.0,0.0,4.84,3.27,1.56,None,0.22051215171813965,9.713,True,None,sfc_unique_p5_23,0,None,64.66,60.62,462.0,75,64,6,6,0,True,89.20454545454545,9.084375,4.458125,9.28125,0.1541,0.7187,0.1438,0.1757,3084.040396223495,2694.040396223495,390.0,0.8141387820121129,35,25,4
0,1772829186.6409461,500.2,136,0.3208,0.8132,0.0733,0.474,64.7328,75.1739,51.2758,0.0,0.0,0.0,5.41,3.77,1.63,None,0.26413941383361816,8.381,True,None,sfc_cache_p4_23,0,None,64.66,60.62,462.0,76,66,6,6,0,True,89.23512747875354,9.081818181818182,4.52,9.5,0.165,0.8096,0.1582,0.1883,3118.688676359844,2728.688676359844,390.0,0.8093824291978018,37,25,4
0,1772829186.6422906,500.2,136,0.3208,0.8132,0.0733,0.474,64.7328,75.1739,51.2758,0.0,0.0,0.0,6.6,4.78,1.81,None,0.26413941383361816,9.148,True,None,sfc_unique_p4_23,0,None,64.66,60.62,462.0,76,66,6,6,0,True,89.26553672316385,9.081818181818182,4.52,9.5,0.165,0.8096,0.1582,0.1883,3118.688676359844,2728.688676359844,390.0,0.8093824291978018,37,25,4
0,1772829186.682561,500.3,136,0.3294,0.8487,0.0887,0.474,66.2448,78.4498,51.2758,0.0,0.0,0.0,5.36,3.73,1.63,None,0.3054192066192627,8.404,True,None,sfc_cache_p3_23,0,None,68.66,60.62,495.0,79,68,6,6,0,True,89.29577464788733,9.020588235294117,4.578235294117647,9.220588235294118,0.168,0.8412,0.1582,0.1984,3140.4687711871093,2750.4687711871093,390.0,0.807555459284913,42,26,0
0,1772829186.6839194,500.3,136,0.3294,0.8487,0.0887,0.474,66.2448,78.4498,51.2758,0.0,0.0,0.0,4.51,2.68,1.83,None,0.3054192066192627,8.275,True,None,sfc_unique_p3_23,0,None,68.66,60.62,495.0,79,68,6,6,0,True,89.32584269662921,9.020588235294117,4.578235294117647,9.220588235294118,0.168,0.8412,0.1582,0.1984,3140.4687711871093,2750.4687711871093,390.0,0.807555459284913,42,26,0
0,1772829186.7225525,500.3,136,0.3379,0.8841,0.1041,0.4989,68.1887,81.7256,53.9745,0.0,0.0,0.0,5.36,3.73,1.63,None,0.34725093841552734,7.776,True,None,sfc_cache_p3_21,0,None,68.66,60.62,495.0,79,70,6,7,0,True,89.35574229691878,9.02,4.6331428571428575,9.428571428571429,0.173,0.8635,0.159,0.2067,3157.97475983886,2767.97475983886,390.0,0.805199991538509,44,26,0
0,1772829186.7241392,500.3,136,0.3379,0.8841,0.1041,0.4989,68.1887,81.7256,53.9745,0.0,0.0,0.0,4.51,2.68,1.83,None,0.34725093841552734,8.497,True,None,sfc_unique_p3_21,0,None,68.66,60.62,495.0,79,70,6,7,0,True,89.3854748603352,9.02,4.6331428571428575,9.428571428571429,0.173,0.8635,0.159,0.2067,3157.97475983886,2767.97475983886,390.0,0.805199991538509,44,26,0
0,1772829186.7639415,500.4,136,0.3478,0.9123,0.1239,0.5239,70.4199,84.3312,56.6732,0.0,0.0,0.0,4.24,2.55,1.68,None,0.38776063919067383,7.549,True,None,sfc_cache_p2_23,0,None,68.66,60.62,495.0,80,72,6,7,0,True,89.41504178272982,9.056388888888888,4.648055555555556,9.625,0.1806,0.8938,0.1731,0.2117,3188.7233715525254,2798.7233715525254,390.0,0.797738502648585,46,26,0
0,1772829186.7653322,500.4,136,0.3478,0.9123,0.1239,0.5239,70.4199,84.3312,56.6732,0.0,0.0,0.0,7.42,5.35,2.07,None,0.38776063919067383,7.471,True,None,sfc_unique_p2_23,0,None,68.66,60.62,495.0,80,72,6,7,0,True,89.44444444444444,9.056388888888888,4.648055555555556,9.625,0.1806,0.8938,0.1731,0.2117,3188.7233715525254,2798.7233715525254,390.0,0.797738502648585,46,26,0
0,1772829186.8051083,500.4,136,0.3525,0.9123,0.1239,0.5239,70.4199,84.3312,56.6732,0.0,0.0,0.0,None,None,None,None,0.42914485931396484,7.372,False,None,sfc_cache_p2_21,0,None,68.66,60.62,495.0,80,72,6,7,0,True,89.19667590027701,9.056388888888888,4.648055555555556,9.625,0.1843,0.8938,0.176,0.2117,3178.7233715525254,2798.7233715525254,380.0,0.797738502648585,46,26,0
0,1772829186.8065822,500.4,136,0.3525,0.9123,0.1239,0.5239,70.4199,84.3312,56.6732,0.0,0.0,0.0,7.42,5.35,2.07,None,0.42914485931396484,8.039,False,None,sfc_unique_p2_21,0,None,68.66,60.62,495.0,80,72,6,7,0,True,88.95027624309392,9.056388888888888,4.648055555555556,9.625,0.1843,0.8938,0.176,0.2117,3178.7233715525254,2798.7233715525254,380.0,0.797738502648585,46,26,0
0,1772829186.9178584,500.5,136,0.3561,0.9123,0.1239,0.5239,70.4199,84.3312,56.6732,0.0,0.0,0.0,None,None,None,None,0.4706382751464844,7.064,False,None,sfc_cache_p1_23,0,None,68.66,60.62,495.0,80,72,6,7,0,True,88.70523415977961,9.056388888888888,4.648055555555556,9.625,0.1882,0.8938,0.179,0.2117,3168.7233715525254,2798.7233715525254,370.0,0.797738502648585,46,26,0
0,1772829186.9193714,500.5,136,0.3561,0.9123,0.1239,0.5239,70.4199,84.3312,56.6732,0.0,0.0,0.0,7.42,5.35,2.07,None,0.4706382751464844,7.655,False,None,sfc_unique_p1_23,0,None,68.66,60.62,495.0,80,72,6,7,0,True,88.46153846153845,9.056388888888888,4.648055555555556,9.625,0.1882,0.8938,0.179,0.2117,3168.7233715525254,2798.7233715525254,370.0,0.797738502648585,46,26,0
0,1772829186.9672391,500.6,136,0.3598,0.9123,0.1239,0.5239,70.4199,84.3312,56.6732,0.0,0.0,0.0,None,None,None,None,0.5836124420166016,10.723,False,None,sfc_cache_p1_21,0,None,68.66,60.62,495.0,80,72,6,7,0,True,88.21917808219179,9.056388888888888,4.648055555555556,9.625,0.1922,0.8938,0.1821,0.2117,3158.7233715525254,2798.7233715525254,360.0,0.797738502648585,46,26,0
0,1772829186.9686728,500.6,136,0.3598,0.9123,0.1239,0.5239,70.4199,84.3312,56.6732,0.0,0.0,0.0,7.42,5.35,2.07,None,0.5836124420166016,7.805,False,None,sfc_unique_p1_21,0,None,68.66,60.62,495.0,80,72,6,7,0,True,87.97814207650273,9.056388888888888,4.648055555555556,9.625,0.1922,0.8938,0.1821,0.2117,3158.7233715525254,2798.7233715525254,360.0,0.797738502648585,46,26,0
0,1772829203.7260437,517.3,136,0.3611,0.9123,0.1227,0.5239,70.4199,84.3312,56.6732,0.0,0.0,0.0,6.3,4.42,1.88,None,0.000209808349609375,8.442,True,None,sfc_cache_p1_28,0,None,68.66,60.62,495.0,80,72,6,7,0,True,88.0108991825613,9.056388888888888,4.648055555555556,9.625,0.1905,0.8938,0.1821,0.2121,3157.1708459869847,2797.1708459869847,360.0,0.7974967309115035,46,26,0
0,1772829203.727474,517.3,136,0.3611,0.9123,0.1227,0.5239,70.4199,84.3312,56.6732,0.0,0.0,0.0,3.98,2.15,1.84,None,0.000209808349609375,8.439,True,None,sfc_unique_p1_28,0,None,68.66,60.62,495.0,80,72,6,7,0,True,88.04347826086956,9.056388888888888,4.648055555555556,9.625,0.1905,0.8938,0.1821,0.2121,3157.1708459869847,2797.1708459869847,360.0,0.7974967309115035,46,26,0
0,1772829203.7916746,517.4,137,0.3611,0.9123,0.1227,0.5239,70.4199,84.3312,56.6732,0.0,0.0,0.0,None,None,None,None,0.051560163497924805,12.149,False,None,sfc_cache_p2_28,0,None,68.66,60.62,495.0,80,72,6,7,0,True,87.8048780487805,9.056388888888888,4.648055555555556,9.625,0.1905,0.8938,0.1821,0.2121,3157.1708459869847,2797.1708459869847,360.0,0.7974967309115035,46,26,0
0,1772829203.794365,517.4,137,0.3611,0.9123,0.1227,0.5239,70.4199,84.3312,56.6732,0.0,0.0,0.0,10.7,8.86,1.84,None,0.051560163497924805,12.907,False,None,sfc_unique_p2_28,0,None,68.66,60.62,495.0,80,72,6,7,0,True,87.56756756756758,9.056388888888888,4.648055555555556,9.625,0.1905,0.8938,0.1821,0.2121,3157.1708459869847,2797.1708459869847,360.0,0.7974967309115035,46,26,0
0,1772829203.8635628,517.4,138,0.3611,0.9123,0.1227,0.5239,70.4199,84.3312,56.6732,0.0,0.0,0.0,None,None,None,None,0.11925983428955078,12.438,False,None,sfc_cache_p3_28,0,None,68.66,60.62,495.0,80,72,6,7,0,True,87.33153638814017,9.056388888888888,4.648055555555556,9.625,0.1905,0.8938,0.1821,0.2121,3157.1708459869847,2797.1708459869847,360.0,0.7974967309115035,46,26,0
0,1772829203.866178,517.5,138,0.3611,0.9123,0.1227,0.5239,70.4199,84.3312,56.6732,0.0,0.0,0.0,10.7,8.86,1.84,None,0.11925983428955078,13.293,False,None,sfc_unique_p3_28,0,None,68.66,60.62,495.0,80,72,6,7,0,True,87.09677419354838,9.056388888888888,4.648055555555556,9.625,0.1905,0.8938,0.1821,0.2121,3157.1708459869847,2797.1708459869847,360.0,0.7974967309115035,46,26,0
0,1772829203.9329062,517.5,139,0.3611,0.9123,0.1227,0.5239,70.4199,84.3312,56.6732,0.0,0.0,0.0,None,None,None,None,0.19098901748657227,11.807,False,None,sfc_cache_p4_28,0,None,68.66,60.62,495.0,80,72,6,7,0,True,86.8632707774799,9.056388888888888,4.648055555555556,9.625,0.1905,0.8938,0.1821,0.2121,3157.1708459869847,2797.1708459869847,360.0,0.7974967309115035,46,26,0
0,1772829203.9354968,517.5,139,0.3611,0.9123,0.1227,0.5239,70.4199,84.3312,56.6732,0.0,0.0,0.0,10.7,8.86,1.84,None,0.19098901748657227,13.079,False,None,sfc_unique_p4_28,0,None,68.66,60.62,495.0,80,72,6,7,0,True,86.63101604278076,9.056388888888888,4.648055555555556,9.625,0.1905,0.8938,0.1821,0.2121,3157.1708459869847,2797.1708459869847,360.0,0.7974967309115035,46,26,0
0,1772829204.1244345,517.7,140,0.3611,0.9123,0.1227,0.5239,70.4199,84.3312,56.6732,0.0,0.0,0.0,None,None,None,None,0.2602252960205078,136.713,False,None,sfc_cache_p5_28,0,None,68.66,60.62,495.0,80,72,6,7,0,True,86.4,9.056388888888888,4.648055555555556,9.625,0.1905,0.8938,0.1821,0.2121,3157.1708459869847,2797.1708459869847,360.0,0.7974967309115035,46,26,0
0,1772829204.12695,517.7,140,0.3611,0.9123,0.1227,0.5239,70.4199,84.3312,56.6732,0.0,0.0,0.0,10.7,8.86,1.84,None,0.2602252960205078,12.881,False,None,sfc_unique_p5_28,0,None,68.66,60.62,495.0,80,72,6,7,0,True,86.17021276595744,9.056388888888888,4.648055555555556,9.625,0.1905,0.8938,0.1821,0.2121,3157.1708459869847,2797.1708459869847,360.0,0.7974967309115035,46,26,0
0,1772829204.1902251,517.8,141,0.3611,0.9123,0.1227,0.5239,70.4199,84.3312,56.6732,0.0,0.0,0.0,None,None,None,None,0.4516284465789795,12.162,False,None,sfc_cache_p6_28,0,None,68.66,60.62,495.0,80,72,6,7,0,True,85.94164456233422,9.056388888888888,4.648055555555556,9.625,0.1905,0.8938,0.1821,0.2121,3157.1708459869847,2797.1708459869847,360.0,0.7974967309115035,46,26,0
0,1772829204.192747,517.8,141,0.3611,0.9123,0.1227,0.5239,70.4199,84.3312,56.6732,0.0,0.0,0.0,10.7,8.86,1.84,None,0.4516284465789795,12.954,False,None,sfc_unique_p6_28,0,None,68.66,60.62,495.0,80,72,6,7,0,True,85.71428571428571,9.056388888888888,4.648055555555556,9.625,0.1905,0.8938,0.1821,0.2121,3157.1708459869847,2797.1708459869847,360.0,0.7974967309115035,46,26,0
0,1772829231.7917182,545.4,141,0.3529,0.645,0.0153,0.4989,65.7761,64.5046,49.8942,0.0,0.0,0.0,3.78,2.98,0.8,None,0.0001976490020751953,13.734,True,None,sfc_cache_p1_29,0,None,52.66,43.3,363.0,63,62,6,7,0,False,85.75197889182058,9.823548387096773,4.128709677419355,10.64516129032258,0.2087,0.7746,0.1746,0.2008,3193.306506101518,2883.306506101518,310.0,0.7756721623142488,48,0,14
0,1772829231.792977,545.4,141,0.3529,0.645,0.0153,0.4989,65.7761,64.5046,49.8942,0.0,0.0,0.0,6.23,5.0,1.23,None,0.0001976490020751953,17.897,True,None,sfc_unique_p1_29,0,None,52.66,43.3,363.0,63,62,6,7,0,False,85.78947368421052,9.823548387096773,4.128709677419355,10.64516129032258,0.2087,0.7746,0.1746,0.2008,3193.306506101518,2883.306506101518,310.0,0.7756721623142488,48,0,14
0,1772829231.8384893,545.4,142,0.3568,0.6778,0.0306,0.5239,67.72,67.7805,52.3889,0.0,0.0,0.0,1.84,1.03,0.81,None,0.06503772735595703,9.311,True,None,sfc_cache_p2_29,0,None,52.66,43.3,363.0,64,64,6,7,0,False,85.8267716535433,9.7978125,4.2028125,10.828125,0.2033,0.7908,0.1886,0.2077,3234.801630695234,2914.801630695234,320.0,0.7787269406633287,48,6,10
0,1772829231.840382,545.4,142,0.3568,0.6778,0.0306,0.5239,67.72,67.7805,52.3889,0.0,0.0,0.0,3.19,1.95,1.24,None,0.06503772735595703,11.92,True,None,sfc_unique_p2_29,0,None,52.66,43.3,363.0,64,64,6,7,0,False,85.86387434554975,9.7978125,4.2028125,10.828125,0.2033,0.7908,0.1886,0.2077,3234.801630695234,2914.801630695234,320.0,0.7787269406633287,48,6,10
0,1772829231.8907492,545.5,143,0.3619,0.7106,0.0474,0.5488,69.6639,71.0563,54.8836,0.0,0.0,0.0,4.38,2.58,1.8,None,0.11296391487121582,10.709,True,None,sfc_cache_p3_29,0,None,52.66,43.3,363.0,65,66,6,7,0,False,85.90078328981723,9.773636363636363,4.2724242424242425,11.0,0.2012,0.82,0.2006,0.2131,3259.912344980948,2929.912344980948,330.0,0.7793749324545283,49,11,6
0,1772829231.8920503,545.5,143,0.3619,0.7106,0.0474,0.5488,69.6639,71.0563,54.8836,0.0,0.0,0.0,3.14,1.89,1.25,None,0.11296391487121582,11.353,True,None,sfc_unique_p3_29,0,None,52.66,43.3,363.0,65,66,6,7,0,False,85.9375,9.773636363636363,4.2724242424242425,11.0,0.2012,0.82,0.2006,0.2131,3259.912344980948,2929.912344980948,330.0,0.7793749324545283,49,11,6
0,1772829231.9410815,545.5,144,0.361,0.7551,0.0678,0.5488,70.2039,75.509,54.8836,0.0,0.0,0.0,4.38,2.58,1.8,None,0.16446495056152344,8.968,True,None,sfc_cache_p4_29,0,None,56.66,47.63,396.0,69,68,6,7,0,False,85.97402597402596,9.55970588235294,4.406617647058823,10.676470588235293,0.1966,0.8303,0.1972,0.2128,3291.851673258305,2951.851673258305,340.0,0.7799496028992028,50,13,5
0,1772829231.9428551,545.5,144,0.361,0.7551,0.0678,0.5488,70.2039,75.509,54.8836,0.0,0.0,0.0,2.46,1.1,1.36,None,0.16446495056152344,13.033,True,None,sfc_unique_p4_29,0,None,56.66,47.63,396.0,69,68,6,7,0,False,86.01036269430051,9.55970588235294,4.406617647058823,10.676470588235293,0.1966,0.8303,0.1972,0.2128,3291.851673258305,2951.851673258305,340.0,0.7799496028992028,50,13,5
0,1772829231.9901593,545.6,145,0.3635,0.7778,0.0845,0.5488,71.6802,77.7769,54.8836,0.0,0.0,0.0,4.38,2.58,1.8,None,0.21520090103149414,8.901,True,None,sfc_cache_p5_29,0,None,60.66,51.96,429.0,73,70,6,7,0,False,86.04651162790698,9.481857142857143,4.409285714285714,10.371428571428572,0.1929,0.8368,0.1938,0.2112,3312.2815602726987,2962.2815602726987,350.0,0.7803656186884487,51,15,4
0,1772829231.9915419,545.6,145,0.3635,0.7778,0.0845,0.5488,71.6802,77.7769,54.8836,0.0,0.0,0.0,3.22,1.86,1.36,None,0.21520090103149414,9.609,True,None,sfc_unique_p5_29,0,None,60.66,51.96,429.0,73,70,6,7,0,False,86.08247422680412,9.481857142857143,4.409285714285714,10.371428571428572,0.1929,0.8368,0.1938,0.2112,3312.2815602726987,2962.2815602726987,350.0,0.7803656186884487,51,15,4
0,1772829232.120496,545.7,146,0.3613,0.8223,0.1046,0.5488,72.2202,82.2296,54.8836,0.0,0.0,0.0,4.38,2.58,1.8,None,0.26366186141967773,8.189,True,None,sfc_cache_p6_29,0,None,64.66,56.29,462.0,77,72,6,7,0,False,86.11825192802056,9.287916666666668,4.532222222222222,10.083333333333334,0.189,0.8432,0.1906,0.2105,3322.2815602726987,2962.2815602726987,360.0,0.7804991439546529,52,20,0
0,1772829232.1222515,545.7,146,0.3613,0.8223,0.1046,0.5488,72.2202,82.2296,54.8836,0.0,0.0,0.0,2.38,1.02,1.37,None,0.26366186141967773,11.226,True,None,sfc_unique_p6_29,0,None,64.66,56.29,462.0,77,72,6,7,0,False,86.15384615384616,9.287916666666668,4.532222222222222,10.083333333333334,0.189,0.8432,0.1906,0.2105,3322.2815602726987,2962.2815602726987,360.0,0.7804991439546529,52,20,0
0,1772829254.8450732,568.4,146,0.3145,0.5922,0.015,0.3992,52.6707,59.2153,39.9153,0.0,0.0,0.0,2.21,1.42,0.79,None,0.00011396408081054688,21.624,True,None,sfc_cache_p1_30,0,None,48.66,34.64000000000001,330.0,52,52,6,6,0,False,86.18925831202046,9.37903846153846,4.519038461538462,10.153846153846153,0.1862,0.6145,0.1933,0.1242,3071.3509821854536,2811.3509821854536,260.0,0.8821911317271685,17,17,18
0,1772829254.8471456,568.4,146,0.3145,0.5922,0.015,0.3992,52.6707,59.2153,39.9153,0.0,0.0,0.0,3.36,2.15,1.21,None,0.00011396408081054688,24.456,True,None,sfc_unique_p1_30,0,None,48.66,34.64000000000001,330.0,52,52,6,6,0,False,86.22448979591837,9.37903846153846,4.519038461538462,10.153846153846153,0.1862,0.6145,0.1933,0.1242,3071.3509821854536,2811.3509821854536,260.0,0.8821911317271685,17,17,18
0,1772829254.931717,568.5,147,0.3222,0.6249,0.0307,0.4241,54.6147,62.4912,42.41,0.0,0.0,0.0,1.81,1.03,0.79,None,0.07905197143554688,22.222,True,None,sfc_cache_p2_30,0,None,48.66,34.64,330.0,54,54,6,6,0,False,86.25954198473282,9.365,4.592407407407408,10.38888888888889,0.1797,0.6125,0.2091,0.1322,3082.8937000309884,2812.8937000309884,270.0,0.8819598053890948,17,37,0
0,1772829254.9337323,568.5,147,0.3222,0.6249,0.0307,0.4241,54.6147,62.4912,42.41,0.0,0.0,0.0,3.36,2.15,1.21,None,0.07905197143554688,24.84,True,None,sfc_unique_p2_30,0,None,48.66,34.64,330.0,54,54,6,6,0,False,86.29441624365482,9.365,4.592407407407408,10.38888888888889,0.1797,0.6125,0.2091,0.1322,3082.8937000309884,2812.8937000309884,270.0,0.8819598053890948,17,37,0
0,1772829255.017074,568.6,148,0.3282,0.6585,0.0454,0.449,56.523,65.8502,44.9047,0.0,0.0,0.0,3.16,2.36,0.81,None,0.16564154624938965,21.156,True,None,sfc_cache_p3_30,0,None,48.66,34.64,330.0,55,56,6,6,0,False,86.32911392405063,9.34607142857143,4.666428571428571,10.607142857142858,0.1754,0.6184,0.2012,0.1404,3106.413700030988,2826.413700030988,280.0,0.8771994436480808,18,38,0
0,1772829255.0191498,568.6,148,0.3282,0.6585,0.0454,0.449,56.523,65.8502,44.9047,0.0,0.0,0.0,3.36,2.15,1.21,None,0.16564154624938965,24.753,True,None,sfc_unique_p3_30,0,None,48.66,34.64,330.0,55,56,6,6,0,False,86.36363636363636,9.34607142857143,4.666428571428571,10.607142857142858,0.1754,0.6184,0.2012,0.1404,3106.413700030988,2826.413700030988,280.0,0.8771994436480808,18,38,0
0,1772829255.1011724,568.7,149,0.341,0.6585,0.0579,0.474,59.8708,65.8502,47.3995,0.0,0.0,0.0,2.73,1.9,0.83,None,0.2510976791381836,20.133,True,None,sfc_cache_p4_30,0,None,48.66,34.64,330.0,56,58,6,6,0,False,86.39798488664987,9.558275862068966,4.5055172413793105,10.810344827586206,0.1686,0.6184,0.198,0.1422,3116.413700030988,2826.413700030988,290.0,0.8767889351879843,18,40,0
0,1772829255.1032732,568.7,149,0.341,0.6585,0.0579,0.474,59.8708,65.8502,47.3995,0.0,0.0,0.0,4.24,3.02,1.22,None,0.2510976791381836,23.528,True,None,sfc_unique_p4_30,0,None,48.66,34.64,330.0,56,58,6,6,0,False,86.4321608040201,9.558275862068966,4.5055172413793105,10.810344827586206,0.1686,0.6184,0.198,0.1422,3116.413700030988,2826.413700030988,290.0,0.8767889351879843,18,40,0
0,1772829255.1845703,568.8,150,0.3454,0.6913,0.0719,0.4989,61.8148,69.1261,49.8942,0.0,0.0,0.0,3.19,2.12,1.07,None,0.33521032333374023,19.529,True,None,sfc_cache_p5_30,0,None,48.66,34.64,330.0,58,60,6,6,0,False,86.46616541353383,9.539666666666667,4.572,11.0,0.1674,0.6266,0.1952,0.1537,3139.730842888131,2839.730842888131,300.0,0.8683680685718591,20,40,0
0,1772829255.186723,568.8,150,0.3454,0.6913,0.0719,0.4989,61.8148,69.1261,49.8942,0.0,0.0,0.0,4.51,3.27,1.24,None,0.33521032333374023,22.856,True,None,sfc_unique_p5_30,0,None,48.66,34.64,330.0,58,60,6,6,0,False,86.5,9.539666666666667,4.572,11.0,0.1674,0.6266,0.1952,0.1537,3139.730842888131,2839.730842888131,300.0,0.8683680685718591,20,40,0
0,1772829255.2672424,568.9,151,0.3574,0.6913,0.0889,0.5239,64.695,69.1261,52.3889,0.0,0.0,0.0,3.66,2.4,1.26,None,0.4187321662902832,19.654,True,None,sfc_cache_p6_30,0,None,48.66,38.97,330.0,60,62,6,6,0,False,86.53366583541147,9.662096774193548,4.424516129032258,11.17741935483871,0.1644,0.6266,0.2081,0.1639,3154.005128602417,2844.005128602417,310.0,0.8596783514584725,28,34,0
0,1772829255.2694364,568.9,151,0.3574,0.6913,0.0889,0.5239,64.695,69.1261,52.3889,0.0,0.0,0.0,5.58,4.34,1.24,None,0.4187321662902832,21.985,True,None,sfc_unique_p6_30,0,None,48.66,38.97,330.0,60,62,6,6,0,False,86.56716417910447,9.662096774193548,4.424516129032258,11.17741935483871,0.1644,0.6266,0.2081,0.1639,3154.005128602417,2844.005128602417,310.0,0.8596783514584725,28,34,0
0,1772829276.9945805,590.6,151,0.3539,0.6871,0.0212,0.5488,62.8591,68.7053,54.8836,0.0,0.0,0.0,3.85,2.4,1.45,None,0.0001633167266845703,20.089,True,None,sfc_cache_p1_31,0,None,36.33,38.97,264.0,54,60,6,7,0,False,86.60049627791562,9.700833333333332,4.5441666666666665,12.1,0.1687,0.6278,0.2118,0.1552,3144.005128602417,2844.005128602417,300.0,0.8569358249516879,29,31,0
0,1772829276.9967718,590.6,151,0.3539,0.6871,0.0212,0.5488,62.8591,68.7053,54.8836,0.0,0.0,0.0,2.82,1.89,0.94,None,0.0001633167266845703,21.452,True,None,sfc_unique_p1_31,0,None,36.33,38.97,264.0,54,60,6,7,0,False,86.63366336633663,9.700833333333332,4.5441666666666665,12.1,0.1687,0.6278,0.2118,0.1552,3144.005128602417,2844.005128602417,300.0,0.8569358249516879,29,31,0
0,1772829277.0786643,590.7,152,0.3612,0.7064,0.0366,0.5738,65.3797,70.6355,57.3783,0.0,0.0,0.0,4.05,2.58,1.46,None,0.20306754112243652,19.604,True,None,sfc_cache_p2_31,0,None,36.33,38.97,264.0,55,62,6,7,0,False,86.66666666666667,9.764354838709677,4.521129032258065,12.241935483870968,0.1672,0.6476,0.209,0.1641,3169.1158428881313,2859.1158428881313,310.0,0.8550801823716954,30,32,0
0,1772829277.0808907,590.7,152,0.3612,0.7064,0.0366,0.5738,65.3797,70.6355,57.3783,0.0,0.0,0.0,2.82,1.89,0.94,None,0.20306754112243652,21.533,True,None,sfc_unique_p2_31,0,None,36.33,38.97,264.0,55,62,6,7,0,False,86.69950738916256,9.764354838709677,4.521129032258065,12.241935483870968,0.1672,0.6476,0.209,0.1641,3169.1158428881313,2859.1158428881313,310.0,0.8550801823716954,30,32,0
0,1772829277.1600769,590.7,153,0.3683,0.7257,0.0529,0.5987,67.9003,72.5658,59.873,0.0,0.0,0.0,6.11,4.49,1.62,None,0.28716325759887695,18.164,True,None,sfc_cache_p3_31,0,None,36.33,38.97,264.0,56,64,6,7,0,False,86.73218673218673,9.82390625,4.49953125,12.375,0.1682,0.6514,0.2072,0.1749,3185.4313061667185,2865.4313061667185,320.0,0.8515605935705052,31,33,0
0,1772829277.1623008,590.7,153,0.3683,0.7257,0.0529,0.5987,67.9003,72.5658,59.873,0.0,0.0,0.0,2.91,1.87,1.04,None,0.28716325759887695,19.855,True,None,sfc_unique_p3_31,0,None,36.33,38.97,264.0,56,64,6,7,0,False,86.76470588235294,9.82390625,4.49953125,12.375,0.1682,0.6514,0.2072,0.1749,3185.4313061667185,2865.4313061667185,320.0,0.8515605935705052,31,33,0
0,1772829277.241389,590.8,154,0.3683,0.7257,0.0529,0.5987,67.9003,72.5658,59.873,0.0,0.0,0.0,None,None,None,None,0.36858320236206055,18.409,False,None,sfc_cache_p4_31,0,None,36.33,38.97,264.0,56,64,6,7,0,False,86.55256723716381,9.82390625,4.49953125,12.375,0.1682,0.6514,0.2072,0.1749,3185.4313061667185,2865.4313061667185,320.0,0.8515605935705052,31,33,0
0,1772829277.243663,590.8,154,0.3683,0.7257,0.0529,0.5987,67.9003,72.5658,59.873,0.0,0.0,0.0,6.82,5.69,1.13,None,0.36858320236206055,19.85,False,None,sfc_unique_p4_31,0,None,36.33,38.97,264.0,56,64,6,7,0,False,86.34146341463415,9.82390625,4.49953125,12.375,0.1682,0.6514,0.2072,0.1749,3185.4313061667185,2865.4313061667185,320.0,0.8515605935705052,31,33,0
0,1772829277.3231924,590.9,155,0.3683,0.7257,0.0529,0.5987,67.9003,72.5658,59.873,0.0,0.0,0.0,None,None,None,None,0.4499540328979492,18.532,False,None,sfc_cache_p5_31,0,None,36.33,38.97,264.0,56,64,6,7,0,False,86.13138686131386,9.82390625,4.49953125,12.375,0.1682,0.6514,0.2072,0.1749,3185.4313061667185,2865.4313061667185,320.0,0.8515605935705052,31,33,0
0,1772829277.3256047,590.9,155,0.3683,0.7257,0.0529,0.5987,67.9003,72.5658,59.873,0.0,0.0,0.0,6.82,5.69,1.13,None,0.4499540328979492,19.628,False,None,sfc_unique_p5_31,0,None,36.33,38.97,264.0,56,64,6,7,0,False,85.92233009708737,9.82390625,4.49953125,12.375,0.1682,0.6514,0.2072,0.1749,3185.4313061667185,2865.4313061667185,320.0,0.8515605935705052,31,33,0
0,1772829277.4046645,591.0,156,0.3683,0.7257,0.0529,0.5987,67.9003,72.5658,59.873,0.0,0.0,0.0,None,None,None,None,0.531926155090332,18.409,False,None,sfc_cache_p6_31,0,None,36.33,38.97,264.0,56,64,6,7,0,False,85.71428571428571,9.82390625,4.49953125,12.375,0.1682,0.6514,0.2072,0.1749,3185.4313061667185,2865.4313061667185,320.0,0.8515605935705052,31,33,0
0,1772829277.407002,591.0,156,0.3683,0.7257,0.0529,0.5987,67.9003,72.5658,59.873,0.0,0.0,0.0,6.82,5.69,1.13,None,0.531926155090332,19.397,False,None,sfc_unique_p6_31,0,None,36.33,38.97,264.0,56,64,6,7,0,False,85.5072463768116,9.82390625,4.49953125,12.375,0.1682,0.6514,0.2072,0.1749,3185.4313061667185,2865.4313061667185,320.0,0.8515605935705052,31,33,0
0,1772829301.1474333,614.7,156,0.2983,0.5627,0.0134,0.474,48.3509,56.272,47.3995,0.0,0.0,0.0,2.11,1.39,0.72,None,0.0002052783966064453,20.824,True,None,sfc_cache_p1_32,0,None,20.33,21.650000000000006,132.0,35,46,6,6,0,False,85.54216867469879,9.732826086956521,4.854565217391304,13.630434782608695,0.2096,0.586,0.2128,0.156,3009.1976469110004,2779.1976469110004,230.0,0.8829973215002799,19,5,22
0,1772829301.1493044,614.7,156,0.2983,0.5627,0.0134,0.474,48.3509,56.272,47.3995,0.0,0.0,0.0,3.05,1.86,1.2,None,0.0002052783966064453,25.558,True,None,sfc_unique_p1_32,0,None,20.33,21.650000000000006,132.0,35,46,6,6,0,False,85.57692307692307,9.732826086956521,4.854565217391304,13.630434782608695,0.2096,0.586,0.2128,0.156,3009.1976469110004,2779.1976469110004,230.0,0.8829973215002799,19,5,22
0,1772829301.2472632,614.8,157,0.3039,0.5955,0.027,0.4989,50.2948,59.5479,49.8942,0.0,0.0,0.0,1.75,0.98,0.76,None,0.20752334594726562,21.129,True,None,sfc_cache_p2_32,0,None,20.33,21.65,132.0,37,48,6,6,0,False,85.61151079136691,9.702291666666666,4.923125,13.75,0.2017,0.5786,0.2285,0.1668,3024.4212965008473,2784.4212965008473,240.0,0.8834500226380838,19,5,24
0,1772829301.2497058,614.8,157,0.3039,0.5955,0.027,0.4989,50.2948,59.5479,49.8942,0.0,0.0,0.0,3.05,1.86,1.2,None,0.20752334594726562,32.511,True,None,sfc_unique_p2_32,0,None,20.33,21.65,132.0,37,48,6,6,0,False,85.64593301435407,9.702291666666666,4.923125,13.75,0.2017,0.5786,0.2285,0.1668,3024.4212965008473,2784.4212965008473,240.0,0.8834500226380838,19,5,24
0,1772829301.3623593,614.9,158,0.3179,0.5997,0.0416,0.5239,53.4624,59.9688,52.3889,0.0,0.0,0.0,2.34,1.46,0.89,None,0.3084573745727539,25.722,True,None,sfc_cache_p3_32,0,None,20.33,21.65,132.0,38,50,6,6,0,False,85.68019093078759,9.9008,4.7596,13.86,0.1934,0.5766,0.2306,0.1809,3034.5745235554828,2784.5745235554828,250.0,0.88232095952211,19,23,8
0,1772829301.364958,615.0,158,0.3179,0.5997,0.0416,0.5239,53.4624,59.9688,52.3889,0.0,0.0,0.0,3.92,2.71,1.21,None,0.3084573745727539,32.961,True,None,sfc_unique_p3_32,0,None,20.33,21.65,132.0,38,50,6,6,0,False,85.71428571428571,9.9008,4.7596,13.86,0.1934,0.5766,0.2306,0.1809,3034.5745235554828,2784.5745235554828,250.0,0.88232095952211,19,23,8
0,1772829301.4782035,615.1,159,0.3285,0.5997,0.0561,0.5239,55.9106,59.9688,52.3889,0.0,0.0,0.0,2.81,1.9,0.9,None,0.42376184463500977,25.182,True,None,sfc_cache_p4_32,0,None,28.66,21.65,165.0,42,52,6,6,0,False,85.74821852731591,9.955961538461539,4.576538461538461,13.326923076923077,0.1858,0.5766,0.226,0.182,3044.5745235554828,2784.5745235554828,260.0,0.8816806851887112,19,25,8
0,1772829301.4808912,615.1,159,0.3285,0.5997,0.0561,0.5239,55.9106,59.9688,52.3889,0.0,0.0,0.0,3.92,2.71,1.21,None,0.42376184463500977,33.264,True,None,sfc_unique_p4_32,0,None,28.66,21.65,165.0,42,52,6,6,0,False,85.78199052132702,9.955961538461539,4.576538461538461,13.326923076923077,0.1858,0.5766,0.226,0.182,3044.5745235554828,2784.5745235554828,260.0,0.8816806851887112,19,25,8
0,1772829301.5733876,615.2,160,0.3389,0.5997,0.0706,0.5239,58.3589,59.9688,52.3889,0.0,0.0,0.0,2.81,1.9,0.9,None,0.5426321029663086,18.844,True,None,sfc_cache_p5_32,0,None,36.99,21.65,198.0,46,54,6,6,0,False,85.81560283687944,10.007037037037037,4.407037037037036,12.833333333333334,0.1782,0.5766,0.2216,0.1744,3054.5745235554828,2784.5745235554828,270.0,0.8808905823429792,21,33,0
0,1772829301.5756028,615.2,160,0.3389,0.5997,0.0706,0.5239,58.3589,59.9688,52.3889,0.0,0.0,0.0,3.92,2.71,1.21,None,0.5426321029663086,23.765,True,None,sfc_unique_p5_32,0,None,36.99,21.65,198.0,46,54,6,6,0,False,85.84905660377359,10.007037037037037,4.407037037037036,12.833333333333334,0.1782,0.5766,0.2216,0.1744,3054.5745235554828,2784.5745235554828,270.0,0.8808905823429792,21,33,0
0,1772829301.6599755,615.2,161,0.349,0.5997,0.0866,0.5239,60.8072,59.9688,52.3889,0.0,0.0,0.0,2.81,1.9,0.9,None,0.6341078281402588,19.415,True,None,sfc_cache_p6_32,0,None,45.32,21.65,231.0,50,56,6,6,0,False,85.88235294117646,10.054464285714285,4.249642857142857,12.375,0.171,0.5766,0.2173,0.16,3064.5745235554828,2784.5745235554828,280.0,0.8799815511273966,21,35,0
0,1772829301.662343,615.2,161,0.349,0.5997,0.0866,0.5239,60.8072,59.9688,52.3889,0.0,0.0,0.0,3.97,2.69,1.28,None,0.6341078281402588,23.498,True,None,sfc_unique_p6_32,0,None,45.32,21.65,231.0,50,56,6,6,0,False,85.91549295774648,10.054464285714285,4.249642857142857,12.375,0.171,0.5766,0.2173,0.16,3064.5745235554828,2784.5745235554828,280.0,0.8799815511273966,21,35,0
0,1772829306.4817696,620.1,161,0.2789,0.5021,0.0132,0.3742,43.6704,48.4629,38.7718,0.0,0.0,0.0,1.91,1.42,0.48,None,0.00014638900756835938,16.62,True,None,sfc_cache_p3_31,0,None,36.99,17.32,198.0,39,42,6,5,0,True,85.94847775175644,9.627857142857144,4.579047619047619,11.785714285714286,0.1762,0.483,0.2181,0.138,2797.4911875373714,2577.4911875373714,220.0,0.9076936079304995,8,26,8
0,1772829306.483131,620.1,161,0.2789,0.5021,0.0132,0.3742,43.6704,48.4629,38.7718,0.0,0.0,0.0,2.81,1.89,0.92,None,0.00014638900756835938,19.793,True,None,sfc_unique_p3_31,0,None,36.99,17.32,198.0,39,42,6,5,0,True,85.98130841121495,9.627857142857144,4.579047619047619,11.785714285714286,0.1762,0.483,0.2181,0.138,2797.4911875373714,2577.4911875373714,220.0,0.9076936079304995,8,26,8
0,1772829306.543214,620.1,161,0.2876,0.5596,0.0299,0.3992,44.6423,54.0067,41.3566,0.0,0.0,0.0,4.11,3.31,0.8,None,0.14748024940490723,11.671,True,None,sfc_cache_p1_29,0,None,36.99,17.32,198.0,41,44,6,5,0,True,86.01398601398601,9.394772727272727,4.870909090909091,12.0,0.1873,0.5627,0.2185,0.148,2822.1394676737214,2602.1394676737214,220.0,0.8910318955732258,16,22,6
0,1772829306.5442266,620.1,161,0.2876,0.5596,0.0299,0.3992,44.6423,54.0067,41.3566,0.0,0.0,0.0,6.04,4.81,1.23,None,0.14748024940490723,13.878,True,None,sfc_unique_p1_29,0,None,36.99,17.32,198.0,41,44,6,5,0,True,86.04651162790698,9.394772727272727,4.870909090909091,12.0,0.1873,0.5627,0.2185,0.148,2822.1394676737214,2602.1394676737214,220.0,0.8910318955732258,16,22,6
0,1772829321.1626365,634.7,161,0.2935,0.5944,0.0429,0.4241,46.5506,57.3657,43.9414,0.0,0.0,0.0,3.56,2.37,1.19,None,0.0003173351287841797,12.928,True,None,sfc_cache_p1_33,0,None,36.99,17.32,198.0,41,46,6,6,0,True,86.07888631090486,9.370434782608696,4.948913043478261,12.195652173913043,0.2087,0.6626,0.213,0.1632,2877.1680762885335,2647.1680762885335,230.0,0.8786003507419176,19,21,6
0,1772829321.1636088,634.7,161,0.2935,0.5944,0.0429,0.4241,46.5506,57.3657,43.9414,0.0,0.0,0.0,6.75,5.17,1.58,None,0.0003173351287841797,13.11,True,None,sfc_unique_p1_33,0,None,36.99,17.32,198.0,41,46,6,6,0,True,86.11111111111111,9.370434782608696,4.948913043478261,12.195652173913043,0.2087,0.6626,0.213,0.1632,2877.1680762885335,2647.1680762885335,230.0,0.8786003507419176,19,21,6
0,1772829321.2235506,634.8,162,0.2967,0.6388,0.0595,0.449,48.0626,61.6495,46.5262,0.0,0.0,0.0,2.65,1.09,1.55,None,0.0541834831237793,12.24,True,None,sfc_cache_p2_33,0,None,36.99,17.32,198.0,43,48,6,6,0,True,86.14318706697459,9.271666666666667,5.096875,12.375,0.2079,0.6965,0.2295,0.1843,2923.4360487386184,2683.4360487386184,240.0,0.8717676220666077,20,23,5
0,1772829321.2249975,634.8,162,0.2967,0.6388,0.0595,0.449,48.0626,61.6495,46.5262,0.0,0.0,0.0,4.92,3.3,1.62,None,0.0541834831237793,20.267,True,None,sfc_unique_p2_33,0,None,36.99,17.32,198.0,43,48,6,6,0,True,86.17511520737328,9.271666666666667,5.096875,12.375,0.2079,0.6965,0.2295,0.1843,2923.4360487386184,2683.4360487386184,240.0,0.8717676220666077,20,23,5
0,1772829321.2932084,634.9,163,0.3022,0.6623,0.0754,0.474,49.9708,63.9174,49.111,0.0,0.0,0.0,3.71,2.15,1.55,None,0.11594080924987793,14.589,True,None,sfc_cache_p3_33,0,None,36.99,21.65,198.0,45,50,6,6,0,True,86.20689655172413,9.254199999999999,5.073,12.54,0.2058,0.7515,0.2316,0.1991,2966.457670778551,2716.457670778551,250.0,0.8648055823764627,23,22,5
0,1772829321.2948723,634.9,163,0.3022,0.6623,0.0754,0.474,49.9708,63.9174,49.111,0.0,0.0,0.0,5.06,3.38,1.67,None,0.11594080924987793,19.239,True,None,sfc_unique_p3_33,0,None,36.99,21.65,198.0,45,50,6,6,0,True,86.23853211009175,9.254199999999999,5.073,12.54,0.2058,0.7515,0.2316,0.1991,2966.457670778551,2716.457670778551,250.0,0.8648055823764627,23,22,5
0,1772829321.4475718,635.0,164,0.3061,0.6858,0.0912,0.474,51.4471,66.1854,49.111,0.0,0.0,0.0,3.71,2.15,1.55,None,0.18604326248168945,15.941,True,None,sfc_cache_p4_33,0,None,40.99,25.98,231.0,49,52,6,6,0,True,86.2700228832952,9.161153846153846,5.050961538461538,12.057692307692308,0.2,0.7814,0.2268,0.2041,2999.3148136356936,2739.3148136356936,260.0,0.8572450764153589,25,22,5
0,1772829321.449047,635.0,164,0.3061,0.6858,0.0912,0.474,51.4471,66.1854,49.111,0.0,0.0,0.0,5.06,3.38,1.67,None,0.18604326248168945,18.468,True,None,sfc_unique_p4_33,0,None,40.99,25.98,231.0,49,52,6,6,0,True,86.3013698630137,9.161153846153846,5.050961538461538,12.057692307692308,0.2,0.7814,0.2268,0.2041,2999.3148136356936,2739.3148136356936,260.0,0.8572450764153589,25,22,5
0,1772829321.5238762,635.1,165,0.3099,0.7093,0.1071,0.474,52.9235,68.4533,49.111,0.0,0.0,0.0,3.71,2.15,1.55,None,0.3398420810699463,14.478,True,None,sfc_cache_p5_33,0,None,44.99,30.31,264.0,53,54,6,6,0,True,86.33257403189066,9.075000000000001,5.030555555555555,11.61111111111111,0.1928,0.7866,0.2222,0.2023,3017.600527921408,2747.600527921408,270.0,0.8490731717405615,27,22,5
0,1772829321.5252216,635.1,165,0.3099,0.7093,0.1071,0.474,52.9235,68.4533,49.111,0.0,0.0,0.0,5.06,3.38,1.67,None,0.3398420810699463,24.755,True,None,sfc_unique_p5_33,0,None,44.99,30.31,264.0,53,54,6,6,0,True,86.36363636363636,9.075000000000001,5.030555555555555,11.61111111111111,0.1928,0.7866,0.2222,0.2023,3017.600527921408,2747.600527921408,270.0,0.8490731717405615,27,22,5
0,1772829321.5723567,635.2,166,0.3124,0.7327,0.1229,0.474,54.3998,70.7212,49.111,0.0,0.0,0.0,3.71,2.15,1.55,None,0.41593480110168457,9.573,True,None,sfc_cache_p6_33,0,None,48.99,34.64,297.0,56,56,6,6,0,True,86.39455782312925,8.995000000000001,5.011607142857143,11.196428571428571,0.1975,0.8064,0.2177,0.2004,3053.9663599635523,2773.9663599635523,280.0,0.8380795514260119,29,22,5
0,1772829321.5734956,635.2,166,0.3124,0.7327,0.1229,0.474,54.3998,70.7212,49.111,0.0,0.0,0.0,6.93,5.17,1.76,None,0.41593480110168457,10.689,True,None,sfc_unique_p6_33,0,None,48.99,34.64,297.0,56,56,6,6,0,True,86.42533936651584,8.995000000000001,5.011607142857143,11.196428571428571,0.1975,0.8064,0.2177,0.2004,3053.9663599635523,2773.9663599635523,280.0,0.8380795514260119,29,22,5
0,1772829350.2431703,663.8,166,0.2824,0.5073,0.0179,0.3992,45.5797,50.7283,39.9153,0.0,0.0,0.0,1.26,0.56,0.7,None,0.00024390220642089844,22.004,True,None,sfc_cache_p1_34,0,None,36.99,21.65,198.0,42,44,6,5,0,False,86.45598194130926,9.592045454545454,4.575227272727273,12.0,0.2091,0.605,0.2171,0.1451,2950.4133943792913,2730.4133943792913,220.0,0.8673559779280602,16,7,21
0,1772829350.2450721,663.8,166,0.2824,0.5073,0.0179,0.3992,45.5797,50.7283,39.9153,0.0,0.0,0.0,2.15,1.02,1.14,None,0.00024390220642089844,25.759,True,None,sfc_unique_p1_34,0,None,36.99,21.65,198.0,42,44,6,5,0,False,86.48648648648648,9.592045454545454,4.575227272727273,12.0,0.2091,0.605,0.2171,0.1451,2950.4133943792913,2730.4133943792913,220.0,0.8673559779280602,16,7,21
0,1772829350.3254156,663.9,167,0.2848,0.5627,0.034,0.4241,46.5517,56.272,42.41,0.0,0.0,0.0,2.13,1.42,0.71,None,0.08494901657104492,20.478,True,None,sfc_cache_p2_34,0,None,36.99,21.65,198.0,43,46,6,5,0,False,86.51685393258427,9.370652173913044,4.854565217391304,12.195652173913043,0.2028,0.6032,0.2131,0.161,2979.9707384436774,2749.9707384436774,230.0,0.8684000089121966,16,7,23
0,1772829350.3266525,663.9,167,0.2848,0.5627,0.034,0.4241,46.5517,56.272,42.41,0.0,0.0,0.0,2.15,1.02,1.14,None,0.08494901657104492,17.837,True,None,sfc_unique_p2_34,0,None,36.99,21.65,198.0,43,46,6,5,0,False,86.54708520179372,9.370652173913044,4.854565217391304,12.195652173913043,0.2028,0.6032,0.2131,0.161,2979.9707384436774,2749.9707384436774,230.0,0.8684000089121966,16,7,23
0,1772829350.3807452,664.0,168,0.2931,0.5846,0.0491,0.449,48.4956,58.4568,44.9047,0.0,0.0,0.0,2.11,1.33,0.77,None,0.16585135459899902,11.711,True,None,sfc_cache_p3_34,0,None,36.99,25.98,198.0,45,48,6,5,0,False,86.57718120805369,9.355208333333334,4.832916666666667,12.375,0.1958,0.6083,0.2098,0.1712,3002.928871859557,2762.928871859557,240.0,0.8693453871743434,16,7,25
0,1772829350.3819911,664.0,168,0.2931,0.5846,0.0491,0.449,48.4956,58.4568,44.9047,0.0,0.0,0.0,3.03,1.89,1.14,None,0.16585135459899902,14.888,True,None,sfc_unique_p3_34,0,None,36.99,25.98,198.0,45,48,6,5,0,False,86.60714285714286,9.355208333333334,4.832916666666667,12.375,0.1958,0.6083,0.2098,0.1712,3002.928871859557,2762.928871859557,240.0,0.8693453871743434,16,7,25
0,1772829350.5096722,664.1,169,0.2987,0.6064,0.0657,0.474,50.4395,60.6416,47.3995,0.0,0.0,0.0,2.39,1.45,0.94,None,0.22117328643798828,11.499,True,None,sfc_cache_p4_34,0,None,36.99,30.31,198.0,47,50,6,5,0,False,86.63697104677061,9.341000000000001,4.813,12.54,0.189,0.6076,0.2122,0.1768,3014.471589705092,2764.471589705092,250.0,0.8693746166595367,16,21,13
0,1772829350.5107675,664.1,169,0.2987,0.6064,0.0657,0.474,50.4395,60.6416,47.3995,0.0,0.0,0.0,3.03,1.89,1.14,None,0.22117328643798828,14.734,True,None,sfc_unique_p4_34,0,None,36.99,30.31,198.0,47,50,6,5,0,False,86.66666666666667,9.341000000000001,4.813,12.54,0.189,0.6076,0.2122,0.1768,3014.471589705092,2764.471589705092,250.0,0.8693746166595367,16,21,13
0,1772829350.5651588,664.2,170,0.3028,0.6283,0.0832,0.474,51.9515,62.8263,47.3995,0.0,0.0,0.0,2.39,1.45,0.94,None,0.3498356342315674,12.961,True,None,sfc_cache_p5_34,0,None,40.99,34.64,231.0,51,52,6,5,0,False,86.69623059866962,9.250961538461539,4.794615384615384,12.057692307692308,0.1826,0.6059,0.208,0.1754,3024.471589705092,2764.471589705092,260.0,0.8696899515416394,16,31,5
0,1772829350.5662305,664.2,170,0.3028,0.6283,0.0832,0.474,51.9515,62.8263,47.3995,0.0,0.0,0.0,3.01,1.87,1.14,None,0.3498356342315674,14.536,True,None,sfc_unique_p5_34,0,None,40.99,34.64,231.0,51,52,6,5,0,False,86.72566371681415,9.250961538461539,4.794615384615384,12.057692307692308,0.1826,0.6059,0.208,0.1754,3024.471589705092,2764.471589705092,260.0,0.8696899515416394,16,31,5
0,1772829350.6240556,664.2,171,0.3126,0.6325,0.0978,0.474,54.687,63.2472,47.3995,0.0,0.0,0.0,2.39,1.45,0.94,None,0.4052622318267822,13.192,True,None,sfc_cache_p6_34,0,None,44.99,34.64,264.0,54,54,6,5,0,False,86.75496688741721,9.377407407407407,4.647962962962963,11.61111111111111,0.1752,0.605,0.2039,0.1692,3034.471589705092,2764.471589705092,270.0,0.8690922926962772,16,33,5
0,1772829350.6258736,664.2,171,0.3126,0.6325,0.0978,0.474,54.687,63.2472,47.3995,0.0,0.0,0.0,3.85,2.71,1.14,None,0.4052622318267822,13.593,True,None,sfc_unique_p6_34,0,None,44.99,34.64,264.0,54,54,6,5,0,False,86.78414096916299,9.377407407407407,4.647962962962963,11.61111111111111,0.1752,0.605,0.2039,0.1692,3034.471589705092,2764.471589705092,270.0,0.8690922926962772,16,33,5
0,1772829380.2921953,693.9,171,0.32,0.6652,0.111,0.4989,56.631,66.523,49.8942,0.0,0.0,0.0,2.92,2.12,0.8,None,0.0004353523254394531,19.39,True,None,sfc_cache_p1_35,0,None,44.99,34.64,264.0,55,56,6,6,0,False,86.81318681318682,9.363928571428572,4.714107142857143,11.785714285714286,0.1774,0.6324,0.2014,0.1778,3081.7088594775732,2801.7088594775732,280.0,0.8668518972573381,19,32,5
0,1772829380.29431,693.9,171,0.32,0.6652,0.111,0.4989,56.631,66.523,49.8942,0.0,0.0,0.0,4.24,3.01,1.23,None,0.0004353523254394531,21.913,True,None,sfc_unique_p1_35,0,None,44.99,34.64,264.0,55,56,6,6,0,False,86.8421052631579,9.363928571428572,4.714107142857143,11.785714285714286,0.1774,0.6324,0.2014,0.1778,3081.7088594775732,2801.7088594775732,280.0,0.8668518972573381,19,32,5
0,1772829380.3784008,694.0,172,0.3261,0.6871,0.1275,0.5239,58.5749,68.7078,52.3889,0.0,0.0,0.0,2.86,1.87,0.99,None,0.08820319175720215,19.101,True,None,sfc_cache_p2_35,0,None,44.99,38.97,264.0,57,58,6,6,0,False,86.87089715536105,9.351379310344827,4.7010344827586215,11.948275862068966,0.1773,0.6434,0.1993,0.1824,3126.3401085102305,2836.3401085102305,290.0,0.864182480801574,21,33,4
0,1772829380.380633,694.0,172,0.3261,0.6871,0.1275,0.5239,58.5749,68.7078,52.3889,0.0,0.0,0.0,4.24,3.01,1.23,None,0.08820319175720215,21.752,True,None,sfc_unique_p2_35,0,None,44.99,38.97,264.0,57,58,6,6,0,False,86.8995633187773,9.351379310344827,4.7010344827586215,11.948275862068966,0.1773,0.6434,0.1993,0.1824,3126.3401085102305,2836.3401085102305,290.0,0.864182480801574,21,33,4
0,1772829380.465004,694.1,173,0.3331,0.7198,0.1413,0.5488,60.5188,71.9837,54.8836,0.0,0.0,0.0,3.75,2.75,1.0,None,0.17450213432312012,18.805,True,None,sfc_cache_p3_35,0,None,44.99,38.97,264.0,58,60,6,6,0,False,86.9281045751634,9.339666666666666,4.761,12.1,0.1775,0.6553,0.1971,0.189,3164.450614623835,2864.450614623835,300.0,0.8569303186704287,25,34,1
0,1772829380.46728,694.1,173,0.3331,0.7198,0.1413,0.5488,60.5188,71.9837,54.8836,0.0,0.0,0.0,4.24,3.01,1.23,None,0.17450213432312012,21.065,True,None,sfc_unique_p3_35,0,None,44.99,38.97,264.0,58,60,6,6,0,False,86.95652173913044,9.339666666666666,4.761,12.1,0.1775,0.6553,0.1971,0.189,3164.450614623835,2864.450614623835,300.0,0.8569303186704287,25,34,1
0,1772829380.68961,694.3,174,0.3376,0.7526,0.1562,0.5738,62.4627,75.2596,57.3783,0.0,0.0,0.0,4.73,2.9,1.82,None,0.26116418838500977,18.713,True,None,sfc_cache_p4_35,0,None,44.99,38.97,264.0,59,62,6,6,0,False,86.98481561822126,9.328709677419354,4.817096774193549,12.241935483870968,0.1786,0.6618,0.209,0.1963,3191.4704073128914,2881.4704073128914,310.0,0.8511630469252377,27,35,0
0,1772829380.6919124,694.3,174,0.3376,0.7526,0.1562,0.5738,62.4627,75.2596,57.3783,0.0,0.0,0.0,4.24,3.01,1.23,None,0.26116418838500977,20.867,True,None,sfc_unique_p4_35,0,None,44.99,38.97,264.0,59,62,6,6,0,False,87.01298701298701,9.328709677419354,4.817096774193549,12.241935483870968,0.1786,0.6618,0.209,0.1963,3191.4704073128914,2881.4704073128914,310.0,0.8511630469252377,27,35,0
0,1772829380.7743378,694.4,175,0.347,0.7635,0.1702,0.5738,64.911,76.3507,57.3783,0.0,0.0,0.0,4.68,2.86,1.82,None,0.48558545112609863,17.483,True,None,sfc_cache_p5_35,0,None,48.99,38.97,297.0,62,64,6,6,0,False,87.04103671706264,9.39140625,4.73421875,11.859375,0.1758,0.6863,0.2053,0.2008,3225.9808337174727,2905.9808337174727,320.0,0.8448395231322102,29,35,0
0,1772829380.7766902,694.4,175,0.347,0.7635,0.1702,0.5738,64.911,76.3507,57.3783,0.0,0.0,0.0,5.69,4.35,1.34,None,0.48558545112609863,20.246,True,None,sfc_unique_p5_35,0,None,48.99,38.97,297.0,62,64,6,6,0,False,87.06896551724138,9.39140625,4.73421875,11.859375,0.1758,0.6863,0.2053,0.2008,3225.9808337174727,2905.9808337174727,320.0,0.8448395231322102,29,35,0
0,1772829380.8587558,694.4,176,0.3553,0.7677,0.186,0.5738,67.1789,76.7715,57.3783,0.0,0.0,0.0,4.04,2.21,1.82,None,0.5704407691955566,17.018,True,None,sfc_cache_p6_35,0,None,52.99,43.3,330.0,65,66,6,6,0,False,87.09677419354838,9.424999999999999,4.616060606060606,11.5,0.1721,0.6864,0.2017,0.2064,3243.8023783700028,2913.8023783700028,330.0,0.8421253679597032,31,35,0
0,1772829380.8611128,694.4,176,0.3553,0.7677,0.186,0.5738,67.1789,76.7715,57.3783,0.0,0.0,0.0,5.14,3.78,1.36,None,0.5704407691955566,19.347,True,None,sfc_unique_p6_35,0,None,52.99,43.3,330.0,65,66,6,6,0,False,87.1244635193133,9.424999999999999,4.616060606060606,11.5,0.1721,0.6864,0.2017,0.2064,3243.8023783700028,2913.8023783700028,330.0,0.8421253679597032,31,35,0
0,1772829410.3440778,723.9,176,0.2144,0.5586,0.0179,0.2994,32.4366,55.8613,29.9365,0.0,0.0,0.0,3.43,2.46,0.98,None,0.00021386146545410156,22.516,True,None,sfc_cache_p1_36,0,None,28.000000000000007,38.97,231.0,40,38,6,4,0,False,87.15203426124198,7.903947368421053,5.833684210526316,10.421052631578947,0.2582,0.7246,0.2186,0.1389,2864.830420153157,2674.830420153157,190.0,0.8404436530354246,25,4,9
0,1772829410.3458285,723.9,176,0.2144,0.5586,0.0179,0.2994,32.4366,55.8613,29.9365,0.0,0.0,0.0,6.22,4.81,1.41,None,0.00021386146545410156,26.217,True,None,sfc_unique_p1_36,0,None,28.000000000000007,38.97,231.0,40,38,6,4,0,False,87.17948717948718,7.903947368421053,5.833684210526316,10.421052631578947,0.2582,0.7246,0.2186,0.1389,2864.830420153157,2674.830420153157,190.0,0.8404436530354246,25,4,9
0,1772829410.4334557,724.0,177,0.2242,0.5914,0.031,0.3243,34.3805,59.1372,32.4312,0.0,0.0,0.0,4.21,3.24,0.98,None,0.0927581787109375,21.336,True,None,sfc_cache_p2_36,0,None,28.000000000000007,38.97,231.0,42,40,6,4,0,False,87.20682302771856,7.95875,5.867,10.725,0.2634,0.7251,0.2193,0.1548,2897.1179976119024,2697.1179976119024,200.0,0.8369127697747324,30,1,9
0,1772829410.43518,724.0,177,0.2242,0.5914,0.031,0.3243,34.3805,59.1372,32.4312,0.0,0.0,0.0,6.93,5.52,1.41,None,0.0927581787109375,24.758,True,None,sfc_unique_p2_36,0,None,28.000000000000007,38.97,231.0,42,40,6,4,0,False,87.2340425531915,7.95875,5.867,10.725,0.2634,0.7251,0.2193,0.1548,2897.1179976119024,2697.1179976119024,200.0,0.8369127697747324,30,1,9
0,1772829410.6547732,724.2,178,0.2308,0.6141,0.0455,0.3243,35.8568,61.4051,32.4312,0.0,0.0,0.0,4.21,3.24,0.98,None,0.18216323852539062,21.463,True,None,sfc_cache_p3_36,0,None,32.0,43.3,264.0,45,42,6,4,0,False,87.26114649681529,7.9052380952380945,5.801904761904762,10.214285714285714,0.2613,0.7383,0.2145,0.1651,2940.2545148632494,2730.2545148632494,210.0,0.8322314881478962,32,1,9
0,1772829410.6565752,724.2,178,0.2308,0.6141,0.0455,0.3243,35.8568,61.4051,32.4312,0.0,0.0,0.0,6.93,5.52,1.42,None,0.18216323852539062,24.245,True,None,sfc_unique_p3_36,0,None,32.0,43.3,264.0,45,42,6,4,0,False,87.28813559322035,7.9052380952380945,5.801904761904762,10.214285714285714,0.2613,0.7383,0.2145,0.1651,2940.2545148632494,2730.2545148632494,210.0,0.8322314881478962,32,1,9
0,1772829410.7448833,724.3,179,0.2372,0.6367,0.06,0.3243,37.3331,63.673,32.4312,0.0,0.0,0.0,4.21,3.24,0.98,None,0.4036285877227783,21.035,True,None,sfc_cache_p4_36,0,None,36.0,47.63,297.0,49,44,6,4,0,False,87.31501057082453,7.856590909090909,5.742727272727273,9.75,0.253,0.7443,0.2098,0.1676,2978.39180598861,2758.39180598861,220.0,0.8263644719298854,34,1,9
0,1772829410.7467744,724.3,179,0.2372,0.6367,0.06,0.3243,37.3331,63.673,32.4312,0.0,0.0,0.0,6.93,5.52,1.42,None,0.4036285877227783,24.254,True,None,sfc_unique_p4_36,0,None,36.0,47.63,297.0,49,44,6,4,0,False,87.34177215189874,7.856590909090909,5.742727272727273,9.75,0.253,0.7443,0.2098,0.1676,2978.39180598861,2758.39180598861,220.0,0.8263644719298854,34,1,9
0,1772829410.8401206,724.4,180,0.2435,0.6594,0.0744,0.3243,38.8095,65.9409,32.4312,0.0,0.0,0.0,4.21,3.24,0.98,None,0.4938235282897949,22.076,True,None,sfc_cache_p5_36,0,None,40.0,51.96,330.0,53,46,6,4,0,False,87.36842105263159,7.812173913043479,5.688695652173913,9.326086956521738,0.2406,0.7437,0.2053,0.1647,2998.856493832006,2768.856493832006,230.0,0.8194785533466756,36,1,9
0,1772829410.842103,724.4,180,0.2435,0.6594,0.0744,0.3243,38.8095,65.9409,32.4312,0.0,0.0,0.0,6.93,5.52,1.42,None,0.4938235282897949,24.907,True,None,sfc_unique_p5_36,0,None,40.0,51.96,330.0,53,46,6,4,0,False,87.39495798319328,7.812173913043479,5.688695652173913,9.326086956521738,0.2406,0.7437,0.2053,0.1647,2998.856493832006,2768.856493832006,230.0,0.8194785533466756,36,1,9
0,1772829410.9341486,724.5,181,0.2556,0.6594,0.0876,0.3243,41.2577,65.9409,32.4312,0.0,0.0,0.0,4.21,3.24,0.98,None,0.5891246795654297,22.045,True,None,sfc_cache_p6_36,0,None,44.0,56.29,363.0,57,48,6,4,0,False,87.42138364779875,7.9589583333333325,5.451666666666667,8.9375,0.2278,0.7437,0.201,0.1562,3027.3168714825247,2787.3168714825247,240.0,0.8117685612706684,38,1,9
0,1772829410.9361293,724.5,181,0.2556,0.6594,0.0876,0.3243,41.2577,65.9409,32.4312,0.0,0.0,0.0,7.79,6.37,1.43,None,0.5891246795654297,23.081,True,None,sfc_unique_p6_36,0,None,44.0,56.29,363.0,57,48,6,4,0,False,87.44769874476988,7.9589583333333325,5.451666666666667,8.9375,0.2278,0.7437,0.201,0.1562,3027.3168714825247,2787.3168714825247,240.0,0.8117685612706684,38,1,9
0,1772829433.377225,747.0,181,0.2292,0.525,0.0137,0.2744,33.4442,52.5023,27.4418,0.0,0.0,0.0,1.9,1.13,0.77,None,0.0002963542938232422,22.093,True,None,sfc_cache_p1_37,0,None,32.0,38.970000000000006,264.0,42,38,6,4,0,False,87.47390396659708,8.149473684210527,5.4828947368421055,9.552631578947368,0.1896,0.5848,0.1955,0.1199,2822.304387613853,2632.304387613853,190.0,0.8439584662752633,25,3,10
0,1772829433.3788912,747.0,181,0.2292,0.525,0.0137,0.2744,33.4442,52.5023,27.4418,0.0,0.0,0.0,4.32,3.14,1.19,None,0.0002963542938232422,24.395,True,None,sfc_unique_p1_37,0,None,32.0,38.970000000000006,264.0,42,38,6,4,0,False,87.5,8.149473684210527,5.4828947368421055,9.552631578947368,0.1896,0.5848,0.1955,0.1199,2822.304387613853,2632.304387613853,190.0,0.8439584662752633,25,3,10
0,1772829433.4665666,747.1,182,0.2379,0.5586,0.0273,0.2994,35.3525,55.8613,29.9365,0.0,0.0,0.0,2.21,1.42,0.79,None,0.08981513977050781,21.559,True,None,sfc_cache_p2_37,0,None,32.0,38.97,264.0,44,40,6,4,0,False,87.52598752598753,8.18375,5.542,9.9,0.1844,0.6066,0.1865,0.1276,2866.778385447006,2666.778385447006,200.0,0.8398051483980234,26,3,11
0,1772829433.468268,747.1,182,0.2379,0.5586,0.0273,0.2994,35.3525,55.8613,29.9365,0.0,0.0,0.0,4.32,3.14,1.19,None,0.08981513977050781,24.594,True,None,sfc_unique_p2_37,0,None,32.0,38.97,264.0,44,40,6,4,0,False,87.55186721991701,8.18375,5.542,9.9,0.1844,0.6066,0.1865,0.1276,2866.778385447006,2666.778385447006,200.0,0.8398051483980234,26,3,11
0,1772829433.6779885,747.3,183,0.2474,0.5922,0.0407,0.3243,37.2608,59.2203,32.4312,0.0,0.0,0.0,3.16,2.36,0.81,None,0.17915964126586914,21.372,True,None,sfc_cache_p3_37,0,None,32.0,38.97,264.0,45,42,6,4,0,False,87.5776397515528,8.214761904761904,5.59547619047619,10.214285714285714,0.1809,0.6334,0.2041,0.1399,2899.3680503595574,2689.3680503595574,210.0,0.8300572020341725,28,3,11
0,1772829433.6797495,747.3,183,0.2474,0.5922,0.0407,0.3243,37.2608,59.2203,32.4312,0.0,0.0,0.0,4.32,3.14,1.19,None,0.17915964126586914,24.524,True,None,sfc_unique_p3_37,0,None,32.0,38.97,264.0,45,42,6,4,0,False,87.60330578512396,8.214761904761904,5.59547619047619,10.214285714285714,0.1809,0.6334,0.2041,0.1399,2899.3680503595574,2689.3680503595574,210.0,0.8300572020341725,28,3,11
0,1772829433.76638,747.4,184,0.2515,0.6149,0.054,0.3243,38.7371,61.4883,32.4312,0.0,0.0,0.0,3.16,2.36,0.81,None,0.3906688690185547,20.907,True,None,sfc_cache_p4_37,0,None,36.0,43.3,297.0,49,44,6,4,0,False,87.62886597938144,8.152045454545455,5.545681818181818,9.75,0.179,0.6354,0.1997,0.1513,2920.097426617103,2700.097426617103,220.0,0.8300602314468427,29,3,12
0,1772829433.7682273,747.4,184,0.2515,0.6149,0.054,0.3243,38.7371,61.4883,32.4312,0.0,0.0,0.0,3.35,2.15,1.2,None,0.3906688690185547,23.443,True,None,sfc_unique_p4_37,0,None,36.0,43.3,297.0,49,44,6,4,0,False,87.65432098765432,8.152045454545455,5.545681818181818,9.75,0.179,0.6354,0.1997,0.1513,2920.097426617103,2700.097426617103,220.0,0.8300602314468427,29,3,12
0,1772829433.8548675,747.4,185,0.2577,0.6376,0.0674,0.3243,40.2134,63.7562,32.4312,0.0,0.0,0.0,3.16,2.36,0.81,None,0.4792015552520752,20.815,True,None,sfc_cache_p5_37,0,None,40.0,47.63,330.0,53,46,6,4,0,False,87.67967145790554,8.094782608695652,5.500217391304347,9.326086956521738,0.1765,0.6313,0.1954,0.1601,2940.120642837502,2710.120642837502,230.0,0.8297918940465224,30,3,13
0,1772829433.8567016,747.4,185,0.2577,0.6376,0.0674,0.3243,40.2134,63.7562,32.4312,0.0,0.0,0.0,3.35,2.15,1.2,None,0.4792015552520752,23.226,True,None,sfc_unique_p5_37,0,None,40.0,47.63,330.0,53,46,6,4,0,False,87.70491803278688,8.094782608695652,5.500217391304347,9.326086956521738,0.1765,0.6313,0.1954,0.1601,2940.120642837502,2710.120642837502,230.0,0.8297918940465224,30,3,13
0,1772829433.9424198,747.5,186,0.2676,0.6376,0.0809,0.3243,42.6617,63.7562,32.4312,0.0,0.0,0.0,3.16,2.36,0.81,None,0.5676710605621338,20.651,True,None,sfc_cache_p6_37,0,None,44.0,51.96,363.0,57,48,6,4,0,False,87.73006134969326,8.229791666666666,5.271041666666666,8.9375,0.1746,0.6313,0.1914,0.1602,2972.0599711148584,2732.0599711148584,240.0,0.8291920527037192,31,3,14
0,1772829433.9443858,747.5,186,0.2676,0.6376,0.0809,0.3243,42.6617,63.7562,32.4312,0.0,0.0,0.0,4.22,3.0,1.22,None,0.5676710605621338,21.994,True,None,sfc_unique_p6_37,0,None,44.0,51.96,363.0,57,48,6,4,0,False,87.75510204081633,8.229791666666666,5.271041666666666,8.9375,0.1746,0.6313,0.1914,0.1602,2972.0599711148584,2732.0599711148584,240.0,0.8291920527037192,31,3,14
0,1772829454.408959,768.0,186,0.2374,0.4796,0.0132,0.2495,34.9583,47.9614,24.9471,0.0,0.0,0.0,1.98,1.42,0.56,None,0.00017309188842773438,21.739,True,None,sfc_cache_p1_38,0,None,36.0,38.97,297.0,45,38,6,4,0,False,87.78004073319755,8.51842105263158,5.008684210526316,8.68421052631579,0.1845,0.6202,0.1674,0.1463,2791.0419398503486,2601.0419398503486,190.0,0.8180951773454181,28,3,7
0,1772829454.4106946,768.0,186,0.2374,0.4796,0.0132,0.2495,34.9583,47.9614,24.9471,0.0,0.0,0.0,2.88,1.89,0.99,None,0.00017309188842773438,24.438,True,None,sfc_unique_p1_38,0,None,36.0,38.97,297.0,45,38,6,4,0,False,87.8048780487805,8.51842105263158,5.008684210526316,8.68421052631579,0.1845,0.6202,0.1674,0.1463,2791.0419398503486,2601.0419398503486,190.0,0.8180951773454181,28,3,7
0,1772829454.4989913,768.1,187,0.2452,0.5115,0.0272,0.2744,36.9379,51.1541,27.4418,0.0,0.0,0.0,1.59,1.03,0.57,None,0.09065842628479004,21.779,True,None,sfc_cache_p2_38,0,None,36.0,38.97,297.0,46,40,6,4,0,False,87.82961460446246,8.550749999999999,5.075,9.075,0.1837,0.6152,0.1861,0.1563,2829.942651814441,2629.942651814441,200.0,0.8230558957102445,28,3,9
0,1772829454.5006828,768.1,187,0.2452,0.5115,0.0272,0.2744,36.9379,51.1541,27.4418,0.0,0.0,0.0,2.88,1.89,0.99,None,0.09065842628479004,24.457,True,None,sfc_unique_p2_38,0,None,36.0,38.97,297.0,46,40,6,4,0,False,87.85425101214574,8.550749999999999,5.075,9.075,0.1837,0.6152,0.1861,0.1563,2829.942651814441,2629.942651814441,200.0,0.8230558957102445,28,3,9
0,1772829454.7110412,768.3,188,0.2523,0.5451,0.0411,0.2994,38.8462,54.5132,29.9365,0.0,0.0,0.0,2.01,1.39,0.62,None,0.18063879013061523,21.119,True,None,sfc_cache_p3_38,0,None,36.0,38.97,297.0,47,42,6,4,0,False,87.87878787878788,8.564285714285713,5.150714285714286,9.428571428571429,0.1814,0.6186,0.1981,0.1614,2872.834232065176,2662.834232065176,210.0,0.8269999909881707,28,3,11
0,1772829454.7128985,768.3,188,0.2523,0.5451,0.0411,0.2994,38.8462,54.5132,29.9365,0.0,0.0,0.0,2.95,1.95,1.0,None,0.18063879013061523,23.844,True,None,sfc_unique_p3_38,0,None,36.0,38.97,297.0,47,42,6,4,0,False,87.90322580645162,8.564285714285713,5.150714285714286,9.428571428571429,0.1814,0.6186,0.1981,0.1614,2872.834232065176,2662.834232065176,210.0,0.8269999909881707,28,3,11
0,1772829454.8010666,768.4,189,0.2573,0.5678,0.0551,0.2994,40.3225,56.7811,29.9365,0.0,0.0,0.0,2.01,1.39,0.62,None,0.39286231994628906,21.471,True,None,sfc_cache_p4_38,0,None,40.0,43.3,330.0,51,44,6,4,0,False,87.92756539235413,8.485681818181819,5.121136363636364,9.0,0.1777,0.6125,0.1938,0.1603,2897.115690043817,2677.115690043817,220.0,0.8307319942424066,28,3,13
0,1772829454.8029466,768.4,189,0.2573,0.5678,0.0551,0.2994,40.3225,56.7811,29.9365,0.0,0.0,0.0,2.95,1.95,1.0,None,0.39286231994628906,23.969,True,None,sfc_unique_p4_38,0,None,40.0,43.3,330.0,51,44,6,4,0,False,87.95180722891565,8.485681818181819,5.121136363636364,9.0,0.1777,0.6125,0.1938,0.1603,2897.115690043817,2677.115690043817,220.0,0.8307319942424066,28,3,13
0,1772829454.8893642,768.5,190,0.2629,0.5947,0.068,0.2994,42.0861,59.4698,29.9365,0.0,0.0,0.0,2.0,1.38,0.62,None,0.48291850090026855,20.573,True,None,sfc_cache_p5_38,0,None,44.0,43.3,363.0,54,46,6,4,0,False,87.97595190380761,8.471739130434782,5.130434782608695,8.608695652173912,0.1765,0.6243,0.1896,0.1665,2942.089765264371,2712.089765264371,230.0,0.8347582879082931,28,3,15
0,1772829454.891269,768.5,190,0.2629,0.5947,0.068,0.2994,42.0861,59.4698,29.9365,0.0,0.0,0.0,2.96,1.86,1.1,None,0.48291850090026855,23.021,True,None,sfc_unique_p5_38,0,None,44.0,43.3,363.0,54,46,6,4,0,False,88.0,8.471739130434782,5.130434782608695,8.608695652173912,0.1765,0.6243,0.1896,0.1665,2942.089765264371,2712.089765264371,230.0,0.8347582879082931,28,3,15
0,1772829454.9774392,768.6,191,0.2676,0.6216,0.081,0.2994,43.382,62.1586,29.9365,0.0,0.0,0.0,2.0,1.38,0.62,None,0.571326732635498,20.502,True,None,sfc_cache_p6_38,0,None,52.33,43.3,396.0,58,48,6,4,0,False,88.02395209580838,8.36875,5.138958333333333,8.25,0.1743,0.6292,0.1857,0.1677,2979.028319667714,2739.028319667714,240.0,0.8384575663549182,28,3,17
0,1772829454.9793508,768.6,191,0.2676,0.6216,0.081,0.2994,43.382,62.1586,29.9365,0.0,0.0,0.0,2.96,1.86,1.1,None,0.571326732635498,22.461,True,None,sfc_unique_p6_38,0,None,52.33,43.3,396.0,58,48,6,4,0,False,88.04780876494024,8.36875,5.138958333333333,8.25,0.1743,0.6292,0.1857,0.1677,2979.028319667714,2739.028319667714,240.0,0.8384575663549182,28,3,17
0,1772829473.4169204,787.0,191,0.2748,0.6552,0.094,0.3243,45.2903,65.5176,32.4312,0.0,0.0,0.0,3.56,2.37,1.19,None,0.00042176246643066406,14.134,True,None,sfc_cache_p1_39,0,None,52.33,43.3,396.0,58,50,6,5,0,False,88.07157057654076,8.3874,5.2,8.58,0.1951,0.678,0.1738,0.1823,3027.998669838151,2777.998669838151,250.0,0.831873070009886,32,1,17
0,1772829473.418006,787.0,191,0.2748,0.6552,0.094,0.3243,45.2903,65.5176,32.4312,0.0,0.0,0.0,6.75,5.17,1.58,None,0.00042176246643066406,13.292,True,None,sfc_unique_p1_39,0,None,52.33,43.3,396.0,58,50,6,5,0,False,88.09523809523809,8.3874,5.2,8.58,0.1951,0.678,0.1738,0.1823,3027.998669838151,2777.998669838151,250.0,0.831873070009886,32,1,17
0,1772829473.5360937,787.1,192,0.282,0.6879,0.1075,0.3493,47.2342,68.7935,34.9259,0.0,0.0,0.0,4.78,3.45,1.33,None,0.06640863418579102,11.319,True,None,sfc_cache_p2_39,0,None,52.33,43.3,396.0,59,52,6,5,0,False,88.11881188118812,8.410961538461539,5.25,8.884615384615385,0.2044,0.7232,0.1675,0.1945,3085.1404811179777,2825.1404811179777,260.0,0.8235868898055408,34,1,17
0,1772829473.5371375,787.1,192,0.282,0.6879,0.1075,0.3493,47.2342,68.7935,34.9259,0.0,0.0,0.0,4.92,3.3,1.62,None,0.06640863418579102,12.728,True,None,sfc_unique_p2_39,0,None,52.33,43.3,396.0,59,52,6,5,0,False,88.14229249011858,8.410961538461539,5.25,8.884615384615385,0.2044,0.7232,0.1675,0.1945,3085.1404811179777,2825.1404811179777,260.0,0.8235868898055408,34,1,17
0,1772829473.587862,787.2,193,0.2853,0.7199,0.124,0.3742,48.7462,71.9862,37.4206,0.0,0.0,0.0,2.65,1.09,1.55,None,0.18550896644592285,11.331,True,None,sfc_cache_p3_39,0,None,52.33,47.63,396.0,62,54,6,5,0,False,88.16568047337277,8.358703703703704,5.2901851851851855,9.166666666666666,0.2063,0.7301,0.1836,0.2032,3110.211909689406,2840.211909689406,270.0,0.8175961935372739,36,1,17
0,1772829473.5889661,787.2,193,0.2853,0.7199,0.124,0.3742,48.7462,71.9862,37.4206,0.0,0.0,0.0,4.92,3.3,1.62,None,0.18550896644592285,12.768,True,None,sfc_unique_p3_39,0,None,52.33,47.63,396.0,62,54,6,5,0,False,88.18897637795276,8.358703703703704,5.2901851851851855,9.166666666666666,0.2063,0.7301,0.1836,0.2032,3110.211909689406,2840.211909689406,270.0,0.8175961935372739,36,1,17
0,1772829473.6383822,787.2,194,0.2907,0.7425,0.1399,0.3992,50.6545,74.2541,39.9153,0.0,0.0,0.0,3.71,2.15,1.55,None,0.23734831809997559,10.732,True,None,sfc_cache_p4_39,0,None,52.33,51.96,396.0,65,56,6,5,0,False,88.21218074656188,8.375714285714286,5.261964285714286,9.428571428571429,0.2102,0.7586,0.1863,0.2121,3155.835947117714,2875.835947117714,280.0,0.8098167292310716,38,1,17
0,1772829473.6394978,787.2,194,0.2907,0.7425,0.1399,0.3992,50.6545,74.2541,39.9153,0.0,0.0,0.0,6.93,5.17,1.76,None,0.23734831809997559,12.066,True,None,sfc_unique_p4_39,0,None,52.33,51.96,396.0,65,56,6,5,0,False,88.23529411764706,8.375714285714286,5.261964285714286,9.428571428571429,0.2102,0.7586,0.1863,0.2121,3155.835947117714,2875.835947117714,280.0,0.8098167292310716,38,1,17
0,1772829473.6893568,787.3,195,0.2957,0.7652,0.1558,0.3992,52.1308,76.522,39.9153,0.0,0.0,0.0,3.71,2.15,1.55,None,0.28764867782592773,10.811,True,None,sfc_cache_p5_39,0,None,56.33,56.29,429.0,69,58,6,5,0,False,88.25831702544032,8.32258620689655,5.235689655172414,9.10344827586207,0.206,0.7678,0.1828,0.2155,3177.128900325027,2887.128900325027,290.0,0.8002796691068224,40,1,17
0,1772829473.6904552,787.3,195,0.2957,0.7652,0.1558,0.3992,52.1308,76.522,39.9153,0.0,0.0,0.0,6.93,5.17,1.76,None,0.28764867782592773,12.027,True,None,sfc_unique_p5_39,0,None,56.33,56.29,429.0,69,58,6,5,0,False,88.28125,8.32258620689655,5.235689655172414,9.10344827586207,0.206,0.7678,0.1828,0.2155,3177.128900325027,2887.128900325027,290.0,0.8002796691068224,40,1,17
0,1772829473.7391627,787.3,196,0.3041,0.7845,0.1695,0.3992,54.2194,78.4523,39.9153,0.0,0.0,0.0,3.69,2.13,1.55,None,0.3385906219482422,10.642,True,None,sfc_cache_p6_39,0,None,60.33,56.29,462.0,72,60,6,5,0,False,88.30409356725146,8.3675,5.188833333333333,8.8,0.2059,0.7682,0.1794,0.2165,3203.70604318217,2903.70604318217,300.0,0.7944259244630697,42,1,17
0,1772829473.740375,787.3,196,0.3041,0.7845,0.1695,0.3992,54.2194,78.4523,39.9153,0.0,0.0,0.0,4.9,3.28,1.62,None,0.3385906219482422,10.885,True,None,sfc_unique_p6_39,0,None,60.33,56.29,462.0,72,60,6,5,0,False,88.32684824902724,8.3675,5.188833333333333,8.8,0.2059,0.7682,0.1794,0.2165,3203.70604318217,2903.70604318217,300.0,0.7944259244630697,42,1,17
0,1772829485.4803653,799.1,196,0.3129,0.8114,0.1828,0.4241,56.415,81.141,42.41,0.0,0.0,0.0,2.01,1.39,0.62,None,0.00040531158447265625,17.841,True,None,sfc_cache_p1_40,0,None,60.33,56.29,462.0,72,62,6,6,0,False,88.3495145631068,8.425483870967742,5.193548387096774,9.048387096774194,0.2034,0.7716,0.1821,0.2153,3227.430311871227,2917.430311871227,310.0,0.7977542364746201,42,1,19
0,1772829485.482683,799.1,196,0.3129,0.8114,0.1828,0.4241,56.415,81.141,42.41,0.0,0.0,0.0,2.96,1.86,1.1,None,0.00040531158447265625,17.88,True,None,sfc_unique_p1_40,0,None,60.33,56.29,462.0,72,62,6,6,0,False,88.37209302325581,8.425483870967742,5.193548387096774,9.048387096774194,0.2034,0.7716,0.1821,0.2153,3227.430311871227,2917.430311871227,310.0,0.7977542364746201,42,1,19
0,1772829485.6952076,799.3,197,0.3242,0.8114,0.1955,0.4241,59.3309,81.141,42.41,0.0,0.0,0.0,2.53,1.79,0.75,None,0.08582091331481934,17.387,True,None,sfc_cache_p2_40,0,None,64.33,56.29,495.0,75,64,6,6,0,False,88.39458413926499,8.5840625,5.03125,8.765625,0.2005,0.7716,0.1789,0.2076,3254.6439784863023,2934.6439784863023,320.0,0.8006082900319235,43,7,14
0,1772829485.6975942,799.3,197,0.3242,0.8114,0.1955,0.4241,59.3309,81.141,42.41,0.0,0.0,0.0,3.82,2.71,1.12,None,0.08582091331481934,17.441,True,None,sfc_unique_p2_40,0,None,64.33,56.29,495.0,75,64,6,6,0,False,88.41698841698842,8.5840625,5.03125,8.765625,0.2005,0.7716,0.1789,0.2076,3254.6439784863023,2934.6439784863023,320.0,0.8006082900319235,43,7,14
0,1772829485.780571,799.4,198,0.3339,0.8114,0.2081,0.4241,61.7791,81.141,42.41,0.0,0.0,0.0,2.53,1.79,0.75,None,0.3007988929748535,17.49,True,None,sfc_cache_p3_40,0,None,72.66,56.29,528.0,79,66,6,6,0,False,88.4393063583815,8.667424242424241,4.878787878787879,8.5,0.1964,0.7716,0.1757,0.1982,3268.1229291131403,2938.1229291131403,330.0,0.8032467173012185,43,12,11
0,1772829485.782857,799.4,198,0.3339,0.8114,0.2081,0.4241,61.7791,81.141,42.41,0.0,0.0,0.0,3.82,2.71,1.12,None,0.3007988929748535,17.164,True,None,sfc_unique_p3_40,0,None,72.66,56.29,528.0,79,66,6,6,0,False,88.46153846153845,8.667424242424241,4.878787878787879,8.5,0.1964,0.7716,0.1757,0.1982,3268.1229291131403,2938.1229291131403,330.0,0.8032467173012185,43,12,11
0,1772829485.8397958,799.4,199,0.3433,0.8114,0.2207,0.4241,64.2274,81.141,42.41,0.0,0.0,0.0,2.53,1.79,0.75,None,0.3860127925872803,10.284,True,None,sfc_cache_p4_40,0,None,80.99,56.29,561.0,83,68,6,6,0,False,88.48368522072937,8.745882352941177,4.735294117647059,8.25,0.1918,0.7716,0.1727,0.1882,3281.6018797399784,2941.6018797399784,340.0,0.8055596380578133,43,18,7
0,1772829485.8411145,799.4,199,0.3433,0.8114,0.2207,0.4241,64.2274,81.141,42.41,0.0,0.0,0.0,3.82,2.71,1.12,None,0.3860127925872803,10.14,True,None,sfc_unique_p4_40,0,None,80.99,56.29,561.0,83,68,6,6,0,False,88.50574712643679,8.745882352941177,4.735294117647059,8.25,0.1918,0.7716,0.1727,0.1882,3281.6018797399784,2941.6018797399784,340.0,0.8055596380578133,43,18,7
0,1772829485.8920326,799.5,200,0.3501,0.8114,0.2333,0.4241,66.6757,81.141,42.41,0.0,0.0,0.0,2.53,1.79,0.75,None,0.44324231147766113,11.056,True,None,sfc_cache_p5_40,0,None,89.32,56.29,594.0,87,70,6,6,0,False,88.52772466539197,8.819857142857142,4.6,8.014285714285714,0.1868,0.7716,0.1698,0.1783,3295.0808303668164,2945.0808303668164,350.0,0.8075755174116567,43,24,3
0,1772829485.893386,799.5,200,0.3501,0.8114,0.2333,0.4241,66.6757,81.141,42.41,0.0,0.0,0.0,3.82,2.71,1.12,None,0.44324231147766113,10.243,True,None,sfc_unique_p5_40,0,None,89.32,56.29,594.0,87,70,6,6,0,False,88.54961832061069,8.819857142857142,4.6,8.014285714285714,0.1868,0.7716,0.1698,0.1783,3295.0808303668164,2945.0808303668164,350.0,0.8075755174116567,43,24,3
0,1772829485.9418278,799.5,201,0.3539,0.845,0.2519,0.449,68.584,84.5001,44.9047,0.0,0.0,0.0,2.29,1.48,0.81,None,0.49527549743652344,9.704,True,None,sfc_cache_p6_40,0,None,89.32,56.29,594.0,88,72,6,6,0,False,88.57142857142857,8.820277777777777,4.657361111111111,8.25,0.1945,0.8477,0.1724,0.1796,3336.8426443677918,2976.8426443677918,360.0,0.8039076476889929,45,24,3
0,1772829485.9432318,799.5,201,0.3539,0.845,0.2519,0.449,68.584,84.5001,44.9047,0.0,0.0,0.0,6.77,5.37,1.4,None,0.49527549743652344,9.075,True,None,sfc_unique_p6_40,0,None,89.32,56.29,594.0,88,72,6,6,0,False,88.59315589353612,8.820277777777777,4.657361111111111,8.25,0.1945,0.8477,0.1724,0.1796,3336.8426443677918,2976.8426443677918,360.0,0.8039076476889929,45,24,3
0,1772829508.5581114,822.1,201,0.3208,0.7316,0.0636,0.3742,58.5036,73.1605,37.4206,0.0,0.0,0.0,4.73,3.57,1.16,None,0.00011467933654785156,11.366,True,None,sfc_cache_p1_41,0,None,81.32,47.63,528.0,77,62,6,6,0,False,88.61480075901328,8.73741935483871,4.682741935483871,7.983870967741935,0.1983,0.7827,0.1617,0.1302,3156.5606592936565,2846.5606592936565,310.0,0.8219943586715773,34,24,4
0,1772829508.5593927,822.1,201,0.3208,0.7316,0.0636,0.3742,58.5036,73.1605,37.4206,0.0,0.0,0.0,4.07,2.23,1.84,None,0.00011467933654785156,10.341,True,None,sfc_unique_p1_41,0,None,81.32,47.63,528.0,77,62,6,6,0,False,88.63636363636364,8.73741935483871,4.682741935483871,7.983870967741935,0.1983,0.7827,0.1617,0.1302,3156.5606592936565,2846.5606592936565,310.0,0.8219943586715773,34,24,4
0,1772829508.6090827,822.2,202,0.3282,0.7577,0.0822,0.3992,60.7348,75.7661,39.9153,0.0,0.0,0.0,2.8,1.45,1.35,None,0.12449860572814941,10.494,True,None,sfc_cache_p2_41,0,None,81.32,47.63,528.0,78,64,6,6,0,False,88.65784499054821,8.7871875,4.69796875,8.25,0.1962,0.7987,0.1646,0.1323,3195.592542903005,2875.592542903005,320.0,0.8210505741595009,35,25,4
0,1772829508.610306,822.2,202,0.3282,0.7577,0.0822,0.3992,60.7348,75.7661,39.9153,0.0,0.0,0.0,3.98,2.15,1.84,None,0.12449860572814941,9.97,True,None,sfc_unique_p2_41,0,None,81.32,47.63,528.0,78,64,6,6,0,False,88.67924528301887,8.7871875,4.69796875,8.25,0.1962,0.7987,0.1646,0.1323,3195.592542903005,2875.592542903005,320.0,0.8210505741595009,35,25,4
0,1772829508.6572602,822.2,203,0.3351,0.7904,0.0983,0.4241,62.6787,79.0419,42.41,0.0,0.0,0.0,3.11,1.7,1.4,None,0.1753983497619629,9.951,True,None,sfc_cache_p3_41,0,None,81.32,47.63,528.0,80,66,6,6,0,False,88.70056497175142,8.793636363636363,4.752575757575758,8.5,0.1946,0.8137,0.1674,0.1371,3246.5981921833018,2916.5981921833018,330.0,0.8223273298748278,35,28,3
0,1772829508.658561,822.2,203,0.3351,0.7904,0.0983,0.4241,62.6787,79.0419,42.41,0.0,0.0,0.0,3.98,2.15,1.84,None,0.1753983497619629,8.164,True,None,sfc_unique_p3_41,0,None,81.32,47.63,528.0,80,66,6,6,0,False,88.7218045112782,8.793636363636363,4.752575757575758,8.5,0.1946,0.8137,0.1674,0.1371,3246.5981921833018,2916.5981921833018,330.0,0.8223273298748278,35,28,3
0,1772829508.7036533,822.3,204,0.3381,0.8131,0.1128,0.4241,64.155,81.3098,42.41,0.0,0.0,0.0,3.09,1.69,1.4,None,0.22365164756774902,8.107,True,None,sfc_cache_p4_41,0,None,85.32,51.96,561.0,83,68,6,6,0,False,88.74296435272045,8.736029411764704,4.745147058823529,8.25,0.2065,0.8918,0.1645,0.1435,3287.276841083209,2947.276841083209,340.0,0.8201019896945896,36,29,3
0,1772829508.7049456,822.3,204,0.3381,0.8131,0.1128,0.4241,64.155,81.3098,42.41,0.0,0.0,0.0,10.7,8.86,1.84,None,0.22365164756774902,8.023,True,None,sfc_unique_p4_41,0,None,85.32,51.96,561.0,83,68,6,6,0,False,88.76404494382022,8.736029411764704,4.745147058823529,8.25,0.2065,0.8918,0.1645,0.1435,3287.276841083209,2947.276841083209,340.0,0.8201019896945896,36,29,3
0,1772829508.7499404,822.3,205,0.3454,0.8215,0.1279,0.4241,66.2437,82.149,42.41,0.0,0.0,0.0,3.09,1.69,1.4,None,0.2700519561767578,8.024,True,None,sfc_cache_p5_41,0,None,89.32,56.29,594.0,86,70,6,6,0,False,88.78504672897196,8.762714285714285,4.6571428571428575,8.014285714285714,0.2142,0.897,0.1618,0.1503,3314.1810865124,2964.1810865124,350.0,0.8148611179953104,37,30,3
0,1772829508.7512488,822.3,205,0.3454,0.8215,0.1279,0.4241,66.2437,82.149,42.41,0.0,0.0,0.0,10.67,8.63,2.04,None,0.2700519561767578,7.646,True,None,sfc_unique_p5_41,0,None,89.32,56.29,594.0,86,70,6,6,0,False,88.80597014925374,8.762714285714285,4.6571428571428575,8.014285714285714,0.2142,0.897,0.1618,0.1503,3314.1810865124,2964.1810865124,350.0,0.8148611179953104,37,30,3
0,1772829508.8693914,822.5,206,0.3494,0.8542,0.144,0.449,68.1876,85.4249,44.9047,0.0,0.0,0.0,6.04,4.16,1.88,None,0.3163166046142578,7.781,True,None,sfc_cache_p6_41,0,None,89.32,56.29,594.0,88,72,6,6,0,False,88.8268156424581,8.769305555555555,4.708333333333333,8.25,0.2191,0.9595,0.1744,0.1586,3369.5868813683037,3009.5868813683037,360.0,0.8095963940736639,39,30,3
0,1772829508.870712,822.5,206,0.3494,0.8542,0.144,0.449,68.1876,85.4249,44.9047,0.0,0.0,0.0,8.53,6.22,2.31,None,0.3163166046142578,7.638,True,None,sfc_unique_p6_41,0,None,89.32,56.29,594.0,88,72,6,6,0,False,88.84758364312268,8.769305555555555,4.708333333333333,8.25,0.2191,0.9595,0.1744,0.1586,3369.5868813683037,3009.5868813683037,360.0,0.8095963940736639,39,30,3
0,1772829520.618327,834.2,206,0.3544,0.887,0.1572,0.474,70.1315,88.7007,47.3995,0.0,0.0,0.0,2.69,1.69,1.0,None,0.00041222572326660156,13.426,True,None,sfc_cache_p1_42,0,None,89.32,56.29,594.0,89,74,6,7,0,False,88.86827458256029,8.77554054054054,4.756756756756757,8.472972972972974,0.2166,0.9621,0.172,0.1657,3393.1683703019053,3023.1683703019053,370.0,0.8106910122116329,39,35,0
0,1772829520.621002,834.2,206,0.3544,0.887,0.1572,0.474,70.1315,88.7007,47.3995,0.0,0.0,0.0,3.58,2.15,1.43,None,0.00041222572326660156,12.878,True,None,sfc_unique_p1_42,0,None,89.32,56.29,594.0,89,74,6,7,0,False,88.88888888888889,8.77554054054054,4.756756756756757,8.472972972972974,0.2166,0.9621,0.172,0.1657,3393.1683703019053,3023.1683703019053,370.0,0.8106910122116329,39,35,0
0,1772829520.6981387,834.3,207,0.3667,0.8912,0.1707,0.4989,73.2991,89.1216,49.8942,0.0,0.0,0.0,2.92,1.55,1.37,None,0.08205175399780273,12.543,True,None,sfc_cache_p2_42,0,None,89.32,56.29,594.0,91,76,6,7,0,False,88.909426987061,8.930526315789473,4.653552631578948,8.68421052631579,0.2169,0.9617,0.17,0.173,3426.3167157592643,3046.3167157592643,380.0,0.8069242717894852,40,36,0
0,1772829520.700764,834.3,207,0.3667,0.8912,0.1707,0.4989,73.2991,89.1216,49.8942,0.0,0.0,0.0,5.88,4.34,1.53,None,0.08205175399780273,11.91,True,None,sfc_unique_p2_42,0,None,89.32,56.29,594.0,91,76,6,7,0,False,88.92988929889299,8.930526315789473,4.653552631578948,8.68421052631579,0.2169,0.9617,0.17,0.173,3426.3167157592643,3046.3167157592643,380.0,0.8069242717894852,40,36,0
0,1772829520.7756002,834.4,208,0.3773,0.9021,0.1838,0.5239,76.1793,90.2127,52.3889,0.0,0.0,0.0,4.15,2.58,1.57,None,0.16173934936523438,12.448,True,None,sfc_cache_p3_42,0,None,89.32,56.29,594.0,92,78,6,7,0,False,88.95027624309392,9.043461538461539,4.589743589743589,8.884615384615385,0.2157,0.9604,0.1676,0.1797,3450.0585235289595,3060.0585235289595,390.0,0.7987294535255861,42,36,0
0,1772829520.778257,834.4,208,0.3773,0.9021,0.1838,0.5239,76.1793,90.2127,52.3889,0.0,0.0,0.0,5.88,4.34,1.53,None,0.16173934936523438,11.25,True,None,sfc_unique_p3_42,0,None,89.32,56.29,594.0,92,78,6,7,0,False,88.97058823529412,9.043461538461539,4.589743589743589,8.884615384615385,0.2157,0.9604,0.1676,0.1797,3450.0585235289595,3060.0585235289595,390.0,0.7987294535255861,42,36,0
0,1772829520.8530586,834.4,209,0.3851,0.9021,0.1981,0.5488,79.0596,90.2127,54.8836,0.0,0.0,0.0,4.4,2.84,1.57,None,0.23931145668029785,11.637,True,None,sfc_cache_p4_42,0,None,93.65,56.29,594.0,95,80,6,7,0,False,88.9908256880734,9.150749999999999,4.475,9.075,0.2119,0.9604,0.1787,0.1861,3463.5374741557976,3063.5374741557976,400.0,0.7916946456352207,53,27,0
0,1772829520.8558466,834.4,209,0.3851,0.9021,0.1981,0.5488,79.0596,90.2127,54.8836,0.0,0.0,0.0,5.88,4.34,1.53,None,0.23931145668029785,11.56,True,None,sfc_unique_p4_42,0,None,93.65,56.29,594.0,95,80,6,7,0,False,89.01098901098901,9.150749999999999,4.475,9.075,0.2119,0.9604,0.1787,0.1861,3463.5374741557976,3063.5374741557976,400.0,0.7916946456352207,53,27,0
0,1772829521.077221,834.7,210,0.3919,0.9021,0.2143,0.5488,81.5078,90.2127,54.8836,0.0,0.0,0.0,4.4,2.84,1.57,None,0.3169569969177246,12.028,True,None,sfc_cache_p5_42,0,None,101.98,56.29,627.0,99,82,6,7,0,False,89.03107861060329,9.204024390243903,4.365853658536586,8.853658536585366,0.2082,0.9604,0.1759,0.1927,3475.811502943911,3065.811502943911,410.0,0.7889574907368222,55,27,0
0,1772829521.0800023,834.7,210,0.3919,0.9021,0.2143,0.5488,81.5078,90.2127,54.8836,0.0,0.0,0.0,5.99,3.82,2.16,None,0.3169569969177246,10.884,True,None,sfc_unique_p5_42,0,None,101.98,56.29,627.0,99,82,6,7,0,False,89.05109489051095,9.204024390243903,4.365853658536586,8.853658536585366,0.2082,0.9604,0.1759,0.1927,3475.811502943911,3065.811502943911,410.0,0.7889574907368222,55,27,0
0,1772829521.1578097,834.7,211,0.404,0.9021,0.2307,0.5738,84.8557,90.2127,57.3783,0.0,0.0,0.0,5.61,3.23,2.39,None,0.5410337448120117,11.562,True,None,sfc_cache_p6_42,0,None,101.98,56.29,627.0,100,84,6,7,0,False,89.07103825136612,9.353928571428572,4.261904761904762,9.035714285714286,0.2058,0.9604,0.1742,0.1983,3490.097217229625,3070.097217229625,420.0,0.7854519375768806,57,27,0
0,1772829521.160716,834.7,211,0.404,0.9021,0.2307,0.5738,84.8557,90.2127,57.3783,0.0,0.0,0.0,5.99,3.82,2.16,None,0.5410337448120117,10.914,True,None,sfc_unique_p6_42,0,None,101.98,56.29,627.0,100,84,6,7,0,False,89.0909090909091,9.353928571428572,4.261904761904762,9.035714285714286,0.2058,0.9604,0.1742,0.1983,3490.097217229625,3070.097217229625,420.0,0.7854519375768806,57,27,0
0,1772829544.6651347,858.3,211,0.4065,0.8584,0.0799,0.5738,84.2801,85.8432,57.3783,0.0,0.0,0.0,3.79,2.46,1.34,None,0.0002009868621826172,15.334,True,None,sfc_cache_p1_43,0,None,97.98,51.96,594.0,94,82,6,8,0,False,89.11070780399274,9.517073170731708,4.154390243902439,9.25609756097561,0.2138,0.9572,0.1769,0.2015,3487.544838859622,3077.544838859622,410.0,0.7902521135562942,55,27,0
0,1772829544.668206,858.3,211,0.4065,0.8584,0.0799,0.5738,84.2801,85.8432,57.3783,0.0,0.0,0.0,8.4,6.64,1.76,None,0.0002009868621826172,15.17,True,None,sfc_unique_p1_43,0,None,97.98,51.96,594.0,94,82,6,8,0,False,89.13043478260869,9.517073170731708,4.154390243902439,9.25609756097561,0.2138,0.9572,0.1769,0.2015,3487.544838859622,3077.544838859622,410.0,0.7902521135562942,55,27,0
0,1772829544.7492583,858.3,212,0.4065,0.8584,0.0799,0.5738,84.2801,85.8432,57.3783,0.0,0.0,0.0,None,None,None,None,0.08838224411010742,15.042,False,None,sfc_cache_p2_43,0,None,97.98,51.96,594.0,94,82,6,8,0,False,88.96925858951175,9.517073170731708,4.154390243902439,9.25609756097561,0.2138,0.9572,0.1769,0.2015,3487.544838859622,3077.544838859622,410.0,0.7902521135562942,55,27,0
0,1772829544.7520335,858.3,212,0.4065,0.8584,0.0799,0.5738,84.2801,85.8432,57.3783,0.0,0.0,0.0,7.29,5.52,1.77,None,0.08838224411010742,13.241,False,None,sfc_unique_p2_43,0,None,97.98,51.96,594.0,94,82,6,8,0,False,88.8086642599278,9.517073170731708,4.154390243902439,9.25609756097561,0.2138,0.9572,0.1769,0.2015,3487.544838859622,3077.544838859622,410.0,0.7902521135562942,55,27,0
0,1772829544.8325913,858.4,213,0.4065,0.8584,0.0799,0.5738,84.2801,85.8432,57.3783,0.0,0.0,0.0,None,None,None,None,0.1719040870666504,14.908,False,None,sfc_cache_p3_43,0,None,97.98,51.96,594.0,94,82,6,8,0,False,88.64864864864866,9.517073170731708,4.154390243902439,9.25609756097561,0.2138,0.9572,0.1769,0.2015,3487.544838859622,3077.544838859622,410.0,0.7902521135562942,55,27,0
0,1772829544.8354201,858.4,213,0.4065,0.8584,0.0799,0.5738,84.2801,85.8432,57.3783,0.0,0.0,0.0,7.29,5.52,1.77,None,0.1719040870666504,13.234,False,None,sfc_unique_p3_43,0,None,97.98,51.96,594.0,94,82,6,8,0,False,88.48920863309353,9.517073170731708,4.154390243902439,9.25609756097561,0.2138,0.9572,0.1769,0.2015,3487.544838859622,3077.544838859622,410.0,0.7902521135562942,55,27,0
0,1772829545.0400548,858.6,214,0.4065,0.8584,0.0799,0.5738,84.2801,85.8432,57.3783,0.0,0.0,0.0,None,None,None,None,0.2553532123565674,14.985,False,None,sfc_cache_p4_43,0,None,97.98,51.96,594.0,94,82,6,8,0,False,88.33034111310593,9.517073170731708,4.154390243902439,9.25609756097561,0.2138,0.9572,0.1769,0.2015,3487.544838859622,3077.544838859622,410.0,0.7902521135562942,55,27,0
0,1772829545.042718,858.6,214,0.4065,0.8584,0.0799,0.5738,84.2801,85.8432,57.3783,0.0,0.0,0.0,7.29,5.52,1.77,None,0.2553532123565674,13.213,False,None,sfc_unique_p4_43,0,None,97.98,51.96,594.0,94,82,6,8,0,False,88.17204301075269,9.517073170731708,4.154390243902439,9.25609756097561,0.2138,0.9572,0.1769,0.2015,3487.544838859622,3077.544838859622,410.0,0.7902521135562942,55,27,0
0,1772829545.1220436,858.7,215,0.4065,0.8584,0.0799,0.5738,84.2801,85.8432,57.3783,0.0,0.0,0.0,None,None,None,None,0.4625437259674072,14.832,False,None,sfc_cache_p5_43,0,None,97.98,51.96,594.0,94,82,6,8,0,False,88.01431127012522,9.517073170731708,4.154390243902439,9.25609756097561,0.2138,0.9572,0.1769,0.2015,3487.544838859622,3077.544838859622,410.0,0.7902521135562942,55,27,0
0,1772829545.1248639,858.7,215,0.4065,0.8584,0.0799,0.5738,84.2801,85.8432,57.3783,0.0,0.0,0.0,7.29,5.52,1.77,None,0.4625437259674072,13.106,False,None,sfc_unique_p5_43,0,None,97.98,51.96,594.0,94,82,6,8,0,False,87.85714285714286,9.517073170731708,4.154390243902439,9.25609756097561,0.2138,0.9572,0.1769,0.2015,3487.544838859622,3077.544838859622,410.0,0.7902521135562942,55,27,0
0,1772829545.2046812,858.8,216,0.4065,0.8584,0.0799,0.5738,84.2801,85.8432,57.3783,0.0,0.0,0.0,None,None,None,None,0.5446634292602539,15.205,False,None,sfc_cache_p6_43,0,None,97.98,51.96,594.0,94,82,6,8,0,False,87.70053475935828,9.517073170731708,4.154390243902439,9.25609756097561,0.2138,0.9572,0.1769,0.2015,3487.544838859622,3077.544838859622,410.0,0.7902521135562942,55,27,0
0,1772829545.2074492,858.8,216,0.4065,0.8584,0.0799,0.5738,84.2801,85.8432,57.3783,0.0,0.0,0.0,7.29,5.52,1.77,None,0.5446634292602539,13.245,False,None,sfc_unique_p6_43,0,None,97.98,51.96,594.0,94,82,6,8,0,False,87.54448398576513,9.517073170731708,4.154390243902439,9.25609756097561,0.2138,0.9572,0.1769,0.2015,3487.544838859622,3077.544838859622,410.0,0.7902521135562942,55,27,0
0,1772829562.7123573,876.3,216,0.3659,0.6678,0.0134,0.4989,67.7178,66.7775,49.8942,0.0,0.0,0.0,2.02,1.42,0.6,None,0.0002460479736328125,18.937,True,None,sfc_cache_p1_44,0,None,73.98,25.98000000000001,396.0,67,64,6,7,0,False,87.56660746003553,9.7975,4.140625,10.3125,0.2417,0.8669,0.1854,0.1961,3302.711252008967,2982.711252008967,320.0,0.8302615283414021,29,11,24
0,1772829562.7147155,876.3,216,0.3659,0.6678,0.0134,0.4989,67.7178,66.7775,49.8942,0.0,0.0,0.0,2.97,1.95,1.03,None,0.0002460479736328125,19.215,True,None,sfc_unique_p1_44,0,None,73.98,25.98000000000001,396.0,67,64,6,7,0,False,87.58865248226951,9.7975,4.140625,10.3125,0.2417,0.8669,0.1854,0.1961,3302.711252008967,2982.711252008967,320.0,0.8302615283414021,29,11,24
0,1772829562.8042862,876.4,217,0.3699,0.6905,0.0267,0.4989,69.1941,69.0455,49.8942,0.0,0.0,0.0,2.02,1.42,0.6,None,0.0930948257446289,18.762,True,None,sfc_cache_p2_44,0,None,77.98,30.31,429.0,71,66,6,7,0,False,87.61061946902655,9.707727272727274,4.151515151515151,10.0,0.2357,0.8687,0.1822,0.2057,3312.711252008967,2982.711252008967,330.0,0.8318254910416171,29,11,26
0,1772829562.8066306,876.4,217,0.3699,0.6905,0.0267,0.4989,69.1941,69.0455,49.8942,0.0,0.0,0.0,2.97,1.95,1.03,None,0.0930948257446289,19.267,True,None,sfc_unique_p2_44,0,None,77.98,30.31,429.0,71,66,6,7,0,False,87.63250883392226,9.707727272727274,4.151515151515151,10.0,0.2357,0.8687,0.1822,0.2057,3312.711252008967,2982.711252008967,330.0,0.8318254910416171,29,11,26
0,1772829563.0330956,876.6,218,0.3724,0.7131,0.0401,0.4989,70.6704,71.3134,49.8942,0.0,0.0,0.0,2.02,1.42,0.6,None,0.1850295066833496,18.804,True,None,sfc_cache_p3_44,0,None,81.98,34.64,462.0,75,68,6,7,0,False,87.65432098765432,9.623235294117647,4.161764705882353,9.705882352941176,0.2294,0.8643,0.179,0.2113,3322.711252008967,2982.711252008967,340.0,0.8330267109031854,29,33,6
0,1772829563.0355325,876.6,218,0.3724,0.7131,0.0401,0.4989,70.6704,71.3134,49.8942,0.0,0.0,0.0,2.97,1.95,1.03,None,0.1850295066833496,18.754,True,None,sfc_unique_p3_44,0,None,81.98,34.64,462.0,75,68,6,7,0,False,87.67605633802818,9.623235294117647,4.161764705882353,9.705882352941176,0.2294,0.8643,0.179,0.2113,3322.711252008967,2982.711252008967,340.0,0.8330267109031854,29,33,6
0,1772829563.124134,876.7,219,0.3763,0.735,0.0541,0.4989,72.1824,73.4981,49.8942,0.0,0.0,0.0,2.02,1.42,0.6,None,0.41396546363830566,18.502,True,None,sfc_cache_p4_44,0,None,85.98,38.97,495.0,79,70,6,7,0,False,87.69771528998243,9.548285714285715,4.166714285714286,9.428571428571429,0.2235,0.8698,0.176,0.213,3341.4382292570713,2991.4382292570713,350.0,0.834122706278274,29,41,0
0,1772829563.1266618,876.7,219,0.3763,0.735,0.0541,0.4989,72.1824,73.4981,49.8942,0.0,0.0,0.0,2.92,1.89,1.03,None,0.41396546363830566,17.893,True,None,sfc_unique_p4_44,0,None,85.98,38.97,495.0,79,70,6,7,0,False,87.71929824561403,9.548285714285715,4.166714285714286,9.428571428571429,0.2235,0.8698,0.176,0.213,3341.4382292570713,2991.4382292570713,350.0,0.834122706278274,29,41,0
0,1772829563.2164896,876.8,220,0.3811,0.7677,0.0699,0.5239,74.1263,76.774,52.3889,0.0,0.0,0.0,1.72,1.01,0.71,None,0.5051469802856445,17.9,True,None,sfc_cache_p5_44,0,None,85.98,38.97,495.0,81,72,6,7,0,False,87.74080560420316,9.533055555555556,4.231527777777778,9.625,0.2184,0.8766,0.1893,0.2084,3360.994025573431,3000.994025573431,360.0,0.8348957246144226,29,43,0
0,1772829563.2190738,876.8,220,0.3811,0.7677,0.0699,0.5239,74.1263,76.774,52.3889,0.0,0.0,0.0,3.06,1.92,1.14,None,0.5051469802856445,17.367,True,None,sfc_unique_p5_44,0,None,85.98,38.97,495.0,81,72,6,7,0,False,87.76223776223776,9.533055555555556,4.231527777777778,9.625,0.2184,0.8766,0.1893,0.2084,3360.994025573431,3000.994025573431,360.0,0.8348957246144226,29,43,0
0,1772829563.307875,876.9,221,0.3829,0.8097,0.0887,0.5239,75.243,80.9722,52.3889,0.0,0.0,0.0,2.14,1.41,0.73,None,0.597569465637207,17.781,True,None,sfc_cache_p6_44,0,None,89.98,38.97,528.0,84,74,6,7,0,False,87.78359511343804,9.415135135135136,4.342297297297297,9.364864864864865,0.2134,0.8758,0.1862,0.2021,3370.994025573431,3000.994025573431,370.0,0.8355589138024341,29,45,0
0,1772829563.3105986,876.9,221,0.3829,0.8097,0.0887,0.5239,75.243,80.9722,52.3889,0.0,0.0,0.0,2.17,1.02,1.16,None,0.597569465637207,16.099,True,None,sfc_unique_p6_44,0,None,89.98,38.97,528.0,84,74,6,7,0,False,87.8048780487805,9.415135135135136,4.342297297297297,9.364864864864865,0.2134,0.8758,0.1862,0.2021,3370.994025573431,3000.994025573431,370.0,0.8355589138024341,29,45,0
0,1772829581.7747602,895.4,221,0.3921,0.8206,0.1049,0.5488,78.1232,82.0633,54.8836,0.0,0.0,0.0,4.2,3.24,0.96,None,0.0003972053527832031,22.37,True,None,sfc_cache_p1_45,0,None,89.98,38.97,528.0,84,76,6,8,0,False,87.82608695652175,9.518289473684211,4.285,9.552631578947368,0.2199,0.8744,0.1844,0.2064,3396.693961884103,3016.693961884103,380.0,0.8285759341992711,31,45,0
0,1772829581.777333,895.4,221,0.3921,0.8206,0.1049,0.5488,78.1232,82.0633,54.8836,0.0,0.0,0.0,11.58,9.76,1.82,None,0.0003972053527832031,24.732,True,None,sfc_unique_p1_45,0,None,89.98,38.97,528.0,84,76,6,8,0,False,87.84722222222221,9.518289473684211,4.285,9.552631578947368,0.2199,0.8744,0.1844,0.2064,3396.693961884103,3016.693961884103,380.0,0.8285759341992711,31,45,0
0,1772829581.9993918,895.6,222,0.3964,0.8542,0.1245,0.5738,80.0315,85.4223,57.3783,0.0,0.0,0.0,5.25,3.76,1.49,None,0.11985993385314941,15.249,True,None,sfc_cache_p2_45,0,None,89.98,38.97,528.0,85,78,6,8,0,False,87.8682842287695,9.50076923076923,4.3460256410256415,9.73076923076923,0.2181,0.9242,0.1825,0.2135,3438.177916021072,3048.177916021072,390.0,0.8195685874903823,35,43,0
0,1772829582.0020525,895.6,222,0.3964,0.8542,0.1245,0.5738,80.0315,85.4223,57.3783,0.0,0.0,0.0,5.01,3.14,1.87,None,0.11985993385314941,13.623,True,None,sfc_unique_p2_45,0,None,89.98,38.97,528.0,85,78,6,8,0,False,87.88927335640139,9.50076923076923,4.3460256410256415,9.73076923076923,0.2181,0.9242,0.1825,0.2135,3438.177916021072,3048.177916021072,390.0,0.8195685874903823,35,43,0
0,1772829582.0873556,895.7,223,0.3991,0.8878,0.1487,0.5987,81.9398,88.7814,59.873,0.0,0.0,0.0,6.06,4.12,1.94,None,0.34467172622680664,14.953,True,None,sfc_cache_p3_45,0,None,89.98,38.97,528.0,86,80,6,8,0,False,87.91018998272885,9.484125,4.404,9.9,0.216,0.9584,0.1813,0.2138,3473.3675844437557,3073.3675844437557,400.0,0.8080016136340115,39,41,0
0,1772829582.0900893,895.7,223,0.3991,0.8878,0.1487,0.5987,81.9398,88.7814,59.873,0.0,0.0,0.0,5.01,3.14,1.87,None,0.34467172622680664,13.546,True,None,sfc_unique_p3_45,0,None,89.98,38.97,528.0,86,80,6,8,0,False,87.93103448275862,9.484125,4.404,9.9,0.216,0.9584,0.1813,0.2138,3473.3675844437557,3073.3675844437557,400.0,0.8080016136340115,39,41,0
0,1772829582.1737854,895.8,224,0.3991,0.8878,0.1487,0.5987,81.9398,88.7814,59.873,0.0,0.0,0.0,None,None,None,None,0.4327125549316406,15.459,False,None,sfc_cache_p4_45,0,None,89.98,38.97,528.0,86,80,6,8,0,False,87.77969018932875,9.484125,4.404,9.9,0.216,0.9584,0.1813,0.2138,3473.3675844437557,3073.3675844437557,400.0,0.8080016136340115,39,41,0
0,1772829582.1765487,895.8,224,0.3991,0.8878,0.1487,0.5987,81.9398,88.7814,59.873,0.0,0.0,0.0,8.62,6.63,2.0,None,0.4327125549316406,13.025,False,None,sfc_unique_p4_45,0,None,89.98,38.97,528.0,86,80,6,8,0,False,87.62886597938144,9.484125,4.404,9.9,0.216,0.9584,0.1813,0.2138,3473.3675844437557,3073.3675844437557,400.0,0.8080016136340115,39,41,0
0,1772829582.2604282,895.8,225,0.3991,0.8878,0.1487,0.5987,81.9398,88.7814,59.873,0.0,0.0,0.0,None,None,None,None,0.5192270278930664,15.485,False,None,sfc_cache_p5_45,0,None,89.98,38.97,528.0,86,80,6,8,0,False,87.47855917667239,9.484125,4.404,9.9,0.216,0.9584,0.1813,0.2138,3473.3675844437557,3073.3675844437557,400.0,0.8080016136340115,39,41,0
0,1772829582.2631865,895.8,225,0.3991,0.8878,0.1487,0.5987,81.9398,88.7814,59.873,0.0,0.0,0.0,8.62,6.63,2.0,None,0.5192270278930664,13.093,False,None,sfc_unique_p5_45,0,None,89.98,38.97,528.0,86,80,6,8,0,False,87.32876712328768,9.484125,4.404,9.9,0.216,0.9584,0.1813,0.2138,3473.3675844437557,3073.3675844437557,400.0,0.8080016136340115,39,41,0
0,1772829582.3463998,895.9,226,0.3991,0.8878,0.1487,0.5987,81.9398,88.7814,59.873,0.0,0.0,0.0,None,None,None,None,0.6055877208709717,15.635,False,None,sfc_cache_p6_45,0,None,89.98,38.97,528.0,86,80,6,8,0,False,87.17948717948718,9.484125,4.404,9.9,0.216,0.9584,0.1813,0.2138,3473.3675844437557,3073.3675844437557,400.0,0.8080016136340115,39,41,0
0,1772829582.349117,895.9,226,0.3991,0.8878,0.1487,0.5987,81.9398,88.7814,59.873,0.0,0.0,0.0,8.62,6.63,2.0,None,0.6055877208709717,12.839,False,None,sfc_unique_p6_45,0,None,89.98,38.97,528.0,86,80,6,8,0,False,87.03071672354949,9.484125,4.404,9.9,0.216,0.9584,0.1813,0.2138,3473.3675844437557,3073.3675844437557,400.0,0.8080016136340115,39,41,0
0,1772829604.8711529,918.5,226,0.3625,0.5829,0.0144,0.449,62.6787,58.2905,44.9047,0.0,0.0,0.0,3.78,2.98,0.8,None,0.0001933574676513672,12.439,True,None,sfc_cache_p1_46,0,None,65.65,21.65,363.0,59,58,6,7,0,False,87.05281090289608,10.006551724137932,3.9882758620689653,10.241379310344827,0.2329,0.7723,0.1762,0.1866,3190.690862705013,2900.690862705013,290.0,0.8286449452786335,27,9,22
0,1772829604.8732626,918.5,226,0.3625,0.5829,0.0144,0.449,62.6787,58.2905,44.9047,0.0,0.0,0.0,6.76,5.52,1.23,None,0.0001933574676513672,23.052,True,None,sfc_unique_p1_46,0,None,65.65,21.65,363.0,59,58,6,7,0,False,87.07482993197279,10.006551724137932,3.9882758620689653,10.241379310344827,0.2329,0.7723,0.1762,0.1866,3190.690862705013,2900.690862705013,290.0,0.8286449452786335,27,9,22
0,1772829604.9736729,918.6,227,0.3668,0.6148,0.0297,0.474,64.6583,61.4832,47.3995,0.0,0.0,0.0,3.62,2.81,0.81,None,0.17922592163085938,20.741,True,None,sfc_cache_p2_46,0,None,65.65,21.65,363.0,60,60,6,7,0,False,87.09677419354838,9.9785,4.0665000000000004,10.45,0.2277,0.7706,0.191,0.1987,3211.523175117785,2911.523175117785,300.0,0.8224916708032992,29,9,22
0,1772829604.9759967,918.6,227,0.3668,0.6148,0.0297,0.474,64.6583,61.4832,47.3995,0.0,0.0,0.0,6.76,5.52,1.23,None,0.17922592163085938,23.339,True,None,sfc_unique_p2_46,0,None,65.65,21.65,363.0,60,60,6,7,0,False,87.11864406779661,9.9785,4.0665000000000004,10.45,0.2277,0.7706,0.191,0.1987,3211.523175117785,2911.523175117785,300.0,0.8224916708032992,29,9,22
0,1772829605.0740285,918.7,228,0.3719,0.6484,0.0457,0.4989,66.5666,64.8423,49.8942,0.0,0.0,0.0,4.04,3.17,0.86,None,0.28199291229248047,19.752,True,None,sfc_cache_p3_46,0,None,65.65,21.65,363.0,61,62,6,7,0,False,87.1404399323181,9.941612903225806,4.150322580645161,10.64516129032258,0.2216,0.7743,0.1888,0.2095,3231.883413470981,2921.883413470981,310.0,0.8154812332562764,31,22,9
0,1772829605.0762978,918.7,228,0.3719,0.6484,0.0457,0.4989,66.5666,64.8423,49.8942,0.0,0.0,0.0,6.76,5.52,1.24,None,0.28199291229248047,22.04,True,None,sfc_unique_p3_46,0,None,65.65,21.65,363.0,61,62,6,7,0,False,87.16216216216216,9.941612903225806,4.150322580645161,10.64516129032258,0.2216,0.7743,0.1888,0.2095,3231.883413470981,2921.883413470981,310.0,0.8154812332562764,31,22,9
0,1772829605.169324,918.8,229,0.3745,0.6921,0.0643,0.5239,68.0429,69.2093,52.3889,0.0,0.0,0.0,3.69,2.46,1.23,None,0.38231468200683594,18.633,True,None,sfc_cache_p4_46,0,None,65.65,21.65,363.0,62,64,6,7,0,False,87.18381112984824,9.84453125,4.29140625,10.828125,0.2157,0.7704,0.2028,0.2159,3244.9549194298106,2924.9549194298106,320.0,0.8123506612907103,32,32,0
0,1772829605.1716273,918.8,229,0.3745,0.6921,0.0643,0.5239,68.0429,69.2093,52.3889,0.0,0.0,0.0,3.19,1.95,1.24,None,0.38231468200683594,20.762,True,None,sfc_unique_p4_46,0,None,65.65,21.65,363.0,62,64,6,7,0,False,87.20538720538721,9.84453125,4.29140625,10.828125,0.2157,0.7704,0.2028,0.2159,3244.9549194298106,2924.9549194298106,320.0,0.8123506612907103,32,32,0
0,1772829605.2620525,918.8,230,0.3813,0.7005,0.0811,0.5488,70.5635,70.0484,54.8836,0.0,0.0,0.0,2.96,1.73,1.23,None,0.47763752937316895,17.35,True,None,sfc_cache_p5_46,0,None,65.65,25.98,363.0,65,66,6,7,0,False,87.22689075630252,9.899848484848485,4.211818181818182,11.0,0.2102,0.7681,0.2006,0.2179,3254.9549194298106,2924.9549194298106,330.0,0.8130816816645916,32,34,0
0,1772829605.2644305,918.9,230,0.3813,0.7005,0.0811,0.5488,70.5635,70.0484,54.8836,0.0,0.0,0.0,3.14,1.89,1.25,None,0.47763752937316895,19.882,True,None,sfc_unique_p5_46,0,None,65.65,25.98,363.0,65,66,6,7,0,False,87.24832214765101,9.899848484848485,4.211818181818182,11.0,0.2102,0.7681,0.2006,0.2179,3254.9549194298106,2924.9549194298106,330.0,0.8130816816645916,32,34,0
0,1772829605.4820075,919.1,231,0.3846,0.7341,0.1001,0.5738,72.4718,73.4074,57.3783,0.0,0.0,0.0,3.3,1.97,1.33,None,0.5704634189605713,16.966,True,None,sfc_cache_p6_46,0,None,65.65,25.98,363.0,67,68,6,7,0,False,87.26968174204355,9.868529411764705,4.283970588235294,11.161764705882353,0.2064,0.7905,0.1982,0.226,3279.2084908583824,2939.2084908583824,340.0,0.8122703120599768,34,34,0
0,1772829605.483403,919.1,231,0.3846,0.7341,0.1001,0.5738,72.4718,73.4074,57.3783,0.0,0.0,0.0,3.28,1.92,1.36,None,0.5704634189605713,17.026,True,None,sfc_unique_p6_46,0,None,65.65,25.98,363.0,67,68,6,7,0,False,87.29096989966555,9.868529411764705,4.283970588235294,11.161764705882353,0.2064,0.7905,0.1982,0.226,3279.2084908583824,2939.2084908583824,340.0,0.8122703120599768,34,34,0
0,1772829618.8311841,932.4,231,0.3012,0.556,0.0134,0.449,48.2073,55.5992,44.9047,0.0,0.0,0.0,2.11,1.39,0.72,None,0.0001728534698486328,19.617,True,None,sfc_cache_p1_47,0,None,28.66000000000001,17.32,165.0,40,46,6,6,0,False,87.31218697829716,9.703913043478261,4.7965217391304344,12.91304347826087,0.2336,0.535,0.2325,0.1624,2958.059489055139,2728.059489055139,230.0,0.84194422968986,24,5,17
0,1772829618.8330753,932.4,231,0.3012,0.556,0.0134,0.449,48.2073,55.5992,44.9047,0.0,0.0,0.0,3.05,1.86,1.2,None,0.0001728534698486328,23.549,True,None,sfc_unique_p1_47,0,None,28.66000000000001,17.32,165.0,40,46,6,6,0,False,87.33333333333333,9.703913043478261,4.7965217391304344,12.91304347826087,0.2336,0.535,0.2325,0.1624,2958.059489055139,2728.059489055139,230.0,0.84194422968986,24,5,17
0,1772829618.9282146,932.5,232,0.3068,0.5787,0.0267,0.449,50.1512,57.8672,44.9047,0.0,0.0,0.0,2.63,1.79,0.84,None,0.0976710319519043,19.185,True,None,sfc_cache_p2_47,0,None,32.66,17.32,198.0,43,48,6,6,0,False,87.35440931780366,9.674583333333333,4.784166666666667,12.375,0.2277,0.534,0.2277,0.1761,2986.864627578587,2746.864627578587,240.0,0.8444755581656688,24,5,19
0,1772829618.9301314,932.5,232,0.3068,0.5787,0.0267,0.449,50.1512,57.8672,44.9047,0.0,0.0,0.0,3.05,1.86,1.2,None,0.0976710319519043,23.226,True,None,sfc_unique_p2_47,0,None,32.66,17.32,198.0,43,48,6,6,0,False,87.37541528239203,9.674583333333333,4.784166666666667,12.375,0.2277,0.534,0.2277,0.1761,2986.864627578587,2746.864627578587,240.0,0.8444755581656688,24,5,19
0,1772829619.0249784,932.6,233,0.3166,0.5787,0.0393,0.449,52.5995,57.8672,44.9047,0.0,0.0,0.0,2.63,1.79,0.84,None,0.19477272033691406,18.815,True,None,sfc_cache_p3_47,0,None,40.99,17.32,231.0,47,50,6,6,0,False,87.39635157545605,9.741,4.5927999999999995,11.88,0.2217,0.534,0.223,0.1845,3010.864008479376,2760.864008479376,250.0,0.8463501816326735,24,5,21
0,1772829619.026946,932.6,233,0.3166,0.5787,0.0393,0.449,52.5995,57.8672,44.9047,0.0,0.0,0.0,3.92,2.71,1.21,None,0.19477272033691406,22.564,True,None,sfc_unique_p3_47,0,None,40.99,17.32,231.0,47,50,6,6,0,False,87.41721854304636,9.741,4.5927999999999995,11.88,0.2217,0.534,0.223,0.1845,3010.864008479376,2760.864008479376,250.0,0.8463501816326735,24,5,21
0,1772829619.2509217,932.8,234,0.3247,0.5787,0.052,0.449,55.0477,57.8672,44.9047,0.0,0.0,0.0,2.63,1.79,0.84,None,0.29160141944885254,19.037,True,None,sfc_cache_p4_47,0,None,49.32,17.32,264.0,51,52,6,6,0,False,87.43801652892562,9.802307692307693,4.416153846153846,11.423076923076923,0.215,0.534,0.2186,0.1833,3020.864008479376,2760.864008479376,260.0,0.8478576451304923,24,26,2
0,1772829619.2529373,932.8,234,0.3247,0.5787,0.052,0.449,55.0477,57.8672,44.9047,0.0,0.0,0.0,3.92,2.71,1.21,None,0.29160141944885254,22.72,True,None,sfc_unique_p4_47,0,None,49.32,17.32,264.0,51,52,6,6,0,False,87.45874587458746,9.802307692307693,4.416153846153846,11.423076923076923,0.215,0.534,0.2186,0.1833,3020.864008479376,2760.864008479376,260.0,0.8478576451304923,24,26,2
0,1772829619.3476977,932.9,235,0.3352,0.5787,0.0646,0.449,57.496,57.8672,44.9047,0.0,0.0,0.0,2.63,1.79,0.84,None,0.5176317691802979,18.824,True,None,sfc_cache_p5_47,0,None,57.65,17.32,297.0,55,54,6,6,0,False,87.47940691927512,9.859074074074075,4.252592592592593,11.0,0.208,0.534,0.2143,0.1765,3030.864008479376,2760.864008479376,270.0,0.8490394755685104,24,30,0
0,1772829619.3497329,932.9,235,0.3352,0.5787,0.0646,0.449,57.496,57.8672,44.9047,0.0,0.0,0.0,3.92,2.71,1.21,None,0.5176317691802979,22.515,True,None,sfc_unique_p5_47,0,None,57.65,17.32,297.0,55,54,6,6,0,False,87.5,9.859074074074075,4.252592592592593,11.0,0.208,0.534,0.2143,0.1765,3030.864008479376,2760.864008479376,270.0,0.8490394755685104,24,30,0
0,1772829619.445311,933.0,236,0.3454,0.5787,0.0772,0.449,59.9443,57.8672,44.9047,0.0,0.0,0.0,2.63,1.79,0.84,None,0.6143636703491211,19.017,True,None,sfc_cache_p6_47,0,None,65.98,17.32,330.0,59,56,6,6,0,False,87.52052545155993,9.911785714285713,4.100714285714285,10.607142857142858,0.2007,0.534,0.2102,0.1673,3040.864008479376,2760.864008479376,280.0,0.8499312661077802,24,32,0
0,1772829619.44741,933.0,236,0.3454,0.5787,0.0772,0.449,59.9443,57.8672,44.9047,0.0,0.0,0.0,3.92,2.71,1.21,None,0.6143636703491211,22.59,True,None,sfc_unique_p6_47,0,None,65.98,17.32,330.0,59,56,6,6,0,False,87.54098360655738,9.911785714285713,4.100714285714285,10.607142857142858,0.2007,0.534,0.2102,0.1673,3040.864008479376,2760.864008479376,280.0,0.8499312661077802,24,32,0
0,1772829640.8522353,954.4,236,0.3511,0.6114,0.0904,0.474,61.8882,61.143,47.3995,0.0,0.0,0.0,2.92,2.12,0.8,None,0.0004982948303222656,19.046,True,None,sfc_cache_p1_48,0,None,65.98,17.32,330.0,60,58,6,7,0,False,87.56137479541735,9.880344827586207,4.183448275862069,10.810344827586206,0.1971,0.5703,0.207,0.1813,3088.465325612947,2798.465325612947,290.0,0.8430053936936693,26,32,0
0,1772829640.8547635,954.4,236,0.3511,0.6114,0.0904,0.474,61.8882,61.143,47.3995,0.0,0.0,0.0,4.25,3.27,0.97,None,0.0004982948303222656,22.23,True,None,sfc_unique_p1_48,0,None,65.98,17.32,330.0,60,58,6,7,0,False,87.58169934640523,9.880344827586207,4.183448275862069,10.810344827586206,0.1971,0.5703,0.207,0.1813,3088.465325612947,2798.465325612947,290.0,0.8430053936936693,26,32,0
0,1772829640.9513936,954.5,237,0.358,0.6333,0.1049,0.4989,63.8321,63.3278,49.8942,0.0,0.0,0.0,2.69,1.76,0.93,None,0.10286092758178711,18.287,True,None,sfc_cache_p2_48,0,None,65.98,21.65,330.0,62,60,6,7,0,False,87.60195758564437,9.850999999999999,4.1885,11.0,0.1915,0.5792,0.2042,0.1857,3103.805325612947,2803.805325612947,300.0,0.8362613822691163,29,31,0
0,1772829640.9539373,954.5,237,0.358,0.6333,0.1049,0.4989,63.8321,63.3278,49.8942,0.0,0.0,0.0,4.25,3.27,0.97,None,0.10286092758178711,21.152,True,None,sfc_unique_p2_48,0,None,65.98,21.65,330.0,62,60,6,7,0,False,87.62214983713355,9.850999999999999,4.1885,11.0,0.1915,0.5792,0.2042,0.1857,3103.805325612947,2803.805325612947,300.0,0.8362613822691163,29,31,0
0,1772829641.174564,954.8,238,0.3648,0.666,0.1233,0.5239,65.7761,66.6037,52.3889,0.0,0.0,0.0,2.9,1.91,0.99,None,0.2023172378540039,145.082,True,None,sfc_cache_p3_48,0,None,65.98,21.65,330.0,63,62,6,7,0,False,87.64227642276423,9.823548387096773,4.263064516129032,11.17741935483871,0.1879,0.5943,0.2065,0.194,3144.3427811151905,2834.3427811151905,310.0,0.8292205244926586,34,28,0
0,1772829641.1768768,954.8,238,0.3648,0.666,0.1233,0.5239,65.7761,66.6037,52.3889,0.0,0.0,0.0,4.02,2.68,1.34,None,0.2023172378540039,20.419,True,None,sfc_unique_p3_48,0,None,65.98,21.65,330.0,63,62,6,7,0,False,87.66233766233766,9.823548387096773,4.263064516129032,11.17741935483871,0.1879,0.5943,0.2065,0.194,3144.3427811151905,2834.3427811151905,310.0,0.8292205244926586,34,28,0
0,1772829641.2692883,954.9,239,0.3676,0.6879,0.1413,0.5239,67.288,68.7884,52.3889,0.0,0.0,0.0,2.58,1.6,0.99,None,0.4249396324157715,17.23,True,None,sfc_cache_p4_48,0,None,69.98,25.98,363.0,67,64,6,7,0,False,87.68233387358185,9.7353125,4.2653125,10.828125,0.1844,0.6023,0.2028,0.1987,3175.672683607065,2855.672683607065,320.0,0.8266173008255,36,28,0
0,1772829641.2716465,954.9,239,0.3676,0.6879,0.1413,0.5239,67.288,68.7884,52.3889,0.0,0.0,0.0,4.02,2.68,1.34,None,0.4249396324157715,20.348,True,None,sfc_unique_p4_48,0,None,69.98,25.98,363.0,67,64,6,7,0,False,87.70226537216828,9.7353125,4.2653125,10.828125,0.1844,0.6023,0.2028,0.1987,3175.672683607065,2855.672683607065,320.0,0.8266173008255,36,28,0
0,1772829641.3645275,955.0,240,0.3704,0.7097,0.1594,0.5239,68.7999,70.9732,52.3889,0.0,0.0,0.0,2.58,1.6,0.99,None,0.5195131301879883,17.523,True,None,sfc_cache_p5_48,0,None,73.98,30.31,396.0,71,66,6,7,0,False,87.7221324717286,9.652424242424242,4.267424242424242,10.5,0.1806,0.6056,0.1993,0.2011,3185.672683607065,2855.672683607065,330.0,0.823902228688673,38,28,0
0,1772829641.366843,955.0,240,0.3704,0.7097,0.1594,0.5239,68.7999,70.9732,52.3889,0.0,0.0,0.0,4.02,2.68,1.34,None,0.5195131301879883,20.24,True,None,sfc_unique_p5_48,0,None,73.98,30.31,396.0,71,66,6,7,0,False,87.74193548387098,9.652424242424242,4.267424242424242,10.5,0.1806,0.6056,0.1993,0.2011,3185.672683607065,2855.672683607065,330.0,0.823902228688673,38,28,0
0,1772829641.4584684,955.0,241,0.3768,0.7097,0.1746,0.5239,71.2482,70.9732,52.3889,0.0,0.0,0.0,2.58,1.6,0.99,None,0.6147770881652832,16.711,True,None,sfc_cache_p6_48,0,None,77.98,34.64,429.0,75,68,6,7,0,False,87.76167471819646,9.701911764705883,4.141911764705882,10.191176470588236,0.1766,0.6056,0.1958,0.1945,3195.672683607065,2855.672683607065,340.0,0.8230709330538837,39,29,0
0,1772829641.4608788,955.0,241,0.3768,0.7097,0.1746,0.5239,71.2482,70.9732,52.3889,0.0,0.0,0.0,4.28,2.92,1.36,None,0.6147770881652832,19.397,True,None,sfc_unique_p6_48,0,None,77.98,34.64,429.0,75,68,6,7,0,False,87.78135048231512,9.701911764705883,4.141911764705882,10.191176470588236,0.1766,0.6056,0.1958,0.1945,3195.672683607065,2855.672683607065,340.0,0.8230709330538837,39,29,0
0,1772829660.86914,974.5,241,0.3223,0.6879,0.0183,0.4241,56.8113,68.7909,42.41,0.0,0.0,0.0,2.51,1.48,1.03,None,0.00021576881408691406,47.085,True,None,sfc_cache_p1_49,0,None,65.32000000000001,34.64,396.0,63,58,6,7,0,False,87.80096308186197,9.069827586206896,4.706724137931035,9.672413793103448,0.1825,0.5794,0.1801,0.1307,3086.46074660041,2796.46074660041,290.0,0.845100387623969,26,31,1
0,1772829660.8703318,974.5,241,0.3223,0.6879,0.0183,0.4241,56.8113,68.7909,42.41,0.0,0.0,0.0,3.65,2.15,1.5,None,0.00021576881408691406,11.784,True,None,sfc_unique_p1_49,0,None,65.32000000000001,34.64,396.0,63,58,6,7,0,False,87.82051282051282,9.069827586206896,4.706724137931035,9.672413793103448,0.1825,0.5794,0.1801,0.1307,3086.46074660041,2796.46074660041,290.0,0.845100387623969,26,31,1
0,1772829661.0548663,974.6,242,0.3281,0.7215,0.0333,0.449,58.7196,72.15,44.9047,0.0,0.0,0.0,2.76,1.69,1.07,None,0.10376644134521484,24.543,True,None,sfc_cache_p2_49,0,None,65.32000000000001,34.64,396.0,64,60,6,7,0,False,87.83999999999999,9.062000000000001,4.772,9.9,0.1914,0.6572,0.1775,0.1386,3131.3183151721946,2831.3183151721946,300.0,0.8409465974192385,27,32,1
0,1772829661.0561259,974.6,242,0.3281,0.7215,0.0333,0.449,58.7196,72.15,44.9047,0.0,0.0,0.0,10.61,8.86,1.75,None,0.10376644134521484,21.286,True,None,sfc_unique_p2_49,0,None,65.32000000000001,34.64,396.0,64,60,6,7,0,False,87.8594249201278,9.062000000000001,4.772,9.9,0.1914,0.6572,0.1775,0.1386,3131.3183151721946,2831.3183151721946,300.0,0.8409465974192385,27,32,1
0,1772829661.115626,974.7,243,0.3326,0.7442,0.0527,0.449,60.1959,74.4179,44.9047,0.0,0.0,0.0,2.85,1.6,1.25,None,0.28957438468933105,11.931,True,None,sfc_cache_p3_49,0,None,69.32,38.97,429.0,68,62,6,7,0,False,87.87878787878788,8.99016129032258,4.763225806451612,9.580645161290322,0.1928,0.7342,0.1743,0.1427,3169.56130976582,2859.56130976582,310.0,0.8317894478842598,30,31,1
0,1772829661.1173453,974.7,243,0.3326,0.7442,0.0527,0.449,60.1959,74.4179,44.9047,0.0,0.0,0.0,10.73,8.83,1.9,None,0.28957438468933105,11.119,True,None,sfc_unique_p3_49,0,None,69.32,38.97,429.0,68,62,6,7,0,False,87.89808917197452,8.99016129032258,4.763225806451612,9.580645161290322,0.1928,0.7342,0.1743,0.1427,3169.56130976582,2859.56130976582,310.0,0.8317894478842598,30,31,1
0,1772829661.2607884,974.8,244,0.337,0.7769,0.0709,0.474,62.1398,77.6938,47.3995,0.0,0.0,0.0,6.28,4.49,1.79,None,0.3519275188446045,14.919,True,None,sfc_cache_p4_49,0,None,69.32,38.97,429.0,69,64,6,7,0,False,87.91732909379968,8.99046875,4.8175,9.796875,0.1994,0.785,0.1874,0.152,3218.737859192532,2898.737859192532,320.0,0.8214540562812397,32,31,1
0,1772829661.2632384,974.8,244,0.337,0.7769,0.0709,0.474,62.1398,77.6938,47.3995,0.0,0.0,0.0,8.44,6.22,2.22,None,0.3519275188446045,14.926,True,None,sfc_unique_p4_49,0,None,69.32,38.97,429.0,69,64,6,7,0,False,87.93650793650794,8.99046875,4.8175,9.796875,0.1994,0.785,0.1874,0.152,3218.737859192532,2898.737859192532,320.0,0.8214540562812397,32,31,1
0,1772829661.3512535,974.9,245,0.3415,0.8097,0.0895,0.474,63.6518,80.9697,47.3995,0.0,0.0,0.0,4.42,2.63,1.79,None,0.49784207344055176,13.858,True,None,sfc_cache_p5_49,0,None,73.32,38.97,462.0,72,66,6,7,0,False,87.95562599049128,8.930151515151515,4.868484848484848,9.5,0.2013,0.8201,0.1841,0.159,3264.373613763341,2934.373613763341,330.0,0.8154084096655406,34,31,1
0,1772829661.352576,974.9,245,0.3415,0.8097,0.0895,0.474,63.6518,80.9697,47.3995,0.0,0.0,0.0,8.44,6.22,2.22,None,0.49784207344055176,13.676,True,None,sfc_unique_p5_49,0,None,73.32,38.97,462.0,72,66,6,7,0,False,87.9746835443038,8.930151515151515,4.868484848484848,9.5,0.2013,0.8201,0.1841,0.159,3264.373613763341,2934.373613763341,330.0,0.8154084096655406,34,31,1
0,1772829661.4915998,975.1,246,0.3444,0.8324,0.1086,0.474,65.1281,83.2376,47.3995,0.0,0.0,0.0,5.95,4.16,1.79,None,0.586146354675293,9.096,True,None,sfc_cache_p6_49,0,None,77.32,43.3,495.0,75,68,6,7,0,False,87.99368088467614,8.868529411764705,4.857647058823529,9.220588235294118,0.2015,0.8973,0.1809,0.1664,3304.296520487853,2964.296520487853,340.0,0.8086719581830267,36,31,1
0,1772829661.4934566,975.1,246,0.3444,0.8324,0.1086,0.474,65.1281,83.2376,47.3995,0.0,0.0,0.0,8.84,6.3,2.54,None,0.586146354675293,9.378,True,None,sfc_unique_p6_49,0,None,77.32,43.3,495.0,75,68,6,7,0,False,88.01261829652996,8.868529411764705,4.857647058823529,9.220588235294118,0.2015,0.8973,0.1809,0.1664,3304.296520487853,2964.296520487853,340.0,0.8086719581830267,36,31,1
