No.,timestamp,time_seconds,users,cpu_utilization,gpu_utilization,bandwidth_utilization,cache_utilization,network_cpu_utilization,network_gpu_utilization,network_cache_utilization,mobile_cpu_utilization,mobile_gpu_utilization,mobile_cache_utilization,latency,comp_latency,comm_latency,latency_diff,queue_time,decision_time_ms,success,fail_reason,sfc_id,recovery_time,sfc_recovered,cpu_saved,gpu_saved,cache_saved,shared_vnfs,running_sfcs,running_players,running_sessions,trascode_bw,crashing,acceptance_rate,cpu_per_flow,gpu_per_flow,cache_per_flow,jain_cpu,jain_gpu,jain_cache,jain_bw,server_energy_consumption,mobile_energy_consumption,total_energy_consumption,avg_sfc_reliability,high_risk_sfcs,medium_risk_sfcs,low_risk_sfcs
0,1772828651.1495488,0,1,0.0189,0.0328,0.0137,0.0249,1.9439,3.2759,2.4947,0.0,0.0,0.0,1.98,1.11,0.87,None,0.0002865791320800781,22.12,True,None,sfc_cache_p1_1,0,None,0.0,0.0,0.0,1,2,1,1,0,False,100.0,9.0,6.5,16.5,0.1285,0.0833,0.04,0.0312,2078.0529329825104,2068.0529329825104,10.0,0.9893231943924791,0,0,2
0,1772828651.150111,0.0,1,0.0189,0.0328,0.0137,0.0249,1.9439,3.2759,2.4947,0.0,0.0,0.0,3.39,2.09,1.3,None,0.0002865791320800781,15.445,True,None,sfc_unique_p1_1,0,None,0.0,0.0,0.0,1,2,1,1,0,False,100.0,9.0,6.5,16.5,0.1285,0.0833,0.04,0.0312,2078.0529329825104,2068.0529329825104,10.0,0.9893231943924791,0,0,2
0,1772828651.186303,0.0,2,0.0363,0.0663,0.027,0.0499,3.8522,6.6349,4.9894,0.0,0.0,0.0,4.22,3.31,0.91,None,0.04441070556640625,13.823,True,None,sfc_cache_p2_1,0,None,0.0,0.0,0.0,2,4,2,1,0,False,100.0,8.9175,6.5825,16.5,0.194,0.1368,0.0759,0.0443,2127.941634421916,2107.941634421916,20.0,0.9654561116659643,0,1,3
0,1772828651.1868103,0.0,2,0.0363,0.0663,0.027,0.0499,3.8522,6.6349,4.9894,0.0,0.0,0.0,3.39,2.09,1.3,None,0.04441070556640625,16.64,True,None,sfc_unique_p2_1,0,None,0.0,0.0,0.0,2,4,2,1,0,False,100.0,8.9175,6.5825,16.5,0.194,0.1368,0.0759,0.0443,2127.941634421916,2107.941634421916,20.0,0.9654561116659643,0,1,3
0,1772828651.2225096,0.1,3,0.0493,0.089,0.0404,0.0499,5.3285,8.9028,4.9894,0.0,0.0,0.0,4.22,3.31,0.91,None,0.08108139038085938,13.876,True,None,sfc_cache_p3_1,0,None,4.0,4.33,33.0,6,6,3,1,0,False,100.0,8.223333333333334,5.888333333333333,11.0,0.179,0.1236,0.0731,0.0487,2168.6351145333538,2138.6351145333538,30.0,0.9551802492180165,0,2,4
0,1772828651.222978,0.1,3,0.0493,0.089,0.0404,0.0499,5.3285,8.9028,4.9894,0.0,0.0,0.0,3.39,2.09,1.3,None,0.08108139038085938,15.764,True,None,sfc_unique_p3_1,0,None,4.0,4.33,33.0,6,6,3,1,0,False,100.0,8.223333333333334,5.888333333333333,11.0,0.179,0.1236,0.0731,0.0487,2168.6351145333538,2138.6351145333538,30.0,0.9551802492180165,0,2,4
0,1772828651.2591386,0.1,4,0.061,0.1117,0.0538,0.0499,6.8048,11.1707,4.9894,0.0,0.0,0.0,4.22,3.31,0.91,None,0.11719036102294922,13.522,True,None,sfc_cache_p4_1,0,None,8.0,8.66,66.0,10,8,4,1,0,False,100.0,7.87625,5.54125,8.25,0.1653,0.1154,0.0705,0.0507,2201.8204689676522,2161.8204689676522,40.0,0.948308339349872,0,3,5
0,1772828651.2597287,0.1,4,0.061,0.1117,0.0538,0.0499,6.8048,11.1707,4.9894,0.0,0.0,0.0,3.39,2.09,1.3,None,0.11719036102294922,16.618,True,None,sfc_unique_p4_1,0,None,8.0,8.66,66.0,10,8,4,1,0,False,100.0,7.87625,5.54125,8.25,0.1653,0.1154,0.0705,0.0507,2201.8204689676522,2161.8204689676522,40.0,0.948308339349872,0,3,5
0,1772828651.2956088,0.1,5,0.0725,0.1344,0.0671,0.0499,8.2811,13.4387,4.9894,0.0,0.0,0.0,4.22,3.31,0.91,None,0.15399551391601562,13.781,True,None,sfc_cache_p5_1,0,None,12.0,12.99,99.0,14,10,5,1,0,False,100.0,7.668000000000001,5.333,6.6,0.1535,0.1098,0.068,0.0518,2222.713608574524,2172.713608574524,50.0,0.942802921007004,0,4,6
0,1772828651.296169,0.1,5,0.0725,0.1344,0.0671,0.0499,8.2811,13.4387,4.9894,0.0,0.0,0.0,3.39,2.09,1.3,None,0.15399551391601562,15.962,True,None,sfc_unique_p5_1,0,None,12.0,12.99,99.0,14,10,5,1,0,False,100.0,7.668000000000001,5.333,6.6,0.1535,0.1098,0.068,0.0518,2222.713608574524,2172.713608574524,50.0,0.942802921007004,0,4,6
0,1772828651.3310258,0.2,6,0.083,0.1571,0.0805,0.0499,9.7574,15.7066,4.9894,0.0,0.0,0.0,4.22,3.31,0.91,None,0.1903550624847412,13.6,True,None,sfc_cache_p6_1,0,None,16.0,17.32,132.0,17,12,6,1,0,False,100.0,7.529166666666666,5.194166666666667,5.5,0.1717,0.1647,0.0658,0.0578,2268.224930351339,2208.224930351339,60.0,0.922879872376352,0,6,6
0,1772828651.33158,0.2,6,0.083,0.1571,0.0805,0.0499,9.7574,15.7066,4.9894,0.0,0.0,0.0,4.86,3.54,1.33,None,0.1903550624847412,15.041,True,None,sfc_unique_p6_1,0,None,16.0,17.32,132.0,17,12,6,1,0,False,100.0,7.529166666666666,5.194166666666667,5.5,0.1717,0.1647,0.0658,0.0578,2268.224930351339,2208.224930351339,60.0,0.922879872376352,0,6,6
0,1772828672.1785743,21.0,6,0.0973,0.1898,0.0936,0.0748,11.7014,18.9825,7.4841,0.0,0.0,0.0,3.78,3.31,0.47,None,0.0002765655517578125,21.872,True,None,sfc_cache_p1_2,0,None,16.0,17.32,132.0,18,14,6,2,0,False,100.0,7.739285714285714,5.380714285714285,7.071428571428571,0.1955,0.2145,0.0614,0.063,2326.3456446370533,2256.3456446370533,70.0,0.891774751973701,8,0,6
0,1772828672.1796265,21.0,6,0.0973,0.1898,0.0936,0.0748,11.7014,18.9825,7.4841,0.0,0.0,0.0,5.57,4.67,0.9,None,0.0002765655517578125,26.572,True,None,sfc_unique_p1_2,0,None,16.0,17.32,132.0,18,14,6,2,0,False,100.0,7.739285714285714,5.380714285714285,7.071428571428571,0.1955,0.2145,0.0614,0.063,2326.3456446370533,2256.3456446370533,70.0,0.891774751973701,8,0,6
0,1772828672.2395573,21.1,7,0.1069,0.2327,0.1088,0.0998,13.2133,23.2663,9.9788,0.0,0.0,0.0,2.08,1.49,0.59,None,0.05903196334838867,22.322,True,None,sfc_cache_p2_2,0,None,16.0,17.32,132.0,19,16,6,2,0,False,100.0,7.646875,5.770625,8.25,0.1856,0.2468,0.089,0.0668,2369.901334158799,2289.901334158799,80.0,0.8669031322918327,9,1,6
0,1772828672.240653,21.1,7,0.1069,0.2327,0.1088,0.0998,13.2133,23.2663,9.9788,0.0,0.0,0.0,5.57,4.67,0.9,None,0.05903196334838867,26.062,True,None,sfc_unique_p2_2,0,None,16.0,17.32,132.0,19,16,6,2,0,False,100.0,7.646875,5.770625,8.25,0.1856,0.2468,0.089,0.0668,2369.901334158799,2289.901334158799,80.0,0.8669031322918327,9,1,6
0,1772828672.2989707,21.1,8,0.1197,0.2553,0.1225,0.1247,15.1216,25.5342,12.4735,0.0,0.0,0.0,2.72,2.12,0.59,None,0.1196286678314209,21.671,True,None,sfc_cache_p3_2,0,None,16.0,21.65,132.0,21,18,6,2,0,False,100.0,7.77888888888889,5.629444444444444,9.166666666666666,0.173,0.2625,0.104,0.0686,2407.2800990558735,2317.2800990558735,90.0,0.8435203952645272,12,0,6
0,1772828672.3001516,21.2,8,0.1197,0.2553,0.1225,0.1247,15.1216,25.5342,12.4735,0.0,0.0,0.0,5.7,4.79,0.91,None,0.1196286678314209,25.162,True,None,sfc_unique_p3_2,0,None,16.0,21.65,132.0,21,18,6,2,0,False,100.0,7.77888888888889,5.629444444444444,9.166666666666666,0.173,0.2625,0.104,0.0686,2407.2800990558735,2317.2800990558735,90.0,0.8435203952645272,12,0,6
0,1772828672.4080248,21.3,9,0.1341,0.2637,0.1367,0.1247,17.2102,26.3733,12.4735,0.0,0.0,0.0,2.72,2.12,0.59,None,0.17903780937194824,16.202,True,None,sfc_cache_p4_2,0,None,20.0,25.98,165.0,25,20,6,2,0,False,100.0,7.968000000000001,5.233,8.25,0.1561,0.2603,0.1009,0.0681,2432.9715276273023,2332.9715276273023,100.0,0.8220291586745425,14,0,6
0,1772828672.4087086,21.3,9,0.1341,0.2637,0.1367,0.1247,17.2102,26.3733,12.4735,0.0,0.0,0.0,5.59,4.67,0.93,None,0.17903780937194824,16.242,True,None,sfc_unique_p4_2,0,None,20.0,25.98,165.0,25,20,6,2,0,False,100.0,7.968000000000001,5.233,8.25,0.1561,0.2603,0.1009,0.0681,2432.9715276273023,2332.9715276273023,100.0,0.8220291586745425,14,0,6
0,1772828672.4444385,21.3,10,0.1436,0.2856,0.1499,0.1247,18.7222,28.5581,12.4735,0.0,0.0,0.0,2.72,2.12,0.59,None,0.28714919090270996,13.215,True,None,sfc_cache_p5_2,0,None,24.0,30.31,198.0,29,22,6,2,0,False,100.0,7.880000000000001,5.151363636363636,7.5,0.1519,0.2857,0.0981,0.0723,2459.9367806841046,2349.9367806841046,110.0,0.8204529062553103,15,1,6
0,1772828672.4451368,21.3,10,0.1436,0.2856,0.1499,0.1247,18.7222,28.5581,12.4735,0.0,0.0,0.0,4.49,3.46,1.03,None,0.28714919090270996,14.789,True,None,sfc_unique_p5_2,0,None,24.0,30.31,198.0,29,22,6,2,0,False,100.0,7.880000000000001,5.151363636363636,7.5,0.1519,0.2857,0.0981,0.0723,2459.9367806841046,2349.9367806841046,110.0,0.8204529062553103,15,1,6
0,1772828672.4806767,21.3,11,0.1528,0.3074,0.1631,0.1247,20.2341,30.7429,12.4735,0.0,0.0,0.0,2.72,2.12,0.59,None,0.3236396312713623,12.814,True,None,sfc_cache_p6_2,0,None,28.0,34.64,231.0,33,24,6,2,0,False,100.0,7.8066666666666675,5.083333333333333,6.875,0.1464,0.3056,0.0953,0.0751,2490.290054171181,2370.290054171181,120.0,0.8178163965777929,16,2,6
0,1772828672.4814966,21.3,11,0.1528,0.3074,0.1631,0.1247,20.2341,30.7429,12.4735,0.0,0.0,0.0,4.49,3.46,1.03,None,0.3236396312713623,14.95,True,None,sfc_unique_p6_2,0,None,28.0,34.64,231.0,33,24,6,2,0,False,100.0,7.8066666666666675,5.083333333333333,6.875,0.1464,0.3056,0.0953,0.0751,2490.290054171181,2370.290054171181,120.0,0.8178163965777929,16,2,6
0,1772828695.1924329,44.0,11,0.157,0.3629,0.1789,0.1497,21.2061,36.2867,14.9682,0.0,0.0,0.0,5.01,3.69,1.33,None,0.00043010711669921875,13.184,True,None,sfc_cache_p1_3,0,None,28.0,34.64,231.0,34,26,6,3,0,False,100.0,7.552307692307693,5.538461538461538,7.615384615384615,0.167,0.4371,0.1173,0.0868,2551.724048593245,2421.724048593245,130.0,0.8112127043358645,18,2,6
0,1772828695.1933136,44.0,11,0.157,0.3629,0.1789,0.1497,21.2061,36.2867,14.9682,0.0,0.0,0.0,6.43,4.67,1.76,None,0.00043010711669921875,17.704,True,None,sfc_unique_p1_3,0,None,28.0,34.64,231.0,34,26,6,3,0,False,100.0,7.552307692307693,5.538461538461538,7.615384615384615,0.167,0.4371,0.1173,0.0868,2551.724048593245,2421.724048593245,130.0,0.8112127043358645,18,2,6
0,1772828695.2347527,44.1,12,0.1641,0.3956,0.1921,0.1497,22.718,39.5625,14.9682,0.0,0.0,0.0,5.0,3.67,1.33,None,0.04112529754638672,14.82,True,None,sfc_cache_p2_3,0,None,32.0,34.64,264.0,37,28,6,3,0,False,100.0,7.512857142857143,5.607142857142857,7.071428571428571,0.1874,0.4696,0.1142,0.0975,2598.5151858724516,2458.5151858724516,140.0,0.8042850568660677,20,2,6
0,1772828695.235699,44.1,12,0.1641,0.3956,0.1921,0.1497,22.718,39.5625,14.9682,0.0,0.0,0.0,7.54,5.78,1.76,None,0.04112529754638672,17.571,True,None,sfc_unique_p2_3,0,None,32.0,34.64,264.0,37,28,6,3,0,False,100.0,7.512857142857143,5.607142857142857,7.071428571428571,0.1874,0.4696,0.1142,0.0975,2598.5151858724516,2458.5151858724516,140.0,0.8042850568660677,20,2,6
0,1772828695.275423,44.1,13,0.1706,0.4183,0.2057,0.1497,24.1943,41.8305,14.9682,0.0,0.0,0.0,5.0,3.67,1.33,None,0.08356714248657227,13.581,True,None,sfc_cache_p3_3,0,None,36.0,38.97,297.0,40,30,6,3,0,False,100.0,7.467666666666667,5.533333333333333,6.6,0.2156,0.5495,0.1113,0.1068,2641.218462909948,2491.218462909948,150.0,0.790868029792436,22,2,6
0,1772828695.2763445,44.1,13,0.1706,0.4183,0.2057,0.1497,24.1943,41.8305,14.9682,0.0,0.0,0.0,7.59,5.74,1.85,None,0.08356714248657227,16.611,True,None,sfc_unique_p3_3,0,None,36.0,38.97,297.0,40,30,6,3,0,False,100.0,7.467666666666667,5.533333333333333,6.6,0.2156,0.5495,0.1113,0.1068,2641.218462909948,2491.218462909948,150.0,0.790868029792436,22,2,6
0,1772828695.3293378,44.2,14,0.1787,0.4402,0.2189,0.1497,25.7063,44.0152,14.9682,0.0,0.0,0.0,5.0,3.67,1.33,None,0.12392735481262207,19.534,True,None,sfc_cache_p4_3,0,None,40.0,43.3,330.0,43,32,6,3,0,False,100.0,7.4384375,5.4584375,6.1875,0.2267,0.5992,0.1085,0.1165,2687.1846001891545,2527.1846001891545,160.0,0.7832166431902592,24,2,6
0,1772828695.3308258,44.2,14,0.1787,0.4402,0.2189,0.1497,25.7063,44.0152,14.9682,0.0,0.0,0.0,7.67,5.77,1.91,None,0.12392735481262207,22.542,True,None,sfc_unique_p4_3,0,None,40.0,43.3,330.0,43,32,6,3,0,False,100.0,7.4384375,5.4584375,6.1875,0.2267,0.5992,0.1085,0.1165,2687.1846001891545,2527.1846001891545,160.0,0.7832166431902592,24,2,6
0,1772828695.3866806,44.2,15,0.1848,0.462,0.2321,0.1497,27.2182,46.2,14.9682,0.0,0.0,0.0,5.0,3.67,1.33,None,0.1789093017578125,20.568,True,None,sfc_cache_p5_3,0,None,44.0,47.63,363.0,47,34,6,3,0,False,100.0,7.41264705882353,5.392352941176471,5.823529411764706,0.2267,0.6266,0.1059,0.125,2729.3350913574222,2559.3350913574222,170.0,0.7736594593385543,26,2,6
0,1772828695.3880937,44.2,15,0.1848,0.462,0.2321,0.1497,27.2182,46.2,14.9682,0.0,0.0,0.0,7.67,5.77,1.91,None,0.1789093017578125,21.65,True,None,sfc_unique_p5_3,0,None,44.0,47.63,363.0,47,34,6,3,0,False,100.0,7.41264705882353,5.392352941176471,5.823529411764706,0.2267,0.6266,0.1059,0.125,2729.3350913574222,2559.3350913574222,170.0,0.7736594593385543,26,2,6
0,1772828695.4432442,44.3,16,0.1925,0.4838,0.2452,0.1497,28.7302,48.3847,14.9682,0.0,0.0,0.0,5.0,3.67,1.33,None,0.2362384796142578,20.284,True,None,sfc_cache_p6_3,0,None,48.0,51.96,396.0,51,36,6,3,0,False,100.0,7.389722222222222,5.333611111111111,5.5,0.2192,0.6324,0.1033,0.1323,2753.5122342145646,2573.5122342145646,180.0,0.7626074770496313,28,2,6
0,1772828695.4448833,44.3,16,0.1925,0.4838,0.2452,0.1497,28.7302,48.3847,14.9682,0.0,0.0,0.0,7.67,5.77,1.91,None,0.2362384796142578,21.26,True,None,sfc_unique_p6_3,0,None,48.0,51.96,396.0,51,36,6,3,0,False,100.0,7.389722222222222,5.333611111111111,5.5,0.2192,0.6324,0.1033,0.1323,2753.5122342145646,2573.5122342145646,180.0,0.7626074770496313,28,2,6
0,1772828718.2589426,67.1,16,0.2056,0.5031,0.259,0.1746,31.2508,50.315,17.463,0.0,0.0,0.0,2.6,1.61,0.99,None,0.00023818016052246094,20.498,True,None,sfc_cache_p1_4,0,None,48.0,51.96,396.0,51,38,6,4,0,False,100.0,7.615,5.254473684210526,6.078947368421052,0.2166,0.6306,0.1085,0.1364,2783.699725315014,2593.699725315014,190.0,0.7557276015710016,30,2,6
0,1772828718.2608595,67.1,16,0.2056,0.5031,0.259,0.1746,31.2508,50.315,17.463,0.0,0.0,0.0,4.95,3.68,1.28,None,0.00023818016052246094,25.77,True,None,sfc_unique_p1_4,0,None,48.0,51.96,396.0,51,38,6,4,0,False,100.0,7.615,5.254473684210526,6.078947368421052,0.2166,0.6306,0.1085,0.1364,2783.699725315014,2593.699725315014,190.0,0.7557276015710016,30,2,6
0,1772828718.3575883,67.2,17,0.2188,0.5141,0.2735,0.1746,33.6991,51.4061,17.463,0.0,0.0,0.0,2.59,1.6,0.99,None,0.06316041946411133,37.933,True,None,sfc_cache_p2_4,0,None,52.0,51.96,429.0,54,40,6,4,0,False,100.0,7.801,5.1,5.775,0.2043,0.6383,0.106,0.1349,2808.540694205278,2608.540694205278,200.0,0.7481852466742549,31,3,6
0,1772828718.3595352,67.2,17,0.2188,0.5141,0.2735,0.1746,33.6991,51.4061,17.463,0.0,0.0,0.0,7.5,6.2,1.3,None,0.06316041946411133,26.592,True,None,sfc_unique_p2_4,0,None,52.0,51.96,429.0,54,40,6,4,0,False,100.0,7.801,5.1,5.775,0.2043,0.6383,0.106,0.1349,2808.540694205278,2608.540694205278,200.0,0.7481852466742549,31,3,6
0,1772828718.4149363,67.3,18,0.2237,0.5359,0.2909,0.1746,35.211,53.5909,17.463,0.0,0.0,0.0,2.59,1.6,0.99,None,0.16209745407104492,19.273,True,None,sfc_cache_p3_4,0,None,56.0,56.29,462.0,58,42,6,4,0,False,100.0,7.762857142857143,5.063571428571429,5.5,0.201,0.6494,0.1037,0.1359,2852.786721136094,2642.786721136094,210.0,0.753051341508898,31,5,6
0,1772828718.4166849,67.3,18,0.2237,0.5359,0.2909,0.1746,35.211,53.5909,17.463,0.0,0.0,0.0,3.86,2.45,1.42,None,0.16209745407104492,19.977,True,None,sfc_unique_p3_4,0,None,56.0,56.29,462.0,58,42,6,4,0,False,100.0,7.762857142857143,5.063571428571429,5.5,0.201,0.6494,0.1037,0.1359,2852.786721136094,2642.786721136094,210.0,0.753051341508898,31,5,6
0,1772828718.4713507,67.3,19,0.2304,0.5578,0.3082,0.1746,36.723,55.7756,17.463,0.0,0.0,0.0,2.59,1.6,0.99,None,0.2190876007080078,19.192,True,None,sfc_cache_p4_4,0,None,60.0,60.62,495.0,62,44,6,4,0,False,100.0,7.7281818181818185,5.030454545454545,5.25,0.1968,0.6552,0.1014,0.136,2878.478564503994,2658.478564503994,220.0,0.7568170186369664,31,7,6
0,1772828718.473087,67.3,19,0.2304,0.5578,0.3082,0.1746,36.723,55.7756,17.463,0.0,0.0,0.0,3.86,2.45,1.42,None,0.2190876007080078,19.748,True,None,sfc_unique_p4_4,0,None,60.0,60.62,495.0,62,44,6,4,0,False,100.0,7.7281818181818185,5.030454545454545,5.25,0.1968,0.6552,0.1014,0.136,2878.478564503994,2658.478564503994,220.0,0.7568170186369664,31,7,6
0,1772828718.5278804,67.4,20,0.2359,0.5796,0.3255,0.1746,38.2349,57.9604,17.463,0.0,0.0,0.0,2.59,1.6,0.99,None,0.27535057067871094,19.034,True,None,sfc_cache_p5_4,0,None,64.0,64.95,528.0,66,46,6,4,0,False,100.0,7.696521739130435,5.000217391304347,5.021739130434782,0.192,0.656,0.0993,0.1354,2897.8811337657185,2667.8811337657185,230.0,0.7596305723614916,31,9,6
0,1772828718.529721,67.4,20,0.2359,0.5796,0.3255,0.1746,38.2349,57.9604,17.463,0.0,0.0,0.0,3.86,2.45,1.42,None,0.27535057067871094,19.977,True,None,sfc_unique_p5_4,0,None,64.0,64.95,528.0,66,46,6,4,0,False,100.0,7.696521739130435,5.000217391304347,5.021739130434782,0.192,0.656,0.0993,0.1354,2897.8811337657185,2667.8811337657185,230.0,0.7596305723614916,31,9,6
0,1772828718.583902,67.4,21,0.2487,0.5796,0.3387,0.1746,41.1508,57.9604,17.463,0.0,0.0,0.0,3.56,2.57,0.99,None,0.3320353031158447,18.748,True,None,sfc_cache_p6_4,0,None,68.0,64.95,561.0,69,48,6,4,0,False,100.0,7.9383333333333335,4.791875,4.8125,0.1842,0.656,0.0972,0.1343,2917.2837030274427,2677.2837030274427,240.0,0.755113480625441,33,9,6
0,1772828718.5857327,67.4,21,0.2487,0.5796,0.3387,0.1746,41.1508,57.9604,17.463,0.0,0.0,0.0,5.79,4.37,1.42,None,0.3320353031158447,19.403,True,None,sfc_unique_p6_4,0,None,68.0,64.95,561.0,69,48,6,4,0,False,100.0,7.9383333333333335,4.791875,4.8125,0.1842,0.656,0.0972,0.1343,2917.2837030274427,2677.2837030274427,240.0,0.755113480625441,33,9,6
0,1772828733.2748518,82.1,21,0.2487,0.5796,0.3387,0.1746,41.1508,57.9604,17.463,0.0,0.0,0.0,2.3,1.41,0.89,None,0.00030732154846191406,12.878,False,None,sfc_cache_p1_5,0,None,68.0,64.95,561.0,69,48,6,4,0,False,97.95918367346938,7.9383333333333335,4.791875,4.8125,0.1842,0.656,0.0972,0.1343,2917.2837030274427,2677.2837030274427,240.0,0.755113480625441,33,9,6
0,1772828733.2759562,82.1,21,0.2487,0.5796,0.3387,0.1746,41.1508,57.9604,17.463,0.0,0.0,0.0,None,None,None,None,0.00030732154846191406,10.794,False,None,sfc_unique_p1_5,0,None,68.0,64.95,561.0,69,48,6,4,0,False,96.0,7.9383333333333335,4.791875,4.8125,0.1842,0.656,0.0972,0.1343,2917.2837030274427,2677.2837030274427,240.0,0.755113480625441,33,9,6
0,1772828733.3093636,82.2,22,0.2487,0.5796,0.3387,0.1746,41.1508,57.9604,17.463,0.0,0.0,0.0,2.3,1.41,0.89,None,0.03660082817077637,10.893,False,None,sfc_cache_p2_5,0,None,68.0,64.95,561.0,69,48,6,4,0,False,94.11764705882352,7.9383333333333335,4.791875,4.8125,0.1842,0.656,0.0972,0.1343,2917.2837030274427,2677.2837030274427,240.0,0.755113480625441,33,9,6
0,1772828733.3105648,82.2,22,0.2487,0.5796,0.3387,0.1746,41.1508,57.9604,17.463,0.0,0.0,0.0,None,None,None,None,0.03660082817077637,12.296,False,None,sfc_unique_p2_5,0,None,68.0,64.95,561.0,69,48,6,4,0,False,92.3076923076923,7.9383333333333335,4.791875,4.8125,0.1842,0.656,0.0972,0.1343,2917.2837030274427,2677.2837030274427,240.0,0.755113480625441,33,9,6
0,1772828733.3529596,82.2,23,0.2487,0.5796,0.3387,0.1746,41.1508,57.9604,17.463,0.0,0.0,0.0,2.3,1.41,0.89,None,0.07130169868469238,15.006,False,None,sfc_cache_p3_5,0,None,68.0,64.95,561.0,69,48,6,4,0,False,90.56603773584906,7.9383333333333335,4.791875,4.8125,0.1842,0.656,0.0972,0.1343,2917.2837030274427,2677.2837030274427,240.0,0.755113480625441,33,9,6
0,1772828733.3539984,82.2,23,0.2487,0.5796,0.3387,0.1746,41.1508,57.9604,17.463,0.0,0.0,0.0,None,None,None,None,0.07130169868469238,13.277,False,None,sfc_unique_p3_5,0,None,68.0,64.95,561.0,69,48,6,4,0,False,88.88888888888889,7.9383333333333335,4.791875,4.8125,0.1842,0.656,0.0972,0.1343,2917.2837030274427,2677.2837030274427,240.0,0.755113480625441,33,9,6
0,1772828733.3900168,82.2,24,0.2487,0.5796,0.3387,0.1746,41.1508,57.9604,17.463,0.0,0.0,0.0,2.3,1.41,0.89,None,0.11459922790527344,11.08,False,None,sfc_cache_p4_5,0,None,68.0,64.95,561.0,69,48,6,4,0,False,87.27272727272727,7.9383333333333335,4.791875,4.8125,0.1842,0.656,0.0972,0.1343,2917.2837030274427,2677.2837030274427,240.0,0.755113480625441,33,9,6
0,1772828733.3919923,82.2,24,0.2487,0.5796,0.3387,0.1746,41.1508,57.9604,17.463,0.0,0.0,0.0,None,None,None,None,0.11459922790527344,14.675,False,None,sfc_unique_p4_5,0,None,68.0,64.95,561.0,69,48,6,4,0,False,85.71428571428571,7.9383333333333335,4.791875,4.8125,0.1842,0.656,0.0972,0.1343,2917.2837030274427,2677.2837030274427,240.0,0.755113480625441,33,9,6
0,1772828733.4449086,82.3,25,0.2487,0.5796,0.3387,0.1746,41.1508,57.9604,17.463,0.0,0.0,0.0,2.3,1.41,0.89,None,0.15321850776672363,18.34,False,None,sfc_cache_p5_5,0,None,68.0,64.95,561.0,69,48,6,4,0,False,84.21052631578947,7.9383333333333335,4.791875,4.8125,0.1842,0.656,0.0972,0.1343,2917.2837030274427,2677.2837030274427,240.0,0.755113480625441,33,9,6
0,1772828733.446885,82.3,25,0.2487,0.5796,0.3387,0.1746,41.1508,57.9604,17.463,0.0,0.0,0.0,None,None,None,None,0.15321850776672363,18.055,False,None,sfc_unique_p5_5,0,None,68.0,64.95,561.0,69,48,6,4,0,False,82.75862068965517,7.9383333333333335,4.791875,4.8125,0.1842,0.656,0.0972,0.1343,2917.2837030274427,2677.2837030274427,240.0,0.755113480625441,33,9,6
0,1772828733.4997504,82.4,26,0.2487,0.5796,0.3387,0.1746,41.1508,57.9604,17.463,0.0,0.0,0.0,2.3,1.41,0.89,None,0.20809102058410645,18.527,False,None,sfc_cache_p6_5,0,None,68.0,64.95,561.0,69,48,6,4,0,False,81.35593220338984,7.9383333333333335,4.791875,4.8125,0.1842,0.656,0.0972,0.1343,2917.2837030274427,2677.2837030274427,240.0,0.755113480625441,33,9,6
0,1772828733.501637,82.4,26,0.2487,0.5796,0.3387,0.1746,41.1508,57.9604,17.463,0.0,0.0,0.0,None,None,None,None,0.20809102058410645,17.781,False,None,sfc_unique_p6_5,0,None,68.0,64.95,561.0,69,48,6,4,0,False,80.0,7.9383333333333335,4.791875,4.8125,0.1842,0.656,0.0972,0.1343,2917.2837030274427,2677.2837030274427,240.0,0.755113480625441,33,9,6
0,1772828752.3173733,101.2,26,0.256,0.6132,0.3521,0.1996,43.0591,61.3194,19.9577,0.0,0.0,0.0,3.91,2.98,0.92,None,0.00017547607421875,11.045,True,None,sfc_cache_p1_6,0,None,68.0,64.95,561.0,69,50,6,5,0,False,80.32786885245902,7.9742,4.8668000000000005,5.28,0.201,0.7482,0.1081,0.1437,2966.537525646118,2716.537525646118,250.0,0.756242465633548,35,9,6
0,1772828752.318578,101.2,26,0.256,0.6132,0.3521,0.1996,43.0591,61.3194,19.9577,0.0,0.0,0.0,6.07,4.77,1.3,None,0.00017547607421875,10.776,True,None,sfc_unique_p1_6,0,None,68.0,64.95,561.0,69,50,6,5,0,False,80.64516129032258,7.9742,4.8668000000000005,5.28,0.201,0.7482,0.1081,0.1437,2966.537525646118,2716.537525646118,250.0,0.756242465633548,35,9,6
0,1772828752.3534439,101.2,27,0.2619,0.635,0.3661,0.1996,44.571,63.5042,19.9577,0.0,0.0,0.0,3.91,2.98,0.92,None,0.033751726150512695,11.673,True,None,sfc_cache_p2_6,0,None,72.0,69.28,594.0,73,52,6,5,0,False,80.95238095238095,7.936730769230769,4.846346153846154,5.076923076923077,0.2051,0.7731,0.1059,0.1519,2998.15105883927,2738.15105883927,260.0,0.7548720251871442,37,9,6
0,1772828752.3546445,101.2,27,0.2619,0.635,0.3661,0.1996,44.571,63.5042,19.9577,0.0,0.0,0.0,6.06,4.7,1.36,None,0.033751726150512695,11.63,True,None,sfc_unique_p2_6,0,None,72.0,69.28,594.0,73,52,6,5,0,False,81.25,7.936730769230769,4.846346153846154,5.076923076923077,0.2051,0.7731,0.1059,0.1519,2998.15105883927,2738.15105883927,260.0,0.7548720251871442,37,9,6
0,1772828752.388092,101.2,28,0.2665,0.6569,0.3801,0.1996,46.083,65.6889,19.9577,0.0,0.0,0.0,3.91,2.98,0.92,None,0.0698847770690918,10.881,True,None,sfc_cache_p3_6,0,None,76.0,73.61,627.0,77,54,6,5,0,False,81.53846153846153,7.9020370370370365,4.827407407407407,4.888888888888889,0.2064,0.7926,0.1038,0.1579,3033.2423818482393,2763.2423818482393,270.0,0.7513628256768086,39,9,6
0,1772828752.389204,101.2,28,0.2665,0.6569,0.3801,0.1996,46.083,65.6889,19.9577,0.0,0.0,0.0,6.06,4.7,1.36,None,0.0698847770690918,10.847,True,None,sfc_unique_p3_6,0,None,76.0,73.61,627.0,77,54,6,5,0,False,81.81818181818183,7.9020370370370365,4.827407407407407,4.888888888888889,0.2064,0.7926,0.1038,0.1579,3033.2423818482393,2763.2423818482393,270.0,0.7513628256768086,39,9,6
0,1772828752.4826636,101.3,29,0.2721,0.6787,0.3941,0.1996,47.5949,67.8737,19.9577,0.0,0.0,0.0,3.91,2.98,0.92,None,0.1042938232421875,11.685,True,None,sfc_cache_p4_6,0,None,80.0,77.94,660.0,81,56,6,5,0,False,82.08955223880598,7.869821428571428,4.809821428571429,4.714285714285714,0.205,0.8063,0.1018,0.1618,3070.6917140839364,2790.6917140839364,280.0,0.7460230573682411,41,9,6
0,1772828752.4839032,101.3,29,0.2721,0.6787,0.3941,0.1996,47.5949,67.8737,19.9577,0.0,0.0,0.0,6.06,4.7,1.36,None,0.1042938232421875,11.29,True,None,sfc_unique_p4_6,0,None,80.0,77.94,660.0,81,56,6,5,0,False,82.35294117647058,7.869821428571428,4.809821428571429,4.714285714285714,0.205,0.8063,0.1018,0.1618,3070.6917140839364,2790.6917140839364,280.0,0.7460230573682411,41,9,6
0,1772828752.5176241,101.4,30,0.2765,0.7006,0.4081,0.1996,49.1069,70.0585,19.9577,0.0,0.0,0.0,3.91,2.98,0.92,None,0.1991407871246338,11.859,True,None,sfc_cache_p5_6,0,None,84.0,82.27,693.0,85,58,6,5,0,False,82.6086956521739,7.839827586206896,4.793448275862069,4.551724137931035,0.2015,0.8144,0.0999,0.1635,3102.0746269457222,2812.0746269457222,290.0,0.7391174860239689,43,9,6
0,1772828752.518807,101.4,30,0.2765,0.7006,0.4081,0.1996,49.1069,70.0585,19.9577,0.0,0.0,0.0,6.06,4.7,1.36,None,0.1991407871246338,10.392,True,None,sfc_unique_p5_6,0,None,84.0,82.27,693.0,85,58,6,5,0,False,82.85714285714286,7.839827586206896,4.793448275862069,4.551724137931035,0.2015,0.8144,0.0999,0.1635,3102.0746269457222,2812.0746269457222,290.0,0.7391174860239689,43,9,6
0,1772828752.5503583,101.4,31,0.2795,0.7233,0.4228,0.1996,50.5832,72.3264,19.9577,0.0,0.0,0.0,3.91,2.98,0.92,None,0.2339026927947998,10.902,True,None,sfc_cache_p6_6,0,None,88.0,86.6,726.0,89,60,6,5,0,False,83.09859154929578,7.806333333333333,4.783666666666666,4.4,0.2105,0.8933,0.0981,0.1676,3143.1364719016588,2843.1364719016588,300.0,0.7345610525809548,45,9,6
0,1772828752.5515323,101.4,31,0.2795,0.7233,0.4228,0.1996,50.5832,72.3264,19.9577,0.0,0.0,0.0,6.38,4.64,1.74,None,0.2339026927947998,9.935,True,None,sfc_unique_p6_6,0,None,88.0,86.6,726.0,89,60,6,5,0,False,83.33333333333334,7.806333333333333,4.783666666666666,4.4,0.2105,0.8933,0.0981,0.1676,3143.1364719016588,2843.1364719016588,300.0,0.7345610525809548,45,9,6
0,1772828772.3690236,121.2,31,0.2795,0.7233,0.4228,0.1996,50.5832,72.3264,19.9577,0.0,0.0,0.0,2.37,1.41,0.96,None,0.00016999244689941406,17.106,False,None,sfc_cache_p1_7,0,None,88.0,86.6,726.0,89,60,6,5,0,False,82.1917808219178,7.806333333333333,4.783666666666666,4.4,0.2105,0.8933,0.0981,0.1676,3143.1364719016588,2843.1364719016588,300.0,0.7345610525809548,45,9,6
0,1772828772.371227,121.2,31,0.2795,0.7233,0.4228,0.1996,50.5832,72.3264,19.9577,0.0,0.0,0.0,None,None,None,None,0.00016999244689941406,15.458,False,None,sfc_unique_p1_7,0,None,88.0,86.6,726.0,89,60,6,5,0,False,81.08108108108108,7.806333333333333,4.783666666666666,4.4,0.2105,0.8933,0.0981,0.1676,3143.1364719016588,2843.1364719016588,300.0,0.7345610525809548,45,9,6
0,1772828772.4088387,121.3,32,0.2795,0.7233,0.4228,0.1996,50.5832,72.3264,19.9577,0.0,0.0,0.0,2.37,1.41,0.96,None,0.05139446258544922,11.269,False,None,sfc_cache_p2_7,0,None,88.0,86.6,726.0,89,60,6,5,0,False,80.0,7.806333333333333,4.783666666666666,4.4,0.2105,0.8933,0.0981,0.1676,3143.1364719016588,2843.1364719016588,300.0,0.7345610525809548,45,9,6
0,1772828772.4100752,121.3,32,0.2795,0.7233,0.4228,0.1996,50.5832,72.3264,19.9577,0.0,0.0,0.0,None,None,None,None,0.05139446258544922,10.04,False,None,sfc_unique_p2_7,0,None,88.0,86.6,726.0,89,60,6,5,0,False,78.94736842105263,7.806333333333333,4.783666666666666,4.4,0.2105,0.8933,0.0981,0.1676,3143.1364719016588,2843.1364719016588,300.0,0.7345610525809548,45,9,6
0,1772828772.4544353,121.3,33,0.2795,0.7233,0.4228,0.1996,50.5832,72.3264,19.9577,0.0,0.0,0.0,2.37,1.41,0.96,None,0.08918428421020508,13.761,False,None,sfc_cache_p3_7,0,None,88.0,86.6,726.0,89,60,6,5,0,False,77.92207792207793,7.806333333333333,4.783666666666666,4.4,0.2105,0.8933,0.0981,0.1676,3143.1364719016588,2843.1364719016588,300.0,0.7345610525809548,45,9,6
0,1772828772.4557555,121.3,33,0.2795,0.7233,0.4228,0.1996,50.5832,72.3264,19.9577,0.0,0.0,0.0,None,None,None,None,0.08918428421020508,14.855,False,None,sfc_unique_p3_7,0,None,88.0,86.6,726.0,89,60,6,5,0,False,76.92307692307693,7.806333333333333,4.783666666666666,4.4,0.2105,0.8933,0.0981,0.1676,3143.1364719016588,2843.1364719016588,300.0,0.7345610525809548,45,9,6
0,1772828772.4954426,121.3,34,0.2795,0.7233,0.4228,0.1996,50.5832,72.3264,19.9577,0.0,0.0,0.0,2.37,1.41,0.96,None,0.13596773147583008,14.803,False,None,sfc_cache_p4_7,0,None,88.0,86.6,726.0,89,60,6,5,0,False,75.9493670886076,7.806333333333333,4.783666666666666,4.4,0.2105,0.8933,0.0981,0.1676,3143.1364719016588,2843.1364719016588,300.0,0.7345610525809548,45,9,6
0,1772828772.4976246,121.3,34,0.2795,0.7233,0.4228,0.1996,50.5832,72.3264,19.9577,0.0,0.0,0.0,None,None,None,None,0.13596773147583008,10.755,False,None,sfc_unique_p4_7,0,None,88.0,86.6,726.0,89,60,6,5,0,False,75.0,7.806333333333333,4.783666666666666,4.4,0.2105,0.8933,0.0981,0.1676,3143.1364719016588,2843.1364719016588,300.0,0.7345610525809548,45,9,6
0,1772828772.5389547,121.4,35,0.2795,0.7233,0.4228,0.1996,50.5832,72.3264,19.9577,0.0,0.0,0.0,2.37,1.41,0.96,None,0.17167139053344727,10.761,False,None,sfc_cache_p5_7,0,None,88.0,86.6,726.0,89,60,6,5,0,False,74.07407407407408,7.806333333333333,4.783666666666666,4.4,0.2105,0.8933,0.0981,0.1676,3143.1364719016588,2843.1364719016588,300.0,0.7345610525809548,45,9,6
0,1772828772.541262,121.4,35,0.2795,0.7233,0.4228,0.1996,50.5832,72.3264,19.9577,0.0,0.0,0.0,None,None,None,None,0.17167139053344727,15.944,False,None,sfc_unique_p5_7,0,None,88.0,86.6,726.0,89,60,6,5,0,False,73.17073170731707,7.806333333333333,4.783666666666666,4.4,0.2105,0.8933,0.0981,0.1676,3143.1364719016588,2843.1364719016588,300.0,0.7345610525809548,45,9,6
0,1772828772.5941477,121.4,36,0.2795,0.7233,0.4228,0.1996,50.5832,72.3264,19.9577,0.0,0.0,0.0,2.37,1.41,0.96,None,0.21625709533691406,18.212,False,None,sfc_cache_p6_7,0,None,88.0,86.6,726.0,89,60,6,5,0,False,72.28915662650603,7.806333333333333,4.783666666666666,4.4,0.2105,0.8933,0.0981,0.1676,3143.1364719016588,2843.1364719016588,300.0,0.7345610525809548,45,9,6
0,1772828772.596391,121.4,36,0.2795,0.7233,0.4228,0.1996,50.5832,72.3264,19.9577,0.0,0.0,0.0,None,None,None,None,0.21625709533691406,15.665,False,None,sfc_unique_p6_7,0,None,88.0,86.6,726.0,89,60,6,5,0,False,71.42857142857143,7.806333333333333,4.783666666666666,4.4,0.2105,0.8933,0.0981,0.1676,3143.1364719016588,2843.1364719016588,300.0,0.7345610525809548,45,9,6
0,1772828788.423067,137.3,36,0.2548,0.609,0.1222,0.1746,42.3377,60.9036,17.463,0.0,0.0,0.0,2.76,1.92,0.84,None,0.0002079010009765625,20.611,True,None,sfc_cache_p1_8,0,None,72.0,69.28,594.0,73,50,6,5,0,False,71.76470588235294,7.840599999999999,4.8338,4.62,0.2271,0.8088,0.116,0.1518,2980.553419514249,2730.553419514249,250.0,0.7256508864498704,41,9,0
0,1772828788.4249814,137.3,36,0.2548,0.609,0.1222,0.1746,42.3377,60.9036,17.463,0.0,0.0,0.0,5.76,4.49,1.27,None,0.0002079010009765625,17.9,True,None,sfc_unique_p1_8,0,None,72.0,69.28,594.0,73,50,6,5,0,False,72.09302325581395,7.840599999999999,4.8338,4.62,0.2271,0.8088,0.116,0.1518,2980.553419514249,2730.553419514249,250.0,0.7256508864498704,41,9,0
0,1772828788.4775443,137.3,37,0.2667,0.6199,0.1347,0.1996,45.2179,61.9948,19.9577,0.0,0.0,0.0,4.14,3.21,0.93,None,0.05693984031677246,18.845,True,None,sfc_cache_p2_8,0,None,72.0,69.28,594.0,74,52,6,5,0,False,72.41379310344827,8.051923076923076,4.7311538461538465,5.076923076923077,0.2408,0.8103,0.1059,0.1601,3015.9053888356,2755.9053888356,260.0,0.713514733901985,43,9,0
0,1772828788.4793665,137.3,37,0.2667,0.6199,0.1347,0.1996,45.2179,61.9948,19.9577,0.0,0.0,0.0,10.01,8.65,1.36,None,0.05693984031677246,17.156,True,None,sfc_unique_p2_8,0,None,72.0,69.28,594.0,74,52,6,5,0,False,72.72727272727273,8.051923076923076,4.7311538461538465,5.076923076923077,0.2408,0.8103,0.1059,0.1601,3015.9053888356,2755.9053888356,260.0,0.713514733901985,43,9,0
0,1772828788.5313852,137.4,38,0.2804,0.6309,0.1486,0.2245,48.0982,63.0859,22.4524,0.0,0.0,0.0,4.36,2.99,1.37,None,0.11134648323059082,18.223,True,None,sfc_cache_p3_8,0,None,72.0,69.28,594.0,76,54,6,5,0,False,73.03370786516854,8.247592592592593,4.636111111111111,5.5,0.2422,0.8148,0.1101,0.1637,3044.798904107106,2774.798904107106,270.0,0.696593474689659,45,9,0
0,1772828788.533307,137.4,38,0.2804,0.6309,0.1486,0.2245,48.0982,63.0859,22.4524,0.0,0.0,0.0,10.01,8.65,1.36,None,0.11134648323059082,16.748,True,None,sfc_unique_p3_8,0,None,72.0,69.28,594.0,76,54,6,5,0,False,73.33333333333333,8.247592592592593,4.636111111111111,5.5,0.2422,0.8148,0.1101,0.1637,3044.798904107106,2774.798904107106,270.0,0.696593474689659,45,9,0
0,1772828788.5836663,137.4,39,0.2883,0.6535,0.1635,0.2245,50.0421,65.3538,22.4524,0.0,0.0,0.0,6.18,4.81,1.37,None,0.16532063484191895,17.36,True,None,sfc_cache_p4_8,0,None,76.0,69.28,627.0,78,56,6,5,0,False,73.62637362637363,8.274464285714286,4.6312500000000005,5.303571428571429,0.2401,0.8428,0.108,0.1687,3075.4984862151387,2795.4984862151387,280.0,0.6951615888776403,46,9,1
0,1772828788.5856338,137.4,39,0.2883,0.6535,0.1635,0.2245,50.0421,65.3538,22.4524,0.0,0.0,0.0,3.84,2.03,1.81,None,0.16532063484191895,15.3,True,None,sfc_unique_p4_8,0,None,76.0,69.28,627.0,78,56,6,5,0,False,73.91304347826086,8.274464285714286,4.6312500000000005,5.303571428571429,0.2401,0.8428,0.108,0.1687,3075.4984862151387,2795.4984862151387,280.0,0.6951615888776403,46,9,1
0,1772828788.6361613,137.5,40,0.2938,0.6762,0.1805,0.2245,51.986,67.6217,22.4524,0.0,0.0,0.0,6.18,4.81,1.37,None,0.21765565872192383,17.144,True,None,sfc_cache_p5_8,0,None,80.0,69.28,660.0,80,58,6,5,0,False,74.19354838709677,8.29948275862069,4.626724137931035,5.120689655172414,0.2335,0.852,0.106,0.1744,3090.1784862151385,2800.1784862151385,290.0,0.6832991184656796,48,9,1
0,1772828788.6381905,137.5,40,0.2938,0.6762,0.1805,0.2245,51.986,67.6217,22.4524,0.0,0.0,0.0,6.62,4.41,2.21,None,0.21765565872192383,15.33,True,None,sfc_unique_p5_8,0,None,80.0,69.28,660.0,80,58,6,5,0,False,74.46808510638297,8.29948275862069,4.626724137931035,5.120689655172414,0.2335,0.852,0.106,0.1744,3090.1784862151385,2800.1784862151385,290.0,0.6832991184656796,48,9,1
0,1772828788.6864882,137.5,41,0.2991,0.709,0.1958,0.2495,53.93,70.8976,24.9471,0.0,0.0,0.0,2.47,1.09,1.38,None,0.2702338695526123,16.151,True,None,sfc_cache_p6_8,0,None,80.0,69.28,660.0,82,60,6,5,0,False,74.73684210526315,8.322833333333334,4.689166666666667,5.5,0.2337,0.8822,0.1224,0.181,3134.3883608475485,2834.3883608475485,300.0,0.6922858035974596,48,9,3
0,1772828788.6885529,137.5,41,0.2991,0.709,0.1958,0.2495,53.93,70.8976,24.9471,0.0,0.0,0.0,3.84,2.03,1.81,None,0.2702338695526123,13.331,True,None,sfc_unique_p6_8,0,None,80.0,69.28,660.0,82,60,6,5,0,False,75.0,8.322833333333334,4.689166666666667,5.5,0.2337,0.8822,0.1224,0.181,3134.3883608475485,2834.3883608475485,300.0,0.6922858035974596,48,9,3
0,1772828818.4666834,167.3,41,0.2428,0.415,0.0132,0.1746,36.9012,41.4953,17.463,0.0,0.0,0.0,3.91,2.8,1.11,None,0.0001342296600341797,18.44,True,None,sfc_cache_p1_9,0,None,48.0,34.64,396.0,49,38,6,4,0,False,75.25773195876289,8.991842105263158,4.333421052631579,6.078947368421052,0.2594,0.6357,0.1322,0.0975,2792.435292959156,2602.435292959156,190.0,0.7440222196432945,25,10,3
0,1772828818.4682906,167.3,41,0.2428,0.415,0.0132,0.1746,36.9012,41.4953,17.463,0.0,0.0,0.0,5.19,3.65,1.54,None,0.0001342296600341797,20.111,True,None,sfc_unique_p1_9,0,None,48.0,34.64,396.0,49,38,6,4,0,False,75.51020408163265,8.991842105263158,4.333421052631579,6.078947368421052,0.2594,0.6357,0.1322,0.0975,2792.435292959156,2602.435292959156,190.0,0.7440222196432945,25,10,3
0,1772828818.5258102,167.4,42,0.2494,0.4368,0.0263,0.1746,38.4131,43.6801,17.463,0.0,0.0,0.0,3.91,2.8,1.11,None,0.05890488624572754,18.676,True,None,sfc_cache_p2_9,0,None,52.0,38.97,429.0,53,40,6,4,0,False,75.75757575757575,8.89225,4.3335,5.775,0.2515,0.6449,0.1291,0.106,2821.289578673442,2621.289578673442,200.0,0.740579875713208,29,8,3
0,1772828818.5275204,167.4,42,0.2494,0.4368,0.0263,0.1746,38.4131,43.6801,17.463,0.0,0.0,0.0,5.19,3.65,1.54,None,0.05890488624572754,20.534,True,None,sfc_unique_p2_9,0,None,52.0,38.97,429.0,53,40,6,4,0,False,76.0,8.89225,4.3335,5.775,0.2515,0.6449,0.1291,0.106,2821.289578673442,2621.289578673442,200.0,0.740579875713208,29,8,3
0,1772828818.7021244,167.6,43,0.2546,0.4595,0.0408,0.1746,39.8894,45.948,17.463,0.0,0.0,0.0,3.91,2.8,1.11,None,0.11822366714477539,19.286,True,None,sfc_cache_p3_9,0,None,56.0,43.3,462.0,56,42,6,4,0,False,76.23762376237624,8.794285714285715,4.341428571428572,5.5,0.2423,0.6549,0.1263,0.1145,2844.629578673442,2634.629578673442,210.0,0.7357736438632623,31,8,3
0,1772828818.7039592,167.6,43,0.2546,0.4595,0.0408,0.1746,39.8894,45.948,17.463,0.0,0.0,0.0,5.32,3.77,1.55,None,0.11822366714477539,19.76,True,None,sfc_unique_p3_9,0,None,56.0,43.3,462.0,56,42,6,4,0,False,76.47058823529412,8.794285714285715,4.341428571428572,5.5,0.2423,0.6549,0.1263,0.1145,2844.629578673442,2634.629578673442,210.0,0.7357736438632623,31,8,3
0,1772828818.7620416,167.6,44,0.2608,0.4813,0.0567,0.1746,41.4014,48.1327,17.463,0.0,0.0,0.0,3.91,2.8,1.11,None,0.29474949836730957,18.514,True,None,sfc_cache_p4_9,0,None,60.0,47.63,495.0,59,44,6,4,0,False,76.69902912621359,8.712727272727273,4.341136363636363,5.25,0.2376,0.6593,0.1235,0.1243,2878.645210928511,2658.645210928511,220.0,0.73746201616094,32,9,3
0,1772828818.7639081,167.6,44,0.2608,0.4813,0.0567,0.1746,41.4014,48.1327,17.463,0.0,0.0,0.0,4.13,2.45,1.68,None,0.29474949836730957,19.609,True,None,sfc_unique_p4_9,0,None,60.0,47.63,495.0,59,44,6,4,0,False,76.92307692307693,8.712727272727273,4.341136363636363,5.25,0.2376,0.6593,0.1235,0.1243,2878.645210928511,2658.645210928511,220.0,0.73746201616094,32,9,3
0,1772828818.8218827,167.7,45,0.267,0.5032,0.0727,0.1746,42.9133,50.3175,17.463,0.0,0.0,0.0,3.91,2.8,1.11,None,0.3547215461730957,18.909,True,None,sfc_cache_p5_9,0,None,64.0,51.96,528.0,63,46,6,4,0,False,77.14285714285715,8.638260869565217,4.340869565217392,5.021739130434782,0.2323,0.6567,0.1209,0.1325,2898.0477801902352,2668.0477801902352,230.0,0.7385507848636073,33,10,3
0,1772828818.8238099,167.7,45,0.267,0.5032,0.0727,0.1746,42.9133,50.3175,17.463,0.0,0.0,0.0,4.13,2.45,1.68,None,0.3547215461730957,19.174,True,None,sfc_unique_p5_9,0,None,64.0,51.96,528.0,63,46,6,4,0,False,77.35849056603774,8.638260869565217,4.340869565217392,5.021739130434782,0.2323,0.6567,0.1209,0.1325,2898.0477801902352,2668.0477801902352,230.0,0.7385507848636073,33,10,3
0,1772828818.881981,167.7,46,0.2707,0.525,0.0886,0.1746,44.4252,52.5023,17.463,0.0,0.0,0.0,3.91,2.8,1.11,None,0.4146244525909424,19.156,True,None,sfc_cache_p6_9,0,None,68.0,56.29,561.0,67,48,6,4,0,False,77.57009345794393,8.57,4.340625,4.8125,0.2264,0.6995,0.1184,0.139,2938.1253494519597,2698.1253494519597,240.0,0.7348898653313136,36,9,3
0,1772828818.8839233,167.7,46,0.2707,0.525,0.0886,0.1746,44.4252,52.5023,17.463,0.0,0.0,0.0,4.17,2.49,1.68,None,0.4146244525909424,18.461,True,None,sfc_unique_p6_9,0,None,68.0,56.29,561.0,67,48,6,4,0,False,77.77777777777779,8.57,4.340625,4.8125,0.2264,0.6995,0.1184,0.139,2938.1253494519597,2698.1253494519597,240.0,0.7348898653313136,36,9,3
0,1772828839.508778,188.4,46,0.2228,0.4712,0.0174,0.1746,33.5533,47.1248,17.463,0.0,0.0,0.0,4.4,3.21,1.19,None,0.00020742416381835938,18.701,True,None,sfc_cache_p1_10,0,None,48.0,43.300000000000004,396.0,49,38,6,4,0,False,77.98165137614679,8.176052631578948,4.921315789473684,6.078947368421052,0.2336,0.6988,0.1085,0.092,2787.149342207089,2597.149342207089,190.0,0.6957276627511365,32,1,5
0,1772828839.5098016,188.4,46,0.2228,0.4712,0.0174,0.1746,33.5533,47.1248,17.463,0.0,0.0,0.0,6.11,4.58,1.53,None,0.00020742416381835938,14.968,True,None,sfc_unique_p1_10,0,None,48.0,43.300000000000004,396.0,49,38,6,4,0,False,78.18181818181819,8.176052631578948,4.921315789473684,6.078947368421052,0.2336,0.6988,0.1085,0.092,2787.149342207089,2597.149342207089,190.0,0.6957276627511365,32,1,5
0,1772828839.543085,188.4,47,0.2313,0.5048,0.0324,0.1996,35.4616,50.4838,19.9577,0.0,0.0,0.0,2.71,1.36,1.35,None,0.05373787879943848,10.155,True,None,sfc_cache_p2_10,0,None,48.0,43.3,396.0,50,40,6,4,0,False,78.37837837837837,8.209,5.0085,6.6,0.2495,0.7878,0.1203,0.1028,2842.208097857964,2642.208097857964,200.0,0.7026894578964142,33,1,6
0,1772828839.5440063,188.4,47,0.2313,0.5048,0.0324,0.1996,35.4616,50.4838,19.9577,0.0,0.0,0.0,7.96,5.74,2.22,None,0.05373787879943848,10.682,True,None,sfc_unique_p2_10,0,None,48.0,43.3,396.0,50,40,6,4,0,False,78.57142857142857,8.209,5.0085,6.6,0.2495,0.7878,0.1203,0.1028,2842.208097857964,2642.208097857964,200.0,0.7026894578964142,33,1,6
0,1772828839.5759358,188.4,48,0.2378,0.5275,0.0489,0.1996,36.9379,52.7517,19.9577,0.0,0.0,0.0,2.71,1.36,1.35,None,0.08784985542297363,9.791,True,None,sfc_cache_p3_10,0,None,52.0,47.63,429.0,54,42,6,4,0,False,78.76106194690266,8.143571428571429,4.984285714285714,6.285714285714286,0.2536,0.8155,0.1177,0.1141,2883.5372002916884,2673.5372002916884,210.0,0.7045058819588637,34,1,7
0,1772828839.5769157,188.4,48,0.2378,0.5275,0.0489,0.1996,36.9379,52.7517,19.9577,0.0,0.0,0.0,8.16,5.86,2.31,None,0.08784985542297363,10.383,True,None,sfc_unique_p3_10,0,None,52.0,47.63,429.0,54,42,6,4,0,False,78.94736842105263,8.143571428571429,4.984285714285714,6.285714285714286,0.2536,0.8155,0.1177,0.1141,2883.5372002916884,2673.5372002916884,210.0,0.7045058819588637,34,1,7
0,1772828839.6108499,188.5,49,0.2468,0.5611,0.0666,0.2245,38.8462,56.1108,22.4524,0.0,0.0,0.0,4.38,2.36,2.02,None,0.12082457542419434,10.337,True,None,sfc_cache_p4_10,0,None,52.0,47.63,429.0,55,44,6,4,0,False,79.13043478260869,8.174999999999999,5.060681818181818,6.75,0.2511,0.8175,0.1355,0.1266,2910.2884739204455,2690.2884739204455,220.0,0.6961046784859868,36,3,5
0,1772828839.6126864,188.5,49,0.2468,0.5611,0.0666,0.2245,38.8462,56.1108,22.4524,0.0,0.0,0.0,8.16,5.86,2.31,None,0.12082457542419434,10.65,True,None,sfc_unique_p4_10,0,None,52.0,47.63,429.0,55,44,6,4,0,False,79.3103448275862,8.174999999999999,5.060681818181818,6.75,0.2511,0.8175,0.1355,0.1266,2910.2884739204455,2690.2884739204455,220.0,0.6961046784859868,36,3,5
0,1772828839.6470878,188.5,50,0.2521,0.5939,0.0844,0.2245,40.3581,59.3867,22.4524,0.0,0.0,0.0,4.35,2.33,2.02,None,0.15731501579284668,9.259,True,None,sfc_cache_p5_10,0,None,56.0,47.63,462.0,58,46,6,4,0,False,79.48717948717949,8.123913043478261,5.123260869565217,6.456521739130435,0.2472,0.8513,0.1326,0.1387,2955.6134739204454,2725.6134739204454,230.0,0.6924454064095836,39,2,5
0,1772828839.6479614,188.5,50,0.2521,0.5939,0.0844,0.2245,40.3581,59.3867,22.4524,0.0,0.0,0.0,5.52,3.07,2.45,None,0.15731501579284668,9.53,True,None,sfc_unique_p5_10,0,None,56.0,47.63,462.0,58,46,6,4,0,False,79.66101694915254,8.123913043478261,5.123260869565217,6.456521739130435,0.2472,0.8513,0.1326,0.1387,2955.6134739204454,2725.6134739204454,230.0,0.6924454064095836,39,2,5
0,1772828839.6956396,188.5,51,0.2619,0.6023,0.1013,0.2245,42.4468,60.2258,22.4524,0.0,0.0,0.0,4.35,2.33,2.02,None,0.19179296493530273,15.377,True,None,sfc_cache_p6_10,0,None,60.0,51.96,495.0,62,48,6,4,0,False,79.83193277310924,8.188333333333334,4.979166666666667,6.1875,0.242,0.8483,0.1299,0.149,2969.336331063303,2729.336331063303,240.0,0.6889577148293946,41,2,5
0,1772828839.6975281,188.5,51,0.2619,0.6023,0.1013,0.2245,42.4468,60.2258,22.4524,0.0,0.0,0.0,5.56,3.11,2.45,None,0.19179296493530273,15.363,True,None,sfc_unique_p6_10,0,None,60.0,51.96,495.0,62,48,6,4,0,False,80.0,8.188333333333334,4.979166666666667,6.1875,0.242,0.8483,0.1299,0.149,2969.336331063303,2729.336331063303,240.0,0.6889577148293946,41,2,5
0,1772828859.5506818,208.4,51,0.2329,0.4922,0.0136,0.2245,34.9227,49.2188,22.4524,0.0,0.0,0.0,4.08,3.31,0.77,None,0.00019097328186035156,11.61,True,None,sfc_cache_p1_11,0,None,40.0,30.31000000000001,330.0,42,38,6,4,0,False,80.16528925619835,8.509736842105264,5.14,7.815789473684211,0.2523,0.7435,0.1349,0.192,2804.270552138125,2614.270552138125,190.0,0.7338193690341699,31,2,5
0,1772828859.5516286,208.4,51,0.2329,0.4922,0.0136,0.2245,34.9227,49.2188,22.4524,0.0,0.0,0.0,6.0,4.79,1.22,None,0.00019097328186035156,19.809,True,None,sfc_unique_p1_11,0,None,40.0,30.31000000000001,330.0,42,38,6,4,0,False,80.32786885245902,8.509736842105264,5.14,7.815789473684211,0.2523,0.7435,0.1349,0.192,2804.270552138125,2614.270552138125,190.0,0.7338193690341699,31,2,5
0,1772828859.59061,208.4,52,0.2453,0.5115,0.0279,0.2495,37.4433,51.1491,24.9471,0.0,0.0,0.0,3.01,2.11,0.9,None,0.04929709434509277,13.099,True,None,sfc_cache_p2_11,0,None,40.0,30.31,330.0,43,40,6,4,0,False,80.48780487804879,8.66775,5.0745,8.25,0.2545,0.7487,0.1456,0.2071,2843.1518514725935,2643.1518514725935,200.0,0.7305964472778286,32,3,5
0,1772828859.5915453,208.4,52,0.2453,0.5115,0.0279,0.2495,37.4433,51.1491,24.9471,0.0,0.0,0.0,5.89,4.67,1.23,None,0.04929709434509277,11.745,True,None,sfc_unique_p2_11,0,None,40.0,30.31,330.0,43,40,6,4,0,False,80.64516129032258,8.66775,5.0745,8.25,0.2545,0.7487,0.1456,0.2071,2843.1518514725935,2643.1518514725935,200.0,0.7305964472778286,32,3,5
0,1772828859.6297376,208.5,53,0.2508,0.5333,0.0411,0.2495,38.9552,53.3338,24.9471,0.0,0.0,0.0,3.01,2.11,0.9,None,0.0891420841217041,12.229,True,None,sfc_cache_p3_11,0,None,44.0,34.64,363.0,47,42,6,4,0,False,80.80000000000001,8.588333333333333,5.039285714285715,7.857142857142857,0.2526,0.7622,0.1424,0.2226,2883.7961015886744,2673.7961015886744,210.0,0.7376837862745687,32,5,5
0,1772828859.6307116,208.5,53,0.2508,0.5333,0.0411,0.2495,38.9552,53.3338,24.9471,0.0,0.0,0.0,4.79,3.46,1.33,None,0.0891420841217041,11.889,True,None,sfc_unique_p3_11,0,None,44.0,34.64,363.0,47,42,6,4,0,False,80.95238095238095,8.588333333333333,5.039285714285715,7.857142857142857,0.2526,0.7622,0.1424,0.2226,2883.7961015886744,2673.7961015886744,210.0,0.7376837862745687,32,5,5
0,1772828859.6677492,208.5,54,0.256,0.5552,0.0543,0.2495,40.4672,55.5186,24.9471,0.0,0.0,0.0,3.01,2.11,0.9,None,0.12831830978393555,11.021,True,None,sfc_cache_p4_11,0,None,48.0,38.97,396.0,51,44,6,4,0,False,81.10236220472441,8.516136363636363,5.007272727272727,7.5,0.2497,0.7695,0.1393,0.2333,2922.0974481294575,2702.0974481294575,220.0,0.7434541642673099,32,7,5
0,1772828859.6687927,208.5,54,0.256,0.5552,0.0543,0.2495,40.4672,55.5186,24.9471,0.0,0.0,0.0,4.79,3.46,1.33,None,0.12831830978393555,12.498,True,None,sfc_unique_p4_11,0,None,48.0,38.97,396.0,51,44,6,4,0,False,81.25,8.516136363636363,5.007272727272727,7.5,0.2497,0.7695,0.1393,0.2333,2922.0974481294575,2702.0974481294575,220.0,0.7434541642673099,32,7,5
0,1772828859.7143254,208.6,55,0.2623,0.577,0.0674,0.2495,41.9791,57.7034,24.9471,0.0,0.0,0.0,3.01,2.11,0.9,None,0.16692781448364258,12.067,True,None,sfc_cache_p5_11,0,None,52.0,43.3,429.0,55,46,6,4,0,False,81.3953488372093,8.450217391304347,4.97804347826087,7.173913043478261,0.2459,0.7709,0.1363,0.2391,2945.7857316768964,2715.7857316768964,230.0,0.7480841914342935,32,9,5
0,1772828859.715375,208.6,55,0.2623,0.577,0.0674,0.2495,41.9791,57.7034,24.9471,0.0,0.0,0.0,4.79,3.46,1.33,None,0.16692781448364258,17.689,True,None,sfc_unique_p5_11,0,None,52.0,43.3,429.0,55,46,6,4,0,False,81.53846153846153,8.450217391304347,4.97804347826087,7.173913043478261,0.2459,0.7709,0.1363,0.2391,2945.7857316768964,2715.7857316768964,230.0,0.7480841914342935,32,9,5
0,1772828859.75217,208.6,56,0.2718,0.577,0.0806,0.2495,44.4274,57.7034,24.9471,0.0,0.0,0.0,3.01,2.11,0.9,None,0.21305060386657715,10.823,True,None,sfc_cache_p6_11,0,None,56.0,47.63,462.0,59,48,6,4,0,False,81.67938931297711,8.570416666666667,4.770625,6.875,0.2413,0.7709,0.1335,0.24,2967.1740152243347,2727.1740152243347,240.0,0.7473838144999125,33,10,5
0,1772828859.7534945,208.6,56,0.2718,0.577,0.0806,0.2495,44.4274,57.7034,24.9471,0.0,0.0,0.0,6.74,5.39,1.35,None,0.21305060386657715,12.411,True,None,sfc_unique_p6_11,0,None,56.0,47.63,462.0,59,48,6,4,0,False,81.81818181818183,8.570416666666667,4.770625,6.875,0.2413,0.7709,0.1335,0.24,2967.1740152243347,2727.1740152243347,240.0,0.7473838144999125,33,10,5
0,1772828874.7203062,223.6,56,0.2778,0.6106,0.094,0.2744,46.3357,61.0624,27.4418,0.0,0.0,0.0,3.96,2.98,0.97,None,0.00021147727966308594,17.574,True,None,sfc_cache_p1_12,0,None,56.0,47.63,462.0,59,50,6,5,0,False,81.95488721804512,8.581,4.8464,7.26,0.2562,0.8234,0.1374,0.2581,3009.6816339384545,2759.6816339384545,250.0,0.7421704619819434,35,10,5
0,1772828874.7222202,223.6,56,0.2778,0.6106,0.094,0.2744,46.3357,61.0624,27.4418,0.0,0.0,0.0,6.12,4.77,1.35,None,0.00021147727966308594,18.758,True,None,sfc_unique_p1_12,0,None,56.0,47.63,462.0,59,50,6,5,0,False,82.08955223880598,8.581,4.8464,7.26,0.2562,0.8234,0.1374,0.2581,3009.6816339384545,2759.6816339384545,250.0,0.7421704619819434,35,10,5
0,1772828874.778881,223.6,57,0.2811,0.6325,0.108,0.2744,47.8476,63.2472,27.4418,0.0,0.0,0.0,3.96,2.98,0.97,None,0.1713104248046875,17.324,True,None,sfc_cache_p2_12,0,None,60.0,51.96,495.0,63,52,6,5,0,False,82.22222222222221,8.520192307692309,4.826730769230769,6.980769230769231,0.2576,0.8402,0.1347,0.2681,3049.106651421964,2789.106651421964,260.0,0.7386635427355259,37,10,5
0,1772828874.7808533,223.6,57,0.2811,0.6325,0.108,0.2744,47.8476,63.2472,27.4418,0.0,0.0,0.0,6.11,4.7,1.41,None,0.1713104248046875,17.822,True,None,sfc_unique_p2_12,0,None,60.0,51.96,495.0,63,52,6,5,0,False,82.35294117647058,8.520192307692309,4.826730769230769,6.980769230769231,0.2576,0.8402,0.1347,0.2681,3049.106651421964,2789.106651421964,260.0,0.7386635427355259,37,10,5
0,1772828874.838275,223.7,58,0.2866,0.6543,0.122,0.2744,49.3596,65.4319,27.4418,0.0,0.0,0.0,3.96,2.98,0.97,None,0.22997689247131348,17.511,True,None,sfc_cache_p3_12,0,None,64.0,56.29,528.0,67,54,6,5,0,False,82.48175182481752,8.463888888888889,4.808518518518519,6.722222222222222,0.2561,0.8513,0.1321,0.2689,3093.329687788,2823.329687788,270.0,0.7332299691374194,39,10,5
0,1772828874.8403091,223.7,58,0.2866,0.6543,0.122,0.2744,49.3596,65.4319,27.4418,0.0,0.0,0.0,6.11,4.7,1.41,None,0.22997689247131348,18.197,True,None,sfc_unique_p3_12,0,None,64.0,56.29,528.0,67,54,6,5,0,False,82.6086956521739,8.463888888888889,4.808518518518519,6.722222222222222,0.2561,0.8513,0.1321,0.2689,3093.329687788,2823.329687788,270.0,0.7332299691374194,39,10,5
0,1772828874.8974922,223.7,59,0.2897,0.6762,0.136,0.2744,50.8715,67.6167,27.4418,0.0,0.0,0.0,3.96,2.98,0.97,None,0.2894933223724365,17.353,True,None,sfc_cache_p4_12,0,None,68.0,60.62,561.0,71,56,6,5,0,False,82.73381294964028,8.411607142857143,4.791607142857143,6.482142857142857,0.2521,0.8569,0.1295,0.2624,3120.1123275612294,2840.1123275612294,280.0,0.7261543533576472,41,10,5
0,1772828874.8995132,223.7,59,0.2897,0.6762,0.136,0.2744,50.8715,67.6167,27.4418,0.0,0.0,0.0,6.11,4.7,1.41,None,0.2894933223724365,17.925,True,None,sfc_unique_p4_12,0,None,68.0,60.62,561.0,71,56,6,5,0,False,82.85714285714286,8.411607142857143,4.791607142857143,6.482142857142857,0.2521,0.8569,0.1295,0.2624,3120.1123275612294,2840.1123275612294,280.0,0.7261543533576472,41,10,5
0,1772828874.9562573,223.8,60,0.2938,0.698,0.15,0.2744,52.3835,69.8014,27.4418,0.0,0.0,0.0,3.96,2.98,0.97,None,0.34871506690979004,17.207,True,None,sfc_cache_p5_12,0,None,72.0,64.95,594.0,75,58,6,5,0,False,82.97872340425532,8.36293103448276,4.775862068965517,6.258620689655173,0.2461,0.8573,0.1271,0.2511,3139.5148968229537,2849.5148968229537,290.0,0.7176811396764101,43,10,5
0,1772828874.9582717,223.8,60,0.2938,0.698,0.15,0.2744,52.3835,69.8014,27.4418,0.0,0.0,0.0,6.11,4.7,1.41,None,0.34871506690979004,17.33,True,None,sfc_unique_p5_12,0,None,72.0,64.95,594.0,75,58,6,5,0,False,83.09859154929578,8.36293103448276,4.775862068965517,6.258620689655173,0.2461,0.8573,0.1271,0.2511,3139.5148968229537,2849.5148968229537,290.0,0.7176811396764101,43,10,5
0,1772828875.0143123,223.9,61,0.3011,0.7316,0.1658,0.2994,54.2918,73.1605,29.9365,0.0,0.0,0.0,2.94,1.48,1.46,None,0.40773892402648926,16.615,True,None,sfc_cache_p6_12,0,None,72.0,64.95,594.0,77,60,6,5,0,False,83.21678321678321,8.378666666666668,4.838833333333333,6.6,0.2412,0.8979,0.1308,0.2469,3178.222798328432,2878.222798328432,300.0,0.7088543521890623,45,10,5
0,1772828875.0166059,223.9,61,0.3011,0.7316,0.1658,0.2994,54.2918,73.1605,29.9365,0.0,0.0,0.0,6.43,4.64,1.79,None,0.40773892402648926,16.456,True,None,sfc_unique_p6_12,0,None,72.0,64.95,594.0,77,60,6,5,0,False,83.33333333333334,8.378666666666668,4.838833333333333,6.6,0.2412,0.8979,0.1308,0.2469,3178.222798328432,2878.222798328432,300.0,0.7088543521890623,45,10,5
0,1772828888.6098707,237.5,61,0.3104,0.7509,0.1795,0.3243,56.8124,75.0907,32.4312,0.0,0.0,0.0,2.86,1.6,1.25,None,0.00030612945556640625,9.147,True,None,sfc_cache_p1_13,0,None,72.0,64.95,594.0,77,62,6,6,0,False,83.44827586206897,8.484838709677419,4.8062903225806455,6.919354838709677,0.2352,0.901,0.1344,0.2505,3192.4017180003093,2882.4017180003093,310.0,0.7051393159631169,46,11,5
0,1772828888.611023,237.5,61,0.3104,0.7509,0.1795,0.3243,56.8124,75.0907,32.4312,0.0,0.0,0.0,5.22,3.68,1.54,None,0.00030612945556640625,8.605,True,None,sfc_unique_p1_13,0,None,72.0,64.95,594.0,77,62,6,6,0,False,83.56164383561644,8.484838709677419,4.8062903225806455,6.919354838709677,0.2352,0.901,0.1344,0.2505,3192.4017180003093,2882.4017180003093,310.0,0.7051393159631169,46,11,5
0,1772828888.6420035,237.5,62,0.3228,0.7509,0.1918,0.3243,59.7283,75.0907,32.4312,0.0,0.0,0.0,4.14,2.89,1.25,None,0.03360724449157715,8.615,True,None,sfc_cache_p2_13,0,None,76.0,64.95,627.0,80,64,6,6,0,False,83.6734693877551,8.6415625,4.65609375,6.703125,0.2311,0.901,0.132,0.252,3211.8042872620335,2891.8042872620335,320.0,0.7030385826218579,48,11,5
0,1772828888.6432,237.5,62,0.3228,0.7509,0.1918,0.3243,59.7283,75.0907,32.4312,0.0,0.0,0.0,7.08,5.39,1.68,None,0.03360724449157715,7.92,True,None,sfc_unique_p2_13,0,None,76.0,64.95,627.0,80,64,6,6,0,False,83.78378378378379,8.6415625,4.65609375,6.703125,0.2311,0.901,0.132,0.252,3211.8042872620335,2891.8042872620335,320.0,0.7030385826218579,48,11,5
0,1772828888.673244,237.5,63,0.3272,0.7845,0.2088,0.3243,61.2046,78.4498,32.4312,0.0,0.0,0.0,2.88,1.63,1.25,None,0.06579327583312988,8.397,True,None,sfc_cache_p3_13,0,None,80.0,64.95,660.0,82,66,6,6,0,False,83.89261744966443,8.586818181818183,4.716969696969697,6.5,0.229,0.9283,0.1297,0.2509,3239.0249187432287,2909.0249187432287,330.0,0.7043914808963222,49,12,5
0,1772828888.6743941,237.5,63,0.3272,0.7845,0.2088,0.3243,61.2046,78.4498,32.4312,0.0,0.0,0.0,5.71,3.98,1.73,None,0.06579327583312988,7.191,True,None,sfc_unique_p3_13,0,None,80.0,64.95,660.0,82,66,6,6,0,False,84.0,8.586818181818183,4.716969696969697,6.5,0.229,0.9283,0.1297,0.2509,3239.0249187432287,2909.0249187432287,330.0,0.7043914808963222,49,12,5
0,1772828888.7042422,237.6,64,0.3339,0.8173,0.2267,0.3493,63.1485,81.7256,34.9259,0.0,0.0,0.0,2.79,1.5,1.29,None,0.09695196151733398,7.711,True,None,sfc_cache_p4_13,0,None,80.0,64.95,660.0,84,68,6,6,0,False,84.10596026490066,8.598970588235295,4.7694117647058825,6.794117647058823,0.227,0.958,0.1444,0.2467,3280.0216684723728,2940.0216684723728,340.0,0.7071623227772893,49,14,5
0,1772828888.7054555,237.6,64,0.3339,0.8173,0.2267,0.3493,63.1485,81.7256,34.9259,0.0,0.0,0.0,5.71,3.98,1.73,None,0.09695196151733398,7.274,True,None,sfc_unique_p4_13,0,None,80.0,64.95,660.0,84,68,6,6,0,False,84.21052631578947,8.598970588235295,4.7694117647058825,6.794117647058823,0.227,0.958,0.1444,0.2467,3280.0216684723728,2940.0216684723728,340.0,0.7071623227772893,49,14,5
0,1772828888.7345204,237.6,65,0.3384,0.8441,0.2426,0.3493,64.9121,84.4144,34.9259,0.0,0.0,0.0,2.74,1.41,1.34,None,0.12802839279174805,7.142,True,None,sfc_cache_p5_13,0,None,84.0,64.95,693.0,87,70,6,6,0,False,84.31372549019608,8.586571428571428,4.785571428571429,6.6,0.2263,0.9718,0.142,0.24,3321.404194397152,2971.404194397152,350.0,0.7132948235614968,53,10,7
0,1772828888.7357683,237.6,65,0.3384,0.8441,0.2426,0.3493,64.9121,84.4144,34.9259,0.0,0.0,0.0,3.82,2.09,1.73,None,0.12802839279174805,6.832,True,None,sfc_unique_p5_13,0,None,84.0,64.95,693.0,87,70,6,6,0,False,84.4155844155844,8.586571428571428,4.785571428571429,6.6,0.2263,0.9718,0.142,0.24,3321.404194397152,2971.404194397152,350.0,0.7132948235614968,53,10,7
0,1772828888.7651992,237.6,66,0.3404,0.871,0.2585,0.3493,66.208,87.1031,34.9259,0.0,0.0,0.0,2.74,1.41,1.34,None,0.15819668769836426,7.029,True,None,sfc_cache_p6_13,0,None,92.33,64.95,726.0,91,72,6,6,0,False,84.51612903225806,8.514722222222222,4.800833333333333,6.416666666666667,0.2241,0.9803,0.1396,0.232,3350.867512768921,2990.867512768921,360.0,0.7189557313612546,61,2,9
0,1772828888.7664628,237.6,66,0.3404,0.871,0.2585,0.3493,66.208,87.1031,34.9259,0.0,0.0,0.0,3.82,2.09,1.73,None,0.15819668769836426,6.877,True,None,sfc_unique_p6_13,0,None,92.33,64.95,726.0,91,72,6,6,0,False,84.61538461538461,8.514722222222222,4.800833333333333,6.416666666666667,0.2241,0.9803,0.1396,0.232,3350.867512768921,2990.867512768921,360.0,0.7189557313612546,61,2,9
0,1772828909.6659229,258.5,66,0.3466,0.9046,0.2737,0.3742,68.1163,90.4622,37.4206,0.0,0.0,0.0,2.58,1.63,0.95,None,0.00040459632873535156,11.856,True,None,sfc_cache_p1_14,0,None,92.33,64.95,726.0,91,74,6,7,0,False,84.71337579617835,8.523378378378379,4.8512162162162165,6.6891891891891895,0.2226,0.9844,0.1474,0.2277,3372.2175359851417,3002.2175359851417,370.0,0.7226471072554105,64,0,10
0,1772828909.668475,258.5,66,0.3466,0.9046,0.2737,0.3742,68.1163,90.4622,37.4206,0.0,0.0,0.0,3.38,2.09,1.28,None,0.00040459632873535156,12.025,True,None,sfc_unique_p1_14,0,None,92.33,64.95,726.0,91,74,6,7,0,False,84.81012658227847,8.523378378378379,4.8512162162162165,6.6891891891891895,0.2226,0.9844,0.1474,0.2277,3372.2175359851417,3002.2175359851417,370.0,0.7226471072554105,64,0,10
0,1772828909.7169595,258.6,67,0.3508,0.9315,0.2884,0.3742,69.8799,93.1509,37.4206,0.0,0.0,0.0,2.58,1.63,0.95,None,0.05430483818054199,11.292,True,None,sfc_cache_p2_14,0,None,96.33,64.95,759.0,93,76,6,7,0,False,84.90566037735849,8.513947368421052,4.863947368421053,6.5131578947368425,0.2211,0.9936,0.1451,0.2293,3405.9886240520045,3025.9886240520045,380.0,0.7268262168634817,65,0,11
0,1772828909.7196383,258.6,67,0.3508,0.9315,0.2884,0.3742,69.8799,93.1509,37.4206,0.0,0.0,0.0,4.04,2.1,1.95,None,0.05430483818054199,9.849,True,None,sfc_unique_p2_14,0,None,96.33,64.95,759.0,93,76,6,7,0,False,85.0,8.513947368421052,4.863947368421053,6.5131578947368425,0.2211,0.9936,0.1451,0.2293,3405.9886240520045,3025.9886240520045,380.0,0.7268262168634817,65,0,11
0,1772828909.8170388,258.7,68,0.3543,0.9651,0.3027,0.3992,71.7882,96.5099,39.9153,0.0,0.0,0.0,3.08,1.52,1.57,None,0.10452985763549805,5.742,True,None,sfc_cache_p3_14,0,None,96.33,64.95,759.0,94,78,6,7,0,False,85.09316770186336,8.522179487179487,4.910128205128205,6.769230769230769,0.2203,0.9987,0.1434,0.2352,3432.2511995047207,3042.2511995047207,390.0,0.7296506621269614,66,0,12
0,1772828909.818496,258.7,68,0.3543,0.9651,0.3027,0.3992,71.7882,96.5099,39.9153,0.0,0.0,0.0,4.04,2.1,1.95,None,0.10452985763549805,5.607,True,None,sfc_unique_p3_14,0,None,96.33,64.95,759.0,94,78,6,7,0,False,85.18518518518519,8.522179487179487,4.910128205128205,6.769230769230769,0.2203,0.9987,0.1434,0.2352,3432.2511995047207,3042.2511995047207,390.0,0.7296506621269614,66,0,12
0,1772828909.846906,258.7,69,0.3648,0.9651,0.3138,0.4241,75.1361,96.5099,42.41,0.0,0.0,0.0,3.81,2.24,1.57,None,0.20322275161743164,5.46,True,None,sfc_cache_p4_14,0,None,96.33,64.95,759.0,96,80,6,7,0,False,85.2760736196319,8.696625000000001,4.787375,7.0125,0.2202,0.9987,0.1421,0.2383,3474.6378269617708,3074.6378269617708,400.0,0.7298045956583575,68,0,12
0,1772828909.8483593,258.7,69,0.3648,0.9651,0.3138,0.4241,75.1361,96.5099,42.41,0.0,0.0,0.0,5.21,3.21,2.0,None,0.20322275161743164,5.177,True,None,sfc_unique_p4_14,0,None,96.33,64.95,759.0,96,80,6,7,0,False,85.36585365853658,8.696625000000001,4.787375,7.0125,0.2202,0.9987,0.1421,0.2383,3474.6378269617708,3074.6378269617708,400.0,0.7298045956583575,68,0,12
0,1772828909.8763394,258.7,70,0.3697,0.9693,0.3281,0.4241,77.404,96.9308,42.41,0.0,0.0,0.0,4.29,1.73,2.56,None,0.23305058479309082,5.366,True,None,sfc_cache_p5_14,0,None,104.66,64.95,792.0,100,82,6,7,0,False,85.45454545454545,8.74060975609756,4.690975609756098,6.841463414634147,0.2183,0.9987,0.1399,0.2413,3497.3278130320386,3087.3278130320386,410.0,0.7301590422406699,70,0,12
0,1772828909.8777442,258.7,70,0.3697,0.9693,0.3281,0.4241,77.404,96.9308,42.41,0.0,0.0,0.0,5.21,3.21,2.0,None,0.23305058479309082,5.123,True,None,sfc_unique_p5_14,0,None,104.66,64.95,792.0,100,82,6,7,0,False,85.54216867469879,8.74060975609756,4.690975609756098,6.841463414634147,0.2183,0.9987,0.1399,0.2413,3497.3278130320386,3087.3278130320386,410.0,0.7301590422406699,70,0,12
0,1772828909.9053595,258.8,71,0.3778,0.9693,0.3423,0.4241,79.8523,96.9308,42.41,0.0,0.0,0.0,5.42,2.27,3.15,None,0.26238083839416504,5.256,True,None,sfc_cache_p6_14,0,None,112.99,64.95,825.0,104,84,6,7,0,False,85.62874251497006,8.802380952380952,4.579285714285715,6.678571428571429,0.2159,0.9987,0.1378,0.2423,3519.8645720476707,3099.8645720476707,420.0,0.7303652456859862,72,0,12
0,1772828909.9067683,258.8,71,0.3778,0.9693,0.3423,0.4241,79.8523,96.9308,42.41,0.0,0.0,0.0,5.21,3.21,2.0,None,0.26238083839416504,5.034,True,None,sfc_unique_p6_14,0,None,112.99,64.95,825.0,104,84,6,7,0,False,85.71428571428571,8.802380952380952,4.579285714285715,6.678571428571429,0.2159,0.9987,0.1378,0.2423,3519.8645720476707,3099.8645720476707,420.0,0.7303652456859862,72,0,12
0,1772828935.6841972,284.5,71,0.3472,0.8593,0.1407,0.3493,68.692,85.9288,34.9259,0.0,0.0,0.0,3.82,2.98,0.84,None,0.0001888275146484375,15.09,True,None,sfc_cache_p1_15,0,None,104.99,64.95,759.0,95,74,6,7,0,False,85.79881656804734,8.595405405405405,4.608108108108108,6.243243243243243,0.2188,0.9651,0.1175,0.1906,3399.226156706634,3029.226156706634,370.0,0.7577024555340888,53,12,9
0,1772828935.68665,284.5,71,0.3472,0.8593,0.1407,0.3493,68.692,85.9288,34.9259,0.0,0.0,0.0,5.76,4.49,1.27,None,0.0001888275146484375,13.843,True,None,sfc_unique_p1_15,0,None,104.99,64.95,759.0,95,74,6,7,0,False,85.88235294117646,8.595405405405405,4.608108108108108,6.243243243243243,0.2188,0.9651,0.1175,0.1906,3399.226156706634,3029.226156706634,370.0,0.7577024555340888,53,12,9
0,1772828935.7244384,284.6,72,0.3556,0.8702,0.1532,0.3742,71.5722,87.02,37.4206,0.0,0.0,0.0,4.15,3.22,0.93,None,0.06087470054626465,7.887,True,None,sfc_cache_p2_15,0,None,104.99,64.95,759.0,96,76,6,7,0,False,85.96491228070175,8.720131578947369,4.543815789473684,6.5131578947368425,0.2269,0.9701,0.1154,0.2039,3433.5546351696025,3053.5546351696025,380.0,0.749100091667786,55,12,9
0,1772828935.7257826,284.6,72,0.3556,0.8702,0.1532,0.3742,71.5722,87.02,37.4206,0.0,0.0,0.0,10.01,8.65,1.36,None,0.06087470054626465,7.864,True,None,sfc_unique_p2_15,0,None,104.99,64.95,759.0,96,76,6,7,0,False,86.04651162790698,8.720131578947369,4.543815789473684,6.5131578947368425,0.2269,0.9701,0.1154,0.2039,3433.5546351696025,3053.5546351696025,380.0,0.749100091667786,55,12,9
0,1772828935.7634754,284.6,73,0.364,0.8803,0.1661,0.3992,74.4881,88.0279,39.9153,0.0,0.0,0.0,2.47,1.09,1.38,None,0.09897923469543457,9.3,True,None,sfc_cache_p3_15,0,None,104.99,64.95,759.0,97,78,6,7,0,False,86.1271676300578,8.842692307692309,4.478589743589743,6.769230769230769,0.2271,0.9742,0.1289,0.2145,3466.6379290258487,3076.6379290258487,390.0,0.7449561047097943,56,12,10
0,1772828935.765375,284.6,73,0.364,0.8803,0.1661,0.3992,74.4881,88.0279,39.9153,0.0,0.0,0.0,10.01,8.65,1.36,None,0.09897923469543457,9.621,True,None,sfc_unique_p3_15,0,None,104.99,64.95,759.0,97,78,6,7,0,False,86.20689655172413,8.842692307692309,4.478589743589743,6.769230769230769,0.2271,0.9742,0.1289,0.2145,3466.6379290258487,3076.6379290258487,390.0,0.7449561047097943,56,12,10
0,1772828935.8027363,284.7,74,0.3714,0.8996,0.1823,0.4241,77.0087,89.9582,42.41,0.0,0.0,0.0,4.11,2.35,1.76,None,0.13906502723693848,8.921,True,None,sfc_cache_p4_15,0,None,104.99,64.95,759.0,98,80,6,7,0,False,86.28571428571429,8.913375,4.462375,7.0125,0.2227,0.9728,0.1279,0.2263,3476.6379290258487,3076.6379290258487,400.0,0.7389614290832341,58,12,10
0,1772828935.8044765,284.7,74,0.3714,0.8996,0.1823,0.4241,77.0087,89.9582,42.41,0.0,0.0,0.0,6.24,4.46,1.78,None,0.13906502723693848,8.409,True,None,sfc_unique_p4_15,0,None,104.99,64.95,759.0,98,80,6,7,0,False,86.36363636363636,8.913375,4.462375,7.0125,0.2227,0.9728,0.1279,0.2263,3476.6379290258487,3076.6379290258487,400.0,0.7389614290832341,58,12,10
0,1772828935.8449497,284.7,75,0.3746,0.9332,0.2002,0.449,78.917,93.3172,44.9047,0.0,0.0,0.0,4.87,2.9,1.97,None,0.17826318740844727,8.009,True,None,sfc_cache_p5_15,0,None,104.99,64.95,759.0,99,82,6,7,0,False,86.4406779661017,8.911463414634147,4.516097560975609,7.2439024390243905,0.2198,0.9859,0.1278,0.2335,3496.8067636588767,3086.8067636588767,410.0,0.73724836705111,59,12,11
0,1772828935.847788,284.7,75,0.3746,0.9332,0.2002,0.449,78.917,93.3172,44.9047,0.0,0.0,0.0,3.84,2.03,1.81,None,0.17826318740844727,9.903,True,None,sfc_unique_p5_15,0,None,104.99,64.95,759.0,99,82,6,7,0,False,86.51685393258427,8.911463414634147,4.516097560975609,7.2439024390243905,0.2198,0.9859,0.1278,0.2335,3496.8067636588767,3086.8067636588767,410.0,0.73724836705111,59,12,11
0,1772828935.8963046,284.7,76,0.3776,0.9668,0.2193,0.474,80.8253,96.6762,47.3995,0.0,0.0,0.0,7.06,4.71,2.35,None,0.2221062183380127,9.757,True,None,sfc_cache_p6_15,0,None,104.99,64.95,759.0,100,84,6,7,0,False,86.59217877094973,8.909642857142856,4.567261904761905,7.464285714285714,0.2167,0.9947,0.1386,0.2407,3519.8645720476707,3099.8645720476707,420.0,0.7344648291976947,68,7,9
0,1772828935.8990135,284.7,76,0.3776,0.9668,0.2193,0.474,80.8253,96.6762,47.3995,0.0,0.0,0.0,3.84,2.03,1.81,None,0.2221062183380127,9.87,True,None,sfc_unique_p6_15,0,None,104.99,64.95,759.0,100,84,6,7,0,False,86.66666666666667,8.909642857142856,4.567261904761905,7.464285714285714,0.2167,0.9947,0.1386,0.2407,3519.8645720476707,3099.8645720476707,420.0,0.7344648291976947,68,7,9
0,1772828954.7638073,303.6,76,0.3895,0.9668,0.2338,0.4989,84.1732,96.6762,49.8942,0.0,0.0,0.0,4.79,2.27,2.52,None,0.00010466575622558594,6.281,True,None,sfc_cache_p1_16,0,None,104.99,64.95,759.0,101,86,6,8,0,False,86.74033149171271,9.062906976744186,4.461046511627907,7.674418604651163,0.2143,0.9947,0.1415,0.2479,3542.533663519579,3112.533663519579,430.0,0.7339930485068822,74,7,5
0,1772828954.765299,303.6,76,0.3895,0.9668,0.2338,0.4989,84.1732,96.6762,49.8942,0.0,0.0,0.0,5.58,3.21,2.36,None,0.00010466575622558594,5.43,True,None,sfc_unique_p1_16,0,None,104.99,64.95,759.0,101,86,6,8,0,False,86.81318681318682,9.062906976744186,4.461046511627907,7.674418604651163,0.2143,0.9947,0.1415,0.2479,3542.533663519579,3112.533663519579,430.0,0.7339930485068822,74,7,5
0,1772828954.7947261,303.6,77,0.3959,0.9668,0.2539,0.4989,86.6215,96.6762,49.8942,0.0,0.0,0.0,4.79,2.27,2.52,None,0.10617303848266602,5.585,True,None,sfc_cache_p2_16,0,None,113.32,64.95,792.0,104,88,6,8,0,False,86.88524590163934,9.114545454545455,4.359659090909091,7.5,0.2114,0.9947,0.1395,0.2568,3556.012614146417,3116.012614146417,440.0,0.7325579484854958,76,7,5
0,1772828954.7964716,303.6,77,0.3959,0.9668,0.2539,0.4989,86.6215,96.6762,49.8942,0.0,0.0,0.0,6.56,3.51,3.05,None,0.10617303848266602,5.34,True,None,sfc_unique_p2_16,0,None,113.32,64.95,792.0,104,88,6,8,0,False,86.95652173913044,9.114545454545455,4.359659090909091,7.5,0.2114,0.9947,0.1395,0.2568,3556.012614146417,3116.012614146417,440.0,0.7325579484854958,76,7,5
0,1772828954.8283725,303.7,78,0.4034,0.9668,0.2769,0.4989,89.0697,96.6762,49.8942,0.0,0.0,0.0,4.79,2.27,2.52,None,0.13759899139404297,6.128,True,None,sfc_cache_p3_16,0,None,121.65,64.95,825.0,108,90,6,8,0,False,87.02702702702703,9.16388888888889,4.262777777777777,7.333333333333333,0.2087,0.9947,0.1374,0.2605,3570.0,3120.0,450.0,0.7297832201333279,78,12,0
0,1772828954.829955,303.7,78,0.4034,0.9668,0.2769,0.4989,89.0697,96.6762,49.8942,0.0,0.0,0.0,10.08,6.0,4.08,None,0.13759899139404297,4.87,True,None,sfc_unique_p3_16,0,None,121.65,64.95,825.0,108,90,6,8,0,False,87.09677419354838,9.16388888888889,4.262777777777777,7.333333333333333,0.2087,0.9947,0.1374,0.2605,3570.0,3120.0,450.0,0.7297832201333279,78,12,0
0,1772828954.8583572,303.7,79,0.4114,0.9777,0.3058,0.5239,91.95,97.7674,52.3889,0.0,0.0,0.0,6.4,3.36,3.05,None,0.1708667278289795,5.214,True,None,sfc_cache_p4_16,0,None,121.65,64.95,825.0,109,92,6,8,0,False,87.16577540106952,9.254565217391304,4.217173913043479,7.532608695652174,0.2056,0.9985,0.1372,0.2664,3580.0,3120.0,460.0,0.7247321962104476,80,12,0
0,1772828954.8599596,303.7,79,0.4114,0.9777,0.3058,0.5239,91.95,97.7674,52.3889,0.0,0.0,0.0,7.68,3.42,4.25,None,0.1708667278289795,4.594,True,None,sfc_unique_p4_16,0,None,121.65,64.95,825.0,109,92,6,8,0,False,87.2340425531915,9.254565217391304,4.217173913043479,7.532608695652174,0.2056,0.9985,0.1372,0.2664,3580.0,3120.0,460.0,0.7247321962104476,80,12,0
0,1772828954.8891876,303.7,80,0.4114,0.9777,0.3058,0.5239,91.95,97.7674,52.3889,0.0,0.0,0.0,None,None,None,None,0.20090818405151367,4.593,False,None,sfc_cache_p5_16,0,None,121.65,64.95,825.0,109,92,6,8,0,False,86.77248677248677,9.254565217391304,4.217173913043479,7.532608695652174,0.2056,0.9985,0.1372,0.2664,3580.0,3120.0,460.0,0.7247321962104476,80,12,0
0,1772828954.8908465,303.7,80,0.4114,0.9777,0.3058,0.5239,91.95,97.7674,52.3889,0.0,0.0,0.0,None,None,None,None,0.20090818405151367,4.498,False,None,sfc_unique_p5_16,0,None,121.65,64.95,825.0,109,92,6,8,0,False,86.31578947368422,9.254565217391304,4.217173913043479,7.532608695652174,0.2056,0.9985,0.1372,0.2664,3580.0,3120.0,460.0,0.7247321962104476,80,12,0
0,1772828954.92197,303.8,81,0.4114,0.9777,0.3058,0.5239,91.95,97.7674,52.3889,0.0,0.0,0.0,None,None,None,None,0.23246479034423828,4.613,False,None,sfc_cache_p6_16,0,None,121.65,64.95,825.0,109,92,6,8,0,False,85.86387434554975,9.254565217391304,4.217173913043479,7.532608695652174,0.2056,0.9985,0.1372,0.2664,3580.0,3120.0,460.0,0.7247321962104476,80,12,0
0,1772828954.9237916,303.8,81,0.4114,0.9777,0.3058,0.5239,91.95,97.7674,52.3889,0.0,0.0,0.0,None,None,None,None,0.23246479034423828,4.769,False,None,sfc_unique_p6_16,0,None,121.65,64.95,825.0,109,92,6,8,0,False,85.41666666666666,9.254565217391304,4.217173913043479,7.532608695652174,0.2056,0.9985,0.1372,0.2664,3580.0,3120.0,460.0,0.7247321962104476,80,12,0
0,1772828981.832363,330.7,81,0.3483,0.5762,0.0153,0.3992,62.5707,57.6177,39.9153,0.0,0.0,0.0,2.48,1.16,1.32,None,0.0002906322479248047,19.283,True,None,sfc_cache_p1_17,0,None,73.65,17.32,429.0,61,58,6,6,0,False,85.49222797927462,9.989310344827587,3.942241379310345,9.10344827586207,0.2273,0.6327,0.16,0.1628,3074.9910602829395,2784.9910602829395,290.0,0.7832908775096423,37,13,8
0,1772828981.8345313,330.7,81,0.3483,0.5762,0.0153,0.3992,62.5707,57.6177,39.9153,0.0,0.0,0.0,3.3,1.55,1.75,None,0.0002906322479248047,20.521,True,None,sfc_unique_p1_17,0,None,73.65,17.32,429.0,61,58,6,6,0,False,85.56701030927834,9.989310344827587,3.942241379310345,9.10344827586207,0.2273,0.6327,0.16,0.1628,3074.9910602829395,2784.9910602829395,290.0,0.7832908775096423,37,13,8
0,1772828981.9048054,330.8,82,0.3553,0.6081,0.0311,0.4241,64.5503,60.8104,42.41,0.0,0.0,0.0,2.42,1.1,1.32,None,0.0741736888885498,18.588,True,None,sfc_cache_p2_17,0,None,73.65,17.32,429.0,63,60,6,6,0,False,85.64102564102564,9.961833333333335,4.022,9.35,0.2232,0.651,0.1754,0.1691,3125.2793283528977,2825.2793283528977,300.0,0.7869667727134614,37,14,9
0,1772828981.9071646,330.8,82,0.3553,0.6081,0.0311,0.4241,64.5503,60.8104,42.41,0.0,0.0,0.0,3.3,1.55,1.75,None,0.0741736888885498,20.519,True,None,sfc_unique_p2_17,0,None,73.65,17.32,429.0,63,60,6,6,0,False,85.71428571428571,9.961833333333335,4.022,9.35,0.2232,0.651,0.1754,0.1691,3125.2793283528977,2825.2793283528977,300.0,0.7869667727134614,37,14,9
0,1772828981.9758418,330.8,83,0.3607,0.6409,0.0461,0.449,66.4942,64.0863,44.9047,0.0,0.0,0.0,3.0,1.63,1.38,None,0.14679384231567383,17.723,True,None,sfc_cache_p3_17,0,None,73.65,17.32,429.0,64,62,6,6,0,False,85.78680203045685,9.930806451612904,4.101935483870967,9.580645161290322,0.219,0.6527,0.1728,0.1755,3153.4088748627255,2843.4088748627255,310.0,0.7895072020557349,37,16,9
0,1772828981.9781573,330.8,83,0.3607,0.6409,0.0461,0.449,66.4942,64.0863,44.9047,0.0,0.0,0.0,3.8,2.05,1.75,None,0.14679384231567383,20.0,True,None,sfc_unique_p3_17,0,None,73.65,17.32,429.0,64,62,6,6,0,False,85.85858585858585,9.930806451612904,4.101935483870967,9.580645161290322,0.219,0.6527,0.1728,0.1755,3153.4088748627255,2843.4088748627255,310.0,0.7895072020557349,37,16,9
0,1772828982.1486733,331.0,84,0.3645,0.6736,0.0607,0.474,68.4382,67.3622,47.3995,0.0,0.0,0.0,4.71,3.31,1.4,None,0.21778345108032227,16.192,True,None,sfc_cache_p4_17,0,None,73.65,17.32,429.0,66,64,6,6,0,False,85.92964824120602,9.90171875,4.176875,9.796875,0.218,0.6788,0.186,0.1817,3189.3535869815923,2869.3535869815923,320.0,0.7907430283735297,38,26,0
0,1772828982.150141,331.0,84,0.3645,0.6736,0.0607,0.474,68.4382,67.3622,47.3995,0.0,0.0,0.0,3.8,2.05,1.75,None,0.21778345108032227,13.812,True,None,sfc_unique_p4_17,0,None,73.65,17.32,429.0,66,64,6,6,0,False,86.0,9.90171875,4.176875,9.796875,0.218,0.6788,0.186,0.1817,3189.3535869815923,2869.3535869815923,320.0,0.7907430283735297,38,26,0
0,1772828982.1934297,331.0,85,0.3658,0.6963,0.0758,0.474,69.9145,69.6301,47.3995,0.0,0.0,0.0,4.71,3.31,1.4,None,0.38881397247314453,10.701,True,None,sfc_cache_p5_17,0,None,77.65,21.65,462.0,69,66,6,6,0,False,86.06965174129353,9.808787878787879,4.1866666666666665,9.5,0.2166,0.7071,0.1827,0.19,3230.3653947512876,2900.3653947512876,330.0,0.7882591693354275,41,25,0
0,1772828982.1950705,331.0,85,0.3658,0.6963,0.0758,0.474,69.9145,69.6301,47.3995,0.0,0.0,0.0,5.35,3.54,1.82,None,0.38881397247314453,11.475,True,None,sfc_unique_p5_17,0,None,77.65,21.65,462.0,69,66,6,6,0,False,86.13861386138613,9.808787878787879,4.1866666666666665,9.5,0.2166,0.7071,0.1827,0.19,3230.3653947512876,2900.3653947512876,330.0,0.7882591693354275,41,25,0
0,1772828982.2426825,331.1,86,0.3671,0.719,0.0908,0.474,71.3908,71.898,47.3995,0.0,0.0,0.0,4.71,3.31,1.4,None,0.4337639808654785,13.27,True,None,sfc_cache_p6_17,0,None,81.65,25.98,495.0,73,68,6,6,0,False,86.20689655172413,9.721323529411764,4.195882352941176,9.220588235294118,0.2138,0.7139,0.1796,0.1963,3254.5214882352684,2914.5214882352684,340.0,0.784353655834952,45,23,0
0,1772828982.2447362,331.1,86,0.3671,0.719,0.0908,0.474,71.3908,71.898,47.3995,0.0,0.0,0.0,5.35,3.54,1.82,None,0.4337639808654785,11.868,True,None,sfc_unique_p6_17,0,None,81.65,25.98,495.0,73,68,6,6,0,False,86.27450980392157,9.721323529411764,4.195882352941176,9.220588235294118,0.2138,0.7139,0.1796,0.1963,3254.5214882352684,2914.5214882352684,340.0,0.784353655834952,45,23,0
0,1772828999.8609493,348.7,86,0.3533,0.5972,0.014,0.449,63.4703,59.7168,44.9047,0.0,0.0,0.0,4.32,3.62,0.71,None,0.0001811981201171875,20.264,True,None,sfc_cache_p1_18,0,None,65.65,8.66,363.0,56,58,6,6,0,False,86.34146341463415,10.132931034482759,4.085862068965517,10.241379310344827,0.2242,0.6318,0.1884,0.1732,3133.922258777091,2843.922258777091,290.0,0.8442253437127158,23,32,3
0,1772828999.863162,348.7,86,0.3533,0.5972,0.014,0.449,63.4703,59.7168,44.9047,0.0,0.0,0.0,6.81,5.67,1.14,None,0.0001811981201171875,22.775,True,None,sfc_unique_p1_18,0,None,65.65,8.66,363.0,56,58,6,6,0,False,86.40776699029125,10.132931034482759,4.085862068965517,10.241379310344827,0.2242,0.6318,0.1884,0.1732,3133.922258777091,2843.922258777091,290.0,0.8442253437127158,23,32,3
0,1772828999.9383323,348.8,87,0.3574,0.6299,0.0286,0.474,65.4143,62.9926,47.3995,0.0,0.0,0.0,4.13,2.98,1.15,None,0.07658219337463379,20.304,True,None,sfc_cache_p2_18,0,None,65.65,8.66,363.0,57,60,6,6,0,False,86.47342995169082,10.095166666666668,4.166333333333333,10.45,0.2201,0.6443,0.1862,0.1853,3163.241266311368,2863.241266311368,300.0,0.8345450403373252,26,31,3
0,1772828999.9407287,348.8,87,0.3574,0.6299,0.0286,0.474,65.4143,62.9926,47.3995,0.0,0.0,0.0,6.81,5.67,1.14,None,0.07658219337463379,24.117,True,None,sfc_unique_p2_18,0,None,65.65,8.66,363.0,57,60,6,6,0,False,86.53846153846155,10.095166666666668,4.166333333333333,10.45,0.2201,0.6443,0.1862,0.1853,3163.241266311368,2863.241266311368,300.0,0.8345450403373252,26,31,3
0,1772829000.014872,348.9,88,0.3563,0.6845,0.0473,0.4989,66.4219,68.4533,49.8942,0.0,0.0,0.0,3.67,2.52,1.15,None,0.15410804748535156,19.144,True,None,sfc_cache_p3_18,0,None,65.65,8.66,363.0,59,62,6,6,0,False,86.60287081339713,9.92,4.381451612903225,10.64516129032258,0.2175,0.7104,0.2005,0.1973,3210.2830355317287,2900.2830355317287,310.0,0.8212376207525142,28,31,3
0,1772829000.0170982,348.9,88,0.3563,0.6845,0.0473,0.4989,66.4219,68.4533,49.8942,0.0,0.0,0.0,3.5,2.02,1.48,None,0.15410804748535156,22.921,True,None,sfc_unique_p3_18,0,None,65.65,8.66,363.0,59,62,6,6,0,False,86.66666666666667,9.92,4.381451612903225,10.64516129032258,0.2175,0.7104,0.2005,0.1973,3210.2830355317287,2900.2830355317287,310.0,0.8212376207525142,28,31,3
0,1772829000.086428,348.9,89,0.3626,0.7181,0.0638,0.5239,68.3302,71.8123,52.3889,0.0,0.0,0.0,3.73,2.36,1.36,None,0.2304832935333252,17.197,True,None,sfc_cache_p4_18,0,None,65.65,8.66,363.0,59,64,6,6,0,False,86.7298578199052,9.88609375,4.4528125,10.828125,0.2138,0.8401,0.1975,0.2105,3254.277457595565,2934.277457595565,320.0,0.8057544101388686,41,20,3
0,1772829000.0887952,348.9,89,0.3626,0.7181,0.0638,0.5239,68.3302,71.8123,52.3889,0.0,0.0,0.0,6.3,4.77,1.53,None,0.2304832935333252,20.261,True,None,sfc_unique_p4_18,0,None,65.65,8.66,363.0,59,64,6,6,0,False,86.79245283018868,9.88609375,4.4528125,10.828125,0.2138,0.8401,0.1975,0.2105,3254.277457595565,2934.277457595565,320.0,0.8057544101388686,41,20,3
0,1772829000.1556177,349.0,90,0.369,0.7509,0.0793,0.5488,70.2741,75.0882,54.8836,0.0,0.0,0.0,4.17,2.8,1.37,None,0.302264928817749,16.443,True,None,sfc_cache_p5_18,0,None,65.65,8.66,363.0,60,66,6,6,0,False,86.85446009389672,9.859242424242424,4.5148484848484856,11.0,0.2167,0.8732,0.1956,0.2204,3306.592036651748,2976.592036651748,330.0,0.8001201368496965,43,23,0
0,1772829000.158091,349.0,90,0.369,0.7509,0.0793,0.5488,70.2741,75.0882,54.8836,0.0,0.0,0.0,6.28,4.7,1.58,None,0.302264928817749,17.775,True,None,sfc_unique_p5_18,0,None,65.65,8.66,363.0,60,66,6,6,0,False,86.91588785046729,9.859242424242424,4.5148484848484856,11.0,0.2167,0.8732,0.1956,0.2204,3306.592036651748,2976.592036651748,330.0,0.8001201368496965,43,23,0
0,1772829000.225204,349.1,91,0.3726,0.7836,0.097,0.5738,72.218,78.3641,57.3783,0.0,0.0,0.0,4.32,2.58,1.74,None,0.37179017066955566,16.729,True,None,sfc_cache_p6_18,0,None,65.65,8.66,363.0,62,68,6,6,0,False,86.9767441860465,9.833970588235294,4.573235294117647,11.161764705882353,0.2167,0.8766,0.198,0.2243,3329.9916710676207,2989.9916710676207,340.0,0.7922871186947953,45,23,0
0,1772829000.2276864,349.1,91,0.3726,0.7836,0.097,0.5738,72.218,78.3641,57.3783,0.0,0.0,0.0,6.28,4.7,1.58,None,0.37179017066955566,17.113,True,None,sfc_unique_p6_18,0,None,65.65,8.66,363.0,62,68,6,6,0,False,87.03703703703704,9.833970588235294,4.573235294117647,11.161764705882353,0.2167,0.8766,0.198,0.2243,3329.9916710676207,2989.9916710676207,340.0,0.7922871186947953,45,23,0
0,1772829017.873364,366.7,91,0.3401,0.677,0.0146,0.5488,62.2457,67.6973,54.8836,0.0,0.0,0.0,2.6,1.61,0.99,None,0.0001876354217529297,13.565,True,None,sfc_cache_p1_19,0,None,45.32000000000001,8.66,231.0,48,58,6,6,0,False,87.09677419354838,9.937413793103449,4.631896551724138,12.517241379310345,0.227,0.8334,0.1989,0.1807,3174.7057671827733,2884.7057671827733,290.0,0.783507365939514,42,9,7
0,1772829017.8754768,366.7,91,0.3401,0.677,0.0146,0.5488,62.2457,67.6973,54.8836,0.0,0.0,0.0,4.93,3.65,1.28,None,0.0001876354217529297,18.527,True,None,sfc_unique_p1_19,0,None,45.32000000000001,8.66,231.0,48,58,6,6,0,False,87.1559633027523,9.937413793103449,4.631896551724138,12.517241379310345,0.227,0.8334,0.1989,0.1807,3174.7057671827733,2884.7057671827733,290.0,0.783507365939514,42,9,7
0,1772829017.9394288,366.8,92,0.3509,0.6871,0.03,0.5738,65.1616,68.7053,57.3783,0.0,0.0,0.0,2.53,1.5,1.03,None,0.057912349700927734,15.99,True,None,sfc_cache_p2_19,0,None,45.32000000000001,8.66,231.0,49,60,6,6,0,False,87.21461187214612,10.056166666666666,4.5441666666666665,12.65,0.2326,0.8426,0.2126,0.1982,3216.733757431961,2916.733757431961,300.0,0.781232080396777,43,10,7
0,1772829017.9415596,366.8,92,0.3509,0.6871,0.03,0.5738,65.1616,68.7053,57.3783,0.0,0.0,0.0,7.5,6.2,1.3,None,0.057912349700927734,17.985,True,None,sfc_unique_p2_19,0,None,45.32000000000001,8.66,231.0,49,60,6,6,0,False,87.27272727272727,10.056166666666666,4.5441666666666665,12.65,0.2326,0.8426,0.2126,0.1982,3216.733757431961,2916.733757431961,300.0,0.781232080396777,43,10,7
0,1772829018.123514,367.0,93,0.3509,0.6871,0.03,0.5738,65.1616,68.7053,57.3783,0.0,0.0,0.0,None,None,None,None,0.12403655052185059,16.631,False,None,sfc_cache_p3_19,0,None,45.32000000000001,8.66,231.0,49,60,6,6,0,False,86.87782805429865,10.056166666666666,4.5441666666666665,12.65,0.2326,0.8426,0.2126,0.1982,3216.733757431961,2916.733757431961,300.0,0.781232080396777,43,10,7
0,1772829018.1257148,367.0,93,0.3509,0.6871,0.03,0.5738,65.1616,68.7053,57.3783,0.0,0.0,0.0,7.5,6.2,1.3,None,0.12403655052185059,17.757,False,None,sfc_unique_p3_19,0,None,45.32000000000001,8.66,231.0,49,60,6,6,0,False,86.48648648648648,10.056166666666666,4.5441666666666665,12.65,0.2326,0.8426,0.2126,0.1982,3216.733757431961,2916.733757431961,300.0,0.781232080396777,43,10,7
0,1772829018.1909194,367.0,94,0.3509,0.6871,0.03,0.5738,65.1616,68.7053,57.3783,0.0,0.0,0.0,None,None,None,None,0.3081042766571045,16.864,False,None,sfc_cache_p4_19,0,None,45.32000000000001,8.66,231.0,49,60,6,6,0,False,86.09865470852019,10.056166666666666,4.5441666666666665,12.65,0.2326,0.8426,0.2126,0.1982,3216.733757431961,2916.733757431961,300.0,0.781232080396777,43,10,7
0,1772829018.1930814,367.0,94,0.3509,0.6871,0.03,0.5738,65.1616,68.7053,57.3783,0.0,0.0,0.0,7.5,6.2,1.3,None,0.3081042766571045,17.838,False,None,sfc_unique_p4_19,0,None,45.32000000000001,8.66,231.0,49,60,6,6,0,False,85.71428571428571,10.056166666666666,4.5441666666666665,12.65,0.2326,0.8426,0.2126,0.1982,3216.733757431961,2916.733757431961,300.0,0.781232080396777,43,10,7
0,1772829018.2580028,367.1,95,0.3509,0.6871,0.03,0.5738,65.1616,68.7053,57.3783,0.0,0.0,0.0,None,None,None,None,0.3754994869232178,16.686,False,None,sfc_cache_p5_19,0,None,45.32000000000001,8.66,231.0,49,60,6,6,0,False,85.33333333333334,10.056166666666666,4.5441666666666665,12.65,0.2326,0.8426,0.2126,0.1982,3216.733757431961,2916.733757431961,300.0,0.781232080396777,43,10,7
0,1772829018.260127,367.1,95,0.3509,0.6871,0.03,0.5738,65.1616,68.7053,57.3783,0.0,0.0,0.0,7.5,6.2,1.3,None,0.3754994869232178,17.941,False,None,sfc_unique_p5_19,0,None,45.32000000000001,8.66,231.0,49,60,6,6,0,False,84.95575221238938,10.056166666666666,4.5441666666666665,12.65,0.2326,0.8426,0.2126,0.1982,3216.733757431961,2916.733757431961,300.0,0.781232080396777,43,10,7
0,1772829018.3252711,367.2,96,0.3509,0.6871,0.03,0.5738,65.1616,68.7053,57.3783,0.0,0.0,0.0,None,None,None,None,0.4425227642059326,16.45,False,None,sfc_cache_p6_19,0,None,45.32000000000001,8.66,231.0,49,60,6,6,0,False,84.58149779735683,10.056166666666666,4.5441666666666665,12.65,0.2326,0.8426,0.2126,0.1982,3216.733757431961,2916.733757431961,300.0,0.781232080396777,43,10,7
0,1772829018.3274498,367.2,96,0.3509,0.6871,0.03,0.5738,65.1616,68.7053,57.3783,0.0,0.0,0.0,7.5,6.2,1.3,None,0.4425227642059326,18.242,False,None,sfc_unique_p6_19,0,None,45.32000000000001,8.66,231.0,49,60,6,6,0,False,84.21052631578947,10.056166666666666,4.5441666666666665,12.65,0.2326,0.8426,0.2126,0.1982,3216.733757431961,2916.733757431961,300.0,0.781232080396777,43,10,7
0,1772829024.126184,373.0,96,0.1766,0.4559,0.014,0.2744,27.3608,39.2249,31.8925,0.0,0.0,0.0,3.82,2.98,0.84,None,0.00015497207641601562,11.149,True,None,sfc_cache_p6_15,0,None,12.0,12.99,99.0,20,28,6,4,0,True,84.27947598253274,9.048214285714286,5.559285714285714,12.964285714285714,0.2248,0.7315,0.1345,0.1246,2483.2533998988088,2243.2533998988088,240.0,0.7494151944676863,25,2,1
0,1772829024.1270244,373.0,96,0.1766,0.4559,0.014,0.2744,27.3608,39.2249,31.8925,0.0,0.0,0.0,5.97,4.7,1.27,None,0.00015497207641601562,12.566,True,None,sfc_unique_p6_15,0,None,12.0,12.99,99.0,20,28,6,4,0,True,84.34782608695653,9.048214285714286,5.559285714285714,12.964285714285714,0.2248,0.7315,0.1345,0.1246,2483.2533998988088,2243.2533998988088,240.0,0.7494151944676863,25,2,1
0,1772829024.1681752,373.0,96,0.188,0.4813,0.028,0.2744,28.8727,41.4096,31.8925,0.0,0.0,0.0,3.82,2.98,0.84,None,0.04101276397705078,11.771,True,None,sfc_cache_p5_15,0,None,16.0,17.32,132.0,24,30,6,4,0,True,84.4155844155844,8.911666666666667,5.477666666666667,12.1,0.2277,0.7255,0.1345,0.1233,2497.3042492968825,2257.3042492968825,240.0,0.7401191058510493,27,2,1
0,1772829024.1690633,373.0,96,0.188,0.4813,0.028,0.2744,28.8727,41.4096,31.8925,0.0,0.0,0.0,5.97,4.7,1.27,None,0.04101276397705078,12.439,True,None,sfc_unique_p5_15,0,None,16.0,17.32,132.0,24,30,6,4,0,True,84.48275862068965,8.911666666666667,5.477666666666667,12.1,0.2277,0.7255,0.1345,0.1233,2497.3042492968825,2257.3042492968825,240.0,0.7401191058510493,27,2,1
0,1772829024.2088766,373.1,96,0.2016,0.5193,0.0423,0.2994,30.8167,44.6855,34.7918,0.0,0.0,0.0,4.03,2.98,1.04,None,0.08317232131958008,11.512,True,None,sfc_cache_p4_16,0,None,16.0,17.32,132.0,24,32,6,5,0,True,84.54935622317596,8.9171875,5.5415625,12.375,0.2345,0.7462,0.1371,0.1416,2521.933697939346,2281.933697939346,240.0,0.7433389194998267,28,2,2
0,1772829024.2097938,373.1,96,0.2016,0.5193,0.0423,0.2994,30.8167,44.6855,34.7918,0.0,0.0,0.0,3.65,2.05,1.6,None,0.08317232131958008,12.418,True,None,sfc_unique_p4_16,0,None,16.0,17.32,132.0,24,32,6,5,0,True,84.61538461538461,8.9171875,5.5415625,12.375,0.2345,0.7462,0.1371,0.1416,2521.933697939346,2281.933697939346,240.0,0.7433389194998267,28,2,2
0,1772829024.2495735,373.1,96,0.2162,0.5535,0.06,0.3243,32.9053,47.6237,37.6911,0.0,0.0,0.0,2.5,0.98,1.52,None,0.12405800819396973,11.391,True,None,sfc_cache_p6_18,0,None,16.0,17.32,132.0,25,34,6,5,0,True,84.68085106382979,8.961470588235294,5.558529411764706,12.617647058823529,0.2291,0.754,0.1576,0.1597,2541.8847807334582,2301.8847807334582,240.0,0.7327117925762583,29,3,2
0,1772829024.2504673,373.1,96,0.2162,0.5535,0.06,0.3243,32.9053,47.6237,37.6911,0.0,0.0,0.0,6.81,5.67,1.14,None,0.12405800819396973,11.441,True,None,sfc_unique_p6_18,0,None,16.0,17.32,132.0,25,34,6,5,0,True,84.7457627118644,8.961470588235294,5.558529411764706,12.617647058823529,0.2291,0.754,0.1576,0.1597,2541.8847807334582,2301.8847807334582,240.0,0.7327117925762583,29,3,2
0,1772829024.2902284,373.1,96,0.229,0.5915,0.074,0.3493,34.8492,50.8996,40.5904,0.0,0.0,0.0,2.72,1.41,1.32,None,0.16491127014160156,11.095,True,None,sfc_cache_p3_17,0,None,16.0,17.32,132.0,27,36,6,5,0,True,84.81012658227847,8.963611111111112,5.610833333333334,12.833333333333334,0.237,0.7735,0.1648,0.1673,2585.3765002815157,2345.3765002815157,240.0,0.7453696438262918,29,3,4
0,1772829024.2912004,373.1,96,0.229,0.5915,0.074,0.3493,34.8492,50.8996,40.5904,0.0,0.0,0.0,3.8,2.05,1.75,None,0.16491127014160156,11.37,True,None,sfc_unique_p3_17,0,None,16.0,17.32,132.0,27,36,6,5,0,True,84.87394957983193,8.963611111111112,5.610833333333334,12.833333333333334,0.237,0.7735,0.1648,0.1673,2585.3765002815157,2345.3765002815157,240.0,0.7453696438262918,29,3,4
0,1772829024.40066,373.3,96,0.2407,0.6296,0.088,0.3742,36.7932,54.1755,43.4897,0.0,0.0,0.0,2.58,1.41,1.17,None,0.2057054042816162,10.831,True,None,sfc_cache_p3_16,0,None,16.0,17.32,132.0,29,38,6,5,0,True,84.93723849372385,8.965526315789473,5.657631578947369,13.026315789473685,0.2431,0.7775,0.1675,0.1703,2608.1492908712075,2368.1492908712075,240.0,0.7560031115199197,29,3,6
0,1772829024.401662,373.3,96,0.2407,0.6296,0.088,0.3742,36.7932,54.1755,43.4897,0.0,0.0,0.0,3.65,2.05,1.6,None,0.2057054042816162,11.466,True,None,sfc_unique_p3_16,0,None,16.0,17.32,132.0,29,38,6,5,0,True,85.0,8.965526315789473,5.657631578947369,13.026315789473685,0.2431,0.7775,0.1675,0.1703,2608.1492908712075,2368.1492908712075,240.0,0.7560031115199197,29,3,6
0,1772829024.43902,373.3,96,0.2618,0.6423,0.1028,0.3992,39.6734,55.2666,46.389,0.0,0.0,0.0,4.72,3.0,1.72,None,0.3163111209869385,10.067,True,None,sfc_cache_p3_15,0,None,16.0,17.32,132.0,30,40,6,5,0,True,85.06224066390041,9.184000000000001,5.483,13.2,0.2377,0.7791,0.1793,0.1719,2621.748288494525,2381.748288494525,240.0,0.7246824717431151,31,3,6
0,1772829024.44006,373.3,96,0.2618,0.6423,0.1028,0.3992,39.6734,55.2666,46.389,0.0,0.0,0.0,9.02,7.75,1.27,None,0.3163111209869385,10.371,True,None,sfc_unique_p3_15,0,None,16.0,17.32,132.0,30,40,6,5,0,True,85.12396694214877,9.184000000000001,5.483,13.2,0.2377,0.7791,0.1793,0.1719,2621.748288494525,2381.748288494525,240.0,0.7246824717431151,31,3,6
0,1772829024.4807792,373.3,96,0.2744,0.6813,0.1188,0.4241,41.5817,58.6256,49.2884,0.0,0.0,0.0,3.09,1.63,1.46,None,0.35491394996643066,10.545,True,None,sfc_cache_p2_17,0,None,16.0,17.32,132.0,31,42,6,5,0,True,85.18518518518519,9.167380952380952,5.539285714285715,13.357142857142858,0.2443,0.8194,0.1866,0.1654,2652.3782219413597,2412.3782219413597,240.0,0.7335837157326515,31,4,7
0,1772829024.4818022,373.3,96,0.2744,0.6813,0.1188,0.4241,41.5817,58.6256,49.2884,0.0,0.0,0.0,3.88,2.09,1.79,None,0.35491394996643066,11.424,True,None,sfc_unique_p2_17,0,None,16.0,17.32,132.0,31,42,6,5,0,True,85.24590163934425,9.167380952380952,5.539285714285715,13.357142857142858,0.2443,0.8194,0.1866,0.1654,2652.3782219413597,2412.3782219413597,240.0,0.7335837157326515,31,4,7
0,1772829024.5196638,373.4,96,0.287,0.7204,0.1349,0.449,43.49,61.9847,52.1877,0.0,0.0,0.0,2.95,1.63,1.32,None,0.396742582321167,9.522,True,None,sfc_cache_p2_16,0,None,16.0,17.32,132.0,31,44,6,5,0,True,85.3061224489796,9.152272727272727,5.590454545454545,13.5,0.2496,0.8446,0.1892,0.1584,2697.5848463029133,2457.5848463029133,240.0,0.7411270087612284,31,5,8
0,1772829024.5207865,373.4,96,0.287,0.7204,0.1349,0.449,43.49,61.9847,52.1877,0.0,0.0,0.0,3.74,2.09,1.65,None,0.396742582321167,10.025,True,None,sfc_unique_p2_16,0,None,16.0,17.32,132.0,31,44,6,5,0,True,85.36585365853658,9.152272727272727,5.590454545454545,13.5,0.2496,0.8446,0.1892,0.1584,2697.5848463029133,2457.5848463029133,240.0,0.7411270087612284,31,5,8
0,1772829024.5589952,373.4,96,0.2996,0.7594,0.1523,0.474,45.3983,65.3437,55.087,0.0,0.0,0.0,5.01,3.05,1.96,None,0.4358797073364258,9.517,True,None,sfc_cache_p1_17,0,None,16.0,17.32,132.0,32,46,6,5,0,True,85.4251012145749,9.138478260869565,5.637173913043478,13.630434782608695,0.2542,0.8542,0.2075,0.1597,2730.554897378598,2490.554897378598,240.0,0.7435154937887454,32,5,9
0,1772829024.559979,373.4,96,0.2996,0.7594,0.1523,0.474,45.3983,65.3437,55.087,0.0,0.0,0.0,3.88,2.09,1.79,None,0.4358797073364258,9.602,True,None,sfc_unique_p1_17,0,None,16.0,17.32,132.0,32,46,6,5,0,True,85.48387096774194,9.138478260869565,5.637173913043478,13.630434782608695,0.2542,0.8542,0.2075,0.1597,2730.554897378598,2490.554897378598,240.0,0.7435154937887454,32,5,9
0,1772829024.5995488,373.5,96,0.3122,0.7858,0.1696,0.4989,47.3066,67.6116,57.9863,0.0,0.0,0.0,4.85,3.04,1.81,None,0.4751913547515869,9.836,True,None,sfc_cache_p1_16,0,None,16.0,21.65,132.0,34,48,6,5,0,True,85.54216867469879,9.125833333333334,5.589791666666667,13.75,0.2576,0.8567,0.2103,0.1614,2748.264926785811,2508.264926785811,240.0,0.7474089035427783,33,5,10
0,1772829024.6006224,373.5,96,0.3122,0.7858,0.1696,0.4989,47.3066,67.6116,57.9863,0.0,0.0,0.0,3.74,2.09,1.65,None,0.4751913547515869,10.227,True,None,sfc_unique_p1_16,0,None,16.0,21.65,132.0,34,48,6,5,0,True,85.6,9.125833333333334,5.589791666666667,13.75,0.2576,0.8567,0.2103,0.1614,2748.264926785811,2508.264926785811,240.0,0.7474089035427783,33,5,10
0,1772829042.9126422,391.8,96,0.3122,0.7858,0.1696,0.4989,47.3066,67.6116,57.9863,0.0,0.0,0.0,None,None,None,None,0.00044345855712890625,16.33,False,None,sfc_cache_p1_20,0,None,16.0,21.65,132.0,34,48,6,5,0,True,85.2589641434263,9.125833333333334,5.589791666666667,13.75,0.2576,0.8567,0.2103,0.1614,2748.264926785811,2508.264926785811,240.0,0.7474089035427783,33,5,10
0,1772829042.9145522,391.8,96,0.3122,0.7858,0.1696,0.4989,47.3066,67.6116,57.9863,0.0,0.0,0.0,5.21,3.14,2.07,None,0.00044345855712890625,15.371,False,None,sfc_unique_p1_20,0,None,16.0,21.65,132.0,34,48,6,5,0,True,84.92063492063492,9.125833333333334,5.589791666666667,13.75,0.2576,0.8567,0.2103,0.1614,2748.264926785811,2508.264926785811,240.0,0.7474089035427783,33,5,10
0,1772829042.9758794,391.8,97,0.3122,0.7858,0.1696,0.4989,47.3066,67.6116,57.9863,0.0,0.0,0.0,None,None,None,None,0.0657961368560791,15.692,False,None,sfc_cache_p2_20,0,None,16.0,21.65,132.0,34,48,6,5,0,True,84.58498023715416,9.125833333333334,5.589791666666667,13.75,0.2576,0.8567,0.2103,0.1614,2748.264926785811,2508.264926785811,240.0,0.7474089035427783,33,5,10
0,1772829042.977781,391.8,97,0.3122,0.7858,0.1696,0.4989,47.3066,67.6116,57.9863,0.0,0.0,0.0,5.21,3.14,2.07,None,0.0657961368560791,15.342,False,None,sfc_unique_p2_20,0,None,16.0,21.65,132.0,34,48,6,5,0,True,84.25196850393701,9.125833333333334,5.589791666666667,13.75,0.2576,0.8567,0.2103,0.1614,2748.264926785811,2508.264926785811,240.0,0.7474089035427783,33,5,10
0,1772829043.0387604,391.9,98,0.3122,0.7858,0.1696,0.4989,47.3066,67.6116,57.9863,0.0,0.0,0.0,None,None,None,None,0.12898707389831543,16.054,False,None,sfc_cache_p3_20,0,None,16.0,21.65,132.0,34,48,6,5,0,True,83.92156862745098,9.125833333333334,5.589791666666667,13.75,0.2576,0.8567,0.2103,0.1614,2748.264926785811,2508.264926785811,240.0,0.7474089035427783,33,5,10
0,1772829043.0406404,391.9,98,0.3122,0.7858,0.1696,0.4989,47.3066,67.6116,57.9863,0.0,0.0,0.0,5.21,3.14,2.07,None,0.12898707389831543,15.215,False,None,sfc_unique_p3_20,0,None,16.0,21.65,132.0,34,48,6,5,0,True,83.59375,9.125833333333334,5.589791666666667,13.75,0.2576,0.8567,0.2103,0.1614,2748.264926785811,2508.264926785811,240.0,0.7474089035427783,33,5,10
0,1772829043.2245598,392.1,99,0.3122,0.7858,0.1696,0.4989,47.3066,67.6116,57.9863,0.0,0.0,0.0,None,None,None,None,0.19179296493530273,16.468,False,None,sfc_cache_p4_20,0,None,16.0,21.65,132.0,34,48,6,5,0,True,83.26848249027238,9.125833333333334,5.589791666666667,13.75,0.2576,0.8567,0.2103,0.1614,2748.264926785811,2508.264926785811,240.0,0.7474089035427783,33,5,10
0,1772829043.2264478,392.1,99,0.3122,0.7858,0.1696,0.4989,47.3066,67.6116,57.9863,0.0,0.0,0.0,5.21,3.14,2.07,None,0.19179296493530273,15.681,False,None,sfc_unique_p4_20,0,None,16.0,21.65,132.0,34,48,6,5,0,True,82.94573643410853,9.125833333333334,5.589791666666667,13.75,0.2576,0.8567,0.2103,0.1614,2748.264926785811,2508.264926785811,240.0,0.7474089035427783,33,5,10
0,1772829043.289373,392.1,100,0.3122,0.7858,0.1696,0.4989,47.3066,67.6116,57.9863,0.0,0.0,0.0,None,None,None,None,0.3776426315307617,16.153,False,None,sfc_cache_p5_20,0,None,16.0,21.65,132.0,34,48,6,5,0,True,82.62548262548263,9.125833333333334,5.589791666666667,13.75,0.2576,0.8567,0.2103,0.1614,2748.264926785811,2508.264926785811,240.0,0.7474089035427783,33,5,10
0,1772829043.2912798,392.1,100,0.3122,0.7858,0.1696,0.4989,47.3066,67.6116,57.9863,0.0,0.0,0.0,5.21,3.14,2.07,None,0.3776426315307617,15.906,False,None,sfc_unique_p5_20,0,None,16.0,21.65,132.0,34,48,6,5,0,True,82.3076923076923,9.125833333333334,5.589791666666667,13.75,0.2576,0.8567,0.2103,0.1614,2748.264926785811,2508.264926785811,240.0,0.7474089035427783,33,5,10
0,1772829043.3543153,392.2,101,0.3122,0.7858,0.1696,0.4989,47.3066,67.6116,57.9863,0.0,0.0,0.0,None,None,None,None,0.44222259521484375,16.245,False,None,sfc_cache_p6_20,0,None,16.0,21.65,132.0,34,48,6,5,0,True,81.99233716475096,9.125833333333334,5.589791666666667,13.75,0.2576,0.8567,0.2103,0.1614,2748.264926785811,2508.264926785811,240.0,0.7474089035427783,33,5,10
0,1772829043.35629,392.2,101,0.3122,0.7858,0.1696,0.4989,47.3066,67.6116,57.9863,0.0,0.0,0.0,5.21,3.14,2.07,None,0.44222259521484375,15.723,False,None,sfc_unique_p6_20,0,None,16.0,21.65,132.0,34,48,6,5,0,True,81.67938931297711,9.125833333333334,5.589791666666667,13.75,0.2576,0.8567,0.2103,0.1614,2748.264926785811,2508.264926785811,240.0,0.7474089035427783,33,5,10
0,1772829066.9505188,415.8,101,0.2483,0.5585,0.0148,0.4241,37.4055,55.8537,42.41,0.0,0.0,0.0,4.93,3.54,1.4,None,0.00019478797912597656,14.935,True,None,sfc_cache_p1_21,0,None,8.0,12.99,66.0,23,38,6,5,0,False,81.74904942965779,9.114736842105264,5.832894736842105,14.763157894736842,0.2771,0.7724,0.2184,0.1093,2898.866816134585,2708.866816134585,190.0,0.8136157085623276,24,4,10
0,1772829066.9521682,415.8,101,0.2483,0.5585,0.0148,0.4241,37.4055,55.8537,42.41,0.0,0.0,0.0,7.76,6.2,1.56,None,0.00019478797912597656,21.458,True,None,sfc_unique_p1_21,0,None,8.0,12.99,66.0,23,38,6,5,0,False,81.81818181818183,9.114736842105264,5.832894736842105,14.763157894736842,0.2771,0.7724,0.2184,0.1093,2898.866816134585,2708.866816134585,190.0,0.8136157085623276,24,4,10
0,1772829067.0063217,415.9,102,0.2628,0.5694,0.0282,0.449,40.2858,56.9449,44.9047,0.0,0.0,0.0,4.15,2.65,1.51,None,0.06183791160583496,14.87,True,None,sfc_cache_p2_21,0,None,8.0,12.99,66.0,24,40,6,5,0,False,81.88679245283019,9.32575,5.6495,14.85,0.264,0.8022,0.2144,0.1205,2934.0403875631564,2734.0403875631564,200.0,0.8027167827203853,27,3,10
0,1772829067.0072615,415.9,102,0.2628,0.5694,0.0282,0.449,40.2858,56.9449,44.9047,0.0,0.0,0.0,7.76,6.2,1.56,None,0.06183791160583496,12.88,True,None,sfc_unique_p2_21,0,None,8.0,12.99,66.0,24,40,6,5,0,False,81.95488721804512,9.32575,5.6495,14.85,0.264,0.8022,0.2144,0.1205,2934.0403875631564,2734.0403875631564,200.0,0.8027167827203853,27,3,10
0,1772829067.050574,415.9,103,0.2767,0.5804,0.0421,0.474,43.166,58.036,47.3995,0.0,0.0,0.0,4.15,2.46,1.69,None,0.1162416934967041,12.255,True,None,sfc_cache_p3_21,0,None,8.0,12.99,66.0,25,42,6,5,0,False,82.02247191011236,9.516666666666666,5.4835714285714285,14.928571428571429,0.2482,0.8276,0.2121,0.1303,2961.1472980062917,2751.1472980062917,210.0,0.7895530124157337,29,3,10
0,1772829067.0515587,415.9,103,0.2767,0.5804,0.0421,0.474,43.166,58.036,47.3995,0.0,0.0,0.0,7.76,6.2,1.56,None,0.1162416934967041,12.308,True,None,sfc_unique_p3_21,0,None,8.0,12.99,66.0,25,42,6,5,0,False,82.08955223880598,9.516666666666666,5.4835714285714285,14.928571428571429,0.2482,0.8276,0.2121,0.1303,2961.1472980062917,2751.1472980062917,210.0,0.7895530124157337,29,3,10
0,1772829067.0940099,415.9,104,0.2886,0.6014,0.06,0.4989,45.6143,60.1351,49.8942,0.0,0.0,0.0,3.05,1.0,2.04,None,0.16053271293640137,11.651,True,None,sfc_cache_p4_21,0,None,8.0,12.99,66.0,25,44,6,5,0,False,82.15613382899627,9.599318181818182,5.423636363636363,15.0,0.2387,0.8406,0.2279,0.1352,2988.3269141647816,2768.3269141647816,220.0,0.7863878803609335,34,0,10
0,1772829067.0950022,415.9,104,0.2886,0.6014,0.06,0.4989,45.6143,60.1351,49.8942,0.0,0.0,0.0,6.06,4.37,1.68,None,0.16053271293640137,11.912,True,None,sfc_unique_p4_21,0,None,8.0,12.99,66.0,25,44,6,5,0,False,82.22222222222221,9.599318181818182,5.423636363636363,15.0,0.2387,0.8406,0.2279,0.1352,2988.3269141647816,2768.3269141647816,220.0,0.7863878803609335,34,0,10
0,1772829067.1371539,416.0,105,0.3017,0.6014,0.08,0.5239,48.4945,60.1351,52.3889,0.0,0.0,0.0,3.82,1.73,2.1,None,0.20399856567382812,10.991,True,None,sfc_cache_p5_21,0,None,8.0,17.32,66.0,27,46,6,5,0,False,82.28782287822878,9.761739130434783,5.187826086956521,15.065217391304348,0.2365,0.8406,0.2348,0.1348,3013.992058879222,2783.992058879222,230.0,0.7869319068778668,35,1,10
0,1772829067.1381733,416.0,105,0.3017,0.6014,0.08,0.5239,48.4945,60.1351,52.3889,0.0,0.0,0.0,5.37,3.6,1.77,None,0.20399856567382812,11.489,True,None,sfc_unique_p5_21,0,None,8.0,17.32,66.0,27,46,6,5,0,False,82.35294117647058,9.761739130434783,5.187826086956521,15.065217391304348,0.2365,0.8406,0.2348,0.1348,3013.992058879222,2783.992058879222,230.0,0.7869319068778668,35,1,10
0,1772829067.254253,416.1,106,0.3025,0.6316,0.1018,0.5239,49.6469,63.159,52.3889,0.0,0.0,0.0,3.82,1.73,2.1,None,0.24715042114257812,13.981,True,None,sfc_cache_p6_21,0,None,12.0,21.65,99.0,31,48,6,5,0,False,82.41758241758241,9.577291666666666,5.221666666666667,14.4375,0.2305,0.8736,0.2299,0.1408,3048.7413445935076,2808.7413445935076,240.0,0.7791519413785043,37,1,10
0,1772829067.2553337,416.1,106,0.3025,0.6316,0.1018,0.5239,49.6469,63.159,52.3889,0.0,0.0,0.0,3.75,1.79,1.96,None,0.24715042114257812,11.196,True,None,sfc_unique_p6_21,0,None,12.0,21.65,99.0,31,48,6,5,0,False,82.48175182481752,9.577291666666666,5.221666666666667,14.4375,0.2305,0.8736,0.2299,0.1408,3048.7413445935076,2808.7413445935076,240.0,0.7791519413785043,37,1,10
0,1772829091.9870515,440.8,106,0.2715,0.5652,0.0159,0.449,42.9144,56.524,44.9047,0.0,0.0,0.0,2.89,1.67,1.21,None,0.0001773834228515625,15.019,True,None,sfc_cache_p1_22,0,None,12.0,17.32,99.0,28,42,6,5,0,False,82.54545454545455,9.461190476190476,5.340714285714286,14.142857142857142,0.2447,0.903,0.2405,0.1521,2947.77270697101,2737.77270697101,210.0,0.7696141556703493,32,5,5
0,1772829091.9881735,440.8,106,0.2715,0.5652,0.0159,0.449,42.9144,56.524,44.9047,0.0,0.0,0.0,2.72,1.07,1.65,None,0.0001773834228515625,13.608,True,None,sfc_unique_p1_22,0,None,12.0,17.32,99.0,28,42,6,5,0,False,82.6086956521739,9.461190476190476,5.340714285714286,14.142857142857142,0.2447,0.903,0.2405,0.1521,2947.77270697101,2737.77270697101,210.0,0.7696141556703493,32,5,5
0,1772829092.032905,440.9,107,0.2703,0.6098,0.0317,0.449,43.4544,60.9767,44.9047,0.0,0.0,0.0,2.89,1.67,1.21,None,0.05123591423034668,11.748,True,None,sfc_cache_p2_22,0,None,16.0,21.65,132.0,32,44,6,5,0,False,82.67148014440433,9.144772727272727,5.499545454545454,13.5,0.2405,0.9274,0.2353,0.1638,2991.6010617148577,2771.6010617148577,220.0,0.7743696508059692,32,7,5
0,1772829092.0338836,440.9,107,0.2703,0.6098,0.0317,0.449,43.4544,60.9767,44.9047,0.0,0.0,0.0,2.72,1.07,1.65,None,0.05123591423034668,12.289,True,None,sfc_unique_p2_22,0,None,16.0,21.65,132.0,32,44,6,5,0,False,82.73381294964028,9.144772727272727,5.499545454545454,13.5,0.2405,0.9274,0.2353,0.1638,2991.6010617148577,2771.6010617148577,220.0,0.7743696508059692,32,7,5
0,1772829092.0817585,440.9,108,0.2703,0.6543,0.0476,0.449,43.9943,65.4294,44.9047,0.0,0.0,0.0,2.89,1.67,1.21,None,0.09681177139282227,12.861,True,None,sfc_cache_p3_22,0,None,20.0,25.98,165.0,36,46,6,5,0,False,82.79569892473118,8.855869565217391,5.644565217391304,12.91304347826087,0.2364,0.9353,0.2303,0.1723,3025.6379755052926,2795.6379755052926,230.0,0.7784280739448157,32,9,5
0,1772829092.0828104,440.9,108,0.2703,0.6543,0.0476,0.449,43.9943,65.4294,44.9047,0.0,0.0,0.0,2.72,1.07,1.65,None,0.09681177139282227,13.594,True,None,sfc_unique_p3_22,0,None,20.0,25.98,165.0,36,46,6,5,0,False,82.85714285714286,8.855869565217391,5.644565217391304,12.91304347826087,0.2364,0.9353,0.2303,0.1723,3025.6379755052926,2795.6379755052926,230.0,0.7784280739448157,32,9,5
0,1772829092.1277735,441.0,109,0.2818,0.6543,0.0607,0.449,46.4426,65.4294,44.9047,0.0,0.0,0.0,2.89,1.67,1.21,None,0.14570164680480957,12.222,True,None,sfc_cache_p4_22,0,None,24.0,30.31,198.0,40,48,6,5,0,False,82.91814946619218,8.959166666666667,5.409375,12.375,0.2473,0.9353,0.2255,0.1775,3051.8237704014846,2811.8237704014846,240.0,0.7703930563841328,40,3,5
0,1772829092.1289713,441.0,109,0.2818,0.6543,0.0607,0.449,46.4426,65.4294,44.9047,0.0,0.0,0.0,7.09,5.34,1.75,None,0.14570164680480957,13.038,True,None,sfc_unique_p4_22,0,None,24.0,30.31,198.0,40,48,6,5,0,False,82.97872340425532,8.959166666666667,5.409375,12.375,0.2473,0.9353,0.2255,0.1775,3051.8237704014846,2811.8237704014846,240.0,0.7703930563841328,40,3,5
0,1772829092.17258,441.0,110,0.2919,0.6543,0.0739,0.449,48.8909,65.4294,44.9047,0.0,0.0,0.0,2.89,1.67,1.21,None,0.1920027732849121,11.853,True,None,sfc_cache_p5_22,0,None,28.0,34.64,231.0,44,50,6,5,0,False,83.03886925795054,9.0542,5.193,11.88,0.2478,0.9353,0.2209,0.1767,3075.6885240829256,2825.6885240829256,250.0,0.7599969292631726,42,3,5
0,1772829092.1735897,441.0,110,0.2919,0.6543,0.0739,0.449,48.8909,65.4294,44.9047,0.0,0.0,0.0,7.09,5.34,1.75,None,0.1920027732849121,11.893,True,None,sfc_unique_p5_22,0,None,28.0,34.64,231.0,44,50,6,5,0,False,83.09859154929578,9.0542,5.193,11.88,0.2478,0.9353,0.2209,0.1767,3075.6885240829256,2825.6885240829256,250.0,0.7599969292631726,42,3,5
0,1772829092.219184,441.1,111,0.2971,0.677,0.087,0.449,50.3672,67.6973,44.9047,0.0,0.0,0.0,2.89,1.67,1.21,None,0.2364499568939209,12.877,True,None,sfc_cache_p6_22,0,None,32.0,38.97,264.0,47,52,6,5,0,False,83.15789473684211,8.968846153846155,5.1663461538461535,11.423076923076923,0.2457,0.9439,0.2165,0.1816,3119.2471837331345,2859.2471837331345,260.0,0.7642148509809881,43,3,6
0,1772829092.220284,441.1,111,0.2971,0.677,0.087,0.449,50.3672,67.6973,44.9047,0.0,0.0,0.0,3.91,2.07,1.84,None,0.2364499568939209,12.306,True,None,sfc_unique_p6_22,0,None,32.0,38.97,264.0,47,52,6,5,0,False,83.21678321678321,8.968846153846155,5.1663461538461535,11.423076923076923,0.2457,0.9439,0.2165,0.1816,3119.2471837331345,2859.2471837331345,260.0,0.7642148509809881,43,3,6
0,1772829116.0468204,464.9,111,0.2693,0.5317,0.0132,0.3742,41.6541,53.1675,37.4206,0.0,0.0,0.0,2.28,1.41,0.87,None,0.00017905235290527344,21.268,True,None,sfc_cache_p1_23,0,None,24.0,30.31,198.0,37,42,6,5,0,False,83.27526132404182,9.183333333333334,5.023571428571429,11.785714285714286,0.2752,0.8832,0.2147,0.1507,2925.6893799875843,2715.6893799875843,210.0,0.771293906209513,37,2,3
0,1772829116.049061,464.9,111,0.2693,0.5317,0.0132,0.3742,41.6541,53.1675,37.4206,0.0,0.0,0.0,3.36,2.05,1.31,None,0.00017905235290527344,28.015,True,None,sfc_unique_p1_23,0,None,24.0,30.31,198.0,37,42,6,5,0,False,83.33333333333334,9.183333333333334,5.023571428571429,11.785714285714286,0.2752,0.8832,0.2147,0.1507,2925.6893799875843,2715.6893799875843,210.0,0.771293906209513,37,2,3
0,1772829116.1190825,465.0,112,0.2731,0.5535,0.0263,0.3742,43.166,55.3523,37.4206,0.0,0.0,0.0,2.28,1.41,0.87,None,0.07717299461364746,17.984,True,None,sfc_cache_p2_23,0,None,28.0,34.64,231.0,41,44,6,5,0,False,83.39100346020761,9.084090909090909,4.992272727272727,11.25,0.2724,0.8994,0.21,0.161,2965.8089435226407,2745.8089435226407,220.0,0.7797668828920364,37,2,5
0,1772829116.1204257,465.0,112,0.2731,0.5535,0.0263,0.3742,43.166,55.3523,37.4206,0.0,0.0,0.0,3.36,2.05,1.31,None,0.07717299461364746,17.556,True,None,sfc_unique_p2_23,0,None,28.0,34.64,231.0,41,44,6,5,0,False,83.44827586206897,9.084090909090909,4.992272727272727,11.25,0.2724,0.8994,0.21,0.161,2965.8089435226407,2745.8089435226407,220.0,0.7797668828920364,37,2,5
0,1772829116.2637153,465.1,113,0.2791,0.5754,0.0395,0.3742,44.678,57.537,37.4206,0.0,0.0,0.0,2.28,1.41,0.87,None,0.1477048397064209,17.202,True,None,sfc_cache_p3_23,0,None,32.0,38.97,264.0,45,46,6,5,0,False,83.50515463917526,8.993478260869566,4.9636956521739135,10.76086956521739,0.2688,0.9059,0.2056,0.1656,3009.2484265748,2779.2484265748,230.0,0.78708690562099,37,2,7
0,1772829116.2650945,465.1,113,0.2791,0.5754,0.0395,0.3742,44.678,57.537,37.4206,0.0,0.0,0.0,3.36,2.05,1.31,None,0.1477048397064209,17.366,True,None,sfc_unique_p3_23,0,None,32.0,38.97,264.0,45,46,6,5,0,False,83.56164383561644,8.993478260869566,4.9636956521739135,10.76086956521739,0.2688,0.9059,0.2056,0.1656,3009.2484265748,2779.2484265748,230.0,0.78708690562099,37,2,7
0,1772829116.3298104,465.2,114,0.2826,0.5972,0.0527,0.3742,46.1899,59.7218,37.4206,0.0,0.0,0.0,2.28,1.41,0.87,None,0.29233860969543457,17.312,True,None,sfc_cache_p4_23,0,None,36.0,43.3,297.0,49,48,6,5,0,False,83.61774744027304,8.910416666666666,4.9375,10.3125,0.2645,0.9035,0.2013,0.1655,3037.8422974926148,2797.8422974926148,240.0,0.7934000876447321,37,2,9
0,1772829116.3307903,465.2,114,0.2826,0.5972,0.0527,0.3742,46.1899,59.7218,37.4206,0.0,0.0,0.0,3.36,2.05,1.31,None,0.29233860969543457,21.283,True,None,sfc_unique_p4_23,0,None,36.0,43.3,297.0,49,48,6,5,0,False,83.6734693877551,8.910416666666666,4.9375,10.3125,0.2645,0.9035,0.2013,0.1655,3037.8422974926148,2797.8422974926148,240.0,0.7934000876447321,37,2,9
0,1772829116.3726242,465.2,115,0.2871,0.6191,0.0658,0.3742,47.7018,61.9066,37.4206,0.0,0.0,0.0,2.28,1.41,0.87,None,0.35767316818237305,12.014,True,None,sfc_cache_p5_23,0,None,40.0,47.63,330.0,53,50,6,5,0,False,83.72881355932203,8.834,4.913399999999999,9.9,0.2595,0.8934,0.1972,0.1618,3061.6636873703424,2811.6636873703424,250.0,0.7988291592404502,37,2,11
0,1772829116.3736274,465.2,115,0.2871,0.6191,0.0658,0.3742,47.7018,61.9066,37.4206,0.0,0.0,0.0,3.36,2.05,1.31,None,0.35767316818237305,11.971,True,None,sfc_unique_p5_23,0,None,40.0,47.63,330.0,53,50,6,5,0,False,83.78378378378379,8.834,4.913399999999999,9.9,0.2595,0.8934,0.1972,0.1618,3061.6636873703424,2811.6636873703424,250.0,0.7988291592404502,37,2,11
0,1772829116.416048,465.3,116,0.295,0.6527,0.08,0.3992,49.6101,65.2656,39.9153,0.0,0.0,0.0,4.26,3.31,0.95,None,0.40051770210266113,11.935,True,None,sfc_cache_p6_23,0,None,40.0,47.63,330.0,53,52,6,5,0,False,83.83838383838383,8.834038461538462,4.980769230769231,10.153846153846153,0.2526,0.9098,0.1919,0.1621,3101.6557102770134,2841.6557102770134,260.0,0.7971049977551921,38,2,12
0,1772829116.4170988,465.3,116,0.295,0.6527,0.08,0.3992,49.6101,65.2656,39.9153,0.0,0.0,0.0,3.44,2.09,1.35,None,0.40051770210266113,11.824,True,None,sfc_unique_p6_23,0,None,40.0,47.63,330.0,53,52,6,5,0,False,83.89261744966443,8.834038461538462,4.980769230769231,10.153846153846153,0.2526,0.9098,0.1919,0.1621,3101.6557102770134,2841.6557102770134,260.0,0.7971049977551921,38,2,12
0,1772829141.0977654,489.9,116,0.2402,0.4267,0.0132,0.2245,35.8579,42.6721,22.4524,0.0,0.0,0.0,3.6,2.98,0.61,None,0.0003364086151123047,23.491,True,None,sfc_cache_p1_24,0,None,40.0,47.63,330.0,47,38,6,4,0,False,83.94648829431438,8.737631578947367,4.456315789473685,7.815789473684211,0.2434,0.5202,0.17,0.1266,2783.623126973085,2593.623126973085,190.0,0.862839047558306,24,2,12
0,1772829141.0999768,490.0,116,0.2402,0.4267,0.0132,0.2245,35.8579,42.6721,22.4524,0.0,0.0,0.0,5.74,4.7,1.04,None,0.0003364086151123047,47.321,True,None,sfc_unique_p1_24,0,None,40.0,47.63,330.0,47,38,6,4,0,False,84.0,8.737631578947367,4.456315789473685,7.815789473684211,0.2434,0.5202,0.17,0.1266,2783.623126973085,2593.623126973085,190.0,0.862839047558306,24,2,12
0,1772829141.2013419,490.1,117,0.2459,0.4486,0.0263,0.2245,37.3699,44.8569,22.4524,0.0,0.0,0.0,3.6,2.98,0.61,None,0.10906219482421875,29.682,True,None,sfc_cache_p2_24,0,None,44.0,51.96,363.0,51,40,6,4,0,False,84.0531561461794,8.650749999999999,4.45025,7.425,0.231,0.5017,0.1661,0.1369,2799.2770505143326,2599.2770505143326,200.0,0.8480040540060243,27,1,12
0,1772829141.203555,490.1,117,0.2459,0.4486,0.0263,0.2245,37.3699,44.8569,22.4524,0.0,0.0,0.0,5.74,4.7,1.04,None,0.10906219482421875,34.355,True,None,sfc_unique_p2_24,0,None,44.0,51.96,363.0,51,40,6,4,0,False,84.10596026490066,8.650749999999999,4.45025,7.425,0.231,0.5017,0.1661,0.1369,2799.2770505143326,2599.2770505143326,200.0,0.8480040540060243,27,1,12
0,1772829141.3042588,490.2,118,0.252,0.483,0.042,0.2245,38.8095,48.3016,22.4524,0.0,0.0,0.0,3.7,2.98,0.72,None,0.2127540111541748,29.319,True,None,sfc_cache_p3_24,0,None,48.0,51.96,396.0,53,42,6,4,0,False,84.15841584158416,8.556190476190476,4.563809523809524,7.071428571428571,0.2375,0.6322,0.1624,0.1482,2843.6743235233193,2633.6743235233193,210.0,0.8267225346969191,29,1,12
0,1772829141.3069084,490.2,118,0.252,0.483,0.042,0.2245,38.8095,48.3016,22.4524,0.0,0.0,0.0,5.04,3.6,1.45,None,0.2127540111541748,32.55,True,None,sfc_unique_p3_24,0,None,48.0,51.96,396.0,53,42,6,4,0,False,84.21052631578947,8.556190476190476,4.563809523809524,7.071428571428571,0.2375,0.6322,0.1624,0.1482,2843.6743235233193,2633.6743235233193,210.0,0.8267225346969191,29,1,12
0,1772829141.3956058,490.2,119,0.2582,0.5166,0.0566,0.2245,40.2858,51.6606,22.4524,0.0,0.0,0.0,4.03,2.92,1.1,None,0.3162572383880615,22.409,True,None,sfc_cache_p4_24,0,None,52.0,51.96,429.0,55,44,6,4,0,False,84.26229508196721,8.477954545454544,4.659318181818182,6.75,0.2578,0.6993,0.1589,0.16,2887.098556557097,2667.098556557097,220.0,0.8154525290937642,31,1,12
0,1772829141.3973768,490.2,119,0.2582,0.5166,0.0566,0.2245,40.2858,51.6606,22.4524,0.0,0.0,0.0,9.05,7.51,1.53,None,0.3162572383880615,23.098,True,None,sfc_unique_p4_24,0,None,52.0,51.96,429.0,55,44,6,4,0,False,84.31372549019608,8.477954545454544,4.659318181818182,6.75,0.2578,0.6993,0.1589,0.16,2887.098556557097,2667.098556557097,220.0,0.8154525290937642,31,1,12
0,1772829141.4687757,490.3,120,0.2649,0.5494,0.0727,0.2495,42.2297,54.9365,24.9471,0.0,0.0,0.0,4.4,3.21,1.19,None,0.40581607818603516,19.664,True,None,sfc_cache_p5_24,0,None,52.0,51.96,429.0,57,46,6,4,0,False,84.36482084690554,8.500652173913043,4.739347826086957,7.173913043478261,0.255,0.7607,0.1401,0.1711,2935.449609755983,2705.449609755983,230.0,0.7908320343867656,33,1,12
0,1772829141.4709573,490.3,120,0.2649,0.5494,0.0727,0.2495,42.2297,54.9365,24.9471,0.0,0.0,0.0,6.13,4.58,1.55,None,0.40581607818603516,22.193,True,None,sfc_unique_p5_24,0,None,52.0,51.96,429.0,57,46,6,4,0,False,84.4155844155844,8.500652173913043,4.739347826086957,7.173913043478261,0.255,0.7607,0.1401,0.1711,2935.449609755983,2705.449609755983,230.0,0.7908320343867656,33,1,12
0,1772829141.6855974,490.5,121,0.2723,0.583,0.088,0.2744,44.138,58.2955,27.4418,0.0,0.0,0.0,2.68,1.48,1.2,None,0.4796900749206543,19.474,True,None,sfc_cache_p6_24,0,None,52.0,51.96,429.0,58,48,6,4,0,False,84.46601941747572,8.514583333333333,4.819583333333333,7.5625,0.2536,0.7651,0.1434,0.1663,2976.5415459887645,2736.5415459887645,240.0,0.7929546698839879,34,1,13
0,1772829141.6875634,490.5,121,0.2723,0.583,0.088,0.2744,44.138,58.2955,27.4418,0.0,0.0,0.0,3.61,2.03,1.58,None,0.4796900749206543,21.499,True,None,sfc_unique_p6_24,0,None,52.0,51.96,429.0,58,48,6,4,0,False,84.51612903225806,8.514583333333333,4.819583333333333,7.5625,0.2536,0.7651,0.1434,0.1663,2976.5415459887645,2736.5415459887645,240.0,0.7929546698839879,34,1,13
0,1772829144.126469,493.0,121,0.2735,0.6153,0.0807,0.2744,43.2017,59.3892,28.4327,0.0,0.0,0.0,3.91,2.8,1.11,None,0.0001163482666015625,11.27,True,None,sfc_cache_p3_21,0,None,52.0,56.29,429.0,60,48,6,4,0,True,84.56591639871382,8.333958333333333,4.91,7.5625,0.2517,0.8037,0.1496,0.1702,2916.5760641170564,2676.5760641170564,240.0,0.7922182845574121,34,1,13
0,1772829144.127554,493.0,121,0.2735,0.6153,0.0807,0.2744,43.2017,59.3892,28.4327,0.0,0.0,0.0,5.19,3.65,1.54,None,0.0001163482666015625,11.567,True,None,sfc_unique_p3_21,0,None,52.0,56.29,429.0,60,48,6,4,0,True,84.61538461538461,8.333958333333333,4.91,7.5625,0.2517,0.8037,0.1496,0.1702,2916.5760641170564,2676.5760641170564,240.0,0.7922182845574121,34,1,13
0,1772829170.0907989,518.9,121,0.2762,0.6267,0.0947,0.2994,45.1456,62.6651,29.9365,0.0,0.0,0.0,4.95,3.62,1.33,None,0.0016939640045166016,29.377,True,None,sfc_cache_p1_25,0,None,52.0,56.29,429.0,61,50,6,5,0,False,84.66453674121406,8.3606,4.9736,7.92,0.2566,0.7866,0.1365,0.1846,3033.9879156819775,2783.9879156819775,250.0,0.7864365080947892,36,1,13
0,1772829170.092282,518.9,121,0.2762,0.6267,0.0947,0.2994,45.1456,62.6651,29.9365,0.0,0.0,0.0,7.43,5.67,1.76,None,0.0016939640045166016,15.191,True,None,sfc_unique_p1_25,0,None,52.0,56.29,429.0,61,50,6,5,0,False,84.71337579617835,8.3606,4.9736,7.92,0.2566,0.7866,0.1365,0.1846,3033.9879156819775,2783.9879156819775,250.0,0.7864365080947892,36,1,13
0,1772829170.16689,519.0,122,0.2846,0.6594,0.1106,0.3243,47.0895,65.9409,32.4312,0.0,0.0,0.0,4.76,2.99,1.77,None,0.07752871513366699,19.104,True,None,sfc_cache_p2_25,0,None,52.0,56.29,429.0,62,52,6,5,0,False,84.76190476190476,8.385192307692307,5.032307692307692,8.25,0.2567,0.7895,0.1348,0.1929,3066.151241923424,2806.151241923424,260.0,0.7741470607784837,38,1,13
0,1772829170.1683311,519.0,122,0.2846,0.6594,0.1106,0.3243,47.0895,65.9409,32.4312,0.0,0.0,0.0,7.43,5.67,1.76,None,0.07752871513366699,23.852,True,None,sfc_unique_p2_25,0,None,52.0,56.29,429.0,62,52,6,5,0,False,84.81012658227847,8.385192307692307,5.032307692307692,8.25,0.2567,0.7895,0.1348,0.1929,3066.151241923424,2806.151241923424,260.0,0.7741470607784837,38,1,13
0,1772829170.2196786,519.1,123,0.2959,0.6703,0.1242,0.3493,49.9698,67.0321,34.9259,0.0,0.0,0.0,3.32,1.48,1.83,None,0.15358304977416992,13.273,True,None,sfc_cache_p3_25,0,None,52.0,56.29,429.0,64,54,6,5,0,False,84.85804416403786,8.568518518518518,4.926111111111111,8.555555555555555,0.2511,0.7894,0.1337,0.1951,3093.9849938090074,2823.9849938090074,270.0,0.7629021117815924,40,1,13
0,1772829170.221119,519.1,123,0.2959,0.6703,0.1242,0.3493,49.9698,67.0321,34.9259,0.0,0.0,0.0,10.41,8.65,1.76,None,0.15358304977416992,14.05,True,None,sfc_unique_p3_25,0,None,52.0,56.29,429.0,64,54,6,5,0,False,84.90566037735849,8.568518518518518,4.926111111111111,8.555555555555555,0.2511,0.7894,0.1337,0.1951,3093.9849938090074,2823.9849938090074,270.0,0.7629021117815924,40,1,13
0,1772829170.27104,519.1,124,0.3047,0.6888,0.1411,0.3742,52.0584,68.8791,37.4206,0.0,0.0,0.0,2.56,0.53,2.02,None,0.20629167556762695,12.62,True,None,sfc_cache_p4_25,0,None,52.0,60.62,429.0,66,56,6,5,0,False,84.95297805642633,8.607857142857144,4.8810714285714285,8.839285714285714,0.2484,0.7967,0.1498,0.1936,3133.4425081256773,2853.4425081256773,280.0,0.7653432794984851,41,1,14
0,1772829170.272487,519.1,124,0.3047,0.6888,0.1411,0.3742,52.0584,68.8791,37.4206,0.0,0.0,0.0,4.34,2.07,2.26,None,0.20629167556762695,13.001,True,None,sfc_unique_p4_25,0,None,52.0,60.62,429.0,66,56,6,5,0,False,85.0,8.607857142857144,4.8810714285714285,8.839285714285714,0.2484,0.7967,0.1498,0.1936,3133.4425081256773,2853.4425081256773,280.0,0.7653432794984851,41,1,14
0,1772829170.3227046,519.2,125,0.3132,0.7073,0.159,0.3992,54.147,70.7262,39.9153,0.0,0.0,0.0,2.81,0.75,2.07,None,0.2577211856842041,12.515,True,None,sfc_cache_p5_25,0,None,52.0,64.95,429.0,68,58,6,5,0,False,85.04672897196261,8.64448275862069,4.839137931034483,9.10344827586207,0.2446,0.794,0.1653,0.19,3163.6475847392044,2873.6475847392044,290.0,0.7674001543895661,42,1,15
0,1772829170.324188,519.2,125,0.3132,0.7073,0.159,0.3992,54.147,70.7262,39.9153,0.0,0.0,0.0,4.34,2.07,2.26,None,0.2577211856842041,13.427,True,None,sfc_unique_p5_25,0,None,52.0,64.95,429.0,68,58,6,5,0,False,85.09316770186336,8.64448275862069,4.839137931034483,9.10344827586207,0.2446,0.794,0.1653,0.19,3163.6475847392044,2873.6475847392044,290.0,0.7674001543895661,42,1,15
0,1772829170.3733537,519.2,126,0.3231,0.7299,0.1738,0.4241,56.523,72.9942,42.41,0.0,0.0,0.0,4.02,1.95,2.07,None,0.3092770576477051,11.563,True,None,sfc_cache_p6_25,0,None,52.0,64.95,429.0,69,60,6,5,0,False,85.13931888544892,8.723,4.827833333333333,9.35,0.256,0.8732,0.1684,0.1954,3214.532063962282,2914.532063962282,300.0,0.7683516687620775,43,1,16
0,1772829170.3748612,519.2,126,0.3231,0.7299,0.1738,0.4241,56.523,72.9942,42.41,0.0,0.0,0.0,8.1,5.74,2.36,None,0.3092770576477051,13.231,True,None,sfc_unique_p6_25,0,None,52.0,64.95,429.0,69,60,6,5,0,False,85.18518518518519,8.723,4.827833333333333,9.35,0.256,0.8732,0.1684,0.1954,3214.532063962282,2914.532063962282,300.0,0.7683516687620775,43,1,16
0,1772829195.22519,544.1,126,0.2701,0.6795,0.0134,0.3243,43.7783,67.9543,32.4312,0.0,0.0,0.0,4.22,3.31,0.91,None,7.677078247070312e-05,18.971,True,None,sfc_cache_p1_26,0,None,48.0,51.96000000000001,396.0,58,50,6,5,0,False,85.23076923076923,8.1074,5.393400000000001,8.58,0.2264,0.7769,0.1343,0.1792,3011.4566507135587,2761.4566507135587,250.0,0.770419982324846,31,2,17
0,1772829195.2271628,544.1,126,0.2701,0.6795,0.0134,0.3243,43.7783,67.9543,32.4312,0.0,0.0,0.0,3.39,2.09,1.3,None,7.677078247070312e-05,18.195,True,None,sfc_unique_p1_26,0,None,48.0,51.96000000000001,396.0,58,50,6,5,0,False,85.2760736196319,8.1074,5.393400000000001,8.58,0.2264,0.7769,0.1343,0.1792,3011.4566507135587,2761.4566507135587,250.0,0.770419982324846,31,2,17
0,1772829195.2770996,544.1,127,0.2801,0.7064,0.0267,0.3493,45.9739,70.6431,34.9259,0.0,0.0,0.0,2.32,1.41,0.91,None,0.18678951263427734,10.96,True,None,sfc_cache_p2_26,0,None,48.0,51.96,396.0,59,52,6,5,0,False,85.3211009174312,8.186538461538461,5.391153846153846,8.884615384615385,0.224,0.7843,0.1337,0.192,3057.127212546093,2797.127212546093,260.0,0.7754031772934626,31,2,19
0,1772829195.2790473,544.1,127,0.2801,0.7064,0.0267,0.3493,45.9739,70.6431,34.9259,0.0,0.0,0.0,3.39,2.09,1.3,None,0.18678951263427734,12.91,True,None,sfc_unique_p2_26,0,None,48.0,51.96,396.0,59,52,6,5,0,False,85.36585365853658,8.186538461538461,5.391153846153846,8.884615384615385,0.224,0.7843,0.1337,0.192,3057.127212546093,2797.127212546093,260.0,0.7754031772934626,31,2,19
0,1772829195.3480496,544.2,128,0.287,0.74,0.0411,0.3742,47.8822,74.0021,37.4206,0.0,0.0,0.0,2.6,1.63,0.97,None,0.23369121551513672,16.792,True,None,sfc_cache_p3_26,0,None,48.0,51.96,396.0,61,54,6,5,0,False,85.41033434650456,8.210555555555556,5.4383333333333335,9.166666666666666,0.2201,0.7862,0.1421,0.2009,3085.587590196611,2815.587590196611,270.0,0.7793898595458754,31,2,21
0,1772829195.350122,544.2,128,0.287,0.74,0.0411,0.3742,47.8822,74.0021,37.4206,0.0,0.0,0.0,3.39,2.09,1.3,None,0.23369121551513672,17.422,True,None,sfc_unique_p3_26,0,None,48.0,51.96,396.0,61,54,6,5,0,False,85.45454545454545,8.210555555555556,5.4383333333333335,9.166666666666666,0.2201,0.7862,0.1421,0.2009,3085.587590196611,2815.587590196611,270.0,0.7793898595458754,31,2,21
0,1772829195.4177089,544.3,129,0.294,0.7669,0.0551,0.3742,49.6458,76.6909,37.4206,0.0,0.0,0.0,2.6,1.63,0.97,None,0.3047060966491699,16.909,True,None,sfc_cache_p4_26,0,None,52.0,51.96,429.0,63,56,6,5,0,False,85.49848942598187,8.20892857142857,5.434642857142856,8.839285714285714,0.2228,0.8326,0.1394,0.211,3135.379507082542,2855.379507082542,280.0,0.7819686248491157,31,5,20
0,1772829195.4197974,544.3,129,0.294,0.7669,0.0551,0.3742,49.6458,76.6909,37.4206,0.0,0.0,0.0,4.86,3.54,1.33,None,0.3047060966491699,16.654,True,None,sfc_unique_p4_26,0,None,52.0,51.96,429.0,63,56,6,5,0,False,85.54216867469879,8.20892857142857,5.434642857142856,8.839285714285714,0.2228,0.8326,0.1394,0.211,3135.379507082542,2855.379507082542,280.0,0.7819686248491157,31,5,20
0,1772829195.488527,544.3,130,0.2981,0.7938,0.07,0.3742,50.9417,79.3796,37.4206,0.0,0.0,0.0,2.69,1.63,1.05,None,0.37432360649108887,16.476,True,None,sfc_cache_p5_26,0,None,60.33,51.96,462.0,67,58,6,5,0,False,85.58558558558559,8.132758620689655,5.431206896551724,8.53448275862069,0.2233,0.8597,0.1367,0.2167,3176.647743423666,2886.647743423666,290.0,0.7832562539022929,35,3,20
0,1772829195.4907343,544.3,130,0.2981,0.7938,0.07,0.3742,50.9417,79.3796,37.4206,0.0,0.0,0.0,4.86,3.54,1.33,None,0.37432360649108887,16.4,True,None,sfc_unique_p5_26,0,None,60.33,51.96,462.0,67,58,6,5,0,False,85.62874251497006,8.132758620689655,5.431206896551724,8.53448275862069,0.2233,0.8597,0.1367,0.2167,3176.647743423666,2886.647743423666,290.0,0.7832562539022929,35,3,20
0,1772829195.5589035,544.4,131,0.3008,0.8165,0.084,0.3742,52.418,81.6475,37.4206,0.0,0.0,0.0,4.09,2.91,1.17,None,0.44532299041748047,16.402,True,None,sfc_cache_p6_26,0,None,68.66,51.96,495.0,71,60,6,5,0,False,85.67164179104478,8.0895,5.400166666666666,8.25,0.2228,0.8684,0.1342,0.2203,3203.387483401997,2903.387483401997,300.0,0.7822301996044151,37,3,20
0,1772829195.561173,544.4,131,0.3008,0.8165,0.084,0.3742,52.418,81.6475,37.4206,0.0,0.0,0.0,4.86,3.54,1.33,None,0.44532299041748047,16.569,True,None,sfc_unique_p6_26,0,None,68.66,51.96,495.0,71,60,6,5,0,False,85.71428571428571,8.0895,5.400166666666666,8.25,0.2228,0.8684,0.1342,0.2203,3203.387483401997,2903.387483401997,300.0,0.7822301996044151,37,3,20
0,1772829219.2615237,568.1,131,0.3087,0.8383,0.0994,0.3992,54.8296,83.8323,39.9153,0.0,0.0,0.0,4.07,2.91,1.15,None,0.00140380859375,15.993,True,None,sfc_cache_p1_27,0,None,68.66,51.96,495.0,72,62,6,6,0,False,85.7566765578635,8.188709677419356,5.365806451612904,8.516129032258064,0.2257,0.8962,0.1378,0.2255,3249.5049745024457,2939.5049745024457,310.0,0.7803444387022002,39,3,20
0,1772829219.263835,568.1,131,0.3087,0.8383,0.0994,0.3992,54.8296,83.8323,39.9153,0.0,0.0,0.0,5.99,4.67,1.32,None,0.00140380859375,15.668,True,None,sfc_unique_p1_27,0,None,68.66,51.96,495.0,72,62,6,6,0,False,85.79881656804734,8.188709677419356,5.365806451612904,8.516129032258064,0.2257,0.8962,0.1378,0.2255,3249.5049745024457,2939.5049745024457,310.0,0.7803444387022002,39,3,20
0,1772829219.4561799,568.3,132,0.3113,0.8602,0.1149,0.3992,56.3415,86.017,39.9153,0.0,0.0,0.0,4.07,2.91,1.15,None,0.07351803779602051,138.182,True,None,sfc_cache_p2_27,0,None,76.99,51.96,528.0,76,64,6,6,0,False,85.84070796460178,8.1515625,5.33359375,8.25,0.2262,0.907,0.1353,0.2268,3278.202117359589,2958.202117359589,320.0,0.7780192381568579,41,3,20
0,1772829219.4584427,568.3,132,0.3113,0.8602,0.1149,0.3992,56.3415,86.017,39.9153,0.0,0.0,0.0,5.99,4.67,1.32,None,0.07351803779602051,16.141,True,None,sfc_unique_p2_27,0,None,76.99,51.96,528.0,76,64,6,6,0,False,85.88235294117646,8.1515625,5.33359375,8.25,0.2262,0.907,0.1353,0.2268,3278.202117359589,2958.202117359589,320.0,0.7780192381568579,41,3,20
0,1772829219.5253475,568.4,133,0.3189,0.8602,0.1284,0.3992,58.7898,86.017,39.9153,0.0,0.0,0.0,4.07,2.91,1.15,None,0.2680642604827881,15.41,True,None,sfc_cache_p3_27,0,None,85.32,51.96,561.0,80,66,6,6,0,False,85.92375366568915,8.248030303030303,5.171969696969697,8.0,0.2249,0.907,0.133,0.2245,3300.7564030738745,2970.7564030738745,330.0,0.7747789238910797,43,3,20
0,1772829219.52774,568.4,133,0.3189,0.8602,0.1284,0.3992,58.7898,86.017,39.9153,0.0,0.0,0.0,6.65,5.33,1.32,None,0.2680642604827881,14.959,True,None,sfc_unique_p3_27,0,None,85.32,51.96,561.0,80,66,6,6,0,False,85.96491228070175,8.248030303030303,5.171969696969697,8.0,0.2249,0.907,0.133,0.2245,3300.7564030738745,2970.7564030738745,330.0,0.7747789238910797,43,3,20
0,1772829219.5952272,568.4,134,0.3285,0.8602,0.1419,0.3992,61.2381,86.017,39.9153,0.0,0.0,0.0,4.07,2.91,1.15,None,0.33745646476745605,15.414,True,None,sfc_cache_p4_27,0,None,93.65,51.96,594.0,84,68,6,6,0,False,86.0058309037901,8.338823529411764,5.019852941176471,7.764705882352941,0.2208,0.907,0.1307,0.2199,3318.4706887881603,2978.4706887881603,340.0,0.7707625654816779,48,0,20
0,1772829219.5976343,568.4,134,0.3285,0.8602,0.1419,0.3992,61.2381,86.017,39.9153,0.0,0.0,0.0,6.65,5.33,1.32,None,0.33745646476745605,14.859,True,None,sfc_unique_p4_27,0,None,93.65,51.96,594.0,84,68,6,6,0,False,86.04651162790698,8.338823529411764,5.019852941176471,7.764705882352941,0.2208,0.907,0.1307,0.2199,3318.4706887881603,2978.4706887881603,340.0,0.7707625654816779,48,0,20
0,1772829219.6643474,568.5,135,0.3356,0.8602,0.1563,0.3992,63.6863,86.017,39.9153,0.0,0.0,0.0,4.07,2.91,1.15,None,0.4073066711425781,15.6,True,None,sfc_cache_p5_27,0,None,101.98,51.96,627.0,88,70,6,6,0,False,86.08695652173914,8.424428571428573,4.876428571428572,7.542857142857143,0.2165,0.907,0.1285,0.2125,3331.9439127472997,2981.9439127472997,350.0,0.7692356693258786,50,15,5
0,1772829219.6667702,568.5,135,0.3356,0.8602,0.1563,0.3992,63.6863,86.017,39.9153,0.0,0.0,0.0,5.24,3.92,1.32,None,0.4073066711425781,14.448,True,None,sfc_unique_p5_27,0,None,101.98,51.96,627.0,88,70,6,6,0,False,86.1271676300578,8.424428571428573,4.876428571428572,7.542857142857143,0.2165,0.907,0.1285,0.2125,3331.9439127472997,2981.9439127472997,350.0,0.7692356693258786,50,15,5
0,1772829219.7335746,568.6,136,0.3424,0.8602,0.1706,0.3992,66.1346,86.017,39.9153,0.0,0.0,0.0,4.07,2.91,1.15,None,0.4765183925628662,15.441,True,None,sfc_cache_p6_27,0,None,110.31,51.96,660.0,92,72,6,6,0,False,86.1671469740634,8.505277777777778,4.740972222222222,7.333333333333333,0.2112,0.907,0.1263,0.2045,3341.9439127472997,2981.9439127472997,360.0,0.7674765066150192,52,16,4
0,1772829219.7360215,568.6,136,0.3424,0.8602,0.1706,0.3992,66.1346,86.017,39.9153,0.0,0.0,0.0,5.24,3.92,1.32,None,0.4765183925628662,14.422,True,None,sfc_unique_p6_27,0,None,110.31,51.96,660.0,92,72,6,6,0,False,86.20689655172413,8.505277777777778,4.740972222222222,7.333333333333333,0.2112,0.907,0.1263,0.2045,3341.9439127472997,2981.9439127472997,360.0,0.7674765066150192,52,16,4
0,1772829238.28929,587.1,136,0.3237,0.693,0.0,0.3742,57.7098,69.3,37.4206,0.0,0.0,0.0,2.65,1.63,1.02,None,0.00014448165893554688,18.001,False,None,sfc_cache_p1_28,0,None,90.31,30.31000000000001,495.0,72,60,6,5,0,False,85.95988538681948,8.90616666666667,4.5835,8.25,0.2283,0.8663,0.1387,0.1587,3157.2663479424855,2857.2663479424855,300.0,0.7860409219208557,41,15,4
0,1772829238.2915132,587.1,136,0.3237,0.693,0.0,0.3742,57.7098,69.3,37.4206,0.0,0.0,0.0,None,None,None,None,0.00014448165893554688,16.748,False,None,sfc_unique_p1_28,0,None,90.31,30.31000000000001,495.0,72,60,6,5,0,False,85.71428571428571,8.90616666666667,4.5835,8.25,0.2283,0.8663,0.1387,0.1587,3157.2663479424855,2857.2663479424855,300.0,0.7860409219208557,41,15,4
0,1772829238.3625114,587.2,137,0.3237,0.693,0.0,0.3742,57.7098,69.3,37.4206,0.0,0.0,0.0,2.65,1.63,1.02,None,0.0742635726928711,18.024,False,None,sfc_cache_p2_28,0,None,90.31,30.31000000000001,495.0,72,60,6,5,0,False,85.47008547008546,8.90616666666667,4.5835,8.25,0.2283,0.8663,0.1387,0.1587,3157.2663479424855,2857.2663479424855,300.0,0.7860409219208557,41,15,4
0,1772829238.364798,587.2,137,0.3237,0.693,0.0,0.3742,57.7098,69.3,37.4206,0.0,0.0,0.0,None,None,None,None,0.0742635726928711,16.738,False,None,sfc_unique_p2_28,0,None,90.31,30.31000000000001,495.0,72,60,6,5,0,False,85.22727272727273,8.90616666666667,4.5835,8.25,0.2283,0.8663,0.1387,0.1587,3157.2663479424855,2857.2663479424855,300.0,0.7860409219208557,41,15,4
0,1772829238.563905,587.4,138,0.3237,0.693,0.0,0.3742,57.7098,69.3,37.4206,0.0,0.0,0.0,2.65,1.63,1.02,None,0.1474905014038086,17.837,False,None,sfc_cache_p3_28,0,None,90.31,30.31000000000001,495.0,72,60,6,5,0,False,84.98583569405099,8.90616666666667,4.5835,8.25,0.2283,0.8663,0.1387,0.1587,3157.2663479424855,2857.2663479424855,300.0,0.7860409219208557,41,15,4
0,1772829238.5660486,587.4,138,0.3237,0.693,0.0,0.3742,57.7098,69.3,37.4206,0.0,0.0,0.0,None,None,None,None,0.1474905014038086,16.69,False,None,sfc_unique_p3_28,0,None,90.31,30.31000000000001,495.0,72,60,6,5,0,False,84.7457627118644,8.90616666666667,4.5835,8.25,0.2283,0.8663,0.1387,0.1587,3157.2663479424855,2857.2663479424855,300.0,0.7860409219208557,41,15,4
0,1772829238.6362357,587.5,139,0.3237,0.693,0.0,0.3742,57.7098,69.3,37.4206,0.0,0.0,0.0,2.65,1.63,1.02,None,0.343613862991333,17.871,False,None,sfc_cache_p4_28,0,None,90.31,30.31000000000001,495.0,72,60,6,5,0,False,84.50704225352112,8.90616666666667,4.5835,8.25,0.2283,0.8663,0.1387,0.1587,3157.2663479424855,2857.2663479424855,300.0,0.7860409219208557,41,15,4
0,1772829238.6384702,587.5,139,0.3237,0.693,0.0,0.3742,57.7098,69.3,37.4206,0.0,0.0,0.0,None,None,None,None,0.343613862991333,16.474,False,None,sfc_unique_p4_28,0,None,90.31,30.31000000000001,495.0,72,60,6,5,0,False,84.26966292134831,8.90616666666667,4.5835,8.25,0.2283,0.8663,0.1387,0.1587,3157.2663479424855,2857.2663479424855,300.0,0.7860409219208557,41,15,4
0,1772829238.7084403,587.6,140,0.3237,0.693,0.0,0.3742,57.7098,69.3,37.4206,0.0,0.0,0.0,2.65,1.63,1.02,None,0.4159832000732422,17.933,False,None,sfc_cache_p5_28,0,None,90.31,30.31000000000001,495.0,72,60,6,5,0,False,84.03361344537815,8.90616666666667,4.5835,8.25,0.2283,0.8663,0.1387,0.1587,3157.2663479424855,2857.2663479424855,300.0,0.7860409219208557,41,15,4
0,1772829238.7106051,587.6,140,0.3237,0.693,0.0,0.3742,57.7098,69.3,37.4206,0.0,0.0,0.0,None,None,None,None,0.4159832000732422,16.759,False,None,sfc_unique_p5_28,0,None,90.31,30.31000000000001,495.0,72,60,6,5,0,False,83.79888268156425,8.90616666666667,4.5835,8.25,0.2283,0.8663,0.1387,0.1587,3157.2663479424855,2857.2663479424855,300.0,0.7860409219208557,41,15,4
0,1772829238.7809117,587.6,141,0.3237,0.693,0.0,0.3742,57.7098,69.3,37.4206,0.0,0.0,0.0,2.65,1.63,1.02,None,0.4880366325378418,17.805,False,None,sfc_cache_p6_28,0,None,90.31,30.31000000000001,495.0,72,60,6,5,0,False,83.56545961002786,8.90616666666667,4.5835,8.25,0.2283,0.8663,0.1387,0.1587,3157.2663479424855,2857.2663479424855,300.0,0.7860409219208557,41,15,4
0,1772829238.783101,587.6,141,0.3237,0.693,0.0,0.3742,57.7098,69.3,37.4206,0.0,0.0,0.0,None,None,None,None,0.4880366325378418,16.91,False,None,sfc_unique_p6_28,0,None,90.31,30.31000000000001,495.0,72,60,6,5,0,False,83.33333333333334,8.90616666666667,4.5835,8.25,0.2283,0.8663,0.1387,0.1587,3157.2663479424855,2857.2663479424855,300.0,0.7860409219208557,41,15,4
0,1772829258.3422754,607.2,141,0.3031,0.572,0.0132,0.3493,49.7538,57.2019,34.9259,0.0,0.0,0.0,2.26,1.41,0.85,None,0.000186920166015625,19.439,True,None,sfc_cache_p1_29,0,None,74.31,12.99,363.0,56,50,6,5,0,False,83.37950138504155,9.214,4.54,9.24,0.2575,0.8433,0.1538,0.1557,3025.575433223402,2775.575433223402,250.0,0.7707419302166241,37,3,10
0,1772829258.344304,607.2,141,0.3031,0.572,0.0132,0.3493,49.7538,57.2019,34.9259,0.0,0.0,0.0,3.34,2.05,1.29,None,0.000186920166015625,18.939,True,None,sfc_unique_p1_29,0,None,74.31,12.99,363.0,56,50,6,5,0,False,83.42541436464089,9.214,4.54,9.24,0.2575,0.8433,0.1538,0.1557,3025.575433223402,2775.575433223402,250.0,0.7707419302166241,37,3,10
0,1772829258.4174402,607.3,142,0.3086,0.6048,0.0269,0.3742,51.6977,60.4778,37.4206,0.0,0.0,0.0,4.24,3.31,0.93,None,0.07552528381347656,19.202,True,None,sfc_cache_p2_29,0,None,74.31,12.99,363.0,57,52,6,5,0,False,83.47107438016529,9.205769230769231,4.615384615384615,9.51923076923077,0.2502,0.857,0.1498,0.1617,3069.5918393524844,2809.5918393524844,260.0,0.7691209055010695,38,3,11
0,1772829258.4194984,607.3,142,0.3086,0.6048,0.0269,0.3742,51.6977,60.4778,37.4206,0.0,0.0,0.0,3.34,2.05,1.29,None,0.07552528381347656,18.433,True,None,sfc_unique_p2_29,0,None,74.31,12.99,363.0,57,52,6,5,0,False,83.51648351648352,9.205769230769231,4.615384615384615,9.51923076923077,0.2502,0.857,0.1498,0.1617,3069.5918393524844,2809.5918393524844,260.0,0.7691209055010695,38,3,11
0,1772829258.491679,607.3,143,0.3139,0.6375,0.0416,0.3992,53.6416,63.7537,39.9153,0.0,0.0,0.0,2.63,1.63,1.0,None,0.15072226524353027,18.698,True,None,sfc_cache_p3_29,0,None,74.31,12.99,363.0,59,54,6,5,0,False,83.56164383561644,9.198148148148148,4.685185185185185,9.777777777777779,0.2452,0.8668,0.1486,0.1663,3108.4507621198577,2838.4507621198577,270.0,0.7723767689262045,38,4,12
0,1772829258.4936874,607.3,143,0.3139,0.6375,0.0416,0.3992,53.6416,63.7537,39.9153,0.0,0.0,0.0,3.34,2.05,1.29,None,0.15072226524353027,18.586,True,None,sfc_unique_p3_29,0,None,74.31,12.99,363.0,59,54,6,5,0,False,83.60655737704919,9.198148148148148,4.685185185185185,9.777777777777779,0.2452,0.8668,0.1486,0.1663,3108.4507621198577,2838.4507621198577,270.0,0.7723767689262045,38,4,12
0,1772829258.6850095,607.5,144,0.319,0.6703,0.0561,0.4241,55.5856,67.0295,42.41,0.0,0.0,0.0,4.3,2.96,1.33,None,0.22489500045776367,18.296,True,None,sfc_cache_p4_29,0,None,74.31,12.99,363.0,60,56,6,5,0,False,83.65122615803816,9.19107142857143,4.75,10.017857142857142,0.2425,0.8959,0.1626,0.1725,3137.0404270324098,2857.0404270324098,280.0,0.7733973894067747,40,3,13
0,1772829258.6870942,607.5,144,0.319,0.6703,0.0561,0.4241,55.5856,67.0295,42.41,0.0,0.0,0.0,3.34,2.05,1.29,None,0.22489500045776367,18.234,True,None,sfc_unique_p4_29,0,None,74.31,12.99,363.0,60,56,6,5,0,False,83.69565217391305,9.19107142857143,4.75,10.017857142857142,0.2425,0.8959,0.1626,0.1725,3137.0404270324098,2857.0404270324098,280.0,0.7733973894067747,40,3,13
0,1772829258.7588503,607.6,145,0.3227,0.6921,0.0705,0.4241,57.0975,69.2143,42.41,0.0,0.0,0.0,4.3,2.96,1.33,None,0.41835761070251465,17.746,True,None,sfc_cache_p5_29,0,None,78.31,17.32,396.0,64,58,6,5,0,False,83.73983739837398,9.115517241379312,4.735689655172414,9.672413793103448,0.2357,0.8918,0.1595,0.1767,3150.5193776592478,2860.5193776592478,290.0,0.7741639885053689,44,0,14
0,1772829258.7609777,607.6,145,0.3227,0.6921,0.0705,0.4241,57.0975,69.2143,42.41,0.0,0.0,0.0,3.34,2.05,1.29,None,0.41835761070251465,18.105,True,None,sfc_unique_p5_29,0,None,78.31,17.32,396.0,64,58,6,5,0,False,83.78378378378379,9.115517241379312,4.735689655172414,9.672413793103448,0.2357,0.8918,0.1595,0.1767,3150.5193776592478,2860.5193776592478,290.0,0.7741639885053689,44,0,14
0,1772829258.8307457,607.7,146,0.326,0.7148,0.0858,0.4241,58.5738,71.4822,42.41,0.0,0.0,0.0,3.35,2.02,1.33,None,0.4922306537628174,16.791,True,None,sfc_cache_p6_29,0,None,82.31,21.65,429.0,67,60,6,5,0,False,83.82749326145552,9.0395,4.727833333333334,9.35,0.2304,0.8919,0.1565,0.1781,3169.5771860480418,2869.5771860480418,300.0,0.776481040850237,45,11,4
0,1772829258.8329093,607.7,146,0.326,0.7148,0.0858,0.4241,58.5738,71.4822,42.41,0.0,0.0,0.0,3.42,2.09,1.33,None,0.4922306537628174,17.043,True,None,sfc_unique_p6_29,0,None,82.31,21.65,429.0,67,60,6,5,0,False,83.87096774193549,9.0395,4.727833333333334,9.35,0.2304,0.8919,0.1565,0.1781,3169.5771860480418,2869.5771860480418,300.0,0.776481040850237,45,11,4
0,1772829264.1585057,613.0,146,0.1141,0.3475,0.0142,0.1746,18.9004,29.9012,20.2952,0.0,0.0,0.0,4.24,3.31,0.93,None,0.00019049644470214844,18.87,True,None,sfc_cache_p6_29,0,None,12.000000000000014,4.33,99.0,16,20,6,3,0,True,83.91420911528151,8.750499999999999,5.933,11.55,0.1296,0.5705,0.0699,0.1093,2375.3265328580865,2075.3265328580865,300.0,0.6842157860685,17,2,1
0,1772829264.1597042,613.0,146,0.1141,0.3475,0.0142,0.1746,18.9004,29.9012,20.2952,0.0,0.0,0.0,4.89,3.54,1.35,None,0.00019049644470214844,19.939,True,None,sfc_unique_p6_29,0,None,12.000000000000014,4.33,99.0,16,20,6,3,0,True,83.9572192513369,8.750499999999999,5.933,11.55,0.1296,0.5705,0.0699,0.1093,2375.3265328580865,2075.3265328580865,300.0,0.6842157860685,17,2,1
0,1772829264.2288103,613.1,146,0.123,0.3739,0.0284,0.1746,20.3767,32.1691,20.2952,0.0,0.0,0.0,4.24,3.31,0.93,None,0.07078909873962402,18.512,True,None,sfc_cache_p5_29,0,None,16.0,8.66,132.0,20,22,6,3,0,True,84.0,8.576363636363636,5.802727272727273,10.5,0.1391,0.5999,0.0699,0.1277,2406.837854634901,2106.837854634901,300.0,0.6979849215721017,19,2,1
0,1772829264.2300274,613.1,146,0.123,0.3739,0.0284,0.1746,20.3767,32.1691,20.2952,0.0,0.0,0.0,4.89,3.54,1.35,None,0.07078909873962402,19.934,True,None,sfc_unique_p5_29,0,None,16.0,8.66,132.0,20,22,6,3,0,True,84.04255319148936,8.576363636363636,5.802727272727273,10.5,0.1391,0.5999,0.0699,0.1277,2406.837854634901,2106.837854634901,300.0,0.6979849215721017,19,2,1
0,1772829264.2992935,613.1,146,0.1324,0.4002,0.0426,0.1746,21.853,34.4371,20.2952,0.0,0.0,0.0,4.24,3.31,0.93,None,0.1413569450378418,18.525,True,None,sfc_cache_p4_29,0,None,20.0,12.99,165.0,24,24,6,3,0,True,84.08488063660478,8.43125,5.694166666666667,9.625,0.1456,0.6039,0.0699,0.1376,2422.202033554573,2122.202033554573,300.0,0.7048146466309867,23,0,1
0,1772829264.3005447,613.2,146,0.1324,0.4002,0.0426,0.1746,21.853,34.4371,20.2952,0.0,0.0,0.0,4.89,3.54,1.35,None,0.1413569450378418,19.813,True,None,sfc_unique_p4_29,0,None,20.0,12.99,165.0,24,24,6,3,0,True,84.12698412698413,8.43125,5.694166666666667,9.625,0.1456,0.6039,0.0699,0.1376,2422.202033554573,2122.202033554573,300.0,0.7048146466309867,23,0,1
0,1772829264.3693047,613.2,146,0.1416,0.4256,0.0575,0.1746,23.3649,36.6218,20.2952,0.0,0.0,0.0,4.24,3.31,0.93,None,0.2121131420135498,18.395,True,None,sfc_cache_p2_29,0,None,24.0,17.32,198.0,28,26,6,3,0,True,84.1688654353562,8.321153846153846,5.589615384615385,8.884615384615385,0.155,0.6457,0.0699,0.1376,2456.305604983145,2156.305604983145,300.0,0.7059757173523666,25,0,1
0,1772829264.3705993,613.2,146,0.1416,0.4256,0.0575,0.1746,23.3649,36.6218,20.2952,0.0,0.0,0.0,6.03,4.67,1.36,None,0.2121131420135498,19.177,True,None,sfc_unique_p2_29,0,None,24.0,17.32,198.0,28,26,6,3,0,True,84.21052631578947,8.321153846153846,5.589615384615385,8.884615384615385,0.155,0.6457,0.0699,0.1376,2456.305604983145,2156.305604983145,300.0,0.7059757173523666,25,0,1
0,1772829264.4391441,613.3,146,0.1527,0.4637,0.0715,0.1996,25.3089,39.8977,23.1945,0.0,0.0,0.0,4.22,3.31,0.91,None,0.2823982238769531,18.342,True,None,sfc_cache_p1_26,0,None,24.0,17.32,198.0,29,28,6,4,0,True,84.25196850393701,8.369642857142857,5.654642857142858,9.428571428571429,0.1637,0.6657,0.0707,0.1364,2487.9484621260017,2187.9484621260017,300.0,0.6995115854106094,27,0,1
0,1772829264.440489,613.3,146,0.1527,0.4637,0.0715,0.1996,25.3089,39.8977,23.1945,0.0,0.0,0.0,6.01,4.67,1.34,None,0.2823982238769531,19.186,True,None,sfc_unique_p1_26,0,None,24.0,17.32,198.0,29,28,6,4,0,True,84.29319371727748,8.369642857142857,5.654642857142858,9.428571428571429,0.1637,0.6657,0.0707,0.1364,2487.9484621260017,2187.9484621260017,300.0,0.6995115854106094,27,0,1
0,1772829264.6280167,613.5,146,0.1715,0.4764,0.0844,0.2245,28.1891,40.9888,26.0938,0.0,0.0,0.0,3.2,2.13,1.07,None,0.3524894714355469,18.108,True,None,sfc_cache_p6_27,0,None,24.0,17.32,198.0,30,30,6,5,0,True,84.33420365535248,8.700666666666667,5.422,9.9,0.1697,0.6819,0.0813,0.1405,2510.621150564324,2210.621150564324,300.0,0.6988639880299063,29,0,1
0,1772829264.6296031,613.5,146,0.1715,0.4764,0.0844,0.2245,28.1891,40.9888,26.0938,0.0,0.0,0.0,6.65,5.33,1.32,None,0.3524894714355469,18.407,True,None,sfc_unique_p6_27,0,None,24.0,17.32,198.0,30,30,6,5,0,True,84.375,8.700666666666667,5.422,9.9,0.1697,0.6819,0.0813,0.1405,2510.621150564324,2210.621150564324,300.0,0.6988639880299063,29,0,1
0,1772829264.6991131,613.5,146,0.1898,0.489,0.0964,0.2495,31.0694,42.0799,28.9931,0.0,0.0,0.0,3.22,2.13,1.09,None,0.5418524742126465,17.857,True,None,sfc_cache_p6_26,0,None,24.0,17.32,198.0,32,32,6,5,0,True,84.4155844155844,8.9903125,5.2184375,10.3125,0.1717,0.6967,0.0877,0.139,2528.4538390026464,2228.4538390026464,300.0,0.6960934179872107,31,0,1
0,1772829264.7007043,613.6,146,0.1898,0.489,0.0964,0.2495,31.0694,42.0799,28.9931,0.0,0.0,0.0,6.67,5.33,1.34,None,0.5418524742126465,18.601,True,None,sfc_unique_p6_26,0,None,24.0,17.32,198.0,32,32,6,5,0,True,84.4559585492228,8.9903125,5.2184375,10.3125,0.1717,0.6967,0.0877,0.139,2528.4538390026464,2228.4538390026464,300.0,0.6960934179872107,31,0,1
0,1772829264.7703757,613.6,146,0.1974,0.5271,0.1104,0.2495,32.5813,45.3558,28.9931,0.0,0.0,0.0,4.23,2.98,1.24,None,0.6131947040557861,18.296,True,None,sfc_cache_p6_25,0,None,28.0,17.32,231.0,35,34,6,5,0,True,84.49612403100775,8.873235294117647,5.293823529411765,9.705882352941176,0.177,0.7147,0.0877,0.1526,2570.9105079333,2270.9105079333,300.0,0.6895697693739368,33,0,1
0,1772829264.7719698,613.6,146,0.1974,0.5271,0.1104,0.2495,32.5813,45.3558,28.9931,0.0,0.0,0.0,6.37,4.7,1.67,None,0.6131947040557861,17.933,True,None,sfc_unique_p6_25,0,None,28.0,17.32,231.0,35,34,6,5,0,True,84.5360824742268,8.873235294117647,5.293823529411765,9.705882352941176,0.177,0.7147,0.0877,0.1526,2570.9105079333,2270.9105079333,300.0,0.6895697693739368,33,0,1
0,1772829264.841873,613.7,146,0.2083,0.5525,0.1253,0.2495,34.0933,47.5406,28.9931,0.0,0.0,0.0,3.2,2.13,1.07,None,0.6846475601196289,17.804,True,None,sfc_cache_p5_27,0,None,32.0,21.65,264.0,39,36,6,5,0,True,84.57583547557842,8.769166666666667,5.240555555555556,9.166666666666666,0.1787,0.7393,0.0877,0.1544,2587.875760990102,2287.875760990102,300.0,0.6932685013828642,35,0,1
0,1772829264.843446,613.7,146,0.2083,0.5525,0.1253,0.2495,34.0933,47.5406,28.9931,0.0,0.0,0.0,4.98,3.48,1.5,None,0.6846475601196289,17.68,True,None,sfc_unique_p5_27,0,None,32.0,21.65,264.0,39,36,6,5,0,True,84.61538461538461,8.769166666666667,5.240555555555556,9.166666666666666,0.1787,0.7393,0.0877,0.1544,2587.875760990102,2287.875760990102,300.0,0.6932685013828642,35,0,1
0,1772829264.911305,613.8,146,0.2175,0.5779,0.1412,0.2495,35.6052,49.7253,28.9931,0.0,0.0,0.0,3.22,2.13,1.09,None,0.7563166618347168,16.757,True,None,sfc_cache_p5_26,0,None,36.0,25.98,297.0,43,38,6,5,0,True,84.65473145780051,8.676052631578948,5.1928947368421055,8.68421052631579,0.1812,0.7575,0.0877,0.147,2615.295742417126,2315.295742417126,300.0,0.6969906889588382,37,0,1
0,1772829264.9130175,613.8,146,0.2175,0.5779,0.1412,0.2495,35.6052,49.7253,28.9931,0.0,0.0,0.0,4.38,2.84,1.54,None,0.7563166618347168,17.422,True,None,sfc_unique_p5_26,0,None,36.0,25.98,297.0,43,38,6,5,0,True,84.6938775510204,8.676052631578948,5.1928947368421055,8.68421052631579,0.1812,0.7575,0.0877,0.147,2615.295742417126,2315.295742417126,300.0,0.6969906889588382,37,0,1
0,1772829264.9848154,613.8,146,0.2268,0.6033,0.1553,0.2495,37.1172,51.9101,28.9931,0.0,0.0,0.0,4.23,2.98,1.24,None,0.8263711929321289,17.543,True,None,sfc_cache_p5_25,0,None,40.0,30.31,330.0,47,40,6,5,0,True,84.7328244274809,8.59225,5.15,8.25,0.184,0.7614,0.0877,0.1554,2628.141928494041,2328.141928494041,300.0,0.6887074529170196,39,0,1
0,1772829264.986576,613.8,146,0.2268,0.6033,0.1553,0.2495,37.1172,51.9101,28.9931,0.0,0.0,0.0,6.37,4.7,1.67,None,0.8263711929321289,17.953,True,None,sfc_unique_p5_25,0,None,40.0,30.31,330.0,47,40,6,5,0,True,84.77157360406092,8.59225,5.15,8.25,0.184,0.7614,0.0877,0.1554,2628.141928494041,2328.141928494041,300.0,0.6887074529170196,39,0,1
0,1772829265.0560772,613.9,146,0.2341,0.6287,0.173,0.2495,38.6291,54.0948,28.9931,0.0,0.0,0.0,2.9,1.81,1.09,None,0.9002103805541992,16.7,True,None,sfc_cache_p4_27,0,None,44.0,34.64,363.0,51,42,6,5,0,True,84.81012658227847,8.516428571428571,5.111190476190476,7.857142857142857,0.1865,0.7732,0.0877,0.1472,2658.4828199969047,2358.4828199969047,300.0,0.6924893000390665,41,0,1
0,1772829265.05782,613.9,146,0.2341,0.6287,0.173,0.2495,38.6291,54.0948,28.9931,0.0,0.0,0.0,4.36,2.84,1.52,None,0.9002103805541992,16.822,True,None,sfc_unique_p4_27,0,None,44.0,34.64,363.0,51,42,6,5,0,True,84.84848484848484,8.516428571428571,5.111190476190476,7.857142857142857,0.1865,0.7732,0.0877,0.1472,2658.4828199969047,2358.4828199969047,300.0,0.6924893000390665,41,0,1
0,1772829265.2477171,614.1,146,0.2433,0.6541,0.19,0.2495,40.141,56.2796,28.9931,0.0,0.0,0.0,2.92,1.81,1.11,None,0.9716477394104004,16.777,True,None,sfc_cache_p4_26,0,None,48.0,38.97,396.0,55,44,6,5,0,True,84.88664987405542,8.4475,5.075909090909091,7.5,0.1881,0.7789,0.0877,0.1381,2673.3702213279676,2373.3702213279676,300.0,0.6953284653100759,43,0,1
0,1772829265.2495317,614.1,146,0.2433,0.6541,0.19,0.2495,40.141,56.2796,28.9931,0.0,0.0,0.0,4.38,2.84,1.54,None,0.9716477394104004,16.876,True,None,sfc_unique_p4_26,0,None,48.0,38.97,396.0,55,44,6,5,0,True,84.92462311557789,8.4475,5.075909090909091,7.5,0.1881,0.7789,0.0877,0.1381,2673.3702213279676,2373.3702213279676,300.0,0.6953284653100759,43,0,1
0,1772829265.3160923,614.2,146,0.2514,0.6795,0.204,0.2495,41.653,58.4644,28.9931,0.0,0.0,0.0,4.23,2.98,1.24,None,1.1636171340942383,16.616,True,None,sfc_cache_p4_25,0,None,52.0,43.3,429.0,59,46,6,5,0,True,84.9624060150376,8.384565217391303,5.043695652173913,7.173913043478261,0.189,0.7779,0.0877,0.1438,2682.772790589692,2382.772790589692,300.0,0.6858193550387635,45,0,1
0,1772829265.3179028,614.2,146,0.2514,0.6795,0.204,0.2495,41.653,58.4644,28.9931,0.0,0.0,0.0,6.37,4.7,1.67,None,1.1636171340942383,16.884,True,None,sfc_unique_p4_25,0,None,52.0,43.3,429.0,59,46,6,5,0,True,85.0,8.384565217391303,5.043695652173913,7.173913043478261,0.189,0.7779,0.0877,0.1438,2682.772790589692,2382.772790589692,300.0,0.6858193550387635,45,0,1
0,1772829265.3823695,614.2,146,0.2677,0.7019,0.2198,0.2744,44.1736,60.3946,31.8925,0.0,0.0,0.0,2.94,1.81,1.14,None,1.232201337814331,15.735,True,None,sfc_cache_p3_29,0,None,52.0,43.3,429.0,61,48,6,5,0,True,85.03740648379052,8.521458333333333,4.993125,7.5625,0.1898,0.7788,0.0899,0.1382,2696.0095186503636,2396.0095186503636,300.0,0.6860753458916894,47,0,1
0,1772829265.3842049,614.2,146,0.2677,0.7019,0.2198,0.2744,44.1736,60.3946,31.8925,0.0,0.0,0.0,4.13,2.76,1.36,None,1.232201337814331,15.035,True,None,sfc_unique_p3_29,0,None,52.0,43.3,429.0,61,48,6,5,0,True,85.07462686567165,8.521458333333333,4.993125,7.5625,0.1898,0.7788,0.0899,0.1382,2696.0095186503636,2396.0095186503636,300.0,0.6860753458916894,47,0,1
0,1772829265.4459398,614.3,146,0.2806,0.74,0.237,0.2994,46.1175,63.6705,34.7918,0.0,0.0,0.0,2.6,1.51,1.09,None,1.2987239360809326,15.204,True,None,sfc_cache_p3_27,0,None,52.0,43.3,429.0,62,50,6,5,0,True,85.11166253101737,8.5406,5.0534,7.92,0.1937,0.796,0.1081,0.1426,2730.1168549760096,2430.1168549760096,300.0,0.6922865530609351,48,0,2
0,1772829265.4478917,614.3,146,0.2806,0.74,0.237,0.2994,46.1175,63.6705,34.7918,0.0,0.0,0.0,3.65,1.62,2.03,None,1.2987239360809326,12.599,True,None,sfc_unique_p3_27,0,None,52.0,43.3,429.0,62,50,6,5,0,True,85.14851485148515,8.5406,5.0534,7.92,0.1937,0.796,0.1081,0.1426,2730.1168549760096,2430.1168549760096,300.0,0.6922865530609351,48,0,2
0,1772829265.508741,614.4,146,0.2911,0.7839,0.2534,0.3243,47.8455,67.4504,37.6911,0.0,0.0,0.0,3.0,1.69,1.31,None,1.3626880645751953,14.046,True,None,sfc_cache_p3_26,0,None,52.0,43.3,429.0,62,52,6,5,0,True,85.18518518518519,8.519807692307692,5.1475,8.25,0.2003,0.8348,0.1248,0.151,2775.677963937471,2475.677963937471,300.0,0.6975460901611279,49,0,3
0,1772829265.5107026,614.4,146,0.2911,0.7839,0.2534,0.3243,47.8455,67.4504,37.6911,0.0,0.0,0.0,3.67,1.62,2.05,None,1.3626880645751953,11.886,True,None,sfc_unique_p3_26,0,None,52.0,43.3,429.0,62,52,6,5,0,True,85.22167487684729,8.519807692307692,5.1475,8.25,0.2003,0.8348,0.1248,0.151,2775.677963937471,2475.677963937471,300.0,0.6975460901611279,49,0,3
0,1772829265.5715044,614.4,146,0.3042,0.822,0.27,0.3493,49.7894,70.7262,40.5904,0.0,0.0,0.0,2.49,0.89,1.6,None,1.4257416725158691,13.366,True,None,sfc_cache_p2_27,0,None,52.0,43.3,429.0,64,54,6,5,0,True,85.25798525798525,8.537592592592592,5.197592592592593,8.555555555555555,0.2044,0.8422,0.1434,0.1606,2790.0414525615233,2490.0414525615233,300.0,0.7060907713465768,49,0,5
0,1772829265.5735085,614.4,146,0.3042,0.822,0.27,0.3493,49.7894,70.7262,40.5904,0.0,0.0,0.0,3.65,1.62,2.03,None,1.4257416725158691,11.915,True,None,sfc_unique_p2_27,0,None,52.0,43.3,429.0,64,54,6,5,0,True,85.29411764705883,8.537592592592592,5.197592592592593,8.555555555555555,0.2044,0.8422,0.1434,0.1606,2790.0414525615233,2490.0414525615233,300.0,0.7060907713465768,49,0,5
0,1772829265.6337652,614.5,146,0.3218,0.8347,0.2852,0.3742,52.6697,71.8174,43.4897,0.0,0.0,0.0,2.95,1.28,1.67,None,1.4888038635253906,13.097,True,None,sfc_cache_p2_26,0,None,52.0,43.3,429.0,65,56,6,5,0,True,85.33007334963325,8.70892857142857,5.089285714285714,8.839285714285714,0.209,0.8422,0.1451,0.1693,2812.680749883919,2512.680749883919,300.0,0.7076264176652887,51,0,5
0,1772829265.6358447,614.5,146,0.3218,0.8347,0.2852,0.3742,52.6697,71.8174,43.4897,0.0,0.0,0.0,4.84,2.74,2.1,None,1.4888038635253906,11.302,True,None,sfc_unique_p2_26,0,None,52.0,43.3,429.0,65,56,6,5,0,True,85.36585365853658,8.70892857142857,5.089285714285714,8.839285714285714,0.209,0.8422,0.1451,0.1693,2812.680749883919,2512.680749883919,300.0,0.7076264176652887,51,0,5
0,1772829265.817148,614.7,146,0.3398,0.8395,0.2988,0.3992,55.8372,72.2382,46.389,0.0,0.0,0.0,3.28,1.67,1.61,None,1.5513942241668701,12.548,True,None,sfc_cache_p1_29,0,None,52.0,43.3,429.0,66,58,6,5,0,True,85.40145985401459,8.914310344827586,4.942586206896552,9.10344827586207,0.2129,0.8419,0.1471,0.1757,2839.843727751122,2539.843727751122,300.0,0.7088604651891107,53,0,5
0,1772829265.819336,614.7,146,0.3398,0.8395,0.2988,0.3992,55.8372,72.2382,46.389,0.0,0.0,0.0,4.87,2.74,2.13,None,1.5513942241668701,11.296,True,None,sfc_unique_p1_29,0,None,52.0,43.3,429.0,66,58,6,5,0,True,85.43689320388349,8.914310344827586,4.942586206896552,9.10344827586207,0.2129,0.8419,0.1471,0.1757,2839.843727751122,2539.843727751122,300.0,0.7088604651891107,53,0,5
0,1772829265.880241,614.7,146,0.3469,0.8395,0.2988,0.3992,55.8372,72.2382,46.389,0.0,0.0,0.0,None,None,None,None,1.735133171081543,12.303,False,None,sfc_cache_p1_27,0,None,52.0,43.3,429.0,66,58,6,5,0,True,85.23002421307507,8.914310344827586,4.942586206896552,9.10344827586207,0.2182,0.8419,0.1499,0.1757,2829.843727751122,2539.843727751122,290.0,0.7088604651891107,53,0,5
0,1772829265.882393,614.7,146,0.3469,0.8395,0.2988,0.3992,55.8372,72.2382,46.389,0.0,0.0,0.0,4.82,2.74,2.08,None,1.735133171081543,11.214,False,None,sfc_unique_p1_27,0,None,52.0,43.3,429.0,66,58,6,5,0,True,85.02415458937197,8.914310344827586,4.942586206896552,9.10344827586207,0.2182,0.8419,0.1499,0.1757,2829.843727751122,2539.843727751122,290.0,0.7088604651891107,53,0,5
0,1772829280.3659499,629.2,146,0.3415,0.7732,0.1775,0.4241,53.3533,66.5256,49.2884,0.0,0.0,0.0,3.36,2.52,0.84,None,0.00014901161193847656,9.771,True,None,sfc_cache_p1_30,0,None,40.0,38.97,330.0,57,54,6,6,0,True,85.06024096385542,9.148703703703703,4.888888888888889,10.38888888888889,0.2287,0.7952,0.1755,0.1606,2790.973515823793,2520.973515823793,270.0,0.7389648812510098,49,0,5
0,1772829280.3672004,629.2,146,0.3415,0.7732,0.1775,0.4241,53.3533,66.5256,49.2884,0.0,0.0,0.0,5.97,4.7,1.27,None,0.00014901161193847656,10.108,True,None,sfc_unique_p1_30,0,None,40.0,38.97,330.0,57,54,6,6,0,True,85.09615384615384,9.148703703703703,4.888888888888889,10.38888888888889,0.2287,0.7952,0.1755,0.1606,2790.973515823793,2520.973515823793,270.0,0.7389648812510098,49,0,5
0,1772829280.411542,629.3,147,0.3464,0.8112,0.1925,0.449,55.2972,69.8014,52.1877,0.0,0.0,0.0,4.12,2.36,1.76,None,0.0515599250793457,8.611,True,None,sfc_cache_p2_30,0,None,40.0,38.97,330.0,58,56,6,6,0,True,85.13189448441247,9.143392857142857,4.946428571428571,10.607142857142858,0.2282,0.8496,0.1741,0.1714,2823.56700855391,2543.56700855391,280.0,0.7334477794668018,51,0,5
0,1772829280.4126837,629.3,147,0.3464,0.8112,0.1925,0.449,55.2972,69.8014,52.1877,0.0,0.0,0.0,5.97,4.7,1.27,None,0.0515599250793457,8.8,True,None,sfc_unique_p2_30,0,None,40.0,38.97,330.0,58,56,6,6,0,True,85.16746411483254,9.143392857142857,4.946428571428571,10.607142857142858,0.2282,0.8496,0.1741,0.1714,2823.56700855391,2543.56700855391,280.0,0.7334477794668018,51,0,5
0,1772829280.4553494,629.3,148,0.3464,0.8112,0.1925,0.449,55.2972,69.8014,52.1877,0.0,0.0,0.0,None,None,None,None,0.09686946868896484,9.074,False,None,sfc_cache_p3_30,0,None,40.0,38.97,330.0,58,56,6,6,0,True,84.96420047732697,9.143392857142857,4.946428571428571,10.607142857142858,0.2282,0.8496,0.1741,0.1714,2823.56700855391,2543.56700855391,280.0,0.7334477794668018,51,0,5
0,1772829280.4567463,629.3,148,0.3464,0.8112,0.1925,0.449,55.2972,69.8014,52.1877,0.0,0.0,0.0,9.02,7.75,1.27,None,0.09686946868896484,9.218,False,None,sfc_unique_p3_30,0,None,40.0,38.97,330.0,58,56,6,6,0,True,84.76190476190476,9.143392857142857,4.946428571428571,10.607142857142858,0.2282,0.8496,0.1741,0.1714,2823.56700855391,2543.56700855391,280.0,0.7334477794668018,51,0,5
0,1772829280.505866,629.4,149,0.3464,0.8112,0.1925,0.449,55.2972,69.8014,52.1877,0.0,0.0,0.0,None,None,None,None,0.1363391876220703,9.924,False,None,sfc_cache_p4_30,0,None,40.0,38.97,330.0,58,56,6,6,0,True,84.56057007125891,9.143392857142857,4.946428571428571,10.607142857142858,0.2282,0.8496,0.1741,0.1714,2823.56700855391,2543.56700855391,280.0,0.7334477794668018,51,0,5
0,1772829280.5070488,629.4,149,0.3464,0.8112,0.1925,0.449,55.2972,69.8014,52.1877,0.0,0.0,0.0,9.02,7.75,1.27,None,0.1363391876220703,8.311,False,None,sfc_unique_p4_30,0,None,40.0,38.97,330.0,58,56,6,6,0,True,84.36018957345972,9.143392857142857,4.946428571428571,10.607142857142858,0.2282,0.8496,0.1741,0.1714,2823.56700855391,2543.56700855391,280.0,0.7334477794668018,51,0,5
0,1772829280.5510361,629.4,150,0.3464,0.8112,0.1925,0.449,55.2972,69.8014,52.1877,0.0,0.0,0.0,None,None,None,None,0.1861128807067871,8.858,False,None,sfc_cache_p5_30,0,None,40.0,38.97,330.0,58,56,6,6,0,True,84.16075650118204,9.143392857142857,4.946428571428571,10.607142857142858,0.2282,0.8496,0.1741,0.1714,2823.56700855391,2543.56700855391,280.0,0.7334477794668018,51,0,5
0,1772829280.5522735,629.4,150,0.3464,0.8112,0.1925,0.449,55.2972,69.8014,52.1877,0.0,0.0,0.0,9.02,7.75,1.27,None,0.1861128807067871,8.509,False,None,sfc_unique_p5_30,0,None,40.0,38.97,330.0,58,56,6,6,0,True,83.9622641509434,9.143392857142857,4.946428571428571,10.607142857142858,0.2282,0.8496,0.1741,0.1714,2823.56700855391,2543.56700855391,280.0,0.7334477794668018,51,0,5
0,1772829280.6770024,629.5,151,0.3464,0.8112,0.1925,0.449,55.2972,69.8014,52.1877,0.0,0.0,0.0,None,None,None,None,0.23128080368041992,8.972,False,None,sfc_cache_p6_30,0,None,40.0,38.97,330.0,58,56,6,6,0,True,83.76470588235294,9.143392857142857,4.946428571428571,10.607142857142858,0.2282,0.8496,0.1741,0.1714,2823.56700855391,2543.56700855391,280.0,0.7334477794668018,51,0,5
0,1772829280.6781936,629.5,151,0.3464,0.8112,0.1925,0.449,55.2972,69.8014,52.1877,0.0,0.0,0.0,9.02,7.75,1.27,None,0.23128080368041992,8.287,False,None,sfc_unique_p6_30,0,None,40.0,38.97,330.0,58,56,6,6,0,True,83.56807511737088,9.143392857142857,4.946428571428571,10.607142857142858,0.2282,0.8496,0.1741,0.1714,2823.56700855391,2543.56700855391,280.0,0.7334477794668018,51,0,5
0,1772829306.4611926,655.3,151,0.282,0.5544,0.0145,0.3493,45.1445,55.4405,34.9259,0.0,0.0,0.0,2.03,1.11,0.92,None,0.00023889541625976562,23.518,True,None,sfc_cache_p1_31,0,None,36.0,38.97,297.0,51,46,6,6,0,False,83.60655737704919,9.087391304347825,4.782826086956521,10.043478260869565,0.1762,0.5251,0.1742,0.116,2902.9440718732553,2672.9440718732553,230.0,0.7777220256500975,40,0,6
0,1772829306.463608,655.3,151,0.282,0.5544,0.0145,0.3493,45.1445,55.4405,34.9259,0.0,0.0,0.0,3.44,2.09,1.35,None,0.00023889541625976562,23.829,True,None,sfc_unique_p1_31,0,None,36.0,38.97,297.0,51,46,6,6,0,False,83.64485981308411,9.087391304347825,4.782826086956521,10.043478260869565,0.1762,0.5251,0.1742,0.116,2902.9440718732553,2672.9440718732553,230.0,0.7777220256500975,40,0,6
0,1772829306.5487368,655.4,152,0.2903,0.588,0.0295,0.3742,47.0528,58.7995,37.4206,0.0,0.0,0.0,3.15,1.52,1.63,None,0.0975792407989502,17.079,True,None,sfc_cache_p2_31,0,None,36.0,38.97,297.0,52,48,6,6,0,False,83.68298368298368,9.076875,4.86125,10.3125,0.1769,0.5476,0.1775,0.1227,2939.1482198379667,2699.1482198379667,240.0,0.782155436823791,41,0,7
0,1772829306.5505445,655.4,152,0.2903,0.588,0.0295,0.3742,47.0528,58.7995,37.4206,0.0,0.0,0.0,3.44,2.09,1.35,None,0.0975792407989502,17.693,True,None,sfc_unique_p2_31,0,None,36.0,38.97,297.0,52,48,6,6,0,False,83.72093023255815,9.076875,4.86125,10.3125,0.1769,0.5476,0.1775,0.1227,2939.1482198379667,2699.1482198379667,240.0,0.782155436823791,41,0,7
0,1772829306.6198673,655.5,153,0.2933,0.6107,0.0444,0.3742,48.5291,61.0674,37.4206,0.0,0.0,0.0,3.15,1.52,1.63,None,0.18397235870361328,16.721,True,None,sfc_cache_p3_31,0,None,40.0,43.3,330.0,56,50,6,6,0,False,83.75870069605568,8.9872,4.8468,9.9,0.176,0.5613,0.1738,0.1284,2977.088941088547,2727.088941088547,250.0,0.7862050159104024,42,0,8
0,1772829306.6217756,655.5,153,0.2933,0.6107,0.0444,0.3742,48.5291,61.0674,37.4206,0.0,0.0,0.0,3.44,2.09,1.35,None,0.18397235870361328,17.75,True,None,sfc_unique_p3_31,0,None,40.0,43.3,330.0,56,50,6,6,0,False,83.79629629629629,8.9872,4.8468,9.9,0.176,0.5613,0.1738,0.1284,2977.088941088547,2727.088941088547,250.0,0.7862050159104024,42,0,8
0,1772829306.6936278,655.5,154,0.2962,0.6334,0.0594,0.3742,50.0054,63.3353,37.4206,0.0,0.0,0.0,3.15,1.52,1.63,None,0.2552318572998047,17.345,True,None,sfc_cache_p4_31,0,None,44.0,47.63,363.0,60,52,6,6,0,False,83.83371824480369,8.904423076923077,4.833461538461538,9.51923076923077,0.1745,0.5686,0.1704,0.1331,3007.9610971015477,2747.9610971015477,260.0,0.7896947692646196,43,0,9
0,1772829306.6956015,655.5,154,0.2962,0.6334,0.0594,0.3742,50.0054,63.3353,37.4206,0.0,0.0,0.0,3.44,2.09,1.35,None,0.2552318572998047,18.108,True,None,sfc_unique_p4_31,0,None,44.0,47.63,363.0,60,52,6,6,0,False,83.87096774193549,8.904423076923077,4.833461538461538,9.51923076923077,0.1745,0.5686,0.1704,0.1331,3007.9610971015477,2747.9610971015477,260.0,0.7896947692646196,43,0,9
0,1772829306.7672408,655.6,155,0.3013,0.656,0.0743,0.3742,51.4817,65.6033,37.4206,0.0,0.0,0.0,3.15,1.52,1.63,None,0.3290855884552002,17.149,True,None,sfc_cache_p5_31,0,None,48.0,51.96,396.0,64,54,6,6,0,False,83.9080459770115,8.827777777777778,4.821111111111111,9.166666666666666,0.1724,0.5701,0.167,0.1367,3028.763604453351,2758.763604453351,270.0,0.7926877082275575,44,0,10
0,1772829306.769242,655.6,155,0.3013,0.656,0.0743,0.3742,51.4817,65.6033,37.4206,0.0,0.0,0.0,3.44,2.09,1.35,None,0.3290855884552002,18.143,True,None,sfc_unique_p5_31,0,None,48.0,51.96,396.0,64,54,6,6,0,False,83.94495412844036,8.827777777777778,4.821111111111111,9.166666666666666,0.1724,0.5701,0.167,0.1367,3028.763604453351,2758.763604453351,270.0,0.7926877082275575,44,0,10
0,1772829306.9654696,655.8,156,0.3039,0.6787,0.0887,0.3742,52.958,67.8712,37.4206,0.0,0.0,0.0,3.15,1.52,1.63,None,0.4027245044708252,17.184,True,None,sfc_cache_p6_31,0,None,52.0,56.29,429.0,67,56,6,6,0,False,83.98169336384439,8.756607142857144,4.809642857142856,8.839285714285714,0.1707,0.5715,0.1638,0.1436,3053.0450624319924,2773.0450624319924,280.0,0.7954415646650368,45,0,11
0,1772829306.9676285,655.8,156,0.3039,0.6787,0.0887,0.3742,52.958,67.8712,37.4206,0.0,0.0,0.0,4.11,2.1,2.01,None,0.4027245044708252,17.652,True,None,sfc_unique_p6_31,0,None,52.0,56.29,429.0,67,56,6,6,0,False,84.01826484018264,8.756607142857144,4.809642857142856,8.839285714285714,0.1707,0.5715,0.1638,0.1436,3053.0450624319924,2773.0450624319924,280.0,0.7954415646650368,45,0,11
0,1772829329.5003724,678.4,156,0.2716,0.5804,0.0137,0.3493,44.03,58.041,34.9259,0.0,0.0,0.0,4.24,3.31,0.93,None,0.00017881393432617188,20.543,True,None,sfc_cache_p1_32,0,None,36.0,38.970000000000006,297.0,48,46,6,6,0,False,84.05466970387245,8.863043478260868,5.007173913043479,10.043478260869565,0.1879,0.5405,0.1742,0.1364,2918.5620053576927,2688.5620053576927,230.0,0.8454306577467863,25,9,12
0,1772829329.502242,678.4,156,0.2716,0.5804,0.0137,0.3493,44.03,58.041,34.9259,0.0,0.0,0.0,3.34,2.05,1.29,None,0.00017881393432617188,24.513,True,None,sfc_unique_p1_32,0,None,36.0,38.970000000000006,297.0,48,46,6,6,0,False,84.0909090909091,8.863043478260868,5.007173913043479,10.043478260869565,0.1879,0.5405,0.1742,0.1364,2918.5620053576927,2688.5620053576927,230.0,0.8454306577467863,25,9,12
0,1772829329.5820775,678.4,157,0.2778,0.6132,0.0296,0.3742,45.9739,61.3169,37.4206,0.0,0.0,0.0,2.63,1.63,1.0,None,0.08441948890686035,19.77,True,None,sfc_cache_p2_32,0,None,36.0,38.97,297.0,50,48,6,6,0,False,84.12698412698413,8.86875,5.069375,10.3125,0.18,0.5455,0.183,0.1326,2938.08092502957,2698.08092502957,240.0,0.8347024058599256,26,10,12
0,1772829329.583971,678.4,157,0.2778,0.6132,0.0296,0.3742,45.9739,61.3169,37.4206,0.0,0.0,0.0,6.03,4.67,1.36,None,0.08441948890686035,23.087,True,None,sfc_unique_p2_32,0,None,36.0,38.97,297.0,50,48,6,6,0,False,84.16289592760181,8.86875,5.069375,10.3125,0.18,0.5455,0.183,0.1326,2938.08092502957,2698.08092502957,240.0,0.8347024058599256,26,10,12
0,1772829329.659501,678.5,158,0.2778,0.6132,0.0296,0.3742,45.9739,61.3169,37.4206,0.0,0.0,0.0,None,None,None,None,0.1661543846130371,19.101,False,None,sfc_cache_p3_32,0,None,36.0,38.97,297.0,50,48,6,6,0,False,83.97291196388262,8.86875,5.069375,10.3125,0.18,0.5455,0.183,0.1326,2938.08092502957,2698.08092502957,240.0,0.8347024058599256,26,10,12
0,1772829329.6614072,678.5,158,0.2778,0.6132,0.0296,0.3742,45.9739,61.3169,37.4206,0.0,0.0,0.0,4.12,2.08,2.04,None,0.1661543846130371,18.928,False,None,sfc_unique_p3_32,0,None,36.0,38.97,297.0,50,48,6,6,0,False,83.78378378378379,8.86875,5.069375,10.3125,0.18,0.5455,0.183,0.1326,2938.08092502957,2698.08092502957,240.0,0.8347024058599256,26,10,12
0,1772829329.736495,678.6,159,0.2778,0.6132,0.0296,0.3742,45.9739,61.3169,37.4206,0.0,0.0,0.0,None,None,None,None,0.2435445785522461,18.838,False,None,sfc_cache_p4_32,0,None,36.0,38.97,297.0,50,48,6,6,0,False,83.59550561797752,8.86875,5.069375,10.3125,0.18,0.5455,0.183,0.1326,2938.08092502957,2698.08092502957,240.0,0.8347024058599256,26,10,12
0,1772829329.7387311,678.6,159,0.2778,0.6132,0.0296,0.3742,45.9739,61.3169,37.4206,0.0,0.0,0.0,4.12,2.08,2.04,None,0.2435445785522461,19.224,False,None,sfc_unique_p4_32,0,None,36.0,38.97,297.0,50,48,6,6,0,False,83.40807174887892,8.86875,5.069375,10.3125,0.18,0.5455,0.183,0.1326,2938.08092502957,2698.08092502957,240.0,0.8347024058599256,26,10,12
0,1772829329.815915,678.7,160,0.2778,0.6132,0.0296,0.3742,45.9739,61.3169,37.4206,0.0,0.0,0.0,None,None,None,None,0.32089853286743164,18.615,False,None,sfc_cache_p5_32,0,None,36.0,38.97,297.0,50,48,6,6,0,False,83.22147651006712,8.86875,5.069375,10.3125,0.18,0.5455,0.183,0.1326,2938.08092502957,2698.08092502957,240.0,0.8347024058599256,26,10,12
0,1772829329.8178914,678.7,160,0.2778,0.6132,0.0296,0.3742,45.9739,61.3169,37.4206,0.0,0.0,0.0,4.12,2.08,2.04,None,0.32089853286743164,19.493,False,None,sfc_unique_p5_32,0,None,36.0,38.97,297.0,50,48,6,6,0,False,83.03571428571429,8.86875,5.069375,10.3125,0.18,0.5455,0.183,0.1326,2938.08092502957,2698.08092502957,240.0,0.8347024058599256,26,10,12
0,1772829329.8948503,678.7,161,0.2778,0.6132,0.0296,0.3742,45.9739,61.3169,37.4206,0.0,0.0,0.0,None,None,None,None,0.40024852752685547,18.901,False,None,sfc_cache_p6_32,0,None,36.0,38.97,297.0,50,48,6,6,0,False,82.85077951002228,8.86875,5.069375,10.3125,0.18,0.5455,0.183,0.1326,2938.08092502957,2698.08092502957,240.0,0.8347024058599256,26,10,12
0,1772829329.8968763,678.7,161,0.2778,0.6132,0.0296,0.3742,45.9739,61.3169,37.4206,0.0,0.0,0.0,4.12,2.08,2.04,None,0.40024852752685547,19.465,False,None,sfc_unique_p6_32,0,None,36.0,38.97,297.0,50,48,6,6,0,False,82.66666666666667,8.86875,5.069375,10.3125,0.18,0.5455,0.183,0.1326,2938.08092502957,2698.08092502957,240.0,0.8347024058599256,26,10,12
0,1772829349.5859234,698.4,161,0.2188,0.4225,0.0146,0.2495,32.51,42.2488,24.9471,0.0,0.0,0.0,2.59,1.6,0.99,None,0.00014400482177734375,13.016,True,None,sfc_cache_p1_33,0,None,28.0,30.310000000000002,231.0,36,34,6,5,0,False,82.70509977827051,8.853823529411764,4.931176470588235,9.705882352941176,0.2228,0.4688,0.1614,0.096,2697.1081862894375,2527.1081862894375,170.0,0.8494720660069975,17,8,9
0,1772829349.5869522,698.4,161,0.2188,0.4225,0.0146,0.2495,32.51,42.2488,24.9471,0.0,0.0,0.0,7.5,6.2,1.3,None,0.00014400482177734375,15.54,True,None,sfc_unique_p1_33,0,None,28.0,30.310000000000002,231.0,36,34,6,5,0,False,82.7433628318584,8.853823529411764,4.931176470588235,9.705882352941176,0.2228,0.4688,0.1614,0.096,2697.1081862894375,2527.1081862894375,170.0,0.8494720660069975,17,8,9
0,1772829349.6361852,698.5,162,0.23,0.4225,0.0291,0.2495,34.9583,42.2488,24.9471,0.0,0.0,0.0,2.59,1.6,0.99,None,0.1272575855255127,12.779,True,None,sfc_cache_p2_33,0,None,32.0,34.64,264.0,40,36,6,5,0,False,82.78145695364239,8.991666666666667,4.657222222222222,9.166666666666666,0.2089,0.4688,0.1576,0.1021,2713.319614860866,2533.319614860866,180.0,0.8412482243078673,18,8,10
0,1772829349.637032,698.5,162,0.23,0.4225,0.0291,0.2495,34.9583,42.2488,24.9471,0.0,0.0,0.0,7.5,6.2,1.3,None,0.1272575855255127,14.418,True,None,sfc_unique_p2_33,0,None,32.0,34.64,264.0,40,36,6,5,0,False,82.81938325991189,8.991666666666667,4.657222222222222,9.166666666666666,0.2089,0.4688,0.1576,0.1021,2713.319614860866,2533.319614860866,180.0,0.8412482243078673,18,8,10
0,1772829349.6874404,698.5,163,0.2418,0.4225,0.0437,0.2495,37.4066,42.2488,24.9471,0.0,0.0,0.0,2.59,1.6,0.99,None,0.1772310733795166,13.106,True,None,sfc_cache_p3_33,0,None,36.0,38.97,297.0,44,38,6,5,0,False,82.85714285714286,9.115,4.412105263157895,8.68421052631579,0.1948,0.4688,0.1539,0.1053,2728.6767577180085,2538.6767577180085,190.0,0.8327716796483065,19,11,8
0,1772829349.688341,698.5,163,0.2418,0.4225,0.0437,0.2495,37.4066,42.2488,24.9471,0.0,0.0,0.0,7.5,6.2,1.3,None,0.1772310733795166,14.408,True,None,sfc_unique_p3_33,0,None,36.0,38.97,297.0,44,38,6,5,0,False,82.89473684210526,9.115,4.412105263157895,8.68421052631579,0.1948,0.4688,0.1539,0.1053,2728.6767577180085,2538.6767577180085,190.0,0.8327716796483065,19,11,8
0,1772829349.737173,698.6,164,0.2484,0.4443,0.061,0.2495,38.9185,44.4335,24.9471,0.0,0.0,0.0,2.59,1.6,0.99,None,0.22853922843933105,12.257,True,None,sfc_cache_p4_33,0,None,40.0,43.3,330.0,48,40,6,5,0,False,82.93216630196937,9.00925,4.408250000000001,8.25,0.1939,0.4824,0.1504,0.1082,2774.4284989345383,2574.4284989345383,200.0,0.8355550071714676,19,13,8
0,1772829349.7381737,698.6,164,0.2484,0.4443,0.061,0.2495,38.9185,44.4335,24.9471,0.0,0.0,0.0,3.86,2.45,1.42,None,0.22853922843933105,14.264,True,None,sfc_unique_p4_33,0,None,40.0,43.3,330.0,48,40,6,5,0,False,82.96943231441048,9.00925,4.408250000000001,8.25,0.1939,0.4824,0.1504,0.1082,2774.4284989345383,2574.4284989345383,200.0,0.8355550071714676,19,13,8
0,1772829349.78717,698.6,165,0.2526,0.4662,0.0783,0.2495,40.4305,46.6183,24.9471,0.0,0.0,0.0,2.59,1.6,0.99,None,0.27838897705078125,12.366,True,None,sfc_cache_p5_33,0,None,44.0,47.63,363.0,52,42,6,5,0,False,83.00653594771242,8.913571428571428,4.404761904761905,7.857142857142857,0.1917,0.4887,0.1471,0.11,2816.6189493292145,2606.6189493292145,210.0,0.8373706515015862,19,15,8
0,1772829349.7881305,698.6,165,0.2526,0.4662,0.0783,0.2495,40.4305,46.6183,24.9471,0.0,0.0,0.0,3.86,2.45,1.42,None,0.27838897705078125,13.707,True,None,sfc_unique_p5_33,0,None,44.0,47.63,363.0,52,42,6,5,0,False,83.04347826086956,8.913571428571428,4.404761904761905,7.857142857142857,0.1917,0.4887,0.1471,0.11,2816.6189493292145,2606.6189493292145,210.0,0.8373706515015862,19,15,8
0,1772829349.83829,698.7,166,0.2587,0.488,0.0957,0.2495,41.9424,48.803,24.9471,0.0,0.0,0.0,2.59,1.6,0.99,None,0.3283567428588867,12.595,True,None,sfc_cache_p6_33,0,None,48.0,51.96,396.0,56,44,6,5,0,False,83.08026030368764,8.826590909090909,4.401590909090909,7.5,0.1884,0.4885,0.1439,0.1109,2840.307232876653,2620.307232876653,220.0,0.8383555694692982,20,16,8
0,1772829349.8393312,698.7,166,0.2587,0.488,0.0957,0.2495,41.9424,48.803,24.9471,0.0,0.0,0.0,3.86,2.45,1.42,None,0.3283567428588867,14.094,True,None,sfc_unique_p6_33,0,None,48.0,51.96,396.0,56,44,6,5,0,False,83.11688311688312,8.826590909090909,4.401590909090909,7.5,0.1884,0.4885,0.1439,0.1109,2840.307232876653,2620.307232876653,220.0,0.8383555694692982,20,16,8
0,1772829371.705102,720.6,166,0.2159,0.3973,0.0134,0.1996,31.7897,39.7314,19.9577,0.0,0.0,0.0,4.22,3.31,0.91,None,0.00020432472229003906,15.103,True,None,sfc_cache_p1_34,0,None,36.0,38.970000000000006,297.0,41,34,6,5,0,False,83.15334773218143,8.65764705882353,4.63735294117647,7.764705882352941,0.2306,0.4702,0.1375,0.0943,2714.5986057291525,2544.5986057291525,170.0,0.8847282237109065,11,15,8
0,1772829371.705974,720.6,166,0.2159,0.3973,0.0134,0.1996,31.7897,39.7314,19.9577,0.0,0.0,0.0,4.86,3.54,1.33,None,0.00020432472229003906,15.845,True,None,sfc_unique_p1_34,0,None,36.0,38.970000000000006,297.0,41,34,6,5,0,False,83.1896551724138,8.65764705882353,4.63735294117647,7.764705882352941,0.2306,0.4702,0.1375,0.0943,2714.5986057291525,2544.5986057291525,170.0,0.8847282237109065,11,15,8
0,1772829371.7567728,720.6,167,0.225,0.4301,0.0277,0.2245,33.7336,43.0073,22.4524,0.0,0.0,0.0,2.02,1.11,0.91,None,0.12734389305114746,12.727,True,None,sfc_cache_p2_34,0,None,36.0,38.97,297.0,42,36,6,5,0,False,83.22580645161291,8.676666666666668,4.740833333333333,8.25,0.2181,0.4901,0.158,0.0971,2757.403078720949,2577.403078720949,180.0,0.877574165037922,12,15,9
0,1772829371.7577665,720.6,167,0.225,0.4301,0.0277,0.2245,33.7336,43.0073,22.4524,0.0,0.0,0.0,4.86,3.54,1.33,None,0.12734389305114746,15.96,True,None,sfc_unique_p2_34,0,None,36.0,38.97,297.0,42,36,6,5,0,False,83.2618025751073,8.676666666666668,4.740833333333333,8.25,0.2181,0.4901,0.158,0.0971,2757.403078720949,2577.403078720949,180.0,0.877574165037922,12,15,9
0,1772829371.8080213,720.7,168,0.2345,0.4637,0.0411,0.2495,35.6419,46.3663,24.9471,0.0,0.0,0.0,2.32,1.41,0.91,None,0.1791675090789795,12.668,True,None,sfc_cache_p3_34,0,None,36.0,38.97,297.0,44,38,6,5,0,False,83.29764453961455,8.684999999999999,4.842105263157895,8.68421052631579,0.2051,0.4811,0.1616,0.0997,2780.8056479826732,2590.8056479826732,190.0,0.8697699775377763,13,15,10
0,1772829371.808893,720.7,168,0.2345,0.4637,0.0411,0.2495,35.6419,46.3663,24.9471,0.0,0.0,0.0,4.86,3.54,1.33,None,0.1791675090789795,14.578,True,None,sfc_unique_p3_34,0,None,36.0,38.97,297.0,44,38,6,5,0,False,83.33333333333334,8.684999999999999,4.842105263157895,8.68421052631579,0.2051,0.4811,0.1616,0.0997,2780.8056479826732,2590.8056479826732,190.0,0.8697699775377763,13,15,10
0,1772829371.8580525,720.7,169,0.2413,0.4855,0.0551,0.2495,37.1539,48.5511,24.9471,0.0,0.0,0.0,2.32,1.41,0.91,None,0.23021340370178223,13.349,True,None,sfc_cache_p4_34,0,None,40.0,43.3,330.0,48,40,6,5,0,False,83.36886993603412,8.60075,4.81675,8.25,0.1943,0.4839,0.1579,0.1018,2800.1760612313965,2600.1760612313965,200.0,0.8624018777923668,14,15,11
0,1772829371.859002,720.7,169,0.2413,0.4855,0.0551,0.2495,37.1539,48.5511,24.9471,0.0,0.0,0.0,6.01,4.67,1.34,None,0.23021340370178223,11.961,True,None,sfc_unique_p4_34,0,None,40.0,43.3,330.0,48,40,6,5,0,False,83.40425531914893,8.60075,4.81675,8.25,0.1943,0.4839,0.1579,0.1018,2800.1760612313965,2600.1760612313965,200.0,0.8624018777923668,14,15,11
0,1772829371.9047616,720.8,170,0.2494,0.4939,0.0691,0.2495,39.2425,49.3902,24.9471,0.0,0.0,0.0,3.22,2.13,1.09,None,0.28034138679504395,10.871,True,None,sfc_cache_p5_34,0,None,44.0,47.63,363.0,52,42,6,5,0,False,83.43949044585987,8.651666666666667,4.666666666666667,7.857142857142857,0.1844,0.4823,0.1544,0.1099,2819.233869620191,2609.233869620191,210.0,0.8556384170642672,16,15,11
0,1772829371.9058135,720.8,170,0.2494,0.4939,0.0691,0.2495,39.2425,49.3902,24.9471,0.0,0.0,0.0,4.1,2.76,1.34,None,0.28034138679504395,11.963,True,None,sfc_unique_p5_34,0,None,44.0,47.63,363.0,52,42,6,5,0,False,83.47457627118644,8.651666666666667,4.666666666666667,7.857142857142857,0.1844,0.4823,0.1544,0.1099,2819.233869620191,2609.233869620191,210.0,0.8556384170642672,16,15,11
0,1772829371.9500804,720.8,171,0.2546,0.5157,0.0837,0.2495,40.7545,51.5749,24.9471,0.0,0.0,0.0,3.22,2.13,1.09,None,0.3271934986114502,9.949,True,None,sfc_cache_p6_34,0,None,48.0,51.96,396.0,56,44,6,5,0,False,83.50951374207189,8.576590909090909,4.651590909090909,7.5,0.1791,0.5328,0.151,0.1154,2858.6231553344765,2638.6231553344765,220.0,0.8462148398382333,19,14,11
0,1772829371.9510622,720.8,171,0.2546,0.5157,0.0837,0.2495,40.7545,51.5749,24.9471,0.0,0.0,0.0,5.44,3.7,1.74,None,0.3271934986114502,11.186,True,None,sfc_unique_p6_34,0,None,48.0,51.96,396.0,56,44,6,5,0,False,83.54430379746836,8.576590909090909,4.651590909090909,7.5,0.1791,0.5328,0.151,0.1154,2858.6231553344765,2638.6231553344765,220.0,0.8462148398382333,19,14,11
0,1772829394.6905189,743.5,171,0.2464,0.4838,0.0522,0.2245,38.7749,48.3822,22.4524,0.0,0.0,0.0,3.08,2.13,0.95,None,0.0002262592315673828,14.432,True,None,sfc_cache_p1_35,0,None,48.0,51.96,396.0,54,42,6,5,0,False,83.57894736842105,8.54857142857143,4.571428571428571,7.071428571428571,0.1521,0.4445,0.1116,0.1094,2807.772400557189,2597.772400557189,210.0,0.8410410260175951,17,14,11
0,1772829394.692324,743.5,171,0.2464,0.4838,0.0522,0.2245,38.7749,48.3822,22.4524,0.0,0.0,0.0,5.3,3.7,1.61,None,0.0002262592315673828,18.463,True,None,sfc_unique_p1_35,0,None,48.0,51.96,396.0,54,42,6,5,0,False,83.61344537815127,8.54857142857143,4.571428571428571,7.071428571428571,0.1521,0.4445,0.1116,0.1094,2807.772400557189,2597.772400557189,210.0,0.8410410260175951,17,14,11
0,1772829394.8731859,743.7,172,0.258,0.5031,0.0691,0.2495,41.2955,50.3125,24.9471,0.0,0.0,0.0,4.14,2.96,1.17,None,0.06470251083374023,9.653,True,None,sfc_cache_p2_35,0,None,48.0,51.96,396.0,56,44,6,5,0,False,83.64779874213836,8.690454545454545,4.537727272727273,7.5,0.1486,0.4536,0.1291,0.1155,2823.092400557189,2603.092400557189,220.0,0.8282312097011041,19,14,11
0,1772829394.8743215,743.7,172,0.258,0.5031,0.0691,0.2495,41.2955,50.3125,24.9471,0.0,0.0,0.0,4.32,2.5,1.82,None,0.06470251083374023,11.611,True,None,sfc_unique_p2_35,0,None,48.0,51.96,396.0,56,44,6,5,0,False,83.68200836820083,8.690454545454545,4.537727272727273,7.5,0.1486,0.4536,0.1291,0.1155,2823.092400557189,2603.092400557189,220.0,0.8282312097011041,19,14,11
0,1772829394.9390788,743.8,173,0.2665,0.5157,0.087,0.2495,43.2038,51.5724,24.9471,0.0,0.0,0.0,2.86,1.69,1.17,None,0.24604249000549316,17.521,True,None,sfc_cache_p3_35,0,None,52.0,56.29,429.0,60,46,6,5,0,False,83.7160751565762,8.696739130434782,4.449130434782608,7.173913043478261,0.1441,0.4534,0.1264,0.1195,2833.092400557189,2603.092400557189,230.0,0.8171461781030567,30,5,11
0,1772829394.9401774,743.8,173,0.2665,0.5157,0.087,0.2495,43.2038,51.5724,24.9471,0.0,0.0,0.0,4.32,2.5,1.82,None,0.24604249000549316,15.141,True,None,sfc_unique_p3_35,0,None,52.0,56.29,429.0,60,46,6,5,0,False,83.75,8.696739130434782,4.449130434782608,7.173913043478261,0.1441,0.4534,0.1264,0.1195,2833.092400557189,2603.092400557189,230.0,0.8171461781030567,30,5,11
0,1772829394.98304,743.8,174,0.2716,0.5577,0.1048,0.2744,44.7525,55.7706,27.4418,0.0,0.0,0.0,5.45,3.69,1.76,None,0.31182265281677246,8.816,True,None,sfc_cache_p4_35,0,None,52.0,56.29,429.0,60,48,6,5,0,False,83.78378378378379,8.633125,4.610833333333333,7.5625,0.1606,0.5367,0.1431,0.1284,2876.990758164874,2636.990758164874,240.0,0.8109403061980655,32,5,11
0,1772829394.9840794,743.8,174,0.2716,0.5577,0.1048,0.2744,44.7525,55.7706,27.4418,0.0,0.0,0.0,6.56,4.45,2.11,None,0.31182265281677246,10.122,True,None,sfc_unique_p4_35,0,None,52.0,56.29,429.0,60,48,6,5,0,False,83.81742738589212,8.633125,4.610833333333333,7.5625,0.1606,0.5367,0.1431,0.1284,2876.990758164874,2636.990758164874,240.0,0.8109403061980655,32,5,11
0,1772829395.0263445,743.9,175,0.2773,0.5905,0.1205,0.2744,46.2644,59.0465,27.4418,0.0,0.0,0.0,5.44,3.67,1.76,None,0.3556845188140869,8.426,True,None,sfc_cache_p5_35,0,None,56.0,56.29,462.0,63,50,6,5,0,False,83.85093167701864,8.5678,4.6864,7.26,0.1687,0.5967,0.1401,0.1373,2932.281895444081,2682.281895444081,250.0,0.8069592160752254,34,5,11
0,1772829395.0274663,743.9,175,0.2773,0.5905,0.1205,0.2744,46.2644,59.0465,27.4418,0.0,0.0,0.0,7.98,5.78,2.2,None,0.3556845188140869,9.937,True,None,sfc_unique_p5_35,0,None,56.0,56.29,462.0,63,50,6,5,0,False,83.88429752066115,8.5678,4.6864,7.26,0.1687,0.5967,0.1401,0.1373,2932.281895444081,2682.281895444081,250.0,0.8069592160752254,34,5,11
0,1772829395.0688448,743.9,176,0.2818,0.6123,0.1362,0.2744,47.7764,61.2312,27.4418,0.0,0.0,0.0,5.44,3.67,1.76,None,0.399078369140625,8.399,True,None,sfc_cache_p6_35,0,None,60.0,60.62,495.0,67,52,6,5,0,False,83.91752577319588,8.5075,4.672884615384616,6.980769230769231,0.1732,0.616,0.1373,0.1451,2970.5730327232877,2710.5730327232877,260.0,0.8006773878347067,36,5,11
0,1772829395.0699813,743.9,176,0.2818,0.6123,0.1362,0.2744,47.7764,61.2312,27.4418,0.0,0.0,0.0,7.98,5.78,2.2,None,0.399078369140625,9.567,True,None,sfc_unique_p6_35,0,None,60.0,60.62,495.0,67,52,6,5,0,False,83.9506172839506,8.5075,4.672884615384616,6.980769230769231,0.1732,0.616,0.1373,0.1451,2970.5730327232877,2710.5730327232877,260.0,0.8006773878347067,36,5,11
0,1772829415.775661,764.6,176,0.272,0.567,0.0145,0.2744,44.8238,56.6954,27.4418,0.0,0.0,0.0,1.75,1.11,0.64,None,0.0002791881561279297,26.822,True,None,sfc_cache_p1_36,0,None,52.0,51.96,429.0,58,48,6,6,0,False,83.9835728952772,8.646875,4.687291666666667,7.5625,0.1785,0.6095,0.1431,0.1616,2925.0920700240154,2685.0920700240154,240.0,0.7928726365547707,35,4,9
0,1772829415.7775855,764.6,176,0.272,0.567,0.0145,0.2744,44.8238,56.6954,27.4418,0.0,0.0,0.0,3.16,2.09,1.07,None,0.0002791881561279297,38.09,True,None,sfc_unique_p1_36,0,None,52.0,51.96,429.0,58,48,6,6,0,False,84.01639344262296,8.646875,4.687291666666667,7.5625,0.1785,0.6095,0.1431,0.1616,2925.0920700240154,2685.0920700240154,240.0,0.7928726365547707,35,4,9
0,1772829416.002082,764.9,177,0.2801,0.6005,0.0298,0.2994,46.732,60.0544,29.9365,0.0,0.0,0.0,2.37,1.63,0.74,None,0.1250607967376709,16.929,True,None,sfc_cache_p2_36,0,None,52.0,51.96,429.0,59,50,6,6,0,False,84.04907975460122,8.6544,4.7664,7.92,0.1765,0.6162,0.1467,0.1664,2952.2047460803533,2702.2047460803533,250.0,0.7950866570390369,37,3,10
0,1772829416.0041223,764.9,177,0.2801,0.6005,0.0298,0.2994,46.732,60.0544,29.9365,0.0,0.0,0.0,3.16,2.09,1.07,None,0.1250607967376709,18.584,True,None,sfc_unique_p2_36,0,None,52.0,51.96,429.0,59,50,6,6,0,False,84.08163265306122,8.6544,4.7664,7.92,0.1765,0.6162,0.1467,0.1664,2952.2047460803533,2702.2047460803533,250.0,0.7950866570390369,37,3,10
0,1772829416.0852277,764.9,178,0.288,0.6089,0.0475,0.2994,48.8207,60.8936,29.9365,0.0,0.0,0.0,2.37,1.63,0.74,None,0.34875941276550293,21.237,True,None,sfc_cache_p3_36,0,None,56.0,56.29,462.0,63,52,6,6,0,False,84.11405295315683,8.693461538461538,4.647115384615384,7.615384615384615,0.1732,0.6162,0.1437,0.1657,2971.6073153420775,2711.6073153420775,260.0,0.7957397495498544,39,12,1
0,1772829416.0875626,764.9,178,0.288,0.6089,0.0475,0.2994,48.8207,60.8936,29.9365,0.0,0.0,0.0,3.3,2.04,1.26,None,0.34875941276550293,19.554,True,None,sfc_unique_p3_36,0,None,56.0,56.29,462.0,63,52,6,6,0,False,84.14634146341463,8.693461538461538,4.647115384615384,7.615384615384615,0.1732,0.6162,0.1437,0.1657,2971.6073153420775,2711.6073153420775,260.0,0.7957397495498544,39,12,1
0,1772829416.164304,765.0,179,0.2937,0.6358,0.0647,0.2994,50.5843,63.5823,29.9365,0.0,0.0,0.0,2.46,1.63,0.82,None,0.4325423240661621,17.786,True,None,sfc_cache_p4_36,0,None,60.0,56.29,495.0,65,54,6,6,0,False,84.17849898580123,8.67388888888889,4.672592592592593,7.333333333333333,0.1718,0.6352,0.1409,0.1684,3003.02079622739,2733.02079622739,270.0,0.798967734362717,40,12,2
0,1772829416.1673806,765.0,179,0.2937,0.6358,0.0647,0.2994,50.5843,63.5823,29.9365,0.0,0.0,0.0,3.44,1.62,1.82,None,0.4325423240661621,18.036,True,None,sfc_unique_p4_36,0,None,60.0,56.29,495.0,65,54,6,6,0,False,84.21052631578947,8.67388888888889,4.672592592592593,7.333333333333333,0.1718,0.6352,0.1409,0.1684,3003.02079622739,2733.02079622739,270.0,0.798967734362717,40,12,2
0,1772829416.2446978,765.1,180,0.2955,0.6627,0.0819,0.2994,51.8802,66.271,29.9365,0.0,0.0,0.0,2.46,1.63,0.82,None,0.5125887393951416,16.79,True,None,sfc_cache_p5_36,0,None,68.33,56.29,528.0,69,56,6,6,0,False,84.24242424242424,8.578392857142857,4.69625,7.071428571428571,0.1684,0.6486,0.1382,0.1688,3044.01793289354,2764.01793289354,280.0,0.801560213465633,41,12,3
0,1772829416.2468336,765.1,180,0.2955,0.6627,0.0819,0.2994,51.8802,66.271,29.9365,0.0,0.0,0.0,3.94,2.12,1.82,None,0.5125887393951416,17.545,True,None,sfc_unique_p5_36,0,None,68.33,56.29,528.0,69,56,6,6,0,False,84.2741935483871,8.578392857142857,4.69625,7.071428571428571,0.1684,0.6486,0.1382,0.1688,3044.01793289354,2764.01793289354,280.0,0.801560213465633,41,12,3
0,1772829416.334744,765.2,181,0.2993,0.6955,0.0976,0.3243,53.3565,69.5469,32.4312,0.0,0.0,0.0,2.52,1.14,1.39,None,0.5916008949279785,17.349,True,None,sfc_cache_p6_36,0,None,72.66,56.29,528.0,72,58,6,6,0,False,84.30583501006036,8.518275862068965,4.758448275862069,7.396551724137931,0.1674,0.6596,0.1544,0.1747,3074.8986015206874,2784.8986015206874,290.0,0.8061677989261192,41,12,5
0,1772829416.3375936,765.2,181,0.2993,0.6955,0.0976,0.3243,53.3565,69.5469,32.4312,0.0,0.0,0.0,3.92,2.1,1.82,None,0.5916008949279785,23.742,True,None,sfc_unique_p6_36,0,None,72.66,56.29,528.0,72,58,6,6,0,False,84.33734939759037,8.518275862068965,4.758448275862069,7.396551724137931,0.1674,0.6596,0.1544,0.1747,3074.8986015206874,2784.8986015206874,290.0,0.8061677989261192,41,12,5
0,1772829436.756638,785.6,181,0.2823,0.5846,0.0134,0.2744,46.516,58.4593,27.4418,0.0,0.0,0.0,3.82,2.98,0.84,None,0.000186920166015625,19.132,True,None,sfc_cache_p1_37,0,None,64.66,47.63,462.0,63,50,6,5,0,False,84.3687374749499,8.6144,4.6398,7.26,0.2059,0.7312,0.1671,0.1514,3003.4053153763225,2753.4053153763225,250.0,0.8062541856331581,35,5,10
0,1772829436.758514,785.6,181,0.2823,0.5846,0.0134,0.2744,46.516,58.4593,27.4418,0.0,0.0,0.0,7.97,6.75,1.22,None,0.000186920166015625,21.291,True,None,sfc_unique_p1_37,0,None,64.66,47.63,462.0,63,50,6,5,0,False,84.39999999999999,8.6144,4.6398,7.26,0.2059,0.7312,0.1671,0.1514,3003.4053153763225,2753.4053153763225,250.0,0.8062541856331581,35,5,10
0,1772829436.951529,785.8,182,0.2865,0.6073,0.0267,0.2744,47.9924,60.7272,27.4418,0.0,0.0,0.0,3.82,2.98,0.84,None,0.08187103271484375,19.01,True,None,sfc_cache_p2_37,0,None,68.66,51.96,495.0,66,52,6,5,0,False,84.4311377245509,8.545961538461539,4.634423076923077,6.980769230769231,0.2246,0.8124,0.1638,0.1629,3045.63648984177,2785.63648984177,260.0,0.7989979094326807,37,5,10
0,1772829436.9534621,785.8,182,0.2865,0.6073,0.0267,0.2744,47.9924,60.7272,27.4418,0.0,0.0,0.0,8.78,7.51,1.27,None,0.08187103271484375,21.196,True,None,sfc_unique_p2_37,0,None,68.66,51.96,495.0,66,52,6,5,0,False,84.4621513944223,8.545961538461539,4.634423076923077,6.980769230769231,0.2246,0.8124,0.1638,0.1629,3045.63648984177,2785.63648984177,260.0,0.7989979094326807,37,5,10
0,1772829437.0347779,785.9,183,0.292,0.6291,0.0407,0.2744,49.5043,62.912,27.4418,0.0,0.0,0.0,3.82,2.98,0.84,None,0.2772550582885742,19.494,True,None,sfc_cache_p3_37,0,None,72.66,56.29,528.0,70,54,6,5,0,False,84.49304174950298,8.488703703703704,4.623333333333333,6.722222222222222,0.2275,0.8396,0.1606,0.1727,3077.2500230349224,2807.2500230349224,270.0,0.7951253574312276,39,5,10
0,1772829437.0371332,785.9,183,0.292,0.6291,0.0407,0.2744,49.5043,62.912,27.4418,0.0,0.0,0.0,5.97,4.7,1.27,None,0.2772550582885742,20.326,True,None,sfc_unique_p3_37,0,None,72.66,56.29,528.0,70,54,6,5,0,False,84.52380952380952,8.488703703703704,4.623333333333333,6.722222222222222,0.2275,0.8396,0.1606,0.1727,3077.2500230349224,2807.2500230349224,270.0,0.7951253574312276,39,5,10
0,1772829437.117992,786.0,184,0.2951,0.651,0.0547,0.2744,51.0162,65.0968,27.4418,0.0,0.0,0.0,3.82,2.98,0.84,None,0.36060404777526855,19.058,True,None,sfc_cache_p4_37,0,None,76.66,60.62,561.0,74,56,6,5,0,False,84.55445544554455,8.435535714285715,4.613035714285714,6.482142857142857,0.2274,0.8598,0.1575,0.1791,3111.8796168836816,2831.8796168836816,280.0,0.7893931871392325,41,5,10
0,1772829437.1203961,786.0,184,0.2951,0.651,0.0547,0.2744,51.0162,65.0968,27.4418,0.0,0.0,0.0,5.97,4.7,1.27,None,0.36060404777526855,20.61,True,None,sfc_unique_p4_37,0,None,76.66,60.62,561.0,74,56,6,5,0,False,84.58498023715416,8.435535714285715,4.613035714285714,6.482142857142857,0.2274,0.8598,0.1575,0.1791,3111.8796168836816,2831.8796168836816,280.0,0.7893931871392325,41,5,10
0,1772829437.2012258,786.1,185,0.3003,0.6728,0.0687,0.2744,52.5282,67.2815,27.4418,0.0,0.0,0.0,3.82,2.98,0.84,None,0.44414258003234863,19.28,True,None,sfc_cache_p5_37,0,None,80.66,64.95,594.0,78,58,6,5,0,False,84.61538461538461,8.386034482758621,4.603448275862069,6.258620689655173,0.2245,0.8729,0.1545,0.1821,3148.2381527140483,2858.2381527140483,290.0,0.7820699372869924,43,5,10
0,1772829437.2036204,786.1,185,0.3003,0.6728,0.0687,0.2744,52.5282,67.2815,27.4418,0.0,0.0,0.0,5.97,4.7,1.27,None,0.44414258003234863,20.138,True,None,sfc_unique_p5_37,0,None,80.66,64.95,594.0,78,58,6,5,0,False,84.64566929133859,8.386034482758621,4.603448275862069,6.258620689655173,0.2245,0.8729,0.1545,0.1821,3148.2381527140483,2858.2381527140483,290.0,0.7820699372869924,43,5,10
0,1772829437.277397,786.1,186,0.3042,0.6947,0.0828,0.2744,54.0401,69.4663,27.4418,0.0,0.0,0.0,3.82,2.98,0.84,None,0.5271875858306885,19.235,True,None,sfc_cache_p6_37,0,None,84.66,69.28,627.0,82,60,6,5,0,False,84.67583497053045,8.339833333333333,4.5945,6.05,0.2194,0.8791,0.1517,0.1824,3179.501888977785,2879.501888977785,300.0,0.7733874566823526,45,5,10
0,1772829437.2790246,786.1,186,0.3042,0.6947,0.0828,0.2744,54.0401,69.4663,27.4418,0.0,0.0,0.0,5.97,4.7,1.27,None,0.5271875858306885,16.122,True,None,sfc_unique_p6_37,0,None,84.66,69.28,627.0,82,60,6,5,0,False,84.70588235294117,8.339833333333333,4.5945,6.05,0.2194,0.8791,0.1517,0.1824,3179.501888977785,2879.501888977785,300.0,0.7733874566823526,45,5,10
0,1772829457.8102782,806.7,186,0.3095,0.7316,0.098,0.2994,55.8037,73.163,29.9365,0.0,0.0,0.0,3.16,2.05,1.11,None,0.0003139972686767578,19.19,True,None,sfc_cache_p1_38,0,None,84.66,69.28,627.0,83,62,6,6,0,False,84.73581213307241,8.334193548387097,4.682903225806451,6.387096774193548,0.2116,0.8802,0.143,0.1878,3196.841888977785,2886.841888977785,310.0,0.7636881973512714,47,5,10
0,1772829457.8125608,806.7,186,0.3095,0.7316,0.098,0.2994,55.8037,73.163,29.9365,0.0,0.0,0.0,6.23,4.67,1.56,None,0.0003139972686767578,19.939,True,None,sfc_unique_p1_38,0,None,84.66,69.28,627.0,83,62,6,6,0,False,84.765625,8.334193548387097,4.682903225806451,6.387096774193548,0.2116,0.8802,0.143,0.1878,3196.841888977785,2886.841888977785,310.0,0.7636881973512714,47,5,10
0,1772829458.0205035,806.9,187,0.3142,0.7652,0.1153,0.3243,57.712,76.522,32.4312,0.0,0.0,0.0,3.97,2.58,1.4,None,0.09337282180786133,16.911,True,None,sfc_cache_p2_38,0,None,84.66,69.28,627.0,84,64,6,6,0,False,84.7953216374269,8.34984375,4.74484375,6.703125,0.2086,0.8865,0.1461,0.1932,3229.6344133548164,2909.6344133548164,320.0,0.7646607405485513,53,0,11
0,1772829458.0228572,806.9,187,0.3142,0.7652,0.1153,0.3243,57.712,76.522,32.4312,0.0,0.0,0.0,3.82,2.09,1.73,None,0.09337282180786133,18.48,True,None,sfc_unique_p2_38,0,None,84.66,69.28,627.0,84,64,6,6,0,False,84.8249027237354,8.34984375,4.74484375,6.703125,0.2086,0.8865,0.1461,0.1932,3229.6344133548164,2909.6344133548164,320.0,0.7646607405485513,53,0,11
0,1772829458.1012993,807.0,188,0.3164,0.7879,0.1323,0.3243,59.1883,78.7899,32.4312,0.0,0.0,0.0,3.03,1.63,1.4,None,0.30365967750549316,16.499,True,None,sfc_cache_p3_38,0,None,88.66,73.61,660.0,88,66,6,6,0,False,84.85436893203884,8.303939393939393,4.737424242424242,6.5,0.2048,0.8836,0.1436,0.196,3248.6922217436104,2918.6922217436104,330.0,0.7672633406379616,54,0,12
0,1772829458.1037655,807.0,188,0.3164,0.7879,0.1323,0.3243,59.1883,78.7899,32.4312,0.0,0.0,0.0,3.82,2.09,1.73,None,0.30365967750549316,17.998,True,None,sfc_unique_p3_38,0,None,88.66,73.61,660.0,88,66,6,6,0,False,84.88372093023256,8.303939393939393,4.737424242424242,6.5,0.2048,0.8836,0.1436,0.196,3248.6922217436104,2918.6922217436104,330.0,0.7672633406379616,54,0,12
0,1772829458.180721,807.0,189,0.3241,0.8072,0.1497,0.3243,61.2769,80.7202,32.4312,0.0,0.0,0.0,3.03,1.63,1.4,None,0.3846712112426758,15.748,True,None,sfc_cache_p4_38,0,None,92.66,73.61,693.0,91,68,6,6,0,False,84.91295938104449,8.344117647058823,4.710735294117647,6.3088235294117645,0.2004,0.8821,0.1411,0.1946,3268.0947910053346,2928.0947910053346,340.0,0.7677749491293382,56,8,4
0,1772829458.1832306,807.0,189,0.3241,0.8072,0.1497,0.3243,61.2769,80.7202,32.4312,0.0,0.0,0.0,3.86,2.04,1.83,None,0.3846712112426758,16.181,True,None,sfc_unique_p4_38,0,None,92.66,73.61,693.0,91,68,6,6,0,False,84.94208494208493,8.344117647058823,4.710735294117647,6.3088235294117645,0.2004,0.8821,0.1411,0.1946,3268.0947910053346,2928.0947910053346,340.0,0.7677749491293382,56,8,4
0,1772829458.2599914,807.1,190,0.3345,0.8181,0.1637,0.3493,64.1572,81.8113,34.9259,0.0,0.0,0.0,5.36,3.67,1.69,None,0.4640820026397705,15.308,True,None,sfc_cache_p5_38,0,None,92.66,73.61,693.0,92,70,6,6,0,False,84.97109826589595,8.486714285714287,4.638000000000001,6.6,0.2091,0.8846,0.1373,0.2039,3298.674276595666,2948.674276595666,350.0,0.7579554229429836,58,8,4
0,1772829458.2624705,807.1,190,0.3345,0.8181,0.1637,0.3493,64.1572,81.8113,34.9259,0.0,0.0,0.0,11.87,9.58,2.29,None,0.4640820026397705,15.138,True,None,sfc_unique_p5_38,0,None,92.66,73.61,693.0,92,70,6,6,0,False,85.0,8.486714285714287,4.638000000000001,6.6,0.2091,0.8846,0.1373,0.2039,3298.674276595666,2948.674276595666,350.0,0.7579554229429836,58,8,4
0,1772829458.3370028,807.2,191,0.3436,0.8391,0.1809,0.3742,66.6055,83.9104,37.4206,0.0,0.0,0.0,2.76,0.67,2.1,None,0.5431931018829346,14.196,True,None,sfc_cache_p6_38,0,None,92.66,73.61,693.0,93,72,6,6,0,False,85.02879078694818,8.565833333333334,4.6248611111111115,6.875,0.21,0.8915,0.1513,0.2093,3331.7928586033136,2971.7928586033136,360.0,0.75046788696429,60,8,4
0,1772829458.3395193,807.2,191,0.3436,0.8391,0.1809,0.3742,66.6055,83.9104,37.4206,0.0,0.0,0.0,11.87,9.58,2.29,None,0.5431931018829346,14.522,True,None,sfc_unique_p6_38,0,None,92.66,73.61,693.0,93,72,6,6,0,False,85.0574712643678,8.565833333333334,4.6248611111111115,6.875,0.21,0.8915,0.1513,0.2093,3331.7928586033136,2971.7928586033136,360.0,0.75046788696429,60,8,4
0,1772829480.8093815,829.7,191,0.3498,0.8727,0.1959,0.3992,68.5138,87.2694,39.9153,0.0,0.0,0.0,2.61,1.67,0.94,None,0.000400543212890625,11.137,True,None,sfc_cache_p1_39,0,None,92.66,73.61,693.0,94,74,6,7,0,False,85.08604206500956,8.573108108108107,4.68,7.135135135135135,0.2156,0.9702,0.1543,0.2164,3376.575876752254,3006.575876752254,370.0,0.7478229275188386,62,8,4
0,1772829480.811955,829.7,191,0.3498,0.8727,0.1959,0.3992,68.5138,87.2694,39.9153,0.0,0.0,0.0,6.5,4.64,1.86,None,0.000400543212890625,13.421,True,None,sfc_unique_p1_39,0,None,92.66,73.61,693.0,94,74,6,7,0,False,85.1145038167939,8.573108108108107,4.68,7.135135135135135,0.2156,0.9702,0.1543,0.2164,3376.575876752254,3006.575876752254,370.0,0.7478229275188386,62,8,4
0,1772829481.0068526,829.9,192,0.3574,0.8727,0.2091,0.3992,70.962,87.2694,39.9153,0.0,0.0,0.0,2.61,1.67,0.94,None,0.06191301345825195,12.898,True,None,sfc_cache_p2_39,0,None,96.66,77.94,726.0,97,76,6,7,0,False,85.14285714285714,8.64578947368421,4.556842105263158,6.947368421052632,0.218,0.9702,0.1518,0.2236,3404.2840857929154,3024.2840857929154,380.0,0.7462748319220999,64,8,4
0,1772829481.0094523,829.9,192,0.3574,0.8727,0.2091,0.3992,70.962,87.2694,39.9153,0.0,0.0,0.0,6.98,5.1,1.88,None,0.06191301345825195,12.004,True,None,sfc_unique_p2_39,0,None,96.66,77.94,726.0,97,76,6,7,0,False,85.17110266159695,8.64578947368421,4.556842105263158,6.947368421052632,0.218,0.9702,0.1518,0.2236,3404.2840857929154,3024.2840857929154,380.0,0.7462748319220999,64,8,4
0,1772829481.079202,829.9,193,0.3612,0.8954,0.2227,0.3992,72.4383,89.5373,39.9153,0.0,0.0,0.0,2.61,1.67,0.94,None,0.25936388969421387,13.587,True,None,sfc_cache_p3_39,0,None,100.66,82.27,759.0,100,78,6,7,0,False,85.19924098671727,8.599358974358974,4.555384615384615,6.769230769230769,0.217,0.9758,0.1494,0.2299,3427.6403773886436,3037.6403773886436,390.0,0.7491426289793423,65,8,5
0,1772829481.0818868,829.9,193,0.3612,0.8954,0.2227,0.3992,72.4383,89.5373,39.9153,0.0,0.0,0.0,3.94,2.03,1.91,None,0.25936388969421387,11.825,True,None,sfc_unique_p3_39,0,None,100.66,82.27,759.0,100,78,6,7,0,False,85.22727272727273,8.599358974358974,4.555384615384615,6.769230769230769,0.217,0.9758,0.1494,0.2299,3427.6403773886436,3037.6403773886436,390.0,0.7491426289793423,65,8,5
0,1772829481.1526418,830.0,194,0.3648,0.9181,0.2364,0.3992,73.9146,91.8053,39.9153,0.0,0.0,0.0,2.61,1.67,0.94,None,0.33193540573120117,13.365,True,None,sfc_cache_p4_39,0,None,104.66,86.6,792.0,104,80,6,7,0,False,85.25519848771268,8.55525,4.554,6.6,0.2156,0.9761,0.147,0.2344,3448.646800542954,3048.646800542954,400.0,0.7516930560240926,66,8,6
0,1772829481.1553361,830.0,194,0.3648,0.9181,0.2364,0.3992,73.9146,91.8053,39.9153,0.0,0.0,0.0,3.94,2.03,1.91,None,0.33193540573120117,11.963,True,None,sfc_unique_p4_39,0,None,104.66,86.6,792.0,104,80,6,7,0,False,85.28301886792453,8.55525,4.554,6.6,0.2156,0.9761,0.147,0.2344,3448.646800542954,3048.646800542954,400.0,0.7516930560240926,66,8,6
0,1772829481.2249892,830.1,195,0.3702,0.9264,0.2506,0.3992,76.0033,92.6444,39.9153,0.0,0.0,0.0,2.61,1.67,0.94,None,0.4053993225097656,13.152,True,None,sfc_cache_p5_39,0,None,108.66,90.93,825.0,108,82,6,7,0,False,85.31073446327684,8.582439024390244,4.4835365853658535,6.439024390243903,0.2146,0.9763,0.1448,0.2358,3478.851877156482,3068.851877156482,410.0,0.7517703716286325,68,8,6
0,1772829481.2277668,830.1,195,0.3702,0.9264,0.2506,0.3992,76.0033,92.6444,39.9153,0.0,0.0,0.0,4.04,2.08,1.96,None,0.4053993225097656,10.965,True,None,sfc_unique_p5_39,0,None,108.66,90.93,825.0,108,82,6,7,0,False,85.33834586466166,8.582439024390244,4.4835365853658535,6.439024390243903,0.2146,0.9763,0.1448,0.2358,3478.851877156482,3068.851877156482,410.0,0.7517703716286325,68,8,6
0,1772829481.2980478,830.1,196,0.3767,0.9348,0.2649,0.3992,78.0919,93.4835,39.9153,0.0,0.0,0.0,2.61,1.67,0.94,None,0.4776144027709961,13.108,True,None,sfc_cache_p6_39,0,None,112.66,95.26,858.0,112,84,6,7,0,False,85.36585365853658,8.608333333333334,4.416428571428572,6.285714285714286,0.2131,0.9758,0.1426,0.2354,3509.056953770009,3089.056953770009,420.0,0.7517022175345827,70,8,6
0,1772829481.300864,830.2,196,0.3767,0.9348,0.2649,0.3992,78.0919,93.4835,39.9153,0.0,0.0,0.0,4.04,2.08,1.96,None,0.4776144027709961,10.822,True,None,sfc_unique_p6_39,0,None,112.66,95.26,858.0,112,84,6,7,0,False,85.39325842696628,8.608333333333334,4.416428571428572,6.285714285714286,0.2131,0.9758,0.1426,0.2354,3509.056953770009,3089.056953770009,420.0,0.7517022175345827,70,8,6
0,1772829504.9214919,853.8,196,0.3163,0.7399,0.0134,0.3243,56.8145,73.9946,32.4312,0.0,0.0,0.0,4.16,3.31,0.85,None,0.00019025802612304688,11.067,True,None,sfc_cache_p1_40,0,None,80.66,60.62000000000002,594.0,77,62,6,6,0,False,85.42056074766356,8.485161290322582,4.736129032258065,6.919354838709677,0.2494,0.9019,0.1463,0.1717,3246.868033324258,2936.868033324258,310.0,0.7705913817280619,41,10,11
0,1772829504.9226966,853.8,196,0.3163,0.7399,0.0134,0.3243,56.8145,73.9946,32.4312,0.0,0.0,0.0,4.8,3.54,1.27,None,0.00019025802612304688,10.246,True,None,sfc_unique_p1_40,0,None,80.66,60.62000000000002,594.0,77,62,6,6,0,False,85.44776119402985,8.485161290322582,4.736129032258065,6.919354838709677,0.2494,0.9019,0.1463,0.1717,3246.868033324258,2936.868033324258,310.0,0.7705913817280619,41,10,11
0,1772829504.97089,853.8,197,0.3234,0.7727,0.0277,0.3493,58.7585,77.2704,34.9259,0.0,0.0,0.0,1.96,1.11,0.85,None,0.12512969970703125,10.719,True,None,sfc_cache_p2_40,0,None,80.66,60.62,594.0,78,64,6,6,0,False,85.47486033519553,8.50125,4.79125,7.21875,0.2485,0.9353,0.1614,0.1842,3298.4610529806573,2978.4610529806573,320.0,0.7690946067086369,43,9,12
0,1772829504.9720964,853.8,197,0.3234,0.7727,0.0277,0.3493,58.7585,77.2704,34.9259,0.0,0.0,0.0,4.8,3.54,1.27,None,0.12512969970703125,10.262,True,None,sfc_unique_p2_40,0,None,80.66,60.62,594.0,78,64,6,6,0,False,85.50185873605948,8.50125,4.79125,7.21875,0.2485,0.9353,0.1614,0.1842,3298.4610529806573,2978.4610529806573,320.0,0.7690946067086369,43,9,12
0,1772829505.020458,853.9,198,0.3278,0.8063,0.0411,0.3742,60.6668,80.6295,37.4206,0.0,0.0,0.0,2.26,1.41,0.85,None,0.17450428009033203,10.574,True,None,sfc_cache_p3_40,0,None,80.66,60.62,594.0,80,66,6,6,0,False,85.52875695732838,8.511363636363637,4.848030303030304,7.5,0.246,0.9459,0.1642,0.1947,3330.50852550813,3000.50852550813,330.0,0.7668683286548955,45,8,13
0,1772829505.0216787,853.9,198,0.3278,0.8063,0.0411,0.3742,60.6668,80.6295,37.4206,0.0,0.0,0.0,4.8,3.54,1.27,None,0.17450428009033203,10.275,True,None,sfc_unique_p3_40,0,None,80.66,60.62,594.0,80,66,6,6,0,False,85.55555555555556,8.511363636363637,4.848030303030304,7.5,0.246,0.9459,0.1642,0.1947,3330.50852550813,3000.50852550813,330.0,0.7668683286548955,45,8,13
0,1772829505.0699048,853.9,199,0.33,0.8281,0.0551,0.3742,62.1787,82.8142,37.4206,0.0,0.0,0.0,2.26,1.41,0.85,None,0.22404026985168457,10.154,True,None,sfc_cache_p4_40,0,None,84.66,64.95,627.0,84,68,6,6,0,False,85.58225508317929,8.466911764705882,4.832941176470588,7.279411764705882,0.2454,0.9466,0.1614,0.2039,3353.4653673282814,3013.4653673282814,340.0,0.7657818176496773,46,8,14
0,1772829505.071142,853.9,199,0.33,0.8281,0.0551,0.3742,62.1787,82.8142,37.4206,0.0,0.0,0.0,5.95,4.67,1.28,None,0.22404026985168457,9.795,True,None,sfc_unique_p4_40,0,None,84.66,64.95,627.0,84,68,6,6,0,False,85.60885608856088,8.466911764705882,4.832941176470588,7.279411764705882,0.2454,0.9466,0.1614,0.2039,3353.4653673282814,3013.4653673282814,340.0,0.7657818176496773,46,8,14
0,1772829505.1175518,854.0,200,0.337,0.8281,0.0672,0.3742,64.627,82.8142,37.4206,0.0,0.0,0.0,2.26,1.41,0.85,None,0.27351951599121094,9.801,True,None,sfc_cache_p5_40,0,None,88.66,69.28,660.0,88,70,6,6,0,False,85.6353591160221,8.548857142857143,4.694857142857143,7.071428571428571,0.2436,0.9466,0.1587,0.2121,3378.983352160351,3028.983352160351,350.0,0.764308222294736,47,8,15
0,1772829505.1188297,854.0,200,0.337,0.8281,0.0672,0.3742,64.627,82.8142,37.4206,0.0,0.0,0.0,6.61,5.33,1.28,None,0.27351951599121094,9.118,True,None,sfc_unique_p5_40,0,None,88.66,69.28,660.0,88,70,6,6,0,False,85.66176470588235,8.548857142857143,4.694857142857143,7.071428571428571,0.2436,0.9466,0.1587,0.2121,3378.983352160351,3028.983352160351,350.0,0.764308222294736,47,8,15
0,1772829505.1663342,854.0,201,0.3437,0.8281,0.0792,0.3742,67.0753,82.8142,37.4206,0.0,0.0,0.0,2.26,1.41,0.85,None,0.3211688995361328,9.627,True,None,sfc_cache_p6_40,0,None,92.66,73.61,693.0,92,72,6,6,0,False,85.68807339449542,8.62625,4.564444444444444,6.875,0.2397,0.9466,0.156,0.218,3396.1290664460653,3036.1290664460653,360.0,0.7624385913869506,48,8,16
0,1772829505.1676166,854.0,201,0.3437,0.8281,0.0792,0.3742,67.0753,82.8142,37.4206,0.0,0.0,0.0,6.61,5.33,1.28,None,0.3211688995361328,9.041,True,None,sfc_unique_p6_40,0,None,92.66,73.61,693.0,92,72,6,6,0,False,85.71428571428571,8.62625,4.564444444444444,6.875,0.2397,0.9466,0.156,0.218,3396.1290664460653,3036.1290664460653,360.0,0.7624385913869506,48,8,16
0,1772829533.991924,882.8,201,0.3185,0.6997,0.0132,0.3243,58.0738,69.9652,32.4312,0.0,0.0,0.0,2.28,1.41,0.87,None,0.00024080276489257812,19.372,True,None,sfc_cache_p1_41,0,None,80.66,64.95,594.0,80,62,6,6,0,False,85.74040219378428,8.673225806451613,4.478225806451612,6.919354838709677,0.2325,0.7556,0.1559,0.1571,3207.573701679458,2897.573701679458,310.0,0.7945914087958994,36,8,18
0,1772829533.9931762,882.8,201,0.3185,0.6997,0.0132,0.3243,58.0738,69.9652,32.4312,0.0,0.0,0.0,3.36,2.05,1.31,None,0.00024080276489257812,12.956,True,None,sfc_unique_p1_41,0,None,80.66,64.95,594.0,80,62,6,6,0,False,85.76642335766424,8.673225806451613,4.478225806451612,6.919354838709677,0.2325,0.7556,0.1559,0.1571,3207.573701679458,2897.573701679458,310.0,0.7945914087958994,36,8,18
0,1772829534.0633037,882.9,202,0.3208,0.7215,0.0263,0.3243,59.5857,72.15,32.4312,0.0,0.0,0.0,2.28,1.41,0.87,None,0.15457987785339355,15.485,True,None,sfc_cache_p2_41,0,None,84.66,69.28,627.0,84,64,6,6,0,False,85.79234972677595,8.6209375,4.47375,6.703125,0.2271,0.7641,0.1531,0.1606,3236.9046875949507,2916.9046875949507,320.0,0.7975059945513601,36,8,20
0,1772829534.0656836,882.9,202,0.3208,0.7215,0.0263,0.3243,59.5857,72.15,32.4312,0.0,0.0,0.0,3.36,2.05,1.31,None,0.15457987785339355,18.4,True,None,sfc_unique_p2_41,0,None,84.66,69.28,627.0,84,64,6,6,0,False,85.81818181818181,8.6209375,4.47375,6.703125,0.2271,0.7641,0.1531,0.1606,3236.9046875949507,2916.9046875949507,320.0,0.7975059945513601,36,8,20
0,1772829534.145836,883.0,203,0.3254,0.7433,0.0395,0.3243,61.0977,74.3347,32.4312,0.0,0.0,0.0,2.28,1.41,0.87,None,0.22802352905273438,17.936,True,None,sfc_cache_p3_41,0,None,88.66,73.61,660.0,88,66,6,6,0,False,85.84392014519057,8.571818181818182,4.469545454545455,6.5,0.2216,0.7667,0.1504,0.1618,3246.9046875949507,2916.9046875949507,330.0,0.7999650267154382,36,24,6
0,1772829534.148084,883.0,203,0.3254,0.7433,0.0395,0.3243,61.0977,74.3347,32.4312,0.0,0.0,0.0,3.36,2.05,1.31,None,0.22802352905273438,17.756,True,None,sfc_unique_p3_41,0,None,88.66,73.61,660.0,88,66,6,6,0,False,85.86956521739131,8.571818181818182,4.469545454545455,6.5,0.2216,0.7667,0.1504,0.1618,3246.9046875949507,2916.9046875949507,330.0,0.7999650267154382,36,24,6
0,1772829534.2303305,883.1,204,0.3276,0.7652,0.0527,0.3243,62.6096,76.5195,32.4312,0.0,0.0,0.0,2.28,1.41,0.87,None,0.3111598491668701,18.536,True,None,sfc_cache_p4_41,0,None,92.66,77.94,693.0,92,68,6,6,0,False,85.89511754068717,8.525588235294117,4.465588235294118,6.3088235294117645,0.2159,0.7642,0.1478,0.161,3256.9046875949507,2916.9046875949507,340.0,0.8020100750351644,44,18,6
0,1772829534.233022,883.1,204,0.3276,0.7652,0.0527,0.3243,62.6096,76.5195,32.4312,0.0,0.0,0.0,3.36,2.05,1.31,None,0.3111598491668701,17.958,True,None,sfc_unique_p4_41,0,None,92.66,77.94,693.0,92,68,6,6,0,False,85.92057761732852,8.525588235294117,4.465588235294118,6.3088235294117645,0.2159,0.7642,0.1478,0.161,3256.9046875949507,2916.9046875949507,340.0,0.8020100750351644,44,18,6
0,1772829534.3154109,883.2,205,0.3369,0.7652,0.065,0.3243,65.5255,76.5195,32.4312,0.0,0.0,0.0,3.77,2.69,1.08,None,0.39568090438842773,17.824,True,None,sfc_cache_p5_41,0,None,96.66,77.94,726.0,94,70,6,6,0,False,85.94594594594595,8.667714285714286,4.338,6.128571428571429,0.2103,0.7642,0.1453,0.1678,3269.190401880665,2919.190401880665,350.0,0.7969659469120365,46,18,6
0,1772829534.318181,883.2,205,0.3369,0.7652,0.065,0.3243,65.5255,76.5195,32.4312,0.0,0.0,0.0,6.71,5.33,1.39,None,0.39568090438842773,17.187,True,None,sfc_unique_p5_41,0,None,96.66,77.94,726.0,94,70,6,6,0,False,85.97122302158273,8.667714285714286,4.338,6.128571428571429,0.2103,0.7642,0.1453,0.1678,3269.190401880665,2919.190401880665,350.0,0.7969659469120365,46,18,6
0,1772829534.5313454,883.4,206,0.3459,0.7652,0.0787,0.3243,68.4414,76.5195,32.4312,0.0,0.0,0.0,4.18,3.08,1.1,None,0.48102807998657227,147.561,True,None,sfc_cache_p6_41,0,None,100.66,77.94,759.0,97,72,6,6,0,False,85.99640933572711,8.801944444444445,4.2175,5.958333333333333,0.2044,0.7642,0.1429,0.1726,3279.190401880665,2919.190401880665,360.0,0.793675651488371,48,20,4
0,1772829534.5342171,883.4,206,0.3459,0.7652,0.0787,0.3243,68.4414,76.5195,32.4312,0.0,0.0,0.0,5.3,3.92,1.39,None,0.48102807998657227,16.318,True,None,sfc_unique_p6_41,0,None,100.66,77.94,759.0,97,72,6,6,0,False,86.02150537634408,8.801944444444445,4.2175,5.958333333333333,0.2044,0.7642,0.1429,0.1726,3279.190401880665,2919.190401880665,360.0,0.793675651488371,48,20,4
0,1772829553.945864,902.8,206,0.3249,0.6367,0.0137,0.2744,59.9086,63.668,27.4418,0.0,0.0,0.0,1.98,1.11,0.87,None,0.00018930435180664062,19.12,True,None,sfc_cache_p1_42,0,None,80.0,73.61,660.0,83,62,6,6,0,False,86.04651162790698,8.947258064516129,4.075161290322581,5.854838709677419,0.2249,0.746,0.132,0.1415,3164.5320672575417,2854.5320672575417,310.0,0.7847916612097215,43,0,19
0,1772829553.9470398,902.8,206,0.3249,0.6367,0.0137,0.2744,59.9086,63.668,27.4418,0.0,0.0,0.0,3.39,2.09,1.3,None,0.00018930435180664062,10.423,True,None,sfc_unique_p1_42,0,None,80.0,73.61,660.0,83,62,6,6,0,False,86.07142857142858,8.947258064516129,4.075161290322581,5.854838709677419,0.2249,0.746,0.132,0.1415,3164.5320672575417,2854.5320672575417,310.0,0.7847916612097215,43,0,19
0,1772829553.9988706,902.8,207,0.3316,0.6703,0.0281,0.2994,61.8169,67.027,29.9365,0.0,0.0,0.0,2.6,1.63,0.97,None,0.06205391883850098,11.371,True,None,sfc_cache_p2_42,0,None,80.0,73.61,660.0,84,64,6,6,0,False,86.09625668449198,8.94375,4.15609375,6.1875,0.2206,0.7478,0.1353,0.1528,3185.5086962623395,2865.5086962623395,320.0,0.7861029140254647,44,18,2
0,1772829554.000195,902.9,207,0.3316,0.6703,0.0281,0.2994,61.8169,67.027,29.9365,0.0,0.0,0.0,3.39,2.09,1.3,None,0.06205391883850098,11.334,True,None,sfc_unique_p2_42,0,None,80.0,73.61,660.0,84,64,6,6,0,False,86.12099644128114,8.94375,4.15609375,6.1875,0.2206,0.7478,0.1353,0.1528,3185.5086962623395,2865.5086962623395,320.0,0.7861029140254647,44,18,2
0,1772829554.0507474,902.9,208,0.3392,0.6787,0.045,0.2994,63.9056,67.8661,29.9365,0.0,0.0,0.0,2.6,1.63,0.97,None,0.11524128913879395,11.225,True,None,sfc_cache_p3_42,0,None,84.0,77.94,693.0,88,66,6,6,0,False,86.14564831261102,8.965757575757577,4.08060606060606,6.0,0.2157,0.7462,0.1329,0.1632,3195.5086962623395,2865.5086962623395,330.0,0.7865298933253169,46,18,2
0,1772829554.0520806,902.9,208,0.3392,0.6787,0.045,0.2994,63.9056,67.8661,29.9365,0.0,0.0,0.0,3.53,2.04,1.49,None,0.11524128913879395,10.725,True,None,sfc_unique_p3_42,0,None,84.0,77.94,693.0,88,66,6,6,0,False,86.17021276595744,8.965757575757577,4.08060606060606,6.0,0.2157,0.7462,0.1329,0.1632,3195.5086962623395,2865.5086962623395,330.0,0.7865298933253169,46,18,2
0,1772829554.103934,903.0,209,0.3487,0.6829,0.0625,0.2994,66.6411,68.287,29.9365,0.0,0.0,0.0,2.69,1.63,1.05,None,0.16716337203979492,11.326,True,None,sfc_cache_p4_42,0,None,88.0,77.94,726.0,90,68,6,6,0,False,86.19469026548673,9.074558823529413,3.9851470588235296,5.823529411764706,0.2096,0.7451,0.1306,0.1689,3205.5086962623395,2865.5086962623395,340.0,0.7861686931133015,48,18,2
0,1772829554.1052327,903.0,209,0.3487,0.6829,0.0625,0.2994,66.6411,68.287,29.9365,0.0,0.0,0.0,5.55,3.98,1.57,None,0.16716337203979492,10.022,True,None,sfc_unique_p4_42,0,None,88.0,77.94,726.0,90,68,6,6,0,False,86.21908127208481,9.074558823529413,3.9851470588235296,5.823529411764706,0.2096,0.7451,0.1306,0.1689,3205.5086962623395,2865.5086962623395,340.0,0.7861686931133015,48,18,2
0,1772829554.15607,903.0,210,0.3551,0.7156,0.0814,0.3243,68.585,71.5628,32.4312,0.0,0.0,0.0,4.27,2.96,1.31,None,0.22022366523742676,10.798,True,None,sfc_cache_p5_42,0,None,88.0,77.94,726.0,91,70,6,6,0,False,86.24338624338624,9.072428571428572,4.057,6.128571428571429,0.2134,0.8045,0.1444,0.1793,3259.602267690911,2909.602267690911,350.0,0.7850376599524213,50,18,2
0,1772829554.15754,903.0,210,0.3551,0.7156,0.0814,0.3243,68.585,71.5628,32.4312,0.0,0.0,0.0,4.75,2.92,1.82,None,0.22022366523742676,10.253,True,None,sfc_unique_p5_42,0,None,88.0,77.94,726.0,91,70,6,6,0,False,86.26760563380282,9.072428571428572,4.057,6.128571428571429,0.2134,0.8045,0.1444,0.1793,3259.602267690911,2909.602267690911,350.0,0.7850376599524213,50,18,2
0,1772829554.2837253,903.1,211,0.3567,0.7375,0.1007,0.3243,70.097,73.7476,32.4312,0.0,0.0,0.0,3.33,2.02,1.31,None,0.27266740798950195,10.864,True,None,sfc_cache_p6_42,0,None,92.0,82.27,759.0,95,72,6,6,0,False,86.29173989455184,9.014861111111111,4.064722222222223,5.958333333333333,0.2132,0.8172,0.142,0.1862,3289.905124833768,2929.905124833768,360.0,0.7839688293253078,52,18,2
0,1772829554.2851489,903.1,211,0.3567,0.7375,0.1007,0.3243,70.097,73.7476,32.4312,0.0,0.0,0.0,4.75,2.92,1.82,None,0.27266740798950195,10.051,True,None,sfc_unique_p6_42,0,None,92.0,82.27,759.0,95,72,6,6,0,False,86.31578947368422,9.014861111111111,4.064722222222223,5.958333333333333,0.2132,0.8172,0.142,0.1862,3289.905124833768,2929.905124833768,360.0,0.7839688293253078,52,18,2
0,1772829575.011383,923.9,211,0.3405,0.6173,0.0223,0.3243,63.0049,61.7327,32.4312,0.0,0.0,0.0,3.0,1.69,1.31,None,0.00016117095947265625,18.499,True,None,sfc_cache_p1_43,0,None,72.0,60.620000000000005,594.0,76,62,6,6,0,False,86.33975481611208,9.40967741935484,3.951290322580645,6.919354838709677,0.209,0.6185,0.1463,0.1708,3094.1845663955364,2784.1845663955364,310.0,0.8360452043868845,33,27,2
0,1772829575.0136845,923.9,211,0.3405,0.6173,0.0223,0.3243,63.0049,61.7327,32.4312,0.0,0.0,0.0,4.96,2.92,2.04,None,0.00016117095947265625,19.614,True,None,sfc_unique_p1_43,0,None,72.0,60.620000000000005,594.0,76,62,6,6,0,False,86.36363636363636,9.40967741935484,3.951290322580645,6.919354838709677,0.209,0.6185,0.1463,0.1708,3094.1845663955364,2784.1845663955364,310.0,0.8360452043868845,33,27,2
0,1772829575.0959065,923.9,212,0.341,0.6719,0.0402,0.3493,64.0125,67.1933,34.9259,0.0,0.0,0.0,2.74,1.13,1.62,None,0.08849906921386719,16.306,True,None,sfc_cache_p2_43,0,None,72.0,60.620000000000005,594.0,76,64,6,6,0,False,86.38743455497382,9.26140625,4.16640625,7.21875,0.2056,0.6547,0.1614,0.1794,3161.252744696109,2841.252744696109,320.0,0.8382138748143418,33,28,3
0,1772829575.0982902,923.9,212,0.341,0.6719,0.0402,0.3493,64.0125,67.1933,34.9259,0.0,0.0,0.0,3.17,1.07,2.1,None,0.08849906921386719,18.35,True,None,sfc_unique_p2_43,0,None,72.0,60.620000000000005,594.0,76,64,6,6,0,False,86.41114982578398,9.26140625,4.16640625,7.21875,0.2056,0.6547,0.1614,0.1794,3161.252744696109,2841.252744696109,320.0,0.8382138748143418,33,28,3
0,1772829575.1808457,924.0,213,0.3424,0.7274,0.0577,0.3742,64.9844,72.7371,37.4206,0.0,0.0,0.0,3.34,1.67,1.67,None,0.173109769821167,16.09,True,None,sfc_cache_p3_43,0,None,72.0,60.62,594.0,78,66,6,6,0,False,86.43478260869564,9.117121212121212,4.373484848484848,7.5,0.2029,0.6766,0.1642,0.1864,3215.7346360441975,2885.7346360441975,330.0,0.8395922633411617,33,30,3
0,1772829575.1832411,924.0,213,0.3424,0.7274,0.0577,0.3742,64.9844,72.7371,37.4206,0.0,0.0,0.0,3.17,1.07,2.1,None,0.173109769821167,18.48,True,None,sfc_unique_p3_43,0,None,72.0,60.62,594.0,78,66,6,6,0,False,86.45833333333334,9.117121212121212,4.373484848484848,7.5,0.2029,0.6766,0.1642,0.1864,3215.7346360441975,2885.7346360441975,330.0,0.8395922633411617,33,30,3
0,1772829575.266382,924.1,214,0.3392,0.7719,0.0753,0.3742,65.5244,77.1898,37.4206,0.0,0.0,0.0,3.34,1.67,1.67,None,0.2530069351196289,16.05,True,None,sfc_cache_p4_43,0,None,76.0,64.95,627.0,82,68,6,6,0,False,86.48180242634315,8.9225,4.504705882352941,7.279411764705882,0.1993,0.6819,0.1614,0.1913,3230.9582856340444,2890.9582856340444,340.0,0.8409965112228225,33,32,3
0,1772829575.2688067,924.1,214,0.3392,0.7719,0.0753,0.3742,65.5244,77.1898,37.4206,0.0,0.0,0.0,3.17,1.07,2.1,None,0.2530069351196289,18.502,True,None,sfc_unique_p4_43,0,None,76.0,64.95,627.0,82,68,6,6,0,False,86.50519031141869,8.9225,4.504705882352941,7.279411764705882,0.1993,0.6819,0.1614,0.1913,3230.9582856340444,2890.9582856340444,340.0,0.8409965112228225,33,32,3
0,1772829575.4756212,924.3,215,0.3411,0.7937,0.0901,0.3742,67.0364,79.3746,37.4206,0.0,0.0,0.0,3.34,1.67,1.67,None,0.33862853050231934,15.715,True,None,sfc_cache_p5_43,0,None,80.0,69.28,660.0,86,70,6,6,0,False,86.52849740932642,8.867571428571429,4.4998571428571426,7.071428571428571,0.1976,0.6818,0.1587,0.1944,3255.5845044856155,2905.5845044856155,350.0,0.8420802275597716,33,34,3
0,1772829575.4781008,924.3,215,0.3411,0.7937,0.0901,0.3742,67.0364,79.3746,37.4206,0.0,0.0,0.0,4.18,2.08,2.1,None,0.33862853050231934,17.515,True,None,sfc_unique_p5_43,0,None,80.0,69.28,660.0,86,70,6,6,0,False,86.55172413793103,8.867571428571429,4.4998571428571426,7.071428571428571,0.1976,0.6818,0.1587,0.1944,3255.5845044856155,2905.5845044856155,350.0,0.8420802275597716,33,34,3
0,1772829575.5582812,924.4,216,0.3451,0.8164,0.1045,0.3742,68.5127,81.6425,37.4206,0.0,0.0,0.0,3.91,2.24,1.67,None,0.5478634834289551,15.15,True,None,sfc_cache_p6_43,0,None,88.33,69.28,693.0,90,72,6,6,0,False,86.57487091222032,8.81111111111111,4.4998611111111115,6.875,0.2061,0.7583,0.156,0.1964,3296.6463494415516,2936.6463494415516,360.0,0.8281267991478276,51,18,3
0,1772829575.5608191,924.4,216,0.3451,0.8164,0.1045,0.3742,68.5127,81.6425,37.4206,0.0,0.0,0.0,6.92,4.77,2.16,None,0.5478634834289551,16.232,True,None,sfc_unique_p6_43,0,None,88.33,69.28,693.0,90,72,6,6,0,False,86.5979381443299,8.81111111111111,4.4998611111111115,6.875,0.2061,0.7583,0.156,0.1964,3296.6463494415516,2936.6463494415516,360.0,0.8281267991478276,51,18,3
0,1772829592.0281193,940.9,216,0.3138,0.7056,0.0136,0.2994,57.8556,70.5574,29.9365,0.0,0.0,0.0,2.26,1.41,0.85,None,0.0003294944763183594,12.388,True,None,sfc_cache_p1_44,0,None,80.33,64.95,627.0,79,62,6,6,0,False,86.62092624356775,8.640645161290323,4.516129032258065,6.387096774193548,0.1873,0.7268,0.1319,0.1766,3179.3009516870957,2869.3009516870957,310.0,0.8498346993193712,40,19,3
0,1772829592.029293,940.9,216,0.3138,0.7056,0.0136,0.2994,57.8556,70.5574,29.9365,0.0,0.0,0.0,3.42,2.09,1.33,None,0.0003294944763183594,12.7,True,None,sfc_unique_p1_44,0,None,80.33,64.95,627.0,79,62,6,6,0,False,86.64383561643835,8.640645161290323,4.516129032258065,6.387096774193548,0.1873,0.7268,0.1319,0.1766,3179.3009516870957,2869.3009516870957,310.0,0.8498346993193712,40,19,3
0,1772829592.0834658,940.9,217,0.3195,0.7392,0.0278,0.3243,59.7639,73.9164,32.4312,0.0,0.0,0.0,4.24,3.31,0.93,None,0.05686807632446289,11.894,True,None,sfc_cache_p2_44,0,None,80.33,64.95,627.0,80,64,6,6,0,False,86.66666666666667,8.64671875,4.58328125,6.703125,0.1809,0.735,0.1288,0.1868,3196.640951687096,2876.640951687096,320.0,0.8445877667116164,42,19,3
0,1772829592.0847075,940.9,217,0.3195,0.7392,0.0278,0.3243,59.7639,73.9164,32.4312,0.0,0.0,0.0,3.42,2.09,1.33,None,0.05686807632446289,12.843,True,None,sfc_unique_p2_44,0,None,80.33,64.95,627.0,80,64,6,6,0,False,86.68941979522185,8.64671875,4.58328125,6.703125,0.1809,0.735,0.1288,0.1868,3196.640951687096,2876.640951687096,320.0,0.8445877667116164,42,19,3
0,1772829592.1373947,941.0,218,0.3263,0.7719,0.0437,0.3493,61.7078,77.1923,34.9259,0.0,0.0,0.0,2.63,1.63,1.0,None,0.11228799819946289,11.484,True,None,sfc_cache_p3_44,0,None,80.33,64.95,627.0,82,66,6,6,0,False,86.71209540034071,8.657424242424241,4.641363636363636,7.0,0.1741,0.7357,0.1324,0.196,3206.640951687096,2876.640951687096,330.0,0.8364602899044928,44,19,3
0,1772829592.1386135,941.0,218,0.3263,0.7719,0.0437,0.3493,61.7078,77.1923,34.9259,0.0,0.0,0.0,6.03,4.67,1.36,None,0.11228799819946289,11.532,True,None,sfc_unique_p3_44,0,None,80.33,64.95,627.0,82,66,6,6,0,False,86.73469387755102,8.657424242424241,4.641363636363636,7.0,0.1741,0.7357,0.1324,0.196,3206.640951687096,2876.640951687096,330.0,0.8364602899044928,44,19,3
0,1772829592.2586925,941.1,219,0.3372,0.7761,0.0567,0.3493,64.4434,77.6131,34.9259,0.0,0.0,0.0,2.63,1.63,1.0,None,0.16615772247314453,10.62,True,None,sfc_cache_p4_44,0,None,84.33,64.95,660.0,84,68,6,6,0,False,86.75721561969439,8.775294117647059,4.529411764705882,6.794117647058823,0.1721,0.7353,0.1301,0.2041,3235.101329337614,2895.101329337614,340.0,0.8352845930558563,46,19,3
0,1772829592.2599468,941.1,219,0.3372,0.7761,0.0567,0.3493,64.4434,77.6131,34.9259,0.0,0.0,0.0,5.26,3.21,2.04,None,0.16615772247314453,10.111,True,None,sfc_unique_p4_44,0,None,84.33,64.95,660.0,84,68,6,6,0,False,86.77966101694915,8.775294117647059,4.529411764705882,6.794117647058823,0.1721,0.7353,0.1301,0.2041,3235.101329337614,2895.101329337614,340.0,0.8352845930558563,46,19,3
0,1772829592.3106718,941.2,220,0.3451,0.7971,0.0707,0.3742,66.8917,79.7122,37.4206,0.0,0.0,0.0,2.28,0.67,1.61,None,0.2874939441680908,10.474,True,None,sfc_cache_p5_44,0,None,84.33,64.95,660.0,86,70,6,6,0,False,86.80203045685279,8.84842857142857,4.519,7.071428571428571,0.1702,0.7342,0.1444,0.208,3261.59413230929,2911.59413230929,350.0,0.8341765309184204,48,20,2
0,1772829592.3120272,941.2,220,0.3451,0.7971,0.0707,0.3742,66.8917,79.7122,37.4206,0.0,0.0,0.0,5.26,3.21,2.04,None,0.2874939441680908,9.62,True,None,sfc_unique_p5_44,0,None,84.33,64.95,660.0,86,70,6,6,0,False,86.82432432432432,8.84842857142857,4.519,7.071428571428571,0.1702,0.7342,0.1444,0.208,3261.59413230929,2911.59413230929,350.0,0.8341765309184204,48,20,2
0,1772829592.3615417,941.2,221,0.3577,0.8013,0.0843,0.3992,70.0592,80.1331,39.9153,0.0,0.0,0.0,3.28,1.67,1.61,None,0.33959054946899414,9.109,True,None,sfc_cache_p6_44,0,None,84.33,64.95,660.0,88,72,6,6,0,False,86.84654300168634,9.01,4.416666666666667,7.333333333333333,0.1752,0.7339,0.1433,0.2061,3291.3099535171987,2931.3099535171987,360.0,0.8233617755398858,50,20,2
0,1772829592.3629134,941.2,221,0.3577,0.8013,0.0843,0.3992,70.0592,80.1331,39.9153,0.0,0.0,0.0,7.49,5.34,2.15,None,0.33959054946899414,9.604,True,None,sfc_unique_p6_44,0,None,84.33,64.95,660.0,88,72,6,6,0,False,86.86868686868688,9.01,4.416666666666667,7.333333333333333,0.1752,0.7339,0.1433,0.2061,3291.3099535171987,2931.3099535171987,360.0,0.8233617755398858,50,20,2
0,1772829608.0732398,956.9,221,0.3612,0.8349,0.0977,0.4241,71.9675,83.4921,42.41,0.0,0.0,0.0,4.32,3.62,0.71,None,0.00032901763916015625,15.076,True,None,sfc_cache_p1_45,0,None,84.33,64.95,660.0,88,74,6,7,0,False,86.89075630252101,9.00527027027027,4.477432432432432,7.581081081081081,0.1894,0.8359,0.1554,0.2205,3349.123944840409,2979.123944840409,370.0,0.8204376404601085,52,20,2
0,1772829608.0757864,956.9,221,0.3612,0.8349,0.0977,0.4241,71.9675,83.4921,42.41,0.0,0.0,0.0,6.8,5.74,1.05,None,0.00032901763916015625,15.768,True,None,sfc_unique_p1_45,0,None,84.33,64.95,660.0,88,74,6,7,0,False,86.91275167785236,9.00527027027027,4.477432432432432,7.581081081081081,0.1894,0.8359,0.1554,0.2205,3349.123944840409,2979.123944840409,370.0,0.8204376404601085,52,20,2
0,1772829608.2917452,957.1,222,0.3625,0.8576,0.1124,0.4241,73.4438,85.76,42.41,0.0,0.0,0.0,4.32,3.62,0.71,None,0.07877898216247559,15.087,True,None,sfc_cache_p2_45,0,None,88.33,69.28,693.0,92,76,6,7,0,False,86.93467336683418,8.948157894736841,4.4780263157894735,7.381578947368421,0.194,0.8738,0.1529,0.2311,3393.1394453052367,3013.1394453052367,380.0,0.8143546463131464,54,20,2
0,1772829608.2942984,957.1,222,0.3625,0.8576,0.1124,0.4241,73.4438,85.76,42.41,0.0,0.0,0.0,6.88,5.74,1.14,None,0.07877898216247559,14.915,True,None,sfc_unique_p2_45,0,None,88.33,69.28,693.0,92,76,6,7,0,False,86.95652173913044,8.948157894736841,4.4780263157894735,7.381578947368421,0.194,0.8738,0.1529,0.2311,3393.1394453052367,3013.1394453052367,380.0,0.8143546463131464,54,20,2
0,1772829608.3774815,957.2,223,0.3649,0.8803,0.1272,0.4241,74.9201,88.0279,42.41,0.0,0.0,0.0,4.32,3.62,0.71,None,0.297299861907959,14.75,True,None,sfc_cache_p3_45,0,None,92.33,73.61,726.0,96,78,6,7,0,False,86.97829716193655,8.89397435897436,4.478589743589743,7.1923076923076925,0.1923,0.8921,0.1504,0.2345,3420.8220158041527,3030.8220158041527,390.0,0.8053817284505903,56,20,2
0,1772829608.3801675,957.2,223,0.3649,0.8803,0.1272,0.4241,74.9201,88.0279,42.41,0.0,0.0,0.0,6.88,5.74,1.14,None,0.297299861907959,15.033,True,None,sfc_unique_p3_45,0,None,92.33,73.61,726.0,96,78,6,7,0,False,87.0,8.89397435897436,4.478589743589743,7.1923076923076925,0.1923,0.8921,0.1504,0.2345,3420.8220158041527,3030.8220158041527,390.0,0.8053817284505903,56,20,2
0,1772829608.4520988,957.3,224,0.3702,0.8996,0.1412,0.4241,77.0087,89.9582,42.41,0.0,0.0,0.0,4.9,3.69,1.22,None,0.3832852840423584,14.02,True,None,sfc_cache_p4_45,0,None,96.33,73.61,759.0,99,80,6,7,0,False,87.0216306156406,8.913375,4.462375,7.0125,0.1971,0.943,0.1481,0.2424,3454.62942981097,3054.62942981097,400.0,0.7994375515247066,58,20,2
0,1772829608.4537134,957.3,224,0.3702,0.8996,0.1412,0.4241,77.0087,89.9582,42.41,0.0,0.0,0.0,6.24,4.74,1.49,None,0.3832852840423584,8.848,True,None,sfc_unique_p4_45,0,None,96.33,73.61,759.0,99,80,6,7,0,False,87.04318936877077,8.913375,4.462375,7.0125,0.1971,0.943,0.1481,0.2424,3454.62942981097,3054.62942981097,400.0,0.7994375515247066,58,20,2
0,1772829608.5033896,957.4,225,0.3737,0.9223,0.1545,0.4241,78.485,92.2261,42.41,0.0,0.0,0.0,4.9,3.69,1.22,None,0.45566344261169434,8.364,True,None,sfc_cache_p5_45,0,None,100.33,77.94,792.0,103,82,6,7,0,False,87.06467661691542,8.862682926829269,4.46329268292683,6.841463414634147,0.2055,0.9768,0.1458,0.2498,3487.848019832662,3077.848019832662,410.0,0.7937165961286465,60,20,2
0,1772829608.5049489,957.4,225,0.3737,0.9223,0.1545,0.4241,78.485,92.2261,42.41,0.0,0.0,0.0,7.3,5.74,1.56,None,0.45566344261169434,7.86,True,None,sfc_unique_p5_45,0,None,100.33,77.94,792.0,103,82,6,7,0,False,87.08609271523179,8.862682926829269,4.46329268292683,6.841463414634147,0.2055,0.9768,0.1458,0.2498,3487.848019832662,3077.848019832662,410.0,0.7937165961286465,60,20,2
0,1772829608.5540838,957.4,226,0.38,0.9307,0.1713,0.4241,80.5737,93.0652,42.41,0.0,0.0,0.0,4.89,3.67,1.22,None,0.5067429542541504,8.437,True,None,sfc_cache_p6_45,0,None,104.33,82.27,825.0,106,84,6,7,0,False,87.10743801652893,8.881904761904762,4.3966666666666665,6.678571428571429,0.2059,0.9765,0.1436,0.2505,3506.8319739696312,3086.8319739696312,420.0,0.7888268677037202,62,22,0
0,1772829608.5555646,957.4,226,0.38,0.9307,0.1713,0.4241,80.5737,93.0652,42.41,0.0,0.0,0.0,4.37,2.79,1.58,None,0.5067429542541504,7.064,True,None,sfc_unique_p6_45,0,None,104.33,82.27,825.0,106,84,6,7,0,False,87.12871287128714,8.881904761904762,4.3966666666666665,6.678571428571429,0.2059,0.9765,0.1436,0.2505,3506.8319739696312,3086.8319739696312,420.0,0.7888268677037202,62,22,0
0,1772829639.2598646,988.1,226,0.3292,0.724,0.0121,0.3493,59.7985,72.4045,34.9259,0.0,0.0,0.0,4.23,2.98,1.24,None,0.00017309188842773438,19.54,True,None,sfc_cache_p1_46,0,None,72.33,47.63,561.0,73,62,6,6,0,False,87.1499176276771,8.930806451612904,4.634354838709677,7.451612903225806,0.2456,0.8156,0.1546,0.1555,3237.237391478858,2927.237391478858,310.0,0.8003780788408184,37,24,1
0,1772829639.262214,988.1,226,0.3292,0.724,0.0121,0.3493,59.7985,72.4045,34.9259,0.0,0.0,0.0,9.42,7.75,1.67,None,0.00017309188842773438,20.634,True,None,sfc_unique_p1_46,0,None,72.33,47.63,561.0,73,62,6,6,0,False,87.17105263157895,8.930806451612904,4.634354838709677,7.451612903225806,0.2456,0.8156,0.1546,0.1555,3237.237391478858,2927.237391478858,310.0,0.8003780788408184,37,24,1
0,1772829639.351834,988.2,227,0.3347,0.7576,0.0264,0.3742,61.7068,75.7635,37.4206,0.0,0.0,0.0,4.55,3.22,1.33,None,0.22381234169006348,19.061,True,None,sfc_cache_p2_46,0,None,72.33,47.63,561.0,74,64,6,6,0,False,87.192118226601,8.9278125,4.6978125,7.734375,0.2433,0.8966,0.1506,0.1627,3279.203304091192,2959.203304091192,320.0,0.7853532998051356,39,24,1
0,1772829639.3541038,988.2,227,0.3347,0.7576,0.0264,0.3742,61.7068,75.7635,37.4206,0.0,0.0,0.0,8.89,6.83,2.06,None,0.22381234169006348,20.035,True,None,sfc_unique_p2_46,0,None,72.33,47.63,561.0,74,64,6,6,0,False,87.21311475409837,8.9278125,4.6978125,7.734375,0.2433,0.8966,0.1506,0.1627,3279.203304091192,2959.203304091192,320.0,0.7853532998051356,39,24,1
0,1772829639.4415271,988.3,228,0.3433,0.7769,0.0431,0.3992,64.2274,77.6938,39.9153,0.0,0.0,0.0,3.32,1.48,1.83,None,0.3156900405883789,17.468,True,None,sfc_cache_p3_46,0,None,72.33,47.63,561.0,76,66,6,6,0,False,87.2340425531915,9.010909090909092,4.671515151515152,8.0,0.2371,0.8985,0.1585,0.1784,3306.403040974027,2976.403040974027,330.0,0.7809188775673181,41,24,1
0,1772829639.4438918,988.3,228,0.3433,0.7769,0.0431,0.3992,64.2274,77.6938,39.9153,0.0,0.0,0.0,6.64,4.46,2.18,None,0.3156900405883789,18.625,True,None,sfc_unique_p3_46,0,None,72.33,47.63,561.0,76,66,6,6,0,False,87.25490196078431,9.010909090909092,4.671515151515152,8.0,0.2371,0.8985,0.1585,0.1784,3306.403040974027,2976.403040974027,330.0,0.7809188775673181,41,24,1
0,1772829639.53007,988.4,229,0.3475,0.7996,0.0592,0.3992,65.7037,79.9617,39.9153,0.0,0.0,0.0,3.32,1.48,1.83,None,0.4055342674255371,16.595,True,None,sfc_cache_p4_46,0,None,76.33,51.96,594.0,79,68,6,6,0,False,87.27569331158239,8.946911764705883,4.666470588235294,7.764705882352941,0.2338,0.9,0.1557,0.1906,3330.684498952668,2990.684498952668,340.0,0.7827243535220627,42,24,2
0,1772829639.532532,988.4,229,0.3475,0.7996,0.0592,0.3992,65.7037,79.9617,39.9153,0.0,0.0,0.0,4.24,2.03,2.21,None,0.4055342674255371,17.773,True,None,sfc_unique_p4_46,0,None,76.33,51.96,594.0,79,68,6,6,0,False,87.29641693811075,8.946911764705883,4.666470588235294,7.764705882352941,0.2338,0.9,0.1557,0.1906,3330.684498952668,2990.684498952668,340.0,0.7827243535220627,42,24,2
0,1772829639.6183987,988.5,230,0.3535,0.808,0.0759,0.3992,67.7923,80.8008,39.9153,0.0,0.0,0.0,3.32,1.48,1.83,None,0.4942140579223633,16.557,True,None,sfc_cache_p5_46,0,None,80.33,56.29,627.0,83,70,6,6,0,False,87.3170731707317,8.967571428571429,4.5807142857142855,7.542857142857143,0.2304,0.8986,0.1531,0.1984,3351.2850251869972,3001.2850251869972,350.0,0.7819187502756544,44,24,2
0,1772829639.6208868,988.5,230,0.3535,0.808,0.0759,0.3992,67.7923,80.8008,39.9153,0.0,0.0,0.0,4.34,2.08,2.26,None,0.4942140579223633,17.094,True,None,sfc_unique_p5_46,0,None,80.33,56.29,627.0,83,70,6,6,0,False,87.33766233766234,8.967571428571429,4.5807142857142855,7.542857142857143,0.2304,0.8986,0.1531,0.1984,3351.2850251869972,3001.2850251869972,350.0,0.7819187502756544,44,24,2
0,1772829639.840991,988.7,231,0.358,0.8164,0.0918,0.3992,69.881,81.64,39.9153,0.0,0.0,0.0,3.32,1.48,1.83,None,0.5825800895690918,16.46,True,None,sfc_cache_p6_46,0,None,84.33,60.62,660.0,87,72,6,6,0,False,87.3581847649919,8.987083333333334,4.499722222222222,7.333333333333333,0.2264,0.8979,0.1505,0.201,3370.3428335757917,3010.3428335757917,360.0,0.7810412584854103,46,25,1
0,1772829639.843561,988.7,231,0.358,0.8164,0.0918,0.3992,69.881,81.64,39.9153,0.0,0.0,0.0,4.34,2.07,2.26,None,0.5825800895690918,16.834,True,None,sfc_unique_p6_46,0,None,84.33,60.62,660.0,87,72,6,6,0,False,87.37864077669903,8.987083333333334,4.499722222222222,7.333333333333333,0.2264,0.8979,0.1505,0.201,3370.3428335757917,3010.3428335757917,360.0,0.7810412584854103,46,25,1
0,1772829657.1784875,1006.0,231,0.33,0.7509,0.0153,0.3992,59.5134,75.0857,39.9153,0.0,0.0,0.0,2.48,1.16,1.32,None,0.00019741058349609375,15.912,True,None,sfc_cache_p1_47,0,None,64.33,47.63,495.0,70,62,6,6,0,False,87.39903069466882,8.888225806451613,4.8059677419354845,8.516129032258064,0.2326,0.8679,0.1642,0.1932,3223.431716101716,2913.431716101716,310.0,0.7696794785610991,45,7,10
0,1772829657.1810775,1006.0,231,0.33,0.7509,0.0153,0.3992,59.5134,75.0857,39.9153,0.0,0.0,0.0,3.3,1.55,1.75,None,0.00019741058349609375,16.483,True,None,sfc_unique_p1_47,0,None,64.33,47.63,495.0,70,62,6,6,0,False,87.41935483870968,8.888225806451613,4.8059677419354845,8.516129032258064,0.2326,0.8679,0.1642,0.1932,3223.431716101716,2913.431716101716,310.0,0.7696794785610991,45,7,10
0,1772829657.2665825,1006.1,232,0.3334,0.7727,0.0305,0.3992,61.0253,77.2704,39.9153,0.0,0.0,0.0,2.48,1.16,1.32,None,0.09079313278198242,15.563,True,None,sfc_cache_p2_47,0,None,68.33,51.96,528.0,74,64,6,6,0,False,87.43961352657004,8.82921875,4.79125,8.25,0.2287,0.8834,0.1613,0.2036,3265.8566503224256,2945.8566503224256,320.0,0.7741783553012913,45,7,12
0,1772829657.2690146,1006.1,232,0.3334,0.7727,0.0305,0.3992,61.0253,77.2704,39.9153,0.0,0.0,0.0,3.3,1.55,1.75,None,0.09079313278198242,16.778,True,None,sfc_unique_p2_47,0,None,68.33,51.96,528.0,74,64,6,6,0,False,87.45980707395499,8.82921875,4.79125,8.25,0.2287,0.8834,0.1613,0.2036,3265.8566503224256,2945.8566503224256,320.0,0.7741783553012913,45,7,12
0,1772829657.3540823,1006.2,233,0.338,0.7946,0.0458,0.3992,62.5373,79.4552,39.9153,0.0,0.0,0.0,2.48,1.16,1.32,None,0.17875003814697266,16.068,True,None,sfc_cache_p3_47,0,None,72.33,56.29,561.0,78,66,6,6,0,False,87.47993579454254,8.77378787878788,4.777424242424242,8.0,0.2245,0.8934,0.1585,0.2099,3306.394105824669,2976.394105824669,330.0,0.7781528563004146,45,9,12
0,1772829657.3564658,1006.2,233,0.338,0.7946,0.0458,0.3992,62.5373,79.4552,39.9153,0.0,0.0,0.0,3.3,1.55,1.75,None,0.17875003814697266,16.473,True,None,sfc_unique_p3_47,0,None,72.33,56.29,561.0,78,66,6,6,0,False,87.5,8.77378787878788,4.777424242424242,8.0,0.2245,0.8934,0.1585,0.2099,3306.394105824669,2976.394105824669,330.0,0.7781528563004146,45,9,12
0,1772829657.4413917,1006.3,234,0.3399,0.8164,0.061,0.3992,64.0492,81.64,39.9153,0.0,0.0,0.0,2.48,1.16,1.32,None,0.266185998916626,16.001,True,None,sfc_cache_p4_47,0,None,76.33,60.62,594.0,82,68,6,6,0,False,87.52,8.721617647058824,4.764411764705883,7.764705882352941,0.2201,0.8979,0.1557,0.2124,3321.0953904555317,2981.0953904555317,340.0,0.7816502296667713,45,9,14
0,1772829657.4438534,1006.3,234,0.3399,0.8164,0.061,0.3992,64.0492,81.64,39.9153,0.0,0.0,0.0,3.3,1.55,1.75,None,0.266185998916626,16.155,True,None,sfc_unique_p4_47,0,None,76.33,60.62,594.0,82,68,6,6,0,False,87.53993610223642,8.721617647058824,4.764411764705883,7.764705882352941,0.2201,0.8979,0.1557,0.2124,3321.0953904555317,2981.0953904555317,340.0,0.7816502296667713,45,9,14
0,1772829657.6625452,1006.5,235,0.343,0.8382,0.0763,0.3992,65.5611,83.8247,39.9153,0.0,0.0,0.0,2.48,1.16,1.32,None,0.3536703586578369,15.802,True,None,sfc_cache_p5_47,0,None,80.33,64.95,627.0,86,70,6,6,0,False,87.5598086124402,8.672428571428572,4.752142857142857,7.542857142857143,0.2154,0.8975,0.1531,0.2118,3331.0953904555317,2981.0953904555317,350.0,0.7847123223863205,45,25,0
0,1772829657.6649823,1006.5,235,0.343,0.8382,0.0763,0.3992,65.5611,83.8247,39.9153,0.0,0.0,0.0,3.3,1.55,1.75,None,0.3536703586578369,16.283,True,None,sfc_unique_p5_47,0,None,80.33,64.95,627.0,86,70,6,6,0,False,87.57961783439491,8.672428571428572,4.752142857142857,7.542857142857143,0.2154,0.8975,0.1531,0.2118,3331.0953904555317,2981.0953904555317,350.0,0.7847123223863205,45,25,0
0,1772829657.7478585,1006.6,236,0.3533,0.8382,0.0873,0.3992,68.477,83.8247,39.9153,0.0,0.0,0.0,3.05,1.74,1.32,None,0.5747649669647217,15.169,True,None,sfc_cache_p6_47,0,None,84.33,64.95,660.0,89,72,6,6,0,False,87.5993640699523,8.806527777777779,4.620138888888889,7.333333333333333,0.2108,0.8975,0.1505,0.2089,3341.0953904555317,2981.0953904555317,360.0,0.7871481315325437,45,27,0
0,1772829657.7503355,1006.6,236,0.3533,0.8382,0.0873,0.3992,68.477,83.8247,39.9153,0.0,0.0,0.0,4.46,2.71,1.75,None,0.5747649669647217,15.441,True,None,sfc_unique_p6_47,0,None,84.33,64.95,660.0,89,72,6,6,0,False,87.61904761904762,8.806527777777779,4.620138888888889,7.333333333333333,0.2108,0.8975,0.1505,0.2089,3341.0953904555317,2981.0953904555317,360.0,0.7871481315325437,45,27,0
0,1772829681.2118268,1030.1,236,0.3208,0.7375,0.0137,0.3493,58.2887,73.7451,34.9259,0.0,0.0,0.0,1.92,1.11,0.81,None,0.00018835067749023438,16.598,True,None,sfc_cache_p1_48,0,None,72.33,56.29,561.0,77,62,6,6,0,False,87.63866877971473,8.705322580645161,4.72016129032258,7.451612903225806,0.2182,0.8349,0.1606,0.2034,3200.8204237321143,2890.8204237321143,310.0,0.7794310140250847,37,6,19
0,1772829681.214137,1030.1,236,0.3208,0.7375,0.0137,0.3493,58.2887,73.7451,34.9259,0.0,0.0,0.0,3.33,2.09,1.24,None,0.00018835067749023438,16.912,True,None,sfc_unique_p1_48,0,None,72.33,56.29,561.0,77,62,6,6,0,False,87.65822784810126,8.705322580645161,4.72016129032258,7.451612903225806,0.2182,0.8349,0.1606,0.2034,3200.8204237321143,2890.8204237321143,310.0,0.7794310140250847,37,6,19
0,1772829681.298884,1030.1,237,0.3277,0.771,0.027,0.3742,60.197,77.1041,37.4206,0.0,0.0,0.0,4.16,3.31,0.85,None,0.0877830982208252,16.195,True,None,sfc_cache_p2_48,0,None,72.33,56.29,561.0,78,64,6,6,0,False,87.67772511848341,8.709375,4.7809375,7.734375,0.2183,0.8479,0.1554,0.2159,3240.6481307434124,2920.6481307434124,320.0,0.7813371431240902,41,5,18
0,1772829681.301181,1030.2,237,0.3277,0.771,0.027,0.3742,60.197,77.1041,37.4206,0.0,0.0,0.0,3.33,2.09,1.24,None,0.0877830982208252,17.057,True,None,sfc_unique_p2_48,0,None,72.33,56.29,561.0,78,64,6,6,0,False,87.69716088328076,8.709375,4.7809375,7.734375,0.2183,0.8479,0.1554,0.2159,3240.6481307434124,2920.6481307434124,320.0,0.7813371431240902,41,5,18
0,1772829681.3861089,1030.2,238,0.3334,0.7979,0.0404,0.3992,61.9249,79.7929,39.9153,0.0,0.0,0.0,2.26,1.41,0.85,None,0.17482781410217285,15.926,True,None,sfc_cache_p3_48,0,None,76.66,56.29,561.0,80,66,6,6,0,False,87.71653543307086,8.687878787878788,4.797727272727272,8.0,0.2146,0.8469,0.1537,0.2233,3263.00380323993,2933.00380323993,330.0,0.7845816073632893,41,5,20
0,1772829681.3884382,1030.2,238,0.3334,0.7979,0.0404,0.3992,61.9249,79.7929,39.9153,0.0,0.0,0.0,3.33,2.09,1.24,None,0.17482781410217285,16.903,True,None,sfc_unique_p3_48,0,None,76.66,56.29,561.0,80,66,6,6,0,False,87.73584905660378,8.687878787878788,4.797727272727272,8.0,0.2146,0.8469,0.1537,0.2233,3263.00380323993,2933.00380323993,330.0,0.7845816073632893,41,5,20
0,1772829681.6121674,1030.5,239,0.3403,0.8248,0.0554,0.4241,64.1205,82.4816,42.41,0.0,0.0,0.0,2.63,1.63,0.99,None,0.262087345123291,16.108,True,None,sfc_cache_p4_48,0,None,76.66,56.29,561.0,81,68,6,6,0,False,87.75510204081633,8.731323529411766,4.813529411764706,8.25,0.2159,0.8898,0.1568,0.2337,3305.2903904555315,2965.2903904555315,340.0,0.7848812994502752,43,25,0
0,1772829681.6153712,1030.5,239,0.3403,0.8248,0.0554,0.4241,64.1205,82.4816,42.41,0.0,0.0,0.0,4.8,3.54,1.27,None,0.262087345123291,21.104,True,None,sfc_unique_p4_48,0,None,76.66,56.29,561.0,81,68,6,6,0,False,87.7742946708464,8.731323529411766,4.813529411764706,8.25,0.2159,0.8898,0.1568,0.2337,3305.2903904555315,2965.2903904555315,340.0,0.7848812994502752,43,25,0
0,1772829681.7239661,1030.6,240,0.3432,0.8475,0.0693,0.4241,65.5968,84.7495,42.41,0.0,0.0,0.0,4.03,2.91,1.11,None,0.48967623710632324,19.127,True,None,sfc_cache_p5_48,0,None,84.99,56.29,594.0,85,70,6,6,0,False,87.79342723004694,8.677142857142856,4.804571428571428,8.014285714285714,0.2163,0.914,0.1541,0.2425,3343.8661047412456,2993.8661047412456,350.0,0.7838452779870746,45,25,0
0,1772829681.727112,1030.6,240,0.3432,0.8475,0.0693,0.4241,65.5968,84.7495,42.41,0.0,0.0,0.0,4.8,3.54,1.27,None,0.48967623710632324,20.859,True,None,sfc_unique_p5_48,0,None,84.99,56.29,594.0,85,70,6,6,0,False,87.8125,8.677142857142856,4.804571428571428,8.014285714285714,0.2163,0.914,0.1541,0.2425,3343.8661047412456,2993.8661047412456,350.0,0.7838452779870746,45,25,0
0,1772829681.8356423,1030.7,241,0.3473,0.8702,0.0833,0.4241,67.0731,87.0174,42.41,0.0,0.0,0.0,4.03,2.91,1.11,None,0.601428747177124,18.941,True,None,sfc_cache_p6_48,0,None,93.32,56.29,627.0,89,72,6,6,0,False,87.83151326053043,8.625972222222224,4.796111111111111,7.791666666666667,0.2152,0.9192,0.1516,0.2478,3363.3889618841026,3003.3889618841026,360.0,0.781347874366152,47,25,0
0,1772829681.8389482,1030.7,241,0.3473,0.8702,0.0833,0.4241,67.0731,87.0174,42.41,0.0,0.0,0.0,4.8,3.54,1.27,None,0.601428747177124,20.794,True,None,sfc_unique_p6_48,0,None,93.32,56.29,627.0,89,72,6,6,0,False,87.85046728971963,8.625972222222224,4.796111111111111,7.791666666666667,0.2152,0.9192,0.1516,0.2478,3363.3889618841026,3003.3889618841026,360.0,0.781347874366152,47,25,0
0,1772829701.2598655,1050.1,241,0.347,0.6585,0.0166,0.3742,62.1053,65.8477,37.4206,0.0,0.0,0.0,3.21,2.07,1.13,None,0.00020456314086914062,16.459,True,None,sfc_cache_p1_49,0,None,76.99,47.63,528.0,76,62,6,6,0,False,87.86936236391914,9.275322580645161,4.214677419354839,7.983870967741935,0.2427,0.7562,0.1318,0.2166,3201.498759216403,2891.498759216403,310.0,0.7983183424808067,38,3,21
0,1772829701.2621562,1050.1,241,0.347,0.6585,0.0166,0.3742,62.1053,65.8477,37.4206,0.0,0.0,0.0,7.5,6.2,1.3,None,0.00020456314086914062,17.954,True,None,sfc_unique_p1_49,0,None,76.99,47.63,528.0,76,62,6,6,0,False,87.88819875776397,9.275322580645161,4.214677419354839,7.983870967741935,0.2427,0.7562,0.1318,0.2166,3201.498759216403,2891.498759216403,310.0,0.7983183424808067,38,3,21
0,1772829701.4760222,1050.3,242,0.3577,0.6694,0.03,0.3992,64.9855,66.9388,39.9153,0.0,0.0,0.0,3.89,2.65,1.24,None,0.08962154388427734,16.034,True,None,sfc_cache_p2_49,0,None,76.99,47.63,528.0,77,64,6,6,0,False,87.90697674418605,9.4021875,4.150625,8.25,0.2465,0.7819,0.145,0.2307,3241.017330644974,2921.017330644974,320.0,0.7944312718050306,40,3,21
0,1772829701.4782922,1050.3,242,0.3577,0.6694,0.03,0.3992,64.9855,66.9388,39.9153,0.0,0.0,0.0,7.5,6.2,1.3,None,0.08962154388427734,17.914,True,None,sfc_unique_p2_49,0,None,76.99,47.63,528.0,77,64,6,6,0,False,87.92569659442725,9.4021875,4.150625,8.25,0.2465,0.7819,0.145,0.2307,3241.017330644974,2921.017330644974,320.0,0.7944312718050306,40,3,21
0,1772829701.5643477,1050.4,243,0.3671,0.6694,0.0434,0.3992,67.4338,66.9388,39.9153,0.0,0.0,0.0,3.89,2.65,1.24,None,0.30569958686828613,16.024,True,None,sfc_cache_p3_49,0,None,80.99,51.96,561.0,81,66,6,6,0,False,87.94435857805254,9.460757575757576,4.0248484848484845,8.0,0.2439,0.7819,0.1425,0.2384,3263.153759216403,2933.153759216403,330.0,0.7898036584326201,45,0,21
0,1772829701.5667255,1050.4,243,0.3671,0.6694,0.0434,0.3992,67.4338,66.9388,39.9153,0.0,0.0,0.0,7.5,6.2,1.3,None,0.30569958686828613,17.665,True,None,sfc_unique_p3_49,0,None,80.99,51.96,561.0,81,66,6,6,0,False,87.96296296296296,9.460757575757576,4.0248484848484845,8.0,0.2439,0.7819,0.1425,0.2384,3263.153759216403,2933.153759216403,330.0,0.7898036584326201,45,0,21
0,1772829701.6746194,1050.5,244,0.3736,0.6694,0.0569,0.3992,69.8821,66.9388,39.9153,0.0,0.0,0.0,3.89,2.65,1.24,None,0.39416003227233887,21.161,True,None,sfc_cache_p4_49,0,None,84.99,56.29,594.0,84,68,6,6,0,False,87.98151001540832,9.515882352941176,3.906470588235294,7.764705882352941,0.2401,0.7819,0.14,0.2426,3276.72161635926,2936.72161635926,340.0,0.7879624096897195,47,8,13
0,1772829701.6778219,1050.5,244,0.3736,0.6694,0.0569,0.3992,69.8821,66.9388,39.9153,0.0,0.0,0.0,5.79,4.37,1.42,None,0.39416003227233887,22.639,True,None,sfc_unique_p4_49,0,None,84.99,56.29,594.0,84,68,6,6,0,False,88.0,9.515882352941176,3.906470588235294,7.764705882352941,0.2401,0.7819,0.14,0.2426,3276.72161635926,2936.72161635926,340.0,0.7879624096897195,47,8,13
0,1772829701.7989714,1050.6,245,0.3798,0.6694,0.0703,0.3992,72.3303,66.9388,39.9153,0.0,0.0,0.0,3.89,2.65,1.24,None,0.5060086250305176,22.058,True,None,sfc_cache_p5_49,0,None,88.99,60.62,627.0,88,70,6,6,0,False,88.0184331797235,9.567857142857143,3.7948571428571425,7.542857142857143,0.2347,0.7819,0.1376,0.2436,3290.2894735021173,2940.2894735021173,350.0,0.7854137522834151,49,18,3
0,1772829701.8022802,1050.7,245,0.3798,0.6694,0.0703,0.3992,72.3303,66.9388,39.9153,0.0,0.0,0.0,5.79,4.37,1.42,None,0.5060086250305176,23.862,True,None,sfc_unique_p5_49,0,None,88.99,60.62,627.0,88,70,6,6,0,False,88.03680981595092,9.567857142857143,3.7948571428571425,7.542857142857143,0.2347,0.7819,0.1376,0.2436,3290.2894735021173,2940.2894735021173,350.0,0.7854137522834151,49,18,3
0,1772829701.916885,1050.8,246,0.3837,0.6912,0.0863,0.3992,73.8423,69.1236,39.9153,0.0,0.0,0.0,3.89,2.65,1.24,None,0.6305508613586426,21.446,True,None,sfc_cache_p6_49,0,None,92.99,64.95,660.0,92,72,6,6,0,False,88.05513016845329,9.496527777777779,3.809861111111111,7.333333333333333,0.2326,0.8194,0.1353,0.24,3328.395902073546,2968.395902073546,360.0,0.7806682098600625,51,18,3
0,1772829701.9193592,1050.8,246,0.3837,0.6912,0.0863,0.3992,73.8423,69.1236,39.9153,0.0,0.0,0.0,6.03,4.34,1.7,None,0.6305508613586426,15.832,True,None,sfc_unique_p6_49,0,None,92.99,64.95,660.0,92,72,6,6,0,False,88.07339449541286,9.496527777777779,3.809861111111111,7.333333333333333,0.2326,0.8194,0.1353,0.24,3328.395902073546,2968.395902073546,360.0,0.7806682098600625,51,18,3
