No.,timestamp,time_seconds,users,cpu_utilization,gpu_utilization,bandwidth_utilization,cache_utilization,network_cpu_utilization,network_gpu_utilization,network_cache_utilization,mobile_cpu_utilization,mobile_gpu_utilization,mobile_cache_utilization,latency,comp_latency,comm_latency,latency_diff,queue_time,decision_time_ms,success,fail_reason,sfc_id,recovery_time,sfc_recovered,cpu_saved,gpu_saved,cache_saved,shared_vnfs,running_sfcs,running_players,running_sessions,trascode_bw,crashing,acceptance_rate,cpu_per_flow,gpu_per_flow,cache_per_flow,jain_cpu,jain_gpu,jain_cache,jain_bw,server_energy_consumption,mobile_energy_consumption,total_energy_consumption,avg_sfc_reliability,high_risk_sfcs,medium_risk_sfcs,low_risk_sfcs
0,1772828678.8789089,0,1,0.0188,0.0328,0.0132,0.0249,1.9439,3.2759,2.4947,0.0,0.0,0.0,2.08,1.43,0.65,None,0.00029778480529785156,24.716,True,None,sfc_cache_p1_1,0,None,0.0,0.0,0.0,1,2,1,1,0,False,100.0,9.0,6.5,16.5,0.1285,0.0833,0.04,0.0312,2078.0529329825104,2068.0529329825104,10.0,0.9893231943924791,0,0,2
0,1772828678.8798614,0.0,1,0.0188,0.0328,0.0132,0.0249,1.9439,3.2759,2.4947,0.0,0.0,0.0,2.95,1.86,1.08,None,0.00029778480529785156,29.493,True,None,sfc_unique_p1_1,0,None,0.0,0.0,0.0,1,2,1,1,0,False,100.0,9.0,6.5,16.5,0.1285,0.0833,0.04,0.0312,2078.0529329825104,2068.0529329825104,10.0,0.9893231943924791,0,0,2
0,1772828678.9394395,0.1,2,0.0326,0.0546,0.0263,0.0249,3.4559,5.4606,2.4947,0.0,0.0,0.0,2.08,1.43,0.65,None,0.06573247909545898,23.458,True,None,sfc_cache_p2_1,0,None,4.0,4.33,33.0,5,4,2,1,0,False,100.0,8.0,5.4175,8.25,0.1252,0.0833,0.0385,0.0312,2111.3980034050455,2091.3980034050455,20.0,0.9844552959660225,0,0,4
0,1772828678.9402695,0.1,2,0.0326,0.0546,0.0263,0.0249,3.4559,5.4606,2.4947,0.0,0.0,0.0,2.95,1.86,1.08,None,0.06573247909545898,27.147,True,None,sfc_unique_p2_1,0,None,4.0,4.33,33.0,5,4,2,1,0,False,100.0,8.0,5.4175,8.25,0.1252,0.0833,0.0385,0.0312,2111.3980034050455,2091.3980034050455,20.0,0.9844552959660225,0,0,4
0,1772828679.0003612,0.1,3,0.0457,0.0765,0.0395,0.0249,4.9678,7.6454,2.4947,0.0,0.0,0.0,2.08,1.43,0.65,None,0.12610435485839844,23.372,True,None,sfc_cache_p3_1,0,None,8.0,8.66,66.0,9,6,3,1,0,False,100.0,7.666666666666667,5.056666666666667,5.5,0.1189,0.0833,0.037,0.0312,2150.658566785328,2120.658566785328,30.0,0.9796035088841756,0,0,6
0,1772828679.0012834,0.1,3,0.0457,0.0765,0.0395,0.0249,4.9678,7.6454,2.4947,0.0,0.0,0.0,2.95,1.86,1.08,None,0.12610435485839844,27.559,True,None,sfc_unique_p3_1,0,None,8.0,8.66,66.0,9,6,3,1,0,False,100.0,7.666666666666667,5.056666666666667,5.5,0.1189,0.0833,0.037,0.0312,2150.658566785328,2120.658566785328,30.0,0.9796035088841756,0,0,6
0,1772828679.060845,0.2,4,0.0578,0.0983,0.0527,0.0249,6.4798,9.8302,2.4947,0.0,0.0,0.0,2.08,1.43,0.65,None,0.18712687492370605,23.403,True,None,sfc_cache_p4_1,0,None,12.0,12.99,99.0,13,8,4,1,0,False,100.0,7.5,4.87625,4.125,0.1125,0.0833,0.0357,0.0312,2184.8243305989786,2144.8243305989786,40.0,0.9747678026824262,0,0,8
0,1772828679.0617788,0.2,4,0.0578,0.0983,0.0527,0.0249,6.4798,9.8302,2.4947,0.0,0.0,0.0,2.95,1.86,1.08,None,0.18712687492370605,26.746,True,None,sfc_unique_p4_1,0,None,12.0,12.99,99.0,13,8,4,1,0,False,100.0,7.5,4.87625,4.125,0.1125,0.0833,0.0357,0.0312,2184.8243305989786,2144.8243305989786,40.0,0.9747678026824262,0,0,8
0,1772828679.1211615,0.2,5,0.0696,0.1201,0.0658,0.0249,7.9917,12.0149,2.4947,0.0,0.0,0.0,2.08,1.43,0.65,None,0.24762558937072754,23.403,True,None,sfc_cache_p5_1,0,None,16.0,17.32,132.0,17,10,5,1,0,False,100.0,7.4,4.768,3.3,0.1064,0.0833,0.0345,0.0312,2205.701903730073,2155.701903730073,50.0,0.969948146922075,0,0,10
0,1772828679.1221154,0.2,5,0.0696,0.1201,0.0658,0.0249,7.9917,12.0149,2.4947,0.0,0.0,0.0,2.95,1.86,1.08,None,0.24762558937072754,26.753,True,None,sfc_unique_p5_1,0,None,16.0,17.32,132.0,17,10,5,1,0,False,100.0,7.4,4.768,3.3,0.1064,0.0833,0.0345,0.0312,2205.701903730073,2155.701903730073,50.0,0.969948146922075,0,0,10
0,1772828679.1809373,0.3,6,0.0801,0.1428,0.0795,0.0249,9.468,14.2828,2.4947,0.0,0.0,0.0,2.08,1.43,0.65,None,0.3080005645751953,23.094,True,None,sfc_cache_p6_1,0,None,20.0,21.65,165.0,20,12,6,1,0,False,100.0,7.305833333333333,4.723333333333334,2.75,0.1071,0.1137,0.0333,0.0309,2237.370763039777,2177.370763039777,60.0,0.9651676656471898,0,0,12
0,1772828679.1819863,0.3,6,0.0801,0.1428,0.0795,0.0249,9.468,14.2828,2.4947,0.0,0.0,0.0,3.02,1.92,1.1,None,0.3080005645751953,26.312,True,None,sfc_unique_p6_1,0,None,20.0,21.65,165.0,20,12,6,1,0,False,100.0,7.305833333333333,4.723333333333334,2.75,0.1071,0.1137,0.0333,0.0309,2237.370763039777,2177.370763039777,60.0,0.9651676656471898,0,0,12
0,1772828703.898978,25.0,6,0.0823,0.2083,0.0973,0.0499,10.008,20.8346,4.9894,0.0,0.0,0.0,2.25,1.38,0.86,None,0.0004458427429199219,14.194,True,None,sfc_cache_p1_2,0,None,20.0,21.65,165.0,21,14,6,2,0,False,100.0,6.619285714285715,5.905714285714287,4.714285714285714,0.1213,0.236,0.0556,0.0413,2301.3335396997372,2231.3335396997372,70.0,0.960030516680357,0,2,12
0,1772828703.8995476,25.0,6,0.0823,0.2083,0.0973,0.0499,10.008,20.8346,4.9894,0.0,0.0,0.0,3.93,2.63,1.3,None,0.0004458427429199219,17.029,True,None,sfc_unique_p1_2,0,None,20.0,21.65,165.0,21,14,6,2,0,False,100.0,6.619285714285715,5.905714285714287,4.714285714285714,0.1213,0.236,0.0556,0.0413,2301.3335396997372,2231.3335396997372,70.0,0.960030516680357,0,2,12
0,1772828703.9363453,25.1,7,0.0883,0.2529,0.1132,0.0748,10.98,25.2873,7.4841,0.0,0.0,0.0,3.01,2.14,0.86,None,0.0389704704284668,13.606,True,None,sfc_cache_p2_2,0,None,20.0,25.98,165.0,24,16,6,2,0,False,100.0,6.354375,6.271875,6.1875,0.1396,0.2645,0.0788,0.0513,2349.0361399164212,2269.0361399164212,80.0,0.9506249461854422,0,4,12
0,1772828703.9370396,25.1,7,0.0883,0.2529,0.1132,0.0748,10.98,25.2873,7.4841,0.0,0.0,0.0,3.93,2.63,1.3,None,0.0389704704284668,16.595,True,None,sfc_unique_p2_2,0,None,20.0,25.98,165.0,24,16,6,2,0,False,100.0,6.354375,6.271875,6.1875,0.1396,0.2645,0.0788,0.0513,2349.0361399164212,2269.0361399164212,80.0,0.9506249461854422,0,4,12
0,1772828704.0292478,25.2,8,0.0989,0.2747,0.1264,0.0748,12.4919,27.472,7.4841,0.0,0.0,0.0,3.01,2.14,0.86,None,0.07648444175720215,69.932,True,None,sfc_cache_p3_2,0,None,24.0,30.31,198.0,28,18,6,2,0,False,100.0,6.426111111111111,6.056666666666667,5.5,0.1594,0.2761,0.0764,0.0602,2390.7518186039315,2300.7518186039315,90.0,0.9449604945343604,0,5,13
0,1772828704.0298796,25.2,8,0.0989,0.2747,0.1264,0.0748,12.4919,27.472,7.4841,0.0,0.0,0.0,4.69,3.39,1.3,None,0.07648444175720215,15.203,True,None,sfc_unique_p3_2,0,None,24.0,30.31,198.0,28,18,6,2,0,False,100.0,6.426111111111111,6.056666666666667,5.5,0.1594,0.2761,0.0764,0.0602,2390.7518186039315,2300.7518186039315,90.0,0.9449604945343604,0,5,13
0,1772828704.067986,25.2,9,0.108,0.2966,0.1395,0.0748,14.0038,29.6568,7.4841,0.0,0.0,0.0,3.01,2.14,0.86,None,0.1690669059753418,14.325,True,None,sfc_cache_p4_2,0,None,28.0,34.64,231.0,32,20,6,2,0,False,100.0,6.483499999999999,5.8845,4.95,0.1674,0.2802,0.0742,0.0676,2426.5682556879738,2326.5682556879738,100.0,0.9387611798526642,0,8,12
0,1772828704.0687673,25.2,9,0.108,0.2966,0.1395,0.0748,14.0038,29.6568,7.4841,0.0,0.0,0.0,4.69,3.39,1.3,None,0.1690669059753418,16.619,True,None,sfc_unique_p4_2,0,None,28.0,34.64,231.0,32,20,6,2,0,False,100.0,6.483499999999999,5.8845,4.95,0.1674,0.2802,0.0742,0.0676,2426.5682556879738,2326.5682556879738,100.0,0.9387611798526642,0,8,12
0,1772828704.1060216,25.2,10,0.1166,0.3184,0.1527,0.0748,15.5158,31.8415,7.4841,0.0,0.0,0.0,3.01,2.14,0.86,None,0.20807790756225586,13.558,True,None,sfc_cache_p5_2,0,None,32.0,38.97,264.0,36,22,6,2,0,False,100.0,6.530454545454545,5.743636363636363,4.5,0.1669,0.2787,0.0721,0.0732,2446.7919052778207,2336.7919052778207,110.0,0.9321862026891647,0,10,12
0,1772828704.106793,25.2,10,0.1166,0.3184,0.1527,0.0748,15.5158,31.8415,7.4841,0.0,0.0,0.0,4.69,3.39,1.3,None,0.20807790756225586,16.362,True,None,sfc_unique_p5_2,0,None,32.0,38.97,264.0,36,22,6,2,0,False,100.0,6.530454545454545,5.743636363636363,4.5,0.1669,0.2787,0.0721,0.0732,2446.7919052778207,2336.7919052778207,110.0,0.9321862026891647,0,10,12
0,1772828704.1549158,25.3,11,0.1297,0.3268,0.165,0.0748,17.6044,32.6807,7.4841,0.0,0.0,0.0,3.01,2.14,0.86,None,0.24605894088745117,14.066,True,None,sfc_cache_p6_2,0,None,36.0,43.3,297.0,40,24,6,2,0,False,100.0,6.792083333333333,5.40375,4.125,0.1575,0.2793,0.0701,0.0773,2470.8784120105247,2350.8784120105247,120.0,0.9182868584512572,9,3,12
0,1772828704.1560426,25.3,11,0.1297,0.3268,0.165,0.0748,17.6044,32.6807,7.4841,0.0,0.0,0.0,4.69,3.39,1.3,None,0.24605894088745117,26.349,True,None,sfc_unique_p6_2,0,None,36.0,43.3,297.0,40,24,6,2,0,False,100.0,6.792083333333333,5.40375,4.125,0.1575,0.2793,0.0701,0.0773,2470.8784120105247,2350.8784120105247,120.0,0.9182868584512572,9,3,12
0,1772828720.9709153,42.1,11,0.1419,0.3596,0.1787,0.0998,19.5484,35.9566,9.9788,0.0,0.0,0.0,1.83,1.02,0.81,None,0.0018696784973144531,15.779,True,None,sfc_cache_p1_3,0,None,36.0,43.3,297.0,41,26,6,3,0,False,100.0,6.961923076923076,5.488076923076923,5.076923076923077,0.155,0.311,0.0932,0.0764,2517.533728524996,2387.533728524996,130.0,0.9183858091229422,9,3,14
0,1772828720.972178,42.1,11,0.1419,0.3596,0.1787,0.0998,19.5484,35.9566,9.9788,0.0,0.0,0.0,3.16,1.92,1.24,None,0.0018696784973144531,24.325,True,None,sfc_unique_p1_3,0,None,36.0,43.3,297.0,41,26,6,3,0,False,100.0,6.961923076923076,5.488076923076923,5.076923076923077,0.155,0.311,0.0932,0.0764,2517.533728524996,2387.533728524996,130.0,0.9183858091229422,9,3,14
0,1772828721.030123,42.2,12,0.1496,0.3923,0.1931,0.1247,21.0247,39.2324,12.4735,0.0,0.0,0.0,1.84,1.02,0.82,None,0.057152509689331055,21.896,True,None,sfc_cache_p2_3,0,None,40.33,43.3,297.0,43,28,6,3,0,False,100.0,6.952857142857143,5.560357142857143,5.892857142857143,0.1493,0.3231,0.1163,0.0739,2563.7545147809938,2423.7545147809938,140.0,0.918071502234525,9,3,16
0,1772828721.0313902,42.2,12,0.1496,0.3923,0.1931,0.1247,21.0247,39.2324,12.4735,0.0,0.0,0.0,3.16,1.92,1.24,None,0.057152509689331055,24.583,True,None,sfc_unique_p2_3,0,None,40.33,43.3,297.0,43,28,6,3,0,False,100.0,6.952857142857143,5.560357142857143,5.892857142857143,0.1493,0.3231,0.1163,0.0739,2563.7545147809938,2423.7545147809938,140.0,0.918071502234525,9,3,16
0,1772828721.0882719,42.2,13,0.1589,0.4192,0.207,0.1497,22.7526,41.9212,14.9682,0.0,0.0,0.0,2.25,1.43,0.82,None,0.11621809005737305,21.34,True,None,sfc_cache_p3_3,0,None,44.66,43.3,297.0,45,30,6,3,0,False,100.0,7.022666666666667,5.545333333333334,6.6,0.1534,0.352,0.1202,0.0756,2598.633016560904,2448.633016560904,150.0,0.9193351188349806,9,3,18
0,1772828721.0896473,42.2,13,0.1589,0.4192,0.207,0.1497,22.7526,41.9212,14.9682,0.0,0.0,0.0,3.05,1.69,1.36,None,0.11621809005737305,23.712,True,None,sfc_unique_p3_3,0,None,44.66,43.3,297.0,45,30,6,3,0,False,100.0,7.022666666666667,5.545333333333334,6.6,0.1534,0.352,0.1202,0.0756,2598.633016560904,2448.633016560904,150.0,0.9193351188349806,9,3,18
0,1772828721.1440306,42.3,14,0.1589,0.4192,0.207,0.1497,22.7526,41.9212,14.9682,0.0,0.0,0.0,None,None,None,None,0.17438459396362305,21.208,False,None,sfc_cache_p4_3,0,None,44.66,43.3,297.0,45,30,6,3,0,False,96.7741935483871,7.022666666666667,5.545333333333334,6.6,0.1534,0.352,0.1202,0.0756,2598.633016560904,2448.633016560904,150.0,0.9193351188349806,9,3,18
0,1772828721.1454484,42.3,14,0.1589,0.4192,0.207,0.1497,22.7526,41.9212,14.9682,0.0,0.0,0.0,6.29,4.58,1.72,None,0.17438459396362305,20.578,False,None,sfc_unique_p4_3,0,None,44.66,43.3,297.0,45,30,6,3,0,False,93.75,7.022666666666667,5.545333333333334,6.6,0.1534,0.352,0.1202,0.0756,2598.633016560904,2448.633016560904,150.0,0.9193351188349806,9,3,18
0,1772828721.200165,42.3,15,0.1589,0.4192,0.207,0.1497,22.7526,41.9212,14.9682,0.0,0.0,0.0,None,None,None,None,0.22932791709899902,21.495,False,None,sfc_cache_p5_3,0,None,44.66,43.3,297.0,45,30,6,3,0,False,90.9090909090909,7.022666666666667,5.545333333333334,6.6,0.1534,0.352,0.1202,0.0756,2598.633016560904,2448.633016560904,150.0,0.9193351188349806,9,3,18
0,1772828721.2015502,42.3,15,0.1589,0.4192,0.207,0.1497,22.7526,41.9212,14.9682,0.0,0.0,0.0,6.29,4.58,1.72,None,0.22932791709899902,20.6,False,None,sfc_unique_p5_3,0,None,44.66,43.3,297.0,45,30,6,3,0,False,88.23529411764706,7.022666666666667,5.545333333333334,6.6,0.1534,0.352,0.1202,0.0756,2598.633016560904,2448.633016560904,150.0,0.9193351188349806,9,3,18
0,1772828721.2561355,42.4,16,0.1589,0.4192,0.207,0.1497,22.7526,41.9212,14.9682,0.0,0.0,0.0,None,None,None,None,0.28530097007751465,21.26,False,None,sfc_cache_p6_3,0,None,44.66,43.3,297.0,45,30,6,3,0,False,85.71428571428571,7.022666666666667,5.545333333333334,6.6,0.1534,0.352,0.1202,0.0756,2598.633016560904,2448.633016560904,150.0,0.9193351188349806,9,3,18
0,1772828721.2575464,42.4,16,0.1589,0.4192,0.207,0.1497,22.7526,41.9212,14.9682,0.0,0.0,0.0,6.29,4.58,1.72,None,0.28530097007751465,20.677,False,None,sfc_unique_p6_3,0,None,44.66,43.3,297.0,45,30,6,3,0,False,83.33333333333334,7.022666666666667,5.545333333333334,6.6,0.1534,0.352,0.1202,0.0756,2598.633016560904,2448.633016560904,150.0,0.9193351188349806,9,3,18
0,1772828746.0100288,67.1,16,0.1749,0.4301,0.2195,0.1746,25.6329,43.0123,17.463,0.0,0.0,0.0,2.51,1.76,0.75,None,0.00020051002502441406,21.224,True,None,sfc_cache_p1_4,0,None,44.66,43.3,297.0,46,32,6,4,0,False,83.78378378378379,7.4171875,5.3340625,7.21875,0.1577,0.3502,0.1243,0.0836,2633.576053242532,2473.576053242532,160.0,0.91427567779501,9,4,19
0,1772828746.0114233,67.1,16,0.1749,0.4301,0.2195,0.1746,25.6329,43.0123,17.463,0.0,0.0,0.0,6.14,4.97,1.18,None,0.00020051002502441406,23.072,True,None,sfc_unique_p1_4,0,None,44.66,43.3,297.0,46,32,6,4,0,False,84.21052631578947,7.4171875,5.3340625,7.21875,0.1577,0.3502,0.1243,0.0836,2633.576053242532,2473.576053242532,160.0,0.91427567779501,9,4,19
0,1772828746.0681176,67.2,17,0.189,0.441,0.232,0.1746,28.0811,44.1034,17.463,0.0,0.0,0.0,2.51,1.76,0.75,None,0.05886983871459961,20.549,True,None,sfc_cache_p2_4,0,None,48.66,43.3,330.0,49,34,6,4,0,False,84.61538461538461,7.647647058823529,5.14764705882353,6.794117647058823,0.1553,0.3481,0.1213,0.0903,2660.6129082185416,2490.6129082185416,170.0,0.9050552034360263,9,6,19
0,1772828746.0695488,67.2,17,0.189,0.441,0.232,0.1746,28.0811,44.1034,17.463,0.0,0.0,0.0,6.14,4.97,1.18,None,0.05886983871459961,23.252,True,None,sfc_unique_p2_4,0,None,48.66,43.3,330.0,49,34,6,4,0,False,85.0,7.647647058823529,5.14764705882353,6.794117647058823,0.1553,0.3481,0.1213,0.0903,2660.6129082185416,2490.6129082185416,170.0,0.9050552034360263,9,6,19
0,1772828746.1267865,67.2,18,0.2049,0.441,0.243,0.1746,30.997,44.1034,17.463,0.0,0.0,0.0,3.68,2.93,0.75,None,0.11701393127441406,20.499,True,None,sfc_cache_p3_4,0,None,52.66,43.3,363.0,52,36,6,4,0,False,85.36585365853658,7.972777777777777,4.861666666666667,6.416666666666667,0.147,0.3481,0.1184,0.0958,2685.372620337409,2505.372620337409,180.0,0.8953339333863661,14,3,19
0,1772828746.1282663,67.2,18,0.2049,0.441,0.243,0.1746,30.997,44.1034,17.463,0.0,0.0,0.0,6.14,4.97,1.18,None,0.11701393127441406,23.219,True,None,sfc_unique_p3_4,0,None,52.66,43.3,363.0,52,36,6,4,0,False,85.71428571428571,7.972777777777777,4.861666666666667,6.416666666666667,0.147,0.3481,0.1184,0.0958,2685.372620337409,2505.372620337409,180.0,0.8953339333863661,14,3,19
0,1772828746.174662,67.3,19,0.2137,0.4679,0.2592,0.1746,32.7606,46.7922,17.463,0.0,0.0,0.0,2.51,1.77,0.75,None,0.17577409744262695,20.413,True,None,sfc_cache_p4_4,0,None,56.66,43.3,396.0,54,38,6,4,0,False,86.04651162790698,7.9828947368421055,4.886578947368421,6.078947368421052,0.1492,0.3814,0.1156,0.0998,2729.001087292989,2539.001087292989,190.0,0.8944501022030992,14,6,18
0,1772828746.1755588,67.3,19,0.2137,0.4679,0.2592,0.1746,32.7606,46.7922,17.463,0.0,0.0,0.0,3.89,2.68,1.21,None,0.17577409744262695,13.666,True,None,sfc_unique_p4_4,0,None,56.66,43.3,396.0,54,38,6,4,0,False,86.36363636363636,7.9828947368421055,4.886578947368421,6.078947368421052,0.1492,0.3814,0.1156,0.0998,2729.001087292989,2539.001087292989,190.0,0.8944501022030992,14,6,18
0,1772828746.2104197,67.3,20,0.2173,0.4948,0.2753,0.1746,34.0565,49.4809,17.463,0.0,0.0,0.0,2.51,1.77,0.75,None,0.22241735458374023,11.889,True,None,sfc_cache_p5_4,0,None,64.99,43.3,429.0,58,40,6,4,0,False,86.66666666666667,7.883750000000001,4.909000000000001,5.775,0.1465,0.4081,0.113,0.1023,2774.381979569726,2574.381979569726,200.0,0.8933374966252086,14,8,18
0,1772828746.2112675,67.3,20,0.2173,0.4948,0.2753,0.1746,34.0565,49.4809,17.463,0.0,0.0,0.0,3.89,2.68,1.21,None,0.22241735458374023,13.869,True,None,sfc_unique_p5_4,0,None,64.99,43.3,429.0,58,40,6,4,0,False,86.95652173913044,7.883750000000001,4.909000000000001,5.775,0.1465,0.4081,0.113,0.1023,2774.381979569726,2574.381979569726,200.0,0.8933374966252086,14,8,18
0,1772828746.2460155,67.4,21,0.2227,0.5217,0.2915,0.1746,35.3525,52.1696,17.463,0.0,0.0,0.0,2.51,1.77,0.75,None,0.2581362724304199,11.966,True,None,sfc_cache_p6_4,0,None,73.32,43.3,462.0,62,42,6,4,0,False,87.2340425531915,7.794047619047619,4.929285714285714,5.5,0.1433,0.4277,0.1105,0.1038,2813.350593561368,2603.350593561368,210.0,0.8915889241535314,14,10,18
0,1772828746.2469115,67.4,21,0.2227,0.5217,0.2915,0.1746,35.3525,52.1696,17.463,0.0,0.0,0.0,3.89,2.68,1.21,None,0.2581362724304199,13.668,True,None,sfc_unique_p6_4,0,None,73.32,43.3,462.0,62,42,6,4,0,False,87.5,7.794047619047619,4.929285714285714,5.5,0.1433,0.4277,0.1105,0.1038,2813.350593561368,2603.350593561368,210.0,0.8915889241535314,14,10,18
0,1772828763.046768,84.2,21,0.2299,0.5553,0.3048,0.1996,37.2608,55.5287,19.9577,0.0,0.0,0.0,4.04,2.78,1.25,None,0.00031685829162597656,21.379,True,None,sfc_cache_p1_5,0,None,73.32,43.3,462.0,62,44,6,5,0,False,87.75510204081633,7.841363636363636,5.008181818181819,6.0,0.1723,0.5604,0.1067,0.1102,2869.153312427544,2649.153312427544,220.0,0.8865838994800087,16,10,18
0,1772828763.048633,84.2,21,0.2299,0.5553,0.3048,0.1996,37.2608,55.5287,19.9577,0.0,0.0,0.0,9.61,8.06,1.55,None,0.00031685829162597656,19.901,True,None,sfc_unique_p1_5,0,None,73.32,43.3,462.0,62,44,6,5,0,False,88.0,7.841363636363636,5.008181818181819,6.0,0.1723,0.5604,0.1067,0.1102,2869.153312427544,2649.153312427544,220.0,0.8865838994800087,16,10,18
0,1772828763.1014266,84.2,22,0.2387,0.5889,0.3186,0.2245,39.1691,58.8877,22.4524,0.0,0.0,0.0,5.12,3.75,1.37,None,0.06042766571044922,17.371,True,None,sfc_cache_p2_5,0,None,73.32,43.3,462.0,62,46,6,5,0,False,88.23529411764706,7.884565217391304,5.080217391304347,6.456521739130435,0.2006,0.6398,0.1246,0.1194,2916.147424606038,2686.147424606038,230.0,0.8757666647318325,18,10,18
0,1772828763.103312,84.2,22,0.2387,0.5889,0.3186,0.2245,39.1691,58.8877,22.4524,0.0,0.0,0.0,8.57,6.9,1.67,None,0.06042766571044922,19.174,True,None,sfc_unique_p2_5,0,None,73.32,43.3,462.0,62,46,6,5,0,False,88.46153846153845,7.884565217391304,5.080217391304347,6.456521739130435,0.2006,0.6398,0.1246,0.1194,2916.147424606038,2686.147424606038,230.0,0.8757666647318325,18,10,18
0,1772828763.1557586,84.3,23,0.2448,0.6107,0.3338,0.2245,40.681,61.0725,22.4524,0.0,0.0,0.0,5.12,3.75,1.37,None,0.11537718772888184,16.798,True,None,sfc_cache_p3_5,0,None,77.32,47.63,495.0,66,48,6,5,0,False,88.67924528301887,7.847708333333333,5.049166666666667,6.1875,0.211,0.6894,0.122,0.129,2962.113561885245,2722.113561885245,240.0,0.8674459555270189,20,10,18
0,1772828763.1576524,84.3,23,0.2448,0.6107,0.3338,0.2245,40.681,61.0725,22.4524,0.0,0.0,0.0,7.2,5.4,1.81,None,0.11537718772888184,18.41,True,None,sfc_unique_p3_5,0,None,77.32,47.63,495.0,66,48,6,5,0,False,88.88888888888889,7.847708333333333,5.049166666666667,6.1875,0.211,0.6894,0.122,0.129,2962.113561885245,2722.113561885245,240.0,0.8674459555270189,20,10,18
0,1772828763.2107618,84.3,24,0.2509,0.6326,0.3491,0.2245,42.193,63.2572,22.4524,0.0,0.0,0.0,5.12,3.75,1.37,None,0.16949915885925293,16.719,True,None,sfc_cache_p4_5,0,None,81.32,51.96,528.0,70,50,6,5,0,False,89.0909090909091,7.8138,5.0206,5.94,0.2144,0.7169,0.1195,0.137,3004.409699164451,2754.409699164451,250.0,0.8570620989674427,22,10,18
0,1772828763.212751,84.3,24,0.2509,0.6326,0.3491,0.2245,42.193,63.2572,22.4524,0.0,0.0,0.0,7.2,5.4,1.81,None,0.16949915885925293,19.158,True,None,sfc_unique_p4_5,0,None,81.32,51.96,528.0,70,50,6,5,0,False,89.28571428571429,7.8138,5.0206,5.94,0.2144,0.7169,0.1195,0.137,3004.409699164451,2754.409699164451,250.0,0.8570620989674427,22,10,18
0,1772828763.2661648,84.4,25,0.2558,0.6544,0.3643,0.2245,43.7049,65.442,22.4524,0.0,0.0,0.0,5.12,3.75,1.37,None,0.2245180606842041,16.744,True,None,sfc_cache_p5_5,0,None,85.32,56.29,561.0,74,52,6,5,0,False,89.47368421052632,7.7825,4.994230769230769,5.711538461538462,0.2119,0.7228,0.1171,0.1433,3030.689104184594,2770.689104184594,260.0,0.844983086656026,24,10,18
0,1772828763.2681637,84.4,25,0.2558,0.6544,0.3643,0.2245,43.7049,65.442,22.4524,0.0,0.0,0.0,7.2,5.4,1.81,None,0.2245180606842041,19.143,True,None,sfc_unique_p5_5,0,None,85.32,56.29,561.0,74,52,6,5,0,False,89.65517241379311,7.7825,4.994230769230769,5.711538461538462,0.2119,0.7228,0.1171,0.1433,3030.689104184594,2770.689104184594,260.0,0.844983086656026,24,10,18
0,1772828763.4115396,84.5,26,0.2615,0.6763,0.3796,0.2245,45.2169,67.6268,22.4524,0.0,0.0,0.0,5.12,3.75,1.37,None,0.280076265335083,16.518,True,None,sfc_cache_p6_5,0,None,89.32,60.62,594.0,78,54,6,5,0,False,89.83050847457628,7.7535185185185185,4.969814814814815,5.5,0.2052,0.7538,0.1148,0.1479,3059.010765170029,2789.010765170029,270.0,0.825364998836111,26,10,18
0,1772828763.4138832,84.5,26,0.2615,0.6763,0.3796,0.2245,45.2169,67.6268,22.4524,0.0,0.0,0.0,7.3,5.49,1.81,None,0.280076265335083,18.018,True,None,sfc_unique_p6_5,0,None,89.32,60.62,594.0,78,54,6,5,0,False,90.0,7.7535185185185185,4.969814814814815,5.5,0.2052,0.7538,0.1148,0.1479,3059.010765170029,2789.010765170029,270.0,0.825364998836111,26,10,18
0,1772828776.059573,97.2,26,0.2776,0.6763,0.394,0.2495,48.5647,67.6268,24.9471,0.0,0.0,0.0,6.99,4.74,2.26,None,0.00038123130798339844,14.034,True,None,sfc_cache_p1_6,0,None,89.32,60.62,594.0,79,56,6,6,0,False,90.1639344262295,8.030178571428571,4.792321428571428,5.892857142857143,0.213,0.7538,0.1102,0.1561,3091.5053866617022,2811.5053866617022,280.0,0.8102137512967073,28,10,18
0,1772828776.0608609,97.2,26,0.2776,0.6763,0.394,0.2495,48.5647,67.6268,24.9471,0.0,0.0,0.0,12.46,9.77,2.69,None,0.00038123130798339844,11.102,True,None,sfc_unique_p1_6,0,None,89.32,60.62,594.0,79,56,6,6,0,False,90.32258064516128,8.030178571428571,4.792321428571428,5.892857142857143,0.213,0.7538,0.1102,0.1561,3091.5053866617022,2811.5053866617022,280.0,0.8102137512967073,28,10,18
0,1772828776.093649,97.2,27,0.2907,0.6872,0.4104,0.2744,51.445,68.7179,27.4418,0.0,0.0,0.0,7.15,4.09,3.06,None,0.041127681732177734,9.883,True,None,sfc_cache_p2_6,0,None,89.32,60.62,594.0,80,58,6,6,0,False,90.47619047619048,8.213103448275863,4.701724137931034,6.258620689655173,0.21,0.7798,0.1251,0.1653,3119.711855518225,2829.711855518225,290.0,0.7963319301187749,30,10,18
0,1772828776.095134,97.2,27,0.2907,0.6872,0.4104,0.2744,51.445,68.7179,27.4418,0.0,0.0,0.0,12.46,9.77,2.69,None,0.041127681732177734,10.796,True,None,sfc_unique_p2_6,0,None,89.32,60.62,594.0,80,58,6,6,0,False,90.625,8.213103448275863,4.701724137931034,6.258620689655173,0.21,0.7798,0.1251,0.1653,3119.711855518225,2829.711855518225,290.0,0.7963319301187749,30,10,18
0,1772828776.1268163,97.2,28,0.2937,0.7182,0.4312,0.2744,52.5617,71.8249,27.4418,0.0,0.0,0.0,7.15,4.09,3.06,None,0.07552790641784668,9.523,True,None,sfc_cache_p3_6,0,None,93.32,64.95,627.0,83,60,6,6,0,False,90.76923076923077,8.111666666666666,4.7505,6.05,0.2181,0.8629,0.1228,0.1756,3157.7719732746555,2857.7719732746555,300.0,0.7872135976990149,32,10,18
0,1772828776.1280618,97.2,28,0.2937,0.7182,0.4312,0.2744,52.5617,71.8249,27.4418,0.0,0.0,0.0,8.29,5.2,3.08,None,0.07552790641784668,9.354,True,None,sfc_unique_p3_6,0,None,93.32,64.95,627.0,83,60,6,6,0,False,90.9090909090909,8.111666666666666,4.7505,6.05,0.2181,0.8629,0.1228,0.1756,3157.7719732746555,2857.7719732746555,300.0,0.7872135976990149,32,10,18
0,1772828776.1592104,97.3,29,0.2991,0.7401,0.4496,0.2744,54.5412,74.0097,27.4418,0.0,0.0,0.0,8.04,4.98,3.06,None,0.10821294784545898,9.812,True,None,sfc_cache_p4_6,0,None,97.32,64.95,660.0,86,62,6,6,0,False,91.04477611940298,8.145645161290322,4.737096774193549,5.854838709677419,0.2188,0.9005,0.1206,0.1864,3199.142355983053,2889.142355983053,310.0,0.7823845427839585,34,10,18
0,1772828776.1605785,97.3,29,0.2991,0.7401,0.4496,0.2744,54.5412,74.0097,27.4418,0.0,0.0,0.0,7.91,4.42,3.49,None,0.10821294784545898,9.242,True,None,sfc_unique_p4_6,0,None,97.32,64.95,660.0,86,62,6,6,0,False,91.17647058823529,8.145645161290322,4.737096774193549,5.854838709677419,0.2188,0.9005,0.1206,0.1864,3199.142355983053,2889.142355983053,310.0,0.7823845427839585,34,10,18
0,1772828776.1946976,97.3,30,0.3021,0.7703,0.4706,0.2744,55.6936,77.0336,27.4418,0.0,0.0,0.0,7.73,4.67,3.06,None,0.14121198654174805,9.175,True,None,sfc_cache_p5_6,0,None,101.32,69.28,693.0,90,64,6,6,0,False,91.30434782608695,8.0578125,4.7765625,5.671875,0.2182,0.9165,0.1184,0.1947,3232.7852131259106,2912.7852131259106,320.0,0.7766780823035316,36,10,18
0,1772828776.1961274,97.3,30,0.3021,0.7703,0.4706,0.2744,55.6936,77.0336,27.4418,0.0,0.0,0.0,6.07,2.58,3.49,None,0.14121198654174805,10.977,True,None,sfc_unique_p5_6,0,None,101.32,69.28,693.0,90,64,6,6,0,False,91.42857142857143,8.0578125,4.7765625,5.671875,0.2182,0.9165,0.1184,0.1947,3232.7852131259106,2912.7852131259106,320.0,0.7766780823035316,36,10,18
0,1772828776.2294881,97.4,31,0.3021,0.7703,0.4706,0.2744,55.6936,77.0336,27.4418,0.0,0.0,0.0,None,None,None,None,0.17623615264892578,10.403,False,None,sfc_cache_p6_6,0,None,101.32,69.28,693.0,90,64,6,6,0,False,90.14084507042254,8.0578125,4.7765625,5.671875,0.2182,0.9165,0.1184,0.1947,3232.7852131259106,2912.7852131259106,320.0,0.7766780823035316,36,10,18
0,1772828776.2312095,97.4,31,0.3021,0.7703,0.4706,0.2744,55.6936,77.0336,27.4418,0.0,0.0,0.0,None,None,None,None,0.17623615264892578,10.118,False,None,sfc_unique_p6_6,0,None,101.32,69.28,693.0,90,64,6,6,0,False,88.88888888888889,8.0578125,4.7765625,5.671875,0.2182,0.9165,0.1184,0.1947,3232.7852131259106,2912.7852131259106,320.0,0.7766780823035316,36,10,18
0,1772828799.095432,120.2,31,0.2853,0.6603,0.0137,0.2744,48.1695,66.0266,27.4418,0.0,0.0,0.0,1.65,0.95,0.7,None,0.00018072128295898438,14.474,True,None,sfc_cache_p1_7,0,None,81.32,47.63,528.0,71,54,6,6,0,False,89.04109589041096,8.259814814814815,4.852222222222222,6.722222222222222,0.2269,0.844,0.1492,0.1757,3035.979765052857,2765.979765052857,270.0,0.7464126961783505,39,7,8
0,1772828799.0964866,120.2,31,0.2853,0.6603,0.0137,0.2744,48.1695,66.0266,27.4418,0.0,0.0,0.0,2.9,1.77,1.13,None,0.00018072128295898438,9.557,True,None,sfc_unique_p1_7,0,None,81.32,47.63,528.0,71,54,6,6,0,False,89.1891891891892,8.259814814814815,4.852222222222222,6.722222222222222,0.2269,0.844,0.1492,0.1757,3035.979765052857,2765.979765052857,270.0,0.7464126961783505,39,7,8
0,1772828799.1247578,120.2,32,0.2853,0.6603,0.0137,0.2744,48.1695,66.0266,27.4418,0.0,0.0,0.0,None,None,None,None,0.040335893630981445,9.289,False,None,sfc_cache_p2_7,0,None,81.32,47.63,528.0,71,54,6,6,0,False,88.0,8.259814814814815,4.852222222222222,6.722222222222222,0.2269,0.844,0.1492,0.1757,3035.979765052857,2765.979765052857,270.0,0.7464126961783505,39,7,8
0,1772828799.125814,120.2,32,0.2853,0.6603,0.0137,0.2744,48.1695,66.0266,27.4418,0.0,0.0,0.0,2.89,1.68,1.21,None,0.040335893630981445,7.857,False,None,sfc_unique_p2_7,0,None,81.32,47.63,528.0,71,54,6,6,0,False,86.8421052631579,8.259814814814815,4.852222222222222,6.722222222222222,0.2269,0.844,0.1492,0.1757,3035.979765052857,2765.979765052857,270.0,0.7464126961783505,39,7,8
0,1772828799.154175,120.3,33,0.2853,0.6603,0.0137,0.2744,48.1695,66.0266,27.4418,0.0,0.0,0.0,None,None,None,None,0.06965446472167969,9.17,False,None,sfc_cache_p3_7,0,None,81.32,47.63,528.0,71,54,6,6,0,False,85.71428571428571,8.259814814814815,4.852222222222222,6.722222222222222,0.2269,0.844,0.1492,0.1757,3035.979765052857,2765.979765052857,270.0,0.7464126961783505,39,7,8
0,1772828799.1552708,120.3,33,0.2853,0.6603,0.0137,0.2744,48.1695,66.0266,27.4418,0.0,0.0,0.0,2.89,1.68,1.21,None,0.06965446472167969,7.882,False,None,sfc_unique_p3_7,0,None,81.32,47.63,528.0,71,54,6,6,0,False,84.61538461538461,8.259814814814815,4.852222222222222,6.722222222222222,0.2269,0.844,0.1492,0.1757,3035.979765052857,2765.979765052857,270.0,0.7464126961783505,39,7,8
0,1772828799.183518,120.3,34,0.2853,0.6603,0.0137,0.2744,48.1695,66.0266,27.4418,0.0,0.0,0.0,None,None,None,None,0.09911489486694336,9.337,False,None,sfc_cache_p4_7,0,None,81.32,47.63,528.0,71,54,6,6,0,False,83.54430379746836,8.259814814814815,4.852222222222222,6.722222222222222,0.2269,0.844,0.1492,0.1757,3035.979765052857,2765.979765052857,270.0,0.7464126961783505,39,7,8
0,1772828799.1845946,120.3,34,0.2853,0.6603,0.0137,0.2744,48.1695,66.0266,27.4418,0.0,0.0,0.0,2.89,1.68,1.21,None,0.09911489486694336,7.738,False,None,sfc_unique_p4_7,0,None,81.32,47.63,528.0,71,54,6,6,0,False,82.5,8.259814814814815,4.852222222222222,6.722222222222222,0.2269,0.844,0.1492,0.1757,3035.979765052857,2765.979765052857,270.0,0.7464126961783505,39,7,8
0,1772828799.2128422,120.3,35,0.2853,0.6603,0.0137,0.2744,48.1695,66.0266,27.4418,0.0,0.0,0.0,None,None,None,None,0.12843108177185059,9.264,False,None,sfc_cache_p5_7,0,None,81.32,47.63,528.0,71,54,6,6,0,False,81.48148148148148,8.259814814814815,4.852222222222222,6.722222222222222,0.2269,0.844,0.1492,0.1757,3035.979765052857,2765.979765052857,270.0,0.7464126961783505,39,7,8
0,1772828799.2138774,120.3,35,0.2853,0.6603,0.0137,0.2744,48.1695,66.0266,27.4418,0.0,0.0,0.0,2.89,1.68,1.21,None,0.12843108177185059,7.735,False,None,sfc_unique_p5_7,0,None,81.32,47.63,528.0,71,54,6,6,0,False,80.48780487804879,8.259814814814815,4.852222222222222,6.722222222222222,0.2269,0.844,0.1492,0.1757,3035.979765052857,2765.979765052857,270.0,0.7464126961783505,39,7,8
0,1772828799.242274,120.4,36,0.2853,0.6603,0.0137,0.2744,48.1695,66.0266,27.4418,0.0,0.0,0.0,None,None,None,None,0.15769672393798828,9.262,False,None,sfc_cache_p6_7,0,None,81.32,47.63,528.0,71,54,6,6,0,False,79.51807228915662,8.259814814814815,4.852222222222222,6.722222222222222,0.2269,0.844,0.1492,0.1757,3035.979765052857,2765.979765052857,270.0,0.7464126961783505,39,7,8
0,1772828799.2433474,120.4,36,0.2853,0.6603,0.0137,0.2744,48.1695,66.0266,27.4418,0.0,0.0,0.0,2.89,1.68,1.21,None,0.15769672393798828,7.617,False,None,sfc_unique_p6_7,0,None,81.32,47.63,528.0,71,54,6,6,0,False,78.57142857142857,8.259814814814815,4.852222222222222,6.722222222222222,0.2269,0.844,0.1492,0.1757,3035.979765052857,2765.979765052857,270.0,0.7464126961783505,39,7,8
0,1772828824.1359098,145.3,36,0.2709,0.6124,0.017,0.2245,44.4609,61.2388,22.4524,0.0,0.0,0.0,3.4,2.48,0.92,None,0.0002040863037109375,16.958,True,None,sfc_cache_p1_8,0,None,72.66,47.63,528.0,66,50,6,6,0,False,78.82352941176471,8.2338,4.8604,5.94,0.2201,0.7947,0.1086,0.1656,2963.6380222885787,2713.6380222885787,250.0,0.7252235196997738,39,8,3
0,1772828824.1378622,145.3,36,0.2709,0.6124,0.017,0.2245,44.4609,61.2388,22.4524,0.0,0.0,0.0,2.33,0.92,1.41,None,0.0002040863037109375,13.804,True,None,sfc_unique_p1_8,0,None,72.66,47.63,528.0,66,50,6,6,0,False,79.06976744186046,8.2338,4.8604,5.94,0.2201,0.7947,0.1086,0.1656,2963.6380222885787,2713.6380222885787,250.0,0.7252235196997738,39,8,3
0,1772828824.183028,145.3,37,0.277,0.6451,0.0321,0.2495,46.4048,64.5147,24.9471,0.0,0.0,0.0,3.96,2.88,1.08,None,0.051572561264038086,13.455,True,None,sfc_cache_p2_8,0,None,72.66,47.63,528.0,67,52,6,6,0,False,79.3103448275862,8.26326923076923,4.923461538461538,6.346153846153846,0.2184,0.8412,0.1247,0.1685,3013.275879431436,2753.275879431436,260.0,0.7193357289018295,44,5,3
0,1772828824.1849568,145.3,37,0.277,0.6451,0.0321,0.2495,46.4048,64.5147,24.9471,0.0,0.0,0.0,4.22,2.61,1.62,None,0.051572561264038086,13.08,True,None,sfc_unique_p2_8,0,None,72.66,47.63,528.0,67,52,6,6,0,False,79.54545454545455,8.26326923076923,4.923461538461538,6.346153846153846,0.2184,0.8412,0.1247,0.1685,3013.275879431436,2753.275879431436,260.0,0.7193357289018295,44,5,3
0,1772828824.2310433,145.4,38,0.2815,0.667,0.0482,0.2495,47.9168,66.6994,24.9471,0.0,0.0,0.0,3.3,2.12,1.18,None,0.0987393856048584,13.501,True,None,sfc_cache_p3_8,0,None,76.66,51.96,561.0,71,54,6,6,0,False,79.7752808988764,8.216481481481482,4.901666666666666,6.111111111111111,0.2141,0.8493,0.1222,0.1694,3030.98159371715,2760.98159371715,270.0,0.7155638622870732,46,5,3
0,1772828824.2330208,145.4,38,0.2815,0.667,0.0482,0.2495,47.9168,66.6994,24.9471,0.0,0.0,0.0,4.22,2.61,1.62,None,0.0987393856048584,13.284,True,None,sfc_unique_p3_8,0,None,76.66,51.96,561.0,71,54,6,6,0,False,80.0,8.216481481481482,4.901666666666666,6.111111111111111,0.2141,0.8493,0.1222,0.1694,3030.98159371715,2760.98159371715,270.0,0.7155638622870732,46,5,3
0,1772828824.2777464,145.4,39,0.2909,0.6796,0.0622,0.2495,50.2927,67.9594,24.9471,0.0,0.0,0.0,3.3,2.11,1.18,None,0.1467609405517578,12.975,True,None,sfc_cache_p4_8,0,None,80.66,51.96,594.0,74,56,6,6,0,False,80.21978021978022,8.315892857142858,4.815892857142857,5.892857142857143,0.2131,0.8514,0.1199,0.1722,3048.698736574293,2768.698736574293,280.0,0.7126432822522907,48,5,3
0,1772828824.2798193,145.4,39,0.2909,0.6796,0.0622,0.2495,50.2927,67.9594,24.9471,0.0,0.0,0.0,6.46,4.08,2.38,None,0.1467609405517578,12.378,True,None,sfc_unique_p4_8,0,None,80.66,51.96,594.0,74,56,6,6,0,False,80.43478260869566,8.315892857142858,4.815892857142857,5.892857142857143,0.2131,0.8514,0.1199,0.1722,3048.698736574293,2768.698736574293,280.0,0.7126432822522907,48,5,3
0,1772828824.3242898,145.4,40,0.2961,0.6922,0.0776,0.2495,52.201,69.2193,24.9471,0.0,0.0,0.0,3.6,2.12,1.48,None,0.1936202049255371,12.645,True,None,sfc_cache_p5_8,0,None,88.99,51.96,627.0,78,58,6,6,0,False,80.64516129032258,8.333793103448276,4.736034482758621,5.689655172413793,0.2102,0.8516,0.1176,0.1734,3066.1301651457215,2776.1301651457215,290.0,0.7078009716952254,54,1,3
0,1772828824.326416,145.4,40,0.2961,0.6922,0.0776,0.2495,52.201,69.2193,24.9471,0.0,0.0,0.0,6.46,4.08,2.38,None,0.1936202049255371,12.252,True,None,sfc_unique_p5_8,0,None,88.99,51.96,627.0,78,58,6,6,0,False,80.85106382978722,8.333793103448276,4.736034482758621,5.689655172413793,0.2102,0.8516,0.1176,0.1734,3066.1301651457215,2776.1301651457215,290.0,0.7078009716952254,54,1,3
0,1772828824.3696244,145.5,41,0.3105,0.6964,0.095,0.2744,55.3685,69.6402,27.4418,0.0,0.0,0.0,7.26,4.79,2.46,None,0.24023222923278809,11.788,True,None,sfc_cache_p6_8,0,None,88.99,51.96,627.0,79,60,6,6,0,False,81.05263157894737,8.544833333333335,4.606,6.05,0.2178,0.8509,0.115,0.1767,3094.3500473892914,2794.3500473892914,300.0,0.6989155691942092,56,1,3
0,1772828824.3717103,145.5,41,0.3105,0.6964,0.095,0.2744,55.3685,69.6402,27.4418,0.0,0.0,0.0,10.98,7.99,3.0,None,0.24023222923278809,11.577,True,None,sfc_unique_p6_8,0,None,88.99,51.96,627.0,79,60,6,6,0,False,81.25,8.544833333333335,4.606,6.05,0.2178,0.8509,0.115,0.1767,3094.3500473892914,2794.3500473892914,300.0,0.6989155691942092,56,1,3
0,1772828837.2930675,158.4,41,0.2935,0.5779,0.0179,0.2495,47.772,57.7941,24.9471,0.0,0.0,0.0,1.98,1.38,0.59,None,0.00016164779663085938,15.42,True,None,sfc_cache_p1_9,0,None,72.99,30.31,495.0,60,50,6,6,0,False,81.44329896907216,8.847000000000001,4.587,6.6,0.2432,0.8112,0.1251,0.1719,2984.1485460737053,2734.1485460737053,250.0,0.6916750369996368,42,5,3
0,1772828837.295078,158.4,41,0.2935,0.5779,0.0179,0.2495,47.772,57.7941,24.9471,0.0,0.0,0.0,3.66,2.63,1.03,None,0.00016164779663085938,16.319,True,None,sfc_unique_p1_9,0,None,72.99,30.31,495.0,60,50,6,6,0,False,81.63265306122449,8.847000000000001,4.587,6.6,0.2432,0.8112,0.1251,0.1719,2984.1485460737053,2734.1485460737053,250.0,0.6916750369996368,42,5,3
0,1772828837.345708,158.5,42,0.2958,0.6225,0.0337,0.2744,48.744,62.2467,27.4418,0.0,0.0,0.0,2.74,2.14,0.59,None,0.16780328750610352,15.037,True,None,sfc_cache_p2_9,0,None,72.99,34.64,495.0,63,52,6,6,0,False,81.81818181818183,8.679807692307692,4.750384615384616,6.980769230769231,0.2385,0.8363,0.1242,0.182,3029.8925083086538,2769.8925083086538,260.0,0.6931291933568375,44,5,3
0,1772828837.3476477,158.5,42,0.2958,0.6225,0.0337,0.2744,48.744,62.2467,27.4418,0.0,0.0,0.0,3.66,2.63,1.03,None,0.16780328750610352,15.749,True,None,sfc_unique_p2_9,0,None,72.99,34.64,495.0,63,52,6,6,0,False,82.0,8.679807692307692,4.750384615384616,6.980769230769231,0.2385,0.8363,0.1242,0.182,3029.8925083086538,2769.8925083086538,260.0,0.6931291933568375,44,5,3
0,1772828837.3982825,158.5,43,0.3014,0.6552,0.0485,0.2994,50.6879,65.5226,29.9365,0.0,0.0,0.0,1.93,1.25,0.68,None,0.22031378746032715,14.758,True,None,sfc_cache_p3_9,0,None,72.99,34.64,495.0,64,54,6,6,0,False,82.17821782178217,8.691666666666666,4.815185185185185,7.333333333333333,0.2353,0.8457,0.1332,0.1923,3066.062243643741,2796.062243643741,270.0,0.6979622097367304,48,3,3
0,1772828837.4004126,158.5,43,0.3014,0.6552,0.0485,0.2994,50.6879,65.5226,29.9365,0.0,0.0,0.0,4.42,3.39,1.03,None,0.22031378746032715,15.133,True,None,sfc_unique_p3_9,0,None,72.99,34.64,495.0,64,54,6,6,0,False,82.35294117647058,8.691666666666666,4.815185185185185,7.333333333333333,0.2353,0.8457,0.1332,0.1923,3066.062243643741,2796.062243643741,270.0,0.6979622097367304,48,3,3
0,1772828837.4501054,158.6,44,0.3067,0.688,0.0632,0.2994,52.1999,68.7985,29.9365,0.0,0.0,0.0,1.94,1.26,0.68,None,0.2731747627258301,13.942,True,None,sfc_cache_p4_9,0,None,76.99,34.64,528.0,67,56,6,6,0,False,82.52427184466019,8.63125,4.875357142857142,7.071428571428571,0.2302,0.8514,0.1307,0.2003,3076.671669429223,2796.671669429223,280.0,0.7020023159516912,48,5,3
0,1772828837.4521353,158.6,44,0.3067,0.688,0.0632,0.2994,52.1999,68.7985,29.9365,0.0,0.0,0.0,4.42,3.39,1.03,None,0.2731747627258301,14.893,True,None,sfc_unique_p4_9,0,None,76.99,34.64,528.0,67,56,6,6,0,False,82.6923076923077,8.63125,4.875357142857142,7.071428571428571,0.2302,0.8514,0.1307,0.2003,3076.671669429223,2796.671669429223,280.0,0.7020023159516912,48,5,3
0,1772828837.502239,158.6,45,0.314,0.6964,0.0771,0.2994,54.2885,69.6376,29.9365,0.0,0.0,0.0,1.94,1.26,0.68,None,0.32483553886413574,14.501,True,None,sfc_cache_p5_9,0,None,80.99,38.97,561.0,71,58,6,6,0,False,82.85714285714286,8.667068965517242,4.764655172413794,6.827586206896552,0.225,0.8512,0.1282,0.2059,3086.671669429223,2796.671669429223,290.0,0.702066162487515,53,2,3
0,1772828837.5043101,158.6,45,0.314,0.6964,0.0771,0.2994,54.2885,69.6376,29.9365,0.0,0.0,0.0,4.42,3.39,1.03,None,0.32483553886413574,14.376,True,None,sfc_unique_p5_9,0,None,80.99,38.97,561.0,71,58,6,6,0,False,83.01886792452831,8.667068965517242,4.764655172413794,6.827586206896552,0.225,0.8512,0.1282,0.2059,3086.671669429223,2796.671669429223,290.0,0.702066162487515,53,2,3
0,1772828837.5529974,158.7,46,0.3231,0.6964,0.0919,0.2994,56.7368,69.6376,29.9365,0.0,0.0,0.0,1.94,1.26,0.68,None,0.3770315647125244,13.867,True,None,sfc_cache_p6_9,0,None,84.99,43.3,594.0,75,60,6,6,0,False,83.17757009345794,8.756,4.605833333333334,6.6,0.222,0.8512,0.1258,0.2089,3101.7037852007757,2801.7037852007757,300.0,0.705262347800219,54,3,3
0,1772828837.5551126,158.7,46,0.3231,0.6964,0.0919,0.2994,56.7368,69.6376,29.9365,0.0,0.0,0.0,5.14,4.06,1.09,None,0.3770315647125244,13.976,True,None,sfc_unique_p6_9,0,None,84.99,43.3,594.0,75,60,6,6,0,False,83.33333333333334,8.756,4.605833333333334,6.6,0.222,0.8512,0.1258,0.2089,3101.7037852007757,2801.7037852007757,300.0,0.705262347800219,54,3,3
0,1772828851.3156655,172.4,46,0.3283,0.7375,0.1092,0.3243,58.3211,73.7526,32.4312,0.0,0.0,0.0,1.9,0.9,1.01,None,0.0001728534698486328,8.469,True,None,sfc_cache_p1_10,0,None,84.99,43.3,594.0,76,62,6,7,0,False,83.4862385321101,8.71016129032258,4.720645161290323,6.919354838709677,0.2214,0.8807,0.1413,0.2193,3141.9363343417754,2831.9363343417754,310.0,0.7130355479211578,54,3,5
0,1772828851.3170898,172.4,46,0.3283,0.7375,0.1092,0.3243,58.3211,73.7526,32.4312,0.0,0.0,0.0,2.38,0.94,1.44,None,0.0001728534698486328,8.558,True,None,sfc_unique_p1_10,0,None,84.99,43.3,594.0,76,62,6,7,0,False,83.63636363636363,8.71016129032258,4.720645161290323,6.919354838709677,0.2214,0.8807,0.1413,0.2193,3141.9363343417754,2831.9363343417754,310.0,0.7130355479211578,54,3,5
0,1772828851.3460662,172.5,47,0.3328,0.7711,0.1234,0.3493,60.2294,77.1117,34.9259,0.0,0.0,0.0,2.45,1.43,1.02,None,0.03289937973022461,8.099,True,None,sfc_cache_p2_10,0,None,84.99,43.3,594.0,77,64,6,7,0,False,83.78378378378379,8.7140625,4.78140625,7.21875,0.2225,0.9085,0.1447,0.2287,3191.5416585949874,2871.5416585949874,320.0,0.7209392129882741,54,3,7
0,1772828851.3472958,172.5,47,0.3328,0.7711,0.1234,0.3493,60.2294,77.1117,34.9259,0.0,0.0,0.0,3.12,1.68,1.44,None,0.03289937973022461,7.362,True,None,sfc_unique_p2_10,0,None,84.99,43.3,594.0,77,64,6,7,0,False,83.92857142857143,8.7140625,4.78140625,7.21875,0.2225,0.9085,0.1447,0.2287,3191.5416585949874,2871.5416585949874,320.0,0.7209392129882741,54,3,7
0,1772828851.376955,172.5,48,0.3347,0.7938,0.1376,0.3493,61.7057,79.3796,34.9259,0.0,0.0,0.0,2.45,1.43,1.02,None,0.06305241584777832,7.802,True,None,sfc_cache_p3_10,0,None,88.99,47.63,627.0,81,66,6,7,0,False,84.070796460177,8.657121212121211,4.7728787878787875,7.0,0.2217,0.9174,0.1421,0.2363,3225.4532047952657,2895.4532047952657,330.0,0.7281691656636641,57,0,9
0,1772828851.3783097,172.5,48,0.3347,0.7938,0.1376,0.3493,61.7057,79.3796,34.9259,0.0,0.0,0.0,3.12,1.68,1.44,None,0.06305241584777832,7.965,True,None,sfc_unique_p3_10,0,None,88.99,47.63,627.0,81,66,6,7,0,False,84.21052631578947,8.657121212121211,4.7728787878787875,7.0,0.2217,0.9174,0.1421,0.2363,3225.4532047952657,2895.4532047952657,330.0,0.7281691656636641,57,0,9
0,1772828851.4075282,172.5,49,0.3377,0.8165,0.1518,0.3493,63.182,81.6475,34.9259,0.0,0.0,0.0,2.45,1.43,1.02,None,0.0940403938293457,7.898,True,None,sfc_cache_p4_10,0,None,92.99,51.96,660.0,85,68,6,7,0,False,84.34782608695653,8.603529411764706,4.76485294117647,6.794117647058823,0.2206,0.9211,0.1397,0.2422,3244.9335483953278,2904.9335483953278,340.0,0.7347221512555746,57,0,11
0,1772828851.4087787,172.5,49,0.3377,0.8165,0.1518,0.3493,63.182,81.6475,34.9259,0.0,0.0,0.0,3.12,1.68,1.44,None,0.0940403938293457,7.213,True,None,sfc_unique_p4_10,0,None,92.99,51.96,660.0,85,68,6,7,0,False,84.48275862068965,8.603529411764706,4.76485294117647,6.794117647058823,0.2206,0.9211,0.1397,0.2422,3244.9335483953278,2904.9335483953278,340.0,0.7347221512555746,57,0,11
0,1772828851.436869,172.6,50,0.3397,0.8383,0.1667,0.3493,64.6939,83.8323,34.9259,0.0,0.0,0.0,2.45,1.43,1.02,None,0.12442994117736816,7.478,True,None,sfc_cache_p5_10,0,None,96.99,56.29,693.0,89,70,6,7,0,False,84.61538461538461,8.557714285714285,4.752571428571429,6.6,0.2202,0.9446,0.1373,0.2457,3274.800829002045,2924.800829002045,350.0,0.7409511921669952,57,0,13
0,1772828851.4381475,172.6,50,0.3397,0.8383,0.1667,0.3493,64.6939,83.8323,34.9259,0.0,0.0,0.0,3.31,1.86,1.45,None,0.12442994117736816,7.09,True,None,sfc_unique_p5_10,0,None,96.99,56.29,693.0,89,70,6,7,0,False,84.7457627118644,8.557714285714285,4.752571428571429,6.6,0.2202,0.9446,0.1373,0.2457,3274.800829002045,2924.800829002045,350.0,0.7409511921669952,57,0,13
0,1772828851.4683635,172.6,51,0.344,0.8602,0.1815,0.3493,66.2059,86.017,34.9259,0.0,0.0,0.0,2.45,1.43,1.02,None,0.15389156341552734,8.198,True,None,sfc_cache_p6_10,0,None,100.99,60.62,726.0,93,72,6,7,0,False,84.87394957983193,8.514444444444443,4.740972222222222,6.416666666666667,0.2195,0.9634,0.135,0.247,3309.203011326763,2949.203011326763,360.0,0.7465693238074886,57,0,15
0,1772828851.4697406,172.6,51,0.344,0.8602,0.1815,0.3493,66.2059,86.017,34.9259,0.0,0.0,0.0,3.31,1.86,1.45,None,0.15389156341552734,7.446,True,None,sfc_unique_p6_10,0,None,100.99,60.62,726.0,93,72,6,7,0,False,85.0,8.514444444444443,4.740972222222222,6.416666666666667,0.2195,0.9634,0.135,0.247,3309.203011326763,2949.203011326763,360.0,0.7465693238074886,57,0,15
0,1772828866.3681886,187.5,51,0.3482,0.8921,0.1974,0.3742,68.1855,89.2098,37.4206,0.0,0.0,0.0,1.69,0.9,0.79,None,0.0001652240753173828,12.753,True,None,sfc_cache_p1_11,0,None,100.99,60.62,726.0,94,74,6,8,0,False,85.12396694214877,8.532027027027027,4.784054054054054,6.6891891891891895,0.2193,0.982,0.1489,0.2485,3365.059689859497,2995.059689859497,370.0,0.7512359743279176,57,0,17
0,1772828866.3707306,187.5,51,0.3482,0.8921,0.1974,0.3742,68.1855,89.2098,37.4206,0.0,0.0,0.0,3.09,1.86,1.23,None,0.0001652240753173828,11.964,True,None,sfc_unique_p1_11,0,None,100.99,60.62,726.0,94,74,6,8,0,False,85.24590163934425,8.532027027027027,4.784054054054054,6.6891891891891895,0.2193,0.982,0.1489,0.2485,3365.059689859497,2995.059689859497,370.0,0.7512359743279176,57,0,17
0,1772828866.418131,187.5,52,0.3532,0.9139,0.2113,0.3992,70.1294,91.3945,39.9153,0.0,0.0,0.0,2.58,1.78,0.79,None,0.05071067810058594,12.636,True,None,sfc_cache_p2_11,0,None,105.32,60.62,726.0,97,76,6,8,0,False,85.36585365853658,8.544342105263159,4.772236842105263,6.947368421052632,0.2187,0.9888,0.1475,0.2481,3397.180878529982,3017.180878529982,380.0,0.7555873253896018,57,0,19
0,1772828866.420667,187.5,52,0.3532,0.9139,0.2113,0.3992,70.1294,91.3945,39.9153,0.0,0.0,0.0,3.09,1.86,1.23,None,0.05071067810058594,11.831,True,None,sfc_unique_p2_11,0,None,105.32,60.62,726.0,97,76,6,8,0,False,85.48387096774194,8.544342105263159,4.772236842105263,6.947368421052632,0.2187,0.9888,0.1475,0.2481,3397.180878529982,3017.180878529982,380.0,0.7555873253896018,57,0,19
0,1772828866.5780888,187.7,53,0.3608,0.94,0.2278,0.4241,72.3606,94.0001,42.41,0.0,0.0,0.0,2.88,2.02,0.85,None,0.10066628456115723,12.222,True,None,sfc_cache_p3_11,0,None,105.32,60.62,726.0,98,78,6,8,0,False,85.6,8.590128205128204,4.782435897435897,7.1923076923076925,0.217,0.9907,0.1504,0.2473,3424.2413180904214,3034.2413180904214,390.0,0.756163749054439,58,2,18
0,1772828866.5805767,187.7,53,0.3608,0.94,0.2278,0.4241,72.3606,94.0001,42.41,0.0,0.0,0.0,3.09,1.86,1.23,None,0.10066628456115723,11.583,True,None,sfc_unique_p3_11,0,None,105.32,60.62,726.0,98,78,6,8,0,False,85.71428571428571,8.590128205128204,4.782435897435897,7.1923076923076925,0.217,0.9907,0.1504,0.2473,3424.2413180904214,3034.2413180904214,390.0,0.756163749054439,58,2,18
0,1772828866.626113,187.7,54,0.3714,0.9509,0.2405,0.449,75.2408,95.0912,44.9047,0.0,0.0,0.0,2.1,1.24,0.87,None,0.2605569362640381,11.13,True,None,sfc_cache_p4_11,0,None,105.32,60.62,726.0,99,80,6,8,0,False,85.8267716535433,8.70875,4.7170000000000005,7.425,0.2166,0.9909,0.1573,0.2476,3462.1042650026643,3062.1042650026643,400.0,0.7594984621893619,58,2,20
0,1772828866.6286633,187.7,54,0.3714,0.9509,0.2405,0.449,75.2408,95.0912,44.9047,0.0,0.0,0.0,3.79,2.56,1.23,None,0.2605569362640381,10.63,True,None,sfc_unique_p4_11,0,None,105.32,60.62,726.0,99,80,6,8,0,False,85.9375,8.70875,4.7170000000000005,7.425,0.2166,0.9909,0.1573,0.2476,3462.1042650026643,3062.1042650026643,400.0,0.7594984621893619,58,2,20
0,1772828866.6741512,187.8,55,0.3807,0.9509,0.2531,0.449,78.1567,95.0912,44.9047,0.0,0.0,0.0,2.58,1.69,0.89,None,0.308673620223999,10.733,True,None,sfc_cache_p5_11,0,None,109.32,60.62,759.0,102,82,6,8,0,False,86.04651162790698,8.825609756097561,4.601951219512196,7.2439024390243905,0.2156,0.9909,0.1549,0.245,3500.311972787837,3090.311972787837,410.0,0.7627192094745437,58,2,22
0,1772828866.676759,187.8,55,0.3807,0.9509,0.2531,0.449,78.1567,95.0912,44.9047,0.0,0.0,0.0,3.79,2.56,1.23,None,0.308673620223999,10.586,True,None,sfc_unique_p5_11,0,None,109.32,60.62,759.0,102,82,6,8,0,False,86.15384615384616,8.825609756097561,4.601951219512196,7.2439024390243905,0.2156,0.9909,0.1549,0.245,3500.311972787837,3090.311972787837,410.0,0.7627192094745437,58,2,22
0,1772828866.7223055,187.8,56,0.3888,0.9509,0.271,0.449,80.605,95.0912,44.9047,0.0,0.0,0.0,2.58,1.69,0.89,None,0.3568694591522217,10.708,True,None,sfc_cache_p6_11,0,None,117.65,60.62,792.0,106,84,6,8,0,False,86.25954198473282,8.885357142857142,4.492380952380953,7.071428571428571,0.2135,0.9909,0.1526,0.2449,3526.4809094849425,3106.4809094849425,420.0,0.7646607708698377,58,3,23
0,1772828866.724922,187.8,56,0.3888,0.9509,0.271,0.449,80.605,95.0912,44.9047,0.0,0.0,0.0,6.46,3.9,2.56,None,0.3568694591522217,9.847,True,None,sfc_unique_p6_11,0,None,117.65,60.62,792.0,106,84,6,8,0,False,86.36363636363636,8.885357142857142,4.492380952380953,7.071428571428571,0.2135,0.9909,0.1526,0.2449,3526.4809094849425,3106.4809094849425,420.0,0.7646607708698377,58,3,23
0,1772828886.4156883,207.5,56,0.3361,0.7199,0.014,0.3992,60.3719,71.9912,39.9153,0.0,0.0,0.0,5.57,4.28,1.28,None,0.00017976760864257812,18.372,True,None,sfc_cache_p1_12,0,None,72.99000000000001,43.3,495.0,74,62,6,7,0,False,86.46616541353383,9.016451612903225,4.607903225806451,8.516129032258064,0.2456,0.7474,0.1815,0.177,3260.6053284364957,2950.6053284364957,310.0,0.8325871189422427,28,9,25
0,1772828886.417815,207.5,56,0.3361,0.7199,0.014,0.3992,60.3719,71.9912,39.9153,0.0,0.0,0.0,8.27,6.56,1.71,None,0.00017976760864257812,18.477,True,None,sfc_unique_p1_12,0,None,72.99000000000001,43.3,495.0,74,62,6,7,0,False,86.56716417910447,9.016451612903225,4.607903225806451,8.516129032258064,0.2456,0.7474,0.1815,0.177,3260.6053284364957,2950.6053284364957,310.0,0.8325871189422427,28,9,25
0,1772828886.476704,207.6,57,0.3428,0.7535,0.0299,0.4241,62.2802,75.3503,42.41,0.0,0.0,0.0,4.49,2.68,1.8,None,0.05638742446899414,18.786,True,None,sfc_cache_p2_12,0,None,72.99000000000001,43.3,495.0,75,64,6,7,0,False,86.66666666666667,9.01078125,4.6721875,8.765625,0.2374,0.7654,0.1773,0.1858,3290.6054090066846,2970.6054090066846,320.0,0.8180615552074049,30,9,25
0,1772828886.4788585,207.6,57,0.3428,0.7535,0.0299,0.4241,62.2802,75.3503,42.41,0.0,0.0,0.0,8.78,6.93,1.86,None,0.05638742446899414,17.987,True,None,sfc_unique_p2_12,0,None,72.99000000000001,43.3,495.0,75,64,6,7,0,False,86.76470588235294,9.01078125,4.6721875,8.765625,0.2374,0.7654,0.1773,0.1858,3290.6054090066846,2970.6054090066846,320.0,0.8180615552074049,30,9,25
0,1772828886.5346293,207.7,58,0.3496,0.7863,0.0465,0.449,64.2242,78.6261,44.9047,0.0,0.0,0.0,3.93,2.05,1.88,None,0.11748147010803223,17.756,True,None,sfc_cache_p3_12,0,None,72.99000000000001,43.3,495.0,76,66,6,7,0,False,86.86131386861314,9.010454545454547,4.7275757575757575,9.0,0.2439,0.848,0.1755,0.1948,3333.1512329239913,3003.1512329239913,330.0,0.8115593700322158,32,9,25
0,1772828886.5367744,207.7,58,0.3496,0.7863,0.0465,0.449,64.2242,78.6261,44.9047,0.0,0.0,0.0,7.33,5.41,1.92,None,0.11748147010803223,15.837,True,None,sfc_unique_p3_12,0,None,72.99000000000001,43.3,495.0,76,66,6,7,0,False,86.95652173913044,9.010454545454547,4.7275757575757575,9.0,0.2439,0.848,0.1755,0.1948,3333.1512329239913,3003.1512329239913,330.0,0.8115593700322158,32,9,25
0,1772828886.5892806,207.7,59,0.3535,0.8199,0.0643,0.474,66.1324,81.9852,47.3995,0.0,0.0,0.0,3.98,2.1,1.88,None,0.17543911933898926,14.793,True,None,sfc_cache_p4_12,0,None,72.99000000000001,43.3,495.0,76,68,6,7,0,False,87.05035971223022,9.00529411764706,4.784558823529412,9.220588235294118,0.2431,0.8906,0.1741,0.2069,3368.1668430204118,3028.1668430204118,340.0,0.8022554775086026,33,10,25
0,1772828886.591435,207.7,59,0.3535,0.8199,0.0643,0.474,66.1324,81.9852,47.3995,0.0,0.0,0.0,7.69,5.51,2.17,None,0.17543911933898926,14.83,True,None,sfc_unique_p4_12,0,None,72.99000000000001,43.3,495.0,76,68,6,7,0,False,87.14285714285714,9.00529411764706,4.784558823529412,9.220588235294118,0.2431,0.8906,0.1741,0.2069,3368.1668430204118,3028.1668430204118,340.0,0.8022554775086026,33,10,25
0,1772828886.643114,207.8,60,0.3642,0.8282,0.0814,0.4989,69.1207,82.8243,49.8942,0.0,0.0,0.0,4.14,2.18,1.96,None,0.2300887107849121,13.807,True,None,sfc_cache_p5_12,0,None,72.99000000000001,43.3,495.0,78,70,6,7,0,False,87.2340425531915,9.143285714285714,4.695428571428572,9.428571428571429,0.2363,0.8926,0.1729,0.2192,3387.3373701041555,3037.3373701041555,350.0,0.7948260300129049,35,10,25
0,1772828886.6453748,207.8,60,0.3642,0.8282,0.0814,0.4989,69.1207,82.8243,49.8942,0.0,0.0,0.0,7.24,5.31,1.92,None,0.2300887107849121,14.147,True,None,sfc_unique_p5_12,0,None,72.99000000000001,43.3,495.0,78,70,6,7,0,False,87.32394366197182,9.143285714285714,4.695428571428572,9.428571428571429,0.2363,0.8926,0.1729,0.2192,3387.3373701041555,3037.3373701041555,350.0,0.7948260300129049,35,10,25
0,1772828886.6945941,207.8,61,0.3722,0.8475,0.1007,0.5239,71.6413,84.7546,52.3889,0.0,0.0,0.0,3.9,1.82,2.08,None,0.2840566635131836,12.783,True,None,sfc_cache_p6_12,0,None,72.99000000000001,43.3,495.0,80,72,6,7,0,False,87.41258741258741,9.213472222222222,4.671388888888888,9.625,0.2313,0.8925,0.1755,0.2236,3399.62308438987,3039.62308438987,360.0,0.7888964433191862,39,8,25
0,1772828886.696861,207.8,61,0.3722,0.8475,0.1007,0.5239,71.6413,84.7546,52.3889,0.0,0.0,0.0,6.27,4.04,2.23,None,0.2840566635131836,12.647,True,None,sfc_unique_p6_12,0,None,72.99000000000001,43.3,495.0,80,72,6,7,0,False,87.5,9.213472222222222,4.671388888888888,9.625,0.2313,0.8925,0.1755,0.2236,3399.62308438987,3039.62308438987,360.0,0.7888964433191862,39,8,25
0,1772828903.4378285,224.6,61,0.3459,0.7762,0.0124,0.4989,63.5405,77.6157,49.8942,0.0,0.0,0.0,2.73,1.64,1.09,None,0.00026702880859375,17.275,True,None,sfc_cache_p1_13,0,None,60.99000000000001,34.64,396.0,68,64,6,7,0,False,87.58620689655172,9.193125,4.81265625,10.3125,0.2359,0.8279,0.1883,0.1486,3320.5873581435217,3000.5873581435217,320.0,0.8492158413356303,27,10,27
0,1772828903.4400256,224.6,61,0.3459,0.7762,0.0124,0.4989,63.5405,77.6157,49.8942,0.0,0.0,0.0,3.13,1.77,1.36,None,0.00026702880859375,17.197,True,None,sfc_unique_p1_13,0,None,60.99000000000001,34.64,396.0,68,64,6,7,0,False,87.67123287671232,9.193125,4.81265625,10.3125,0.2359,0.8279,0.1883,0.1486,3320.5873581435217,3000.5873581435217,320.0,0.8492158413356303,27,10,27
0,1772828903.480082,224.6,62,0.3524,0.8097,0.026,0.5239,65.4488,80.9747,52.3889,0.0,0.0,0.0,5.11,3.24,1.87,None,0.06210637092590332,11.936,True,None,sfc_cache_p2_13,0,None,60.99000000000001,34.64,396.0,69,66,6,7,0,False,87.75510204081633,9.182272727272727,4.868787878787878,10.5,0.2299,0.833,0.1853,0.1548,3338.742848005772,3008.742848005772,330.0,0.8451620765386989,28,12,26
0,1772828903.4813795,224.6,62,0.3524,0.8097,0.026,0.5239,65.4488,80.9747,52.3889,0.0,0.0,0.0,3.13,1.77,1.36,None,0.06210637092590332,12.029,True,None,sfc_unique_p2_13,0,None,60.99000000000001,34.64,396.0,69,66,6,7,0,False,87.83783783783784,9.182272727272727,4.868787878787878,10.5,0.2299,0.833,0.1853,0.1548,3338.742848005772,3008.742848005772,330.0,0.8451620765386989,28,12,26
0,1772828903.515884,224.6,63,0.3607,0.829,0.0452,0.5488,67.9695,82.9049,54.8836,0.0,0.0,0.0,4.78,2.85,1.92,None,0.10337591171264648,9.116,True,None,sfc_cache_p3_13,0,None,60.99000000000001,34.64,396.0,70,68,6,7,0,False,87.91946308724832,9.255441176470589,4.838235294117647,10.676470588235293,0.2244,0.8332,0.1972,0.1636,3352.171419434343,3012.171419434343,340.0,0.8413129080759444,29,29,10
0,1772828903.517243,224.6,63,0.3607,0.829,0.0452,0.5488,67.9695,82.9049,54.8836,0.0,0.0,0.0,3.19,1.73,1.47,None,0.10337591171264648,10.02,True,None,sfc_unique_p3_13,0,None,60.99000000000001,34.64,396.0,70,68,6,7,0,False,88.0,9.255441176470589,4.838235294117647,10.676470588235293,0.2244,0.8332,0.1972,0.1636,3352.171419434343,3012.171419434343,340.0,0.8413129080759444,29,29,10
0,1772828903.5586605,224.7,64,0.3677,0.8374,0.063,0.5488,70.5257,83.7441,54.8836,0.0,0.0,0.0,5.2,3.27,1.92,None,0.1393589973449707,9.376,True,None,sfc_cache_p4_13,0,None,64.99,34.64,429.0,73,70,6,7,0,False,88.0794701986755,9.329142857142857,4.747571428571429,10.371428571428572,0.2175,0.8321,0.1938,0.1694,3362.171419434343,3012.171419434343,350.0,0.8389258539450196,30,30,10
0,1772828903.5609727,224.7,64,0.3677,0.8374,0.063,0.5488,70.5257,83.7441,54.8836,0.0,0.0,0.0,3.19,1.73,1.47,None,0.1393589973449707,14.9,True,None,sfc_unique_p4_13,0,None,64.99,34.64,429.0,73,70,6,7,0,False,88.1578947368421,9.329142857142857,4.747571428571429,10.371428571428572,0.2175,0.8321,0.1938,0.1694,3362.171419434343,3012.171419434343,350.0,0.8389258539450196,30,30,10
0,1772828903.6745563,224.8,65,0.3739,0.8374,0.0799,0.5488,72.974,83.7441,54.8836,0.0,0.0,0.0,5.43,3.31,2.12,None,0.18390917778015137,8.594,True,None,sfc_cache_p5_13,0,None,73.32,34.64,462.0,77,72,6,7,0,False,88.23529411764706,9.384861111111112,4.615694444444444,10.083333333333334,0.2125,0.8321,0.1906,0.1718,3375.025705148629,3015.025705148629,360.0,0.835968681047021,36,26,10
0,1772828903.6759262,224.8,65,0.3739,0.8374,0.0799,0.5488,72.974,83.7441,54.8836,0.0,0.0,0.0,5.76,4.13,1.62,None,0.18390917778015137,9.366,True,None,sfc_unique_p5_13,0,None,73.32,34.64,462.0,77,72,6,7,0,False,88.31168831168831,9.384861111111112,4.615694444444444,10.083333333333334,0.2125,0.8321,0.1906,0.1718,3375.025705148629,3015.025705148629,360.0,0.835968681047021,36,26,10
0,1772828903.709009,224.8,66,0.3799,0.8374,0.0968,0.5488,75.4223,83.7441,54.8836,0.0,0.0,0.0,5.43,3.31,2.12,None,0.29798078536987305,8.132,True,None,sfc_cache_p6_13,0,None,81.65,34.64,495.0,81,74,6,7,0,False,88.38709677419355,9.437567567567568,4.4909459459459455,9.81081081081081,0.2071,0.8321,0.1875,0.1729,3387.602848005772,3017.602848005772,370.0,0.8329539686656426,44,30,0
0,1772828903.7103634,224.8,66,0.3799,0.8374,0.0968,0.5488,75.4223,83.7441,54.8836,0.0,0.0,0.0,5.76,4.13,1.62,None,0.29798078536987305,9.099,True,None,sfc_unique_p6_13,0,None,81.65,34.64,495.0,81,74,6,7,0,False,88.46153846153845,9.437567567567568,4.4909459459459455,9.81081081081081,0.2071,0.8321,0.1875,0.1729,3387.602848005772,3017.602848005772,370.0,0.8329539686656426,44,30,0
0,1772828920.45477,241.6,66,0.3799,0.8374,0.089,0.5488,75.4223,83.7441,54.8836,0.0,0.0,0.0,1.58,0.91,0.66,None,0.00027489662170410156,14.721,True,None,sfc_cache_p1_14,0,None,81.65,34.64,495.0,81,74,6,7,0,False,88.53503184713377,9.437567567567568,4.4909459459459455,9.81081081081081,0.2071,0.8321,0.1875,0.1731,3387.602848005772,3017.602848005772,370.0,0.8329023240397296,44,30,0
0,1772828920.4574285,241.6,66,0.3799,0.8374,0.089,0.5488,75.4223,83.7441,54.8836,0.0,0.0,0.0,2.79,1.69,1.1,None,0.00027489662170410156,16.012,True,None,sfc_unique_p1_14,0,None,81.65,34.64,495.0,81,74,6,7,0,False,88.60759493670885,9.437567567567568,4.4909459459459455,9.81081081081081,0.2071,0.8321,0.1875,0.1731,3387.602848005772,3017.602848005772,370.0,0.8329023240397296,44,30,0
0,1772828920.5127084,241.6,67,0.3868,0.8593,0.107,0.5738,77.8338,85.9288,57.3783,0.0,0.0,0.0,4.97,3.31,1.66,None,0.06478428840637207,13.567,True,None,sfc_cache_p2_14,0,None,81.65,34.64,495.0,82,76,6,7,0,False,88.67924528301887,9.483026315789473,4.4868421052631575,9.986842105263158,0.2032,0.8606,0.1854,0.1787,3415.7778480057723,3035.7778480057723,380.0,0.8258596613342184,48,28,0
0,1772828920.5152802,241.6,67,0.3868,0.8593,0.107,0.5738,77.8338,85.9288,57.3783,0.0,0.0,0.0,6.24,4.15,2.09,None,0.06478428840637207,14.123,True,None,sfc_unique_p2_14,0,None,81.65,34.64,495.0,82,76,6,7,0,False,88.75,9.483026315789473,4.4868421052631575,9.986842105263158,0.2032,0.8606,0.1854,0.1787,3415.7778480057723,3035.7778480057723,380.0,0.8258596613342184,48,28,0
0,1772828920.569963,241.7,68,0.3899,0.892,0.1245,0.5987,79.7777,89.2047,59.873,0.0,0.0,0.0,5.51,3.27,2.24,None,0.12258028984069824,13.034,True,None,sfc_cache_p3_14,0,None,81.65,34.64,495.0,83,78,6,7,0,False,88.81987577639751,9.470641025641026,4.538461538461538,10.153846153846153,0.1993,0.8992,0.1842,0.1852,3444.599044163194,3054.599044163194,390.0,0.8161945626904247,50,28,0
0,1772828920.5726404,241.7,68,0.3899,0.892,0.1245,0.5987,79.7777,89.2047,59.873,0.0,0.0,0.0,6.24,4.15,2.09,None,0.12258028984069824,13.542,True,None,sfc_unique_p3_14,0,None,81.65,34.64,495.0,83,78,6,7,0,False,88.88888888888889,9.470641025641026,4.538461538461538,10.153846153846153,0.1993,0.8992,0.1842,0.1852,3444.599044163194,3054.599044163194,390.0,0.8161945626904247,50,28,0
0,1772828920.626241,241.7,69,0.3899,0.892,0.1245,0.5987,79.7777,89.2047,59.873,0.0,0.0,0.0,None,None,None,None,0.18010306358337402,12.999,False,None,sfc_cache_p4_14,0,None,81.65,34.64,495.0,83,78,6,7,0,False,88.34355828220859,9.470641025641026,4.538461538461538,10.153846153846153,0.1993,0.8992,0.1842,0.1852,3444.599044163194,3054.599044163194,390.0,0.8161945626904247,50,28,0
0,1772828920.6289086,241.7,69,0.3899,0.892,0.1245,0.5987,79.7777,89.2047,59.873,0.0,0.0,0.0,13.44,10.77,2.67,None,0.18010306358337402,11.978,False,None,sfc_unique_p4_14,0,None,81.65,34.64,495.0,83,78,6,7,0,False,87.8048780487805,9.470641025641026,4.538461538461538,10.153846153846153,0.1993,0.8992,0.1842,0.1852,3444.599044163194,3054.599044163194,390.0,0.8161945626904247,50,28,0
0,1772828920.6823142,241.8,70,0.3899,0.892,0.1245,0.5987,79.7777,89.2047,59.873,0.0,0.0,0.0,None,None,None,None,0.23629260063171387,12.97,False,None,sfc_cache_p5_14,0,None,81.65,34.64,495.0,83,78,6,7,0,False,87.27272727272727,9.470641025641026,4.538461538461538,10.153846153846153,0.1993,0.8992,0.1842,0.1852,3444.599044163194,3054.599044163194,390.0,0.8161945626904247,50,28,0
0,1772828920.68498,241.8,70,0.3899,0.892,0.1245,0.5987,79.7777,89.2047,59.873,0.0,0.0,0.0,13.44,10.77,2.67,None,0.23629260063171387,12.311,False,None,sfc_unique_p5_14,0,None,81.65,34.64,495.0,83,78,6,7,0,False,86.74698795180723,9.470641025641026,4.538461538461538,10.153846153846153,0.1993,0.8992,0.1842,0.1852,3444.599044163194,3054.599044163194,390.0,0.8161945626904247,50,28,0
0,1772828920.741798,241.9,71,0.3899,0.892,0.1245,0.5987,79.7777,89.2047,59.873,0.0,0.0,0.0,None,None,None,None,0.29231929779052734,13.126,False,None,sfc_cache_p6_14,0,None,81.65,34.64,495.0,83,78,6,7,0,False,86.22754491017965,9.470641025641026,4.538461538461538,10.153846153846153,0.1993,0.8992,0.1842,0.1852,3444.599044163194,3054.599044163194,390.0,0.8161945626904247,50,28,0
0,1772828920.7447834,241.9,71,0.3899,0.892,0.1245,0.5987,79.7777,89.2047,59.873,0.0,0.0,0.0,13.44,10.77,2.67,None,0.29231929779052734,12.187,False,None,sfc_unique_p6_14,0,None,81.65,34.64,495.0,83,78,6,7,0,False,85.71428571428571,9.470641025641026,4.538461538461538,10.153846153846153,0.1993,0.8992,0.1842,0.1852,3444.599044163194,3054.599044163194,390.0,0.8161945626904247,50,28,0
0,1772828940.4493024,261.6,71,0.3899,0.892,0.1245,0.5987,79.7777,89.2047,59.873,0.0,0.0,0.0,None,None,None,None,0.0005259513854980469,7.551,False,None,sfc_cache_p1_15,0,None,81.65,34.64,495.0,83,78,6,7,0,False,85.20710059171599,9.470641025641026,4.538461538461538,10.153846153846153,0.1993,0.8992,0.1842,0.1852,3444.599044163194,3054.599044163194,390.0,0.8161945626904247,50,28,0
0,1772828940.450715,261.6,71,0.3899,0.892,0.1245,0.5987,79.7777,89.2047,59.873,0.0,0.0,0.0,13.55,10.77,2.78,None,0.0005259513854980469,7.148,False,None,sfc_unique_p1_15,0,None,81.65,34.64,495.0,83,78,6,7,0,False,84.70588235294117,9.470641025641026,4.538461538461538,10.153846153846153,0.1993,0.8992,0.1842,0.1852,3444.599044163194,3054.599044163194,390.0,0.8161945626904247,50,28,0
0,1772828940.4820027,261.6,72,0.3899,0.892,0.1245,0.5987,79.7777,89.2047,59.873,0.0,0.0,0.0,None,None,None,None,0.03371930122375488,7.715,False,None,sfc_cache_p2_15,0,None,81.65,34.64,495.0,83,78,6,7,0,False,84.21052631578947,9.470641025641026,4.538461538461538,10.153846153846153,0.1993,0.8992,0.1842,0.1852,3444.599044163194,3054.599044163194,390.0,0.8161945626904247,50,28,0
0,1772828940.483361,261.6,72,0.3899,0.892,0.1245,0.5987,79.7777,89.2047,59.873,0.0,0.0,0.0,13.55,10.77,2.78,None,0.03371930122375488,6.975,False,None,sfc_unique_p2_15,0,None,81.65,34.64,495.0,83,78,6,7,0,False,83.72093023255815,9.470641025641026,4.538461538461538,10.153846153846153,0.1993,0.8992,0.1842,0.1852,3444.599044163194,3054.599044163194,390.0,0.8161945626904247,50,28,0
0,1772828940.5146706,261.6,73,0.3899,0.892,0.1245,0.5987,79.7777,89.2047,59.873,0.0,0.0,0.0,None,None,None,None,0.06636929512023926,7.605,False,None,sfc_cache_p3_15,0,None,81.65,34.64,495.0,83,78,6,7,0,False,83.23699421965318,9.470641025641026,4.538461538461538,10.153846153846153,0.1993,0.8992,0.1842,0.1852,3444.599044163194,3054.599044163194,390.0,0.8161945626904247,50,28,0
0,1772828940.5160406,261.6,73,0.3899,0.892,0.1245,0.5987,79.7777,89.2047,59.873,0.0,0.0,0.0,13.55,10.77,2.78,None,0.06636929512023926,7.15,False,None,sfc_unique_p3_15,0,None,81.65,34.64,495.0,83,78,6,7,0,False,82.75862068965517,9.470641025641026,4.538461538461538,10.153846153846153,0.1993,0.8992,0.1842,0.1852,3444.599044163194,3054.599044163194,390.0,0.8161945626904247,50,28,0
0,1772828940.6147418,261.7,74,0.3899,0.892,0.1245,0.5987,79.7777,89.2047,59.873,0.0,0.0,0.0,None,None,None,None,0.0990760326385498,7.759,False,None,sfc_cache_p4_15,0,None,81.65,34.64,495.0,83,78,6,7,0,False,82.28571428571428,9.470641025641026,4.538461538461538,10.153846153846153,0.1993,0.8992,0.1842,0.1852,3444.599044163194,3054.599044163194,390.0,0.8161945626904247,50,28,0
0,1772828940.616184,261.7,74,0.3899,0.892,0.1245,0.5987,79.7777,89.2047,59.873,0.0,0.0,0.0,13.55,10.77,2.78,None,0.0990760326385498,7.096,False,None,sfc_unique_p4_15,0,None,81.65,34.64,495.0,83,78,6,7,0,False,81.81818181818183,9.470641025641026,4.538461538461538,10.153846153846153,0.1993,0.8992,0.1842,0.1852,3444.599044163194,3054.599044163194,390.0,0.8161945626904247,50,28,0
0,1772828940.6479802,261.8,75,0.3899,0.892,0.1245,0.5987,79.7777,89.2047,59.873,0.0,0.0,0.0,None,None,None,None,0.19910883903503418,7.65,False,None,sfc_cache_p5_15,0,None,81.65,34.64,495.0,83,78,6,7,0,False,81.35593220338984,9.470641025641026,4.538461538461538,10.153846153846153,0.1993,0.8992,0.1842,0.1852,3444.599044163194,3054.599044163194,390.0,0.8161945626904247,50,28,0
0,1772828940.649382,261.8,75,0.3899,0.892,0.1245,0.5987,79.7777,89.2047,59.873,0.0,0.0,0.0,13.55,10.77,2.78,None,0.19910883903503418,7.156,False,None,sfc_unique_p5_15,0,None,81.65,34.64,495.0,83,78,6,7,0,False,80.89887640449437,9.470641025641026,4.538461538461538,10.153846153846153,0.1993,0.8992,0.1842,0.1852,3444.599044163194,3054.599044163194,390.0,0.8161945626904247,50,28,0
0,1772828940.680663,261.8,76,0.3899,0.892,0.1245,0.5987,79.7777,89.2047,59.873,0.0,0.0,0.0,None,None,None,None,0.23230910301208496,7.76,False,None,sfc_cache_p6_15,0,None,81.65,34.64,495.0,83,78,6,7,0,False,80.44692737430168,9.470641025641026,4.538461538461538,10.153846153846153,0.1993,0.8992,0.1842,0.1852,3444.599044163194,3054.599044163194,390.0,0.8161945626904247,50,28,0
0,1772828940.6820333,261.8,76,0.3899,0.892,0.1245,0.5987,79.7777,89.2047,59.873,0.0,0.0,0.0,13.55,10.77,2.78,None,0.23230910301208496,7.034,False,None,sfc_unique_p6_15,0,None,81.65,34.64,495.0,83,78,6,7,0,False,80.0,9.470641025641026,4.538461538461538,10.153846153846153,0.1993,0.8992,0.1842,0.1852,3444.599044163194,3054.599044163194,390.0,0.8161945626904247,50,28,0
0,1772828955.5127814,276.6,76,0.3409,0.6123,0.0132,0.474,59.8698,61.2312,47.3995,0.0,0.0,0.0,4.34,2.83,1.51,None,0.00021505355834960938,21.768,True,None,sfc_cache_p1_16,0,None,53.32000000000001,17.32,297.0,55,56,6,6,0,False,80.11049723756905,9.899464285714286,4.339107142857143,11.196428571428571,0.2339,0.787,0.1923,0.1104,3154.206956378685,2874.206956378685,280.0,0.8584848462118068,21,29,6
0,1772828955.515029,276.6,76,0.3409,0.6123,0.0132,0.474,59.8698,61.2312,47.3995,0.0,0.0,0.0,5.98,4.05,1.94,None,0.00021505355834960938,20.419,True,None,sfc_unique_p1_16,0,None,53.32000000000001,17.32,297.0,55,56,6,6,0,False,80.21978021978022,9.899464285714286,4.339107142857143,11.196428571428571,0.2339,0.787,0.1923,0.1104,3154.206956378685,2874.206956378685,280.0,0.8584848462118068,21,29,6
0,1772828955.5813096,276.7,77,0.3454,0.6451,0.0277,0.4989,61.8137,64.5071,49.8942,0.0,0.0,0.0,3.69,2.1,1.59,None,0.07291293144226074,19.105,True,None,sfc_cache_p2_16,0,None,53.32000000000001,17.32,297.0,56,58,6,6,0,False,80.32786885245902,9.868448275862068,4.413620689655173,11.379310344827585,0.2307,0.8025,0.195,0.1183,3191.0127635292815,2901.0127635292815,290.0,0.8545976379109979,23,29,6
0,1772828955.583353,276.7,77,0.3454,0.6451,0.0277,0.4989,61.8137,64.5071,49.8942,0.0,0.0,0.0,5.98,4.05,1.94,None,0.07291293144226074,19.752,True,None,sfc_unique_p2_16,0,None,53.32000000000001,17.32,297.0,56,58,6,6,0,False,80.43478260869566,9.868448275862068,4.413620689655173,11.379310344827585,0.2307,0.8025,0.195,0.1183,3191.0127635292815,2901.0127635292815,290.0,0.8545976379109979,23,29,6
0,1772828955.6474197,276.8,78,0.3497,0.6678,0.0436,0.4989,63.29,66.775,49.8942,0.0,0.0,0.0,3.69,2.1,1.59,None,0.14053797721862793,10.847,True,None,sfc_cache_p3_16,0,None,57.32,21.65,330.0,59,60,6,6,0,False,80.54054054054053,9.767333333333333,4.4165,11.0,0.2294,0.8427,0.1914,0.127,3230.2099063864243,2930.2099063864243,300.0,0.8502340740124661,24,30,6
0,1772828955.6488357,276.8,78,0.3497,0.6678,0.0436,0.4989,63.29,66.775,49.8942,0.0,0.0,0.0,6.89,4.9,1.99,None,0.14053797721862793,11.433,True,None,sfc_unique_p3_16,0,None,57.32,21.65,330.0,59,60,6,6,0,False,80.64516129032258,9.767333333333333,4.4165,11.0,0.2294,0.8427,0.1914,0.127,3230.2099063864243,2930.2099063864243,300.0,0.8502340740124661,24,30,6
0,1772828955.690191,276.8,79,0.3539,0.6904,0.0594,0.4989,64.7663,69.0429,49.8942,0.0,0.0,0.0,3.69,2.1,1.59,None,0.20568466186523438,11.251,True,None,sfc_cache_p4_16,0,None,61.32,25.98,363.0,63,62,6,6,0,False,80.74866310160428,9.672741935483872,4.4191935483870965,10.64516129032258,0.2263,0.8575,0.1879,0.1348,3260.981334957853,2950.981334957853,310.0,0.8451446811784801,26,30,6
0,1772828955.6919281,276.8,79,0.3539,0.6904,0.0594,0.4989,64.7663,69.0429,49.8942,0.0,0.0,0.0,6.89,4.9,1.99,None,0.20568466186523438,13.558,True,None,sfc_unique_p4_16,0,None,61.32,25.98,363.0,63,62,6,6,0,False,80.85106382978722,9.672741935483872,4.4191935483870965,10.64516129032258,0.2263,0.8575,0.1879,0.1348,3260.981334957853,2950.981334957853,310.0,0.8451446811784801,26,30,6
0,1772828955.7511375,276.9,80,0.3556,0.7123,0.0768,0.4989,66.2782,71.2277,49.8942,0.0,0.0,0.0,3.69,2.1,1.59,None,0.24907970428466797,13.721,True,None,sfc_cache_p5_16,0,None,65.32,30.31,396.0,67,64,6,6,0,False,80.95238095238095,9.58921875,4.4165625,10.3125,0.2213,0.8771,0.1845,0.1429,3296.31835709065,2976.31835709065,320.0,0.8446025468867618,26,32,6
0,1772828955.7529325,276.9,80,0.3556,0.7123,0.0768,0.4989,66.2782,71.2277,49.8942,0.0,0.0,0.0,5.32,3.31,2.02,None,0.24907970428466797,25.337,True,None,sfc_unique_p5_16,0,None,65.32,30.31,396.0,67,64,6,6,0,False,81.05263157894737,9.58921875,4.4165625,10.3125,0.2213,0.8771,0.1845,0.1429,3296.31835709065,2976.31835709065,320.0,0.8446025468867618,26,32,6
0,1772828955.8105683,276.9,81,0.3572,0.7341,0.0913,0.4989,67.7902,73.4125,49.8942,0.0,0.0,0.0,3.69,2.1,1.59,None,0.31005144119262695,14.215,True,None,sfc_cache_p6_16,0,None,69.32,34.64,429.0,71,66,6,6,0,False,81.15183246073299,9.510757575757577,4.414090909090909,10.0,0.2156,0.8821,0.1813,0.1475,3314.4983570906497,2984.4983570906497,330.0,0.8391395140582582,28,32,6
0,1772828955.8127456,276.9,81,0.3572,0.7341,0.0913,0.4989,67.7902,73.4125,49.8942,0.0,0.0,0.0,6.02,4.08,1.94,None,0.31005144119262695,22.249,True,None,sfc_unique_p6_16,0,None,69.32,34.64,429.0,71,66,6,6,0,False,81.25,9.510757575757577,4.414090909090909,10.0,0.2156,0.8821,0.1813,0.1475,3314.4983570906497,2984.4983570906497,330.0,0.8391395140582582,28,32,6
0,1772828972.5207758,293.6,81,0.3419,0.6031,0.0153,0.474,60.265,60.3089,47.3995,0.0,0.0,0.0,2.51,1.76,0.75,None,0.0012030601501464844,11.669,True,None,sfc_cache_p1_17,0,None,53.31999999999999,17.32,297.0,54,56,6,6,0,False,81.34715025906736,9.964821428571428,4.273750000000001,11.196428571428571,0.2439,0.824,0.1803,0.1603,3191.9662413190977,2911.9662413190977,280.0,0.8254132037698796,27,14,15
0,1772828972.5219295,293.6,81,0.3419,0.6031,0.0153,0.474,60.265,60.3089,47.3995,0.0,0.0,0.0,3.81,2.63,1.18,None,0.0012030601501464844,12.718,True,None,sfc_unique_p1_17,0,None,53.31999999999999,17.32,297.0,54,56,6,6,0,False,81.44329896907216,9.964821428571428,4.273750000000001,11.196428571428571,0.2439,0.824,0.1803,0.1603,3191.9662413190977,2911.9662413190977,280.0,0.8254132037698796,27,14,15
0,1772828972.5694308,293.7,82,0.3465,0.635,0.0311,0.4989,62.2446,63.5017,49.8942,0.0,0.0,0.0,2.15,1.41,0.75,None,0.047392845153808594,12.036,True,None,sfc_cache_p2_17,0,None,53.31999999999999,17.32,297.0,56,58,6,6,0,False,81.53846153846153,9.937241379310345,4.344827586206897,11.379310344827585,0.2365,0.829,0.195,0.1691,3214.1129678320212,2924.1129678320212,290.0,0.8244151125088367,38,5,15
0,1772828972.5706627,293.7,82,0.3465,0.635,0.0311,0.4989,62.2446,63.5017,49.8942,0.0,0.0,0.0,3.81,2.63,1.18,None,0.047392845153808594,18.153,True,None,sfc_unique_p2_17,0,None,53.31999999999999,17.32,297.0,56,58,6,6,0,False,81.63265306122449,9.937241379310345,4.344827586206897,11.379310344827585,0.2365,0.829,0.195,0.1691,3214.1129678320212,2924.1129678320212,290.0,0.8244151125088367,38,5,15
0,1772828972.6124678,293.7,83,0.352,0.6569,0.0484,0.5239,64.1885,65.6864,52.3889,0.0,0.0,0.0,2.47,1.64,0.83,None,0.09607124328613281,11.225,True,None,sfc_cache_p3_17,0,None,53.31999999999999,21.65,297.0,58,60,6,6,0,False,81.7258883248731,9.906,4.3445,11.55,0.2289,0.8249,0.1932,0.1762,3224.1129678320212,2924.1129678320212,300.0,0.8224882855952618,40,5,15
0,1772828972.613784,293.7,83,0.352,0.6569,0.0484,0.5239,64.1885,65.6864,52.3889,0.0,0.0,0.0,3.81,2.63,1.18,None,0.09607124328613281,12.058,True,None,sfc_unique_p3_17,0,None,53.31999999999999,21.65,297.0,58,60,6,6,0,False,81.81818181818183,9.906,4.3445,11.55,0.2289,0.8249,0.1932,0.1762,3224.1129678320212,2924.1129678320212,300.0,0.8224882855952618,40,5,15
0,1772828972.7451322,293.9,84,0.3582,0.6753,0.0648,0.5488,66.2772,67.5335,54.8836,0.0,0.0,0.0,2.25,1.39,0.86,None,0.13918781280517578,11.885,True,None,sfc_cache_p4_17,0,None,57.65,21.65,297.0,60,62,6,6,0,False,81.90954773869346,9.898387096774194,4.32258064516129,11.709677419354838,0.224,0.8344,0.2071,0.1811,3246.9615144966247,2936.9615144966247,310.0,0.8188381482230676,42,7,13
0,1772828972.7463813,293.9,84,0.3582,0.6753,0.0648,0.5488,66.2772,67.5335,54.8836,0.0,0.0,0.0,4.58,3.4,1.18,None,0.13918781280517578,13.392,True,None,sfc_unique_p4_17,0,None,57.65,21.65,297.0,60,62,6,6,0,False,82.0,9.898387096774194,4.32258064516129,11.709677419354838,0.224,0.8344,0.2071,0.1811,3246.9615144966247,2936.9615144966247,310.0,0.8188381482230676,42,7,13
0,1772828972.7879245,293.9,85,0.3664,0.6946,0.0788,0.5738,68.7978,69.4638,57.3783,0.0,0.0,0.0,2.3,1.43,0.87,None,0.27175188064575195,10.651,True,None,sfc_cache_p5_17,0,None,57.65,21.65,297.0,61,64,6,6,0,False,82.08955223880598,9.95375,4.3071875,11.859375,0.2193,0.8394,0.2053,0.1864,3274.8689591646325,2954.8689591646325,320.0,0.8167994270033163,43,7,14
0,1772828972.789251,293.9,85,0.3664,0.6946,0.0788,0.5738,68.7978,69.4638,57.3783,0.0,0.0,0.0,4.57,3.39,1.18,None,0.27175188064575195,11.961,True,None,sfc_unique_p5_17,0,None,57.65,21.65,297.0,61,64,6,6,0,False,82.17821782178217,9.95375,4.3071875,11.859375,0.2193,0.8394,0.2053,0.1864,3274.8689591646325,2954.8689591646325,320.0,0.8167994270033163,43,7,14
0,1772828972.8365755,294.0,86,0.3664,0.6946,0.0788,0.5738,68.7978,69.4638,57.3783,0.0,0.0,0.0,None,None,None,None,0.3146533966064453,12.951,False,None,sfc_cache_p6_17,0,None,57.65,21.65,297.0,61,64,6,6,0,False,81.77339901477832,9.95375,4.3071875,11.859375,0.2193,0.8394,0.2053,0.1864,3274.8689591646325,2954.8689591646325,320.0,0.8167994270033163,43,7,14
0,1772828972.8378766,294.0,86,0.3664,0.6946,0.0788,0.5738,68.7978,69.4638,57.3783,0.0,0.0,0.0,4.5,3.29,1.21,None,0.3146533966064453,10.692,False,None,sfc_unique_p6_17,0,None,57.65,21.65,297.0,61,64,6,6,0,False,81.37254901960785,9.95375,4.3071875,11.859375,0.2193,0.8394,0.2053,0.1864,3274.8689591646325,2954.8689591646325,320.0,0.8167994270033163,43,7,14
0,1772828992.5488145,313.7,86,0.3207,0.6375,0.0161,0.4989,56.307,63.7486,49.8942,0.0,0.0,0.0,1.93,1.25,0.68,None,0.00020933151245117188,12.687,True,None,sfc_cache_p1_18,0,None,40.99,21.65,231.0,48,54,6,6,0,False,81.46341463414633,9.655185185185186,4.684814814814815,12.222222222222221,0.2197,0.7617,0.2026,0.165,3067.6846997620632,2797.6846997620632,270.0,0.7958958188020664,41,9,4
0,1772828992.5509274,313.7,86,0.3207,0.6375,0.0161,0.4989,56.307,63.7486,49.8942,0.0,0.0,0.0,4.35,3.29,1.06,None,0.00020933151245117188,18.787,True,None,sfc_unique_p1_18,0,None,40.99,21.65,231.0,48,54,6,6,0,False,81.55339805825243,9.655185185185186,4.684814814814815,12.222222222222221,0.2197,0.7617,0.2026,0.165,3067.6846997620632,2797.6846997620632,270.0,0.7958958188020664,41,9,4
0,1772828992.6145754,313.7,87,0.3233,0.6795,0.0339,0.5239,57.8556,67.9468,52.3889,0.0,0.0,0.0,2.15,1.43,0.72,None,0.05640101432800293,17.01,True,None,sfc_cache_p2_18,0,None,40.99,21.65,231.0,48,56,6,6,0,False,81.64251207729468,9.566428571428572,4.8149999999999995,12.375,0.2173,0.7994,0.2007,0.1792,3108.0859534379647,2828.0859534379647,280.0,0.8008500509915694,41,9,6
0,1772828992.6165848,313.7,87,0.3233,0.6795,0.0339,0.5239,57.8556,67.9468,52.3889,0.0,0.0,0.0,2.08,0.94,1.14,None,0.05640101432800293,17.735,True,None,sfc_unique_p2_18,0,None,40.99,21.65,231.0,48,56,6,6,0,False,81.73076923076923,9.566428571428572,4.8149999999999995,12.375,0.2173,0.7994,0.2007,0.1792,3108.0859534379647,2828.0859534379647,280.0,0.8008500509915694,41,9,6
0,1772828992.6797175,313.8,88,0.3279,0.7122,0.0512,0.5488,59.7996,71.2227,54.8836,0.0,0.0,0.0,1.74,1.02,0.72,None,0.1219789981842041,16.403,True,None,sfc_cache_p3_18,0,None,40.99,21.65,231.0,50,58,6,6,0,False,81.81818181818183,9.546896551724139,4.873103448275862,12.517241379310345,0.2147,0.8304,0.2149,0.1896,3143.8416414119624,2853.8416414119624,290.0,0.803347875817603,45,6,7
0,1772828992.6818216,313.8,88,0.3279,0.7122,0.0512,0.5488,59.7996,71.2227,54.8836,0.0,0.0,0.0,4.41,3.28,1.14,None,0.1219789981842041,17.117,True,None,sfc_unique_p3_18,0,None,40.99,21.65,231.0,50,58,6,6,0,False,81.9047619047619,9.546896551724139,4.873103448275862,12.517241379310345,0.2147,0.8304,0.2149,0.1896,3143.8416414119624,2853.8416414119624,290.0,0.803347875817603,45,6,7
0,1772828992.733868,313.9,89,0.3335,0.7458,0.0684,0.5738,61.7078,74.5817,57.3783,0.0,0.0,0.0,2.86,2.07,0.79,None,0.18723630905151367,15.658,True,None,sfc_cache_p4_18,0,None,40.99,21.65,231.0,51,60,6,6,0,False,81.99052132701422,9.523166666666667,4.932833333333334,12.65,0.2104,0.8418,0.2129,0.1965,3179.0064765767975,2879.0064765767975,300.0,0.8005984049836036,48,5,7
0,1772828992.7352588,313.9,89,0.3335,0.7458,0.0684,0.5738,61.7078,74.5817,57.3783,0.0,0.0,0.0,4.41,3.28,1.14,None,0.18723630905151367,10.845,True,None,sfc_unique_p4_18,0,None,40.99,21.65,231.0,51,60,6,6,0,False,82.0754716981132,9.523166666666667,4.932833333333334,12.65,0.2104,0.8418,0.2129,0.1965,3179.0064765767975,2879.0064765767975,300.0,0.8005984049836036,48,5,7
0,1772828992.7757835,313.9,90,0.3401,0.7685,0.0864,0.5987,64.0838,76.8496,59.873,0.0,0.0,0.0,5.58,3.95,1.62,None,0.239943265914917,10.169,True,None,sfc_cache_p5_18,0,None,40.99,21.65,231.0,52,62,6,6,0,False,82.15962441314554,9.570806451612903,4.9188709677419356,12.774193548387096,0.2042,0.85,0.211,0.198,3203.4376791770146,2893.4376791770146,310.0,0.7966326513032722,49,9,4
0,1772828992.7770875,313.9,90,0.3401,0.7685,0.0864,0.5987,64.0838,76.8496,59.873,0.0,0.0,0.0,4.41,3.28,1.14,None,0.239943265914917,10.261,True,None,sfc_unique_p5_18,0,None,40.99,21.65,231.0,52,62,6,6,0,False,82.2429906542056,9.570806451612903,4.9188709677419356,12.774193548387096,0.2042,0.85,0.211,0.198,3203.4376791770146,2893.4376791770146,310.0,0.7966326513032722,49,9,4
0,1772828992.8151147,313.9,91,0.3401,0.7685,0.0864,0.5987,64.0838,76.8496,59.873,0.0,0.0,0.0,None,None,None,None,0.28167033195495605,9.62,False,None,sfc_cache_p6_18,0,None,40.99,21.65,231.0,52,62,6,6,0,False,81.86046511627907,9.570806451612903,4.9188709677419356,12.774193548387096,0.2042,0.85,0.211,0.198,3203.4376791770146,2893.4376791770146,310.0,0.7966326513032722,49,9,4
0,1772828992.8163726,313.9,91,0.3401,0.7685,0.0864,0.5987,64.0838,76.8496,59.873,0.0,0.0,0.0,4.41,3.28,1.14,None,0.28167033195495605,9.539,False,None,sfc_unique_p6_18,0,None,40.99,21.65,231.0,52,62,6,6,0,False,81.48148148148148,9.570806451612903,4.9188709677419356,12.774193548387096,0.2042,0.85,0.211,0.198,3203.4376791770146,2893.4376791770146,310.0,0.7966326513032722,49,9,4
0,1772829013.615587,334.7,91,0.2969,0.6476,0.0132,0.474,52.5271,64.7566,47.3995,0.0,0.0,0.0,1.99,1.43,0.56,None,0.00023055076599121094,31.836,True,None,sfc_cache_p1_19,0,None,40.99,21.65,231.0,46,52,6,6,0,False,81.5668202764977,9.353461538461538,4.941923076923077,12.057692307692308,0.163,0.6095,0.2251,0.1851,3019.0099440292684,2759.0099440292684,260.0,0.8411599880791004,37,6,9
0,1772829013.616954,334.7,91,0.2969,0.6476,0.0132,0.474,52.5271,64.7566,47.3995,0.0,0.0,0.0,2.86,1.86,0.99,None,0.00023055076599121094,17.231,True,None,sfc_unique_p1_19,0,None,40.99,21.65,231.0,46,52,6,6,0,False,81.65137614678899,9.353461538461538,4.941923076923077,12.057692307692308,0.163,0.6095,0.2251,0.1851,3019.0099440292684,2759.0099440292684,260.0,0.8411599880791004,37,6,9
0,1772829013.783681,334.9,92,0.3044,0.6803,0.0266,0.4989,54.471,68.0325,49.8942,0.0,0.0,0.0,2.01,1.36,0.66,None,0.07577681541442871,19.006,True,None,sfc_cache_p2_19,0,None,40.99,21.65,231.0,47,54,6,6,0,False,81.7351598173516,9.34037037037037,4.99962962962963,12.222222222222221,0.1645,0.6221,0.2215,0.1875,3063.9956273600224,2793.9956273600224,270.0,0.8443134455601852,37,9,8
0,1772829013.7856581,334.9,92,0.3044,0.6803,0.0266,0.4989,54.471,68.0325,49.8942,0.0,0.0,0.0,2.86,1.86,0.99,None,0.07577681541442871,22.45,True,None,sfc_unique_p2_19,0,None,40.99,21.65,231.0,47,54,6,6,0,False,81.81818181818183,9.34037037037037,4.99962962962963,12.222222222222221,0.1645,0.6221,0.2215,0.1875,3063.9956273600224,2793.9956273600224,270.0,0.8443134455601852,37,9,8
0,1772829013.8544378,335.0,93,0.3094,0.7022,0.0405,0.5239,56.415,70.2172,52.3889,0.0,0.0,0.0,2.04,1.34,0.69,None,0.24479007720947266,18.814,True,None,sfc_cache_p3_19,0,None,40.99,25.98,231.0,50,56,6,6,0,False,81.90045248868778,9.328214285714285,4.975892857142857,12.375,0.1638,0.6277,0.2184,0.1878,3091.6511760366975,2811.6511760366975,280.0,0.8468301464684842,37,9,10
0,1772829013.8565643,335.0,93,0.3094,0.7022,0.0405,0.5239,56.415,70.2172,52.3889,0.0,0.0,0.0,2.86,1.86,0.99,None,0.24479007720947266,22.036,True,None,sfc_unique_p3_19,0,None,40.99,25.98,231.0,50,56,6,6,0,False,81.98198198198197,9.328214285714285,4.975892857142857,12.375,0.1638,0.6277,0.2184,0.1878,3091.6511760366975,2811.6511760366975,280.0,0.8468301464684842,37,9,10
0,1772829013.9255672,335.0,94,0.3165,0.724,0.0549,0.5488,58.3589,72.402,54.8836,0.0,0.0,0.0,1.94,1.22,0.71,None,0.31578803062438965,18.39,True,None,sfc_cache_p4_19,0,None,40.99,30.31,231.0,52,58,6,6,0,False,82.0627802690583,9.316896551724138,4.953793103448276,12.517241379310345,0.1628,0.6283,0.2158,0.1853,3116.2773948882686,2826.2773948882686,290.0,0.8477622976588535,38,9,11
0,1772829013.9277146,335.0,94,0.3165,0.724,0.0549,0.5488,58.3589,72.402,54.8836,0.0,0.0,0.0,2.86,1.86,0.99,None,0.31578803062438965,21.914,True,None,sfc_unique_p4_19,0,None,40.99,30.31,231.0,52,58,6,6,0,False,82.14285714285714,9.316896551724138,4.953793103448276,12.517241379310345,0.1628,0.6283,0.2158,0.1853,3116.2773948882686,2826.2773948882686,290.0,0.8477622976588535,38,9,11
0,1772829013.9968145,335.1,95,0.321,0.7467,0.0707,0.5738,60.2672,74.6699,57.3783,0.0,0.0,0.0,3.08,2.07,1.01,None,0.3869762420654297,17.938,True,None,sfc_cache_p5_19,0,None,40.99,34.64,231.0,54,60,6,6,0,False,82.22222222222221,9.300833333333333,4.938666666666666,12.65,0.1612,0.6288,0.2129,0.183,3140.5588528669095,2840.5588528669095,300.0,0.8464670798792532,43,6,11
0,1772829013.9989736,335.1,95,0.321,0.7467,0.0707,0.5738,60.2672,74.6699,57.3783,0.0,0.0,0.0,2.93,1.92,1.0,None,0.3869762420654297,21.936,True,None,sfc_unique_p5_19,0,None,40.99,34.64,231.0,54,60,6,6,0,False,82.30088495575221,9.300833333333333,4.938666666666666,12.65,0.1612,0.6288,0.2129,0.183,3140.5588528669095,2840.5588528669095,300.0,0.8464670798792532,43,6,11
0,1772829014.065771,335.2,96,0.3333,0.7551,0.0859,0.5987,63.2554,75.509,59.873,0.0,0.0,0.0,6.87,4.74,2.13,None,0.4581630229949951,17.239,True,None,sfc_cache_p6_19,0,None,40.99,34.64,231.0,55,62,6,6,0,False,82.37885462555066,9.447096774193549,4.833064516129032,12.774193548387096,0.1703,0.6281,0.211,0.1836,3179.07505436423,2869.07505436423,310.0,0.8465605017076023,44,7,11
0,1772829014.0678596,335.2,96,0.3333,0.7551,0.0859,0.5987,63.2554,75.509,59.873,0.0,0.0,0.0,2.88,1.86,1.02,None,0.4581630229949951,20.248,True,None,sfc_unique_p6_19,0,None,40.99,34.64,231.0,55,62,6,6,0,False,82.45614035087719,9.447096774193549,4.833064516129032,12.774193548387096,0.1703,0.6281,0.211,0.1836,3179.07505436423,2869.07505436423,310.0,0.8465605017076023,44,7,11
0,1772829034.6442482,355.8,96,0.2676,0.6165,0.0137,0.474,44.6423,61.6521,47.3995,0.0,0.0,0.0,1.88,0.95,0.93,None,0.00018262863159179688,19.003,True,None,sfc_cache_p1_20,0,None,20.330000000000005,34.64,132.0,40,46,6,5,0,False,82.53275109170306,8.986304347826087,5.318695652173913,13.630434782608695,0.2088,0.5265,0.2232,0.1035,2968.3326656669537,2738.3326656669537,230.0,0.8815981838890051,13,18,15
0,1772829034.6453023,355.8,96,0.2676,0.6165,0.0137,0.474,44.6423,61.6521,47.3995,0.0,0.0,0.0,3.13,1.77,1.36,None,0.00018262863159179688,13.96,True,None,sfc_unique_p1_20,0,None,20.330000000000005,34.64,132.0,40,46,6,5,0,False,82.6086956521739,8.986304347826087,5.318695652173913,13.630434782608695,0.2088,0.5265,0.2232,0.1035,2968.3326656669537,2738.3326656669537,230.0,0.8815981838890051,13,18,15
0,1772829034.693315,355.8,97,0.2746,0.6501,0.0275,0.4989,46.5506,65.0111,49.8942,0.0,0.0,0.0,2.4,1.31,1.09,None,0.0589900016784668,13.077,True,None,sfc_cache_p2_20,0,None,20.330000000000005,34.64,132.0,41,48,6,5,0,False,82.68398268398268,8.98,5.374791666666667,13.75,0.2036,0.5358,0.2196,0.1159,3018.7323715948287,2778.7323715948287,240.0,0.8820601970981571,13,18,17
0,1772829034.6945167,355.8,97,0.2746,0.6501,0.0275,0.4989,46.5506,65.0111,49.8942,0.0,0.0,0.0,3.13,1.77,1.36,None,0.0589900016784668,15.376,True,None,sfc_unique_p2_20,0,None,20.330000000000005,34.64,132.0,41,48,6,5,0,False,82.75862068965517,8.98,5.374791666666667,13.75,0.2036,0.5358,0.2196,0.1159,3018.7323715948287,2778.7323715948287,240.0,0.8820601970981571,13,18,17
0,1772829034.7423398,355.9,98,0.2825,0.6837,0.0458,0.5239,48.4589,68.3701,52.3889,0.0,0.0,0.0,4.36,3.01,1.36,None,0.10813736915588379,12.656,True,None,sfc_cache_p3_20,0,None,20.330000000000005,34.64,132.0,42,50,6,5,0,False,82.83261802575107,8.9742,5.4264,13.86,0.1961,0.5403,0.2335,0.1278,3041.951687490201,2791.951687490201,250.0,0.8768990313517293,14,18,18
0,1772829034.743613,355.9,98,0.2825,0.6837,0.0458,0.5239,48.4589,68.3701,52.3889,0.0,0.0,0.0,3.13,1.77,1.36,None,0.10813736915588379,15.061,True,None,sfc_unique_p3_20,0,None,20.330000000000005,34.64,132.0,42,50,6,5,0,False,82.90598290598291,8.9742,5.4264,13.86,0.1961,0.5403,0.2335,0.1278,3041.951687490201,2791.951687490201,250.0,0.8768990313517293,14,18,18
0,1772829034.866136,356.0,99,0.291,0.6946,0.0655,0.5239,50.9072,69.4612,52.3889,0.0,0.0,0.0,4.41,3.0,1.42,None,0.15737128257751465,12.592,True,None,sfc_cache_p4_20,0,None,24.33,34.64,165.0,44,52,6,5,0,False,82.97872340425532,9.065,5.300961538461538,13.326923076923077,0.1928,0.5414,0.2289,0.1312,3070.4120651407193,2810.4120651407193,260.0,0.8756309605386066,15,18,19
0,1772829034.8674297,356.0,99,0.291,0.6946,0.0655,0.5239,50.9072,69.4612,52.3889,0.0,0.0,0.0,4.16,2.71,1.45,None,0.15737128257751465,15.646,True,None,sfc_unique_p4_20,0,None,24.33,34.64,165.0,44,52,6,5,0,False,83.05084745762711,9.065,5.300961538461538,13.326923076923077,0.1928,0.5414,0.2289,0.1312,3070.4120651407193,2810.4120651407193,260.0,0.8756309605386066,15,18,19
0,1772829034.9181638,356.0,100,0.3004,0.6946,0.0853,0.5239,53.3554,69.4612,52.3889,0.0,0.0,0.0,4.41,3.0,1.42,None,0.28113865852355957,12.858,True,None,sfc_cache_p5_20,0,None,28.33,38.97,198.0,48,54,6,5,0,False,83.12236286919831,9.149074074074074,5.104629629629629,12.833333333333334,0.1887,0.5414,0.2244,0.1316,3098.8724427912375,2828.8724427912375,270.0,0.8746052568024636,16,18,20
0,1772829034.9195783,356.0,100,0.3004,0.6946,0.0853,0.5239,53.3554,69.4612,52.3889,0.0,0.0,0.0,4.16,2.71,1.45,None,0.28113865852355957,15.606,True,None,sfc_unique_p5_20,0,None,28.33,38.97,198.0,48,54,6,5,0,False,83.19327731092437,9.149074074074074,5.104629629629629,12.833333333333334,0.1887,0.5414,0.2244,0.1316,3098.8724427912375,2828.8724427912375,270.0,0.8746052568024636,16,18,20
0,1772829034.9709578,356.1,101,0.3095,0.6946,0.1051,0.5239,55.8037,69.4612,52.3889,0.0,0.0,0.0,4.41,3.0,1.42,None,0.3333122730255127,12.997,True,None,sfc_cache_p6_20,0,None,32.33,43.3,231.0,52,56,6,5,0,False,83.26359832635984,9.227142857142857,4.922321428571428,12.375,0.184,0.5414,0.2201,0.1305,3118.0834782346674,2838.0834782346674,280.0,0.8735235344424487,17,18,21
0,1772829034.9723177,356.1,101,0.3095,0.6946,0.1051,0.5239,55.8037,69.4612,52.3889,0.0,0.0,0.0,4.16,2.71,1.45,None,0.3333122730255127,15.525,True,None,sfc_unique_p6_20,0,None,32.33,43.3,231.0,52,56,6,5,0,False,83.33333333333334,9.227142857142857,4.922321428571428,12.375,0.184,0.5414,0.2201,0.1305,3118.0834782346674,2838.0834782346674,280.0,0.8735235344424487,17,18,21
0,1772829053.678447,374.8,101,0.3195,0.7055,0.118,0.5488,58.684,70.5524,54.8836,0.0,0.0,0.0,4.83,3.24,1.59,None,0.00021505355834960938,11.101,True,None,sfc_cache_p1_21,0,None,32.33,43.3,231.0,52,58,6,6,0,False,83.40248962655602,9.368793103448276,4.827241379310345,12.517241379310345,0.1796,0.542,0.2158,0.1377,3134.991000290077,2844.991000290077,290.0,0.8690260001843836,25,18,15
0,1772829053.6804664,374.8,101,0.3195,0.7055,0.118,0.5488,58.684,70.5524,54.8836,0.0,0.0,0.0,3.51,2.46,1.05,None,0.00021505355834960938,18.176,True,None,sfc_unique_p1_21,0,None,32.33,43.3,231.0,52,58,6,6,0,False,83.47107438016529,9.368793103448276,4.827241379310345,12.517241379310345,0.1796,0.542,0.2158,0.1377,3134.991000290077,2844.991000290077,290.0,0.8690260001843836,25,18,15
0,1772829053.7232492,374.8,102,0.334,0.7055,0.1324,0.5738,62.0318,70.5524,57.3783,0.0,0.0,0.0,4.9,3.31,1.59,None,0.058680057525634766,8.587,True,None,sfc_cache_p2_21,0,None,32.33,43.3,231.0,54,60,6,6,0,False,83.53909465020575,9.573166666666667,4.666333333333333,12.65,0.1734,0.542,0.2129,0.146,3147.5575534552218,2847.5575534552218,300.0,0.8661360305779644,31,18,11
0,1772829053.7244184,374.8,102,0.334,0.7055,0.1324,0.5738,62.0318,70.5524,57.3783,0.0,0.0,0.0,3.51,2.46,1.05,None,0.058680057525634766,13.566,True,None,sfc_unique_p2_21,0,None,32.33,43.3,231.0,54,60,6,6,0,False,83.60655737704919,9.573166666666667,4.666333333333333,12.65,0.1734,0.542,0.2129,0.146,3147.5575534552218,2847.5575534552218,300.0,0.8661360305779644,31,18,11
0,1772829053.764733,374.9,103,0.3451,0.7139,0.1517,0.5987,65.0201,71.3915,59.873,0.0,0.0,0.0,6.8,4.74,2.06,None,0.10195732116699219,8.652,True,None,sfc_cache_p3_21,0,None,32.33,43.3,231.0,54,62,6,6,0,False,83.6734693877551,9.710645161290321,4.569516129032258,12.774193548387096,0.1766,0.5423,0.211,0.1533,3165.868678339015,2855.868678339015,310.0,0.8598137012833076,33,19,10
0,1772829053.7661164,374.9,103,0.3451,0.7139,0.1517,0.5987,65.0201,71.3915,59.873,0.0,0.0,0.0,4.48,3.25,1.23,None,0.10195732116699219,12.487,True,None,sfc_unique_p3_21,0,None,32.33,43.3,231.0,54,62,6,6,0,False,83.73983739837398,9.710645161290321,4.569516129032258,12.774193548387096,0.1766,0.5423,0.211,0.1533,3165.868678339015,2855.868678339015,310.0,0.8598137012833076,33,19,10
0,1772829053.8106768,374.9,104,0.3451,0.7139,0.1517,0.5987,65.0201,71.3915,59.873,0.0,0.0,0.0,None,None,None,None,0.13875174522399902,8.65,False,None,sfc_cache_p4_21,0,None,32.33,43.3,231.0,54,62,6,6,0,False,83.40080971659918,9.710645161290321,4.569516129032258,12.774193548387096,0.1766,0.5423,0.211,0.1533,3165.868678339015,2855.868678339015,310.0,0.8598137012833076,33,19,10
0,1772829053.8119237,374.9,104,0.3451,0.7139,0.1517,0.5987,65.0201,71.3915,59.873,0.0,0.0,0.0,3.71,2.46,1.25,None,0.13875174522399902,14.34,False,None,sfc_unique_p4_21,0,None,32.33,43.3,231.0,54,62,6,6,0,False,83.06451612903226,9.710645161290321,4.569516129032258,12.774193548387096,0.1766,0.5423,0.211,0.1533,3165.868678339015,2855.868678339015,310.0,0.8598137012833076,33,19,10
0,1772829053.8572967,375.0,105,0.3451,0.7139,0.1517,0.5987,65.0201,71.3915,59.873,0.0,0.0,0.0,None,None,None,None,0.1843855381011963,10.174,False,None,sfc_cache_p5_21,0,None,32.33,43.3,231.0,54,62,6,6,0,False,82.73092369477911,9.710645161290321,4.569516129032258,12.774193548387096,0.1766,0.5423,0.211,0.1533,3165.868678339015,2855.868678339015,310.0,0.8598137012833076,33,19,10
0,1772829053.8585997,375.0,105,0.3451,0.7139,0.1517,0.5987,65.0201,71.3915,59.873,0.0,0.0,0.0,3.71,2.46,1.25,None,0.1843855381011963,11.395,False,None,sfc_unique_p5_21,0,None,32.33,43.3,231.0,54,62,6,6,0,False,82.39999999999999,9.710645161290321,4.569516129032258,12.774193548387096,0.1766,0.5423,0.211,0.1533,3165.868678339015,2855.868678339015,310.0,0.8598137012833076,33,19,10
0,1772829053.973294,375.1,106,0.3451,0.7139,0.1517,0.5987,65.0201,71.3915,59.873,0.0,0.0,0.0,None,None,None,None,0.23113489151000977,9.263,False,None,sfc_cache_p6_21,0,None,32.33,43.3,231.0,54,62,6,6,0,False,82.07171314741036,9.710645161290321,4.569516129032258,12.774193548387096,0.1766,0.5423,0.211,0.1533,3165.868678339015,2855.868678339015,310.0,0.8598137012833076,33,19,10
0,1772829053.9749775,375.1,106,0.3451,0.7139,0.1517,0.5987,65.0201,71.3915,59.873,0.0,0.0,0.0,3.71,2.46,1.25,None,0.23113489151000977,12.113,False,None,sfc_unique_p6_21,0,None,32.33,43.3,231.0,54,62,6,6,0,False,81.74603174603175,9.710645161290321,4.569516129032258,12.774193548387096,0.1766,0.5423,0.211,0.1533,3165.868678339015,2855.868678339015,310.0,0.8598137012833076,33,19,10
0,1772829054.87388,376.0,106,0.2886,0.6051,0.0146,0.5239,51.8079,55.9344,56.6732,0.0,0.0,0.0,3.35,1.76,1.59,None,0.0001990795135498047,18.027,True,None,sfc_cache_p6_16,0,None,16.33,25.980000000000004,99.0,34,48,6,6,0,True,81.81818181818183,9.994166666666667,4.624375,14.4375,0.1583,0.47,0.1993,0.1302,2901.1282527083067,2591.1282527083067,310.0,0.8940050276735994,14,16,18
0,1772829054.8757603,376.0,106,0.2886,0.6051,0.0146,0.5239,51.8079,55.9344,56.6732,0.0,0.0,0.0,6.21,4.22,1.99,None,0.0001990795135498047,23.317,True,None,sfc_unique_p6_16,0,None,16.33,25.980000000000004,99.0,34,48,6,6,0,True,81.88976377952756,9.994166666666667,4.624375,14.4375,0.1583,0.47,0.1993,0.1302,2901.1282527083067,2591.1282527083067,310.0,0.8940050276735994,14,16,18
0,1772829054.9268525,376.0,106,0.294,0.6651,0.0305,0.5488,52.7798,61.4782,59.3719,0.0,0.0,0.0,3.69,2.88,0.81,None,0.07974791526794434,10.372,True,None,sfc_cache_p5_18,0,None,16.33,25.98,99.0,36,50,6,6,0,True,81.96078431372548,9.7744,4.8794,14.52,0.159,0.4947,0.2009,0.1403,2915.3818241368785,2605.3818241368785,310.0,0.88268119879374,20,13,17
0,1772829054.9279132,376.0,106,0.294,0.6651,0.0305,0.5488,52.7798,61.4782,59.3719,0.0,0.0,0.0,3.66,2.63,1.03,None,0.07974791526794434,14.114,True,None,sfc_unique_p5_18,0,None,16.33,25.98,99.0,36,50,6,6,0,True,82.03125,9.7744,4.8794,14.52,0.159,0.4947,0.2009,0.1403,2915.3818241368785,2605.3818241368785,310.0,0.88268119879374,20,13,17
0,1772829054.9704022,376.1,106,0.2997,0.6651,0.0305,0.5488,52.7798,61.4782,59.3719,0.0,0.0,0.0,None,None,None,None,0.13131403923034668,10.37,False,None,sfc_cache_p5_16,0,None,16.33,25.98,99.0,36,50,6,6,0,True,81.71206225680933,9.7744,4.8794,14.52,0.1629,0.4947,0.2047,0.1403,2905.3818241368785,2605.3818241368785,300.0,0.88268119879374,20,13,17
0,1772829054.971412,376.1,106,0.2997,0.6651,0.0305,0.5488,52.7798,61.4782,59.3719,0.0,0.0,0.0,6.98,4.97,2.02,None,0.13131403923034668,12.805,False,None,sfc_unique_p5_16,0,None,16.33,25.98,99.0,36,50,6,6,0,True,81.3953488372093,9.7744,4.8794,14.52,0.1629,0.4947,0.2047,0.1403,2905.3818241368785,2605.3818241368785,300.0,0.88268119879374,20,13,17
0,1772829055.0137496,376.1,106,0.3031,0.6651,0.0305,0.5488,52.7798,61.4782,59.3719,0.0,0.0,0.0,None,None,None,None,0.17499995231628418,10.422,False,None,sfc_cache_p4_16,0,None,16.33,25.98,99.0,36,50,6,6,0,True,81.08108108108108,9.7744,4.8794,14.52,0.167,0.4947,0.2087,0.1403,2895.3818241368785,2605.3818241368785,290.0,0.88268119879374,20,13,17
0,1772829055.014811,376.1,106,0.3031,0.6651,0.0305,0.5488,52.7798,61.4782,59.3719,0.0,0.0,0.0,6.98,4.97,2.02,None,0.17499995231628418,12.98,False,None,sfc_unique_p4_16,0,None,16.33,25.98,99.0,36,50,6,6,0,True,80.76923076923077,9.7744,4.8794,14.52,0.167,0.4947,0.2087,0.1403,2895.3818241368785,2605.3818241368785,290.0,0.88268119879374,20,13,17
0,1772829055.058057,376.2,106,0.3067,0.6651,0.0305,0.5488,52.7798,61.4782,59.3719,0.0,0.0,0.0,None,None,None,None,0.21905064582824707,10.424,False,None,sfc_cache_p3_16,0,None,16.33,25.98,99.0,36,50,6,6,0,True,80.45977011494253,9.7744,4.8794,14.52,0.1713,0.4947,0.2129,0.1403,2885.3818241368785,2605.3818241368785,280.0,0.88268119879374,20,13,17
0,1772829055.0591154,376.2,106,0.3067,0.6651,0.0305,0.5488,52.7798,61.4782,59.3719,0.0,0.0,0.0,6.98,4.97,2.02,None,0.21905064582824707,13.004,False,None,sfc_unique_p3_16,0,None,16.33,25.98,99.0,36,50,6,6,0,True,80.1526717557252,9.7744,4.8794,14.52,0.1713,0.4947,0.2129,0.1403,2885.3818241368785,2605.3818241368785,280.0,0.88268119879374,20,13,17
0,1772829055.1012857,376.2,106,0.3128,0.6651,0.0305,0.5488,52.7798,61.4782,59.3719,0.0,0.0,0.0,None,None,None,None,0.2630805969238281,10.477,False,None,sfc_cache_p2_16,0,None,16.33,25.98,99.0,36,50,6,6,0,True,79.84790874524715,9.7744,4.8794,14.52,0.1758,0.4947,0.2172,0.1403,2875.3818241368785,2605.3818241368785,270.0,0.88268119879374,20,13,17
0,1772829055.1023104,376.2,106,0.3128,0.6651,0.0305,0.5488,52.7798,61.4782,59.3719,0.0,0.0,0.0,6.98,4.97,2.02,None,0.2630805969238281,12.717,False,None,sfc_unique_p2_16,0,None,16.33,25.98,99.0,36,50,6,6,0,True,79.54545454545455,9.7744,4.8794,14.52,0.1758,0.4947,0.2172,0.1403,2875.3818241368785,2605.3818241368785,270.0,0.88268119879374,20,13,17
0,1772829055.1445904,376.3,106,0.3192,0.6651,0.0305,0.5488,52.7798,61.4782,59.3719,0.0,0.0,0.0,None,None,None,None,0.3065030574798584,10.214,False,None,sfc_cache_p1_21,0,None,16.33,25.98,99.0,36,50,6,6,0,True,79.24528301886792,9.7744,4.8794,14.52,0.1805,0.4947,0.2218,0.1403,2865.3818241368785,2605.3818241368785,260.0,0.88268119879374,20,13,17
0,1772829055.1456757,376.3,106,0.3192,0.6651,0.0305,0.5488,52.7798,61.4782,59.3719,0.0,0.0,0.0,2.85,1.92,0.93,None,0.3065030574798584,12.766,False,None,sfc_unique_p1_21,0,None,16.33,25.98,99.0,36,50,6,6,0,True,78.94736842105263,9.7744,4.8794,14.52,0.1805,0.4947,0.2218,0.1403,2865.3818241368785,2605.3818241368785,260.0,0.88268119879374,20,13,17
0,1772829055.188202,376.3,106,0.3245,0.6651,0.0305,0.5488,52.7798,61.4782,59.3719,0.0,0.0,0.0,None,None,None,None,0.3500947952270508,10.462,False,None,sfc_cache_p1_16,0,None,16.33,25.98,99.0,36,50,6,6,0,True,78.65168539325843,9.7744,4.8794,14.52,0.1855,0.4947,0.2265,0.1403,2855.3818241368785,2605.3818241368785,250.0,0.88268119879374,20,13,17
0,1772829055.1892214,376.3,106,0.3245,0.6651,0.0305,0.5488,52.7798,61.4782,59.3719,0.0,0.0,0.0,6.98,4.97,2.02,None,0.3500947952270508,12.977,False,None,sfc_unique_p1_16,0,None,16.33,25.98,99.0,36,50,6,6,0,True,78.35820895522389,9.7744,4.8794,14.52,0.1855,0.4947,0.2265,0.1403,2855.3818241368785,2605.3818241368785,250.0,0.88268119879374,20,13,17
0,1772829074.8746457,396.0,106,0.3245,0.6651,0.0305,0.5488,52.7798,61.4782,59.3719,0.0,0.0,0.0,None,None,None,None,0.0017056465148925781,18.039,False,None,sfc_cache_p1_22,0,None,16.33,25.98,99.0,36,50,6,6,0,True,78.06691449814126,9.7744,4.8794,14.52,0.1855,0.4947,0.2265,0.1403,2855.3818241368785,2605.3818241368785,250.0,0.88268119879374,20,13,17
0,1772829074.8766124,396.0,106,0.3245,0.6651,0.0305,0.5488,52.7798,61.4782,59.3719,0.0,0.0,0.0,5.14,4.06,1.09,None,0.0017056465148925781,21.97,False,None,sfc_unique_p1_22,0,None,16.33,25.98,99.0,36,50,6,6,0,True,77.77777777777779,9.7744,4.8794,14.52,0.1855,0.4947,0.2265,0.1403,2855.3818241368785,2605.3818241368785,250.0,0.88268119879374,20,13,17
0,1772829074.9488254,396.1,107,0.3245,0.6651,0.0305,0.5488,52.7798,61.4782,59.3719,0.0,0.0,0.0,None,None,None,None,0.21087217330932617,17.273,False,None,sfc_cache_p2_22,0,None,16.33,25.98,99.0,36,50,6,6,0,True,77.49077490774908,9.7744,4.8794,14.52,0.1855,0.4947,0.2265,0.1403,2855.3818241368785,2605.3818241368785,250.0,0.88268119879374,20,13,17
0,1772829074.9508457,396.1,107,0.3245,0.6651,0.0305,0.5488,52.7798,61.4782,59.3719,0.0,0.0,0.0,5.14,4.06,1.09,None,0.21087217330932617,22.132,False,None,sfc_unique_p2_22,0,None,16.33,25.98,99.0,36,50,6,6,0,True,77.20588235294117,9.7744,4.8794,14.52,0.1855,0.4947,0.2265,0.1403,2855.3818241368785,2605.3818241368785,250.0,0.88268119879374,20,13,17
0,1772829075.0241845,396.1,108,0.3245,0.6651,0.0305,0.5488,52.7798,61.4782,59.3719,0.0,0.0,0.0,None,None,None,None,0.2851436138153076,17.771,False,None,sfc_cache_p3_22,0,None,16.33,25.98,99.0,36,50,6,6,0,True,76.92307692307693,9.7744,4.8794,14.52,0.1855,0.4947,0.2265,0.1403,2855.3818241368785,2605.3818241368785,250.0,0.88268119879374,20,13,17
0,1772829075.0261128,396.1,108,0.3245,0.6651,0.0305,0.5488,52.7798,61.4782,59.3719,0.0,0.0,0.0,5.14,4.06,1.09,None,0.2851436138153076,22.041,False,None,sfc_unique_p3_22,0,None,16.33,25.98,99.0,36,50,6,6,0,True,76.64233576642336,9.7744,4.8794,14.52,0.1855,0.4947,0.2265,0.1403,2855.3818241368785,2605.3818241368785,250.0,0.88268119879374,20,13,17
0,1772829075.0992224,396.2,109,0.3245,0.6651,0.0305,0.5488,52.7798,61.4782,59.3719,0.0,0.0,0.0,None,None,None,None,0.36034488677978516,17.768,False,None,sfc_cache_p4_22,0,None,16.33,25.98,99.0,36,50,6,6,0,True,76.36363636363637,9.7744,4.8794,14.52,0.1855,0.4947,0.2265,0.1403,2855.3818241368785,2605.3818241368785,250.0,0.88268119879374,20,13,17
0,1772829075.1012251,396.2,109,0.3245,0.6651,0.0305,0.5488,52.7798,61.4782,59.3719,0.0,0.0,0.0,5.14,4.06,1.09,None,0.36034488677978516,22.031,False,None,sfc_unique_p4_22,0,None,16.33,25.98,99.0,36,50,6,6,0,True,76.08695652173914,9.7744,4.8794,14.52,0.1855,0.4947,0.2265,0.1403,2855.3818241368785,2605.3818241368785,250.0,0.88268119879374,20,13,17
0,1772829075.1752334,396.3,110,0.3245,0.6651,0.0305,0.5488,52.7798,61.4782,59.3719,0.0,0.0,0.0,None,None,None,None,0.4354860782623291,17.815,False,None,sfc_cache_p5_22,0,None,16.33,25.98,99.0,36,50,6,6,0,True,75.81227436823104,9.7744,4.8794,14.52,0.1855,0.4947,0.2265,0.1403,2855.3818241368785,2605.3818241368785,250.0,0.88268119879374,20,13,17
0,1772829075.1772926,396.3,110,0.3245,0.6651,0.0305,0.5488,52.7798,61.4782,59.3719,0.0,0.0,0.0,5.14,4.06,1.09,None,0.4354860782623291,22.348,False,None,sfc_unique_p5_22,0,None,16.33,25.98,99.0,36,50,6,6,0,True,75.53956834532374,9.7744,4.8794,14.52,0.1855,0.4947,0.2265,0.1403,2855.3818241368785,2605.3818241368785,250.0,0.88268119879374,20,13,17
0,1772829075.251244,396.4,111,0.3245,0.6651,0.0305,0.5488,52.7798,61.4782,59.3719,0.0,0.0,0.0,None,None,None,None,0.5115804672241211,18.022,False,None,sfc_cache_p6_22,0,None,16.33,25.98,99.0,36,50,6,6,0,True,75.26881720430107,9.7744,4.8794,14.52,0.1855,0.4947,0.2265,0.1403,2855.3818241368785,2605.3818241368785,250.0,0.88268119879374,20,13,17
0,1772829075.2532904,396.4,111,0.3245,0.6651,0.0305,0.5488,52.7798,61.4782,59.3719,0.0,0.0,0.0,5.14,4.06,1.09,None,0.5115804672241211,22.308,False,None,sfc_unique_p6_22,0,None,16.33,25.98,99.0,36,50,6,6,0,True,75.0,9.7744,4.8794,14.52,0.1855,0.4947,0.2265,0.1403,2855.3818241368785,2605.3818241368785,250.0,0.88268119879374,20,13,17
0,1772829095.7649662,416.9,111,0.2702,0.4896,0.0146,0.4241,42.3388,48.9643,42.41,0.0,0.0,0.0,3.69,2.1,1.59,None,0.00020647048950195312,21.095,True,None,sfc_cache_p1_23,0,None,11.999999999999998,21.65,99.0,28,40,6,5,0,False,75.08896797153025,9.801,4.85775,14.025,0.2113,0.4512,0.1912,0.1266,2868.393771203896,2668.393771203896,200.0,0.9070501814686921,8,10,22
0,1772829095.7666326,416.9,111,0.2702,0.4896,0.0146,0.4241,42.3388,48.9643,42.41,0.0,0.0,0.0,5.98,4.05,1.94,None,0.00020647048950195312,25.789,True,None,sfc_unique_p1_23,0,None,11.999999999999998,21.65,99.0,28,40,6,5,0,False,75.177304964539,9.801,4.85775,14.025,0.2113,0.4512,0.1912,0.1266,2868.393771203896,2668.393771203896,200.0,0.9070501814686921,8,10,22
0,1772829095.8437998,417.0,112,0.2739,0.5115,0.0291,0.4241,43.8507,51.1491,42.41,0.0,0.0,0.0,3.69,2.1,1.59,None,0.07972455024719238,21.113,True,None,sfc_cache_p2_23,0,None,16.0,25.98,132.0,32,42,6,5,0,False,75.26501766784452,9.667619047619048,4.832857142857143,13.357142857142858,0.2175,0.4658,0.1869,0.1425,2906.8223426324676,2696.8223426324676,210.0,0.9038702537455338,10,9,23
0,1772829095.8455899,417.0,112,0.2739,0.5115,0.0291,0.4241,43.8507,51.1491,42.41,0.0,0.0,0.0,5.98,4.05,1.94,None,0.07972455024719238,25.69,True,None,sfc_unique_p2_23,0,None,16.0,25.98,132.0,32,42,6,5,0,False,75.35211267605634,9.667619047619048,4.832857142857143,13.357142857142858,0.2175,0.4658,0.1869,0.1425,2906.8223426324676,2696.8223426324676,210.0,0.9038702537455338,10,9,23
0,1772829096.0553596,417.2,113,0.2785,0.5342,0.045,0.4241,45.327,53.417,42.41,0.0,0.0,0.0,3.69,2.1,1.59,None,0.1587214469909668,21.04,True,None,sfc_cache_p3_23,0,None,20.0,30.31,165.0,35,44,6,5,0,False,75.43859649122807,9.538863636363637,4.817727272727272,12.75,0.2164,0.4705,0.1829,0.1584,2934.950914061039,2714.950914061039,220.0,0.8959637733182703,15,5,24
0,1772829096.057636,417.2,113,0.2785,0.5342,0.045,0.4241,45.327,53.417,42.41,0.0,0.0,0.0,6.89,4.9,1.99,None,0.1587214469909668,33.24,True,None,sfc_unique_p3_23,0,None,20.0,30.31,165.0,35,44,6,5,0,False,75.52447552447552,9.538863636363637,4.817727272727272,12.75,0.2164,0.4705,0.1829,0.1584,2934.950914061039,2714.950914061039,220.0,0.8959637733182703,15,5,24
0,1772829096.1574912,417.3,114,0.2831,0.556,0.0623,0.4241,46.839,55.6018,42.41,0.0,0.0,0.0,3.69,2.1,1.59,None,0.3712422847747803,27.161,True,None,sfc_cache_p4_23,0,None,24.0,34.64,198.0,39,46,6,5,0,False,75.60975609756098,9.428478260869564,4.796739130434783,12.195652173913043,0.2157,0.4845,0.179,0.1726,2980.845512420426,2750.845512420426,230.0,0.8956739916721255,15,10,21
0,1772829096.159766,417.3,114,0.2831,0.556,0.0623,0.4241,46.839,55.6018,42.41,0.0,0.0,0.0,5.32,3.31,2.02,None,0.3712422847747803,32.691,True,None,sfc_unique_p4_23,0,None,24.0,34.64,198.0,39,46,6,5,0,False,75.69444444444444,9.428478260869564,4.796739130434783,12.195652173913043,0.2157,0.4845,0.179,0.1726,2980.845512420426,2750.845512420426,230.0,0.8956739916721255,15,10,21
0,1772829096.2595363,417.4,115,0.2887,0.5779,0.0797,0.4241,48.3509,57.7865,42.41,0.0,0.0,0.0,3.69,2.1,1.59,None,0.47341203689575195,27.241,True,None,sfc_cache_p5_23,0,None,28.0,38.97,231.0,43,48,6,5,0,False,75.77854671280276,9.327291666666666,4.7775,11.6875,0.2133,0.4925,0.1752,0.1824,3022.945806492551,2782.945806492551,240.0,0.8947932651832007,15,12,21
0,1772829096.2618663,417.4,115,0.2887,0.5779,0.0797,0.4241,48.3509,57.7865,42.41,0.0,0.0,0.0,5.32,3.31,2.02,None,0.47341203689575195,32.379,True,None,sfc_unique_p5_23,0,None,28.0,38.97,231.0,43,48,6,5,0,False,75.86206896551724,9.327291666666666,4.7775,11.6875,0.2133,0.4925,0.1752,0.1824,3022.945806492551,2782.945806492551,240.0,0.8947932651832007,15,12,21
0,1772829096.3518825,417.5,116,0.2941,0.5997,0.097,0.4241,49.8628,59.9713,42.41,0.0,0.0,0.0,3.69,2.1,1.59,None,0.5755650997161865,29.428,True,None,sfc_cache_p6_23,0,None,32.0,43.3,264.0,47,50,6,5,0,False,75.94501718213058,9.2342,4.7598,11.22,0.2095,0.4949,0.1717,0.1881,3046.6340900399896,2796.6340900399896,250.0,0.8933969012861108,15,14,21
0,1772829096.3536978,417.5,116,0.2941,0.5997,0.097,0.4241,49.8628,59.9713,42.41,0.0,0.0,0.0,5.32,3.31,2.02,None,0.5755650997161865,23.599,True,None,sfc_unique_p6_23,0,None,32.0,43.3,264.0,47,50,6,5,0,False,76.02739726027397,9.2342,4.7598,11.22,0.2095,0.4949,0.1717,0.1881,3046.6340900399896,2796.6340900399896,250.0,0.8933969012861108,15,14,21
0,1772829116.797068,437.9,116,0.2787,0.4359,0.0145,0.3243,43.49,43.5944,32.4312,0.0,0.0,0.0,4.34,2.83,1.51,None,0.0001785755157470703,22.291,True,None,sfc_cache_p1_24,0,None,32.0,43.3,264.0,42,42,6,5,0,False,76.10921501706484,9.588095238095239,4.119047619047619,10.214285714285714,0.2398,0.4623,0.1486,0.1523,2899.674854627515,2689.674854627515,210.0,0.9032361333128092,10,14,18
0,1772829116.798793,437.9,116,0.2787,0.4359,0.0145,0.3243,43.49,43.5944,32.4312,0.0,0.0,0.0,6.89,4.9,1.99,None,0.0001785755157470703,26.451,True,None,sfc_unique_p1_24,0,None,32.0,43.3,264.0,42,42,6,5,0,False,76.19047619047619,9.588095238095239,4.119047619047619,10.214285714285714,0.2398,0.4623,0.1486,0.1523,2899.674854627515,2689.674854627515,210.0,0.9032361333128092,10,14,18
0,1772829116.8767462,438.0,117,0.2875,0.4687,0.0318,0.3493,45.4339,46.8703,34.9259,0.0,0.0,0.0,3.69,2.1,1.59,None,0.08101129531860352,21.841,True,None,sfc_cache_p2_24,0,None,32.0,43.3,264.0,43,44,6,5,0,False,76.27118644067797,9.561363636363636,4.2272727272727275,10.5,0.2295,0.4595,0.1476,0.1567,2927.6117065080284,2707.6117065080284,220.0,0.8998998971302399,14,12,18
0,1772829116.8785129,438.0,117,0.2875,0.4687,0.0318,0.3493,45.4339,46.8703,34.9259,0.0,0.0,0.0,5.32,3.31,2.02,None,0.08101129531860352,25.62,True,None,sfc_unique_p2_24,0,None,32.0,43.3,264.0,43,44,6,5,0,False,76.35135135135135,9.561363636363636,4.2272727272727275,10.5,0.2295,0.4595,0.1476,0.1567,2927.6117065080284,2707.6117065080284,220.0,0.8998998971302399,14,12,18
0,1772829116.9559166,438.1,118,0.2995,0.4788,0.047,0.3742,48.3498,47.8782,37.4206,0.0,0.0,0.0,3.33,1.74,1.59,None,0.16075515747070312,21.669,True,None,sfc_cache_p3_24,0,None,32.0,43.3,264.0,45,46,6,5,0,False,76.43097643097643,9.732608695652173,4.130434782608695,10.76086956521739,0.2187,0.4561,0.1648,0.1574,2949.328849365171,2719.328849365171,230.0,0.8936329910618098,15,13,18
0,1772829116.957709,438.1,118,0.2995,0.4788,0.047,0.3742,48.3498,47.8782,37.4206,0.0,0.0,0.0,7.66,5.64,2.02,None,0.16075515747070312,24.953,True,None,sfc_unique_p3_24,0,None,32.0,43.3,264.0,45,46,6,5,0,False,76.51006711409396,9.732608695652173,4.130434782608695,10.76086956521739,0.2187,0.4561,0.1648,0.1574,2949.328849365171,2719.328849365171,230.0,0.8936329910618098,15,13,18
0,1772829117.0354736,438.2,119,0.3134,0.4788,0.0621,0.3992,51.2301,47.8782,39.9153,0.0,0.0,0.0,4.05,2.38,1.67,None,0.23996257781982422,21.053,True,None,sfc_cache_p4_24,0,None,36.33,43.3,264.0,48,48,6,5,0,False,76.58862876254182,9.882708333333333,3.9583333333333335,11.0,0.2091,0.4561,0.1683,0.1575,2968.353483322763,2728.353483322763,240.0,0.8865734847184613,17,13,18
0,1772829117.037371,438.2,119,0.3134,0.4788,0.0621,0.3992,51.2301,47.8782,39.9153,0.0,0.0,0.0,7.66,5.64,2.02,None,0.23996257781982422,24.626,True,None,sfc_unique_p4_24,0,None,36.33,43.3,264.0,48,48,6,5,0,False,76.66666666666667,9.882708333333333,3.9583333333333335,11.0,0.2091,0.4561,0.1683,0.1575,2968.353483322763,2728.353483322763,240.0,0.8865734847184613,17,13,18
0,1772829117.233159,438.4,120,0.3218,0.4788,0.0773,0.3992,53.6783,47.8782,39.9153,0.0,0.0,0.0,4.05,2.38,1.67,None,0.31969475746154785,21.109,True,None,sfc_cache_p5_24,0,None,44.66,43.3,297.0,52,50,6,5,0,False,76.74418604651163,9.940800000000001,3.8,10.56,0.1983,0.4561,0.1649,0.1551,2978.353483322763,2728.353483322763,250.0,0.8795006674605667,19,13,18
0,1772829117.2350483,438.4,120,0.3218,0.4788,0.0773,0.3992,53.6783,47.8782,39.9153,0.0,0.0,0.0,7.66,5.64,2.02,None,0.31969475746154785,25.053,True,None,sfc_unique_p5_24,0,None,44.66,43.3,297.0,52,50,6,5,0,False,76.82119205298014,9.940800000000001,3.8,10.56,0.1983,0.4561,0.1649,0.1551,2978.353483322763,2728.353483322763,250.0,0.8795006674605667,19,13,18
0,1772829117.3118343,438.4,121,0.3241,0.5015,0.0924,0.3992,55.1547,50.1462,39.9153,0.0,0.0,0.0,4.05,2.38,1.67,None,0.5173501968383789,20.856,True,None,sfc_cache_p6_24,0,None,52.99,43.3,330.0,55,52,6,5,0,False,76.89768976897689,9.821346153846154,3.826923076923077,10.153846153846153,0.2086,0.5381,0.1616,0.1581,3015.9363776518617,2755.9363776518617,260.0,0.8729403825338701,21,13,18
0,1772829117.313781,438.4,121,0.3241,0.5015,0.0924,0.3992,55.1547,50.1462,39.9153,0.0,0.0,0.0,9.36,7.31,2.04,None,0.5173501968383789,24.433,True,None,sfc_unique_p6_24,0,None,52.99,43.3,330.0,55,52,6,5,0,False,76.97368421052632,9.821346153846154,3.826923076923077,10.153846153846153,0.2086,0.5381,0.1616,0.1581,3015.9363776518617,2755.9363776518617,260.0,0.8729403825338701,21,13,18
0,1772829137.8327756,459.0,121,0.2852,0.4116,0.0152,0.3493,44.4976,41.1602,34.9259,0.0,0.0,0.0,1.77,1.0,0.78,None,0.00018930435180664062,22.237,True,None,sfc_cache_p1_25,0,None,40.99,34.64,231.0,42,42,6,5,0,False,77.04918032786885,9.810238095238095,3.889047619047619,11.0,0.2252,0.4871,0.1716,0.1037,2826.9725949556846,2616.9725949556846,210.0,0.8691031844007119,19,13,10
0,1772829137.8345804,459.0,121,0.2852,0.4116,0.0152,0.3493,44.4976,41.1602,34.9259,0.0,0.0,0.0,6.14,4.97,1.18,None,0.00018930435180664062,24.427,True,None,sfc_unique_p1_25,0,None,40.99,34.64,231.0,42,42,6,5,0,False,77.12418300653596,9.810238095238095,3.889047619047619,11.0,0.2252,0.4871,0.1716,0.1037,2826.9725949556846,2616.9725949556846,210.0,0.8691031844007119,19,13,10
0,1772829137.9123027,459.0,122,0.295,0.4309,0.0316,0.3742,47.0182,43.0904,37.4206,0.0,0.0,0.0,2.47,1.64,0.83,None,0.0808863639831543,21.62,True,None,sfc_cache_p2_25,0,None,40.99,34.64,231.0,43,44,6,5,0,False,77.19869706840392,9.894772727272727,3.8863636363636362,11.25,0.2213,0.4809,0.1693,0.1147,2848.1570741384735,2628.1570741384735,220.0,0.8642333940932846,21,13,10
0,1772829137.91406,459.0,122,0.295,0.4309,0.0316,0.3742,47.0182,43.0904,37.4206,0.0,0.0,0.0,3.82,2.64,1.18,None,0.0808863639831543,23.885,True,None,sfc_unique_p2_25,0,None,40.99,34.64,231.0,43,44,6,5,0,False,77.27272727272727,9.894772727272727,3.8863636363636362,11.25,0.2213,0.4809,0.1693,0.1147,2848.1570741384735,2628.1570741384735,220.0,0.8642333940932846,21,13,10
0,1772829137.9914043,459.1,123,0.3046,0.4494,0.048,0.3992,49.5745,44.9375,39.9153,0.0,0.0,0.0,2.25,1.39,0.86,None,0.1603391170501709,21.036,True,None,sfc_cache_p3_25,0,None,40.99,34.64,231.0,44,46,6,5,0,False,77.34627831715211,9.97913043478261,3.8767391304347827,11.478260869565217,0.2121,0.4867,0.1864,0.1237,2868.1399065173623,2638.1399065173623,230.0,0.8598865622677938,22,14,10
0,1772829137.993275,459.1,123,0.3046,0.4494,0.048,0.3992,49.5745,44.9375,39.9153,0.0,0.0,0.0,3.82,2.64,1.18,None,0.1603391170501709,23.81,True,None,sfc_unique_p3_25,0,None,40.99,34.64,231.0,44,46,6,5,0,False,77.41935483870968,9.97913043478261,3.8767391304347827,11.478260869565217,0.2121,0.4867,0.1864,0.1237,2868.1399065173623,2638.1399065173623,230.0,0.8598865622677938,22,14,10
0,1772829138.069656,459.2,124,0.3073,0.4821,0.0664,0.4241,51.0508,48.2134,42.41,0.0,0.0,0.0,2.26,1.39,0.87,None,0.23956561088562012,20.768,True,None,sfc_cache_p4_25,0,None,45.32,34.64,231.0,46,48,6,5,0,False,77.491961414791,9.848125,3.986041666666667,11.6875,0.2081,0.5115,0.2029,0.1335,2895.360537998557,2655.360537998557,240.0,0.8580617646140486,22,16,10
0,1772829138.071541,459.2,124,0.3073,0.4821,0.0664,0.4241,51.0508,48.2134,42.41,0.0,0.0,0.0,4.5,3.29,1.21,None,0.23956561088562012,23.232,True,None,sfc_unique_p4_25,0,None,45.32,34.64,231.0,46,48,6,5,0,False,77.56410256410257,9.848125,3.986041666666667,11.6875,0.2081,0.5115,0.2029,0.1335,2895.360537998557,2655.360537998557,240.0,0.8580617646140486,22,16,10
0,1772829138.147576,459.3,125,0.3149,0.5048,0.082,0.449,52.9591,50.4813,44.9047,0.0,0.0,0.0,3.14,2.27,0.87,None,0.31791234016418457,19.464,True,None,sfc_cache_p5_25,0,None,49.65,34.64,231.0,49,50,6,5,0,False,77.63578274760383,9.8076,4.006600000000001,11.88,0.2051,0.5295,0.2055,0.1402,2936.0310998310906,2686.0310998310906,250.0,0.8582576695175057,22,17,11
0,1772829138.1495233,459.3,125,0.3149,0.5048,0.082,0.449,52.9591,50.4813,44.9047,0.0,0.0,0.0,2.98,1.77,1.21,None,0.31791234016418457,22.892,True,None,sfc_unique_p5_25,0,None,49.65,34.64,231.0,49,50,6,5,0,False,77.70700636942675,9.8076,4.006600000000001,11.88,0.2051,0.5295,0.2055,0.1402,2936.0310998310906,2686.0310998310906,250.0,0.8582576695175057,22,17,11
0,1772829138.2245023,459.3,126,0.3177,0.5468,0.1001,0.449,54.0758,54.6795,44.9047,0.0,0.0,0.0,2.3,1.43,0.87,None,0.3958604335784912,19.324,True,None,sfc_cache_p6_25,0,None,53.65,34.64,264.0,52,52,6,5,0,False,77.77777777777779,9.62923076923077,4.172884615384616,11.423076923076923,0.2024,0.5383,0.2014,0.1451,2978.77293546025,2718.77293546025,260.0,0.8580213962075598,22,18,12
0,1772829138.2264678,459.3,126,0.3177,0.5468,0.1001,0.449,54.0758,54.6795,44.9047,0.0,0.0,0.0,2.16,0.96,1.21,None,0.3958604335784912,21.875,True,None,sfc_unique_p6_25,0,None,53.65,34.64,264.0,52,52,6,5,0,False,77.84810126582279,9.62923076923077,4.172884615384616,11.423076923076923,0.2024,0.5383,0.2014,0.1451,2978.77293546025,2718.77293546025,260.0,0.8580213962075598,22,18,12
0,1772829168.0057604,489.1,126,0.2755,0.4477,0.017,0.3243,42.9878,44.7662,32.4312,0.0,0.0,0.0,3.13,2.14,0.99,None,0.0001347064971923828,21.174,True,None,sfc_cache_p1_26,0,None,53.65,21.650000000000006,264.0,42,42,6,5,0,False,77.91798107255521,9.477380952380953,4.229761904761905,10.214285714285714,0.1802,0.446,0.2104,0.1133,2788.148701150672,2578.148701150672,210.0,0.8370088543343147,24,15,3
0,1772829168.007563,489.1,126,0.2755,0.4477,0.017,0.3243,42.9878,44.7662,32.4312,0.0,0.0,0.0,2.42,0.91,1.5,None,0.0001347064971923828,22.435,True,None,sfc_unique_p1_26,0,None,53.65,21.650000000000006,264.0,42,42,6,5,0,False,77.9874213836478,9.477380952380953,4.229761904761905,10.214285714285714,0.1802,0.446,0.2104,0.1133,2788.148701150672,2578.148701150672,210.0,0.8370088543343147,24,15,3
0,1772829168.0811303,489.2,127,0.2829,0.4813,0.0328,0.3493,44.8961,48.1252,34.9259,0.0,0.0,0.0,2.32,1.25,1.07,None,0.20257282257080078,19.145,True,None,sfc_cache_p2_26,0,None,53.65,21.65,264.0,43,44,6,5,0,False,78.0564263322884,9.44818181818182,4.340454545454545,10.5,0.1807,0.4727,0.2039,0.1228,2823.027202930582,2603.027202930582,220.0,0.8392941096700602,25,16,3
0,1772829168.0829787,489.2,127,0.2829,0.4813,0.0328,0.3493,44.8961,48.1252,34.9259,0.0,0.0,0.0,3.21,1.68,1.53,None,0.20257282257080078,21.416,True,None,sfc_unique_p2_26,0,None,53.65,21.65,264.0,43,44,6,5,0,False,78.125,9.44818181818182,4.340454545454545,10.5,0.1807,0.4727,0.2039,0.1228,2823.027202930582,2603.027202930582,220.0,0.8392941096700602,25,16,3
0,1772829168.1570747,489.3,128,0.2887,0.5148,0.0478,0.3742,46.8044,51.4842,37.4206,0.0,0.0,0.0,2.54,1.43,1.11,None,0.2779691219329834,18.43,True,None,sfc_cache_p3_26,0,None,53.65,21.65,264.0,44,46,6,5,0,False,78.19314641744548,9.421521739130435,4.441521739130435,10.76086956521739,0.183,0.5047,0.2061,0.1334,2866.717034226047,2636.717034226047,230.0,0.8444567859031874,25,16,5
0,1772829168.15896,489.3,128,0.2887,0.5148,0.0478,0.3742,46.8044,51.4842,37.4206,0.0,0.0,0.0,3.21,1.68,1.53,None,0.2779691219329834,21.531,True,None,sfc_unique_p3_26,0,None,53.65,21.65,264.0,44,46,6,5,0,False,78.26086956521739,9.421521739130435,4.441521739130435,10.76086956521739,0.183,0.5047,0.2061,0.1334,2866.717034226047,2636.717034226047,230.0,0.8444567859031874,25,16,5
0,1772829168.233121,489.4,129,0.293,0.5375,0.0629,0.3742,48.2807,53.7521,37.4206,0.0,0.0,0.0,2.54,1.43,1.11,None,0.34888195991516113,18.707,True,None,sfc_cache_p4_26,0,None,57.65,25.98,297.0,48,48,6,5,0,False,78.328173374613,9.31375,4.443958333333334,10.3125,0.1824,0.5186,0.2018,0.1423,2908.1367061034653,2668.1367061034653,240.0,0.8489545697738209,25,16,7
0,1772829168.235044,489.4,129,0.293,0.5375,0.0629,0.3742,48.2807,53.7521,37.4206,0.0,0.0,0.0,3.21,1.68,1.53,None,0.34888195991516113,21.551,True,None,sfc_unique_p4_26,0,None,57.65,25.98,297.0,48,48,6,5,0,False,78.39506172839506,9.31375,4.443958333333334,10.3125,0.1824,0.5186,0.2018,0.1423,2908.1367061034653,2668.1367061034653,240.0,0.8489545697738209,25,16,7
0,1772829168.3093874,489.4,130,0.2971,0.5602,0.0779,0.3742,49.757,56.0201,37.4206,0.0,0.0,0.0,2.54,1.43,1.11,None,0.4249567985534668,18.556,True,None,sfc_cache_p5_26,0,None,61.65,30.31,330.0,52,50,6,5,0,False,78.46153846153847,9.2146,4.4462,9.9,0.1812,0.5264,0.1977,0.1493,2943.5743318579925,2693.5743318579925,250.0,0.8527512706370934,25,16,9
0,1772829168.311319,489.4,130,0.2971,0.5602,0.0779,0.3742,49.757,56.0201,37.4206,0.0,0.0,0.0,3.21,1.68,1.53,None,0.4249567985534668,21.426,True,None,sfc_unique_p5_26,0,None,61.65,30.31,330.0,52,50,6,5,0,False,78.52760736196319,9.2146,4.4462,9.9,0.1812,0.5264,0.1977,0.1493,2943.5743318579925,2693.5743318579925,250.0,0.8527512706370934,25,16,9
0,1772829168.3855488,489.5,131,0.3022,0.5829,0.093,0.3742,51.2333,58.288,37.4206,0.0,0.0,0.0,2.54,1.43,1.11,None,0.5012447834014893,18.458,True,None,sfc_cache_p6_26,0,None,65.65,34.64,363.0,56,52,6,5,0,False,78.59327217125383,9.123076923076923,4.448269230769231,9.51923076923077,0.1794,0.5286,0.1937,0.1546,2967.855789836634,2707.855789836634,260.0,0.8559289549769622,25,16,11
0,1772829168.387545,489.5,131,0.3022,0.5829,0.093,0.3742,51.2333,58.288,37.4206,0.0,0.0,0.0,3.21,1.68,1.53,None,0.5012447834014893,21.282,True,None,sfc_unique_p6_26,0,None,65.65,34.64,363.0,56,52,6,5,0,False,78.65853658536585,9.123076923076923,4.448269230769231,9.51923076923077,0.1794,0.5286,0.1937,0.1546,2967.855789836634,2707.855789836634,260.0,0.8559289549769622,25,16,11
0,1772829174.865558,496.0,131,0.3035,0.6292,0.0842,0.3742,50.189,60.7247,38.7718,0.0,0.0,0.0,1.92,1.43,0.49,None,0.0001742839813232422,18.087,True,None,sfc_cache_p3_21,0,None,65.65,34.64,363.0,57,52,6,5,0,True,78.72340425531915,8.937115384615385,4.634230769230769,9.51923076923077,0.179,0.6056,0.1818,0.1498,2927.3480235660586,2667.3480235660586,260.0,0.8639621545362678,23,16,13
0,1772829174.86756,496.0,131,0.3035,0.6292,0.0842,0.3742,50.189,60.7247,38.7718,0.0,0.0,0.0,2.78,1.86,0.92,None,0.0001742839813232422,20.2,True,None,sfc_unique_p3_21,0,None,65.65,34.64,363.0,57,52,6,5,0,True,78.78787878787878,8.937115384615385,4.634230769230769,9.51923076923077,0.179,0.6056,0.1818,0.1498,2927.3480235660586,2667.3480235660586,260.0,0.8639621545362678,23,16,13
0,1772829186.057191,507.2,131,0.2844,0.6292,0.058,0.3493,46.8411,60.7247,36.187,0.0,0.0,0.0,1.92,1.43,0.49,None,0.00019311904907226562,18.422,True,None,sfc_cache_p1_27,0,None,65.65,34.64,363.0,57,50,6,5,0,True,78.85196374622356,8.6746,4.819599999999999,9.24,0.1846,0.6056,0.166,0.1391,2903.0665655874172,2653.0665655874172,250.0,0.8674231499057907,18,19,13
0,1772829186.0591724,507.2,131,0.2844,0.6292,0.058,0.3493,46.8411,60.7247,36.187,0.0,0.0,0.0,2.78,1.86,0.92,None,0.00019311904907226562,20.795,True,None,sfc_unique_p1_27,0,None,65.65,34.64,363.0,57,50,6,5,0,True,78.91566265060241,8.6746,4.819599999999999,9.24,0.1846,0.6056,0.166,0.1391,2903.0665655874172,2653.0665655874172,250.0,0.8674231499057907,18,19,13
0,1772829186.294742,507.4,132,0.2903,0.6631,0.0715,0.3742,48.785,64.0006,38.7718,0.0,0.0,0.0,1.94,1.36,0.58,None,0.07521200180053711,24.18,True,None,sfc_cache_p2_27,0,None,65.65,34.64,363.0,58,52,6,5,0,True,78.97897897897897,8.687115384615385,4.884230769230769,9.51923076923077,0.1856,0.6169,0.1757,0.1445,2948.052248918171,2688.052248918171,260.0,0.8693058302975907,18,19,15
0,1772829186.2973528,507.4,132,0.2903,0.6631,0.0715,0.3742,48.785,64.0006,38.7718,0.0,0.0,0.0,2.78,1.86,0.92,None,0.07521200180053711,26.898,True,None,sfc_unique_p2_27,0,None,65.65,34.64,363.0,58,52,6,5,0,True,79.04191616766467,8.687115384615385,4.884230769230769,9.51923076923077,0.1856,0.6169,0.1757,0.1445,2948.052248918171,2688.052248918171,260.0,0.8693058302975907,18,19,15
0,1772829186.3968902,507.5,133,0.2957,0.6858,0.0849,0.3742,50.297,66.1854,38.7718,0.0,0.0,0.0,1.92,1.34,0.58,None,0.3139526844024658,24.149,True,None,sfc_cache_p3_27,0,None,69.65,38.97,396.0,62,54,6,5,0,True,79.1044776119403,8.62462962962963,4.863888888888888,9.166666666666666,0.1849,0.6237,0.1721,0.148,2974.0377774741223,2704.0377774741223,270.0,0.8712788200480978,18,19,17
0,1772829186.3988416,507.5,133,0.2957,0.6858,0.0849,0.3742,50.297,66.1854,38.7718,0.0,0.0,0.0,2.78,1.86,0.92,None,0.3139526844024658,29.912,True,None,sfc_unique_p3_27,0,None,69.65,38.97,396.0,62,54,6,5,0,True,79.16666666666666,8.62462962962963,4.863888888888888,9.166666666666666,0.1849,0.6237,0.1721,0.148,2974.0377774741223,2704.0377774741223,270.0,0.8712788200480978,18,19,17
0,1772829186.469838,507.6,134,0.2998,0.7084,0.0984,0.3742,51.8089,68.3701,38.7718,0.0,0.0,0.0,1.92,1.34,0.58,None,0.4148273468017578,17.299,True,None,sfc_cache_p4_27,0,None,73.65,43.3,429.0,66,56,6,5,0,True,79.22848664688428,8.566607142857142,4.845,8.839285714285714,0.1835,0.6254,0.1687,0.1499,2998.3234917598365,2718.3234917598365,280.0,0.872788320080735,18,19,19
0,1772829186.47194,507.6,134,0.2998,0.7084,0.0984,0.3742,51.8089,68.3701,38.7718,0.0,0.0,0.0,2.78,1.86,0.92,None,0.4148273468017578,20.16,True,None,sfc_unique_p4_27,0,None,73.65,43.3,429.0,66,56,6,5,0,True,79.28994082840237,8.566607142857142,4.845,8.839285714285714,0.1835,0.6254,0.1687,0.1499,2998.3234917598365,2718.3234917598365,280.0,0.872788320080735,18,19,19
0,1772829186.5436203,507.7,135,0.3065,0.7362,0.1113,0.3742,53.5725,71.0589,38.7718,0.0,0.0,0.0,1.92,1.34,0.58,None,0.487962007522583,17.487,True,None,sfc_cache_p5_27,0,None,77.65,43.3,462.0,68,58,6,5,0,True,79.35103244837758,8.552758620689655,4.861896551724138,8.53448275862069,0.1814,0.627,0.1654,0.1547,3025.383931320276,2735.383931320276,290.0,0.8733698221645029,18,19,21
0,1772829186.5457702,507.7,135,0.3065,0.7362,0.1113,0.3742,53.5725,71.0589,38.7718,0.0,0.0,0.0,2.72,1.69,1.02,None,0.487962007522583,19.429,True,None,sfc_unique_p5_27,0,None,77.65,43.3,462.0,68,58,6,5,0,True,79.41176470588235,8.552758620689655,4.861896551724138,8.53448275862069,0.1814,0.627,0.1654,0.1547,3025.383931320276,2735.383931320276,290.0,0.8733698221645029,18,19,21
0,1772829186.6164067,507.7,136,0.3146,0.7406,0.123,0.3742,55.8404,71.4797,38.7718,0.0,0.0,0.0,1.92,1.34,0.58,None,0.5618338584899902,16.884,True,None,sfc_cache_p6_27,0,None,85.98,43.3,495.0,72,60,6,5,0,True,79.47214076246334,8.617666666666667,4.727666666666667,8.25,0.1768,0.6267,0.1622,0.1593,3047.9206903359086,2747.9206903359086,300.0,0.8739404243008863,22,16,22
0,1772829186.618519,507.7,136,0.3146,0.7406,0.123,0.3742,55.8404,71.4797,38.7718,0.0,0.0,0.0,3.51,2.46,1.05,None,0.5618338584899902,18.419,True,None,sfc_unique_p6_27,0,None,85.98,43.3,495.0,72,60,6,5,0,True,79.53216374269006,8.617666666666667,4.727666666666667,8.25,0.1768,0.6267,0.1622,0.1593,3047.9206903359086,2747.9206903359086,300.0,0.8739404243008863,22,16,22
0,1772829209.0983558,530.2,136,0.2873,0.6047,0.0132,0.3742,48.3163,60.4727,37.4206,0.0,0.0,0.0,5.86,4.47,1.4,None,0.00020074844360351562,19.931,True,None,sfc_cache_p1_28,0,None,65.98,21.65,330.0,54,50,6,5,0,False,79.59183673469387,8.947799999999999,4.7996,9.9,0.2219,0.5759,0.1919,0.1207,3024.760667665261,2774.760667665261,250.0,0.893437090094625,15,12,23
0,1772829209.1002378,530.2,136,0.2873,0.6047,0.0132,0.3742,48.3163,60.4727,37.4206,0.0,0.0,0.0,8.64,6.81,1.83,None,0.00020074844360351562,23.037,True,None,sfc_unique_p1_28,0,None,65.98,21.65,330.0,54,50,6,5,0,False,79.65116279069767,8.947799999999999,4.7996,9.9,0.2219,0.5759,0.1919,0.1207,3024.760667665261,2774.760667665261,250.0,0.893437090094625,15,12,23
0,1772829209.1770613,530.3,137,0.2928,0.6375,0.0263,0.3742,49.8283,63.7486,37.4206,0.0,0.0,0.0,5.81,4.41,1.4,None,0.0801999568939209,19.31,True,None,sfc_cache_p2_28,0,None,69.98,21.65,363.0,57,52,6,5,0,False,79.71014492753623,8.872884615384615,4.865,9.51923076923077,0.2244,0.6098,0.1881,0.1321,3072.3768049444675,2812.3768049444675,260.0,0.8844422814251302,17,12,23
0,1772829209.178997,530.3,137,0.2928,0.6375,0.0263,0.3742,49.8283,63.7486,37.4206,0.0,0.0,0.0,8.64,6.81,1.83,None,0.0801999568939209,23.14,True,None,sfc_unique_p2_28,0,None,69.98,21.65,363.0,57,52,6,5,0,False,79.76878612716763,8.872884615384615,4.865,9.51923076923077,0.2244,0.6098,0.1881,0.1321,3072.3768049444675,2812.3768049444675,260.0,0.8844422814251302,17,12,23
0,1772829209.372631,530.5,138,0.2981,0.6593,0.0395,0.3742,51.3402,65.9334,37.4206,0.0,0.0,0.0,5.81,4.41,1.4,None,0.15900254249572754,19.321,True,None,sfc_cache_p3_28,0,None,73.98,25.98,396.0,60,54,6,5,0,False,79.82708933717579,8.803518518518517,4.84537037037037,9.166666666666666,0.2189,0.6581,0.1844,0.1437,3114.409412629624,2844.409412629624,270.0,0.8715822687116487,19,12,23
0,1772829209.3745852,530.5,138,0.2981,0.6593,0.0395,0.3742,51.3402,65.9334,37.4206,0.0,0.0,0.0,9.2,7.22,1.99,None,0.15900254249572754,22.509,True,None,sfc_unique_p3_28,0,None,73.98,25.98,396.0,60,54,6,5,0,False,79.88505747126436,8.803518518518517,4.84537037037037,9.166666666666666,0.2189,0.6581,0.1844,0.1437,3114.409412629624,2844.409412629624,270.0,0.8715822687116487,19,12,23
0,1772829209.4511702,530.6,139,0.3021,0.6812,0.0527,0.3742,52.8522,68.1181,37.4206,0.0,0.0,0.0,5.81,4.41,1.4,None,0.3545951843261719,19.557,True,None,sfc_cache_p4_28,0,None,77.98,30.31,429.0,64,56,6,5,0,False,79.94269340974212,8.739107142857142,4.827142857142857,8.839285714285714,0.2099,0.6858,0.1808,0.1532,3148.985841201052,2868.985841201052,280.0,0.857706367623537,21,12,23
0,1772829209.453147,530.6,139,0.3021,0.6812,0.0527,0.3742,52.8522,68.1181,37.4206,0.0,0.0,0.0,9.2,7.22,1.99,None,0.3545951843261719,21.915,True,None,sfc_unique_p4_28,0,None,77.98,30.31,429.0,64,56,6,5,0,False,80.0,8.739107142857142,4.827142857142857,8.839285714285714,0.2099,0.6858,0.1808,0.1532,3148.985841201052,2868.985841201052,280.0,0.857706367623537,21,12,23
0,1772829209.5287883,530.6,140,0.3059,0.7039,0.0663,0.3742,54.3285,70.386,37.4206,0.0,0.0,0.0,5.81,4.41,1.4,None,0.4331545829772949,19.216,True,None,sfc_cache_p5_28,0,None,81.98,34.64,462.0,67,58,6,5,0,False,80.05698005698005,8.67344827586207,4.815862068965517,8.53448275862069,0.2209,0.766,0.1774,0.1595,3189.7087355301505,2899.7087355301505,290.0,0.8458852446057432,23,12,23
0,1772829209.530845,530.7,140,0.3059,0.7039,0.0663,0.3742,54.3285,70.386,37.4206,0.0,0.0,0.0,8.75,6.67,2.08,None,0.4331545829772949,21.579,True,None,sfc_unique_p5_28,0,None,81.98,34.64,462.0,67,58,6,5,0,False,80.11363636363636,8.67344827586207,4.815862068965517,8.53448275862069,0.2209,0.766,0.1774,0.1595,3189.7087355301505,2899.7087355301505,290.0,0.8458852446057432,23,12,23
0,1772829209.6061373,530.7,141,0.3097,0.7257,0.08,0.3742,55.8404,72.5708,37.4206,0.0,0.0,0.0,5.81,4.41,1.4,None,0.5108671188354492,18.869,True,None,sfc_cache_p6_28,0,None,85.98,38.97,495.0,70,60,6,5,0,False,80.16997167138811,8.617666666666667,4.799833333333334,8.25,0.2153,0.7878,0.1741,0.1683,3224.7630212444365,2924.7630212444365,300.0,0.836582919475132,27,10,23
0,1772829209.6082163,530.7,141,0.3097,0.7257,0.08,0.3742,55.8404,72.5708,37.4206,0.0,0.0,0.0,6.25,4.05,2.2,None,0.5108671188354492,20.795,True,None,sfc_unique_p6_28,0,None,85.98,38.97,495.0,70,60,6,5,0,False,80.22598870056498,8.617666666666667,4.799833333333334,8.25,0.2153,0.7878,0.1741,0.1683,3224.7630212444365,2924.7630212444365,300.0,0.836582919475132,27,10,23
0,1772829223.0991964,544.2,141,0.3167,0.7593,0.0948,0.3992,57.7487,75.9298,39.9153,0.0,0.0,0.0,2.26,1.31,0.95,None,0.00025343894958496094,11.6,True,None,sfc_cache_p1_29,0,None,85.98,38.97,495.0,71,62,6,6,0,False,80.28169014084507,8.624677419354839,4.86,8.516129032258064,0.2099,0.8028,0.1703,0.1844,3270.026138408962,2960.026138408962,310.0,0.838204583797404,27,10,25
0,1772829223.1003785,544.2,141,0.3167,0.7593,0.0948,0.3992,57.7487,75.9298,39.9153,0.0,0.0,0.0,3.16,1.77,1.39,None,0.00025343894958496094,12.324,True,None,sfc_unique_p1_29,0,None,85.98,38.97,495.0,71,62,6,6,0,False,80.33707865168539,8.624677419354839,4.86,8.516129032258064,0.2099,0.8028,0.1703,0.1844,3270.026138408962,2960.026138408962,310.0,0.838204583797404,27,10,25
0,1772829223.1476567,544.3,142,0.3224,0.782,0.1099,0.4241,59.657,78.1978,42.41,0.0,0.0,0.0,2.4,1.31,1.09,None,0.048758745193481445,11.357,True,None,sfc_cache_p2_29,0,None,85.98,43.3,495.0,74,64,6,6,0,False,80.3921568627451,8.63125,4.84875,8.765625,0.2047,0.8051,0.173,0.1925,3284.2050580808395,2964.2050580808395,320.0,0.8395979074254278,27,14,23
0,1772829223.1489263,544.3,142,0.3224,0.782,0.1099,0.4241,59.657,78.1978,42.41,0.0,0.0,0.0,3.16,1.77,1.39,None,0.048758745193481445,13.158,True,None,sfc_unique_p2_29,0,None,85.98,43.3,495.0,74,64,6,6,0,False,80.44692737430168,8.63125,4.84875,8.765625,0.2047,0.8051,0.173,0.1925,3284.2050580808395,2964.2050580808395,320.0,0.8395979074254278,27,14,23
0,1772829223.1951911,544.3,143,0.3289,0.7904,0.1244,0.4241,61.7456,79.0369,42.41,0.0,0.0,0.0,2.4,1.31,1.09,None,0.09740304946899414,10.685,True,None,sfc_cache_p3_29,0,None,89.98,47.63,528.0,78,66,6,6,0,False,80.50139275766016,8.662727272727272,4.752272727272727,8.5,0.1985,0.8045,0.1699,0.1959,3294.2050580808395,2964.2050580808395,330.0,0.8409106034481877,27,19,20
0,1772829223.196613,544.3,143,0.3289,0.7904,0.1244,0.4241,61.7456,79.0369,42.41,0.0,0.0,0.0,3.11,1.72,1.39,None,0.09740304946899414,12.512,True,None,sfc_unique_p3_29,0,None,89.98,47.63,528.0,78,66,6,6,0,False,80.55555555555556,8.662727272727272,4.752272727272727,8.5,0.1985,0.8045,0.1699,0.1959,3294.2050580808395,2964.2050580808395,330.0,0.8409106034481877,27,19,20
0,1772829223.3134053,544.4,144,0.3352,0.7988,0.1388,0.4241,63.8343,79.876,42.41,0.0,0.0,0.0,2.4,1.31,1.09,None,0.14519214630126953,12.118,True,None,sfc_cache_p4_29,0,None,93.98,51.96,561.0,82,68,6,6,0,False,80.60941828254848,8.692352941176472,4.661470588235295,8.25,0.192,0.8031,0.167,0.1954,3304.2050580808395,2964.2050580808395,340.0,0.841901869437395,27,21,20
0,1772829223.3146632,544.4,144,0.3352,0.7988,0.1388,0.4241,63.8343,79.876,42.41,0.0,0.0,0.0,3.11,1.72,1.39,None,0.14519214630126953,11.862,True,None,sfc_unique_p4_29,0,None,93.98,51.96,561.0,82,68,6,6,0,False,80.66298342541437,8.692352941176472,4.661470588235295,8.25,0.192,0.8031,0.167,0.1954,3304.2050580808395,2964.2050580808395,340.0,0.841901869437395,27,21,20
0,1772829223.3617935,544.5,145,0.3456,0.7988,0.1504,0.4241,66.7502,79.876,42.41,0.0,0.0,0.0,2.73,1.64,1.09,None,0.2629432678222656,11.001,True,None,sfc_cache_p5_29,0,None,97.98,51.96,594.0,84,70,6,6,0,False,80.71625344352617,8.829714285714287,4.5282857142857145,8.014285714285714,0.1889,0.8031,0.1642,0.1896,3328.618848515757,2978.618848515757,350.0,0.8426811422801624,27,22,21
0,1772829223.363237,544.5,145,0.3456,0.7988,0.1504,0.4241,66.7502,79.876,42.41,0.0,0.0,0.0,4.01,2.56,1.45,None,0.2629432678222656,12.411,True,None,sfc_unique_p5_29,0,None,97.98,51.96,594.0,84,70,6,6,0,False,80.76923076923077,8.829714285714287,4.5282857142857145,8.014285714285714,0.1889,0.8031,0.1642,0.1896,3328.618848515757,2978.618848515757,350.0,0.8426811422801624,27,22,21
0,1772829223.4089587,544.5,146,0.3497,0.8206,0.1686,0.4241,68.7298,82.0608,42.41,0.0,0.0,0.0,2.8,1.69,1.11,None,0.31166982650756836,10.496,True,None,sfc_cache_p6_29,0,None,101.98,51.96,627.0,87,72,6,6,0,False,80.82191780821918,8.839027777777778,4.522916666666666,7.791666666666667,0.1865,0.8041,0.1614,0.184,3352.545098322288,2992.545098322288,360.0,0.840344263040065,32,26,14
0,1772829223.4104202,544.5,146,0.3497,0.8206,0.1686,0.4241,68.7298,82.0608,42.41,0.0,0.0,0.0,5.05,3.5,1.55,None,0.31166982650756836,11.327,True,None,sfc_unique_p6_29,0,None,101.98,51.96,627.0,87,72,6,6,0,False,80.87431693989072,8.839027777777778,4.522916666666666,7.791666666666667,0.1865,0.8041,0.1614,0.184,3352.545098322288,2992.545098322288,360.0,0.840344263040065,32,26,14
0,1772829242.1369677,563.3,146,0.363,0.8206,0.1853,0.449,72.0776,82.0608,44.9047,0.0,0.0,0.0,3.8,2.86,0.94,None,0.0004088878631591797,9.891,True,None,sfc_cache_p1_30,0,None,101.98,51.96,627.0,87,74,6,7,0,False,80.92643051771117,9.019054054054054,4.400675675675675,8.027027027027026,0.1838,0.8041,0.1589,0.1829,3373.294322900527,3003.294322900527,370.0,0.8354652842923015,34,30,10
0,1772829242.1382642,563.3,146,0.363,0.8206,0.1853,0.449,72.0776,82.0608,44.9047,0.0,0.0,0.0,6.37,5.07,1.3,None,0.0004088878631591797,10.299,True,None,sfc_unique_p1_30,0,None,101.98,51.96,627.0,87,74,6,7,0,False,80.97826086956522,9.019054054054054,4.400675675675675,8.027027027027026,0.1838,0.8041,0.1589,0.1829,3373.294322900527,3003.294322900527,370.0,0.8354652842923015,34,30,10
0,1772829242.1852822,563.3,147,0.3716,0.8248,0.2015,0.474,74.7775,82.4816,47.3995,0.0,0.0,0.0,3.84,2.88,0.96,None,0.045581817626953125,10.646,True,None,sfc_cache_p2_30,0,None,106.31,51.96,627.0,89,76,6,7,0,False,81.02981029810297,9.11065789473684,4.306842105263158,8.25,0.1815,0.8065,0.1557,0.1841,3383.9743229005267,3003.9743229005267,380.0,0.8316534545031257,35,41,0
0,1772829242.1867478,563.3,147,0.3716,0.8248,0.2015,0.474,74.7775,82.4816,47.3995,0.0,0.0,0.0,4.77,3.47,1.3,None,0.045581817626953125,10.455,True,None,sfc_unique_p2_30,0,None,106.31,51.96,627.0,89,76,6,7,0,False,81.08108108108108,9.11065789473684,4.306842105263158,8.25,0.1815,0.8065,0.1557,0.1841,3383.9743229005267,3003.9743229005267,380.0,0.8316534545031257,35,41,0
0,1772829242.2290065,563.4,148,0.3803,0.8441,0.2232,0.4989,77.2982,84.4119,49.8942,0.0,0.0,0.0,4.49,3.39,1.1,None,0.09408807754516602,9.49,True,None,sfc_cache_p3_30,0,None,106.31,51.96,627.0,90,78,6,7,0,False,81.13207547169812,9.176282051282051,4.294615384615385,8.461538461538462,0.1777,0.8092,0.1673,0.1844,3393.9743229005267,3003.9743229005267,390.0,0.8249279961052122,41,37,0
0,1772829242.2305863,563.4,148,0.3803,0.8441,0.2232,0.4989,77.2982,84.4119,49.8942,0.0,0.0,0.0,3.94,2.57,1.37,None,0.09408807754516602,8.474,True,None,sfc_unique_p3_30,0,None,106.31,51.96,627.0,90,78,6,7,0,False,81.18279569892472,9.176282051282051,4.294615384615385,8.461538461538462,0.1777,0.8092,0.1673,0.1844,3393.9743229005267,3003.9743229005267,390.0,0.8249279961052122,41,37,0
0,1772829242.3451998,563.5,149,0.3846,0.8777,0.2391,0.5239,79.2064,87.7709,52.3889,0.0,0.0,0.0,4.58,3.26,1.32,None,0.13814139366149902,9.178,True,None,sfc_cache_p4_30,0,None,106.31,51.96,627.0,90,80,6,7,0,False,81.23324396782841,9.16775,4.353875,8.6625,0.1847,0.8937,0.1788,0.1898,3436.877217229625,3036.877217229625,400.0,0.8194222000452926,46,34,0
0,1772829242.3467295,563.5,149,0.3846,0.8777,0.2391,0.5239,79.2064,87.7709,52.3889,0.0,0.0,0.0,6.36,4.58,1.79,None,0.13814139366149902,8.046,True,None,sfc_unique_p4_30,0,None,106.31,51.96,627.0,90,80,6,7,0,False,81.28342245989305,9.16775,4.353875,8.6625,0.1847,0.8937,0.1788,0.1898,3436.877217229625,3036.877217229625,400.0,0.8194222000452926,46,34,0
0,1772829242.3858867,563.5,150,0.3908,0.8861,0.2576,0.5239,81.2951,88.61,52.3889,0.0,0.0,0.0,4.58,3.26,1.32,None,0.2542440891265869,7.373,True,None,sfc_cache_p5_30,0,None,110.31,56.29,660.0,94,82,6,7,0,False,81.33333333333333,9.18,4.288292682926829,8.451219512195122,0.1811,0.8964,0.176,0.1931,3446.877217229625,3036.877217229625,410.0,0.8137776584604033,48,34,0
0,1772829242.3872724,563.5,150,0.3908,0.8861,0.2576,0.5239,81.2951,88.61,52.3889,0.0,0.0,0.0,5.52,3.28,2.24,None,0.2542440891265869,6.878,True,None,sfc_unique_p5_30,0,None,110.31,56.29,660.0,94,82,6,7,0,False,81.38297872340425,9.18,4.288292682926829,8.451219512195122,0.1811,0.8964,0.176,0.1931,3446.877217229625,3036.877217229625,410.0,0.8137776584604033,48,34,0
0,1772829242.429728,563.6,151,0.3962,0.8861,0.2727,0.5239,83.7434,88.61,52.3889,0.0,0.0,0.0,4.58,3.26,1.32,None,0.2944619655609131,8.159,True,None,sfc_cache_p6_30,0,None,114.31,60.62,693.0,97,84,6,7,0,False,81.43236074270557,9.231309523809523,4.186190476190476,8.25,0.1864,0.8964,0.1734,0.1994,3472.651620700341,3052.651620700341,420.0,0.804720121846717,50,34,0
0,1772829242.4311714,563.6,151,0.3962,0.8861,0.2727,0.5239,83.7434,88.61,52.3889,0.0,0.0,0.0,11.63,8.81,2.82,None,0.2944619655609131,6.731,True,None,sfc_unique_p6_30,0,None,114.31,60.62,693.0,97,84,6,7,0,False,81.48148148148148,9.231309523809523,4.186190476190476,8.25,0.1864,0.8964,0.1734,0.1994,3472.651620700341,3052.651620700341,420.0,0.804720121846717,50,34,0
0,1772829266.252339,587.4,151,0.3334,0.6577,0.0134,0.3243,60.3395,65.7696,32.4312,0.0,0.0,0.0,5.57,4.28,1.28,None,0.0002446174621582031,30.564,True,None,sfc_cache_p1_31,0,None,80.66000000000001,60.62,594.0,74,62,6,6,0,False,81.53034300791556,9.011612903225807,4.209677419354839,6.919354838709677,0.2255,0.8611,0.129,0.1747,3231.4857916261126,2921.4857916261126,310.0,0.8245286055050953,25,21,16
0,1772829266.2552807,587.4,151,0.3334,0.6577,0.0134,0.3243,60.3395,65.7696,32.4312,0.0,0.0,0.0,8.51,6.9,1.61,None,0.0002446174621582031,30.642,True,None,sfc_unique_p1_31,0,None,80.66000000000001,60.62,594.0,74,62,6,6,0,False,81.57894736842105,9.011612903225807,4.209677419354839,6.919354838709677,0.2255,0.8611,0.129,0.1747,3231.4857916261126,2921.4857916261126,310.0,0.8245286055050953,25,21,16
0,1772829266.3630624,587.5,152,0.3391,0.6905,0.0286,0.3493,62.2835,69.0455,34.9259,0.0,0.0,0.0,4.96,3.37,1.58,None,0.11762356758117676,28.029,True,None,sfc_cache_p2_31,0,None,80.66000000000001,60.62,594.0,75,64,6,6,0,False,81.62729658792651,9.01125,4.28125,7.21875,0.2362,0.9377,0.1248,0.1844,3276.373923017498,2956.373923017498,320.0,0.8162358295417018,27,21,16
0,1772829266.365971,587.5,152,0.3391,0.6905,0.0286,0.3493,62.2835,69.0455,34.9259,0.0,0.0,0.0,7.33,5.41,1.92,None,0.11762356758117676,27.798,True,None,sfc_unique_p2_31,0,None,80.66000000000001,60.62,594.0,75,64,6,6,0,False,81.67539267015707,9.01125,4.28125,7.21875,0.2362,0.9377,0.1248,0.1844,3276.373923017498,2956.373923017498,320.0,0.8162358295417018,27,21,16
0,1772829266.4746413,587.6,153,0.3483,0.7014,0.0432,0.3742,65.1637,70.1366,37.4206,0.0,0.0,0.0,4.43,2.63,1.8,None,0.22829508781433105,27.541,True,None,sfc_cache_p3_31,0,None,80.66000000000001,60.62,594.0,76,66,6,6,0,False,81.72323759791122,9.142272727272728,4.217121212121212,7.5,0.2327,0.9411,0.1233,0.1978,3303.5139230174977,2973.5139230174977,330.0,0.8094842435390258,29,21,16
0,1772829266.4768522,587.6,153,0.3483,0.7014,0.0432,0.3742,65.1637,70.1366,37.4206,0.0,0.0,0.0,8.11,5.88,2.23,None,0.22829508781433105,27.73,True,None,sfc_unique_p3_31,0,None,80.66000000000001,60.62,594.0,76,66,6,6,0,False,81.77083333333334,9.142272727272728,4.217121212121212,7.5,0.2327,0.9411,0.1233,0.1978,3303.5139230174977,2973.5139230174977,330.0,0.8094842435390258,29,21,16
0,1772829266.555203,587.7,154,0.3563,0.7224,0.0604,0.3992,67.612,72.2357,39.9153,0.0,0.0,0.0,3.04,1.17,1.88,None,0.3384745121002197,19.764,True,None,sfc_cache_p4_31,0,None,80.66000000000001,60.62,594.0,77,68,6,6,0,False,81.81818181818183,9.206764705882351,4.215588235294118,7.764705882352941,0.2265,0.9382,0.1376,0.2074,3314.7069815858276,2974.7069815858276,340.0,0.8035787489319962,32,20,16
0,1772829266.5575,587.7,154,0.3563,0.7224,0.0604,0.3992,67.612,72.2357,39.9153,0.0,0.0,0.0,8.11,5.88,2.23,None,0.3384745121002197,18.352,True,None,sfc_unique_p4_31,0,None,80.66000000000001,60.62,594.0,77,68,6,6,0,False,81.86528497409327,9.206764705882351,4.215588235294118,7.764705882352941,0.2265,0.9382,0.1376,0.2074,3314.7069815858276,2974.7069815858276,340.0,0.8035787489319962,32,20,16
0,1772829266.7622945,587.9,155,0.365,0.7333,0.0757,0.4241,70.4922,73.3268,42.41,0.0,0.0,0.0,3.97,2.1,1.88,None,0.419140100479126,19.109,True,None,sfc_cache_p5_31,0,None,80.66000000000001,60.62,594.0,79,70,6,6,0,False,81.91214470284238,9.324714285714286,4.157,8.014285714285714,0.2189,0.9382,0.1371,0.2152,3325.1842050131595,2975.1842050131595,350.0,0.7973019105692358,34,20,16
0,1772829266.764685,587.9,155,0.365,0.7333,0.0757,0.4241,70.4922,73.3268,42.41,0.0,0.0,0.0,8.11,5.88,2.23,None,0.419140100479126,18.224,True,None,sfc_unique_p5_31,0,None,80.66000000000001,60.62,594.0,79,70,6,6,0,False,81.95876288659794,9.324714285714286,4.157,8.014285714285714,0.2189,0.9382,0.1371,0.2152,3325.1842050131595,2975.1842050131595,350.0,0.7973019105692358,34,20,16
0,1772829266.840527,588.0,156,0.3712,0.7543,0.0914,0.449,72.9405,75.4259,44.9047,0.0,0.0,0.0,3.24,1.36,1.88,None,0.6263589859008789,17.888,True,None,sfc_cache_p6_31,0,None,80.66000000000001,60.62,594.0,80,72,6,6,0,False,82.0051413881748,9.380555555555555,4.157222222222222,8.25,0.2208,0.9392,0.1507,0.2245,3353.3019218263025,2993.3019218263025,360.0,0.786877522245863,36,20,16
0,1772829266.8430772,588.0,156,0.3712,0.7543,0.0914,0.449,72.9405,75.4259,44.9047,0.0,0.0,0.0,11.62,9.7,1.92,None,0.6263589859008789,16.318,True,None,sfc_unique_p6_31,0,None,80.66000000000001,60.62,594.0,80,72,6,6,0,False,82.05128205128204,9.380555555555555,4.157222222222222,8.25,0.2208,0.9392,0.1507,0.2245,3353.3019218263025,2993.3019218263025,360.0,0.786877522245863,36,20,16
0,1772829292.2536697,613.4,156,0.3528,0.6106,0.0137,0.3992,65.0546,61.0649,39.9153,0.0,0.0,0.0,1.65,0.95,0.7,None,0.00020575523376464844,16.916,True,None,sfc_cache_p1_32,0,None,68.66000000000001,47.63,495.0,67,62,6,6,0,False,82.09718670076727,9.715806451612902,3.9085483870967743,8.516129032258064,0.2417,0.8529,0.1637,0.213,3190.730431344953,2880.730431344953,310.0,0.7730491185474004,35,2,25
0,1772829292.255934,613.4,156,0.3528,0.6106,0.0137,0.3992,65.0546,61.0649,39.9153,0.0,0.0,0.0,2.9,1.77,1.13,None,0.00020575523376464844,16.744,True,None,sfc_unique_p1_32,0,None,68.66000000000001,47.63,495.0,67,62,6,6,0,False,82.14285714285714,9.715806451612902,3.9085483870967743,8.516129032258064,0.2417,0.8529,0.1637,0.213,3190.730431344953,2880.730431344953,310.0,0.7730491185474004,35,2,25
0,1772829292.3314238,613.5,157,0.358,0.6442,0.027,0.4241,66.9629,64.4239,42.41,0.0,0.0,0.0,2.04,1.31,0.73,None,0.08144521713256836,16.485,True,None,sfc_cache_p2_32,0,None,68.66000000000001,47.63,495.0,68,64,6,6,0,False,82.1882951653944,9.68828125,3.9946875,8.765625,0.2388,0.8702,0.1667,0.223,3250.487434904773,2930.487434904773,320.0,0.7770717274343977,35,2,27
0,1772829292.3337615,613.5,157,0.358,0.6442,0.027,0.4241,66.9629,64.4239,42.41,0.0,0.0,0.0,2.9,1.77,1.13,None,0.08144521713256836,16.793,True,None,sfc_unique_p2_32,0,None,68.66000000000001,47.63,495.0,68,64,6,6,0,False,82.23350253807106,9.68828125,3.9946875,8.765625,0.2388,0.8702,0.1667,0.223,3250.487434904773,2930.487434904773,320.0,0.7770717274343977,35,2,27
0,1772829292.4096029,613.5,158,0.3606,0.6669,0.0404,0.4241,68.4392,66.6919,42.41,0.0,0.0,0.0,2.04,1.31,0.73,None,0.15933632850646973,16.577,True,None,sfc_cache_p3_32,0,None,72.66,51.96,528.0,72,66,6,6,0,False,82.27848101265823,9.601818181818182,4.010000000000001,8.5,0.2346,0.8776,0.1638,0.2285,3278.397588131828,2948.397588131828,330.0,0.7808816848268618,35,2,29
0,1772829292.4119515,613.5,158,0.3606,0.6669,0.0404,0.4241,68.4392,66.6919,42.41,0.0,0.0,0.0,2.9,1.77,1.13,None,0.15933632850646973,16.749,True,None,sfc_unique_p3_32,0,None,72.66,51.96,528.0,72,66,6,6,0,False,82.32323232323232,9.601818181818182,4.010000000000001,8.5,0.2346,0.8776,0.1638,0.2285,3278.397588131828,2948.397588131828,330.0,0.7808816848268618,35,2,29
0,1772829292.4880512,613.6,159,0.3633,0.6896,0.0538,0.4241,69.9155,68.9598,42.41,0.0,0.0,0.0,2.04,1.31,0.73,None,0.2375469207763672,16.482,True,None,sfc_cache_p4_32,0,None,76.66,56.29,561.0,76,68,6,6,0,False,82.36775818639799,9.520441176470587,4.024411764705882,8.25,0.2301,0.879,0.161,0.2297,3291.876538758666,2951.876538758666,340.0,0.784193019811657,35,2,31
0,1772829292.490483,613.6,159,0.3633,0.6896,0.0538,0.4241,69.9155,68.9598,42.41,0.0,0.0,0.0,2.9,1.77,1.13,None,0.2375469207763672,16.805,True,None,sfc_unique_p4_32,0,None,76.66,56.29,561.0,76,68,6,6,0,False,82.41206030150754,9.520441176470587,4.024411764705882,8.25,0.2301,0.879,0.161,0.2297,3291.876538758666,2951.876538758666,340.0,0.784193019811657,35,2,31
0,1772829292.7026043,613.8,160,0.3671,0.7123,0.0685,0.4241,71.3919,71.2277,42.41,0.0,0.0,0.0,2.04,1.31,0.73,None,0.31610751152038574,16.905,True,None,sfc_cache_p5_32,0,None,80.66,60.62,594.0,80,70,6,6,0,False,82.45614035087719,9.443714285714284,4.038,8.014285714285714,0.2254,0.8826,0.1582,0.2255,3305.355489385504,2955.355489385504,350.0,0.7871946250448068,35,2,33
0,1772829292.7050471,613.8,160,0.3671,0.7123,0.0685,0.4241,71.3919,71.2277,42.41,0.0,0.0,0.0,2.93,1.77,1.16,None,0.31610751152038574,15.983,True,None,sfc_unique_p5_32,0,None,80.66,60.62,594.0,80,70,6,6,0,False,82.5,9.443714285714284,4.038,8.014285714285714,0.2254,0.8826,0.1582,0.2255,3305.355489385504,2955.355489385504,350.0,0.7871946250448068,35,2,33
0,1772829292.7813818,613.9,161,0.3708,0.735,0.0833,0.4241,72.8682,73.4956,42.41,0.0,0.0,0.0,2.04,1.31,0.73,None,0.5306594371795654,16.479,True,None,sfc_cache_p6_32,0,None,84.66,64.95,627.0,84,72,6,6,0,False,82.54364089775561,9.37125,4.050833333333333,7.791666666666667,0.2206,0.8808,0.1556,0.2176,3318.834440012342,2958.834440012342,360.0,0.7897740774693316,35,19,18
0,1772829292.7839873,613.9,161,0.3708,0.735,0.0833,0.4241,72.8682,73.4956,42.41,0.0,0.0,0.0,2.93,1.77,1.16,None,0.5306594371795654,16.151,True,None,sfc_unique_p6_32,0,None,84.66,64.95,627.0,84,72,6,6,0,False,82.58706467661692,9.37125,4.050833333333333,7.791666666666667,0.2206,0.8808,0.1556,0.2176,3318.834440012342,2958.834440012342,360.0,0.7897740774693316,35,19,18
0,1772829294.8732445,616.0,161,0.2019,0.5847,0.0138,0.2495,36.8666,50.3125,28.9931,0.0,0.0,0.0,2.51,1.76,0.75,None,0.00020170211791992188,18.239,True,None,sfc_cache_p5_30,0,None,40.0,38.97000000000001,330.0,42,40,6,5,0,True,82.6302729528536,8.53425,4.9915,8.25,0.173,0.8397,0.0974,0.149,2735.0912428332717,2375.0912428332717,360.0,0.745650809447632,24,2,14
0,1772829294.8749888,616.0,161,0.2019,0.5847,0.0138,0.2495,36.8666,50.3125,28.9931,0.0,0.0,0.0,5.37,4.22,1.15,None,0.00020170211791992188,18.843,True,None,sfc_unique_p5_30,0,None,40.0,38.97000000000001,330.0,42,40,6,5,0,True,82.67326732673267,8.53425,4.9915,8.25,0.173,0.8397,0.0974,0.149,2735.0912428332717,2375.0912428332717,360.0,0.745650809447632,24,2,14
0,1772829294.9516828,616.1,161,0.2124,0.6111,0.0295,0.2744,38.7749,52.5804,31.8925,0.0,0.0,0.0,2.47,1.64,0.83,None,0.07876372337341309,17.906,True,None,sfc_cache_p3_30,0,None,40.0,43.3,330.0,44,42,6,5,0,True,82.71604938271605,8.54857142857143,4.968095238095238,8.642857142857142,0.1802,0.8689,0.1071,0.1664,2771.3451625051493,2411.3451625051493,360.0,0.7486518370542254,26,2,14
0,1772829294.953551,616.1,161,0.2124,0.6111,0.0295,0.2744,38.7749,52.5804,31.8925,0.0,0.0,0.0,5.37,4.22,1.15,None,0.07876372337341309,19.163,True,None,sfc_unique_p3_30,0,None,40.0,43.3,330.0,44,42,6,5,0,True,82.75862068965517,8.54857142857143,4.968095238095238,8.642857142857142,0.1802,0.8689,0.1071,0.1664,2771.3451625051493,2411.3451625051493,360.0,0.7486518370542254,26,2,14
0,1772829295.0303893,616.2,161,0.2205,0.6374,0.0453,0.2744,40.2512,54.8483,31.8925,0.0,0.0,0.0,2.47,1.64,0.83,None,0.15761899948120117,17.962,True,None,sfc_cache_p2_30,0,None,44.0,47.63,363.0,48,44,6,5,0,True,82.80098280098281,8.470681818181818,4.946818181818181,8.25,0.1854,0.8708,0.1071,0.1779,2788.3465910765776,2428.3465910765776,360.0,0.7496429632075194,29,1,14
0,1772829295.0322406,616.2,161,0.2205,0.6374,0.0453,0.2744,40.2512,54.8483,31.8925,0.0,0.0,0.0,5.37,4.22,1.15,None,0.15761899948120117,18.724,True,None,sfc_unique_p2_30,0,None,44.0,47.63,363.0,48,44,6,5,0,True,82.84313725490196,8.470681818181818,4.946818181818181,8.25,0.1854,0.8708,0.1071,0.1779,2788.3465910765776,2428.3465910765776,360.0,0.7496429632075194,29,1,14
0,1772829295.1070714,616.2,161,0.2318,0.6765,0.0597,0.2994,42.1595,58.2073,34.7918,0.0,0.0,0.0,2.23,1.25,0.98,None,0.23653292655944824,17.312,True,None,sfc_cache_p6_29,0,None,44.0,47.63,363.0,48,46,6,5,0,True,82.88508557457213,8.486521739130435,5.021521739130435,8.608695652173912,0.187,0.8679,0.1128,0.1881,2798.6731659101947,2438.6731659101947,360.0,0.7548737417936557,29,2,15
0,1772829295.109023,616.2,161,0.2318,0.6765,0.0597,0.2994,42.1595,58.2073,34.7918,0.0,0.0,0.0,3.13,1.77,1.36,None,0.23653292655944824,17.788,True,None,sfc_unique_p6_29,0,None,44.0,47.63,363.0,48,46,6,5,0,True,82.92682926829268,8.486521739130435,5.021521739130435,8.608695652173912,0.187,0.8679,0.1128,0.1881,2798.6731659101947,2438.6731659101947,360.0,0.7548737417936557,29,2,15
0,1772829295.3055823,616.4,161,0.2476,0.6892,0.0753,0.3243,45.0397,59.2985,37.6911,0.0,0.0,0.0,1.96,1.26,0.7,None,0.3137547969818115,17.09,True,None,sfc_cache_p6_27,0,None,44.0,47.63,363.0,48,48,6,6,0,True,82.9683698296837,8.688541666666667,4.9025,8.9375,0.1905,0.8676,0.1146,0.2024,2811.2455231304393,2451.2455231304393,360.0,0.7597366212828778,29,3,16
0,1772829295.3075428,616.4,161,0.2476,0.6892,0.0753,0.3243,45.0397,59.2985,37.6911,0.0,0.0,0.0,3.7,2.63,1.08,None,0.3137547969818115,16.305,True,None,sfc_unique_p6_27,0,None,44.0,47.63,363.0,48,48,6,6,0,True,83.00970873786407,8.688541666666667,4.9025,8.9375,0.1905,0.8676,0.1146,0.2024,2811.2455231304393,2451.2455231304393,360.0,0.7597366212828778,29,3,16
0,1772829295.3813977,616.5,161,0.2569,0.7145,0.091,0.3243,46.5517,61.4832,37.6911,0.0,0.0,0.0,4.43,2.63,1.8,None,0.5125274658203125,16.834,True,None,sfc_cache_p5_31,0,None,48.0,51.96,396.0,52,50,6,6,0,True,83.05084745762711,8.621,4.8798,8.58,0.1915,0.8868,0.1146,0.2107,2833.522665987582,2473.522665987582,360.0,0.754642123050005,31,3,16
0,1772829295.3833957,616.5,161,0.2569,0.7145,0.091,0.3243,46.5517,61.4832,37.6911,0.0,0.0,0.0,6.28,4.05,2.23,None,0.5125274658203125,16.663,True,None,sfc_unique_p5_31,0,None,48.0,51.96,396.0,52,50,6,6,0,True,83.09178743961353,8.621,4.8798,8.58,0.1915,0.8868,0.1146,0.2107,2833.522665987582,2473.522665987582,360.0,0.754642123050005,31,3,16
0,1772829295.4570234,616.6,161,0.2698,0.737,0.1074,0.3493,49.0723,63.4135,40.5904,0.0,0.0,0.0,2.57,1.45,1.11,None,0.5885884761810303,16.939,True,None,sfc_cache_p5_29,0,None,48.0,51.96,396.0,54,52,6,6,0,True,83.13253012048193,8.73826923076923,4.839423076923077,8.884615384615385,0.1944,0.9019,0.1243,0.217,2852.8555865881085,2492.8555865881085,360.0,0.7602964147280241,31,3,18
0,1772829295.459108,616.6,161,0.2698,0.737,0.1074,0.3493,49.0723,63.4135,40.5904,0.0,0.0,0.0,3.11,1.72,1.39,None,0.5885884761810303,15.798,True,None,sfc_unique_p5_29,0,None,48.0,51.96,396.0,54,52,6,6,0,True,83.17307692307693,8.73826923076923,4.839423076923077,8.884615384615385,0.1944,0.9019,0.1243,0.217,2852.8555865881085,2492.8555865881085,360.0,0.7602964147280241,31,3,18
0,1772829295.5326712,616.7,161,0.2856,0.7497,0.1234,0.3742,51.9526,64.5046,43.4897,0.0,0.0,0.0,2.16,1.38,0.78,None,0.6645042896270752,16.672,True,None,sfc_cache_p5_27,0,None,48.0,51.96,396.0,56,54,6,6,0,True,83.21342925659472,8.908518518518518,4.74037037037037,9.166666666666666,0.1973,0.9166,0.1301,0.2273,2872.3765585738693,2512.3765585738693,360.0,0.765555423221454,31,19,4
0,1772829295.5348089,616.7,161,0.2856,0.7497,0.1234,0.3742,51.9526,64.5046,43.4897,0.0,0.0,0.0,3.7,2.63,1.08,None,0.6645042896270752,15.545,True,None,sfc_unique_p5_27,0,None,48.0,51.96,396.0,56,54,6,6,0,True,83.25358851674642,8.908518518518518,4.74037037037037,9.166666666666666,0.1973,0.9166,0.1301,0.2273,2872.3765585738693,2512.3765585738693,360.0,0.765555423221454,31,19,4
0,1772829295.6085222,616.7,161,0.298,0.7497,0.138,0.3742,54.4008,64.5046,43.4897,0.0,0.0,0.0,4.43,2.63,1.8,None,0.7404844760894775,16.802,True,None,sfc_cache_p4_31,0,None,52.0,56.29,429.0,60,56,6,6,0,True,83.29355608591885,8.995178571428571,4.571071428571428,8.839285714285714,0.1973,0.9166,0.1301,0.2318,2872.665130002441,2512.665130002441,360.0,0.7593591416396465,33,19,4
0,1772829295.6107023,616.7,161,0.298,0.7497,0.138,0.3742,54.4008,64.5046,43.4897,0.0,0.0,0.0,8.11,5.88,2.23,None,0.7404844760894775,15.061,True,None,sfc_unique_p4_31,0,None,52.0,56.29,429.0,60,56,6,6,0,True,83.33333333333334,8.995178571428571,4.571071428571428,8.839285714285714,0.1973,0.9166,0.1301,0.2318,2872.665130002441,2512.665130002441,360.0,0.7593591416396465,33,19,4
0,1772829295.683556,616.8,161,0.3094,0.7594,0.1544,0.3742,56.4895,65.3437,43.4897,0.0,0.0,0.0,2.57,1.45,1.11,None,0.8166186809539795,16.346,True,None,sfc_cache_p4_29,0,None,56.0,60.62,462.0,64,58,6,6,0,True,83.3729216152019,9.01844827586207,4.470862068965517,8.53448275862069,0.2014,0.9146,0.1301,0.2348,2891.243826798602,2531.243826798602,360.0,0.7621013781453871,33,20,5
0,1772829295.6857798,616.8,161,0.3094,0.7594,0.1544,0.3742,56.4895,65.3437,43.4897,0.0,0.0,0.0,4.82,3.39,1.43,None,0.8166186809539795,14.602,True,None,sfc_unique_p4_29,0,None,56.0,60.62,462.0,64,58,6,6,0,True,83.41232227488152,9.01844827586207,4.470862068965517,8.53448275862069,0.2014,0.9146,0.1301,0.2348,2891.243826798602,2531.243826798602,360.0,0.7621013781453871,33,20,5
0,1772829295.8814325,617.0,161,0.324,0.7594,0.1704,0.3742,58.9378,65.3437,43.4897,0.0,0.0,0.0,2.16,1.38,0.78,None,0.8919098377227783,16.405,True,None,sfc_cache_p4_27,0,None,60.0,64.95,495.0,68,60,6,6,0,True,83.451536643026,9.095666666666666,4.321833333333333,8.25,0.2035,0.9146,0.1301,0.2353,2901.973119477754,2541.973119477754,360.0,0.7642036631742118,33,21,6
0,1772829295.883809,617.0,161,0.324,0.7594,0.1704,0.3742,58.9378,65.3437,43.4897,0.0,0.0,0.0,5.21,4.06,1.15,None,0.8919098377227783,14.357,True,None,sfc_unique_p4_27,0,None,60.0,64.95,495.0,68,60,6,6,0,True,83.49056603773585,9.095666666666666,4.321833333333333,8.25,0.2035,0.9146,0.1301,0.2353,2901.973119477754,2541.973119477754,360.0,0.7642036631742118,33,21,6
0,1772829295.9564505,617.1,161,0.3323,0.7848,0.1903,0.3742,60.4497,67.5285,43.4897,0.0,0.0,0.0,2.57,1.45,1.11,None,1.0902516841888428,15.704,True,None,sfc_cache_p3_29,0,None,64.0,69.28,528.0,72,62,6,6,0,True,83.52941176470588,9.028064516129032,4.322258064516129,7.983870967741935,0.2066,0.9391,0.1301,0.2342,2918.9383725345565,2558.9383725345565,360.0,0.7694872112157993,34,20,8
0,1772829295.9587967,617.1,161,0.3323,0.7848,0.1903,0.3742,60.4497,67.5285,43.4897,0.0,0.0,0.0,3.47,1.92,1.55,None,1.0902516841888428,14.034,True,None,sfc_unique_p3_29,0,None,64.0,69.28,528.0,72,62,6,6,0,True,83.56807511737088,9.028064516129032,4.322258064516129,7.983870967741935,0.2066,0.9391,0.1301,0.2342,2918.9383725345565,2558.9383725345565,360.0,0.7694872112157993,34,20,8
0,1772829296.031439,617.2,161,0.3458,0.7848,0.2101,0.3742,62.898,67.5285,43.4897,0.0,0.0,0.0,2.29,1.45,0.84,None,1.1654350757598877,15.923,True,None,sfc_cache_p3_27,0,None,68.0,73.61,561.0,76,64,6,6,0,True,83.60655737704919,9.10015625,4.1871875,7.734375,0.2087,0.9391,0.1301,0.2276,2923.713980025657,2563.713980025657,360.0,0.771290902026554,38,17,9
0,1772829296.0337877,617.2,161,0.3458,0.7848,0.2101,0.3742,62.898,67.5285,43.4897,0.0,0.0,0.0,5.48,4.3,1.18,None,1.1654350757598877,13.975,True,None,sfc_unique_p3_27,0,None,68.0,73.61,561.0,76,64,6,6,0,True,83.64485981308411,9.10015625,4.1871875,7.734375,0.2087,0.9391,0.1301,0.2276,2923.713980025657,2563.713980025657,360.0,0.771290902026554,38,17,9
0,1772829296.1064384,617.2,161,0.3541,0.8102,0.2301,0.3742,64.4099,69.7132,43.4897,0.0,0.0,0.0,2.57,1.45,1.11,None,1.2406463623046875,15.999,True,None,sfc_cache_p2_29,0,None,72.0,77.94,594.0,80,66,6,6,0,True,83.68298368298368,9.03651515151515,4.191666666666666,7.5,0.2111,0.9573,0.1301,0.2212,2948.8482471669663,2588.8482471669663,360.0,0.7756377034043029,38,19,9
0,1772829296.1089382,617.2,161,0.3541,0.8102,0.2301,0.3742,64.4099,69.7132,43.4897,0.0,0.0,0.0,3.47,1.92,1.55,None,1.2406463623046875,14.014,True,None,sfc_unique_p2_29,0,None,72.0,77.94,594.0,80,66,6,6,0,True,83.72093023255815,9.03651515151515,4.191666666666666,7.5,0.2111,0.9573,0.1301,0.2212,2948.8482471669663,2588.8482471669663,360.0,0.7756377034043029,38,19,9
0,1772829296.183254,617.3,161,0.3703,0.8102,0.2498,0.3742,66.8582,69.7132,43.4897,0.0,0.0,0.0,2.29,1.45,0.84,None,1.316084861755371,15.877,True,None,sfc_cache_p2_27,0,None,76.0,82.27,627.0,84,68,6,6,0,True,83.75870069605568,9.104117647058825,4.0683823529411764,7.279411764705882,0.2117,0.9573,0.1301,0.2128,2950.78099751521,2590.78099751521,360.0,0.776730644740188,40,18,10
0,1772829296.1856766,617.3,161,0.3703,0.8102,0.2498,0.3742,66.8582,69.7132,43.4897,0.0,0.0,0.0,5.48,4.3,1.18,None,1.316084861755371,14.121,True,None,sfc_unique_p2_27,0,None,76.0,82.27,627.0,84,68,6,6,0,True,83.79629629629629,9.104117647058825,4.0683823529411764,7.279411764705882,0.2117,0.9573,0.1301,0.2128,2950.78099751521,2590.78099751521,360.0,0.776730644740188,40,18,10
0,1772829296.276418,617.4,161,0.3798,0.8405,0.2693,0.3992,69.0894,72.3188,46.389,0.0,0.0,0.0,3.84,2.88,0.96,None,1.3929815292358398,21.513,True,None,sfc_cache_p1_30,0,None,76.0,82.27,627.0,86,70,6,6,0,True,83.83371824480369,9.139142857142858,4.099857142857143,7.542857142857143,0.2132,0.9702,0.1317,0.2108,2981.121889018073,2621.121889018073,360.0,0.7734061578324963,41,19,10
0,1772829296.2796495,617.4,161,0.3798,0.8405,0.2693,0.3992,69.0894,72.3188,46.389,0.0,0.0,0.0,4.84,3.44,1.4,None,1.3929815292358398,16.121,True,None,sfc_unique_p1_30,0,None,76.0,82.27,627.0,86,70,6,6,0,True,83.87096774193549,9.139142857142858,4.099857142857143,7.542857142857143,0.2132,0.9702,0.1317,0.2108,2981.121889018073,2621.121889018073,360.0,0.7734061578324963,41,19,10
0,1772829296.5051205,617.6,161,0.3911,0.8659,0.291,0.3992,70.6013,74.5036,46.389,0.0,0.0,0.0,2.29,1.45,0.84,None,1.4878995418548584,19.157,True,None,sfc_cache_p1_27,0,None,80.0,86.6,660.0,90,72,6,6,0,True,83.9080459770115,9.079722222222223,4.1063888888888895,7.333333333333333,0.2147,0.9757,0.1317,0.202,2996.0092903491363,2636.0092903491363,360.0,0.7768215232667184,42,18,12
0,1772829296.507913,617.6,161,0.3911,0.8659,0.291,0.3992,70.6013,74.5036,46.389,0.0,0.0,0.0,3.19,1.92,1.27,None,1.4878995418548584,11.703,True,None,sfc_unique_p1_27,0,None,80.0,86.6,660.0,90,72,6,6,0,True,83.94495412844036,9.079722222222223,4.1063888888888895,7.333333333333333,0.2147,0.9757,0.1317,0.202,2996.0092903491363,2636.0092903491363,360.0,0.7768215232667184,42,18,12
0,1772829315.3001144,636.4,161,0.313,0.7341,0.0137,0.3742,57.928,73.4125,37.4206,0.0,0.0,0.0,1.64,0.9,0.74,None,0.00017571449279785156,18.347,True,None,sfc_cache_p1_33,0,None,64.0,69.28,528.0,73,62,6,6,0,False,83.98169336384439,8.651451612903225,4.698870967741935,7.983870967741935,0.233,0.928,0.148,0.2151,3214.573586897658,2904.573586897658,310.0,0.7707570697899774,34,4,24
0,1772829315.3024,636.4,161,0.313,0.7341,0.0137,0.3742,57.928,73.4125,37.4206,0.0,0.0,0.0,2.85,1.68,1.17,None,0.00017571449279785156,15.937,True,None,sfc_unique_p1_33,0,None,64.0,69.28,528.0,73,62,6,6,0,False,84.01826484018264,8.651451612903225,4.698870967741935,7.983870967741935,0.233,0.928,0.148,0.2151,3214.573586897658,2904.573586897658,310.0,0.7707570697899774,34,4,24
0,1772829315.3785777,636.5,162,0.3164,0.7669,0.0281,0.3992,59.4043,76.6883,39.9153,0.0,0.0,0.0,1.65,0.9,0.75,None,0.0861053466796875,18.069,True,None,sfc_cache_p2_33,0,None,68.33,69.28,528.0,75,64,6,6,0,False,84.05466970387245,8.5946875,4.75515625,8.25,0.2308,0.9525,0.1624,0.2293,3255.3803505565343,2935.3803505565343,320.0,0.7761160451070049,34,4,26
0,1772829315.3809803,636.5,162,0.3164,0.7669,0.0281,0.3992,59.4043,76.6883,39.9153,0.0,0.0,0.0,2.85,1.68,1.17,None,0.0861053466796875,15.77,True,None,sfc_unique_p2_33,0,None,68.33,69.28,528.0,75,64,6,6,0,False,84.0909090909091,8.5946875,4.75515625,8.25,0.2308,0.9525,0.1624,0.2293,3255.3803505565343,2935.3803505565343,320.0,0.7761160451070049,34,4,26
0,1772829315.4490383,636.6,163,0.3219,0.7896,0.0405,0.4241,61.3126,78.9563,42.41,0.0,0.0,0.0,2.53,1.78,0.75,None,0.1650710105895996,14.697,True,None,sfc_cache_p3_33,0,None,72.66,69.28,528.0,78,66,6,6,0,False,84.12698412698413,8.601969696969697,4.747424242424242,8.5,0.2294,0.9662,0.1654,0.2396,3294.6734166453753,2964.6734166453753,330.0,0.7808692777504022,34,4,28
0,1772829315.4506476,636.6,163,0.3219,0.7896,0.0405,0.4241,61.3126,78.9563,42.41,0.0,0.0,0.0,2.85,1.68,1.17,None,0.1650710105895996,10.873,True,None,sfc_unique_p3_33,0,None,72.66,69.28,528.0,78,66,6,6,0,False,84.16289592760181,8.601969696969697,4.747424242424242,8.5,0.2294,0.9662,0.1654,0.2396,3294.6734166453753,2964.6734166453753,330.0,0.7808692777504022,34,4,28
0,1772829315.5072403,636.6,164,0.3262,0.8122,0.0528,0.4241,62.7889,81.2242,42.41,0.0,0.0,0.0,2.53,1.78,0.75,None,0.23361468315124512,12.801,True,None,sfc_cache_p4_33,0,None,80.99,69.28,561.0,82,68,6,6,0,False,84.19864559819413,8.549999999999999,4.7401470588235295,8.25,0.2264,0.9734,0.1626,0.246,3324.1367350171445,2984.1367350171445,340.0,0.7852152666902001,34,20,14
0,1772829315.5090592,636.6,164,0.3262,0.8122,0.0528,0.4241,62.7889,81.2242,42.41,0.0,0.0,0.0,2.85,1.68,1.17,None,0.23361468315124512,11.487,True,None,sfc_unique_p4_33,0,None,80.99,69.28,561.0,82,68,6,6,0,False,84.23423423423422,8.549999999999999,4.7401470588235295,8.25,0.2264,0.9734,0.1626,0.246,3324.1367350171445,2984.1367350171445,340.0,0.7852152666902001,34,20,14
0,1772829315.564041,636.7,165,0.3293,0.8349,0.0652,0.4241,64.2652,83.4921,42.41,0.0,0.0,0.0,2.53,1.78,0.75,None,0.29224467277526855,12.77,True,None,sfc_cache_p5_33,0,None,89.32,69.28,594.0,86,70,6,6,0,False,84.26966292134831,8.501000000000001,4.733285714285714,8.014285714285714,0.2232,0.9743,0.1598,0.2487,3341.307838561487,2991.307838561487,350.0,0.789073715647253,34,20,16
0,1772829315.565794,636.7,165,0.3293,0.8349,0.0652,0.4241,64.2652,83.4921,42.41,0.0,0.0,0.0,2.85,1.68,1.17,None,0.29224467277526855,11.021,True,None,sfc_unique_p5_33,0,None,89.32,69.28,594.0,86,70,6,6,0,False,84.30493273542601,8.501000000000001,4.733285714285714,8.014285714285714,0.2232,0.9743,0.1598,0.2487,3341.307838561487,2991.307838561487,350.0,0.789073715647253,34,20,16
0,1772829315.6958752,636.8,166,0.3313,0.8568,0.0782,0.4241,65.7771,85.6768,42.41,0.0,0.0,0.0,2.53,1.78,0.75,None,0.3488459587097168,12.359,True,None,sfc_cache_p6_33,0,None,97.65,69.28,627.0,90,72,6,6,0,False,84.3400447427293,8.459305555555556,4.722222222222222,7.791666666666667,0.2212,0.9795,0.1572,0.2467,3368.276187114343,3008.276187114343,360.0,0.7926882245446684,34,20,18
0,1772829315.6977155,636.8,166,0.3313,0.8568,0.0782,0.4241,65.7771,85.6768,42.41,0.0,0.0,0.0,3.05,1.86,1.18,None,0.3488459587097168,10.386,True,None,sfc_unique_p6_33,0,None,97.65,69.28,627.0,90,72,6,6,0,False,84.375,8.459305555555556,4.722222222222222,7.791666666666667,0.2212,0.9795,0.1572,0.2467,3368.276187114343,3008.276187114343,360.0,0.7926882245446684,34,20,18
0,1772829335.3253958,656.4,166,0.34,0.8677,0.0949,0.449,68.6574,86.768,44.9047,0.0,0.0,0.0,3.55,2.21,1.34,None,0.00036644935607910156,14.324,True,None,sfc_cache_p1_34,0,None,97.65,69.28,627.0,90,74,6,7,0,False,84.4097995545657,8.59108108108108,4.653108108108108,8.027027027027026,0.2192,0.9775,0.1563,0.2557,3395.566247476516,3025.566247476516,370.0,0.7908162414234463,37,19,18
0,1772829335.3278937,656.4,166,0.34,0.8677,0.0949,0.449,68.6574,86.768,44.9047,0.0,0.0,0.0,7.3,5.64,1.65,None,0.00036644935607910156,14.327,True,None,sfc_unique_p1_34,0,None,97.65,69.28,627.0,90,74,6,7,0,False,84.44444444444444,8.59108108108108,4.653108108108108,8.027027027027026,0.2192,0.9775,0.1563,0.2557,3395.566247476516,3025.566247476516,370.0,0.7908162414234463,37,19,18
0,1772829335.401183,656.5,167,0.3531,0.8677,0.1094,0.474,72.0053,86.768,47.3995,0.0,0.0,0.0,3.85,2.44,1.42,None,0.06478285789489746,16.22,True,None,sfc_cache_p2_34,0,None,97.65,69.28,627.0,92,76,6,7,0,False,84.4789356984479,8.772894736842105,4.530657894736842,8.25,0.216,0.9775,0.1628,0.2638,3413.743000301156,3033.743000301156,380.0,0.7885430503456456,40,18,18
0,1772829335.4036195,656.5,167,0.3531,0.8677,0.1094,0.474,72.0053,86.768,47.3995,0.0,0.0,0.0,7.3,5.64,1.65,None,0.06478285789489746,13.728,True,None,sfc_unique_p2_34,0,None,97.65,69.28,627.0,92,76,6,7,0,False,84.51327433628319,8.772894736842105,4.530657894736842,8.25,0.216,0.9775,0.1628,0.2638,3413.743000301156,3033.743000301156,380.0,0.7885430503456456,40,18,18
0,1772829335.4767485,656.6,168,0.3597,0.8761,0.126,0.474,74.0939,87.6071,47.3995,0.0,0.0,0.0,3.85,2.44,1.42,None,0.14045405387878418,16.231,True,None,sfc_cache_p3_34,0,None,105.98,69.28,660.0,96,78,6,7,0,False,84.54746136865342,8.795897435897436,4.457179487179488,8.038461538461538,0.2113,0.9758,0.1603,0.2685,3423.743000301156,3033.743000301156,390.0,0.786428298411702,44,16,18
0,1772829335.4792042,656.6,168,0.3597,0.8761,0.126,0.474,74.0939,87.6071,47.3995,0.0,0.0,0.0,5.09,3.44,1.65,None,0.14045405387878418,13.551,True,None,sfc_unique_p3_34,0,None,105.98,69.28,660.0,96,78,6,7,0,False,84.58149779735683,8.795897435897436,4.457179487179488,8.038461538461538,0.2113,0.9758,0.1603,0.2685,3423.743000301156,3033.743000301156,390.0,0.786428298411702,44,16,18
0,1772829335.5427356,656.7,169,0.3622,0.8988,0.1466,0.474,75.5702,89.875,47.3995,0.0,0.0,0.0,3.85,2.44,1.42,None,0.21611523628234863,15.106,True,None,sfc_cache_p4_34,0,None,114.31,69.28,693.0,100,80,6,7,0,False,84.61538461538461,8.746875,4.4582500000000005,7.8375,0.2069,0.9762,0.1577,0.2665,3433.743000301156,3033.743000301156,400.0,0.7865729850329639,45,17,18
0,1772829335.5440822,656.7,169,0.3622,0.8988,0.1466,0.474,75.5702,89.875,47.3995,0.0,0.0,0.0,4.44,2.66,1.78,None,0.21611523628234863,7.243,True,None,sfc_unique_p4_34,0,None,114.31,69.28,693.0,100,80,6,7,0,False,84.64912280701753,8.746875,4.4582500000000005,7.8375,0.2069,0.9762,0.1577,0.2665,3433.743000301156,3033.743000301156,400.0,0.7865729850329639,45,17,18
0,1772829335.6527429,656.8,170,0.3703,0.8988,0.1624,0.474,78.0185,89.875,47.3995,0.0,0.0,0.0,3.51,2.1,1.42,None,0.2798740863800049,8.569,True,None,sfc_cache_p5_34,0,None,122.64,69.28,726.0,104,82,6,7,0,False,84.68271334792122,8.809999999999999,4.349512195121951,7.646341463414634,0.2058,0.9762,0.1553,0.2636,3462.2033779516746,3052.2033779516746,410.0,0.7881919167899702,47,16,19
0,1772829335.654113,656.8,170,0.3703,0.8988,0.1624,0.474,78.0185,89.875,47.3995,0.0,0.0,0.0,4.49,2.71,1.78,None,0.2798740863800049,6.742,True,None,sfc_unique_p5_34,0,None,122.64,69.28,726.0,104,82,6,7,0,False,84.71615720524017,8.809999999999999,4.349512195121951,7.646341463414634,0.2058,0.9762,0.1553,0.2636,3462.2033779516746,3052.2033779516746,410.0,0.7881919167899702,47,16,19
0,1772829335.6954515,656.8,171,0.3783,0.8988,0.1782,0.474,80.4668,89.875,47.3995,0.0,0.0,0.0,3.51,2.1,1.42,None,0.38986706733703613,8.373,True,None,sfc_cache_p6_34,0,None,130.97,69.28,759.0,108,84,6,7,0,False,84.74945533769062,8.870119047619047,4.245952380952382,7.464285714285714,0.2042,0.9762,0.153,0.2593,3490.663755602193,3070.663755602193,420.0,0.7896051740747662,48,22,14
0,1772829335.6967828,656.8,171,0.3783,0.8988,0.1782,0.474,80.4668,89.875,47.3995,0.0,0.0,0.0,4.49,2.71,1.78,None,0.38986706733703613,6.757,True,None,sfc_unique_p6_34,0,None,130.97,69.28,759.0,108,84,6,7,0,False,84.78260869565217,8.870119047619047,4.245952380952382,7.464285714285714,0.2042,0.9762,0.153,0.2593,3490.663755602193,3070.663755602193,420.0,0.7896051740747662,48,22,14
0,1772829361.3841121,682.5,171,0.2974,0.5006,0.0132,0.2994,49.6123,50.0605,29.9365,0.0,0.0,0.0,1.92,1.43,0.49,None,0.00026488304138183594,17.419,True,None,sfc_cache_p1_35,0,None,90.97,25.98,429.0,66,50,6,5,0,False,84.81561822125813,9.1878,3.9732,7.92,0.2789,0.6568,0.1874,0.1518,3038.135634454147,2788.135634454147,250.0,0.8948591655997569,12,10,28
0,1772829361.385779,682.5,171,0.2974,0.5006,0.0132,0.2994,49.6123,50.0605,29.9365,0.0,0.0,0.0,2.78,1.86,0.92,None,0.00026488304138183594,21.487,True,None,sfc_unique_p1_35,0,None,90.97,25.98,429.0,66,50,6,5,0,False,84.84848484848484,9.1878,3.9732,7.92,0.2789,0.6568,0.1874,0.1518,3038.135634454147,2788.135634454147,250.0,0.8948591655997569,12,10,28
0,1772829361.4612637,682.6,172,0.3029,0.5334,0.0266,0.3243,51.5562,53.3364,32.4312,0.0,0.0,0.0,1.94,1.36,0.58,None,0.07540583610534668,18.583,True,None,sfc_cache_p2_35,0,None,90.97,25.98,429.0,67,52,6,5,0,False,84.88120950323975,9.180576923076924,4.070384615384615,8.25,0.2721,0.645,0.1894,0.1656,3072.4256050469344,2812.4256050469344,260.0,0.8950266008148619,12,10,30
0,1772829361.4627037,682.6,172,0.3029,0.5334,0.0266,0.3243,51.5562,53.3364,32.4312,0.0,0.0,0.0,2.78,1.86,0.92,None,0.07540583610534668,20.003,True,None,sfc_unique_p2_35,0,None,90.97,25.98,429.0,67,52,6,5,0,False,84.91379310344827,9.180576923076924,4.070384615384615,8.25,0.2721,0.645,0.1894,0.1656,3072.4256050469344,2812.4256050469344,260.0,0.8950266008148619,12,10,30
0,1772829361.5403142,682.7,173,0.3081,0.5552,0.0401,0.3243,53.0682,55.5211,32.4312,0.0,0.0,0.0,1.92,1.34,0.58,None,0.15207672119140625,18.895,True,None,sfc_cache_p3_35,0,None,94.97,30.31,462.0,71,54,6,5,0,False,84.94623655913979,9.099814814814815,4.080185185185186,7.944444444444445,0.2651,0.6352,0.1857,0.1725,3095.1051438180225,2825.1051438180225,270.0,0.895569649018502,12,10,32
0,1772829361.5418339,682.7,173,0.3081,0.5552,0.0401,0.3243,53.0682,55.5211,32.4312,0.0,0.0,0.0,2.78,1.86,0.92,None,0.15207672119140625,22.732,True,None,sfc_unique_p3_35,0,None,94.97,30.31,462.0,71,54,6,5,0,False,84.97854077253218,9.099814814814815,4.080185185185186,7.944444444444445,0.2651,0.6352,0.1857,0.1725,3095.1051438180225,2825.1051438180225,270.0,0.895569649018502,12,10,32
0,1772829361.602504,682.7,174,0.3123,0.5821,0.053,0.3243,54.8317,58.2099,32.4312,0.0,0.0,0.0,1.92,1.34,0.58,None,0.23380708694458008,11.778,True,None,sfc_cache_p4_35,0,None,98.97,30.31,495.0,73,56,6,5,0,False,85.01070663811564,9.066428571428572,4.125,7.660714285714286,0.2557,0.6284,0.1821,0.1833,3109.62882436283,2829.62882436283,280.0,0.895013469029459,12,10,34
0,1772829361.6038084,682.7,174,0.3123,0.5821,0.053,0.3243,54.8317,58.2099,32.4312,0.0,0.0,0.0,2.72,1.69,1.02,None,0.23380708694458008,14.934,True,None,sfc_unique_p4_35,0,None,98.97,30.31,495.0,73,56,6,5,0,False,85.04273504273505,9.066428571428572,4.125,7.660714285714286,0.2557,0.6284,0.1821,0.1833,3109.62882436283,2829.62882436283,280.0,0.895013469029459,12,10,34
0,1772829361.729905,682.9,175,0.3162,0.6082,0.0674,0.3243,56.1633,60.8154,32.4312,0.0,0.0,0.0,1.92,1.34,0.58,None,0.29292988777160645,11.96,True,None,sfc_cache_p5_35,0,None,107.3,30.31,528.0,77,58,6,5,0,False,85.07462686567165,8.966379310344827,4.1610344827586205,7.396551724137931,0.2485,0.6315,0.1787,0.192,3144.2914152930266,2854.2914152930266,290.0,0.8949564125820955,12,10,36
0,1772829361.731164,682.9,175,0.3162,0.6082,0.0674,0.3243,56.1633,60.8154,32.4312,0.0,0.0,0.0,2.84,1.79,1.05,None,0.29292988777160645,14.116,True,None,sfc_unique_p5_35,0,None,107.3,30.31,528.0,77,58,6,5,0,False,85.1063829787234,8.966379310344827,4.1610344827586205,7.396551724137931,0.2485,0.6315,0.1787,0.192,3144.2914152930266,2854.2914152930266,290.0,0.8949564125820955,12,10,36
0,1772829361.7819502,682.9,176,0.3188,0.6342,0.0823,0.3243,57.4949,63.421,32.4312,0.0,0.0,0.0,1.94,1.36,0.58,None,0.42025256156921387,11.82,True,None,sfc_cache_p6_35,0,None,115.63,30.31,561.0,81,60,6,5,0,False,85.13800424628451,8.873,4.1946666666666665,7.15,0.2411,0.6289,0.1754,0.1947,3159.344425662938,2859.344425662938,300.0,0.8946568334184737,12,10,38
0,1772829361.7832239,682.9,176,0.3188,0.6342,0.0823,0.3243,57.4949,63.421,32.4312,0.0,0.0,0.0,2.84,1.79,1.05,None,0.42025256156921387,13.419,True,None,sfc_unique_p6_35,0,None,115.63,30.31,561.0,81,60,6,5,0,False,85.16949152542372,8.873,4.1946666666666665,7.15,0.2411,0.6289,0.1754,0.1947,3159.344425662938,2859.344425662938,300.0,0.8946568334184737,12,10,38
0,1772829384.5661883,705.7,176,0.3248,0.667,0.0961,0.3493,59.4389,66.6969,34.9259,0.0,0.0,0.0,3.64,2.61,1.04,None,0.00024175643920898438,22.223,True,None,sfc_cache_p1_36,0,None,115.63,30.31,561.0,81,62,6,6,0,False,85.20084566596195,8.877096774193548,4.269032258064517,7.451612903225806,0.2452,0.7094,0.1705,0.2039,3203.395275061012,2893.395275061012,310.0,0.8897108108552586,14,23,25
0,1772829384.5674396,705.7,176,0.3248,0.667,0.0961,0.3493,59.4389,66.6969,34.9259,0.0,0.0,0.0,5.94,4.57,1.37,None,0.00024175643920898438,19.367,True,None,sfc_unique_p1_36,0,None,115.63,30.31,561.0,81,62,6,6,0,False,85.23206751054853,8.877096774193548,4.269032258064517,7.451612903225806,0.2452,0.7094,0.1705,0.2039,3203.395275061012,2893.395275061012,310.0,0.8897108108552586,14,23,25
0,1772829384.6483,705.8,177,0.3368,0.6779,0.1114,0.3742,62.3191,67.788,37.4206,0.0,0.0,0.0,3.68,2.58,1.09,None,0.08751583099365234,16.906,True,None,sfc_cache_p2_36,0,None,115.63,30.31,561.0,83,64,6,6,0,False,85.26315789473684,9.01640625,4.20328125,7.734375,0.2437,0.7075,0.173,0.2046,3221.675732878835,2901.675732878835,320.0,0.8851703209576269,16,36,12
0,1772829384.6500688,705.8,177,0.3368,0.6779,0.1114,0.3742,62.3191,67.788,37.4206,0.0,0.0,0.0,6.51,5.11,1.4,None,0.08751583099365234,28.536,True,None,sfc_unique_p2_36,0,None,115.63,30.31,561.0,83,64,6,6,0,False,85.29411764705883,9.01640625,4.20328125,7.734375,0.2437,0.7075,0.173,0.2046,3221.675732878835,2901.675732878835,320.0,0.8851703209576269,16,36,12
0,1772829384.7129967,705.8,178,0.3475,0.6779,0.1252,0.3742,65.235,67.788,37.4206,0.0,0.0,0.0,4.01,2.91,1.09,None,0.17044830322265625,13.746,True,None,sfc_cache_p3_36,0,None,119.63,30.31,594.0,86,66,6,6,0,False,85.32494758909853,9.152272727272727,4.075909090909091,7.5,0.2386,0.7075,0.1699,0.2002,3236.3240130151844,2906.3240130151844,330.0,0.880077151898767,18,48,0
0,1772829384.714754,705.8,178,0.3475,0.6779,0.1252,0.3742,65.235,67.788,37.4206,0.0,0.0,0.0,6.51,5.11,1.4,None,0.17044830322265625,15.767,True,None,sfc_unique_p3_36,0,None,119.63,30.31,594.0,86,66,6,6,0,False,85.35564853556485,9.152272727272727,4.075909090909091,7.5,0.2386,0.7075,0.1699,0.2002,3236.3240130151844,2906.3240130151844,330.0,0.880077151898767,18,48,0
0,1772829384.7730196,705.9,179,0.3541,0.6779,0.1391,0.3742,67.6833,67.788,37.4206,0.0,0.0,0.0,4.01,2.91,1.09,None,0.23514032363891602,13.558,True,None,sfc_cache_p4_36,0,None,127.96,30.31,627.0,90,68,6,6,0,False,85.38622129436325,9.216470588235294,3.956029411764706,7.279411764705882,0.2318,0.7075,0.167,0.1931,3250.972293151534,2910.972293151534,340.0,0.8746857309424991,20,48,0
0,1772829384.774519,705.9,179,0.3541,0.6779,0.1391,0.3742,67.6833,67.788,37.4206,0.0,0.0,0.0,6.51,5.11,1.4,None,0.23514032363891602,12.856,True,None,sfc_unique_p4_36,0,None,127.96,30.31,627.0,90,68,6,6,0,False,85.41666666666666,9.216470588235294,3.956029411764706,7.279411764705882,0.2318,0.7075,0.167,0.1931,3250.972293151534,2910.972293151534,340.0,0.8746857309424991,20,48,0
0,1772829384.9089243,706.0,180,0.3618,0.6779,0.1544,0.3742,70.1315,67.788,37.4206,0.0,0.0,0.0,4.01,2.91,1.09,None,0.2944974899291992,13.441,True,None,sfc_cache_p5_36,0,None,136.29,30.31,660.0,94,70,6,6,0,False,85.44698544698545,9.277,3.843,7.071428571428571,0.2252,0.7075,0.1642,0.1914,3262.379172606136,2912.379172606136,350.0,0.8686478787850443,22,48,0
0,1772829384.91056,706.0,180,0.3618,0.6779,0.1544,0.3742,70.1315,67.788,37.4206,0.0,0.0,0.0,6.46,4.93,1.53,None,0.2944974899291992,14.773,True,None,sfc_unique_p5_36,0,None,136.29,30.31,660.0,94,70,6,6,0,False,85.47717842323651,9.277,3.843,7.071428571428571,0.2252,0.7075,0.1642,0.1914,3262.379172606136,2912.379172606136,350.0,0.8686478787850443,22,48,0
0,1772829384.9692733,706.1,181,0.3706,0.6779,0.1696,0.3742,72.5798,67.788,37.4206,0.0,0.0,0.0,4.01,2.91,1.09,None,0.4307997226715088,13.113,True,None,sfc_cache_p6_36,0,None,144.62,30.31,693.0,98,72,6,6,0,False,85.5072463768116,9.334166666666667,3.73625,6.875,0.2171,0.7075,0.1614,0.1872,3272.379172606136,2912.379172606136,360.0,0.861987706837186,24,48,0
0,1772829384.9706988,706.1,181,0.3706,0.6779,0.1696,0.3742,72.5798,67.788,37.4206,0.0,0.0,0.0,6.46,4.93,1.53,None,0.4307997226715088,13.003,True,None,sfc_unique_p6_36,0,None,144.62,30.31,693.0,98,72,6,6,0,False,85.53719008264463,9.334166666666667,3.73625,6.875,0.2171,0.7075,0.1614,0.1872,3272.379172606136,2912.379172606136,360.0,0.861987706837186,24,48,0
0,1772829410.6108766,731.7,181,0.3377,0.6073,0.0152,0.2994,60.6635,60.7323,29.9365,0.0,0.0,0.0,1.98,1.38,0.59,None,0.00025272369384765625,19.27,True,None,sfc_cache_p1_37,0,None,136.62,21.65,627.0,88,62,6,6,0,False,85.56701030927834,9.06,3.887258064516129,6.387096774193548,0.147,0.4946,0.1248,0.1498,3042.3442857142854,2732.3442857142854,310.0,0.8823194103957495,14,48,0
0,1772829410.6131744,731.7,181,0.3377,0.6073,0.0152,0.2994,60.6635,60.7323,29.9365,0.0,0.0,0.0,4.42,3.39,1.03,None,0.00025272369384765625,20.596,True,None,sfc_unique_p1_37,0,None,136.62,21.65,627.0,88,62,6,6,0,False,85.59670781893004,9.06,3.887258064516129,6.387096774193548,0.147,0.4946,0.1248,0.1498,3042.3442857142854,2732.3442857142854,310.0,0.8823194103957495,14,48,0
0,1772829410.695259,731.8,182,0.3431,0.63,0.0288,0.3243,62.5718,63.0002,32.4312,0.0,0.0,0.0,2.74,2.14,0.59,None,0.08771729469299316,18.297,True,None,sfc_cache_p2_37,0,None,136.62,25.98,627.0,90,64,6,6,0,False,85.62628336755647,9.05296875,3.90640625,6.703125,0.1464,0.5142,0.123,0.1581,3075.2071428571426,2755.2071428571426,320.0,0.8785304969120876,19,45,0
0,1772829410.6975172,731.8,182,0.3431,0.63,0.0288,0.3243,62.5718,63.0002,32.4312,0.0,0.0,0.0,4.56,3.46,1.1,None,0.08771729469299316,19.79,True,None,sfc_unique_p2_37,0,None,136.62,25.98,627.0,90,64,6,6,0,False,85.65573770491804,9.05296875,3.90640625,6.703125,0.1464,0.5142,0.123,0.1581,3075.2071428571426,2755.2071428571426,320.0,0.8785304969120876,19,45,0
0,1772829410.7782803,731.9,183,0.3521,0.6535,0.0479,0.3493,64.9121,65.3513,34.9259,0.0,0.0,0.0,1.52,0.84,0.68,None,0.17206120491027832,17.6,True,None,sfc_cache_p3_37,0,None,136.62,25.98,627.0,90,66,6,6,0,False,85.68507157464212,9.106969696969696,3.929393939393939,7.0,0.1446,0.5169,0.1317,0.1575,3089.7642857142855,2759.7642857142855,330.0,0.8743840974002189,21,45,0
0,1772829410.7807162,731.9,183,0.3521,0.6535,0.0479,0.3493,64.9121,65.3513,34.9259,0.0,0.0,0.0,4.65,3.5,1.15,None,0.17206120491027832,18.762,True,None,sfc_unique_p3_37,0,None,136.62,25.98,627.0,90,66,6,6,0,False,85.71428571428571,9.106969696969696,3.929393939393939,7.0,0.1446,0.5169,0.1317,0.1575,3089.7642857142855,2759.7642857142855,330.0,0.8743840974002189,21,45,0
0,1772829410.993544,732.1,184,0.3592,0.6728,0.0644,0.3742,67.4327,67.2815,37.4206,0.0,0.0,0.0,3.69,2.88,0.81,None,0.25527119636535645,16.253,True,None,sfc_cache_p4_37,0,None,136.62,25.98,627.0,92,68,6,6,0,False,85.74338085539715,9.18235294117647,3.926470588235294,7.279411764705882,0.1446,0.5414,0.1454,0.159,3114.8749999999995,2774.8749999999995,340.0,0.868908727203345,23,45,0
0,1772829410.995938,732.1,184,0.3592,0.6728,0.0644,0.3742,67.4327,67.2815,37.4206,0.0,0.0,0.0,4.65,3.5,1.15,None,0.25527119636535645,18.439,True,None,sfc_unique_p4_37,0,None,136.62,25.98,627.0,92,68,6,6,0,False,85.77235772357723,9.18235294117647,3.926470588235294,7.279411764705882,0.1446,0.5414,0.1454,0.159,3114.8749999999995,2774.8749999999995,340.0,0.868908727203345,23,45,0
0,1772829411.0719543,732.2,185,0.362,0.6947,0.0776,0.3742,68.9447,69.4663,37.4206,0.0,0.0,0.0,3.69,2.88,0.81,None,0.4704554080963135,14.838,True,None,sfc_cache_p5_37,0,None,140.62,30.31,660.0,96,70,6,6,0,False,85.80121703853956,9.12,3.938142857142857,7.071428571428571,0.1461,0.5771,0.1429,0.167,3154.692857142857,2804.692857142857,350.0,0.863571154530588,25,45,0
0,1772829411.0743916,732.2,185,0.362,0.6947,0.0776,0.3742,68.9447,69.4663,37.4206,0.0,0.0,0.0,5.37,4.13,1.24,None,0.4704554080963135,16.809,True,None,sfc_unique_p5_37,0,None,140.62,30.31,660.0,96,70,6,6,0,False,85.82995951417004,9.12,3.938142857142857,7.071428571428571,0.1461,0.5771,0.1429,0.167,3154.692857142857,2804.692857142857,350.0,0.863571154530588,25,45,0
0,1772829411.1525972,732.3,186,0.3635,0.7165,0.0946,0.3742,70.4566,71.651,37.4206,0.0,0.0,0.0,3.69,2.88,0.81,None,0.5489590167999268,15.158,True,None,sfc_cache_p6_37,0,None,144.62,34.64,693.0,100,72,6,6,0,False,85.85858585858585,9.06111111111111,3.9491666666666663,6.875,0.1466,0.5967,0.1406,0.1726,3187.1921428571427,2827.1921428571427,360.0,0.858310391294243,27,45,0
0,1772829411.1551244,732.3,186,0.3635,0.7165,0.0946,0.3742,70.4566,71.651,37.4206,0.0,0.0,0.0,3.86,2.46,1.4,None,0.5489590167999268,17.13,True,None,sfc_unique_p6_37,0,None,144.62,34.64,693.0,100,72,6,6,0,False,85.88709677419355,9.06111111111111,3.9491666666666663,6.875,0.1466,0.5967,0.1406,0.1726,3187.1921428571427,2827.1921428571427,360.0,0.858310391294243,27,45,0
0,1772829423.6495183,744.8,186,0.3446,0.593,0.0138,0.3493,62.6075,59.3035,34.9259,0.0,0.0,0.0,5.12,3.75,1.37,None,0.00019240379333496094,17.278,True,None,sfc_cache_p1_38,0,None,128.62,17.320000000000007,561.0,82,62,6,6,0,False,85.91549295774648,9.350322580645162,3.7958064516129033,7.451612903225806,0.1839,0.6737,0.1528,0.1567,3095.574183809683,2785.574183809683,310.0,0.8521053696079873,28,31,3
0,1772829423.6518168,744.8,186,0.3446,0.593,0.0138,0.3493,62.6075,59.3035,34.9259,0.0,0.0,0.0,9.61,8.06,1.55,None,0.00019240379333496094,19.17,True,None,sfc_unique_p1_38,0,None,128.62,17.320000000000007,561.0,82,62,6,6,0,False,85.94377510040161,9.350322580645162,3.7958064516129033,7.451612903225806,0.1839,0.6737,0.1528,0.1567,3095.574183809683,2785.574183809683,310.0,0.8521053696079873,28,31,3
0,1772829423.7340622,744.9,187,0.3478,0.6149,0.029,0.3493,64.1194,61.4883,34.9259,0.0,0.0,0.0,5.12,3.75,1.37,None,0.08516097068786621,17.203,True,None,sfc_cache_p2_38,0,None,132.62,21.65,594.0,86,64,6,6,0,False,85.97194388777555,9.276875,3.81265625,7.21875,0.1924,0.7234,0.15,0.1688,3141.54032108889,2821.54032108889,320.0,0.8471859056018315,30,31,3
0,1772829423.7363749,744.9,187,0.3478,0.6149,0.029,0.3493,64.1194,61.4883,34.9259,0.0,0.0,0.0,7.2,5.4,1.81,None,0.08516097068786621,18.478,True,None,sfc_unique_p2_38,0,None,132.62,21.65,594.0,86,64,6,6,0,False,86.0,9.276875,3.81265625,7.21875,0.1924,0.7234,0.15,0.1688,3141.54032108889,2821.54032108889,320.0,0.8471859056018315,30,31,3
0,1772829423.8194313,744.9,188,0.3496,0.6367,0.0443,0.3493,65.6313,63.673,34.9259,0.0,0.0,0.0,5.12,3.75,1.37,None,0.16974329948425293,17.414,True,None,sfc_cache_p3_38,0,None,136.62,25.98,627.0,90,66,6,6,0,False,86.02794411177645,9.207878787878789,3.8284848484848486,7.0,0.1976,0.7509,0.1474,0.178,3183.8364583680955,2853.8364583680955,330.0,0.8404730491362269,32,31,3
0,1772829423.8218203,744.9,188,0.3496,0.6367,0.0443,0.3493,65.6313,63.673,34.9259,0.0,0.0,0.0,7.2,5.4,1.81,None,0.16974329948425293,18.622,True,None,sfc_unique_p3_38,0,None,136.62,25.98,627.0,90,66,6,6,0,False,86.05577689243027,9.207878787878789,3.8284848484848486,7.0,0.1976,0.7509,0.1474,0.178,3183.8364583680955,2853.8364583680955,330.0,0.8404730491362269,32,31,3
0,1772829424.0343084,745.2,189,0.3538,0.6586,0.0595,0.3493,67.1433,65.8578,34.9259,0.0,0.0,0.0,5.12,3.75,1.37,None,0.25525665283203125,17.302,True,None,sfc_cache_p4_38,0,None,140.62,30.31,660.0,94,68,6,6,0,False,86.08349900596421,9.142941176470588,3.843382352941177,6.794117647058823,0.1996,0.7566,0.1449,0.1843,3211.8047385044456,2871.8047385044456,340.0,0.8322249666268673,34,31,3
0,1772829424.0367596,745.2,189,0.3538,0.6586,0.0595,0.3493,67.1433,65.8578,34.9259,0.0,0.0,0.0,7.2,5.4,1.81,None,0.25525665283203125,18.736,True,None,sfc_unique_p4_38,0,None,140.62,30.31,660.0,94,68,6,6,0,False,86.11111111111111,9.142941176470588,3.843382352941177,6.794117647058823,0.1996,0.7566,0.1449,0.1843,3211.8047385044456,2871.8047385044456,340.0,0.8322249666268673,34,31,3
0,1772829424.1228888,745.2,190,0.3616,0.6586,0.072,0.3493,69.5916,65.8578,34.9259,0.0,0.0,0.0,5.12,3.75,1.37,None,0.47013187408447266,17.802,True,None,sfc_cache_p5_38,0,None,144.62,34.64,693.0,98,70,6,6,0,False,86.13861386138613,9.205571428571428,3.733571428571429,6.6,0.2058,0.7566,0.1424,0.1878,3238.9860214297632,2888.9860214297632,350.0,0.8198920090249656,36,31,3
0,1772829424.1254442,745.2,190,0.3616,0.6586,0.072,0.3493,69.5916,65.8578,34.9259,0.0,0.0,0.0,11.59,9.79,1.81,None,0.47013187408447266,18.454,True,None,sfc_unique_p5_38,0,None,144.62,34.64,693.0,98,70,6,6,0,False,86.16600790513834,9.205571428571428,3.733571428571429,6.6,0.2058,0.7566,0.1424,0.1878,3238.9860214297632,2888.9860214297632,350.0,0.8198920090249656,36,31,3
0,1772829424.2101154,745.3,191,0.3631,0.6804,0.0873,0.3493,71.1035,68.0425,34.9259,0.0,0.0,0.0,5.12,3.75,1.37,None,0.5589220523834229,16.954,True,None,sfc_cache_p6_38,0,None,148.62,38.97,726.0,102,72,6,6,0,False,86.19329388560158,9.144305555555555,3.7502777777777774,6.416666666666667,0.2024,0.7874,0.14,0.1889,3265.3076824151985,2905.3076824151985,360.0,0.8044659086348239,38,31,3
0,1772829424.2126827,745.3,191,0.3631,0.6804,0.0873,0.3493,71.1035,68.0425,34.9259,0.0,0.0,0.0,7.3,5.49,1.81,None,0.5589220523834229,17.274,True,None,sfc_unique_p6_38,0,None,148.62,38.97,726.0,102,72,6,6,0,False,86.22047244094489,9.144305555555555,3.7502777777777774,6.416666666666667,0.2024,0.7874,0.14,0.1889,3265.3076824151985,2905.3076824151985,360.0,0.8044659086348239,38,31,3
0,1772829443.7013035,764.8,191,0.3469,0.5578,0.0159,0.2994,63.2544,55.7781,29.9365,0.0,0.0,0.0,4.34,2.83,1.51,None,0.00016999244689941406,19.81,True,None,sfc_cache_p1_39,0,None,114.96999999999997,38.97,627.0,84,62,6,6,0,False,86.2475442043222,9.446935483870968,3.5701612903225803,6.387096774193548,0.2253,0.7389,0.1131,0.1873,3140.1071716583497,2830.1071716583497,310.0,0.7877546686344857,39,9,14
0,1772829443.7035992,764.8,191,0.3469,0.5578,0.0159,0.2994,63.2544,55.7781,29.9365,0.0,0.0,0.0,5.32,3.31,2.02,None,0.00016999244689941406,19.893,True,None,sfc_unique_p1_39,0,None,114.96999999999997,38.97,627.0,84,62,6,6,0,False,86.27450980392157,9.446935483870968,3.5701612903225803,6.387096774193548,0.2253,0.7389,0.1131,0.1873,3140.1071716583497,2830.1071716583497,310.0,0.7877546686344857,39,9,14
0,1772829443.7904363,764.9,192,0.3523,0.5905,0.0333,0.3243,65.1983,59.054,32.4312,0.0,0.0,0.0,3.69,2.1,1.59,None,0.09060192108154297,19.251,True,None,sfc_cache_p2_39,0,None,114.96999999999997,38.97,627.0,86,64,6,6,0,False,86.3013698630137,9.43296875,3.66171875,6.703125,0.2217,0.7376,0.1118,0.1994,3155.462885944064,2835.462885944064,320.0,0.7899102839693637,39,11,14
0,1772829443.7928476,764.9,192,0.3523,0.5905,0.0333,0.3243,65.1983,59.054,32.4312,0.0,0.0,0.0,5.32,3.31,2.02,None,0.09060192108154297,19.767,True,None,sfc_unique_p2_39,0,None,114.96999999999997,38.97,627.0,86,64,6,6,0,False,86.328125,9.43296875,3.66171875,6.703125,0.2217,0.7376,0.1118,0.1994,3155.462885944064,2835.462885944064,320.0,0.7899102839693637,39,11,14
0,1772829443.877732,765.0,193,0.3576,0.6233,0.0486,0.3493,67.1422,62.3299,34.9259,0.0,0.0,0.0,2.95,1.33,1.62,None,0.17988085746765137,17.904,True,None,sfc_cache_p3_39,0,None,114.96999999999997,38.97,627.0,86,66,6,6,0,False,86.35477582846003,9.419848484848485,3.7477272727272726,7.0,0.2327,0.8267,0.1271,0.2117,3205.2617685102773,2875.2617685102773,330.0,0.789088003043989,40,12,14
0,1772829443.8801465,765.0,193,0.3576,0.6233,0.0486,0.3493,67.1422,62.3299,34.9259,0.0,0.0,0.0,9.36,7.31,2.04,None,0.17988085746765137,18.16,True,None,sfc_unique_p3_39,0,None,114.96999999999997,38.97,627.0,86,66,6,6,0,False,86.38132295719845,9.419848484848485,3.7477272727272726,7.0,0.2327,0.8267,0.1271,0.2117,3205.2617685102773,2875.2617685102773,330.0,0.789088003043989,40,12,14
0,1772829444.0951993,765.2,194,0.3639,0.6569,0.068,0.3742,69.0505,65.6889,37.4206,0.0,0.0,0.0,2.92,1.25,1.67,None,0.26717209815979004,17.391,True,None,sfc_cache_p4_39,0,None,114.96999999999997,38.97,627.0,88,68,6,6,0,False,86.40776699029125,9.40264705882353,3.833529411764706,7.279411764705882,0.2316,0.8498,0.1305,0.2182,3262.124721613512,2922.124721613512,340.0,0.7900713155297089,40,14,14
0,1772829444.0978255,765.2,194,0.3639,0.6569,0.068,0.3742,69.0505,65.6889,37.4206,0.0,0.0,0.0,5.26,3.21,2.05,None,0.26717209815979004,16.97,True,None,sfc_unique_p4_39,0,None,114.96999999999997,38.97,627.0,88,68,6,6,0,False,86.43410852713178,9.40264705882353,3.833529411764706,7.279411764705882,0.2316,0.8498,0.1305,0.2182,3262.124721613512,2922.124721613512,340.0,0.7900713155297089,40,14,14
0,1772829444.1820946,765.3,195,0.3651,0.6796,0.0874,0.3742,70.5268,67.9569,37.4206,0.0,0.0,0.0,2.92,1.25,1.67,None,0.48518896102905273,17.551,True,None,sfc_cache_p5_39,0,None,118.97,43.3,660.0,92,70,6,6,0,False,86.46034816247582,9.329285714285714,3.8525714285714288,7.071428571428571,0.229,0.8574,0.1283,0.2196,3299.2968373850645,2949.2968373850645,350.0,0.7911878393970924,43,13,14
0,1772829444.1845849,765.3,195,0.3651,0.6796,0.0874,0.3742,70.5268,67.9569,37.4206,0.0,0.0,0.0,5.26,3.21,2.05,None,0.48518896102905273,17.194,True,None,sfc_unique_p5_39,0,None,118.97,43.3,660.0,92,70,6,6,0,False,86.48648648648648,9.329285714285714,3.8525714285714288,7.071428571428571,0.229,0.8574,0.1283,0.2196,3299.2968373850645,2949.2968373850645,350.0,0.7911878393970924,43,13,14
0,1772829444.2683952,765.4,196,0.3655,0.7065,0.1078,0.3742,71.8228,70.6456,37.4206,0.0,0.0,0.0,2.51,0.84,1.67,None,0.5715770721435547,17.16,True,None,sfc_cache_p6_39,0,None,122.97,47.63,693.0,96,72,6,6,0,False,86.51252408477842,9.236805555555556,3.8937500000000003,6.875,0.2263,0.858,0.1262,0.2173,3321.2089314881446,2961.2089314881446,360.0,0.7919752461975966,44,14,14
0,1772829444.270933,765.4,196,0.3655,0.7065,0.1078,0.3742,71.8228,70.6456,37.4206,0.0,0.0,0.0,5.26,3.21,2.05,None,0.5715770721435547,17.564,True,None,sfc_unique_p6_39,0,None,122.97,47.63,693.0,96,72,6,6,0,False,86.53846153846155,9.236805555555556,3.8937500000000003,6.875,0.2263,0.858,0.1262,0.2173,3321.2089314881446,2961.2089314881446,360.0,0.7919752461975966,44,14,14
0,1772829456.7326264,777.9,196,0.3714,0.74,0.124,0.3992,73.731,74.0046,39.9153,0.0,0.0,0.0,2.69,2.01,0.68,None,0.0012583732604980469,16.645,True,None,sfc_cache_p1_40,0,None,122.97,47.63,693.0,96,74,6,7,0,False,86.56429942418427,9.225945945945947,3.9686486486486485,7.135135135135135,0.2228,0.8815,0.1251,0.219,3360.1131258852965,2990.1131258852965,370.0,0.7918403121367514,45,16,13
0,1772829456.7351723,777.9,196,0.3714,0.74,0.124,0.3992,73.731,74.0046,39.9153,0.0,0.0,0.0,2.81,1.68,1.14,None,0.0012583732604980469,15.689,True,None,sfc_unique_p1_40,0,None,122.97,47.63,693.0,96,74,6,7,0,False,86.59003831417624,9.225945945945947,3.9686486486486485,7.135135135135135,0.2228,0.8815,0.1251,0.219,3360.1131258852965,2990.1131258852965,370.0,0.7918403121367514,45,16,13
0,1772829456.817632,777.9,197,0.376,0.7728,0.1394,0.4241,75.675,77.2805,42.41,0.0,0.0,0.0,1.6,0.9,0.7,None,0.08620595932006836,15.679,True,None,sfc_cache_p2_40,0,None,122.97,47.63,693.0,98,76,6,7,0,False,86.61567877629062,9.22,4.035263157894737,7.381578947368421,0.2192,0.9066,0.1388,0.2254,3403.7762585273026,3023.7762585273026,380.0,0.7939772744234483,45,16,15
0,1772829456.8202562,777.9,197,0.376,0.7728,0.1394,0.4241,75.675,77.2805,42.41,0.0,0.0,0.0,2.81,1.68,1.14,None,0.08620595932006836,16.378,True,None,sfc_unique_p2_40,0,None,122.97,47.63,693.0,98,76,6,7,0,False,86.64122137404581,9.22,4.035263157894737,7.381578947368421,0.2192,0.9066,0.1388,0.2254,3403.7762585273026,3023.7762585273026,380.0,0.7939772744234483,45,16,15
0,1772829457.0509968,778.2,198,0.3804,0.8064,0.1544,0.449,77.5833,80.6396,44.9047,0.0,0.0,0.0,2.15,1.43,0.72,None,0.171309232711792,15.611,True,None,sfc_cache_p3_40,0,None,122.97,47.63,693.0,99,78,6,7,0,False,86.66666666666667,9.210128205128205,4.102692307692307,7.615384615384615,0.2148,0.9172,0.1378,0.2302,3437.4080492717694,3047.4080492717694,390.0,0.7958788368216969,45,33,0
0,1772829457.0537744,778.2,198,0.3804,0.8064,0.1544,0.449,77.5833,80.6396,44.9047,0.0,0.0,0.0,2.81,1.68,1.14,None,0.171309232711792,15.664,True,None,sfc_unique_p3_40,0,None,122.97,47.63,693.0,99,78,6,7,0,False,86.69201520912547,9.210128205128205,4.102692307692307,7.615384615384615,0.2148,0.9172,0.1378,0.2302,3437.4080492717694,3047.4080492717694,390.0,0.7958788368216969,45,33,0
0,1772829457.1378672,778.3,199,0.3861,0.8392,0.1701,0.474,79.5272,83.9154,47.3995,0.0,0.0,0.0,1.74,1.02,0.72,None,0.4048933982849121,15.462,True,None,sfc_cache_p4_40,0,None,122.97,47.63,693.0,101,80,6,7,0,False,86.71726755218216,9.204875,4.162625,7.8375,0.2103,0.9212,0.1508,0.2331,3447.4080492717694,3047.4080492717694,400.0,0.7974186846544477,45,35,0
0,1772829457.14058,778.3,199,0.3861,0.8392,0.1701,0.474,79.5272,83.9154,47.3995,0.0,0.0,0.0,2.81,1.68,1.14,None,0.4048933982849121,14.753,True,None,sfc_unique_p4_40,0,None,122.97,47.63,693.0,101,80,6,7,0,False,86.74242424242425,9.204875,4.162625,7.8375,0.2103,0.9212,0.1508,0.2331,3447.4080492717694,3047.4080492717694,400.0,0.7974186846544477,45,35,0
0,1772829457.222534,778.3,200,0.389,0.8727,0.1846,0.4989,81.4355,87.2745,49.8942,0.0,0.0,0.0,4.72,3.26,1.46,None,0.49162793159484863,14.874,True,None,sfc_cache_p5_40,0,None,122.97,47.63,693.0,102,82,6,7,0,False,86.76748582230623,9.195853658536585,4.223658536585366,8.048780487804878,0.2073,0.9417,0.1622,0.2361,3473.0930492717694,3063.0930492717694,410.0,0.7955456197084574,46,36,0
0,1772829457.2252712,778.3,200,0.389,0.8727,0.1846,0.4989,81.4355,87.2745,49.8942,0.0,0.0,0.0,2.81,1.68,1.14,None,0.49162793159484863,15.056,True,None,sfc_unique_p5_40,0,None,122.97,47.63,693.0,102,82,6,7,0,False,86.79245283018868,9.195853658536585,4.223658536585366,8.048780487804878,0.2073,0.9417,0.1622,0.2361,3473.0930492717694,3063.0930492717694,410.0,0.7955456197084574,46,36,0
0,1772829457.306353,778.4,201,0.3926,0.8811,0.2019,0.4989,83.5241,88.1136,49.8942,0.0,0.0,0.0,4.72,3.26,1.46,None,0.575385570526123,14.109,True,None,sfc_cache_p6_40,0,None,126.97,51.96,726.0,106,84,6,7,0,False,86.81732580037664,9.207142857142857,4.162738095238096,7.857142857142857,0.2056,0.941,0.1597,0.2312,3491.9559064146265,3071.9559064146265,420.0,0.7917608308432987,51,33,0
0,1772829457.3091877,778.4,201,0.3926,0.8811,0.2019,0.4989,83.5241,88.1136,49.8942,0.0,0.0,0.0,3.92,2.52,1.4,None,0.575385570526123,13.283,True,None,sfc_unique_p6_40,0,None,126.97,51.96,726.0,106,84,6,7,0,False,86.8421052631579,9.207142857142857,4.162738095238096,7.857142857142857,0.2056,0.941,0.1597,0.2312,3491.9559064146265,3071.9559064146265,420.0,0.7917608308432987,51,33,0
0,1772829473.7701118,794.9,201,0.3268,0.7064,0.0136,0.4241,60.9162,70.638,42.41,0.0,0.0,0.0,2.45,1.43,1.02,None,0.00019979476928710938,16.421,True,None,sfc_cache_p1_41,0,None,68.99000000000001,47.63,462.0,72,62,6,6,0,False,86.86679174484053,9.097741935483871,4.521290322580645,9.048387096774194,0.2546,0.8755,0.1844,0.1487,3247.1821121103394,2937.1821121103394,310.0,0.7759308958756134,41,11,10
0,1772829473.7723818,794.9,201,0.3268,0.7064,0.0136,0.4241,60.9162,70.638,42.41,0.0,0.0,0.0,3.13,1.77,1.36,None,0.00019979476928710938,18.874,True,None,sfc_unique_p1_41,0,None,68.99000000000001,47.63,462.0,72,62,6,6,0,False,86.89138576779027,9.097741935483871,4.521290322580645,9.048387096774194,0.2546,0.8755,0.1844,0.1487,3247.1821121103394,2937.1821121103394,310.0,0.7759308958756134,41,11,10
0,1772829473.974397,795.1,202,0.3288,0.7291,0.0287,0.4241,62.3925,72.906,42.41,0.0,0.0,0.0,2.45,1.43,1.02,None,0.07564377784729004,17.028,True,None,sfc_cache_p2_41,0,None,72.99,51.96,495.0,75,64,6,6,0,False,86.91588785046729,9.02703125,4.520625,8.765625,0.2483,0.8815,0.1811,0.1626,3271.1327389482904,2951.1327389482904,320.0,0.7799815474542124,41,11,12
0,1772829473.976732,795.1,202,0.3288,0.7291,0.0287,0.4241,62.3925,72.906,42.41,0.0,0.0,0.0,3.16,1.77,1.39,None,0.07564377784729004,17.802,True,None,sfc_unique_p2_41,0,None,72.99,51.96,495.0,75,64,6,6,0,False,86.94029850746269,9.02703125,4.520625,8.765625,0.2483,0.8815,0.1811,0.1626,3271.1327389482904,2951.1327389482904,320.0,0.7799815474542124,41,11,12
0,1772829474.0606072,795.2,203,0.3318,0.7517,0.0437,0.4241,63.8688,75.1739,42.41,0.0,0.0,0.0,2.45,1.43,1.02,None,0.2800273895263672,17.11,True,None,sfc_cache_p3_41,0,None,76.99,56.29,528.0,79,66,6,6,0,False,86.96461824953445,8.960606060606061,4.52,8.5,0.2418,0.8818,0.1779,0.1729,3286.356388538137,2956.356388538137,330.0,0.7836472302019376,41,14,11
0,1772829474.0628984,795.2,203,0.3318,0.7517,0.0437,0.4241,63.8688,75.1739,42.41,0.0,0.0,0.0,3.16,1.77,1.39,None,0.2800273895263672,17.901,True,None,sfc_unique_p3_41,0,None,76.99,56.29,528.0,79,66,6,6,0,False,86.98884758364312,8.960606060606061,4.52,8.5,0.2418,0.8818,0.1779,0.1729,3286.356388538137,2956.356388538137,330.0,0.7836472302019376,41,14,11
0,1772829474.1459227,795.3,204,0.3379,0.7601,0.058,0.4241,65.9575,76.013,42.41,0.0,0.0,0.0,2.45,1.43,1.02,None,0.36617517471313477,17.231,True,None,sfc_cache_p4_41,0,None,80.99,60.62,561.0,83,68,6,6,0,False,87.01298701298701,8.981470588235295,4.436029411764705,8.25,0.2376,0.8806,0.1748,0.1835,3309.2789670863494,2969.2789670863494,340.0,0.7841650067196825,45,11,12
0,1772829474.1482685,795.3,204,0.3379,0.7601,0.058,0.4241,65.9575,76.013,42.41,0.0,0.0,0.0,4.82,3.39,1.43,None,0.36617517471313477,16.641,True,None,sfc_unique_p4_41,0,None,80.99,60.62,561.0,83,68,6,6,0,False,87.03703703703704,8.981470588235295,4.436029411764705,8.25,0.2376,0.8806,0.1748,0.1835,3309.2789670863494,2969.2789670863494,340.0,0.7841650067196825,45,11,12
0,1772829474.2303953,795.4,205,0.3398,0.782,0.0745,0.4241,67.4694,78.1978,42.41,0.0,0.0,0.0,2.45,1.43,1.02,None,0.4515254497528076,16.626,True,None,sfc_cache_p5_41,0,None,84.99,64.95,594.0,87,70,6,6,0,False,87.06099815157117,8.924857142857142,4.433142857142857,8.014285714285714,0.2337,0.9001,0.1719,0.192,3347.0115162273487,2997.0115162273487,350.0,0.7879567938889321,45,11,14
0,1772829474.2328548,795.4,205,0.3398,0.782,0.0745,0.4241,67.4694,78.1978,42.41,0.0,0.0,0.0,3.39,1.94,1.45,None,0.4515254497528076,16.205,True,None,sfc_unique_p5_41,0,None,84.99,64.95,594.0,87,70,6,6,0,False,87.08487084870849,8.924857142857142,4.433142857142857,8.014285714285714,0.2337,0.9001,0.1719,0.192,3347.0115162273487,2997.0115162273487,350.0,0.7879567938889321,45,11,14
0,1772829474.436923,795.6,206,0.3416,0.8038,0.091,0.4241,68.9814,80.3825,42.41,0.0,0.0,0.0,2.45,1.43,1.02,None,0.5361764430999756,16.459,True,None,sfc_cache_p6_41,0,None,88.99,69.28,627.0,91,72,6,6,0,False,87.10865561694291,8.87138888888889,4.430416666666667,7.791666666666667,0.2296,0.9141,0.169,0.1963,3387.7126460834083,3027.7126460834083,360.0,0.7913115499667985,45,11,16
0,1772829474.439366,795.6,206,0.3416,0.8038,0.091,0.4241,68.9814,80.3825,42.41,0.0,0.0,0.0,3.39,1.94,1.45,None,0.5361764430999756,16.25,True,None,sfc_unique_p6_41,0,None,88.99,69.28,627.0,91,72,6,6,0,False,87.13235294117648,8.87138888888889,4.430416666666667,7.791666666666667,0.2296,0.9141,0.169,0.1963,3387.7126460834083,3027.7126460834083,360.0,0.7913115499667985,45,11,16
0,1772829494.7987828,815.9,206,0.3464,0.8374,0.1058,0.449,70.8897,83.7416,44.9047,0.0,0.0,0.0,2.14,1.43,0.71,None,0.0003819465637207031,10.6,True,None,sfc_cache_p1_42,0,None,88.99,69.28,627.0,92,74,6,7,0,False,87.1559633027523,8.870405405405405,4.490810810810811,8.027027027027026,0.2251,0.9251,0.1666,0.1976,3416.479477843198,3046.479477843198,370.0,0.7937782692255628,45,17,12
0,1772829494.800229,815.9,206,0.3464,0.8374,0.1058,0.449,70.8897,83.7416,44.9047,0.0,0.0,0.0,3.06,1.92,1.14,None,0.0003819465637207031,9.491,True,None,sfc_unique_p1_42,0,None,88.99,69.28,627.0,92,74,6,7,0,False,87.17948717948718,8.870405405405405,4.490810810810811,8.027027027027026,0.2251,0.9251,0.1666,0.1976,3416.479477843198,3046.479477843198,370.0,0.7937782692255628,45,17,12
0,1772829494.8538096,816.0,207,0.35,0.871,0.1202,0.474,72.798,87.1006,47.3995,0.0,0.0,0.0,2.14,1.36,0.78,None,0.05637669563293457,9.668,True,None,sfc_cache_p2_42,0,None,88.99,69.28,627.0,93,76,6,7,0,False,87.20292504570384,8.869473684210528,4.548026315789474,8.25,0.22,0.9254,0.1692,0.1984,3426.479477843198,3046.479477843198,380.0,0.7956871845436664,45,31,0
0,1772829494.8553565,816.0,207,0.35,0.871,0.1202,0.474,72.798,87.1006,47.3995,0.0,0.0,0.0,3.06,1.92,1.14,None,0.05637669563293457,9.825,True,None,sfc_unique_p2_42,0,None,88.99,69.28,627.0,93,76,6,7,0,False,87.22627737226277,8.869473684210528,4.548026315789474,8.25,0.22,0.9254,0.1692,0.1984,3426.479477843198,3046.479477843198,380.0,0.7956871845436664,45,31,0
0,1772829494.9077084,816.0,208,0.3574,0.8752,0.1327,0.474,75.5335,87.5214,47.3995,0.0,0.0,0.0,2.12,1.34,0.78,None,0.11158347129821777,9.531,True,None,sfc_cache_p3_42,0,None,92.99,69.28,660.0,96,78,6,7,0,False,87.24954462659382,8.966794871794871,4.452820512820513,8.038461538461538,0.2145,0.925,0.1665,0.1997,3436.479477843198,3046.479477843198,390.0,0.7974872284194501,45,33,0
0,1772829494.9095333,816.0,208,0.3574,0.8752,0.1327,0.474,75.5335,87.5214,47.3995,0.0,0.0,0.0,3.9,2.56,1.34,None,0.11158347129821777,10.984,True,None,sfc_unique_p3_42,0,None,92.99,69.28,660.0,96,78,6,7,0,False,87.27272727272727,8.966794871794871,4.452820512820513,8.038461538461538,0.2145,0.925,0.1665,0.1997,3436.479477843198,3046.479477843198,390.0,0.7974872284194501,45,33,0
0,1772829494.9607854,816.1,209,0.3634,0.8794,0.1484,0.474,77.8014,87.9422,47.3995,0.0,0.0,0.0,2.16,1.36,0.81,None,0.1660149097442627,8.893,True,None,sfc_cache_p4_42,0,None,101.32,69.28,693.0,100,80,6,7,0,False,87.29582577132487,9.005125,4.362375,7.8375,0.2099,0.9245,0.1639,0.1966,3446.479477843198,3046.479477843198,400.0,0.7994595794146473,46,34,0
0,1772829494.9622164,816.1,209,0.3634,0.8794,0.1484,0.474,77.8014,87.9422,47.3995,0.0,0.0,0.0,4.0,2.7,1.3,None,0.1660149097442627,8.431,True,None,sfc_unique_p4_42,0,None,101.32,69.28,693.0,100,80,6,7,0,False,87.31884057971014,9.005125,4.362375,7.8375,0.2099,0.9245,0.1639,0.1966,3446.479477843198,3046.479477843198,400.0,0.7994595794146473,46,34,0
0,1772829495.0102992,816.1,210,0.3732,0.8794,0.1703,0.4989,81.1493,87.9422,49.8942,0.0,0.0,0.0,4.69,3.38,1.3,None,0.21831274032592773,8.385,True,None,sfc_cache_p5_42,0,None,101.32,69.28,693.0,101,82,6,7,0,False,87.34177215189874,9.163536585365854,4.2559756097560975,8.048780487804878,0.2053,0.9245,0.1755,0.1993,3456.479477843198,3046.479477843198,410.0,0.794825256601347,48,34,0
0,1772829495.0117662,816.1,210,0.3732,0.8794,0.1703,0.4989,81.1493,87.9422,49.8942,0.0,0.0,0.0,5.68,4.3,1.38,None,0.21831274032592773,8.041,True,None,sfc_unique_p5_42,0,None,101.32,69.28,693.0,101,82,6,7,0,False,87.36462093862815,9.163536585365854,4.2559756097560975,8.048780487804878,0.2053,0.9245,0.1755,0.1993,3456.479477843198,3046.479477843198,410.0,0.794825256601347,48,34,0
0,1772829495.1321049,816.3,211,0.383,0.8794,0.1916,0.4989,84.0652,87.9422,49.8942,0.0,0.0,0.0,4.76,3.46,1.3,None,0.2677133083343506,8.07,True,None,sfc_cache_p6_42,0,None,105.32,69.28,726.0,104,84,6,7,0,False,87.38738738738738,9.266785714285714,4.154642857142857,7.857142857142857,0.2023,0.9245,0.1728,0.2032,3472.4680492717694,3052.4680492717694,420.0,0.7910880599737917,51,33,0
0,1772829495.1335766,816.3,211,0.383,0.8794,0.1916,0.4989,84.0652,87.9422,49.8942,0.0,0.0,0.0,6.64,4.97,1.67,None,0.2677133083343506,6.492,True,None,sfc_unique_p6_42,0,None,105.32,69.28,726.0,104,84,6,7,0,False,87.41007194244604,9.266785714285714,4.154642857142857,7.857142857142857,0.2023,0.9245,0.1728,0.2032,3472.4680492717694,3052.4680492717694,420.0,0.7910880599737917,51,33,0
0,1772829521.8783698,843.0,211,0.3489,0.8467,0.0137,0.474,71.8606,84.6664,47.3995,0.0,0.0,0.0,2.74,2.14,0.59,None,0.0001709461212158203,15.936,True,None,sfc_cache_p1_43,0,None,76.33,69.28,594.0,87,74,6,7,0,False,87.4326750448833,8.99189189189189,4.540405405405406,8.472972972972974,0.2059,0.8413,0.1816,0.1674,3382.4680492717694,3012.4680492717694,370.0,0.8098131298701948,39,35,0
0,1772829521.8810945,843.0,211,0.3489,0.8467,0.0137,0.474,71.8606,84.6664,47.3995,0.0,0.0,0.0,3.86,2.71,1.15,None,0.0001709461212158203,16.236,True,None,sfc_unique_p1_43,0,None,76.33,69.28,594.0,87,74,6,7,0,False,87.45519713261649,8.99189189189189,4.540405405405406,8.472972972972974,0.2059,0.8413,0.1816,0.1674,3382.4680492717694,3012.4680492717694,370.0,0.8098131298701948,39,35,0
0,1772829521.9647777,843.1,212,0.3616,0.8467,0.027,0.4989,75.2084,84.6664,49.8942,0.0,0.0,0.0,2.43,1.64,0.79,None,0.08681893348693848,14.73,True,None,sfc_cache_p2_43,0,None,76.33,69.28,594.0,89,76,6,7,0,False,87.47763864042933,9.163157894736841,4.420921052631579,8.68421052631579,0.2009,0.8413,0.184,0.1763,3392.4680492717694,3012.4680492717694,380.0,0.8110289695226132,39,37,0
0,1772829521.9673758,843.1,212,0.3616,0.8467,0.027,0.4989,75.2084,84.6664,49.8942,0.0,0.0,0.0,3.86,2.71,1.15,None,0.08681893348693848,16.6,True,None,sfc_unique_p2_43,0,None,76.33,69.28,594.0,89,76,6,7,0,False,87.5,9.163157894736841,4.420921052631579,8.68421052631579,0.2009,0.8413,0.184,0.1763,3392.4680492717694,3012.4680492717694,380.0,0.8110289695226132,39,37,0
0,1772829522.0541794,843.2,213,0.3698,0.8467,0.0404,0.4989,77.6567,84.6664,49.8942,0.0,0.0,0.0,2.43,1.64,0.79,None,0.17316746711730957,15.066,True,None,sfc_cache_p3_43,0,None,84.66,69.28,627.0,93,78,6,7,0,False,87.5222816399287,9.218846153846155,4.307564102564102,8.461538461538462,0.1959,0.8413,0.181,0.182,3402.4680492717694,3012.4680492717694,390.0,0.8125758844306997,40,38,0
0,1772829522.0568895,843.2,213,0.3698,0.8467,0.0404,0.4989,77.6567,84.6664,49.8942,0.0,0.0,0.0,3.86,2.71,1.15,None,0.17316746711730957,16.75,True,None,sfc_unique_p3_43,0,None,84.66,69.28,627.0,93,78,6,7,0,False,87.54448398576513,9.218846153846155,4.307564102564102,8.461538461538462,0.1959,0.8413,0.181,0.182,3402.4680492717694,3012.4680492717694,390.0,0.8125758844306997,40,38,0
0,1772829522.2661886,843.4,214,0.3774,0.8576,0.0577,0.5239,80.537,85.7575,52.3889,0.0,0.0,0.0,4.72,3.26,1.46,None,0.26271605491638184,14.713,True,None,sfc_cache_p4_43,0,None,84.66,69.28,627.0,94,80,6,7,0,False,87.56660746003553,9.32175,4.254,8.6625,0.1927,0.8617,0.1775,0.1887,3426.721620700341,3026.721620700341,400.0,0.8107522355625048,41,39,0
0,1772829522.2688842,843.4,214,0.3774,0.8576,0.0577,0.5239,80.537,85.7575,52.3889,0.0,0.0,0.0,3.93,2.63,1.31,None,0.26271605491638184,15.792,True,None,sfc_unique_p4_43,0,None,84.66,69.28,627.0,94,80,6,7,0,False,87.58865248226951,9.32175,4.254,8.6625,0.1927,0.8617,0.1775,0.1887,3426.721620700341,3026.721620700341,400.0,0.8107522355625048,41,39,0
0,1772829522.3517597,843.5,215,0.386,0.8685,0.0741,0.5488,83.4172,86.8486,54.8836,0.0,0.0,0.0,5.31,3.27,2.04,None,0.47474193572998047,13.985,True,None,sfc_cache_p5_43,0,None,84.66,69.28,627.0,94,82,6,7,0,False,87.61061946902655,9.419634146341464,4.203048780487805,8.853658536585366,0.19,0.8679,0.1753,0.1913,3438.6302726991016,3028.6302726991016,410.0,0.8053265614200319,43,39,0
0,1772829522.3545406,843.5,215,0.386,0.8685,0.0741,0.5488,83.4172,86.8486,54.8836,0.0,0.0,0.0,4.67,3.26,1.4,None,0.47474193572998047,14.648,True,None,sfc_unique_p5_43,0,None,84.66,69.28,627.0,94,82,6,7,0,False,87.63250883392226,9.419634146341464,4.203048780487805,8.853658536585366,0.19,0.8679,0.1753,0.1913,3438.6302726991016,3028.6302726991016,410.0,0.8053265614200319,43,39,0
0,1772829522.4370635,843.6,216,0.386,0.8685,0.0741,0.5488,83.4172,86.8486,54.8836,0.0,0.0,0.0,None,None,None,None,0.5604531764984131,13.831,False,None,sfc_cache_p6_43,0,None,84.66,69.28,627.0,94,82,6,7,0,False,87.47795414462081,9.419634146341464,4.203048780487805,8.853658536585366,0.19,0.8679,0.1753,0.1913,3438.6302726991016,3028.6302726991016,410.0,0.8053265614200319,43,39,0
0,1772829522.439823,843.6,216,0.386,0.8685,0.0741,0.5488,83.4172,86.8486,54.8836,0.0,0.0,0.0,5.97,4.33,1.63,None,0.5604531764984131,13.667,False,None,sfc_unique_p6_43,0,None,84.66,69.28,627.0,94,82,6,7,0,False,87.32394366197182,9.419634146341464,4.203048780487805,8.853658536585366,0.19,0.8679,0.1753,0.1913,3438.6302726991016,3028.6302726991016,410.0,0.8053265614200319,43,39,0
0,1772829539.9394417,861.1,216,0.3655,0.7492,0.0144,0.474,74.0561,74.9219,47.3995,0.0,0.0,0.0,1.68,0.95,0.73,None,0.0002231597900390625,17.664,True,None,sfc_cache_p1_44,0,None,76.66,56.290000000000006,561.0,81,72,6,7,0,False,87.34622144112478,9.524027777777778,4.129444444444444,8.708333333333334,0.2071,0.792,0.1876,0.1797,3323.4517012705305,2963.4517012705305,360.0,0.8312651763827528,25,47,0
0,1772829539.9421196,861.1,216,0.3655,0.7492,0.0144,0.474,74.0561,74.9219,47.3995,0.0,0.0,0.0,4.64,3.46,1.18,None,0.0002231597900390625,18.533,True,None,sfc_unique_p1_44,0,None,76.66,56.290000000000006,561.0,81,72,6,7,0,False,87.36842105263159,9.524027777777778,4.129444444444444,8.708333333333334,0.2071,0.792,0.1876,0.1797,3323.4517012705305,2963.4517012705305,360.0,0.8312651763827528,25,47,0
0,1772829540.032187,861.2,217,0.3679,0.7761,0.0277,0.4989,75.7841,77.6106,49.8942,0.0,0.0,0.0,2.04,1.31,0.73,None,0.09655165672302246,16.877,True,None,sfc_cache_p2_44,0,None,80.99,56.29,561.0,84,74,6,7,0,False,87.39054290718039,9.482837837837838,4.162027027027027,8.91891891891892,0.2039,0.8189,0.1852,0.1915,3359.3831298419586,2989.3831298419586,370.0,0.8291957612154424,26,48,0
0,1772829540.0347161,861.2,217,0.3679,0.7761,0.0277,0.4989,75.7841,77.6106,49.8942,0.0,0.0,0.0,4.64,3.46,1.18,None,0.09655165672302246,17.859,True,None,sfc_unique_p2_44,0,None,80.99,56.29,561.0,84,74,6,7,0,False,87.41258741258741,9.482837837837838,4.162027027027027,8.91891891891892,0.2039,0.8189,0.1852,0.1915,3359.3831298419586,2989.3831298419586,370.0,0.8291957612154424,26,48,0
0,1772829540.2573016,861.4,218,0.3723,0.8097,0.0441,0.5239,77.6923,80.9697,52.3889,0.0,0.0,0.0,2.0,1.25,0.75,None,0.1890878677368164,16.519,True,None,sfc_cache_p3_44,0,None,80.99,56.29,561.0,85,76,6,7,0,False,87.43455497382199,9.465789473684211,4.227894736842106,9.118421052631579,0.1997,0.826,0.1832,0.2019,3374.51170127053,2994.51170127053,380.0,0.8253270793305284,34,42,0
0,1772829540.2599585,861.4,218,0.3723,0.8097,0.0441,0.5239,77.6923,80.9697,52.3889,0.0,0.0,0.0,4.55,3.31,1.24,None,0.1890878677368164,17.08,True,None,sfc_unique_p3_44,0,None,80.99,56.29,561.0,85,76,6,7,0,False,87.45644599303137,9.465789473684211,4.227894736842106,9.118421052631579,0.1997,0.826,0.1832,0.2019,3374.51170127053,2994.51170127053,380.0,0.8253270793305284,34,42,0
0,1772829540.3462672,861.5,219,0.378,0.8425,0.0581,0.5488,79.6363,84.2455,54.8836,0.0,0.0,0.0,3.87,2.88,0.99,None,0.4143683910369873,14.918,True,None,sfc_cache_p4_44,0,None,80.99,56.29,561.0,87,78,6,7,0,False,87.47826086956522,9.453846153846154,4.286153846153846,9.307692307692308,0.1979,0.8641,0.1808,0.2137,3418.6302726991016,3028.6302726991016,390.0,0.8191270496707963,36,42,0
0,1772829540.3489337,861.5,219,0.378,0.8425,0.0581,0.5488,79.6363,84.2455,54.8836,0.0,0.0,0.0,5.55,4.13,1.42,None,0.4143683910369873,15.589,True,None,sfc_unique_p4_44,0,None,80.99,56.29,561.0,87,78,6,7,0,False,87.5,9.453846153846154,4.286153846153846,9.307692307692308,0.1979,0.8641,0.1808,0.2137,3418.6302726991016,3028.6302726991016,390.0,0.8191270496707963,36,42,0
0,1772829540.4367387,861.6,220,0.3833,0.8643,0.079,0.5738,82.0478,86.4303,57.3783,0.0,0.0,0.0,4.83,3.42,1.41,None,0.5033547878265381,14.696,True,None,sfc_cache_p5_44,0,None,80.99,56.29,561.0,88,80,6,7,0,False,87.52166377816292,9.496625,4.287375,9.4875,0.1941,0.8681,0.1794,0.2286,3428.6302726991016,3028.6302726991016,400.0,0.8135004239437906,39,41,0
0,1772829540.4394662,861.6,220,0.3833,0.8643,0.079,0.5738,82.0478,86.4303,57.3783,0.0,0.0,0.0,5.55,4.13,1.42,None,0.5033547878265381,15.263,True,None,sfc_unique_p5_44,0,None,80.99,56.29,561.0,88,80,6,7,0,False,87.5432525951557,9.496625,4.287375,9.4875,0.1941,0.8681,0.1794,0.2286,3428.6302726991016,3028.6302726991016,400.0,0.8135004239437906,39,41,0
0,1772829540.523828,861.6,221,0.3833,0.8643,0.079,0.5738,82.0478,86.4303,57.3783,0.0,0.0,0.0,None,None,None,None,0.5939011573791504,14.089,False,None,sfc_cache_p6_44,0,None,80.99,56.29,561.0,88,80,6,7,0,False,87.39205526770294,9.496625,4.287375,9.4875,0.1941,0.8681,0.1794,0.2286,3428.6302726991016,3028.6302726991016,400.0,0.8135004239437906,39,41,0
0,1772829540.5265102,861.6,221,0.3833,0.8643,0.079,0.5738,82.0478,86.4303,57.3783,0.0,0.0,0.0,6.7,5.07,1.62,None,0.5939011573791504,14.067,False,None,sfc_unique_p6_44,0,None,80.99,56.29,561.0,88,80,6,7,0,False,87.24137931034483,9.496625,4.287375,9.4875,0.1941,0.8681,0.1794,0.2286,3428.6302726991016,3028.6302726991016,400.0,0.8135004239437906,39,41,0
0,1772829564.1000896,885.2,221,0.3741,0.7542,0.0203,0.5738,74.5237,75.4233,57.3783,0.0,0.0,0.0,5.44,3.21,2.22,None,0.00018548965454101562,15.069,True,None,sfc_cache_p1_45,0,None,60.989999999999995,34.64000000000001,396.0,68,70,6,7,0,False,87.263339070568,9.857999999999999,4.275857142857143,10.842857142857143,0.1596,0.6496,0.1946,0.2108,3233.81511775643,2883.81511775643,350.0,0.8589782602075089,29,41,0
0,1772829564.1025949,885.2,221,0.3741,0.7542,0.0203,0.5738,74.5237,75.4233,57.3783,0.0,0.0,0.0,6.7,5.07,1.63,None,0.00018548965454101562,17.74,True,None,sfc_unique_p1_45,0,None,60.989999999999995,34.64000000000001,396.0,68,70,6,7,0,False,87.2852233676976,9.857999999999999,4.275857142857143,10.842857142857143,0.1596,0.6496,0.1946,0.2108,3233.81511775643,2883.81511775643,350.0,0.8589782602075089,29,41,0
0,1772829564.1905463,885.3,222,0.3741,0.7542,0.0203,0.5738,74.5237,75.4233,57.3783,0.0,0.0,0.0,None,None,None,None,0.21583008766174316,15.058,False,None,sfc_cache_p2_45,0,None,60.989999999999995,34.64000000000001,396.0,68,70,6,7,0,False,87.13550600343054,9.857999999999999,4.275857142857143,10.842857142857143,0.1596,0.6496,0.1946,0.2108,3233.81511775643,2883.81511775643,350.0,0.8589782602075089,29,41,0
0,1772829564.1930332,885.3,222,0.3741,0.7542,0.0203,0.5738,74.5237,75.4233,57.3783,0.0,0.0,0.0,6.23,4.58,1.66,None,0.21583008766174316,16.485,False,None,sfc_unique_p2_45,0,None,60.989999999999995,34.64000000000001,396.0,68,70,6,7,0,False,86.98630136986301,9.857999999999999,4.275857142857143,10.842857142857143,0.1596,0.6496,0.1946,0.2108,3233.81511775643,2883.81511775643,350.0,0.8589782602075089,29,41,0
0,1772829564.2803023,885.4,223,0.3741,0.7542,0.0203,0.5738,74.5237,75.4233,57.3783,0.0,0.0,0.0,None,None,None,None,0.30629563331604004,15.133,False,None,sfc_cache_p3_45,0,None,60.989999999999995,34.64000000000001,396.0,68,70,6,7,0,False,86.83760683760684,9.857999999999999,4.275857142857143,10.842857142857143,0.1596,0.6496,0.1946,0.2108,3233.81511775643,2883.81511775643,350.0,0.8589782602075089,29,41,0
0,1772829564.2828035,885.4,223,0.3741,0.7542,0.0203,0.5738,74.5237,75.4233,57.3783,0.0,0.0,0.0,6.23,4.58,1.66,None,0.30629563331604004,16.039,False,None,sfc_unique_p3_45,0,None,60.989999999999995,34.64000000000001,396.0,68,70,6,7,0,False,86.68941979522185,9.857999999999999,4.275857142857143,10.842857142857143,0.1596,0.6496,0.1946,0.2108,3233.81511775643,2883.81511775643,350.0,0.8589782602075089,29,41,0
0,1772829564.370619,885.5,224,0.3741,0.7542,0.0203,0.5738,74.5237,75.4233,57.3783,0.0,0.0,0.0,None,None,None,None,0.39602017402648926,15.226,False,None,sfc_cache_p4_45,0,None,60.989999999999995,34.64000000000001,396.0,68,70,6,7,0,False,86.54173764906304,9.857999999999999,4.275857142857143,10.842857142857143,0.1596,0.6496,0.1946,0.2108,3233.81511775643,2883.81511775643,350.0,0.8589782602075089,29,41,0
0,1772829564.3731647,885.5,224,0.3741,0.7542,0.0203,0.5738,74.5237,75.4233,57.3783,0.0,0.0,0.0,6.23,4.58,1.66,None,0.39602017402648926,16.35,False,None,sfc_unique_p4_45,0,None,60.989999999999995,34.64000000000001,396.0,68,70,6,7,0,False,86.39455782312925,9.857999999999999,4.275857142857143,10.842857142857143,0.1596,0.6496,0.1946,0.2108,3233.81511775643,2883.81511775643,350.0,0.8589782602075089,29,41,0
0,1772829564.4617648,885.6,225,0.3741,0.7542,0.0203,0.5738,74.5237,75.4233,57.3783,0.0,0.0,0.0,None,None,None,None,0.486417293548584,15.278,False,None,sfc_cache_p5_45,0,None,60.989999999999995,34.64000000000001,396.0,68,70,6,7,0,False,86.24787775891342,9.857999999999999,4.275857142857143,10.842857142857143,0.1596,0.6496,0.1946,0.2108,3233.81511775643,2883.81511775643,350.0,0.8589782602075089,29,41,0
0,1772829564.4642012,885.6,225,0.3741,0.7542,0.0203,0.5738,74.5237,75.4233,57.3783,0.0,0.0,0.0,6.23,4.58,1.66,None,0.486417293548584,16.303,False,None,sfc_unique_p5_45,0,None,60.989999999999995,34.64000000000001,396.0,68,70,6,7,0,False,86.10169491525423,9.857999999999999,4.275857142857143,10.842857142857143,0.1596,0.6496,0.1946,0.2108,3233.81511775643,2883.81511775643,350.0,0.8589782602075089,29,41,0
0,1772829564.693572,885.8,226,0.3741,0.7542,0.0203,0.5738,74.5237,75.4233,57.3783,0.0,0.0,0.0,None,None,None,None,0.5773224830627441,15.206,False,None,sfc_cache_p6_45,0,None,60.989999999999995,34.64000000000001,396.0,68,70,6,7,0,False,85.95600676818951,9.857999999999999,4.275857142857143,10.842857142857143,0.1596,0.6496,0.1946,0.2108,3233.81511775643,2883.81511775643,350.0,0.8589782602075089,29,41,0
0,1772829564.696148,885.8,226,0.3741,0.7542,0.0203,0.5738,74.5237,75.4233,57.3783,0.0,0.0,0.0,6.23,4.58,1.66,None,0.5773224830627441,16.449,False,None,sfc_unique_p6_45,0,None,60.989999999999995,34.64000000000001,396.0,68,70,6,7,0,False,85.8108108108108,9.857999999999999,4.275857142857143,10.842857142857143,0.1596,0.6496,0.1946,0.2108,3233.81511775643,2883.81511775643,350.0,0.8589782602075089,29,41,0
0,1772829588.992146,910.1,226,0.3168,0.4536,0.0159,0.3742,53.282,45.3558,37.4206,0.0,0.0,0.0,6.35,4.79,1.55,None,0.00018787384033203125,13.152,True,None,sfc_cache_p1_46,0,None,48.989999999999995,21.650000000000013,297.0,46,48,6,6,0,False,85.83473861720068,10.278541666666667,3.749791666666667,10.3125,0.1878,0.5924,0.1645,0.1492,2955.790450079083,2715.790450079083,240.0,0.8824667057234147,18,3,27
0,1772829588.9931958,910.1,226,0.3168,0.4536,0.0159,0.3742,53.282,45.3558,37.4206,0.0,0.0,0.0,7.03,5.2,1.83,None,0.00018787384033203125,15.398,True,None,sfc_unique_p1_46,0,None,48.989999999999995,21.650000000000013,297.0,46,48,6,6,0,False,85.85858585858585,10.278541666666667,3.749791666666667,10.3125,0.1878,0.5924,0.1645,0.1492,2955.790450079083,2715.790450079083,240.0,0.8824667057234147,18,3,27
0,1772829589.0513122,910.2,227,0.3219,0.4863,0.0293,0.3992,55.2259,48.6317,39.9153,0.0,0.0,0.0,4.6,2.83,1.77,None,0.06403541564941406,12.583,True,None,sfc_cache_p2_46,0,None,48.989999999999995,21.65,297.0,47,50,6,6,0,False,85.88235294117646,10.2274,3.8598000000000003,10.56,0.1968,0.6025,0.1625,0.1696,2993.6583475070347,2743.6583475070347,250.0,0.8736294127001218,20,3,27
0,1772829589.0523376,910.2,227,0.3219,0.4863,0.0293,0.3992,55.2259,48.6317,39.9153,0.0,0.0,0.0,8.64,6.81,1.83,None,0.06403541564941406,14.117,True,None,sfc_unique_p2_46,0,None,48.989999999999995,21.65,297.0,47,50,6,6,0,False,85.90604026845638,10.2274,3.8598000000000003,10.56,0.1968,0.6025,0.1625,0.1696,2993.6583475070347,2743.6583475070347,250.0,0.8736294127001218,20,3,27
0,1772829589.1098328,910.2,228,0.3281,0.5082,0.0441,0.4241,57.1699,50.8164,42.41,0.0,0.0,0.0,3.97,2.12,1.85,None,0.1231379508972168,12.159,True,None,sfc_cache_p3_46,0,None,48.989999999999995,25.98,297.0,49,52,6,6,0,False,85.92964824120602,10.180192307692307,3.878076923076923,10.788461538461538,0.2028,0.6297,0.1616,0.1914,3036.1219592207003,2776.1219592207003,260.0,0.866857301529304,21,4,27
0,1772829589.1108959,910.2,228,0.3281,0.5082,0.0441,0.4241,57.1699,50.8164,42.41,0.0,0.0,0.0,9.2,7.22,1.99,None,0.1231379508972168,13.722,True,None,sfc_unique_p3_46,0,None,48.989999999999995,25.98,297.0,49,52,6,6,0,False,85.95317725752508,10.180192307692307,3.878076923076923,10.788461538461538,0.2028,0.6297,0.1616,0.1914,3036.1219592207003,2776.1219592207003,260.0,0.866857301529304,21,4,27
0,1772829589.1685593,910.3,229,0.3343,0.5401,0.0603,0.449,59.1494,54.0092,44.9047,0.0,0.0,0.0,3.63,1.74,1.88,None,0.18169665336608887,11.821,True,None,sfc_cache_p4_46,0,None,48.989999999999995,25.98,297.0,50,54,6,6,0,False,85.97662771285476,10.142592592592594,3.9690740740740744,11.0,0.2049,0.6441,0.1769,0.2063,3069.120546170398,2799.120546170398,270.0,0.8587822051516495,25,2,27
0,1772829589.1696396,910.3,229,0.3343,0.5401,0.0603,0.449,59.1494,54.0092,44.9047,0.0,0.0,0.0,9.2,7.22,1.99,None,0.18169665336608887,13.95,True,None,sfc_unique_p4_46,0,None,48.989999999999995,25.98,297.0,50,54,6,6,0,False,86.0,10.142592592592594,3.9690740740740744,11.0,0.2049,0.6441,0.1769,0.2063,3069.120546170398,2799.120546170398,270.0,0.8587822051516495,25,2,27
0,1772829589.2972713,910.4,230,0.3386,0.5737,0.0776,0.474,61.0577,57.3682,47.3995,0.0,0.0,0.0,3.91,1.98,1.93,None,0.24042057991027832,11.724,True,None,sfc_cache_p5_46,0,None,48.989999999999995,25.98,297.0,51,56,6,6,0,False,86.02329450915141,10.095892857142857,4.065357142857143,11.196428571428571,0.2184,0.7287,0.1799,0.2222,3126.4369004902096,2846.4369004902096,280.0,0.8513459494513261,27,2,27
0,1772829589.298401,910.4,230,0.3386,0.5737,0.0776,0.474,61.0577,57.3682,47.3995,0.0,0.0,0.0,8.75,6.67,2.08,None,0.24042057991027832,13.219,True,None,sfc_unique_p5_46,0,None,48.989999999999995,25.98,297.0,51,56,6,6,0,False,86.04651162790698,10.095892857142857,4.065357142857143,11.196428571428571,0.2184,0.7287,0.1799,0.2222,3126.4369004902096,2846.4369004902096,280.0,0.8513459494513261,27,2,27
0,1772829589.3552225,910.5,231,0.3483,0.5737,0.093,0.474,63.506,57.3682,47.3995,0.0,0.0,0.0,3.91,1.98,1.93,None,0.36922788619995117,11.592,True,None,sfc_cache_p6_46,0,None,52.99,30.31,330.0,55,58,6,6,0,False,86.06965174129353,10.138620689655172,3.925172413793103,10.810344827586206,0.2154,0.7287,0.1765,0.2317,3148.3955122038756,2858.3955122038756,290.0,0.8427359772695285,29,2,27
0,1772829589.356332,910.5,231,0.3483,0.5737,0.093,0.474,63.506,57.3682,47.3995,0.0,0.0,0.0,10.88,8.67,2.2,None,0.36922788619995117,12.753,True,None,sfc_unique_p6_46,0,None,52.99,30.31,330.0,55,58,6,6,0,False,86.09271523178808,10.138620689655172,3.925172413793103,10.810344827586206,0.2154,0.7287,0.1765,0.2317,3148.3955122038756,2858.3955122038756,290.0,0.8427359772695285,29,2,27
0,1772829604.0319843,925.2,231,0.3339,0.4754,0.0137,0.474,55.4765,47.5406,47.3995,0.0,0.0,0.0,1.72,1.02,0.7,None,0.000186920166015625,11.732,True,None,sfc_cache_p1_47,0,None,32.99,8.66,165.0,37,48,6,6,0,False,86.11570247933884,10.701875000000001,3.9304166666666664,13.0625,0.2444,0.6908,0.2078,0.1878,2999.9571899627367,2759.9571899627367,240.0,0.8319757157860957,26,4,18
0,1772829604.0330312,925.2,231,0.3339,0.4754,0.0137,0.474,55.4765,47.5406,47.3995,0.0,0.0,0.0,3.05,1.92,1.13,None,0.000186920166015625,12.798,True,None,sfc_unique_p1_47,0,None,32.99,8.66,165.0,37,48,6,6,0,False,86.13861386138613,10.701875000000001,3.9304166666666664,13.0625,0.2444,0.6908,0.2078,0.1878,2999.9571899627367,2759.9571899627367,240.0,0.8319757157860957,26,4,18
0,1772829604.090004,925.2,232,0.3387,0.5082,0.0281,0.4989,56.9528,50.8164,49.8942,0.0,0.0,0.0,1.73,1.02,0.71,None,0.06282353401184082,11.491,True,None,sfc_cache_p2_47,0,None,37.32,8.66,165.0,39,50,6,6,0,False,86.16144975288303,10.5472,4.0332,13.2,0.2376,0.7124,0.223,0.1864,3048.392803644829,2798.392803644829,250.0,0.8349841894495483,26,4,20
0,1772829604.0910513,925.2,232,0.3387,0.5082,0.0281,0.4989,56.9528,50.8164,49.8942,0.0,0.0,0.0,3.05,1.92,1.13,None,0.06282353401184082,12.827,True,None,sfc_unique_p2_47,0,None,37.32,8.66,165.0,39,50,6,6,0,False,86.18421052631578,10.5472,4.0332,13.2,0.2376,0.7124,0.223,0.1864,3048.392803644829,2798.392803644829,250.0,0.8349841894495483,26,4,20
0,1772829604.2173176,925.3,233,0.3458,0.5418,0.0414,0.5239,58.8611,54.1755,52.3889,0.0,0.0,0.0,2.14,1.43,0.71,None,0.12088346481323242,11.328,True,None,sfc_cache_p3_47,0,None,37.32,8.66,165.0,41,52,6,6,0,False,86.20689655172413,10.481346153846154,4.134423076923077,13.326923076923077,0.2302,0.7252,0.2252,0.1779,3090.6923702753816,2830.6923702753816,260.0,0.8370494218898841,26,4,22
0,1772829604.2184029,925.3,233,0.3458,0.5418,0.0414,0.5239,58.8611,54.1755,52.3889,0.0,0.0,0.0,3.05,1.92,1.13,None,0.12088346481323242,13.037,True,None,sfc_unique_p3_47,0,None,37.32,8.66,165.0,41,52,6,6,0,False,86.22950819672131,10.481346153846154,4.134423076923077,13.326923076923077,0.2302,0.7252,0.2252,0.1779,3090.6923702753816,2830.6923702753816,260.0,0.8370494218898841,26,4,22
0,1772829604.2756696,925.4,234,0.3476,0.5644,0.0548,0.5239,60.3374,56.4434,52.3889,0.0,0.0,0.0,2.14,1.43,0.71,None,0.2481679916381836,11.313,True,None,sfc_cache_p4_47,0,None,41.32,12.99,198.0,45,54,6,6,0,False,86.2520458265139,10.346296296296297,4.147962962962963,12.833333333333334,0.2231,0.7261,0.2208,0.1665,3100.6923702753816,2830.6923702753816,270.0,0.8390759825988755,26,15,13
0,1772829604.27676,925.4,234,0.3476,0.5644,0.0548,0.5239,60.3374,56.4434,52.3889,0.0,0.0,0.0,3.05,1.92,1.13,None,0.2481679916381836,13.02,True,None,sfc_unique_p4_47,0,None,41.32,12.99,198.0,45,54,6,6,0,False,86.27450980392157,10.346296296296297,4.147962962962963,12.833333333333334,0.2231,0.7261,0.2208,0.1665,3100.6923702753816,2830.6923702753816,270.0,0.8390759825988755,26,15,13
0,1772829604.3348632,925.5,235,0.352,0.5871,0.0681,0.5239,61.8137,58.7113,52.3889,0.0,0.0,0.0,2.14,1.43,0.71,None,0.3065037727355957,11.333,True,None,sfc_cache_p5_47,0,None,45.32,17.32,231.0,49,56,6,6,0,False,86.2969004893964,10.220892857142857,4.1605357142857144,12.375,0.2159,0.7208,0.2166,0.1544,3110.6923702753816,2830.6923702753816,280.0,0.8406287246236664,26,17,13
0,1772829604.3360639,925.5,235,0.352,0.5871,0.0681,0.5239,61.8137,58.7113,52.3889,0.0,0.0,0.0,3.05,1.92,1.13,None,0.3065037727355957,12.856,True,None,sfc_unique_p5_47,0,None,45.32,17.32,231.0,49,56,6,6,0,False,86.31921824104235,10.220892857142857,4.1605357142857144,12.375,0.2159,0.7208,0.2166,0.1544,3110.6923702753816,2830.6923702753816,280.0,0.8406287246236664,26,17,13
0,1772829604.3934548,925.5,236,0.3565,0.609,0.0822,0.5239,63.3256,60.8961,52.3889,0.0,0.0,0.0,2.14,1.43,0.71,None,0.3658299446105957,10.818,True,None,sfc_cache_p6_47,0,None,49.32,21.65,264.0,53,58,6,6,0,False,86.34146341463415,10.109827586206897,4.166551724137931,11.948275862068966,0.2088,0.7267,0.2125,0.1419,3131.8814276968337,2841.8814276968337,290.0,0.8418452230567628,26,22,10
0,1772829604.3946676,925.5,236,0.3565,0.609,0.0822,0.5239,63.3256,60.8961,52.3889,0.0,0.0,0.0,3.0,1.86,1.14,None,0.3658299446105957,12.116,True,None,sfc_unique_p6_47,0,None,49.32,21.65,264.0,53,58,6,6,0,False,86.36363636363636,10.109827586206897,4.166551724137931,11.948275862068966,0.2088,0.7267,0.2125,0.1419,3131.8814276968337,2841.8814276968337,290.0,0.8418452230567628,26,22,10
0,1772829627.0798914,948.2,236,0.3096,0.5661,0.0134,0.474,50.1858,56.6122,47.3995,0.0,0.0,0.0,2.17,1.43,0.74,None,0.00016498565673828125,11.994,True,None,sfc_cache_p1_48,0,None,32.99,21.65,165.0,40,48,6,6,0,False,86.38573743922204,9.68125,4.680416666666667,13.0625,0.2485,0.7279,0.2268,0.1848,3031.6809045580007,2791.6809045580007,240.0,0.8447989190516022,23,3,22
0,1772829627.0818608,948.2,236,0.3096,0.5661,0.0134,0.474,50.1858,56.6122,47.3995,0.0,0.0,0.0,2.83,1.72,1.11,None,0.00016498565673828125,21.521,True,None,sfc_unique_p1_48,0,None,32.99,21.65,165.0,40,48,6,6,0,False,86.40776699029125,9.68125,4.680416666666667,13.0625,0.2485,0.7279,0.2268,0.1848,3031.6809045580007,2791.6809045580007,240.0,0.8447989190516022,23,3,22
0,1772829627.322904,948.4,237,0.3124,0.588,0.0269,0.474,51.6977,58.797,47.3995,0.0,0.0,0.0,2.17,1.43,0.74,None,0.0765078067779541,19.271,True,None,sfc_cache_p2_48,0,None,36.99,25.98,198.0,44,50,6,6,0,False,86.4297253634895,9.574,4.6666,12.54,0.2437,0.7401,0.2222,0.1999,3074.151110408488,2824.151110408488,250.0,0.8479819252955625,23,3,24
0,1772829627.3248873,948.4,237,0.3124,0.588,0.0269,0.474,51.6977,58.797,47.3995,0.0,0.0,0.0,2.83,1.72,1.11,None,0.0765078067779541,21.833,True,None,sfc_unique_p2_48,0,None,36.99,25.98,198.0,44,50,6,6,0,False,86.45161290322581,9.574,4.6666,12.54,0.2437,0.7401,0.2222,0.1999,3074.151110408488,2824.151110408488,250.0,0.8479819252955625,23,3,24
0,1772829627.4234464,948.5,238,0.3177,0.6098,0.0403,0.474,53.2096,60.9818,47.3995,0.0,0.0,0.0,2.17,1.43,0.74,None,0.31957244873046875,19.399,True,None,sfc_cache_p3_48,0,None,40.99,30.31,231.0,48,52,6,6,0,False,86.47342995169082,9.475,4.653846153846154,12.057692307692308,0.2384,0.7459,0.2177,0.2081,3108.28437151358,2848.28437151358,260.0,0.8507381488578761,23,3,26
0,1772829627.4255545,948.5,238,0.3177,0.6098,0.0403,0.474,53.2096,60.9818,47.3995,0.0,0.0,0.0,2.83,1.72,1.11,None,0.31957244873046875,21.993,True,None,sfc_unique_p3_48,0,None,40.99,30.31,231.0,48,52,6,6,0,False,86.49517684887459,9.475,4.653846153846154,12.057692307692308,0.2384,0.7459,0.2177,0.2081,3108.28437151358,2848.28437151358,260.0,0.8507381488578761,23,3,26
0,1772829627.5236013,948.6,239,0.3202,0.6317,0.0538,0.474,54.7216,63.1665,47.3995,0.0,0.0,0.0,2.17,1.43,0.74,None,0.4203629493713379,19.156,True,None,sfc_cache_p4_48,0,None,44.99,34.64,264.0,52,54,6,6,0,False,86.51685393258427,9.383333333333333,4.642037037037037,11.61111111111111,0.2328,0.7458,0.2135,0.2103,3128.732444567287,2858.732444567287,270.0,0.8531157288680576,23,3,28
0,1772829627.5256686,948.6,239,0.3202,0.6317,0.0538,0.474,54.7216,63.1665,47.3995,0.0,0.0,0.0,2.83,1.72,1.11,None,0.4203629493713379,22.101,True,None,sfc_unique_p4_48,0,None,44.99,34.64,264.0,52,54,6,6,0,False,86.53846153846155,9.383333333333333,4.642037037037037,11.61111111111111,0.2328,0.7458,0.2135,0.2103,3128.732444567287,2858.732444567287,270.0,0.8531157288680576,23,3,28
0,1772829627.6218078,948.7,240,0.325,0.6543,0.0677,0.474,56.1979,65.4344,47.3995,0.0,0.0,0.0,2.17,1.43,0.74,None,0.5203738212585449,18.909,True,None,sfc_cache_p5_48,0,None,48.99,38.97,297.0,55,56,6,6,0,False,86.56,9.292321428571428,4.636964285714286,11.196428571428571,0.2286,0.7697,0.2094,0.2073,3159.9787686657237,2879.9787686657237,280.0,0.8552793772122504,23,3,30
0,1772829627.6239774,948.7,240,0.325,0.6543,0.0677,0.474,56.1979,65.4344,47.3995,0.0,0.0,0.0,2.91,1.77,1.14,None,0.5203738212585449,20.781,True,None,sfc_unique_p5_48,0,None,48.99,38.97,297.0,55,56,6,6,0,False,86.5814696485623,9.292321428571428,4.636964285714286,11.196428571428571,0.2286,0.7697,0.2094,0.2073,3159.9787686657237,2879.9787686657237,280.0,0.8552793772122504,23,3,30
0,1772829627.723104,948.8,241,0.3297,0.677,0.0816,0.474,57.6742,67.7023,47.3995,0.0,0.0,0.0,2.17,1.43,0.74,None,0.6187441349029541,19.241,True,None,sfc_cache_p6_48,0,None,52.99,43.3,330.0,59,58,6,6,0,False,86.60287081339713,9.20758620689655,4.632241379310345,10.810344827586206,0.224,0.7869,0.2054,0.201,3199.751636642817,2909.751636642817,290.0,0.8571336192155645,23,3,32
0,1772829627.7252939,948.8,241,0.3297,0.677,0.0816,0.474,57.6742,67.7023,47.3995,0.0,0.0,0.0,2.91,1.77,1.14,None,0.6187441349029541,21.529,True,None,sfc_unique_p6_48,0,None,52.99,43.3,330.0,59,58,6,6,0,False,86.62420382165605,9.20758620689655,4.632241379310345,10.810344827586206,0.224,0.7869,0.2054,0.201,3199.751636642817,2909.751636642817,290.0,0.8571336192155645,23,3,32
0,1772829643.2916746,964.4,241,0.3367,0.7106,0.0981,0.4989,59.5825,71.0614,49.8942,0.0,0.0,0.0,2.96,2.01,0.95,None,0.0002484321594238281,19.583,True,None,sfc_cache_p1_49,0,None,52.99,43.3,330.0,59,60,6,7,0,False,86.64546899841018,9.195166666666667,4.7,11.0,0.2198,0.7999,0.2031,0.2056,3251.65506954794,2951.65506954794,300.0,0.8544121484037479,24,4,32
0,1772829643.293914,964.4,241,0.3367,0.7106,0.0981,0.4989,59.5825,71.0614,49.8942,0.0,0.0,0.0,4.62,3.29,1.33,None,0.0002484321594238281,21.413,True,None,sfc_unique_p1_49,0,None,52.99,43.3,330.0,59,60,6,7,0,False,86.66666666666667,9.195166666666667,4.7,11.0,0.2198,0.7999,0.2031,0.2056,3251.65506954794,2951.65506954794,300.0,0.8544121484037479,24,4,32
0,1772829643.395975,964.5,242,0.3449,0.7333,0.1124,0.5239,61.9584,73.3293,52.3889,0.0,0.0,0.0,2.77,1.78,0.99,None,0.2479102611541748,19.394,True,None,sfc_cache_p2_49,0,None,52.99,43.3,330.0,60,62,6,7,0,False,86.6877971473851,9.253387096774194,4.693548387096774,11.17741935483871,0.2142,0.801,0.2011,0.2068,3272.6212512535585,2962.6212512535585,310.0,0.8534938577747953,24,5,33
0,1772829643.3982475,964.5,242,0.3449,0.7333,0.1124,0.5239,61.9584,73.3293,52.3889,0.0,0.0,0.0,4.62,3.29,1.33,None,0.2479102611541748,21.375,True,None,sfc_unique_p2_49,0,None,52.99,43.3,330.0,60,62,6,7,0,False,86.70886075949366,9.253387096774194,4.693548387096774,11.17741935483871,0.2142,0.801,0.2011,0.2068,3272.6212512535585,2962.6212512535585,310.0,0.8534938577747953,24,5,33
0,1772829643.5006375,964.6,243,0.3569,0.7442,0.1266,0.5488,64.8387,74.4204,54.8836,0.0,0.0,0.0,2.37,1.31,1.06,None,0.35227370262145996,19.7,True,None,sfc_cache_p3_49,0,None,52.99,43.3,330.0,61,64,6,7,0,False,86.7298578199052,9.3809375,4.61453125,11.34375,0.2079,0.7994,0.2034,0.2027,3283.1296864803035,2963.1296864803035,320.0,0.8522685388608477,24,9,31
0,1772829643.5029635,964.6,243,0.3569,0.7442,0.1266,0.5488,64.8387,74.4204,54.8836,0.0,0.0,0.0,5.41,4.06,1.36,None,0.35227370262145996,20.487,True,None,sfc_unique_p3_49,0,None,52.99,43.3,330.0,61,64,6,7,0,False,86.75078864353313,9.3809375,4.61453125,11.34375,0.2079,0.7994,0.2034,0.2027,3283.1296864803035,2963.1296864803035,320.0,0.8522685388608477,24,9,31
0,1772829643.6034865,964.7,244,0.365,0.7551,0.1407,0.5488,67.2869,75.5115,54.8836,0.0,0.0,0.0,2.37,1.31,1.06,None,0.45702338218688965,18.71,True,None,sfc_cache_p4_49,0,None,56.99,43.3,363.0,64,66,6,7,0,False,86.77165354330708,9.440151515151515,4.540303030303031,11.0,0.2016,0.7979,0.1999,0.1959,3293.1296864803035,2963.1296864803035,330.0,0.8512471137130749,30,16,20
0,1772829643.6059275,964.7,244,0.365,0.7551,0.1407,0.5488,67.2869,75.5115,54.8836,0.0,0.0,0.0,5.41,4.06,1.36,None,0.45702338218688965,20.145,True,None,sfc_unique_p4_49,0,None,56.99,43.3,363.0,64,66,6,7,0,False,86.79245283018868,9.440151515151515,4.540303030303031,11.0,0.2016,0.7979,0.1999,0.1959,3293.1296864803035,2963.1296864803035,330.0,0.8512471137130749,30,16,20
0,1772829643.840356,965.0,245,0.3739,0.7551,0.1535,0.5488,70.2028,75.5115,54.8836,0.0,0.0,0.0,2.7,1.64,1.06,None,0.5600793361663818,18.411,True,None,sfc_cache_p5_49,0,None,60.99,43.3,396.0,67,68,6,7,0,False,86.81318681318682,9.55955882352941,4.406764705882353,10.676470588235293,0.1948,0.7979,0.1964,0.1877,3303.1296864803035,2963.1296864803035,340.0,0.8500306425592734,31,19,18
0,1772829643.8428223,965.0,245,0.3739,0.7551,0.1535,0.5488,70.2028,75.5115,54.8836,0.0,0.0,0.0,5.41,4.06,1.36,None,0.5600793361663818,20.727,True,None,sfc_unique_p5_49,0,None,60.99,43.3,396.0,67,68,6,7,0,False,86.83385579937304,9.55955882352941,4.406764705882353,10.676470588235293,0.1948,0.7979,0.1964,0.1877,3303.1296864803035,2963.1296864803035,340.0,0.8500306425592734,31,19,18
0,1772829643.94208,965.1,246,0.3752,0.777,0.1704,0.5488,71.7148,77.6963,54.8836,0.0,0.0,0.0,2.7,1.64,1.06,None,0.7974281311035156,17.816,True,None,sfc_cache_p6_49,0,None,69.32,43.3,429.0,71,70,6,7,0,False,86.85446009389672,9.48642857142857,4.404714285714285,10.371428571428572,0.1902,0.8119,0.1931,0.1876,3334.2645727208233,2984.2645727208233,350.0,0.8491641030291697,32,20,18
0,1772829643.9445965,965.1,246,0.3752,0.777,0.1704,0.5488,71.7148,77.6963,54.8836,0.0,0.0,0.0,4.88,3.46,1.42,None,0.7974281311035156,18.94,True,None,sfc_unique_p6_49,0,None,69.32,43.3,429.0,71,70,6,7,0,False,86.875,9.48642857142857,4.404714285714285,10.371428571428572,0.1902,0.8119,0.1931,0.1876,3334.2645727208233,2984.2645727208233,350.0,0.8491641030291697,32,20,18
