No.,timestamp,time_seconds,users,cpu_utilization,gpu_utilization,bandwidth_utilization,cache_utilization,network_cpu_utilization,network_gpu_utilization,network_cache_utilization,mobile_cpu_utilization,mobile_gpu_utilization,mobile_cache_utilization,latency,comp_latency,comm_latency,latency_diff,queue_time,decision_time_ms,success,fail_reason,sfc_id,recovery_time,sfc_recovered,cpu_saved,gpu_saved,cache_saved,shared_vnfs,running_sfcs,running_players,running_sessions,trascode_bw,crashing,acceptance_rate,cpu_per_flow,gpu_per_flow,cache_per_flow,jain_cpu,jain_gpu,jain_cache,jain_bw,server_energy_consumption,mobile_energy_consumption,total_energy_consumption,avg_sfc_reliability,high_risk_sfcs,medium_risk_sfcs,low_risk_sfcs
0,1772828645.4544334,0,1,0.0189,0.0328,0.0132,0.0249,1.9439,3.2759,2.4947,0.0,0.0,0.0,5.44,4.08,1.36,None,0.00030422210693359375,23.88,True,None,sfc_cache_p1_1,0,None,0.0,0.0,0.0,1,2,1,1,0,False,100.0,9.0,6.5,16.5,0.1526,0.0833,0.04,0.0312,2099.576851564921,2089.576851564921,10.0,0.8021616840913112,2,0,0
0,1772828645.4553795,0.0,1,0.0189,0.0328,0.0132,0.0249,1.9439,3.2759,2.4947,0.0,0.0,0.0,7.84,6.05,1.79,None,0.00030422210693359375,27.41,True,None,sfc_unique_p1_1,0,None,0.0,0.0,0.0,1,2,1,1,0,False,100.0,9.0,6.5,16.5,0.1526,0.0833,0.04,0.0312,2099.576851564921,2089.576851564921,10.0,0.8021616840913112,2,0,0
0,1772828645.5142102,0.1,2,0.0328,0.0546,0.0263,0.0249,3.4559,5.4606,2.4947,0.0,0.0,0.0,5.44,4.08,1.36,None,0.06194305419921875,23.093,True,None,sfc_cache_p2_1,0,None,4.0,4.33,33.0,5,4,2,1,0,False,100.0,8.0,5.4175,8.25,0.1429,0.0833,0.0385,0.0312,2137.8679888441275,2117.8679888441275,20.0,0.7517936409499147,4,0,0
0,1772828645.5149598,0.1,2,0.0328,0.0546,0.0263,0.0249,3.4559,5.4606,2.4947,0.0,0.0,0.0,7.84,6.05,1.79,None,0.06194305419921875,26.923,True,None,sfc_unique_p2_1,0,None,4.0,4.33,33.0,5,4,2,1,0,False,100.0,8.0,5.4175,8.25,0.1429,0.0833,0.0385,0.0312,2137.8679888441275,2117.8679888441275,20.0,0.7517936409499147,4,0,0
0,1772828645.5781107,0.1,3,0.0456,0.0773,0.0408,0.0249,4.9322,7.7286,2.4947,0.0,0.0,0.0,5.44,4.08,1.36,None,0.12143874168395996,23.233,True,None,sfc_cache_p3_1,0,None,8.0,8.66,66.0,8,6,3,1,0,False,100.0,7.611666666666667,5.111666666666667,5.5,0.1332,0.1662,0.037,0.0402,2179.7561884102884,2149.7561884102884,30.0,0.7188802682879646,6,0,0
0,1772828645.5791323,0.1,3,0.0456,0.0773,0.0408,0.0249,4.9322,7.7286,2.4947,0.0,0.0,0.0,8.24,6.17,2.07,None,0.12143874168395996,30.825,True,None,sfc_unique_p3_1,0,None,8.0,8.66,66.0,8,6,3,1,0,False,100.0,7.611666666666667,5.111666666666667,5.5,0.1332,0.1662,0.037,0.0402,2179.7561884102884,2149.7561884102884,30.0,0.7188802682879646,6,0,0
0,1772828645.6571724,0.2,4,0.0578,0.0991,0.054,0.0249,6.4441,9.9133,2.4947,0.0,0.0,0.0,5.44,4.08,1.36,None,0.18587040901184082,30.743,True,None,sfc_cache_p4_1,0,None,12.0,12.99,99.0,12,8,4,1,0,False,100.0,7.45875,4.9175,4.125,0.1485,0.2238,0.0357,0.0475,2225.7223256894945,2185.7223256894945,40.0,0.6989735938040536,8,0,0
0,1772828645.658298,0.2,4,0.0578,0.0991,0.054,0.0249,6.4441,9.9133,2.4947,0.0,0.0,0.0,8.7,6.6,2.11,None,0.18587040901184082,34.597,True,None,sfc_unique_p4_1,0,None,12.0,12.99,99.0,12,8,4,1,0,False,100.0,7.45875,4.9175,4.125,0.1485,0.2238,0.0357,0.0475,2225.7223256894945,2185.7223256894945,40.0,0.6989735938040536,8,0,0
0,1772828645.7366722,0.3,5,0.0697,0.121,0.0671,0.0249,7.9561,12.0981,2.4947,0.0,0.0,0.0,5.44,4.08,1.36,None,0.2650892734527588,31.15,True,None,sfc_cache_p5_1,0,None,16.0,17.32,132.0,16,10,5,1,0,False,100.0,7.367,4.801,3.3,0.1481,0.248,0.0345,0.0513,2264.777062286954,2214.777062286954,50.0,0.6728272700048702,10,0,0
0,1772828645.7378244,0.3,5,0.0697,0.121,0.0671,0.0249,7.9561,12.0981,2.4947,0.0,0.0,0.0,8.7,6.6,2.11,None,0.2650892734527588,34.645,True,None,sfc_unique_p5_1,0,None,16.0,17.32,132.0,16,10,5,1,0,False,100.0,7.367,4.801,3.3,0.1481,0.248,0.0345,0.0513,2264.777062286954,2214.777062286954,50.0,0.6728272700048702,10,0,0
0,1772828645.8148577,0.4,6,0.0815,0.1428,0.0803,0.0249,9.468,14.2828,2.4947,0.0,0.0,0.0,5.44,4.08,1.36,None,0.3446023464202881,31.003,True,None,sfc_cache_p6_1,0,None,20.0,21.65,165.0,20,12,6,1,0,False,100.0,7.305833333333333,4.723333333333334,2.75,0.1418,0.2464,0.0333,0.0533,2288.9542051440967,2228.9542051440967,60.0,0.6442531374235347,12,0,0
0,1772828645.8161526,0.4,6,0.0815,0.1428,0.0803,0.0249,9.468,14.2828,2.4947,0.0,0.0,0.0,8.7,6.6,2.11,None,0.3446023464202881,33.169,True,None,sfc_unique_p6_1,0,None,20.0,21.65,165.0,20,12,6,1,0,False,100.0,7.305833333333333,4.723333333333334,2.75,0.1418,0.2464,0.0333,0.0533,2288.9542051440967,2228.9542051440967,60.0,0.6442531374235347,12,0,0
0,1772828666.491778,21.0,6,0.0837,0.2083,0.0982,0.0499,10.008,20.8346,4.9894,0.0,0.0,0.0,1.81,0.7,1.11,None,0.00014901161193847656,22.644,True,None,sfc_cache_p1_2,0,None,20.0,21.65,165.0,21,14,6,2,0,False,100.0,6.619285714285715,5.905714285714287,4.714285714285714,0.1401,0.3386,0.0637,0.0701,2337.0675002996454,2267.0675002996454,70.0,0.6910569513715308,12,0,2
0,1772828666.4927995,21.0,6,0.0837,0.2083,0.0982,0.0499,10.008,20.8346,4.9894,0.0,0.0,0.0,2.78,1.24,1.54,None,0.00014901161193847656,24.04,True,None,sfc_unique_p1_2,0,None,20.0,21.65,165.0,21,14,6,2,0,False,100.0,6.619285714285715,5.905714285714287,4.714285714285714,0.1401,0.3386,0.0637,0.0701,2337.0675002996454,2267.0675002996454,70.0,0.6910569513715308,12,0,2
0,1772828666.5490677,21.1,7,0.0893,0.2638,0.114,0.0748,10.98,26.3784,7.4841,0.0,0.0,0.0,2.44,1.33,1.11,None,0.058304786682128906,22.06,True,None,sfc_cache_p2_2,0,None,20.0,21.65,165.0,23,16,6,2,0,False,100.0,6.354375,6.5425,6.1875,0.143,0.3874,0.0851,0.0843,2394.089633096426,2314.089633096426,80.0,0.7249913990969065,12,0,4
0,1772828666.5500948,21.1,7,0.0893,0.2638,0.114,0.0748,10.98,26.3784,7.4841,0.0,0.0,0.0,2.78,1.24,1.54,None,0.058304786682128906,23.796,True,None,sfc_unique_p2_2,0,None,20.0,21.65,165.0,23,16,6,2,0,False,100.0,6.354375,6.5425,6.1875,0.143,0.3874,0.0851,0.0843,2394.089633096426,2314.089633096426,80.0,0.7249913990969065,12,0,4
0,1772828666.6070132,21.2,8,0.0912,0.3083,0.1299,0.0748,11.5199,30.8311,7.4841,0.0,0.0,0.0,2.44,1.33,1.11,None,0.11556172370910645,22.139,True,None,sfc_cache_p3_2,0,None,24.0,25.98,198.0,27,18,6,2,0,False,100.0,5.926111111111111,6.797222222222222,5.5,0.1411,0.4068,0.0825,0.0947,2450.0658751642172,2360.0658751642172,90.0,0.7506892573634646,12,0,6
0,1772828666.6084788,21.2,8,0.0912,0.3083,0.1299,0.0748,11.5199,30.8311,7.4841,0.0,0.0,0.0,2.78,1.24,1.54,None,0.11556172370910645,24.014,True,None,sfc_unique_p3_2,0,None,24.0,25.98,198.0,27,18,6,2,0,False,100.0,5.926111111111111,6.797222222222222,5.5,0.1411,0.4068,0.0825,0.0947,2450.0658751642172,2360.0658751642172,90.0,0.7506892573634646,12,0,6
0,1772828666.7614343,21.3,9,0.0935,0.3528,0.1457,0.0748,12.0599,35.2837,7.4841,0.0,0.0,0.0,2.44,1.33,1.11,None,0.16909074783325195,22.441,True,None,sfc_cache_p4_2,0,None,28.0,30.31,231.0,31,20,6,2,0,False,100.0,5.5835,7.001,4.95,0.139,0.4124,0.0801,0.1012,2482.883937383688,2382.883937383688,100.0,0.7705361868094781,12,0,8
0,1772828666.7626145,21.3,9,0.0935,0.3528,0.1457,0.0748,12.0599,35.2837,7.4841,0.0,0.0,0.0,2.78,1.24,1.54,None,0.16909074783325195,23.918,True,None,sfc_unique_p4_2,0,None,28.0,30.31,231.0,31,20,6,2,0,False,100.0,5.5835,7.001,4.95,0.139,0.4124,0.0801,0.1012,2482.883937383688,2382.883937383688,100.0,0.7705361868094781,12,0,8
0,1772828666.8197992,21.4,10,0.0961,0.3974,0.1616,0.0748,12.5999,39.7364,7.4841,0.0,0.0,0.0,2.44,1.33,1.11,None,0.32305097579956055,22.518,True,None,sfc_cache_p5_2,0,None,32.0,34.64,264.0,35,22,6,2,0,False,100.0,5.303181818181819,7.167727272727273,4.5,0.1368,0.409,0.0778,0.1044,2495.785964933603,2385.785964933603,110.0,0.7861302614344555,12,0,10
0,1772828666.8209739,21.4,10,0.0961,0.3974,0.1616,0.0748,12.5999,39.7364,7.4841,0.0,0.0,0.0,2.78,1.24,1.54,None,0.32305097579956055,23.927,True,None,sfc_unique_p5_2,0,None,32.0,34.64,264.0,35,22,6,2,0,False,100.0,5.303181818181819,7.167727272727273,4.5,0.1368,0.409,0.0778,0.1044,2495.785964933603,2385.785964933603,110.0,0.7861302614344555,12,0,10
0,1772828666.8762238,21.4,11,0.1131,0.4167,0.1739,0.0998,15.1205,41.6667,9.9788,0.0,0.0,0.0,2.91,1.78,1.13,None,0.3814270496368408,21.656,True,None,sfc_cache_p6_2,0,None,32.0,34.64,264.0,36,24,6,2,0,False,100.0,5.833749999999999,6.889583333333333,5.5,0.1504,0.423,0.0977,0.1101,2525.196659872467,2405.196659872467,120.0,0.7994383526789951,12,0,12
0,1772828666.8774161,21.4,11,0.1131,0.4167,0.1739,0.0998,15.1205,41.6667,9.9788,0.0,0.0,0.0,3.42,1.87,1.54,None,0.3814270496368408,22.403,True,None,sfc_unique_p6_2,0,None,32.0,34.64,264.0,36,24,6,2,0,False,100.0,5.833749999999999,6.889583333333333,5.5,0.1504,0.423,0.0977,0.1101,2525.196659872467,2405.196659872467,120.0,0.7994383526789951,12,0,12
0,1772828697.5380287,52.1,11,0.1251,0.4494,0.1871,0.1247,17.0645,44.9425,12.4735,0.0,0.0,0.0,2.66,1.82,0.84,None,0.0004150867462158203,22.094,True,None,sfc_cache_p1_3,0,None,32.0,34.64,264.0,37,26,6,3,0,False,100.0,6.077307692307692,6.859615384615385,6.346153846153846,0.1619,0.4643,0.1175,0.1271,2563.2495928549774,2433.2495928549774,130.0,0.8102452508077588,12,0,14
0,1772828697.5393815,52.1,11,0.1251,0.4494,0.1871,0.1247,17.0645,44.9425,12.4735,0.0,0.0,0.0,3.74,2.47,1.27,None,0.0004150867462158203,22.685,True,None,sfc_unique_p1_3,0,None,32.0,34.64,264.0,37,26,6,3,0,False,100.0,6.077307692307692,6.859615384615385,6.346153846153846,0.1619,0.4643,0.1175,0.1271,2563.2495928549774,2433.2495928549774,130.0,0.8102452508077588,12,0,14
0,1772828697.5956964,52.1,12,0.1342,0.4713,0.2003,0.1247,18.5764,47.1273,12.4735,0.0,0.0,0.0,2.66,1.82,0.84,None,0.058886051177978516,21.859,True,None,sfc_cache_p2_3,0,None,36.0,38.97,297.0,41,28,6,3,0,False,100.0,6.1432142857142855,6.679285714285714,5.892857142857143,0.1674,0.4842,0.1144,0.1411,2596.5946632775126,2456.5946632775126,140.0,0.8189197684479262,12,0,16
0,1772828697.5969965,52.1,12,0.1342,0.4713,0.2003,0.1247,18.5764,47.1273,12.4735,0.0,0.0,0.0,3.74,2.47,1.27,None,0.058886051177978516,22.362,True,None,sfc_unique_p2_3,0,None,36.0,38.97,297.0,41,28,6,3,0,False,100.0,6.1432142857142855,6.679285714285714,5.892857142857143,0.1674,0.4842,0.1144,0.1411,2596.5946632775126,2456.5946632775126,140.0,0.8189197684479262,12,0,16
0,1772828697.654078,52.2,13,0.1416,0.4931,0.2134,0.1247,20.0883,49.3121,12.4735,0.0,0.0,0.0,2.66,1.82,0.84,None,0.11656832695007324,22.056,True,None,sfc_cache_p3_3,0,None,40.0,43.3,330.0,45,30,6,3,0,False,100.0,6.200333333333333,6.523,5.5,0.171,0.4976,0.1115,0.1515,2635.8552266577944,2485.8552266577944,150.0,0.8258905538720982,12,6,12
0,1772828697.6555111,52.2,13,0.1416,0.4931,0.2134,0.1247,20.0883,49.3121,12.4735,0.0,0.0,0.0,3.74,2.47,1.27,None,0.11656832695007324,22.635,True,None,sfc_unique_p3_3,0,None,40.0,43.3,330.0,45,30,6,3,0,False,100.0,6.200333333333333,6.523,5.5,0.171,0.4976,0.1115,0.1515,2635.8552266577944,2485.8552266577944,150.0,0.8258905538720982,12,6,12
0,1772828697.712368,52.3,14,0.1501,0.515,0.2266,0.1247,21.6003,51.4968,12.4735,0.0,0.0,0.0,2.66,1.82,0.84,None,0.17505669593811035,22.017,True,None,sfc_cache_p4_3,0,None,44.0,47.63,363.0,49,32,6,3,0,False,100.0,6.2503125,6.38625,5.15625,0.173,0.5047,0.1087,0.1581,2670.020990471445,2510.020990471445,160.0,0.8314790904555974,12,8,12
0,1772828697.7137399,52.3,14,0.1501,0.515,0.2266,0.1247,21.6003,51.4968,12.4735,0.0,0.0,0.0,3.74,2.47,1.27,None,0.17505669593811035,22.42,True,None,sfc_unique_p4_3,0,None,44.0,47.63,363.0,49,32,6,3,0,False,100.0,6.2503125,6.38625,5.15625,0.173,0.5047,0.1087,0.1581,2670.020990471445,2510.020990471445,160.0,0.8314790904555974,12,8,12
0,1772828697.7707195,52.3,15,0.157,0.5368,0.2398,0.1247,23.1122,53.6816,12.4735,0.0,0.0,0.0,2.66,1.82,0.84,None,0.23305916786193848,21.814,True,None,sfc_cache_p5_3,0,None,48.0,51.96,396.0,53,34,6,3,0,False,100.0,6.294411764705882,6.265588235294118,4.852941176470588,0.1733,0.5063,0.1061,0.1614,2690.8985636025395,2520.8985636025395,170.0,0.8359312157639006,12,10,12
0,1772828697.7721612,52.3,15,0.157,0.5368,0.2398,0.1247,23.1122,53.6816,12.4735,0.0,0.0,0.0,3.74,2.47,1.27,None,0.23305916786193848,22.572,True,None,sfc_unique_p5_3,0,None,48.0,51.96,396.0,53,34,6,3,0,False,100.0,6.294411764705882,6.265588235294118,4.852941176470588,0.1733,0.5063,0.1061,0.1614,2690.8985636025395,2520.8985636025395,170.0,0.8359312157639006,12,10,12
0,1772828697.8287947,52.4,16,0.1647,0.5595,0.2534,0.1247,24.5885,55.9495,12.4735,0.0,0.0,0.0,2.66,1.82,0.84,None,0.2915627956390381,22.117,True,None,sfc_cache_p6_3,0,None,52.0,56.29,429.0,56,36,6,3,0,False,100.0,6.3244444444444445,6.1675,4.583333333333333,0.1945,0.586,0.1035,0.1609,2732.9296857601475,2552.9296857601475,180.0,0.8194252818160268,13,11,12
0,1772828697.8302839,52.4,16,0.1647,0.5595,0.2534,0.1247,24.5885,55.9495,12.4735,0.0,0.0,0.0,5.69,4.38,1.31,None,0.2915627956390381,22.02,True,None,sfc_unique_p6_3,0,None,52.0,56.29,429.0,56,36,6,3,0,False,100.0,6.3244444444444445,6.1675,4.583333333333333,0.1945,0.586,0.1035,0.1609,2732.9296857601475,2552.9296857601475,180.0,0.8194252818160268,13,11,12
0,1772828718.566679,73.1,16,0.1746,0.5923,0.2666,0.1497,26.5325,59.2254,14.9682,0.0,0.0,0.0,4.99,3.55,1.44,None,0.000396728515625,15.656,True,None,sfc_cache_p1_4,0,None,52.0,56.29,429.0,57,38,6,4,0,False,100.0,6.465263157894737,6.185,5.2105263157894735,0.2089,0.6518,0.1241,0.1774,2792.143971474433,2602.143971474433,190.0,0.8201728195868719,15,11,12
0,1772828718.5675685,73.1,16,0.1746,0.5923,0.2666,0.1497,26.5325,59.2254,14.9682,0.0,0.0,0.0,6.77,4.9,1.87,None,0.000396728515625,12.469,True,None,sfc_unique_p1_4,0,None,52.0,56.29,429.0,57,38,6,4,0,False,100.0,6.465263157894737,6.185,5.2105263157894735,0.2089,0.6518,0.1241,0.1774,2792.143971474433,2602.143971474433,190.0,0.8201728195868719,15,11,12
0,1772828718.601657,73.1,17,0.1813,0.6141,0.2797,0.1497,28.0444,61.4101,14.9682,0.0,0.0,0.0,4.99,3.55,1.44,None,0.040252685546875,13.49,True,None,sfc_cache_p2_4,0,None,56.0,60.62,462.0,61,40,6,4,0,False,100.0,6.492,6.092499999999999,4.95,0.2108,0.6684,0.1213,0.191,2830.0725429030044,2630.0725429030044,200.0,0.8180343901852218,17,11,12
0,1772828718.602567,73.1,17,0.1813,0.6141,0.2797,0.1497,28.0444,61.4101,14.9682,0.0,0.0,0.0,6.77,4.9,1.87,None,0.040252685546875,12.484,True,None,sfc_unique_p2_4,0,None,56.0,60.62,462.0,61,40,6,4,0,False,100.0,6.492,6.092499999999999,4.95,0.2108,0.6684,0.1213,0.191,2830.0725429030044,2630.0725429030044,200.0,0.8180343901852218,17,11,12
0,1772828718.6364045,73.2,18,0.1907,0.6225,0.2921,0.1497,30.1331,62.2493,14.9682,0.0,0.0,0.0,4.99,3.55,1.44,None,0.07524943351745605,13.256,True,None,sfc_cache_p3_4,0,None,60.0,64.95,495.0,65,42,6,4,0,False,100.0,6.643333333333333,5.881666666666667,4.714285714285714,0.2066,0.6652,0.1186,0.2013,2856.358257188719,2646.358257188719,210.0,0.813279740472694,19,11,12
0,1772828718.6373966,73.2,18,0.1907,0.6225,0.2921,0.1497,30.1331,62.2493,14.9682,0.0,0.0,0.0,6.76,4.89,1.87,None,0.07524943351745605,12.344,True,None,sfc_unique_p3_4,0,None,60.0,64.95,495.0,65,42,6,4,0,False,100.0,6.643333333333333,5.881666666666667,4.714285714285714,0.2066,0.6652,0.1186,0.2013,2856.358257188719,2646.358257188719,210.0,0.813279740472694,19,11,12
0,1772828718.6708612,73.2,19,0.1966,0.6452,0.3065,0.1497,31.6094,64.5172,14.9682,0.0,0.0,0.0,4.99,3.55,1.44,None,0.11007499694824219,12.893,True,None,sfc_cache_p4_4,0,None,64.0,69.28,528.0,68,44,6,4,0,False,100.0,6.652045454545455,5.818863636363636,4.5,0.2001,0.7156,0.116,0.2084,2896.289685760147,2676.289685760147,220.0,0.8064790340415854,21,11,12
0,1772828718.6718156,73.2,19,0.1966,0.6452,0.3065,0.1497,31.6094,64.5172,14.9682,0.0,0.0,0.0,7.03,5.04,2.0,None,0.11007499694824219,12.2,True,None,sfc_unique_p4_4,0,None,64.0,69.28,528.0,68,44,6,4,0,False,100.0,6.652045454545455,5.818863636363636,4.5,0.2001,0.7156,0.116,0.2084,2896.289685760147,2676.289685760147,220.0,0.8064790340415854,21,11,12
0,1772828718.705386,73.3,20,0.2016,0.6679,0.321,0.1497,33.0857,66.7851,14.9682,0.0,0.0,0.0,4.99,3.55,1.44,None,0.14429950714111328,13.038,True,None,sfc_cache_p5_4,0,None,68.0,73.61,561.0,72,46,6,4,0,False,100.0,6.66,5.761521739130434,4.304347826086956,0.1918,0.7429,0.1136,0.2107,2930.7868286172907,2700.7868286172907,230.0,0.798550977669598,23,11,12
0,1772828718.706362,73.3,20,0.2016,0.6679,0.321,0.1497,33.0857,66.7851,14.9682,0.0,0.0,0.0,7.03,5.04,2.0,None,0.14429950714111328,11.993,True,None,sfc_unique_p5_4,0,None,68.0,73.61,561.0,72,46,6,4,0,False,100.0,6.66,5.761521739130434,4.304347826086956,0.1918,0.7429,0.1136,0.2107,2930.7868286172907,2700.7868286172907,230.0,0.798550977669598,23,11,12
0,1772828718.7419562,73.3,21,0.2072,0.6905,0.3355,0.1497,34.562,69.053,14.9682,0.0,0.0,0.0,4.99,3.55,1.44,None,0.17884254455566406,12.979,True,None,sfc_cache_p6_4,0,None,72.0,77.94,594.0,76,48,6,4,0,False,100.0,6.667291666666666,5.7089583333333325,4.125,0.1825,0.7479,0.1112,0.2093,2944.7868286172907,2704.7868286172907,240.0,0.7896859822213158,25,22,1
0,1772828718.7439458,73.3,21,0.2072,0.6905,0.3355,0.1497,34.562,69.053,14.9682,0.0,0.0,0.0,7.03,5.04,2.0,None,0.17884254455566406,13.943,True,None,sfc_unique_p6_4,0,None,72.0,77.94,594.0,76,48,6,4,0,False,100.0,6.667291666666666,5.7089583333333325,4.125,0.1825,0.7479,0.1112,0.2093,2944.7868286172907,2704.7868286172907,240.0,0.7896859822213158,25,22,1
0,1772828741.62068,96.2,21,0.2162,0.7233,0.3503,0.1746,36.5059,72.3289,17.463,0.0,0.0,0.0,3.5,2.75,0.75,None,0.00046825408935546875,21.7,True,None,sfc_cache_p1_5,0,None,72.0,77.94,594.0,77,50,6,5,0,False,100.0,6.760599999999999,5.7406,4.62,0.1903,0.825,0.1123,0.214,2991.823539118912,2741.823539118912,250.0,0.785224556486852,38,11,1
0,1772828741.622646,96.2,21,0.2162,0.7233,0.3503,0.1746,36.5059,72.3289,17.463,0.0,0.0,0.0,8.08,6.9,1.19,None,0.00046825408935546875,20.03,True,None,sfc_unique_p1_5,0,None,72.0,77.94,594.0,77,50,6,5,0,False,100.0,6.760599999999999,5.7406,4.62,0.1903,0.825,0.1123,0.214,2991.823539118912,2741.823539118912,250.0,0.785224556486852,38,11,1
0,1772828741.6698499,96.2,22,0.2271,0.7342,0.3628,0.1746,38.9542,73.42,17.463,0.0,0.0,0.0,4.79,4.04,0.75,None,0.06003713607788086,20.461,True,None,sfc_cache_p2_5,0,None,76.0,77.94,627.0,80,52,6,5,0,False,100.0,6.936538461538461,5.603076923076923,4.4423076923076925,0.2019,0.829,0.1101,0.2152,3025.1275648417454,2765.1275648417454,260.0,0.7701569746453454,40,11,1
0,1772828741.6709452,96.2,22,0.2271,0.7342,0.3628,0.1746,38.9542,73.42,17.463,0.0,0.0,0.0,10.96,9.78,1.19,None,0.06003713607788086,11.219,True,None,sfc_unique_p2_5,0,None,76.0,77.94,627.0,80,52,6,5,0,False,100.0,6.936538461538461,5.603076923076923,4.4423076923076925,0.2019,0.829,0.1101,0.2152,3025.1275648417454,2765.1275648417454,260.0,0.7701569746453454,40,11,1
0,1772828741.7038987,96.2,23,0.2403,0.7342,0.3739,0.1746,41.8701,73.42,17.463,0.0,0.0,0.0,6.23,5.48,0.75,None,0.10761904716491699,12.424,True,None,sfc_cache_p3_5,0,None,80.0,77.94,660.0,83,54,6,5,0,False,100.0,7.17962962962963,5.395555555555556,4.277777777777778,0.1996,0.829,0.1079,0.2128,3051.505653161418,2781.505653161418,270.0,0.7477705093075777,42,11,1
0,1772828741.7049904,96.3,23,0.2403,0.7342,0.3739,0.1746,41.8701,73.42,17.463,0.0,0.0,0.0,10.96,9.78,1.19,None,0.10761904716491699,10.516,True,None,sfc_unique_p3_5,0,None,80.0,77.94,660.0,83,54,6,5,0,False,100.0,7.17962962962963,5.395555555555556,4.277777777777778,0.1996,0.829,0.1079,0.2128,3051.505653161418,2781.505653161418,270.0,0.7477705093075777,42,11,1
0,1772828741.7438965,96.3,24,0.2491,0.7468,0.3918,0.1746,44.246,74.68,17.463,0.0,0.0,0.0,4.93,3.95,0.97,None,0.14150547981262207,18.57,True,None,sfc_cache_p4_5,0,None,84.0,77.94,693.0,85,56,6,5,0,False,100.0,7.316071428571428,5.292142857142857,4.125,0.2,0.8333,0.1059,0.2088,3072.5332176808556,2792.5332176808556,280.0,0.7348521978341156,44,11,1
0,1772828741.7450466,96.3,24,0.2491,0.7468,0.3918,0.1746,44.246,74.68,17.463,0.0,0.0,0.0,8.05,6.6,1.45,None,0.14150547981262207,9.758,True,None,sfc_unique_p4_5,0,None,84.0,77.94,693.0,85,56,6,5,0,False,100.0,7.316071428571428,5.292142857142857,4.125,0.2,0.8333,0.1059,0.2088,3072.5332176808556,2792.5332176808556,280.0,0.7348521978341156,44,11,1
0,1772828741.8330524,96.4,25,0.257,0.751,0.4086,0.1746,46.5139,75.1008,17.463,0.0,0.0,0.0,4.93,3.95,0.97,None,0.18136906623840332,11.261,True,None,sfc_cache_p5_5,0,None,92.33,77.94,726.0,89,58,6,5,0,False,100.0,7.425862068965517,5.138448275862069,3.9827586206896552,0.2084,0.8325,0.1039,0.2037,3090.593335437286,2800.593335437286,290.0,0.727857343404844,46,11,1
0,1772828741.8343596,96.4,25,0.257,0.751,0.4086,0.1746,46.5139,75.1008,17.463,0.0,0.0,0.0,11.38,9.81,1.57,None,0.18136906623840332,9.863,True,None,sfc_unique_p5_5,0,None,92.33,77.94,726.0,89,58,6,5,0,False,100.0,7.425862068965517,5.138448275862069,3.9827586206896552,0.2084,0.8325,0.1039,0.2037,3090.593335437286,2800.593335437286,290.0,0.727857343404844,46,11,1
0,1772828741.862839,96.4,26,0.2603,0.7846,0.4253,0.1746,47.9902,78.4598,17.463,0.0,0.0,0.0,4.17,2.73,1.45,None,0.2707400321960449,10.095,True,None,sfc_cache_p6_5,0,None,96.33,77.94,759.0,90,60,6,5,0,False,100.0,7.406166666666667,5.189333333333334,3.85,0.2114,0.9152,0.1019,0.2083,3132.673044145064,2832.673044145064,300.0,0.7156507287819976,48,11,1
0,1772828741.864094,96.4,26,0.2603,0.7846,0.4253,0.1746,47.9902,78.4598,17.463,0.0,0.0,0.0,7.74,5.47,2.27,None,0.2707400321960449,7.674,True,None,sfc_unique_p6_5,0,None,96.33,77.94,759.0,90,60,6,5,0,False,100.0,7.406166666666667,5.189333333333334,3.85,0.2114,0.9152,0.1019,0.2083,3132.673044145064,2832.673044145064,300.0,0.7156507287819976,48,11,1
0,1772828764.6482847,119.2,26,0.2423,0.6527,0.0712,0.1746,41.4024,65.2681,17.463,0.0,0.0,0.0,4.77,3.55,1.22,None,0.00019669532775878906,11.051,True,None,sfc_cache_p1_6,0,None,76.33,56.29,594.0,71,50,6,5,0,False,100.0,7.6674,5.1802,4.62,0.2088,0.7411,0.0818,0.1664,2950.0500327494756,2700.0500327494756,250.0,0.7599696975571456,38,11,1
0,1772828764.6502156,119.2,26,0.2423,0.6527,0.0712,0.1746,41.4024,65.2681,17.463,0.0,0.0,0.0,7.44,5.39,2.05,None,0.00019669532775878906,15.292,True,None,sfc_unique_p1_6,0,None,76.33,56.29,594.0,71,50,6,5,0,False,100.0,7.6674,5.1802,4.62,0.2088,0.7411,0.0818,0.1664,2950.0500327494756,2700.0500327494756,250.0,0.7599696975571456,38,11,1
0,1772828764.6980016,119.2,27,0.2568,0.6527,0.0844,0.1996,44.7503,65.2681,19.9577,0.0,0.0,0.0,4.71,3.09,1.62,None,0.04103422164916992,15.676,True,None,sfc_cache_p2_6,0,None,76.33,56.29,594.0,73,52,6,5,0,False,100.0,7.968653846153846,4.980961538461538,5.076923076923077,0.2187,0.7411,0.0866,0.1701,2985.8095900935396,2725.8095900935396,260.0,0.7566137192715161,40,11,1
0,1772828764.6991894,119.2,27,0.2568,0.6527,0.0844,0.1996,44.7503,65.2681,19.9577,0.0,0.0,0.0,7.44,5.39,2.05,None,0.04103422164916992,15.256,True,None,sfc_unique_p2_6,0,None,76.33,56.29,594.0,73,52,6,5,0,False,100.0,7.968653846153846,4.980961538461538,5.076923076923077,0.2187,0.7411,0.0866,0.1701,2985.8095900935396,2725.8095900935396,260.0,0.7566137192715161,40,11,1
0,1772828764.7294307,119.3,28,0.2678,0.6527,0.0975,0.1996,47.1986,65.2681,19.9577,0.0,0.0,0.0,4.71,3.09,1.62,None,0.0893545150756836,9.849,True,None,sfc_cache_p3_6,0,None,84.66,56.29,627.0,77,54,6,5,0,False,100.0,8.093333333333334,4.796481481481481,4.888888888888889,0.2204,0.7411,0.0849,0.1715,3010.388513634787,2740.388513634787,270.0,0.7538877494152219,42,11,1
0,1772828764.7304838,119.3,28,0.2678,0.6527,0.0975,0.1996,47.1986,65.2681,19.9577,0.0,0.0,0.0,7.44,5.39,2.05,None,0.0893545150756836,9.017,True,None,sfc_unique_p3_6,0,None,84.66,56.29,627.0,77,54,6,5,0,False,100.0,8.093333333333334,4.796481481481481,4.888888888888889,0.2204,0.7411,0.0849,0.1715,3010.388513634787,2740.388513634787,270.0,0.7538877494152219,42,11,1
0,1772828764.7690449,119.3,29,0.2764,0.6527,0.1107,0.1996,49.6469,65.2681,19.9577,0.0,0.0,0.0,4.71,3.09,1.62,None,0.1204833984375,9.291,True,None,sfc_cache_p4_6,0,None,92.99,56.29,660.0,81,56,6,5,0,False,100.0,8.209107142857142,4.625178571428571,4.714285714285714,0.2197,0.7411,0.0833,0.1712,3037.22251146794,2757.22251146794,280.0,0.7502312967171321,44,11,1
0,1772828764.7711554,119.3,29,0.2764,0.6527,0.1107,0.1996,49.6469,65.2681,19.9577,0.0,0.0,0.0,7.44,5.39,2.05,None,0.1204833984375,15.513,True,None,sfc_unique_p4_6,0,None,92.99,56.29,660.0,81,56,6,5,0,False,100.0,8.209107142857142,4.625178571428571,4.714285714285714,0.2197,0.7411,0.0833,0.1712,3037.22251146794,2757.22251146794,280.0,0.7502312967171321,44,11,1
0,1772828764.8116612,119.4,30,0.2868,0.6527,0.1238,0.1996,52.0951,65.2681,19.9577,0.0,0.0,0.0,4.71,3.09,1.62,None,0.1620488166809082,15.422,True,None,sfc_cache_p5_6,0,None,101.32,56.29,693.0,85,58,6,5,0,False,100.0,8.316896551724138,4.4656896551724135,4.551724137931035,0.2169,0.7411,0.0817,0.1696,3063.1879378725216,2773.1879378725216,290.0,0.7457633135454657,46,11,1
0,1772828764.812867,119.4,30,0.2868,0.6527,0.1238,0.1996,52.0951,65.2681,19.9577,0.0,0.0,0.0,7.44,5.39,2.05,None,0.1620488166809082,9.139,True,None,sfc_unique_p5_6,0,None,101.32,56.29,693.0,85,58,6,5,0,False,100.0,8.316896551724138,4.4656896551724135,4.551724137931035,0.2169,0.7411,0.0817,0.1696,3063.1879378725216,2773.1879378725216,290.0,0.7457633135454657,46,11,1
0,1772828764.841723,119.4,31,0.2918,0.6745,0.1398,0.1996,53.6071,67.4529,19.9577,0.0,0.0,0.0,4.71,3.09,1.62,None,0.20284485816955566,9.168,True,None,sfc_cache_p6_6,0,None,109.65,56.29,726.0,89,60,6,5,0,False,100.0,8.273,4.461333333333333,4.4,0.2123,0.7807,0.0802,0.1671,3103.265507134246,2803.265507134246,300.0,0.7427640801433064,48,11,1
0,1772828764.8428426,119.4,31,0.2918,0.6745,0.1398,0.1996,53.6071,67.4529,19.9577,0.0,0.0,0.0,5.52,3.47,2.05,None,0.20284485816955566,8.872,True,None,sfc_unique_p6_6,0,None,109.65,56.29,726.0,89,60,6,5,0,False,100.0,8.273,4.461333333333333,4.4,0.2123,0.7807,0.0802,0.1671,3103.265507134246,2803.265507134246,300.0,0.7427640801433064,48,11,1
0,1772828780.7025075,135.2,31,0.2918,0.73,0.1569,0.2245,54.579,72.9967,22.4524,0.0,0.0,0.0,6.45,4.92,1.52,None,0.0002872943878173828,12.661,True,None,sfc_cache_p1_7,0,None,109.65,56.29,726.0,90,62,6,6,0,False,100.0,8.151290322580644,4.67225806451613,4.790322580645161,0.2117,0.8774,0.0957,0.1753,3162.914351261918,2852.914351261918,310.0,0.7367330628116923,50,11,1
0,1772828780.7053092,135.3,31,0.2918,0.73,0.1569,0.2245,54.579,72.9967,22.4524,0.0,0.0,0.0,5.64,3.69,1.96,None,0.0002872943878173828,18.108,True,None,sfc_unique_p1_7,0,None,109.65,56.29,726.0,90,62,6,6,0,False,100.0,8.151290322580644,4.67225806451613,4.790322580645161,0.2117,0.8774,0.0957,0.1753,3162.914351261918,2852.914351261918,310.0,0.7367330628116923,50,11,1
0,1772828780.7470436,135.3,32,0.2945,0.7518,0.1709,0.2245,56.091,75.1814,22.4524,0.0,0.0,0.0,5.25,3.73,1.52,None,0.049028635025024414,12.08,True,None,sfc_cache_p2_7,0,None,113.65,60.62,759.0,94,64,6,6,0,False,100.0,8.1153125,4.66171875,4.640625,0.2141,0.895,0.094,0.1824,3200.093055941187,2880.093055941187,320.0,0.7330814240783886,52,11,1
0,1772828780.7486231,135.3,32,0.2945,0.7518,0.1709,0.2245,56.091,75.1814,22.4524,0.0,0.0,0.0,7.31,5.35,1.96,None,0.049028635025024414,11.719,True,None,sfc_unique_p2_7,0,None,113.65,60.62,759.0,94,64,6,6,0,False,100.0,8.1153125,4.66171875,4.640625,0.2141,0.895,0.094,0.1824,3200.093055941187,2880.093055941187,320.0,0.7330814240783886,52,11,1
0,1772828780.786833,135.3,33,0.3031,0.7518,0.1849,0.2245,58.5392,75.1814,22.4524,0.0,0.0,0.0,5.25,3.73,1.52,None,0.09112334251403809,12.173,True,None,sfc_cache_p3_7,0,None,117.65,64.95,792.0,98,66,6,6,0,False,100.0,8.212878787878788,4.5204545454545455,4.5,0.2261,0.895,0.0923,0.1907,3226.2238879833317,2896.2238879833317,330.0,0.7260409055591681,54,11,1
0,1772828780.7884147,135.3,33,0.3031,0.7518,0.1849,0.2245,58.5392,75.1814,22.4524,0.0,0.0,0.0,11.65,9.05,2.59,None,0.09112334251403809,10.698,True,None,sfc_unique_p3_7,0,None,117.65,64.95,792.0,98,66,6,6,0,False,100.0,8.212878787878788,4.5204545454545455,4.5,0.2261,0.895,0.0923,0.1907,3226.2238879833317,2896.2238879833317,330.0,0.7260409055591681,54,11,1
0,1772828780.827197,135.4,34,0.3103,0.7518,0.1989,0.2245,60.9875,75.1814,22.4524,0.0,0.0,0.0,5.25,3.73,1.52,None,0.13091683387756348,12.093,True,None,sfc_cache_p4_7,0,None,121.65,69.28,825.0,102,68,6,6,0,False,100.0,8.304705882352941,4.3875,4.367647058823529,0.2295,0.895,0.0907,0.1969,3251.9982914540474,2911.9982914540474,340.0,0.7167323583635057,56,11,1
0,1772828780.8288364,135.4,34,0.3103,0.7518,0.1989,0.2245,60.9875,75.1814,22.4524,0.0,0.0,0.0,11.65,9.05,2.59,None,0.13091683387756348,10.816,True,None,sfc_unique_p4_7,0,None,121.65,69.28,825.0,102,68,6,6,0,False,100.0,8.304705882352941,4.3875,4.367647058823529,0.2295,0.895,0.0907,0.1969,3251.9982914540474,2911.9982914540474,340.0,0.7167323583635057,56,11,1
0,1772828780.8681977,135.4,35,0.317,0.7644,0.2146,0.2245,63.3634,76.4414,22.4524,0.0,0.0,0.0,6.24,4.08,2.16,None,0.17133045196533203,12.59,True,None,sfc_cache_p5_7,0,None,125.65,69.28,858.0,105,70,6,6,0,False,100.0,8.381714285714287,4.333571428571429,4.242857142857143,0.2281,0.897,0.0892,0.2004,3271.87519879833,2921.87519879833,350.0,0.7067315734285915,58,11,1
0,1772828780.8699281,135.4,35,0.317,0.7644,0.2146,0.2245,63.3634,76.4414,22.4524,0.0,0.0,0.0,8.64,6.05,2.59,None,0.17133045196533203,10.725,True,None,sfc_unique_p5_7,0,None,125.65,69.28,858.0,105,70,6,6,0,False,100.0,8.381714285714287,4.333571428571429,4.242857142857143,0.2281,0.897,0.0892,0.2004,3271.87519879833,2921.87519879833,350.0,0.7067315734285915,58,11,1
0,1772828780.9069002,135.5,36,0.327,0.7753,0.233,0.2495,66.2437,77.5325,24.9471,0.0,0.0,0.0,6.19,3.72,2.48,None,0.21245098114013672,11.292,True,None,sfc_cache_p6_7,0,None,125.65,69.28,858.0,106,72,6,6,0,False,100.0,8.519305555555555,4.273333333333333,4.583333333333333,0.2252,0.9097,0.1035,0.2028,3299.937768060054,2939.937768060054,360.0,0.6997509600713341,60,11,1
0,1772828780.9086082,135.5,36,0.327,0.7753,0.233,0.2495,66.2437,77.5325,24.9471,0.0,0.0,0.0,8.24,4.78,3.46,None,0.21245098114013672,9.536,True,None,sfc_unique_p6_7,0,None,125.65,69.28,858.0,106,72,6,6,0,False,100.0,8.519305555555555,4.273333333333333,4.583333333333333,0.2252,0.9097,0.1035,0.2028,3299.937768060054,2939.937768060054,360.0,0.6997509600713341,60,11,1
0,1772828803.735397,158.3,36,0.3308,0.5443,0.0252,0.1996,62.1031,54.4325,19.9577,0.0,0.0,0.0,4.29,1.28,3.01,None,0.00020241737365722656,14.057,True,None,sfc_cache_p1_8,0,None,113.65,56.29,759.0,91,62,6,6,0,False,100.0,9.274999999999999,3.484032258064516,4.258064516129032,0.2376,0.7724,0.0952,0.1777,3094.697610277047,2784.697610277047,310.0,0.6625291387738318,62,0,0
0,1772828803.7376652,158.3,36,0.3308,0.5443,0.0252,0.1996,62.1031,54.4325,19.9577,0.0,0.0,0.0,6.28,2.83,3.44,None,0.00020241737365722656,12.989,True,None,sfc_unique_p1_8,0,None,113.65,56.29,759.0,91,62,6,6,0,False,100.0,9.274999999999999,3.484032258064516,4.258064516129032,0.2376,0.7724,0.0952,0.1777,3094.697610277047,2784.697610277047,310.0,0.6625291387738318,62,0,0
0,1772828803.7834134,158.3,37,0.3351,0.5771,0.0484,0.2245,64.047,57.7084,22.4524,0.0,0.0,0.0,4.82,1.81,3.01,None,0.04972052574157715,13.083,True,None,sfc_cache_p2_8,0,None,113.65,56.29,759.0,93,64,6,6,0,False,100.0,9.26640625,3.57828125,4.640625,0.2337,0.7994,0.0991,0.1852,3140.71525460455,2820.71525460455,320.0,0.6656471315556738,64,0,0
0,1772828803.7857013,158.3,37,0.3351,0.5771,0.0484,0.2245,64.047,57.7084,22.4524,0.0,0.0,0.0,6.28,2.83,3.44,None,0.04972052574157715,12.877,True,None,sfc_unique_p2_8,0,None,113.65,56.29,759.0,93,64,6,6,0,False,100.0,9.26640625,3.57828125,4.640625,0.2337,0.7994,0.0991,0.1852,3140.71525460455,2820.71525460455,320.0,0.6656471315556738,64,0,0
0,1772828803.8273275,158.4,38,0.3382,0.5989,0.0716,0.2245,65.559,59.8932,22.4524,0.0,0.0,0.0,4.82,1.81,3.01,None,0.09783411026000977,13.299,True,None,sfc_cache_p3_8,0,None,117.65,60.62,792.0,97,66,6,6,0,False,100.0,9.197727272727272,3.6012121212121215,4.5,0.229,0.8108,0.0974,0.1905,3171.85014084507,2841.85014084507,330.0,0.6683317702112203,66,0,0
0,1772828803.8286667,158.4,38,0.3382,0.5989,0.0716,0.2245,65.559,59.8932,22.4524,0.0,0.0,0.0,6.28,2.83,3.44,None,0.09783411026000977,8.067,True,None,sfc_unique_p3_8,0,None,117.65,60.62,792.0,97,66,6,6,0,False,100.0,9.197727272727272,3.6012121212121215,4.5,0.229,0.8108,0.0974,0.1905,3171.85014084507,2841.85014084507,330.0,0.6683317702112203,66,0,0
0,1772828803.857864,158.4,39,0.3404,0.6409,0.096,0.2245,66.6757,64.0913,22.4524,0.0,0.0,0.0,5.76,2.75,3.01,None,0.13983845710754395,8.028,True,None,sfc_cache_p4_8,0,None,121.65,60.62,825.0,99,68,6,6,0,False,100.0,9.079264705882352,3.7402941176470588,4.367647058823529,0.2269,0.8501,0.0957,0.1965,3206.410772326265,2866.410772326265,340.0,0.6686240583324535,67,1,0
0,1772828803.8590913,158.4,39,0.3404,0.6409,0.096,0.2245,66.6757,64.0913,22.4524,0.0,0.0,0.0,5.2,1.25,3.95,None,0.13983845710754395,7.762,True,None,sfc_unique_p4_8,0,None,121.65,60.62,825.0,99,68,6,6,0,False,100.0,9.079264705882352,3.7402941176470588,4.367647058823529,0.2269,0.8501,0.0957,0.1965,3206.410772326265,2866.410772326265,340.0,0.6686240583324535,67,1,0
0,1772828803.9551678,158.5,40,0.3404,0.6409,0.096,0.2245,66.6757,64.0913,22.4524,0.0,0.0,0.0,5.77,3.16,2.61,None,0.17018747329711914,11.933,False,None,sfc_cache_p5_8,0,None,121.65,60.62,825.0,99,68,6,6,0,False,98.9247311827957,9.079264705882352,3.7402941176470588,4.367647058823529,0.2269,0.8501,0.0957,0.1965,3206.410772326265,2866.410772326265,340.0,0.6686240583324535,67,1,0
0,1772828803.9565866,158.5,40,0.3404,0.6409,0.096,0.2245,66.6757,64.0913,22.4524,0.0,0.0,0.0,None,None,None,None,0.17018747329711914,6.153,False,None,sfc_unique_p5_8,0,None,121.65,60.62,825.0,99,68,6,6,0,False,97.87234042553192,9.079264705882352,3.7402941176470588,4.367647058823529,0.2269,0.8501,0.0957,0.1965,3206.410772326265,2866.410772326265,340.0,0.6686240583324535,67,1,0
0,1772828803.983325,158.5,41,0.3404,0.6409,0.096,0.2245,66.6757,64.0913,22.4524,0.0,0.0,0.0,5.77,3.16,2.61,None,0.2678217887878418,7.465,False,None,sfc_cache_p6_8,0,None,121.65,60.62,825.0,99,68,6,6,0,False,96.84210526315789,9.079264705882352,3.7402941176470588,4.367647058823529,0.2269,0.8501,0.0957,0.1965,3206.410772326265,2866.410772326265,340.0,0.6686240583324535,67,1,0
0,1772828803.9848204,158.5,41,0.3404,0.6409,0.096,0.2245,66.6757,64.0913,22.4524,0.0,0.0,0.0,None,None,None,None,0.2678217887878418,6.518,False,None,sfc_unique_p6_8,0,None,121.65,60.62,825.0,99,68,6,6,0,False,95.83333333333334,9.079264705882352,3.7402941176470588,4.367647058823529,0.2269,0.8501,0.0957,0.1965,3206.410772326265,2866.410772326265,340.0,0.6686240583324535,67,1,0
0,1772828828.796067,183.3,41,0.2984,0.3998,0.0132,0.1996,49.1782,39.9808,19.9577,0.0,0.0,0.0,4.99,3.55,1.44,None,0.00016641616821289062,18.013,True,None,sfc_cache_p1_9,0,None,81.65,17.32,495.0,60,46,6,5,0,False,95.87628865979381,9.899347826086956,3.449130434782609,5.739130434782608,0.2595,0.6611,0.1114,0.1512,2885.691970900994,2655.691970900994,230.0,0.6813775011813753,45,1,0
0,1772828828.79795,183.3,41,0.2984,0.3998,0.0132,0.1996,49.1782,39.9808,19.9577,0.0,0.0,0.0,6.77,4.9,1.87,None,0.00016641616821289062,19.308,True,None,sfc_unique_p1_9,0,None,81.65,17.32,495.0,60,46,6,5,0,False,95.91836734693877,9.899347826086956,3.449130434782609,5.739130434782608,0.2595,0.6611,0.1114,0.1512,2885.691970900994,2655.691970900994,230.0,0.6813775011813753,45,1,0
0,1772828828.8541932,183.4,42,0.304,0.4326,0.0269,0.2245,51.1221,43.2567,22.4524,0.0,0.0,0.0,3.67,1.83,1.84,None,0.0591278076171875,17.675,True,None,sfc_cache_p2_9,0,None,81.65,17.32,495.0,62,48,6,5,0,False,95.95959595959596,9.861875,3.57625,6.1875,0.2588,0.6695,0.1092,0.1595,2919.246959292884,2679.246959292884,240.0,0.6830034914521241,47,1,0
0,1772828828.8560925,183.4,42,0.304,0.4326,0.0269,0.2245,51.1221,43.2567,22.4524,0.0,0.0,0.0,6.77,4.9,1.87,None,0.0591278076171875,19.362,True,None,sfc_unique_p2_9,0,None,81.65,17.32,495.0,62,48,6,5,0,False,96.0,9.861875,3.57625,6.1875,0.2588,0.6695,0.1092,0.1595,2919.246959292884,2679.246959292884,240.0,0.6830034914521241,47,1,0
0,1772828828.9114373,183.5,43,0.3152,0.4519,0.0395,0.2495,53.6427,45.187,24.9471,0.0,0.0,0.0,6.13,3.86,2.27,None,0.11730694770812988,17.247,True,None,sfc_cache_p3_9,0,None,81.65,17.32,495.0,63,50,6,5,0,False,96.03960396039604,9.934199999999999,3.5864,6.6,0.2583,0.6703,0.1072,0.1681,2942.1098164357413,2692.1098164357413,250.0,0.67612165384515,49,1,0
0,1772828828.9133685,183.5,43,0.3152,0.4519,0.0395,0.2495,53.6427,45.187,24.9471,0.0,0.0,0.0,6.76,4.89,1.87,None,0.11730694770812988,18.058,True,None,sfc_unique_p3_9,0,None,81.65,17.32,495.0,63,50,6,5,0,False,96.07843137254902,9.934199999999999,3.5864,6.6,0.2583,0.6703,0.1072,0.1681,2942.1098164357413,2692.1098164357413,250.0,0.67612165384515,49,1,0
0,1772828828.9682314,183.5,44,0.3215,0.4846,0.0567,0.2744,55.5866,48.4629,27.4418,0.0,0.0,0.0,4.91,2.57,2.34,None,0.17457890510559082,16.875,True,None,sfc_cache_p4_9,0,None,81.65,17.32,495.0,63,52,6,5,0,False,96.11650485436894,9.898269230769232,3.6984615384615385,6.980769230769231,0.2548,0.7306,0.1242,0.1793,2988.595505957487,2728.595505957487,260.0,0.6725367680989248,51,1,0
0,1772828828.970232,183.5,44,0.3215,0.4846,0.0567,0.2744,55.5866,48.4629,27.4418,0.0,0.0,0.0,7.03,5.04,2.0,None,0.17457890510559082,17.91,True,None,sfc_unique_p4_9,0,None,81.65,17.32,495.0,63,52,6,5,0,False,96.15384615384616,9.898269230769232,3.6984615384615385,6.980769230769231,0.2548,0.7306,0.1242,0.1793,2988.595505957487,2728.595505957487,260.0,0.6725367680989248,51,1,0
0,1772828829.0247326,183.6,45,0.3287,0.5182,0.0746,0.2994,57.4949,51.8219,29.9365,0.0,0.0,0.0,4.85,2.49,2.35,None,0.23149538040161133,16.187,True,None,sfc_cache_p5_9,0,None,81.65,17.32,495.0,64,54,6,5,0,False,96.19047619047619,9.858888888888888,3.8083333333333336,7.333333333333333,0.25,0.7706,0.1283,0.1877,3027.1384559652256,2757.1384559652256,270.0,0.6675924799434361,53,1,0
0,1772828829.0267663,183.6,45,0.3287,0.5182,0.0746,0.2994,57.4949,51.8219,29.9365,0.0,0.0,0.0,7.03,5.04,2.0,None,0.23149538040161133,17.186,True,None,sfc_unique_p5_9,0,None,81.65,17.32,495.0,64,54,6,5,0,False,96.22641509433963,9.858888888888888,3.8083333333333336,7.333333333333333,0.25,0.7706,0.1283,0.1877,3027.1384559652256,2757.1384559652256,270.0,0.6675924799434361,53,1,0
0,1772828829.0818443,183.6,46,0.332,0.5409,0.0917,0.2994,58.9712,54.0898,29.9365,0.0,0.0,0.0,4.85,2.49,2.35,None,0.28806352615356445,16.307,True,None,sfc_cache_p6_9,0,None,85.65,21.65,528.0,68,56,6,5,0,False,96.26168224299066,9.750892857142857,3.8330357142857143,7.071428571428571,0.2437,0.7764,0.1259,0.1936,3041.1384559652256,2761.1384559652256,280.0,0.6605626623834441,55,1,0
0,1772828829.0839484,183.6,46,0.332,0.5409,0.0917,0.2994,58.9712,54.0898,29.9365,0.0,0.0,0.0,6.47,4.47,2.0,None,0.28806352615356445,16.941,True,None,sfc_unique_p6_9,0,None,85.65,21.65,528.0,68,56,6,5,0,False,96.29629629629629,9.750892857142857,3.8330357142857143,7.071428571428571,0.2437,0.7764,0.1259,0.1936,3041.1384559652256,2761.1384559652256,280.0,0.6605626623834441,55,1,0
0,1772828855.8351693,210.4,46,0.2903,0.4804,0.0134,0.2994,47.4513,48.042,29.9365,0.0,0.0,0.0,3.37,2.75,0.62,None,0.00011086463928222656,26.305,True,None,sfc_cache_p1_10,0,None,61.32000000000001,21.65,363.0,54,46,6,5,0,False,96.3302752293578,9.551739130434783,4.144565217391304,8.608695652173912,0.226,0.6952,0.1393,0.1876,2906.8699112747568,2676.8699112747568,230.0,0.7004209774803141,45,1,0
0,1772828855.8375993,210.4,46,0.2903,0.4804,0.0134,0.2994,47.4513,48.042,29.9365,0.0,0.0,0.0,5.39,4.38,1.01,None,0.00011086463928222656,26.559,True,None,sfc_unique_p1_10,0,None,61.32000000000001,21.65,363.0,54,46,6,5,0,False,96.36363636363636,9.551739130434783,4.144565217391304,8.608695652173912,0.226,0.6952,0.1393,0.1876,2906.8699112747568,2676.8699112747568,230.0,0.7004209774803141,45,1,0
0,1772828855.9137204,210.5,47,0.2935,0.5023,0.0274,0.2994,48.9632,50.2268,29.9365,0.0,0.0,0.0,3.37,2.75,0.62,None,0.07848548889160156,24.966,True,None,sfc_cache_p2_10,0,None,65.32,25.98,396.0,58,48,6,5,0,False,96.3963963963964,9.445416666666667,4.1525,8.25,0.2292,0.7191,0.1364,0.1975,2938.483444467908,2698.483444467908,240.0,0.7004737181105226,47,1,0
0,1772828855.9161365,210.5,47,0.2935,0.5023,0.0274,0.2994,48.9632,50.2268,29.9365,0.0,0.0,0.0,5.37,4.32,1.05,None,0.07848548889160156,25.172,True,None,sfc_unique_p2_10,0,None,65.32,25.98,396.0,58,48,6,5,0,False,96.42857142857143,9.445416666666667,4.1525,8.25,0.2292,0.7191,0.1364,0.1975,2938.483444467908,2698.483444467908,240.0,0.7004737181105226,47,1,0
0,1772828855.9918294,210.5,48,0.2966,0.5241,0.0414,0.2994,50.4752,52.4116,29.9365,0.0,0.0,0.0,3.37,2.75,0.62,None,0.15704846382141113,25.009,True,None,sfc_cache_p3_10,0,None,69.32,30.31,429.0,62,50,6,5,0,False,96.46017699115043,9.3476,4.159800000000001,7.92,0.2298,0.7357,0.1336,0.2027,2978.2659917455676,2728.2659917455676,250.0,0.6981116477314546,49,1,0
0,1772828855.99428,210.5,48,0.2966,0.5241,0.0414,0.2994,50.4752,52.4116,29.9365,0.0,0.0,0.0,5.37,4.32,1.05,None,0.15704846382141113,24.763,True,None,sfc_unique_p3_10,0,None,69.32,30.31,429.0,62,50,6,5,0,False,96.49122807017544,9.3476,4.159800000000001,7.92,0.2298,0.7357,0.1336,0.2027,2978.2659917455676,2728.2659917455676,250.0,0.6981116477314546,49,1,0
0,1772828856.0761132,210.6,49,0.3007,0.546,0.0554,0.2994,51.9871,54.5963,29.9365,0.0,0.0,0.0,3.37,2.75,0.62,None,0.2301936149597168,24.818,True,None,sfc_cache_p4_10,0,None,73.32,34.64,462.0,66,52,6,5,0,False,96.52173913043478,9.257307692307693,4.166538461538462,7.615384615384615,0.2282,0.7451,0.1309,0.2036,3015.715323981264,2755.715323981264,260.0,0.6936983717731414,51,1,0
0,1772828856.077968,210.6,49,0.3007,0.546,0.0554,0.2994,51.9871,54.5963,29.9365,0.0,0.0,0.0,5.37,4.32,1.05,None,0.2301936149597168,30.686,True,None,sfc_unique_p4_10,0,None,73.32,34.64,462.0,66,52,6,5,0,False,96.55172413793103,9.257307692307693,4.166538461538462,7.615384615384615,0.2282,0.7451,0.1309,0.2036,3015.715323981264,2755.715323981264,260.0,0.6936983717731414,51,1,0
0,1772828856.1338594,210.7,50,0.3035,0.5678,0.0694,0.2994,53.4991,56.7811,29.9365,0.0,0.0,0.0,3.37,2.75,0.62,None,0.3132162094116211,18.493,True,None,sfc_cache_p5_10,0,None,77.32,38.97,495.0,70,54,6,5,0,False,96.58119658119658,9.173703703703703,4.172777777777778,7.333333333333333,0.2246,0.7478,0.1283,0.2011,3038.4002798704455,2768.4002798704455,270.0,0.687542645691574,53,1,0
0,1772828856.1358676,210.7,50,0.3035,0.5678,0.0694,0.2994,53.4991,56.7811,29.9365,0.0,0.0,0.0,5.37,4.32,1.05,None,0.3132162094116211,17.895,True,None,sfc_unique_p5_10,0,None,77.32,38.97,495.0,70,54,6,5,0,False,96.61016949152543,9.173703703703703,4.172777777777778,7.333333333333333,0.2246,0.7478,0.1283,0.2011,3038.4002798704455,2768.4002798704455,270.0,0.687542645691574,53,1,0
0,1772828856.191894,210.7,51,0.3072,0.5905,0.0841,0.2994,54.9754,59.049,29.9365,0.0,0.0,0.0,3.37,2.75,0.62,None,0.3711824417114258,18.423,True,None,sfc_cache_p6_10,0,None,81.32,43.3,528.0,74,56,6,5,0,False,96.63865546218487,9.090178571428572,4.184464285714286,7.071428571428571,0.2318,0.8292,0.1259,0.2028,3079.4621248263816,2799.4621248263816,280.0,0.6834362049602902,55,1,0
0,1772828856.1939034,210.7,51,0.3072,0.5905,0.0841,0.2994,54.9754,59.049,29.9365,0.0,0.0,0.0,8.06,6.95,1.11,None,0.3711824417114258,18.004,True,None,sfc_unique_p6_10,0,None,81.32,43.3,528.0,74,56,6,5,0,False,96.66666666666667,9.090178571428572,4.184464285714286,7.071428571428571,0.2318,0.8292,0.1259,0.2028,3079.4621248263816,2799.4621248263816,280.0,0.6834362049602902,55,1,0
0,1772828875.8484805,230.4,51,0.2754,0.6123,0.0132,0.2994,46.6942,61.2337,29.9365,0.0,0.0,0.0,3.99,3.27,0.72,None,0.00026798248291015625,20.327,True,None,sfc_cache_p1_11,0,None,56.33,43.3,429.0,61,50,6,6,0,False,96.69421487603306,8.6474,4.86,7.92,0.2472,0.8289,0.1336,0.1621,3029.5397258169405,2779.5397258169405,250.0,0.6968698833752452,49,1,0
0,1772828875.8510249,230.4,51,0.2754,0.6123,0.0132,0.2994,46.6942,61.2337,29.9365,0.0,0.0,0.0,4.17,2.88,1.29,None,0.00026798248291015625,21.314,True,None,sfc_unique_p1_11,0,None,56.33,43.3,429.0,61,50,6,6,0,False,96.72131147540983,8.6474,4.86,7.92,0.2472,0.8289,0.1336,0.1621,3029.5397258169405,2779.5397258169405,250.0,0.6968698833752452,49,1,0
0,1772828875.929135,230.5,52,0.2867,0.6232,0.0275,0.3243,49.5745,62.3249,32.4312,0.0,0.0,0.0,3.73,2.08,1.65,None,0.06831836700439453,25.753,True,None,sfc_cache_p2_11,0,None,56.33,43.3,429.0,63,52,6,6,0,False,96.7479674796748,8.827692307692308,4.756346153846154,8.25,0.245,0.8398,0.1425,0.1779,3065.405090311601,2805.405090311601,260.0,0.6958179585622424,51,1,0
0,1772828875.9318314,230.5,52,0.2867,0.6232,0.0275,0.3243,49.5745,62.3249,32.4312,0.0,0.0,0.0,6.62,5.07,1.55,None,0.06831836700439453,25.256,True,None,sfc_unique_p2_11,0,None,56.33,43.3,429.0,63,52,6,6,0,False,96.7741935483871,8.827692307692308,4.756346153846154,8.25,0.245,0.8398,0.1425,0.1779,3065.405090311601,2805.405090311601,260.0,0.6958179585622424,51,1,0
0,1772828876.0109909,230.6,53,0.2963,0.6232,0.0418,0.3243,52.0228,62.3249,32.4312,0.0,0.0,0.0,3.73,2.08,1.65,None,0.14932847023010254,25.89,True,None,sfc_cache_p3_11,0,None,60.33,47.63,462.0,67,54,6,6,0,False,96.8,8.920555555555556,4.580185185185186,7.944444444444445,0.239,0.8398,0.1397,0.1901,3077.647777202175,2807.647777202175,270.0,0.6937626464794578,53,1,0
0,1772828876.0136497,230.6,53,0.2963,0.6232,0.0418,0.3243,52.0228,62.3249,32.4312,0.0,0.0,0.0,6.62,5.07,1.55,None,0.14932847023010254,24.382,True,None,sfc_unique_p3_11,0,None,60.33,47.63,462.0,67,54,6,6,0,False,96.82539682539682,8.920555555555556,4.580185185185186,7.944444444444445,0.239,0.8398,0.1397,0.1901,3077.647777202175,2807.647777202175,270.0,0.6937626464794578,53,1,0
0,1772828876.2054918,230.8,54,0.3046,0.6316,0.0581,0.3243,54.1114,63.164,32.4312,0.0,0.0,0.0,3.73,2.08,1.65,None,0.23118877410888672,147.835,True,None,sfc_cache_p4_11,0,None,64.33,51.96,495.0,71,56,6,6,0,False,96.8503937007874,8.94732142857143,4.476071428571428,7.660714285714286,0.2322,0.8355,0.137,0.1983,3087.647777202175,2807.647777202175,280.0,0.6907879695786673,55,1,0
0,1772828876.2075486,230.8,54,0.3046,0.6316,0.0581,0.3243,54.1114,63.164,32.4312,0.0,0.0,0.0,4.47,2.92,1.55,None,0.23118877410888672,17.589,True,None,sfc_unique_p4_11,0,None,64.33,51.96,495.0,71,56,6,6,0,False,96.875,8.94732142857143,4.476071428571428,7.660714285714286,0.2322,0.8355,0.137,0.1983,3087.647777202175,2807.647777202175,280.0,0.6907879695786673,55,1,0
0,1772828876.2629828,230.8,55,0.3083,0.6543,0.0738,0.3243,55.5877,65.4319,32.4312,0.0,0.0,0.0,3.73,2.08,1.65,None,0.42435145378112793,17.857,True,None,sfc_cache_p5_11,0,None,68.33,56.29,528.0,74,58,6,6,0,False,96.89922480620154,8.87448275862069,4.476896551724138,7.396551724137931,0.2297,0.8527,0.1344,0.2047,3123.3949525620264,2833.3949525620264,290.0,0.6964012943199352,56,1,1
0,1772828876.265006,230.8,55,0.3083,0.6543,0.0738,0.3243,55.5877,65.4319,32.4312,0.0,0.0,0.0,3.7,1.9,1.79,None,0.42435145378112793,16.427,True,None,sfc_unique_p5_11,0,None,68.33,56.29,528.0,74,58,6,6,0,False,96.92307692307692,8.87448275862069,4.476896551724138,7.396551724137931,0.2297,0.8527,0.1344,0.2047,3123.3949525620264,2833.3949525620264,290.0,0.6964012943199352,56,1,1
0,1772828876.3203537,230.9,56,0.3129,0.677,0.089,0.3243,57.064,67.6998,32.4312,0.0,0.0,0.0,3.1,1.44,1.65,None,0.48184800148010254,17.438,True,None,sfc_cache_p6_11,0,None,72.33,60.62,561.0,78,60,6,6,0,False,96.94656488549617,8.8065,4.477666666666667,7.15,0.2271,0.8629,0.132,0.2089,3160.366396610935,2860.366396610935,300.0,0.7032777807712,56,2,2
0,1772828876.3224955,230.9,56,0.3129,0.677,0.089,0.3243,57.064,67.6998,32.4312,0.0,0.0,0.0,3.7,1.9,1.79,None,0.48184800148010254,16.81,True,None,sfc_unique_p6_11,0,None,72.33,60.62,561.0,78,60,6,6,0,False,96.96969696969697,8.8065,4.477666666666667,7.15,0.2271,0.8629,0.132,0.2089,3160.366396610935,2860.366396610935,300.0,0.7032777807712,56,2,2
0,1772828893.875087,248.4,56,0.2559,0.5879,0.0136,0.2744,41.4759,58.7945,27.4418,0.0,0.0,0.0,3.67,1.83,1.84,None,0.00021386146545410156,22.41,True,None,sfc_cache_p1_12,0,None,48.0,47.63,396.0,56,46,6,5,0,False,96.99248120300751,8.34891304347826,5.072173913043478,7.891304347826087,0.2231,0.7188,0.1333,0.1403,2957.812268719945,2727.812268719945,230.0,0.755096016108775,42,2,2
0,1772828893.8761692,248.4,56,0.2559,0.5879,0.0136,0.2744,41.4759,58.7945,27.4418,0.0,0.0,0.0,8.82,6.77,2.04,None,0.00021386146545410156,20.227,True,None,sfc_unique_p1_12,0,None,48.0,47.63,396.0,56,46,6,5,0,False,97.01492537313433,8.34891304347826,5.072173913043478,7.891304347826087,0.2231,0.7188,0.1333,0.1403,2957.812268719945,2727.812268719945,230.0,0.755096016108775,42,2,2
0,1772828893.9151125,248.5,57,0.2703,0.5989,0.0271,0.2994,44.3561,59.8856,29.9365,0.0,0.0,0.0,6.01,4.08,1.93,None,0.0645456314086914,11.867,True,None,sfc_cache_p2_12,0,None,48.0,47.63,396.0,57,48,6,5,0,False,97.03703703703704,8.556666666666667,4.951041666666667,8.25,0.2217,0.746,0.1497,0.1537,2990.2724502210995,2750.2724502210995,240.0,0.7470628577121361,44,2,2
0,1772828893.9163744,248.5,57,0.2703,0.5989,0.0271,0.2994,44.3561,59.8856,29.9365,0.0,0.0,0.0,7.66,5.39,2.27,None,0.0645456314086914,14.004,True,None,sfc_unique_p2_12,0,None,48.0,47.63,396.0,57,48,6,5,0,False,97.05882352941177,8.556666666666667,4.951041666666667,8.25,0.2217,0.746,0.1497,0.1537,2990.2724502210995,2750.2724502210995,240.0,0.7470628577121361,44,2,2
0,1772828893.9575481,248.5,58,0.2817,0.5989,0.0405,0.2994,46.8044,59.8856,29.9365,0.0,0.0,0.0,6.01,4.08,1.93,None,0.1048426628112793,12.651,True,None,sfc_cache_p3_12,0,None,52.0,51.96,429.0,61,50,6,5,0,False,97.08029197080292,8.6678,4.753,7.92,0.2157,0.746,0.1467,0.1643,3004.679261500926,2754.679261500926,250.0,0.7395804004352315,46,2,2
0,1772828893.95873,248.5,58,0.2817,0.5989,0.0405,0.2994,46.8044,59.8856,29.9365,0.0,0.0,0.0,7.66,5.39,2.27,None,0.1048426628112793,13.771,True,None,sfc_unique_p3_12,0,None,52.0,51.96,429.0,61,50,6,5,0,False,97.10144927536231,8.6678,4.753,7.92,0.2157,0.746,0.1467,0.1643,3004.679261500926,2754.679261500926,250.0,0.7395804004352315,46,2,2
0,1772828893.998655,248.5,59,0.2862,0.6207,0.0554,0.2994,48.3163,62.0704,29.9365,0.0,0.0,0.0,6.01,4.08,1.93,None,0.1472187042236328,13.089,True,None,sfc_cache_p4_12,0,None,56.0,56.29,462.0,65,52,6,5,0,False,97.12230215827337,8.603653846153845,4.736923076923077,7.615384615384615,0.2169,0.7846,0.1437,0.1683,3047.9039299236097,2787.9039299236097,260.0,0.7337894201071223,48,2,2
0,1772828893.9999259,248.5,59,0.2862,0.6207,0.0554,0.2994,48.3163,62.0704,29.9365,0.0,0.0,0.0,7.17,4.81,2.36,None,0.1472187042236328,13.209,True,None,sfc_unique_p4_12,0,None,56.0,56.29,462.0,65,52,6,5,0,False,97.14285714285714,8.603653846153845,4.736923076923077,7.615384615384615,0.2169,0.7846,0.1437,0.1683,3047.9039299236097,2787.9039299236097,260.0,0.7337894201071223,48,2,2
0,1772828894.043308,248.6,60,0.2905,0.6426,0.0702,0.2994,49.8283,64.2551,29.9365,0.0,0.0,0.0,6.01,4.08,1.93,None,0.18839287757873535,13.192,True,None,sfc_cache_p5_12,0,None,60.0,60.62,495.0,69,54,6,5,0,False,97.16312056737588,8.54425925925926,4.722037037037037,7.333333333333333,0.2162,0.8012,0.1409,0.1689,3081.750741203436,2811.750741203436,270.0,0.726427350439227,50,2,2
0,1772828894.044501,248.6,60,0.2905,0.6426,0.0702,0.2994,49.8283,64.2551,29.9365,0.0,0.0,0.0,7.17,4.81,2.36,None,0.18839287757873535,14.654,True,None,sfc_unique_p5_12,0,None,60.0,60.62,495.0,69,54,6,5,0,False,97.1830985915493,8.54425925925926,4.722037037037037,7.333333333333333,0.2162,0.8012,0.1409,0.1689,3081.750741203436,2811.750741203436,270.0,0.726427350439227,50,2,2
0,1772828894.0816228,248.6,61,0.3012,0.6426,0.0823,0.2994,52.2766,64.2551,29.9365,0.0,0.0,0.0,6.01,4.08,1.93,None,0.23315644264221191,11.438,True,None,sfc_cache_p6_12,0,None,64.0,64.95,528.0,73,56,6,5,0,False,97.2027972027972,8.643928571428571,4.553392857142858,7.071428571428571,0.2153,0.8012,0.1382,0.167,3103.642281333588,2823.642281333588,280.0,0.7117333500838381,52,2,2
0,1772828894.0829067,248.6,61,0.3012,0.6426,0.0823,0.2994,52.2766,64.2551,29.9365,0.0,0.0,0.0,10.87,8.51,2.36,None,0.23315644264221191,11.694,True,None,sfc_unique_p6_12,0,None,64.0,64.95,528.0,73,56,6,5,0,False,97.22222222222221,8.643928571428571,4.553392857142858,7.071428571428571,0.2153,0.8012,0.1382,0.167,3103.642281333588,2823.642281333588,280.0,0.7117333500838381,52,2,2
0,1772828914.916122,269.5,61,0.3129,0.6535,0.0982,0.3243,55.1568,65.3462,32.4312,0.0,0.0,0.0,2.66,1.82,0.84,None,0.0004334449768066406,18.948,True,None,sfc_cache_p1_13,0,None,64.0,64.95,528.0,74,58,6,6,0,False,97.24137931034483,8.805689655172413,4.47103448275862,7.396551724137931,0.2232,0.8009,0.136,0.1698,3138.1859155735347,2848.1859155735347,290.0,0.7115638370358641,54,2,2
0,1772828914.9184103,269.5,61,0.3129,0.6535,0.0982,0.3243,55.1568,65.3462,32.4312,0.0,0.0,0.0,9.42,7.93,1.49,None,0.0004334449768066406,17.586,True,None,sfc_unique_p1_13,0,None,64.0,64.95,528.0,74,58,6,6,0,False,97.26027397260275,8.805689655172413,4.47103448275862,7.396551724137931,0.2232,0.8009,0.136,0.1698,3138.1859155735347,2848.1859155735347,290.0,0.7115638370358641,54,2,2
0,1772828914.9795763,269.5,62,0.3257,0.6635,0.1148,0.3493,58.0727,66.3542,34.9259,0.0,0.0,0.0,2.22,1.38,0.84,None,0.06286931037902832,18.766,True,None,sfc_cache_p2_13,0,None,64.0,64.95,528.0,76,60,6,6,0,False,97.27891156462584,8.962166666666667,4.3886666666666665,7.7,0.2246,0.7995,0.1518,0.1694,3168.893957417121,2868.893957417121,300.0,0.7105041438712038,56,2,2
0,1772828914.9818568,269.5,62,0.3257,0.6635,0.1148,0.3493,58.0727,66.3542,34.9259,0.0,0.0,0.0,9.42,7.93,1.49,None,0.06286931037902832,17.707,True,None,sfc_unique_p2_13,0,None,64.0,64.95,528.0,76,60,6,6,0,False,97.2972972972973,8.962166666666667,4.3886666666666665,7.7,0.2246,0.7995,0.1518,0.1694,3168.893957417121,2868.893957417121,300.0,0.7105041438712038,56,2,2
0,1772828915.039858,269.6,63,0.3302,0.6971,0.1292,0.3742,59.981,69.7132,37.4206,0.0,0.0,0.0,3.05,1.69,1.36,None,0.12526893615722656,17.825,True,None,sfc_cache_p3_13,0,None,64.0,64.95,528.0,76,62,6,6,0,False,97.31543624161074,8.958064516129031,4.462096774193548,7.983870967741935,0.225,0.8037,0.155,0.1777,3193.025670774186,2883.025670774186,310.0,0.7167909516301381,56,3,3
0,1772828915.042184,269.6,63,0.3302,0.6971,0.1292,0.3742,59.981,69.7132,37.4206,0.0,0.0,0.0,3.9,2.4,1.5,None,0.12526893615722656,17.169,True,None,sfc_unique_p3_13,0,None,64.0,64.95,528.0,76,62,6,6,0,False,97.33333333333334,8.958064516129031,4.462096774193548,7.983870967741935,0.225,0.8037,0.155,0.1777,3193.025670774186,2883.025670774186,310.0,0.7167909516301381,56,3,3
0,1772828915.1000884,269.6,64,0.3386,0.6971,0.1422,0.3742,62.4293,69.7132,37.4206,0.0,0.0,0.0,3.05,1.69,1.36,None,0.18558859825134277,17.93,True,None,sfc_cache_p4_13,0,None,68.0,69.28,561.0,80,64,6,6,0,False,97.35099337748345,9.03234375,4.32265625,7.734375,0.2237,0.8037,0.1522,0.1845,3214.802872445754,2894.802872445754,320.0,0.7211479613276179,56,5,3
0,1772828915.1024566,269.6,64,0.3386,0.6971,0.1422,0.3742,62.4293,69.7132,37.4206,0.0,0.0,0.0,4.83,3.04,1.79,None,0.18558859825134277,16.331,True,None,sfc_unique_p4_13,0,None,68.0,69.28,561.0,80,64,6,6,0,False,97.36842105263158,9.03234375,4.32265625,7.734375,0.2237,0.8037,0.1522,0.1845,3214.802872445754,2894.802872445754,320.0,0.7211479613276179,56,5,3
0,1772828915.1605291,269.7,65,0.3456,0.6971,0.1553,0.3742,64.8775,69.7132,37.4206,0.0,0.0,0.0,3.05,1.69,1.36,None,0.24586129188537598,17.693,True,None,sfc_cache_p5_13,0,None,72.0,73.61,594.0,84,66,6,6,0,False,97.38562091503267,9.102121212121212,4.191666666666666,7.5,0.2218,0.8037,0.1495,0.1894,3236.762708384463,2906.762708384463,330.0,0.7251106595322627,57,6,3
0,1772828915.1629453,269.7,65,0.3456,0.6971,0.1553,0.3742,64.8775,69.7132,37.4206,0.0,0.0,0.0,4.83,3.04,1.79,None,0.24586129188537598,16.365,True,None,sfc_unique_p5_13,0,None,72.0,73.61,594.0,84,66,6,6,0,False,97.40259740259741,9.102121212121212,4.191666666666666,7.5,0.2218,0.8037,0.1495,0.1894,3236.762708384463,2906.762708384463,330.0,0.7251106595322627,57,6,3
0,1772828915.2203505,269.8,66,0.3523,0.6971,0.1684,0.3742,67.3258,69.7132,37.4206,0.0,0.0,0.0,3.05,1.69,1.36,None,0.30612826347351074,17.569,True,None,sfc_cache_p6_13,0,None,76.0,77.94,627.0,88,68,6,6,0,False,97.41935483870968,9.167794117647059,4.0683823529411764,7.279411764705882,0.2193,0.8037,0.147,0.1925,3258.7225443231723,2918.7225443231723,340.0,0.7287141424425765,57,8,3
0,1772828915.22269,269.8,66,0.3523,0.6971,0.1684,0.3742,67.3258,69.7132,37.4206,0.0,0.0,0.0,4.83,3.04,1.79,None,0.30612826347351074,16.29,True,None,sfc_unique_p6_13,0,None,76.0,77.94,627.0,88,68,6,6,0,False,97.43589743589743,9.167794117647059,4.0683823529411764,7.279411764705882,0.2193,0.8037,0.147,0.1925,3258.7225443231723,2918.7225443231723,340.0,0.7287141424425765,57,8,3
0,1772828932.0154164,286.6,66,0.3585,0.7307,0.1845,0.3992,69.2341,73.0723,39.9153,0.0,0.0,0.0,6.01,4.08,1.93,None,0.0009605884552001953,12.583,True,None,sfc_cache_p1_14,0,None,76.0,77.94,627.0,88,70,6,7,0,False,97.45222929936305,9.158285714285714,4.142571428571429,7.542857142857143,0.2267,0.8844,0.1442,0.1952,3296.8768672236993,2946.8768672236993,350.0,0.7215592079142926,59,8,3
0,1772828932.0169132,286.6,66,0.3585,0.7307,0.1845,0.3992,69.2341,73.0723,39.9153,0.0,0.0,0.0,8.72,6.08,2.64,None,0.0009605884552001953,9.721,True,None,sfc_unique_p1_14,0,None,76.0,77.94,627.0,88,70,6,7,0,False,97.46835443037975,9.158285714285714,4.142571428571429,7.542857142857143,0.2267,0.8844,0.1442,0.1952,3296.8768672236993,2946.8768672236993,350.0,0.7215592079142926,59,8,3
0,1772828932.0513678,286.6,67,0.3647,0.7635,0.2035,0.4241,71.178,76.3482,42.41,0.0,0.0,0.0,6.88,4.64,2.25,None,0.12322402000427246,10.095,True,None,sfc_cache_p2_14,0,None,76.0,77.94,627.0,89,72,6,7,0,False,97.48427672955975,9.15388888888889,4.208055555555556,7.791666666666667,0.2239,0.9214,0.143,0.1984,3332.502120280502,2972.502120280502,360.0,0.7179005807125499,60,9,3
0,1772828932.0528164,286.6,67,0.3647,0.7635,0.2035,0.4241,71.178,76.3482,42.41,0.0,0.0,0.0,6.98,3.9,3.08,None,0.12322402000427246,8.798,True,None,sfc_unique_p2_14,0,None,76.0,77.94,627.0,89,72,6,7,0,False,97.5,9.15388888888889,4.208055555555556,7.791666666666667,0.2239,0.9214,0.143,0.1984,3332.502120280502,2972.502120280502,360.0,0.7179005807125499,60,9,3
0,1772828932.0888295,286.6,68,0.3683,0.7853,0.2215,0.449,73.1219,78.5329,44.9047,0.0,0.0,0.0,5.0,2.37,2.63,None,0.1591191291809082,10.492,True,None,sfc_cache_p3_14,0,None,76.0,82.27,627.0,91,74,6,7,0,False,97.51552795031056,9.14972972972973,4.2114864864864865,8.027027027027026,0.22,0.9245,0.1427,0.198,3347.381039952379,2977.381039952379,370.0,0.7120970491948011,62,9,3
0,1772828932.090225,286.6,68,0.3683,0.7853,0.2215,0.449,73.1219,78.5329,44.9047,0.0,0.0,0.0,7.15,4.79,2.36,None,0.1591191291809082,8.641,True,None,sfc_unique_p3_14,0,None,76.0,82.27,627.0,91,74,6,7,0,False,97.53086419753086,9.14972972972973,4.2114864864864865,8.027027027027026,0.22,0.9245,0.1427,0.198,3347.381039952379,2977.381039952379,370.0,0.7120970491948011,62,9,3
0,1772828932.122822,286.7,69,0.373,0.8181,0.2397,0.474,75.0659,81.8088,47.3995,0.0,0.0,0.0,5.22,2.57,2.65,None,0.19641542434692383,9.097,True,None,sfc_cache_p4_14,0,None,76.0,82.27,627.0,93,76,6,7,0,False,97.54601226993866,9.14578947368421,4.271710526315789,8.25,0.2186,0.9556,0.1492,0.1997,3393.633555042922,3013.633555042922,380.0,0.716288659100818,65,7,4
0,1772828932.1241848,286.7,69,0.373,0.8181,0.2397,0.474,75.0659,81.8088,47.3995,0.0,0.0,0.0,5.4,2.32,3.08,None,0.19641542434692383,7.792,True,None,sfc_unique_p4_14,0,None,76.0,82.27,627.0,93,76,6,7,0,False,97.5609756097561,9.14578947368421,4.271710526315789,8.25,0.2186,0.9556,0.1492,0.1997,3393.633555042922,3013.633555042922,380.0,0.716288659100818,65,7,4
0,1772828932.1587918,286.7,70,0.3767,0.8399,0.2575,0.474,76.5778,83.9935,47.3995,0.0,0.0,0.0,5.06,2.41,2.65,None,0.2304551601409912,9.531,True,None,sfc_cache_p5_14,0,None,80.0,86.6,660.0,97,78,6,7,0,False,97.57575757575758,9.090769230769231,4.273333333333333,8.038461538461538,0.2161,0.9693,0.1468,0.1996,3437.6499611720046,3047.6499611720046,390.0,0.7203327112427768,66,7,5
0,1772828932.160207,286.7,70,0.3767,0.8399,0.2575,0.474,76.5778,83.9935,47.3995,0.0,0.0,0.0,5.4,2.32,3.08,None,0.2304551601409912,7.966,True,None,sfc_unique_p5_14,0,None,80.0,86.6,660.0,97,78,6,7,0,False,97.59036144578313,9.090769230769231,4.273333333333333,8.038461538461538,0.2161,0.9693,0.1468,0.1996,3437.6499611720046,3047.6499611720046,390.0,0.7203327112427768,66,7,5
0,1772828932.1932561,286.7,71,0.3791,0.8618,0.2748,0.474,78.0898,86.1783,47.3995,0.0,0.0,0.0,4.94,2.29,2.65,None,0.26638293266296387,8.812,True,None,sfc_cache_p6_14,0,None,84.0,90.93,693.0,101,80,6,7,0,False,97.60479041916167,9.0385,4.274875,7.8375,0.2134,0.9775,0.1445,0.1982,3476.5715677344565,3076.5715677344565,400.0,0.7235619504689412,73,1,6
0,1772828932.1948254,286.7,71,0.3791,0.8618,0.2748,0.474,78.0898,86.1783,47.3995,0.0,0.0,0.0,5.4,2.32,3.08,None,0.26638293266296387,7.966,True,None,sfc_unique_p6_14,0,None,84.0,90.93,693.0,101,80,6,7,0,False,97.61904761904762,9.0385,4.274875,7.8375,0.2134,0.9775,0.1445,0.1982,3476.5715677344565,3076.5715677344565,400.0,0.7235619504689412,73,1,6
0,1772828947.9724107,302.5,71,0.3689,0.7224,0.047,0.4241,72.0053,72.2357,42.41,0.0,0.0,0.0,2.71,0.87,1.84,None,0.00019025802612304688,17.316,False,None,sfc_cache_p1_15,0,None,76.0,86.60000000000001,627.0,92,72,6,6,0,False,97.0414201183432,9.26027777777778,3.981388888888889,7.791666666666667,0.2295,0.9472,0.1364,0.1444,3378.220485771294,3018.220485771294,360.0,0.7292171974432048,55,11,6
0,1772828947.9748967,302.5,71,0.3689,0.7224,0.047,0.4241,72.0053,72.2357,42.41,0.0,0.0,0.0,None,None,None,None,0.00019025802612304688,15.574,False,None,sfc_unique_p1_15,0,None,76.0,86.60000000000001,627.0,92,72,6,6,0,False,96.47058823529412,9.26027777777778,3.981388888888889,7.791666666666667,0.2295,0.9472,0.1364,0.1444,3378.220485771294,3018.220485771294,360.0,0.7292171974432048,55,11,6
0,1772828948.0315382,302.6,72,0.3689,0.7224,0.047,0.4241,72.0053,72.2357,42.41,0.0,0.0,0.0,2.71,0.87,1.84,None,0.06072068214416504,16.886,False,None,sfc_cache_p2_15,0,None,76.0,86.60000000000001,627.0,92,72,6,6,0,False,95.90643274853801,9.26027777777778,3.981388888888889,7.791666666666667,0.2295,0.9472,0.1364,0.1444,3378.220485771294,3018.220485771294,360.0,0.7292171974432048,55,11,6
0,1772828948.03398,302.6,72,0.3689,0.7224,0.047,0.4241,72.0053,72.2357,42.41,0.0,0.0,0.0,None,None,None,None,0.06072068214416504,15.448,False,None,sfc_unique_p2_15,0,None,76.0,86.60000000000001,627.0,92,72,6,6,0,False,95.34883720930233,9.26027777777778,3.981388888888889,7.791666666666667,0.2295,0.9472,0.1364,0.1444,3378.220485771294,3018.220485771294,360.0,0.7292171974432048,55,11,6
0,1772828948.090247,302.6,73,0.3689,0.7224,0.047,0.4241,72.0053,72.2357,42.41,0.0,0.0,0.0,2.71,0.87,1.84,None,0.11974930763244629,16.839,False,None,sfc_cache_p3_15,0,None,76.0,86.60000000000001,627.0,92,72,6,6,0,False,94.79768786127167,9.26027777777778,3.981388888888889,7.791666666666667,0.2295,0.9472,0.1364,0.1444,3378.220485771294,3018.220485771294,360.0,0.7292171974432048,55,11,6
0,1772828948.0926166,302.6,73,0.3689,0.7224,0.047,0.4241,72.0053,72.2357,42.41,0.0,0.0,0.0,None,None,None,None,0.11974930763244629,15.373,False,None,sfc_unique_p3_15,0,None,76.0,86.60000000000001,627.0,92,72,6,6,0,False,94.25287356321839,9.26027777777778,3.981388888888889,7.791666666666667,0.2295,0.9472,0.1364,0.1444,3378.220485771294,3018.220485771294,360.0,0.7292171974432048,55,11,6
0,1772828948.1494288,302.7,74,0.3689,0.7224,0.047,0.4241,72.0053,72.2357,42.41,0.0,0.0,0.0,2.71,0.87,1.84,None,0.17839288711547852,17.055,False,None,sfc_cache_p4_15,0,None,76.0,86.60000000000001,627.0,92,72,6,6,0,False,93.71428571428572,9.26027777777778,3.981388888888889,7.791666666666667,0.2295,0.9472,0.1364,0.1444,3378.220485771294,3018.220485771294,360.0,0.7292171974432048,55,11,6
0,1772828948.1518786,302.7,74,0.3689,0.7224,0.047,0.4241,72.0053,72.2357,42.41,0.0,0.0,0.0,None,None,None,None,0.17839288711547852,15.365,False,None,sfc_unique_p4_15,0,None,76.0,86.60000000000001,627.0,92,72,6,6,0,False,93.18181818181817,9.26027777777778,3.981388888888889,7.791666666666667,0.2295,0.9472,0.1364,0.1444,3378.220485771294,3018.220485771294,360.0,0.7292171974432048,55,11,6
0,1772828948.208316,302.8,75,0.3689,0.7224,0.047,0.4241,72.0053,72.2357,42.41,0.0,0.0,0.0,2.71,0.87,1.84,None,0.23766183853149414,16.902,False,None,sfc_cache_p5_15,0,None,76.0,86.60000000000001,627.0,92,72,6,6,0,False,92.65536723163842,9.26027777777778,3.981388888888889,7.791666666666667,0.2295,0.9472,0.1364,0.1444,3378.220485771294,3018.220485771294,360.0,0.7292171974432048,55,11,6
0,1772828948.21073,302.8,75,0.3689,0.7224,0.047,0.4241,72.0053,72.2357,42.41,0.0,0.0,0.0,None,None,None,None,0.23766183853149414,15.488,False,None,sfc_unique_p5_15,0,None,76.0,86.60000000000001,627.0,92,72,6,6,0,False,92.13483146067416,9.26027777777778,3.981388888888889,7.791666666666667,0.2295,0.9472,0.1364,0.1444,3378.220485771294,3018.220485771294,360.0,0.7292171974432048,55,11,6
0,1772828948.2675164,302.8,76,0.3689,0.7224,0.047,0.4241,72.0053,72.2357,42.41,0.0,0.0,0.0,2.71,0.87,1.84,None,0.29651331901550293,17.03,False,None,sfc_cache_p6_15,0,None,76.0,86.60000000000001,627.0,92,72,6,6,0,False,91.62011173184358,9.26027777777778,3.981388888888889,7.791666666666667,0.2295,0.9472,0.1364,0.1444,3378.220485771294,3018.220485771294,360.0,0.7292171974432048,55,11,6
0,1772828948.2699404,302.8,76,0.3689,0.7224,0.047,0.4241,72.0053,72.2357,42.41,0.0,0.0,0.0,None,None,None,None,0.29651331901550293,15.459,False,None,sfc_unique_p6_15,0,None,76.0,86.60000000000001,627.0,92,72,6,6,0,False,91.11111111111111,9.26027777777778,3.981388888888889,7.791666666666667,0.2295,0.9472,0.1364,0.1444,3378.220485771294,3018.220485771294,360.0,0.7292171974432048,55,11,6
0,1772828967.1464305,321.7,76,0.3438,0.5594,0.0161,0.3243,63.1485,55.9419,32.4312,0.0,0.0,0.0,5.13,4.04,1.09,None,0.00020694732666015625,21.735,True,None,sfc_cache_p1_16,0,None,72.0,82.27,594.0,84,62,6,6,0,False,91.16022099447514,9.431129032258065,3.5806451612903225,6.919354838709677,0.2522,0.8119,0.1244,0.1416,3212.5655742078034,2902.5655742078034,310.0,0.7539115944289925,44,12,6
0,1772828967.1487162,321.7,76,0.3438,0.5594,0.0161,0.3243,63.1485,55.9419,32.4312,0.0,0.0,0.0,11.71,9.81,1.9,None,0.00020694732666015625,20.458,True,None,sfc_unique_p1_16,0,None,72.0,82.27,594.0,84,62,6,6,0,False,91.20879120879121,9.431129032258065,3.5806451612903225,6.919354838709677,0.2522,0.8119,0.1244,0.1416,3212.5655742078034,2902.5655742078034,310.0,0.7539115944289925,44,12,6
0,1772828967.212185,321.8,77,0.3526,0.5829,0.034,0.3493,65.4888,58.293,34.9259,0.0,0.0,0.0,2.95,1.38,1.57,None,0.18818449974060059,19.843,True,None,sfc_cache_p2_16,0,None,72.0,82.27,594.0,85,64,6,6,0,False,91.2568306010929,9.475,3.61453125,7.21875,0.249,0.8095,0.128,0.1451,3231.7423795752993,2911.7423795752993,320.0,0.7472241621285169,46,12,6
0,1772828967.2144718,321.8,77,0.3526,0.5829,0.034,0.3493,65.4888,58.293,34.9259,0.0,0.0,0.0,6.4,4.5,1.9,None,0.18818449974060059,19.964,True,None,sfc_unique_p2_16,0,None,72.0,82.27,594.0,85,64,6,6,0,False,91.30434782608695,9.475,3.61453125,7.21875,0.249,0.8095,0.128,0.1451,3231.7423795752993,2911.7423795752993,320.0,0.7472241621285169,46,12,6
0,1772828967.2734697,321.8,78,0.3546,0.609,0.0494,0.3493,66.8204,60.8986,34.9259,0.0,0.0,0.0,2.95,1.38,1.57,None,0.25394749641418457,18.653,True,None,sfc_cache_p3_16,0,None,76.0,86.6,627.0,89,66,6,6,0,False,91.35135135135135,9.37469696969697,3.6616666666666666,7.0,0.2444,0.8038,0.1257,0.1474,3251.1449488370235,2921.1449488370235,330.0,0.7475947321672654,47,12,7
0,1772828967.2757876,321.8,78,0.3546,0.609,0.0494,0.3493,66.8204,60.8986,34.9259,0.0,0.0,0.0,4.38,2.38,2.0,None,0.25394749641418457,16.466,True,None,sfc_unique_p3_16,0,None,76.0,86.6,627.0,89,66,6,6,0,False,91.39784946236558,9.37469696969697,3.6616666666666666,7.0,0.2444,0.8038,0.1257,0.1474,3251.1449488370235,2921.1449488370235,330.0,0.7475947321672654,47,12,7
0,1772828967.3305638,321.9,79,0.3588,0.6417,0.0659,0.3493,68.3323,64.1745,34.9259,0.0,0.0,0.0,3.37,1.8,1.57,None,0.315288782119751,15.263,True,None,sfc_cache_p4_16,0,None,80.0,86.6,660.0,91,68,6,6,0,False,91.44385026737967,9.30485294117647,3.7451470588235294,6.794117647058823,0.2412,0.8187,0.1235,0.1552,3285.1449488370235,2945.1449488370235,340.0,0.7459612508841853,48,12,8
0,1772828967.3328717,321.9,79,0.3588,0.6417,0.0659,0.3493,68.3323,64.1745,34.9259,0.0,0.0,0.0,8.0,4.75,3.25,None,0.315288782119751,15.584,True,None,sfc_unique_p4_16,0,None,80.0,86.6,660.0,91,68,6,6,0,False,91.48936170212765,9.30485294117647,3.7451470588235294,6.794117647058823,0.2412,0.8187,0.1235,0.1552,3285.1449488370235,2945.1449488370235,340.0,0.7459612508841853,48,12,8
0,1772828967.3875978,321.9,80,0.3674,0.6527,0.0818,0.3742,71.2126,65.2656,37.4206,0.0,0.0,0.0,6.53,3.72,2.82,None,0.37232089042663574,14.743,True,None,sfc_cache_p5_16,0,None,80.0,86.6,660.0,93,70,6,6,0,False,91.53439153439153,9.42,3.7,7.071428571428571,0.2369,0.8196,0.1212,0.1663,3295.4506631227378,2945.4506631227378,350.0,0.7371069992317181,50,12,8
0,1772828967.3899593,321.9,80,0.3674,0.6527,0.0818,0.3742,71.2126,65.2656,37.4206,0.0,0.0,0.0,11.02,7.78,3.25,None,0.37232089042663574,14.982,True,None,sfc_unique_p5_16,0,None,80.0,86.6,660.0,93,70,6,6,0,False,91.57894736842105,9.42,3.7,7.071428571428571,0.2369,0.8196,0.1212,0.1663,3295.4506631227378,2945.4506631227378,350.0,0.7371069992317181,50,12,8
0,1772828967.4451015,322.0,81,0.3739,0.672,0.0986,0.3992,73.7332,67.1958,39.9153,0.0,0.0,0.0,6.52,3.55,2.96,None,0.4294905662536621,14.195,True,None,sfc_cache_p6_16,0,None,80.0,86.6,660.0,94,72,6,6,0,False,91.62303664921467,9.4825,3.7036111111111114,7.333333333333333,0.2329,0.8348,0.1207,0.1761,3319.5663774084524,2959.5663774084524,360.0,0.7317615622027445,54,10,8
0,1772828967.4476147,322.0,81,0.3739,0.672,0.0986,0.3992,73.7332,67.1958,39.9153,0.0,0.0,0.0,8.02,4.77,3.25,None,0.4294905662536621,14.971,True,None,sfc_unique_p6_16,0,None,80.0,86.6,660.0,94,72,6,6,0,False,91.66666666666666,9.4825,3.7036111111111114,7.333333333333333,0.2329,0.8348,0.1207,0.1761,3319.5663774084524,2959.5663774084524,360.0,0.7317615622027445,54,10,8
0,1772828995.063072,349.6,81,0.3161,0.4964,0.0179,0.3493,52.5271,49.6397,34.9259,0.0,0.0,0.0,2.04,0.7,1.34,None,0.00021958351135253906,18.133,True,None,sfc_cache_p1_17,0,None,44.0,47.63,363.0,57,50,6,5,0,False,91.70984455958549,9.7276,3.9398,9.24,0.2415,0.6976,0.1633,0.1478,2953.886600161624,2703.886600161624,250.0,0.7752568011694977,28,14,8
0,1772828995.0649984,349.6,81,0.3161,0.4964,0.0179,0.3493,52.5271,49.6397,34.9259,0.0,0.0,0.0,3.01,1.24,1.77,None,0.00021958351135253906,22.089,True,None,sfc_unique_p1_17,0,None,44.0,47.63,363.0,57,50,6,5,0,False,91.75257731958763,9.7276,3.9398,9.24,0.2415,0.6976,0.1633,0.1478,2953.886600161624,2703.886600161624,250.0,0.7752568011694977,28,14,8
0,1772828995.130424,349.7,82,0.3168,0.5518,0.0337,0.3742,53.4991,55.1834,37.4206,0.0,0.0,0.0,2.67,1.33,1.34,None,0.06719231605529785,18.026,True,None,sfc_cache_p2_17,0,None,44.0,47.63,363.0,59,52,6,5,0,False,91.7948717948718,9.526538461538461,4.211346153846154,9.51923076923077,0.2372,0.7285,0.1666,0.1592,3025.6943698567175,2765.6943698567175,260.0,0.7801558989072137,28,18,6
0,1772828995.133572,349.7,82,0.3168,0.5518,0.0337,0.3742,53.4991,55.1834,37.4206,0.0,0.0,0.0,3.01,1.24,1.77,None,0.06719231605529785,21.864,True,None,sfc_unique_p2_17,0,None,44.0,47.63,363.0,59,52,6,5,0,False,91.83673469387756,9.526538461538461,4.211346153846154,9.51923076923077,0.2372,0.7285,0.1666,0.1592,3025.6943698567175,2765.6943698567175,260.0,0.7801558989072137,28,18,6
0,1772828995.2022471,349.7,83,0.3163,0.5964,0.0496,0.3742,54.0391,59.6361,37.4206,0.0,0.0,0.0,2.67,1.33,1.34,None,0.1352217197418213,17.9,True,None,sfc_cache_p3_17,0,None,48.0,51.96,396.0,63,54,6,5,0,False,91.87817258883248,9.266296296296296,4.382592592592593,9.166666666666666,0.232,0.736,0.1633,0.1687,3060.8584311475397,2790.8584311475397,270.0,0.7845736973397152,28,20,6
0,1772828995.2043118,349.7,83,0.3163,0.5964,0.0496,0.3742,54.0391,59.6361,37.4206,0.0,0.0,0.0,3.01,1.24,1.77,None,0.1352217197418213,19.325,True,None,sfc_unique_p3_17,0,None,48.0,51.96,396.0,63,54,6,5,0,False,91.91919191919192,9.266296296296296,4.382592592592593,9.166666666666666,0.232,0.736,0.1633,0.1687,3060.8584311475397,2790.8584311475397,270.0,0.7845736973397152,28,20,6
0,1772828995.2658463,349.8,84,0.3144,0.6409,0.0654,0.3742,54.579,64.0888,37.4206,0.0,0.0,0.0,2.67,1.33,1.34,None,0.20609045028686523,17.836,True,None,sfc_cache_p4_17,0,None,52.0,56.29,429.0,67,56,6,5,0,False,91.95979899497488,9.024642857142856,4.541607142857143,8.839285714285714,0.2269,0.732,0.1602,0.1761,3076.082080737386,2796.082080737386,280.0,0.7884301698884227,28,22,6
0,1772828995.2681541,349.8,84,0.3144,0.6409,0.0654,0.3742,54.579,64.0888,37.4206,0.0,0.0,0.0,3.01,1.24,1.77,None,0.20609045028686523,19.156,True,None,sfc_unique_p4_17,0,None,52.0,56.29,429.0,67,56,6,5,0,False,92.0,9.024642857142856,4.541607142857143,8.839285714285714,0.2269,0.732,0.1602,0.1761,3076.082080737386,2796.082080737386,280.0,0.7884301698884227,28,22,6
0,1772828995.327926,349.9,85,0.3182,0.6627,0.0792,0.3742,56.091,66.2736,37.4206,0.0,0.0,0.0,2.67,1.33,1.34,None,0.27014923095703125,17.017,True,None,sfc_cache_p5_17,0,None,56.0,60.62,462.0,70,58,6,5,0,False,92.03980099502488,8.954827586206896,4.5344827586206895,8.53448275862069,0.2236,0.7521,0.1572,0.1826,3115.3677950231004,2825.3677950231004,290.0,0.7921837421413722,28,24,6
0,1772828995.3303473,349.9,85,0.3182,0.6627,0.0792,0.3742,56.091,66.2736,37.4206,0.0,0.0,0.0,4.34,2.47,1.87,None,0.27014923095703125,17.803,True,None,sfc_unique_p5_17,0,None,56.0,60.62,462.0,70,58,6,5,0,False,92.07920792079209,8.954827586206896,4.5344827586206895,8.53448275862069,0.2236,0.7521,0.1572,0.1826,3115.3677950231004,2825.3677950231004,290.0,0.7921837421413722,28,24,6
0,1772828995.3902636,349.9,86,0.3219,0.6846,0.0929,0.3742,57.6029,68.4583,37.4206,0.0,0.0,0.0,2.67,1.33,1.34,None,0.3323225975036621,16.935,True,None,sfc_cache_p6_17,0,None,60.0,64.95,495.0,74,60,6,5,0,False,92.11822660098522,8.889666666666667,4.527833333333334,8.25,0.2201,0.7658,0.1543,0.1877,3157.6499494883533,2857.6499494883533,300.0,0.7955544725485469,28,26,6
0,1772828995.3927133,349.9,86,0.3219,0.6846,0.0929,0.3742,57.6029,68.4583,37.4206,0.0,0.0,0.0,4.34,2.47,1.87,None,0.3323225975036621,17.851,True,None,sfc_unique_p6_17,0,None,60.0,64.95,495.0,74,60,6,5,0,False,92.15686274509804,8.889666666666667,4.527833333333334,8.25,0.2201,0.7658,0.1543,0.1877,3157.6499494883533,2857.6499494883533,300.0,0.7955544725485469,28,26,6
0,1772829012.216927,366.8,86,0.3278,0.7173,0.1066,0.3992,59.5468,71.7342,39.9153,0.0,0.0,0.0,2.67,1.33,1.34,None,0.00045013427734375,18.04,True,None,sfc_cache_p1_18,0,None,60.0,64.95,495.0,74,62,6,6,0,False,92.19512195121952,8.893225806451612,4.591451612903226,8.516129032258064,0.2171,0.7714,0.1524,0.1916,3199.845043127109,2889.845043127109,310.0,0.7982563109817172,28,28,6
0,1772829012.2192357,366.8,86,0.3278,0.7173,0.1066,0.3992,59.5468,71.7342,39.9153,0.0,0.0,0.0,4.34,2.47,1.87,None,0.00045013427734375,18.089,True,None,sfc_unique_p1_18,0,None,60.0,64.95,495.0,74,62,6,6,0,False,92.23300970873787,8.893225806451612,4.591451612903226,8.516129032258064,0.2171,0.7714,0.1524,0.1916,3199.845043127109,2889.845043127109,310.0,0.7982563109817172,28,28,6
0,1772829012.281128,366.8,87,0.3323,0.7501,0.1206,0.4241,61.4908,75.0101,42.41,0.0,0.0,0.0,3.26,1.82,1.44,None,0.18382024765014648,16.835,True,None,sfc_cache_p2_18,0,None,60.0,64.95,495.0,76,64,6,6,0,False,92.27053140096618,8.8965625,4.65109375,8.765625,0.2131,0.7725,0.1509,0.195,3215.9218888166306,2895.9218888166306,320.0,0.8002248403352032,28,30,6
0,1772829012.2835271,366.8,87,0.3323,0.7501,0.1206,0.4241,61.4908,75.0101,42.41,0.0,0.0,0.0,4.34,2.47,1.87,None,0.18382024765014648,18.066,True,None,sfc_unique_p2_18,0,None,60.0,64.95,495.0,76,64,6,6,0,False,92.3076923076923,8.8965625,4.65109375,8.765625,0.2131,0.7725,0.1509,0.195,3215.9218888166306,2895.9218888166306,320.0,0.8002248403352032,28,30,6
0,1772829012.3451443,366.9,88,0.3429,0.761,0.133,0.449,64.371,76.1012,44.9047,0.0,0.0,0.0,4.88,3.27,1.61,None,0.24825811386108398,16.346,True,None,sfc_cache_p3_18,0,None,60.0,64.95,495.0,78,66,6,6,0,False,92.34449760765551,9.031060606060606,4.575757575757576,9.0,0.2124,0.7937,0.1495,0.1981,3246.300839443469,2916.300839443469,330.0,0.8007660729921398,29,33,4
0,1772829012.3476093,366.9,88,0.3429,0.761,0.133,0.449,64.371,76.1012,44.9047,0.0,0.0,0.0,5.3,3.43,1.87,None,0.24825811386108398,17.578,True,None,sfc_unique_p3_18,0,None,60.0,64.95,495.0,78,66,6,6,0,False,92.38095238095238,9.031060606060606,4.575757575757576,9.0,0.2124,0.7937,0.1495,0.1981,3246.300839443469,2916.300839443469,330.0,0.8007660729921398,29,33,4
0,1772829012.4089174,367.0,89,0.3546,0.7652,0.1459,0.474,67.5386,76.522,47.3995,0.0,0.0,0.0,3.65,1.69,1.96,None,0.31238293647766113,16.094,True,None,sfc_cache_p4_18,0,None,60.0,64.95,495.0,80,68,6,6,0,False,92.41706161137441,9.196764705882353,4.465735294117647,9.220588235294118,0.2078,0.7929,0.149,0.1963,3261.6672687887717,2921.6672687887717,340.0,0.802026278003072,29,39,0
0,1772829012.4113295,367.0,89,0.3546,0.7652,0.1459,0.474,67.5386,76.522,47.3995,0.0,0.0,0.0,5.3,3.43,1.87,None,0.31238293647766113,17.108,True,None,sfc_unique_p4_18,0,None,60.0,64.95,495.0,80,68,6,6,0,False,92.45283018867924,9.196764705882353,4.465735294117647,9.220588235294118,0.2078,0.7929,0.149,0.1963,3261.6672687887717,2921.6672687887717,340.0,0.802026278003072,29,39,0
0,1772829012.472068,367.0,90,0.361,0.7921,0.1601,0.4989,69.7341,79.2108,49.8942,0.0,0.0,0.0,3.76,1.78,1.97,None,0.37596964836120605,15.941,True,None,sfc_cache_p5_18,0,None,60.0,64.95,495.0,80,70,6,6,0,False,92.48826291079813,9.224428571428572,4.490571428571428,9.428571428571429,0.2074,0.8409,0.1486,0.1934,3305.2883622727527,2955.2883622727527,350.0,0.7982436072217393,30,40,0
0,1772829012.4745455,367.0,90,0.361,0.7921,0.1601,0.4989,69.7341,79.2108,49.8942,0.0,0.0,0.0,4.86,2.96,1.91,None,0.37596964836120605,16.369,True,None,sfc_unique_p5_18,0,None,60.0,64.95,495.0,80,70,6,6,0,False,92.5233644859813,9.224428571428572,4.490571428571428,9.428571428571429,0.2074,0.8409,0.1486,0.1934,3305.2883622727527,2955.2883622727527,350.0,0.7982436072217393,30,40,0
0,1772829012.5359035,367.1,91,0.3646,0.8257,0.1766,0.5239,71.6424,82.5698,52.3889,0.0,0.0,0.0,5.02,2.57,2.44,None,0.43903446197509766,15.65,True,None,sfc_cache_p6_18,0,None,60.0,64.95,495.0,81,72,6,6,0,False,92.55813953488372,9.213611111111112,4.550972222222223,9.625,0.2071,0.8741,0.16,0.1986,3353.8720118625993,2993.8720118625993,360.0,0.788510670652425,33,39,0
0,1772829012.5384767,367.1,91,0.3646,0.8257,0.1766,0.5239,71.6424,82.5698,52.3889,0.0,0.0,0.0,4.86,2.96,1.91,None,0.43903446197509766,16.34,True,None,sfc_unique_p6_18,0,None,60.0,64.95,495.0,81,72,6,6,0,False,92.5925925925926,9.213611111111112,4.550972222222223,9.625,0.2071,0.8741,0.16,0.1986,3353.8720118625993,2993.8720118625993,360.0,0.788510670652425,33,39,0
0,1772829028.2462504,382.8,91,0.3681,0.8585,0.1969,0.5488,73.5863,85.8457,54.8836,0.0,0.0,0.0,6.87,3.8,3.07,None,0.0004069805145263672,9.265,True,None,sfc_cache_p1_19,0,None,60.0,64.95,495.0,81,74,6,7,0,False,92.62672811059907,9.207837837837838,4.603648648648649,9.81081081081081,0.2063,0.9392,0.1597,0.2086,3387.9759659995684,3017.9759659995684,370.0,0.7763619219766003,42,32,0
0,1772829028.2488234,382.8,91,0.3681,0.8585,0.1969,0.5488,73.5863,85.8457,54.8836,0.0,0.0,0.0,8.08,6.9,1.19,None,0.0004069805145263672,15.179,True,None,sfc_unique_p1_19,0,None,60.0,64.95,495.0,81,74,6,7,0,False,92.66055045871559,9.207837837837838,4.603648648648649,9.81081081081081,0.2063,0.9392,0.1597,0.2086,3387.9759659995684,3017.9759659995684,370.0,0.7763619219766003,42,32,0
0,1772829028.3069646,382.9,92,0.3681,0.8585,0.1969,0.5488,73.5863,85.8457,54.8836,0.0,0.0,0.0,None,None,None,None,0.05088090896606445,15.675,False,None,sfc_cache_p2_19,0,None,60.0,64.95,495.0,81,74,6,7,0,False,92.23744292237443,9.207837837837838,4.603648648648649,9.81081081081081,0.2063,0.9392,0.1597,0.2086,3387.9759659995684,3017.9759659995684,370.0,0.7763619219766003,42,32,0
0,1772829028.309578,382.9,92,0.3681,0.8585,0.1969,0.5488,73.5863,85.8457,54.8836,0.0,0.0,0.0,5.46,4.2,1.26,None,0.05088090896606445,13.271,False,None,sfc_unique_p2_19,0,None,60.0,64.95,495.0,81,74,6,7,0,False,91.81818181818183,9.207837837837838,4.603648648648649,9.81081081081081,0.2063,0.9392,0.1597,0.2086,3387.9759659995684,3017.9759659995684,370.0,0.7763619219766003,42,32,0
0,1772829028.3675592,382.9,93,0.3681,0.8585,0.1969,0.5488,73.5863,85.8457,54.8836,0.0,0.0,0.0,None,None,None,None,0.1116635799407959,15.472,False,None,sfc_cache_p3_19,0,None,60.0,64.95,495.0,81,74,6,7,0,False,91.4027149321267,9.207837837837838,4.603648648648649,9.81081081081081,0.2063,0.9392,0.1597,0.2086,3387.9759659995684,3017.9759659995684,370.0,0.7763619219766003,42,32,0
0,1772829028.3701122,382.9,93,0.3681,0.8585,0.1969,0.5488,73.5863,85.8457,54.8836,0.0,0.0,0.0,5.46,4.2,1.26,None,0.1116635799407959,13.213,False,None,sfc_unique_p3_19,0,None,60.0,64.95,495.0,81,74,6,7,0,False,90.990990990991,9.207837837837838,4.603648648648649,9.81081081081081,0.2063,0.9392,0.1597,0.2086,3387.9759659995684,3017.9759659995684,370.0,0.7763619219766003,42,32,0
0,1772829028.4280515,383.0,94,0.3681,0.8585,0.1969,0.5488,73.5863,85.8457,54.8836,0.0,0.0,0.0,None,None,None,None,0.1720874309539795,15.414,False,None,sfc_cache_p4_19,0,None,60.0,64.95,495.0,81,74,6,7,0,False,90.5829596412556,9.207837837837838,4.603648648648649,9.81081081081081,0.2063,0.9392,0.1597,0.2086,3387.9759659995684,3017.9759659995684,370.0,0.7763619219766003,42,32,0
0,1772829028.430585,383.0,94,0.3681,0.8585,0.1969,0.5488,73.5863,85.8457,54.8836,0.0,0.0,0.0,5.46,4.2,1.26,None,0.1720874309539795,13.403,False,None,sfc_unique_p4_19,0,None,60.0,64.95,495.0,81,74,6,7,0,False,90.17857142857143,9.207837837837838,4.603648648648649,9.81081081081081,0.2063,0.9392,0.1597,0.2086,3387.9759659995684,3017.9759659995684,370.0,0.7763619219766003,42,32,0
0,1772829028.609914,383.2,95,0.3681,0.8585,0.1969,0.5488,73.5863,85.8457,54.8836,0.0,0.0,0.0,None,None,None,None,0.23259210586547852,15.604,False,None,sfc_cache_p5_19,0,None,60.0,64.95,495.0,81,74,6,7,0,False,89.77777777777777,9.207837837837838,4.603648648648649,9.81081081081081,0.2063,0.9392,0.1597,0.2086,3387.9759659995684,3017.9759659995684,370.0,0.7763619219766003,42,32,0
0,1772829028.612486,383.2,95,0.3681,0.8585,0.1969,0.5488,73.5863,85.8457,54.8836,0.0,0.0,0.0,5.46,4.2,1.26,None,0.23259210586547852,13.236,False,None,sfc_unique_p5_19,0,None,60.0,64.95,495.0,81,74,6,7,0,False,89.38053097345133,9.207837837837838,4.603648648648649,9.81081081081081,0.2063,0.9392,0.1597,0.2086,3387.9759659995684,3017.9759659995684,370.0,0.7763619219766003,42,32,0
0,1772829028.6712182,383.2,96,0.3681,0.8585,0.1969,0.5488,73.5863,85.8457,54.8836,0.0,0.0,0.0,None,None,None,None,0.4142165184020996,15.466,False,None,sfc_cache_p6_19,0,None,60.0,64.95,495.0,81,74,6,7,0,False,88.98678414096916,9.207837837837838,4.603648648648649,9.81081081081081,0.2063,0.9392,0.1597,0.2086,3387.9759659995684,3017.9759659995684,370.0,0.7763619219766003,42,32,0
0,1772829028.6737933,383.2,96,0.3681,0.8585,0.1969,0.5488,73.5863,85.8457,54.8836,0.0,0.0,0.0,5.46,4.2,1.26,None,0.4142165184020996,13.46,False,None,sfc_unique_p6_19,0,None,60.0,64.95,495.0,81,74,6,7,0,False,88.59649122807018,9.207837837837838,4.603648648648649,9.81081081081081,0.2063,0.9392,0.1597,0.2086,3387.9759659995684,3017.9759659995684,370.0,0.7763619219766003,42,32,0
0,1772829035.424978,390.0,96,0.1574,0.3371,0.0137,0.2495,27.9364,31.1612,26.9872,0.0,0.0,0.0,3.14,1.78,1.36,None,0.00017118453979492188,11.811,True,None,sfc_cache_p5_18,0,None,12.0,8.66,99.0,22,26,5,4,0,True,88.64628820960698,9.94923076923077,4.756153846153846,12.692307692307692,0.1409,0.4979,0.0897,0.1444,2631.892504963034,2321.892504963034,310.0,0.8420734013009917,11,9,6
0,1772829035.42578,390.0,96,0.1574,0.3371,0.0137,0.2495,27.9364,31.1612,26.9872,0.0,0.0,0.0,4.34,2.47,1.87,None,0.00017118453979492188,13.522,True,None,sfc_unique_p5_18,0,None,12.0,8.66,99.0,22,26,5,4,0,True,88.69565217391305,9.94923076923077,4.756153846153846,12.692307692307692,0.1409,0.4979,0.0897,0.1444,2631.892504963034,2321.892504963034,310.0,0.8420734013009917,11,9,6
0,1772829035.469618,390.0,96,0.1698,0.3716,0.0281,0.2744,29.916,34.3539,29.686,0.0,0.0,0.0,2.63,1.27,1.36,None,0.04058265686035156,12.519,True,None,sfc_cache_p6_18,0,None,12.0,8.66,99.0,24,28,6,4,0,True,88.74458874458875,9.893214285714285,4.8689285714285715,12.964285714285714,0.1424,0.4918,0.1079,0.1543,2656.5806337356694,2346.5806337356694,310.0,0.8462947260699468,11,10,7
0,1772829035.470657,390.0,96,0.1698,0.3716,0.0281,0.2744,29.916,34.3539,29.686,0.0,0.0,0.0,4.34,2.47,1.87,None,0.04058265686035156,16.173,True,None,sfc_unique_p6_18,0,None,12.0,8.66,99.0,24,28,6,4,0,True,88.79310344827587,9.893214285714285,4.8689285714285715,12.964285714285714,0.1424,0.4918,0.1079,0.1543,2656.5806337356694,2346.5806337356694,310.0,0.8462947260699468,11,10,7
0,1772829035.5188909,390.1,96,0.1816,0.4071,0.0431,0.2994,31.8599,37.6298,32.3847,0.0,0.0,0.0,2.82,1.34,1.47,None,0.08610272407531738,13.646,True,None,sfc_cache_p6_17,0,None,12.0,8.66,99.0,24,30,6,5,0,True,88.8412017167382,9.833666666666666,4.977666666666667,13.2,0.1453,0.5036,0.119,0.1677,2671.1124399576165,2361.1124399576165,310.0,0.8505902170611185,11,11,8
0,1772829035.5201375,390.1,96,0.1816,0.4071,0.0431,0.2994,31.8599,37.6298,32.3847,0.0,0.0,0.0,4.34,2.47,1.87,None,0.08610272407531738,16.313,True,None,sfc_unique_p6_17,0,None,12.0,8.66,99.0,24,30,6,5,0,True,88.88888888888889,9.833666666666666,4.977666666666667,13.2,0.1453,0.5036,0.119,0.1677,2671.1124399576165,2361.1124399576165,310.0,0.8505902170611185,11,11,8
0,1772829035.5631187,390.1,96,0.1925,0.4316,0.0581,0.3243,33.7682,39.8977,35.0834,0.0,0.0,0.0,5.62,3.76,1.86,None,0.13535737991333008,13.071,True,None,sfc_cache_p6_16,0,None,12.0,12.99,99.0,26,32,6,5,0,True,88.93617021276596,9.77125,4.9478125,13.40625,0.1654,0.5441,0.1198,0.1751,2697.765678259445,2387.765678259445,310.0,0.8169999719563145,22,2,8
0,1772829035.5642242,390.1,96,0.1925,0.4316,0.0581,0.3243,33.7682,39.8977,35.0834,0.0,0.0,0.0,5.8,4.38,1.42,None,0.13535737991333008,12.987,True,None,sfc_unique_p6_16,0,None,12.0,12.99,99.0,26,32,6,5,0,True,88.98305084745762,9.77125,4.9478125,13.40625,0.1654,0.5441,0.1198,0.1751,2697.765678259445,2387.765678259445,310.0,0.8169999719563145,22,2,8
0,1772829035.6034315,390.1,96,0.2086,0.4516,0.0711,0.3493,36.3245,41.7448,37.7821,0.0,0.0,0.0,2.34,1.27,1.07,None,0.17966175079345703,10.498,True,None,sfc_cache_p6_13,0,None,12.0,12.99,99.0,27,34,6,5,0,True,89.0295358649789,9.89264705882353,4.87235294117647,13.588235294117647,0.1662,0.557,0.1378,0.1781,2714.917434953455,2404.917434953455,310.0,0.8195465196267737,23,2,9
0,1772829035.6046264,390.2,96,0.2086,0.4516,0.0711,0.3493,36.3245,41.7448,37.7821,0.0,0.0,0.0,3.77,2.5,1.27,None,0.17966175079345703,13.259,True,None,sfc_unique_p6_13,0,None,12.0,12.99,99.0,27,34,6,5,0,True,89.07563025210085,9.89264705882353,4.87235294117647,13.588235294117647,0.1662,0.557,0.1378,0.1781,2714.917434953455,2404.917434953455,310.0,0.8195465196267737,23,2,9
0,1772829035.6497204,390.2,96,0.2227,0.4516,0.0842,0.3493,38.7727,41.7448,37.7821,0.0,0.0,0.0,2.82,1.34,1.47,None,0.2202155590057373,12.308,True,None,sfc_cache_p5_17,0,None,16.0,17.32,132.0,31,36,6,5,0,True,89.1213389121339,9.972777777777777,4.601666666666667,12.833333333333334,0.1665,0.557,0.1378,0.1844,2717.81946250337,2407.81946250337,310.0,0.8227605822314122,24,2,10
0,1772829035.6511793,390.2,96,0.2227,0.4516,0.0842,0.3493,38.7727,41.7448,37.7821,0.0,0.0,0.0,5.3,3.43,1.87,None,0.2202155590057373,14.583,True,None,sfc_unique_p5_17,0,None,16.0,17.32,132.0,31,36,6,5,0,True,89.16666666666667,9.972777777777777,4.601666666666667,12.833333333333334,0.1665,0.557,0.1378,0.1844,2717.81946250337,2407.81946250337,310.0,0.8227605822314122,24,2,10
0,1772829035.6977975,390.2,96,0.2372,0.4725,0.0997,0.3742,41.2934,43.675,40.4809,0.0,0.0,0.0,3.24,1.79,1.45,None,0.26708197593688965,12.096,True,None,sfc_cache_p5_13,0,None,16.0,17.32,132.0,32,38,6,5,0,True,89.21161825726142,10.062105263157894,4.5610526315789475,13.026315789473685,0.1727,0.5695,0.1487,0.1813,2734.372019124592,2424.372019124592,310.0,0.8055119427618226,26,2,10
0,1772829035.698942,390.2,96,0.2372,0.4725,0.0997,0.3742,41.2934,43.675,40.4809,0.0,0.0,0.0,5.54,4.2,1.34,None,0.26708197593688965,14.68,True,None,sfc_unique_p5_13,0,None,16.0,17.32,132.0,32,38,6,5,0,True,89.25619834710744,10.062105263157894,4.5610526315789475,13.026315789473685,0.1727,0.5695,0.1487,0.1813,2734.372019124592,2424.372019124592,310.0,0.8055119427618226,26,2,10
0,1772829035.738359,390.3,96,0.2493,0.5079,0.1154,0.3992,43.2373,46.9509,43.1796,0.0,0.0,0.0,2.82,1.34,1.47,None,0.3147470951080322,10.048,True,None,sfc_cache_p4_18,0,None,16.0,17.32,132.0,33,40,6,5,0,True,89.30041152263375,10.009,4.6579999999999995,13.2,0.1807,0.61,0.1549,0.1955,2762.424952107103,2452.424952107103,310.0,0.8129106585243309,26,2,12
0,1772829035.739355,390.3,96,0.2493,0.5079,0.1154,0.3992,43.2373,46.9509,43.1796,0.0,0.0,0.0,3.79,1.88,1.91,None,0.3147470951080322,11.878,True,None,sfc_unique_p4_18,0,None,16.0,17.32,132.0,33,40,6,5,0,True,89.34426229508196,10.009,4.6579999999999995,13.2,0.1807,0.61,0.1549,0.1955,2762.424952107103,2452.424952107103,310.0,0.8129106585243309,26,2,12
0,1772829035.845685,390.4,96,0.258,0.5315,0.1312,0.3992,44.7492,49.1357,43.1796,0.0,0.0,0.0,2.82,1.34,1.47,None,0.35513782501220703,9.833,True,None,sfc_cache_p4_17,0,None,20.0,21.65,165.0,37,42,6,5,0,True,89.38775510204081,9.865714285714287,4.642619047619048,12.571428571428571,0.186,0.6282,0.1549,0.2034,2790.461246798327,2480.461246798327,310.0,0.819286040572108,26,2,14
0,1772829035.84668,390.4,96,0.258,0.5315,0.1312,0.3992,44.7492,49.1357,43.1796,0.0,0.0,0.0,3.79,1.88,1.91,None,0.35513782501220703,11.732,True,None,sfc_unique_p4_17,0,None,20.0,21.65,165.0,37,42,6,5,0,True,89.43089430894308,9.865714285714287,4.642619047619048,12.571428571428571,0.186,0.6282,0.1549,0.2034,2790.461246798327,2480.461246798327,310.0,0.819286040572108,26,2,14
0,1772829035.8847306,390.4,96,0.2665,0.5561,0.148,0.3992,46.2255,51.4036,43.1796,0.0,0.0,0.0,3.24,1.79,1.45,None,0.4625880718231201,9.904,True,None,sfc_cache_p4_13,0,None,24.0,25.98,198.0,41,44,6,5,0,True,89.47368421052632,9.727954545454544,4.636136363636364,12.0,0.1836,0.6593,0.1549,0.1995,2803.0890745020765,2493.0890745020765,310.0,0.7985575069527762,28,2,14
0,1772829035.8857353,390.4,96,0.2665,0.5561,0.148,0.3992,46.2255,51.4036,43.1796,0.0,0.0,0.0,10.39,8.98,1.41,None,0.4625880718231201,11.756,True,None,sfc_unique_p4_13,0,None,24.0,25.98,198.0,41,44,6,5,0,True,89.51612903225806,9.727954545454544,4.636136363636364,12.0,0.1836,0.6593,0.1549,0.1995,2803.0890745020765,2493.0890745020765,310.0,0.7985575069527762,28,2,14
0,1772829035.9288325,390.5,96,0.2742,0.5797,0.1638,0.3992,47.7375,53.5883,43.1796,0.0,0.0,0.0,2.82,1.34,1.47,None,0.5018081665039062,9.094,True,None,sfc_cache_p3_18,0,None,28.0,30.31,231.0,45,46,6,5,0,True,89.5582329317269,9.609347826086957,4.623043478260869,11.478260869565217,0.1881,0.6711,0.1549,0.2039,2832.349637882358,2522.349637882358,310.0,0.8046182265733771,28,2,16
0,1772829035.9302063,390.5,96,0.2742,0.5797,0.1638,0.3992,47.7375,53.5883,43.1796,0.0,0.0,0.0,3.79,1.88,1.91,None,0.5018081665039062,16.232,True,None,sfc_unique_p3_18,0,None,28.0,30.31,231.0,45,46,6,5,0,True,89.60000000000001,9.609347826086957,4.623043478260869,11.478260869565217,0.1881,0.6711,0.1549,0.2039,2832.349637882358,2522.349637882358,310.0,0.8046182265733771,28,2,16
0,1772829035.9801242,390.5,96,0.2807,0.6033,0.1796,0.3992,49.2494,55.7731,43.1796,0.0,0.0,0.0,2.82,1.34,1.47,None,0.5467448234558105,12.655,True,None,sfc_cache_p3_17,0,None,32.0,34.64,264.0,49,48,6,5,0,True,89.64143426294821,9.500625,4.611041666666667,11.0,0.1922,0.6769,0.1549,0.2046,2847.2850194022467,2537.2850194022467,310.0,0.8098247360207488,28,2,18
0,1772829035.9814548,390.5,96,0.2807,0.6033,0.1796,0.3992,49.2494,55.7731,43.1796,0.0,0.0,0.0,3.79,1.88,1.91,None,0.5467448234558105,14.863,True,None,sfc_unique_p3_17,0,None,32.0,34.64,264.0,49,48,6,5,0,True,89.68253968253968,9.500625,4.611041666666667,11.0,0.1922,0.6769,0.1549,0.2046,2847.2850194022467,2537.2850194022467,310.0,0.8098247360207488,28,2,18
0,1772829036.0328352,390.6,96,0.2913,0.6279,0.1953,0.3992,50.7257,58.041,43.1796,0.0,0.0,0.0,3.24,1.79,1.45,None,0.5982019901275635,12.799,True,None,sfc_cache_p3_13,0,None,36.0,38.97,297.0,53,50,6,5,0,True,89.72332015810277,9.394,4.6066,10.56,0.1941,0.7021,0.1549,0.2025,2868.5313435006833,2558.5313435006833,310.0,0.8110255720212041,29,2,19
0,1772829036.034338,390.6,96,0.2913,0.6279,0.1953,0.3992,50.7257,58.041,43.1796,0.0,0.0,0.0,3.9,2.4,1.5,None,0.5982019901275635,15.247,True,None,sfc_unique_p3_13,0,None,36.0,38.97,297.0,53,50,6,5,0,True,89.76377952755905,9.394,4.6066,10.56,0.1941,0.7021,0.1549,0.2025,2868.5313435006833,2558.5313435006833,310.0,0.8110255720212041,29,2,19
0,1772829036.0839765,390.6,96,0.2989,0.6515,0.211,0.3992,52.2377,60.2258,43.1796,0.0,0.0,0.0,2.82,1.34,1.47,None,0.6512842178344727,12.378,True,None,sfc_cache_p2_17,0,None,40.0,43.3,330.0,57,52,6,5,0,True,89.80392156862746,9.301923076923076,4.596153846153846,10.153846153846153,0.1973,0.702,0.1549,0.202,2883.1575623522544,2573.1575623522544,310.0,0.8151588227147364,29,2,21
0,1772829036.08542,390.6,96,0.2989,0.6515,0.211,0.3992,52.2377,60.2258,43.1796,0.0,0.0,0.0,3.79,1.88,1.91,None,0.6512842178344727,14.571,True,None,sfc_unique_p2_17,0,None,40.0,43.3,330.0,57,52,6,5,0,True,89.84375,9.301923076923076,4.596153846153846,10.153846153846153,0.1973,0.702,0.1549,0.202,2883.1575623522544,2573.1575623522544,310.0,0.8151588227147364,29,2,21
0,1772829036.1348023,390.7,96,0.3112,0.6869,0.2318,0.4241,54.1816,63.5017,45.8783,0.0,0.0,0.0,4.78,2.71,2.07,None,0.7024693489074707,12.257,True,None,sfc_cache_p1_19,0,None,40.0,43.3,330.0,57,54,6,6,0,True,89.88326848249028,9.290740740740741,4.666666666666667,10.38888888888889,0.2017,0.7523,0.1612,0.2093,2924.913182225339,2614.913182225339,310.0,0.8017868081462178,31,3,20
0,1772829036.1363215,390.7,96,0.3112,0.6869,0.2318,0.4241,54.1816,63.5017,45.8783,0.0,0.0,0.0,7.42,5.32,2.09,None,0.7024693489074707,14.067,True,None,sfc_unique_p1_19,0,None,40.0,43.3,330.0,57,54,6,6,0,True,89.92248062015504,9.290740740740741,4.666666666666667,10.38888888888889,0.2017,0.7523,0.1612,0.2093,2924.913182225339,2614.913182225339,310.0,0.8017868081462178,31,3,20
0,1772829036.1866174,390.7,96,0.3226,0.716,0.2463,0.4241,55.9452,66.1904,45.8783,0.0,0.0,0.0,2.82,1.35,1.47,None,0.7535302639007568,12.223,True,None,sfc_cache_p1_18,0,None,44.0,43.3,363.0,59,56,6,6,0,True,89.96138996138995,9.250535714285714,4.690535714285715,10.017857142857142,0.2035,0.7699,0.1612,0.2058,2964.504963683318,2654.504963683318,310.0,0.8048671761470113,31,5,20
0,1772829036.1881902,390.7,96,0.3226,0.716,0.2463,0.4241,55.9452,66.1904,45.8783,0.0,0.0,0.0,4.5,2.4,2.1,None,0.7535302639007568,13.755,True,None,sfc_unique_p1_18,0,None,44.0,43.3,363.0,59,56,6,6,0,True,90.0,9.250535714285714,4.690535714285715,10.017857142857142,0.2035,0.7699,0.1612,0.2058,2964.504963683318,2654.504963683318,310.0,0.8048671761470113,31,5,20
0,1772829036.2448475,390.8,96,0.3314,0.7451,0.2609,0.4241,57.7088,68.8791,45.8783,0.0,0.0,0.0,2.82,1.35,1.47,None,0.8055903911590576,12.148,True,None,sfc_cache_p1_17,0,None,48.0,43.3,396.0,61,58,6,6,0,True,90.03831417624522,9.213103448275863,4.712758620689654,9.672413793103448,0.2044,0.7786,0.1612,0.2016,2986.6393082120285,2676.6393082120285,310.0,0.807378299468298,31,13,14
0,1772829036.245992,390.8,96,0.3314,0.7451,0.2609,0.4241,57.7088,68.8791,45.8783,0.0,0.0,0.0,4.5,2.4,2.1,None,0.8055903911590576,19.854,True,None,sfc_unique_p1_17,0,None,48.0,43.3,396.0,61,58,6,6,0,True,90.07633587786259,9.213103448275863,4.712758620689654,9.672413793103448,0.2044,0.7786,0.1612,0.2016,2986.6393082120285,2676.6393082120285,310.0,0.807378299468298,31,13,14
0,1772829052.318467,406.9,96,0.2462,0.5616,0.0159,0.2744,37.547,51.9151,29.686,0.0,0.0,0.0,5.61,3.86,1.75,None,0.00019550323486328125,21.283,True,None,sfc_cache_p1_20,0,None,36.0,30.31,297.0,42,40,6,5,0,True,90.11406844106465,8.69175,5.1505,9.075,0.2571,0.7265,0.1417,0.1315,2728.2934528277633,2508.2934528277633,220.0,0.860159189851222,20,0,20
0,1772829052.320243,406.9,96,0.2462,0.5616,0.0159,0.2744,37.547,51.9151,29.686,0.0,0.0,0.0,4.9,2.73,2.18,None,0.00019550323486328125,24.144,True,None,sfc_unique_p1_20,0,None,36.0,30.31,297.0,42,40,6,5,0,True,90.15151515151516,8.69175,5.1505,9.075,0.2571,0.7265,0.1417,0.1315,2728.2934528277633,2508.2934528277633,220.0,0.860159189851222,20,0,20
0,1772829052.3913293,406.9,97,0.2555,0.597,0.0364,0.2994,39.4909,55.191,32.3847,0.0,0.0,0.0,3.6,1.78,1.81,None,0.07570052146911621,19.762,True,None,sfc_cache_p2_20,0,None,36.0,30.31,297.0,42,42,6,5,0,True,90.18867924528303,8.706428571428571,5.214761904761905,9.428571428571429,0.2565,0.7606,0.1607,0.1392,2785.6478971862216,2555.6478971862216,230.0,0.8570999931344959,20,16,6
0,1772829052.3931038,406.9,97,0.2555,0.597,0.0364,0.2994,39.4909,55.191,32.3847,0.0,0.0,0.0,5.39,3.18,2.2,None,0.07570052146911621,23.181,True,None,sfc_unique_p2_20,0,None,36.0,30.31,297.0,42,42,6,5,0,True,90.22556390977444,8.706428571428571,5.214761904761905,9.428571428571429,0.2565,0.7606,0.1607,0.1392,2785.6478971862216,2555.6478971862216,230.0,0.8570999931344959,20,16,6
0,1772829052.4646122,407.0,98,0.2651,0.6261,0.0585,0.3243,41.6865,57.8798,35.0834,0.0,0.0,0.0,4.08,1.97,2.1,None,0.14855480194091797,19.733,True,None,sfc_cache_p3_20,0,None,36.0,30.31,297.0,43,44,6,5,0,True,90.2621722846442,8.772727272727273,5.220227272727272,9.75,0.2559,0.7562,0.1569,0.133,2821.751768104036,2581.751768104036,240.0,0.8508867651508275,23,15,6
0,1772829052.4664598,407.0,98,0.2651,0.6261,0.0585,0.3243,41.6865,57.8798,35.0834,0.0,0.0,0.0,5.39,3.18,2.2,None,0.14855480194091797,23.276,True,None,sfc_unique_p3_20,0,None,36.0,30.31,297.0,43,44,6,5,0,True,90.29850746268657,8.772727272727273,5.220227272727272,9.75,0.2559,0.7562,0.1569,0.133,2821.751768104036,2581.751768104036,240.0,0.8508867651508275,23,15,6
0,1772829052.664619,407.2,99,0.2714,0.6625,0.0765,0.3493,43.5948,61.2388,37.7821,0.0,0.0,0.0,4.53,2.41,2.12,None,0.22193002700805664,19.131,True,None,sfc_cache_p4_20,0,None,36.0,30.31,297.0,44,46,6,5,0,True,90.33457249070632,8.775434782608697,5.28304347826087,10.043478260869565,0.2516,0.7714,0.1541,0.1392,2878.5742414053825,2628.5742414053825,250.0,0.8497702483528721,23,17,6
0,1772829052.666569,407.2,99,0.2714,0.6625,0.0765,0.3493,43.5948,61.2388,37.7821,0.0,0.0,0.0,5.66,3.42,2.25,None,0.22193002700805664,21.855,True,None,sfc_unique_p4_20,0,None,36.0,30.31,297.0,44,46,6,5,0,True,90.37037037037037,8.775434782608697,5.28304347826087,10.043478260869565,0.2516,0.7714,0.1541,0.1392,2878.5742414053825,2628.5742414053825,250.0,0.8497702483528721,23,17,6
0,1772829052.736662,407.3,100,0.2771,0.6979,0.0971,0.3742,45.0711,64.5147,40.4809,0.0,0.0,0.0,3.6,1.4,2.2,None,0.42206907272338867,18.723,True,None,sfc_cache_p5_20,0,None,36.0,34.64,297.0,46,48,6,5,0,True,90.40590405904058,8.694583333333332,5.333749999999999,10.3125,0.2453,0.7698,0.1714,0.1444,2901.504860504593,2641.504860504593,260.0,0.8459853019927812,24,18,6
0,1772829052.7385304,407.3,100,0.2771,0.6979,0.0971,0.3742,45.0711,64.5147,40.4809,0.0,0.0,0.0,5.66,3.42,2.25,None,0.42206907272338867,21.231,True,None,sfc_unique_p5_20,0,None,36.0,34.64,297.0,46,48,6,5,0,True,90.44117647058823,8.694583333333332,5.333749999999999,10.3125,0.2453,0.7698,0.1714,0.1444,2901.504860504593,2641.504860504593,260.0,0.8459853019927812,24,18,6
0,1772829052.8085837,407.4,101,0.283,0.7224,0.1135,0.3992,46.9794,66.7826,43.1796,0.0,0.0,0.0,4.55,2.35,2.2,None,0.49402880668640137,18.643,True,None,sfc_cache_p6_20,0,None,36.0,38.97,297.0,48,50,6,5,0,True,90.47619047619048,8.7002,5.3004,10.56,0.2601,0.8583,0.1689,0.1539,2947.552388791283,2677.552388791283,270.0,0.8343708404774809,26,18,6
0,1772829052.8105288,407.4,101,0.283,0.7224,0.1135,0.3992,46.9794,66.7826,43.1796,0.0,0.0,0.0,9.27,6.77,2.5,None,0.49402880668640137,20.55,True,None,sfc_unique_p6_20,0,None,36.0,38.97,297.0,48,50,6,5,0,True,90.51094890510949,8.7002,5.3004,10.56,0.2601,0.8583,0.1689,0.1539,2947.552388791283,2677.552388791283,270.0,0.8343708404774809,26,18,6
0,1772829072.3629785,426.9,101,0.2819,0.6871,0.1277,0.4241,49.5,68.7128,42.41,0.0,0.0,0.0,3.05,1.69,1.36,None,0.00043487548828125,19.542,True,None,sfc_cache_p1_21,0,None,36.0,38.97,297.0,48,52,6,6,0,False,90.54545454545455,8.814423076923077,5.243846153846154,10.788461538461538,0.2414,0.7826,0.1655,0.1629,3117.978820231585,2837.978820231585,280.0,0.824004447037614,27,18,7
0,1772829072.3650074,426.9,101,0.2819,0.6871,0.1277,0.4241,49.5,68.7128,42.41,0.0,0.0,0.0,5.54,4.2,1.34,None,0.00043487548828125,21.505,True,None,sfc_unique_p1_21,0,None,36.0,38.97,297.0,48,52,6,6,0,False,90.57971014492753,8.814423076923077,5.243846153846154,10.788461538461538,0.2414,0.7826,0.1655,0.1629,3117.978820231585,2837.978820231585,280.0,0.824004447037614,27,18,7
0,1772829072.4355733,427.0,102,0.2848,0.7207,0.1432,0.4241,50.9763,72.0719,42.41,0.0,0.0,0.0,3.05,1.69,1.36,None,0.07459712028503418,19.109,True,None,sfc_cache_p2_21,0,None,40.0,38.97,330.0,50,54,6,6,0,False,90.61371841155234,8.741111111111111,5.296481481481481,10.38888888888889,0.2436,0.8173,0.1624,0.171,3158.9462668267242,2868.9462668267242,290.0,0.8125194904111209,28,18,8
0,1772829072.437609,427.0,102,0.2848,0.7207,0.1432,0.4241,50.9763,72.0719,42.41,0.0,0.0,0.0,10.39,8.98,1.41,None,0.07459712028503418,20.672,True,None,sfc_unique_p2_21,0,None,40.0,38.97,330.0,50,54,6,6,0,False,90.64748201438849,8.741111111111111,5.296481481481481,10.38888888888889,0.2436,0.8173,0.1624,0.171,3158.9462668267242,2868.9462668267242,290.0,0.8125194904111209,28,18,8
0,1772829072.5074108,427.1,103,0.2952,0.7207,0.1588,0.4241,53.4246,72.0719,42.41,0.0,0.0,0.0,3.05,1.69,1.36,None,0.1471545696258545,18.277,True,None,sfc_cache_p3_21,0,None,44.0,43.3,363.0,54,56,6,6,0,False,90.68100358422939,8.83375,5.107321428571429,10.017857142857142,0.2349,0.8173,0.1594,0.1802,3177.9825678969532,2877.9825678969532,300.0,0.803630097631884,29,18,9
0,1772829072.5094893,427.1,103,0.2952,0.7207,0.1588,0.4241,53.4246,72.0719,42.41,0.0,0.0,0.0,11.27,9.78,1.49,None,0.1471545696258545,19.974,True,None,sfc_unique_p3_21,0,None,44.0,43.3,363.0,54,56,6,6,0,False,90.71428571428571,8.83375,5.107321428571429,10.017857142857142,0.2349,0.8173,0.1594,0.1802,3177.9825678969532,2877.9825678969532,300.0,0.803630097631884,29,18,9
0,1772829072.5787148,427.1,104,0.3053,0.7207,0.1761,0.4241,55.8728,72.0719,42.41,0.0,0.0,0.0,3.05,1.69,1.36,None,0.2190837860107422,17.74,True,None,sfc_cache_p4_21,0,None,48.0,47.63,396.0,58,58,6,6,0,False,90.74733096085409,8.92,4.931206896551724,9.672413793103448,0.2245,0.8173,0.1565,0.1879,3193.2062174868,2883.2062174868,310.0,0.7999763705518181,30,18,10
0,1772829072.5809214,427.1,104,0.3053,0.7207,0.1761,0.4241,55.8728,72.0719,42.41,0.0,0.0,0.0,9.42,7.93,1.49,None,0.2190837860107422,19.672,True,None,sfc_unique_p4_21,0,None,48.0,47.63,396.0,58,58,6,6,0,False,90.78014184397163,8.92,4.931206896551724,9.672413793103448,0.2245,0.8173,0.1565,0.1879,3193.2062174868,2883.2062174868,310.0,0.7999763705518181,30,18,10
0,1772829072.6484897,427.2,105,0.3088,0.7434,0.1938,0.4241,57.3491,74.3398,42.41,0.0,0.0,0.0,3.05,1.69,1.36,None,0.29028964042663574,16.915,True,None,sfc_cache_p5_21,0,None,52.0,51.96,429.0,62,60,6,6,0,False,90.81272084805654,8.8505,4.916833333333333,9.35,0.2177,0.8596,0.1537,0.1933,3218.5114990342527,2898.5114990342527,320.0,0.7948826397009903,31,18,11
0,1772829072.6506803,427.2,105,0.3088,0.7434,0.1938,0.4241,57.3491,74.3398,42.41,0.0,0.0,0.0,6.29,4.56,1.72,None,0.29028964042663574,18.542,True,None,sfc_unique_p5_21,0,None,52.0,51.96,429.0,62,60,6,6,0,False,90.84507042253522,8.8505,4.916833333333333,9.35,0.2177,0.8596,0.1537,0.1933,3218.5114990342527,2898.5114990342527,320.0,0.7948826397009903,31,18,11
0,1772829072.7155485,427.3,106,0.3162,0.7434,0.2069,0.4241,59.7974,74.3398,42.41,0.0,0.0,0.0,3.05,1.69,1.36,None,0.36008787155151367,16.147,True,None,sfc_cache_p6_21,0,None,56.0,56.29,462.0,66,62,6,6,0,False,90.87719298245615,8.930645161290323,4.7582258064516125,9.048387096774194,0.2142,0.8596,0.151,0.1928,3243.1377178858233,2913.1377178858233,330.0,0.7981523192707791,31,18,13
0,1772829072.7177558,427.3,106,0.3162,0.7434,0.2069,0.4241,59.7974,74.3398,42.41,0.0,0.0,0.0,4.83,3.04,1.79,None,0.36008787155151367,16.759,True,None,sfc_unique_p6_21,0,None,56.0,56.29,462.0,66,62,6,6,0,False,90.9090909090909,8.930645161290323,4.7582258064516125,9.048387096774194,0.2142,0.8596,0.151,0.1928,3243.1377178858233,2913.1377178858233,330.0,0.7981523192707791,31,18,13
0,1772829091.5242162,446.1,106,0.3285,0.7518,0.2188,0.449,62.7856,75.1789,44.9047,0.0,0.0,0.0,5.28,3.59,1.69,None,0.00025272369384765625,15.602,True,None,sfc_cache_p1_22,0,None,56.0,56.29,462.0,67,64,6,7,0,False,90.94076655052264,9.08390625,4.6615625,9.28125,0.2145,0.8581,0.1639,0.1921,3264.1377836651145,2924.1377836651145,340.0,0.7982405690155435,31,22,11
0,1772829091.526501,446.1,106,0.3285,0.7518,0.2188,0.449,62.7856,75.1789,44.9047,0.0,0.0,0.0,3.73,1.87,1.86,None,0.00025272369384765625,16.686,True,None,sfc_unique_p1_22,0,None,56.0,56.29,462.0,67,64,6,7,0,False,90.97222222222221,9.08390625,4.6615625,9.28125,0.2145,0.8581,0.1639,0.1921,3264.1377836651145,2924.1377836651145,340.0,0.7982405690155435,31,22,11
0,1772829091.590799,446.1,107,0.3329,0.7736,0.2316,0.449,64.2976,77.3637,44.9047,0.0,0.0,0.0,5.28,3.59,1.69,None,0.18996143341064453,15.618,True,None,sfc_cache_p2_22,0,None,64.33,56.29,495.0,70,66,6,7,0,False,91.00346020761245,9.020757575757576,4.651666666666666,9.0,0.2106,0.8667,0.1611,0.194,3300.433635700403,2950.433635700403,350.0,0.8000874059191818,31,29,6
0,1772829091.5931375,446.1,107,0.3329,0.7736,0.2316,0.449,64.2976,77.3637,44.9047,0.0,0.0,0.0,4.2,2.32,1.88,None,0.18996143341064453,16.187,True,None,sfc_unique_p2_22,0,None,64.33,56.29,495.0,70,66,6,7,0,False,91.0344827586207,9.020757575757576,4.651666666666666,9.0,0.2106,0.8667,0.1611,0.194,3300.433635700403,2950.433635700403,350.0,0.8000874059191818,31,29,6
0,1772829091.659059,446.2,108,0.336,0.7955,0.2443,0.449,65.8095,79.5484,44.9047,0.0,0.0,0.0,5.28,3.59,1.69,None,0.25670957565307617,16.833,True,None,sfc_cache_p3_22,0,None,72.66,56.29,528.0,74,68,6,7,0,False,91.06529209621993,8.961323529411764,4.642352941176471,8.735294117647058,0.2066,0.87,0.1584,0.1949,3315.4657514719556,2955.4657514719556,360.0,0.801696260285801,31,37,0
0,1772829091.6614592,446.2,108,0.336,0.7955,0.2443,0.449,65.8095,79.5484,44.9047,0.0,0.0,0.0,4.2,2.32,1.88,None,0.25670957565307617,16.45,True,None,sfc_unique_p3_22,0,None,72.66,56.29,528.0,74,68,6,7,0,False,91.0958904109589,8.961323529411764,4.642352941176471,8.735294117647058,0.2066,0.87,0.1584,0.1949,3315.4657514719556,2955.4657514719556,360.0,0.801696260285801,31,37,0
0,1772829091.7262664,446.3,109,0.3438,0.7955,0.2557,0.449,68.2578,79.5484,44.9047,0.0,0.0,0.0,5.28,3.59,1.69,None,0.3250758647918701,15.595,True,None,sfc_cache_p4_22,0,None,80.99,56.29,561.0,77,70,6,7,0,False,91.12627986348123,9.029142857142856,4.509714285714286,8.485714285714286,0.2018,0.87,0.1558,0.1965,3325.4657514719556,2955.4657514719556,370.0,0.8010581156313804,32,38,0
0,1772829091.72874,446.3,109,0.3438,0.7955,0.2557,0.449,68.2578,79.5484,44.9047,0.0,0.0,0.0,5.39,3.43,1.96,None,0.3250758647918701,15.669,True,None,sfc_unique_p4_22,0,None,80.99,56.29,561.0,77,70,6,7,0,False,91.15646258503402,9.029142857142856,4.509714285714286,8.485714285714286,0.2018,0.87,0.1558,0.1965,3325.4657514719556,2955.4657514719556,370.0,0.8010581156313804,32,38,0
0,1772829091.7926059,446.3,110,0.3454,0.8182,0.2689,0.449,69.7341,81.8163,44.9047,0.0,0.0,0.0,5.28,3.59,1.69,None,0.3923516273498535,15.398,True,None,sfc_cache_p5_22,0,None,89.32,56.29,594.0,80,72,6,7,0,False,91.18644067796609,8.968194444444444,4.509444444444444,8.25,0.203,0.9176,0.1533,0.1928,3367.255037186241,2987.255037186241,380.0,0.7992165104858807,38,34,0
0,1772829091.7950692,446.3,110,0.3454,0.8182,0.2689,0.449,69.7341,81.8163,44.9047,0.0,0.0,0.0,4.95,2.96,1.99,None,0.3923516273498535,15.141,True,None,sfc_unique_p5_22,0,None,89.32,56.29,594.0,80,72,6,7,0,False,91.21621621621621,8.968194444444444,4.509444444444444,8.25,0.203,0.9176,0.1533,0.1928,3367.255037186241,2987.255037186241,380.0,0.7992165104858807,38,34,0
0,1772829091.8586872,446.4,111,0.3516,0.8182,0.2808,0.449,72.1824,81.8163,44.9047,0.0,0.0,0.0,5.28,3.59,1.69,None,0.45858073234558105,15.557,True,None,sfc_cache_p6_22,0,None,97.65,56.29,627.0,84,74,6,7,0,False,91.24579124579124,9.032162162162162,4.387567567567568,8.027027027027026,0.1982,0.9176,0.1509,0.1904,3377.255037186241,2987.255037186241,390.0,0.79997808437724,39,35,0
0,1772829091.8612387,446.4,111,0.3516,0.8182,0.2808,0.449,72.1824,81.8163,44.9047,0.0,0.0,0.0,5.51,3.04,2.47,None,0.45858073234558105,13.909,True,None,sfc_unique_p6_22,0,None,97.65,56.29,627.0,84,74,6,7,0,False,91.2751677852349,9.032162162162162,4.387567567567568,8.027027027027026,0.1982,0.9176,0.1509,0.1904,3377.255037186241,2987.255037186241,390.0,0.79997808437724,39,35,0
0,1772829115.5756388,470.1,111,0.2928,0.5888,0.0124,0.3493,51.0141,58.8827,34.9259,0.0,0.0,0.0,4.75,3.59,1.15,None,0.000213623046875,21.781,True,None,sfc_cache_p1_23,0,None,69.65,30.31000000000001,396.0,54,52,6,6,0,False,91.30434782608695,9.084038461538462,4.493653846153846,8.884615384615385,0.2441,0.8554,0.1643,0.1637,3150.211912523027,2870.211912523027,280.0,0.8389369359680171,29,18,5
0,1772829115.577655,470.1,111,0.2928,0.5888,0.0124,0.3493,51.0141,58.8827,34.9259,0.0,0.0,0.0,4.41,2.96,1.45,None,0.000213623046875,23.503,True,None,sfc_unique_p1_23,0,None,69.65,30.31000000000001,396.0,54,52,6,6,0,False,91.33333333333333,9.084038461538462,4.493653846153846,8.884615384615385,0.2441,0.8554,0.1643,0.1637,3150.211912523027,2870.211912523027,280.0,0.8389369359680171,29,18,5
0,1772829115.6540775,470.2,112,0.2991,0.6224,0.0257,0.3742,52.9224,62.2417,37.4206,0.0,0.0,0.0,3.13,1.83,1.29,None,0.07902359962463379,21.517,True,None,sfc_cache_p2_23,0,None,69.65,30.31,396.0,56,54,6,6,0,False,91.36212624584718,9.074814814814815,4.574074074074074,9.166666666666666,0.2401,0.8529,0.161,0.1798,3183.630024270435,2893.630024270435,290.0,0.8305995675670774,31,18,5
0,1772829115.6561239,470.2,112,0.2991,0.6224,0.0257,0.3742,52.9224,62.2417,37.4206,0.0,0.0,0.0,4.41,2.96,1.45,None,0.07902359962463379,23.352,True,None,sfc_unique_p2_23,0,None,69.65,30.31,396.0,56,54,6,6,0,False,91.3907284768212,9.074814814814815,4.574074074074074,9.166666666666666,0.2401,0.8529,0.161,0.1798,3183.630024270435,2893.630024270435,290.0,0.8305995675670774,31,18,5
0,1772829115.8496034,470.4,113,0.312,0.6325,0.0384,0.3992,55.8383,63.2497,39.9153,0.0,0.0,0.0,2.83,1.54,1.29,None,0.15753889083862305,21.128,True,None,sfc_cache_p3_23,0,None,69.65,30.31,396.0,58,56,6,6,0,False,91.41914191419141,9.232857142857142,4.482142857142857,9.428571428571429,0.2338,0.8569,0.1764,0.189,3219.946551123863,2919.946551123863,300.0,0.8213383262793877,33,18,5
0,1772829115.8517563,470.4,113,0.312,0.6325,0.0384,0.3992,55.8383,63.2497,39.9153,0.0,0.0,0.0,6.56,4.98,1.59,None,0.15753889083862305,22.382,True,None,sfc_unique_p3_23,0,None,69.65,30.31,396.0,58,56,6,6,0,False,91.44736842105263,9.232857142857142,4.482142857142857,9.428571428571429,0.2338,0.8569,0.1764,0.189,3219.946551123863,2919.946551123863,300.0,0.8213383262793877,33,18,5
0,1772829115.9259508,470.5,114,0.322,0.6434,0.0515,0.4241,58.7185,64.3408,42.41,0.0,0.0,0.0,3.13,1.44,1.69,None,0.35320425033569336,20.571,True,None,sfc_cache_p4_23,0,None,69.65,30.31,396.0,60,58,6,6,0,False,91.47540983606557,9.374310344827586,4.402241379310345,9.672413793103448,0.2254,0.853,0.1735,0.1965,3230.235122552435,2920.235122552435,310.0,0.8131844554074991,34,19,5
0,1772829115.9281082,470.5,114,0.322,0.6434,0.0515,0.4241,58.7185,64.3408,42.41,0.0,0.0,0.0,6.56,4.98,1.59,None,0.35320425033569336,21.234,True,None,sfc_unique_p4_23,0,None,69.65,30.31,396.0,60,58,6,6,0,False,91.50326797385621,9.374310344827586,4.402241379310345,9.672413793103448,0.2254,0.853,0.1735,0.1965,3230.235122552435,2920.235122552435,310.0,0.8131844554074991,34,19,5
0,1772829116.0039992,470.5,115,0.3317,0.6543,0.064,0.449,61.5988,65.4319,44.9047,0.0,0.0,0.0,3.36,1.66,1.7,None,0.4295530319213867,20.615,True,None,sfc_cache_p5_23,0,None,69.65,30.31,396.0,61,60,6,6,0,False,91.53094462540716,9.506333333333334,4.327666666666667,9.9,0.2162,0.8543,0.1712,0.202,3250.7276933619073,2930.7276933619073,320.0,0.8061432894516425,48,6,6
0,1772829116.0061834,470.6,115,0.3317,0.6543,0.064,0.449,61.5988,65.4319,44.9047,0.0,0.0,0.0,6.56,4.98,1.59,None,0.4295530319213867,22.278,True,None,sfc_unique_p5_23,0,None,69.65,30.31,396.0,61,60,6,6,0,False,91.55844155844156,9.506333333333334,4.327666666666667,9.9,0.2162,0.8543,0.1712,0.202,3250.7276933619073,2930.7276933619073,320.0,0.8061432894516425,48,6,6
0,1772829116.1007047,470.6,116,0.3372,0.6762,0.0782,0.474,63.5427,67.6167,47.3995,0.0,0.0,0.0,3.62,1.84,1.78,None,0.5076837539672852,26.58,True,None,sfc_cache_p6_23,0,None,69.65,34.64,396.0,63,62,6,6,0,False,91.58576051779936,9.49,4.327903225806451,10.112903225806452,0.2101,0.8578,0.1693,0.2036,3279.4492534919177,2949.4492534919177,330.0,0.8039270708962618,55,1,6
0,1772829116.1035693,470.6,116,0.3372,0.6762,0.0782,0.474,63.5427,67.6167,47.3995,0.0,0.0,0.0,4.6,2.88,1.72,None,0.5076837539672852,27.159,True,None,sfc_unique_p6_23,0,None,69.65,34.64,396.0,63,62,6,6,0,False,91.61290322580645,9.49,4.327903225806451,10.112903225806452,0.2101,0.8578,0.1693,0.2036,3279.4492534919177,2949.4492534919177,330.0,0.8039270708962618,55,1,6
0,1772829130.6088014,485.2,116,0.3414,0.7089,0.0931,0.4989,65.4866,70.8926,49.8942,0.0,0.0,0.0,6.01,4.08,1.93,None,0.0004565715789794922,19.47,True,None,sfc_cache_p1_24,0,None,69.65,34.64,396.0,64,64,6,7,0,False,91.63987138263666,9.4746875,4.39578125,10.3125,0.2173,0.8884,0.1818,0.2262,3331.823207628887,2991.823207628887,340.0,0.8004721813976959,57,1,6
0,1772829130.6111414,485.2,116,0.3414,0.7089,0.0931,0.4989,65.4866,70.8926,49.8942,0.0,0.0,0.0,7.17,4.81,2.36,None,0.0004565715789794922,19.921,True,None,sfc_unique_p1_24,0,None,69.65,34.64,396.0,64,64,6,7,0,False,91.66666666666666,9.4746875,4.39578125,10.3125,0.2173,0.8884,0.1818,0.2262,3331.823207628887,2991.823207628887,340.0,0.8004721813976959,57,1,6
0,1772829130.6837819,485.2,117,0.3505,0.7089,0.1051,0.4989,67.9349,70.8926,49.8942,0.0,0.0,0.0,6.01,4.08,1.93,None,0.07679557800292969,19.465,True,None,sfc_cache_p2_24,0,None,73.65,38.97,429.0,68,66,6,7,0,False,91.69329073482429,9.531060606060606,4.262575757575758,10.0,0.2248,0.8884,0.1787,0.2402,3363.003708093715,3013.003708093715,350.0,0.7918758431282682,59,1,6
0,1772829130.686186,485.2,117,0.3505,0.7089,0.1051,0.4989,67.9349,70.8926,49.8942,0.0,0.0,0.0,10.87,8.51,2.36,None,0.07679557800292969,19.122,True,None,sfc_unique_p2_24,0,None,73.65,38.97,429.0,68,66,6,7,0,False,91.71974522292994,9.531060606060606,4.262575757575758,10.0,0.2248,0.8884,0.1787,0.2402,3363.003708093715,3013.003708093715,350.0,0.7918758431282682,59,1,6
0,1772829130.7592106,485.3,118,0.3569,0.7089,0.1172,0.4989,70.3832,70.8926,49.8942,0.0,0.0,0.0,6.01,4.08,1.93,None,0.15186023712158203,19.35,True,None,sfc_cache_p3_24,0,None,77.65,43.3,462.0,72,68,6,7,0,False,91.74603174603175,9.584117647058823,4.137205882352941,9.705882352941176,0.2232,0.8884,0.1757,0.2455,3385.060564306916,3025.060564306916,360.0,0.7805262590368721,61,1,6
0,1772829130.7615995,485.3,118,0.3569,0.7089,0.1172,0.4989,70.3832,70.8926,49.8942,0.0,0.0,0.0,10.87,8.51,2.36,None,0.15186023712158203,19.292,True,None,sfc_unique_p3_24,0,None,77.65,43.3,462.0,72,68,6,7,0,False,91.77215189873418,9.584117647058823,4.137205882352941,9.705882352941176,0.2232,0.8884,0.1757,0.2455,3385.060564306916,3025.060564306916,360.0,0.7805262590368721,61,1,6
0,1772829130.9606159,485.5,119,0.3597,0.7308,0.1316,0.4989,71.8951,73.0773,49.8942,0.0,0.0,0.0,5.39,3.46,1.93,None,0.22720718383789062,18.754,True,None,sfc_cache_p4_24,0,None,81.65,47.63,495.0,76,70,6,7,0,False,91.7981072555205,9.510285714285715,4.142857142857143,9.428571428571429,0.2228,0.9021,0.1728,0.2521,3418.834850021202,3048.834850021202,370.0,0.7750203798080376,64,0,6
0,1772829130.9630754,485.5,119,0.3597,0.7308,0.1316,0.4989,71.8951,73.0773,49.8942,0.0,0.0,0.0,7.75,5.04,2.71,None,0.22720718383789062,18.188,True,None,sfc_unique_p4_24,0,None,81.65,47.63,495.0,76,70,6,7,0,False,91.82389937106919,9.510285714285715,4.142857142857143,9.428571428571429,0.2228,0.9021,0.1728,0.2521,3418.834850021202,3048.834850021202,370.0,0.7750203798080376,64,0,6
0,1772829131.0382516,485.6,120,0.3616,0.7618,0.1501,0.4989,73.0118,76.1844,49.8942,0.0,0.0,0.0,5.39,3.46,1.93,None,0.42844605445861816,18.236,True,None,sfc_cache_p5_24,0,None,85.65,51.96,528.0,79,72,6,7,0,False,91.84952978056427,9.389722222222222,4.199027777777777,9.166666666666666,0.2213,0.8997,0.17,0.2479,3437.697707164059,3057.697707164059,380.0,0.7718341483057289,66,0,6
0,1772829131.0415866,485.6,120,0.3616,0.7618,0.1501,0.4989,73.0118,76.1844,49.8942,0.0,0.0,0.0,5.1,2.83,2.27,None,0.42844605445861816,22.262,True,None,sfc_unique_p5_24,0,None,85.65,51.96,528.0,79,72,6,7,0,False,91.875,9.389722222222222,4.199027777777777,9.166666666666666,0.2213,0.8997,0.17,0.2479,3437.697707164059,3057.697707164059,380.0,0.7718341483057289,66,0,6
0,1772829131.135365,485.7,121,0.3682,0.7702,0.1645,0.4989,75.1004,77.0235,49.8942,0.0,0.0,0.0,5.39,3.46,1.93,None,0.5077948570251465,24.565,True,None,sfc_cache_p6_24,0,None,89.65,56.29,561.0,83,74,6,7,0,False,91.90031152647975,9.397297297297296,4.130540540540541,8.91891891891892,0.2198,0.8965,0.1673,0.2417,3460.5577071640587,3070.5577071640587,390.0,0.7658516470231999,68,0,6
0,1772829131.1387715,485.7,121,0.3682,0.7702,0.1645,0.4989,75.1004,77.0235,49.8942,0.0,0.0,0.0,7.15,4.79,2.36,None,0.5077948570251465,22.653,True,None,sfc_unique_p6_24,0,None,89.65,56.29,561.0,83,74,6,7,0,False,91.92546583850931,9.397297297297296,4.130540540540541,8.91891891891892,0.2198,0.8965,0.1673,0.2417,3460.5577071640587,3070.5577071640587,390.0,0.7658516470231999,68,0,6
0,1772829153.6480362,508.2,121,0.3425,0.6249,0.0134,0.4241,65.9219,62.4887,42.41,0.0,0.0,0.0,3.49,2.75,0.74,None,0.00019288063049316406,19.066,True,None,sfc_cache_p1_25,0,None,81.65,51.96,495.0,72,64,6,7,0,False,91.95046439628483,9.53765625,3.8746875,8.765625,0.2342,0.9238,0.1633,0.1885,3268.2669955994943,2928.2669955994943,340.0,0.7351416655723577,47,14,3
0,1772829153.6503782,508.2,121,0.3425,0.6249,0.0134,0.4241,65.9219,62.4887,42.41,0.0,0.0,0.0,9.95,8.82,1.13,None,0.00019288063049316406,18.163,True,None,sfc_unique_p1_25,0,None,81.65,51.96,495.0,72,64,6,7,0,False,91.9753086419753,9.53765625,3.8746875,8.765625,0.2342,0.9238,0.1633,0.1885,3268.2669955994943,2928.2669955994943,340.0,0.7351416655723577,47,14,3
0,1772829153.7193336,508.3,122,0.3471,0.666,0.0304,0.449,67.5062,66.6037,44.9047,0.0,0.0,0.0,3.17,1.81,1.35,None,0.07464957237243652,17.836,True,None,sfc_cache_p2_25,0,None,81.65,51.96,495.0,73,66,6,7,0,False,92.0,9.47090909090909,4.00469696969697,9.0,0.2319,0.9463,0.1611,0.2039,3318.3932671617895,2968.3932671617895,350.0,0.7358500234761198,48,14,4
0,1772829153.7217944,508.3,122,0.3471,0.666,0.0304,0.449,67.5062,66.6037,44.9047,0.0,0.0,0.0,2.6,1.44,1.17,None,0.07464957237243652,16.682,True,None,sfc_unique_p2_25,0,None,81.65,51.96,495.0,73,66,6,7,0,False,92.02453987730061,9.47090909090909,4.00469696969697,9.0,0.2319,0.9463,0.1611,0.2039,3318.3932671617895,2968.3932671617895,350.0,0.7358500234761198,48,14,4
0,1772829153.7904398,508.3,123,0.35,0.698,0.0495,0.474,69.0181,69.7964,47.3995,0.0,0.0,0.0,2.06,0.7,1.35,None,0.14612150192260742,17.026,True,None,sfc_cache_p3_25,0,None,81.65,56.29,495.0,76,68,6,7,0,False,92.04892966360856,9.398235294117647,4.073235294117647,9.220588235294118,0.2318,0.9624,0.1749,0.2184,3369.28038529861,3009.28038529861,360.0,0.7378639446963471,49,14,5
0,1772829153.792893,508.3,123,0.35,0.698,0.0495,0.474,69.0181,69.7964,47.3995,0.0,0.0,0.0,5.9,4.35,1.55,None,0.14612150192260742,16.103,True,None,sfc_unique_p3_25,0,None,81.65,56.29,495.0,76,68,6,7,0,False,92.07317073170732,9.398235294117647,4.073235294117647,9.220588235294118,0.2318,0.9624,0.1749,0.2184,3369.28038529861,3009.28038529861,360.0,0.7378639446963471,49,14,5
0,1772829153.8419707,508.4,124,0.3538,0.7307,0.0667,0.4989,70.962,73.0723,49.8942,0.0,0.0,0.0,6.43,4.92,1.51,None,0.21720099449157715,10.064,True,None,sfc_cache_p4_25,0,None,81.65,56.29,495.0,77,70,6,7,0,False,92.09726443768997,9.386857142857144,4.142571428571429,9.428571428571429,0.2303,0.9685,0.1717,0.2233,3411.0853180152167,3041.0853180152167,370.0,0.7322744475143091,51,14,5
0,1772829153.843288,508.4,124,0.3538,0.7307,0.0667,0.4989,70.962,73.0723,49.8942,0.0,0.0,0.0,5.9,4.35,1.55,None,0.21720099449157715,9.599,True,None,sfc_unique_p4_25,0,None,81.65,56.29,495.0,77,70,6,7,0,False,92.12121212121212,9.386857142857144,4.142571428571429,9.428571428571429,0.2303,0.9685,0.1717,0.2233,3411.0853180152167,3041.0853180152167,370.0,0.7322744475143091,51,14,5
0,1772829153.8831954,508.4,125,0.3575,0.7635,0.0852,0.5239,72.906,76.3482,52.3889,0.0,0.0,0.0,3.31,1.36,1.95,None,0.2664806842803955,9.316,True,None,sfc_cache_p5_25,0,None,81.65,56.29,495.0,78,72,6,7,0,False,92.14501510574019,9.376111111111111,4.208055555555556,9.625,0.2283,0.9708,0.1703,0.2326,3429.2027410583983,3049.2027410583983,380.0,0.7322225309948707,53,14,5
0,1772829153.8845134,508.4,125,0.3575,0.7635,0.0852,0.5239,72.906,76.3482,52.3889,0.0,0.0,0.0,5.9,4.35,1.55,None,0.2664806842803955,9.404,True,None,sfc_unique_p5_25,0,None,81.65,56.29,495.0,78,72,6,7,0,False,92.16867469879519,9.376111111111111,4.208055555555556,9.625,0.2283,0.9708,0.1703,0.2326,3429.2027410583983,3049.2027410583983,380.0,0.7322225309948707,53,14,5
0,1772829153.9989629,508.5,126,0.3622,0.7962,0.1034,0.5488,74.8499,79.624,54.8836,0.0,0.0,0.0,6.8,4.34,2.46,None,0.307697057723999,9.135,True,None,sfc_cache_p6_25,0,None,81.65,56.29,495.0,80,74,6,7,0,False,92.1921921921922,9.365945945945947,4.2700000000000005,9.81081081081081,0.226,0.9676,0.169,0.2326,3442.3325830168733,3052.3325830168733,390.0,0.7258285243418892,55,14,5
0,1772829154.0003617,508.5,126,0.3622,0.7962,0.1034,0.5488,74.8499,79.624,54.8836,0.0,0.0,0.0,5.9,4.35,1.55,None,0.307697057723999,9.216,True,None,sfc_unique_p6_25,0,None,81.65,56.29,495.0,80,74,6,7,0,False,92.21556886227546,9.365945945945947,4.2700000000000005,9.81081081081081,0.226,0.9676,0.169,0.2326,3442.3325830168733,3052.3325830168733,390.0,0.7258285243418892,55,14,5
0,1772829155.4278681,510.0,126,0.2558,0.5984,0.0161,0.3493,49.2872,51.4867,40.5904,0.0,0.0,0.0,3.15,1.79,1.35,None,0.00019121170043945312,11.158,True,None,sfc_cache_p6_25,0,None,57.32000000000001,25.98000000000001,330.0,49,48,6,7,0,True,92.23880597014926,9.507916666666667,4.256666666666667,9.625,0.1822,0.7543,0.1394,0.1607,2839.270053365412,2449.270053365412,390.0,0.7576210397405494,36,9,3
0,1772829155.428958,510.0,126,0.2558,0.5984,0.0161,0.3493,49.2872,51.4867,40.5904,0.0,0.0,0.0,9.96,8.8,1.16,None,0.00019121170043945312,12.188,True,None,sfc_unique_p6_25,0,None,57.32000000000001,25.98000000000001,330.0,49,48,6,7,0,True,92.26190476190477,9.507916666666667,4.256666666666667,9.625,0.1822,0.7543,0.1394,0.1607,2839.270053365412,2449.270053365412,390.0,0.7576210397405494,36,9,3
0,1772829155.47062,510.0,126,0.2707,0.6111,0.0314,0.3742,52.1675,52.5779,43.4897,0.0,0.0,0.0,2.81,1.45,1.36,None,0.04444766044616699,10.453,True,None,sfc_cache_p5_21,0,None,57.32000000000001,25.98,330.0,50,50,6,7,0,True,92.28486646884274,9.661,4.173,9.9,0.1872,0.7611,0.1397,0.1856,2863.123988758179,2473.123988758179,390.0,0.7509562832367261,37,10,3
0,1772829155.4716415,510.0,126,0.2707,0.6111,0.0314,0.3742,52.1675,52.5779,43.4897,0.0,0.0,0.0,11.33,9.85,1.48,None,0.04444766044616699,11.582,True,None,sfc_unique_p5_21,0,None,57.32000000000001,25.98,330.0,50,50,6,7,0,True,92.3076923076923,9.661,4.173,9.9,0.1872,0.7611,0.1397,0.1856,2863.123988758179,2473.123988758179,390.0,0.7509562832367261,37,10,3
0,1772829155.5132627,510.1,126,0.2816,0.6501,0.0454,0.3992,54.0758,55.9369,46.389,0.0,0.0,0.0,4.18,2.83,1.35,None,0.08736395835876465,10.168,True,None,sfc_cache_p4_25,0,None,57.32000000000001,25.98,330.0,52,52,6,7,0,True,92.33038348082596,9.62923076923077,4.2688461538461535,10.153846153846153,0.1998,0.8524,0.1405,0.2053,2901.020764540522,2511.020764540522,390.0,0.7463014941925058,39,10,3
0,1772829155.5143943,510.1,126,0.2816,0.6501,0.0454,0.3992,54.0758,55.9369,46.389,0.0,0.0,0.0,10.41,9.01,1.4,None,0.08736395835876465,11.149,True,None,sfc_unique_p4_25,0,None,57.32000000000001,25.98,330.0,52,52,6,7,0,True,92.3529411764706,9.62923076923077,4.2688461538461535,10.153846153846153,0.1998,0.8524,0.1405,0.2053,2901.020764540522,2511.020764540522,390.0,0.7463014941925058,39,10,3
0,1772829155.5549989,510.1,126,0.2857,0.7145,0.0635,0.4241,55.0477,61.4807,49.2884,0.0,0.0,0.0,6.27,3.76,2.51,None,0.13028621673583984,10.105,True,None,sfc_cache_p4_22,0,None,57.32000000000001,25.98,330.0,53,54,6,7,0,True,92.37536656891496,9.43925925925926,4.518148148148148,10.38888888888889,0.1996,0.8774,0.141,0.2124,2945.4428107507047,2555.4428107507047,390.0,0.7410487471627116,40,11,3
0,1772829155.556096,510.1,126,0.2857,0.7145,0.0635,0.4241,55.0477,61.4807,49.2884,0.0,0.0,0.0,3.1,1.24,1.86,None,0.13028621673583984,10.077,True,None,sfc_unique_p4_22,0,None,57.32000000000001,25.98,330.0,53,54,6,7,0,True,92.39766081871345,9.43925925925926,4.518148148148148,10.38888888888889,0.1996,0.8774,0.141,0.2124,2945.4428107507047,2555.4428107507047,390.0,0.7410487471627116,40,11,3
0,1772829155.5957682,510.1,126,0.2946,0.7409,0.0806,0.449,56.956,63.7486,52.1877,0.0,0.0,0.0,5.27,2.81,2.46,None,0.1721203327178955,9.311,True,None,sfc_cache_p4_21,0,None,57.32000000000001,30.31,330.0,54,56,6,7,0,True,92.4198250728863,9.41767857142857,4.5175,10.607142857142858,0.201,0.88,0.1553,0.2287,2959.724268729346,2569.724268729346,390.0,0.7426875118677544,41,11,4
0,1772829155.5969324,510.1,126,0.2946,0.7409,0.0806,0.449,56.956,63.7486,52.1877,0.0,0.0,0.0,3.9,2.4,1.5,None,0.1721203327178955,9.832,True,None,sfc_unique_p4_21,0,None,57.32000000000001,30.31,330.0,54,56,6,7,0,True,92.44186046511628,9.41767857142857,4.5175,10.607142857142858,0.201,0.88,0.1553,0.2287,2959.724268729346,2569.724268729346,390.0,0.7426875118677544,41,11,4
0,1772829155.6363173,510.2,126,0.3046,0.7663,0.098,0.474,58.9,65.9334,55.087,0.0,0.0,0.0,5.8,3.34,2.46,None,0.21310949325561523,9.053,True,None,sfc_cache_p3_21,0,None,57.32000000000001,34.64,330.0,57,58,6,7,0,True,92.46376811594203,9.403275862068964,4.511206896551724,10.810344827586206,0.2022,0.8903,0.1565,0.2408,2987.2199474168556,2597.2199474168556,390.0,0.7439280495013304,46,8,4
0,1772829155.6374426,510.2,126,0.3046,0.7663,0.098,0.474,58.9,65.9334,55.087,0.0,0.0,0.0,3.89,2.11,1.79,None,0.21310949325561523,9.369,True,None,sfc_unique_p3_21,0,None,57.32000000000001,34.64,330.0,57,58,6,7,0,True,92.48554913294798,9.403275862068964,4.511206896551724,10.810344827586206,0.2022,0.8903,0.1565,0.2408,2987.2199474168556,2597.2199474168556,390.0,0.7439280495013304,46,8,4
0,1772829155.677374,510.2,126,0.3078,0.7663,0.098,0.474,58.9,65.9334,55.087,0.0,0.0,0.0,None,None,None,None,0.2537198066711426,9.637,False,None,sfc_cache_p1_21,0,None,57.32000000000001,34.64,330.0,57,58,6,7,0,True,92.21902017291066,9.403275862068964,4.511206896551724,10.810344827586206,0.2064,0.8903,0.1591,0.2408,2977.2199474168556,2597.2199474168556,380.0,0.7439280495013304,46,8,4
0,1772829155.6785672,510.2,126,0.3078,0.7663,0.098,0.474,58.9,65.9334,55.087,0.0,0.0,0.0,3.89,2.11,1.79,None,0.2537198066711426,9.588,False,None,sfc_unique_p1_21,0,None,57.32000000000001,34.64,330.0,57,58,6,7,0,True,91.95402298850574,9.403275862068964,4.511206896551724,10.810344827586206,0.2064,0.8903,0.1591,0.2408,2977.2199474168556,2597.2199474168556,380.0,0.7439280495013304,46,8,4
0,1772829155.7877452,510.3,126,0.3122,0.7663,0.098,0.474,58.9,65.9334,55.087,0.0,0.0,0.0,None,None,None,None,0.2949790954589844,9.626,False,None,sfc_cache_p6_23,0,None,57.32000000000001,34.64,330.0,57,58,6,7,0,True,91.69054441260745,9.403275862068964,4.511206896551724,10.810344827586206,0.2107,0.8903,0.1618,0.2408,2967.2199474168556,2597.2199474168556,370.0,0.7439280495013304,46,8,4
0,1772829155.7888875,510.3,126,0.3122,0.7663,0.098,0.474,58.9,65.9334,55.087,0.0,0.0,0.0,5.11,3.12,1.99,None,0.2949790954589844,9.484,False,None,sfc_unique_p6_23,0,None,57.32000000000001,34.64,330.0,57,58,6,7,0,True,91.42857142857143,9.403275862068964,4.511206896551724,10.810344827586206,0.2107,0.8903,0.1618,0.2408,2967.2199474168556,2597.2199474168556,370.0,0.7439280495013304,46,8,4
0,1772829155.8296022,510.4,126,0.3179,0.7663,0.098,0.474,58.9,65.9334,55.087,0.0,0.0,0.0,None,None,None,None,0.4054145812988281,9.674,False,None,sfc_cache_p6_20,0,None,57.32000000000001,34.64,330.0,57,58,6,7,0,True,91.16809116809117,9.403275862068964,4.511206896551724,10.810344827586206,0.2152,0.8903,0.1646,0.2408,2957.2199474168556,2597.2199474168556,360.0,0.7439280495013304,46,8,4
0,1772829155.8308194,510.4,126,0.3179,0.7663,0.098,0.474,58.9,65.9334,55.087,0.0,0.0,0.0,4.86,3.12,1.74,None,0.4054145812988281,9.566,False,None,sfc_unique_p6_20,0,None,57.32000000000001,34.64,330.0,57,58,6,7,0,True,90.9090909090909,9.403275862068964,4.511206896551724,10.810344827586206,0.2152,0.8903,0.1646,0.2408,2957.2199474168556,2597.2199474168556,360.0,0.7439280495013304,46,8,4
0,1772829155.872578,510.4,126,0.3238,0.7663,0.098,0.474,58.9,65.9334,55.087,0.0,0.0,0.0,None,None,None,None,0.44750142097473145,9.702,False,None,sfc_cache_p5_25,0,None,57.32000000000001,34.64,330.0,57,58,6,7,0,True,90.6515580736544,9.403275862068964,4.511206896551724,10.810344827586206,0.2198,0.8903,0.1675,0.2408,2947.2199474168556,2597.2199474168556,350.0,0.7439280495013304,46,8,4
0,1772829155.8737736,510.4,126,0.3238,0.7663,0.098,0.474,58.9,65.9334,55.087,0.0,0.0,0.0,8.61,6.82,1.79,None,0.44750142097473145,9.607,False,None,sfc_unique_p5_25,0,None,57.32000000000001,34.64,330.0,57,58,6,7,0,True,90.3954802259887,9.403275862068964,4.511206896551724,10.810344827586206,0.2198,0.8903,0.1675,0.2408,2947.2199474168556,2597.2199474168556,350.0,0.7439280495013304,46,8,4
0,1772829155.9146054,510.5,126,0.3275,0.7663,0.098,0.474,58.9,65.9334,55.087,0.0,0.0,0.0,None,None,None,None,0.49058008193969727,9.524,False,None,sfc_cache_p5_20,0,None,57.32000000000001,34.64,330.0,57,58,6,7,0,True,90.14084507042254,9.403275862068964,4.511206896551724,10.810344827586206,0.2247,0.8903,0.1705,0.2408,2937.2199474168556,2597.2199474168556,340.0,0.7439280495013304,46,8,4
0,1772829155.9158037,510.5,126,0.3275,0.7663,0.098,0.474,58.9,65.9334,55.087,0.0,0.0,0.0,4.86,3.12,1.74,None,0.49058008193969727,9.598,False,None,sfc_unique_p5_20,0,None,57.32000000000001,34.64,330.0,57,58,6,7,0,True,89.8876404494382,9.403275862068964,4.511206896551724,10.810344827586206,0.2247,0.8903,0.1705,0.2408,2937.2199474168556,2597.2199474168556,340.0,0.7439280495013304,46,8,4
0,1772829155.9565704,510.5,126,0.3325,0.7663,0.098,0.474,58.9,65.9334,55.087,0.0,0.0,0.0,None,None,None,None,0.5327131748199463,9.912,False,None,sfc_cache_p3_25,0,None,57.32000000000001,34.64,330.0,57,58,6,7,0,True,89.6358543417367,9.403275862068964,4.511206896551724,10.810344827586206,0.2298,0.8903,0.1735,0.2408,2927.2199474168556,2597.2199474168556,330.0,0.7439280495013304,46,8,4
0,1772829155.9578133,510.5,126,0.3325,0.7663,0.098,0.474,58.9,65.9334,55.087,0.0,0.0,0.0,8.61,6.82,1.79,None,0.5327131748199463,9.626,False,None,sfc_unique_p3_25,0,None,57.32000000000001,34.64,330.0,57,58,6,7,0,True,89.3854748603352,9.403275862068964,4.511206896551724,10.810344827586206,0.2298,0.8903,0.1735,0.2408,2927.2199474168556,2597.2199474168556,330.0,0.7439280495013304,46,8,4
0,1772829155.9992366,510.5,126,0.3363,0.7663,0.098,0.474,58.9,65.9334,55.087,0.0,0.0,0.0,None,None,None,None,0.5748903751373291,9.727,False,None,sfc_cache_p2_25,0,None,57.32000000000001,34.64,330.0,57,58,6,7,0,True,89.13649025069638,9.403275862068964,4.511206896551724,10.810344827586206,0.2352,0.8903,0.1768,0.2408,2917.2199474168556,2597.2199474168556,320.0,0.7439280495013304,46,8,4
0,1772829156.000435,510.5,126,0.3363,0.7663,0.098,0.474,58.9,65.9334,55.087,0.0,0.0,0.0,8.61,6.82,1.79,None,0.5748903751373291,9.617,False,None,sfc_unique_p2_25,0,None,57.32000000000001,34.64,330.0,57,58,6,7,0,True,88.88888888888889,9.403275862068964,4.511206896551724,10.810344827586206,0.2352,0.8903,0.1768,0.2408,2917.2199474168556,2597.2199474168556,320.0,0.7439280495013304,46,8,4
0,1772829156.0411556,510.6,126,0.3429,0.7663,0.098,0.474,58.9,65.9334,55.087,0.0,0.0,0.0,None,None,None,None,0.6176090240478516,9.717,False,None,sfc_cache_p1_25,0,None,57.32000000000001,34.64,330.0,57,58,6,7,0,True,88.64265927977839,9.403275862068964,4.511206896551724,10.810344827586206,0.2408,0.8903,0.1801,0.2408,2907.2199474168556,2597.2199474168556,310.0,0.7439280495013304,46,8,4
0,1772829156.0423746,510.6,126,0.3429,0.7663,0.098,0.474,58.9,65.9334,55.087,0.0,0.0,0.0,8.61,6.82,1.79,None,0.6176090240478516,9.593,False,None,sfc_unique_p1_25,0,None,57.32000000000001,34.64,330.0,57,58,6,7,0,True,88.39779005524862,9.403275862068964,4.511206896551724,10.810344827586206,0.2408,0.8903,0.1801,0.2408,2907.2199474168556,2597.2199474168556,310.0,0.7439280495013304,46,8,4
0,1772829166.670624,521.2,126,0.3443,0.7663,0.0939,0.474,58.9,65.9334,55.087,0.0,0.0,0.0,3.45,1.69,1.76,None,0.00020074844360351562,16.63,True,None,sfc_cache_p1_26,0,None,57.32000000000001,34.64,330.0,57,58,6,7,0,True,88.42975206611571,9.403275862068964,4.511206896551724,10.810344827586206,0.2429,0.8733,0.1801,0.241,2902.0815013558745,2592.0815013558745,310.0,0.7540342757363736,48,6,4
0,1772829166.6718216,521.2,126,0.3443,0.7663,0.0939,0.474,58.9,65.9334,55.087,0.0,0.0,0.0,6.08,4.41,1.67,None,0.00020074844360351562,10.153,True,None,sfc_unique_p1_26,0,None,57.32000000000001,34.64,330.0,57,58,6,7,0,True,88.46153846153845,9.403275862068964,4.511206896551724,10.810344827586206,0.2429,0.8733,0.1801,0.241,2902.0815013558745,2592.0815013558745,310.0,0.7540342757363736,48,6,4
0,1772829166.8182333,521.4,127,0.3443,0.7663,0.0939,0.474,58.9,65.9334,55.087,0.0,0.0,0.0,None,None,None,None,0.06401348114013672,16.979,False,None,sfc_cache_p2_26,0,None,57.32000000000001,34.64,330.0,57,58,6,7,0,True,88.21917808219179,9.403275862068964,4.511206896551724,10.810344827586206,0.2429,0.8733,0.1801,0.241,2902.0815013558745,2592.0815013558745,310.0,0.7540342757363736,48,6,4
0,1772829166.8204477,521.4,127,0.3443,0.7663,0.0939,0.474,58.9,65.9334,55.087,0.0,0.0,0.0,9.69,7.73,1.96,None,0.06401348114013672,16.189,False,None,sfc_unique_p2_26,0,None,57.32000000000001,34.64,330.0,57,58,6,7,0,True,87.97814207650273,9.403275862068964,4.511206896551724,10.810344827586206,0.2429,0.8733,0.1801,0.241,2902.0815013558745,2592.0815013558745,310.0,0.7540342757363736,48,6,4
0,1772829166.8891952,521.4,128,0.3443,0.7663,0.0939,0.474,58.9,65.9334,55.087,0.0,0.0,0.0,None,None,None,None,0.21352744102478027,16.584,False,None,sfc_cache_p3_26,0,None,57.32000000000001,34.64,330.0,57,58,6,7,0,True,87.73841961852861,9.403275862068964,4.511206896551724,10.810344827586206,0.2429,0.8733,0.1801,0.241,2902.0815013558745,2592.0815013558745,310.0,0.7540342757363736,48,6,4
0,1772829166.891408,521.4,128,0.3443,0.7663,0.0939,0.474,58.9,65.9334,55.087,0.0,0.0,0.0,9.69,7.73,1.96,None,0.21352744102478027,16.192,False,None,sfc_unique_p3_26,0,None,57.32000000000001,34.64,330.0,57,58,6,7,0,True,87.5,9.403275862068964,4.511206896551724,10.810344827586206,0.2429,0.8733,0.1801,0.241,2902.0815013558745,2592.0815013558745,310.0,0.7540342757363736,48,6,4
0,1772829166.959509,521.5,129,0.3443,0.7663,0.0939,0.474,58.9,65.9334,55.087,0.0,0.0,0.0,None,None,None,None,0.2845475673675537,16.456,False,None,sfc_cache_p4_26,0,None,57.32000000000001,34.64,330.0,57,58,6,7,0,True,87.26287262872629,9.403275862068964,4.511206896551724,10.810344827586206,0.2429,0.8733,0.1801,0.241,2902.0815013558745,2592.0815013558745,310.0,0.7540342757363736,48,6,4
0,1772829166.9618642,521.5,129,0.3443,0.7663,0.0939,0.474,58.9,65.9334,55.087,0.0,0.0,0.0,9.69,7.73,1.96,None,0.2845475673675537,15.831,False,None,sfc_unique_p4_26,0,None,57.32000000000001,34.64,330.0,57,58,6,7,0,True,87.02702702702703,9.403275862068964,4.511206896551724,10.810344827586206,0.2429,0.8733,0.1801,0.241,2902.0815013558745,2592.0815013558745,310.0,0.7540342757363736,48,6,4
0,1772829167.030838,521.6,130,0.3443,0.7663,0.0939,0.474,58.9,65.9334,55.087,0.0,0.0,0.0,None,None,None,None,0.3548851013183594,16.742,False,None,sfc_cache_p5_26,0,None,57.32000000000001,34.64,330.0,57,58,6,7,0,True,86.79245283018868,9.403275862068964,4.511206896551724,10.810344827586206,0.2429,0.8733,0.1801,0.241,2902.0815013558745,2592.0815013558745,310.0,0.7540342757363736,48,6,4
0,1772829167.0330298,521.6,130,0.3443,0.7663,0.0939,0.474,58.9,65.9334,55.087,0.0,0.0,0.0,9.69,7.73,1.96,None,0.3548851013183594,16.232,False,None,sfc_unique_p5_26,0,None,57.32000000000001,34.64,330.0,57,58,6,7,0,True,86.55913978494624,9.403275862068964,4.511206896551724,10.810344827586206,0.2429,0.8733,0.1801,0.241,2902.0815013558745,2592.0815013558745,310.0,0.7540342757363736,48,6,4
0,1772829167.1017816,521.6,131,0.3443,0.7663,0.0939,0.474,58.9,65.9334,55.087,0.0,0.0,0.0,None,None,None,None,0.4260423183441162,16.391,False,None,sfc_cache_p6_26,0,None,57.32000000000001,34.64,330.0,57,58,6,7,0,True,86.32707774798928,9.403275862068964,4.511206896551724,10.810344827586206,0.2429,0.8733,0.1801,0.241,2902.0815013558745,2592.0815013558745,310.0,0.7540342757363736,48,6,4
0,1772829167.1039877,521.6,131,0.3443,0.7663,0.0939,0.474,58.9,65.9334,55.087,0.0,0.0,0.0,9.69,7.73,1.96,None,0.4260423183441162,16.274,False,None,sfc_unique_p6_26,0,None,57.32000000000001,34.64,330.0,57,58,6,7,0,True,86.09625668449198,9.403275862068964,4.511206896551724,10.810344827586206,0.2429,0.8733,0.1801,0.241,2902.0815013558745,2592.0815013558745,310.0,0.7540342757363736,48,6,4
0,1772829189.7191741,544.3,131,0.2623,0.4552,0.0139,0.2994,42.6995,45.5221,29.9365,0.0,0.0,0.0,4.26,2.75,1.51,None,0.0001895427703857422,15.984,True,None,sfc_cache_p1_27,0,None,53.32000000000001,21.650000000000006,297.0,45,42,6,6,0,False,86.13333333333333,9.413809523809524,4.3011904761904765,9.428571428571429,0.2616,0.7663,0.144,0.119,2909.105441566469,2679.105441566469,230.0,0.7483092921692881,34,5,3
0,1772829189.7208836,544.3,131,0.2623,0.4552,0.0139,0.2994,42.6995,45.5221,29.9365,0.0,0.0,0.0,8.0,6.17,1.84,None,0.0001895427703857422,24.212,True,None,sfc_unique_p1_27,0,None,53.32000000000001,21.650000000000006,297.0,45,42,6,6,0,False,86.17021276595744,9.413809523809524,4.3011904761904765,9.428571428571429,0.2616,0.7663,0.144,0.119,2909.105441566469,2679.105441566469,230.0,0.7483092921692881,34,5,3
0,1772829189.911167,544.5,132,0.2659,0.4779,0.0292,0.2994,44.1758,47.79,29.9365,0.0,0.0,0.0,4.26,2.75,1.51,None,0.06739187240600586,20.661,True,None,sfc_cache_p2_27,0,None,57.32,25.98,330.0,49,44,6,6,0,False,86.20689655172413,9.29659090909091,4.310227272727273,9.0,0.2629,0.7771,0.141,0.1385,2939.325460159589,2699.325460159589,240.0,0.739032625138559,36,5,3
0,1772829189.9129887,544.5,132,0.2659,0.4779,0.0292,0.2994,44.1758,47.79,29.9365,0.0,0.0,0.0,7.34,5.48,1.86,None,0.06739187240600586,22.46,True,None,sfc_unique_p2_27,0,None,57.32,25.98,330.0,49,44,6,6,0,False,86.24338624338624,9.29659090909091,4.310227272727273,9.0,0.2629,0.7771,0.141,0.1385,2939.325460159589,2699.325460159589,240.0,0.739032625138559,36,5,3
0,1772829189.9860752,544.5,133,0.2772,0.4779,0.0432,0.2994,46.624,47.79,29.9365,0.0,0.0,0.0,4.26,2.75,1.51,None,0.2595634460449219,19.856,True,None,sfc_cache_p3_27,0,None,61.32,30.31,363.0,52,46,6,6,0,False,86.2796833773087,9.385217391304348,4.122826086956522,8.608695652173912,0.252,0.7771,0.1381,0.1567,2953.979938002787,2703.979938002787,250.0,0.7237553237507214,38,5,3
0,1772829189.9878569,544.5,133,0.2772,0.4779,0.0432,0.2994,46.624,47.79,29.9365,0.0,0.0,0.0,10.13,8.19,1.93,None,0.2595634460449219,21.545,True,None,sfc_unique_p3_27,0,None,61.32,30.31,363.0,52,46,6,6,0,False,86.31578947368422,9.385217391304348,4.122826086956522,8.608695652173912,0.252,0.7771,0.1381,0.1567,2953.979938002787,2703.979938002787,250.0,0.7237553237507214,38,5,3
0,1772829190.0597582,544.6,134,0.2817,0.5207,0.0647,0.3243,48.136,52.0739,32.4312,0.0,0.0,0.0,2.78,1.27,1.51,None,0.33438730239868164,19.475,True,None,sfc_cache_p4_27,0,None,61.32,30.31,363.0,54,48,6,6,0,False,86.3517060367454,9.285833333333334,4.305208333333334,8.9375,0.2494,0.826,0.1551,0.1699,2995.0223091527637,2735.0223091527637,260.0,0.7205832146133099,40,5,3
0,1772829190.0615842,544.6,134,0.2817,0.5207,0.0647,0.3243,48.136,52.0739,32.4312,0.0,0.0,0.0,5.14,3.2,1.94,None,0.33438730239868164,20.12,True,None,sfc_unique_p4_27,0,None,61.32,30.31,363.0,54,48,6,6,0,False,86.38743455497382,9.285833333333334,4.305208333333334,8.9375,0.2494,0.826,0.1551,0.1699,2995.0223091527637,2735.0223091527637,260.0,0.7205832146133099,40,5,3
0,1772829190.1337426,544.7,135,0.286,0.5426,0.0841,0.3243,49.6479,54.2586,32.4312,0.0,0.0,0.0,3.74,2.23,1.51,None,0.4081578254699707,19.045,True,None,sfc_cache_p5_27,0,None,65.32,34.64,396.0,58,50,6,6,0,False,86.42297650130548,9.1944,4.3064,8.58,0.246,0.8428,0.152,0.1749,3029.799046499924,2759.799046499924,270.0,0.7181721934295059,42,5,3
0,1772829190.1356037,544.7,135,0.286,0.5426,0.0841,0.3243,49.6479,54.2586,32.4312,0.0,0.0,0.0,5.14,3.2,1.94,None,0.4081578254699707,20.25,True,None,sfc_unique_p5_27,0,None,65.32,34.64,396.0,58,50,6,6,0,False,86.45833333333334,9.1944,4.3064,8.58,0.246,0.8428,0.152,0.1749,3029.799046499924,2759.799046499924,270.0,0.7181721934295059,42,5,3
0,1772829190.2067142,544.8,136,0.2847,0.5871,0.1062,0.3243,50.1879,58.7113,32.4312,0.0,0.0,0.0,3.74,2.23,1.51,None,0.4821486473083496,18.969,True,None,sfc_cache_p6_27,0,None,69.32,38.97,429.0,62,52,6,6,0,False,86.49350649350649,8.936923076923078,4.4805769230769235,8.25,0.2386,0.8529,0.1491,0.1745,3067.0783747772803,2787.0783747772803,280.0,0.7116057925703818,44,5,3
0,1772829190.2086463,544.8,136,0.2847,0.5871,0.1062,0.3243,50.1879,58.7113,32.4312,0.0,0.0,0.0,4.26,2.32,1.94,None,0.4821486473083496,19.438,True,None,sfc_unique_p6_27,0,None,69.32,38.97,429.0,62,52,6,6,0,False,86.52849740932642,8.936923076923078,4.4805769230769235,8.25,0.2386,0.8529,0.1491,0.1745,3067.0783747772803,2787.0783747772803,280.0,0.7116057925703818,44,5,3
0,1772829217.7637434,572.3,136,0.2533,0.4897,0.019,0.2994,41.2232,48.9668,29.9365,0.0,0.0,0.0,4.53,2.75,1.78,None,0.000164031982421875,20.819,True,None,sfc_cache_p1_28,0,None,36.0,38.97,297.0,47,42,6,6,0,False,86.56330749354005,9.088333333333333,4.626666666666667,9.428571428571429,0.2477,0.7963,0.1842,0.152,2891.673740732397,2661.673740732397,230.0,0.6916854602642415,39,2,1
0,1772829217.7654893,572.3,136,0.2533,0.4897,0.019,0.2994,41.2232,48.9668,29.9365,0.0,0.0,0.0,5.41,3.2,2.21,None,0.000164031982421875,20.614,True,None,sfc_unique_p1_28,0,None,36.0,38.97,297.0,47,42,6,6,0,False,86.5979381443299,9.088333333333333,4.626666666666667,9.428571428571429,0.2477,0.7963,0.1842,0.152,2891.673740732397,2661.673740732397,230.0,0.6916854602642415,39,2,1
0,1772829217.8376267,572.4,137,0.2607,0.4981,0.0393,0.2994,43.3118,49.806,29.9365,0.0,0.0,0.0,3.97,2.19,1.78,None,0.07608342170715332,19.597,True,None,sfc_cache_p2_28,0,None,40.0,43.3,330.0,51,44,6,6,0,False,86.63239074550128,9.114772727272728,4.492045454545455,9.0,0.2541,0.7909,0.1804,0.1493,2915.8650054574064,2675.8650054574064,240.0,0.6828092718238249,41,2,1
0,1772829217.8394704,572.4,137,0.2607,0.4981,0.0393,0.2994,43.3118,49.806,29.9365,0.0,0.0,0.0,9.17,6.96,2.21,None,0.07608342170715332,19.85,True,None,sfc_unique_p2_28,0,None,40.0,43.3,330.0,51,44,6,6,0,False,86.66666666666667,9.114772727272728,4.492045454545455,9.0,0.2541,0.7909,0.1804,0.1493,2915.8650054574064,2675.8650054574064,240.0,0.6828092718238249,41,2,1
0,1772829217.9113119,572.5,138,0.2678,0.5174,0.0567,0.2994,45.4004,51.7362,29.9365,0.0,0.0,0.0,4.62,2.84,1.78,None,0.15006303787231445,19.099,True,None,sfc_cache_p3_28,0,None,44.0,43.3,363.0,54,46,6,6,0,False,86.70076726342711,9.13891304347826,4.463260869565217,8.608695652173912,0.2531,0.7844,0.1767,0.1459,2941.9703946757463,2691.9703946757463,250.0,0.6718098081688183,43,2,1
0,1772829217.9132495,572.5,138,0.2678,0.5174,0.0567,0.2994,45.4004,51.7362,29.9365,0.0,0.0,0.0,9.11,6.9,2.21,None,0.15006303787231445,19.17,True,None,sfc_unique_p3_28,0,None,44.0,43.3,363.0,54,46,6,6,0,False,86.73469387755102,9.13891304347826,4.463260869565217,8.608695652173912,0.2531,0.7844,0.1767,0.1459,2941.9703946757463,2691.9703946757463,250.0,0.6718098081688183,43,2,1
0,1772829218.103216,572.6,139,0.2713,0.5392,0.0723,0.2994,46.9124,53.921,29.9365,0.0,0.0,0.0,4.54,2.76,1.78,None,0.22391796112060547,17.604,True,None,sfc_cache_p4_28,0,None,48.0,47.63,396.0,57,48,6,6,0,False,86.76844783715013,9.049791666666666,4.457916666666667,8.25,0.2491,0.835,0.1732,0.1505,2984.213966104318,2724.213966104318,260.0,0.6703396722925657,45,2,1
0,1772829218.1051474,572.7,139,0.2713,0.5392,0.0723,0.2994,46.9124,53.921,29.9365,0.0,0.0,0.0,7.15,4.9,2.25,None,0.22391796112060547,17.664,True,None,sfc_unique_p4_28,0,None,48.0,47.63,396.0,57,48,6,6,0,False,86.80203045685279,9.049791666666666,4.457916666666667,8.25,0.2491,0.835,0.1732,0.1505,2984.213966104318,2724.213966104318,260.0,0.6703396722925657,45,2,1
0,1772829218.1732056,572.7,140,0.2768,0.5611,0.088,0.2994,48.4243,56.1057,29.9365,0.0,0.0,0.0,4.54,2.76,1.78,None,0.4157686233520508,16.981,True,None,sfc_cache_p5_28,0,None,52.0,51.96,429.0,61,50,6,6,0,False,86.83544303797468,8.9678,4.453,7.92,0.2438,0.8623,0.1698,0.1541,3016.7903946757465,2746.7903946757465,270.0,0.6678289283559993,47,2,1
0,1772829218.1751378,572.7,140,0.2768,0.5611,0.088,0.2994,48.4243,56.1057,29.9365,0.0,0.0,0.0,7.15,4.9,2.25,None,0.4157686233520508,17.73,True,None,sfc_unique_p5_28,0,None,52.0,51.96,429.0,61,50,6,6,0,False,86.86868686868688,8.9678,4.453,7.92,0.2438,0.8623,0.1698,0.1541,3016.7903946757465,2746.7903946757465,270.0,0.6678289283559993,47,2,1
0,1772829218.243277,572.8,141,0.2791,0.5871,0.1051,0.2994,49.7559,58.7113,29.9365,0.0,0.0,0.0,3.04,1.26,1.78,None,0.4858226776123047,16.864,True,None,sfc_cache_p6_28,0,None,56.0,56.29,462.0,65,52,6,6,0,False,86.90176322418137,8.860000000000001,4.4805769230769235,7.615384615384615,0.2381,0.8654,0.1665,0.157,3032.1103946757466,2752.1103946757466,280.0,0.6659368757407774,49,2,1
0,1772829218.2453024,572.8,141,0.2791,0.5871,0.1051,0.2994,49.7559,58.7113,29.9365,0.0,0.0,0.0,7.15,4.9,2.25,None,0.4858226776123047,17.534,True,None,sfc_unique_p6_28,0,None,56.0,56.29,462.0,65,52,6,6,0,False,86.93467336683418,8.860000000000001,4.4805769230769235,7.615384615384615,0.2381,0.8654,0.1665,0.157,3032.1103946757466,2752.1103946757466,280.0,0.6659368757407774,49,2,1
0,1772829240.7885628,595.3,141,0.2356,0.5258,0.0134,0.1996,38.9909,52.5829,19.9577,0.0,0.0,0.0,4.44,3.27,1.17,None,0.00013685226440429688,16.937,True,None,sfc_cache_p1_29,0,None,56.0,56.29,462.0,58,44,6,6,0,False,86.96741854636592,8.205454545454545,4.7425,6.0,0.2279,0.7919,0.1342,0.1459,2886.6507258938245,2646.6507258938245,240.0,0.6423553735364568,43,0,1
0,1772829240.7905283,595.3,141,0.2356,0.5258,0.0134,0.1996,38.9909,52.5829,19.9577,0.0,0.0,0.0,5.94,4.47,1.47,None,0.00013685226440429688,16.511,True,None,sfc_unique_p1_29,0,None,56.0,56.29,462.0,58,44,6,6,0,False,87.0,8.205454545454545,4.7425,6.0,0.2279,0.7919,0.1342,0.1459,2886.6507258938245,2646.6507258938245,240.0,0.6423553735364568,43,0,1
0,1772829240.842173,595.4,142,0.2405,0.5527,0.0267,0.1996,40.2868,55.2716,19.9577,0.0,0.0,0.0,4.44,3.27,1.17,None,0.07024621963500977,10.86,True,None,sfc_cache_p2_29,0,None,64.33,56.29,495.0,62,46,6,6,0,False,87.03241895261846,8.109565217391305,4.768260869565218,5.739130434782608,0.2285,0.8176,0.1315,0.1543,2927.2942973223962,2677.2942973223962,250.0,0.6446978326137962,45,0,1
0,1772829240.8432605,595.4,142,0.2405,0.5527,0.0267,0.1996,40.2868,55.2716,19.9577,0.0,0.0,0.0,5.94,4.47,1.47,None,0.07024621963500977,9.645,True,None,sfc_unique_p2_29,0,None,64.33,56.29,495.0,62,46,6,6,0,False,87.06467661691542,8.109565217391305,4.768260869565218,5.739130434782608,0.2285,0.8176,0.1315,0.1543,2927.2942973223962,2677.2942973223962,250.0,0.6446978326137962,45,0,1
0,1772829240.8841987,595.4,143,0.2489,0.5863,0.0405,0.2245,42.1951,58.6307,22.4524,0.0,0.0,0.0,3.27,1.96,1.31,None,0.1221013069152832,9.733,True,None,sfc_cache_p3_29,0,None,64.33,56.29,495.0,64,48,6,6,0,False,87.09677419354838,8.139791666666666,4.847291666666666,6.1875,0.2299,0.8356,0.1445,0.1624,2961.5535211267606,2701.5535211267606,260.0,0.6468657863235406,47,1,0
0,1772829240.8853023,595.4,143,0.2489,0.5863,0.0405,0.2245,42.1951,58.6307,22.4524,0.0,0.0,0.0,5.94,4.47,1.47,None,0.1221013069152832,10.813,True,None,sfc_unique_p3_29,0,None,64.33,56.29,495.0,64,48,6,6,0,False,87.12871287128714,8.139791666666666,4.847291666666666,6.1875,0.2299,0.8356,0.1445,0.1624,2961.5535211267606,2701.5535211267606,260.0,0.6468657863235406,47,1,0
0,1772829240.9427931,595.5,144,0.2548,0.6082,0.0549,0.2245,43.7071,60.8154,22.4524,0.0,0.0,0.0,3.27,1.96,1.31,None,0.15903854370117188,17.183,True,None,sfc_cache_p4_29,0,None,68.33,60.62,528.0,68,50,6,6,0,False,87.1604938271605,8.094199999999999,4.8268,5.94,0.2296,0.8548,0.1416,0.1713,2995.788379507816,2725.788379507816,270.0,0.6539508332746723,49,1,0
0,1772829240.9439409,595.5,144,0.2548,0.6082,0.0549,0.2245,43.7071,60.8154,22.4524,0.0,0.0,0.0,4.62,2.88,1.74,None,0.15903854370117188,9.213,True,None,sfc_unique_p4_29,0,None,68.33,60.62,528.0,68,50,6,6,0,False,87.192118226601,8.094199999999999,4.8268,5.94,0.2296,0.8548,0.1416,0.1713,2995.788379507816,2725.788379507816,270.0,0.6539508332746723,49,1,0
0,1772829241.0794284,595.6,145,0.2585,0.63,0.0693,0.2245,45.219,63.0002,22.4524,0.0,0.0,0.0,3.27,1.96,1.31,None,0.21773290634155273,13.445,True,None,sfc_cache_p5_29,0,None,72.33,64.95,561.0,72,52,6,6,0,False,87.22358722358723,8.052115384615384,4.807884615384615,5.711538461538462,0.2288,0.8683,0.1389,0.178,3035.001201052469,2755.001201052469,280.0,0.6599162373554859,51,1,0
0,1772829241.080586,595.6,145,0.2585,0.63,0.0693,0.2245,45.219,63.0002,22.4524,0.0,0.0,0.0,4.62,2.88,1.74,None,0.21773290634155273,9.598,True,None,sfc_unique_p5_29,0,None,72.33,64.95,561.0,72,52,6,6,0,False,87.25490196078431,8.052115384615384,4.807884615384615,5.711538461538462,0.2288,0.8683,0.1389,0.178,3035.001201052469,2755.001201052469,280.0,0.6599162373554859,51,1,0
0,1772829241.1205072,595.7,146,0.2621,0.6518,0.0838,0.2245,46.731,65.185,22.4524,0.0,0.0,0.0,3.27,1.96,1.31,None,0.3542759418487549,9.603,True,None,sfc_cache_p6_29,0,None,76.33,69.28,594.0,76,54,6,6,0,False,87.28606356968214,8.013148148148147,4.79037037037037,5.5,0.2274,0.8761,0.1363,0.1825,3068.3147809936545,2778.3147809936545,290.0,0.6648918984676923,53,1,0
0,1772829241.1216953,595.7,146,0.2621,0.6518,0.0838,0.2245,46.731,65.185,22.4524,0.0,0.0,0.0,4.62,2.88,1.74,None,0.3542759418487549,9.067,True,None,sfc_unique_p6_29,0,None,76.33,69.28,594.0,76,54,6,6,0,False,87.3170731707317,8.013148148148147,4.79037037037037,5.5,0.2274,0.8761,0.1363,0.1825,3068.3147809936545,2778.3147809936545,290.0,0.6648918984676923,53,1,0
0,1772829256.8392951,611.4,146,0.2317,0.562,0.0128,0.2245,38.3407,56.199,22.4524,0.0,0.0,0.0,4.76,3.55,1.22,None,0.0001800060272216797,17.293,True,None,sfc_cache_p1_30,0,None,56.33,47.63,429.0,57,44,6,6,0,False,87.34793187347933,8.068636363636363,5.068636363636364,6.75,0.2359,0.7944,0.118,0.1496,2913.2376692190523,2673.2376692190523,240.0,0.698756875382604,43,1,0
0,1772829256.841058,611.4,146,0.2317,0.562,0.0128,0.2245,38.3407,56.199,22.4524,0.0,0.0,0.0,8.72,6.81,1.91,None,0.0001800060272216797,17.58,True,None,sfc_unique_p1_30,0,None,56.33,47.63,429.0,57,44,6,6,0,False,87.37864077669903,8.068636363636363,5.068636363636364,6.75,0.2359,0.7944,0.118,0.1496,2913.2376692190523,2673.2376692190523,240.0,0.698756875382604,43,1,0
0,1772829256.9078941,611.5,147,0.2461,0.5729,0.0265,0.2495,41.221,57.2901,24.9471,0.0,0.0,0.0,3.45,1.83,1.62,None,0.06933236122131348,17.0,True,None,sfc_cache_p2_30,0,None,56.33,47.63,429.0,59,46,6,6,0,False,87.40920096852301,8.297608695652174,4.942391304347826,7.173913043478261,0.2297,0.799,0.1219,0.1542,2939.6824030063917,2689.6824030063917,250.0,0.69448985693122,45,1,0
0,1772829256.9096982,611.5,147,0.2461,0.5729,0.0265,0.2495,41.221,57.2901,24.9471,0.0,0.0,0.0,8.72,6.81,1.91,None,0.06933236122131348,17.673,True,None,sfc_unique_p2_30,0,None,56.33,47.63,429.0,59,46,6,6,0,False,87.43961352657004,8.297608695652174,4.942391304347826,7.173913043478261,0.2297,0.799,0.1219,0.1542,2939.6824030063917,2689.6824030063917,250.0,0.69448985693122,45,1,0
0,1772829256.9752128,611.5,148,0.2501,0.5947,0.043,0.2495,42.7329,59.4749,24.9471,0.0,0.0,0.0,3.45,1.83,1.62,None,0.13798093795776367,16.398,True,None,sfc_cache_p3_30,0,None,60.33,51.96,462.0,63,48,6,6,0,False,87.46987951807229,8.243541666666667,4.917083333333333,6.875,0.2282,0.804,0.1195,0.1589,2964.17973004555,2704.17973004555,260.0,0.6987086619294822,47,1,0
0,1772829256.97705,611.5,148,0.2501,0.5947,0.043,0.2495,42.7329,59.4749,24.9471,0.0,0.0,0.0,5.49,3.44,2.05,None,0.13798093795776367,16.519,True,None,sfc_unique_p3_30,0,None,60.33,51.96,462.0,63,48,6,6,0,False,87.5,8.243541666666667,4.917083333333333,6.875,0.2282,0.804,0.1195,0.1589,2964.17973004555,2704.17973004555,260.0,0.6987086619294822,47,1,0
0,1772829257.0428338,611.6,149,0.2549,0.6166,0.0595,0.2495,44.2449,61.6596,24.9471,0.0,0.0,0.0,3.45,1.83,1.62,None,0.20531511306762695,16.556,True,None,sfc_cache_p4_30,0,None,64.33,56.29,495.0,67,50,6,6,0,False,87.52997601918466,8.1938,4.8938,6.6,0.2261,0.8036,0.1171,0.1614,2986.43658502156,2716.43658502156,270.0,0.7020985931050479,49,1,0
0,1772829257.0447235,611.6,149,0.2549,0.6166,0.0595,0.2495,44.2449,61.6596,24.9471,0.0,0.0,0.0,5.49,3.44,2.05,None,0.20531511306762695,16.239,True,None,sfc_unique_p4_30,0,None,64.33,56.29,495.0,67,50,6,6,0,False,87.5598086124402,8.1938,4.8938,6.6,0.2261,0.8036,0.1171,0.1614,2986.43658502156,2716.43658502156,270.0,0.7020985931050479,49,1,0
0,1772829257.1084564,611.7,150,0.2622,0.6384,0.0741,0.2495,46.2245,63.8444,24.9471,0.0,0.0,0.0,4.71,3.09,1.62,None,0.2730391025543213,15.938,True,None,sfc_cache_p5_30,0,None,68.33,56.29,528.0,69,52,6,6,0,False,87.58949880668257,8.231153846153846,4.872307692307692,6.346153846153846,0.2246,0.8186,0.1149,0.1687,3019.09658502156,2739.09658502156,280.0,0.6979189894321525,51,1,0
0,1772829257.1104052,611.7,150,0.2622,0.6384,0.0741,0.2495,46.2245,63.8444,24.9471,0.0,0.0,0.0,6.95,4.81,2.14,None,0.2730391025543213,15.117,True,None,sfc_unique_p5_30,0,None,68.33,56.29,528.0,69,52,6,6,0,False,87.61904761904762,8.231153846153846,4.872307692307692,6.346153846153846,0.2246,0.8186,0.1149,0.1687,3019.09658502156,2739.09658502156,280.0,0.6979189894321525,51,1,0
0,1772829257.1740036,611.7,151,0.2709,0.6427,0.0868,0.2495,48.4924,64.2652,24.9471,0.0,0.0,0.0,3.75,2.13,1.62,None,0.3387165069580078,15.335,True,None,sfc_cache_p6_30,0,None,76.66,56.29,561.0,73,54,6,6,0,False,87.64845605700712,8.315185185185184,4.722777777777778,6.111111111111111,0.2299,0.8282,0.1127,0.1747,3050.765988492275,2760.765988492275,290.0,0.6947396567763519,53,1,0
0,1772829257.1760066,611.7,151,0.2709,0.6427,0.0868,0.2495,48.4924,64.2652,24.9471,0.0,0.0,0.0,10.65,8.51,2.14,None,0.3387165069580078,14.545,True,None,sfc_unique_p6_30,0,None,76.66,56.29,561.0,73,54,6,6,0,False,87.67772511848341,8.315185185185184,4.722777777777778,6.111111111111111,0.2299,0.8282,0.1127,0.1747,3050.765988492275,2760.765988492275,290.0,0.6947396567763519,53,1,0
0,1772829274.9974647,629.5,151,0.2655,0.5998,0.0619,0.2245,46.9804,59.9814,22.4524,0.0,0.0,0.0,5.44,4.08,1.36,None,0.00016188621520996094,18.849,True,None,sfc_cache_p1_31,0,None,76.66,56.29,561.0,71,52,6,6,0,False,87.70685579196218,8.36576923076923,4.5775,5.711538461538462,0.2363,0.7251,0.1012,0.1725,3004.8359791017087,2724.8359791017087,280.0,0.7288174067676377,50,2,0
0,1772829274.999478,629.5,151,0.2655,0.5998,0.0619,0.2245,46.9804,59.9814,22.4524,0.0,0.0,0.0,8.24,6.17,2.07,None,0.00016188621520996094,19.431,True,None,sfc_unique_p1_31,0,None,76.66,56.29,561.0,71,52,6,6,0,False,87.73584905660378,8.36576923076923,4.5775,5.711538461538462,0.2363,0.7251,0.1012,0.1725,3004.8359791017087,2724.8359791017087,280.0,0.7288174067676377,50,2,0
0,1772829275.0686836,629.6,152,0.2723,0.6326,0.075,0.2495,48.9244,63.2572,24.9471,0.0,0.0,0.0,6.31,4.64,1.67,None,0.19199848175048828,17.709,True,None,sfc_cache_p2_31,0,None,76.66,56.29,561.0,73,54,6,6,0,False,87.76470588235294,8.389259259259259,4.648703703703704,6.111111111111111,0.2321,0.7766,0.1171,0.179,3053.33455053028,2763.33455053028,290.0,0.7172534968188936,52,2,0
0,1772829275.0706804,629.6,152,0.2723,0.6326,0.075,0.2495,48.9244,63.2572,24.9471,0.0,0.0,0.0,8.7,6.6,2.11,None,0.19199848175048828,17.476,True,None,sfc_unique_p2_31,0,None,76.66,56.29,561.0,73,54,6,6,0,False,87.79342723004694,8.389259259259259,4.648703703703704,6.111111111111111,0.2321,0.7766,0.1171,0.179,3053.33455053028,2763.33455053028,290.0,0.7172534968188936,52,2,0
0,1772829275.140238,629.7,153,0.2764,0.6553,0.0914,0.2495,50.4007,65.5251,24.9471,0.0,0.0,0.0,6.31,4.64,1.67,None,0.2632105350494385,17.598,True,None,sfc_cache_p3_31,0,None,80.66,60.62,594.0,76,56,6,6,0,False,87.82201405152225,8.33375,4.643392857142857,5.892857142857143,0.2266,0.8549,0.115,0.1817,3085.184566024547,2785.184566024547,300.0,0.6902730405911204,55,1,0
0,1772829275.1423588,629.7,153,0.2764,0.6553,0.0914,0.2495,50.4007,65.5251,24.9471,0.0,0.0,0.0,7.47,5.29,2.17,None,0.2632105350494385,17.248,True,None,sfc_unique_p3_31,0,None,80.66,60.62,594.0,76,56,6,6,0,False,87.85046728971963,8.33375,4.643392857142857,5.892857142857143,0.2266,0.8549,0.115,0.1817,3085.184566024547,2785.184566024547,300.0,0.6902730405911204,55,1,0
0,1772829275.2103715,629.8,154,0.2856,0.6553,0.1038,0.2495,52.8489,65.5251,24.9471,0.0,0.0,0.0,6.31,4.64,1.67,None,0.3349034786224365,17.352,True,None,sfc_cache_p4_31,0,None,84.66,64.95,627.0,79,58,6,6,0,False,87.87878787878788,8.437241379310345,4.4832758620689654,5.689655172413793,0.2231,0.8549,0.1129,0.185,3099.064330511687,2789.064330511687,310.0,0.6784963616904411,57,1,0
0,1772829275.2125711,629.8,154,0.2856,0.6553,0.1038,0.2495,52.8489,65.5251,24.9471,0.0,0.0,0.0,12.69,10.44,2.26,None,0.3349034786224365,15.388,True,None,sfc_unique_p4_31,0,None,84.66,64.95,627.0,79,58,6,6,0,False,87.90697674418605,8.437241379310345,4.4832758620689654,5.689655172413793,0.2231,0.8549,0.1129,0.185,3099.064330511687,2789.064330511687,310.0,0.6784963616904411,57,1,0
0,1772829275.2762432,629.8,155,0.2929,0.688,0.1209,0.2744,54.7929,68.801,27.4418,0.0,0.0,0.0,4.53,2.75,1.78,None,0.40516018867492676,15.906,True,None,sfc_cache_p5_31,0,None,84.66,64.95,627.0,79,60,6,6,0,False,87.93503480278422,8.456,4.5504999999999995,6.05,0.2226,0.8763,0.1106,0.187,3133.6874538672046,2813.6874538672046,320.0,0.680743712772341,58,1,1
0,1772829275.2784748,629.8,155,0.2929,0.688,0.1209,0.2744,54.7929,68.801,27.4418,0.0,0.0,0.0,5.21,2.38,2.83,None,0.40516018867492676,11.966,True,None,sfc_unique_p5_31,0,None,84.66,64.95,627.0,79,60,6,6,0,False,87.96296296296296,8.456,4.5504999999999995,6.05,0.2226,0.8763,0.1106,0.187,3133.6874538672046,2813.6874538672046,320.0,0.680743712772341,58,1,1
0,1772829275.34084,629.9,156,0.3014,0.7149,0.14,0.2994,56.9884,71.4898,29.9365,0.0,0.0,0.0,4.35,2.13,2.22,None,0.4710226058959961,13.378,True,None,sfc_cache_p6_31,0,None,84.66,64.95,627.0,79,62,6,6,0,False,87.99076212471132,8.511129032258065,4.575806451612903,6.387096774193548,0.2224,0.9057,0.1092,0.1897,3168.4270050202767,2838.4270050202767,330.0,0.6835170073369796,59,2,1
0,1772829275.3431282,629.9,156,0.3014,0.7149,0.14,0.2994,56.9884,71.4898,29.9365,0.0,0.0,0.0,6.89,3.73,3.16,None,0.4710226058959961,12.183,True,None,sfc_unique_p6_31,0,None,84.66,64.95,627.0,79,62,6,6,0,False,88.0184331797235,8.511129032258065,4.575806451612903,6.387096774193548,0.2224,0.9057,0.1092,0.1897,3168.4270050202767,2838.4270050202767,330.0,0.6835170073369796,59,2,1
0,1772829275.4611602,630.0,156,0.201,0.4482,0.0132,0.1996,35.2067,38.5621,23.1945,0.0,0.0,0.0,5.44,4.08,1.36,None,0.0001671314239501953,19.558,True,None,sfc_cache_p3_31,0,None,48.66,30.31,330.0,44,36,6,4,0,True,88.04597701149424,9.055555555555555,4.2508333333333335,7.333333333333333,0.1765,0.5489,0.0774,0.1112,2594.714544013623,2264.714544013623,330.0,0.7547212865324704,33,3,0
0,1772829275.4627793,630.0,156,0.201,0.4482,0.0132,0.1996,35.2067,38.5621,23.1945,0.0,0.0,0.0,7.84,6.05,1.79,None,0.0001671314239501953,22.343,True,None,sfc_unique_p3_31,0,None,48.66,30.31,330.0,44,36,6,4,0,True,88.07339449541286,9.055555555555555,4.2508333333333335,7.333333333333333,0.1765,0.5489,0.0774,0.1112,2594.714544013623,2264.714544013623,330.0,0.7547212865324704,33,3,0
0,1772829275.663668,630.2,156,0.2138,0.4862,0.0263,0.2245,37.1506,41.838,26.0938,0.0,0.0,0.0,5.44,4.08,1.36,None,0.07776808738708496,19.447,True,None,sfc_cache_p6_28,0,None,48.66,30.31,330.0,45,38,6,5,0,True,88.10068649885584,9.052631578947368,4.36921052631579,7.815789473684211,0.1725,0.5477,0.0783,0.1185,2601.860258299337,2271.860258299337,330.0,0.7349784185573569,35,3,0
0,1772829275.6654315,630.2,156,0.2138,0.4862,0.0263,0.2245,37.1506,41.838,26.0938,0.0,0.0,0.0,8.7,6.6,2.11,None,0.07776808738708496,21.208,True,None,sfc_unique_p6_28,0,None,48.66,30.31,330.0,45,38,6,5,0,True,88.12785388127854,9.052631578947368,4.36921052631579,7.815789473684211,0.1725,0.5477,0.0783,0.1185,2601.860258299337,2271.860258299337,330.0,0.7349784185573569,35,3,0
0,1772829275.736931,630.3,156,0.2273,0.5175,0.0411,0.2495,39.3462,44.5268,28.9931,0.0,0.0,0.0,5.77,3.73,2.04,None,0.28056931495666504,18.235,True,None,sfc_cache_p6_27,0,None,48.66,30.31,330.0,45,40,6,6,0,True,88.15489749430525,9.10825,4.4174999999999995,8.25,0.1791,0.6341,0.0812,0.1329,2629.443152628435,2299.443152628435,330.0,0.7254483979506227,37,3,0
0,1772829275.7387516,630.3,156,0.2273,0.5175,0.0411,0.2495,39.3462,44.5268,28.9931,0.0,0.0,0.0,7.34,5.48,1.86,None,0.28056931495666504,19.482,True,None,sfc_unique_p6_27,0,None,48.66,30.31,330.0,45,40,6,6,0,True,88.18181818181819,9.10825,4.4174999999999995,8.25,0.1791,0.6341,0.0812,0.1329,2629.443152628435,2299.443152628435,330.0,0.7254483979506227,37,3,0
0,1772829275.8108969,630.4,156,0.236,0.5673,0.0598,0.2744,40.8581,48.8106,31.8925,0.0,0.0,0.0,4.19,1.79,2.4,None,0.3542022705078125,18.236,True,None,sfc_cache_p5_31,0,None,48.66,30.31,330.0,46,42,6,6,0,True,88.20861678004536,9.007857142857143,4.6119047619047615,8.642857142857142,0.1957,0.7344,0.0978,0.147,2667.8754551033885,2337.8754551033885,330.0,0.7185260101239674,40,2,0
0,1772829275.812753,630.4,156,0.236,0.5673,0.0598,0.2744,40.8581,48.8106,31.8925,0.0,0.0,0.0,11.0,8.8,2.2,None,0.3542022705078125,19.034,True,None,sfc_unique_p5_31,0,None,48.66,30.31,330.0,46,42,6,6,0,True,88.23529411764706,9.007857142857143,4.6119047619047615,8.642857142857142,0.1957,0.7344,0.0978,0.147,2667.8754551033885,2337.8754551033885,330.0,0.7185260101239674,40,2,0
0,1772829275.8832376,630.4,156,0.2517,0.58,0.0753,0.2994,43.7384,49.9017,34.7918,0.0,0.0,0.0,5.23,2.83,2.4,None,0.42841076850891113,17.276,True,None,sfc_cache_p5_28,0,None,48.66,30.31,330.0,46,44,6,6,0,True,88.26185101580135,9.204545454545455,4.5006818181818184,9.0,0.2024,0.7462,0.1075,0.1614,2686.925687584543,2356.925687584543,330.0,0.7108940544280711,42,2,0
0,1772829275.8851485,630.4,156,0.2517,0.58,0.0753,0.2994,43.7384,49.9017,34.7918,0.0,0.0,0.0,10.4,8.19,2.2,None,0.42841076850891113,17.955,True,None,sfc_unique_p5_28,0,None,48.66,30.31,330.0,46,44,6,6,0,True,88.28828828828829,9.204545454545455,4.5006818181818184,9.0,0.2024,0.7462,0.1075,0.1614,2686.925687584543,2356.925687584543,330.0,0.7108940544280711,42,2,0
0,1772829275.9544218,630.5,156,0.2639,0.618,0.0931,0.3243,45.6823,53.1776,37.6911,0.0,0.0,0.0,4.95,2.83,2.13,None,0.5010435581207275,17.126,True,None,sfc_cache_p5_27,0,None,48.66,30.31,330.0,47,46,6,6,0,True,88.31460674157303,9.195652173913043,4.5876086956521736,9.326086956521738,0.2062,0.7713,0.1135,0.1797,2724.5793015761847,2394.5793015761847,330.0,0.712066891784724,44,2,0
0,1772829275.9563372,630.5,156,0.2639,0.618,0.0931,0.3243,45.6823,53.1776,37.6911,0.0,0.0,0.0,6.97,4.41,2.56,None,0.5010435581207275,16.617,True,None,sfc_unique_p5_27,0,None,48.66,30.31,330.0,47,46,6,6,0,True,88.34080717488789,9.195652173913043,4.5876086956521736,9.326086956521738,0.2062,0.7713,0.1135,0.1797,2724.5793015761847,2394.5793015761847,330.0,0.712066891784724,44,2,0
0,1772829276.02598,630.6,156,0.2727,0.6532,0.1114,0.3243,46.8346,56.2015,37.6911,0.0,0.0,0.0,5.23,2.83,2.4,None,0.5725195407867432,16.88,True,None,sfc_cache_p4_28,0,None,52.66,34.64,363.0,50,48,6,6,0,True,88.36689038031321,9.034791666666667,4.646458333333333,8.9375,0.2067,0.8636,0.1135,0.185,2755.898443193786,2425.898443193786,330.0,0.704329708393002,46,2,0
0,1772829276.0279703,630.6,156,0.2727,0.6532,0.1114,0.3243,46.8346,56.2015,37.6911,0.0,0.0,0.0,4.85,2.6,2.25,None,0.5725195407867432,16.484,True,None,sfc_unique_p4_28,0,None,52.66,34.64,363.0,50,48,6,6,0,True,88.39285714285714,9.034791666666667,4.646458333333333,8.9375,0.2067,0.8636,0.1135,0.185,2755.898443193786,2425.898443193786,330.0,0.704329708393002,46,2,0
0,1772829276.0970802,630.6,156,0.2815,0.6912,0.1329,0.3243,48.3466,59.4774,37.6911,0.0,0.0,0.0,4.45,2.33,2.13,None,0.6443395614624023,16.643,True,None,sfc_cache_p4_27,0,None,56.66,34.64,396.0,53,50,6,6,0,True,88.41870824053451,8.9534,4.7206,8.58,0.2091,0.87,0.1135,0.203,2778.46822195311,2448.46822195311,330.0,0.7064294276263684,47,3,0
0,1772829276.0990324,630.6,156,0.2815,0.6912,0.1329,0.3243,48.3466,59.4774,37.6911,0.0,0.0,0.0,5.85,3.29,2.56,None,0.6443395614624023,16.003,True,None,sfc_unique_p4_27,0,None,56.66,34.64,396.0,53,50,6,6,0,True,88.44444444444444,8.9534,4.7206,8.58,0.2091,0.87,0.1135,0.203,2778.46822195311,2448.46822195311,330.0,0.7064294276263684,47,3,0
0,1772829276.3104255,630.9,156,0.2905,0.7391,0.1525,0.3243,49.4989,63.5924,37.6911,0.0,0.0,0.0,4.73,2.34,2.4,None,0.7156412601470947,15.927,True,None,sfc_cache_p3_28,0,None,60.66,34.64,429.0,56,52,6,6,0,True,88.470066518847,8.814230769230768,4.853076923076923,8.25,0.209,0.9236,0.1135,0.2068,2802.1488727123296,2472.1488727123296,330.0,0.6977613986682331,49,3,0
0,1772829276.3130465,630.9,156,0.2905,0.7391,0.1525,0.3243,49.4989,63.5924,37.6911,0.0,0.0,0.0,4.85,2.6,2.25,None,0.7156412601470947,19.536,True,None,sfc_unique_p3_28,0,None,60.66,34.64,429.0,56,52,6,6,0,True,88.49557522123894,8.814230769230768,4.853076923076923,8.25,0.209,0.9236,0.1135,0.2068,2802.1488727123296,2472.1488727123296,330.0,0.6977613986682331,49,3,0
0,1772829276.3997977,630.9,156,0.2981,0.7645,0.174,0.3243,51.0108,65.7771,37.6911,0.0,0.0,0.0,4.4,2.27,2.13,None,0.9304525852203369,19.692,True,None,sfc_cache_p3_27,0,None,64.66,38.97,462.0,60,54,6,6,0,True,88.52097130242825,8.747037037037037,4.833888888888889,7.944444444444445,0.2107,0.9267,0.1135,0.2193,2808.5782180149145,2478.5782180149145,330.0,0.7029989233507221,49,5,0
0,1772829276.4024446,630.9,156,0.2981,0.7645,0.174,0.3243,51.0108,65.7771,37.6911,0.0,0.0,0.0,5.85,3.29,2.56,None,0.9304525852203369,18.736,True,None,sfc_unique_p3_27,0,None,64.66,38.97,462.0,60,54,6,6,0,True,88.54625550660793,8.747037037037037,4.833888888888889,7.944444444444445,0.2107,0.9267,0.1135,0.2193,2808.5782180149145,2478.5782180149145,330.0,0.7029989233507221,49,5,0
0,1772829276.4877434,631.0,156,0.3082,0.8025,0.1912,0.3243,52.5228,69.053,37.6911,0.0,0.0,0.0,5.69,3.29,2.4,None,1.0201270580291748,18.788,True,None,sfc_cache_p2_28,0,None,68.66,38.97,495.0,63,56,6,6,0,True,88.57142857142857,8.684642857142856,4.893392857142857,7.660714285714286,0.2094,0.9477,0.1135,0.2206,2814.13136335114,2484.13136335114,330.0,0.6910601386565692,51,5,0
0,1772829276.4898129,631.0,156,0.3082,0.8025,0.1912,0.3243,52.5228,69.053,37.6911,0.0,0.0,0.0,7.15,4.9,2.25,None,1.0201270580291748,12.552,True,None,sfc_unique_p2_28,0,None,68.66,38.97,495.0,63,56,6,6,0,True,88.59649122807018,8.684642857142856,4.893392857142857,7.660714285714286,0.2094,0.9477,0.1135,0.2206,2814.13136335114,2484.13136335114,330.0,0.6910601386565692,51,5,0
0,1772829276.5490124,631.1,156,0.3239,0.8025,0.2083,0.3243,54.9711,69.053,37.6911,0.0,0.0,0.0,6.16,4.03,2.13,None,1.1070976257324219,12.298,True,None,sfc_cache_p2_27,0,None,72.66,43.3,528.0,67,58,6,6,0,True,88.62144420131291,8.77603448275862,4.724655172413793,7.396551724137931,0.2178,0.9477,0.1135,0.2279,2832.071273796626,2502.071273796626,330.0,0.6890705859392491,53,5,0
0,1772829276.5511029,631.1,156,0.3239,0.8025,0.2083,0.3243,54.9711,69.053,37.6911,0.0,0.0,0.0,12.43,9.87,2.56,None,1.1070976257324219,10.392,True,None,sfc_unique_p2_27,0,None,72.66,43.3,528.0,67,58,6,6,0,True,88.64628820960698,8.77603448275862,4.724655172413793,7.396551724137931,0.2178,0.9477,0.1135,0.2279,2832.071273796626,2502.071273796626,330.0,0.6890705859392491,53,5,0
0,1772829276.6097724,631.2,156,0.3325,0.8289,0.2295,0.3243,56.4474,71.3209,37.6911,0.0,0.0,0.0,6.43,4.03,2.4,None,1.1686551570892334,12.051,True,None,sfc_cache_p1_28,0,None,76.66,47.63,561.0,70,60,6,6,0,True,88.67102396514161,8.711333333333332,4.7171666666666665,7.15,0.2216,0.9688,0.1135,0.2294,2853.484754681938,2523.484754681938,330.0,0.6904915632829451,55,5,0
0,1772829276.6119676,631.2,156,0.3325,0.8289,0.2295,0.3243,56.4474,71.3209,37.6911,0.0,0.0,0.0,9.8,6.66,3.14,None,1.1686551570892334,9.75,True,None,sfc_unique_p1_28,0,None,76.66,47.63,561.0,70,60,6,6,0,True,88.69565217391305,8.711333333333332,4.7171666666666665,7.15,0.2216,0.9688,0.1135,0.2294,2853.484754681938,2523.484754681938,330.0,0.6904915632829451,55,5,0
0,1772829276.6719003,631.2,156,0.3399,0.8552,0.2473,0.3243,57.9237,73.5889,37.6911,0.0,0.0,0.0,6.16,4.03,2.13,None,1.2297635078430176,12.229,True,None,sfc_cache_p1_27,0,None,80.66,51.96,594.0,73,62,6,6,0,True,88.72017353579176,8.650806451612903,4.7101612903225805,6.919354838709677,0.225,0.984,0.1135,0.2312,2883.9351493576846,2553.9351493576846,330.0,0.6950232451090963,56,5,1
0,1772829276.6741734,631.2,156,0.3399,0.8552,0.2473,0.3243,57.9237,73.5889,37.6911,0.0,0.0,0.0,5.26,2.4,2.87,None,1.2297635078430176,9.585,True,None,sfc_unique_p1_27,0,None,80.66,51.96,594.0,73,62,6,6,0,True,88.74458874458875,8.650806451612903,4.7101612903225805,6.919354838709677,0.225,0.984,0.1135,0.2312,2883.9351493576846,2553.9351493576846,330.0,0.6950232451090963,56,5,1
0,1772829299.912226,654.5,156,0.3142,0.7359,0.2456,0.3243,57.9237,73.5889,32.4312,0.0,0.0,0.0,3.02,1.66,1.36,None,0.00017452239990234375,14.143,True,None,sfc_cache_p1_32,0,None,80.66,51.96,594.0,74,62,6,6,0,False,88.76889848812095,8.650806451612903,4.7101612903225805,6.919354838709677,0.2209,0.9063,0.1165,0.2308,3195.117241913016,2865.117241913016,330.0,0.6986537271829872,55,5,2
0,1772829299.9147208,654.5,156,0.3142,0.7359,0.2456,0.3243,57.9237,73.5889,32.4312,0.0,0.0,0.0,3.7,1.9,1.79,None,0.00017452239990234375,12.127,True,None,sfc_unique_p1_32,0,None,80.66,51.96,594.0,74,62,6,6,0,False,88.79310344827587,8.650806451612903,4.7101612903225805,6.919354838709677,0.2209,0.9063,0.1165,0.2308,3195.117241913016,2865.117241913016,330.0,0.6986537271829872,55,5,2
0,1772829300.1087306,654.7,157,0.3198,0.7695,0.2608,0.3493,59.832,76.9479,34.9259,0.0,0.0,0.0,3.1,1.44,1.65,None,0.06889152526855469,13.455,True,None,sfc_cache_p2_32,0,None,80.66,51.96,594.0,75,64,6,6,0,False,88.81720430107526,8.6565625,4.77125,7.21875,0.2199,0.9092,0.1239,0.2353,3221.6909147190836,2881.6909147190836,340.0,0.7041783623496908,55,6,3
0,1772829300.1110814,654.7,157,0.3198,0.7695,0.2608,0.3493,59.832,76.9479,34.9259,0.0,0.0,0.0,3.7,1.9,1.79,None,0.06889152526855469,12.339,True,None,sfc_unique_p2_32,0,None,80.66,51.96,594.0,75,64,6,6,0,False,88.8412017167382,8.6565625,4.77125,7.21875,0.2199,0.9092,0.1239,0.2353,3221.6909147190836,2881.6909147190836,340.0,0.7041783623496908,55,6,3
0,1772829300.1746855,654.7,158,0.3259,0.7955,0.2771,0.3493,61.6312,79.5535,34.9259,0.0,0.0,0.0,3.09,1.44,1.65,None,0.2653045654296875,13.367,True,None,sfc_cache_p3_32,0,None,84.66,51.96,627.0,77,66,6,6,0,False,88.86509635974305,8.646666666666667,4.783333333333333,7.0,0.2182,0.9134,0.1218,0.237,3249.0961151524534,2899.0961151524534,350.0,0.7092151640851767,56,6,4
0,1772829300.1771092,654.7,158,0.3259,0.7955,0.2771,0.3493,61.6312,79.5535,34.9259,0.0,0.0,0.0,4.17,2.07,2.1,None,0.2653045654296875,10.688,True,None,sfc_unique_p3_32,0,None,84.66,51.96,627.0,77,66,6,6,0,False,88.88888888888889,8.646666666666667,4.783333333333333,7.0,0.2182,0.9134,0.1218,0.237,3249.0961151524534,2899.0961151524534,350.0,0.7092151640851767,56,6,4
0,1772829300.241087,654.8,159,0.3271,0.8216,0.2931,0.3493,62.9628,82.1591,34.9259,0.0,0.0,0.0,3.09,1.44,1.65,None,0.33135390281677246,13.274,True,None,sfc_cache_p4_32,0,None,92.99,51.96,660.0,80,68,6,6,0,False,88.91257995735607,8.573676470588236,4.794705882352941,6.794117647058823,0.2174,0.939,0.1198,0.2394,3279.5403188360933,2919.5403188360933,360.0,0.7126561347695286,58,6,4
0,1772829300.2435718,654.8,159,0.3271,0.8216,0.2931,0.3493,62.9628,82.1591,34.9259,0.0,0.0,0.0,4.65,2.47,2.18,None,0.33135390281677246,10.214,True,None,sfc_unique_p4_32,0,None,92.99,51.96,660.0,80,68,6,6,0,False,88.93617021276596,8.573676470588236,4.794705882352941,6.794117647058823,0.2174,0.939,0.1198,0.2394,3279.5403188360933,2919.5403188360933,360.0,0.7126561347695286,58,6,4
0,1772829300.3082325,654.9,160,0.3326,0.8543,0.3089,0.3742,64.9067,85.4349,37.4206,0.0,0.0,0.0,3.33,1.66,1.67,None,0.3977820873260498,12.866,True,None,sfc_cache_p5_32,0,None,92.99,51.96,660.0,82,70,6,6,0,False,88.95966029723992,8.585857142857142,4.843428571428571,7.071428571428571,0.2172,0.9605,0.1198,0.2401,3315.9081411546204,2945.9081411546204,370.0,0.7165605729024124,62,3,5
0,1772829300.3107753,654.9,160,0.3326,0.8543,0.3089,0.3742,64.9067,85.4349,37.4206,0.0,0.0,0.0,4.65,2.47,2.18,None,0.3977820873260498,10.086,True,None,sfc_unique_p5_32,0,None,92.99,51.96,660.0,82,70,6,6,0,False,88.98305084745762,8.585857142857142,4.843428571428571,7.071428571428571,0.2172,0.9605,0.1198,0.2401,3315.9081411546204,2945.9081411546204,370.0,0.7165605729024124,62,3,5
0,1772829300.3747327,654.9,161,0.3367,0.8871,0.3246,0.3992,66.8506,88.7108,39.9153,0.0,0.0,0.0,3.57,1.82,1.75,None,0.4650709629058838,12.128,True,None,sfc_cache_p6_32,0,None,92.99,51.96,660.0,84,72,6,6,0,False,89.00634249471459,8.59736111111111,4.889444444444445,7.333333333333333,0.2172,0.9831,0.1267,0.2419,3369.153768766445,2989.153768766445,380.0,0.7183081478547373,64,3,5
0,1772829300.377326,654.9,161,0.3367,0.8871,0.3246,0.3992,66.8506,88.7108,39.9153,0.0,0.0,0.0,4.65,2.47,2.18,None,0.4650709629058838,10.074,True,None,sfc_unique_p6_32,0,None,92.99,51.96,660.0,84,72,6,6,0,False,89.0295358649789,8.59736111111111,4.889444444444445,7.333333333333333,0.2172,0.9831,0.1267,0.2419,3369.153768766445,2989.153768766445,380.0,0.7183081478547373,64,3,5
0,1772829314.9322705,669.5,161,0.3407,0.9199,0.3482,0.4241,68.7945,91.9867,42.41,0.0,0.0,0.0,4.55,2.49,2.06,None,0.0001983642578125,12.282,True,None,sfc_cache_p1_33,0,None,92.99,51.96,660.0,85,74,6,7,0,False,89.05263157894737,8.608243243243242,4.932972972972974,7.581081081081081,0.2157,0.9949,0.1299,0.2496,3403.1694010215137,3013.1694010215137,390.0,0.7172690645907095,66,3,5
0,1772829314.9348183,669.5,161,0.3407,0.9199,0.3482,0.4241,68.7945,91.9867,42.41,0.0,0.0,0.0,6.3,3.81,2.49,None,0.0001983642578125,10.103,True,None,sfc_unique_p1_33,0,None,92.99,51.96,660.0,85,74,6,7,0,False,89.07563025210085,8.608243243243242,4.932972972972974,7.581081081081081,0.2157,0.9949,0.1299,0.2496,3403.1694010215137,3013.1694010215137,390.0,0.7172690645907095,66,3,5
0,1772829315.119824,669.7,162,0.3447,0.9417,0.3677,0.4241,70.3065,94.1715,42.41,0.0,0.0,0.0,4.55,2.49,2.06,None,0.06847143173217773,12.22,True,None,sfc_cache_p2_33,0,None,96.99,56.29,693.0,89,76,6,7,0,False,89.09853249475891,8.565921052631579,4.917236842105263,7.381578947368421,0.2129,0.997,0.1279,0.2535,3422.571970283238,3022.571970283238,400.0,0.7136078061809469,68,3,5
0,1772829315.1224759,669.7,162,0.3447,0.9417,0.3677,0.4241,70.3065,94.1715,42.41,0.0,0.0,0.0,6.81,4.32,2.49,None,0.06847143173217773,10.005,True,None,sfc_unique_p2_33,0,None,96.99,56.29,693.0,89,76,6,7,0,False,89.1213389121339,8.565921052631579,4.917236842105263,7.381578947368421,0.2129,0.997,0.1279,0.2535,3422.571970283238,3022.571970283238,400.0,0.7136078061809469,68,3,5
0,1772829315.184716,669.7,163,0.3567,0.9459,0.3841,0.449,73.474,94.5923,44.9047,0.0,0.0,0.0,3.79,1.45,2.34,None,0.25619983673095703,10.761,True,None,sfc_cache_p3_33,0,None,96.99,56.29,693.0,89,78,6,7,0,False,89.14405010438414,8.722307692307693,4.812564102564102,7.615384615384615,0.2127,0.9972,0.1311,0.2529,3463.213898777279,3053.213898777279,410.0,0.7159799646813979,72,0,6
0,1772829315.1873963,669.7,163,0.3567,0.9459,0.3841,0.449,73.474,94.5923,44.9047,0.0,0.0,0.0,5.78,3.0,2.79,None,0.25619983673095703,8.448,True,None,sfc_unique_p3_33,0,None,96.99,56.29,693.0,89,78,6,7,0,False,89.16666666666667,8.722307692307693,4.812564102564102,7.615384615384615,0.2127,0.9972,0.1311,0.2529,3463.213898777279,3053.213898777279,410.0,0.7159799646813979,72,0,6
0,1772829315.2486315,669.8,164,0.3644,0.9543,0.4007,0.449,76.0303,95.4314,44.9047,0.0,0.0,0.0,4.49,2.06,2.44,None,0.32117295265197754,9.67,True,None,sfc_cache_p4_33,0,None,100.99,56.29,726.0,92,80,6,7,0,False,89.1891891891892,8.800125,4.733874999999999,7.425,0.2116,0.9969,0.1291,0.2544,3493.9274106175517,3073.9274106175517,420.0,0.7186520107999047,73,0,7
0,1772829315.2515419,669.8,164,0.3644,0.9543,0.4007,0.449,76.0303,95.4314,44.9047,0.0,0.0,0.0,5.46,2.35,3.11,None,0.32117295265197754,8.212,True,None,sfc_unique_p4_33,0,None,100.99,56.29,726.0,92,80,6,7,0,False,89.21161825726142,8.800125,4.733874999999999,7.425,0.2116,0.9969,0.1291,0.2544,3493.9274106175517,3073.9274106175517,420.0,0.7186520107999047,73,0,7
0,1772829315.3143616,669.9,165,0.3701,0.9543,0.418,0.449,78.4786,95.4314,44.9047,0.0,0.0,0.0,4.49,2.06,2.44,None,0.38559746742248535,9.259,True,None,sfc_cache_p5_33,0,None,109.32,56.29,759.0,96,82,6,7,0,False,89.23395445134575,8.861951219512195,4.618414634146341,7.2439024390243905,0.2099,0.9969,0.1272,0.2526,3518.2088685961926,3088.2088685961926,430.0,0.7210536545468796,74,0,8
0,1772829315.3173406,669.9,165,0.3701,0.9543,0.418,0.449,78.4786,95.4314,44.9047,0.0,0.0,0.0,7.03,3.31,3.73,None,0.38559746742248535,8.107,True,None,sfc_unique_p5_33,0,None,109.32,56.29,759.0,96,82,6,7,0,False,89.25619834710744,8.861951219512195,4.618414634146341,7.2439024390243905,0.2099,0.9969,0.1272,0.2526,3518.2088685961926,3088.2088685961926,430.0,0.7210536545468796,74,0,8
0,1772829315.3783245,669.9,166,0.3701,0.9543,0.418,0.449,78.4786,95.4314,44.9047,0.0,0.0,0.0,4.7,1.94,2.76,None,0.4514491558074951,9.079,False,None,sfc_cache_p6_33,0,None,109.32,56.29,759.0,96,82,6,7,0,False,89.07216494845362,8.861951219512195,4.618414634146341,7.2439024390243905,0.2099,0.9969,0.1272,0.2526,3518.2088685961926,3088.2088685961926,430.0,0.7210536545468796,74,0,8
0,1772829315.381567,669.9,166,0.3701,0.9543,0.418,0.449,78.4786,95.4314,44.9047,0.0,0.0,0.0,None,None,None,None,0.4514491558074951,7.629,False,None,sfc_unique_p6_33,0,None,109.32,56.29,759.0,96,82,6,7,0,False,88.88888888888889,8.861951219512195,4.618414634146341,7.2439024390243905,0.2099,0.9969,0.1272,0.2526,3518.2088685961926,3088.2088685961926,430.0,0.7210536545468796,74,0,8
0,1772829336.9435353,691.5,166,0.3643,0.8921,0.2775,0.449,75.7797,89.2123,44.9047,0.0,0.0,0.0,5.38,2.57,2.81,None,0.00020837783813476562,8.242,True,None,sfc_cache_p1_34,0,None,101.32,51.96,693.0,89,78,6,8,0,False,88.91170431211499,8.996025641025641,4.538846153846153,7.615384615384615,0.2177,0.951,0.1314,0.2434,3480.0794379156637,3070.0794379156637,410.0,0.7274138661114506,70,0,8
0,1772829336.9448893,691.5,166,0.3643,0.8921,0.2775,0.449,75.7797,89.2123,44.9047,0.0,0.0,0.0,8.11,5.2,2.91,None,0.00020837783813476562,6.44,True,None,sfc_unique_p1_34,0,None,101.32,51.96,693.0,89,78,6,8,0,False,88.9344262295082,8.996025641025641,4.538846153846153,7.615384615384615,0.2177,0.951,0.1314,0.2434,3480.0794379156637,3070.0794379156637,410.0,0.7274138661114506,70,0,8
0,1772829337.0577922,691.6,167,0.3723,0.914,0.3029,0.474,78.1913,91.397,47.3995,0.0,0.0,0.0,7.07,2.95,4.12,None,0.04144096374511719,5.958,True,None,sfc_cache_p2_34,0,None,101.32,51.96,693.0,91,80,6,8,0,False,88.95705521472392,9.05025,4.5337499999999995,7.8375,0.2151,0.9873,0.131,0.2477,3518.7919826652223,3098.7919826652223,420.0,0.7214216940609182,72,0,8
0,1772829337.0593219,691.6,167,0.3723,0.914,0.3029,0.474,78.1913,91.397,47.3995,0.0,0.0,0.0,6.61,3.37,3.24,None,0.04144096374511719,5.61,True,None,sfc_unique_p2_34,0,None,101.32,51.96,693.0,91,80,6,8,0,False,88.9795918367347,9.05025,4.5337499999999995,7.8375,0.2151,0.9873,0.131,0.2477,3518.7919826652223,3098.7919826652223,420.0,0.7214216940609182,72,0,8
0,1772829337.0957866,691.6,168,0.3723,0.914,0.3029,0.474,78.1913,91.397,47.3995,0.0,0.0,0.0,None,None,None,None,0.15599393844604492,5.442,False,None,sfc_cache_p3_34,0,None,101.32,51.96,693.0,91,80,6,8,0,False,88.79837067209776,9.05025,4.5337499999999995,7.8375,0.2151,0.9873,0.131,0.2477,3518.7919826652223,3098.7919826652223,420.0,0.7214216940609182,72,0,8
0,1772829337.0972347,691.6,168,0.3723,0.914,0.3029,0.474,78.1913,91.397,47.3995,0.0,0.0,0.0,None,None,None,None,0.15599393844604492,4.888,False,None,sfc_unique_p3_34,0,None,101.32,51.96,693.0,91,80,6,8,0,False,88.6178861788618,9.05025,4.5337499999999995,7.8375,0.2151,0.9873,0.131,0.2477,3518.7919826652223,3098.7919826652223,420.0,0.7214216940609182,72,0,8
0,1772829337.1353848,691.7,169,0.3723,0.914,0.3029,0.474,78.1913,91.397,47.3995,0.0,0.0,0.0,None,None,None,None,0.1938152313232422,5.847,False,None,sfc_cache_p4_34,0,None,101.32,51.96,693.0,91,80,6,8,0,False,88.43813387423936,9.05025,4.5337499999999995,7.8375,0.2151,0.9873,0.131,0.2477,3518.7919826652223,3098.7919826652223,420.0,0.7214216940609182,72,0,8
0,1772829337.1380968,691.7,169,0.3723,0.914,0.3029,0.474,78.1913,91.397,47.3995,0.0,0.0,0.0,None,None,None,None,0.1938152313232422,6.58,False,None,sfc_unique_p4_34,0,None,101.32,51.96,693.0,91,80,6,8,0,False,88.25910931174089,9.05025,4.5337499999999995,7.8375,0.2151,0.9873,0.131,0.2477,3518.7919826652223,3098.7919826652223,420.0,0.7214216940609182,72,0,8
0,1772829337.1988852,691.7,170,0.3723,0.914,0.3029,0.474,78.1913,91.397,47.3995,0.0,0.0,0.0,None,None,None,None,0.23586249351501465,9.188,False,None,sfc_cache_p5_34,0,None,101.32,51.96,693.0,91,80,6,8,0,False,88.08080808080808,9.05025,4.5337499999999995,7.8375,0.2151,0.9873,0.131,0.2477,3518.7919826652223,3098.7919826652223,420.0,0.7214216940609182,72,0,8
0,1772829337.2015867,691.7,170,0.3723,0.914,0.3029,0.474,78.1913,91.397,47.3995,0.0,0.0,0.0,None,None,None,None,0.23586249351501465,8.452,False,None,sfc_unique_p5_34,0,None,101.32,51.96,693.0,91,80,6,8,0,False,87.90322580645162,9.05025,4.5337499999999995,7.8375,0.2151,0.9873,0.131,0.2477,3518.7919826652223,3098.7919826652223,420.0,0.7214216940609182,72,0,8
0,1772829337.2628736,691.8,171,0.3723,0.914,0.3029,0.474,78.1913,91.397,47.3995,0.0,0.0,0.0,None,None,None,None,0.29935598373413086,9.204,False,None,sfc_cache_p6_34,0,None,101.32,51.96,693.0,91,80,6,8,0,False,87.72635814889335,9.05025,4.5337499999999995,7.8375,0.2151,0.9873,0.131,0.2477,3518.7919826652223,3098.7919826652223,420.0,0.7214216940609182,72,0,8
0,1772829337.2657247,691.8,171,0.3723,0.914,0.3029,0.474,78.1913,91.397,47.3995,0.0,0.0,0.0,None,None,None,None,0.29935598373413086,8.565,False,None,sfc_unique_p6_34,0,None,101.32,51.96,693.0,91,80,6,8,0,False,87.55020080321285,9.05025,4.5337499999999995,7.8375,0.2151,0.9873,0.131,0.2477,3518.7919826652223,3098.7919826652223,420.0,0.7214216940609182,72,0,8
0,1772829356.9952216,711.5,171,0.338,0.7208,0.0132,0.4241,64.1496,72.0794,42.41,0.0,0.0,0.0,2.91,1.78,1.13,None,0.0002110004425048828,9.081,True,None,sfc_cache_p1_35,0,None,77.32,34.64,495.0,71,64,6,7,0,False,87.5751503006012,9.28125,4.469375,8.765625,0.2441,0.8199,0.147,0.2041,3313.404465662656,2973.404465662656,340.0,0.7755461062691953,52,3,9
0,1772829356.996502,711.5,171,0.338,0.7208,0.0132,0.4241,64.1496,72.0794,42.41,0.0,0.0,0.0,3.88,2.32,1.56,None,0.0002110004425048828,10.043,True,None,sfc_unique_p1_35,0,None,77.32,34.64,495.0,71,64,6,7,0,False,87.6,9.28125,4.469375,8.765625,0.2441,0.8199,0.147,0.2041,3313.404465662656,2973.404465662656,340.0,0.7755461062691953,52,3,9
0,1772829357.1150043,711.7,172,0.34,0.7426,0.0263,0.4241,65.6616,74.2642,42.41,0.0,0.0,0.0,2.91,1.78,1.13,None,0.04677700996398926,8.776,True,None,sfc_cache_p2_35,0,None,81.32,38.97,528.0,75,66,6,7,0,False,87.62475049900199,9.212121212121213,4.46530303030303,8.5,0.2403,0.828,0.1445,0.213,3354.8995902563724,3004.8995902563724,350.0,0.7800606832785902,53,2,11
0,1772829357.116288,711.7,172,0.34,0.7426,0.0263,0.4241,65.6616,74.2642,42.41,0.0,0.0,0.0,3.88,2.32,1.56,None,0.04677700996398926,10.031,True,None,sfc_unique_p2_35,0,None,81.32,38.97,528.0,75,66,6,7,0,False,87.64940239043824,9.212121212121213,4.46530303030303,8.5,0.2403,0.828,0.1445,0.213,3354.8995902563724,3004.8995902563724,350.0,0.7800606832785902,53,2,11
0,1772829357.1598825,711.7,173,0.3418,0.7645,0.0395,0.4241,67.1735,76.4489,42.41,0.0,0.0,0.0,2.91,1.78,1.13,None,0.166534423828125,8.848,True,None,sfc_cache_p3_35,0,None,85.32,43.3,561.0,79,68,6,7,0,False,87.67395626242545,9.147058823529411,4.461470588235294,8.25,0.2362,0.8306,0.1421,0.2192,3379.5258091079436,3019.5258091079436,360.0,0.7840335586082631,54,1,13
0,1772829357.1611586,711.7,173,0.3418,0.7645,0.0395,0.4241,67.1735,76.4489,42.41,0.0,0.0,0.0,3.88,2.32,1.56,None,0.166534423828125,10.116,True,None,sfc_unique_p3_35,0,None,85.32,43.3,561.0,79,68,6,7,0,False,87.6984126984127,9.147058823529411,4.461470588235294,8.25,0.2362,0.8306,0.1421,0.2192,3379.5258091079436,3019.5258091079436,360.0,0.7840335586082631,54,1,13
0,1772829357.2046027,711.8,174,0.3507,0.7645,0.0513,0.4241,69.6218,76.4489,42.41,0.0,0.0,0.0,2.91,1.78,1.13,None,0.21136927604675293,8.884,True,None,sfc_cache_p4_35,0,None,89.32,47.63,594.0,82,70,6,7,0,False,87.72277227722772,9.209571428571428,4.334,8.014285714285714,0.2319,0.8306,0.1397,0.2262,3402.379469532026,3032.379469532026,370.0,0.7859546392883586,55,1,14
0,1772829357.205898,711.8,174,0.3507,0.7645,0.0513,0.4241,69.6218,76.4489,42.41,0.0,0.0,0.0,5.07,3.43,1.64,None,0.21136927604675293,9.753,True,None,sfc_unique_p4_35,0,None,89.32,47.63,594.0,82,70,6,7,0,False,87.74703557312253,9.209571428571428,4.334,8.014285714285714,0.2319,0.8306,0.1397,0.2262,3402.379469532026,3032.379469532026,370.0,0.7859546392883586,55,1,14
0,1772829357.2493706,711.8,175,0.3581,0.7645,0.063,0.4241,72.0701,76.4489,42.41,0.0,0.0,0.0,2.91,1.78,1.13,None,0.2561149597167969,9.118,True,None,sfc_cache_p5_35,0,None,93.32,51.96,627.0,86,72,6,7,0,False,87.77120315581854,9.268611111111111,4.213611111111111,7.791666666666667,0.2272,0.8306,0.1375,0.2312,3414.6117091234205,3034.6117091234205,380.0,0.7876348479167726,56,1,15
0,1772829357.2506893,711.8,175,0.3581,0.7645,0.063,0.4241,72.0701,76.4489,42.41,0.0,0.0,0.0,5.07,3.43,1.64,None,0.2561149597167969,9.755,True,None,sfc_unique_p5_35,0,None,93.32,51.96,627.0,86,72,6,7,0,False,87.79527559055119,9.268611111111111,4.213611111111111,7.791666666666667,0.2272,0.8306,0.1375,0.2312,3414.6117091234205,3034.6117091234205,380.0,0.7876348479167726,56,1,15
0,1772829357.2943418,711.8,176,0.3642,0.7645,0.0748,0.4241,74.5183,76.4489,42.41,0.0,0.0,0.0,2.91,1.78,1.13,None,0.3008692264556885,9.149,True,None,sfc_cache_p6_35,0,None,97.32,56.29,660.0,90,74,6,7,0,False,87.81925343811395,9.32445945945946,4.09972972972973,7.581081081081081,0.222,0.8306,0.1353,0.2343,3424.6117091234205,3034.6117091234205,390.0,0.7890940998838315,57,2,15
0,1772829357.295671,711.8,176,0.3642,0.7645,0.0748,0.4241,74.5183,76.4489,42.41,0.0,0.0,0.0,5.07,3.43,1.64,None,0.3008692264556885,9.731,True,None,sfc_unique_p6_35,0,None,97.32,56.29,660.0,90,74,6,7,0,False,87.84313725490196,9.32445945945946,4.09972972972973,7.581081081081081,0.222,0.8306,0.1353,0.2343,3424.6117091234205,3034.6117091234205,390.0,0.7890940998838315,57,2,15
0,1772829371.0547802,725.6,176,0.3721,0.7754,0.0866,0.449,77.3986,77.5401,44.9047,0.0,0.0,0.0,3.23,1.78,1.44,None,0.0004291534423828125,10.031,True,None,sfc_cache_p1_36,0,None,97.32,56.29,660.0,90,76,6,8,0,False,87.866927592955,9.43,4.048815789473684,7.815789473684211,0.2163,0.83,0.1342,0.2386,3434.6117091234205,3034.6117091234205,400.0,0.7899143778729281,58,15,3
0,1772829371.056208,725.6,176,0.3721,0.7754,0.0866,0.449,77.3986,77.5401,44.9047,0.0,0.0,0.0,5.39,3.43,1.96,None,0.0004291534423828125,9.764,True,None,sfc_unique_p1_36,0,None,97.32,56.29,660.0,90,76,6,8,0,False,87.890625,9.43,4.048815789473684,7.815789473684211,0.2163,0.83,0.1342,0.2386,3434.6117091234205,3034.6117091234205,400.0,0.7899143778729281,58,15,3
0,1772829371.1898992,725.7,177,0.3822,0.7863,0.1012,0.474,80.2788,78.6312,47.3995,0.0,0.0,0.0,6.27,3.76,2.51,None,0.06036829948425293,8.605,True,None,sfc_cache_p2_36,0,None,97.32,56.29,660.0,90,78,6,8,0,False,87.91423001949317,9.530128205128205,4.000512820512821,8.038461538461538,0.2149,0.8363,0.133,0.248,3452.789583309972,3042.789583309972,410.0,0.7758589289612657,60,15,3
0,1772829371.1913536,725.7,177,0.3822,0.7863,0.1012,0.474,80.2788,78.6312,47.3995,0.0,0.0,0.0,7.43,5.4,2.03,None,0.06036829948425293,9.364,True,None,sfc_unique_p2_36,0,None,97.32,56.29,660.0,90,78,6,8,0,False,87.93774319066148,9.530128205128205,4.000512820512821,8.038461538461538,0.2149,0.8363,0.133,0.248,3452.789583309972,3042.789583309972,410.0,0.7758589289612657,60,15,3
0,1772829371.2454016,725.8,178,0.3851,0.8199,0.1184,0.4989,82.1871,81.9902,49.8942,0.0,0.0,0.0,7.74,4.27,3.47,None,0.1955413818359375,8.688,True,None,sfc_cache_p3_36,0,None,97.32,56.29,660.0,91,80,6,8,0,False,87.96116504854369,9.51275,4.067125,8.25,0.2106,0.8473,0.1328,0.2513,3467.305531305638,3047.305531305638,420.0,0.7711946008309607,62,18,0
0,1772829371.247412,725.8,178,0.3851,0.8199,0.1184,0.4989,82.1871,81.9902,49.8942,0.0,0.0,0.0,4.58,2.4,2.18,None,0.1955413818359375,14.359,True,None,sfc_unique_p3_36,0,None,97.32,56.29,660.0,91,80,6,8,0,False,87.98449612403101,9.51275,4.067125,8.25,0.2106,0.8473,0.1328,0.2513,3467.305531305638,3047.305531305638,420.0,0.7711946008309607,62,18,0
0,1772829371.3105388,725.9,179,0.3851,0.8199,0.1184,0.4989,82.1871,81.9902,49.8942,0.0,0.0,0.0,None,None,None,None,0.2521193027496338,11.519,False,None,sfc_cache_p4_36,0,None,97.32,56.29,660.0,91,80,6,8,0,False,87.81431334622823,9.51275,4.067125,8.25,0.2106,0.8473,0.1328,0.2513,3467.305531305638,3047.305531305638,420.0,0.7711946008309607,62,18,0
0,1772829371.3130505,725.9,179,0.3851,0.8199,0.1184,0.4989,82.1871,81.9902,49.8942,0.0,0.0,0.0,4.27,1.9,2.36,None,0.2521193027496338,14.068,False,None,sfc_unique_p4_36,0,None,97.32,56.29,660.0,91,80,6,8,0,False,87.64478764478764,9.51275,4.067125,8.25,0.2106,0.8473,0.1328,0.2513,3467.305531305638,3047.305531305638,420.0,0.7711946008309607,62,18,0
0,1772829371.3952174,725.9,180,0.3851,0.8199,0.1184,0.4989,82.1871,81.9902,49.8942,0.0,0.0,0.0,None,None,None,None,0.3180582523345947,18.105,False,None,sfc_cache_p5_36,0,None,97.32,56.29,660.0,91,80,6,8,0,False,87.47591522157995,9.51275,4.067125,8.25,0.2106,0.8473,0.1328,0.2513,3467.305531305638,3047.305531305638,420.0,0.7711946008309607,62,18,0
0,1772829371.3972487,725.9,180,0.3851,0.8199,0.1184,0.4989,82.1871,81.9902,49.8942,0.0,0.0,0.0,4.27,1.9,2.36,None,0.3180582523345947,11.85,False,None,sfc_unique_p5_36,0,None,97.32,56.29,660.0,91,80,6,8,0,False,87.3076923076923,9.51275,4.067125,8.25,0.2106,0.8473,0.1328,0.2513,3467.305531305638,3047.305531305638,420.0,0.7711946008309607,62,18,0
0,1772829371.4660668,726.0,181,0.3851,0.8199,0.1184,0.4989,82.1871,81.9902,49.8942,0.0,0.0,0.0,None,None,None,None,0.40170979499816895,14.067,False,None,sfc_cache_p6_36,0,None,97.32,56.29,660.0,91,80,6,8,0,False,87.1401151631478,9.51275,4.067125,8.25,0.2106,0.8473,0.1328,0.2513,3467.305531305638,3047.305531305638,420.0,0.7711946008309607,62,18,0
0,1772829371.4680514,726.0,181,0.3851,0.8199,0.1184,0.4989,82.1871,81.9902,49.8942,0.0,0.0,0.0,4.27,1.9,2.36,None,0.40170979499816895,11.785,False,None,sfc_unique_p6_36,0,None,97.32,56.29,660.0,91,80,6,8,0,False,86.97318007662835,9.51275,4.067125,8.25,0.2106,0.8473,0.1328,0.2513,3467.305531305638,3047.305531305638,420.0,0.7711946008309607,62,18,0
0,1772829395.112874,749.7,181,0.2863,0.4763,0.0187,0.3243,48.5291,47.6262,32.4312,0.0,0.0,0.0,2.05,0.7,1.36,None,0.0002090930938720703,20.06,True,None,sfc_cache_p1_37,0,None,48.66,25.98000000000001,330.0,46,46,6,6,0,False,86.9980879541109,9.768695652173914,4.108695652173913,9.326086956521738,0.1608,0.5398,0.1376,0.1726,2871.124996306892,2621.124996306892,250.0,0.8528141237602036,22,15,9
0,1772829395.1148248,749.7,181,0.2863,0.4763,0.0187,0.3243,48.5291,47.6262,32.4312,0.0,0.0,0.0,4.71,3.39,1.31,None,0.0002090930938720703,23.35,True,None,sfc_unique_p1_37,0,None,48.66,25.98000000000001,330.0,46,46,6,6,0,False,87.02290076335878,9.768695652173914,4.108695652173913,9.326086956521738,0.1608,0.5398,0.1376,0.1726,2871.124996306892,2621.124996306892,250.0,0.8528141237602036,22,15,9
0,1772829395.324077,749.9,182,0.2917,0.4989,0.0346,0.3493,50.4374,49.8942,34.9259,0.0,0.0,0.0,2.69,1.33,1.36,None,0.0877528190612793,19.653,True,None,sfc_cache_p2_37,0,None,48.66,30.31,330.0,48,48,6,6,0,False,87.04761904761905,9.729791666666666,4.125,9.625,0.173,0.5671,0.1475,0.1859,2902.114111374404,2642.114111374404,260.0,0.8408260320669286,23,15,10
0,1772829395.3260362,749.9,182,0.2917,0.4989,0.0346,0.3493,50.4374,49.8942,34.9259,0.0,0.0,0.0,10.7,8.97,1.72,None,0.0877528190612793,22.223,True,None,sfc_unique_p2_37,0,None,48.66,30.31,330.0,48,48,6,6,0,False,87.07224334600761,9.729791666666666,4.125,9.625,0.173,0.5671,0.1475,0.1859,2902.114111374404,2642.114111374404,260.0,0.8408260320669286,23,15,10
0,1772829395.4076838,750.0,183,0.2892,0.5435,0.0513,0.3493,50.9774,54.3468,34.9259,0.0,0.0,0.0,2.69,1.33,1.36,None,0.29892969131469727,18.992,True,None,sfc_cache_p3_37,0,None,52.66,34.64,363.0,52,50,6,6,0,False,87.09677419354838,9.4406,4.3134,9.24,0.1683,0.5927,0.1446,0.1899,2924.302627084046,2654.302627084046,270.0,0.8430422731189803,23,15,12
0,1772829395.4097338,750.0,183,0.2892,0.5435,0.0513,0.3493,50.9774,54.3468,34.9259,0.0,0.0,0.0,3.03,1.24,1.79,None,0.29892969131469727,20.688,True,None,sfc_unique_p3_37,0,None,52.66,34.64,363.0,52,50,6,6,0,False,87.12121212121212,9.4406,4.3134,9.24,0.1683,0.5927,0.1446,0.1899,2924.302627084046,2654.302627084046,270.0,0.8430422731189803,23,15,12
0,1772829395.4903696,750.0,184,0.2933,0.5653,0.0653,0.3493,52.4893,56.5316,34.9259,0.0,0.0,0.0,2.69,1.33,1.36,None,0.3826863765716553,18.744,True,None,sfc_cache_p4_37,0,None,56.66,38.97,396.0,56,52,6,6,0,False,87.14555765595463,9.346730769230769,4.314230769230769,8.884615384615385,0.1666,0.61,0.1418,0.1915,2958.3643048429067,2678.3643048429067,280.0,0.8456611331632329,23,15,14
0,1772829395.4923804,750.0,184,0.2933,0.5653,0.0653,0.3493,52.4893,56.5316,34.9259,0.0,0.0,0.0,3.65,1.86,1.79,None,0.3826863765716553,20.167,True,None,sfc_unique_p4_37,0,None,56.66,38.97,396.0,56,52,6,6,0,False,87.16981132075472,9.346730769230769,4.314230769230769,8.884615384615385,0.1666,0.61,0.1418,0.1915,2958.3643048429067,2678.3643048429067,280.0,0.8456611331632329,23,15,14
0,1772829395.5734274,750.1,185,0.2972,0.5872,0.0793,0.3493,54.0013,58.7164,34.9259,0.0,0.0,0.0,2.69,1.33,1.36,None,0.4653332233428955,19.148,True,None,sfc_cache_p5_37,0,None,60.66,43.3,429.0,60,54,6,6,0,False,87.1939736346516,9.259814814814815,4.3149999999999995,8.555555555555555,0.1645,0.6214,0.1391,0.191,2998.2455151818635,2708.2455151818635,290.0,0.8478281737550076,23,27,4
0,1772829395.575501,750.1,185,0.2972,0.5872,0.0793,0.3493,54.0013,58.7164,34.9259,0.0,0.0,0.0,3.65,1.86,1.79,None,0.4653332233428955,19.953,True,None,sfc_unique_p5_37,0,None,60.66,43.3,429.0,60,54,6,6,0,False,87.21804511278195,9.259814814814815,4.3149999999999995,8.555555555555555,0.1645,0.6214,0.1391,0.191,2998.2455151818635,2708.2455151818635,290.0,0.8478281737550076,23,27,4
0,1772829395.655705,750.2,186,0.3011,0.609,0.0933,0.3493,55.5132,60.9011,34.9259,0.0,0.0,0.0,2.69,1.33,1.36,None,0.5484967231750488,18.916,True,None,sfc_cache_p6_37,0,None,64.66,47.63,462.0,64,56,6,6,0,False,87.2420262664165,9.179107142857143,4.315714285714286,8.25,0.162,0.6272,0.1366,0.1891,3025.5462426234362,2725.5462426234362,300.0,0.8495926393506804,23,28,5
0,1772829395.6578138,750.2,186,0.3011,0.609,0.0933,0.3493,55.5132,60.9011,34.9259,0.0,0.0,0.0,3.65,1.86,1.79,None,0.5484967231750488,20.064,True,None,sfc_unique_p6_37,0,None,64.66,47.63,462.0,64,56,6,6,0,False,87.26591760299625,9.179107142857143,4.315714285714286,8.25,0.162,0.6272,0.1366,0.1891,3025.5462426234362,2725.5462426234362,300.0,0.8495926393506804,23,28,5
0,1772829413.2748296,767.8,186,0.3048,0.6518,0.112,0.3742,57.0251,65.185,37.4206,0.0,0.0,0.0,3.4,1.79,1.61,None,0.0004360675811767578,139.613,True,None,sfc_cache_p1_38,0,None,64.66,47.63,462.0,64,58,6,7,0,False,87.28971962616822,9.10396551724138,4.46,8.53448275862069,0.1662,0.6692,0.1522,0.1986,3069.0799349072913,2759.0799349072913,310.0,0.8352932714673559,25,28,5
0,1772829413.2770753,767.8,186,0.3048,0.6518,0.112,0.3742,57.0251,65.185,37.4206,0.0,0.0,0.0,10.06,7.73,2.33,None,0.0004360675811767578,18.87,True,None,sfc_unique_p1_38,0,None,64.66,47.63,462.0,64,58,6,7,0,False,87.31343283582089,9.10396551724138,4.46,8.53448275862069,0.1662,0.6692,0.1522,0.1986,3069.0799349072913,2759.0799349072913,310.0,0.8352932714673559,25,28,5
0,1772829413.355504,767.9,187,0.3107,0.6846,0.1293,0.3992,58.9691,68.4608,39.9153,0.0,0.0,0.0,5.61,3.72,1.9,None,0.20392632484436035,16.651,True,None,sfc_cache_p2_38,0,None,64.66,47.63,462.0,66,60,6,7,0,False,87.33705772811918,9.1005,4.5280000000000005,8.8,0.1692,0.6943,0.1478,0.2123,3109.318546620957,2789.318546620957,320.0,0.8258914002744311,27,28,5
0,1772829413.3577235,767.9,187,0.3107,0.6846,0.1293,0.3992,58.9691,68.4608,39.9153,0.0,0.0,0.0,10.06,7.73,2.33,None,0.20392632484436035,18.652,True,None,sfc_unique_p2_38,0,None,64.66,47.63,462.0,66,60,6,7,0,False,87.36059479553904,9.1005,4.5280000000000005,8.8,0.1692,0.6943,0.1478,0.2123,3109.318546620957,2789.318546620957,320.0,0.8258914002744311,27,28,5
0,1772829413.4352875,768.0,188,0.3176,0.7174,0.145,0.4241,60.913,71.7367,42.41,0.0,0.0,0.0,3.49,1.36,2.13,None,0.28452396392822266,16.308,True,None,sfc_cache_p3_38,0,None,64.66,47.63,462.0,67,62,6,7,0,False,87.38404452690168,9.09725806451613,4.591612903225807,9.048387096774194,0.1669,0.6966,0.151,0.2119,3132.9000355545586,2802.9000355545586,330.0,0.8274116759689417,27,35,0
0,1772829413.4375818,768.0,188,0.3176,0.7174,0.145,0.4241,60.913,71.7367,42.41,0.0,0.0,0.0,4.42,1.86,2.56,None,0.28452396392822266,17.793,True,None,sfc_unique_p3_38,0,None,64.66,47.63,462.0,67,62,6,7,0,False,87.4074074074074,9.09725806451613,4.591612903225807,9.048387096774194,0.1669,0.6966,0.151,0.2119,3132.9000355545586,2802.9000355545586,330.0,0.8274116759689417,27,35,0
0,1772829413.5137537,768.1,189,0.3219,0.751,0.1609,0.4241,62.3893,75.0958,42.41,0.0,0.0,0.0,3.45,1.33,2.13,None,0.3644132614135742,15.461,True,None,sfc_cache_p4_38,0,None,68.66,47.63,495.0,69,64,6,7,0,False,87.43068391866913,9.0265625,4.65640625,8.765625,0.1761,0.7721,0.1484,0.2181,3173.3372155979428,2833.3372155979428,340.0,0.8229187816083465,28,36,0
0,1772829413.5161052,768.1,189,0.3219,0.751,0.1609,0.4241,62.3893,75.0958,42.41,0.0,0.0,0.0,8.81,6.17,2.65,None,0.3644132614135742,16.558,True,None,sfc_unique_p4_38,0,None,68.66,47.63,495.0,69,64,6,7,0,False,87.4538745387454,9.0265625,4.65640625,8.765625,0.1761,0.7721,0.1484,0.2181,3173.3372155979428,2833.3372155979428,340.0,0.8229187816083465,28,36,0
0,1772829413.5920615,768.1,190,0.3261,0.7845,0.1768,0.449,64.2976,78.4548,44.9047,0.0,0.0,0.0,5.66,3.27,2.39,None,0.44276976585388184,14.701,True,None,sfc_cache_p5_38,0,None,68.66,47.63,495.0,70,66,6,7,0,False,87.47697974217311,9.020757575757576,4.717272727272727,9.0,0.1829,0.843,0.1611,0.2236,3235.5054519390665,2885.5054519390665,350.0,0.8206245209036628,28,38,0
0,1772829413.594469,768.1,190,0.3261,0.7845,0.1768,0.449,64.2976,78.4548,44.9047,0.0,0.0,0.0,5.65,2.96,2.69,None,0.44276976585388184,15.684,True,None,sfc_unique_p5_38,0,None,68.66,47.63,495.0,70,66,6,7,0,False,87.5,9.020757575757576,4.717272727272727,9.0,0.1829,0.843,0.1611,0.2236,3235.5054519390665,2885.5054519390665,350.0,0.8206245209036628,28,38,0
0,1772829413.6701715,768.2,191,0.3279,0.8072,0.1927,0.449,65.7739,80.7227,44.9047,0.0,0.0,0.0,5.66,3.27,2.39,None,0.5211281776428223,14.623,True,None,sfc_cache_p6_38,0,None,72.66,51.96,528.0,74,68,6,7,0,False,87.5229357798165,8.956470588235293,4.7108823529411765,8.735294117647058,0.1849,0.8708,0.1584,0.2269,3278.5629739944757,2918.5629739944757,360.0,0.8168024315904144,32,36,0
0,1772829413.6726484,768.2,191,0.3279,0.8072,0.1927,0.449,65.7739,80.7227,44.9047,0.0,0.0,0.0,5.65,2.96,2.69,None,0.5211281776428223,15.608,True,None,sfc_unique_p6_38,0,None,72.66,51.96,528.0,74,68,6,7,0,False,87.54578754578755,8.956470588235293,4.7108823529411765,8.735294117647058,0.1849,0.8708,0.1584,0.2269,3278.5629739944757,2918.5629739944757,360.0,0.8168024315904144,32,36,0
0,1772829432.229963,786.8,191,0.3039,0.656,0.0132,0.3742,56.8469,65.6007,37.4206,0.0,0.0,0.0,2.68,1.82,0.86,None,0.00017714500427246094,11.338,True,None,sfc_cache_p1_39,0,None,60.33,51.96,462.0,64,58,6,7,0,False,87.56855575868373,9.07551724137931,4.488448275862068,8.53448275862069,0.2121,0.8614,0.1539,0.2587,3182.5084816558283,2872.5084816558283,310.0,0.8154635538783749,30,14,14
0,1772829432.231107,786.8,191,0.3039,0.656,0.0132,0.3742,56.8469,65.6007,37.4206,0.0,0.0,0.0,3.76,2.47,1.29,None,0.00017714500427246094,12.527,True,None,sfc_unique_p1_39,0,None,60.33,51.96,462.0,64,58,6,7,0,False,87.59124087591242,9.07551724137931,4.488448275862068,8.53448275862069,0.2121,0.8614,0.1539,0.2587,3182.5084816558283,2872.5084816558283,310.0,0.8154635538783749,30,14,14
0,1772829432.2814586,786.8,192,0.31,0.6879,0.0269,0.3992,58.8265,68.7935,39.9153,0.0,0.0,0.0,2.24,1.38,0.86,None,0.12078571319580078,11.322,True,None,sfc_cache_p2_39,0,None,60.33,51.96,462.0,66,60,6,7,0,False,87.61384335154827,9.0785,4.55,8.8,0.2042,0.8613,0.169,0.2694,3192.5084816558283,2872.5084816558283,320.0,0.8123669191576615,32,15,13
0,1772829432.2826357,786.8,192,0.31,0.6879,0.0269,0.3992,58.8265,68.7935,39.9153,0.0,0.0,0.0,3.76,2.47,1.29,None,0.12078571319580078,12.568,True,None,sfc_unique_p2_39,0,None,60.33,51.96,462.0,66,60,6,7,0,False,87.63636363636364,9.0785,4.55,8.8,0.2042,0.8613,0.169,0.2694,3192.5084816558283,2872.5084816558283,320.0,0.8123669191576615,32,15,13
0,1772829432.3328223,786.9,193,0.3157,0.7207,0.0406,0.4241,60.7704,72.0693,42.41,0.0,0.0,0.0,2.36,1.27,1.08,None,0.17231249809265137,11.201,True,None,sfc_cache_p3_39,0,None,60.33,51.96,462.0,67,62,6,7,0,False,87.65880217785845,9.075967741935484,4.612903225806452,9.048387096774194,0.1978,0.8745,0.1835,0.2861,3228.323757928851,2898.323757928851,330.0,0.8135593957404897,32,29,1
0,1772829432.3340545,786.9,193,0.3157,0.7207,0.0406,0.4241,60.7704,72.0693,42.41,0.0,0.0,0.0,3.91,2.4,1.52,None,0.17231249809265137,12.206,True,None,sfc_unique_p3_39,0,None,60.33,51.96,462.0,67,62,6,7,0,False,87.68115942028986,9.075967741935484,4.612903225806452,9.048387096774194,0.1978,0.8745,0.1835,0.2861,3228.323757928851,2898.323757928851,330.0,0.8135593957404897,32,29,1
0,1772829432.3839395,786.9,194,0.32,0.7543,0.055,0.449,62.6787,75.4284,44.9047,0.0,0.0,0.0,3.07,1.69,1.37,None,0.22370123863220215,10.655,True,None,sfc_cache_p4_39,0,None,60.33,51.96,462.0,68,64,6,7,0,False,87.70343580470163,9.0684375,4.67703125,9.28125,0.1912,0.8746,0.1804,0.2958,3238.323757928851,2898.323757928851,340.0,0.813816951575769,32,32,0
0,1772829432.3851342,786.9,194,0.32,0.7543,0.055,0.449,62.6787,75.4284,44.9047,0.0,0.0,0.0,3.91,2.4,1.52,None,0.22370123863220215,11.766,True,None,sfc_unique_p4_39,0,None,60.33,51.96,462.0,68,64,6,7,0,False,87.72563176895306,9.0684375,4.67703125,9.28125,0.1912,0.8746,0.1804,0.2958,3238.323757928851,2898.323757928851,340.0,0.813816951575769,32,32,0
0,1772829432.443867,787.0,195,0.3287,0.7669,0.0732,0.474,65.4866,76.6883,47.3995,0.0,0.0,0.0,2.82,1.45,1.37,None,0.2747821807861328,15.945,True,None,sfc_cache_p5_39,0,None,60.33,51.96,462.0,69,66,6,7,0,False,87.74774774774775,9.187575757575758,4.611060606060605,9.5,0.197,0.8755,0.1778,0.2961,3266.311168459111,2916.311168459111,350.0,0.8075530378093733,33,33,0
0,1772829432.4453533,787.0,195,0.3287,0.7669,0.0732,0.474,65.4866,76.6883,47.3995,0.0,0.0,0.0,10.47,8.54,1.93,None,0.2747821807861328,10.485,True,None,sfc_unique_p5_39,0,None,60.33,51.96,462.0,69,66,6,7,0,False,87.76978417266187,9.187575757575758,4.611060606060605,9.5,0.197,0.8755,0.1778,0.2961,3266.311168459111,2916.311168459111,350.0,0.8075530378093733,33,33,0
0,1772829432.5857499,787.1,196,0.3329,0.8047,0.0905,0.4989,67.2146,80.4682,49.8942,0.0,0.0,0.0,3.94,2.3,1.64,None,0.3352513313293457,9.685,True,None,sfc_cache_p6_39,0,None,60.33,51.96,462.0,70,68,6,7,0,False,87.79174147217235,9.15264705882353,4.696029411764705,9.705882352941176,0.1997,0.9039,0.1746,0.2995,3306.9008333716633,2946.9008333716633,360.0,0.8032702572853276,35,33,0
0,1772829432.5877886,787.1,196,0.3329,0.8047,0.0905,0.4989,67.2146,80.4682,49.8942,0.0,0.0,0.0,4.9,2.96,1.94,None,0.3352513313293457,10.02,True,None,sfc_unique_p6_39,0,None,60.33,51.96,462.0,70,68,6,7,0,False,87.81362007168458,9.15264705882353,4.696029411764705,9.705882352941176,0.1997,0.9039,0.1746,0.2995,3306.9008333716633,2946.9008333716633,360.0,0.8032702572853276,35,33,0
0,1772829448.2708714,802.8,196,0.301,0.7702,0.0182,0.474,57.5306,77.0235,47.3995,0.0,0.0,0.0,4.26,2.75,1.51,None,0.00029730796813964844,18.201,True,None,sfc_cache_p1_40,0,None,44.0,47.63,363.0,59,60,6,7,0,False,87.83542039355993,8.8785,5.094333333333334,10.45,0.2209,0.8926,0.1857,0.2377,3246.9416614168576,2926.9416614168576,320.0,0.8062043093842213,31,29,0
0,1772829448.2731256,802.8,196,0.301,0.7702,0.0182,0.474,57.5306,77.0235,47.3995,0.0,0.0,0.0,5.14,3.2,1.94,None,0.00029730796813964844,18.241,True,None,sfc_unique_p1_40,0,None,44.0,47.63,363.0,59,60,6,7,0,False,87.85714285714286,8.8785,5.094333333333334,10.45,0.2209,0.8926,0.1857,0.2377,3246.9416614168576,2926.9416614168576,320.0,0.8062043093842213,31,29,0
0,1772829448.3534777,802.9,197,0.3079,0.803,0.0362,0.4989,59.4745,80.2994,49.8942,0.0,0.0,0.0,5.77,3.73,2.04,None,0.11513876914978027,17.001,True,None,sfc_cache_p2_40,0,None,44.0,47.63,363.0,60,62,6,7,0,False,87.87878787878788,8.88241935483871,5.139677419354839,10.64516129032258,0.2181,0.8945,0.183,0.2574,3262.9473757025717,2932.9473757025717,330.0,0.8017382364881155,33,29,0
0,1772829448.355702,802.9,197,0.3079,0.803,0.0362,0.4989,59.4745,80.2994,49.8942,0.0,0.0,0.0,5.14,3.2,1.94,None,0.11513876914978027,17.6,True,None,sfc_unique_p2_40,0,None,44.0,47.63,363.0,60,62,6,7,0,False,87.90035587188612,8.88241935483871,5.139677419354839,10.64516129032258,0.2181,0.8945,0.183,0.2574,3262.9473757025717,2932.9473757025717,330.0,0.8017382364881155,33,29,0
0,1772829448.4434588,803.0,198,0.3195,0.8139,0.0523,0.5239,62.3547,81.3905,52.3889,0.0,0.0,0.0,4.95,2.83,2.13,None,0.1977066993713379,16.24,True,None,sfc_cache_p3_40,0,None,44.0,47.63,363.0,61,64,6,7,0,False,87.92184724689164,9.0215625,5.04671875,10.828125,0.2118,0.894,0.1816,0.2655,3276.5203537007123,2936.5203537007123,340.0,0.7930820497245439,35,29,0
0,1772829448.4457421,803.0,198,0.3195,0.8139,0.0523,0.5239,62.3547,81.3905,52.3889,0.0,0.0,0.0,8.22,6.28,1.94,None,0.1977066993713379,16.814,True,None,sfc_unique_p3_40,0,None,44.0,47.63,363.0,61,64,6,7,0,False,87.94326241134752,9.0215625,5.04671875,10.828125,0.2118,0.894,0.1816,0.2655,3276.5203537007123,2936.5203537007123,340.0,0.7930820497245439,35,29,0
0,1772829448.5223992,803.1,199,0.325,0.8358,0.07,0.5488,64.2987,83.5752,54.8836,0.0,0.0,0.0,4.31,1.58,2.73,None,0.2877485752105713,15.686,True,None,sfc_cache_p4_40,0,None,44.0,51.96,363.0,63,66,6,7,0,False,87.9646017699115,9.020909090909091,5.025151515151515,11.0,0.2119,0.9307,0.1804,0.2841,3316.33821084357,2966.33821084357,350.0,0.7920019244149761,36,30,0
0,1772829448.524877,803.1,199,0.325,0.8358,0.07,0.5488,64.2987,83.5752,54.8836,0.0,0.0,0.0,7.22,4.75,2.47,None,0.2877485752105713,15.101,True,None,sfc_unique_p4_40,0,None,44.0,51.96,363.0,63,66,6,7,0,False,87.98586572438163,9.020909090909091,5.025151515151515,11.0,0.2119,0.9307,0.1804,0.2841,3316.33821084357,2966.33821084357,350.0,0.7920019244149761,36,30,0
0,1772829448.6036093,803.1,200,0.3314,0.8685,0.0884,0.5738,66.2426,86.8511,57.3783,0.0,0.0,0.0,6.79,3.5,3.29,None,0.3671422004699707,16.071,True,None,sfc_cache_p5_40,0,None,44.0,51.96,363.0,65,68,6,7,0,False,88.00705467372134,9.020294117647058,5.068529411764707,11.161764705882353,0.2129,0.9656,0.1916,0.2971,3362.883925129284,3002.883925129284,360.0,0.7870397263927869,38,30,0
0,1772829448.606257,803.2,200,0.3314,0.8685,0.0884,0.5738,66.2426,86.8511,57.3783,0.0,0.0,0.0,7.22,4.75,2.47,None,0.3671422004699707,15.512,True,None,sfc_unique_p5_40,0,None,44.0,51.96,363.0,65,68,6,7,0,False,88.02816901408451,9.020294117647058,5.068529411764707,11.161764705882353,0.2129,0.9656,0.1916,0.2971,3362.883925129284,3002.883925129284,360.0,0.7870397263927869,38,30,0
0,1772829448.8205433,803.4,201,0.3333,0.8904,0.1066,0.5738,67.7545,89.0359,57.3783,0.0,0.0,0.0,6.79,3.5,3.29,None,0.4483966827392578,15.495,True,None,sfc_cache_p6_40,0,None,48.0,56.29,396.0,69,70,6,7,0,False,88.04920913884007,8.962571428571428,5.047571428571429,10.842857142857143,0.2152,0.9846,0.1884,0.3009,3400.8324965578554,3030.8324965578554,370.0,0.7841582937299516,40,30,0
0,1772829448.8229568,803.4,201,0.3333,0.8904,0.1066,0.5738,67.7545,89.0359,57.3783,0.0,0.0,0.0,7.52,4.9,2.62,None,0.4483966827392578,14.699,True,None,sfc_unique_p6_40,0,None,48.0,56.29,396.0,69,70,6,7,0,False,88.0701754385965,8.962571428571428,5.047571428571429,10.842857142857143,0.2152,0.9846,0.1884,0.3009,3400.8324965578554,3030.8324965578554,370.0,0.7841582937299516,40,30,0
0,1772829471.248864,825.8,201,0.3247,0.8685,0.0612,0.5488,65.343,86.8511,54.8836,0.0,0.0,0.0,5.35,3.34,2.01,None,0.00019788742065429688,15.418,True,None,sfc_cache_p1_41,0,None,48.0,56.29,396.0,67,68,6,7,0,False,88.09106830122592,8.897794117647058,5.068529411764707,10.676470588235293,0.2275,0.9487,0.1895,0.2454,3394.3681333722343,3034.3681333722343,360.0,0.7927557329660233,38,30,0
0,1772829471.2501342,825.8,201,0.3247,0.8685,0.0612,0.5488,65.343,86.8511,54.8836,0.0,0.0,0.0,5.94,4.34,1.6,None,0.00019788742065429688,10.378,True,None,sfc_unique_p1_41,0,None,48.0,56.29,396.0,67,68,6,7,0,False,88.11188811188812,8.897794117647058,5.068529411764707,10.676470588235293,0.2275,0.9487,0.1895,0.2454,3394.3681333722343,3034.3681333722343,360.0,0.7927557329660233,38,30,0
0,1772829471.3044326,825.8,202,0.3357,0.8685,0.0762,0.5738,68.6909,86.8511,57.3783,0.0,0.0,0.0,5.27,3.17,2.1,None,0.05981850624084473,10.994,True,None,sfc_cache_p2_41,0,None,48.0,56.29,396.0,69,70,6,7,0,False,88.1326352530541,9.08642857142857,4.923714285714286,10.842857142857143,0.2267,0.9487,0.1882,0.2458,3423.1259417610286,3053.1259417610286,370.0,0.7871485604761582,41,29,0
0,1772829471.30606,825.9,202,0.3357,0.8685,0.0762,0.5738,68.6909,86.8511,57.3783,0.0,0.0,0.0,6.98,4.98,2.0,None,0.05981850624084473,10.862,True,None,sfc_unique_p2_41,0,None,48.0,56.29,396.0,69,70,6,7,0,False,88.15331010452961,9.08642857142857,4.923714285714286,10.842857142857143,0.2267,0.9487,0.1882,0.2458,3423.1259417610286,3053.1259417610286,370.0,0.7871485604761582,41,29,0
0,1772829471.3712943,825.9,203,0.3452,0.8794,0.0928,0.5987,71.5711,87.9422,59.873,0.0,0.0,0.0,4.54,2.33,2.2,None,0.11596369743347168,11.505,True,None,sfc_cache_p3_41,0,None,48.0,56.29,396.0,70,72,6,7,0,False,88.17391304347825,9.204444444444444,4.847083333333334,11.0,0.2238,0.9481,0.1872,0.2432,3449.320893006966,3069.320893006966,380.0,0.7821795420513158,44,28,0
0,1772829471.3731081,825.9,203,0.3452,0.8794,0.0928,0.5987,71.5711,87.9422,59.873,0.0,0.0,0.0,6.98,4.98,2.0,None,0.11596369743347168,15.106,True,None,sfc_unique_p3_41,0,None,48.0,56.29,396.0,70,72,6,7,0,False,88.19444444444444,9.204444444444444,4.847083333333334,11.0,0.2238,0.9481,0.1872,0.2432,3449.320893006966,3069.320893006966,380.0,0.7821795420513158,44,28,0
0,1772829471.4654062,826.0,204,0.3452,0.8794,0.0928,0.5987,71.5711,87.9422,59.873,0.0,0.0,0.0,None,None,None,None,0.18344783782958984,15.563,False,None,sfc_cache_p4_41,0,None,48.0,56.29,396.0,70,72,6,7,0,False,88.0415944540728,9.204444444444444,4.847083333333334,11.0,0.2238,0.9481,0.1872,0.2432,3449.320893006966,3069.320893006966,380.0,0.7821795420513158,44,28,0
0,1772829471.4687078,826.0,204,0.3452,0.8794,0.0928,0.5987,71.5711,87.9422,59.873,0.0,0.0,0.0,6.98,4.98,2.0,None,0.18344783782958984,21.75,False,None,sfc_unique_p4_41,0,None,48.0,56.29,396.0,70,72,6,7,0,False,87.88927335640139,9.204444444444444,4.847083333333334,11.0,0.2238,0.9481,0.1872,0.2432,3449.320893006966,3069.320893006966,380.0,0.7821795420513158,44,28,0
0,1772829471.6656888,826.2,205,0.3452,0.8794,0.0928,0.5987,71.5711,87.9422,59.873,0.0,0.0,0.0,None,None,None,None,0.2802410125732422,14.006,False,None,sfc_cache_p5_41,0,None,48.0,56.29,396.0,70,72,6,7,0,False,87.73747841105354,9.204444444444444,4.847083333333334,11.0,0.2238,0.9481,0.1872,0.2432,3449.320893006966,3069.320893006966,380.0,0.7821795420513158,44,28,0
0,1772829471.6671195,826.2,205,0.3452,0.8794,0.0928,0.5987,71.5711,87.9422,59.873,0.0,0.0,0.0,6.98,4.98,2.0,None,0.2802410125732422,20.032,False,None,sfc_unique_p5_41,0,None,48.0,56.29,396.0,70,72,6,7,0,False,87.58620689655172,9.204444444444444,4.847083333333334,11.0,0.2238,0.9481,0.1872,0.2432,3449.320893006966,3069.320893006966,380.0,0.7821795420513158,44,28,0
0,1772829471.7403932,826.3,206,0.3452,0.8794,0.0928,0.5987,71.5711,87.9422,59.873,0.0,0.0,0.0,None,None,None,None,0.47704219818115234,11.625,False,None,sfc_cache_p6_41,0,None,48.0,56.29,396.0,70,72,6,7,0,False,87.4354561101549,9.204444444444444,4.847083333333334,11.0,0.2238,0.9481,0.1872,0.2432,3449.320893006966,3069.320893006966,380.0,0.7821795420513158,44,28,0
0,1772829471.742743,826.3,206,0.3452,0.8794,0.0928,0.5987,71.5711,87.9422,59.873,0.0,0.0,0.0,6.98,4.98,2.0,None,0.47704219818115234,16.499,False,None,sfc_unique_p6_41,0,None,48.0,56.29,396.0,70,72,6,7,0,False,87.2852233676976,9.204444444444444,4.847083333333334,11.0,0.2238,0.9481,0.1872,0.2432,3449.320893006966,3069.320893006966,380.0,0.7821795420513158,44,28,0
0,1772829493.322371,847.9,206,0.3199,0.8223,0.0151,0.5987,61.7791,82.2271,59.873,0.0,0.0,0.0,5.01,2.58,2.43,None,0.00019621849060058594,16.954,True,None,sfc_cache_p1_42,0,None,28.0,34.64000000000001,231.0,50,62,6,7,0,False,87.30703259005146,9.226612903225806,5.263064516129032,12.774193548387096,0.2467,0.9268,0.2036,0.2154,3322.481072545737,2992.481072545737,330.0,0.7632726863965776,41,16,5
0,1772829493.324682,847.9,206,0.3199,0.8223,0.0151,0.5987,61.7791,82.2271,59.873,0.0,0.0,0.0,6.54,4.89,1.65,None,0.00019621849060058594,18.01,True,None,sfc_unique_p1_42,0,None,28.0,34.64000000000001,231.0,50,62,6,7,0,False,87.32876712328768,9.226612903225806,5.263064516129032,12.774193548387096,0.2467,0.9268,0.2036,0.2154,3322.481072545737,2992.481072545737,330.0,0.7632726863965776,41,16,5
0,1772829493.4105792,848.0,207,0.3199,0.8223,0.0151,0.5987,61.7791,82.2271,59.873,0.0,0.0,0.0,None,None,None,None,0.08923721313476562,17.22,False,None,sfc_cache_p2_42,0,None,28.0,34.64000000000001,231.0,50,62,6,7,0,False,87.17948717948718,9.226612903225806,5.263064516129032,12.774193548387096,0.2467,0.9268,0.2036,0.2154,3322.481072545737,2992.481072545737,330.0,0.7632726863965776,41,16,5
0,1772829493.4129426,848.0,207,0.3199,0.8223,0.0151,0.5987,61.7791,82.2271,59.873,0.0,0.0,0.0,8.72,6.81,1.91,None,0.08923721313476562,17.532,False,None,sfc_unique_p2_42,0,None,28.0,34.64000000000001,231.0,50,62,6,7,0,False,87.03071672354949,9.226612903225806,5.263064516129032,12.774193548387096,0.2467,0.9268,0.2036,0.2154,3322.481072545737,2992.481072545737,330.0,0.7632726863965776,41,16,5
0,1772829493.631558,848.2,208,0.3199,0.8223,0.0151,0.5987,61.7791,82.2271,59.873,0.0,0.0,0.0,None,None,None,None,0.17748689651489258,16.935,False,None,sfc_cache_p3_42,0,None,28.0,34.64000000000001,231.0,50,62,6,7,0,False,86.88245315161839,9.226612903225806,5.263064516129032,12.774193548387096,0.2467,0.9268,0.2036,0.2154,3322.481072545737,2992.481072545737,330.0,0.7632726863965776,41,16,5
0,1772829493.6383467,848.2,208,0.3199,0.8223,0.0151,0.5987,61.7791,82.2271,59.873,0.0,0.0,0.0,8.72,6.81,1.91,None,0.17748689651489258,20.603,False,None,sfc_unique_p3_42,0,None,28.0,34.64000000000001,231.0,50,62,6,7,0,False,86.73469387755102,9.226612903225806,5.263064516129032,12.774193548387096,0.2467,0.9268,0.2036,0.2154,3322.481072545737,2992.481072545737,330.0,0.7632726863965776,41,16,5
0,1772829493.7259777,848.3,209,0.3199,0.8223,0.0151,0.5987,61.7791,82.2271,59.873,0.0,0.0,0.0,None,None,None,None,0.40372300148010254,16.643,False,None,sfc_cache_p4_42,0,None,28.0,34.64000000000001,231.0,50,62,6,7,0,False,86.5874363327674,9.226612903225806,5.263064516129032,12.774193548387096,0.2467,0.9268,0.2036,0.2154,3322.481072545737,2992.481072545737,330.0,0.7632726863965776,41,16,5
0,1772829493.7285361,848.3,209,0.3199,0.8223,0.0151,0.5987,61.7791,82.2271,59.873,0.0,0.0,0.0,8.72,6.81,1.91,None,0.40372300148010254,16.888,False,None,sfc_unique_p4_42,0,None,28.0,34.64000000000001,231.0,50,62,6,7,0,False,86.4406779661017,9.226612903225806,5.263064516129032,12.774193548387096,0.2467,0.9268,0.2036,0.2154,3322.481072545737,2992.481072545737,330.0,0.7632726863965776,41,16,5
0,1772829493.815073,848.4,210,0.3199,0.8223,0.0151,0.5987,61.7791,82.2271,59.873,0.0,0.0,0.0,None,None,None,None,0.4932425022125244,17.282,False,None,sfc_cache_p5_42,0,None,28.0,34.64000000000001,231.0,50,62,6,7,0,False,86.29441624365482,9.226612903225806,5.263064516129032,12.774193548387096,0.2467,0.9268,0.2036,0.2154,3322.481072545737,2992.481072545737,330.0,0.7632726863965776,41,16,5
0,1772829493.8175397,848.4,210,0.3199,0.8223,0.0151,0.5987,61.7791,82.2271,59.873,0.0,0.0,0.0,8.72,6.81,1.91,None,0.4932425022125244,17.271,False,None,sfc_unique_p5_42,0,None,28.0,34.64000000000001,231.0,50,62,6,7,0,False,86.14864864864865,9.226612903225806,5.263064516129032,12.774193548387096,0.2467,0.9268,0.2036,0.2154,3322.481072545737,2992.481072545737,330.0,0.7632726863965776,41,16,5
0,1772829493.8957143,848.4,211,0.3199,0.8223,0.0151,0.5987,61.7791,82.2271,59.873,0.0,0.0,0.0,None,None,None,None,0.5821478366851807,16.937,False,None,sfc_cache_p6_42,0,None,28.0,34.64000000000001,231.0,50,62,6,7,0,False,86.00337268128162,9.226612903225806,5.263064516129032,12.774193548387096,0.2467,0.9268,0.2036,0.2154,3322.481072545737,2992.481072545737,330.0,0.7632726863965776,41,16,5
0,1772829493.8969603,848.4,211,0.3199,0.8223,0.0151,0.5987,61.7791,82.2271,59.873,0.0,0.0,0.0,8.72,6.81,1.91,None,0.5821478366851807,11.841,False,None,sfc_unique_p6_42,0,None,28.0,34.64000000000001,231.0,50,62,6,7,0,False,85.85858585858585,9.226612903225806,5.263064516129032,12.774193548387096,0.2467,0.9268,0.2036,0.2154,3322.481072545737,2992.481072545737,330.0,0.7632726863965776,41,16,5
0,1772829511.3259664,865.9,211,0.3036,0.7778,0.0134,0.5488,56.9906,77.7769,54.8836,0.0,0.0,0.0,5.42,3.86,1.56,None,0.00018978118896484375,10.855,True,None,sfc_cache_p1_43,0,None,28.0,34.64000000000001,231.0,49,58,6,7,0,False,85.88235294117646,9.09844827586207,5.32155172413793,12.517241379310345,0.2493,0.8689,0.2071,0.1739,3238.5640339215333,2928.5640339215333,310.0,0.7718451581499924,39,16,3
0,1772829511.327331,865.9,211,0.3036,0.7778,0.0134,0.5488,56.9906,77.7769,54.8836,0.0,0.0,0.0,6.53,4.98,1.55,None,0.00018978118896484375,12.213,True,None,sfc_unique_p1_43,0,None,28.0,34.64000000000001,231.0,49,58,6,7,0,False,85.90604026845638,9.09844827586207,5.32155172413793,12.517241379310345,0.2493,0.8689,0.2071,0.1739,3238.5640339215333,2928.5640339215333,310.0,0.7718451581499924,39,16,3
0,1772829511.378964,865.9,212,0.3093,0.8114,0.0293,0.5738,58.8989,81.136,57.3783,0.0,0.0,0.0,3.96,2.29,1.67,None,0.05506610870361328,10.113,True,None,sfc_cache_p2_43,0,None,28.0,34.64000000000001,231.0,49,60,6,7,0,False,85.92964824120602,9.089666666666666,5.366333333333333,12.65,0.2443,0.8774,0.2053,0.1855,3270.3578738843876,2950.3578738843876,320.0,0.7717833767831055,51,6,3
0,1772829511.3801906,865.9,212,0.3093,0.8114,0.0293,0.5738,58.8989,81.136,57.3783,0.0,0.0,0.0,4.97,3.17,1.79,None,0.05506610870361328,10.715,True,None,sfc_unique_p2_43,0,None,28.0,34.64000000000001,231.0,49,60,6,7,0,False,85.95317725752508,9.089666666666666,5.366333333333333,12.65,0.2443,0.8774,0.2053,0.1855,3270.3578738843876,2950.3578738843876,320.0,0.7717833767831055,51,6,3
0,1772829511.5370214,866.1,213,0.3215,0.8198,0.0443,0.5987,61.8871,81.9751,59.873,0.0,0.0,0.0,7.23,5.03,2.2,None,0.10773706436157227,13.681,True,None,sfc_cache_p3_43,0,None,28.0,34.64,231.0,51,62,6,7,0,False,85.97662771285476,9.24274193548387,5.246935483870968,12.774193548387096,0.2436,0.8763,0.2036,0.1929,3298.2694940475494,2968.2694940475494,330.0,0.7667670791099946,54,5,3
0,1772829511.5387816,866.1,213,0.3215,0.8198,0.0443,0.5987,61.8871,81.9751,59.873,0.0,0.0,0.0,3.95,1.86,2.08,None,0.10773706436157227,14.351,True,None,sfc_unique_p3_43,0,None,28.0,34.64,231.0,51,62,6,7,0,False,86.0,9.24274193548387,5.246935483870968,12.774193548387096,0.2436,0.8763,0.2036,0.1929,3298.2694940475494,2968.2694940475494,330.0,0.7667670791099946,54,5,3
0,1772829511.6065226,866.2,214,0.3215,0.8198,0.0443,0.5987,61.8871,81.9751,59.873,0.0,0.0,0.0,None,None,None,None,0.26674556732177734,13.304,False,None,sfc_cache_p4_43,0,None,28.0,34.64,231.0,51,62,6,7,0,False,85.85690515806988,9.24274193548387,5.246935483870968,12.774193548387096,0.2436,0.8763,0.2036,0.1929,3298.2694940475494,2968.2694940475494,330.0,0.7667670791099946,54,5,3
0,1772829511.6082346,866.2,214,0.3215,0.8198,0.0443,0.5987,61.8871,81.9751,59.873,0.0,0.0,0.0,4.17,2.07,2.1,None,0.26674556732177734,13.426,False,None,sfc_unique_p4_43,0,None,28.0,34.64,231.0,51,62,6,7,0,False,85.71428571428571,9.24274193548387,5.246935483870968,12.774193548387096,0.2436,0.8763,0.2036,0.1929,3298.2694940475494,2968.2694940475494,330.0,0.7667670791099946,54,5,3
0,1772829511.6780264,866.2,215,0.3215,0.8198,0.0443,0.5987,61.8871,81.9751,59.873,0.0,0.0,0.0,None,None,None,None,0.33617663383483887,13.88,False,None,sfc_cache_p5_43,0,None,28.0,34.64,231.0,51,62,6,7,0,False,85.57213930348259,9.24274193548387,5.246935483870968,12.774193548387096,0.2436,0.8763,0.2036,0.1929,3298.2694940475494,2968.2694940475494,330.0,0.7667670791099946,54,5,3
0,1772829511.6797106,866.2,215,0.3215,0.8198,0.0443,0.5987,61.8871,81.9751,59.873,0.0,0.0,0.0,4.17,2.07,2.1,None,0.33617663383483887,13.061,False,None,sfc_unique_p5_43,0,None,28.0,34.64,231.0,51,62,6,7,0,False,85.43046357615894,9.24274193548387,5.246935483870968,12.774193548387096,0.2436,0.8763,0.2036,0.1929,3298.2694940475494,2968.2694940475494,330.0,0.7667670791099946,54,5,3
0,1772829511.7404895,866.3,216,0.3215,0.8198,0.0443,0.5987,61.8871,81.9751,59.873,0.0,0.0,0.0,None,None,None,None,0.40760159492492676,9.592,False,None,sfc_cache_p6_43,0,None,28.0,34.64,231.0,51,62,6,7,0,False,85.2892561983471,9.24274193548387,5.246935483870968,12.774193548387096,0.2436,0.8763,0.2036,0.1929,3298.2694940475494,2968.2694940475494,330.0,0.7667670791099946,54,5,3
0,1772829511.7424343,866.3,216,0.3215,0.8198,0.0443,0.5987,61.8871,81.9751,59.873,0.0,0.0,0.0,4.17,2.07,2.1,None,0.40760159492492676,9.763,False,None,sfc_unique_p6_43,0,None,28.0,34.64,231.0,51,62,6,7,0,False,85.14851485148515,9.24274193548387,5.246935483870968,12.774193548387096,0.2436,0.8763,0.2036,0.1929,3298.2694940475494,2968.2694940475494,330.0,0.7667670791099946,54,5,3
0,1772829527.4005573,881.9,216,0.3123,0.6786,0.0163,0.5738,55.2626,67.8611,57.3783,0.0,0.0,0.0,2.17,0.82,1.36,None,0.0001518726348876953,17.696,True,None,sfc_cache_p1_44,0,None,12.0,12.990000000000007,99.0,33,52,6,7,0,False,85.17298187808896,9.840576923076922,5.178846153846154,14.596153846153847,0.2672,0.7662,0.2208,0.1516,3126.487816161108,2846.487816161108,280.0,0.7627967442315354,39,10,3
0,1772829527.402597,881.9,216,0.3123,0.6786,0.0163,0.5738,55.2626,67.8611,57.3783,0.0,0.0,0.0,5.69,4.38,1.31,None,0.0001518726348876953,20.271,True,None,sfc_unique_p1_44,0,None,12.0,12.990000000000007,99.0,33,52,6,7,0,False,85.19736842105263,9.840576923076922,5.178846153846154,14.596153846153847,0.2672,0.7662,0.2208,0.1516,3126.487816161108,2846.487816161108,280.0,0.7627967442315354,39,10,3
0,1772829527.6106687,882.2,217,0.3229,0.687,0.0299,0.5987,57.7833,68.7002,59.873,0.0,0.0,0.0,2.81,1.45,1.36,None,0.08977651596069336,16.572,True,None,sfc_cache_p2_44,0,None,12.0,17.32,99.0,35,54,6,7,0,False,85.22167487684729,9.908333333333333,5.048703703703704,14.666666666666666,0.2638,0.7646,0.219,0.1679,3156.4236014048583,2866.4236014048583,290.0,0.7560081368890456,40,11,3
0,1772829527.61273,882.2,217,0.3229,0.687,0.0299,0.5987,57.7833,68.7002,59.873,0.0,0.0,0.0,5.54,4.2,1.34,None,0.08977651596069336,19.349,True,None,sfc_unique_p2_44,0,None,12.0,17.32,99.0,35,54,6,7,0,False,85.24590163934425,9.908333333333333,5.048703703703704,14.666666666666666,0.2638,0.7646,0.219,0.1679,3156.4236014048583,2866.4236014048583,290.0,0.7560081368890456,40,11,3
0,1772829527.6971667,882.2,218,0.3229,0.687,0.0299,0.5987,57.7833,68.7002,59.873,0.0,0.0,0.0,None,None,None,None,0.29987287521362305,17.051,False,None,sfc_cache_p3_44,0,None,12.0,17.32,99.0,35,54,6,7,0,False,85.1063829787234,9.908333333333333,5.048703703703704,14.666666666666666,0.2638,0.7646,0.219,0.1679,3156.4236014048583,2866.4236014048583,290.0,0.7560081368890456,40,11,3
0,1772829527.6992612,882.2,218,0.3229,0.687,0.0299,0.5987,57.7833,68.7002,59.873,0.0,0.0,0.0,10.39,8.98,1.41,None,0.29987287521362305,18.417,False,None,sfc_unique_p3_44,0,None,12.0,17.32,99.0,35,54,6,7,0,False,84.9673202614379,9.908333333333333,5.048703703703704,14.666666666666666,0.2638,0.7646,0.219,0.1679,3156.4236014048583,2866.4236014048583,290.0,0.7560081368890456,40,11,3
0,1772829527.7842255,882.3,219,0.3229,0.687,0.0299,0.5987,57.7833,68.7002,59.873,0.0,0.0,0.0,None,None,None,None,0.3813319206237793,16.785,False,None,sfc_cache_p4_44,0,None,12.0,17.32,99.0,35,54,6,7,0,False,84.82871125611744,9.908333333333333,5.048703703703704,14.666666666666666,0.2638,0.7646,0.219,0.1679,3156.4236014048583,2866.4236014048583,290.0,0.7560081368890456,40,11,3
0,1772829527.7864096,882.3,219,0.3229,0.687,0.0299,0.5987,57.7833,68.7002,59.873,0.0,0.0,0.0,10.39,8.98,1.41,None,0.3813319206237793,18.853,False,None,sfc_unique_p4_44,0,None,12.0,17.32,99.0,35,54,6,7,0,False,84.69055374592834,9.908333333333333,5.048703703703704,14.666666666666666,0.2638,0.7646,0.219,0.1679,3156.4236014048583,2866.4236014048583,290.0,0.7560081368890456,40,11,3
0,1772829527.8715804,882.4,220,0.3229,0.687,0.0299,0.5987,57.7833,68.7002,59.873,0.0,0.0,0.0,None,None,None,None,0.4684290885925293,16.921,False,None,sfc_cache_p5_44,0,None,12.0,17.32,99.0,35,54,6,7,0,False,84.5528455284553,9.908333333333333,5.048703703703704,14.666666666666666,0.2638,0.7646,0.219,0.1679,3156.4236014048583,2866.4236014048583,290.0,0.7560081368890456,40,11,3
0,1772829527.8737333,882.4,220,0.3229,0.687,0.0299,0.5987,57.7833,68.7002,59.873,0.0,0.0,0.0,10.39,8.98,1.41,None,0.4684290885925293,18.481,False,None,sfc_unique_p5_44,0,None,12.0,17.32,99.0,35,54,6,7,0,False,84.4155844155844,9.908333333333333,5.048703703703704,14.666666666666666,0.2638,0.7646,0.219,0.1679,3156.4236014048583,2866.4236014048583,290.0,0.7560081368890456,40,11,3
0,1772829527.958633,882.5,221,0.3229,0.687,0.0299,0.5987,57.7833,68.7002,59.873,0.0,0.0,0.0,None,None,None,None,0.5556974411010742,17.1,False,None,sfc_cache_p6_44,0,None,12.0,17.32,99.0,35,54,6,7,0,False,84.27876823338735,9.908333333333333,5.048703703703704,14.666666666666666,0.2638,0.7646,0.219,0.1679,3156.4236014048583,2866.4236014048583,290.0,0.7560081368890456,40,11,3
0,1772829527.9607406,882.5,221,0.3229,0.687,0.0299,0.5987,57.7833,68.7002,59.873,0.0,0.0,0.0,10.39,8.98,1.41,None,0.5556974411010742,18.485,False,None,sfc_unique_p6_44,0,None,12.0,17.32,99.0,35,54,6,7,0,False,84.14239482200647,9.908333333333333,5.048703703703704,14.666666666666666,0.2638,0.7646,0.219,0.1679,3156.4236014048583,2866.4236014048583,290.0,0.7560081368890456,40,11,3
0,1772829550.5374558,905.1,221,0.2521,0.3409,0.0145,0.3742,37.1193,34.0943,37.4206,0.0,0.0,0.0,4.7,3.55,1.14,None,0.00020956993103027344,12.851,True,None,sfc_cache_p1_45,0,None,4.0,12.99,33.0,18,32,6,6,0,False,84.16801292407108,10.7409375,4.228125,15.46875,0.2692,0.5108,0.1897,0.1431,2721.395921319675,2541.395921319675,180.0,0.7896088700701454,26,6,0
0,1772829550.5382893,905.1,221,0.2521,0.3409,0.0145,0.3742,37.1193,34.0943,37.4206,0.0,0.0,0.0,6.5,4.79,1.71,None,0.00020956993103027344,14.488,True,None,sfc_unique_p1_45,0,None,4.0,12.99,33.0,18,32,6,6,0,False,84.19354838709677,10.7409375,4.228125,15.46875,0.2692,0.5108,0.1897,0.1431,2721.395921319675,2541.395921319675,180.0,0.7896088700701454,26,6,0
0,1772829550.593467,905.1,222,0.2562,0.3636,0.0289,0.3742,38.5956,36.3623,37.4206,0.0,0.0,0.0,4.7,3.55,1.14,None,0.17301607131958008,13.082,True,None,sfc_cache_p2_45,0,None,8.0,17.32,66.0,22,34,6,6,0,False,84.21900161030595,10.511176470588236,4.2441176470588236,14.558823529411764,0.2558,0.5347,0.1853,0.1437,2750.1844927482466,2560.1844927482466,190.0,0.7740316298729689,28,6,0
0,1772829550.5943067,905.1,222,0.2562,0.3636,0.0289,0.3742,38.5956,36.3623,37.4206,0.0,0.0,0.0,6.5,4.79,1.71,None,0.17301607131958008,14.582,True,None,sfc_unique_p2_45,0,None,8.0,17.32,66.0,22,34,6,6,0,False,84.2443729903537,10.511176470588236,4.2441176470588236,14.558823529411764,0.2558,0.5347,0.1853,0.1437,2750.1844927482466,2560.1844927482466,190.0,0.7740316298729689,28,6,0
0,1772829550.6492217,905.2,223,0.2625,0.3863,0.0434,0.3742,40.0719,38.6302,37.4206,0.0,0.0,0.0,4.7,3.55,1.14,None,0.22901272773742676,12.904,True,None,sfc_cache_p3_45,0,None,12.0,21.65,99.0,26,36,6,6,0,False,84.26966292134831,10.306944444444445,4.258333333333334,13.75,0.2417,0.5287,0.1811,0.1385,2764.1844927482466,2564.1844927482466,200.0,0.7581512314780005,30,6,0
0,1772829550.6501174,905.2,223,0.2625,0.3863,0.0434,0.3742,40.0719,38.6302,37.4206,0.0,0.0,0.0,6.5,4.79,1.71,None,0.22901272773742676,14.518,True,None,sfc_unique_p3_45,0,None,12.0,21.65,99.0,26,36,6,6,0,False,84.2948717948718,10.306944444444445,4.258333333333334,13.75,0.2417,0.5287,0.1811,0.1385,2764.1844927482466,2564.1844927482466,200.0,0.7581512314780005,30,6,0
0,1772829550.7041385,905.2,224,0.2663,0.409,0.0565,0.3742,41.5482,40.8981,37.4206,0.0,0.0,0.0,4.7,3.55,1.14,None,0.28480076789855957,12.597,True,None,sfc_cache_p4_45,0,None,16.0,25.98,132.0,29,38,6,6,0,False,84.32,10.12421052631579,4.271052631578947,13.026315789473685,0.2469,0.6114,0.1771,0.1421,2801.7673870773447,2591.7673870773447,210.0,0.7415306100119968,32,6,0
0,1772829550.705059,905.3,224,0.2663,0.409,0.0565,0.3742,41.5482,40.8981,37.4206,0.0,0.0,0.0,8.52,6.77,1.75,None,0.28480076789855957,13.597,True,None,sfc_unique_p4_45,0,None,16.0,25.98,132.0,29,38,6,6,0,False,84.34504792332268,10.12421052631579,4.271052631578947,13.026315789473685,0.2469,0.6114,0.1771,0.1421,2801.7673870773447,2591.7673870773447,210.0,0.7415306100119968,32,6,0
0,1772829550.7587218,905.3,225,0.2713,0.4308,0.0724,0.3742,43.0602,43.0829,37.4206,0.0,0.0,0.0,4.7,3.55,1.14,None,0.3397550582885742,12.606,True,None,sfc_cache_p5_45,0,None,20.0,30.31,165.0,33,40,6,6,0,False,84.37001594896331,9.968,4.27425,12.375,0.2402,0.6373,0.1732,0.1423,2831.024854961573,2611.024854961573,220.0,0.739525662402554,34,6,0
0,1772829550.7596593,905.3,225,0.2713,0.4308,0.0724,0.3742,43.0602,43.0829,37.4206,0.0,0.0,0.0,5.42,3.44,1.98,None,0.3397550582885742,12.987,True,None,sfc_unique_p5_45,0,None,20.0,30.31,165.0,33,40,6,6,0,False,84.39490445859873,9.968,4.27425,12.375,0.2402,0.6373,0.1732,0.1423,2831.024854961573,2611.024854961573,220.0,0.739525662402554,34,6,0
0,1772829550.8904407,905.4,226,0.2761,0.4527,0.0867,0.3742,44.5721,45.2676,37.4206,0.0,0.0,0.0,4.7,3.55,1.14,None,0.3943667411804199,12.69,True,None,sfc_cache_p6_45,0,None,24.0,34.64,198.0,37,42,6,6,0,False,84.41971383147853,9.826666666666668,4.277142857142857,11.785714285714286,0.2333,0.655,0.1695,0.1427,2868.8970883619754,2638.8970883619754,230.0,0.7367704594675624,36,6,0
0,1772829550.8914669,905.4,226,0.2761,0.4527,0.0867,0.3742,44.5721,45.2676,37.4206,0.0,0.0,0.0,4.86,2.88,1.98,None,0.3943667411804199,12.963,True,None,sfc_unique_p6_45,0,None,24.0,34.64,198.0,37,42,6,6,0,False,84.44444444444444,9.826666666666668,4.277142857142857,11.785714285714286,0.2333,0.655,0.1695,0.1427,2868.8970883619754,2638.8970883619754,230.0,0.7367704594675624,36,6,0
0,1772829569.4705112,924.0,226,0.2236,0.3552,0.0159,0.2744,33.3762,35.5231,27.4418,0.0,0.0,0.0,2.67,1.33,1.34,None,0.00017952919006347656,21.25,True,None,sfc_cache_p1_46,0,None,20.0,25.98,165.0,27,32,6,6,0,False,84.46909667194929,9.6578125,4.4053125,11.34375,0.229,0.586,0.2023,0.1527,2719.7176670367608,2539.7176670367608,180.0,0.7768124382908775,24,8,0
0,1772829569.4713564,924.0,226,0.2236,0.3552,0.0159,0.2744,33.3762,35.5231,27.4418,0.0,0.0,0.0,3.01,1.24,1.77,None,0.00017952919006347656,14.423,True,None,sfc_unique_p1_46,0,None,20.0,25.98,165.0,27,32,6,6,0,False,84.49367088607595,9.6578125,4.4053125,11.34375,0.229,0.586,0.2023,0.1527,2719.7176670367608,2539.7176670367608,180.0,0.7768124382908775,24,8,0
0,1772829569.5263026,924.1,227,0.2242,0.3998,0.0317,0.2744,33.9162,39.9758,27.4418,0.0,0.0,0.0,2.67,1.33,1.34,None,0.06501269340515137,13.139,True,None,sfc_cache_p2_46,0,None,24.0,30.31,198.0,31,34,6,6,0,False,84.51816745655609,9.236764705882353,4.665882352941176,10.676470588235293,0.2242,0.5873,0.1976,0.1636,2753.7545808271957,2563.7545808271957,190.0,0.7821477643639133,24,10,0
0,1772829569.5271437,924.1,227,0.2242,0.3998,0.0317,0.2744,33.9162,39.9758,27.4418,0.0,0.0,0.0,3.01,1.24,1.77,None,0.06501269340515137,14.385,True,None,sfc_unique_p2_46,0,None,24.0,30.31,198.0,31,34,6,6,0,False,84.54258675078864,9.236764705882353,4.665882352941176,10.676470588235293,0.2242,0.5873,0.1976,0.1636,2753.7545808271957,2563.7545808271957,190.0,0.7821477643639133,24,10,0
0,1772829569.5821157,924.1,228,0.2301,0.4216,0.0449,0.2744,35.4281,42.1606,27.4418,0.0,0.0,0.0,2.67,1.33,1.34,None,0.1208031177520752,13.513,True,None,sfc_cache_p3_46,0,None,28.0,34.64,231.0,34,36,6,6,0,False,84.56692913385827,9.1125,4.6475,10.083333333333334,0.2252,0.6177,0.1931,0.1761,2783.621861433913,2583.621861433913,200.0,0.7896774003771335,24,11,1
0,1772829569.5829716,924.1,228,0.2301,0.4216,0.0449,0.2744,35.4281,42.1606,27.4418,0.0,0.0,0.0,4.12,2.32,1.79,None,0.1208031177520752,14.13,True,None,sfc_unique_p3_46,0,None,28.0,34.64,231.0,34,36,6,6,0,False,84.59119496855347,9.1125,4.6475,10.083333333333334,0.2252,0.6177,0.1931,0.1761,2783.621861433913,2583.621861433913,200.0,0.7896774003771335,24,11,1
0,1772829569.6386864,924.2,229,0.2357,0.4435,0.0581,0.2744,36.94,44.3453,27.4418,0.0,0.0,0.0,2.67,1.33,1.34,None,0.17658042907714844,13.342,True,None,sfc_cache_p4_46,0,None,32.0,38.97,264.0,38,38,6,6,0,False,84.61538461538461,9.001315789473685,4.631052631578947,9.552631578947368,0.2251,0.6386,0.1888,0.1812,2816.9669318564484,2606.9669318564484,210.0,0.7961368687418128,25,11,2
0,1772829569.6396759,924.2,229,0.2357,0.4435,0.0581,0.2744,36.94,44.3453,27.4418,0.0,0.0,0.0,4.12,2.32,1.79,None,0.17658042907714844,14.478,True,None,sfc_unique_p4_46,0,None,32.0,38.97,264.0,38,38,6,6,0,False,84.63949843260188,9.001315789473685,4.631052631578947,9.552631578947368,0.2251,0.6386,0.1888,0.1812,2816.9669318564484,2606.9669318564484,210.0,0.7961368687418128,25,11,2
0,1772829569.7674472,924.3,230,0.2423,0.4653,0.0712,0.2744,38.452,46.5301,27.4418,0.0,0.0,0.0,2.67,1.33,1.34,None,0.233320951461792,13.501,True,None,sfc_cache_p5_46,0,None,36.0,43.3,297.0,42,40,6,6,0,False,84.66353677621284,8.901250000000001,4.61625,9.075,0.224,0.6497,0.1847,0.1807,2857.744288302819,2637.744288302819,220.0,0.8016878905461958,25,12,3
0,1772829569.7684023,924.3,230,0.2423,0.4653,0.0712,0.2744,38.452,46.5301,27.4418,0.0,0.0,0.0,4.12,2.32,1.79,None,0.233320951461792,14.229,True,None,sfc_unique_p5_46,0,None,36.0,43.3,297.0,42,40,6,6,0,False,84.6875,8.901250000000001,4.61625,9.075,0.224,0.6497,0.1847,0.1807,2857.744288302819,2637.744288302819,220.0,0.8016878905461958,25,12,3
0,1772829569.8239648,924.4,231,0.2465,0.4871,0.0844,0.2744,39.9639,48.7148,27.4418,0.0,0.0,0.0,2.67,1.33,1.34,None,0.36207032203674316,13.546,True,None,sfc_cache_p6_46,0,None,40.0,47.63,330.0,46,42,6,6,0,False,84.71138845553821,8.810714285714287,4.602857142857142,8.642857142857142,0.2219,0.6518,0.1808,0.1768,2896.2127916304776,2666.2127916304776,230.0,0.8064613799760936,25,13,4
0,1772829569.8249495,924.4,231,0.2465,0.4871,0.0844,0.2744,39.9639,48.7148,27.4418,0.0,0.0,0.0,4.12,2.32,1.79,None,0.36207032203674316,14.218,True,None,sfc_unique_p6_46,0,None,40.0,47.63,330.0,46,42,6,6,0,False,84.73520249221184,8.810714285714287,4.602857142857142,8.642857142857142,0.2219,0.6518,0.1808,0.1768,2896.2127916304776,2666.2127916304776,230.0,0.8064613799760936,25,13,4
0,1772829584.5385504,939.1,231,0.2135,0.4897,0.017,0.2245,33.1591,48.9694,22.4524,0.0,0.0,0.0,4.77,3.55,1.22,None,0.0001881122589111328,28.117,True,None,sfc_cache_p1_47,0,None,40.0,47.63,330.0,44,38,6,6,0,False,84.75894245723173,8.08,5.113947368421053,7.815789473684211,0.2471,0.6477,0.1234,0.159,2845.8497456623604,2635.8497456623604,210.0,0.8323753160693925,21,13,4
0,1772829584.540263,939.1,231,0.2135,0.4897,0.017,0.2245,33.1591,48.9694,22.4524,0.0,0.0,0.0,6.55,4.9,1.65,None,0.0001881122589111328,26.46,True,None,sfc_unique_p1_47,0,None,40.0,47.63,330.0,44,38,6,6,0,False,84.78260869565217,8.08,5.113947368421053,7.815789473684211,0.2471,0.6477,0.1234,0.159,2845.8497456623604,2635.8497456623604,210.0,0.8323753160693925,21,13,4
0,1772829584.6359406,939.2,232,0.2231,0.5225,0.0307,0.2495,35.103,52.2452,24.9471,0.0,0.0,0.0,3.45,1.83,1.62,None,0.10884284973144531,22.727,True,None,sfc_cache_p2_47,0,None,40.0,47.63,330.0,46,40,6,6,0,False,84.8062015503876,8.126000000000001,5.18325,8.25,0.2357,0.6425,0.1211,0.166,2875.0772367628097,2655.0772367628097,220.0,0.8212852495117877,23,13,4
0,1772829584.6377416,939.2,232,0.2231,0.5225,0.0307,0.2495,35.103,52.2452,24.9471,0.0,0.0,0.0,6.55,4.9,1.65,None,0.10884284973144531,24.614,True,None,sfc_unique_p2_47,0,None,40.0,47.63,330.0,46,40,6,6,0,False,84.82972136222911,8.126000000000001,5.18325,8.25,0.2357,0.6425,0.1211,0.166,2875.0772367628097,2655.0772367628097,220.0,0.8212852495117877,23,13,4
0,1772829584.7311795,939.3,233,0.236,0.5418,0.0453,0.2744,37.6237,54.1755,27.4418,0.0,0.0,0.0,5.79,4.08,1.71,None,0.20633363723754883,21.596,True,None,sfc_cache_p3_47,0,None,40.0,47.63,330.0,47,42,6,6,0,False,84.85316846986089,8.294761904761904,5.118809523809524,8.642857142857142,0.2282,0.6657,0.1188,0.1788,2907.4433337569217,2677.4433337569217,230.0,0.8055063527029633,25,13,4
0,1772829584.7333808,939.3,233,0.236,0.5418,0.0453,0.2744,37.6237,54.1755,27.4418,0.0,0.0,0.0,6.25,4.34,1.91,None,0.20633363723754883,24.147,True,None,sfc_unique_p3_47,0,None,40.0,47.63,330.0,47,42,6,6,0,False,84.87654320987654,8.294761904761904,5.118809523809524,8.642857142857142,0.2282,0.6657,0.1188,0.1788,2907.4433337569217,2677.4433337569217,230.0,0.8055063527029633,25,13,4
0,1772829584.9640448,939.5,234,0.2488,0.5527,0.0587,0.2994,40.5039,55.2666,29.9365,0.0,0.0,0.0,6.66,4.64,2.03,None,0.30208659172058105,21.097,True,None,sfc_cache_p4_47,0,None,40.0,47.63,330.0,49,44,6,6,0,False,84.89984591679507,8.523863636363636,4.984545454545454,9.0,0.2124,0.6776,0.119,0.1823,2927.655859322462,2687.655859322462,240.0,0.786680756905104,27,13,4
0,1772829584.9659212,939.5,234,0.2488,0.5527,0.0587,0.2994,40.5039,55.2666,29.9365,0.0,0.0,0.0,8.72,6.81,1.91,None,0.30208659172058105,24.107,True,None,sfc_unique_p4_47,0,None,40.0,47.63,330.0,49,44,6,6,0,False,84.92307692307692,8.523863636363636,4.984545454545454,9.0,0.2124,0.6776,0.119,0.1823,2927.655859322462,2687.655859322462,240.0,0.786680756905104,27,13,4
0,1772829585.058697,939.6,235,0.2635,0.5627,0.0746,0.3243,43.4198,56.2746,32.4312,0.0,0.0,0.0,4.69,2.57,2.12,None,0.5348193645477295,20.562,True,None,sfc_cache_p5_47,0,None,40.0,47.63,330.0,50,46,6,6,0,False,84.94623655913979,8.740217391304348,4.854782608695652,9.326086956521738,0.2021,0.6811,0.1355,0.1785,2956.8092411519,2706.8092411519,250.0,0.7773162425736132,29,13,4
0,1772829585.0607018,939.6,235,0.2635,0.5627,0.0746,0.3243,43.4198,56.2746,32.4312,0.0,0.0,0.0,7.44,5.39,2.05,None,0.5348193645477295,22.901,True,None,sfc_unique_p5_47,0,None,40.0,47.63,330.0,50,46,6,6,0,False,84.96932515337423,8.740217391304348,4.854782608695652,9.326086956521738,0.2021,0.6811,0.1355,0.1785,2956.8092411519,2706.8092411519,250.0,0.7773162425736132,29,13,4
0,1772829585.1522872,939.7,236,0.2683,0.5947,0.096,0.3493,44.9317,59.4673,34.9259,0.0,0.0,0.0,3.7,1.57,2.13,None,0.6293859481811523,19.848,True,None,sfc_cache_p6_47,0,None,40.0,51.96,330.0,52,48,6,6,0,False,84.99234303215927,8.667708333333334,4.916458333333334,9.625,0.197,0.7013,0.1517,0.1864,2988.988928506799,2728.988928506799,260.0,0.7701488189754594,31,13,4
0,1772829585.154223,939.7,236,0.2683,0.5947,0.096,0.3493,44.9317,59.4673,34.9259,0.0,0.0,0.0,5.52,3.47,2.05,None,0.6293859481811523,21.582,True,None,sfc_unique_p6_47,0,None,40.0,51.96,330.0,52,48,6,6,0,False,85.01529051987767,8.667708333333334,4.916458333333334,9.625,0.197,0.7013,0.1517,0.1864,2988.988928506799,2728.988928506799,260.0,0.7701488189754594,31,13,4
0,1772829613.5531702,968.1,236,0.2648,0.6081,0.0892,0.3493,44.355,60.8129,34.9259,0.0,0.0,0.0,2.92,1.82,1.09,None,0.0004215240478515625,19.403,True,None,sfc_cache_p1_48,0,None,40.0,51.96,330.0,53,48,6,6,0,False,85.0381679389313,8.556458333333333,5.027708333333334,9.625,0.2097,0.7318,0.1561,0.2099,3011.870566024211,2751.870566024211,260.0,0.7830527010297459,31,13,4
0,1772829613.5551636,968.1,236,0.2648,0.6081,0.0892,0.3493,44.355,60.8129,34.9259,0.0,0.0,0.0,3.99,2.47,1.52,None,0.0004215240478515625,22.395,True,None,sfc_unique_p1_48,0,None,40.0,51.96,330.0,53,48,6,6,0,False,85.0609756097561,8.556458333333333,5.027708333333334,9.625,0.2097,0.7318,0.1561,0.2099,3011.870566024211,2751.870566024211,260.0,0.7830527010297459,31,13,4
0,1772829613.6704361,968.2,237,0.2684,0.63,0.1023,0.3493,45.867,62.9977,34.9259,0.0,0.0,0.0,2.92,1.82,1.09,None,0.09310269355773926,25.55,True,None,sfc_cache_p2_48,0,None,44.0,56.29,363.0,57,50,6,6,0,False,85.08371385083714,8.4942,5.0,9.24,0.2091,0.7459,0.153,0.2237,3053.4527514444244,2783.4527514444244,270.0,0.7849106509639444,33,13,4
0,1772829613.6724825,968.2,237,0.2684,0.63,0.1023,0.3493,45.867,62.9977,34.9259,0.0,0.0,0.0,3.99,2.47,1.52,None,0.09310269355773926,25.625,True,None,sfc_unique_p2_48,0,None,44.0,56.29,363.0,57,50,6,6,0,False,85.1063829787234,8.4942,5.0,9.24,0.2091,0.7459,0.153,0.2237,3053.4527514444244,2783.4527514444244,270.0,0.7849106509639444,33,13,4
0,1772829613.7273967,968.3,238,0.2719,0.6518,0.1155,0.3493,47.3789,65.1824,34.9259,0.0,0.0,0.0,2.92,1.82,1.09,None,0.20988678932189941,11.355,True,None,sfc_cache_p3_48,0,None,48.0,60.62,396.0,61,52,6,6,0,False,85.12898330804249,8.436730769230769,4.9744230769230775,8.884615384615385,0.2077,0.7528,0.1501,0.2323,3093.206659508192,2813.206659508192,280.0,0.7863418272697847,35,13,4
0,1772829613.7285104,968.3,238,0.2719,0.6518,0.1155,0.3493,47.3789,65.1824,34.9259,0.0,0.0,0.0,3.99,2.47,1.52,None,0.20988678932189941,13.274,True,None,sfc_unique_p3_48,0,None,48.0,60.62,396.0,61,52,6,6,0,False,85.15151515151516,8.436730769230769,4.9744230769230775,8.884615384615385,0.2077,0.7528,0.1501,0.2323,3093.206659508192,2813.206659508192,280.0,0.7863418272697847,35,13,4
0,1772829613.8612266,968.4,239,0.2763,0.6737,0.1287,0.3493,48.8909,67.3672,34.9259,0.0,0.0,0.0,2.92,1.82,1.09,None,0.26555824279785156,11.593,True,None,sfc_cache_p4_48,0,None,52.0,64.95,429.0,65,54,6,6,0,False,85.17397881996975,8.383518518518517,4.95074074074074,8.555555555555555,0.2058,0.7531,0.1473,0.2362,3117.798827903177,2827.798827903177,290.0,0.7873947377753848,37,13,4
0,1772829613.8623598,968.4,239,0.2763,0.6737,0.1287,0.3493,48.8909,67.3672,34.9259,0.0,0.0,0.0,3.99,2.47,1.52,None,0.26555824279785156,13.483,True,None,sfc_unique_p4_48,0,None,52.0,64.95,429.0,65,54,6,6,0,False,85.1963746223565,8.383518518518517,4.95074074074074,8.555555555555555,0.2058,0.7531,0.1473,0.2362,3117.798827903177,2827.798827903177,290.0,0.7873947377753848,37,13,4
0,1772829613.916968,968.5,240,0.2806,0.6955,0.1418,0.3493,50.4028,69.552,34.9259,0.0,0.0,0.0,2.92,1.82,1.09,None,0.3994755744934082,11.422,True,None,sfc_cache_p5_48,0,None,56.0,69.28,462.0,69,56,6,6,0,False,85.21870286576168,8.334107142857142,4.92875,8.25,0.2032,0.7476,0.1445,0.2361,3142.425046754748,2842.425046754748,300.0,0.7881109591501604,39,13,4
0,1772829613.9182434,968.5,240,0.2806,0.6955,0.1418,0.3493,50.4028,69.552,34.9259,0.0,0.0,0.0,3.99,2.47,1.52,None,0.3994755744934082,13.364,True,None,sfc_unique_p5_48,0,None,56.0,69.28,462.0,69,56,6,6,0,False,85.2409638554217,8.334107142857142,4.92875,8.25,0.2032,0.7476,0.1445,0.2361,3142.425046754748,2842.425046754748,300.0,0.7881109591501604,39,13,4
0,1772829613.9721518,968.5,241,0.2924,0.6955,0.1536,0.3493,53.3187,69.552,34.9259,0.0,0.0,0.0,4.52,3.35,1.17,None,0.4550817012786865,11.135,True,None,sfc_cache_p6_48,0,None,60.0,69.28,495.0,71,58,6,6,0,False,85.26315789473684,8.512241379310344,4.7587931034482756,7.9655172413793105,0.1978,0.7476,0.1419,0.2335,3170.2794827315297,2860.2794827315297,310.0,0.7750260840134211,41,13,4
0,1772829613.97335,968.5,241,0.2924,0.6955,0.1536,0.3493,53.3187,69.552,34.9259,0.0,0.0,0.0,7.0,5.4,1.59,None,0.4550817012786865,12.876,True,None,sfc_unique_p6_48,0,None,60.0,69.28,495.0,71,58,6,6,0,False,85.28528528528528,8.512241379310344,4.7587931034482756,7.9655172413793105,0.1978,0.7476,0.1419,0.2335,3170.2794827315297,2860.2794827315297,310.0,0.7750260840134211,41,13,4
0,1772829630.5566602,985.1,241,0.2984,0.7291,0.1688,0.3742,55.227,72.911,37.4206,0.0,0.0,0.0,3.74,2.23,1.51,None,0.00024366378784179688,11.886,True,None,sfc_cache_p1_49,0,None,60.0,69.28,495.0,71,60,6,7,0,False,85.30734632683658,8.523,4.822333333333333,8.25,0.2112,0.8506,0.1453,0.2468,3228.2234395896485,2908.2234395896485,320.0,0.7733041560198776,43,13,4
0,1772829630.557933,985.1,241,0.2984,0.7291,0.1688,0.3742,55.227,72.911,37.4206,0.0,0.0,0.0,7.27,5.47,1.79,None,0.00024366378784179688,13.58,True,None,sfc_unique_p1_49,0,None,60.0,69.28,495.0,71,60,6,7,0,False,85.32934131736528,8.523,4.822333333333333,8.25,0.2112,0.8506,0.1453,0.2468,3228.2234395896485,2908.2234395896485,320.0,0.7733041560198776,43,13,4
0,1772829630.684028,985.2,242,0.302,0.7518,0.1853,0.3742,56.7033,75.1789,37.4206,0.0,0.0,0.0,3.74,2.23,1.51,None,0.05899834632873535,12.107,True,None,sfc_cache_p2_49,0,None,64.0,73.61,528.0,75,62,6,7,0,False,85.35127055306427,8.468548387096773,4.811935483870967,7.983870967741935,0.2169,0.9318,0.1428,0.2582,3271.1634767758896,2941.1634767758896,330.0,0.7682687878718514,45,13,4
0,1772829630.6853764,985.2,242,0.302,0.7518,0.1853,0.3742,56.7033,75.1789,37.4206,0.0,0.0,0.0,7.34,5.48,1.86,None,0.05899834632873535,11.812,True,None,sfc_unique_p2_49,0,None,64.0,73.61,528.0,75,62,6,7,0,False,85.37313432835822,8.468548387096773,4.811935483870967,7.983870967741935,0.2169,0.9318,0.1428,0.2582,3271.1634767758896,2941.1634767758896,330.0,0.7682687878718514,45,13,4
0,1772829630.7400768,985.3,243,0.3095,0.7518,0.202,0.3742,59.1516,75.1789,37.4206,0.0,0.0,0.0,3.74,2.23,1.51,None,0.18654799461364746,11.521,True,None,sfc_cache_p3_49,0,None,68.0,77.94,561.0,79,64,6,7,0,False,85.39493293591654,8.558125,4.6615625,7.734375,0.2164,0.9318,0.1403,0.2571,3299.8029533818967,2959.8029533818967,340.0,0.7640422098434719,47,13,4
0,1772829630.7413359,985.3,243,0.3095,0.7518,0.202,0.3742,59.1516,75.1789,37.4206,0.0,0.0,0.0,8.22,6.28,1.94,None,0.18654799461364746,11.353,True,None,sfc_unique_p3_49,0,None,68.0,77.94,561.0,79,64,6,7,0,False,85.41666666666666,8.558125,4.6615625,7.734375,0.2164,0.9318,0.1403,0.2571,3299.8029533818967,2959.8029533818967,340.0,0.7640422098434719,47,13,4
0,1772829630.804428,985.3,244,0.3167,0.7518,0.2186,0.3742,61.5999,75.1789,37.4206,0.0,0.0,0.0,3.74,2.23,1.51,None,0.242387056350708,13.003,True,None,sfc_cache_p4_49,0,None,72.0,82.27,594.0,83,66,6,7,0,False,85.43833580980683,8.642272727272728,4.52030303030303,7.5,0.227,0.9318,0.1379,0.2513,3325.852391676943,2975.852391676943,350.0,0.7601289450180015,49,13,4
0,1772829630.805897,985.4,244,0.3167,0.7518,0.2186,0.3742,61.5999,75.1789,37.4206,0.0,0.0,0.0,10.6,8.66,1.94,None,0.242387056350708,11.961,True,None,sfc_unique_p4_49,0,None,72.0,82.27,594.0,83,66,6,7,0,False,85.45994065281899,8.642272727272728,4.52030303030303,7.5,0.227,0.9318,0.1379,0.2513,3325.852391676943,2975.852391676943,350.0,0.7601289450180015,49,13,4
0,1772829630.8635697,985.4,245,0.3237,0.7518,0.2353,0.3742,64.0481,75.1789,37.4206,0.0,0.0,0.0,3.74,2.23,1.51,None,0.3069276809692383,10.952,True,None,sfc_cache_p5_49,0,None,76.0,86.6,627.0,87,68,6,7,0,False,85.48148148148148,8.721470588235293,4.38735294117647,7.279411764705882,0.2307,0.9318,0.1356,0.2428,3348.1982237190873,2988.1982237190873,360.0,0.755516856950897,51,13,4
0,1772829630.8650815,985.4,245,0.3237,0.7518,0.2353,0.3742,64.0481,75.1789,37.4206,0.0,0.0,0.0,10.6,8.66,1.94,None,0.3069276809692383,12.491,True,None,sfc_unique_p5_49,0,None,76.0,86.6,627.0,87,68,6,7,0,False,85.50295857988166,8.721470588235293,4.38735294117647,7.279411764705882,0.2307,0.9318,0.1356,0.2428,3348.1982237190873,2988.1982237190873,360.0,0.755516856950897,51,13,4
0,1772829630.9278073,985.5,246,0.3304,0.7518,0.2519,0.3742,66.4964,75.1789,37.4206,0.0,0.0,0.0,3.74,2.23,1.51,None,0.3662552833557129,12.721,True,None,sfc_cache_p6_49,0,None,80.0,90.93,660.0,91,70,6,7,0,False,85.52437223042836,8.796142857142858,4.262,7.071428571428571,0.2284,0.9318,0.1334,0.2332,3366.3637024919412,2996.3637024919412,370.0,0.7502773176566991,53,13,4
0,1772829630.929485,985.5,246,0.3304,0.7518,0.2519,0.3742,66.4964,75.1789,37.4206,0.0,0.0,0.0,10.6,8.66,1.94,None,0.3662552833557129,13.022,True,None,sfc_unique_p6_49,0,None,80.0,90.93,660.0,91,70,6,7,0,False,85.54572271386431,8.796142857142858,4.262,7.071428571428571,0.2284,0.9318,0.1334,0.2332,3366.3637024919412,2996.3637024919412,370.0,0.7502773176566991,53,13,4
